Obs_Numb,Date_Time,AirTemp_C,WaterTemp_C
1,5/29/2022 12:00,18.02,16.17
2,5/29/2022 12:10,18.02,16.51
3,5/29/2022 12:20,17.97,16.9
4,5/29/2022 12:30,18.02,17.29
5,5/29/2022 12:40,18.02,17.76
6,5/29/2022 12:50,18.02,18.19
7,5/29/2022 13:00,18.02,18.66
8,5/29/2022 13:10,18.02,19.22
9,5/29/2022 13:20,18.02,19.77
10,5/29/2022 13:30,17.97,20.25
11,5/29/2022 13:40,18.02,20.85
12,5/29/2022 13:50,18.02,21.4
13,5/29/2022 14:00,17.97,22.01
14,5/29/2022 14:10,18.06,22.61
15,5/29/2022 14:20,18.06,23.21
16,5/29/2022 14:30,18.1,23.76
17,5/29/2022 14:40,18.06,24.28
18,5/29/2022 14:50,18.1,24.79
19,5/29/2022 15:00,18.1,25.27
20,5/29/2022 15:10,18.1,25.61
21,5/29/2022 15:20,18.14,25.99
22,5/29/2022 15:30,18.1,26.3
23,5/29/2022 15:40,18.1,26.55
24,5/29/2022 15:50,18.14,26.85
25,5/29/2022 16:00,18.14,27.02
26,5/29/2022 16:10,18.14,27.11
27,5/29/2022 16:20,18.19,27.24
28,5/29/2022 16:30,18.23,27.24
29,5/29/2022 16:40,18.19,27.24
30,5/29/2022 16:50,18.19,27.2
31,5/29/2022 17:00,18.19,27.15
32,5/29/2022 17:10,18.19,27.07
33,5/29/2022 17:20,18.23,26.98
34,5/29/2022 17:30,18.23,26.85
35,5/29/2022 17:40,18.27,26.72
36,5/29/2022 17:50,18.23,26.6
37,5/29/2022 18:00,18.27,26.47
38,5/29/2022 18:10,18.27,26.3
39,5/29/2022 18:20,18.27,26.17
40,5/29/2022 18:30,18.27,25.99
41,5/29/2022 18:40,18.27,25.82
42,5/29/2022 18:50,18.23,25.61
43,5/29/2022 19:00,18.23,25.48
44,5/29/2022 19:10,18.23,25.31
45,5/29/2022 19:20,18.19,25.22
46,5/29/2022 19:30,18.23,25.18
47,5/29/2022 19:40,18.23,25.09
48,5/29/2022 19:50,18.19,25.01
49,5/29/2022 20:00,18.14,24.92
50,5/29/2022 20:10,18.14,24.79
51,5/29/2022 20:20,18.14,24.71
52,5/29/2022 20:30,18.1,24.58
53,5/29/2022 20:40,18.06,24.36
54,5/29/2022 20:50,18.02,24.19
55,5/29/2022 21:00,18.02,23.94
56,5/29/2022 21:10,18.02,23.81
57,5/29/2022 21:20,18.02,23.55
58,5/29/2022 21:30,17.97,23.25
59,5/29/2022 21:40,17.89,23.08
60,5/29/2022 21:50,17.84,22.78
61,5/29/2022 22:00,17.89,22.52
62,5/29/2022 22:10,17.89,22.26
63,5/29/2022 22:20,17.89,21.96
64,5/29/2022 22:30,17.8,21.7
65,5/29/2022 22:40,17.8,21.4
66,5/29/2022 22:50,17.8,21.15
67,5/29/2022 23:00,17.76,20.85
68,5/29/2022 23:10,17.76,20.59
69,5/29/2022 23:20,17.72,20.33
70,5/29/2022 23:30,17.67,20.12
71,5/29/2022 23:40,17.72,19.82
72,5/29/2022 23:50,17.67,19.6
73,5/30/2022 0:00,17.63,19.35
74,5/30/2022 0:10,17.67,19.09
75,5/30/2022 0:20,17.59,18.83
76,5/30/2022 0:30,17.59,18.66
77,5/30/2022 0:40,17.59,18.44
78,5/30/2022 0:50,17.59,18.23
79,5/30/2022 1:00,17.59,18.02
80,5/30/2022 1:10,17.59,17.84
81,5/30/2022 1:20,17.59,17.63
82,5/30/2022 1:30,17.59,17.5
83,5/30/2022 1:40,17.59,17.29
84,5/30/2022 1:50,17.59,17.16
85,5/30/2022 2:00,17.59,16.94
86,5/30/2022 2:10,17.59,16.77
87,5/30/2022 2:20,17.59,16.6
88,5/30/2022 2:30,17.59,16.47
89,5/30/2022 2:40,17.63,16.34
90,5/30/2022 2:50,17.63,16.21
91,5/30/2022 3:00,17.63,16.08
92,5/30/2022 3:10,17.63,15.91
93,5/30/2022 3:20,17.63,15.83
94,5/30/2022 3:30,17.63,15.66
95,5/30/2022 3:40,17.63,15.57
96,5/30/2022 3:50,17.63,15.4
97,5/30/2022 4:00,17.67,15.31
98,5/30/2022 4:10,17.67,15.14
99,5/30/2022 4:20,17.63,15.1
100,5/30/2022 4:30,17.67,14.97
101,5/30/2022 4:40,17.67,14.8
102,5/30/2022 4:50,17.67,14.67
103,5/30/2022 5:00,17.67,14.58
104,5/30/2022 5:10,17.67,14.45
105,5/30/2022 5:20,17.67,14.41
106,5/30/2022 5:30,17.67,14.33
107,5/30/2022 5:40,17.67,14.2
108,5/30/2022 5:50,17.63,14.07
109,5/30/2022 6:00,17.63,13.98
110,5/30/2022 6:10,17.67,13.9
111,5/30/2022 6:20,17.63,13.85
112,5/30/2022 6:30,17.63,13.77
113,5/30/2022 6:40,17.63,13.77
114,5/30/2022 6:50,17.63,13.68
115,5/30/2022 7:00,17.63,13.77
116,5/30/2022 7:10,17.63,13.85
117,5/30/2022 7:20,17.67,14.07
118,5/30/2022 7:30,17.72,14.2
119,5/30/2022 7:40,17.72,14.45
120,5/30/2022 7:50,17.72,14.58
121,5/30/2022 8:00,17.76,14.63
122,5/30/2022 8:10,17.72,14.97
123,5/30/2022 8:20,17.84,15.44
124,5/30/2022 8:30,17.84,15.83
125,5/30/2022 8:40,17.84,15.91
126,5/30/2022 8:50,17.89,16.08
127,5/30/2022 9:00,17.89,16.39
128,5/30/2022 9:10,17.89,16.9
129,5/30/2022 9:20,17.93,17.2
130,5/30/2022 9:30,17.89,17.03
131,5/30/2022 9:40,17.93,16.39
132,5/30/2022 9:50,17.93,15.96
133,5/30/2022 10:00,17.97,16
134,5/30/2022 10:10,17.97,16.21
135,5/30/2022 10:20,17.97,16.64
136,5/30/2022 10:30,17.93,17.11
137,5/30/2022 10:40,17.97,17.67
138,5/30/2022 10:50,17.97,18.27
139,5/30/2022 11:00,17.93,18.83
140,5/30/2022 11:10,17.97,19.35
141,5/30/2022 11:20,17.97,19.95
142,5/30/2022 11:30,17.97,20.55
143,5/30/2022 11:40,17.93,21.1
144,5/30/2022 11:50,17.97,21.66
145,5/30/2022 12:00,18.02,22.13
146,5/30/2022 12:10,17.97,22.69
147,5/30/2022 12:20,17.97,23.03
148,5/30/2022 12:30,18.06,23.34
149,5/30/2022 12:40,18.06,23.64
150,5/30/2022 12:50,18.14,23.89
151,5/30/2022 13:00,18.19,24.11
152,5/30/2022 13:10,18.23,24.41
153,5/30/2022 13:20,17.97,24.58
154,5/30/2022 13:30,18.7,24.75
155,5/30/2022 13:40,20.2,24.88
156,5/30/2022 13:50,21.75,24.97
157,5/30/2022 14:00,23.08,25.01
158,5/30/2022 14:10,24.06,24.97
159,5/30/2022 14:20,24.92,25.01
160,5/30/2022 14:30,25.52,25.05
161,5/30/2022 14:40,25.95,25.09
162,5/30/2022 14:50,26.25,25.05
163,5/30/2022 15:00,26.47,25.09
164,5/30/2022 15:10,26.55,25.01
165,5/30/2022 15:20,26.64,24.97
166,5/30/2022 15:30,26.64,24.92
167,5/30/2022 15:40,26.64,24.88
168,5/30/2022 15:50,26.55,24.75
169,5/30/2022 16:00,25.99,24.66
170,5/30/2022 16:10,24.36,24.45
171,5/30/2022 16:20,17.63,23.16
172,5/30/2022 16:30,16.47,21.02
173,5/30/2022 16:40,15.18,19.65
174,5/30/2022 16:50,15.14,18.96
175,5/30/2022 17:00,15.61,18.7
176,5/30/2022 17:10,16.21,18.66
177,5/30/2022 17:20,16.9,18.92
178,5/30/2022 17:30,17.63,19.26
179,5/30/2022 17:40,18.27,19.82
180,5/30/2022 17:50,18.79,20.42
181,5/30/2022 18:00,19.3,20.98
182,5/30/2022 18:10,19.69,21.58
183,5/30/2022 18:20,20.07,22.18
184,5/30/2022 18:30,20.37,22.65
185,5/30/2022 18:40,20.59,23.03
186,5/30/2022 18:50,20.72,23.46
187,5/30/2022 19:00,20.89,23.68
188,5/30/2022 19:10,20.93,23.94
189,5/30/2022 19:20,20.93,24.02
190,5/30/2022 19:30,20.93,24.15
191,5/30/2022 19:40,20.85,24.11
192,5/30/2022 19:50,20.76,24.02
193,5/30/2022 20:00,20.55,23.89
194,5/30/2022 20:10,20.25,23.76
195,5/30/2022 20:20,19.65,23.42
196,5/30/2022 20:30,18.96,23.03
197,5/30/2022 20:40,18.23,22.52
198,5/30/2022 20:50,17.54,21.96
199,5/30/2022 21:00,16.9,21.32
200,5/30/2022 21:10,16.34,20.72
201,5/30/2022 21:20,15.74,20.07
202,5/30/2022 21:30,15.23,19.43
203,5/30/2022 21:40,14.8,18.87
204,5/30/2022 21:50,14.41,18.27
205,5/30/2022 22:00,13.98,17.72
206,5/30/2022 22:10,13.64,17.16
207,5/30/2022 22:20,13.34,16.64
208,5/30/2022 22:30,13.04,16.26
209,5/30/2022 22:40,12.78,15.78
210,5/30/2022 22:50,12.52,15.36
211,5/30/2022 23:00,12.31,15.01
212,5/30/2022 23:10,12.14,14.67
213,5/30/2022 23:20,11.92,14.33
214,5/30/2022 23:30,11.71,13.98
215,5/30/2022 23:40,11.58,13.73
216,5/30/2022 23:50,11.37,13.43
217,5/31/2022 0:00,11.24,13.17
218,5/31/2022 0:10,11.07,12.91
219,5/31/2022 0:20,10.98,12.7
220,5/31/2022 0:30,10.85,12.44
221,5/31/2022 0:40,10.77,12.18
222,5/31/2022 0:50,10.64,12.05
223,5/31/2022 1:00,10.55,11.84
224,5/31/2022 1:10,10.42,11.67
225,5/31/2022 1:20,10.38,11.54
226,5/31/2022 1:30,10.29,11.37
227,5/31/2022 1:40,10.25,11.24
228,5/31/2022 1:50,10.16,11.07
229,5/31/2022 2:00,10.08,10.94
230,5/31/2022 2:10,10.04,10.85
231,5/31/2022 2:20,9.99,10.77
232,5/31/2022 2:30,9.95,10.59
233,5/31/2022 2:40,9.86,10.51
234,5/31/2022 2:50,9.82,10.42
235,5/31/2022 3:00,9.78,10.34
236,5/31/2022 3:10,9.78,10.21
237,5/31/2022 3:20,9.78,10.16
238,5/31/2022 3:30,9.69,10.04
239,5/31/2022 3:40,9.65,9.99
240,5/31/2022 3:50,9.65,9.91
241,5/31/2022 4:00,9.61,9.91
242,5/31/2022 4:10,9.61,9.78
243,5/31/2022 4:20,9.56,9.78
244,5/31/2022 4:30,9.52,9.69
245,5/31/2022 4:40,9.48,9.65
246,5/31/2022 4:50,9.39,9.52
247,5/31/2022 5:00,9.35,9.48
248,5/31/2022 5:10,9.26,9.39
249,5/31/2022 5:20,9.26,9.35
250,5/31/2022 5:30,9.18,9.22
251,5/31/2022 5:40,9.09,9.22
252,5/31/2022 5:50,9.14,9.14
253,5/31/2022 6:00,9.31,9.18
254,5/31/2022 6:10,9.65,9.48
255,5/31/2022 6:20,10.08,9.86
256,5/31/2022 6:30,10.29,10.38
257,5/31/2022 6:40,10.46,10.85
258,5/31/2022 6:50,10.59,11.07
259,5/31/2022 7:00,10.72,11.32
260,5/31/2022 7:10,10.94,11.92
261,5/31/2022 7:20,11.19,13.34
262,5/31/2022 7:30,11.75,13.64
263,5/31/2022 7:40,13.43,13.9
264,5/31/2022 7:50,15.61,14.11
265,5/31/2022 8:00,15.87,14.5
266,5/31/2022 8:10,15.61,14.58
267,5/31/2022 8:20,15.1,14.28
268,5/31/2022 8:30,14.54,13.81
269,5/31/2022 8:40,13.77,13.51
270,5/31/2022 8:50,13.21,20.2
271,5/31/2022 9:00,12.61,24.11
272,5/31/2022 9:10,12.61,25.27
273,5/31/2022 9:20,12.78,26.9
274,5/31/2022 9:30,13.12,27.67
275,5/31/2022 9:40,13.64,28.74
276,5/31/2022 9:50,13.85,28.31
277,5/31/2022 10:00,14.15,28.61
278,5/31/2022 10:10,14.5,29.38
279,5/31/2022 10:20,13.94,25.39
280,5/31/2022 10:30,13.47,24.41
281,5/31/2022 10:40,13.64,24.32
282,5/31/2022 10:50,13.94,24.84
283,5/31/2022 11:00,13.98,24.92
284,5/31/2022 11:10,14.03,25.09
285,5/31/2022 11:20,13.98,22.18
286,5/31/2022 11:30,13.47,19.65
287,5/31/2022 11:40,12.82,18.19
288,5/31/2022 11:50,12.7,17.59
289,5/31/2022 12:00,12.65,17.2
290,5/31/2022 12:10,12.57,16.86
291,5/31/2022 12:20,12.57,16.77
292,5/31/2022 12:30,12.48,16.73
293,5/31/2022 12:40,12.44,16.64
294,5/31/2022 12:50,12.44,16.64
295,5/31/2022 13:00,12.52,16.51
296,5/31/2022 13:10,12.74,16.56
297,5/31/2022 13:20,12.82,16.9
298,5/31/2022 13:30,12.95,17.24
299,5/31/2022 13:40,13.04,17.63
300,5/31/2022 13:50,13.25,17.54
301,5/31/2022 14:00,13.38,17.37
302,5/31/2022 14:10,13.6,17.84
303,5/31/2022 14:20,13.64,18.1
304,5/31/2022 14:30,13.38,18.53
305,5/31/2022 14:40,13.04,18.87
306,5/31/2022 14:50,12.91,19.17
307,5/31/2022 15:00,13.04,18.36
308,5/31/2022 15:10,13.12,18.02
309,5/31/2022 15:20,12.87,17.84
310,5/31/2022 15:30,12.87,17.76
311,5/31/2022 15:40,13.04,17.76
312,5/31/2022 15:50,13.04,18.19
313,5/31/2022 16:00,12.95,18.02
314,5/31/2022 16:10,12.87,17.97
315,5/31/2022 16:20,12.95,17.97
316,5/31/2022 16:30,13.17,17.93
317,5/31/2022 16:40,13.17,17.93
318,5/31/2022 16:50,13.08,17.76
319,5/31/2022 17:00,13.04,17.8
320,5/31/2022 17:10,13.12,17.89
321,5/31/2022 17:20,13.08,17.93
322,5/31/2022 17:30,13.04,18.1
323,5/31/2022 17:40,13.08,17.97
324,5/31/2022 17:50,13.04,17.8
325,5/31/2022 18:00,13.21,18.1
326,5/31/2022 18:10,13.17,18.32
327,5/31/2022 18:20,13.21,17.76
328,5/31/2022 18:30,13.08,17.63
329,5/31/2022 18:40,13.08,17.5
330,5/31/2022 18:50,13.12,17.37
331,5/31/2022 19:00,13.08,17.33
332,5/31/2022 19:10,13.12,17.33
333,5/31/2022 19:20,12.91,17.33
334,5/31/2022 19:30,12.82,17.24
335,5/31/2022 19:40,12.65,17.2
336,5/31/2022 19:50,12.65,16.77
337,5/31/2022 20:00,12.4,16.56
338,5/31/2022 20:10,12.27,16.56
339,5/31/2022 20:20,12.1,16.51
340,5/31/2022 20:30,11.92,16.51
341,5/31/2022 20:40,11.84,16.39
342,5/31/2022 20:50,11.79,16.17
343,5/31/2022 21:00,11.75,16.04
344,5/31/2022 21:10,11.71,16.08
345,5/31/2022 21:20,11.62,16.3
346,5/31/2022 21:30,11.75,16.39
347,5/31/2022 21:40,11.79,16.56
348,5/31/2022 21:50,11.75,16.86
349,5/31/2022 22:00,11.71,16.99
350,5/31/2022 22:10,11.71,17.11
351,5/31/2022 22:20,11.49,16.6
352,5/31/2022 22:30,11.45,15.78
353,5/31/2022 22:40,11.41,15.23
354,5/31/2022 22:50,11.37,14.8
355,5/31/2022 23:00,11.41,14.8
356,5/31/2022 23:10,11.28,14.54
357,5/31/2022 23:20,11.24,14.37
358,5/31/2022 23:30,11.24,14.2
359,5/31/2022 23:40,11.28,14.07
360,5/31/2022 23:50,11.32,14.07
361,6/1/2022 0:00,11.28,14.11
362,6/1/2022 0:10,11.28,14.11
363,6/1/2022 0:20,11.24,14.15
364,6/1/2022 0:30,11.15,14.11
365,6/1/2022 0:40,11.19,14.2
366,6/1/2022 0:50,11.07,14.11
367,6/1/2022 1:00,10.98,14.11
368,6/1/2022 1:10,10.94,14.03
369,6/1/2022 1:20,10.94,13.98
370,6/1/2022 1:30,10.89,14.07
371,6/1/2022 1:40,10.81,14.2
372,6/1/2022 1:50,10.85,14.33
373,6/1/2022 2:00,10.68,14.5
374,6/1/2022 2:10,10.77,14.71
375,6/1/2022 2:20,10.77,14.93
376,6/1/2022 2:30,10.64,15.06
377,6/1/2022 2:40,10.64,15.06
378,6/1/2022 2:50,10.64,15.14
379,6/1/2022 3:00,10.68,15.14
380,6/1/2022 3:10,10.64,15.06
381,6/1/2022 3:20,10.51,15.01
382,6/1/2022 3:30,10.38,15.06
383,6/1/2022 3:40,10.25,15.1
384,6/1/2022 3:50,10.21,15.1
385,6/1/2022 4:00,10.38,15.14
386,6/1/2022 4:10,10.34,15.14
387,6/1/2022 4:20,10.34,15.14
388,6/1/2022 4:30,10.21,15.14
389,6/1/2022 4:40,10.21,15.18
390,6/1/2022 4:50,10.29,15.23
391,6/1/2022 5:00,10.25,15.36
392,6/1/2022 5:10,10.12,15.57
393,6/1/2022 5:20,10.16,15.44
394,6/1/2022 5:30,10.21,15.1
395,6/1/2022 5:40,10.16,15.1
396,6/1/2022 5:50,10.16,15.01
397,6/1/2022 6:00,10.04,14.84
398,6/1/2022 6:10,10.08,14.37
399,6/1/2022 6:20,10.08,13.98
400,6/1/2022 6:30,10.16,13.51
401,6/1/2022 6:40,10.25,13.17
402,6/1/2022 6:50,10.42,13.12
403,6/1/2022 7:00,10.51,12.87
404,6/1/2022 7:10,10.55,12.74
405,6/1/2022 7:20,10.38,12.61
406,6/1/2022 7:30,10.25,13.3
407,6/1/2022 7:40,10.34,14.58
408,6/1/2022 7:50,10.51,15.96
409,6/1/2022 8:00,10.64,17.5
410,6/1/2022 8:10,10.89,20.16
411,6/1/2022 8:20,11.02,21.02
412,6/1/2022 8:30,11.24,22.22
413,6/1/2022 8:40,11.84,23.64
414,6/1/2022 8:50,12.4,24.24
415,6/1/2022 9:00,12.91,25.82
416,6/1/2022 9:10,13.25,26.64
417,6/1/2022 9:20,13.51,28.1
418,6/1/2022 9:30,13.81,31.31
419,6/1/2022 9:40,14.2,32.04
420,6/1/2022 9:50,14.45,28.91
421,6/1/2022 10:00,14.54,27.2
422,6/1/2022 10:10,14.54,27.15
423,6/1/2022 10:20,14.63,26.94
424,6/1/2022 10:30,14.15,25.22
425,6/1/2022 10:40,12.87,23.25
426,6/1/2022 10:50,13.08,23.21
427,6/1/2022 11:00,13.12,23.46
428,6/1/2022 11:10,13.55,24.92
429,6/1/2022 11:20,14.24,25.27
430,6/1/2022 11:30,13.12,24.02
431,6/1/2022 11:40,13.38,25.48
432,6/1/2022 11:50,13.9,23.59
433,6/1/2022 12:00,13.68,20.72
434,6/1/2022 12:10,13.47,19.26
435,6/1/2022 12:20,13.38,18.83
436,6/1/2022 12:30,13.43,18.49
437,6/1/2022 12:40,13.3,18.1
438,6/1/2022 12:50,13,17.89
439,6/1/2022 13:00,13.3,17.84
440,6/1/2022 13:10,12.95,17.67
441,6/1/2022 13:20,13,17.59
442,6/1/2022 13:30,12.74,17.54
443,6/1/2022 13:40,12.7,17.46
444,6/1/2022 13:50,12.48,17.37
445,6/1/2022 14:00,12.48,17.37
446,6/1/2022 14:10,12.57,17.33
447,6/1/2022 14:20,12.7,17.5
448,6/1/2022 14:30,12.82,17.72
449,6/1/2022 14:40,12.91,18.02
450,6/1/2022 14:50,13.17,18.14
451,6/1/2022 15:00,13.12,18.32
452,6/1/2022 15:10,13.17,18.1
453,6/1/2022 15:20,13.12,18.14
454,6/1/2022 15:30,13.21,18.14
455,6/1/2022 15:40,13.38,18.1
456,6/1/2022 15:50,13.34,18.14
457,6/1/2022 16:00,13.3,18.27
458,6/1/2022 16:10,13.21,18.27
459,6/1/2022 16:20,13.17,18.62
460,6/1/2022 16:30,13.17,18.66
461,6/1/2022 16:40,13.12,18.7
462,6/1/2022 16:50,13.34,18.62
463,6/1/2022 17:00,13.38,18.62
464,6/1/2022 17:10,13.51,18.96
465,6/1/2022 17:20,13.34,19.43
466,6/1/2022 17:30,13.34,20.12
467,6/1/2022 17:40,13.43,20.42
468,6/1/2022 17:50,13.43,20.72
469,6/1/2022 18:00,13.38,21.75
470,6/1/2022 18:10,13.21,22.48
471,6/1/2022 18:20,13.17,22.78
472,6/1/2022 18:30,13.04,22.35
473,6/1/2022 18:40,12.95,21.62
474,6/1/2022 18:50,12.61,21.06
475,6/1/2022 19:00,12.52,20.55
476,6/1/2022 19:10,12.57,20.25
477,6/1/2022 19:20,12.65,19.95
478,6/1/2022 19:30,12.35,19.65
479,6/1/2022 19:40,12.18,19.3
480,6/1/2022 19:50,12.35,18.96
481,6/1/2022 20:00,12.18,18.7
482,6/1/2022 20:10,12.1,18.27
483,6/1/2022 20:20,11.92,17.97
484,6/1/2022 20:30,11.97,17.67
485,6/1/2022 20:40,11.75,17.37
486,6/1/2022 20:50,11.92,17.37
487,6/1/2022 21:00,11.84,17.41
488,6/1/2022 21:10,11.79,17.46
489,6/1/2022 21:20,11.79,17.46
490,6/1/2022 21:30,11.75,17.5
491,6/1/2022 21:40,11.71,17.5
492,6/1/2022 21:50,11.67,17.54
493,6/1/2022 22:00,11.75,17.41
494,6/1/2022 22:10,11.67,17.54
495,6/1/2022 22:20,11.71,17.67
496,6/1/2022 22:30,11.75,17.33
497,6/1/2022 22:40,11.71,17.03
498,6/1/2022 22:50,11.62,17.29
499,6/1/2022 23:00,11.71,17.8
500,6/1/2022 23:10,11.67,17.46
501,6/1/2022 23:20,11.71,17.24
502,6/1/2022 23:30,11.75,17.03
503,6/1/2022 23:40,11.92,16.69
504,6/1/2022 23:50,11.92,16.51
505,6/2/2022 0:00,11.79,16.26
506,6/2/2022 0:10,11.75,15.96
507,6/2/2022 0:20,11.84,16
508,6/2/2022 0:30,11.75,15.87
509,6/2/2022 0:40,11.79,15.74
510,6/2/2022 0:50,11.92,15.7
511,6/2/2022 1:00,11.75,15.66
512,6/2/2022 1:10,11.62,15.66
513,6/2/2022 1:20,11.79,15.61
514,6/2/2022 1:30,11.71,15.61
515,6/2/2022 1:40,11.75,15.7
516,6/2/2022 1:50,11.71,15.87
517,6/2/2022 2:00,11.75,15.91
518,6/2/2022 2:10,11.67,15.91
519,6/2/2022 2:20,11.45,15.96
520,6/2/2022 2:30,11.32,15.91
521,6/2/2022 2:40,11.11,15.96
522,6/2/2022 2:50,10.98,15.91
523,6/2/2022 3:00,10.98,15.7
524,6/2/2022 3:10,10.81,15.48
525,6/2/2022 3:20,10.81,15.4
526,6/2/2022 3:30,10.55,15.36
527,6/2/2022 3:40,10.55,15.31
528,6/2/2022 3:50,10.55,15.31
529,6/2/2022 4:00,10.42,15.36
530,6/2/2022 4:10,10.42,15.4
531,6/2/2022 4:20,10.38,15.4
532,6/2/2022 4:30,10.21,15.4
533,6/2/2022 4:40,10.12,15.48
534,6/2/2022 4:50,10.21,15.66
535,6/2/2022 5:00,10.16,15.87
536,6/2/2022 5:10,10.16,16.17
537,6/2/2022 5:20,9.95,16.94
538,6/2/2022 5:30,9.99,17.41
539,6/2/2022 5:40,9.95,17.16
540,6/2/2022 5:50,9.95,16.43
541,6/2/2022 6:00,9.78,16.08
542,6/2/2022 6:10,9.69,15.87
543,6/2/2022 6:20,9.61,15.48
544,6/2/2022 6:30,9.48,15.36
545,6/2/2022 6:40,9.39,15.23
546,6/2/2022 6:50,9.44,15.01
547,6/2/2022 7:00,9.52,14.45
548,6/2/2022 7:10,9.39,14.2
549,6/2/2022 7:20,9.18,14.03
550,6/2/2022 7:30,9.26,13.94
551,6/2/2022 7:40,9.26,12.1
552,6/2/2022 7:50,9.48,11.97
553,6/2/2022 8:00,9.52,11.75
554,6/2/2022 8:10,9.44,11.41
555,6/2/2022 8:20,9.35,11.49
556,6/2/2022 8:30,9.48,11.58
557,6/2/2022 8:40,9.74,11.79
558,6/2/2022 8:50,9.56,12.01
559,6/2/2022 9:00,9.65,12.61
560,6/2/2022 9:10,9.86,12.78
561,6/2/2022 9:20,9.91,12.82
562,6/2/2022 9:30,10.04,13
563,6/2/2022 9:40,10.12,13.47
564,6/2/2022 9:50,10.04,13.04
565,6/2/2022 10:00,10.08,13.08
566,6/2/2022 10:10,10.21,14.28
567,6/2/2022 10:20,10.38,15.61
568,6/2/2022 10:30,10.42,14.54
569,6/2/2022 10:40,10.46,15.44
570,6/2/2022 10:50,10.81,15.66
571,6/2/2022 11:00,10.85,16.13
572,6/2/2022 11:10,11.19,17.07
573,6/2/2022 11:20,11.28,17.2
574,6/2/2022 11:30,11.49,17.72
575,6/2/2022 11:40,11.62,18.57
576,6/2/2022 11:50,11.75,18.7
577,6/2/2022 12:00,11.97,20.16
578,6/2/2022 12:10,12.31,20.37
579,6/2/2022 12:20,12.1,18.96
580,6/2/2022 12:30,12.27,18.06
581,6/2/2022 12:40,12.31,17.37
582,6/2/2022 12:50,12.22,17.11
583,6/2/2022 13:00,12.31,16.77
584,6/2/2022 13:10,12.22,16.73
585,6/2/2022 13:20,12.31,16.6
586,6/2/2022 13:30,12.48,16.64
587,6/2/2022 13:40,12.44,16.69
588,6/2/2022 13:50,12.52,16.6
589,6/2/2022 14:00,12.65,16.64
590,6/2/2022 14:10,12.74,16.64
591,6/2/2022 14:20,12.91,16.6
592,6/2/2022 14:30,13.12,16.94
593,6/2/2022 14:40,13.12,17.29
594,6/2/2022 14:50,13.3,17.11
595,6/2/2022 15:00,13.38,17.03
596,6/2/2022 15:10,13.17,17.03
597,6/2/2022 15:20,13.21,17.2
598,6/2/2022 15:30,13.38,17.33
599,6/2/2022 15:40,13.38,17.33
600,6/2/2022 15:50,13.6,17.5
601,6/2/2022 16:00,13.77,17.63
602,6/2/2022 16:10,13.64,18.19
603,6/2/2022 16:20,13.77,18.19
604,6/2/2022 16:30,13.6,18.19
605,6/2/2022 16:40,13.6,18.23
606,6/2/2022 16:50,13.51,18.79
607,6/2/2022 17:00,13.68,18.49
608,6/2/2022 17:10,13.6,18.27
609,6/2/2022 17:20,13.47,18.14
610,6/2/2022 17:30,13.47,18.23
611,6/2/2022 17:40,13.43,18.44
612,6/2/2022 17:50,13.47,18.62
613,6/2/2022 18:00,13.43,18.79
614,6/2/2022 18:10,13.47,18.87
615,6/2/2022 18:20,13.55,19.05
616,6/2/2022 18:30,13.68,19.13
617,6/2/2022 18:40,13.73,19.17
618,6/2/2022 18:50,13.6,19
619,6/2/2022 19:00,13.51,18.96
620,6/2/2022 19:10,13.51,18.83
621,6/2/2022 19:20,13.38,18.7
622,6/2/2022 19:30,13.34,18.66
623,6/2/2022 19:40,13.3,18.53
624,6/2/2022 19:50,12.87,18.27
625,6/2/2022 20:00,12.48,18.1
626,6/2/2022 20:10,12.48,17.76
627,6/2/2022 20:20,12.22,17.67
628,6/2/2022 20:30,12.05,17.59
629,6/2/2022 20:40,12.22,17.46
630,6/2/2022 20:50,12.14,17.37
631,6/2/2022 21:00,12.01,17.46
632,6/2/2022 21:10,12.01,17.5
633,6/2/2022 21:20,11.92,17.37
634,6/2/2022 21:30,11.92,17.2
635,6/2/2022 21:40,11.88,16.9
636,6/2/2022 21:50,11.88,16.73
637,6/2/2022 22:00,11.84,16.64
638,6/2/2022 22:10,11.75,16.43
639,6/2/2022 22:20,11.71,16.39
640,6/2/2022 22:30,11.88,16.39
641,6/2/2022 22:40,12.01,16.17
642,6/2/2022 22:50,11.88,16.34
643,6/2/2022 23:00,11.75,16.08
644,6/2/2022 23:10,11.71,15.83
645,6/2/2022 23:20,11.71,15.7
646,6/2/2022 23:30,11.79,15.7
647,6/2/2022 23:40,11.67,15.74
648,6/2/2022 23:50,11.71,15.87
649,6/3/2022 0:00,11.62,15.91
650,6/3/2022 0:10,11.54,16
651,6/3/2022 0:20,11.67,16.04
652,6/3/2022 0:30,11.88,16.04
653,6/3/2022 0:40,12.01,16.04
654,6/3/2022 0:50,12.31,15.83
655,6/3/2022 1:00,12.52,15.7
656,6/3/2022 1:10,12.52,15.53
657,6/3/2022 1:20,12.44,15.44
658,6/3/2022 1:30,12.31,15.4
659,6/3/2022 1:40,12.27,15.31
660,6/3/2022 1:50,12.14,15.27
661,6/3/2022 2:00,12.1,15.18
662,6/3/2022 2:10,12.14,15.31
663,6/3/2022 2:20,12.14,15.31
664,6/3/2022 2:30,12.14,15.27
665,6/3/2022 2:40,12.22,15.36
666,6/3/2022 2:50,12.35,15.57
667,6/3/2022 3:00,12.31,15.78
668,6/3/2022 3:10,12.4,16
669,6/3/2022 3:20,12.48,15.91
670,6/3/2022 3:30,12.52,15.87
671,6/3/2022 3:40,12.44,15.7
672,6/3/2022 3:50,12.57,15.44
673,6/3/2022 4:00,12.48,15.36
674,6/3/2022 4:10,12.31,15.31
675,6/3/2022 4:20,12.44,15.31
676,6/3/2022 4:30,12.48,15.27
677,6/3/2022 4:40,12.57,15.18
678,6/3/2022 4:50,12.65,15.18
679,6/3/2022 5:00,12.87,15.14
680,6/3/2022 5:10,13.04,15.14
681,6/3/2022 5:20,13.38,15.14
682,6/3/2022 5:30,13.3,15.18
683,6/3/2022 5:40,13.21,15.27
684,6/3/2022 5:50,13.25,15.31
685,6/3/2022 6:00,13.17,15.31
686,6/3/2022 6:10,13.25,15.27
687,6/3/2022 6:20,13.34,15.44
688,6/3/2022 6:30,13.47,15.78
689,6/3/2022 6:40,13.73,16.17
690,6/3/2022 6:50,13.47,16.64
691,6/3/2022 7:00,13.12,16.3
692,6/3/2022 7:10,12.91,15.74
693,6/3/2022 7:20,12.82,15.36
694,6/3/2022 7:30,12.65,15.31
695,6/3/2022 7:40,12.74,15.53
696,6/3/2022 7:50,12.91,15.61
697,6/3/2022 8:00,13.04,15.74
698,6/3/2022 8:10,13,16
699,6/3/2022 8:20,13.17,15.74
700,6/3/2022 8:30,13.38,15.57
701,6/3/2022 8:40,13.25,15.66
702,6/3/2022 8:50,13.3,15.7
703,6/3/2022 9:00,12.95,15.27
704,6/3/2022 9:10,12.91,15.27
705,6/3/2022 9:20,12.82,15.4
706,6/3/2022 9:30,12.91,15.83
707,6/3/2022 9:40,12.95,15.78
708,6/3/2022 9:50,13.12,16.56
709,6/3/2022 10:00,13.3,16.86
710,6/3/2022 10:10,13.38,17.07
711,6/3/2022 10:20,13.55,17.8
712,6/3/2022 10:30,13.64,18.14
713,6/3/2022 10:40,13.64,17.97
714,6/3/2022 10:50,13.6,18.32
715,6/3/2022 11:00,13.85,18.57
716,6/3/2022 11:10,13.6,19.22
717,6/3/2022 11:20,13.38,18.92
718,6/3/2022 11:30,13.64,19
719,6/3/2022 11:40,13.81,18.74
720,6/3/2022 11:50,13.77,17.97
721,6/3/2022 12:00,13.51,17.97
722,6/3/2022 12:10,13.38,19.69
723,6/3/2022 12:20,13.6,21.4
724,6/3/2022 12:30,13.77,22.18
725,6/3/2022 12:40,14.15,24.45
726,6/3/2022 12:50,14.33,21.02
727,6/3/2022 13:00,14.45,19.65
728,6/3/2022 13:10,14.71,19
729,6/3/2022 13:20,15.23,18.79
730,6/3/2022 13:30,14.8,18.14
731,6/3/2022 13:40,14.07,17.63
732,6/3/2022 13:50,14.03,17.41
733,6/3/2022 14:00,13.9,17.07
734,6/3/2022 14:10,13.9,17.03
735,6/3/2022 14:20,14.41,16.81
736,6/3/2022 14:30,14.67,16.51
737,6/3/2022 14:40,14.28,16.3
738,6/3/2022 14:50,13.85,16.08
739,6/3/2022 15:00,13.64,16.04
740,6/3/2022 15:10,13.3,15.91
741,6/3/2022 15:20,13.25,15.87
742,6/3/2022 15:30,13.34,15.91
743,6/3/2022 15:40,13.47,16
744,6/3/2022 15:50,13.73,16.08
745,6/3/2022 16:00,13.85,16.21
746,6/3/2022 16:10,13.85,16.39
747,6/3/2022 16:20,13.77,16.51
748,6/3/2022 16:30,13.77,16.64
749,6/3/2022 16:40,13.94,16.73
750,6/3/2022 16:50,13.77,16.77
751,6/3/2022 17:00,13.77,16.81
752,6/3/2022 17:10,13.94,16.86
753,6/3/2022 17:20,13.98,16.86
754,6/3/2022 17:30,14.03,16.99
755,6/3/2022 17:40,13.98,17.11
756,6/3/2022 17:50,13.98,17.07
757,6/3/2022 18:00,13.77,17.2
758,6/3/2022 18:10,13.73,17.46
759,6/3/2022 18:20,13.81,17.54
760,6/3/2022 18:30,13.64,17.8
761,6/3/2022 18:40,13.64,18.14
762,6/3/2022 18:50,13.6,18.1
763,6/3/2022 19:00,13.55,18.7
764,6/3/2022 19:10,13.6,19
765,6/3/2022 19:20,13.55,19.09
766,6/3/2022 19:30,13.38,19.13
767,6/3/2022 19:40,13.17,19
768,6/3/2022 19:50,13.04,18.87
769,6/3/2022 20:00,13.04,18.83
770,6/3/2022 20:10,13.25,18.7
771,6/3/2022 20:20,13.17,18.36
772,6/3/2022 20:30,13.04,17.93
773,6/3/2022 20:40,13.08,17.89
774,6/3/2022 20:50,13.08,17.67
775,6/3/2022 21:00,13.21,17.33
776,6/3/2022 21:10,13.25,17.2
777,6/3/2022 21:20,13.21,16.9
778,6/3/2022 21:30,13.3,16.81
779,6/3/2022 21:40,13.12,16.64
780,6/3/2022 21:50,13.04,16.47
781,6/3/2022 22:00,12.91,16.51
782,6/3/2022 22:10,12.7,16.51
783,6/3/2022 22:20,12.61,16.34
784,6/3/2022 22:30,12.52,16
785,6/3/2022 22:40,12.44,15.57
786,6/3/2022 22:50,12.57,15.53
787,6/3/2022 23:00,12.61,15.53
788,6/3/2022 23:10,12.65,15.53
789,6/3/2022 23:20,12.74,15.48
790,6/3/2022 23:30,12.91,15.44
791,6/3/2022 23:40,12.91,15.44
792,6/3/2022 23:50,12.95,15.53
793,6/4/2022 0:00,12.82,15.57
794,6/4/2022 0:10,12.87,15.78
795,6/4/2022 0:20,12.87,16.08
796,6/4/2022 0:30,12.87,16.04
797,6/4/2022 0:40,12.95,15.96
798,6/4/2022 0:50,12.95,15.91
799,6/4/2022 1:00,12.82,15.87
800,6/4/2022 1:10,12.7,15.87
801,6/4/2022 1:20,12.7,15.91
802,6/4/2022 1:30,12.7,15.87
803,6/4/2022 1:40,12.78,15.91
804,6/4/2022 1:50,12.91,15.87
805,6/4/2022 2:00,12.82,15.87
806,6/4/2022 2:10,12.82,15.87
807,6/4/2022 2:20,12.82,15.91
808,6/4/2022 2:30,12.91,15.83
809,6/4/2022 2:40,12.87,15.83
810,6/4/2022 2:50,12.91,15.23
811,6/4/2022 3:00,12.95,14.97
812,6/4/2022 3:10,12.82,14.88
813,6/4/2022 3:20,12.74,14.84
814,6/4/2022 3:30,12.74,14.8
815,6/4/2022 3:40,12.95,14.75
816,6/4/2022 3:50,13,14.88
817,6/4/2022 4:00,13.08,14.93
818,6/4/2022 4:10,13.08,15.01
819,6/4/2022 4:20,13.04,15.14
820,6/4/2022 4:30,13.08,15.18
821,6/4/2022 4:40,12.95,15.31
822,6/4/2022 4:50,12.91,15.31
823,6/4/2022 5:00,12.87,15.36
824,6/4/2022 5:10,12.82,15.4
825,6/4/2022 5:20,12.82,15.4
826,6/4/2022 5:30,12.82,15.44
827,6/4/2022 5:40,12.82,15.44
828,6/4/2022 5:50,13,15.44
829,6/4/2022 6:00,13.04,15.44
830,6/4/2022 6:10,12.95,15.44
831,6/4/2022 6:20,12.95,15.4
832,6/4/2022 6:30,13,15.48
833,6/4/2022 6:40,13.04,15.57
834,6/4/2022 6:50,13.12,15.83
835,6/4/2022 7:00,13.08,16.3
836,6/4/2022 7:10,13.21,16.69
837,6/4/2022 7:20,13.3,17.16
838,6/4/2022 7:30,13.38,17.46
839,6/4/2022 7:40,13.51,17.59
840,6/4/2022 7:50,13.64,17.33
841,6/4/2022 8:00,13.77,16.56
842,6/4/2022 8:10,13.9,15.96
843,6/4/2022 8:20,14.11,15.83
844,6/4/2022 8:30,14.2,16.08
845,6/4/2022 8:40,14.24,16.3
846,6/4/2022 8:50,14.37,16.39
847,6/4/2022 9:00,14.5,16.17
848,6/4/2022 9:10,14.58,15.87
849,6/4/2022 9:20,14.71,16.39
850,6/4/2022 9:30,14.03,16.39
851,6/4/2022 9:40,14.2,17.16
852,6/4/2022 9:50,14.5,17.72
853,6/4/2022 10:00,14.67,18.1
854,6/4/2022 10:10,14.93,18.06
855,6/4/2022 10:20,15.1,18.02
856,6/4/2022 10:30,15.36,19.05
857,6/4/2022 10:40,15.61,19.56
858,6/4/2022 10:50,15.91,20.89
859,6/4/2022 11:00,16.26,22.09
860,6/4/2022 11:10,16.6,23.08
861,6/4/2022 11:20,17.03,24.88
862,6/4/2022 11:30,17.07,25.27
863,6/4/2022 11:40,17.03,26.25
864,6/4/2022 11:50,17.33,25.22
865,6/4/2022 12:00,17.41,25.57
866,6/4/2022 12:10,17.84,27.28
867,6/4/2022 12:20,18.02,27.93
868,6/4/2022 12:30,17.97,27.32
869,6/4/2022 12:40,17.76,27.2
870,6/4/2022 12:50,18.14,26.6
871,6/4/2022 13:00,17.63,24.84
872,6/4/2022 13:10,17.46,23.42
873,6/4/2022 13:20,17.46,23.29
874,6/4/2022 13:30,17.67,21.79
875,6/4/2022 13:40,17.89,20.72
876,6/4/2022 13:50,17.93,19.99
877,6/4/2022 14:00,17.97,19.6
878,6/4/2022 14:10,17.89,19.17
879,6/4/2022 14:20,17.93,18.87
880,6/4/2022 14:30,17.8,18.66
881,6/4/2022 14:40,17.67,18.27
882,6/4/2022 14:50,17.67,18.02
883,6/4/2022 15:00,17.54,17.89
884,6/4/2022 15:10,17.46,17.72
885,6/4/2022 15:20,17.63,17.59
886,6/4/2022 15:30,17.63,17.41
887,6/4/2022 15:40,17.54,17.2
888,6/4/2022 15:50,17.59,17.11
889,6/4/2022 16:00,17.33,17.03
890,6/4/2022 16:10,17.16,16.94
891,6/4/2022 16:20,16.94,16.94
892,6/4/2022 16:30,16.73,16.9
893,6/4/2022 16:40,16.77,16.77
894,6/4/2022 16:50,16.77,16.73
895,6/4/2022 17:00,16.81,16.64
896,6/4/2022 17:10,16.81,16.6
897,6/4/2022 17:20,16.9,16.56
898,6/4/2022 17:30,16.99,16.6
899,6/4/2022 17:40,16.94,16.51
900,6/4/2022 17:50,16.99,16.47
901,6/4/2022 18:00,16.86,16.39
902,6/4/2022 18:10,16.73,16.39
903,6/4/2022 18:20,16.64,16.3
904,6/4/2022 18:30,16.51,16.26
905,6/4/2022 18:40,16.47,16.26
906,6/4/2022 18:50,16.21,16.34
907,6/4/2022 19:00,16.21,16.34
908,6/4/2022 19:10,16.04,16.26
909,6/4/2022 19:20,15.87,16.17
910,6/4/2022 19:30,15.74,16
911,6/4/2022 19:40,15.74,15.96
912,6/4/2022 19:50,15.66,15.96
913,6/4/2022 20:00,15.53,15.96
914,6/4/2022 20:10,15.48,16
915,6/4/2022 20:20,15.44,16.04
916,6/4/2022 20:30,15.36,16.04
917,6/4/2022 20:40,15.4,16.08
918,6/4/2022 20:50,15.31,16.08
919,6/4/2022 21:00,15.36,16.08
920,6/4/2022 21:10,15.27,16.08
921,6/4/2022 21:20,15.36,16.08
922,6/4/2022 21:30,15.31,16.13
923,6/4/2022 21:40,15.27,16.08
924,6/4/2022 21:50,15.31,16.08
925,6/4/2022 22:00,15.4,16.04
926,6/4/2022 22:10,15.4,16.04
927,6/4/2022 22:20,15.31,16.04
928,6/4/2022 22:30,15.4,15.91
929,6/4/2022 22:40,15.53,15.91
930,6/4/2022 22:50,15.57,15.83
931,6/4/2022 23:00,15.7,15.91
932,6/4/2022 23:10,15.74,15.87
933,6/4/2022 23:20,15.74,16
934,6/4/2022 23:30,15.7,16.08
935,6/4/2022 23:40,15.61,16.17
936,6/4/2022 23:50,15.53,16.17
937,6/5/2022 0:00,15.48,16.08
938,6/5/2022 0:10,15.4,16.13
939,6/5/2022 0:20,15.4,16.04
940,6/5/2022 0:30,15.4,16
941,6/5/2022 0:40,15.4,16.04
942,6/5/2022 0:50,15.48,16.04
943,6/5/2022 1:00,15.57,15.96
944,6/5/2022 1:10,15.53,16.04
945,6/5/2022 1:20,15.53,16.04
946,6/5/2022 1:30,15.48,16
947,6/5/2022 1:40,15.48,15.96
948,6/5/2022 1:50,15.48,15.96
949,6/5/2022 2:00,15.48,15.96
950,6/5/2022 2:10,15.44,15.96
951,6/5/2022 2:20,15.4,15.91
952,6/5/2022 2:30,15.48,15.91
953,6/5/2022 2:40,15.48,15.87
954,6/5/2022 2:50,15.44,15.87
955,6/5/2022 3:00,15.57,15.87
956,6/5/2022 3:10,15.57,15.91
957,6/5/2022 3:20,15.48,15.91
958,6/5/2022 3:30,15.53,15.91
959,6/5/2022 3:40,15.48,15.87
960,6/5/2022 3:50,15.57,15.83
961,6/5/2022 4:00,15.66,15.78
962,6/5/2022 4:10,15.61,15.74
963,6/5/2022 4:20,15.66,15.74
964,6/5/2022 4:30,15.7,15.78
965,6/5/2022 4:40,15.7,15.83
966,6/5/2022 4:50,15.61,16
967,6/5/2022 5:00,15.53,16
968,6/5/2022 5:10,15.48,16.08
969,6/5/2022 5:20,15.44,16.13
970,6/5/2022 5:30,15.53,16.17
971,6/5/2022 5:40,15.61,16.21
972,6/5/2022 5:50,15.66,16.3
973,6/5/2022 6:00,15.61,16.39
974,6/5/2022 6:10,15.57,16.39
975,6/5/2022 6:20,15.57,16.39
976,6/5/2022 6:30,15.61,16.47
977,6/5/2022 6:40,15.53,16.43
978,6/5/2022 6:50,15.53,16.43
979,6/5/2022 7:00,15.48,16.43
980,6/5/2022 7:10,15.57,16.43
981,6/5/2022 7:20,15.66,16.43
982,6/5/2022 7:30,15.61,16.43
983,6/5/2022 7:40,15.61,16.56
984,6/5/2022 7:50,15.61,17.11
985,6/5/2022 8:00,15.61,16.94
986,6/5/2022 8:10,15.61,16.81
987,6/5/2022 8:20,15.66,16.77
988,6/5/2022 8:30,15.91,16.77
989,6/5/2022 8:40,15.7,16.77
990,6/5/2022 8:50,15.7,16.64
991,6/5/2022 9:00,15.7,16.64
992,6/5/2022 9:10,15.74,16.77
993,6/5/2022 9:20,15.87,17.07
994,6/5/2022 9:30,15.91,17.33
995,6/5/2022 9:40,15.96,17.63
996,6/5/2022 9:50,16.13,18.66
997,6/5/2022 10:00,16.26,19.82
998,6/5/2022 10:10,16.51,19.77
999,6/5/2022 10:20,16.6,19.35
1000,6/5/2022 10:30,16.64,19.9
1001,6/5/2022 10:40,16.73,21.23
1002,6/5/2022 10:50,16.9,21.53
1003,6/5/2022 11:00,17.03,22.31
1004,6/5/2022 11:10,17.16,22.56
1005,6/5/2022 11:20,17.5,23.46
1006,6/5/2022 11:30,17.76,23.29
1007,6/5/2022 11:40,17.93,23.94
1008,6/5/2022 11:50,17.89,23.81
1009,6/5/2022 12:00,17.76,24.02
1010,6/5/2022 12:10,17.76,25.18
1011,6/5/2022 12:20,17.8,25.22
1012,6/5/2022 12:30,17.84,26.12
1013,6/5/2022 12:40,17.93,26.85
1014,6/5/2022 12:50,18.23,27.2
1015,6/5/2022 13:00,17.97,26.6
1016,6/5/2022 13:10,17.46,25.74
1017,6/5/2022 13:20,17.29,27.11
1018,6/5/2022 13:30,17.07,25.78
1019,6/5/2022 13:40,17.24,27.24
1020,6/5/2022 13:50,17.24,26.08
1021,6/5/2022 14:00,17.37,24.58
1022,6/5/2022 14:10,17.2,22.69
1023,6/5/2022 14:20,17.33,21.75
1024,6/5/2022 14:30,17.41,21.15
1025,6/5/2022 14:40,17.8,20.68
1026,6/5/2022 14:50,17.67,20.12
1027,6/5/2022 15:00,17.03,19.73
1028,6/5/2022 15:10,16.34,19.43
1029,6/5/2022 15:20,16.34,19.22
1030,6/5/2022 15:30,16.13,18.92
1031,6/5/2022 15:40,15.78,18.87
1032,6/5/2022 15:50,15.7,18.96
1033,6/5/2022 16:00,15.57,18.53
1034,6/5/2022 16:10,15.57,18.23
1035,6/5/2022 16:20,15.53,18.19
1036,6/5/2022 16:30,15.61,18.23
1037,6/5/2022 16:40,15.7,18.23
1038,6/5/2022 16:50,15.78,18.23
1039,6/5/2022 17:00,15.61,18.27
1040,6/5/2022 17:10,15.53,18.32
1041,6/5/2022 17:20,15.74,18.32
1042,6/5/2022 17:30,15.87,18.32
1043,6/5/2022 17:40,15.91,18.27
1044,6/5/2022 17:50,16.08,18.14
1045,6/5/2022 18:00,16.34,18.1
1046,6/5/2022 18:10,16.43,18.02
1047,6/5/2022 18:20,16.26,17.97
1048,6/5/2022 18:30,15.7,17.97
1049,6/5/2022 18:40,15.44,18.06
1050,6/5/2022 18:50,15.4,18.14
1051,6/5/2022 19:00,15.44,18.02
1052,6/5/2022 19:10,14.88,17.89
1053,6/5/2022 19:20,14.84,17.8
1054,6/5/2022 19:30,14.58,17.5
1055,6/5/2022 19:40,14.58,17.37
1056,6/5/2022 19:50,14.63,17.41
1057,6/5/2022 20:00,14.58,17.41
1058,6/5/2022 20:10,14.2,17.37
1059,6/5/2022 20:20,13.94,17.5
1060,6/5/2022 20:30,13.81,17.54
1061,6/5/2022 20:40,13.81,17.63
1062,6/5/2022 20:50,13.9,17.54
1063,6/5/2022 21:00,13.9,17.54
1064,6/5/2022 21:10,13.9,17.63
1065,6/5/2022 21:20,13.94,17.63
1066,6/5/2022 21:30,13.68,17.8
1067,6/5/2022 21:40,13.64,17.84
1068,6/5/2022 21:50,13.21,18.14
1069,6/5/2022 22:00,13,18.32
1070,6/5/2022 22:10,12.78,18.57
1071,6/5/2022 22:20,12.57,18.49
1072,6/5/2022 22:30,12.35,18.44
1073,6/5/2022 22:40,12.35,18.23
1074,6/5/2022 22:50,12.22,18.27
1075,6/5/2022 23:00,12.35,18.27
1076,6/5/2022 23:10,12.22,18.32
1077,6/5/2022 23:20,12.31,18.4
1078,6/5/2022 23:30,12.48,18.44
1079,6/5/2022 23:40,12.57,18.32
1080,6/5/2022 23:50,12.44,18.19
1081,6/6/2022 0:00,12.4,18.1
1082,6/6/2022 0:10,12.44,18.02
1083,6/6/2022 0:20,12.44,17.8
1084,6/6/2022 0:30,12.4,17.72
1085,6/6/2022 0:40,12.48,17.54
1086,6/6/2022 0:50,12.65,17.46
1087,6/6/2022 1:00,12.65,17.29
1088,6/6/2022 1:10,12.91,17.2
1089,6/6/2022 1:20,12.91,17.11
1090,6/6/2022 1:30,13.04,16.99
1091,6/6/2022 1:40,13.04,17.11
1092,6/6/2022 1:50,13.08,17.24
1093,6/6/2022 2:00,13.12,17.54
1094,6/6/2022 2:10,13.17,17.67
1095,6/6/2022 2:20,13.17,17.89
1096,6/6/2022 2:30,13.3,17.84
1097,6/6/2022 2:40,13.08,17.76
1098,6/6/2022 2:50,13.12,17.76
1099,6/6/2022 3:00,13.12,17.76
1100,6/6/2022 3:10,13.04,17.67
1101,6/6/2022 3:20,13.12,17.5
1102,6/6/2022 3:30,13.08,17.46
1103,6/6/2022 3:40,13.17,17.41
1104,6/6/2022 3:50,13.17,17.37
1105,6/6/2022 4:00,12.74,17.37
1106,6/6/2022 4:10,12.48,17.29
1107,6/6/2022 4:20,12.65,17.2
1108,6/6/2022 4:30,12.65,17.07
1109,6/6/2022 4:40,12.78,16.6
1110,6/6/2022 4:50,12.74,16.56
1111,6/6/2022 5:00,12.95,16.43
1112,6/6/2022 5:10,13,16.47
1113,6/6/2022 5:20,13.12,16.56
1114,6/6/2022 5:30,13,16.77
1115,6/6/2022 5:40,12.91,16.94
1116,6/6/2022 5:50,12.95,17.07
1117,6/6/2022 6:00,13.04,17.16
1118,6/6/2022 6:10,12.95,17.29
1119,6/6/2022 6:20,13.08,17.37
1120,6/6/2022 6:30,13.04,17.41
1121,6/6/2022 6:40,13.08,17.5
1122,6/6/2022 6:50,13.08,17.5
1123,6/6/2022 7:00,13.12,17.5
1124,6/6/2022 7:10,13.34,17.54
1125,6/6/2022 7:20,13.43,17.59
1126,6/6/2022 7:30,13.17,17.59
1127,6/6/2022 7:40,13.12,17.59
1128,6/6/2022 7:50,13.21,17.59
1129,6/6/2022 8:00,13.47,17.46
1130,6/6/2022 8:10,13.43,17.5
1131,6/6/2022 8:20,13.43,17.33
1132,6/6/2022 8:30,13.25,17.33
1133,6/6/2022 8:40,13.17,17.67
1134,6/6/2022 8:50,13.3,17.84
1135,6/6/2022 9:00,13.38,17.84
1136,6/6/2022 9:10,13.38,17.89
1137,6/6/2022 9:20,13.51,18.23
1138,6/6/2022 9:30,13.55,18.57
1139,6/6/2022 9:40,13.6,18.87
1140,6/6/2022 9:50,13.73,19.3
1141,6/6/2022 10:00,13.85,19.65
1142,6/6/2022 10:10,14.03,20.12
1143,6/6/2022 10:20,14.07,20.76
1144,6/6/2022 10:30,14.15,22.31
1145,6/6/2022 10:40,14.11,22.43
1146,6/6/2022 10:50,14.15,22.86
1147,6/6/2022 11:00,14.33,23.12
1148,6/6/2022 11:10,14.2,22.91
1149,6/6/2022 11:20,14.03,22.78
1150,6/6/2022 11:30,14.11,22.65
1151,6/6/2022 11:40,14.33,22.86
1152,6/6/2022 11:50,14.45,22.78
1153,6/6/2022 12:00,14.54,22.86
1154,6/6/2022 12:10,14.54,22.65
1155,6/6/2022 12:20,14.58,22.73
1156,6/6/2022 12:30,14.58,22.56
1157,6/6/2022 12:40,14.5,22.31
1158,6/6/2022 12:50,14.5,22.22
1159,6/6/2022 13:00,14.5,22.05
1160,6/6/2022 13:10,14.63,22.18
1161,6/6/2022 13:20,14.58,22.18
1162,6/6/2022 13:30,14.45,21.92
1163,6/6/2022 13:40,14.37,21.88
1164,6/6/2022 13:50,14.58,22.09
1165,6/6/2022 14:00,14.5,22.01
1166,6/6/2022 14:10,14.8,21.7
1167,6/6/2022 14:20,14.88,25.14
1168,6/6/2022 14:30,14.8,23.72
1169,6/6/2022 14:40,14.8,23.08
1170,6/6/2022 14:50,14.8,22.56
1171,6/6/2022 15:00,14.58,21.79
1172,6/6/2022 15:10,14.58,21.32
1173,6/6/2022 15:20,14.58,20.46
1174,6/6/2022 15:30,14.58,20.03
1175,6/6/2022 15:40,14.5,19.65
1176,6/6/2022 15:50,14.41,19.22
1177,6/6/2022 16:00,14.41,18.7
1178,6/6/2022 16:10,14.5,18.23
1179,6/6/2022 16:20,14.58,18.02
1180,6/6/2022 16:30,14.67,17.89
1181,6/6/2022 16:40,14.67,17.84
1182,6/6/2022 16:50,14.71,17.76
1183,6/6/2022 17:00,14.54,17.8
1184,6/6/2022 17:10,14.67,17.89
1185,6/6/2022 17:20,14.75,18.1
1186,6/6/2022 17:30,14.8,18.36
1187,6/6/2022 17:40,14.63,18.87
1188,6/6/2022 17:50,14.67,19.65
1189,6/6/2022 18:00,14.5,20.03
1190,6/6/2022 18:10,14.54,20.03
1191,6/6/2022 18:20,14.54,19.22
1192,6/6/2022 18:30,14.45,18.53
1193,6/6/2022 18:40,14.37,17.97
1194,6/6/2022 18:50,14.45,17.8
1195,6/6/2022 19:00,14.41,17.8
1196,6/6/2022 19:10,14.41,17.84
1197,6/6/2022 19:20,14.33,17.93
1198,6/6/2022 19:30,14.24,17.93
1199,6/6/2022 19:40,14.03,17.97
1200,6/6/2022 19:50,13.94,17.93
1201,6/6/2022 20:00,13.77,17.97
1202,6/6/2022 20:10,13.6,17.93
1203,6/6/2022 20:20,13.38,17.97
1204,6/6/2022 20:30,13.34,18.1
1205,6/6/2022 20:40,13.17,18.06
1206,6/6/2022 20:50,13.08,18.19
1207,6/6/2022 21:00,13.12,18.27
1208,6/6/2022 21:10,13.12,18.32
1209,6/6/2022 21:20,13.12,18.44
1210,6/6/2022 21:30,13.04,18.7
1211,6/6/2022 21:40,13,18.74
1212,6/6/2022 21:50,12.82,18.66
1213,6/6/2022 22:00,12.87,18.83
1214,6/6/2022 22:10,12.78,18.87
1215,6/6/2022 22:20,12.65,18.83
1216,6/6/2022 22:30,12.57,18.79
1217,6/6/2022 22:40,12.52,18.83
1218,6/6/2022 22:50,12.52,18.7
1219,6/6/2022 23:00,12.35,18.57
1220,6/6/2022 23:10,12.4,18.4
1221,6/6/2022 23:20,12.31,18.23
1222,6/6/2022 23:30,12.1,18.1
1223,6/6/2022 23:40,12.05,18.06
1224,6/6/2022 23:50,12.18,17.93
1225,6/7/2022 0:00,12.22,17.93
1226,6/7/2022 0:10,12.1,17.89
1227,6/7/2022 0:20,12.1,17.89
1228,6/7/2022 0:30,12.1,17.76
1229,6/7/2022 0:40,11.97,17.72
1230,6/7/2022 0:50,12.01,17.59
1231,6/7/2022 1:00,11.92,17.54
1232,6/7/2022 1:10,11.92,17.41
1233,6/7/2022 1:20,11.88,17.46
1234,6/7/2022 1:30,11.92,17.29
1235,6/7/2022 1:40,11.75,17.2
1236,6/7/2022 1:50,11.75,17.03
1237,6/7/2022 2:00,11.79,17.03
1238,6/7/2022 2:10,11.79,16.99
1239,6/7/2022 2:20,11.67,16.94
1240,6/7/2022 2:30,11.58,16.9
1241,6/7/2022 2:40,11.75,16.86
1242,6/7/2022 2:50,11.71,16.9
1243,6/7/2022 3:00,11.45,16.9
1244,6/7/2022 3:10,11.41,16.94
1245,6/7/2022 3:20,11.45,16.9
1246,6/7/2022 3:30,11.71,16.9
1247,6/7/2022 3:40,11.67,16.86
1248,6/7/2022 3:50,11.58,16.81
1249,6/7/2022 4:00,11.58,16.77
1250,6/7/2022 4:10,11.58,16.77
1251,6/7/2022 4:20,11.58,16.77
1252,6/7/2022 4:30,11.49,16.77
1253,6/7/2022 4:40,11.49,16.73
1254,6/7/2022 4:50,11.58,16.81
1255,6/7/2022 5:00,11.62,16.86
1256,6/7/2022 5:10,11.37,16.81
1257,6/7/2022 5:20,11.32,16.86
1258,6/7/2022 5:30,11.32,16.94
1259,6/7/2022 5:40,11.37,16.99
1260,6/7/2022 5:50,11.24,16.81
1261,6/7/2022 6:00,11.15,16.69
1262,6/7/2022 6:10,11.15,16.69
1263,6/7/2022 6:20,11.15,16.73
1264,6/7/2022 6:30,11.49,16.69
1265,6/7/2022 6:40,11.67,16.69
1266,6/7/2022 6:50,11.67,16.64
1267,6/7/2022 7:00,11.71,16.64
1268,6/7/2022 7:10,11.54,16.6
1269,6/7/2022 7:20,11.41,16.51
1270,6/7/2022 7:30,11.54,16.56
1271,6/7/2022 7:40,11.41,16.56
1272,6/7/2022 7:50,11.58,16.64
1273,6/7/2022 8:00,11.71,16.69
1274,6/7/2022 8:10,11.67,16.77
1275,6/7/2022 8:20,11.58,16.81
1276,6/7/2022 8:30,11.71,16.86
1277,6/7/2022 8:40,11.71,16.99
1278,6/7/2022 8:50,11.97,17.2
1279,6/7/2022 9:00,12.27,17.46
1280,6/7/2022 9:10,12.57,17.59
1281,6/7/2022 9:20,12.95,17.72
1282,6/7/2022 9:30,13.21,17.72
1283,6/7/2022 9:40,11.54,17.76
1284,6/7/2022 9:50,11.49,17.24
1285,6/7/2022 10:00,11.97,16.9
1286,6/7/2022 10:10,12.1,16.77
1287,6/7/2022 10:20,11.88,17.07
1288,6/7/2022 10:30,11.54,17.46
1289,6/7/2022 10:40,11.45,17.67
1290,6/7/2022 10:50,11.92,18.62
1291,6/7/2022 11:00,12.14,19.73
1292,6/7/2022 11:10,12.22,20.2
1293,6/7/2022 11:20,12.44,20.63
1294,6/7/2022 11:30,12.61,22.73
1295,6/7/2022 11:40,12.95,23.94
1296,6/7/2022 11:50,13.12,24.88
1297,6/7/2022 12:00,13.51,26.34
1298,6/7/2022 12:10,13.77,25.44
1299,6/7/2022 12:20,13.81,24.66
1300,6/7/2022 12:30,13.64,25.74
1301,6/7/2022 12:40,13.81,25.09
1302,6/7/2022 12:50,13.94,25.74
1303,6/7/2022 13:00,14.24,24.75
1304,6/7/2022 13:10,14.24,24.41
1305,6/7/2022 13:20,14.11,24.06
1306,6/7/2022 13:30,14.03,22.73
1307,6/7/2022 13:40,14.03,24.11
1308,6/7/2022 13:50,14.15,23.59
1309,6/7/2022 14:00,14.2,22.78
1310,6/7/2022 14:10,13.77,20.89
1311,6/7/2022 14:20,13.73,20.63
1312,6/7/2022 14:30,13.68,21.02
1313,6/7/2022 14:40,13.85,22.82
1314,6/7/2022 14:50,13.77,24.15
1315,6/7/2022 15:00,13.77,22.78
1316,6/7/2022 15:10,13.47,21.75
1317,6/7/2022 15:20,13.51,20.12
1318,6/7/2022 15:30,13.64,19.17
1319,6/7/2022 15:40,13.47,18.74
1320,6/7/2022 15:50,13.51,18.66
1321,6/7/2022 16:00,13.77,18.49
1322,6/7/2022 16:10,13.94,18.32
1323,6/7/2022 16:20,13.81,18.23
1324,6/7/2022 16:30,13.98,18.32
1325,6/7/2022 16:40,13.77,18.32
1326,6/7/2022 16:50,13.98,18.74
1327,6/7/2022 17:00,14.2,18.92
1328,6/7/2022 17:10,13.98,18.23
1329,6/7/2022 17:20,13.94,17.89
1330,6/7/2022 17:30,14.11,17.8
1331,6/7/2022 17:40,14.37,17.84
1332,6/7/2022 17:50,14.45,17.89
1333,6/7/2022 18:00,14.41,18.14
1334,6/7/2022 18:10,14.54,18.7
1335,6/7/2022 18:20,14.5,19.22
1336,6/7/2022 18:30,14.41,19.56
1337,6/7/2022 18:40,14.45,19.73
1338,6/7/2022 18:50,14.11,19.09
1339,6/7/2022 19:00,13.85,18.32
1340,6/7/2022 19:10,13.94,17.93
1341,6/7/2022 19:20,13.77,17.59
1342,6/7/2022 19:30,13.81,17.41
1343,6/7/2022 19:40,13.73,17.29
1344,6/7/2022 19:50,13.51,17.2
1345,6/7/2022 20:00,13.51,17.29
1346,6/7/2022 20:10,13.64,17.29
1347,6/7/2022 20:20,13.38,17.29
1348,6/7/2022 20:30,13.43,17.33
1349,6/7/2022 20:40,13.38,17.41
1350,6/7/2022 20:50,13.43,17.37
1351,6/7/2022 21:00,13.43,17.37
1352,6/7/2022 21:10,13.38,17.33
1353,6/7/2022 21:20,13.38,17.33
1354,6/7/2022 21:30,13.51,17.29
1355,6/7/2022 21:40,13.43,17.2
1356,6/7/2022 21:50,13.47,17.24
1357,6/7/2022 22:00,13.34,17.24
1358,6/7/2022 22:10,13.3,17.46
1359,6/7/2022 22:20,13.25,17.63
1360,6/7/2022 22:30,13.21,17.84
1361,6/7/2022 22:40,13.25,17.93
1362,6/7/2022 22:50,13.25,18.06
1363,6/7/2022 23:00,13.25,18.06
1364,6/7/2022 23:10,13.25,17.97
1365,6/7/2022 23:20,13.3,17.76
1366,6/7/2022 23:30,13.38,17.63
1367,6/7/2022 23:40,13.34,17.72
1368,6/7/2022 23:50,13.25,17.8
1369,6/8/2022 0:00,13.08,17.63
1370,6/8/2022 0:10,13.17,17.67
1371,6/8/2022 0:20,13.08,17.76
1372,6/8/2022 0:30,13.08,17.5
1373,6/8/2022 0:40,13.08,17.33
1374,6/8/2022 0:50,13.12,17.16
1375,6/8/2022 1:00,13,17.11
1376,6/8/2022 1:10,13,16.99
1377,6/8/2022 1:20,13,16.94
1378,6/8/2022 1:30,12.95,16.9
1379,6/8/2022 1:40,12.87,16.77
1380,6/8/2022 1:50,12.91,16.64
1381,6/8/2022 2:00,12.82,16.6
1382,6/8/2022 2:10,12.74,16.56
1383,6/8/2022 2:20,12.74,16.47
1384,6/8/2022 2:30,12.74,16.47
1385,6/8/2022 2:40,12.74,16.43
1386,6/8/2022 2:50,12.78,16.43
1387,6/8/2022 3:00,12.7,16.51
1388,6/8/2022 3:10,12.7,16.64
1389,6/8/2022 3:20,12.7,16.73
1390,6/8/2022 3:30,12.61,16.81
1391,6/8/2022 3:40,12.52,16.81
1392,6/8/2022 3:50,12.57,16.86
1393,6/8/2022 4:00,12.52,16.9
1394,6/8/2022 4:10,12.65,16.99
1395,6/8/2022 4:20,12.52,16.9
1396,6/8/2022 4:30,12.48,16.86
1397,6/8/2022 4:40,12.52,16.77
1398,6/8/2022 4:50,12.61,16.77
1399,6/8/2022 5:00,12.61,16.69
1400,6/8/2022 5:10,12.65,16.69
1401,6/8/2022 5:20,12.82,16.69
1402,6/8/2022 5:30,12.87,16.69
1403,6/8/2022 5:40,12.91,16.6
1404,6/8/2022 5:50,12.87,16.51
1405,6/8/2022 6:00,13,16.51
1406,6/8/2022 6:10,12.95,16.43
1407,6/8/2022 6:20,12.87,16.39
1408,6/8/2022 6:30,12.78,16.13
1409,6/8/2022 6:40,12.78,16.08
1410,6/8/2022 6:50,12.74,16.13
1411,6/8/2022 7:00,12.74,16.17
1412,6/8/2022 7:10,12.78,16.51
1413,6/8/2022 7:20,13.04,16.77
1414,6/8/2022 7:30,13.25,16.86
1415,6/8/2022 7:40,13.43,16.94
1416,6/8/2022 7:50,13.6,17.03
1417,6/8/2022 8:00,13.51,17.11
1418,6/8/2022 8:10,13.68,17.16
1419,6/8/2022 8:20,13.81,17.2
1420,6/8/2022 8:30,13.81,17.2
1421,6/8/2022 8:40,13.73,17.16
1422,6/8/2022 8:50,13.55,17.24
1423,6/8/2022 9:00,13.43,17.16
1424,6/8/2022 9:10,13.51,17.33
1425,6/8/2022 9:20,13.43,17.41
1426,6/8/2022 9:30,13.38,17.24
1427,6/8/2022 9:40,13.51,17.41
1428,6/8/2022 9:50,13.38,17.33
1429,6/8/2022 10:00,13.55,17.63
1430,6/8/2022 10:10,13.47,17.72
1431,6/8/2022 10:20,13.81,17.89
1432,6/8/2022 10:30,13.73,18.23
1433,6/8/2022 10:40,13.85,18.27
1434,6/8/2022 10:50,13.85,18.44
1435,6/8/2022 11:00,13.85,18.7
1436,6/8/2022 11:10,13.85,19
1437,6/8/2022 11:20,13.9,19.22
1438,6/8/2022 11:30,14.11,19.77
1439,6/8/2022 11:40,13.98,20.2
1440,6/8/2022 11:50,13.9,20.33
1441,6/8/2022 12:00,13.73,20.8
1442,6/8/2022 12:10,13.73,21.06
1443,6/8/2022 12:20,13.43,20.76
1444,6/8/2022 12:30,13.6,20.07
1445,6/8/2022 12:40,13.73,20.76
1446,6/8/2022 12:50,14.07,21.23
1447,6/8/2022 13:00,14.11,20.03
1448,6/8/2022 13:10,14.2,20.93
1449,6/8/2022 13:20,14.45,22.01
1450,6/8/2022 13:30,14.63,23.25
1451,6/8/2022 13:40,14.71,22.82
1452,6/8/2022 13:50,14.67,23.08
1453,6/8/2022 14:00,14.67,22.61
1454,6/8/2022 14:10,14.71,22.61
1455,6/8/2022 14:20,14.67,22.52
1456,6/8/2022 14:30,14.8,22.73
1457,6/8/2022 14:40,14.63,22.91
1458,6/8/2022 14:50,14.75,23.85
1459,6/8/2022 15:00,14.63,25.18
1460,6/8/2022 15:10,14.67,23.55
1461,6/8/2022 15:20,14.45,22.61
1462,6/8/2022 15:30,14.24,22.01
1463,6/8/2022 15:40,14.28,21.02
1464,6/8/2022 15:50,14.28,20.25
1465,6/8/2022 16:00,14.24,20.03
1466,6/8/2022 16:10,14.15,20.5
1467,6/8/2022 16:20,14.41,20.59
1468,6/8/2022 16:30,14.28,20.2
1469,6/8/2022 16:40,14.24,19.73
1470,6/8/2022 16:50,14.41,19.26
1471,6/8/2022 17:00,14.24,19.17
1472,6/8/2022 17:10,14.28,19.22
1473,6/8/2022 17:20,14.11,19.17
1474,6/8/2022 17:30,13.85,18.92
1475,6/8/2022 17:40,13.77,18.49
1476,6/8/2022 17:50,13.73,17.8
1477,6/8/2022 18:00,13.6,17.8
1478,6/8/2022 18:10,13.6,18.32
1479,6/8/2022 18:20,13.47,19.95
1480,6/8/2022 18:30,13.43,20.16
1481,6/8/2022 18:40,13.21,19.09
1482,6/8/2022 18:50,13.17,18.23
1483,6/8/2022 19:00,13.04,17.84
1484,6/8/2022 19:10,12.91,17.54
1485,6/8/2022 19:20,12.95,17.37
1486,6/8/2022 19:30,13.04,17.37
1487,6/8/2022 19:40,13.3,17.41
1488,6/8/2022 19:50,13.17,17.29
1489,6/8/2022 20:00,13.12,17.07
1490,6/8/2022 20:10,13.08,16.99
1491,6/8/2022 20:20,13.17,16.94
1492,6/8/2022 20:30,12.95,16.81
1493,6/8/2022 20:40,13.21,16.9
1494,6/8/2022 20:50,13.12,16.94
1495,6/8/2022 21:00,13.12,16.99
1496,6/8/2022 21:10,13.12,17.03
1497,6/8/2022 21:20,13.08,17.07
1498,6/8/2022 21:30,13.08,17.29
1499,6/8/2022 21:40,13,17.33
1500,6/8/2022 21:50,12.91,17.07
1501,6/8/2022 22:00,13,17.16
1502,6/8/2022 22:10,13.04,17.67
1503,6/8/2022 22:20,12.87,17.84
1504,6/8/2022 22:30,12.87,17.67
1505,6/8/2022 22:40,12.74,17.93
1506,6/8/2022 22:50,12.61,17.41
1507,6/8/2022 23:00,12.82,17.03
1508,6/8/2022 23:10,12.82,17.41
1509,6/8/2022 23:20,12.78,17.37
1510,6/8/2022 23:30,12.78,16.94
1511,6/8/2022 23:40,12.78,16.6
1512,6/8/2022 23:50,12.78,16.6
1513,6/9/2022 0:00,12.7,16.77
1514,6/9/2022 0:10,12.74,16.77
1515,6/9/2022 0:20,12.65,16.47
1516,6/9/2022 0:30,12.57,16.81
1517,6/9/2022 0:40,12.61,17.03
1518,6/9/2022 0:50,12.18,16.99
1519,6/9/2022 1:00,12.18,16.77
1520,6/9/2022 1:10,12.1,16.77
1521,6/9/2022 1:20,12.18,16.94
1522,6/9/2022 1:30,12.18,16.9
1523,6/9/2022 1:40,12.22,16.64
1524,6/9/2022 1:50,12.31,16.39
1525,6/9/2022 2:00,12.22,16.3
1526,6/9/2022 2:10,12.01,16.04
1527,6/9/2022 2:20,11.84,16
1528,6/9/2022 2:30,11.92,15.83
1529,6/9/2022 2:40,11.84,15.31
1530,6/9/2022 2:50,11.75,14.93
1531,6/9/2022 3:00,11.79,14.75
1532,6/9/2022 3:10,11.75,14.63
1533,6/9/2022 3:20,11.71,14.54
1534,6/9/2022 3:30,11.75,14.41
1535,6/9/2022 3:40,11.79,14.37
1536,6/9/2022 3:50,11.75,14.58
1537,6/9/2022 4:00,11.79,14.75
1538,6/9/2022 4:10,11.75,14.71
1539,6/9/2022 4:20,11.67,14.67
1540,6/9/2022 4:30,11.58,14.58
1541,6/9/2022 4:40,11.54,14.58
1542,6/9/2022 4:50,11.54,14.58
1543,6/9/2022 5:00,11.54,14.54
1544,6/9/2022 5:10,11.67,14.58
1545,6/9/2022 5:20,11.75,14.8
1546,6/9/2022 5:30,11.75,15.1
1547,6/9/2022 5:40,11.71,15.31
1548,6/9/2022 5:50,11.75,15.36
1549,6/9/2022 6:00,11.88,15.48
1550,6/9/2022 6:10,11.97,15.53
1551,6/9/2022 6:20,12.1,15.7
1552,6/9/2022 6:30,12.05,15.83
1553,6/9/2022 6:40,12.31,15.87
1554,6/9/2022 6:50,12.44,15.91
1555,6/9/2022 7:00,12.57,15.91
1556,6/9/2022 7:10,12.78,15.87
1557,6/9/2022 7:20,12.91,15.83
1558,6/9/2022 7:30,12.48,15.78
1559,6/9/2022 7:40,12.48,15.7
1560,6/9/2022 7:50,12.7,15.66
1561,6/9/2022 8:00,12.87,15.66
1562,6/9/2022 8:10,12.82,15.53
1563,6/9/2022 8:20,12.95,15.44
1564,6/9/2022 8:30,13.17,15.48
1565,6/9/2022 8:40,13.3,15.44
1566,6/9/2022 8:50,13.47,15.57
1567,6/9/2022 9:00,13.55,15.7
1568,6/9/2022 9:10,13.77,15.74
1569,6/9/2022 9:20,14.37,15.91
1570,6/9/2022 9:30,15.18,16.04
1571,6/9/2022 9:40,15.83,16.26
1572,6/9/2022 9:50,15.78,16.43
1573,6/9/2022 10:00,14.8,16.51
1574,6/9/2022 10:10,14.67,16.56
1575,6/9/2022 10:20,14.8,16.64
1576,6/9/2022 10:30,14.63,16.94
1577,6/9/2022 10:40,14.11,16.94
1578,6/9/2022 10:50,13.77,17.07
1579,6/9/2022 11:00,13.9,17.29
1580,6/9/2022 11:10,14.07,17.5
1581,6/9/2022 11:20,13.98,17.63
1582,6/9/2022 11:30,14.03,18.06
1583,6/9/2022 11:40,14.2,18.62
1584,6/9/2022 11:50,14.28,18.92
1585,6/9/2022 12:00,14.67,19.17
1586,6/9/2022 12:10,14.71,20.03
1587,6/9/2022 12:20,14.63,21.1
1588,6/9/2022 12:30,14.75,21.79
1589,6/9/2022 12:40,15.18,22.39
1590,6/9/2022 12:50,15.48,22.91
1591,6/9/2022 13:00,15.74,22.73
1592,6/9/2022 13:10,16.13,22.78
1593,6/9/2022 13:20,16.3,22.82
1594,6/9/2022 13:30,17.03,23.34
1595,6/9/2022 13:40,17.59,23.76
1596,6/9/2022 13:50,17.41,24.54
1597,6/9/2022 14:00,17.63,25.14
1598,6/9/2022 14:10,17.41,25.22
1599,6/9/2022 14:20,17.29,24.49
1600,6/9/2022 14:30,16.81,23.21
1601,6/9/2022 14:40,16.77,24.28
1602,6/9/2022 14:50,17.29,24.11
1603,6/9/2022 15:00,17.2,23.85
1604,6/9/2022 15:10,17.24,23.38
1605,6/9/2022 15:20,17.16,23.08
1606,6/9/2022 15:30,17.11,22.73
1607,6/9/2022 15:40,16.43,22.35
1608,6/9/2022 15:50,16.17,21.79
1609,6/9/2022 16:00,16.26,21.28
1610,6/9/2022 16:10,16.04,20.68
1611,6/9/2022 16:20,16.17,19.99
1612,6/9/2022 16:30,16.04,19.73
1613,6/9/2022 16:40,16.13,19.39
1614,6/9/2022 16:50,16.13,19.05
1615,6/9/2022 17:00,16.21,18.57
1616,6/9/2022 17:10,16.21,18.32
1617,6/9/2022 17:20,15.96,17.76
1618,6/9/2022 17:30,16.08,17.37
1619,6/9/2022 17:40,15.96,17.29
1620,6/9/2022 17:50,15.78,17.11
1621,6/9/2022 18:00,15.66,17.03
1622,6/9/2022 18:10,15.57,17.07
1623,6/9/2022 18:20,15.53,17.29
1624,6/9/2022 18:30,15.27,17.8
1625,6/9/2022 18:40,15.14,18.14
1626,6/9/2022 18:50,15.48,18.4
1627,6/9/2022 19:00,15.78,18.57
1628,6/9/2022 19:10,15.91,18.36
1629,6/9/2022 19:20,15.74,17.76
1630,6/9/2022 19:30,15.74,17.37
1631,6/9/2022 19:40,15.74,17.2
1632,6/9/2022 19:50,15.7,17.2
1633,6/9/2022 20:00,15.57,17.16
1634,6/9/2022 20:10,15.23,17.11
1635,6/9/2022 20:20,15.06,17.03
1636,6/9/2022 20:30,15.14,16.81
1637,6/9/2022 20:40,15.14,16.77
1638,6/9/2022 20:50,15.18,16.73
1639,6/9/2022 21:00,15.18,16.77
1640,6/9/2022 21:10,15.06,16.69
1641,6/9/2022 21:20,14.88,16.69
1642,6/9/2022 21:30,14.84,16.69
1643,6/9/2022 21:40,14.75,16.73
1644,6/9/2022 21:50,14.93,16.69
1645,6/9/2022 22:00,14.93,16.73
1646,6/9/2022 22:10,14.97,16.9
1647,6/9/2022 22:20,15.01,17.11
1648,6/9/2022 22:30,14.97,17.2
1649,6/9/2022 22:40,14.93,17.37
1650,6/9/2022 22:50,14.97,17.5
1651,6/9/2022 23:00,14.97,17.41
1652,6/9/2022 23:10,14.93,17.41
1653,6/9/2022 23:20,15.01,17.37
1654,6/9/2022 23:30,15.23,17.41
1655,6/9/2022 23:40,15.14,17.41
1656,6/9/2022 23:50,14.84,17.37
1657,6/10/2022 0:00,14.93,17.37
1658,6/10/2022 0:10,15.01,17.37
1659,6/10/2022 0:20,14.67,17.41
1660,6/10/2022 0:30,14.54,17.37
1661,6/10/2022 0:40,14.5,17.41
1662,6/10/2022 0:50,14.2,17.46
1663,6/10/2022 1:00,13.81,17.46
1664,6/10/2022 1:10,13.73,17.41
1665,6/10/2022 1:20,13.68,17.41
1666,6/10/2022 1:30,13.68,17.41
1667,6/10/2022 1:40,13.64,17.46
1668,6/10/2022 1:50,13.68,17.37
1669,6/10/2022 2:00,13.77,17.29
1670,6/10/2022 2:10,13.73,17.37
1671,6/10/2022 2:20,13.85,17.29
1672,6/10/2022 2:30,13.9,17.11
1673,6/10/2022 2:40,14.03,16.94
1674,6/10/2022 2:50,14.24,16.64
1675,6/10/2022 3:00,14.41,16.39
1676,6/10/2022 3:10,14.5,15.91
1677,6/10/2022 3:20,14.54,15.78
1678,6/10/2022 3:30,14.58,15.7
1679,6/10/2022 3:40,14.97,15.53
1680,6/10/2022 3:50,15.23,15.18
1681,6/10/2022 4:00,15.1,14.97
1682,6/10/2022 4:10,14.88,14.84
1683,6/10/2022 4:20,14.8,14.63
1684,6/10/2022 4:30,14.75,14.67
1685,6/10/2022 4:40,14.67,14.5
1686,6/10/2022 4:50,14.71,14.5
1687,6/10/2022 5:00,14.24,14.8
1688,6/10/2022 5:10,13.68,14.84
1689,6/10/2022 5:20,13.55,15.06
1690,6/10/2022 5:30,13.77,15.36
1691,6/10/2022 5:40,13.9,15.78
1692,6/10/2022 5:50,13.3,16.04
1693,6/10/2022 6:00,13.25,16.21
1694,6/10/2022 6:10,13.08,16.39
1695,6/10/2022 6:20,12.82,16.47
1696,6/10/2022 6:30,12.74,16.56
1697,6/10/2022 6:40,12.74,16.69
1698,6/10/2022 6:50,12.31,16.69
1699,6/10/2022 7:00,12.05,16.64
1700,6/10/2022 7:10,12.01,16.6
1701,6/10/2022 7:20,12.18,16.6
1702,6/10/2022 7:30,12.7,16.69
1703,6/10/2022 7:40,12.91,16.73
1704,6/10/2022 7:50,13.38,16.86
1705,6/10/2022 8:00,13.64,16.9
1706,6/10/2022 8:10,13.98,16.94
1707,6/10/2022 8:20,14.45,17.03
1708,6/10/2022 8:30,14.75,17.07
1709,6/10/2022 8:40,15.01,17.11
1710,6/10/2022 8:50,14.67,17.2
1711,6/10/2022 9:00,14.71,17.16
1712,6/10/2022 9:10,14.97,17.16
1713,6/10/2022 9:20,15.1,17.24
1714,6/10/2022 9:30,15.53,17.33
1715,6/10/2022 9:40,16,17.37
1716,6/10/2022 9:50,15.83,17.5
1717,6/10/2022 10:00,16.04,17.59
1718,6/10/2022 10:10,16.26,17.72
1719,6/10/2022 10:20,16.39,17.8
1720,6/10/2022 10:30,16.04,17.93
1721,6/10/2022 10:40,15.87,18.02
1722,6/10/2022 10:50,16.08,18.19
1723,6/10/2022 11:00,16.47,18.27
1724,6/10/2022 11:10,16.9,18.49
1725,6/10/2022 11:20,16.26,18.57
1726,6/10/2022 11:30,15.7,18.87
1727,6/10/2022 11:40,15.78,19.09
1728,6/10/2022 11:50,16.3,19.39
1729,6/10/2022 12:00,16.43,19.6
1730,6/10/2022 12:10,16.3,19.86
1731,6/10/2022 12:20,16.08,20.07
1732,6/10/2022 12:30,15.78,20.5
1733,6/10/2022 12:40,15.48,20.98
1734,6/10/2022 12:50,15.61,21.36
1735,6/10/2022 13:00,15.7,21.83
1736,6/10/2022 13:10,15.91,22.35
1737,6/10/2022 13:20,16.47,22.86
1738,6/10/2022 13:30,16.81,23.85
1739,6/10/2022 13:40,16.9,24.49
1740,6/10/2022 13:50,16.9,24.62
1741,6/10/2022 14:00,16.64,24.41
1742,6/10/2022 14:10,16.9,24.92
1743,6/10/2022 14:20,17.03,25.74
1744,6/10/2022 14:30,16.99,26.34
1745,6/10/2022 14:40,16.77,26.21
1746,6/10/2022 14:50,17.07,25.78
1747,6/10/2022 15:00,17.16,25.44
1748,6/10/2022 15:10,17.29,24.84
1749,6/10/2022 15:20,17.2,24.54
1750,6/10/2022 15:30,17.07,24.41
1751,6/10/2022 15:40,17.07,24.11
1752,6/10/2022 15:50,17.16,23.68
1753,6/10/2022 16:00,16.99,23.25
1754,6/10/2022 16:10,16.9,22.48
1755,6/10/2022 16:20,16.94,21.83
1756,6/10/2022 16:30,16.56,21.4
1757,6/10/2022 16:40,16.9,21.28
1758,6/10/2022 16:50,16.94,20.8
1759,6/10/2022 17:00,17.03,20.25
1760,6/10/2022 17:10,16.64,19.82
1761,6/10/2022 17:20,16.6,19.56
1762,6/10/2022 17:30,16.51,19.09
1763,6/10/2022 17:40,16.73,18.62
1764,6/10/2022 17:50,16.73,18.53
1765,6/10/2022 18:00,16.86,18.4
1766,6/10/2022 18:10,16.81,18.27
1767,6/10/2022 18:20,16.94,18.57
1768,6/10/2022 18:30,16.9,19.52
1769,6/10/2022 18:40,16.86,20.8
1770,6/10/2022 18:50,16.81,21.28
1771,6/10/2022 19:00,16.99,20.63
1772,6/10/2022 19:10,16.77,19.9
1773,6/10/2022 19:20,16.43,19.26
1774,6/10/2022 19:30,16.08,18.79
1775,6/10/2022 19:40,16.13,18.53
1776,6/10/2022 19:50,15.74,18.53
1777,6/10/2022 20:00,15.57,18.27
1778,6/10/2022 20:10,15.66,17.72
1779,6/10/2022 20:20,15.57,17.59
1780,6/10/2022 20:30,15.48,17.46
1781,6/10/2022 20:40,15.18,17.46
1782,6/10/2022 20:50,15.14,17.33
1783,6/10/2022 21:00,15.06,17.33
1784,6/10/2022 21:10,14.97,17.24
1785,6/10/2022 21:20,14.88,17.07
1786,6/10/2022 21:30,14.71,17.07
1787,6/10/2022 21:40,14.63,17.03
1788,6/10/2022 21:50,14.71,17.03
1789,6/10/2022 22:00,14.71,16.94
1790,6/10/2022 22:10,14.63,16.99
1791,6/10/2022 22:20,14.71,16.94
1792,6/10/2022 22:30,14.54,17.11
1793,6/10/2022 22:40,14.28,17.37
1794,6/10/2022 22:50,13.98,17.8
1795,6/10/2022 23:00,13.85,18.32
1796,6/10/2022 23:10,13.94,18.66
1797,6/10/2022 23:20,14.03,18.79
1798,6/10/2022 23:30,13.98,18.74
1799,6/10/2022 23:40,13.94,18.7
1800,6/10/2022 23:50,13.9,18.66
1801,6/11/2022 0:00,13.9,18.62
1802,6/11/2022 0:10,13.68,18.57
1803,6/11/2022 0:20,13.6,18.62
1804,6/11/2022 0:30,13.68,18.66
1805,6/11/2022 0:40,13.85,18.66
1806,6/11/2022 0:50,13.73,18.57
1807,6/11/2022 1:00,13.77,18.62
1808,6/11/2022 1:10,13.81,18.66
1809,6/11/2022 1:20,13.81,18.66
1810,6/11/2022 1:30,13.9,18.74
1811,6/11/2022 1:40,14.15,18.74
1812,6/11/2022 1:50,13.17,18.74
1813,6/11/2022 2:00,12.78,18.57
1814,6/11/2022 2:10,12.52,18.53
1815,6/11/2022 2:20,12.48,18.4
1816,6/11/2022 2:30,12.4,18.27
1817,6/11/2022 2:40,12.22,18.14
1818,6/11/2022 2:50,12.14,17.89
1819,6/11/2022 3:00,12.01,17.72
1820,6/11/2022 3:10,11.88,17.41
1821,6/11/2022 3:20,12.18,17.03
1822,6/11/2022 3:30,12.35,17.03
1823,6/11/2022 3:40,12.44,16.99
1824,6/11/2022 3:50,12.4,16.17
1825,6/11/2022 4:00,12.31,14.8
1826,6/11/2022 4:10,12.18,14.37
1827,6/11/2022 4:20,12.27,14.15
1828,6/11/2022 4:30,12.31,14.2
1829,6/11/2022 4:40,12.27,14.24
1830,6/11/2022 4:50,12.01,13.98
1831,6/11/2022 5:00,11.97,13.94
1832,6/11/2022 5:10,11.97,13.51
1833,6/11/2022 5:20,12.1,13.3
1834,6/11/2022 5:30,12.18,13.12
1835,6/11/2022 5:40,12.01,12.95
1836,6/11/2022 5:50,12.14,12.87
1837,6/11/2022 6:00,12.35,13
1838,6/11/2022 6:10,12.35,13.08
1839,6/11/2022 6:20,12.22,12.95
1840,6/11/2022 6:30,12.35,13.17
1841,6/11/2022 6:40,12.48,13.47
1842,6/11/2022 6:50,12.65,14.28
1843,6/11/2022 7:00,12.78,15.87
1844,6/11/2022 7:10,13.17,16.69
1845,6/11/2022 7:20,13,17.24
1846,6/11/2022 7:30,12.14,17.41
1847,6/11/2022 7:40,11.62,17.33
1848,6/11/2022 7:50,11.79,17.29
1849,6/11/2022 8:00,11.71,17.24
1850,6/11/2022 8:10,11.79,17.11
1851,6/11/2022 8:20,11.92,16.9
1852,6/11/2022 8:30,12.1,16.77
1853,6/11/2022 8:40,12.1,16.77
1854,6/11/2022 8:50,12.18,16.86
1855,6/11/2022 9:00,12.35,16.86
1856,6/11/2022 9:10,12.18,16.99
1857,6/11/2022 9:20,12.48,17.07
1858,6/11/2022 9:30,12.61,17.11
1859,6/11/2022 9:40,12.78,17.16
1860,6/11/2022 9:50,12.87,17.29
1861,6/11/2022 10:00,13.12,17.37
1862,6/11/2022 10:10,13.17,17.37
1863,6/11/2022 10:20,13.21,17.5
1864,6/11/2022 10:30,13.38,17.63
1865,6/11/2022 10:40,13.47,17.72
1866,6/11/2022 10:50,13.6,17.8
1867,6/11/2022 11:00,13.85,17.89
1868,6/11/2022 11:10,14.54,18.02
1869,6/11/2022 11:20,15.06,18.06
1870,6/11/2022 11:30,14.93,18.23
1871,6/11/2022 11:40,14.63,18.36
1872,6/11/2022 11:50,14.67,18.49
1873,6/11/2022 12:00,14.71,18.53
1874,6/11/2022 12:10,14.97,18.66
1875,6/11/2022 12:20,15.53,18.92
1876,6/11/2022 12:30,15.7,19.05
1877,6/11/2022 12:40,16,19.13
1878,6/11/2022 12:50,15.87,19.47
1879,6/11/2022 13:00,15.87,19.77
1880,6/11/2022 13:10,16.08,20.03
1881,6/11/2022 13:20,16.04,20.2
1882,6/11/2022 13:30,16.26,20.46
1883,6/11/2022 13:40,16.51,20.8
1884,6/11/2022 13:50,16.26,21.15
1885,6/11/2022 14:00,16.04,21.58
1886,6/11/2022 14:10,15.61,21.79
1887,6/11/2022 14:20,15.53,22.22
1888,6/11/2022 14:30,15.61,22.61
1889,6/11/2022 14:40,15.53,22.86
1890,6/11/2022 14:50,15.36,23.12
1891,6/11/2022 15:00,15.27,23.42
1892,6/11/2022 15:10,15.31,23.68
1893,6/11/2022 15:20,15.23,23.98
1894,6/11/2022 15:30,15.31,24.58
1895,6/11/2022 15:40,15.4,25.01
1896,6/11/2022 15:50,15.27,25.18
1897,6/11/2022 16:00,15.31,24.84
1898,6/11/2022 16:10,15.36,24.28
1899,6/11/2022 16:20,15.48,23.81
1900,6/11/2022 16:30,15.18,22.35
1901,6/11/2022 16:40,15.18,21.28
1902,6/11/2022 16:50,14.97,20.37
1903,6/11/2022 17:00,14.97,19.95
1904,6/11/2022 17:10,15.06,19.65
1905,6/11/2022 17:20,14.84,19.26
1906,6/11/2022 17:30,14.75,19
1907,6/11/2022 17:40,14.71,18.66
1908,6/11/2022 17:50,14.71,18.44
1909,6/11/2022 18:00,14.58,18.49
1910,6/11/2022 18:10,14.8,18.62
1911,6/11/2022 18:20,14.8,18.92
1912,6/11/2022 18:30,15.06,18.83
1913,6/11/2022 18:40,15.01,18.66
1914,6/11/2022 18:50,15.01,18.62
1915,6/11/2022 19:00,14.84,18.53
1916,6/11/2022 19:10,14.93,18.53
1917,6/11/2022 19:20,15.06,18.87
1918,6/11/2022 19:30,15.14,19.43
1919,6/11/2022 19:40,14.8,19.43
1920,6/11/2022 19:50,14.8,18.74
1921,6/11/2022 20:00,14.84,18.49
1922,6/11/2022 20:10,14.75,18.4
1923,6/11/2022 20:20,14.67,18.36
1924,6/11/2022 20:30,14.67,18.27
1925,6/11/2022 20:40,14.41,17.89
1926,6/11/2022 20:50,14.28,17.59
1927,6/11/2022 21:00,14.33,17.24
1928,6/11/2022 21:10,14.33,17.11
1929,6/11/2022 21:20,14.41,16.99
1930,6/11/2022 21:30,14.93,16.73
1931,6/11/2022 21:40,16.26,16.56
1932,6/11/2022 21:50,16.6,16.43
1933,6/11/2022 22:00,16.43,16.39
1934,6/11/2022 22:10,16.39,16.26
1935,6/11/2022 22:20,17.37,15.96
1936,6/11/2022 22:30,17.16,15.78
1937,6/11/2022 22:40,16.6,15.74
1938,6/11/2022 22:50,15.36,15.83
1939,6/11/2022 23:00,14.5,15.91
1940,6/11/2022 23:10,14.03,15.7
1941,6/11/2022 23:20,13.68,15.74
1942,6/11/2022 23:30,13.6,15.96
1943,6/11/2022 23:40,13.73,15.91
1944,6/11/2022 23:50,13.6,15.96
1945,6/12/2022 0:00,13.73,16.3
1946,6/12/2022 0:10,13.77,16.69
1947,6/12/2022 0:20,13.73,16.73
1948,6/12/2022 0:30,13.68,16.81
1949,6/12/2022 0:40,13.9,16.9
1950,6/12/2022 0:50,14.11,16.99
1951,6/12/2022 1:00,14.2,17.11
1952,6/12/2022 1:10,14.24,17.2
1953,6/12/2022 1:20,14.03,17.33
1954,6/12/2022 1:30,13.85,17.46
1955,6/12/2022 1:40,13.94,17.46
1956,6/12/2022 1:50,13.94,17.5
1957,6/12/2022 2:00,13.94,17.41
1958,6/12/2022 2:10,13.94,17.46
1959,6/12/2022 2:20,13.94,17.41
1960,6/12/2022 2:30,14.03,17.46
1961,6/12/2022 2:40,13.98,17.5
1962,6/12/2022 2:50,13.94,18.19
1963,6/12/2022 3:00,14.07,19
1964,6/12/2022 3:10,14.11,19.05
1965,6/12/2022 3:20,14.11,18.92
1966,6/12/2022 3:30,14.11,18.96
1967,6/12/2022 3:40,14.24,18.79
1968,6/12/2022 3:50,14.37,18.66
1969,6/12/2022 4:00,14.37,18.36
1970,6/12/2022 4:10,14.24,18.06
1971,6/12/2022 4:20,14.28,18.06
1972,6/12/2022 4:30,14.2,17.89
1973,6/12/2022 4:40,14.2,17.41
1974,6/12/2022 4:50,14.11,16.77
1975,6/12/2022 5:00,13.98,16.26
1976,6/12/2022 5:10,13.94,16
1977,6/12/2022 5:20,13.94,15.91
1978,6/12/2022 5:30,13.94,15.83
1979,6/12/2022 5:40,14.11,15.83
1980,6/12/2022 5:50,14.11,15.74
1981,6/12/2022 6:00,14.2,15.74
1982,6/12/2022 6:10,14.2,15.78
1983,6/12/2022 6:20,14.24,15.87
1984,6/12/2022 6:30,14.03,15.83
1985,6/12/2022 6:40,13.9,15.78
1986,6/12/2022 6:50,13.94,15.87
1987,6/12/2022 7:00,13.81,15.87
1988,6/12/2022 7:10,13.73,15.78
1989,6/12/2022 7:20,13.64,15.66
1990,6/12/2022 7:30,13.81,15.48
1991,6/12/2022 7:40,14.07,15.91
1992,6/12/2022 7:50,14.24,16.34
1993,6/12/2022 8:00,14.28,16.86
1994,6/12/2022 8:10,14.5,17.16
1995,6/12/2022 8:20,14.5,17.46
1996,6/12/2022 8:30,14.58,17.8
1997,6/12/2022 8:40,14.63,17.72
1998,6/12/2022 8:50,14.75,17.5
1999,6/12/2022 9:00,14.75,17.5
2000,6/12/2022 9:10,14.71,17.33
2001,6/12/2022 9:20,14.88,17.16
2002,6/12/2022 9:30,14.93,16.86
2003,6/12/2022 9:40,15.06,16.69
2004,6/12/2022 9:50,15.14,16.64
2005,6/12/2022 10:00,15.14,16.64
2006,6/12/2022 10:10,15.18,16.6
2007,6/12/2022 10:20,15.27,16.6
2008,6/12/2022 10:30,15.31,16.56
2009,6/12/2022 10:40,15.23,16.6
2010,6/12/2022 10:50,15.36,16.69
2011,6/12/2022 11:00,15.48,16.81
2012,6/12/2022 11:10,15.14,16.94
2013,6/12/2022 11:20,15.01,16.99
2014,6/12/2022 11:30,15.06,16.94
2015,6/12/2022 11:40,15.27,17.03
2016,6/12/2022 11:50,15.23,17.03
2017,6/12/2022 12:00,15.48,17.03
2018,6/12/2022 12:10,15.44,17.11
2019,6/12/2022 12:20,15.27,17.16
2020,6/12/2022 12:30,15.1,17.07
2021,6/12/2022 12:40,15.06,16.94
2022,6/12/2022 12:50,14.97,17.07
2023,6/12/2022 13:00,15.01,17.11
2024,6/12/2022 13:10,14.88,17.16
2025,6/12/2022 13:20,15.01,17.16
2026,6/12/2022 13:30,14.97,17.24
2027,6/12/2022 13:40,15.1,17.33
2028,6/12/2022 13:50,15.01,17.41
2029,6/12/2022 14:00,14.93,17.63
2030,6/12/2022 14:10,14.88,17.84
2031,6/12/2022 14:20,15.1,18.14
2032,6/12/2022 14:30,15.18,18.32
2033,6/12/2022 14:40,15.18,18.66
2034,6/12/2022 14:50,15.23,18.74
2035,6/12/2022 15:00,15.27,19
2036,6/12/2022 15:10,15.23,19.13
2037,6/12/2022 15:20,15.1,19.35
2038,6/12/2022 15:30,15.18,19.56
2039,6/12/2022 15:40,15.1,19.86
2040,6/12/2022 15:50,14.97,20.33
2041,6/12/2022 16:00,14.88,20.46
2042,6/12/2022 16:10,15.01,20.63
2043,6/12/2022 16:20,15.14,20.72
2044,6/12/2022 16:30,14.93,20.59
2045,6/12/2022 16:40,15.27,20.37
2046,6/12/2022 16:50,15.01,20.29
2047,6/12/2022 17:00,15.27,20.12
2048,6/12/2022 17:10,15.23,20.25
2049,6/12/2022 17:20,15.23,20.29
2050,6/12/2022 17:30,15.14,19.99
2051,6/12/2022 17:40,15.14,19.65
2052,6/12/2022 17:50,15.01,19.47
2053,6/12/2022 18:00,15.14,19.47
2054,6/12/2022 18:10,15.01,19.35
2055,6/12/2022 18:20,14.84,19.09
2056,6/12/2022 18:30,14.67,18.79
2057,6/12/2022 18:40,14.71,18.66
2058,6/12/2022 18:50,14.93,18.83
2059,6/12/2022 19:00,14.93,19.09
2060,6/12/2022 19:10,14.63,19.05
2061,6/12/2022 19:20,14.5,18.57
2062,6/12/2022 19:30,14.41,18.23
2063,6/12/2022 19:40,14.45,17.97
2064,6/12/2022 19:50,14.41,17.72
2065,6/12/2022 20:00,14.33,17.24
2066,6/12/2022 20:10,14.24,17.16
2067,6/12/2022 20:20,14.15,17.11
2068,6/12/2022 20:30,14.03,16.99
2069,6/12/2022 20:40,13.73,16.69
2070,6/12/2022 20:50,14.03,16.21
2071,6/12/2022 21:00,14.88,15.53
2072,6/12/2022 21:10,14.88,15.01
2073,6/12/2022 21:20,14.88,14.84
2074,6/12/2022 21:30,14.93,14.84
2075,6/12/2022 21:40,14.88,14.8
2076,6/12/2022 21:50,14.88,14.84
2077,6/12/2022 22:00,14.8,14.88
2078,6/12/2022 22:10,14.75,14.75
2079,6/12/2022 22:20,14.63,14.67
2080,6/12/2022 22:30,14.58,14.54
2081,6/12/2022 22:40,14.5,14.54
2082,6/12/2022 22:50,14.41,14.37
2083,6/12/2022 23:00,14.37,14.37
2084,6/12/2022 23:10,14.37,14.33
2085,6/12/2022 23:20,14.5,14.33
2086,6/12/2022 23:30,15.1,14.24
2087,6/12/2022 23:40,15.7,14.28
2088,6/12/2022 23:50,15.61,14.33
2089,6/13/2022 0:00,15.96,14.88
2090,6/13/2022 0:10,13.04,15.18
2091,6/13/2022 0:20,12.4,15.4
2092,6/13/2022 0:30,12.48,15.74
2093,6/13/2022 0:40,12.57,15.96
2094,6/13/2022 0:50,12.48,15.96
2095,6/13/2022 1:00,12.18,16.08
2096,6/13/2022 1:10,12.52,16
2097,6/13/2022 1:20,12.48,15.91
2098,6/13/2022 1:30,12.35,15.91
2099,6/13/2022 1:40,12.35,15.83
2100,6/13/2022 1:50,12.31,15.87
2101,6/13/2022 2:00,12.48,15.91
2102,6/13/2022 2:10,12.31,15.83
2103,6/13/2022 2:20,12.18,15.87
2104,6/13/2022 2:30,12.31,15.83
2105,6/13/2022 2:40,12.05,15.78
2106,6/13/2022 2:50,12.05,15.74
2107,6/13/2022 3:00,11.88,15.74
2108,6/13/2022 3:10,12.14,15.78
2109,6/13/2022 3:20,12.22,15.96
2110,6/13/2022 3:30,12.22,16
2111,6/13/2022 3:40,12.18,15.57
2112,6/13/2022 3:50,12.05,15.44
2113,6/13/2022 4:00,11.75,15.48
2114,6/13/2022 4:10,11.58,15.27
2115,6/13/2022 4:20,11.49,14.54
2116,6/13/2022 4:30,11.45,14.03
2117,6/13/2022 4:40,11.41,13.55
2118,6/13/2022 4:50,11.37,13.51
2119,6/13/2022 5:00,11.24,13.43
2120,6/13/2022 5:10,11.19,12.82
2121,6/13/2022 5:20,11.11,11.62
2122,6/13/2022 5:30,11.02,11.37
2123,6/13/2022 5:40,11.02,11.28
2124,6/13/2022 5:50,10.98,11.45
2125,6/13/2022 6:00,11.07,11.32
2126,6/13/2022 6:10,11.15,11.15
2127,6/13/2022 6:20,11.07,11.24
2128,6/13/2022 6:30,11.15,11.32
2129,6/13/2022 6:40,11.37,12.4
2130,6/13/2022 6:50,11.62,12.91
2131,6/13/2022 7:00,11.79,13.17
2132,6/13/2022 7:10,11.92,13.3
2133,6/13/2022 7:20,12.01,13.21
2134,6/13/2022 7:30,12.14,13.25
2135,6/13/2022 7:40,12.18,13.3
2136,6/13/2022 7:50,12.31,13.6
2137,6/13/2022 8:00,12.4,13.73
2138,6/13/2022 8:10,12.48,14.03
2139,6/13/2022 8:20,12.74,14.15
2140,6/13/2022 8:30,12.74,14.45
2141,6/13/2022 8:40,12.91,14.58
2142,6/13/2022 8:50,13,14.8
2143,6/13/2022 9:00,13.17,15.01
2144,6/13/2022 9:10,13.3,15.23
2145,6/13/2022 9:20,13.55,15.66
2146,6/13/2022 9:30,13.77,16.73
2147,6/13/2022 9:40,13.85,15.78
2148,6/13/2022 9:50,13.81,15.4
2149,6/13/2022 10:00,13.98,15.31
2150,6/13/2022 10:10,13.98,15.4
2151,6/13/2022 10:20,13.85,15.31
2152,6/13/2022 10:30,14.07,15.44
2153,6/13/2022 10:40,14.03,15.31
2154,6/13/2022 10:50,14.07,15.48
2155,6/13/2022 11:00,13.85,15.83
2156,6/13/2022 11:10,13.85,16.08
2157,6/13/2022 11:20,13.81,16.17
2158,6/13/2022 11:30,13.55,15.87
2159,6/13/2022 11:40,13.77,15.87
2160,6/13/2022 11:50,14.11,16
2161,6/13/2022 12:00,14.07,16.04
2162,6/13/2022 12:10,13.98,16.21
2163,6/13/2022 12:20,14.07,16.6
2164,6/13/2022 12:30,14.15,16.77
2165,6/13/2022 12:40,14.24,16.94
2166,6/13/2022 12:50,14.15,17.16
2167,6/13/2022 13:00,14.24,17.33
2168,6/13/2022 13:10,14.28,17.24
2169,6/13/2022 13:20,14.33,17.24
2170,6/13/2022 13:30,14.24,17.37
2171,6/13/2022 13:40,14.28,17.46
2172,6/13/2022 13:50,14.37,17.84
2173,6/13/2022 14:00,14.5,17.89
2174,6/13/2022 14:10,14.33,18.02
2175,6/13/2022 14:20,14.28,18.27
2176,6/13/2022 14:30,14.28,18.32
2177,6/13/2022 14:40,14.33,18.4
2178,6/13/2022 14:50,14.2,18.66
2179,6/13/2022 15:00,14.2,18.62
2180,6/13/2022 15:10,14.33,18.62
2181,6/13/2022 15:20,14.41,18.53
2182,6/13/2022 15:30,14.33,18.87
2183,6/13/2022 15:40,14.37,19.05
2184,6/13/2022 15:50,14.41,19.05
2185,6/13/2022 16:00,14.5,19.05
2186,6/13/2022 16:10,14.54,19
2187,6/13/2022 16:20,14.45,18.79
2188,6/13/2022 16:30,14.41,18.62
2189,6/13/2022 16:40,14.54,18.49
2190,6/13/2022 16:50,14.5,18.62
2191,6/13/2022 17:00,14.45,18.7
2192,6/13/2022 17:10,14.58,18.57
2193,6/13/2022 17:20,14.28,18.36
2194,6/13/2022 17:30,14.33,18.19
2195,6/13/2022 17:40,14.2,18.06
2196,6/13/2022 17:50,14.28,18.06
2197,6/13/2022 18:00,14.2,17.97
2198,6/13/2022 18:10,14.03,17.84
2199,6/13/2022 18:20,14.11,17.76
2200,6/13/2022 18:30,13.94,17.67
2201,6/13/2022 18:40,13.81,17.54
2202,6/13/2022 18:50,13.77,17.41
2203,6/13/2022 19:00,13.77,17.33
2204,6/13/2022 19:10,13.64,17.11
2205,6/13/2022 19:20,13.6,16.94
2206,6/13/2022 19:30,13.51,16.81
2207,6/13/2022 19:40,13.43,16.69
2208,6/13/2022 19:50,13.43,16.56
2209,6/13/2022 20:00,13.25,16.43
2210,6/13/2022 20:10,13.17,16.3
2211,6/13/2022 20:20,13.12,16.21
2212,6/13/2022 20:30,13.04,15.78
2213,6/13/2022 20:40,12.91,15.48
2214,6/13/2022 20:50,12.4,15.23
2215,6/13/2022 21:00,12.44,15.1
2216,6/13/2022 21:10,12.48,15.01
2217,6/13/2022 21:20,12.52,14.93
2218,6/13/2022 21:30,12.57,14.84
2219,6/13/2022 21:40,12.48,14.71
2220,6/13/2022 21:50,13.47,14.45
2221,6/13/2022 22:00,14.33,14.11
2222,6/13/2022 22:10,14.58,13.85
2223,6/13/2022 22:20,14.5,13.51
2224,6/13/2022 22:30,14.24,13.47
2225,6/13/2022 22:40,13.77,13.38
2226,6/13/2022 22:50,13.64,13.43
2227,6/13/2022 23:00,13.55,13.47
2228,6/13/2022 23:10,13.55,13.43
2229,6/13/2022 23:20,13.47,13.51
2230,6/13/2022 23:30,13.47,13.55
2231,6/13/2022 23:40,13.34,13.43
2232,6/13/2022 23:50,14.11,13.3
2233,6/14/2022 0:00,14.63,13.34
2234,6/14/2022 0:10,15.06,13.77
2235,6/14/2022 0:20,14.8,14.07
2236,6/14/2022 0:30,15.06,14.2
2237,6/14/2022 0:40,14.37,14.37
2238,6/14/2022 0:50,11.88,14.67
2239,6/14/2022 1:00,11.45,14.84
2240,6/14/2022 1:10,10.98,14.88
2241,6/14/2022 1:20,10.98,14.93
2242,6/14/2022 1:30,10.94,15.01
2243,6/14/2022 1:40,11.15,15.18
2244,6/14/2022 1:50,11.02,15.31
2245,6/14/2022 2:00,10.72,15.4
2246,6/14/2022 2:10,10.77,15.44
2247,6/14/2022 2:20,10.72,15.57
2248,6/14/2022 2:30,10.72,15.74
2249,6/14/2022 2:40,10.59,15.78
2250,6/14/2022 2:50,10.55,15.74
2251,6/14/2022 3:00,10.59,15.78
2252,6/14/2022 3:10,10.81,15.74
2253,6/14/2022 3:20,10.68,15.7
2254,6/14/2022 3:30,10.55,15.66
2255,6/14/2022 3:40,10.59,15.61
2256,6/14/2022 3:50,10.59,15.57
2257,6/14/2022 4:00,10.72,15.01
2258,6/14/2022 4:10,10.51,14.93
2259,6/14/2022 4:20,10.51,14.63
2260,6/14/2022 4:30,10.51,14.67
2261,6/14/2022 4:40,10.42,14.5
2262,6/14/2022 4:50,10.42,14.11
2263,6/14/2022 5:00,10.29,13.9
2264,6/14/2022 5:10,10.46,13.77
2265,6/14/2022 5:20,10.46,13.64
2266,6/14/2022 5:30,10.51,13.47
2267,6/14/2022 5:40,10.34,13.08
2268,6/14/2022 5:50,10.42,12.18
2269,6/14/2022 6:00,10.46,11.58
2270,6/14/2022 6:10,10.46,11.37
2271,6/14/2022 6:20,10.46,11.28
2272,6/14/2022 6:30,10.55,11.41
2273,6/14/2022 6:40,10.77,13.04
2274,6/14/2022 6:50,10.85,13.9
2275,6/14/2022 7:00,10.94,14.54
2276,6/14/2022 7:10,11.11,15.18
2277,6/14/2022 7:20,11.15,15.53
2278,6/14/2022 7:30,11.37,15.91
2279,6/14/2022 7:40,11.54,16.56
2280,6/14/2022 7:50,11.71,17.46
2281,6/14/2022 8:00,11.97,18.66
2282,6/14/2022 8:10,12.14,19.05
2283,6/14/2022 8:20,12.44,20.2
2284,6/14/2022 8:30,12.82,21.23
2285,6/14/2022 8:40,12.91,22.86
2286,6/14/2022 8:50,12.95,22.99
2287,6/14/2022 9:00,13.34,24.58
2288,6/14/2022 9:10,12.35,22.13
2289,6/14/2022 9:20,12.1,23.85
2290,6/14/2022 9:30,12.48,25.01
2291,6/14/2022 9:40,13.04,24.15
2292,6/14/2022 9:50,12.7,23.21
2293,6/14/2022 10:00,12.48,23.25
2294,6/14/2022 10:10,12.61,23.29
2295,6/14/2022 10:20,12.87,23.98
2296,6/14/2022 10:30,13.08,23.76
2297,6/14/2022 10:40,13.12,22.05
2298,6/14/2022 10:50,13.12,17.97
2299,6/14/2022 11:00,13.25,17.03
2300,6/14/2022 11:10,13.12,16.6
2301,6/14/2022 11:20,13.21,16.34
2302,6/14/2022 11:30,13.12,16.26
2303,6/14/2022 11:40,12.95,16.26
2304,6/14/2022 11:50,12.95,16.34
2305,6/14/2022 12:00,13,16.47
2306,6/14/2022 12:10,12.87,16.56
2307,6/14/2022 12:20,12.95,16.56
2308,6/14/2022 12:30,13.34,16.64
2309,6/14/2022 12:40,13.68,16.73
2310,6/14/2022 12:50,13.51,17.07
2311,6/14/2022 13:00,13.47,17.33
2312,6/14/2022 13:10,13.47,17.16
2313,6/14/2022 13:20,13.68,17.16
2314,6/14/2022 13:30,13.77,17.37
2315,6/14/2022 13:40,13.77,17.93
2316,6/14/2022 13:50,13.68,18.4
2317,6/14/2022 14:00,13.47,18.62
2318,6/14/2022 14:10,13.34,18.83
2319,6/14/2022 14:20,13.43,18.96
2320,6/14/2022 14:30,13.6,19.22
2321,6/14/2022 14:40,13.73,19.52
2322,6/14/2022 14:50,13.9,19.86
2323,6/14/2022 15:00,13.98,20.12
2324,6/14/2022 15:10,14.03,20.29
2325,6/14/2022 15:20,14.24,20.55
2326,6/14/2022 15:30,14.33,20.68
2327,6/14/2022 15:40,14.24,20.68
2328,6/14/2022 15:50,14.2,20.85
2329,6/14/2022 16:00,14.24,21.02
2330,6/14/2022 16:10,14.24,20.85
2331,6/14/2022 16:20,14.15,20.37
2332,6/14/2022 16:30,14.2,19.99
2333,6/14/2022 16:40,14.24,19.52
2334,6/14/2022 16:50,14.15,19.9
2335,6/14/2022 17:00,14.15,19.86
2336,6/14/2022 17:10,14.45,20.33
2337,6/14/2022 17:20,14.24,20.55
2338,6/14/2022 17:30,14.33,20.46
2339,6/14/2022 17:40,14.24,20.42
2340,6/14/2022 17:50,14.28,20.33
2341,6/14/2022 18:00,14.28,20.25
2342,6/14/2022 18:10,14.24,20.2
2343,6/14/2022 18:20,14.2,20.07
2344,6/14/2022 18:30,14.11,19.65
2345,6/14/2022 18:40,14.07,19.17
2346,6/14/2022 18:50,13.85,18.92
2347,6/14/2022 19:00,13.94,18.74
2348,6/14/2022 19:10,13.94,18.4
2349,6/14/2022 19:20,13.94,18.32
2350,6/14/2022 19:30,14.07,18.27
2351,6/14/2022 19:40,13.85,18.32
2352,6/14/2022 19:50,13.6,18.1
2353,6/14/2022 20:00,13.21,17.76
2354,6/14/2022 20:10,13.17,17.46
2355,6/14/2022 20:20,12.78,17.33
2356,6/14/2022 20:30,12.65,17.41
2357,6/14/2022 20:40,12.44,17.67
2358,6/14/2022 20:50,12.27,18.1
2359,6/14/2022 21:00,12.27,18.23
2360,6/14/2022 21:10,12.22,17.16
2361,6/14/2022 21:20,11.97,16.39
2362,6/14/2022 21:30,11.92,15.87
2363,6/14/2022 21:40,12.01,15.66
2364,6/14/2022 21:50,12.05,15.4
2365,6/14/2022 22:00,11.97,15.18
2366,6/14/2022 22:10,11.97,14.84
2367,6/14/2022 22:20,12.1,14.67
2368,6/14/2022 22:30,13.17,14.37
2369,6/14/2022 22:40,13.51,13.73
2370,6/14/2022 22:50,13.6,13.43
2371,6/14/2022 23:00,13.47,13.3
2372,6/14/2022 23:10,13.34,13.21
2373,6/14/2022 23:20,13.17,13
2374,6/14/2022 23:30,13,13.04
2375,6/14/2022 23:40,12.95,13.04
2376,6/14/2022 23:50,13,12.95
2377,6/15/2022 0:00,12.95,12.95
2378,6/15/2022 0:10,12.91,13.04
2379,6/15/2022 0:20,12.91,12.87
2380,6/15/2022 0:30,13.25,12.87
2381,6/15/2022 0:40,13.77,12.78
2382,6/15/2022 0:50,14.03,13.04
2383,6/15/2022 1:00,14.41,13.34
2384,6/15/2022 1:10,15.27,13.68
2385,6/15/2022 1:20,15.14,13.51
2386,6/15/2022 1:30,14.07,13.9
2387,6/15/2022 1:40,11.58,14.24
2388,6/15/2022 1:50,11.11,14.5
2389,6/15/2022 2:00,10.77,14.67
2390,6/15/2022 2:10,10.72,14.54
2391,6/15/2022 2:20,10.64,14.54
2392,6/15/2022 2:30,10.59,14.67
2393,6/15/2022 2:40,10.55,14.75
2394,6/15/2022 2:50,10.51,14.75
2395,6/15/2022 3:00,10.51,14.84
2396,6/15/2022 3:10,10.46,14.88
2397,6/15/2022 3:20,10.38,15.01
2398,6/15/2022 3:30,10.34,15.06
2399,6/15/2022 3:40,10.42,15.01
2400,6/15/2022 3:50,10.25,15.01
2401,6/15/2022 4:00,10.29,15.01
2402,6/15/2022 4:10,10.29,15.01
2403,6/15/2022 4:20,10.21,14.97
2404,6/15/2022 4:30,10.25,15.01
2405,6/15/2022 4:40,10.16,15.1
2406,6/15/2022 4:50,10.25,14.97
2407,6/15/2022 5:00,10.25,15.14
2408,6/15/2022 5:10,10.12,15.36
2409,6/15/2022 5:20,10.12,15.18
2410,6/15/2022 5:30,10.12,14.97
2411,6/15/2022 5:40,10.16,14.67
2412,6/15/2022 5:50,9.95,14.41
2413,6/15/2022 6:00,9.91,14.15
2414,6/15/2022 6:10,9.95,13.85
2415,6/15/2022 6:20,9.99,13.51
2416,6/15/2022 6:30,10.12,12.44
2417,6/15/2022 6:40,10.38,12.7
2418,6/15/2022 6:50,10.51,13.21
2419,6/15/2022 7:00,10.72,13.73
2420,6/15/2022 7:10,10.98,14.07
2421,6/15/2022 7:20,11.11,14.41
2422,6/15/2022 7:30,11.24,14.84
2423,6/15/2022 7:40,11.37,15.01
2424,6/15/2022 7:50,11.75,15.74
2425,6/15/2022 8:00,11.97,16.3
2426,6/15/2022 8:10,12.18,16.99
2427,6/15/2022 8:20,12.74,17.97
2428,6/15/2022 8:30,12.82,18.02
2429,6/15/2022 8:40,12.74,17.97
2430,6/15/2022 8:50,12.82,18.53
2431,6/15/2022 9:00,13,19.3
2432,6/15/2022 9:10,13.34,19.77
2433,6/15/2022 9:20,13.77,21.19
2434,6/15/2022 9:30,13.04,21.53
2435,6/15/2022 9:40,13.43,24.15
2436,6/15/2022 9:50,13.43,19.22
2437,6/15/2022 10:00,13.12,18.23
2438,6/15/2022 10:10,12.7,17.93
2439,6/15/2022 10:20,12.65,18.7
2440,6/15/2022 10:30,12.78,17.97
2441,6/15/2022 10:40,12.74,18.14
2442,6/15/2022 10:50,12.52,18.7
2443,6/15/2022 11:00,12.87,18.74
2444,6/15/2022 11:10,13.08,18.7
2445,6/15/2022 11:20,12.91,18.66
2446,6/15/2022 11:30,12.82,19.35
2447,6/15/2022 11:40,12.87,18.62
2448,6/15/2022 11:50,12.95,17.11
2449,6/15/2022 12:00,12.7,16.6
2450,6/15/2022 12:10,12.61,16.39
2451,6/15/2022 12:20,12.65,16.43
2452,6/15/2022 12:30,12.91,16.51
2453,6/15/2022 12:40,12.74,16.6
2454,6/15/2022 12:50,12.65,16.51
2455,6/15/2022 13:00,12.7,16.39
2456,6/15/2022 13:10,12.91,16.39
2457,6/15/2022 13:20,12.91,16.47
2458,6/15/2022 13:30,12.7,16.81
2459,6/15/2022 13:40,12.95,17.16
2460,6/15/2022 13:50,12.87,17.29
2461,6/15/2022 14:00,12.87,17.33
2462,6/15/2022 14:10,13.12,16.81
2463,6/15/2022 14:20,13.3,16.86
2464,6/15/2022 14:30,13.47,17.41
2465,6/15/2022 14:40,13.43,18.06
2466,6/15/2022 14:50,13.81,18.57
2467,6/15/2022 15:00,13.68,19.22
2468,6/15/2022 15:10,13.55,18.62
2469,6/15/2022 15:20,13.64,18.44
2470,6/15/2022 15:30,13.64,18.44
2471,6/15/2022 15:40,13.73,18.7
2472,6/15/2022 15:50,13.73,18.92
2473,6/15/2022 16:00,13.51,18.49
2474,6/15/2022 16:10,13.51,18.36
2475,6/15/2022 16:20,13.47,18.32
2476,6/15/2022 16:30,13.47,18.19
2477,6/15/2022 16:40,13.47,18.36
2478,6/15/2022 16:50,13.64,18.32
2479,6/15/2022 17:00,13.81,18.23
2480,6/15/2022 17:10,13.98,18.19
2481,6/15/2022 17:20,14.11,19
2482,6/15/2022 17:30,14.2,19.86
2483,6/15/2022 17:40,14.03,19.3
2484,6/15/2022 17:50,14.28,19.65
2485,6/15/2022 18:00,14.03,19.6
2486,6/15/2022 18:10,14.03,18.62
2487,6/15/2022 18:20,13.94,18.36
2488,6/15/2022 18:30,13.94,18.57
2489,6/15/2022 18:40,13.73,18.57
2490,6/15/2022 18:50,13.68,18.66
2491,6/15/2022 19:00,13.68,18.44
2492,6/15/2022 19:10,13.47,18.4
2493,6/15/2022 19:20,13.47,18.27
2494,6/15/2022 19:30,13.3,18.02
2495,6/15/2022 19:40,13.3,17.89
2496,6/15/2022 19:50,13.25,17.2
2497,6/15/2022 20:00,13.17,16.94
2498,6/15/2022 20:10,13.04,16.99
2499,6/15/2022 20:20,12.78,17.29
2500,6/15/2022 20:30,12.74,16.9
2501,6/15/2022 20:40,12.61,17.11
2502,6/15/2022 20:50,12.65,17.03
2503,6/15/2022 21:00,12.61,16.94
2504,6/15/2022 21:10,12.57,16.77
2505,6/15/2022 21:20,12.4,16.34
2506,6/15/2022 21:30,12.4,16
2507,6/15/2022 21:40,12.27,15.57
2508,6/15/2022 21:50,12.18,14.97
2509,6/15/2022 22:00,12.1,14.71
2510,6/15/2022 22:10,12.14,14.63
2511,6/15/2022 22:20,12.1,14.58
2512,6/15/2022 22:30,12.05,14.54
2513,6/15/2022 22:40,12.05,14.33
2514,6/15/2022 22:50,12.01,14.07
2515,6/15/2022 23:00,11.92,13.85
2516,6/15/2022 23:10,11.84,13.47
2517,6/15/2022 23:20,12.61,13.12
2518,6/15/2022 23:30,12.87,12.65
2519,6/15/2022 23:40,12.7,12.61
2520,6/15/2022 23:50,12.61,12.57
2521,6/16/2022 0:00,12.52,12.57
2522,6/16/2022 0:10,12.52,12.57
2523,6/16/2022 0:20,12.57,12.52
2524,6/16/2022 0:30,12.57,12.57
2525,6/16/2022 0:40,12.57,12.57
2526,6/16/2022 0:50,12.48,12.57
2527,6/16/2022 1:00,12.48,12.52
2528,6/16/2022 1:10,12.44,12.44
2529,6/16/2022 1:20,12.31,12.31
2530,6/16/2022 1:30,12.35,12.31
2531,6/16/2022 1:40,13,12.48
2532,6/16/2022 1:50,13.55,12.87
2533,6/16/2022 2:00,14.28,13.25
2534,6/16/2022 2:10,14.8,13.51
2535,6/16/2022 2:20,14.5,13.68
2536,6/16/2022 2:30,11.71,13.9
2537,6/16/2022 2:40,10.89,13.98
2538,6/16/2022 2:50,10.72,13.94
2539,6/16/2022 3:00,11.07,14.03
2540,6/16/2022 3:10,11.07,14.11
2541,6/16/2022 3:20,11.07,14.2
2542,6/16/2022 3:30,11.19,14.33
2543,6/16/2022 3:40,11.19,14.5
2544,6/16/2022 3:50,11.15,14.58
2545,6/16/2022 4:00,11.11,14.67
2546,6/16/2022 4:10,11.19,14.75
2547,6/16/2022 4:20,11.28,14.75
2548,6/16/2022 4:30,10.98,14.8
2549,6/16/2022 4:40,10.98,14.8
2550,6/16/2022 4:50,10.94,14.8
2551,6/16/2022 5:00,11.02,14.8
2552,6/16/2022 5:10,10.94,14.8
2553,6/16/2022 5:20,10.94,14.84
2554,6/16/2022 5:30,11.07,14.75
2555,6/16/2022 5:40,11.19,14.71
2556,6/16/2022 5:50,11.19,14.24
2557,6/16/2022 6:00,11.19,13.94
2558,6/16/2022 6:10,11.11,13.9
2559,6/16/2022 6:20,11.07,13.68
2560,6/16/2022 6:30,11.02,13.6
2561,6/16/2022 6:40,11.02,13.43
2562,6/16/2022 6:50,11.11,13.3
2563,6/16/2022 7:00,11.11,13.25
2564,6/16/2022 7:10,11.11,13.12
2565,6/16/2022 7:20,11.11,13.21
2566,6/16/2022 7:30,11.02,13.25
2567,6/16/2022 7:40,11.15,13.38
2568,6/16/2022 7:50,11.37,13.81
2569,6/16/2022 8:00,11.32,13.98
2570,6/16/2022 8:10,11.45,13.43
2571,6/16/2022 8:20,11.58,13.34
2572,6/16/2022 8:30,11.97,13.94
2573,6/16/2022 8:40,12.05,14.11
2574,6/16/2022 8:50,12.14,14.5
2575,6/16/2022 9:00,12.31,14.93
2576,6/16/2022 9:10,12.48,15.87
2577,6/16/2022 9:20,12.57,15.96
2578,6/16/2022 9:30,12.57,15.78
2579,6/16/2022 9:40,12.7,15.78
2580,6/16/2022 9:50,12.87,16.26
2581,6/16/2022 10:00,12.74,16.17
2582,6/16/2022 10:10,12.82,16.77
2583,6/16/2022 10:20,12.91,20.37
2584,6/16/2022 10:30,13,20.8
2585,6/16/2022 10:40,13.25,21.02
2586,6/16/2022 10:50,13.3,20.98
2587,6/16/2022 11:00,13.77,20.68
2588,6/16/2022 11:10,13.94,20.85
2589,6/16/2022 11:20,13.85,21.1
2590,6/16/2022 11:30,13.98,21.15
2591,6/16/2022 11:40,13.9,21.23
2592,6/16/2022 11:50,14.11,21.62
2593,6/16/2022 12:00,13.98,21.75
2594,6/16/2022 12:10,14.11,21.62
2595,6/16/2022 12:20,13.81,19.3
2596,6/16/2022 12:30,14.07,17.8
2597,6/16/2022 12:40,14.11,16.99
2598,6/16/2022 12:50,13.85,16.81
2599,6/16/2022 13:00,13.9,16.81
2600,6/16/2022 13:10,13.85,16.6
2601,6/16/2022 13:20,13.77,16.6
2602,6/16/2022 13:30,13.47,16.6
2603,6/16/2022 13:40,13.6,16.6
2604,6/16/2022 13:50,13.73,16.6
2605,6/16/2022 14:00,13.81,17.11
2606,6/16/2022 14:10,13.81,17.03
2607,6/16/2022 14:20,14.07,17.24
2608,6/16/2022 14:30,14.15,17.46
2609,6/16/2022 14:40,14.24,17.8
2610,6/16/2022 14:50,14.41,18.14
2611,6/16/2022 15:00,14.5,18.4
2612,6/16/2022 15:10,14.37,18.4
2613,6/16/2022 15:20,14.15,18.06
2614,6/16/2022 15:30,14.11,17.46
2615,6/16/2022 15:40,14.2,17.5
2616,6/16/2022 15:50,14.11,17.37
2617,6/16/2022 16:00,13.98,17.2
2618,6/16/2022 16:10,13.94,16.99
2619,6/16/2022 16:20,13.77,17.2
2620,6/16/2022 16:30,13.94,17.2
2621,6/16/2022 16:40,14.03,17.11
2622,6/16/2022 16:50,13.77,17.16
2623,6/16/2022 17:00,13.81,17.41
2624,6/16/2022 17:10,13.73,17.46
2625,6/16/2022 17:20,13.77,17.41
2626,6/16/2022 17:30,13.77,17.29
2627,6/16/2022 17:40,13.81,17.07
2628,6/16/2022 17:50,13.55,17.03
2629,6/16/2022 18:00,13.43,16.94
2630,6/16/2022 18:10,13.43,16.81
2631,6/16/2022 18:20,13.47,16.94
2632,6/16/2022 18:30,13.43,17.03
2633,6/16/2022 18:40,13.47,17.37
2634,6/16/2022 18:50,13.47,17.5
2635,6/16/2022 19:00,13.51,17.07
2636,6/16/2022 19:10,13.43,17.11
2637,6/16/2022 19:20,13.3,16.99
2638,6/16/2022 19:30,13.38,16.9
2639,6/16/2022 19:40,13.25,16.69
2640,6/16/2022 19:50,13.3,16.73
2641,6/16/2022 20:00,13.25,16.99
2642,6/16/2022 20:10,13,16.99
2643,6/16/2022 20:20,12.95,16.51
2644,6/16/2022 20:30,12.87,16.04
2645,6/16/2022 20:40,12.78,16.08
2646,6/16/2022 20:50,12.74,16.34
2647,6/16/2022 21:00,12.7,16.17
2648,6/16/2022 21:10,12.65,16.04
2649,6/16/2022 21:20,12.57,15.74
2650,6/16/2022 21:30,12.52,15.4
2651,6/16/2022 21:40,12.57,15.66
2652,6/16/2022 21:50,12.61,15.66
2653,6/16/2022 22:00,12.65,15.4
2654,6/16/2022 22:10,12.57,15.36
2655,6/16/2022 22:20,12.57,15.18
2656,6/16/2022 22:30,12.52,14.58
2657,6/16/2022 22:40,12.4,14.2
2658,6/16/2022 22:50,12.48,13.98
2659,6/16/2022 23:00,12.4,13.9
2660,6/16/2022 23:10,12.31,13.85
2661,6/16/2022 23:20,12.31,13.77
2662,6/16/2022 23:30,12.27,13.73
2663,6/16/2022 23:40,12.18,13.68
2664,6/16/2022 23:50,11.84,13.6
2665,6/17/2022 0:00,11.88,13.25
2666,6/17/2022 0:10,12.05,13.04
2667,6/17/2022 0:20,12.7,13.08
2668,6/17/2022 0:30,13.04,13.12
2669,6/17/2022 0:40,13.12,13.12
2670,6/17/2022 0:50,13.12,13.17
2671,6/17/2022 1:00,13.04,13.08
2672,6/17/2022 1:10,13.12,13.12
2673,6/17/2022 1:20,13.08,13.08
2674,6/17/2022 1:30,13.04,13.08
2675,6/17/2022 1:40,13,13.04
2676,6/17/2022 1:50,12.87,12.91
2677,6/17/2022 2:00,12.87,12.82
2678,6/17/2022 2:10,12.74,12.74
2679,6/17/2022 2:20,12.74,12.65
2680,6/17/2022 2:30,12.65,12.65
2681,6/17/2022 2:40,12.87,12.74
2682,6/17/2022 2:50,12.95,12.91
2683,6/17/2022 3:00,13.12,13.08
2684,6/17/2022 3:10,12.57,13.21
2685,6/17/2022 3:20,11.32,13.25
2686,6/17/2022 3:30,10.94,13.3
2687,6/17/2022 3:40,11.02,13.38
2688,6/17/2022 3:50,11.28,13.85
2689,6/17/2022 4:00,11.37,13.9
2690,6/17/2022 4:10,11.32,13.85
2691,6/17/2022 4:20,11.45,13.85
2692,6/17/2022 4:30,11.37,13.9
2693,6/17/2022 4:40,11.41,14.07
2694,6/17/2022 4:50,11.58,14.24
2695,6/17/2022 5:00,11.92,14.37
2696,6/17/2022 5:10,11.84,14.45
2697,6/17/2022 5:20,11.75,14.63
2698,6/17/2022 5:30,11.97,14.71
2699,6/17/2022 5:40,12.05,14.63
2700,6/17/2022 5:50,12.01,14.71
2701,6/17/2022 6:00,11.45,14.58
2702,6/17/2022 6:10,11.24,14.54
2703,6/17/2022 6:20,11.24,14.54
2704,6/17/2022 6:30,11.19,14.15
2705,6/17/2022 6:40,11.19,13.94
2706,6/17/2022 6:50,11.41,13.73
2707,6/17/2022 7:00,11.71,13.77
2708,6/17/2022 7:10,11.92,13.77
2709,6/17/2022 7:20,12.05,13.68
2710,6/17/2022 7:30,12.1,13.77
2711,6/17/2022 7:40,12.27,13.98
2712,6/17/2022 7:50,12.22,14.24
2713,6/17/2022 8:00,12.52,14.84
2714,6/17/2022 8:10,12.48,15.61
2715,6/17/2022 8:20,12.4,17.03
2716,6/17/2022 8:30,12.52,18.06
2717,6/17/2022 8:40,12.7,19.3
2718,6/17/2022 8:50,12.78,19.9
2719,6/17/2022 9:00,13,21.1
2720,6/17/2022 9:10,13.25,21.58
2721,6/17/2022 9:20,13.47,21.96
2722,6/17/2022 9:30,13.68,22.09
2723,6/17/2022 9:40,13.73,21.88
2724,6/17/2022 9:50,13.85,22.43
2725,6/17/2022 10:00,13.77,22.35
2726,6/17/2022 10:10,13.9,23.08
2727,6/17/2022 10:20,13.98,22.48
2728,6/17/2022 10:30,14.2,22.86
2729,6/17/2022 10:40,14.37,23.64
2730,6/17/2022 10:50,14.45,23.25
2731,6/17/2022 11:00,14.5,23.51
2732,6/17/2022 11:10,14.54,23.51
2733,6/17/2022 11:20,14.67,23.51
2734,6/17/2022 11:30,14.67,23.38
2735,6/17/2022 11:40,14.54,23.42
2736,6/17/2022 11:50,14.71,23.55
2737,6/17/2022 12:00,14.75,23.51
2738,6/17/2022 12:10,14.67,23.21
2739,6/17/2022 12:20,14.5,22.82
2740,6/17/2022 12:30,14.63,23.38
2741,6/17/2022 12:40,14.75,23.51
2742,6/17/2022 12:50,14.75,23.34
2743,6/17/2022 13:00,14.63,25.48
2744,6/17/2022 13:10,14.5,22.78
2745,6/17/2022 13:20,14.54,20.33
2746,6/17/2022 13:30,14.37,18.79
2747,6/17/2022 13:40,14.28,17.89
2748,6/17/2022 13:50,14.37,17.67
2749,6/17/2022 14:00,14.33,17.46
2750,6/17/2022 14:10,14.24,17.2
2751,6/17/2022 14:20,14.33,17.07
2752,6/17/2022 14:30,14.28,17.11
2753,6/17/2022 14:40,14.54,16.86
2754,6/17/2022 14:50,14.63,16.77
2755,6/17/2022 15:00,14.54,16.9
2756,6/17/2022 15:10,14.5,17.07
2757,6/17/2022 15:20,14.58,17.63
2758,6/17/2022 15:30,14.45,18.1
2759,6/17/2022 15:40,14.5,18.06
2760,6/17/2022 15:50,14.5,18.1
2761,6/17/2022 16:00,14.58,18.53
2762,6/17/2022 16:10,14.88,19
2763,6/17/2022 16:20,14.93,19.13
2764,6/17/2022 16:30,14.84,18.66
2765,6/17/2022 16:40,14.84,18.53
2766,6/17/2022 16:50,14.75,18.53
2767,6/17/2022 17:00,14.84,18.57
2768,6/17/2022 17:10,14.75,18.7
2769,6/17/2022 17:20,14.84,18.74
2770,6/17/2022 17:30,14.8,18.79
2771,6/17/2022 17:40,14.75,18.96
2772,6/17/2022 17:50,14.88,19.22
2773,6/17/2022 18:00,14.97,19.65
2774,6/17/2022 18:10,15.01,19.95
2775,6/17/2022 18:20,14.97,19.99
2776,6/17/2022 18:30,15.01,20.42
2777,6/17/2022 18:40,14.97,20.89
2778,6/17/2022 18:50,14.93,21.28
2779,6/17/2022 19:00,14.97,21.7
2780,6/17/2022 19:10,14.84,21.66
2781,6/17/2022 19:20,14.8,20.72
2782,6/17/2022 19:30,14.58,20.63
2783,6/17/2022 19:40,14.41,20.59
2784,6/17/2022 19:50,14.28,20.33
2785,6/17/2022 20:00,14.11,20.33
2786,6/17/2022 20:10,13.94,20.42
2787,6/17/2022 20:20,13.64,20.07
2788,6/17/2022 20:30,13.47,19.73
2789,6/17/2022 20:40,13.47,19.6
2790,6/17/2022 20:50,13.3,19.47
2791,6/17/2022 21:00,13.08,19.47
2792,6/17/2022 21:10,13.08,19.35
2793,6/17/2022 21:20,13.04,19.35
2794,6/17/2022 21:30,13,19.6
2795,6/17/2022 21:40,13.04,19.65
2796,6/17/2022 21:50,13,19.05
2797,6/17/2022 22:00,12.95,18.4
2798,6/17/2022 22:10,12.95,17.97
2799,6/17/2022 22:20,12.78,17.97
2800,6/17/2022 22:30,12.61,17.8
2801,6/17/2022 22:40,12.57,17.72
2802,6/17/2022 22:50,12.48,17.54
2803,6/17/2022 23:00,12.52,17.16
2804,6/17/2022 23:10,12.57,16.99
2805,6/17/2022 23:20,12.52,16.9
2806,6/17/2022 23:30,12.4,16.99
2807,6/17/2022 23:40,12.4,16.9
2808,6/17/2022 23:50,12.65,16.73
2809,6/18/2022 0:00,12.57,16.08
2810,6/18/2022 0:10,12.61,14.88
2811,6/18/2022 0:20,12.7,15.27
2812,6/18/2022 0:30,12.65,16.04
2813,6/18/2022 0:40,12.82,16.17
2814,6/18/2022 0:50,12.57,16.04
2815,6/18/2022 1:00,12.57,15.61
2816,6/18/2022 1:10,12.44,15.31
2817,6/18/2022 1:20,12.27,15.18
2818,6/18/2022 1:30,12.1,15.14
2819,6/18/2022 1:40,11.97,15.18
2820,6/18/2022 1:50,11.97,15.23
2821,6/18/2022 2:00,11.97,15.27
2822,6/18/2022 2:10,12.22,15.18
2823,6/18/2022 2:20,12.65,15.14
2824,6/18/2022 2:30,13.47,15.23
2825,6/18/2022 2:40,14.45,15.23
2826,6/18/2022 2:50,14.37,15.14
2827,6/18/2022 3:00,13.73,15.14
2828,6/18/2022 3:10,12.78,15.01
2829,6/18/2022 3:20,12.52,14.93
2830,6/18/2022 3:30,12.61,15.06
2831,6/18/2022 3:40,12.35,15.1
2832,6/18/2022 3:50,12.01,14.5
2833,6/18/2022 4:00,11.92,14.45
2834,6/18/2022 4:10,11.75,14.45
2835,6/18/2022 4:20,11.58,14.5
2836,6/18/2022 4:30,11.71,14.54
2837,6/18/2022 4:40,11.62,14.63
2838,6/18/2022 4:50,11.58,14.71
2839,6/18/2022 5:00,11.45,14.75
2840,6/18/2022 5:10,11.15,14.88
2841,6/18/2022 5:20,11.19,14.93
2842,6/18/2022 5:30,11.19,15.06
2843,6/18/2022 5:40,11.15,14.97
2844,6/18/2022 5:50,11.19,15.01
2845,6/18/2022 6:00,11.24,15.06
2846,6/18/2022 6:10,11.02,15.1
2847,6/18/2022 6:20,11.11,15.14
2848,6/18/2022 6:30,11.19,15.18
2849,6/18/2022 6:40,11.24,15.23
2850,6/18/2022 6:50,11.24,15.31
2851,6/18/2022 7:00,11.37,15.4
2852,6/18/2022 7:10,11.45,15.36
2853,6/18/2022 7:20,11.58,15.23
2854,6/18/2022 7:30,11.71,15.87
2855,6/18/2022 7:40,11.75,16.13
2856,6/18/2022 7:50,11.67,16.13
2857,6/18/2022 8:00,11.75,16.08
2858,6/18/2022 8:10,11.75,15.78
2859,6/18/2022 8:20,11.79,16.04
2860,6/18/2022 8:30,11.97,16.26
2861,6/18/2022 8:40,12.01,16.56
2862,6/18/2022 8:50,12.1,17.07
2863,6/18/2022 9:00,12.1,17.93
2864,6/18/2022 9:10,12.27,18.14
2865,6/18/2022 9:20,12.48,18.1
2866,6/18/2022 9:30,12.65,18.4
2867,6/18/2022 9:40,12.87,18.7
2868,6/18/2022 9:50,13.12,19
2869,6/18/2022 10:00,13.21,19.17
2870,6/18/2022 10:10,13.47,19.65
2871,6/18/2022 10:20,13.43,19.9
2872,6/18/2022 10:30,13.43,19.9
2873,6/18/2022 10:40,13.64,20.16
2874,6/18/2022 10:50,13.64,20.29
2875,6/18/2022 11:00,13.64,20.37
2876,6/18/2022 11:10,13.9,20.5
2877,6/18/2022 11:20,13.85,20.63
2878,6/18/2022 11:30,14.07,20.85
2879,6/18/2022 11:40,14.03,20.63
2880,6/18/2022 11:50,14.11,20.72
2881,6/18/2022 12:00,14.03,20.85
2882,6/18/2022 12:10,13.77,20.93
2883,6/18/2022 12:20,14.07,21.23
2884,6/18/2022 12:30,14.2,21.23
2885,6/18/2022 12:40,14.03,21.02
2886,6/18/2022 12:50,14.07,20.8
2887,6/18/2022 13:00,14.15,20.89
2888,6/18/2022 13:10,14.11,20.59
2889,6/18/2022 13:20,14.37,20.76
2890,6/18/2022 13:30,13.98,20.46
2891,6/18/2022 13:40,14.11,21.83
2892,6/18/2022 13:50,14.03,19.26
2893,6/18/2022 14:00,13.94,18.23
2894,6/18/2022 14:10,14.07,17.54
2895,6/18/2022 14:20,13.85,17.46
2896,6/18/2022 14:30,13.81,17.16
2897,6/18/2022 14:40,14.03,17.07
2898,6/18/2022 14:50,14.11,17.07
2899,6/18/2022 15:00,14.41,17.03
2900,6/18/2022 15:10,14.41,16.99
2901,6/18/2022 15:20,14.63,17.76
2902,6/18/2022 15:30,14.41,17.2
2903,6/18/2022 15:40,14.41,16.9
2904,6/18/2022 15:50,14.5,17.11
2905,6/18/2022 16:00,14.58,17.54
2906,6/18/2022 16:10,14.5,18.27
2907,6/18/2022 16:20,14.58,18.36
2908,6/18/2022 16:30,14.45,18.44
2909,6/18/2022 16:40,14.45,18.7
2910,6/18/2022 16:50,14.54,19.05
2911,6/18/2022 17:00,14.37,18.02
2912,6/18/2022 17:10,14.28,17.59
2913,6/18/2022 17:20,14.11,17.24
2914,6/18/2022 17:30,14.11,16.94
2915,6/18/2022 17:40,14.07,16.9
2916,6/18/2022 17:50,14.11,17.03
2917,6/18/2022 18:00,13.98,16.99
2918,6/18/2022 18:10,13.98,17.03
2919,6/18/2022 18:20,14.15,17.33
2920,6/18/2022 18:30,14.03,17.5
2921,6/18/2022 18:40,13.94,17.41
2922,6/18/2022 18:50,13.9,17.33
2923,6/18/2022 19:00,13.94,17.59
2924,6/18/2022 19:10,13.98,17.97
2925,6/18/2022 19:20,13.94,18.19
2926,6/18/2022 19:30,13.85,18.02
2927,6/18/2022 19:40,13.64,17.89
2928,6/18/2022 19:50,13.6,18.27
2929,6/18/2022 20:00,13.47,18.19
2930,6/18/2022 20:10,13.38,17.93
2931,6/18/2022 20:20,13.25,17.76
2932,6/18/2022 20:30,13.04,17.54
2933,6/18/2022 20:40,12.91,17.03
2934,6/18/2022 20:50,12.82,16.86
2935,6/18/2022 21:00,12.87,16.73
2936,6/18/2022 21:10,12.7,16.81
2937,6/18/2022 21:20,12.78,17.46
2938,6/18/2022 21:30,12.82,17.67
2939,6/18/2022 21:40,12.74,17.37
2940,6/18/2022 21:50,12.65,17.41
2941,6/18/2022 22:00,12.65,17.54
2942,6/18/2022 22:10,12.48,17.46
2943,6/18/2022 22:20,12.4,17.37
2944,6/18/2022 22:30,12.48,17.41
2945,6/18/2022 22:40,12.31,17.2
2946,6/18/2022 22:50,12.31,16.94
2947,6/18/2022 23:00,12.27,16.6
2948,6/18/2022 23:10,12.14,16.3
2949,6/18/2022 23:20,12.1,16.04
2950,6/18/2022 23:30,12.01,15.87
2951,6/18/2022 23:40,12.05,15.96
2952,6/18/2022 23:50,11.97,16.17
2953,6/19/2022 0:00,12.01,16.08
2954,6/19/2022 0:10,11.88,15.7
2955,6/19/2022 0:20,11.75,15.48
2956,6/19/2022 0:30,11.79,15.36
2957,6/19/2022 0:40,11.84,15.27
2958,6/19/2022 0:50,11.79,15.18
2959,6/19/2022 1:00,11.75,15.1
2960,6/19/2022 1:10,11.62,15.1
2961,6/19/2022 1:20,11.62,15.61
2962,6/19/2022 1:30,11.62,15.61
2963,6/19/2022 1:40,11.54,15.48
2964,6/19/2022 1:50,11.32,15.4
2965,6/19/2022 2:00,11.19,15.14
2966,6/19/2022 2:10,10.94,14.93
2967,6/19/2022 2:20,11.07,14.88
2968,6/19/2022 2:30,10.98,14.8
2969,6/19/2022 2:40,11.07,14.8
2970,6/19/2022 2:50,11.07,14.75
2971,6/19/2022 3:00,11.11,14.8
2972,6/19/2022 3:10,11.24,14.8
2973,6/19/2022 3:20,11.28,14.8
2974,6/19/2022 3:30,11.19,14.71
2975,6/19/2022 3:40,11.19,14.71
2976,6/19/2022 3:50,11.02,14.71
2977,6/19/2022 4:00,11.11,14.67
2978,6/19/2022 4:10,11.07,14.58
2979,6/19/2022 4:20,11.02,14.63
2980,6/19/2022 4:30,11.07,14.8
2981,6/19/2022 4:40,10.89,14.84
2982,6/19/2022 4:50,10.68,14.71
2983,6/19/2022 5:00,10.68,14.58
2984,6/19/2022 5:10,10.77,14.5
2985,6/19/2022 5:20,10.77,14.5
2986,6/19/2022 5:30,10.94,14.45
2987,6/19/2022 5:40,10.81,14.5
2988,6/19/2022 5:50,10.72,14.63
2989,6/19/2022 6:00,10.68,14.67
2990,6/19/2022 6:10,10.68,14.75
2991,6/19/2022 6:20,10.68,14.8
2992,6/19/2022 6:30,10.64,14.88
2993,6/19/2022 6:40,10.98,15.01
2994,6/19/2022 6:50,11.15,15.1
2995,6/19/2022 7:00,11.15,15.14
2996,6/19/2022 7:10,11.19,15.18
2997,6/19/2022 7:20,11.37,15.18
2998,6/19/2022 7:30,11.49,15.18
2999,6/19/2022 7:40,11.62,15.1
3000,6/19/2022 7:50,11.97,15.1
3001,6/19/2022 8:00,12.1,15.14
3002,6/19/2022 8:10,12.35,14.97
3003,6/19/2022 8:20,12.61,15.14
3004,6/19/2022 8:30,12.87,15.23
3005,6/19/2022 8:40,13.17,14.88
3006,6/19/2022 8:50,13.51,15.01
3007,6/19/2022 9:00,14.03,15.57
3008,6/19/2022 9:10,14.37,16.21
3009,6/19/2022 9:20,14.33,17.29
3010,6/19/2022 9:30,14.58,18.62
3011,6/19/2022 9:40,14.8,18.19
3012,6/19/2022 9:50,15.31,18.14
3013,6/19/2022 10:00,15.83,17.84
3014,6/19/2022 10:10,16.21,18.32
3015,6/19/2022 10:20,16.3,18.79
3016,6/19/2022 10:30,16.9,20.42
3017,6/19/2022 10:40,17.16,21.32
3018,6/19/2022 10:50,17.03,21.62
3019,6/19/2022 11:00,16.86,21.62
3020,6/19/2022 11:10,15.87,21.4
3021,6/19/2022 11:20,15.66,21.45
3022,6/19/2022 11:30,16.04,22.01
3023,6/19/2022 11:40,15.66,22.13
3024,6/19/2022 11:50,15.18,22.26
3025,6/19/2022 12:00,15.1,22.86
3026,6/19/2022 12:10,15.01,23.29
3027,6/19/2022 12:20,15.06,23.64
3028,6/19/2022 12:30,15.14,24.06
3029,6/19/2022 12:40,14.75,23.94
3030,6/19/2022 12:50,14.41,23.76
3031,6/19/2022 13:00,14.24,24.32
3032,6/19/2022 13:10,14.24,25.14
3033,6/19/2022 13:20,14.54,26.04
3034,6/19/2022 13:30,14.71,26.3
3035,6/19/2022 13:40,15.14,26.55
3036,6/19/2022 13:50,15.1,26.64
3037,6/19/2022 14:00,15.18,26.42
3038,6/19/2022 14:10,15.06,26.55
3039,6/19/2022 14:20,14.88,27.15
3040,6/19/2022 14:30,14.88,23.46
3041,6/19/2022 14:40,14.88,19.9
3042,6/19/2022 14:50,14.63,18.62
3043,6/19/2022 15:00,14.67,18.1
3044,6/19/2022 15:10,14.45,17.84
3045,6/19/2022 15:20,14.33,17.54
3046,6/19/2022 15:30,14.5,18.06
3047,6/19/2022 15:40,14.5,17.97
3048,6/19/2022 15:50,14.33,18.1
3049,6/19/2022 16:00,14.5,17.84
3050,6/19/2022 16:10,14.45,18.79
3051,6/19/2022 16:20,14.33,18.79
3052,6/19/2022 16:30,14.24,18.36
3053,6/19/2022 16:40,14.03,17.72
3054,6/19/2022 16:50,14.2,17.46
3055,6/19/2022 17:00,14.33,17.76
3056,6/19/2022 17:10,14.54,18.23
3057,6/19/2022 17:20,14.5,18.83
3058,6/19/2022 17:30,14.5,19.22
3059,6/19/2022 17:40,14.54,19.82
3060,6/19/2022 17:50,14.45,19.86
3061,6/19/2022 18:00,14.63,19.26
3062,6/19/2022 18:10,14.63,18.74
3063,6/19/2022 18:20,14.5,18.32
3064,6/19/2022 18:30,14.37,18.1
3065,6/19/2022 18:40,14.24,18.19
3066,6/19/2022 18:50,14.2,17.97
3067,6/19/2022 19:00,14.2,17.76
3068,6/19/2022 19:10,14.15,17.5
3069,6/19/2022 19:20,14.15,17.41
3070,6/19/2022 19:30,14.07,17.59
3071,6/19/2022 19:40,13.9,17.67
3072,6/19/2022 19:50,13.73,17.37
3073,6/19/2022 20:00,13.64,17.24
3074,6/19/2022 20:10,13.43,17.29
3075,6/19/2022 20:20,13.43,17.37
3076,6/19/2022 20:30,13.21,17.59
3077,6/19/2022 20:40,13.08,17.8
3078,6/19/2022 20:50,12.95,17.89
3079,6/19/2022 21:00,12.82,17.37
3080,6/19/2022 21:10,12.7,16.9
3081,6/19/2022 21:20,12.61,16.69
3082,6/19/2022 21:30,12.52,16.17
3083,6/19/2022 21:40,12.48,15.57
3084,6/19/2022 21:50,12.52,15.7
3085,6/19/2022 22:00,12.48,16.08
3086,6/19/2022 22:10,12.35,16.3
3087,6/19/2022 22:20,12.35,16.47
3088,6/19/2022 22:30,12.22,16.6
3089,6/19/2022 22:40,12.14,16.6
3090,6/19/2022 22:50,12.1,16.6
3091,6/19/2022 23:00,12.05,16.43
3092,6/19/2022 23:10,12.01,16.39
3093,6/19/2022 23:20,11.88,16.47
3094,6/19/2022 23:30,11.79,16.47
3095,6/19/2022 23:40,11.79,16.34
3096,6/19/2022 23:50,11.79,16.26
3097,6/20/2022 0:00,11.67,16.17
3098,6/20/2022 0:10,11.58,16.13
3099,6/20/2022 0:20,11.54,16.34
3100,6/20/2022 0:30,11.49,16.43
3101,6/20/2022 0:40,11.58,16.3
3102,6/20/2022 0:50,11.54,16.34
3103,6/20/2022 1:00,11.58,16.26
3104,6/20/2022 1:10,11.49,16.13
3105,6/20/2022 1:20,11.41,15.96
3106,6/20/2022 1:30,11.37,15.57
3107,6/20/2022 1:40,11.41,15.31
3108,6/20/2022 1:50,11.32,15.1
3109,6/20/2022 2:00,11.28,15.27
3110,6/20/2022 2:10,11.15,15.31
3111,6/20/2022 2:20,11.11,14.88
3112,6/20/2022 2:30,11.11,14.63
3113,6/20/2022 2:40,11.07,14.58
3114,6/20/2022 2:50,10.94,14.63
3115,6/20/2022 3:00,10.94,14.71
3116,6/20/2022 3:10,10.85,14.67
3117,6/20/2022 3:20,10.85,14.67
3118,6/20/2022 3:30,10.77,14.58
3119,6/20/2022 3:40,10.68,14.63
3120,6/20/2022 3:50,10.68,14.58
3121,6/20/2022 4:00,10.72,14.5
3122,6/20/2022 4:10,10.94,14.5
3123,6/20/2022 4:20,10.64,14.5
3124,6/20/2022 4:30,10.55,14.58
3125,6/20/2022 4:40,10.55,14.67
3126,6/20/2022 4:50,10.55,14.67
3127,6/20/2022 5:00,10.51,14.45
3128,6/20/2022 5:10,10.64,14.45
3129,6/20/2022 5:20,10.68,14.54
3130,6/20/2022 5:30,10.68,14.58
3131,6/20/2022 5:40,10.68,14.75
3132,6/20/2022 5:50,10.81,14.84
3133,6/20/2022 6:00,10.94,14.93
3134,6/20/2022 6:10,10.81,14.88
3135,6/20/2022 6:20,10.81,14.97
3136,6/20/2022 6:30,10.81,15.01
3137,6/20/2022 6:40,11.24,15.01
3138,6/20/2022 6:50,11.54,15.06
3139,6/20/2022 7:00,11.41,15.06
3140,6/20/2022 7:10,11.45,15.06
3141,6/20/2022 7:20,11.45,15.01
3142,6/20/2022 7:30,11.49,15.01
3143,6/20/2022 7:40,12.01,15.01
3144,6/20/2022 7:50,12.48,15.06
3145,6/20/2022 8:00,12.74,15.01
3146,6/20/2022 8:10,13.12,15.06
3147,6/20/2022 8:20,13.51,14.93
3148,6/20/2022 8:30,13.77,14.97
3149,6/20/2022 8:40,14.11,15.14
3150,6/20/2022 8:50,14.24,15.48
3151,6/20/2022 9:00,14.37,15.87
3152,6/20/2022 9:10,14.67,16.04
3153,6/20/2022 9:20,14.84,15.78
3154,6/20/2022 9:30,15.06,15.87
3155,6/20/2022 9:40,15.4,16.3
3156,6/20/2022 9:50,15.87,16.99
3157,6/20/2022 10:00,15.78,18.19
3158,6/20/2022 10:10,15.74,19.9
3159,6/20/2022 10:20,16.13,20.42
3160,6/20/2022 10:30,16.08,20.76
3161,6/20/2022 10:40,15.48,21.02
3162,6/20/2022 10:50,14.93,21.75
3163,6/20/2022 11:00,14.75,21.75
3164,6/20/2022 11:10,14.88,22.31
3165,6/20/2022 11:20,15.18,23.12
3166,6/20/2022 11:30,15.23,23.16
3167,6/20/2022 11:40,15.1,23.38
3168,6/20/2022 11:50,13.98,22.56
3169,6/20/2022 12:00,14.03,23.42
3170,6/20/2022 12:10,14.28,24.58
3171,6/20/2022 12:20,13.94,24.88
3172,6/20/2022 12:30,13.68,25.05
3173,6/20/2022 12:40,13.94,26.08
3174,6/20/2022 12:50,14.24,27.07
3175,6/20/2022 13:00,14.63,27.84
3176,6/20/2022 13:10,14.84,27.93
3177,6/20/2022 13:20,14.67,27.32
3178,6/20/2022 13:30,14.07,27.2
3179,6/20/2022 13:40,14.15,28.05
3180,6/20/2022 13:50,14.5,29.3
3181,6/20/2022 14:00,14.8,29.26
3182,6/20/2022 14:10,14.97,29.08
3183,6/20/2022 14:20,14.88,28.61
3184,6/20/2022 14:30,14.67,28.14
3185,6/20/2022 14:40,14.5,27.97
3186,6/20/2022 14:50,14.45,23.21
3187,6/20/2022 15:00,14.67,22.01
3188,6/20/2022 15:10,14.58,20.85
3189,6/20/2022 15:20,14.58,19.52
3190,6/20/2022 15:30,14.58,18.92
3191,6/20/2022 15:40,14.15,18.44
3192,6/20/2022 15:50,13.9,18.27
3193,6/20/2022 16:00,13.85,18.02
3194,6/20/2022 16:10,13.81,17.97
3195,6/20/2022 16:20,13.9,17.93
3196,6/20/2022 16:30,13.77,17.72
3197,6/20/2022 16:40,13.81,17.5
3198,6/20/2022 16:50,13.73,17.24
3199,6/20/2022 17:00,14.03,17.24
3200,6/20/2022 17:10,13.94,17.46
3201,6/20/2022 17:20,14.03,18.02
3202,6/20/2022 17:30,14.07,18.1
3203,6/20/2022 17:40,14.24,18.14
3204,6/20/2022 17:50,14.15,18.32
3205,6/20/2022 18:00,14.15,18.44
3206,6/20/2022 18:10,14.33,18.62
3207,6/20/2022 18:20,14.33,19
3208,6/20/2022 18:30,14.45,19
3209,6/20/2022 18:40,14.5,19
3210,6/20/2022 18:50,14.54,19
3211,6/20/2022 19:00,14.71,18.62
3212,6/20/2022 19:10,14.58,18.62
3213,6/20/2022 19:20,14.41,18.53
3214,6/20/2022 19:30,14.28,18.66
3215,6/20/2022 19:40,14.15,18.36
3216,6/20/2022 19:50,14.15,17.97
3217,6/20/2022 20:00,13.94,17.59
3218,6/20/2022 20:10,13.64,17.41
3219,6/20/2022 20:20,13.43,17.37
3220,6/20/2022 20:30,13.17,17.46
3221,6/20/2022 20:40,13,17.33
3222,6/20/2022 20:50,13,17.29
3223,6/20/2022 21:00,12.95,17.24
3224,6/20/2022 21:10,12.87,17.24
3225,6/20/2022 21:20,12.7,17.29
3226,6/20/2022 21:30,12.7,17.24
3227,6/20/2022 21:40,12.57,17.24
3228,6/20/2022 21:50,12.48,17.29
3229,6/20/2022 22:00,12.52,17.33
3230,6/20/2022 22:10,12.44,17.29
3231,6/20/2022 22:20,12.31,17.2
3232,6/20/2022 22:30,12.22,17.2
3233,6/20/2022 22:40,12.18,17.2
3234,6/20/2022 22:50,12.31,17.29
3235,6/20/2022 23:00,12.44,17.97
3236,6/20/2022 23:10,12.52,18.53
3237,6/20/2022 23:20,12.7,19
3238,6/20/2022 23:30,12.82,19.3
3239,6/20/2022 23:40,12.78,19.56
3240,6/20/2022 23:50,12.65,20.03
3241,6/21/2022 0:00,12.65,20.37
3242,6/21/2022 0:10,13.04,20.59
3243,6/21/2022 0:20,13.17,20.76
3244,6/21/2022 0:30,13.38,20.68
3245,6/21/2022 0:40,13.21,20.59
3246,6/21/2022 0:50,13.25,20.46
3247,6/21/2022 1:00,13.25,20.33
3248,6/21/2022 1:10,13.43,20.37
3249,6/21/2022 1:20,13.6,20.25
3250,6/21/2022 1:30,13.55,20.16
3251,6/21/2022 1:40,13.51,20.16
3252,6/21/2022 1:50,13.47,20.12
3253,6/21/2022 2:00,13.38,19.56
3254,6/21/2022 2:10,13.34,19.17
3255,6/21/2022 2:20,13.17,18.74
3256,6/21/2022 2:30,13.08,18.44
3257,6/21/2022 2:40,13.34,17.84
3258,6/21/2022 2:50,13.3,17.5
3259,6/21/2022 3:00,12.14,17.29
3260,6/21/2022 3:10,12.4,17.11
3261,6/21/2022 3:20,12.91,16.9
3262,6/21/2022 3:30,13.04,16.64
3263,6/21/2022 3:40,12.1,16.51
3264,6/21/2022 3:50,11.67,16.51
3265,6/21/2022 4:00,12.18,16.43
3266,6/21/2022 4:10,12.18,16.43
3267,6/21/2022 4:20,11.79,16.3
3268,6/21/2022 4:30,11.71,16.26
3269,6/21/2022 4:40,11.67,16.04
3270,6/21/2022 4:50,11.54,16.04
3271,6/21/2022 5:00,10.98,16.08
3272,6/21/2022 5:10,11.45,16.13
3273,6/21/2022 5:20,12.61,16.13
3274,6/21/2022 5:30,12.91,16.17
3275,6/21/2022 5:40,12.95,16.04
3276,6/21/2022 5:50,13,16.04
3277,6/21/2022 6:00,12.74,16
3278,6/21/2022 6:10,11.49,16
3279,6/21/2022 6:20,11.41,15.87
3280,6/21/2022 6:30,11.37,15.87
3281,6/21/2022 6:40,12.1,15.83
3282,6/21/2022 6:50,12.44,15.87
3283,6/21/2022 7:00,12.4,15.87
3284,6/21/2022 7:10,12.7,15.87
3285,6/21/2022 7:20,13.21,15.91
3286,6/21/2022 7:30,14.2,15.87
3287,6/21/2022 7:40,14.33,15.87
3288,6/21/2022 7:50,14.54,15.91
3289,6/21/2022 8:00,14.97,16.04
3290,6/21/2022 8:10,15.18,16.08
3291,6/21/2022 8:20,15.31,16.21
3292,6/21/2022 8:30,15.44,16.39
3293,6/21/2022 8:40,15.66,16.56
3294,6/21/2022 8:50,15.74,16.64
3295,6/21/2022 9:00,15.87,16.86
3296,6/21/2022 9:10,16.43,17.11
3297,6/21/2022 9:20,16.56,17.37
3298,6/21/2022 9:30,16.77,17.59
3299,6/21/2022 9:40,17.24,17.8
3300,6/21/2022 9:50,17.46,18.1
3301,6/21/2022 10:00,18.4,18.49
3302,6/21/2022 10:10,19.13,18.79
3303,6/21/2022 10:20,18.02,19.52
3304,6/21/2022 10:30,18.4,20.12
3305,6/21/2022 10:40,19.17,20.59
3306,6/21/2022 10:50,18.74,21.36
3307,6/21/2022 11:00,19.47,21.96
3308,6/21/2022 11:10,19.52,21.96
3309,6/21/2022 11:20,19.43,22.69
3310,6/21/2022 11:30,19.65,23.38
3311,6/21/2022 11:40,19.73,24.54
3312,6/21/2022 11:50,20.16,25.69
3313,6/21/2022 12:00,20.55,26.64
3314,6/21/2022 12:10,20.59,27.45
3315,6/21/2022 12:20,20.68,26.68
3316,6/21/2022 12:30,20.63,27.15
3317,6/21/2022 12:40,20.85,28.05
3318,6/21/2022 12:50,21.32,28.61
3319,6/21/2022 13:00,21.53,28.87
3320,6/21/2022 13:10,21.36,28.87
3321,6/21/2022 13:20,21.36,29.21
3322,6/21/2022 13:30,21.4,29.21
3323,6/21/2022 13:40,20.72,28.83
3324,6/21/2022 13:50,19.86,28.18
3325,6/21/2022 14:00,19.69,27.88
3326,6/21/2022 14:10,19,29.94
3327,6/21/2022 14:20,18.53,30.71
3328,6/21/2022 14:30,18.96,28.18
3329,6/21/2022 14:40,19.47,25.05
3330,6/21/2022 14:50,19.56,23.21
3331,6/21/2022 15:00,19.82,22.09
3332,6/21/2022 15:10,19.6,20.89
3333,6/21/2022 15:20,19.22,19.95
3334,6/21/2022 15:30,18.87,19.65
3335,6/21/2022 15:40,18.83,19.52
3336,6/21/2022 15:50,18.7,19.26
3337,6/21/2022 16:00,18.44,18.92
3338,6/21/2022 16:10,18.74,18.62
3339,6/21/2022 16:20,18.27,18.57
3340,6/21/2022 16:30,18.1,18.57
3341,6/21/2022 16:40,18.23,18.53
3342,6/21/2022 16:50,18.14,18.4
3343,6/21/2022 17:00,17.8,18.27
3344,6/21/2022 17:10,17.33,18.36
3345,6/21/2022 17:20,17.33,18.87
3346,6/21/2022 17:30,17.24,19.17
3347,6/21/2022 17:40,17.24,18.87
3348,6/21/2022 17:50,17.59,18.74
3349,6/21/2022 18:00,17.63,18.7
3350,6/21/2022 18:10,17.59,18.83
3351,6/21/2022 18:20,17.63,19.26
3352,6/21/2022 18:30,17.67,19.86
3353,6/21/2022 18:40,17.72,19.99
3354,6/21/2022 18:50,17.84,19.77
3355,6/21/2022 19:00,17.89,19.6
3356,6/21/2022 19:10,17.76,19.13
3357,6/21/2022 19:20,17.59,18.83
3358,6/21/2022 19:30,17.37,18.74
3359,6/21/2022 19:40,17.41,18.57
3360,6/21/2022 19:50,17.2,18.62
3361,6/21/2022 20:00,16.94,18.53
3362,6/21/2022 20:10,16.73,18.57
3363,6/21/2022 20:20,16.47,17.93
3364,6/21/2022 20:30,15.87,17.54
3365,6/21/2022 20:40,15.53,17.07
3366,6/21/2022 20:50,15.18,16.86
3367,6/21/2022 21:00,14.8,16.69
3368,6/21/2022 21:10,14.71,16.77
3369,6/21/2022 21:20,14.71,16.77
3370,6/21/2022 21:30,14.54,16.77
3371,6/21/2022 21:40,14.33,16.86
3372,6/21/2022 21:50,14.07,17.07
3373,6/21/2022 22:00,13.85,17.29
3374,6/21/2022 22:10,13.81,17.5
3375,6/21/2022 22:20,13.85,17.59
3376,6/21/2022 22:30,13.9,17.67
3377,6/21/2022 22:40,13.9,17.63
3378,6/21/2022 22:50,13.98,17.63
3379,6/21/2022 23:00,13.94,17.67
3380,6/21/2022 23:10,13.98,17.72
3381,6/21/2022 23:20,14.15,17.76
3382,6/21/2022 23:30,13.94,17.72
3383,6/21/2022 23:40,13.98,17.76
3384,6/21/2022 23:50,14.11,17.76
3385,6/22/2022 0:00,14.45,17.84
3386,6/22/2022 0:10,14.67,17.89
3387,6/22/2022 0:20,14.63,18.44
3388,6/22/2022 0:30,14.63,18.87
3389,6/22/2022 0:40,14.54,19.56
3390,6/22/2022 0:50,14.8,20.29
3391,6/22/2022 1:00,15.36,20.72
3392,6/22/2022 1:10,15.61,21.02
3393,6/22/2022 1:20,14.97,21.36
3394,6/22/2022 1:30,15.14,21.36
3395,6/22/2022 1:40,15.14,21.15
3396,6/22/2022 1:50,15.96,20.98
3397,6/22/2022 2:00,16.04,20.72
3398,6/22/2022 2:10,14.88,20.5
3399,6/22/2022 2:20,14.33,20.2
3400,6/22/2022 2:30,14.11,20.03
3401,6/22/2022 2:40,14.37,19.95
3402,6/22/2022 2:50,14.97,19.86
3403,6/22/2022 3:00,15.83,19.86
3404,6/22/2022 3:10,15.18,19.9
3405,6/22/2022 3:20,14.97,19.99
3406,6/22/2022 3:30,15.23,19.99
3407,6/22/2022 3:40,15.44,19.73
3408,6/22/2022 3:50,15.57,18.87
3409,6/22/2022 4:00,15.4,18.4
3410,6/22/2022 4:10,15.06,17.97
3411,6/22/2022 4:20,14.97,17.84
3412,6/22/2022 4:30,14.97,17.72
3413,6/22/2022 4:40,15.01,17.54
3414,6/22/2022 4:50,14.58,17.29
3415,6/22/2022 5:00,14.24,17.11
3416,6/22/2022 5:10,14.03,16.77
3417,6/22/2022 5:20,13.81,16.6
3418,6/22/2022 5:30,13.68,16.43
3419,6/22/2022 5:40,13.98,16.3
3420,6/22/2022 5:50,13.94,16.13
3421,6/22/2022 6:00,13.94,16.04
3422,6/22/2022 6:10,13.73,16.04
3423,6/22/2022 6:20,13.73,16.21
3424,6/22/2022 6:30,13.6,16.3
3425,6/22/2022 6:40,13.9,16.39
3426,6/22/2022 6:50,14.15,16.51
3427,6/22/2022 7:00,14.37,16.56
3428,6/22/2022 7:10,14.54,16.56
3429,6/22/2022 7:20,14.8,16.51
3430,6/22/2022 7:30,15.06,16.51
3431,6/22/2022 7:40,15.4,16.34
3432,6/22/2022 7:50,15.57,16.34
3433,6/22/2022 8:00,15.87,16.3
3434,6/22/2022 8:10,15.74,16.39
3435,6/22/2022 8:20,15.53,16.51
3436,6/22/2022 8:30,15.4,16.73
3437,6/22/2022 8:40,15.57,16.94
3438,6/22/2022 8:50,16.77,17.16
3439,6/22/2022 9:00,17.11,17.29
3440,6/22/2022 9:10,17.41,17.46
3441,6/22/2022 9:20,17.89,17.59
3442,6/22/2022 9:30,18.14,17.8
3443,6/22/2022 9:40,17.5,17.97
3444,6/22/2022 9:50,18.4,18.19
3445,6/22/2022 10:00,19.3,18.4
3446,6/22/2022 10:10,19.86,18.53
3447,6/22/2022 10:20,19.56,18.57
3448,6/22/2022 10:30,19.47,18.66
3449,6/22/2022 10:40,19.86,18.79
3450,6/22/2022 10:50,20.2,19.13
3451,6/22/2022 11:00,20.25,19.6
3452,6/22/2022 11:10,20.42,20.25
3453,6/22/2022 11:20,20.42,21.1
3454,6/22/2022 11:30,20.55,21.62
3455,6/22/2022 11:40,20.76,22.56
3456,6/22/2022 11:50,20.68,23.16
3457,6/22/2022 12:00,20.59,23.55
3458,6/22/2022 12:10,20.33,23.98
3459,6/22/2022 12:20,20.76,23.98
3460,6/22/2022 12:30,21.06,24.15
3461,6/22/2022 12:40,21.32,24.49
3462,6/22/2022 12:50,21.4,24.79
3463,6/22/2022 13:00,21.23,25.27
3464,6/22/2022 13:10,21.06,25.52
3465,6/22/2022 13:20,21.28,25.78
3466,6/22/2022 13:30,21.32,26.3
3467,6/22/2022 13:40,21.45,27.02
3468,6/22/2022 13:50,20.8,27.5
3469,6/22/2022 14:00,20.33,28.14
3470,6/22/2022 14:10,19.77,27.8
3471,6/22/2022 14:20,18.7,26.64
3472,6/22/2022 14:30,18.19,25.65
3473,6/22/2022 14:40,18.14,25.18
3474,6/22/2022 14:50,17.76,24.84
3475,6/22/2022 15:00,17.33,24.32
3476,6/22/2022 15:10,17.24,23.59
3477,6/22/2022 15:20,17.07,22.61
3478,6/22/2022 15:30,16.81,21.96
3479,6/22/2022 15:40,16.69,21.15
3480,6/22/2022 15:50,16.56,20.55
3481,6/22/2022 16:00,16.64,20.07
3482,6/22/2022 16:10,16.21,19.77
3483,6/22/2022 16:20,16.39,19.56
3484,6/22/2022 16:30,16.04,19.43
3485,6/22/2022 16:40,15.61,19.3
3486,6/22/2022 16:50,15.91,19.26
3487,6/22/2022 17:00,16.04,19.39
3488,6/22/2022 17:10,15.96,19.82
3489,6/22/2022 17:20,15.96,20.2
3490,6/22/2022 17:30,16.08,20.55
3491,6/22/2022 17:40,16.26,19.47
3492,6/22/2022 17:50,16.51,18.79
3493,6/22/2022 18:00,16.34,19
3494,6/22/2022 18:10,16.47,19.39
3495,6/22/2022 18:20,16.39,19.77
3496,6/22/2022 18:30,16.21,19.73
3497,6/22/2022 18:40,16.43,19.95
3498,6/22/2022 18:50,16.51,20.5
3499,6/22/2022 19:00,16.47,20.63
3500,6/22/2022 19:10,16.6,20.55
3501,6/22/2022 19:20,16.6,19.69
3502,6/22/2022 19:30,16.51,19.39
3503,6/22/2022 19:40,16.34,19.13
3504,6/22/2022 19:50,16.04,18.96
3505,6/22/2022 20:00,15.7,18.74
3506,6/22/2022 20:10,15.4,18.53
3507,6/22/2022 20:20,15.23,18.4
3508,6/22/2022 20:30,15.06,18.4
3509,6/22/2022 20:40,14.67,18.44
3510,6/22/2022 20:50,14.41,18.4
3511,6/22/2022 21:00,14.41,18.53
3512,6/22/2022 21:10,14.28,18.49
3513,6/22/2022 21:20,13.94,17.76
3514,6/22/2022 21:30,13.77,17.5
3515,6/22/2022 21:40,13.64,17.37
3516,6/22/2022 21:50,13.51,17.33
3517,6/22/2022 22:00,13.08,17.24
3518,6/22/2022 22:10,12.82,17.33
3519,6/22/2022 22:20,12.74,17.46
3520,6/22/2022 22:30,12.78,17.67
3521,6/22/2022 22:40,13.3,17.76
3522,6/22/2022 22:50,13.34,17.84
3523,6/22/2022 23:00,13.21,17.84
3524,6/22/2022 23:10,13.47,17.84
3525,6/22/2022 23:20,13.38,17.8
3526,6/22/2022 23:30,13.55,17.84
3527,6/22/2022 23:40,13.6,17.84
3528,6/22/2022 23:50,13.55,17.76
3529,6/23/2022 0:00,13.68,17.84
3530,6/23/2022 0:10,13.68,17.93
3531,6/23/2022 0:20,13.81,17.93
3532,6/23/2022 0:30,13.68,18.02
3533,6/23/2022 0:40,13.47,18.1
3534,6/23/2022 0:50,13.25,18.1
3535,6/23/2022 1:00,13.34,18.49
3536,6/23/2022 1:10,13.43,19.3
3537,6/23/2022 1:20,13.43,21.1
3538,6/23/2022 1:30,13.38,21.36
3539,6/23/2022 1:40,13.25,21.4
3540,6/23/2022 1:50,13.34,21.36
3541,6/23/2022 2:00,13.47,21.32
3542,6/23/2022 2:10,13.34,21.23
3543,6/23/2022 2:20,13.17,20.76
3544,6/23/2022 2:30,12.87,20.46
3545,6/23/2022 2:40,13,20.12
3546,6/23/2022 2:50,13.04,19.82
3547,6/23/2022 3:00,13.12,19.69
3548,6/23/2022 3:10,13.12,19.43
3549,6/23/2022 3:20,13,19.13
3550,6/23/2022 3:30,12.95,18.92
3551,6/23/2022 3:40,13.08,18.83
3552,6/23/2022 3:50,13.21,18.66
3553,6/23/2022 4:00,13.21,18.53
3554,6/23/2022 4:10,13.08,18.44
3555,6/23/2022 4:20,12.61,18.44
3556,6/23/2022 4:30,12.48,18.36
3557,6/23/2022 4:40,12.4,18.66
3558,6/23/2022 4:50,12.14,19
3559,6/23/2022 5:00,11.92,19.26
3560,6/23/2022 5:10,11.79,19.26
3561,6/23/2022 5:20,11.75,19.13
3562,6/23/2022 5:30,11.71,18.87
3563,6/23/2022 5:40,11.58,18.74
3564,6/23/2022 5:50,11.37,17.97
3565,6/23/2022 6:00,11.24,17.16
3566,6/23/2022 6:10,11.15,16.86
3567,6/23/2022 6:20,11.24,16.43
3568,6/23/2022 6:30,11.28,16.34
3569,6/23/2022 6:40,11.15,16.3
3570,6/23/2022 6:50,10.98,16.21
3571,6/23/2022 7:00,10.94,16.26
3572,6/23/2022 7:10,10.94,16.3
3573,6/23/2022 7:20,11.02,16.3
3574,6/23/2022 7:30,10.81,16.34
3575,6/23/2022 7:40,10.81,16.39
3576,6/23/2022 7:50,10.85,16.39
3577,6/23/2022 8:00,10.94,16.47
3578,6/23/2022 8:10,10.94,16.47
3579,6/23/2022 8:20,11.02,16.56
3580,6/23/2022 8:30,10.94,16.64
3581,6/23/2022 8:40,11.02,16.77
3582,6/23/2022 8:50,11.15,16.81
3583,6/23/2022 9:00,11.32,16.81
3584,6/23/2022 9:10,11.45,16.69
3585,6/23/2022 9:20,11.84,16.86
3586,6/23/2022 9:30,12.1,16.9
3587,6/23/2022 9:40,12.22,17.07
3588,6/23/2022 9:50,12.48,17.2
3589,6/23/2022 10:00,12.4,17.33
3590,6/23/2022 10:10,12.48,17.41
3591,6/23/2022 10:20,12.7,17.54
3592,6/23/2022 10:30,12.87,17.72
3593,6/23/2022 10:40,13.21,17.89
3594,6/23/2022 10:50,13.12,18.14
3595,6/23/2022 11:00,12.7,18.36
3596,6/23/2022 11:10,12.7,18.62
3597,6/23/2022 11:20,12.78,18.87
3598,6/23/2022 11:30,12.82,19.09
3599,6/23/2022 11:40,13.25,19.3
3600,6/23/2022 11:50,13.21,19.35
3601,6/23/2022 12:00,12.95,19.69
3602,6/23/2022 12:10,13.38,20.07
3603,6/23/2022 12:20,13.73,20.29
3604,6/23/2022 12:30,13.9,20.46
3605,6/23/2022 12:40,13.3,21.06
3606,6/23/2022 12:50,12.74,21.88
3607,6/23/2022 13:00,12.74,22.52
3608,6/23/2022 13:10,12.65,22.91
3609,6/23/2022 13:20,12.7,23.12
3610,6/23/2022 13:30,12.74,23.21
3611,6/23/2022 13:40,12.91,23.46
3612,6/23/2022 13:50,13.21,23.98
3613,6/23/2022 14:00,12.95,24.66
3614,6/23/2022 14:10,13.21,25.27
3615,6/23/2022 14:20,13.47,25.61
3616,6/23/2022 14:30,13.94,25.61
3617,6/23/2022 14:40,14.41,25.27
3618,6/23/2022 14:50,14.58,24.36
3619,6/23/2022 15:00,14.03,23.76
3620,6/23/2022 15:10,14.11,23.38
3621,6/23/2022 15:20,14.63,23.29
3622,6/23/2022 15:30,14.84,22.99
3623,6/23/2022 15:40,14.75,22.65
3624,6/23/2022 15:50,14.71,22.09
3625,6/23/2022 16:00,14.54,21.32
3626,6/23/2022 16:10,13.81,20.59
3627,6/23/2022 16:20,13.6,20.16
3628,6/23/2022 16:30,13.51,19.9
3629,6/23/2022 16:40,13.6,19.77
3630,6/23/2022 16:50,13.17,19.65
3631,6/23/2022 17:00,13.04,19.69
3632,6/23/2022 17:10,13.08,19.6
3633,6/23/2022 17:20,13.21,19.77
3634,6/23/2022 17:30,13.43,20.03
3635,6/23/2022 17:40,13.17,20.37
3636,6/23/2022 17:50,12.91,20.12
3637,6/23/2022 18:00,13.17,19.73
3638,6/23/2022 18:10,13.3,19.69
3639,6/23/2022 18:20,12.91,19.56
3640,6/23/2022 18:30,12.57,19.77
3641,6/23/2022 18:40,12.4,19.82
3642,6/23/2022 18:50,12.35,19.77
3643,6/23/2022 19:00,12.31,20.33
3644,6/23/2022 19:10,12.35,20.72
3645,6/23/2022 19:20,12.1,20.85
3646,6/23/2022 19:30,12.14,20.37
3647,6/23/2022 19:40,11.97,19.86
3648,6/23/2022 19:50,12.14,19.56
3649,6/23/2022 20:00,12.05,19.22
3650,6/23/2022 20:10,11.92,19
3651,6/23/2022 20:20,11.97,18.92
3652,6/23/2022 20:30,11.88,18.92
3653,6/23/2022 20:40,12.05,18.87
3654,6/23/2022 20:50,12.14,18.79
3655,6/23/2022 21:00,12.31,18.66
3656,6/23/2022 21:10,12.44,18.66
3657,6/23/2022 21:20,12.35,18.62
3658,6/23/2022 21:30,12.78,18.66
3659,6/23/2022 21:40,12.44,18.7
3660,6/23/2022 21:50,11.92,18.36
3661,6/23/2022 22:00,12.05,17.97
3662,6/23/2022 22:10,12.1,17.8
3663,6/23/2022 22:20,11.84,17.84
3664,6/23/2022 22:30,11.41,17.89
3665,6/23/2022 22:40,11.45,17.93
3666,6/23/2022 22:50,11.37,18.02
3667,6/23/2022 23:00,11.32,18.23
3668,6/23/2022 23:10,11.24,18.19
3669,6/23/2022 23:20,11.07,17.93
3670,6/23/2022 23:30,11.37,17.84
3671,6/23/2022 23:40,11.62,17.8
3672,6/23/2022 23:50,11.67,17.76
3673,6/24/2022 0:00,11.37,17.84
3674,6/24/2022 0:10,11.37,17.89
3675,6/24/2022 0:20,11.28,17.93
3676,6/24/2022 0:30,11.37,17.97
3677,6/24/2022 0:40,11.11,18.06
3678,6/24/2022 0:50,11.02,18.06
3679,6/24/2022 1:00,11.28,18.06
3680,6/24/2022 1:10,11.24,18.1
3681,6/24/2022 1:20,11.49,18.06
3682,6/24/2022 1:30,11.49,18.14
3683,6/24/2022 1:40,11.28,18.36
3684,6/24/2022 1:50,11.32,18.83
3685,6/24/2022 2:00,11.32,19.69
3686,6/24/2022 2:10,11.45,20.25
3687,6/24/2022 2:20,11.67,20.72
3688,6/24/2022 2:30,11.41,20.85
3689,6/24/2022 2:40,11.49,20.72
3690,6/24/2022 2:50,11.49,20.42
3691,6/24/2022 3:00,11.49,19.99
3692,6/24/2022 3:10,11.49,19.65
3693,6/24/2022 3:20,11.62,19.26
3694,6/24/2022 3:30,11.75,18.92
3695,6/24/2022 3:40,12.01,18.66
3696,6/24/2022 3:50,11.71,18.32
3697,6/24/2022 4:00,11.84,17.97
3698,6/24/2022 4:10,11.54,17.59
3699,6/24/2022 4:20,11.58,16.47
3700,6/24/2022 4:30,11.28,14.75
3701,6/24/2022 4:40,11.15,13.55
3702,6/24/2022 4:50,11.15,13
3703,6/24/2022 5:00,11.11,12.65
3704,6/24/2022 5:10,11.15,12.57
3705,6/24/2022 5:20,11.15,12.52
3706,6/24/2022 5:30,11.07,12.82
3707,6/24/2022 5:40,10.85,15.1
3708,6/24/2022 5:50,10.81,16.51
3709,6/24/2022 6:00,10.85,17.33
3710,6/24/2022 6:10,11.02,17.72
3711,6/24/2022 6:20,11.07,17.84
3712,6/24/2022 6:30,11.11,18.02
3713,6/24/2022 6:40,11.07,17.97
3714,6/24/2022 6:50,11.15,17.93
3715,6/24/2022 7:00,11.15,17.89
3716,6/24/2022 7:10,11.07,17.8
3717,6/24/2022 7:20,11.11,17.8
3718,6/24/2022 7:30,11.41,17.89
3719,6/24/2022 7:40,11.24,17.89
3720,6/24/2022 7:50,11.19,17.8
3721,6/24/2022 8:00,11.32,17.54
3722,6/24/2022 8:10,11.49,17.46
3723,6/24/2022 8:20,11.75,17.37
3724,6/24/2022 8:30,11.84,17.33
3725,6/24/2022 8:40,11.84,17.29
3726,6/24/2022 8:50,11.79,17.29
3727,6/24/2022 9:00,11.97,17.29
3728,6/24/2022 9:10,11.92,17.33
3729,6/24/2022 9:20,11.97,17.33
3730,6/24/2022 9:30,12.1,17.41
3731,6/24/2022 9:40,12.1,17.59
3732,6/24/2022 9:50,12.05,17.67
3733,6/24/2022 10:00,12.31,17.93
3734,6/24/2022 10:10,12.44,18.06
3735,6/24/2022 10:20,12.57,18.14
3736,6/24/2022 10:30,12.61,18.27
3737,6/24/2022 10:40,12.61,18.36
3738,6/24/2022 10:50,12.65,18.49
3739,6/24/2022 11:00,12.78,18.62
3740,6/24/2022 11:10,12.87,18.83
3741,6/24/2022 11:20,13.17,18.96
3742,6/24/2022 11:30,13.25,18.96
3743,6/24/2022 11:40,13.3,18.83
3744,6/24/2022 11:50,13.34,18.92
3745,6/24/2022 12:00,13.55,19.05
3746,6/24/2022 12:10,13.73,19.17
3747,6/24/2022 12:20,13.6,19.35
3748,6/24/2022 12:30,13.68,19.6
3749,6/24/2022 12:40,13.73,19.86
3750,6/24/2022 12:50,13.81,20.07
3751,6/24/2022 13:00,13.73,20.33
3752,6/24/2022 13:10,13.81,20.63
3753,6/24/2022 13:20,13.9,21.1
3754,6/24/2022 13:30,13.68,21.45
3755,6/24/2022 13:40,13.6,21.66
3756,6/24/2022 13:50,13.47,22.01
3757,6/24/2022 14:00,13.51,22.31
3758,6/24/2022 14:10,13.34,22.61
3759,6/24/2022 14:20,13.21,22.82
3760,6/24/2022 14:30,13.21,22.65
3761,6/24/2022 14:40,13.04,22.69
3762,6/24/2022 14:50,12.95,22.99
3763,6/24/2022 15:00,13.04,23.12
3764,6/24/2022 15:10,13.04,23.12
3765,6/24/2022 15:20,13.17,23.03
3766,6/24/2022 15:30,13.47,23.08
3767,6/24/2022 15:40,13.21,22.95
3768,6/24/2022 15:50,13.38,22.52
3769,6/24/2022 16:00,13.64,22.18
3770,6/24/2022 16:10,13.77,21.88
3771,6/24/2022 16:20,13.9,21.62
3772,6/24/2022 16:30,13.98,21.49
3773,6/24/2022 16:40,14.07,21.36
3774,6/24/2022 16:50,14.03,21.19
3775,6/24/2022 17:00,14.03,20.98
3776,6/24/2022 17:10,14.28,20.8
3777,6/24/2022 17:20,14.33,20.63
3778,6/24/2022 17:30,14.5,20.42
3779,6/24/2022 17:40,14.45,20.25
3780,6/24/2022 17:50,14.5,20.42
3781,6/24/2022 18:00,14.54,20.63
3782,6/24/2022 18:10,14.5,20.72
3783,6/24/2022 18:20,14.41,20.98
3784,6/24/2022 18:30,14.41,21.28
3785,6/24/2022 18:40,14.71,20.8
3786,6/24/2022 18:50,14.63,20.55
3787,6/24/2022 19:00,14.54,20.07
3788,6/24/2022 19:10,14.58,19.77
3789,6/24/2022 19:20,14.54,19.95
3790,6/24/2022 19:30,14.63,20.33
3791,6/24/2022 19:40,14.45,20.29
3792,6/24/2022 19:50,14.37,19.82
3793,6/24/2022 20:00,14.2,19.69
3794,6/24/2022 20:10,14.07,19.65
3795,6/24/2022 20:20,13.94,19.65
3796,6/24/2022 20:30,13.77,19.05
3797,6/24/2022 20:40,13.77,18.83
3798,6/24/2022 20:50,13.85,18.79
3799,6/24/2022 21:00,13.9,18.7
3800,6/24/2022 21:10,14.11,18.62
3801,6/24/2022 21:20,14.5,18.57
3802,6/24/2022 21:30,14.63,18.57
3803,6/24/2022 21:40,14.28,18.57
3804,6/24/2022 21:50,14.03,18.49
3805,6/24/2022 22:00,13.98,18.49
3806,6/24/2022 22:10,14.07,18.49
3807,6/24/2022 22:20,13.73,18.53
3808,6/24/2022 22:30,13.64,18.14
3809,6/24/2022 22:40,13.43,17.89
3810,6/24/2022 22:50,13.08,17.89
3811,6/24/2022 23:00,13.17,17.97
3812,6/24/2022 23:10,12.95,18.02
3813,6/24/2022 23:20,13.04,18.14
3814,6/24/2022 23:30,12.87,18.1
3815,6/24/2022 23:40,12.65,17.97
3816,6/24/2022 23:50,12.7,17.93
3817,6/25/2022 0:00,12.7,17.84
3818,6/25/2022 0:10,12.61,17.8
3819,6/25/2022 0:20,12.61,17.8
3820,6/25/2022 0:30,12.65,17.89
3821,6/25/2022 0:40,12.65,17.97
3822,6/25/2022 0:50,12.61,18.06
3823,6/25/2022 1:00,12.57,18.1
3824,6/25/2022 1:10,12.57,18.14
3825,6/25/2022 1:20,12.57,18.14
3826,6/25/2022 1:30,12.65,18.06
3827,6/25/2022 1:40,12.65,18.06
3828,6/25/2022 1:50,12.52,18.1
3829,6/25/2022 2:00,12.65,18.14
3830,6/25/2022 2:10,12.61,18.14
3831,6/25/2022 2:20,12.52,18.53
3832,6/25/2022 2:30,12.52,18.83
3833,6/25/2022 2:40,12.52,19.56
3834,6/25/2022 2:50,12.52,19.95
3835,6/25/2022 3:00,12.52,20.16
3836,6/25/2022 3:10,12.48,19.69
3837,6/25/2022 3:20,12.4,19.13
3838,6/25/2022 3:30,12.31,18.74
3839,6/25/2022 3:40,12.31,18.66
3840,6/25/2022 3:50,12.48,18.53
3841,6/25/2022 4:00,12.44,18.23
3842,6/25/2022 4:10,12.4,17.97
3843,6/25/2022 4:20,12.4,17.76
3844,6/25/2022 4:30,12.35,17.59
3845,6/25/2022 4:40,12.4,17.03
3846,6/25/2022 4:50,12.4,15.78
3847,6/25/2022 5:00,12.31,14.84
3848,6/25/2022 5:10,12.35,14.37
3849,6/25/2022 5:20,12.31,14.03
3850,6/25/2022 5:30,12.31,13.68
3851,6/25/2022 5:40,12.35,13.73
3852,6/25/2022 5:50,12.27,13.6
3853,6/25/2022 6:00,12.27,13.47
3854,6/25/2022 6:10,12.22,13.47
3855,6/25/2022 6:20,12.27,13.47
3856,6/25/2022 6:30,12.27,13.51
3857,6/25/2022 6:40,12.22,13.51
3858,6/25/2022 6:50,12.18,13.55
3859,6/25/2022 7:00,12.35,14.2
3860,6/25/2022 7:10,12.31,16.34
3861,6/25/2022 7:20,12.35,17.03
3862,6/25/2022 7:30,12.35,17.59
3863,6/25/2022 7:40,12.44,17.8
3864,6/25/2022 7:50,12.44,17.89
3865,6/25/2022 8:00,12.35,17.93
3866,6/25/2022 8:10,12.48,17.84
3867,6/25/2022 8:20,12.61,17.84
3868,6/25/2022 8:30,12.65,17.89
3869,6/25/2022 8:40,12.82,17.93
3870,6/25/2022 8:50,13.04,17.93
3871,6/25/2022 9:00,12.91,17.89
3872,6/25/2022 9:10,13.04,17.72
3873,6/25/2022 9:20,13.21,17.5
3874,6/25/2022 9:30,13.34,17.29
3875,6/25/2022 9:40,13.51,17.29
3876,6/25/2022 9:50,13.68,17.37
3877,6/25/2022 10:00,13.77,17.41
3878,6/25/2022 10:10,13.94,17.41
3879,6/25/2022 10:20,13.98,17.46
3880,6/25/2022 10:30,14.03,17.5
3881,6/25/2022 10:40,14.2,17.59
3882,6/25/2022 10:50,14.37,17.8
3883,6/25/2022 11:00,14.45,18.02
3884,6/25/2022 11:10,14.63,18.27
3885,6/25/2022 11:20,14.71,18.36
3886,6/25/2022 11:30,14.71,18.49
3887,6/25/2022 11:40,14.71,18.62
3888,6/25/2022 11:50,14.63,18.79
3889,6/25/2022 12:00,14.58,18.96
3890,6/25/2022 12:10,14.63,19.09
3891,6/25/2022 12:20,14.58,19.22
3892,6/25/2022 12:30,14.63,19.35
3893,6/25/2022 12:40,14.63,19.47
3894,6/25/2022 12:50,14.63,19.47
3895,6/25/2022 13:00,14.63,19.65
3896,6/25/2022 13:10,14.67,19.9
3897,6/25/2022 13:20,14.67,20.03
3898,6/25/2022 13:30,14.54,20.25
3899,6/25/2022 13:40,14.71,20.5
3900,6/25/2022 13:50,14.97,20.8
3901,6/25/2022 14:00,14.71,21.02
3902,6/25/2022 14:10,14.71,21.28
3903,6/25/2022 14:20,14.75,21.49
3904,6/25/2022 14:30,14.67,21.79
3905,6/25/2022 14:40,14.75,22.05
3906,6/25/2022 14:50,14.8,22.22
3907,6/25/2022 15:00,14.88,22.35
3908,6/25/2022 15:10,14.8,22.35
3909,6/25/2022 15:20,14.75,22.26
3910,6/25/2022 15:30,14.88,22.26
3911,6/25/2022 15:40,14.88,22.35
3912,6/25/2022 15:50,14.93,22.13
3913,6/25/2022 16:00,14.8,22.05
3914,6/25/2022 16:10,14.84,21.88
3915,6/25/2022 16:20,14.63,21.75
3916,6/25/2022 16:30,14.45,21.53
3917,6/25/2022 16:40,14.71,21.28
3918,6/25/2022 16:50,14.45,20.89
3919,6/25/2022 17:00,14.5,20.85
3920,6/25/2022 17:10,14.45,20.68
3921,6/25/2022 17:20,14.28,20.5
3922,6/25/2022 17:30,14.24,20.25
3923,6/25/2022 17:40,14.2,20.12
3924,6/25/2022 17:50,14.37,20.03
3925,6/25/2022 18:00,14.33,19.9
3926,6/25/2022 18:10,14.33,19.6
3927,6/25/2022 18:20,14.33,19.35
3928,6/25/2022 18:30,14.2,19.52
3929,6/25/2022 18:40,14.33,19.77
3930,6/25/2022 18:50,14.28,19.99
3931,6/25/2022 19:00,14.15,20.12
3932,6/25/2022 19:10,14.24,19.35
3933,6/25/2022 19:20,14.15,18.74
3934,6/25/2022 19:30,14.07,18.49
3935,6/25/2022 19:40,14.11,18.44
3936,6/25/2022 19:50,13.98,18.53
3937,6/25/2022 20:00,14.03,18.7
3938,6/25/2022 20:10,14.15,18.79
3939,6/25/2022 20:20,14.15,18.57
3940,6/25/2022 20:30,14.2,18.57
3941,6/25/2022 20:40,14.2,18.57
3942,6/25/2022 20:50,14.28,18.74
3943,6/25/2022 21:00,14.11,18.7
3944,6/25/2022 21:10,14.33,18.62
3945,6/25/2022 21:20,14.37,18.44
3946,6/25/2022 21:30,14.41,18.36
3947,6/25/2022 21:40,14.93,18.32
3948,6/25/2022 21:50,15.27,18.23
3949,6/25/2022 22:00,15.4,18.19
3950,6/25/2022 22:10,15.18,18.14
3951,6/25/2022 22:20,15.23,18.1
3952,6/25/2022 22:30,14.8,18.14
3953,6/25/2022 22:40,14.41,18.23
3954,6/25/2022 22:50,14.07,18.23
3955,6/25/2022 23:00,13.94,18.32
3956,6/25/2022 23:10,13.64,18.36
3957,6/25/2022 23:20,13.51,18.36
3958,6/25/2022 23:30,13.51,18.44
3959,6/25/2022 23:40,13.43,18.49
3960,6/25/2022 23:50,13.08,18.49
3961,6/26/2022 0:00,12.87,18.23
3962,6/26/2022 0:10,12.95,18.14
3963,6/26/2022 0:20,13.04,18.23
3964,6/26/2022 0:30,13,18.23
3965,6/26/2022 0:40,12.74,18.19
3966,6/26/2022 0:50,12.78,18.19
3967,6/26/2022 1:00,12.78,18.23
3968,6/26/2022 1:10,12.82,18.19
3969,6/26/2022 1:20,12.57,18.14
3970,6/26/2022 1:30,12.7,18.19
3971,6/26/2022 1:40,12.82,18.19
3972,6/26/2022 1:50,12.65,18.27
3973,6/26/2022 2:00,12.65,18.32
3974,6/26/2022 2:10,12.7,18.32
3975,6/26/2022 2:20,12.57,18.36
3976,6/26/2022 2:30,12.52,18.36
3977,6/26/2022 2:40,12.61,18.4
3978,6/26/2022 2:50,12.48,18.62
3979,6/26/2022 3:00,12.57,19.09
3980,6/26/2022 3:10,12.61,19.35
3981,6/26/2022 3:20,12.61,19.47
3982,6/26/2022 3:30,12.74,19.35
3983,6/26/2022 3:40,12.65,18.66
3984,6/26/2022 3:50,12.48,18.49
3985,6/26/2022 4:00,12.57,18.4
3986,6/26/2022 4:10,12.61,18.23
3987,6/26/2022 4:20,12.57,18.1
3988,6/26/2022 4:30,12.57,17.89
3989,6/26/2022 4:40,12.57,17.63
3990,6/26/2022 4:50,12.48,17.46
3991,6/26/2022 5:00,12.4,16.43
3992,6/26/2022 5:10,12.57,15.06
3993,6/26/2022 5:20,12.52,14.24
3994,6/26/2022 5:30,12.44,13.85
3995,6/26/2022 5:40,12.44,13.6
3996,6/26/2022 5:50,12.44,13.51
3997,6/26/2022 6:00,12.48,13.51
3998,6/26/2022 6:10,12.52,13.55
3999,6/26/2022 6:20,12.57,13.51
4000,6/26/2022 6:30,12.52,13.47
4001,6/26/2022 6:40,12.61,13.51
4002,6/26/2022 6:50,12.65,13.51
4003,6/26/2022 7:00,12.7,13.68
4004,6/26/2022 7:10,12.91,13.9
4005,6/26/2022 7:20,12.65,13.77
4006,6/26/2022 7:30,12.82,13.9
4007,6/26/2022 7:40,12.82,13.94
4008,6/26/2022 7:50,12.91,13.98
4009,6/26/2022 8:00,12.91,14.15
4010,6/26/2022 8:10,12.87,14.41
4011,6/26/2022 8:20,13.04,16.73
4012,6/26/2022 8:30,13.08,17.37
4013,6/26/2022 8:40,13.08,17.76
4014,6/26/2022 8:50,13.21,17.93
4015,6/26/2022 9:00,13.08,18.06
4016,6/26/2022 9:10,13.17,17.97
4017,6/26/2022 9:20,13.25,17.97
4018,6/26/2022 9:30,13.34,18.02
4019,6/26/2022 9:40,13.38,18.02
4020,6/26/2022 9:50,13.3,17.84
4021,6/26/2022 10:00,13.43,17.63
4022,6/26/2022 10:10,13.47,17.54
4023,6/26/2022 10:20,13.64,17.54
4024,6/26/2022 10:30,13.77,17.54
4025,6/26/2022 10:40,13.68,17.54
4026,6/26/2022 10:50,13.77,17.46
4027,6/26/2022 11:00,13.85,17.59
4028,6/26/2022 11:10,13.85,17.59
4029,6/26/2022 11:20,14.03,17.67
4030,6/26/2022 11:30,14.2,17.67
4031,6/26/2022 11:40,14.15,17.8
4032,6/26/2022 11:50,14.07,18.06
4033,6/26/2022 12:00,14.2,18.1
4034,6/26/2022 12:10,14.11,18.06
4035,6/26/2022 12:20,14.5,18.27
4036,6/26/2022 12:30,14.5,18.49
4037,6/26/2022 12:40,14.54,18.57
4038,6/26/2022 12:50,14.63,18.7
4039,6/26/2022 13:00,14.67,18.87
4040,6/26/2022 13:10,14.8,19.05
4041,6/26/2022 13:20,14.8,19.26
4042,6/26/2022 13:30,14.88,19.43
4043,6/26/2022 13:40,14.8,19.6
4044,6/26/2022 13:50,14.88,19.77
4045,6/26/2022 14:00,14.84,19.95
4046,6/26/2022 14:10,14.97,20.2
4047,6/26/2022 14:20,15.1,20.42
4048,6/26/2022 14:30,15.01,20.68
4049,6/26/2022 14:40,15.06,20.76
4050,6/26/2022 14:50,15.18,21.02
4051,6/26/2022 15:00,15.06,21.28
4052,6/26/2022 15:10,15.14,21.58
4053,6/26/2022 15:20,15.23,21.96
4054,6/26/2022 15:30,15.27,22.01
4055,6/26/2022 15:40,15.06,22.22
4056,6/26/2022 15:50,14.97,22.26
4057,6/26/2022 16:00,14.88,22.22
4058,6/26/2022 16:10,14.71,22.09
4059,6/26/2022 16:20,14.75,21.83
4060,6/26/2022 16:30,14.93,21.79
4061,6/26/2022 16:40,14.75,21.7
4062,6/26/2022 16:50,14.71,21.53
4063,6/26/2022 17:00,14.58,21.45
4064,6/26/2022 17:10,14.33,21.32
4065,6/26/2022 17:20,14.33,21.19
4066,6/26/2022 17:30,14.41,20.85
4067,6/26/2022 17:40,14.2,20.37
4068,6/26/2022 17:50,14.03,20.16
4069,6/26/2022 18:00,13.94,19.95
4070,6/26/2022 18:10,13.98,19.9
4071,6/26/2022 18:20,13.98,19.77
4072,6/26/2022 18:30,13.98,19.56
4073,6/26/2022 18:40,14.07,19.52
4074,6/26/2022 18:50,14.03,19.47
4075,6/26/2022 19:00,13.81,19.56
4076,6/26/2022 19:10,14.03,19.6
4077,6/26/2022 19:20,13.98,19.73
4078,6/26/2022 19:30,13.98,19.95
4079,6/26/2022 19:40,13.81,19.09
4080,6/26/2022 19:50,13.64,18.62
4081,6/26/2022 20:00,13.77,18.36
4082,6/26/2022 20:10,13.68,18.23
4083,6/26/2022 20:20,13.98,18.49
4084,6/26/2022 20:30,13.77,18.87
4085,6/26/2022 20:40,13.81,18.92
4086,6/26/2022 20:50,13.77,18.79
4087,6/26/2022 21:00,14.03,18.87
4088,6/26/2022 21:10,13.98,18.83
4089,6/26/2022 21:20,14.07,18.79
4090,6/26/2022 21:30,14.11,18.62
4091,6/26/2022 21:40,13.94,18.49
4092,6/26/2022 21:50,14.11,18.27
4093,6/26/2022 22:00,14.28,18.14
4094,6/26/2022 22:10,14.63,18.02
4095,6/26/2022 22:20,14.71,17.89
4096,6/26/2022 22:30,14.67,17.93
4097,6/26/2022 22:40,15.27,17.89
4098,6/26/2022 22:50,15.23,17.89
4099,6/26/2022 23:00,15.27,17.89
4100,6/26/2022 23:10,14.45,17.93
4101,6/26/2022 23:20,14.03,17.93
4102,6/26/2022 23:30,13.98,18.06
4103,6/26/2022 23:40,14.03,18.27
4104,6/26/2022 23:50,13.9,18.27
4105,6/27/2022 0:00,13.68,18.14
4106,6/27/2022 0:10,13.64,17.97
4107,6/27/2022 0:20,13.47,18.06
4108,6/27/2022 0:30,13.51,18.14
4109,6/27/2022 0:40,13.43,18.27
4110,6/27/2022 0:50,13.34,18.32
4111,6/27/2022 1:00,13.17,18.23
4112,6/27/2022 1:10,13.12,18.23
4113,6/27/2022 1:20,13.04,18.19
4114,6/27/2022 1:30,12.95,18.02
4115,6/27/2022 1:40,12.95,17.97
4116,6/27/2022 1:50,12.91,17.97
4117,6/27/2022 2:00,12.78,18.02
4118,6/27/2022 2:10,12.65,18.1
4119,6/27/2022 2:20,12.78,18.19
4120,6/27/2022 2:30,12.78,18.19
4121,6/27/2022 2:40,12.65,18.23
4122,6/27/2022 2:50,12.57,18.23
4123,6/27/2022 3:00,12.7,18.32
4124,6/27/2022 3:10,12.61,18.62
4125,6/27/2022 3:20,12.74,18.87
4126,6/27/2022 3:30,12.87,19
4127,6/27/2022 3:40,12.65,19.05
4128,6/27/2022 3:50,12.57,18.79
4129,6/27/2022 4:00,12.65,18.36
4130,6/27/2022 4:10,12.7,18.1
4131,6/27/2022 4:20,12.57,17.97
4132,6/27/2022 4:30,12.48,17.8
4133,6/27/2022 4:40,12.48,17.33
4134,6/27/2022 4:50,12.4,17.03
4135,6/27/2022 5:00,12.44,16.86
4136,6/27/2022 5:10,12.48,16.77
4137,6/27/2022 5:20,12.44,15.87
4138,6/27/2022 5:30,12.44,14.84
4139,6/27/2022 5:40,12.48,14.54
4140,6/27/2022 5:50,12.57,14.15
4141,6/27/2022 6:00,12.61,14.15
4142,6/27/2022 6:10,12.52,13.98
4143,6/27/2022 6:20,12.57,14.03
4144,6/27/2022 6:30,12.61,13.98
4145,6/27/2022 6:40,12.61,13.98
4146,6/27/2022 6:50,12.7,14.03
4147,6/27/2022 7:00,12.65,13.94
4148,6/27/2022 7:10,12.57,13.98
4149,6/27/2022 7:20,12.61,13.94
4150,6/27/2022 7:30,12.65,14.11
4151,6/27/2022 7:40,12.61,14.11
4152,6/27/2022 7:50,12.65,14.28
4153,6/27/2022 8:00,12.78,14.37
4154,6/27/2022 8:10,12.78,14.45
4155,6/27/2022 8:20,12.82,14.5
4156,6/27/2022 8:30,12.78,14.58
4157,6/27/2022 8:40,12.91,14.8
4158,6/27/2022 8:50,12.91,14.97
4159,6/27/2022 9:00,12.95,15.01
4160,6/27/2022 9:10,12.95,15.27
4161,6/27/2022 9:20,12.91,16.81
4162,6/27/2022 9:30,13.08,17.33
4163,6/27/2022 9:40,13.12,17.24
4164,6/27/2022 9:50,13.12,17.11
4165,6/27/2022 10:00,13.08,17.07
4166,6/27/2022 10:10,13.17,16.99
4167,6/27/2022 10:20,13.21,16.99
4168,6/27/2022 10:30,13.17,16.94
4169,6/27/2022 10:40,13.21,16.99
4170,6/27/2022 10:50,13.21,17.03
4171,6/27/2022 11:00,13.21,17.03
4172,6/27/2022 11:10,13.34,17.07
4173,6/27/2022 11:20,13.43,17.07
4174,6/27/2022 11:30,13.43,17.07
4175,6/27/2022 11:40,13.51,17.11
4176,6/27/2022 11:50,13.51,17.11
4177,6/27/2022 12:00,13.64,17.16
4178,6/27/2022 12:10,13.68,17.33
4179,6/27/2022 12:20,13.81,17.41
4180,6/27/2022 12:30,13.94,17.41
4181,6/27/2022 12:40,13.94,17.46
4182,6/27/2022 12:50,13.98,17.5
4183,6/27/2022 13:00,14.03,17.54
4184,6/27/2022 13:10,14.07,17.63
4185,6/27/2022 13:20,14.15,17.67
4186,6/27/2022 13:30,14.15,17.8
4187,6/27/2022 13:40,14.33,17.89
4188,6/27/2022 13:50,14.33,18.02
4189,6/27/2022 14:00,14.37,18.14
4190,6/27/2022 14:10,14.33,18.23
4191,6/27/2022 14:20,14.41,18.27
4192,6/27/2022 14:30,14.37,18.36
4193,6/27/2022 14:40,14.37,18.36
4194,6/27/2022 14:50,14.5,18.44
4195,6/27/2022 15:00,14.5,18.62
4196,6/27/2022 15:10,14.5,18.74
4197,6/27/2022 15:20,14.5,18.87
4198,6/27/2022 15:30,14.58,19.05
4199,6/27/2022 15:40,14.71,19.17
4200,6/27/2022 15:50,14.5,19.35
4201,6/27/2022 16:00,14.58,19.47
4202,6/27/2022 16:10,14.58,19.65
4203,6/27/2022 16:20,14.67,19.65
4204,6/27/2022 16:30,14.58,19.56
4205,6/27/2022 16:40,14.5,19.35
4206,6/27/2022 16:50,14.45,19.65
4207,6/27/2022 17:00,14.45,19.22
4208,6/27/2022 17:10,14.41,18.83
4209,6/27/2022 17:20,14.37,18.7
4210,6/27/2022 17:30,14.28,18.62
4211,6/27/2022 17:40,14.2,18.57
4212,6/27/2022 17:50,14.24,18.57
4213,6/27/2022 18:00,14.15,18.62
4214,6/27/2022 18:10,13.98,18.4
4215,6/27/2022 18:20,13.98,18.36
4216,6/27/2022 18:30,13.9,18.4
4217,6/27/2022 18:40,13.98,18.49
4218,6/27/2022 18:50,13.98,18.57
4219,6/27/2022 19:00,13.98,18.53
4220,6/27/2022 19:10,13.77,18.44
4221,6/27/2022 19:20,13.73,18.36
4222,6/27/2022 19:30,13.81,18.06
4223,6/27/2022 19:40,13.77,17.76
4224,6/27/2022 19:50,13.85,17.8
4225,6/27/2022 20:00,13.77,17.97
4226,6/27/2022 20:10,13.73,17.93
4227,6/27/2022 20:20,13.77,18.27
4228,6/27/2022 20:30,13.73,18.4
4229,6/27/2022 20:40,13.73,18.27
4230,6/27/2022 20:50,13.73,18.23
4231,6/27/2022 21:00,13.6,17.89
4232,6/27/2022 21:10,13.6,17.67
4233,6/27/2022 21:20,13.6,17.54
4234,6/27/2022 21:30,13.6,17.46
4235,6/27/2022 21:40,13.51,17.33
4236,6/27/2022 21:50,13.51,17.2
4237,6/27/2022 22:00,13.51,17.11
4238,6/27/2022 22:10,13.55,16.94
4239,6/27/2022 22:20,13.6,16.9
4240,6/27/2022 22:30,13.51,16.69
4241,6/27/2022 22:40,13.77,16.64
4242,6/27/2022 22:50,14.2,16.64
4243,6/27/2022 23:00,14.33,16.6
4244,6/27/2022 23:10,14.97,16.56
4245,6/27/2022 23:20,14.63,16.6
4246,6/27/2022 23:30,14.45,16.51
4247,6/27/2022 23:40,13.73,16.43
4248,6/27/2022 23:50,13.3,16.51
4249,6/28/2022 0:00,13.21,16.64
4250,6/28/2022 0:10,13.04,16.69
4251,6/28/2022 0:20,13,16.81
4252,6/28/2022 0:30,13.08,16.9
4253,6/28/2022 0:40,13.04,16.94
4254,6/28/2022 0:50,13.04,17.16
4255,6/28/2022 1:00,13.04,17.37
4256,6/28/2022 1:10,13,17.5
4257,6/28/2022 1:20,12.95,17.59
4258,6/28/2022 1:30,12.91,17.67
4259,6/28/2022 1:40,12.82,17.67
4260,6/28/2022 1:50,12.82,17.63
4261,6/28/2022 2:00,13,17.54
4262,6/28/2022 2:10,12.78,17.5
4263,6/28/2022 2:20,12.95,17.5
4264,6/28/2022 2:30,12.78,17.46
4265,6/28/2022 2:40,12.78,17.41
4266,6/28/2022 2:50,12.91,17.46
4267,6/28/2022 3:00,12.82,17.41
4268,6/28/2022 3:10,12.7,17.41
4269,6/28/2022 3:20,12.7,17.5
4270,6/28/2022 3:30,12.74,17.59
4271,6/28/2022 3:40,12.52,17.2
4272,6/28/2022 3:50,12.57,16.9
4273,6/28/2022 4:00,12.65,16.94
4274,6/28/2022 4:10,12.57,16.81
4275,6/28/2022 4:20,12.65,16.6
4276,6/28/2022 4:30,12.52,16.26
4277,6/28/2022 4:40,12.57,16.08
4278,6/28/2022 4:50,12.48,15.96
4279,6/28/2022 5:00,12.4,15.57
4280,6/28/2022 5:10,12.4,15.4
4281,6/28/2022 5:20,12.31,15.27
4282,6/28/2022 5:30,12.05,15.27
4283,6/28/2022 5:40,12.05,15.27
4284,6/28/2022 5:50,12.01,14.67
4285,6/28/2022 6:00,12.01,14.07
4286,6/28/2022 6:10,11.92,13.77
4287,6/28/2022 6:20,11.92,13.77
4288,6/28/2022 6:30,11.97,13.73
4289,6/28/2022 6:40,12.01,13.94
4290,6/28/2022 6:50,11.97,13.73
4291,6/28/2022 7:00,11.97,13.9
4292,6/28/2022 7:10,11.97,14.75
4293,6/28/2022 7:20,11.97,14.33
4294,6/28/2022 7:30,12.05,14.63
4295,6/28/2022 7:40,12.1,14.8
4296,6/28/2022 7:50,12.35,15.18
4297,6/28/2022 8:00,12.44,14.97
4298,6/28/2022 8:10,12.48,15.31
4299,6/28/2022 8:20,12.7,16
4300,6/28/2022 8:30,12.74,16.08
4301,6/28/2022 8:40,12.82,16.26
4302,6/28/2022 8:50,13.08,16.9
4303,6/28/2022 9:00,13.17,17.11
4304,6/28/2022 9:10,13.47,17.41
4305,6/28/2022 9:20,13.6,17.89
4306,6/28/2022 9:30,13.64,18.87
4307,6/28/2022 9:40,13.85,19.22
4308,6/28/2022 9:50,13.9,19.52
4309,6/28/2022 10:00,13.98,20.16
4310,6/28/2022 10:10,14.07,19.95
4311,6/28/2022 10:20,14.07,18.23
4312,6/28/2022 10:30,14.11,17.84
4313,6/28/2022 10:40,14.07,17.46
4314,6/28/2022 10:50,14.03,17.29
4315,6/28/2022 11:00,14.07,17.29
4316,6/28/2022 11:10,14.2,17.29
4317,6/28/2022 11:20,14.54,17.2
4318,6/28/2022 11:30,14.58,17.24
4319,6/28/2022 11:40,14.67,17.33
4320,6/28/2022 11:50,14.5,17.37
4321,6/28/2022 12:00,14.54,17.5
4322,6/28/2022 12:10,14.67,17.72
4323,6/28/2022 12:20,14.71,17.89
4324,6/28/2022 12:30,14.8,18.19
4325,6/28/2022 12:40,14.71,18.32
4326,6/28/2022 12:50,14.8,18.1
4327,6/28/2022 13:00,14.75,18.32
4328,6/28/2022 13:10,14.75,18.53
4329,6/28/2022 13:20,14.93,18.7
4330,6/28/2022 13:30,14.8,19.17
4331,6/28/2022 13:40,14.88,19.39
4332,6/28/2022 13:50,15.14,19.39
4333,6/28/2022 14:00,15.1,19.39
4334,6/28/2022 14:10,15.1,19.43
4335,6/28/2022 14:20,15.14,19.65
4336,6/28/2022 14:30,15.23,19.86
4337,6/28/2022 14:40,15.48,20.12
4338,6/28/2022 14:50,15.57,20.63
4339,6/28/2022 15:00,15.83,20.89
4340,6/28/2022 15:10,15.78,21.23
4341,6/28/2022 15:20,15.61,21.28
4342,6/28/2022 15:30,15.66,21.1
4343,6/28/2022 15:40,15.87,20.98
4344,6/28/2022 15:50,15.78,21.06
4345,6/28/2022 16:00,15.83,21.02
4346,6/28/2022 16:10,15.83,20.93
4347,6/28/2022 16:20,15.7,21.23
4348,6/28/2022 16:30,15.66,21.32
4349,6/28/2022 16:40,15.7,21.28
4350,6/28/2022 16:50,15.57,21.36
4351,6/28/2022 17:00,15.74,21.15
4352,6/28/2022 17:10,15.66,21.1
4353,6/28/2022 17:20,15.48,21.1
4354,6/28/2022 17:30,15.44,20.98
4355,6/28/2022 17:40,15.27,20.93
4356,6/28/2022 17:50,15.23,20.98
4357,6/28/2022 18:00,15.31,20.89
4358,6/28/2022 18:10,15.27,20.8
4359,6/28/2022 18:20,15.23,20.55
4360,6/28/2022 18:30,14.97,20.42
4361,6/28/2022 18:40,14.88,20.37
4362,6/28/2022 18:50,14.93,20.33
4363,6/28/2022 19:00,15.01,20.25
4364,6/28/2022 19:10,14.88,20.25
4365,6/28/2022 19:20,14.88,20.33
4366,6/28/2022 19:30,14.75,20.16
4367,6/28/2022 19:40,14.71,20.03
4368,6/28/2022 19:50,14.67,19.9
4369,6/28/2022 20:00,14.41,19.77
4370,6/28/2022 20:10,14.24,19.69
4371,6/28/2022 20:20,14.07,19.6
4372,6/28/2022 20:30,13.94,19.65
4373,6/28/2022 20:40,14.11,19.6
4374,6/28/2022 20:50,14.15,19.69
4375,6/28/2022 21:00,13.94,19.35
4376,6/28/2022 21:10,13.85,18.79
4377,6/28/2022 21:20,13.85,18.32
4378,6/28/2022 21:30,13.73,18.02
4379,6/28/2022 21:40,13.73,17.97
4380,6/28/2022 21:50,13.73,17.63
4381,6/28/2022 22:00,13.64,17.24
4382,6/28/2022 22:10,13.55,17.07
4383,6/28/2022 22:20,13.51,16.86
4384,6/28/2022 22:30,13.64,16.69
4385,6/28/2022 22:40,13.6,16.64
4386,6/28/2022 22:50,13.73,16.56
4387,6/28/2022 23:00,13.64,16.43
4388,6/28/2022 23:10,13.64,16.39
4389,6/28/2022 23:20,13.9,16.39
4390,6/28/2022 23:30,14.45,16.26
4391,6/28/2022 23:40,14.28,16.26
4392,6/28/2022 23:50,14.24,16.26
4393,6/29/2022 0:00,14.37,16.26
4394,6/29/2022 0:10,14.45,16.17
4395,6/29/2022 0:20,13.64,16.21
4396,6/29/2022 0:30,13.21,16.17
4397,6/29/2022 0:40,12.95,16.21
4398,6/29/2022 0:50,13.08,16.3
4399,6/29/2022 1:00,13.04,16.47
4400,6/29/2022 1:10,13.12,16.81
4401,6/29/2022 1:20,13.08,17.2
4402,6/29/2022 1:30,13.12,17.5
4403,6/29/2022 1:40,13.21,17.67
4404,6/29/2022 1:50,13.21,17.76
4405,6/29/2022 2:00,13.21,17.84
4406,6/29/2022 2:10,13.12,17.89
4407,6/29/2022 2:20,12.95,17.89
4408,6/29/2022 2:30,12.91,17.89
4409,6/29/2022 2:40,12.91,17.89
4410,6/29/2022 2:50,12.91,17.93
4411,6/29/2022 3:00,12.82,17.84
4412,6/29/2022 3:10,12.7,17.8
4413,6/29/2022 3:20,12.61,17.8
4414,6/29/2022 3:30,12.61,17.84
4415,6/29/2022 3:40,12.7,17.84
4416,6/29/2022 3:50,12.65,17.8
4417,6/29/2022 4:00,12.61,17.8
4418,6/29/2022 4:10,12.57,17.97
4419,6/29/2022 4:20,12.52,17.97
4420,6/29/2022 4:30,12.48,17.63
4421,6/29/2022 4:40,12.35,17.59
4422,6/29/2022 4:50,12.18,17.24
4423,6/29/2022 5:00,12.14,17.03
4424,6/29/2022 5:10,12.1,16.86
4425,6/29/2022 5:20,11.92,16.69
4426,6/29/2022 5:30,11.88,16.43
4427,6/29/2022 5:40,11.88,16.17
4428,6/29/2022 5:50,12.01,15.96
4429,6/29/2022 6:00,11.75,15.91
4430,6/29/2022 6:10,11.62,16
4431,6/29/2022 6:20,11.49,15.74
4432,6/29/2022 6:30,11.37,15.06
4433,6/29/2022 6:40,11.19,14.5
4434,6/29/2022 6:50,11.24,14.24
4435,6/29/2022 7:00,11.24,14.28
4436,6/29/2022 7:10,11.07,14.28
4437,6/29/2022 7:20,11.07,13.98
4438,6/29/2022 7:30,11.28,14.2
4439,6/29/2022 7:40,11.45,14.5
4440,6/29/2022 7:50,11.54,14.58
4441,6/29/2022 8:00,11.58,14.88
4442,6/29/2022 8:10,11.67,15.06
4443,6/29/2022 8:20,11.62,15.53
4444,6/29/2022 8:30,11.75,15.48
4445,6/29/2022 8:40,12.05,15.4
4446,6/29/2022 8:50,12.1,15.44
4447,6/29/2022 9:00,12.44,15.61
4448,6/29/2022 9:10,12.44,15.91
4449,6/29/2022 9:20,12.48,16.08
4450,6/29/2022 9:30,12.35,16.08
4451,6/29/2022 9:40,12.4,16.13
4452,6/29/2022 9:50,12.44,17.16
4453,6/29/2022 10:00,12.95,18.19
4454,6/29/2022 10:10,12.95,18.66
4455,6/29/2022 10:20,13.08,18.49
4456,6/29/2022 10:30,13.17,18.7
4457,6/29/2022 10:40,13.12,19.56
4458,6/29/2022 10:50,12.87,18.27
4459,6/29/2022 11:00,13.04,17.72
4460,6/29/2022 11:10,13.3,17.41
4461,6/29/2022 11:20,13.17,17.2
4462,6/29/2022 11:30,13.34,17.2
4463,6/29/2022 11:40,13.38,17.24
4464,6/29/2022 11:50,13.43,17.33
4465,6/29/2022 12:00,13.6,17.29
4466,6/29/2022 12:10,13.51,17.33
4467,6/29/2022 12:20,13.34,17.33
4468,6/29/2022 12:30,13.17,17.29
4469,6/29/2022 12:40,13.21,17.46
4470,6/29/2022 12:50,13.21,17.5
4471,6/29/2022 13:00,13.38,17.67
4472,6/29/2022 13:10,13.55,17.84
4473,6/29/2022 13:20,13.68,18.02
4474,6/29/2022 13:30,13.55,18.23
4475,6/29/2022 13:40,13.68,18.02
4476,6/29/2022 13:50,13.6,17.89
4477,6/29/2022 14:00,13.64,17.97
4478,6/29/2022 14:10,13.77,18.19
4479,6/29/2022 14:20,13.77,18.27
4480,6/29/2022 14:30,13.73,18.32
4481,6/29/2022 14:40,13.73,18.36
4482,6/29/2022 14:50,13.64,18.53
4483,6/29/2022 15:00,13.68,18.62
4484,6/29/2022 15:10,13.64,18.87
4485,6/29/2022 15:20,13.85,18.92
4486,6/29/2022 15:30,13.81,19.13
4487,6/29/2022 15:40,13.9,19.26
4488,6/29/2022 15:50,13.68,19.52
4489,6/29/2022 16:00,13.55,19.9
4490,6/29/2022 16:10,13.6,20.33
4491,6/29/2022 16:20,13.55,20.33
4492,6/29/2022 16:30,13.43,20.33
4493,6/29/2022 16:40,13.3,20.37
4494,6/29/2022 16:50,13.38,20.55
4495,6/29/2022 17:00,13.17,20.68
4496,6/29/2022 17:10,13.12,20.72
4497,6/29/2022 17:20,13.21,20.72
4498,6/29/2022 17:30,12.95,20.68
4499,6/29/2022 17:40,13,20.55
4500,6/29/2022 17:50,12.78,20.42
4501,6/29/2022 18:00,12.82,20.2
4502,6/29/2022 18:10,12.82,20.12
4503,6/29/2022 18:20,12.87,19.9
4504,6/29/2022 18:30,13.04,19.39
4505,6/29/2022 18:40,13,19.17
4506,6/29/2022 18:50,13.04,19.09
4507,6/29/2022 19:00,12.91,18.96
4508,6/29/2022 19:10,13,18.87
4509,6/29/2022 19:20,12.95,18.79
4510,6/29/2022 19:30,13,18.62
4511,6/29/2022 19:40,12.95,18.53
4512,6/29/2022 19:50,13.08,18.53
4513,6/29/2022 20:00,12.95,18.44
4514,6/29/2022 20:10,12.95,18.32
4515,6/29/2022 20:20,13.12,18.19
4516,6/29/2022 20:30,13.04,18.14
4517,6/29/2022 20:40,13,18.19
4518,6/29/2022 20:50,13,18.23
4519,6/29/2022 21:00,12.91,18.44
4520,6/29/2022 21:10,12.78,18.53
4521,6/29/2022 21:20,12.91,18.19
4522,6/29/2022 21:30,12.87,17.67
4523,6/29/2022 21:40,12.7,16.99
4524,6/29/2022 21:50,12.74,16.86
4525,6/29/2022 22:00,12.82,17.29
4526,6/29/2022 22:10,12.95,17.89
4527,6/29/2022 22:20,12.91,18.23
4528,6/29/2022 22:30,12.82,18.14
4529,6/29/2022 22:40,12.82,17.93
4530,6/29/2022 22:50,12.82,17.76
4531,6/29/2022 23:00,12.78,17.63
4532,6/29/2022 23:10,12.82,17.5
4533,6/29/2022 23:20,12.7,17.41
4534,6/29/2022 23:30,12.61,17.37
4535,6/29/2022 23:40,12.57,17.33
4536,6/29/2022 23:50,12.82,17.24
4537,6/30/2022 0:00,12.91,17.2
4538,6/30/2022 0:10,12.95,17.2
4539,6/30/2022 0:20,12.65,17.2
4540,6/30/2022 0:30,12.74,17.07
4541,6/30/2022 0:40,12.82,17.07
4542,6/30/2022 0:50,12.78,17.11
4543,6/30/2022 1:00,12.57,17.2
4544,6/30/2022 1:10,12.35,17.29
4545,6/30/2022 1:20,12.18,17.41
4546,6/30/2022 1:30,11.84,17.5
4547,6/30/2022 1:40,11.58,17.54
4548,6/30/2022 1:50,11.45,17.33
4549,6/30/2022 2:00,11.45,17.16
4550,6/30/2022 2:10,11.24,16.99
4551,6/30/2022 2:20,11.24,17.03
4552,6/30/2022 2:30,11.19,16.94
4553,6/30/2022 2:40,11.32,16.9
4554,6/30/2022 2:50,11.19,16.9
4555,6/30/2022 3:00,11.32,16.86
4556,6/30/2022 3:10,11.32,16.9
4557,6/30/2022 3:20,11.45,17.03
4558,6/30/2022 3:30,11.41,17.11
4559,6/30/2022 3:40,11.32,17.2
4560,6/30/2022 3:50,11.41,17.16
4561,6/30/2022 4:00,11.28,17.24
4562,6/30/2022 4:10,11.49,17.16
4563,6/30/2022 4:20,11.45,17.16
4564,6/30/2022 4:30,11.49,17.16
4565,6/30/2022 4:40,11.45,17.07
4566,6/30/2022 4:50,11.45,17.24
4567,6/30/2022 5:00,11.37,17.46
4568,6/30/2022 5:10,11.37,17.16
4569,6/30/2022 5:20,11.11,17.2
4570,6/30/2022 5:30,10.77,17.16
4571,6/30/2022 5:40,10.77,16.51
4572,6/30/2022 5:50,10.68,15.87
4573,6/30/2022 6:00,10.85,15.78
4574,6/30/2022 6:10,10.85,15.66
4575,6/30/2022 6:20,10.85,15.57
4576,6/30/2022 6:30,10.77,15.44
4577,6/30/2022 6:40,10.72,15.4
4578,6/30/2022 6:50,10.89,15.31
4579,6/30/2022 7:00,10.85,14.75
4580,6/30/2022 7:10,10.85,13.68
4581,6/30/2022 7:20,10.77,13.6
4582,6/30/2022 7:30,10.72,13.55
4583,6/30/2022 7:40,10.81,14.15
4584,6/30/2022 7:50,10.85,13.77
4585,6/30/2022 8:00,10.94,14.11
4586,6/30/2022 8:10,11.11,14.63
4587,6/30/2022 8:20,10.98,14.2
4588,6/30/2022 8:30,11.07,14.88
4589,6/30/2022 8:40,11.07,13.81
4590,6/30/2022 8:50,11.15,13.85
4591,6/30/2022 9:00,11.41,14.33
4592,6/30/2022 9:10,11.41,14.84
4593,6/30/2022 9:20,11.58,14.71
4594,6/30/2022 9:30,11.67,14.71
4595,6/30/2022 9:40,11.75,14.75
4596,6/30/2022 9:50,11.88,14.93
4597,6/30/2022 10:00,11.88,15.27
4598,6/30/2022 10:10,12.01,15.18
4599,6/30/2022 10:20,11.97,15.18
4600,6/30/2022 10:30,12.1,15.57
4601,6/30/2022 10:40,11.88,15.18
4602,6/30/2022 10:50,11.71,15.14
4603,6/30/2022 11:00,11.75,15.44
4604,6/30/2022 11:10,11.92,15.83
4605,6/30/2022 11:20,12.1,18.49
4606,6/30/2022 11:30,12.22,17.76
4607,6/30/2022 11:40,12.22,17.54
4608,6/30/2022 11:50,12.31,17.5
4609,6/30/2022 12:00,12.27,17.54
4610,6/30/2022 12:10,12.31,17.5
4611,6/30/2022 12:20,12.52,17.37
4612,6/30/2022 12:30,12.44,17.29
4613,6/30/2022 12:40,12.52,17.24
4614,6/30/2022 12:50,12.52,17.2
4615,6/30/2022 13:00,12.52,17.24
4616,6/30/2022 13:10,12.61,17.24
4617,6/30/2022 13:20,12.74,17.16
4618,6/30/2022 13:30,12.95,17.2
4619,6/30/2022 13:40,12.78,17.29
4620,6/30/2022 13:50,12.95,17.33
4621,6/30/2022 14:00,13.17,17.59
4622,6/30/2022 14:10,13.04,18.02
4623,6/30/2022 14:20,13.08,18.4
4624,6/30/2022 14:30,13.21,18.44
4625,6/30/2022 14:40,13.3,18.62
4626,6/30/2022 14:50,13.34,18.74
4627,6/30/2022 15:00,13.47,18.79
4628,6/30/2022 15:10,13.6,18.96
4629,6/30/2022 15:20,13.47,18.96
4630,6/30/2022 15:30,13.64,18.96
4631,6/30/2022 15:40,13.68,19.13
4632,6/30/2022 15:50,13.64,19.35
4633,6/30/2022 16:00,13.64,19.43
4634,6/30/2022 16:10,13.73,19.6
4635,6/30/2022 16:20,13.77,19.82
4636,6/30/2022 16:30,13.77,19.99
4637,6/30/2022 16:40,13.77,20.16
4638,6/30/2022 16:50,14.03,20.37
4639,6/30/2022 17:00,13.9,20.63
4640,6/30/2022 17:10,14.03,20.76
4641,6/30/2022 17:20,13.9,20.85
4642,6/30/2022 17:30,14.07,20.93
4643,6/30/2022 17:40,14.07,20.93
4644,6/30/2022 17:50,14.03,20.98
4645,6/30/2022 18:00,14.07,20.89
4646,6/30/2022 18:10,13.77,20.76
4647,6/30/2022 18:20,13.77,20.76
4648,6/30/2022 18:30,13.68,20.76
4649,6/30/2022 18:40,13.51,20.63
4650,6/30/2022 18:50,13.47,20.29
4651,6/30/2022 19:00,13.21,19.9
4652,6/30/2022 19:10,13.21,19.52
4653,6/30/2022 19:20,13.17,19.43
4654,6/30/2022 19:30,13.12,19.3
4655,6/30/2022 19:40,13.25,19.17
4656,6/30/2022 19:50,13,19.09
4657,6/30/2022 20:00,13.04,18.87
4658,6/30/2022 20:10,12.95,18.7
4659,6/30/2022 20:20,12.87,18.7
4660,6/30/2022 20:30,12.82,18.74
4661,6/30/2022 20:40,12.78,18.57
4662,6/30/2022 20:50,12.65,18.4
4663,6/30/2022 21:00,12.65,18.36
4664,6/30/2022 21:10,12.7,18.32
4665,6/30/2022 21:20,12.61,18.23
4666,6/30/2022 21:30,12.48,17.97
4667,6/30/2022 21:40,12.48,16.81
4668,6/30/2022 21:50,12.57,16.43
4669,6/30/2022 22:00,12.78,16.6
4670,6/30/2022 22:10,12.78,17.24
4671,6/30/2022 22:20,12.82,18.27
4672,6/30/2022 22:30,12.74,18.23
4673,6/30/2022 22:40,12.61,17.89
4674,6/30/2022 22:50,12.65,17.8
4675,6/30/2022 23:00,12.74,17.46
4676,6/30/2022 23:10,12.7,17.33
4677,6/30/2022 23:20,12.78,17.11
4678,6/30/2022 23:30,12.74,16.86
4679,6/30/2022 23:40,12.65,16.77
4680,6/30/2022 23:50,12.65,16.64
4681,7/1/2022 0:00,12.61,16.47
4682,7/1/2022 0:10,12.57,16.39
4683,7/1/2022 0:20,12.91,16.26
4684,7/1/2022 0:30,12.61,16.21
4685,7/1/2022 0:40,12.7,16.08
4686,7/1/2022 0:50,13.34,16.13
4687,7/1/2022 1:00,13.08,16.04
4688,7/1/2022 1:10,12.57,16.08
4689,7/1/2022 1:20,12.31,16
4690,7/1/2022 1:30,12.05,16.08
4691,7/1/2022 1:40,11.97,16
4692,7/1/2022 1:50,11.71,15.96
4693,7/1/2022 2:00,11.58,16.08
4694,7/1/2022 2:10,11.58,16.13
4695,7/1/2022 2:20,11.28,16.3
4696,7/1/2022 2:30,11.24,16.64
4697,7/1/2022 2:40,11.24,17.07
4698,7/1/2022 2:50,11.15,17.33
4699,7/1/2022 3:00,10.94,17.37
4700,7/1/2022 3:10,10.94,17.41
4701,7/1/2022 3:20,10.85,17.33
4702,7/1/2022 3:30,10.72,17.46
4703,7/1/2022 3:40,10.72,17.59
4704,7/1/2022 3:50,10.81,17.63
4705,7/1/2022 4:00,10.68,17.67
4706,7/1/2022 4:10,10.55,17.63
4707,7/1/2022 4:20,10.46,17.59
4708,7/1/2022 4:30,10.51,17.67
4709,7/1/2022 4:40,10.46,17.63
4710,7/1/2022 4:50,10.34,17.63
4711,7/1/2022 5:00,10.38,17.63
4712,7/1/2022 5:10,10.34,17.63
4713,7/1/2022 5:20,10.46,17.72
4714,7/1/2022 5:30,10.42,17.76
4715,7/1/2022 5:40,10.38,17.54
4716,7/1/2022 5:50,10.29,16.86
4717,7/1/2022 6:00,10.25,16.56
4718,7/1/2022 6:10,10.21,16.43
4719,7/1/2022 6:20,10.04,15.74
4720,7/1/2022 6:30,10.04,15.57
4721,7/1/2022 6:40,10.04,15.53
4722,7/1/2022 6:50,10.04,15.27
4723,7/1/2022 7:00,10.12,15.27
4724,7/1/2022 7:10,10.04,15.23
4725,7/1/2022 7:20,9.99,15.23
4726,7/1/2022 7:30,9.91,15.14
4727,7/1/2022 7:40,10.04,14.71
4728,7/1/2022 7:50,10.08,14.03
4729,7/1/2022 8:00,10.25,14.07
4730,7/1/2022 8:10,10.38,13.47
4731,7/1/2022 8:20,10.34,13
4732,7/1/2022 8:30,10.42,12.95
4733,7/1/2022 8:40,10.51,13.04
4734,7/1/2022 8:50,10.72,13.21
4735,7/1/2022 9:00,10.89,13.21
4736,7/1/2022 9:10,10.94,13.3
4737,7/1/2022 9:20,11.11,13.55
4738,7/1/2022 9:30,11.19,13.77
4739,7/1/2022 9:40,11.41,13.98
4740,7/1/2022 9:50,11.41,14.37
4741,7/1/2022 10:00,11.75,14.58
4742,7/1/2022 10:10,11.71,14.45
4743,7/1/2022 10:20,11.58,14.54
4744,7/1/2022 10:30,11.75,14.93
4745,7/1/2022 10:40,11.92,15.27
4746,7/1/2022 10:50,12.1,15.83
4747,7/1/2022 11:00,12.27,16.69
4748,7/1/2022 11:10,12.4,17.72
4749,7/1/2022 11:20,12.4,18.06
4750,7/1/2022 11:30,12.35,17.97
4751,7/1/2022 11:40,12.4,18.92
4752,7/1/2022 11:50,12.44,21.45
4753,7/1/2022 12:00,12.35,19.95
4754,7/1/2022 12:10,12.4,19.35
4755,7/1/2022 12:20,12.31,19.22
4756,7/1/2022 12:30,12.14,19.05
4757,7/1/2022 12:40,12.05,18.87
4758,7/1/2022 12:50,12.01,18.57
4759,7/1/2022 13:00,12.1,18.49
4760,7/1/2022 13:10,12.27,18.44
4761,7/1/2022 13:20,12.48,18.36
4762,7/1/2022 13:30,12.57,18.06
4763,7/1/2022 13:40,12.4,17.84
4764,7/1/2022 13:50,12.48,17.76
4765,7/1/2022 14:00,12.74,17.63
4766,7/1/2022 14:10,12.82,17.67
4767,7/1/2022 14:20,12.95,17.67
4768,7/1/2022 14:30,13,17.76
4769,7/1/2022 14:40,12.82,18.14
4770,7/1/2022 14:50,12.91,18.57
4771,7/1/2022 15:00,12.91,18.87
4772,7/1/2022 15:10,12.95,18.7
4773,7/1/2022 15:20,13,18.92
4774,7/1/2022 15:30,13.12,19.13
4775,7/1/2022 15:40,13.12,19.3
4776,7/1/2022 15:50,13.12,19.17
4777,7/1/2022 16:00,13.12,18.96
4778,7/1/2022 16:10,13,19.05
4779,7/1/2022 16:20,13.04,19.17
4780,7/1/2022 16:30,13.17,19.17
4781,7/1/2022 16:40,13.04,19.3
4782,7/1/2022 16:50,13.12,19.47
4783,7/1/2022 17:00,13.08,19.56
4784,7/1/2022 17:10,13.17,19.73
4785,7/1/2022 17:20,13.12,19.9
4786,7/1/2022 17:30,13.08,19.99
4787,7/1/2022 17:40,13.04,19.95
4788,7/1/2022 17:50,13.04,19.77
4789,7/1/2022 18:00,13.08,19.35
4790,7/1/2022 18:10,13.17,19.05
4791,7/1/2022 18:20,13.08,18.96
4792,7/1/2022 18:30,13.08,18.83
4793,7/1/2022 18:40,12.91,18.66
4794,7/1/2022 18:50,12.95,18.27
4795,7/1/2022 19:00,12.95,17.84
4796,7/1/2022 19:10,12.78,17.63
4797,7/1/2022 19:20,12.61,17.41
4798,7/1/2022 19:30,12.57,17.33
4799,7/1/2022 19:40,12.48,17.2
4800,7/1/2022 19:50,12.48,16.94
4801,7/1/2022 20:00,12.35,16.77
4802,7/1/2022 20:10,12.27,16.77
4803,7/1/2022 20:20,12.35,16.77
4804,7/1/2022 20:30,12.35,16.77
4805,7/1/2022 20:40,12.31,16.77
4806,7/1/2022 20:50,12.27,16.81
4807,7/1/2022 21:00,12.22,16.86
4808,7/1/2022 21:10,12.14,16.77
4809,7/1/2022 21:20,12.14,16.64
4810,7/1/2022 21:30,12.01,16.39
4811,7/1/2022 21:40,12.05,16.04
4812,7/1/2022 21:50,12.1,15.74
4813,7/1/2022 22:00,12.18,16.04
4814,7/1/2022 22:10,12.18,15.83
4815,7/1/2022 22:20,12.18,16.04
4816,7/1/2022 22:30,12.22,16.21
4817,7/1/2022 22:40,12.27,16.81
4818,7/1/2022 22:50,12.18,17.16
4819,7/1/2022 23:00,12.05,16.86
4820,7/1/2022 23:10,12.14,16.69
4821,7/1/2022 23:20,12.1,16.69
4822,7/1/2022 23:30,12.14,16.6
4823,7/1/2022 23:40,12.05,16.47
4824,7/1/2022 23:50,12.14,16.26
4825,7/2/2022 0:00,12.05,16.13
4826,7/2/2022 0:10,12.27,16
4827,7/2/2022 0:20,12.14,15.87
4828,7/2/2022 0:30,12.22,15.74
4829,7/2/2022 0:40,12.27,15.7
4830,7/2/2022 0:50,12.27,15.66
4831,7/2/2022 1:00,12.18,15.57
4832,7/2/2022 1:10,12.1,15.48
4833,7/2/2022 1:20,12.14,15.48
4834,7/2/2022 1:30,12.14,15.44
4835,7/2/2022 1:40,12.1,15.44
4836,7/2/2022 1:50,12.01,15.4
4837,7/2/2022 2:00,12.01,15.36
4838,7/2/2022 2:10,12.01,15.31
4839,7/2/2022 2:20,11.92,15.36
4840,7/2/2022 2:30,11.84,15.44
4841,7/2/2022 2:40,11.84,15.57
4842,7/2/2022 2:50,11.71,15.7
4843,7/2/2022 3:00,11.62,15.7
4844,7/2/2022 3:10,11.71,15.74
4845,7/2/2022 3:20,11.71,16.08
4846,7/2/2022 3:30,11.58,16.3
4847,7/2/2022 3:40,11.67,16.47
4848,7/2/2022 3:50,11.58,16.47
4849,7/2/2022 4:00,11.58,16.43
4850,7/2/2022 4:10,11.49,16.43
4851,7/2/2022 4:20,11.54,16.39
4852,7/2/2022 4:30,11.58,16.39
4853,7/2/2022 4:40,11.45,16.43
4854,7/2/2022 4:50,11.45,16.51
4855,7/2/2022 5:00,11.32,16.64
4856,7/2/2022 5:10,11.32,16.73
4857,7/2/2022 5:20,11.41,16.73
4858,7/2/2022 5:30,11.75,16.81
4859,7/2/2022 5:40,11.37,16.73
4860,7/2/2022 5:50,11.32,16.6
4861,7/2/2022 6:00,11.32,16.13
4862,7/2/2022 6:10,11.11,16.17
4863,7/2/2022 6:20,11.11,16.39
4864,7/2/2022 6:30,11.15,16.13
4865,7/2/2022 6:40,11.11,15.83
4866,7/2/2022 6:50,11.15,15.61
4867,7/2/2022 7:00,11.24,15.44
4868,7/2/2022 7:10,11.19,15.23
4869,7/2/2022 7:20,11.11,15.01
4870,7/2/2022 7:30,11.11,14.97
4871,7/2/2022 7:40,11.07,14.97
4872,7/2/2022 7:50,11.28,15.23
4873,7/2/2022 8:00,11.37,15.23
4874,7/2/2022 8:10,11.32,14.88
4875,7/2/2022 8:20,11.24,14.28
4876,7/2/2022 8:30,11.19,13.98
4877,7/2/2022 8:40,11.32,14.03
4878,7/2/2022 8:50,11.24,13.98
4879,7/2/2022 9:00,11.24,14.03
4880,7/2/2022 9:10,11.32,14.15
4881,7/2/2022 9:20,11.58,14.33
4882,7/2/2022 9:30,11.71,14.41
4883,7/2/2022 9:40,11.71,14.33
4884,7/2/2022 9:50,11.79,14.41
4885,7/2/2022 10:00,11.79,14.58
4886,7/2/2022 10:10,11.84,14.71
4887,7/2/2022 10:20,11.92,14.84
4888,7/2/2022 10:30,11.97,15.06
4889,7/2/2022 10:40,12.14,15.14
4890,7/2/2022 10:50,12.18,15.18
4891,7/2/2022 11:00,12.05,15.06
4892,7/2/2022 11:10,12.05,15.1
4893,7/2/2022 11:20,12.05,15.18
4894,7/2/2022 11:30,12.14,15.31
4895,7/2/2022 11:40,12.18,15.27
4896,7/2/2022 11:50,12.14,15.4
4897,7/2/2022 12:00,12.27,15.48
4898,7/2/2022 12:10,12.35,16.51
4899,7/2/2022 12:20,12.48,16.69
4900,7/2/2022 12:30,12.61,16.51
4901,7/2/2022 12:40,12.87,16.47
4902,7/2/2022 12:50,13,16.6
4903,7/2/2022 13:00,12.91,16.56
4904,7/2/2022 13:10,13,16.6
4905,7/2/2022 13:20,13.17,16.64
4906,7/2/2022 13:30,13.08,16.69
4907,7/2/2022 13:40,13.08,16.56
4908,7/2/2022 13:50,13.17,16.51
4909,7/2/2022 14:00,13.38,16.56
4910,7/2/2022 14:10,13.51,16.81
4911,7/2/2022 14:20,13.3,17.16
4912,7/2/2022 14:30,13.38,17.03
4913,7/2/2022 14:40,13.38,16.86
4914,7/2/2022 14:50,13.47,16.81
4915,7/2/2022 15:00,13.64,16.9
4916,7/2/2022 15:10,13.55,16.81
4917,7/2/2022 15:20,13.55,17.03
4918,7/2/2022 15:30,13.64,17.24
4919,7/2/2022 15:40,13.64,17.07
4920,7/2/2022 15:50,13.6,17.16
4921,7/2/2022 16:00,13.6,17.29
4922,7/2/2022 16:10,13.6,17.33
4923,7/2/2022 16:20,13.6,17.33
4924,7/2/2022 16:30,13.55,17.5
4925,7/2/2022 16:40,13.68,17.16
4926,7/2/2022 16:50,13.51,16.86
4927,7/2/2022 17:00,13.34,16.69
4928,7/2/2022 17:10,13.25,16.47
4929,7/2/2022 17:20,13.21,16.43
4930,7/2/2022 17:30,13.17,16.3
4931,7/2/2022 17:40,13.21,16.3
4932,7/2/2022 17:50,13.12,16.17
4933,7/2/2022 18:00,13,16.13
4934,7/2/2022 18:10,12.95,16.21
4935,7/2/2022 18:20,12.95,16.21
4936,7/2/2022 18:30,13.08,16.17
4937,7/2/2022 18:40,13.08,16.13
4938,7/2/2022 18:50,13,16.08
4939,7/2/2022 19:00,13,16.04
4940,7/2/2022 19:10,13.08,16
4941,7/2/2022 19:20,13,16.17
4942,7/2/2022 19:30,12.95,16.13
4943,7/2/2022 19:40,12.91,16.04
4944,7/2/2022 19:50,12.91,15.87
4945,7/2/2022 20:00,12.95,15.66
4946,7/2/2022 20:10,12.82,15.57
4947,7/2/2022 20:20,12.87,15.48
4948,7/2/2022 20:30,12.82,15.57
4949,7/2/2022 20:40,12.78,15.53
4950,7/2/2022 20:50,12.74,15.44
4951,7/2/2022 21:00,12.82,15.48
4952,7/2/2022 21:10,12.78,15.57
4953,7/2/2022 21:20,12.82,15.53
4954,7/2/2022 21:30,12.87,15.53
4955,7/2/2022 21:40,12.7,15.53
4956,7/2/2022 21:50,12.74,15.53
4957,7/2/2022 22:00,12.74,15.7
4958,7/2/2022 22:10,12.7,15.57
4959,7/2/2022 22:20,12.7,15.44
4960,7/2/2022 22:30,12.74,15.44
4961,7/2/2022 22:40,12.65,15.44
4962,7/2/2022 22:50,12.61,15.44
4963,7/2/2022 23:00,12.48,15.4
4964,7/2/2022 23:10,12.4,15.36
4965,7/2/2022 23:20,12.27,15.14
4966,7/2/2022 23:30,12.18,14.8
4967,7/2/2022 23:40,12.22,14.67
4968,7/2/2022 23:50,12.27,14.54
4969,7/3/2022 0:00,12.27,14.5
4970,7/3/2022 0:10,12.31,14.5
4971,7/3/2022 0:20,12.35,14.45
4972,7/3/2022 0:30,12.35,14.37
4973,7/3/2022 0:40,12.35,14.28
4974,7/3/2022 0:50,12.35,14.28
4975,7/3/2022 1:00,12.31,14.2
4976,7/3/2022 1:10,12.31,14.15
4977,7/3/2022 1:20,12.35,14.07
4978,7/3/2022 1:30,12.44,14.07
4979,7/3/2022 1:40,12.44,13.94
4980,7/3/2022 1:50,12.4,13.94
4981,7/3/2022 2:00,12.48,13.85
4982,7/3/2022 2:10,12.4,13.77
4983,7/3/2022 2:20,12.44,13.77
4984,7/3/2022 2:30,12.35,13.77
4985,7/3/2022 2:40,12.44,13.73
4986,7/3/2022 2:50,12.35,13.81
4987,7/3/2022 3:00,12.27,13.85
4988,7/3/2022 3:10,12.35,13.85
4989,7/3/2022 3:20,12.35,13.94
4990,7/3/2022 3:30,12.27,14.03
4991,7/3/2022 3:40,12.31,14.07
4992,7/3/2022 3:50,12.22,14.07
4993,7/3/2022 4:00,12.18,14.11
4994,7/3/2022 4:10,12.14,14.07
4995,7/3/2022 4:20,12.1,13.98
4996,7/3/2022 4:30,12.05,13.98
4997,7/3/2022 4:40,11.97,13.98
4998,7/3/2022 4:50,11.97,14.15
4999,7/3/2022 5:00,11.84,14.33
5000,7/3/2022 5:10,11.75,14.45
5001,7/3/2022 5:20,11.75,14.45
5002,7/3/2022 5:30,11.79,14.45
5003,7/3/2022 5:40,11.75,14.37
5004,7/3/2022 5:50,11.62,14.28
5005,7/3/2022 6:00,11.75,14.37
5006,7/3/2022 6:10,11.79,14.45
5007,7/3/2022 6:20,11.67,14.41
5008,7/3/2022 6:30,11.54,14.37
5009,7/3/2022 6:40,11.45,14.33
5010,7/3/2022 6:50,11.45,14.2
5011,7/3/2022 7:00,11.49,14.07
5012,7/3/2022 7:10,11.58,13.98
5013,7/3/2022 7:20,11.58,14.03
5014,7/3/2022 7:30,11.71,13.98
5015,7/3/2022 7:40,11.67,13.94
5016,7/3/2022 7:50,12.31,13.94
5017,7/3/2022 8:00,12.44,13.98
5018,7/3/2022 8:10,12.35,14.07
5019,7/3/2022 8:20,12.31,14.07
5020,7/3/2022 8:30,12.35,14.11
5021,7/3/2022 8:40,12.48,14.11
5022,7/3/2022 8:50,12.52,14.03
5023,7/3/2022 9:00,12.82,14.2
5024,7/3/2022 9:10,12.78,14.5
5025,7/3/2022 9:20,12.91,15.1
5026,7/3/2022 9:30,13.04,15.14
5027,7/3/2022 9:40,13.08,15.14
5028,7/3/2022 9:50,13.21,15.23
5029,7/3/2022 10:00,13.08,15.66
5030,7/3/2022 10:10,13.12,16.17
5031,7/3/2022 10:20,13.34,15.96
5032,7/3/2022 10:30,13.3,15.57
5033,7/3/2022 10:40,13.3,15.4
5034,7/3/2022 10:50,13.3,15.4
5035,7/3/2022 11:00,13.25,16.08
5036,7/3/2022 11:10,13.3,17.8
5037,7/3/2022 11:20,13.73,18.53
5038,7/3/2022 11:30,13.94,17.37
5039,7/3/2022 11:40,13.81,17.72
5040,7/3/2022 11:50,14.45,19.99
5041,7/3/2022 12:00,14.5,19.22
5042,7/3/2022 12:10,14.63,21.28
5043,7/3/2022 12:20,14.75,22.39
5044,7/3/2022 12:30,14.5,22.39
5045,7/3/2022 12:40,14.2,19.86
5046,7/3/2022 12:50,14.07,17.93
5047,7/3/2022 13:00,14.07,17.63
5048,7/3/2022 13:10,13.94,17.11
5049,7/3/2022 13:20,13.9,16.77
5050,7/3/2022 13:30,13.98,16.64
5051,7/3/2022 13:40,14.07,16.6
5052,7/3/2022 13:50,14.03,16.51
5053,7/3/2022 14:00,14.2,16.34
5054,7/3/2022 14:10,14.24,16.3
5055,7/3/2022 14:20,14.03,16.34
5056,7/3/2022 14:30,14.03,16.34
5057,7/3/2022 14:40,14.03,16.43
5058,7/3/2022 14:50,14.07,16.6
5059,7/3/2022 15:00,14.2,16.94
5060,7/3/2022 15:10,14.28,17.41
5061,7/3/2022 15:20,14.33,17.5
5062,7/3/2022 15:30,14.45,17.46
5063,7/3/2022 15:40,14.37,17.46
5064,7/3/2022 15:50,14.45,17.67
5065,7/3/2022 16:00,14.5,17.8
5066,7/3/2022 16:10,14.33,17.67
5067,7/3/2022 16:20,14.28,17.76
5068,7/3/2022 16:30,14.24,17.93
5069,7/3/2022 16:40,14.33,17.89
5070,7/3/2022 16:50,14.37,17.84
5071,7/3/2022 17:00,14.33,17.84
5072,7/3/2022 17:10,14.45,17.8
5073,7/3/2022 17:20,14.45,17.84
5074,7/3/2022 17:30,14.5,17.89
5075,7/3/2022 17:40,14.58,17.93
5076,7/3/2022 17:50,14.58,18.02
5077,7/3/2022 18:00,14.58,18.14
5078,7/3/2022 18:10,14.54,18.44
5079,7/3/2022 18:20,14.58,18.79
5080,7/3/2022 18:30,14.8,18.96
5081,7/3/2022 18:40,14.84,19.13
5082,7/3/2022 18:50,14.8,19.3
5083,7/3/2022 19:00,14.8,19.47
5084,7/3/2022 19:10,14.75,20.07
5085,7/3/2022 19:20,14.75,20.2
5086,7/3/2022 19:30,14.67,19.86
5087,7/3/2022 19:40,14.15,19.77
5088,7/3/2022 19:50,13.81,19.82
5089,7/3/2022 20:00,13.9,19.65
5090,7/3/2022 20:10,13.64,19.43
5091,7/3/2022 20:20,13.55,19.09
5092,7/3/2022 20:30,13.68,18.62
5093,7/3/2022 20:40,13.51,18.53
5094,7/3/2022 20:50,13.51,18.36
5095,7/3/2022 21:00,13.47,18.27
5096,7/3/2022 21:10,13.43,18.27
5097,7/3/2022 21:20,13.25,18.32
5098,7/3/2022 21:30,13.3,18.1
5099,7/3/2022 21:40,13.43,17.8
5100,7/3/2022 21:50,13.38,17.59
5101,7/3/2022 22:00,13.43,17.59
5102,7/3/2022 22:10,13.47,17.59
5103,7/3/2022 22:20,13.38,17.37
5104,7/3/2022 22:30,13.3,17.16
5105,7/3/2022 22:40,13.12,17.03
5106,7/3/2022 22:50,13.12,16.94
5107,7/3/2022 23:00,13.04,16.77
5108,7/3/2022 23:10,13.04,16.64
5109,7/3/2022 23:20,13.12,16.51
5110,7/3/2022 23:30,13.25,16.51
5111,7/3/2022 23:40,13.17,16.47
5112,7/3/2022 23:50,13.17,16.3
5113,7/4/2022 0:00,13.08,16.13
5114,7/4/2022 0:10,13,16.08
5115,7/4/2022 0:20,13.04,15.96
5116,7/4/2022 0:30,12.91,15.96
5117,7/4/2022 0:40,12.95,15.83
5118,7/4/2022 0:50,12.87,15.66
5119,7/4/2022 1:00,12.87,15.7
5120,7/4/2022 1:10,12.91,15.66
5121,7/4/2022 1:20,13.04,15.53
5122,7/4/2022 1:30,13.08,15.53
5123,7/4/2022 1:40,13.12,15.4
5124,7/4/2022 1:50,13.17,15.18
5125,7/4/2022 2:00,13,15.06
5126,7/4/2022 2:10,12.87,15.1
5127,7/4/2022 2:20,12.82,15.1
5128,7/4/2022 2:30,12.87,15.01
5129,7/4/2022 2:40,12.91,15.01
5130,7/4/2022 2:50,12.91,15.06
5131,7/4/2022 3:00,12.95,15.06
5132,7/4/2022 3:10,13.25,15.1
5133,7/4/2022 3:20,13.43,15.18
5134,7/4/2022 3:30,13.6,15.18
5135,7/4/2022 3:40,13.64,15.23
5136,7/4/2022 3:50,13.68,15.36
5137,7/4/2022 4:00,13.73,15.53
5138,7/4/2022 4:10,13.81,15.66
5139,7/4/2022 4:20,13.9,15.78
5140,7/4/2022 4:30,13.9,15.87
5141,7/4/2022 4:40,13.94,15.96
5142,7/4/2022 4:50,13.94,16
5143,7/4/2022 5:00,14.03,16
5144,7/4/2022 5:10,14.03,16.04
5145,7/4/2022 5:20,13.98,16.13
5146,7/4/2022 5:30,13.98,16.13
5147,7/4/2022 5:40,13.98,16.13
5148,7/4/2022 5:50,13.98,16.17
5149,7/4/2022 6:00,14.03,16.21
5150,7/4/2022 6:10,14.11,16.21
5151,7/4/2022 6:20,14.2,16.21
5152,7/4/2022 6:30,14.03,16.26
5153,7/4/2022 6:40,13.85,16.26
5154,7/4/2022 6:50,13.81,16.3
5155,7/4/2022 7:00,13.94,16.26
5156,7/4/2022 7:10,13.85,16.34
5157,7/4/2022 7:20,13.9,16.56
5158,7/4/2022 7:30,13.94,17.37
5159,7/4/2022 7:40,14.11,17.54
5160,7/4/2022 7:50,14.24,17.41
5161,7/4/2022 8:00,14.45,16.9
5162,7/4/2022 8:10,14.63,16.6
5163,7/4/2022 8:20,14.67,16.51
5164,7/4/2022 8:30,14.8,16.56
5165,7/4/2022 8:40,14.75,16.64
5166,7/4/2022 8:50,14.67,16.69
5167,7/4/2022 9:00,14.71,16.9
5168,7/4/2022 9:10,14.93,17.2
5169,7/4/2022 9:20,15.06,17.41
5170,7/4/2022 9:30,15.18,17.59
5171,7/4/2022 9:40,15.48,17.76
5172,7/4/2022 9:50,15.87,18.14
5173,7/4/2022 10:00,16.17,18.44
5174,7/4/2022 10:10,16.34,18.74
5175,7/4/2022 10:20,16.64,19.43
5176,7/4/2022 10:30,16.86,19.77
5177,7/4/2022 10:40,16.99,19.6
5178,7/4/2022 10:50,17.29,19.9
5179,7/4/2022 11:00,17.59,20.98
5180,7/4/2022 11:10,17.84,22.35
5181,7/4/2022 11:20,17.97,21.66
5182,7/4/2022 11:30,18.32,21.92
5183,7/4/2022 11:40,18.27,21.58
5184,7/4/2022 11:50,18.06,21.23
5185,7/4/2022 12:00,18.06,21.4
5186,7/4/2022 12:10,18.1,22.35
5187,7/4/2022 12:20,18.1,23.03
5188,7/4/2022 12:30,18.23,22.43
5189,7/4/2022 12:40,18.36,21.88
5190,7/4/2022 12:50,18.4,24.97
5191,7/4/2022 13:00,17.97,21.06
5192,7/4/2022 13:10,17.89,20.42
5193,7/4/2022 13:20,18.06,20.03
5194,7/4/2022 13:30,18.14,19.9
5195,7/4/2022 13:40,18.36,19.77
5196,7/4/2022 13:50,18.44,19.39
5197,7/4/2022 14:00,18.53,19.39
5198,7/4/2022 14:10,18.57,19.3
5199,7/4/2022 14:20,18.62,19.17
5200,7/4/2022 14:30,18.74,19.05
5201,7/4/2022 14:40,18.87,18.79
5202,7/4/2022 14:50,19.13,18.53
5203,7/4/2022 15:00,19.3,18.44
5204,7/4/2022 15:10,19.26,18.27
5205,7/4/2022 15:20,19.09,18.14
5206,7/4/2022 15:30,19.05,18.02
5207,7/4/2022 15:40,18.53,18.27
5208,7/4/2022 15:50,18.49,18.87
5209,7/4/2022 16:00,18.53,19.26
5210,7/4/2022 16:10,18.66,19.56
5211,7/4/2022 16:20,18.49,18.92
5212,7/4/2022 16:30,18.36,18.74
5213,7/4/2022 16:40,18.44,18.53
5214,7/4/2022 16:50,18.66,18.49
5215,7/4/2022 17:00,18.53,18.49
5216,7/4/2022 17:10,18.57,18.4
5217,7/4/2022 17:20,18.53,18.44
5218,7/4/2022 17:30,18.66,18.7
5219,7/4/2022 17:40,18.4,19
5220,7/4/2022 17:50,18.19,19.09
5221,7/4/2022 18:00,18.02,18.79
5222,7/4/2022 18:10,17.97,18.23
5223,7/4/2022 18:20,17.97,18.06
5224,7/4/2022 18:30,18.02,18.02
5225,7/4/2022 18:40,17.84,18.02
5226,7/4/2022 18:50,17.72,17.93
5227,7/4/2022 19:00,17.59,17.89
5228,7/4/2022 19:10,17.41,17.8
5229,7/4/2022 19:20,17.46,17.76
5230,7/4/2022 19:30,17.29,17.76
5231,7/4/2022 19:40,17.16,17.84
5232,7/4/2022 19:50,17.2,17.93
5233,7/4/2022 20:00,17.11,18.06
5234,7/4/2022 20:10,17.11,18.1
5235,7/4/2022 20:20,16.99,18.1
5236,7/4/2022 20:30,17.03,18.1
5237,7/4/2022 20:40,16.99,18.14
5238,7/4/2022 20:50,16.81,18.19
5239,7/4/2022 21:00,16.64,18.19
5240,7/4/2022 21:10,16.64,18.23
5241,7/4/2022 21:20,16.56,18.19
5242,7/4/2022 21:30,16.47,18.27
5243,7/4/2022 21:40,16.43,18.23
5244,7/4/2022 21:50,16.51,18.27
5245,7/4/2022 22:00,16.56,18.23
5246,7/4/2022 22:10,16.64,18.27
5247,7/4/2022 22:20,16.64,18.32
5248,7/4/2022 22:30,16.6,18.32
5249,7/4/2022 22:40,16.56,18.27
5250,7/4/2022 22:50,16.56,18.27
5251,7/4/2022 23:00,16.6,18.23
5252,7/4/2022 23:10,16.73,18.32
5253,7/4/2022 23:20,16.9,18.4
5254,7/4/2022 23:30,16.99,18.36
5255,7/4/2022 23:40,16.94,18.23
5256,7/4/2022 23:50,16.94,18.23
5257,7/5/2022 0:00,16.9,18.14
5258,7/5/2022 0:10,16.81,18.06
5259,7/5/2022 0:20,16.86,18.02
5260,7/5/2022 0:30,16.94,17.97
5261,7/5/2022 0:40,16.94,17.97
5262,7/5/2022 0:50,16.81,17.93
5263,7/5/2022 1:00,16.81,17.97
5264,7/5/2022 1:10,16.99,17.93
5265,7/5/2022 1:20,17.03,17.89
5266,7/5/2022 1:30,16.9,17.84
5267,7/5/2022 1:40,16.64,17.84
5268,7/5/2022 1:50,16.43,17.8
5269,7/5/2022 2:00,16.13,17.8
5270,7/5/2022 2:10,16.51,17.8
5271,7/5/2022 2:20,16.6,17.84
5272,7/5/2022 2:30,16.56,17.72
5273,7/5/2022 2:40,16.64,17.67
5274,7/5/2022 2:50,16.56,17.67
5275,7/5/2022 3:00,16.47,17.63
5276,7/5/2022 3:10,16.51,17.59
5277,7/5/2022 3:20,16.6,17.59
5278,7/5/2022 3:30,16.81,17.63
5279,7/5/2022 3:40,16.81,17.63
5280,7/5/2022 3:50,16.73,17.59
5281,7/5/2022 4:00,16.64,17.67
5282,7/5/2022 4:10,16.64,17.59
5283,7/5/2022 4:20,16.6,17.5
5284,7/5/2022 4:30,16.6,17.5
5285,7/5/2022 4:40,16.69,17.5
5286,7/5/2022 4:50,16.56,17.5
5287,7/5/2022 5:00,16.6,17.41
5288,7/5/2022 5:10,16.64,17.41
5289,7/5/2022 5:20,16.6,17.41
5290,7/5/2022 5:30,16.56,17.46
5291,7/5/2022 5:40,16.51,17.46
5292,7/5/2022 5:50,16.47,17.5
5293,7/5/2022 6:00,16.43,17.5
5294,7/5/2022 6:10,16.47,17.59
5295,7/5/2022 6:20,16.26,17.59
5296,7/5/2022 6:30,16.26,17.63
5297,7/5/2022 6:40,16.17,17.67
5298,7/5/2022 6:50,16.17,17.63
5299,7/5/2022 7:00,16.13,17.63
5300,7/5/2022 7:10,16.13,17.67
5301,7/5/2022 7:20,16.08,17.67
5302,7/5/2022 7:30,16.17,17.72
5303,7/5/2022 7:40,16.21,17.8
5304,7/5/2022 7:50,16.21,17.93
5305,7/5/2022 8:00,16.26,18.57
5306,7/5/2022 8:10,16.39,19.05
5307,7/5/2022 8:20,16.56,19.56
5308,7/5/2022 8:30,16.56,19.77
5309,7/5/2022 8:40,16.6,19.9
5310,7/5/2022 8:50,16.64,19.86
5311,7/5/2022 9:00,16.69,19.69
5312,7/5/2022 9:10,16.77,19.65
5313,7/5/2022 9:20,16.69,19.65
5314,7/5/2022 9:30,16.81,19.82
5315,7/5/2022 9:40,16.73,19.9
5316,7/5/2022 9:50,16.69,20.12
5317,7/5/2022 10:00,16.6,20.29
5318,7/5/2022 10:10,16.43,20.42
5319,7/5/2022 10:20,16.56,20.55
5320,7/5/2022 10:30,16.69,20.29
5321,7/5/2022 10:40,16.81,20.68
5322,7/5/2022 10:50,16.94,20.98
5323,7/5/2022 11:00,17.03,21.06
5324,7/5/2022 11:10,17.16,23.89
5325,7/5/2022 11:20,17.37,23.08
5326,7/5/2022 11:30,17.29,22.09
5327,7/5/2022 11:40,17.67,21.92
5328,7/5/2022 11:50,17.67,22.18
5329,7/5/2022 12:00,17.76,21.96
5330,7/5/2022 12:10,17.63,21.58
5331,7/5/2022 12:20,17.89,22.52
5332,7/5/2022 12:30,17.89,22.52
5333,7/5/2022 12:40,17.84,23.85
5334,7/5/2022 12:50,17.97,25.35
5335,7/5/2022 13:00,18.06,24.88
5336,7/5/2022 13:10,18.14,23.38
5337,7/5/2022 13:20,18.32,21.7
5338,7/5/2022 13:30,18.4,20.89
5339,7/5/2022 13:40,18.14,20.63
5340,7/5/2022 13:50,18.06,20.33
5341,7/5/2022 14:00,18.23,20.25
5342,7/5/2022 14:10,17.84,20.03
5343,7/5/2022 14:20,17.76,19.77
5344,7/5/2022 14:30,17.24,19.65
5345,7/5/2022 14:40,17.29,19.43
5346,7/5/2022 14:50,17.2,19.3
5347,7/5/2022 15:00,17.29,19.3
5348,7/5/2022 15:10,17.29,19.22
5349,7/5/2022 15:20,17.33,19.22
5350,7/5/2022 15:30,17.11,19.09
5351,7/5/2022 15:40,17.29,19.05
5352,7/5/2022 15:50,17.5,19.09
5353,7/5/2022 16:00,17.54,19.35
5354,7/5/2022 16:10,17.72,19.82
5355,7/5/2022 16:20,17.63,20.07
5356,7/5/2022 16:30,17.24,20.2
5357,7/5/2022 16:40,17.41,20.25
5358,7/5/2022 16:50,17.76,19.9
5359,7/5/2022 17:00,17.89,19.77
5360,7/5/2022 17:10,17.76,20.12
5361,7/5/2022 17:20,17.72,19.99
5362,7/5/2022 17:30,17.72,19.95
5363,7/5/2022 17:40,17.8,19.9
5364,7/5/2022 17:50,17.67,19.99
5365,7/5/2022 18:00,17.84,19.9
5366,7/5/2022 18:10,18.1,19.69
5367,7/5/2022 18:20,17.63,19.43
5368,7/5/2022 18:30,17.8,19.26
5369,7/5/2022 18:40,17.54,19.22
5370,7/5/2022 18:50,17.03,19.17
5371,7/5/2022 19:00,16.73,19.13
5372,7/5/2022 19:10,16.3,19
5373,7/5/2022 19:20,16.26,18.83
5374,7/5/2022 19:30,16.17,18.74
5375,7/5/2022 19:40,16.08,18.7
5376,7/5/2022 19:50,16.08,18.83
5377,7/5/2022 20:00,16.13,18.87
5378,7/5/2022 20:10,16.21,19
5379,7/5/2022 20:20,16.13,19
5380,7/5/2022 20:30,16.08,19
5381,7/5/2022 20:40,16.13,19.05
5382,7/5/2022 20:50,16.08,19.13
5383,7/5/2022 21:00,16,19.13
5384,7/5/2022 21:10,15.96,19.22
5385,7/5/2022 21:20,16.04,19.26
5386,7/5/2022 21:30,15.96,19.39
5387,7/5/2022 21:40,15.96,19.35
5388,7/5/2022 21:50,15.96,19.43
5389,7/5/2022 22:00,16.04,19.47
5390,7/5/2022 22:10,15.91,19.56
5391,7/5/2022 22:20,15.7,19.65
5392,7/5/2022 22:30,15.66,19.82
5393,7/5/2022 22:40,15.44,20.03
5394,7/5/2022 22:50,15.4,20.59
5395,7/5/2022 23:00,15.44,20.16
5396,7/5/2022 23:10,15.44,20.25
5397,7/5/2022 23:20,15.44,20.33
5398,7/5/2022 23:30,15.44,20.42
5399,7/5/2022 23:40,15.44,20.59
5400,7/5/2022 23:50,15.36,20.63
5401,7/6/2022 0:00,15.23,20.59
5402,7/6/2022 0:10,15.23,20.59
5403,7/6/2022 0:20,15.1,20.37
5404,7/6/2022 0:30,15.18,20.16
5405,7/6/2022 0:40,15.31,20.03
5406,7/6/2022 0:50,15.36,19.86
5407,7/6/2022 1:00,15.36,19.73
5408,7/6/2022 1:10,15.48,19.69
5409,7/6/2022 1:20,15.44,19.6
5410,7/6/2022 1:30,15.31,19.47
5411,7/6/2022 1:40,15.23,19.3
5412,7/6/2022 1:50,15.14,19.22
5413,7/6/2022 2:00,15.1,19.22
5414,7/6/2022 2:10,15.06,19.17
5415,7/6/2022 2:20,15.14,19.09
5416,7/6/2022 2:30,15.06,19
5417,7/6/2022 2:40,15.01,19
5418,7/6/2022 2:50,14.97,18.92
5419,7/6/2022 3:00,14.97,18.87
5420,7/6/2022 3:10,14.84,18.7
5421,7/6/2022 3:20,14.8,18.53
5422,7/6/2022 3:30,14.88,18.44
5423,7/6/2022 3:40,14.93,18.44
5424,7/6/2022 3:50,14.8,18.49
5425,7/6/2022 4:00,14.88,18.49
5426,7/6/2022 4:10,14.84,18.49
5427,7/6/2022 4:20,14.75,18.44
5428,7/6/2022 4:30,14.67,18.49
5429,7/6/2022 4:40,14.63,18.36
5430,7/6/2022 4:50,14.67,18.36
5431,7/6/2022 5:00,14.8,18.32
5432,7/6/2022 5:10,14.8,18.32
5433,7/6/2022 5:20,14.71,18.27
5434,7/6/2022 5:30,14.71,18.23
5435,7/6/2022 5:40,14.63,18.19
5436,7/6/2022 5:50,14.58,18.19
5437,7/6/2022 6:00,14.63,18.27
5438,7/6/2022 6:10,14.54,18.36
5439,7/6/2022 6:20,14.58,18.32
5440,7/6/2022 6:30,14.63,18.36
5441,7/6/2022 6:40,14.71,18.36
5442,7/6/2022 6:50,14.67,18.27
5443,7/6/2022 7:00,14.67,18.19
5444,7/6/2022 7:10,14.67,18.19
5445,7/6/2022 7:20,14.71,18.14
5446,7/6/2022 7:30,14.84,18.27
5447,7/6/2022 7:40,14.8,18.32
5448,7/6/2022 7:50,14.93,18.36
5449,7/6/2022 8:00,14.88,18.49
5450,7/6/2022 8:10,14.8,18.79
5451,7/6/2022 8:20,14.84,19.13
5452,7/6/2022 8:30,14.88,19.35
5453,7/6/2022 8:40,14.97,19.47
5454,7/6/2022 8:50,14.84,19.73
5455,7/6/2022 9:00,14.97,20.03
5456,7/6/2022 9:10,15.1,20.2
5457,7/6/2022 9:20,15.18,20.46
5458,7/6/2022 9:30,15.36,20.55
5459,7/6/2022 9:40,15.48,20.68
5460,7/6/2022 9:50,15.36,20.76
5461,7/6/2022 10:00,15.14,20.76
5462,7/6/2022 10:10,15.06,20.8
5463,7/6/2022 10:20,15.27,20.98
5464,7/6/2022 10:30,15.53,21.28
5465,7/6/2022 10:40,15.66,21.58
5466,7/6/2022 10:50,15.7,21.92
5467,7/6/2022 11:00,15.74,22.39
5468,7/6/2022 11:10,16,22.91
5469,7/6/2022 11:20,16.08,23.59
5470,7/6/2022 11:30,16.21,24.41
5471,7/6/2022 11:40,16.34,24.66
5472,7/6/2022 11:50,16.39,24.24
5473,7/6/2022 12:00,16.43,23.29
5474,7/6/2022 12:10,16.08,22.31
5475,7/6/2022 12:20,16,22.61
5476,7/6/2022 12:30,16.04,23.38
5477,7/6/2022 12:40,16,24.92
5478,7/6/2022 12:50,16,25.61
5479,7/6/2022 13:00,16,25.18
5480,7/6/2022 13:10,16.13,24.02
5481,7/6/2022 13:20,16,23.16
5482,7/6/2022 13:30,16.04,22.43
5483,7/6/2022 13:40,15.96,21.83
5484,7/6/2022 13:50,15.74,21.23
5485,7/6/2022 14:00,15.53,20.29
5486,7/6/2022 14:10,15.48,19.6
5487,7/6/2022 14:20,15.4,19.47
5488,7/6/2022 14:30,15.44,19.39
5489,7/6/2022 14:40,15.36,19.13
5490,7/6/2022 14:50,15.36,18.66
5491,7/6/2022 15:00,15.44,18.7
5492,7/6/2022 15:10,15.36,18.62
5493,7/6/2022 15:20,15.53,18.74
5494,7/6/2022 15:30,15.57,18.79
5495,7/6/2022 15:40,15.83,18.83
5496,7/6/2022 15:50,15.91,18.87
5497,7/6/2022 16:00,16.13,19.22
5498,7/6/2022 16:10,16.26,19.69
5499,7/6/2022 16:20,16.39,20.16
5500,7/6/2022 16:30,16.56,20.07
5501,7/6/2022 16:40,16.69,20.68
5502,7/6/2022 16:50,16.73,20.98
5503,7/6/2022 17:00,16.77,20.68
5504,7/6/2022 17:10,16.77,20.68
5505,7/6/2022 17:20,16.86,20.8
5506,7/6/2022 17:30,16.43,20.59
5507,7/6/2022 17:40,16.13,20.59
5508,7/6/2022 17:50,16.13,21.15
5509,7/6/2022 18:00,16.04,20.93
5510,7/6/2022 18:10,16.51,20.59
5511,7/6/2022 18:20,16.94,20.42
5512,7/6/2022 18:30,17.11,20.2
5513,7/6/2022 18:40,17.2,19.95
5514,7/6/2022 18:50,17.16,19.69
5515,7/6/2022 19:00,17.2,19.56
5516,7/6/2022 19:10,17.33,19.73
5517,7/6/2022 19:20,17.16,19.77
5518,7/6/2022 19:30,17.24,19.82
5519,7/6/2022 19:40,16.94,19.9
5520,7/6/2022 19:50,16.56,20.25
5521,7/6/2022 20:00,16.51,20.46
5522,7/6/2022 20:10,16.21,20.42
5523,7/6/2022 20:20,16.21,20.89
5524,7/6/2022 20:30,16.34,21.06
5525,7/6/2022 20:40,16.39,21.49
5526,7/6/2022 20:50,16.17,21.88
5527,7/6/2022 21:00,15.96,21.92
5528,7/6/2022 21:10,15.83,21.62
5529,7/6/2022 21:20,15.66,21.92
5530,7/6/2022 21:30,15.66,22.26
5531,7/6/2022 21:40,15.57,22.48
5532,7/6/2022 21:50,15.57,22.05
5533,7/6/2022 22:00,15.48,21.32
5534,7/6/2022 22:10,15.44,20.55
5535,7/6/2022 22:20,15.4,20.33
5536,7/6/2022 22:30,15.4,20.29
5537,7/6/2022 22:40,15.4,20.42
5538,7/6/2022 22:50,15.23,20.85
5539,7/6/2022 23:00,15.14,21.1
5540,7/6/2022 23:10,15.06,20.63
5541,7/6/2022 23:20,15.18,20.29
5542,7/6/2022 23:30,15.14,20.07
5543,7/6/2022 23:40,14.97,20.07
5544,7/6/2022 23:50,14.84,19.73
5545,7/7/2022 0:00,14.75,19.17
5546,7/7/2022 0:10,14.71,18.96
5547,7/7/2022 0:20,14.5,18.87
5548,7/7/2022 0:30,14.5,18.79
5549,7/7/2022 0:40,14.37,18.57
5550,7/7/2022 0:50,14.33,18.19
5551,7/7/2022 1:00,14.15,17.84
5552,7/7/2022 1:10,13.98,17.63
5553,7/7/2022 1:20,13.98,17.46
5554,7/7/2022 1:30,14.07,17.72
5555,7/7/2022 1:40,14.11,17.76
5556,7/7/2022 1:50,14.11,17.84
5557,7/7/2022 2:00,14.24,18.36
5558,7/7/2022 2:10,14.15,18.44
5559,7/7/2022 2:20,14.28,18.57
5560,7/7/2022 2:30,14.28,18.57
5561,7/7/2022 2:40,14.28,18.53
5562,7/7/2022 2:50,14.2,18.49
5563,7/7/2022 3:00,14.11,18.44
5564,7/7/2022 3:10,14.07,18.49
5565,7/7/2022 3:20,14.03,18.44
5566,7/7/2022 3:30,13.98,18.4
5567,7/7/2022 3:40,13.9,18.32
5568,7/7/2022 3:50,13.85,18.19
5569,7/7/2022 4:00,13.85,18.1
5570,7/7/2022 4:10,13.73,17.89
5571,7/7/2022 4:20,13.85,17.67
5572,7/7/2022 4:30,13.77,17.46
5573,7/7/2022 4:40,13.81,17.41
5574,7/7/2022 4:50,13.73,17.37
5575,7/7/2022 5:00,13.55,17.33
5576,7/7/2022 5:10,13.47,17.37
5577,7/7/2022 5:20,13.43,17.24
5578,7/7/2022 5:30,13.3,17.2
5579,7/7/2022 5:40,13.17,17.2
5580,7/7/2022 5:50,13.25,17.11
5581,7/7/2022 6:00,13.25,17.03
5582,7/7/2022 6:10,13.34,17.03
5583,7/7/2022 6:20,13.3,17.03
5584,7/7/2022 6:30,13.43,16.99
5585,7/7/2022 6:40,13.34,16.86
5586,7/7/2022 6:50,13.38,16.9
5587,7/7/2022 7:00,13.38,16.9
5588,7/7/2022 7:10,13.34,16.9
5589,7/7/2022 7:20,13.25,16.9
5590,7/7/2022 7:30,13.34,16.9
5591,7/7/2022 7:40,13.04,16.9
5592,7/7/2022 7:50,13,16.94
5593,7/7/2022 8:00,13.04,16.94
5594,7/7/2022 8:10,12.91,16.77
5595,7/7/2022 8:20,12.91,16.81
5596,7/7/2022 8:30,12.87,16.99
5597,7/7/2022 8:40,13,17.11
5598,7/7/2022 8:50,13,17.07
5599,7/7/2022 9:00,12.95,16.99
5600,7/7/2022 9:10,13.08,16.99
5601,7/7/2022 9:20,13.08,16.94
5602,7/7/2022 9:30,13,16.99
5603,7/7/2022 9:40,12.95,17.07
5604,7/7/2022 9:50,13.12,17.2
5605,7/7/2022 10:00,13.17,17.41
5606,7/7/2022 10:10,13.34,17.46
5607,7/7/2022 10:20,13.38,17.84
5608,7/7/2022 10:30,13.34,18.1
5609,7/7/2022 10:40,13.38,18.27
5610,7/7/2022 10:50,13.47,18.4
5611,7/7/2022 11:00,13.64,18.7
5612,7/7/2022 11:10,13.73,18.96
5613,7/7/2022 11:20,13.64,19.39
5614,7/7/2022 11:30,13.81,19.77
5615,7/7/2022 11:40,14.15,20.25
5616,7/7/2022 11:50,14.28,20.98
5617,7/7/2022 12:00,14.5,21.53
5618,7/7/2022 12:10,14.37,22.22
5619,7/7/2022 12:20,14.58,22.86
5620,7/7/2022 12:30,14.63,23.59
5621,7/7/2022 12:40,14.8,24.11
5622,7/7/2022 12:50,14.93,24.41
5623,7/7/2022 13:00,14.75,23.46
5624,7/7/2022 13:10,14.84,23.16
5625,7/7/2022 13:20,14.84,22.86
5626,7/7/2022 13:30,14.75,23.29
5627,7/7/2022 13:40,14.84,23.12
5628,7/7/2022 13:50,14.93,22.22
5629,7/7/2022 14:00,15.06,21.32
5630,7/7/2022 14:10,15.01,20.72
5631,7/7/2022 14:20,14.93,20.37
5632,7/7/2022 14:30,14.71,20.16
5633,7/7/2022 14:40,14.75,20.07
5634,7/7/2022 14:50,14.93,19.95
5635,7/7/2022 15:00,15.06,19.82
5636,7/7/2022 15:10,15.01,19.65
5637,7/7/2022 15:20,15.1,19.6
5638,7/7/2022 15:30,15.23,19.65
5639,7/7/2022 15:40,15.36,19.6
5640,7/7/2022 15:50,15.53,19.69
5641,7/7/2022 16:00,15.66,19.43
5642,7/7/2022 16:10,15.66,19.86
5643,7/7/2022 16:20,15.61,20.25
5644,7/7/2022 16:30,15.74,20.68
5645,7/7/2022 16:40,15.57,20.16
5646,7/7/2022 16:50,15.61,20.72
5647,7/7/2022 17:00,15.61,20.89
5648,7/7/2022 17:10,15.61,20.63
5649,7/7/2022 17:20,15.66,20.63
5650,7/7/2022 17:30,15.53,20.55
5651,7/7/2022 17:40,15.48,20.63
5652,7/7/2022 17:50,15.36,21.06
5653,7/7/2022 18:00,15.14,20.16
5654,7/7/2022 18:10,14.93,19.52
5655,7/7/2022 18:20,14.67,19.35
5656,7/7/2022 18:30,14.37,19.17
5657,7/7/2022 18:40,14.33,19
5658,7/7/2022 18:50,14.37,18.96
5659,7/7/2022 19:00,14.45,18.83
5660,7/7/2022 19:10,14.33,18.62
5661,7/7/2022 19:20,14.33,18.62
5662,7/7/2022 19:30,14.24,18.62
5663,7/7/2022 19:40,14.28,18.7
5664,7/7/2022 19:50,14.15,18.74
5665,7/7/2022 20:00,14.2,18.74
5666,7/7/2022 20:10,14.15,18.87
5667,7/7/2022 20:20,13.98,18.96
5668,7/7/2022 20:30,13.98,18.96
5669,7/7/2022 20:40,14.11,19.05
5670,7/7/2022 20:50,14.2,19.26
5671,7/7/2022 21:00,14.28,19.56
5672,7/7/2022 21:10,14.15,19.82
5673,7/7/2022 21:20,14.07,20.03
5674,7/7/2022 21:30,14.07,20.03
5675,7/7/2022 21:40,14.11,20.12
5676,7/7/2022 21:50,13.94,20.12
5677,7/7/2022 22:00,13.94,20.12
5678,7/7/2022 22:10,13.73,20.16
5679,7/7/2022 22:20,13.64,20.12
5680,7/7/2022 22:30,13.6,20.2
5681,7/7/2022 22:40,13.68,20.33
5682,7/7/2022 22:50,13.81,20.33
5683,7/7/2022 23:00,13.81,20.33
5684,7/7/2022 23:10,13.85,20.42
5685,7/7/2022 23:20,13.77,20.5
5686,7/7/2022 23:30,13.85,20.63
5687,7/7/2022 23:40,13.64,21.15
5688,7/7/2022 23:50,13.38,21.49
5689,7/8/2022 0:00,13.38,21.49
5690,7/8/2022 0:10,13.43,21.49
5691,7/8/2022 0:20,13.55,21.32
5692,7/8/2022 0:30,13.51,21.1
5693,7/8/2022 0:40,13.38,20.89
5694,7/8/2022 0:50,13.34,20.72
5695,7/8/2022 1:00,13.38,20.5
5696,7/8/2022 1:10,13.3,20.29
5697,7/8/2022 1:20,13.21,19.95
5698,7/8/2022 1:30,13.08,19.35
5699,7/8/2022 1:40,13.04,19.09
5700,7/8/2022 1:50,12.91,18.66
5701,7/8/2022 2:00,12.95,18.27
5702,7/8/2022 2:10,12.91,18.14
5703,7/8/2022 2:20,12.74,18.27
5704,7/8/2022 2:30,12.7,18.36
5705,7/8/2022 2:40,12.61,18.14
5706,7/8/2022 2:50,12.65,18.06
5707,7/8/2022 3:00,12.57,17.8
5708,7/8/2022 3:10,12.57,17.54
5709,7/8/2022 3:20,12.61,17.16
5710,7/8/2022 3:30,12.52,16.99
5711,7/8/2022 3:40,12.48,17.2
5712,7/8/2022 3:50,12.48,17.54
5713,7/8/2022 4:00,12.57,18.02
5714,7/8/2022 4:10,12.61,18.44
5715,7/8/2022 4:20,12.57,19
5716,7/8/2022 4:30,12.52,19.17
5717,7/8/2022 4:40,12.65,19.3
5718,7/8/2022 4:50,12.61,19.05
5719,7/8/2022 5:00,12.57,18.74
5720,7/8/2022 5:10,12.52,18.79
5721,7/8/2022 5:20,12.57,18.79
5722,7/8/2022 5:30,12.52,18.74
5723,7/8/2022 5:40,12.48,18.49
5724,7/8/2022 5:50,12.48,18.14
5725,7/8/2022 6:00,12.44,17.76
5726,7/8/2022 6:10,12.48,17.29
5727,7/8/2022 6:20,12.52,17.11
5728,7/8/2022 6:30,12.52,17.11
5729,7/8/2022 6:40,12.7,17.16
5730,7/8/2022 6:50,12.61,17.16
5731,7/8/2022 7:00,12.7,17.2
5732,7/8/2022 7:10,12.7,17.16
5733,7/8/2022 7:20,12.74,17.2
5734,7/8/2022 7:30,12.74,17.24
5735,7/8/2022 7:40,12.74,17.2
5736,7/8/2022 7:50,12.48,17.24
5737,7/8/2022 8:00,12.18,17.24
5738,7/8/2022 8:10,12.01,17.2
5739,7/8/2022 8:20,12.27,17.24
5740,7/8/2022 8:30,12.31,17.29
5741,7/8/2022 8:40,12.27,17.29
5742,7/8/2022 8:50,12.1,17.29
5743,7/8/2022 9:00,11.97,17.37
5744,7/8/2022 9:10,12.1,17.33
5745,7/8/2022 9:20,12.01,17.33
5746,7/8/2022 9:30,12.05,17.33
5747,7/8/2022 9:40,12.01,17.37
5748,7/8/2022 9:50,12.1,17.5
5749,7/8/2022 10:00,12.18,17.67
5750,7/8/2022 10:10,12.1,17.89
5751,7/8/2022 10:20,12.1,18.06
5752,7/8/2022 10:30,12.22,18.27
5753,7/8/2022 10:40,12.35,18.36
5754,7/8/2022 10:50,12.74,18.49
5755,7/8/2022 11:00,12.91,18.4
5756,7/8/2022 11:10,12.82,17.97
5757,7/8/2022 11:20,12.78,17.33
5758,7/8/2022 11:30,12.91,17.33
5759,7/8/2022 11:40,13.04,17.59
5760,7/8/2022 11:50,13.21,17.72
5761,7/8/2022 12:00,13.34,18.1
5762,7/8/2022 12:10,13.21,18.44
5763,7/8/2022 12:20,13.34,18.7
5764,7/8/2022 12:30,13.38,19.09
5765,7/8/2022 12:40,13.3,19.77
5766,7/8/2022 12:50,13.51,20.46
5767,7/8/2022 13:00,13.6,20.89
5768,7/8/2022 13:10,13.68,21.19
5769,7/8/2022 13:20,13.68,20.85
5770,7/8/2022 13:30,13.81,20.59
5771,7/8/2022 13:40,13.64,20.37
5772,7/8/2022 13:50,13.6,20.29
5773,7/8/2022 14:00,13.94,20.59
5774,7/8/2022 14:10,13.85,20.55
5775,7/8/2022 14:20,13.98,20.55
5776,7/8/2022 14:30,14.15,20.55
5777,7/8/2022 14:40,13.98,20.37
5778,7/8/2022 14:50,14.24,20.07
5779,7/8/2022 15:00,14.03,19.69
5780,7/8/2022 15:10,13.98,19.35
5781,7/8/2022 15:20,14.03,18.96
5782,7/8/2022 15:30,14.03,18.79
5783,7/8/2022 15:40,13.81,18.74
5784,7/8/2022 15:50,13.77,18.83
5785,7/8/2022 16:00,13.73,18.74
5786,7/8/2022 16:10,13.73,18.66
5787,7/8/2022 16:20,13.73,18.74
5788,7/8/2022 16:30,13.85,19.35
5789,7/8/2022 16:40,13.73,20.03
5790,7/8/2022 16:50,13.55,20.03
5791,7/8/2022 17:00,13.64,19.82
5792,7/8/2022 17:10,13.64,19.56
5793,7/8/2022 17:20,13.73,19.05
5794,7/8/2022 17:30,13.94,19.09
5795,7/8/2022 17:40,14.11,19.52
5796,7/8/2022 17:50,13.81,19.6
5797,7/8/2022 18:00,13.68,19.77
5798,7/8/2022 18:10,13.77,20.07
5799,7/8/2022 18:20,13.64,19.86
5800,7/8/2022 18:30,13.6,19.56
5801,7/8/2022 18:40,13.51,19.22
5802,7/8/2022 18:50,13.51,18.74
5803,7/8/2022 19:00,13.55,18.44
5804,7/8/2022 19:10,13.6,18.36
5805,7/8/2022 19:20,13.55,18.19
5806,7/8/2022 19:30,13.55,17.97
5807,7/8/2022 19:40,13.68,17.84
5808,7/8/2022 19:50,13.64,17.8
5809,7/8/2022 20:00,13.55,17.76
5810,7/8/2022 20:10,13.55,17.72
5811,7/8/2022 20:20,13.6,17.67
5812,7/8/2022 20:30,13.55,17.72
5813,7/8/2022 20:40,13.43,17.72
5814,7/8/2022 20:50,13.43,17.8
5815,7/8/2022 21:00,13.38,18.06
5816,7/8/2022 21:10,13.43,18.66
5817,7/8/2022 21:20,13.34,19.09
5818,7/8/2022 21:30,13.6,19.35
5819,7/8/2022 21:40,13.47,19.35
5820,7/8/2022 21:50,13.38,19.35
5821,7/8/2022 22:00,13.08,19.3
5822,7/8/2022 22:10,13.25,19.17
5823,7/8/2022 22:20,13.25,19.13
5824,7/8/2022 22:30,13.3,19.05
5825,7/8/2022 22:40,13.34,19.09
5826,7/8/2022 22:50,13.21,19.13
5827,7/8/2022 23:00,13.04,19.13
5828,7/8/2022 23:10,13,19.17
5829,7/8/2022 23:20,12.91,19.13
5830,7/8/2022 23:30,12.82,19.22
5831,7/8/2022 23:40,12.91,19.3
5832,7/8/2022 23:50,12.82,19.69
5833,7/9/2022 0:00,12.78,20.03
5834,7/9/2022 0:10,12.91,20.03
5835,7/9/2022 0:20,12.87,20.25
5836,7/9/2022 0:30,12.91,19.95
5837,7/9/2022 0:40,13.04,19.86
5838,7/9/2022 0:50,13.3,19.52
5839,7/9/2022 1:00,13.3,19.43
5840,7/9/2022 1:10,13.47,19.35
5841,7/9/2022 1:20,13.47,19.17
5842,7/9/2022 1:30,13.43,18.96
5843,7/9/2022 1:40,13.34,18.74
5844,7/9/2022 1:50,13.47,18.57
5845,7/9/2022 2:00,13.34,18.32
5846,7/9/2022 2:10,13.38,17.93
5847,7/9/2022 2:20,13.55,17.59
5848,7/9/2022 2:30,13.6,17.41
5849,7/9/2022 2:40,13.77,17.2
5850,7/9/2022 2:50,13.81,16.77
5851,7/9/2022 3:00,13.81,15.74
5852,7/9/2022 3:10,13.77,15.06
5853,7/9/2022 3:20,13.73,14.75
5854,7/9/2022 3:30,13.85,14.67
5855,7/9/2022 3:40,13.77,14.63
5856,7/9/2022 3:50,13.77,14.5
5857,7/9/2022 4:00,13.77,14.41
5858,7/9/2022 4:10,13.6,14.24
5859,7/9/2022 4:20,13.51,14.15
5860,7/9/2022 4:30,13.51,14.15
5861,7/9/2022 4:40,13.51,14.15
5862,7/9/2022 4:50,13.47,14.11
5863,7/9/2022 5:00,13.43,14.03
5864,7/9/2022 5:10,13.38,13.94
5865,7/9/2022 5:20,13.3,15.01
5866,7/9/2022 5:30,13.21,15.91
5867,7/9/2022 5:40,13.21,16.81
5868,7/9/2022 5:50,13.12,17.54
5869,7/9/2022 6:00,13,17.76
5870,7/9/2022 6:10,12.91,17.8
5871,7/9/2022 6:20,12.91,17.46
5872,7/9/2022 6:30,12.91,17.2
5873,7/9/2022 6:40,12.91,17.11
5874,7/9/2022 6:50,12.82,17.07
5875,7/9/2022 7:00,12.78,16.94
5876,7/9/2022 7:10,12.91,16.9
5877,7/9/2022 7:20,12.95,16.9
5878,7/9/2022 7:30,12.91,16.9
5879,7/9/2022 7:40,13,16.94
5880,7/9/2022 7:50,12.78,17.07
5881,7/9/2022 8:00,12.82,17.11
5882,7/9/2022 8:10,12.82,17.16
5883,7/9/2022 8:20,12.82,17.2
5884,7/9/2022 8:30,12.87,17.2
5885,7/9/2022 8:40,12.87,17.24
5886,7/9/2022 8:50,12.87,17.24
5887,7/9/2022 9:00,12.87,17.29
5888,7/9/2022 9:10,12.91,17.33
5889,7/9/2022 9:20,12.82,17.46
5890,7/9/2022 9:30,13.04,17.54
5891,7/9/2022 9:40,12.91,17.5
5892,7/9/2022 9:50,12.91,17.5
5893,7/9/2022 10:00,12.87,17.54
5894,7/9/2022 10:10,13.04,17.46
5895,7/9/2022 10:20,13.17,17.54
5896,7/9/2022 10:30,13.47,17.59
5897,7/9/2022 10:40,13.51,17.54
5898,7/9/2022 10:50,13.73,17.63
5899,7/9/2022 11:00,13.81,17.59
5900,7/9/2022 11:10,13.94,17.72
5901,7/9/2022 11:20,14.07,17.84
5902,7/9/2022 11:30,14.15,17.93
5903,7/9/2022 11:40,14.28,17.97
5904,7/9/2022 11:50,14.28,18.1
5905,7/9/2022 12:00,14.24,18.23
5906,7/9/2022 12:10,14.24,18.4
5907,7/9/2022 12:20,14.15,18.57
5908,7/9/2022 12:30,14.15,19
5909,7/9/2022 12:40,14.11,19.22
5910,7/9/2022 12:50,14.2,19.3
5911,7/9/2022 13:00,14.15,19.6
5912,7/9/2022 13:10,13.94,19.82
5913,7/9/2022 13:20,14.03,19.9
5914,7/9/2022 13:30,14.2,20.2
5915,7/9/2022 13:40,14.33,20.5
5916,7/9/2022 13:50,14.24,20.76
5917,7/9/2022 14:00,14.33,20.85
5918,7/9/2022 14:10,14.37,20.59
5919,7/9/2022 14:20,14.37,20.42
5920,7/9/2022 14:30,14.45,20.46
5921,7/9/2022 14:40,14.71,20.5
5922,7/9/2022 14:50,14.84,20.55
5923,7/9/2022 15:00,14.97,20.46
5924,7/9/2022 15:10,15.14,20.46
5925,7/9/2022 15:20,15.48,20.37
5926,7/9/2022 15:30,15.53,20.2
5927,7/9/2022 15:40,15.57,20.12
5928,7/9/2022 15:50,15.66,20.12
5929,7/9/2022 16:00,15.66,20.03
5930,7/9/2022 16:10,15.66,19.86
5931,7/9/2022 16:20,15.57,19.73
5932,7/9/2022 16:30,15.61,19.6
5933,7/9/2022 16:40,15.74,19.86
5934,7/9/2022 16:50,15.74,20.29
5935,7/9/2022 17:00,15.66,20.12
5936,7/9/2022 17:10,15.61,20.07
5937,7/9/2022 17:20,15.57,20.07
5938,7/9/2022 17:30,15.83,20.03
5939,7/9/2022 17:40,15.83,20.12
5940,7/9/2022 17:50,15.7,19.82
5941,7/9/2022 18:00,15.78,19.47
5942,7/9/2022 18:10,15.87,19.39
5943,7/9/2022 18:20,15.87,19.9
5944,7/9/2022 18:30,15.87,19.82
5945,7/9/2022 18:40,15.96,19.3
5946,7/9/2022 18:50,15.87,19.17
5947,7/9/2022 19:00,15.74,18.96
5948,7/9/2022 19:10,15.83,18.74
5949,7/9/2022 19:20,15.78,18.49
5950,7/9/2022 19:30,15.78,18.4
5951,7/9/2022 19:40,15.66,18.44
5952,7/9/2022 19:50,15.4,18.36
5953,7/9/2022 20:00,15.44,18.14
5954,7/9/2022 20:10,16.56,18.1
5955,7/9/2022 20:20,17.33,17.97
5956,7/9/2022 20:30,17.63,17.93
5957,7/9/2022 20:40,17.63,17.84
5958,7/9/2022 20:50,17.54,17.89
5959,7/9/2022 21:00,16.94,17.97
5960,7/9/2022 21:10,15.36,17.97
5961,7/9/2022 21:20,14.58,17.8
5962,7/9/2022 21:30,14.15,17.84
5963,7/9/2022 21:40,13.81,18.06
5964,7/9/2022 21:50,13.9,18.19
5965,7/9/2022 22:00,13.81,18.4
5966,7/9/2022 22:10,13.47,18.49
5967,7/9/2022 22:20,13.73,18.66
5968,7/9/2022 22:30,13.77,18.96
5969,7/9/2022 22:40,13.51,19.05
5970,7/9/2022 22:50,13.55,18.83
5971,7/9/2022 23:00,13.64,18.66
5972,7/9/2022 23:10,13.85,18.57
5973,7/9/2022 23:20,13.85,18.53
5974,7/9/2022 23:30,13.77,18.44
5975,7/9/2022 23:40,13.68,18.49
5976,7/9/2022 23:50,13.51,18.49
5977,7/10/2022 0:00,13.34,18.53
5978,7/10/2022 0:10,13.43,18.62
5979,7/10/2022 0:20,13.38,18.62
5980,7/10/2022 0:30,13.3,18.7
5981,7/10/2022 0:40,13.21,18.7
5982,7/10/2022 0:50,13.08,18.7
5983,7/10/2022 1:00,13.17,18.66
5984,7/10/2022 1:10,13.12,18.87
5985,7/10/2022 1:20,13.12,19.3
5986,7/10/2022 1:30,13.12,19.65
5987,7/10/2022 1:40,13.04,19.82
5988,7/10/2022 1:50,12.95,19.82
5989,7/10/2022 2:00,12.78,19.43
5990,7/10/2022 2:10,12.82,19.3
5991,7/10/2022 2:20,12.65,19.22
5992,7/10/2022 2:30,12.74,19.05
5993,7/10/2022 2:40,12.65,18.66
5994,7/10/2022 2:50,12.57,18.32
5995,7/10/2022 3:00,12.61,18.02
5996,7/10/2022 3:10,12.74,17.93
5997,7/10/2022 3:20,12.91,17.59
5998,7/10/2022 3:30,12.78,16.94
5999,7/10/2022 3:40,12.82,15.87
6000,7/10/2022 3:50,12.65,15.27
6001,7/10/2022 4:00,12.65,14.97
6002,7/10/2022 4:10,12.65,14.58
6003,7/10/2022 4:20,12.87,14.41
6004,7/10/2022 4:30,12.82,14.24
6005,7/10/2022 4:40,12.82,14.11
6006,7/10/2022 4:50,12.87,14.11
6007,7/10/2022 5:00,12.7,13.94
6008,7/10/2022 5:10,12.61,13.77
6009,7/10/2022 5:20,12.78,13.85
6010,7/10/2022 5:30,12.91,13.81
6011,7/10/2022 5:40,12.91,13.85
6012,7/10/2022 5:50,12.87,13.9
6013,7/10/2022 6:00,13.04,13.85
6014,7/10/2022 6:10,12.91,13.77
6015,7/10/2022 6:20,13,13.85
6016,7/10/2022 6:30,12.91,13.94
6017,7/10/2022 6:40,12.48,13.77
6018,7/10/2022 6:50,12.48,13.77
6019,7/10/2022 7:00,12.52,15.14
6020,7/10/2022 7:10,12.48,16.64
6021,7/10/2022 7:20,12.61,17.2
6022,7/10/2022 7:30,12.74,17.33
6023,7/10/2022 7:40,12.87,17.59
6024,7/10/2022 7:50,13,17.84
6025,7/10/2022 8:00,13.04,18.1
6026,7/10/2022 8:10,13.25,18.27
6027,7/10/2022 8:20,13.34,18.36
6028,7/10/2022 8:30,13.43,18.36
6029,7/10/2022 8:40,13.6,18.4
6030,7/10/2022 8:50,13.6,18.4
6031,7/10/2022 9:00,13.81,18.27
6032,7/10/2022 9:10,13.98,18.02
6033,7/10/2022 9:20,14.24,17.72
6034,7/10/2022 9:30,14.45,17.72
6035,7/10/2022 9:40,14.63,17.72
6036,7/10/2022 9:50,14.75,17.76
6037,7/10/2022 10:00,14.88,17.76
6038,7/10/2022 10:10,14.75,17.84
6039,7/10/2022 10:20,14.75,17.89
6040,7/10/2022 10:30,14.97,18.06
6041,7/10/2022 10:40,15.18,18.1
6042,7/10/2022 10:50,15.4,18.23
6043,7/10/2022 11:00,15.7,18.36
6044,7/10/2022 11:10,15.83,18.49
6045,7/10/2022 11:20,16.04,18.57
6046,7/10/2022 11:30,16.39,18.7
6047,7/10/2022 11:40,16.64,18.83
6048,7/10/2022 11:50,16.6,19
6049,7/10/2022 12:00,16.04,19.13
6050,7/10/2022 12:10,15.57,19.26
6051,7/10/2022 12:20,15.4,19.43
6052,7/10/2022 12:30,14.97,19.73
6053,7/10/2022 12:40,14.93,19.9
6054,7/10/2022 12:50,14.97,20.33
6055,7/10/2022 13:00,14.71,20.68
6056,7/10/2022 13:10,14.8,20.93
6057,7/10/2022 13:20,14.58,21.15
6058,7/10/2022 13:30,14.67,21.53
6059,7/10/2022 13:40,14.8,22.01
6060,7/10/2022 13:50,14.58,22.52
6061,7/10/2022 14:00,14.45,23.12
6062,7/10/2022 14:10,14.5,23.46
6063,7/10/2022 14:20,14.84,23.81
6064,7/10/2022 14:30,14.75,24.32
6065,7/10/2022 14:40,14.93,24.88
6066,7/10/2022 14:50,15.18,24.79
6067,7/10/2022 15:00,14.75,25.14
6068,7/10/2022 15:10,15.1,25.09
6069,7/10/2022 15:20,14.93,24.75
6070,7/10/2022 15:30,15.01,24.49
6071,7/10/2022 15:40,14.93,24.41
6072,7/10/2022 15:50,14.84,24.24
6073,7/10/2022 16:00,14.75,23.76
6074,7/10/2022 16:10,14.58,23.38
6075,7/10/2022 16:20,14.58,22.48
6076,7/10/2022 16:30,15.06,22.01
6077,7/10/2022 16:40,15.27,21.83
6078,7/10/2022 16:50,15.74,21.4
6079,7/10/2022 17:00,15.87,21.28
6080,7/10/2022 17:10,15.87,21.1
6081,7/10/2022 17:20,15.74,20.98
6082,7/10/2022 17:30,15.83,20.68
6083,7/10/2022 17:40,15.96,20.46
6084,7/10/2022 17:50,15.91,20.12
6085,7/10/2022 18:00,16.43,19.9
6086,7/10/2022 18:10,16.17,19.86
6087,7/10/2022 18:20,16,19.86
6088,7/10/2022 18:30,15.87,20.07
6089,7/10/2022 18:40,15.91,20.59
6090,7/10/2022 18:50,15.87,20.2
6091,7/10/2022 19:00,16.17,20.25
6092,7/10/2022 19:10,16.26,20.85
6093,7/10/2022 19:20,16.13,20.59
6094,7/10/2022 19:30,16.08,20.42
6095,7/10/2022 19:40,15.96,20.16
6096,7/10/2022 19:50,15.83,19.69
6097,7/10/2022 20:00,15.87,19.26
6098,7/10/2022 20:10,15.91,19
6099,7/10/2022 20:20,16.6,18.74
6100,7/10/2022 20:30,18.44,18.62
6101,7/10/2022 20:40,18.4,18.53
6102,7/10/2022 20:50,18.36,18.4
6103,7/10/2022 21:00,18.44,18.19
6104,7/10/2022 21:10,18.32,17.93
6105,7/10/2022 21:20,18.36,17.89
6106,7/10/2022 21:30,18.4,17.8
6107,7/10/2022 21:40,20.29,17.84
6108,7/10/2022 21:50,20.98,18.02
6109,7/10/2022 22:00,20.59,18.1
6110,7/10/2022 22:10,20.12,18.19
6111,7/10/2022 22:20,19.13,17.54
6112,7/10/2022 22:30,18.83,17.37
6113,7/10/2022 22:40,16.3,17.84
6114,7/10/2022 22:50,14.97,18.1
6115,7/10/2022 23:00,14.24,17.72
6116,7/10/2022 23:10,13.98,17.5
6117,7/10/2022 23:20,13.85,17.41
6118,7/10/2022 23:30,13.9,17.37
6119,7/10/2022 23:40,13.9,17.37
6120,7/10/2022 23:50,13.9,17.59
6121,7/11/2022 0:00,13.85,17.8
6122,7/11/2022 0:10,13.77,17.84
6123,7/11/2022 0:20,13.9,18.02
6124,7/11/2022 0:30,13.68,18.02
6125,7/11/2022 0:40,13.73,18.02
6126,7/11/2022 0:50,13.73,17.93
6127,7/11/2022 1:00,13.64,17.89
6128,7/11/2022 1:10,13.64,17.76
6129,7/11/2022 1:20,13.55,17.72
6130,7/11/2022 1:30,13.55,17.63
6131,7/11/2022 1:40,13.47,17.63
6132,7/11/2022 1:50,13.38,17.59
6133,7/11/2022 2:00,13.43,17.67
6134,7/11/2022 2:10,13.47,18.27
6135,7/11/2022 2:20,13.64,20.03
6136,7/11/2022 2:30,13.51,20.59
6137,7/11/2022 2:40,13.55,20.33
6138,7/11/2022 2:50,13.55,20.07
6139,7/11/2022 3:00,13.55,19.9
6140,7/11/2022 3:10,13.51,19.69
6141,7/11/2022 3:20,13.51,19.52
6142,7/11/2022 3:30,13.68,18.92
6143,7/11/2022 3:40,13.6,18.4
6144,7/11/2022 3:50,13.43,17.93
6145,7/11/2022 4:00,13.25,17.59
6146,7/11/2022 4:10,13.25,17.03
6147,7/11/2022 4:20,13.21,15.78
6148,7/11/2022 4:30,13.21,14.84
6149,7/11/2022 4:40,13.12,14.24
6150,7/11/2022 4:50,13.17,13.9
6151,7/11/2022 5:00,13.08,13.6
6152,7/11/2022 5:10,12.95,13.38
6153,7/11/2022 5:20,12.91,13.17
6154,7/11/2022 5:30,12.82,12.91
6155,7/11/2022 5:40,12.7,12.91
6156,7/11/2022 5:50,12.44,12.91
6157,7/11/2022 6:00,12.48,12.78
6158,7/11/2022 6:10,13.12,13.3
6159,7/11/2022 6:20,13.21,13.47
6160,7/11/2022 6:30,13.3,13.55
6161,7/11/2022 6:40,13.38,13.98
6162,7/11/2022 6:50,13.51,15.01
6163,7/11/2022 7:00,13.64,15.61
6164,7/11/2022 7:10,13.81,16.43
6165,7/11/2022 7:20,13.98,17.41
6166,7/11/2022 7:30,14.33,18.74
6167,7/11/2022 7:40,14.71,19.95
6168,7/11/2022 7:50,14.75,19.99
6169,7/11/2022 8:00,14.88,20.72
6170,7/11/2022 8:10,15.06,18.66
6171,7/11/2022 8:20,15.06,17.84
6172,7/11/2022 8:30,15.01,18.32
6173,7/11/2022 8:40,14.93,18.32
6174,7/11/2022 8:50,14.97,18.36
6175,7/11/2022 9:00,15.06,18.4
6176,7/11/2022 9:10,15.14,18.19
6177,7/11/2022 9:20,15.27,17.76
6178,7/11/2022 9:30,15.61,17.5
6179,7/11/2022 9:40,16.04,17.33
6180,7/11/2022 9:50,16.21,17.24
6181,7/11/2022 10:00,16.47,17.2
6182,7/11/2022 10:10,17.11,17.2
6183,7/11/2022 10:20,17.37,17.24
6184,7/11/2022 10:30,17.63,17.29
6185,7/11/2022 10:40,17.84,17.46
6186,7/11/2022 10:50,17.8,17.54
6187,7/11/2022 11:00,17.97,17.67
6188,7/11/2022 11:10,18.23,17.93
6189,7/11/2022 11:20,18.4,18.1
6190,7/11/2022 11:30,18.27,18.23
6191,7/11/2022 11:40,18.27,18.44
6192,7/11/2022 11:50,18.36,18.96
6193,7/11/2022 12:00,18.44,19.13
6194,7/11/2022 12:10,18.83,19.22
6195,7/11/2022 12:20,19,19.17
6196,7/11/2022 12:30,18.53,19.09
6197,7/11/2022 12:40,18.14,19.17
6198,7/11/2022 12:50,18.14,19.26
6199,7/11/2022 13:00,19,19.43
6200,7/11/2022 13:10,19.13,19.6
6201,7/11/2022 13:20,19,19.82
6202,7/11/2022 13:30,18.4,20.07
6203,7/11/2022 13:40,18.62,20.37
6204,7/11/2022 13:50,18.1,20.72
6205,7/11/2022 14:00,17.76,21.4
6206,7/11/2022 14:10,17.41,22.13
6207,7/11/2022 14:20,16.77,22.73
6208,7/11/2022 14:30,16.21,23.03
6209,7/11/2022 14:40,15.83,23.38
6210,7/11/2022 14:50,15.48,23.21
6211,7/11/2022 15:00,15.1,23.16
6212,7/11/2022 15:10,14.88,23.42
6213,7/11/2022 15:20,14.58,23.68
6214,7/11/2022 15:30,14.88,23.59
6215,7/11/2022 15:40,14.67,23.16
6216,7/11/2022 15:50,14.58,22.91
6217,7/11/2022 16:00,14.67,22.86
6218,7/11/2022 16:10,14.54,22.78
6219,7/11/2022 16:20,14.67,22.73
6220,7/11/2022 16:30,14.88,22.73
6221,7/11/2022 16:40,14.93,22.82
6222,7/11/2022 16:50,15.06,22.52
6223,7/11/2022 17:00,14.88,22.13
6224,7/11/2022 17:10,15.1,21.88
6225,7/11/2022 17:20,15.1,21.66
6226,7/11/2022 17:30,14.97,21.4
6227,7/11/2022 17:40,15.06,20.98
6228,7/11/2022 17:50,15.01,20.98
6229,7/11/2022 18:00,14.93,20.85
6230,7/11/2022 18:10,14.93,20.76
6231,7/11/2022 18:20,14.88,20.85
6232,7/11/2022 18:30,14.93,20.89
6233,7/11/2022 18:40,14.84,19.86
6234,7/11/2022 18:50,14.8,18.7
6235,7/11/2022 19:00,14.63,17.93
6236,7/11/2022 19:10,14.58,17.63
6237,7/11/2022 19:20,14.63,17.63
6238,7/11/2022 19:30,14.58,17.89
6239,7/11/2022 19:40,14.67,18.57
6240,7/11/2022 19:50,14.88,18.7
6241,7/11/2022 20:00,15.01,18.7
6242,7/11/2022 20:10,15.14,18.66
6243,7/11/2022 20:20,15.23,18.62
6244,7/11/2022 20:30,16.86,18.57
6245,7/11/2022 20:40,18.44,18.4
6246,7/11/2022 20:50,18.62,18.44
6247,7/11/2022 21:00,18.53,18.4
6248,7/11/2022 21:10,18.36,18.36
6249,7/11/2022 21:20,18.14,18.19
6250,7/11/2022 21:30,17.93,17.93
6251,7/11/2022 21:40,17.8,17.67
6252,7/11/2022 21:50,17.59,17.41
6253,7/11/2022 22:00,17.46,17.2
6254,7/11/2022 22:10,17.29,17.11
6255,7/11/2022 22:20,17.33,17.16
6256,7/11/2022 22:30,18.02,17.16
6257,7/11/2022 22:40,17.63,17.11
6258,7/11/2022 22:50,19.17,17.33
6259,7/11/2022 23:00,19.52,17.41
6260,7/11/2022 23:10,18.96,17.46
6261,7/11/2022 23:20,18.36,17.03
6262,7/11/2022 23:30,18.36,17.11
6263,7/11/2022 23:40,17.89,17.33
6264,7/11/2022 23:50,17.07,17.29
6265,7/12/2022 0:00,15.53,17.16
6266,7/12/2022 0:10,14.88,16.99
6267,7/12/2022 0:20,14.63,16.9
6268,7/12/2022 0:30,14.37,16.86
6269,7/12/2022 0:40,14.28,17.03
6270,7/12/2022 0:50,14.28,17.16
6271,7/12/2022 1:00,14.24,17.29
6272,7/12/2022 1:10,14.15,17.41
6273,7/12/2022 1:20,14.2,17.5
6274,7/12/2022 1:30,14.11,17.59
6275,7/12/2022 1:40,14.03,17.67
6276,7/12/2022 1:50,14.03,17.72
6277,7/12/2022 2:00,14.15,17.67
6278,7/12/2022 2:10,14.11,17.63
6279,7/12/2022 2:20,14.03,17.63
6280,7/12/2022 2:30,14.03,17.59
6281,7/12/2022 2:40,14.07,17.59
6282,7/12/2022 2:50,14.07,17.63
6283,7/12/2022 3:00,13.98,17.72
6284,7/12/2022 3:10,14.03,18.27
6285,7/12/2022 3:20,13.94,19.43
6286,7/12/2022 3:30,13.98,19.6
6287,7/12/2022 3:40,13.98,19.43
6288,7/12/2022 3:50,14.03,19.13
6289,7/12/2022 4:00,13.98,19.05
6290,7/12/2022 4:10,13.98,18.96
6291,7/12/2022 4:20,13.94,18.62
6292,7/12/2022 4:30,13.98,18.32
6293,7/12/2022 4:40,13.94,18.02
6294,7/12/2022 4:50,14.03,17.8
6295,7/12/2022 5:00,14.03,17.59
6296,7/12/2022 5:10,14.03,17.33
6297,7/12/2022 5:20,13.94,17.11
6298,7/12/2022 5:30,13.94,16.81
6299,7/12/2022 5:40,13.94,16.6
6300,7/12/2022 5:50,13.98,16.08
6301,7/12/2022 6:00,13.98,15.87
6302,7/12/2022 6:10,13.9,15.61
6303,7/12/2022 6:20,13.98,15.4
6304,7/12/2022 6:30,13.94,15.27
6305,7/12/2022 6:40,14.03,15.27
6306,7/12/2022 6:50,13.98,15.36
6307,7/12/2022 7:00,13.94,15.36
6308,7/12/2022 7:10,13.98,15.31
6309,7/12/2022 7:20,14.07,15.36
6310,7/12/2022 7:30,14.07,15.44
6311,7/12/2022 7:40,14.03,15.4
6312,7/12/2022 7:50,14.15,15.53
6313,7/12/2022 8:00,14.2,15.61
6314,7/12/2022 8:10,14.15,15.83
6315,7/12/2022 8:20,14.28,15.96
6316,7/12/2022 8:30,14.15,16.08
6317,7/12/2022 8:40,14.15,16
6318,7/12/2022 8:50,14.37,16.13
6319,7/12/2022 9:00,14.33,16.26
6320,7/12/2022 9:10,14.37,16.17
6321,7/12/2022 9:20,14.5,17.33
6322,7/12/2022 9:30,14.63,17.41
6323,7/12/2022 9:40,14.75,17.72
6324,7/12/2022 9:50,14.8,17.97
6325,7/12/2022 10:00,14.93,17.93
6326,7/12/2022 10:10,15.14,17.8
6327,7/12/2022 10:20,15.14,17.84
6328,7/12/2022 10:30,15.36,17.89
6329,7/12/2022 10:40,15.57,17.67
6330,7/12/2022 10:50,15.61,17.37
6331,7/12/2022 11:00,15.66,17.2
6332,7/12/2022 11:10,15.61,17.24
6333,7/12/2022 11:20,15.74,17.29
6334,7/12/2022 11:30,15.91,17.29
6335,7/12/2022 11:40,15.96,17.5
6336,7/12/2022 11:50,16.08,17.46
6337,7/12/2022 12:00,16.21,17.41
6338,7/12/2022 12:10,16.21,17.33
6339,7/12/2022 12:20,16.3,17.41
6340,7/12/2022 12:30,16.34,17.5
6341,7/12/2022 12:40,16.34,17.63
6342,7/12/2022 12:50,16.51,17.8
6343,7/12/2022 13:00,16.73,17.8
6344,7/12/2022 13:10,16.69,17.84
6345,7/12/2022 13:20,16.6,18.02
6346,7/12/2022 13:30,16.69,18.14
6347,7/12/2022 13:40,16.69,18.27
6348,7/12/2022 13:50,16.73,18.4
6349,7/12/2022 14:00,16.64,18.44
6350,7/12/2022 14:10,16.64,18.44
6351,7/12/2022 14:20,16.73,18.53
6352,7/12/2022 14:30,16.81,18.7
6353,7/12/2022 14:40,16.99,18.79
6354,7/12/2022 14:50,17.16,18.96
6355,7/12/2022 15:00,17.2,19.26
6356,7/12/2022 15:10,17.33,19.56
6357,7/12/2022 15:20,17.37,19.95
6358,7/12/2022 15:30,17.5,20.42
6359,7/12/2022 15:40,17.54,20.89
6360,7/12/2022 15:50,17.5,21.15
6361,7/12/2022 16:00,17.5,21.4
6362,7/12/2022 16:10,17.5,21.15
6363,7/12/2022 16:20,17.59,21.32
6364,7/12/2022 16:30,17.5,21.58
6365,7/12/2022 16:40,17.29,21.58
6366,7/12/2022 16:50,17.24,21.32
6367,7/12/2022 17:00,17.24,21.32
6368,7/12/2022 17:10,17.16,21.23
6369,7/12/2022 17:20,17.29,21.15
6370,7/12/2022 17:30,17.2,20.98
6371,7/12/2022 17:40,17.24,20.8
6372,7/12/2022 17:50,16.9,20.42
6373,7/12/2022 18:00,16.77,20.37
6374,7/12/2022 18:10,16.6,20.37
6375,7/12/2022 18:20,16.43,20.29
6376,7/12/2022 18:30,16.47,20.2
6377,7/12/2022 18:40,16.43,20.03
6378,7/12/2022 18:50,16.39,19.95
6379,7/12/2022 19:00,16.3,19.82
6380,7/12/2022 19:10,16.3,19.86
6381,7/12/2022 19:20,16.26,19.86
6382,7/12/2022 19:30,16.26,19.99
6383,7/12/2022 19:40,16.17,19.35
6384,7/12/2022 19:50,16.13,19.05
6385,7/12/2022 20:00,16.08,18.62
6386,7/12/2022 20:10,16,17.93
6387,7/12/2022 20:20,16.08,18.23
6388,7/12/2022 20:30,16.08,18.66
6389,7/12/2022 20:40,16.08,18.4
6390,7/12/2022 20:50,16.08,18.14
6391,7/12/2022 21:00,16.08,18.06
6392,7/12/2022 21:10,16.69,18.06
6393,7/12/2022 21:20,17.84,18.02
6394,7/12/2022 21:30,17.97,17.93
6395,7/12/2022 21:40,17.89,17.89
6396,7/12/2022 21:50,17.76,17.72
6397,7/12/2022 22:00,17.59,17.63
6398,7/12/2022 22:10,17.41,17.41
6399,7/12/2022 22:20,17.2,17.11
6400,7/12/2022 22:30,17.16,17.03
6401,7/12/2022 22:40,16.94,16.94
6402,7/12/2022 22:50,16.77,16.81
6403,7/12/2022 23:00,16.64,16.6
6404,7/12/2022 23:10,16.6,16.51
6405,7/12/2022 23:20,16.81,16.6
6406,7/12/2022 23:30,16.86,16.64
6407,7/12/2022 23:40,18.1,16.9
6408,7/12/2022 23:50,18.83,17.16
6409,7/13/2022 0:00,18.96,17.37
6410,7/13/2022 0:10,18.36,17.5
6411,7/13/2022 0:20,18.49,17.59
6412,7/13/2022 0:30,18.1,17.93
6413,7/13/2022 0:40,17.76,17.8
6414,7/13/2022 0:50,16.39,17.67
6415,7/13/2022 1:00,15.27,17.72
6416,7/13/2022 1:10,15.01,17.8
6417,7/13/2022 1:20,14.97,17.84
6418,7/13/2022 1:30,14.93,17.8
6419,7/13/2022 1:40,14.93,17.89
6420,7/13/2022 1:50,14.8,18.02
6421,7/13/2022 2:00,14.75,18.19
6422,7/13/2022 2:10,14.71,18.23
6423,7/13/2022 2:20,14.58,18.19
6424,7/13/2022 2:30,14.58,18.19
6425,7/13/2022 2:40,14.33,18.23
6426,7/13/2022 2:50,14.28,18.19
6427,7/13/2022 3:00,14.2,18.23
6428,7/13/2022 3:10,14.11,18.23
6429,7/13/2022 3:20,14.03,18.23
6430,7/13/2022 3:30,13.98,18.23
6431,7/13/2022 3:40,13.9,18.19
6432,7/13/2022 3:50,13.9,18.19
6433,7/13/2022 4:00,13.94,18.83
6434,7/13/2022 4:10,13.9,19.43
6435,7/13/2022 4:20,13.9,19.39
6436,7/13/2022 4:30,13.77,19.3
6437,7/13/2022 4:40,13.77,19.09
6438,7/13/2022 4:50,13.77,19
6439,7/13/2022 5:00,13.73,19
6440,7/13/2022 5:10,13.64,18.7
6441,7/13/2022 5:20,13.68,18.36
6442,7/13/2022 5:30,13.77,18.02
6443,7/13/2022 5:40,13.6,17.84
6444,7/13/2022 5:50,13.55,17.59
6445,7/13/2022 6:00,13.51,17.16
6446,7/13/2022 6:10,13.51,16.56
6447,7/13/2022 6:20,13.6,16.13
6448,7/13/2022 6:30,13.51,15.74
6449,7/13/2022 6:40,13.51,15.53
6450,7/13/2022 6:50,13.51,15.53
6451,7/13/2022 7:00,13.55,15.44
6452,7/13/2022 7:10,13.6,15.23
6453,7/13/2022 7:20,13.64,15.36
6454,7/13/2022 7:30,13.81,15.48
6455,7/13/2022 7:40,13.85,15.53
6456,7/13/2022 7:50,13.85,15.53
6457,7/13/2022 8:00,13.98,15.78
6458,7/13/2022 8:10,13.94,15.74
6459,7/13/2022 8:20,14.15,15.91
6460,7/13/2022 8:30,14.24,15.96
6461,7/13/2022 8:40,14.33,16.26
6462,7/13/2022 8:50,14.41,16.51
6463,7/13/2022 9:00,14.41,16.47
6464,7/13/2022 9:10,14.58,16.43
6465,7/13/2022 9:20,14.71,16.51
6466,7/13/2022 9:30,14.84,16.69
6467,7/13/2022 9:40,15.01,16.94
6468,7/13/2022 9:50,15.1,17.33
6469,7/13/2022 10:00,15.1,17.8
6470,7/13/2022 10:10,15.23,18.02
6471,7/13/2022 10:20,15.31,18.7
6472,7/13/2022 10:30,15.4,18.49
6473,7/13/2022 10:40,15.57,18.53
6474,7/13/2022 10:50,15.61,18.62
6475,7/13/2022 11:00,15.74,18.66
6476,7/13/2022 11:10,15.83,18.57
6477,7/13/2022 11:20,15.96,18.53
6478,7/13/2022 11:30,16.08,18.36
6479,7/13/2022 11:40,16.26,17.97
6480,7/13/2022 11:50,16.39,17.8
6481,7/13/2022 12:00,16.43,17.8
6482,7/13/2022 12:10,16.51,17.89
6483,7/13/2022 12:20,16.56,17.93
6484,7/13/2022 12:30,16.56,18.02
6485,7/13/2022 12:40,16.56,17.84
6486,7/13/2022 12:50,16.73,17.8
6487,7/13/2022 13:00,16.51,17.97
6488,7/13/2022 13:10,16.39,18.27
6489,7/13/2022 13:20,16.56,18.62
6490,7/13/2022 13:30,16.47,18.87
6491,7/13/2022 13:40,16.04,19.35
6492,7/13/2022 13:50,15.78,19.73
6493,7/13/2022 14:00,15.74,19.65
6494,7/13/2022 14:10,15.83,19.77
6495,7/13/2022 14:20,15.61,19.82
6496,7/13/2022 14:30,15.74,19.99
6497,7/13/2022 14:40,15.7,20.16
6498,7/13/2022 14:50,15.66,20.37
6499,7/13/2022 15:00,15.57,20.72
6500,7/13/2022 15:10,15.61,20.8
6501,7/13/2022 15:20,15.66,20.89
6502,7/13/2022 15:30,15.53,20.98
6503,7/13/2022 15:40,15.61,21.06
6504,7/13/2022 15:50,15.66,21.32
6505,7/13/2022 16:00,15.7,21.79
6506,7/13/2022 16:10,15.7,22.35
6507,7/13/2022 16:20,15.61,22.35
6508,7/13/2022 16:30,15.87,22.48
6509,7/13/2022 16:40,15.7,22.65
6510,7/13/2022 16:50,15.44,22.52
6511,7/13/2022 17:00,15.23,22.52
6512,7/13/2022 17:10,15.1,22.61
6513,7/13/2022 17:20,15.14,22.65
6514,7/13/2022 17:30,15.01,22.69
6515,7/13/2022 17:40,14.97,22.61
6516,7/13/2022 17:50,14.93,22.43
6517,7/13/2022 18:00,14.93,22.18
6518,7/13/2022 18:10,14.97,21.96
6519,7/13/2022 18:20,14.54,21.7
6520,7/13/2022 18:30,14.37,21.58
6521,7/13/2022 18:40,14.54,21.36
6522,7/13/2022 18:50,14.24,20.8
6523,7/13/2022 19:00,14.11,20.59
6524,7/13/2022 19:10,14.11,20.55
6525,7/13/2022 19:20,14.63,20.37
6526,7/13/2022 19:30,14.8,20.03
6527,7/13/2022 19:40,14.84,19.86
6528,7/13/2022 19:50,14.93,19.9
6529,7/13/2022 20:00,14.58,19.86
6530,7/13/2022 20:10,14.37,19.86
6531,7/13/2022 20:20,14.15,19.77
6532,7/13/2022 20:30,14.28,19.6
6533,7/13/2022 20:40,14.15,18.66
6534,7/13/2022 20:50,14.07,18.36
6535,7/13/2022 21:00,14.11,18.4
6536,7/13/2022 21:10,14.2,18.53
6537,7/13/2022 21:20,14.15,18.53
6538,7/13/2022 21:30,14.28,18.44
6539,7/13/2022 21:40,14.28,18.36
6540,7/13/2022 21:50,14.37,18.23
6541,7/13/2022 22:00,14.71,18.06
6542,7/13/2022 22:10,17.2,17.93
6543,7/13/2022 22:20,17.84,17.84
6544,7/13/2022 22:30,17.8,17.8
6545,7/13/2022 22:40,17.72,17.72
6546,7/13/2022 22:50,17.63,17.63
6547,7/13/2022 23:00,17.46,17.46
6548,7/13/2022 23:10,17.2,17.24
6549,7/13/2022 23:20,16.94,16.99
6550,7/13/2022 23:30,16.73,16.77
6551,7/13/2022 23:40,16.56,16.6
6552,7/13/2022 23:50,16.39,16.64
6553,7/14/2022 0:00,16.3,16.51
6554,7/14/2022 0:10,16.6,16.56
6555,7/14/2022 0:20,16.86,16.47
6556,7/14/2022 0:30,16.99,16.6
6557,7/14/2022 0:40,17.2,16.86
6558,7/14/2022 0:50,17.93,17.16
6559,7/14/2022 1:00,18.27,17.5
6560,7/14/2022 1:10,18.1,17.63
6561,7/14/2022 1:20,18.49,17.54
6562,7/14/2022 1:30,17.8,17.76
6563,7/14/2022 1:40,15.66,17.54
6564,7/14/2022 1:50,14.33,17.59
6565,7/14/2022 2:00,13.85,17.67
6566,7/14/2022 2:10,13.73,17.67
6567,7/14/2022 2:20,13.43,17.63
6568,7/14/2022 2:30,13.38,17.63
6569,7/14/2022 2:40,13.17,17.72
6570,7/14/2022 2:50,13.25,17.84
6571,7/14/2022 3:00,13.3,17.89
6572,7/14/2022 3:10,13.34,17.8
6573,7/14/2022 3:20,13.3,17.76
6574,7/14/2022 3:30,13.25,17.76
6575,7/14/2022 3:40,13.21,17.89
6576,7/14/2022 3:50,13.17,17.89
6577,7/14/2022 4:00,13.21,17.93
6578,7/14/2022 4:10,13,17.89
6579,7/14/2022 4:20,12.95,17.97
6580,7/14/2022 4:30,13.04,17.97
6581,7/14/2022 4:40,13,17.93
6582,7/14/2022 4:50,12.91,18.23
6583,7/14/2022 5:00,13.08,18.62
6584,7/14/2022 5:10,12.95,18.7
6585,7/14/2022 5:20,12.91,18.62
6586,7/14/2022 5:30,12.95,18.32
6587,7/14/2022 5:40,13,17.84
6588,7/14/2022 5:50,12.91,17.76
6589,7/14/2022 6:00,12.95,17.67
6590,7/14/2022 6:10,12.91,17.37
6591,7/14/2022 6:20,12.95,17.07
6592,7/14/2022 6:30,12.87,17.03
6593,7/14/2022 6:40,12.91,16.86
6594,7/14/2022 6:50,12.87,16.21
6595,7/14/2022 7:00,12.78,15.48
6596,7/14/2022 7:10,12.61,14.93
6597,7/14/2022 7:20,12.65,14.71
6598,7/14/2022 7:30,12.74,14.63
6599,7/14/2022 7:40,12.74,14.5
6600,7/14/2022 7:50,12.82,14.45
6601,7/14/2022 8:00,12.91,14.63
6602,7/14/2022 8:10,13.04,15.31
6603,7/14/2022 8:20,13.17,15.74
6604,7/14/2022 8:30,13.25,15.83
6605,7/14/2022 8:40,13.17,15.48
6606,7/14/2022 8:50,13.21,15.57
6607,7/14/2022 9:00,13.34,16.17
6608,7/14/2022 9:10,13.55,16.77
6609,7/14/2022 9:20,13.64,16.34
6610,7/14/2022 9:30,13.94,17.46
6611,7/14/2022 9:40,13.81,17.2
6612,7/14/2022 9:50,13.73,16.86
6613,7/14/2022 10:00,13.6,16.94
6614,7/14/2022 10:10,13.64,17.5
6615,7/14/2022 10:20,13.9,17.84
6616,7/14/2022 10:30,14.24,18.06
6617,7/14/2022 10:40,14.24,18.06
6618,7/14/2022 10:50,14.45,19.73
6619,7/14/2022 11:00,14.63,19.43
6620,7/14/2022 11:10,14.71,23.89
6621,7/14/2022 11:20,13.98,21.15
6622,7/14/2022 11:30,14.11,19.65
6623,7/14/2022 11:40,13.98,19.39
6624,7/14/2022 11:50,14.15,19.39
6625,7/14/2022 12:00,14.03,19.09
6626,7/14/2022 12:10,13.77,18.66
6627,7/14/2022 12:20,13.81,18.74
6628,7/14/2022 12:30,13.94,18.7
6629,7/14/2022 12:40,14.24,18.49
6630,7/14/2022 12:50,14.28,18.36
6631,7/14/2022 13:00,14.41,18.27
6632,7/14/2022 13:10,14.5,18.32
6633,7/14/2022 13:20,14.5,18.44
6634,7/14/2022 13:30,14.75,18.92
6635,7/14/2022 13:40,14.8,19.47
6636,7/14/2022 13:50,14.84,19.86
6637,7/14/2022 14:00,14.97,20.68
6638,7/14/2022 14:10,14.97,21.15
6639,7/14/2022 14:20,15.06,20.12
6640,7/14/2022 14:30,15.1,20.29
6641,7/14/2022 14:40,15.31,20.42
6642,7/14/2022 14:50,15.44,20.59
6643,7/14/2022 15:00,15.31,20.93
6644,7/14/2022 15:10,15.31,21.15
6645,7/14/2022 15:20,15.27,21.23
6646,7/14/2022 15:30,15.36,20.85
6647,7/14/2022 15:40,15.36,20.89
6648,7/14/2022 15:50,15.36,20.89
6649,7/14/2022 16:00,15.36,20.93
6650,7/14/2022 16:10,15.23,20.98
6651,7/14/2022 16:20,15.31,21.06
6652,7/14/2022 16:30,15.44,21.32
6653,7/14/2022 16:40,15.4,21.4
6654,7/14/2022 16:50,15.48,21.58
6655,7/14/2022 17:00,15.4,21.66
6656,7/14/2022 17:10,15.53,21.75
6657,7/14/2022 17:20,15.36,21.62
6658,7/14/2022 17:30,15.27,21.53
6659,7/14/2022 17:40,15.48,21.36
6660,7/14/2022 17:50,15.27,21.19
6661,7/14/2022 18:00,15.23,21.23
6662,7/14/2022 18:10,15.31,21.7
6663,7/14/2022 18:20,15.44,21.88
6664,7/14/2022 18:30,15.14,21.66
6665,7/14/2022 18:40,15.18,21.53
6666,7/14/2022 18:50,15.1,21.53
6667,7/14/2022 19:00,15.1,21.45
6668,7/14/2022 19:10,15.01,21.36
6669,7/14/2022 19:20,15.18,21.19
6670,7/14/2022 19:30,14.93,20.93
6671,7/14/2022 19:40,14.8,20.72
6672,7/14/2022 19:50,14.8,20.63
6673,7/14/2022 20:00,14.75,20.46
6674,7/14/2022 20:10,14.63,20.16
6675,7/14/2022 20:20,14.45,19.56
6676,7/14/2022 20:30,14.41,19.3
6677,7/14/2022 20:40,14.37,19.17
6678,7/14/2022 20:50,14.28,19.13
6679,7/14/2022 21:00,14.28,19.13
6680,7/14/2022 21:10,14.15,19.13
6681,7/14/2022 21:20,14.2,18.83
6682,7/14/2022 21:30,14.11,18.27
6683,7/14/2022 21:40,14.07,17.46
6684,7/14/2022 21:50,14.03,17.2
6685,7/14/2022 22:00,14.03,17.11
6686,7/14/2022 22:10,14.07,17.11
6687,7/14/2022 22:20,13.98,17.24
6688,7/14/2022 22:30,13.94,17.07
6689,7/14/2022 22:40,13.98,16.9
6690,7/14/2022 22:50,13.68,16.73
6691,7/14/2022 23:00,14.58,16.56
6692,7/14/2022 23:10,15.48,16.47
6693,7/14/2022 23:20,16.21,16.43
6694,7/14/2022 23:30,16.21,16.26
6695,7/14/2022 23:40,16.08,16.04
6696,7/14/2022 23:50,15.78,15.83
6697,7/15/2022 0:00,15.7,15.7
6698,7/15/2022 0:10,15.61,15.57
6699,7/15/2022 0:20,15.48,15.48
6700,7/15/2022 0:30,15.44,15.44
6701,7/15/2022 0:40,15.44,15.44
6702,7/15/2022 0:50,15.48,15.44
6703,7/15/2022 1:00,15.4,15.44
6704,7/15/2022 1:10,15.36,15.44
6705,7/15/2022 1:20,15.36,15.36
6706,7/15/2022 1:30,15.36,15.31
6707,7/15/2022 1:40,15.36,15.36
6708,7/15/2022 1:50,15.7,15.44
6709,7/15/2022 2:00,15.87,15.74
6710,7/15/2022 2:10,15.83,15.83
6711,7/15/2022 2:20,14.8,16.13
6712,7/15/2022 2:30,13.08,16.3
6713,7/15/2022 2:40,12.78,16.73
6714,7/15/2022 2:50,12.74,17.03
6715,7/15/2022 3:00,12.87,17.11
6716,7/15/2022 3:10,12.7,17.16
6717,7/15/2022 3:20,12.52,17.2
6718,7/15/2022 3:30,12.31,17.46
6719,7/15/2022 3:40,12.14,17.59
6720,7/15/2022 3:50,11.84,17.84
6721,7/15/2022 4:00,11.71,17.89
6722,7/15/2022 4:10,11.75,18.02
6723,7/15/2022 4:20,11.88,18.02
6724,7/15/2022 4:30,11.84,18.06
6725,7/15/2022 4:40,11.67,18.14
6726,7/15/2022 4:50,11.54,18.1
6727,7/15/2022 5:00,11.58,18.14
6728,7/15/2022 5:10,11.58,18.1
6729,7/15/2022 5:20,11.49,18.06
6730,7/15/2022 5:30,11.54,17.67
6731,7/15/2022 5:40,11.54,16.81
6732,7/15/2022 5:50,11.71,16.21
6733,7/15/2022 6:00,11.58,16.08
6734,7/15/2022 6:10,11.54,15.83
6735,7/15/2022 6:20,11.54,15.7
6736,7/15/2022 6:30,11.58,15.61
6737,7/15/2022 6:40,11.49,15.57
6738,7/15/2022 6:50,11.67,15.61
6739,7/15/2022 7:00,11.79,15.53
6740,7/15/2022 7:10,11.79,15.53
6741,7/15/2022 7:20,11.75,15.48
6742,7/15/2022 7:30,11.79,15.53
6743,7/15/2022 7:40,11.97,15.53
6744,7/15/2022 7:50,12.01,15.53
6745,7/15/2022 8:00,12.05,15.57
6746,7/15/2022 8:10,12.18,15.74
6747,7/15/2022 8:20,11.97,15.7
6748,7/15/2022 8:30,12.1,15.66
6749,7/15/2022 8:40,12.1,15.66
6750,7/15/2022 8:50,12.44,15.87
6751,7/15/2022 9:00,12.44,16.21
6752,7/15/2022 9:10,12.7,16.6
6753,7/15/2022 9:20,12.82,16.9
6754,7/15/2022 9:30,13.21,17.29
6755,7/15/2022 9:40,13.51,17.72
6756,7/15/2022 9:50,13.25,18.02
6757,7/15/2022 10:00,13.43,18.57
6758,7/15/2022 10:10,13.98,18.96
6759,7/15/2022 10:20,14.11,19.56
6760,7/15/2022 10:30,14.5,19.95
6761,7/15/2022 10:40,14.28,20.37
6762,7/15/2022 10:50,14.15,20.72
6763,7/15/2022 11:00,13.9,21.06
6764,7/15/2022 11:10,13.98,21.32
6765,7/15/2022 11:20,13.85,21.19
6766,7/15/2022 11:30,13.94,20.93
6767,7/15/2022 11:40,14.03,20.5
6768,7/15/2022 11:50,14.15,21.36
6769,7/15/2022 12:00,14.24,24.79
6770,7/15/2022 12:10,14.24,21.45
6771,7/15/2022 12:20,14.24,19.47
6772,7/15/2022 12:30,13.98,18.74
6773,7/15/2022 12:40,13.94,18.36
6774,7/15/2022 12:50,13.94,18.32
6775,7/15/2022 13:00,13.9,18.27
6776,7/15/2022 13:10,13.9,18.23
6777,7/15/2022 13:20,13.98,18.02
6778,7/15/2022 13:30,14.11,18.02
6779,7/15/2022 13:40,14.15,18.1
6780,7/15/2022 13:50,14.28,18.44
6781,7/15/2022 14:00,14.2,19.22
6782,7/15/2022 14:10,14.2,19.69
6783,7/15/2022 14:20,14.24,19.9
6784,7/15/2022 14:30,14.37,19.73
6785,7/15/2022 14:40,14.5,19.9
6786,7/15/2022 14:50,14.33,19.95
6787,7/15/2022 15:00,14.33,19.95
6788,7/15/2022 15:10,14.54,19.99
6789,7/15/2022 15:20,14.33,20.03
6790,7/15/2022 15:30,14.41,20.12
6791,7/15/2022 15:40,14.58,20.2
6792,7/15/2022 15:50,14.63,20.29
6793,7/15/2022 16:00,14.63,20.37
6794,7/15/2022 16:10,14.71,20.5
6795,7/15/2022 16:20,14.88,20.72
6796,7/15/2022 16:30,14.88,20.89
6797,7/15/2022 16:40,14.97,21.06
6798,7/15/2022 16:50,14.88,21.23
6799,7/15/2022 17:00,15.18,21.53
6800,7/15/2022 17:10,15.06,21.88
6801,7/15/2022 17:20,15.18,22.09
6802,7/15/2022 17:30,15.23,22.22
6803,7/15/2022 17:40,15.27,22.13
6804,7/15/2022 17:50,14.97,22.05
6805,7/15/2022 18:00,15.1,22.22
6806,7/15/2022 18:10,15.14,22.31
6807,7/15/2022 18:20,15.18,22.39
6808,7/15/2022 18:30,15.1,22.43
6809,7/15/2022 18:40,15.18,22.65
6810,7/15/2022 18:50,15.01,22.86
6811,7/15/2022 19:00,14.88,22.91
6812,7/15/2022 19:10,14.67,22.99
6813,7/15/2022 19:20,14.41,23.08
6814,7/15/2022 19:30,14.33,22.99
6815,7/15/2022 19:40,13.98,22.52
6816,7/15/2022 19:50,13.77,22.09
6817,7/15/2022 20:00,13.6,21.28
6818,7/15/2022 20:10,13.6,20.8
6819,7/15/2022 20:20,13.6,20.68
6820,7/15/2022 20:30,13.25,20.76
6821,7/15/2022 20:40,13.17,20.76
6822,7/15/2022 20:50,13.08,20.93
6823,7/15/2022 21:00,13.21,20.98
6824,7/15/2022 21:10,13.34,20.46
6825,7/15/2022 21:20,13.25,20.07
6826,7/15/2022 21:30,13.3,19.9
6827,7/15/2022 21:40,13.17,19.77
6828,7/15/2022 21:50,13,19.77
6829,7/15/2022 22:00,12.95,19.6
6830,7/15/2022 22:10,12.82,19.35
6831,7/15/2022 22:20,12.65,19.22
6832,7/15/2022 22:30,12.57,18.96
6833,7/15/2022 22:40,12.35,18.96
6834,7/15/2022 22:50,12.1,18.96
6835,7/15/2022 23:00,11.97,18.49
6836,7/15/2022 23:10,11.71,18.27
6837,7/15/2022 23:20,11.62,18.32
6838,7/15/2022 23:30,11.71,18.44
6839,7/15/2022 23:40,11.58,19.47
6840,7/15/2022 23:50,11.45,19.35
6841,7/16/2022 0:00,11.62,18.83
6842,7/16/2022 0:10,11.84,18.1
6843,7/16/2022 0:20,12.18,17.97
6844,7/16/2022 0:30,12.1,17.93
6845,7/16/2022 0:40,12.57,18.02
6846,7/16/2022 0:50,15.01,17.84
6847,7/16/2022 1:00,17.24,17.97
6848,7/16/2022 1:10,17.24,17.89
6849,7/16/2022 1:20,17.07,17.8
6850,7/16/2022 1:30,16.94,17.76
6851,7/16/2022 1:40,16.86,17.63
6852,7/16/2022 1:50,16.99,17.63
6853,7/16/2022 2:00,17.03,17.54
6854,7/16/2022 2:10,17.2,17.41
6855,7/16/2022 2:20,17.29,17.41
6856,7/16/2022 2:30,17.24,17.46
6857,7/16/2022 2:40,16.13,17.46
6858,7/16/2022 2:50,14.71,17.72
6859,7/16/2022 3:00,13.47,17.89
6860,7/16/2022 3:10,12.74,17.72
6861,7/16/2022 3:20,12.57,17.63
6862,7/16/2022 3:30,12.4,17.33
6863,7/16/2022 3:40,12.18,17.16
6864,7/16/2022 3:50,12.31,17.07
6865,7/16/2022 4:00,12.22,17.11
6866,7/16/2022 4:10,12.31,17.16
6867,7/16/2022 4:20,11.88,17.29
6868,7/16/2022 4:30,11.97,17.29
6869,7/16/2022 4:40,11.92,17.37
6870,7/16/2022 4:50,11.92,17.41
6871,7/16/2022 5:00,11.84,17.41
6872,7/16/2022 5:10,11.62,17.46
6873,7/16/2022 5:20,11.41,17.5
6874,7/16/2022 5:30,11.37,17.5
6875,7/16/2022 5:40,11.24,17.46
6876,7/16/2022 5:50,11.28,17.41
6877,7/16/2022 6:00,11.24,17.37
6878,7/16/2022 6:10,11.15,17.37
6879,7/16/2022 6:20,10.77,17.59
6880,7/16/2022 6:30,10.51,17.5
6881,7/16/2022 6:40,10.51,17.59
6882,7/16/2022 6:50,10.46,17.5
6883,7/16/2022 7:00,10.64,16.73
6884,7/16/2022 7:10,11.15,16.6
6885,7/16/2022 7:20,11.37,16.6
6886,7/16/2022 7:30,11.32,16.73
6887,7/16/2022 7:40,11.41,16.77
6888,7/16/2022 7:50,11.71,16.86
6889,7/16/2022 8:00,12.05,16.9
6890,7/16/2022 8:10,12.31,16.99
6891,7/16/2022 8:20,12.31,17.07
6892,7/16/2022 8:30,12.14,17.16
6893,7/16/2022 8:40,11.92,17.11
6894,7/16/2022 8:50,12.18,17.07
6895,7/16/2022 9:00,12.74,17.07
6896,7/16/2022 9:10,12.74,17.24
6897,7/16/2022 9:20,12.95,17.33
6898,7/16/2022 9:30,13.17,17.41
6899,7/16/2022 9:40,13.38,17.54
6900,7/16/2022 9:50,13.68,17.67
6901,7/16/2022 10:00,14.03,17.8
6902,7/16/2022 10:10,14.67,17.97
6903,7/16/2022 10:20,15.14,18.23
6904,7/16/2022 10:30,15.66,18.44
6905,7/16/2022 10:40,15.96,18.66
6906,7/16/2022 10:50,15.7,18.62
6907,7/16/2022 11:00,15.48,18.53
6908,7/16/2022 11:10,15.57,18.57
6909,7/16/2022 11:20,15.7,18.53
6910,7/16/2022 11:30,16.04,18.66
6911,7/16/2022 11:40,16.3,18.79
6912,7/16/2022 11:50,16.3,19.05
6913,7/16/2022 12:00,15.23,19.13
6914,7/16/2022 12:10,15.44,19.09
6915,7/16/2022 12:20,15.31,22.56
6916,7/16/2022 12:30,14.84,27.63
6917,7/16/2022 12:40,14.54,24.88
6918,7/16/2022 12:50,14.45,20.98
6919,7/16/2022 13:00,14.67,20.12
6920,7/16/2022 13:10,14.63,19.73
6921,7/16/2022 13:20,14.37,19.26
6922,7/16/2022 13:30,14.67,18.74
6923,7/16/2022 13:40,14.54,18.4
6924,7/16/2022 13:50,14.37,18.19
6925,7/16/2022 14:00,14.45,18.14
6926,7/16/2022 14:10,14.5,18.02
6927,7/16/2022 14:20,14.71,18.02
6928,7/16/2022 14:30,14.67,18.36
6929,7/16/2022 14:40,14.67,18.79
6930,7/16/2022 14:50,14.93,19
6931,7/16/2022 15:00,15.14,19.17
6932,7/16/2022 15:10,15.23,19.65
6933,7/16/2022 15:20,15.23,19.65
6934,7/16/2022 15:30,15.18,19.56
6935,7/16/2022 15:40,15.1,19.95
6936,7/16/2022 15:50,15.23,19.95
6937,7/16/2022 16:00,15.01,19.95
6938,7/16/2022 16:10,15.01,20.03
6939,7/16/2022 16:20,15.06,20.07
6940,7/16/2022 16:30,15.01,20.16
6941,7/16/2022 16:40,15.06,20.16
6942,7/16/2022 16:50,15.06,20.37
6943,7/16/2022 17:00,15.06,20.42
6944,7/16/2022 17:10,15.06,20.42
6945,7/16/2022 17:20,15.06,20.46
6946,7/16/2022 17:30,14.97,20.46
6947,7/16/2022 17:40,15.06,20.42
6948,7/16/2022 17:50,15.06,20.46
6949,7/16/2022 18:00,15.14,20.5
6950,7/16/2022 18:10,15.01,20.68
6951,7/16/2022 18:20,15.06,20.89
6952,7/16/2022 18:30,14.97,21.15
6953,7/16/2022 18:40,15.01,21.49
6954,7/16/2022 18:50,14.93,21.75
6955,7/16/2022 19:00,14.97,22.05
6956,7/16/2022 19:10,15.06,22.31
6957,7/16/2022 19:20,14.97,22.39
6958,7/16/2022 19:30,14.88,22.48
6959,7/16/2022 19:40,14.67,22.39
6960,7/16/2022 19:50,14.58,22.43
6961,7/16/2022 20:00,14.45,22.35
6962,7/16/2022 20:10,14.2,22.43
6963,7/16/2022 20:20,13.85,22.39
6964,7/16/2022 20:30,13.81,22.39
6965,7/16/2022 20:40,13.68,22.26
6966,7/16/2022 20:50,13.64,22.13
6967,7/16/2022 21:00,13.6,22.05
6968,7/16/2022 21:10,13.64,22.18
6969,7/16/2022 21:20,13.51,22.52
6970,7/16/2022 21:30,13.34,21.96
6971,7/16/2022 21:40,13.3,21.36
6972,7/16/2022 21:50,13.3,20.89
6973,7/16/2022 22:00,13.17,20.63
6974,7/16/2022 22:10,13.12,20.29
6975,7/16/2022 22:20,13.17,19.69
6976,7/16/2022 22:30,12.91,19.39
6977,7/16/2022 22:40,12.91,19.05
6978,7/16/2022 22:50,12.91,18.49
6979,7/16/2022 23:00,12.87,18.19
6980,7/16/2022 23:10,12.7,17.97
6981,7/16/2022 23:20,12.78,18.02
6982,7/16/2022 23:30,12.65,18.14
6983,7/16/2022 23:40,12.61,18.4
6984,7/16/2022 23:50,12.52,18.36
6985,7/17/2022 0:00,12.57,18.32
6986,7/17/2022 0:10,12.65,18.27
6987,7/17/2022 0:20,12.74,17.72
6988,7/17/2022 0:30,12.61,17.54
6989,7/17/2022 0:40,12.57,17.67
6990,7/17/2022 0:50,12.74,17.5
6991,7/17/2022 1:00,12.7,17.59
6992,7/17/2022 1:10,12.82,17.84
6993,7/17/2022 1:20,12.95,17.59
6994,7/17/2022 1:30,13.04,17.5
6995,7/17/2022 1:40,12.95,17.11
6996,7/17/2022 1:50,13.04,16.81
6997,7/17/2022 2:00,13.08,16.9
6998,7/17/2022 2:10,13.08,16.9
6999,7/17/2022 2:20,13.08,16.86
7000,7/17/2022 2:30,12.91,16.86
7001,7/17/2022 2:40,13.21,16.73
7002,7/17/2022 2:50,13.38,16.64
7003,7/17/2022 3:00,13.08,16.69
7004,7/17/2022 3:10,12.57,16.56
7005,7/17/2022 3:20,12.4,16.47
7006,7/17/2022 3:30,12.7,16.77
7007,7/17/2022 3:40,12.82,16.9
7008,7/17/2022 3:50,12.65,16.94
7009,7/17/2022 4:00,12.61,17.03
7010,7/17/2022 4:10,12.57,16.99
7011,7/17/2022 4:20,12.44,17.07
7012,7/17/2022 4:30,12.61,17.16
7013,7/17/2022 4:40,12.4,17.2
7014,7/17/2022 4:50,12.35,17.07
7015,7/17/2022 5:00,12.35,16.94
7016,7/17/2022 5:10,12.48,16.99
7017,7/17/2022 5:20,12.31,16.99
7018,7/17/2022 5:30,12.31,17.03
7019,7/17/2022 5:40,12.14,17.11
7020,7/17/2022 5:50,12.1,17.16
7021,7/17/2022 6:00,12.01,17.16
7022,7/17/2022 6:10,12.05,17.16
7023,7/17/2022 6:20,11.97,17.2
7024,7/17/2022 6:30,12.05,17.2
7025,7/17/2022 6:40,11.97,17.16
7026,7/17/2022 6:50,11.92,17.16
7027,7/17/2022 7:00,11.92,17.46
7028,7/17/2022 7:10,12.1,17.46
7029,7/17/2022 7:20,11.97,17.63
7030,7/17/2022 7:30,12.05,17.46
7031,7/17/2022 7:40,12.01,17.29
7032,7/17/2022 7:50,12.1,16.99
7033,7/17/2022 8:00,12.48,16.64
7034,7/17/2022 8:10,12.61,16.56
7035,7/17/2022 8:20,12.78,16.64
7036,7/17/2022 8:30,12.87,16.9
7037,7/17/2022 8:40,13.08,17.2
7038,7/17/2022 8:50,13.38,17.59
7039,7/17/2022 9:00,13.6,18.14
7040,7/17/2022 9:10,13.94,18.44
7041,7/17/2022 9:20,14.15,18.7
7042,7/17/2022 9:30,14.54,19.05
7043,7/17/2022 9:40,14.67,19.47
7044,7/17/2022 9:50,14.88,19.6
7045,7/17/2022 10:00,14.8,19.77
7046,7/17/2022 10:10,14.07,19.3
7047,7/17/2022 10:20,13.68,18.83
7048,7/17/2022 10:30,13.21,18.7
7049,7/17/2022 10:40,13.38,18.66
7050,7/17/2022 10:50,13.34,18.62
7051,7/17/2022 11:00,12.82,18.53
7052,7/17/2022 11:10,12.91,18.49
7053,7/17/2022 11:20,12.61,18.49
7054,7/17/2022 11:30,12.65,18.49
7055,7/17/2022 11:40,12.57,18.53
7056,7/17/2022 11:50,12.74,18.57
7057,7/17/2022 12:00,12.7,18.57
7058,7/17/2022 12:10,12.35,18.62
7059,7/17/2022 12:20,13.21,18.79
7060,7/17/2022 12:30,13.08,19.13
7061,7/17/2022 12:40,13.04,25.95
7062,7/17/2022 12:50,12.48,24.97
7063,7/17/2022 13:00,12.22,21.19
7064,7/17/2022 13:10,12.35,20.03
7065,7/17/2022 13:20,12.27,19.69
7066,7/17/2022 13:30,12.1,19.43
7067,7/17/2022 13:40,12.18,19.09
7068,7/17/2022 13:50,12.31,18.4
7069,7/17/2022 14:00,12.4,18.1
7070,7/17/2022 14:10,12.35,17.97
7071,7/17/2022 14:20,12.57,17.89
7072,7/17/2022 14:30,12.78,17.84
7073,7/17/2022 14:40,13.12,17.67
7074,7/17/2022 14:50,13.3,17.89
7075,7/17/2022 15:00,13.73,18.44
7076,7/17/2022 15:10,13.85,18.66
7077,7/17/2022 15:20,14.33,19.26
7078,7/17/2022 15:30,14.15,20.07
7079,7/17/2022 15:40,13.98,19.52
7080,7/17/2022 15:50,14.11,19.6
7081,7/17/2022 16:00,14.15,19.56
7082,7/17/2022 16:10,14.24,19.52
7083,7/17/2022 16:20,14.15,19.47
7084,7/17/2022 16:30,14.28,19.47
7085,7/17/2022 16:40,14.24,19.65
7086,7/17/2022 16:50,14.37,19.65
7087,7/17/2022 17:00,14.41,19.6
7088,7/17/2022 17:10,14.63,19.65
7089,7/17/2022 17:20,14.58,19.65
7090,7/17/2022 17:30,14.63,19.73
7091,7/17/2022 17:40,14.54,19.86
7092,7/17/2022 17:50,14.45,19.86
7093,7/17/2022 18:00,14.41,19.9
7094,7/17/2022 18:10,14.45,19.73
7095,7/17/2022 18:20,14.54,19.47
7096,7/17/2022 18:30,14.45,19.3
7097,7/17/2022 18:40,14.41,19.26
7098,7/17/2022 18:50,14.37,19.17
7099,7/17/2022 19:00,14.33,19.17
7100,7/17/2022 19:10,14.45,19.52
7101,7/17/2022 19:20,14.5,19.77
7102,7/17/2022 19:30,14.37,19.77
7103,7/17/2022 19:40,14.24,19.86
7104,7/17/2022 19:50,14.11,19.86
7105,7/17/2022 20:00,13.9,19.99
7106,7/17/2022 20:10,13.73,20.2
7107,7/17/2022 20:20,13.51,20.85
7108,7/17/2022 20:30,13.43,21.45
7109,7/17/2022 20:40,13.43,21.88
7110,7/17/2022 20:50,13.51,22.13
7111,7/17/2022 21:00,13.25,22.31
7112,7/17/2022 21:10,13.34,22.31
7113,7/17/2022 21:20,13.17,22.09
7114,7/17/2022 21:30,13,21.92
7115,7/17/2022 21:40,13,21.79
7116,7/17/2022 21:50,13.04,21.62
7117,7/17/2022 22:00,12.78,21.49
7118,7/17/2022 22:10,12.82,21.28
7119,7/17/2022 22:20,12.7,20.98
7120,7/17/2022 22:30,12.61,20.72
7121,7/17/2022 22:40,12.61,20.55
7122,7/17/2022 22:50,12.57,20.37
7123,7/17/2022 23:00,12.52,20.37
7124,7/17/2022 23:10,12.52,20.16
7125,7/17/2022 23:20,12.61,19.95
7126,7/17/2022 23:30,12.44,19.73
7127,7/17/2022 23:40,12.57,19.65
7128,7/17/2022 23:50,12.57,19.56
7129,7/18/2022 0:00,12.65,19.09
7130,7/18/2022 0:10,12.44,18.66
7131,7/18/2022 0:20,12.44,18.44
7132,7/18/2022 0:30,12.7,18.27
7133,7/18/2022 0:40,12.7,18.23
7134,7/18/2022 0:50,12.7,18.1
7135,7/18/2022 1:00,12.65,18.02
7136,7/18/2022 1:10,12.61,17.89
7137,7/18/2022 1:20,12.65,17.59
7138,7/18/2022 1:30,12.61,17.5
7139,7/18/2022 1:40,12.52,17.46
7140,7/18/2022 1:50,12.61,17.37
7141,7/18/2022 2:00,12.61,17.41
7142,7/18/2022 2:10,12.74,17.41
7143,7/18/2022 2:20,12.78,17.2
7144,7/18/2022 2:30,12.74,17.11
7145,7/18/2022 2:40,12.82,16.77
7146,7/18/2022 2:50,12.87,16.43
7147,7/18/2022 3:00,12.87,16.51
7148,7/18/2022 3:10,12.87,16.77
7149,7/18/2022 3:20,12.91,16.86
7150,7/18/2022 3:30,13.04,16.64
7151,7/18/2022 3:40,13,16.64
7152,7/18/2022 3:50,12.95,16.77
7153,7/18/2022 4:00,12.82,16.64
7154,7/18/2022 4:10,12.82,16.69
7155,7/18/2022 4:20,12.74,16.64
7156,7/18/2022 4:30,12.74,16.6
7157,7/18/2022 4:40,12.65,16.56
7158,7/18/2022 4:50,12.65,16.34
7159,7/18/2022 5:00,12.57,16.3
7160,7/18/2022 5:10,12.57,16.39
7161,7/18/2022 5:20,12.44,16.43
7162,7/18/2022 5:30,12.4,16.43
7163,7/18/2022 5:40,12.35,16.64
7164,7/18/2022 5:50,12.35,16.73
7165,7/18/2022 6:00,12.4,16.86
7166,7/18/2022 6:10,12.44,16.86
7167,7/18/2022 6:20,12.35,16.94
7168,7/18/2022 6:30,12.31,16.9
7169,7/18/2022 6:40,12.48,16.94
7170,7/18/2022 6:50,12.52,16.86
7171,7/18/2022 7:00,12.61,16.9
7172,7/18/2022 7:10,12.78,16.86
7173,7/18/2022 7:20,13,17.03
7174,7/18/2022 7:30,13.08,17.24
7175,7/18/2022 7:40,13.21,16.69
7176,7/18/2022 7:50,13.34,16.17
7177,7/18/2022 8:00,13.51,16.08
7178,7/18/2022 8:10,13.68,15.96
7179,7/18/2022 8:20,13.77,15.74
7180,7/18/2022 8:30,13.81,15.61
7181,7/18/2022 8:40,14.03,15.83
7182,7/18/2022 8:50,14.28,16.47
7183,7/18/2022 9:00,14.58,16.99
7184,7/18/2022 9:10,14.8,17.63
7185,7/18/2022 9:20,14.84,18.32
7186,7/18/2022 9:30,14.93,18.87
7187,7/18/2022 9:40,14.97,19.39
7188,7/18/2022 9:50,14.97,19.82
7189,7/18/2022 10:00,15.14,20.16
7190,7/18/2022 10:10,15.27,20.2
7191,7/18/2022 10:20,14.84,20.07
7192,7/18/2022 10:30,14.63,19.65
7193,7/18/2022 10:40,14.93,19.86
7194,7/18/2022 10:50,15.48,20.33
7195,7/18/2022 11:00,16,21.06
7196,7/18/2022 11:10,16.6,21.88
7197,7/18/2022 11:20,17.29,23.25
7198,7/18/2022 11:30,16.94,23.03
7199,7/18/2022 11:40,16.04,22.09
7200,7/18/2022 11:50,14.93,21.53
7201,7/18/2022 12:00,15.1,21.49
7202,7/18/2022 12:10,15.31,21.58
7203,7/18/2022 12:20,15.44,21.32
7204,7/18/2022 12:30,15.36,21.28
7205,7/18/2022 12:40,15.36,21.32
7206,7/18/2022 12:50,14.88,26.34
7207,7/18/2022 13:00,14.75,26.34
7208,7/18/2022 13:10,14.45,24.32
7209,7/18/2022 13:20,13.9,21.45
7210,7/18/2022 13:30,13.68,20.2
7211,7/18/2022 13:40,13.81,19.73
7212,7/18/2022 13:50,13.3,19.47
7213,7/18/2022 14:00,13.25,19
7214,7/18/2022 14:10,13.38,18.79
7215,7/18/2022 14:20,13.43,18.7
7216,7/18/2022 14:30,13.25,18.7
7217,7/18/2022 14:40,13.38,18.62
7218,7/18/2022 14:50,13.21,18.44
7219,7/18/2022 15:00,13.38,18.36
7220,7/18/2022 15:10,13.34,18.27
7221,7/18/2022 15:20,13.21,18.53
7222,7/18/2022 15:30,13.21,19.35
7223,7/18/2022 15:40,13.68,20.42
7224,7/18/2022 15:50,13.68,20.59
7225,7/18/2022 16:00,13.68,19.99
7226,7/18/2022 16:10,13.38,19.82
7227,7/18/2022 16:20,13.21,19.65
7228,7/18/2022 16:30,13.3,19.56
7229,7/18/2022 16:40,13.34,19.69
7230,7/18/2022 16:50,13.38,19.9
7231,7/18/2022 17:00,13.68,20.03
7232,7/18/2022 17:10,13.81,20.2
7233,7/18/2022 17:20,14.03,20.25
7234,7/18/2022 17:30,14.11,20.07
7235,7/18/2022 17:40,14.28,19.99
7236,7/18/2022 17:50,14.37,20.03
7237,7/18/2022 18:00,14.41,20.07
7238,7/18/2022 18:10,14.37,20.07
7239,7/18/2022 18:20,14.28,19.9
7240,7/18/2022 18:30,14.24,19.77
7241,7/18/2022 18:40,14.33,19.65
7242,7/18/2022 18:50,14.37,19.39
7243,7/18/2022 19:00,14.5,19.3
7244,7/18/2022 19:10,14.58,19.13
7245,7/18/2022 19:20,14.54,19.05
7246,7/18/2022 19:30,14.5,19.09
7247,7/18/2022 19:40,14.45,19.17
7248,7/18/2022 19:50,14.33,19.17
7249,7/18/2022 20:00,14.11,19.22
7250,7/18/2022 20:10,13.94,19.22
7251,7/18/2022 20:20,13.68,19.22
7252,7/18/2022 20:30,13.51,19.13
7253,7/18/2022 20:40,13.38,19.17
7254,7/18/2022 20:50,13.38,19.17
7255,7/18/2022 21:00,13.3,19.3
7256,7/18/2022 21:10,13.21,19.77
7257,7/18/2022 21:20,13.25,20.42
7258,7/18/2022 21:30,13.17,21.02
7259,7/18/2022 21:40,13.17,22.09
7260,7/18/2022 21:50,13.3,22.52
7261,7/18/2022 22:00,13.17,22.43
7262,7/18/2022 22:10,13.17,22.39
7263,7/18/2022 22:20,13.12,22.43
7264,7/18/2022 22:30,13.08,22.48
7265,7/18/2022 22:40,13.08,22.35
7266,7/18/2022 22:50,13.08,22.18
7267,7/18/2022 23:00,13,22.13
7268,7/18/2022 23:10,13.08,22.05
7269,7/18/2022 23:20,13.04,21.96
7270,7/18/2022 23:30,12.91,21.83
7271,7/18/2022 23:40,13,21.32
7272,7/18/2022 23:50,12.82,20.76
7273,7/19/2022 0:00,12.74,20.2
7274,7/19/2022 0:10,12.65,20.03
7275,7/19/2022 0:20,12.61,19.9
7276,7/19/2022 0:30,12.57,19.69
7277,7/19/2022 0:40,12.61,19.56
7278,7/19/2022 0:50,12.52,19.35
7279,7/19/2022 1:00,12.52,19.47
7280,7/19/2022 1:10,12.48,19.35
7281,7/19/2022 1:20,12.44,18.83
7282,7/19/2022 1:30,12.4,18.57
7283,7/19/2022 1:40,12.44,18.36
7284,7/19/2022 1:50,12.27,18.14
7285,7/19/2022 2:00,12.22,18.1
7286,7/19/2022 2:10,12.18,17.93
7287,7/19/2022 2:20,12.14,17.63
7288,7/19/2022 2:30,12.01,17.63
7289,7/19/2022 2:40,11.88,17.54
7290,7/19/2022 2:50,11.75,17.76
7291,7/19/2022 3:00,11.45,17.72
7292,7/19/2022 3:10,11.54,17.63
7293,7/19/2022 3:20,11.62,17.59
7294,7/19/2022 3:30,11.58,17.5
7295,7/19/2022 3:40,11.54,17.33
7296,7/19/2022 3:50,11.62,17.29
7297,7/19/2022 4:00,11.41,17.24
7298,7/19/2022 4:10,11.32,17.37
7299,7/19/2022 4:20,11.41,16.99
7300,7/19/2022 4:30,11.41,16.81
7301,7/19/2022 4:40,11.54,16.86
7302,7/19/2022 4:50,11.37,16.86
7303,7/19/2022 5:00,11.58,17.16
7304,7/19/2022 5:10,11.37,17.11
7305,7/19/2022 5:20,11.49,17.16
7306,7/19/2022 5:30,11.24,17.2
7307,7/19/2022 5:40,11.32,17.29
7308,7/19/2022 5:50,11.19,17.33
7309,7/19/2022 6:00,11.41,17.29
7310,7/19/2022 6:10,11.24,17.37
7311,7/19/2022 6:20,11.32,17.41
7312,7/19/2022 6:30,11.19,17.54
7313,7/19/2022 6:40,11.15,17.63
7314,7/19/2022 6:50,11.11,17.8
7315,7/19/2022 7:00,11.02,18.06
7316,7/19/2022 7:10,10.98,18.32
7317,7/19/2022 7:20,10.89,18.49
7318,7/19/2022 7:30,11.11,18.57
7319,7/19/2022 7:40,10.85,18.53
7320,7/19/2022 7:50,10.85,18.44
7321,7/19/2022 8:00,10.68,18.19
7322,7/19/2022 8:10,10.72,18.23
7323,7/19/2022 8:20,10.64,18.44
7324,7/19/2022 8:30,10.81,18.32
7325,7/19/2022 8:40,10.81,18.02
7326,7/19/2022 8:50,10.85,17.63
7327,7/19/2022 9:00,10.85,16.77
7328,7/19/2022 9:10,10.85,16.47
7329,7/19/2022 9:20,10.85,16.47
7330,7/19/2022 9:30,10.98,16.56
7331,7/19/2022 9:40,11.11,16.64
7332,7/19/2022 9:50,11.24,16.86
7333,7/19/2022 10:00,11.11,17.16
7334,7/19/2022 10:10,11.07,17.67
7335,7/19/2022 10:20,11.19,17.97
7336,7/19/2022 10:30,11.37,18.32
7337,7/19/2022 10:40,11.71,18.53
7338,7/19/2022 10:50,12.01,18.23
7339,7/19/2022 11:00,12.18,18.23
7340,7/19/2022 11:10,12.52,18.53
7341,7/19/2022 11:20,12.48,19.13
7342,7/19/2022 11:30,12.27,19.26
7343,7/19/2022 11:40,12.52,20.46
7344,7/19/2022 11:50,12.52,20.85
7345,7/19/2022 12:00,12.31,20.29
7346,7/19/2022 12:10,12.57,21.96
7347,7/19/2022 12:20,12.78,21.19
7348,7/19/2022 12:30,12.65,20.63
7349,7/19/2022 12:40,12.7,20.12
7350,7/19/2022 12:50,12.82,23.16
7351,7/19/2022 13:00,12.87,24.11
7352,7/19/2022 13:10,12.87,22.35
7353,7/19/2022 13:20,13,20.68
7354,7/19/2022 13:30,12.82,19.95
7355,7/19/2022 13:40,12.87,19.56
7356,7/19/2022 13:50,12.95,19.35
7357,7/19/2022 14:00,13.08,19.17
7358,7/19/2022 14:10,13.34,19.05
7359,7/19/2022 14:20,13.51,18.79
7360,7/19/2022 14:30,13.51,18.62
7361,7/19/2022 14:40,13.38,18.53
7362,7/19/2022 14:50,13.68,18.44
7363,7/19/2022 15:00,13.77,18.36
7364,7/19/2022 15:10,13.98,18.32
7365,7/19/2022 15:20,13.68,18.32
7366,7/19/2022 15:30,13.68,18.7
7367,7/19/2022 15:40,13.64,19.56
7368,7/19/2022 15:50,13.6,19.69
7369,7/19/2022 16:00,13.51,18.87
7370,7/19/2022 16:10,13.51,18.36
7371,7/19/2022 16:20,13.64,18.74
7372,7/19/2022 16:30,13.47,18.49
7373,7/19/2022 16:40,13.51,18.36
7374,7/19/2022 16:50,13.55,18.53
7375,7/19/2022 17:00,13.43,18.83
7376,7/19/2022 17:10,13.3,18.32
7377,7/19/2022 17:20,13.12,18.02
7378,7/19/2022 17:30,13.04,17.59
7379,7/19/2022 17:40,12.82,17.46
7380,7/19/2022 17:50,12.52,17.29
7381,7/19/2022 18:00,12.31,17.2
7382,7/19/2022 18:10,12.1,17.07
7383,7/19/2022 18:20,12.05,17.07
7384,7/19/2022 18:30,11.84,16.99
7385,7/19/2022 18:40,11.79,17.03
7386,7/19/2022 18:50,11.92,17.16
7387,7/19/2022 19:00,11.84,17.46
7388,7/19/2022 19:10,11.71,17.76
7389,7/19/2022 19:20,11.58,18.02
7390,7/19/2022 19:30,11.54,18.32
7391,7/19/2022 19:40,11.58,18.49
7392,7/19/2022 19:50,11.67,18.57
7393,7/19/2022 20:00,11.41,18.62
7394,7/19/2022 20:10,11.41,18.66
7395,7/19/2022 20:20,11.41,18.7
7396,7/19/2022 20:30,11.58,18.7
7397,7/19/2022 20:40,11.67,18.66
7398,7/19/2022 20:50,11.62,18.66
7399,7/19/2022 21:00,11.49,18.7
7400,7/19/2022 21:10,11.58,18.87
7401,7/19/2022 21:20,11.67,19.05
7402,7/19/2022 21:30,11.62,19.22
7403,7/19/2022 21:40,11.45,19.35
7404,7/19/2022 21:50,11.49,19.3
7405,7/19/2022 22:00,11.71,19.52
7406,7/19/2022 22:10,11.54,19.69
7407,7/19/2022 22:20,11.49,19.65
7408,7/19/2022 22:30,11.54,19.65
7409,7/19/2022 22:40,11.37,19.52
7410,7/19/2022 22:50,11.62,19.39
7411,7/19/2022 23:00,11.62,19.3
7412,7/19/2022 23:10,11.41,19.35
7413,7/19/2022 23:20,11.28,19.3
7414,7/19/2022 23:30,11.32,19.26
7415,7/19/2022 23:40,11.15,19.13
7416,7/19/2022 23:50,11.41,19
7417,7/20/2022 0:00,11.15,18.87
7418,7/20/2022 0:10,11.11,18.7
7419,7/20/2022 0:20,11.19,18.57
7420,7/20/2022 0:30,11.28,18.49
7421,7/20/2022 0:40,11.19,18.32
7422,7/20/2022 0:50,11.11,18.02
7423,7/20/2022 1:00,10.94,17.93
7424,7/20/2022 1:10,10.94,17.76
7425,7/20/2022 1:20,10.89,17.46
7426,7/20/2022 1:30,10.85,17.33
7427,7/20/2022 1:40,10.64,17.33
7428,7/20/2022 1:50,10.77,17.41
7429,7/20/2022 2:00,10.85,17.46
7430,7/20/2022 2:10,10.81,17.59
7431,7/20/2022 2:20,10.77,17.76
7432,7/20/2022 2:30,10.85,17.97
7433,7/20/2022 2:40,10.77,18.19
7434,7/20/2022 2:50,10.72,18.27
7435,7/20/2022 3:00,10.98,18.32
7436,7/20/2022 3:10,10.89,18.32
7437,7/20/2022 3:20,10.72,18.19
7438,7/20/2022 3:30,10.94,18.06
7439,7/20/2022 3:40,11.15,18.02
7440,7/20/2022 3:50,11.02,17.93
7441,7/20/2022 4:00,11.11,17.93
7442,7/20/2022 4:10,11.19,17.84
7443,7/20/2022 4:20,11.32,17.8
7444,7/20/2022 4:30,11.37,17.76
7445,7/20/2022 4:40,11.28,17.67
7446,7/20/2022 4:50,11.19,17.72
7447,7/20/2022 5:00,10.98,17.67
7448,7/20/2022 5:10,10.94,17.59
7449,7/20/2022 5:20,10.85,17.54
7450,7/20/2022 5:30,10.72,17.59
7451,7/20/2022 5:40,10.77,17.5
7452,7/20/2022 5:50,10.81,17.41
7453,7/20/2022 6:00,10.55,17.41
7454,7/20/2022 6:10,10.55,17.33
7455,7/20/2022 6:20,10.55,17.29
7456,7/20/2022 6:30,10.55,17.29
7457,7/20/2022 6:40,10.68,17.37
7458,7/20/2022 6:50,10.59,17.37
7459,7/20/2022 7:00,10.59,17.37
7460,7/20/2022 7:10,10.51,17.5
7461,7/20/2022 7:20,10.64,17.5
7462,7/20/2022 7:30,10.72,17.46
7463,7/20/2022 7:40,10.64,17.5
7464,7/20/2022 7:50,10.85,17.54
7465,7/20/2022 8:00,10.72,17.54
7466,7/20/2022 8:10,10.81,17.59
7467,7/20/2022 8:20,10.89,17.59
7468,7/20/2022 8:30,10.68,17.54
7469,7/20/2022 8:40,10.81,17.59
7470,7/20/2022 8:50,10.68,17.54
7471,7/20/2022 9:00,10.81,17.5
7472,7/20/2022 9:10,11.11,17.54
7473,7/20/2022 9:20,11.11,17.54
7474,7/20/2022 9:30,11.32,17.59
7475,7/20/2022 9:40,11.37,17.41
7476,7/20/2022 9:50,11.24,17.29
7477,7/20/2022 10:00,11.15,17.24
7478,7/20/2022 10:10,11.32,16.9
7479,7/20/2022 10:20,11.28,16.94
7480,7/20/2022 10:30,11.41,17.16
7481,7/20/2022 10:40,11.62,17.37
7482,7/20/2022 10:50,11.49,17.5
7483,7/20/2022 11:00,11.19,17.8
7484,7/20/2022 11:10,11.24,18.02
7485,7/20/2022 11:20,11.32,18.27
7486,7/20/2022 11:30,11.41,18.53
7487,7/20/2022 11:40,11.71,18.79
7488,7/20/2022 11:50,11.75,19.17
7489,7/20/2022 12:00,11.84,19.39
7490,7/20/2022 12:10,11.71,19.9
7491,7/20/2022 12:20,11.45,20.29
7492,7/20/2022 12:30,11.54,20.5
7493,7/20/2022 12:40,11.75,20.59
7494,7/20/2022 12:50,11.67,20.5
7495,7/20/2022 13:00,11.71,20.16
7496,7/20/2022 13:10,11.79,20.03
7497,7/20/2022 13:20,11.92,19.95
7498,7/20/2022 13:30,11.71,19.73
7499,7/20/2022 13:40,11.92,19.56
7500,7/20/2022 13:50,11.88,19.05
7501,7/20/2022 14:00,11.92,18.74
7502,7/20/2022 14:10,11.92,18.57
7503,7/20/2022 14:20,11.84,18.4
7504,7/20/2022 14:30,11.84,18.32
7505,7/20/2022 14:40,12.01,18.27
7506,7/20/2022 14:50,12.1,18.02
7507,7/20/2022 15:00,12.05,17.72
7508,7/20/2022 15:10,12.1,17.59
7509,7/20/2022 15:20,12.05,17.59
7510,7/20/2022 15:30,12.31,17.59
7511,7/20/2022 15:40,12.31,17.63
7512,7/20/2022 15:50,12.4,18.23
7513,7/20/2022 16:00,12.4,18.79
7514,7/20/2022 16:10,12.52,19.09
7515,7/20/2022 16:20,12.44,18.7
7516,7/20/2022 16:30,12.52,18.1
7517,7/20/2022 16:40,12.48,18.14
7518,7/20/2022 16:50,12.44,18.23
7519,7/20/2022 17:00,12.52,18.02
7520,7/20/2022 17:10,12.61,17.76
7521,7/20/2022 17:20,12.7,17.84
7522,7/20/2022 17:30,12.61,18.19
7523,7/20/2022 17:40,12.52,18.02
7524,7/20/2022 17:50,12.65,17.72
7525,7/20/2022 18:00,12.61,17.5
7526,7/20/2022 18:10,12.7,17.24
7527,7/20/2022 18:20,12.61,17.24
7528,7/20/2022 18:30,12.65,17.24
7529,7/20/2022 18:40,12.65,17.16
7530,7/20/2022 18:50,12.65,17.2
7531,7/20/2022 19:00,12.65,17.11
7532,7/20/2022 19:10,12.48,17.07
7533,7/20/2022 19:20,12.35,17.11
7534,7/20/2022 19:30,12.35,17.16
7535,7/20/2022 19:40,12.27,17.16
7536,7/20/2022 19:50,12.14,17.29
7537,7/20/2022 20:00,12.1,17.5
7538,7/20/2022 20:10,11.97,17.72
7539,7/20/2022 20:20,11.88,17.89
7540,7/20/2022 20:30,11.97,17.89
7541,7/20/2022 20:40,11.92,17.89
7542,7/20/2022 20:50,11.97,17.93
7543,7/20/2022 21:00,11.75,18.02
7544,7/20/2022 21:10,11.75,18.23
7545,7/20/2022 21:20,11.88,18.49
7546,7/20/2022 21:30,11.92,18.66
7547,7/20/2022 21:40,11.84,18.83
7548,7/20/2022 21:50,11.75,18.96
7549,7/20/2022 22:00,11.84,19.05
7550,7/20/2022 22:10,11.84,19
7551,7/20/2022 22:20,11.71,18.87
7552,7/20/2022 22:30,11.58,19.09
7553,7/20/2022 22:40,11.67,19.17
7554,7/20/2022 22:50,11.49,19.13
7555,7/20/2022 23:00,11.49,19.13
7556,7/20/2022 23:10,11.32,19.05
7557,7/20/2022 23:20,11.24,18.74
7558,7/20/2022 23:30,11.02,18.74
7559,7/20/2022 23:40,11.19,18.7
7560,7/20/2022 23:50,11.02,18.66
7561,7/21/2022 0:00,10.98,18.57
7562,7/21/2022 0:10,10.94,18.44
7563,7/21/2022 0:20,10.81,18.36
7564,7/21/2022 0:30,10.85,18.19
7565,7/21/2022 0:40,10.68,17.76
7566,7/21/2022 0:50,10.81,17.5
7567,7/21/2022 1:00,10.81,17.33
7568,7/21/2022 1:10,10.77,17.2
7569,7/21/2022 1:20,10.72,17.03
7570,7/21/2022 1:30,10.59,16.99
7571,7/21/2022 1:40,10.51,16.9
7572,7/21/2022 1:50,10.34,16.81
7573,7/21/2022 2:00,10.38,16.51
7574,7/21/2022 2:10,10.29,16.43
7575,7/21/2022 2:20,10.38,16.26
7576,7/21/2022 2:30,10.38,16.17
7577,7/21/2022 2:40,10.34,16.04
7578,7/21/2022 2:50,10.25,16.13
7579,7/21/2022 3:00,10.34,16.21
7580,7/21/2022 3:10,10.29,16.21
7581,7/21/2022 3:20,10.21,16.04
7582,7/21/2022 3:30,10.21,15.83
7583,7/21/2022 3:40,10.16,16.08
7584,7/21/2022 3:50,10.12,16.47
7585,7/21/2022 4:00,10.08,16.9
7586,7/21/2022 4:10,10.21,17.24
7587,7/21/2022 4:20,10.21,17.33
7588,7/21/2022 4:30,10.12,17.5
7589,7/21/2022 4:40,10.29,17.5
7590,7/21/2022 4:50,10.16,17.5
7591,7/21/2022 5:00,10.16,17.63
7592,7/21/2022 5:10,10.16,17.59
7593,7/21/2022 5:20,10.16,17.59
7594,7/21/2022 5:30,10.08,17.63
7595,7/21/2022 5:40,10.29,17.5
7596,7/21/2022 5:50,10.21,17.5
7597,7/21/2022 6:00,10.16,17.41
7598,7/21/2022 6:10,10.21,17.33
7599,7/21/2022 6:20,10.25,17.16
7600,7/21/2022 6:30,10.21,16.94
7601,7/21/2022 6:40,10.29,16.86
7602,7/21/2022 6:50,10.04,16.86
7603,7/21/2022 7:00,9.82,16.64
7604,7/21/2022 7:10,9.99,16.6
7605,7/21/2022 7:20,10.12,16.56
7606,7/21/2022 7:30,10.21,16.73
7607,7/21/2022 7:40,10.29,16.94
7608,7/21/2022 7:50,10.42,17.11
7609,7/21/2022 8:00,10.29,17.11
7610,7/21/2022 8:10,10.25,17.11
7611,7/21/2022 8:20,10.08,17.16
7612,7/21/2022 8:30,10.08,17.11
7613,7/21/2022 8:40,10.38,17.16
7614,7/21/2022 8:50,10.34,17.16
7615,7/21/2022 9:00,10.29,17.24
7616,7/21/2022 9:10,10.21,17.24
7617,7/21/2022 9:20,10.38,17.41
7618,7/21/2022 9:30,10.51,17.41
7619,7/21/2022 9:40,10.81,17.46
7620,7/21/2022 9:50,10.77,17.41
7621,7/21/2022 10:00,10.64,17.2
7622,7/21/2022 10:10,10.42,17.11
7623,7/21/2022 10:20,10.51,17.24
7624,7/21/2022 10:30,10.64,17.33
7625,7/21/2022 10:40,10.77,17.29
7626,7/21/2022 10:50,10.72,17.29
7627,7/21/2022 11:00,10.81,17.41
7628,7/21/2022 11:10,10.98,17.5
7629,7/21/2022 11:20,11.41,17.46
7630,7/21/2022 11:30,11.58,17.89
7631,7/21/2022 11:40,11.07,17.93
7632,7/21/2022 11:50,11.11,18.23
7633,7/21/2022 12:00,11.11,18.53
7634,7/21/2022 12:10,11.41,18.79
7635,7/21/2022 12:20,11.37,19.17
7636,7/21/2022 12:30,11.41,19.39
7637,7/21/2022 12:40,11.62,19.65
7638,7/21/2022 12:50,12.01,19.77
7639,7/21/2022 13:00,12.22,20.16
7640,7/21/2022 13:10,12.27,20.16
7641,7/21/2022 13:20,12.14,20.12
7642,7/21/2022 13:30,12.48,20.03
7643,7/21/2022 13:40,12.44,19.9
7644,7/21/2022 13:50,12.48,19.77
7645,7/21/2022 14:00,12.48,19.69
7646,7/21/2022 14:10,12.4,19.65
7647,7/21/2022 14:20,12.31,19.43
7648,7/21/2022 14:30,12.22,19.09
7649,7/21/2022 14:40,12.27,18.79
7650,7/21/2022 14:50,12.31,18.44
7651,7/21/2022 15:00,12.1,18.19
7652,7/21/2022 15:10,12.31,17.97
7653,7/21/2022 15:20,12.27,17.67
7654,7/21/2022 15:30,12.27,17.72
7655,7/21/2022 15:40,12.18,17.84
7656,7/21/2022 15:50,12.4,18.1
7657,7/21/2022 16:00,12.44,18.57
7658,7/21/2022 16:10,12.44,18.7
7659,7/21/2022 16:20,12.4,18.44
7660,7/21/2022 16:30,12.35,18.14
7661,7/21/2022 16:40,12.44,17.89
7662,7/21/2022 16:50,12.4,17.8
7663,7/21/2022 17:00,12.35,18.02
7664,7/21/2022 17:10,12.31,17.76
7665,7/21/2022 17:20,12.35,17.46
7666,7/21/2022 17:30,12.61,17.46
7667,7/21/2022 17:40,12.4,17.5
7668,7/21/2022 17:50,12.44,17.8
7669,7/21/2022 18:00,12.44,17.89
7670,7/21/2022 18:10,12.4,17.72
7671,7/21/2022 18:20,12.35,17.5
7672,7/21/2022 18:30,12.22,17.33
7673,7/21/2022 18:40,12.27,17.29
7674,7/21/2022 18:50,12.35,17.24
7675,7/21/2022 19:00,12.44,17.2
7676,7/21/2022 19:10,12.48,17.16
7677,7/21/2022 19:20,12.61,17.11
7678,7/21/2022 19:30,12.65,17.07
7679,7/21/2022 19:40,12.82,16.99
7680,7/21/2022 19:50,12.87,16.99
7681,7/21/2022 20:00,12.82,17.16
7682,7/21/2022 20:10,12.7,17.24
7683,7/21/2022 20:20,12.78,17.46
7684,7/21/2022 20:30,12.82,17.63
7685,7/21/2022 20:40,12.91,17.72
7686,7/21/2022 20:50,13,17.8
7687,7/21/2022 21:00,13.04,17.8
7688,7/21/2022 21:10,12.91,17.76
7689,7/21/2022 21:20,12.87,17.72
7690,7/21/2022 21:30,12.82,17.67
7691,7/21/2022 21:40,12.87,17.63
7692,7/21/2022 21:50,12.78,17.59
7693,7/21/2022 22:00,12.91,17.59
7694,7/21/2022 22:10,12.87,17.59
7695,7/21/2022 22:20,12.87,17.59
7696,7/21/2022 22:30,12.7,17.59
7697,7/21/2022 22:40,12.87,17.63
7698,7/21/2022 22:50,12.91,17.63
7699,7/21/2022 23:00,12.91,17.72
7700,7/21/2022 23:10,12.74,17.76
7701,7/21/2022 23:20,12.7,18.06
7702,7/21/2022 23:30,12.78,18.74
7703,7/21/2022 23:40,12.87,18.7
7704,7/21/2022 23:50,12.65,18.7
7705,7/22/2022 0:00,12.7,18.23
7706,7/22/2022 0:10,12.65,18.19
7707,7/22/2022 0:20,12.57,18.06
7708,7/22/2022 0:30,12.44,18.02
7709,7/22/2022 0:40,12.35,18.06
7710,7/22/2022 0:50,12.31,17.8
7711,7/22/2022 1:00,12.35,17.67
7712,7/22/2022 1:10,12.22,17.46
7713,7/22/2022 1:20,12.14,17.24
7714,7/22/2022 1:30,12.1,17.07
7715,7/22/2022 1:40,11.97,16.9
7716,7/22/2022 1:50,11.92,16.73
7717,7/22/2022 2:00,11.84,16.51
7718,7/22/2022 2:10,11.75,16.34
7719,7/22/2022 2:20,11.75,16.04
7720,7/22/2022 2:30,11.71,15.87
7721,7/22/2022 2:40,11.67,15.53
7722,7/22/2022 2:50,11.49,14.88
7723,7/22/2022 3:00,11.49,14.33
7724,7/22/2022 3:10,11.41,13.81
7725,7/22/2022 3:20,11.41,13.64
7726,7/22/2022 3:30,11.02,13.38
7727,7/22/2022 3:40,10.89,13.08
7728,7/22/2022 3:50,10.68,12.82
7729,7/22/2022 4:00,10.72,12.82
7730,7/22/2022 4:10,10.59,12.7
7731,7/22/2022 4:20,10.51,13
7732,7/22/2022 4:30,10.51,13.94
7733,7/22/2022 4:40,10.46,13.98
7734,7/22/2022 4:50,10.51,14.07
7735,7/22/2022 5:00,10.59,14.28
7736,7/22/2022 5:10,10.51,15.44
7737,7/22/2022 5:20,10.46,16.04
7738,7/22/2022 5:30,10.55,16.43
7739,7/22/2022 5:40,10.25,16.39
7740,7/22/2022 5:50,10.16,16.13
7741,7/22/2022 6:00,10.21,15.96
7742,7/22/2022 6:10,10.08,15.87
7743,7/22/2022 6:20,10.25,15.87
7744,7/22/2022 6:30,10.42,15.7
7745,7/22/2022 6:40,10.46,15.66
7746,7/22/2022 6:50,10.46,15.61
7747,7/22/2022 7:00,10.34,15.61
7748,7/22/2022 7:10,10.46,15.66
7749,7/22/2022 7:20,10.46,15.7
7750,7/22/2022 7:30,10.46,15.74
7751,7/22/2022 7:40,10.46,15.83
7752,7/22/2022 7:50,10.51,15.83
7753,7/22/2022 8:00,10.46,15.87
7754,7/22/2022 8:10,10.72,15.87
7755,7/22/2022 8:20,10.46,15.87
7756,7/22/2022 8:30,10.46,15.91
7757,7/22/2022 8:40,10.46,15.87
7758,7/22/2022 8:50,10.46,16
7759,7/22/2022 9:00,10.42,16
7760,7/22/2022 9:10,10.55,16.08
7761,7/22/2022 9:20,10.51,16.04
7762,7/22/2022 9:30,10.51,16
7763,7/22/2022 9:40,10.64,15.91
7764,7/22/2022 9:50,10.77,16.08
7765,7/22/2022 10:00,10.94,16.13
7766,7/22/2022 10:10,11.11,16.08
7767,7/22/2022 10:20,11.24,16.13
7768,7/22/2022 10:30,11.37,16.17
7769,7/22/2022 10:40,11.41,16.39
7770,7/22/2022 10:50,11.49,16.47
7771,7/22/2022 11:00,11.75,16.73
7772,7/22/2022 11:10,11.92,16.81
7773,7/22/2022 11:20,12.1,16.94
7774,7/22/2022 11:30,12.18,17.03
7775,7/22/2022 11:40,12.27,17.2
7776,7/22/2022 11:50,12.52,17.37
7777,7/22/2022 12:00,12.82,17.5
7778,7/22/2022 12:10,12.95,17.63
7779,7/22/2022 12:20,13.08,17.8
7780,7/22/2022 12:30,13,17.93
7781,7/22/2022 12:40,13,18.27
7782,7/22/2022 12:50,13,18.4
7783,7/22/2022 13:00,13.17,18.57
7784,7/22/2022 13:10,13.17,19.05
7785,7/22/2022 13:20,13.12,19.26
7786,7/22/2022 13:30,13.21,19.52
7787,7/22/2022 13:40,13.38,19.77
7788,7/22/2022 13:50,13.43,19.73
7789,7/22/2022 14:00,13.6,19.82
7790,7/22/2022 14:10,13.85,19.82
7791,7/22/2022 14:20,13.9,19.86
7792,7/22/2022 14:30,13.9,19.99
7793,7/22/2022 14:40,13.81,19.99
7794,7/22/2022 14:50,13.73,20.03
7795,7/22/2022 15:00,13.77,20.07
7796,7/22/2022 15:10,14.03,20.07
7797,7/22/2022 15:20,14.07,19.99
7798,7/22/2022 15:30,14.11,19.82
7799,7/22/2022 15:40,14.11,19.82
7800,7/22/2022 15:50,14.2,19.77
7801,7/22/2022 16:00,14.07,19.77
7802,7/22/2022 16:10,14.33,19.9
7803,7/22/2022 16:20,14.2,19.86
7804,7/22/2022 16:30,14.41,19.73
7805,7/22/2022 16:40,14.45,19.65
7806,7/22/2022 16:50,14.41,19.77
7807,7/22/2022 17:00,14.45,19.86
7808,7/22/2022 17:10,14.5,19.69
7809,7/22/2022 17:20,14.45,19.95
7810,7/22/2022 17:30,14.5,19.3
7811,7/22/2022 17:40,14.41,18.96
7812,7/22/2022 17:50,14.54,19
7813,7/22/2022 18:00,14.54,18.96
7814,7/22/2022 18:10,14.71,19.17
7815,7/22/2022 18:20,14.88,19.56
7816,7/22/2022 18:30,14.75,19.39
7817,7/22/2022 18:40,14.67,19
7818,7/22/2022 18:50,14.63,18.83
7819,7/22/2022 19:00,14.63,18.83
7820,7/22/2022 19:10,14.58,18.57
7821,7/22/2022 19:20,14.54,18.23
7822,7/22/2022 19:30,14.37,17.89
7823,7/22/2022 19:40,14.11,17.59
7824,7/22/2022 19:50,14.07,17.54
7825,7/22/2022 20:00,13.94,17.54
7826,7/22/2022 20:10,13.64,17.5
7827,7/22/2022 20:20,13.6,17.5
7828,7/22/2022 20:30,13.47,17.5
7829,7/22/2022 20:40,13.3,17.59
7830,7/22/2022 20:50,13.17,17.8
7831,7/22/2022 21:00,13.17,18.02
7832,7/22/2022 21:10,13.17,18.19
7833,7/22/2022 21:20,13.21,18.36
7834,7/22/2022 21:30,13.21,18.83
7835,7/22/2022 21:40,13.25,18.87
7836,7/22/2022 21:50,13.08,18.74
7837,7/22/2022 22:00,12.87,18.4
7838,7/22/2022 22:10,13.08,18.23
7839,7/22/2022 22:20,12.91,18.23
7840,7/22/2022 22:30,12.95,18.14
7841,7/22/2022 22:40,12.65,18.14
7842,7/22/2022 22:50,12.52,18.19
7843,7/22/2022 23:00,12.48,18.27
7844,7/22/2022 23:10,12.52,18.36
7845,7/22/2022 23:20,12.48,18.4
7846,7/22/2022 23:30,12.4,18.49
7847,7/22/2022 23:40,12.22,18.57
7848,7/22/2022 23:50,12.27,18.57
7849,7/23/2022 0:00,12.14,18.57
7850,7/23/2022 0:10,12.14,18.66
7851,7/23/2022 0:20,12.1,18.87
7852,7/23/2022 0:30,11.92,19.43
7853,7/23/2022 0:40,12.05,20.2
7854,7/23/2022 0:50,12.01,20.59
7855,7/23/2022 1:00,11.79,20.33
7856,7/23/2022 1:10,11.92,19.95
7857,7/23/2022 1:20,11.79,19.69
7858,7/23/2022 1:30,11.75,19.65
7859,7/23/2022 1:40,11.67,19.6
7860,7/23/2022 1:50,11.62,19.43
7861,7/23/2022 2:00,11.67,19.13
7862,7/23/2022 2:10,11.62,18.92
7863,7/23/2022 2:20,11.62,18.7
7864,7/23/2022 2:30,11.24,18.4
7865,7/23/2022 2:40,11.07,18.02
7866,7/23/2022 2:50,11.15,17.76
7867,7/23/2022 3:00,10.98,17.5
7868,7/23/2022 3:10,10.98,17.16
7869,7/23/2022 3:20,10.94,16.6
7870,7/23/2022 3:30,10.85,16.04
7871,7/23/2022 3:40,10.81,15.7
7872,7/23/2022 3:50,10.64,15.27
7873,7/23/2022 4:00,10.64,14.63
7874,7/23/2022 4:10,10.46,14.45
7875,7/23/2022 4:20,10.51,14.15
7876,7/23/2022 4:30,10.34,14.24
7877,7/23/2022 4:40,10.16,14.15
7878,7/23/2022 4:50,10.25,14.15
7879,7/23/2022 5:00,10.46,13.98
7880,7/23/2022 5:10,10.29,13.77
7881,7/23/2022 5:20,10.38,13.73
7882,7/23/2022 5:30,10.29,13.68
7883,7/23/2022 5:40,10.12,13.73
7884,7/23/2022 5:50,9.78,13.94
7885,7/23/2022 6:00,9.86,13.98
7886,7/23/2022 6:10,9.99,14.37
7887,7/23/2022 6:20,10.12,14.88
7888,7/23/2022 6:30,10.04,16.21
7889,7/23/2022 6:40,10.16,16.86
7890,7/23/2022 6:50,10.25,17.37
7891,7/23/2022 7:00,10.16,17.72
7892,7/23/2022 7:10,10.08,17.84
7893,7/23/2022 7:20,10.21,17.93
7894,7/23/2022 7:30,10.25,17.97
7895,7/23/2022 7:40,10.25,17.89
7896,7/23/2022 7:50,10.29,17.93
7897,7/23/2022 8:00,10.38,17.93
7898,7/23/2022 8:10,10.34,17.72
7899,7/23/2022 8:20,10.51,17.54
7900,7/23/2022 8:30,10.59,17.07
7901,7/23/2022 8:40,10.81,16.64
7902,7/23/2022 8:50,11.02,16.56
7903,7/23/2022 9:00,11.02,16.3
7904,7/23/2022 9:10,11.07,16.3
7905,7/23/2022 9:20,11.07,16.26
7906,7/23/2022 9:30,11.32,16.3
7907,7/23/2022 9:40,11.45,16.21
7908,7/23/2022 9:50,11.54,16.21
7909,7/23/2022 10:00,11.67,16.3
7910,7/23/2022 10:10,11.79,16.6
7911,7/23/2022 10:20,11.75,16.6
7912,7/23/2022 10:30,11.88,16.6
7913,7/23/2022 10:40,12.27,16.77
7914,7/23/2022 10:50,12.61,16.77
7915,7/23/2022 11:00,13.04,16.9
7916,7/23/2022 11:10,13.25,17.16
7917,7/23/2022 11:20,12.87,17.37
7918,7/23/2022 11:30,12.91,17.63
7919,7/23/2022 11:40,13.17,17.84
7920,7/23/2022 11:50,13.34,18.06
7921,7/23/2022 12:00,13.47,18.27
7922,7/23/2022 12:10,13.85,18.57
7923,7/23/2022 12:20,13.77,18.74
7924,7/23/2022 12:30,13.9,19
7925,7/23/2022 12:40,13.38,19.43
7926,7/23/2022 12:50,13.08,19.82
7927,7/23/2022 13:00,12.65,19.86
7928,7/23/2022 13:10,12.44,20.07
7929,7/23/2022 13:20,12.52,20.07
7930,7/23/2022 13:30,12.61,19.99
7931,7/23/2022 13:40,12.78,20.07
7932,7/23/2022 13:50,12.74,20.03
7933,7/23/2022 14:00,12.65,20.07
7934,7/23/2022 14:10,12.57,20.16
7935,7/23/2022 14:20,12.65,20.25
7936,7/23/2022 14:30,12.52,20.46
7937,7/23/2022 14:40,12.27,20.5
7938,7/23/2022 14:50,12.01,20.42
7939,7/23/2022 15:00,12.05,20.25
7940,7/23/2022 15:10,12.1,20.29
7941,7/23/2022 15:20,12.14,20.42
7942,7/23/2022 15:30,12.18,20.46
7943,7/23/2022 15:40,12.01,20.5
7944,7/23/2022 15:50,11.88,20.37
7945,7/23/2022 16:00,11.84,20.16
7946,7/23/2022 16:10,11.79,20.07
7947,7/23/2022 16:20,11.88,19.99
7948,7/23/2022 16:30,11.79,19.9
7949,7/23/2022 16:40,11.84,19.69
7950,7/23/2022 16:50,11.79,19.65
7951,7/23/2022 17:00,11.62,19.35
7952,7/23/2022 17:10,11.58,19.17
7953,7/23/2022 17:20,11.54,19
7954,7/23/2022 17:30,11.54,19.09
7955,7/23/2022 17:40,11.45,19.26
7956,7/23/2022 17:50,11.41,19.39
7957,7/23/2022 18:00,11.41,19.6
7958,7/23/2022 18:10,11.49,19.69
7959,7/23/2022 18:20,11.54,18.83
7960,7/23/2022 18:30,11.45,18.14
7961,7/23/2022 18:40,11.62,18.27
7962,7/23/2022 18:50,11.45,18.19
7963,7/23/2022 19:00,11.75,18.32
7964,7/23/2022 19:10,11.92,18.36
7965,7/23/2022 19:20,12.05,18.32
7966,7/23/2022 19:30,12.01,18.4
7967,7/23/2022 19:40,12.27,18.53
7968,7/23/2022 19:50,12.44,18.7
7969,7/23/2022 20:00,12.57,18.79
7970,7/23/2022 20:10,12.65,18.7
7971,7/23/2022 20:20,12.65,18.57
7972,7/23/2022 20:30,12.61,18.53
7973,7/23/2022 20:40,12.61,18.53
7974,7/23/2022 20:50,12.74,18.49
7975,7/23/2022 21:00,12.78,18.44
7976,7/23/2022 21:10,12.7,18.1
7977,7/23/2022 21:20,12.74,17.97
7978,7/23/2022 21:30,12.7,17.89
7979,7/23/2022 21:40,12.87,17.76
7980,7/23/2022 21:50,12.65,17.76
7981,7/23/2022 22:00,12.57,17.76
7982,7/23/2022 22:10,12.48,17.8
7983,7/23/2022 22:20,12.61,17.8
7984,7/23/2022 22:30,12.52,17.89
7985,7/23/2022 22:40,12.57,17.93
7986,7/23/2022 22:50,12.61,17.93
7987,7/23/2022 23:00,12.65,17.89
7988,7/23/2022 23:10,12.57,17.89
7989,7/23/2022 23:20,12.44,17.89
7990,7/23/2022 23:30,12.44,17.84
7991,7/23/2022 23:40,12.48,17.76
7992,7/23/2022 23:50,12.4,17.72
7993,7/24/2022 0:00,12.65,17.8
7994,7/24/2022 0:10,12.57,17.84
7995,7/24/2022 0:20,12.61,17.84
7996,7/24/2022 0:30,12.35,17.89
7997,7/24/2022 0:40,12.31,17.8
7998,7/24/2022 0:50,12.27,17.8
7999,7/24/2022 1:00,12.27,17.8
8000,7/24/2022 1:10,12.22,17.76
8001,7/24/2022 1:20,12.01,17.67
8002,7/24/2022 1:30,11.92,17.8
8003,7/24/2022 1:40,11.97,18.32
8004,7/24/2022 1:50,11.75,18.96
8005,7/24/2022 2:00,11.88,19
8006,7/24/2022 2:10,11.71,18.83
8007,7/24/2022 2:20,12.01,18.19
8008,7/24/2022 2:30,11.88,17.72
8009,7/24/2022 2:40,11.84,17.54
8010,7/24/2022 2:50,12.1,17.41
8011,7/24/2022 3:00,12.1,17.24
8012,7/24/2022 3:10,11.75,16.9
8013,7/24/2022 3:20,11.79,16.56
8014,7/24/2022 3:30,11.88,16.34
8015,7/24/2022 3:40,11.62,16.17
8016,7/24/2022 3:50,11.58,15.96
8017,7/24/2022 4:00,11.75,15.66
8018,7/24/2022 4:10,11.75,15.44
8019,7/24/2022 4:20,11.75,15.06
8020,7/24/2022 4:30,11.67,14.75
8021,7/24/2022 4:40,11.71,14.45
8022,7/24/2022 4:50,11.67,14.28
8023,7/24/2022 5:00,11.67,14.24
8024,7/24/2022 5:10,11.75,14.15
8025,7/24/2022 5:20,11.79,13.9
8026,7/24/2022 5:30,11.75,13.81
8027,7/24/2022 5:40,11.71,13.81
8028,7/24/2022 5:50,11.84,13.9
8029,7/24/2022 6:00,11.75,13.94
8030,7/24/2022 6:10,11.79,13.77
8031,7/24/2022 6:20,11.84,13.77
8032,7/24/2022 6:30,11.79,13.81
8033,7/24/2022 6:40,11.75,13.94
8034,7/24/2022 6:50,11.71,13.98
8035,7/24/2022 7:00,11.67,14.03
8036,7/24/2022 7:10,11.54,14.58
8037,7/24/2022 7:20,11.58,15.36
8038,7/24/2022 7:30,11.58,15.78
8039,7/24/2022 7:40,11.71,16.17
8040,7/24/2022 7:50,11.88,16.39
8041,7/24/2022 8:00,11.71,16.43
8042,7/24/2022 8:10,11.75,16.51
8043,7/24/2022 8:20,11.71,16.6
8044,7/24/2022 8:30,11.75,16.73
8045,7/24/2022 8:40,11.71,16.77
8046,7/24/2022 8:50,11.49,16.69
8047,7/24/2022 9:00,11.54,16.73
8048,7/24/2022 9:10,11.62,16.64
8049,7/24/2022 9:20,11.75,16.64
8050,7/24/2022 9:30,11.88,16.64
8051,7/24/2022 9:40,12.1,16.64
8052,7/24/2022 9:50,12.1,16.64
8053,7/24/2022 10:00,12.05,16.69
8054,7/24/2022 10:10,12.01,16.6
8055,7/24/2022 10:20,11.97,16.64
8056,7/24/2022 10:30,11.92,16.64
8057,7/24/2022 10:40,11.92,16.73
8058,7/24/2022 10:50,11.92,16.73
8059,7/24/2022 11:00,11.97,16.81
8060,7/24/2022 11:10,12.01,16.86
8061,7/24/2022 11:20,12.05,16.9
8062,7/24/2022 11:30,11.97,16.9
8063,7/24/2022 11:40,11.92,16.94
8064,7/24/2022 11:50,12.05,16.94
8065,7/24/2022 12:00,12.1,16.99
8066,7/24/2022 12:10,12.22,16.99
8067,7/24/2022 12:20,12.22,17.07
8068,7/24/2022 12:30,12.14,17.16
8069,7/24/2022 12:40,12.1,17.24
8070,7/24/2022 12:50,12.31,17.29
8071,7/24/2022 13:00,12.22,17.37
8072,7/24/2022 13:10,12.18,17.46
8073,7/24/2022 13:20,12.22,17.54
8074,7/24/2022 13:30,12.4,17.63
8075,7/24/2022 13:40,12.52,17.8
8076,7/24/2022 13:50,12.7,17.93
8077,7/24/2022 14:00,12.78,18.1
8078,7/24/2022 14:10,12.91,18.27
8079,7/24/2022 14:20,13,18.36
8080,7/24/2022 14:30,13.04,18.53
8081,7/24/2022 14:40,13.04,18.74
8082,7/24/2022 14:50,13.12,18.92
8083,7/24/2022 15:00,13.04,19.13
8084,7/24/2022 15:10,12.91,19.3
8085,7/24/2022 15:20,13.04,19.35
8086,7/24/2022 15:30,13.12,19.26
8087,7/24/2022 15:40,13.25,19.22
8088,7/24/2022 15:50,13.3,19.39
8089,7/24/2022 16:00,13.17,19.35
8090,7/24/2022 16:10,12.95,19.22
8091,7/24/2022 16:20,13.12,19.09
8092,7/24/2022 16:30,12.87,19.09
8093,7/24/2022 16:40,12.78,19.22
8094,7/24/2022 16:50,12.87,19.3
8095,7/24/2022 17:00,12.95,19.35
8096,7/24/2022 17:10,12.74,19.39
8097,7/24/2022 17:20,12.57,19.35
8098,7/24/2022 17:30,12.35,19.17
8099,7/24/2022 17:40,12.14,19.13
8100,7/24/2022 17:50,12.01,19
8101,7/24/2022 18:00,11.88,18.74
8102,7/24/2022 18:10,11.97,18.53
8103,7/24/2022 18:20,11.79,18.49
8104,7/24/2022 18:30,11.79,18.53
8105,7/24/2022 18:40,11.58,18.19
8106,7/24/2022 18:50,11.41,17.41
8107,7/24/2022 19:00,11.19,17.03
8108,7/24/2022 19:10,11.11,17.03
8109,7/24/2022 19:20,11.15,16.86
8110,7/24/2022 19:30,11.24,16.99
8111,7/24/2022 19:40,11.24,17.07
8112,7/24/2022 19:50,11.32,17.11
8113,7/24/2022 20:00,11.41,17.2
8114,7/24/2022 20:10,11.58,17.37
8115,7/24/2022 20:20,11.62,17.5
8116,7/24/2022 20:30,11.71,17.54
8117,7/24/2022 20:40,11.75,17.67
8118,7/24/2022 20:50,11.71,17.59
8119,7/24/2022 21:00,12.05,17.54
8120,7/24/2022 21:10,12.18,17.46
8121,7/24/2022 21:20,12.01,17.5
8122,7/24/2022 21:30,12.14,17.5
8123,7/24/2022 21:40,12.22,17.41
8124,7/24/2022 21:50,12.1,17.41
8125,7/24/2022 22:00,12.1,17.37
8126,7/24/2022 22:10,12.05,17.2
8127,7/24/2022 22:20,11.88,17.03
8128,7/24/2022 22:30,11.75,17.07
8129,7/24/2022 22:40,11.71,17.16
8130,7/24/2022 22:50,11.75,17.24
8131,7/24/2022 23:00,11.54,17.37
8132,7/24/2022 23:10,11.67,17.29
8133,7/24/2022 23:20,11.37,17.24
8134,7/24/2022 23:30,11.37,17.29
8135,7/24/2022 23:40,11.45,17.24
8136,7/24/2022 23:50,11.37,17.24
8137,7/25/2022 0:00,11.41,17.29
8138,7/25/2022 0:10,11.49,17.37
8139,7/25/2022 0:20,11.58,17.46
8140,7/25/2022 0:30,11.49,17.41
8141,7/25/2022 0:40,11.58,17.46
8142,7/25/2022 0:50,11.58,17.5
8143,7/25/2022 1:00,11.62,17.54
8144,7/25/2022 1:10,11.45,17.54
8145,7/25/2022 1:20,11.45,17.54
8146,7/25/2022 1:30,11.49,17.54
8147,7/25/2022 1:40,11.71,17.5
8148,7/25/2022 1:50,11.49,17.46
8149,7/25/2022 2:00,11.28,17.41
8150,7/25/2022 2:10,11.28,17.59
8151,7/25/2022 2:20,11.28,18.06
8152,7/25/2022 2:30,11.37,18.1
8153,7/25/2022 2:40,11.24,17.72
8154,7/25/2022 2:50,11.37,17.33
8155,7/25/2022 3:00,11.49,17.11
8156,7/25/2022 3:10,11.24,16.99
8157,7/25/2022 3:20,11.28,17.11
8158,7/25/2022 3:30,11.41,16.99
8159,7/25/2022 3:40,11.28,16.69
8160,7/25/2022 3:50,11.28,16.39
8161,7/25/2022 4:00,11.15,16.21
8162,7/25/2022 4:10,11.07,16
8163,7/25/2022 4:20,10.98,15.87
8164,7/25/2022 4:30,10.94,15.4
8165,7/25/2022 4:40,10.98,15.01
8166,7/25/2022 4:50,11.07,14.58
8167,7/25/2022 5:00,11.15,14.28
8168,7/25/2022 5:10,11.11,13.9
8169,7/25/2022 5:20,11.07,13.64
8170,7/25/2022 5:30,11.11,13.51
8171,7/25/2022 5:40,11.07,13.34
8172,7/25/2022 5:50,11.07,13.25
8173,7/25/2022 6:00,11.24,13.12
8174,7/25/2022 6:10,11.24,13
8175,7/25/2022 6:20,11.19,12.91
8176,7/25/2022 6:30,11.15,12.82
8177,7/25/2022 6:40,11.32,12.91
8178,7/25/2022 6:50,11.45,12.91
8179,7/25/2022 7:00,11.28,12.95
8180,7/25/2022 7:10,11.37,12.87
8181,7/25/2022 7:20,11.37,12.95
8182,7/25/2022 7:30,11.41,12.95
8183,7/25/2022 7:40,11.49,12.95
8184,7/25/2022 7:50,11.54,13.08
8185,7/25/2022 8:00,11.67,13.12
8186,7/25/2022 8:10,11.49,14.41
8187,7/25/2022 8:20,11.62,14.93
8188,7/25/2022 8:30,11.32,15.23
8189,7/25/2022 8:40,11.32,15.4
8190,7/25/2022 8:50,11.07,15.61
8191,7/25/2022 9:00,11.15,15.87
8192,7/25/2022 9:10,11.15,16.08
8193,7/25/2022 9:20,11.37,16.3
8194,7/25/2022 9:30,11.62,16.51
8195,7/25/2022 9:40,11.97,16.6
8196,7/25/2022 9:50,12.31,16.69
8197,7/25/2022 10:00,12.44,16.64
8198,7/25/2022 10:10,12.65,16.56
8199,7/25/2022 10:20,12.91,16.6
8200,7/25/2022 10:30,13,16.77
8201,7/25/2022 10:40,13.12,16.86
8202,7/25/2022 10:50,13.47,16.86
8203,7/25/2022 11:00,13.47,16.81
8204,7/25/2022 11:10,13.6,16.9
8205,7/25/2022 11:20,13.68,17.03
8206,7/25/2022 11:30,13.73,17.11
8207,7/25/2022 11:40,13.64,17.2
8208,7/25/2022 11:50,13.85,17.29
8209,7/25/2022 12:00,13.98,17.33
8210,7/25/2022 12:10,14.03,17.5
8211,7/25/2022 12:20,13.94,17.59
8212,7/25/2022 12:30,13.73,17.72
8213,7/25/2022 12:40,13.77,17.8
8214,7/25/2022 12:50,13.85,17.84
8215,7/25/2022 13:00,13.98,18.06
8216,7/25/2022 13:10,14.11,18.14
8217,7/25/2022 13:20,14.33,18.23
8218,7/25/2022 13:30,14.33,18.23
8219,7/25/2022 13:40,14.45,18.27
8220,7/25/2022 13:50,14.54,18.36
8221,7/25/2022 14:00,14.8,18.49
8222,7/25/2022 14:10,14.71,18.57
8223,7/25/2022 14:20,14.88,18.62
8224,7/25/2022 14:30,15.14,18.74
8225,7/25/2022 14:40,15.14,18.87
8226,7/25/2022 14:50,15.23,19.05
8227,7/25/2022 15:00,15.44,19.22
8228,7/25/2022 15:10,15.44,19.43
8229,7/25/2022 15:20,15.53,19.6
8230,7/25/2022 15:30,15.48,19.73
8231,7/25/2022 15:40,15.53,19.82
8232,7/25/2022 15:50,15.57,19.9
8233,7/25/2022 16:00,15.7,20.12
8234,7/25/2022 16:10,15.74,20.29
8235,7/25/2022 16:20,15.78,20.33
8236,7/25/2022 16:30,15.74,20.25
8237,7/25/2022 16:40,15.83,20.16
8238,7/25/2022 16:50,15.61,20.03
8239,7/25/2022 17:00,15.66,19.9
8240,7/25/2022 17:10,15.61,19.9
8241,7/25/2022 17:20,15.66,19.82
8242,7/25/2022 17:30,15.61,19.73
8243,7/25/2022 17:40,15.61,19.47
8244,7/25/2022 17:50,15.48,19.26
8245,7/25/2022 18:00,15.44,19.09
8246,7/25/2022 18:10,15.4,19
8247,7/25/2022 18:20,15.36,18.87
8248,7/25/2022 18:30,15.31,18.87
8249,7/25/2022 18:40,15.18,18.79
8250,7/25/2022 18:50,15.23,18.74
8251,7/25/2022 19:00,15.27,18.87
8252,7/25/2022 19:10,15.23,18.92
8253,7/25/2022 19:20,15.31,19.09
8254,7/25/2022 19:30,15.36,18.83
8255,7/25/2022 19:40,15.36,18.44
8256,7/25/2022 19:50,15.27,18.32
8257,7/25/2022 20:00,15.06,17.76
8258,7/25/2022 20:10,15.06,17.46
8259,7/25/2022 20:20,14.71,17.54
8260,7/25/2022 20:30,14.58,17.59
8261,7/25/2022 20:40,14.75,17.72
8262,7/25/2022 20:50,14.71,17.8
8263,7/25/2022 21:00,14.75,17.89
8264,7/25/2022 21:10,14.75,17.89
8265,7/25/2022 21:20,14.71,17.84
8266,7/25/2022 21:30,14.84,17.8
8267,7/25/2022 21:40,14.97,17.84
8268,7/25/2022 21:50,14.88,17.84
8269,7/25/2022 22:00,14.93,17.8
8270,7/25/2022 22:10,15.1,17.76
8271,7/25/2022 22:20,15.27,17.72
8272,7/25/2022 22:30,15.27,17.72
8273,7/25/2022 22:40,15.23,17.46
8274,7/25/2022 22:50,15.36,16.99
8275,7/25/2022 23:00,15.31,16.99
8276,7/25/2022 23:10,15.27,16.94
8277,7/25/2022 23:20,15.31,16.99
8278,7/25/2022 23:30,15.01,16.9
8279,7/25/2022 23:40,15.01,17.07
8280,7/25/2022 23:50,14.88,17.37
8281,7/26/2022 0:00,14.75,17.41
8282,7/26/2022 0:10,14.71,17.37
8283,7/26/2022 0:20,14.71,17.29
8284,7/26/2022 0:30,14.63,17.29
8285,7/26/2022 0:40,14.58,17.33
8286,7/26/2022 0:50,14.58,17.41
8287,7/26/2022 1:00,14.63,17.46
8288,7/26/2022 1:10,14.67,17.46
8289,7/26/2022 1:20,14.67,17.5
8290,7/26/2022 1:30,14.84,17.59
8291,7/26/2022 1:40,14.75,17.59
8292,7/26/2022 1:50,14.71,17.63
8293,7/26/2022 2:00,14.63,17.63
8294,7/26/2022 2:10,14.54,17.63
8295,7/26/2022 2:20,14.58,17.63
8296,7/26/2022 2:30,14.58,17.63
8297,7/26/2022 2:40,14.58,17.59
8298,7/26/2022 2:50,14.5,17.72
8299,7/26/2022 3:00,14.45,18.06
8300,7/26/2022 3:10,14.45,19
8301,7/26/2022 3:20,14.45,19.22
8302,7/26/2022 3:30,14.28,19.22
8303,7/26/2022 3:40,14.33,19
8304,7/26/2022 3:50,14.41,18.7
8305,7/26/2022 4:00,14.2,18.7
8306,7/26/2022 4:10,14.37,18.66
8307,7/26/2022 4:20,14.33,18.49
8308,7/26/2022 4:30,14.24,18.27
8309,7/26/2022 4:40,14.24,17.97
8310,7/26/2022 4:50,14.15,17.8
8311,7/26/2022 5:00,14.07,17.63
8312,7/26/2022 5:10,14.07,17.07
8313,7/26/2022 5:20,14.03,16.56
8314,7/26/2022 5:30,14.07,16.13
8315,7/26/2022 5:40,14.07,15.83
8316,7/26/2022 5:50,14.15,15.61
8317,7/26/2022 6:00,14.11,15.44
8318,7/26/2022 6:10,14.15,15.36
8319,7/26/2022 6:20,14.15,15.23
8320,7/26/2022 6:30,14.11,15.1
8321,7/26/2022 6:40,14.24,15.06
8322,7/26/2022 6:50,14.28,15.14
8323,7/26/2022 7:00,14.28,15.18
8324,7/26/2022 7:10,14.15,15.23
8325,7/26/2022 7:20,14.03,15.4
8326,7/26/2022 7:30,14.03,15.66
8327,7/26/2022 7:40,14.07,15.7
8328,7/26/2022 7:50,14.15,15.27
8329,7/26/2022 8:00,14.24,15.23
8330,7/26/2022 8:10,14.24,15.27
8331,7/26/2022 8:20,14.24,15.31
8332,7/26/2022 8:30,14.33,15.83
8333,7/26/2022 8:40,14.54,15.66
8334,7/26/2022 8:50,14.5,17.2
8335,7/26/2022 9:00,14.58,17.37
8336,7/26/2022 9:10,14.71,17.54
8337,7/26/2022 9:20,14.84,17.76
8338,7/26/2022 9:30,14.88,17.97
8339,7/26/2022 9:40,15.01,18.02
8340,7/26/2022 9:50,15.1,18.02
8341,7/26/2022 10:00,15.23,18.02
8342,7/26/2022 10:10,15.44,18.02
8343,7/26/2022 10:20,15.53,18.06
8344,7/26/2022 10:30,15.66,18.14
8345,7/26/2022 10:40,15.57,18.06
8346,7/26/2022 10:50,15.83,17.84
8347,7/26/2022 11:00,15.78,17.5
8348,7/26/2022 11:10,15.57,17.46
8349,7/26/2022 11:20,15.7,17.59
8350,7/26/2022 11:30,15.61,17.59
8351,7/26/2022 11:40,15.48,17.67
8352,7/26/2022 11:50,15.44,18.06
8353,7/26/2022 12:00,15.4,18.23
8354,7/26/2022 12:10,15.44,18.44
8355,7/26/2022 12:20,15.61,18.44
8356,7/26/2022 12:30,15.66,18.23
8357,7/26/2022 12:40,15.66,18.23
8358,7/26/2022 12:50,15.66,18.19
8359,7/26/2022 13:00,15.66,18.19
8360,7/26/2022 13:10,15.78,18.36
8361,7/26/2022 13:20,15.7,18.49
8362,7/26/2022 13:30,15.74,18.66
8363,7/26/2022 13:40,15.83,18.79
8364,7/26/2022 13:50,15.91,19.05
8365,7/26/2022 14:00,15.91,19.3
8366,7/26/2022 14:10,16.04,19.56
8367,7/26/2022 14:20,16,19.99
8368,7/26/2022 14:30,16,20.29
8369,7/26/2022 14:40,16.04,20.46
8370,7/26/2022 14:50,16.04,20.68
8371,7/26/2022 15:00,16.17,20.85
8372,7/26/2022 15:10,16.26,20.89
8373,7/26/2022 15:20,16.26,21.06
8374,7/26/2022 15:30,16.26,21.23
8375,7/26/2022 15:40,16.34,21.4
8376,7/26/2022 15:50,16.13,21.53
8377,7/26/2022 16:00,16.17,21.53
8378,7/26/2022 16:10,16.17,21.7
8379,7/26/2022 16:20,16.13,21.75
8380,7/26/2022 16:30,16,21.7
8381,7/26/2022 16:40,15.78,21.53
8382,7/26/2022 16:50,15.74,21.4
8383,7/26/2022 17:00,15.57,21.36
8384,7/26/2022 17:10,15.4,21.32
8385,7/26/2022 17:20,15.48,21.28
8386,7/26/2022 17:30,15.4,21.23
8387,7/26/2022 17:40,15.18,20.8
8388,7/26/2022 17:50,15.01,20.33
8389,7/26/2022 18:00,14.88,20.29
8390,7/26/2022 18:10,14.93,20.12
8391,7/26/2022 18:20,14.84,19.99
8392,7/26/2022 18:30,14.8,19.86
8393,7/26/2022 18:40,14.88,19.6
8394,7/26/2022 18:50,14.84,19.43
8395,7/26/2022 19:00,14.75,19.39
8396,7/26/2022 19:10,14.71,19.39
8397,7/26/2022 19:20,14.54,19.35
8398,7/26/2022 19:30,14.54,19.09
8399,7/26/2022 19:40,14.54,18.83
8400,7/26/2022 19:50,14.45,19
8401,7/26/2022 20:00,14.41,18.83
8402,7/26/2022 20:10,14.24,17.76
8403,7/26/2022 20:20,14.2,17.37
8404,7/26/2022 20:30,14.15,17.03
8405,7/26/2022 20:40,14.07,16.9
8406,7/26/2022 20:50,14.11,16.99
8407,7/26/2022 21:00,14.07,17.2
8408,7/26/2022 21:10,14.15,17.46
8409,7/26/2022 21:20,14.24,17.76
8410,7/26/2022 21:30,14.15,18.02
8411,7/26/2022 21:40,14.33,18.32
8412,7/26/2022 21:50,14.54,18.4
8413,7/26/2022 22:00,14.71,18.44
8414,7/26/2022 22:10,14.5,18.4
8415,7/26/2022 22:20,14.45,18.23
8416,7/26/2022 22:30,14.67,18.1
8417,7/26/2022 22:40,14.75,18.1
8418,7/26/2022 22:50,15.01,18.06
8419,7/26/2022 23:00,14.88,18.02
8420,7/26/2022 23:10,14.71,17.89
8421,7/26/2022 23:20,14.41,17.41
8422,7/26/2022 23:30,14.41,16.99
8423,7/26/2022 23:40,14.41,16.86
8424,7/26/2022 23:50,14.33,16.9
8425,7/27/2022 0:00,14.2,16.9
8426,7/27/2022 0:10,14.15,16.94
8427,7/27/2022 0:20,13.85,17.03
8428,7/27/2022 0:30,13.85,17.2
8429,7/27/2022 0:40,13.73,17.37
8430,7/27/2022 0:50,13.81,17.67
8431,7/27/2022 1:00,13.68,17.67
8432,7/27/2022 1:10,13.51,17.63
8433,7/27/2022 1:20,13.51,17.59
8434,7/27/2022 1:30,13.55,17.67
8435,7/27/2022 1:40,13.55,17.72
8436,7/27/2022 1:50,13.47,17.72
8437,7/27/2022 2:00,13.43,17.8
8438,7/27/2022 2:10,13.43,17.89
8439,7/27/2022 2:20,13.38,17.93
8440,7/27/2022 2:30,13.25,17.93
8441,7/27/2022 2:40,13.21,17.93
8442,7/27/2022 2:50,13.12,17.93
8443,7/27/2022 3:00,13.17,17.89
8444,7/27/2022 3:10,13.21,17.93
8445,7/27/2022 3:20,13.12,17.97
8446,7/27/2022 3:30,13.17,18.4
8447,7/27/2022 3:40,13.21,19.13
8448,7/27/2022 3:50,13.25,19.47
8449,7/27/2022 4:00,13.34,19.3
8450,7/27/2022 4:10,13.38,19.09
8451,7/27/2022 4:20,13.34,18.74
8452,7/27/2022 4:30,13.3,18.74
8453,7/27/2022 4:40,13.3,18.66
8454,7/27/2022 4:50,13.34,18.57
8455,7/27/2022 5:00,13.25,18.27
8456,7/27/2022 5:10,13.3,18.06
8457,7/27/2022 5:20,13.3,17.89
8458,7/27/2022 5:30,13.25,17.76
8459,7/27/2022 5:40,13.3,17.2
8460,7/27/2022 5:50,13.3,16.56
8461,7/27/2022 6:00,13.38,16.26
8462,7/27/2022 6:10,13.3,15.91
8463,7/27/2022 6:20,13.21,15.74
8464,7/27/2022 6:30,13.17,15.7
8465,7/27/2022 6:40,13.21,15.61
8466,7/27/2022 6:50,13.34,15.4
8467,7/27/2022 7:00,13.25,15.36
8468,7/27/2022 7:10,13.17,15.31
8469,7/27/2022 7:20,13.21,15.57
8470,7/27/2022 7:30,13.3,15.14
8471,7/27/2022 7:40,13.25,15.36
8472,7/27/2022 7:50,13.3,15.18
8473,7/27/2022 8:00,13.43,15.1
8474,7/27/2022 8:10,13.38,15.14
8475,7/27/2022 8:20,13.3,15.18
8476,7/27/2022 8:30,13.38,15.23
8477,7/27/2022 8:40,13.34,15.1
8478,7/27/2022 8:50,13.34,15.18
8479,7/27/2022 9:00,13.34,15.23
8480,7/27/2022 9:10,13.43,15.44
8481,7/27/2022 9:20,13.43,15.57
8482,7/27/2022 9:30,13.38,17.46
8483,7/27/2022 9:40,13.47,17.59
8484,7/27/2022 9:50,13.47,17.97
8485,7/27/2022 10:00,13.47,18.14
8486,7/27/2022 10:10,13.51,18.23
8487,7/27/2022 10:20,13.55,18.27
8488,7/27/2022 10:30,13.6,18.19
8489,7/27/2022 10:40,13.6,18.19
8490,7/27/2022 10:50,13.6,17.67
8491,7/27/2022 11:00,13.68,17.24
8492,7/27/2022 11:10,13.68,17.07
8493,7/27/2022 11:20,13.81,17.07
8494,7/27/2022 11:30,13.94,17.16
8495,7/27/2022 11:40,14.03,17.16
8496,7/27/2022 11:50,14.11,17.11
8497,7/27/2022 12:00,14.24,17.2
8498,7/27/2022 12:10,14.15,17.2
8499,7/27/2022 12:20,14.24,17.2
8500,7/27/2022 12:30,14.37,17.37
8501,7/27/2022 12:40,14.45,17.54
8502,7/27/2022 12:50,14.45,17.63
8503,7/27/2022 13:00,14.54,17.54
8504,7/27/2022 13:10,14.54,17.54
8505,7/27/2022 13:20,14.45,17.54
8506,7/27/2022 13:30,14.45,17.63
8507,7/27/2022 13:40,14.37,17.67
8508,7/27/2022 13:50,14.37,17.72
8509,7/27/2022 14:00,14.24,17.8
8510,7/27/2022 14:10,14.15,17.89
8511,7/27/2022 14:20,14.03,18.02
8512,7/27/2022 14:30,14.11,18.14
8513,7/27/2022 14:40,14.07,18.27
8514,7/27/2022 14:50,14.15,18.4
8515,7/27/2022 15:00,14.11,18.57
8516,7/27/2022 15:10,14.07,18.7
8517,7/27/2022 15:20,14.15,18.79
8518,7/27/2022 15:30,14.11,18.92
8519,7/27/2022 15:40,14.03,19.13
8520,7/27/2022 15:50,13.81,19.22
8521,7/27/2022 16:00,13.81,19.26
8522,7/27/2022 16:10,13.68,19.43
8523,7/27/2022 16:20,13.81,19.56
8524,7/27/2022 16:30,13.73,19.77
8525,7/27/2022 16:40,13.85,19.86
8526,7/27/2022 16:50,13.98,20.42
8527,7/27/2022 17:00,13.77,20.63
8528,7/27/2022 17:10,13.9,20.76
8529,7/27/2022 17:20,13.81,20.85
8530,7/27/2022 17:30,14.03,20.85
8531,7/27/2022 17:40,13.98,20.8
8532,7/27/2022 17:50,13.77,20.72
8533,7/27/2022 18:00,13.9,20.59
8534,7/27/2022 18:10,13.77,20.42
8535,7/27/2022 18:20,13.68,20.16
8536,7/27/2022 18:30,13.6,19.82
8537,7/27/2022 18:40,13.55,19.47
8538,7/27/2022 18:50,13.34,19.35
8539,7/27/2022 19:00,13.25,19.26
8540,7/27/2022 19:10,13.04,19.09
8541,7/27/2022 19:20,13.04,18.92
8542,7/27/2022 19:30,13,18.87
8543,7/27/2022 19:40,12.91,18.92
8544,7/27/2022 19:50,13,18.92
8545,7/27/2022 20:00,12.87,19
8546,7/27/2022 20:10,12.65,19.22
8547,7/27/2022 20:20,13,19.22
8548,7/27/2022 20:30,13.04,18.74
8549,7/27/2022 20:40,13.17,17.84
8550,7/27/2022 20:50,13.17,17.84
8551,7/27/2022 21:00,13.21,18.02
8552,7/27/2022 21:10,13.21,18.23
8553,7/27/2022 21:20,13.17,18.53
8554,7/27/2022 21:30,13.21,18.57
8555,7/27/2022 21:40,13.17,18.62
8556,7/27/2022 21:50,13.3,18.32
8557,7/27/2022 22:00,13.64,18.32
8558,7/27/2022 22:10,13.81,18.14
8559,7/27/2022 22:20,13.98,17.89
8560,7/27/2022 22:30,14.07,17.8
8561,7/27/2022 22:40,14.28,17.72
8562,7/27/2022 22:50,14.8,17.67
8563,7/27/2022 23:00,15.14,17.54
8564,7/27/2022 23:10,15.91,17.5
8565,7/27/2022 23:20,16.73,17.41
8566,7/27/2022 23:30,16.47,17.5
8567,7/27/2022 23:40,16.21,17.46
8568,7/27/2022 23:50,15.66,17.54
8569,7/28/2022 0:00,15.18,17.41
8570,7/28/2022 0:10,14.11,17.37
8571,7/28/2022 0:20,13.9,17.41
8572,7/28/2022 0:30,13.94,17.46
8573,7/28/2022 0:40,13.73,17.63
8574,7/28/2022 0:50,13.6,17.72
8575,7/28/2022 1:00,13.25,17.46
8576,7/28/2022 1:10,13.17,17.41
8577,7/28/2022 1:20,13.21,17.5
8578,7/28/2022 1:30,13.12,17.54
8579,7/28/2022 1:40,13.21,17.72
8580,7/28/2022 1:50,13.12,17.8
8581,7/28/2022 2:00,13.12,17.8
8582,7/28/2022 2:10,13.17,17.72
8583,7/28/2022 2:20,13.04,17.72
8584,7/28/2022 2:30,12.82,17.59
8585,7/28/2022 2:40,13,17.67
8586,7/28/2022 2:50,12.87,17.67
8587,7/28/2022 3:00,12.78,17.76
8588,7/28/2022 3:10,12.7,17.8
8589,7/28/2022 3:20,12.7,17.84
8590,7/28/2022 3:30,12.74,17.84
8591,7/28/2022 3:40,12.82,17.84
8592,7/28/2022 3:50,12.74,18.06
8593,7/28/2022 4:00,12.78,18.36
8594,7/28/2022 4:10,12.91,18.32
8595,7/28/2022 4:20,12.74,18.27
8596,7/28/2022 4:30,12.65,18.1
8597,7/28/2022 4:40,12.65,17.8
8598,7/28/2022 4:50,12.61,17.72
8599,7/28/2022 5:00,12.61,17.59
8600,7/28/2022 5:10,12.61,17.54
8601,7/28/2022 5:20,12.57,17.41
8602,7/28/2022 5:30,12.65,17.2
8603,7/28/2022 5:40,12.74,16.99
8604,7/28/2022 5:50,12.82,16.9
8605,7/28/2022 6:00,12.87,16.69
8606,7/28/2022 6:10,12.61,16.39
8607,7/28/2022 6:20,12.35,15.78
8608,7/28/2022 6:30,12.18,15.44
8609,7/28/2022 6:40,12.18,15.23
8610,7/28/2022 6:50,12.1,15.14
8611,7/28/2022 7:00,12.14,14.93
8612,7/28/2022 7:10,12.05,13.64
8613,7/28/2022 7:20,12.14,13.38
8614,7/28/2022 7:30,12.18,13.47
8615,7/28/2022 7:40,12.31,13.51
8616,7/28/2022 7:50,12.22,13.6
8617,7/28/2022 8:00,12.18,13.6
8618,7/28/2022 8:10,12.22,13.85
8619,7/28/2022 8:20,12.31,14.2
8620,7/28/2022 8:30,12.22,14.33
8621,7/28/2022 8:40,12.4,14.58
8622,7/28/2022 8:50,12.44,14.58
8623,7/28/2022 9:00,12.44,15.14
8624,7/28/2022 9:10,12.44,15.7
8625,7/28/2022 9:20,12.65,16.3
8626,7/28/2022 9:30,12.82,16.9
8627,7/28/2022 9:40,12.87,16.99
8628,7/28/2022 9:50,13.04,17.16
8629,7/28/2022 10:00,13.08,18.06
8630,7/28/2022 10:10,13.08,17.72
8631,7/28/2022 10:20,13.3,17.89
8632,7/28/2022 10:30,13.17,17.93
8633,7/28/2022 10:40,13.3,17.97
8634,7/28/2022 10:50,13.25,18.02
8635,7/28/2022 11:00,13.17,17.67
8636,7/28/2022 11:10,13.34,17.29
8637,7/28/2022 11:20,13.34,16.99
8638,7/28/2022 11:30,13.43,16.94
8639,7/28/2022 11:40,13.43,16.9
8640,7/28/2022 11:50,13.47,16.94
8641,7/28/2022 12:00,13.55,16.86
8642,7/28/2022 12:10,13.55,16.86
8643,7/28/2022 12:20,13.51,16.81
8644,7/28/2022 12:30,13.55,16.99
8645,7/28/2022 12:40,13.68,17.11
8646,7/28/2022 12:50,13.55,17.24
8647,7/28/2022 13:00,13.55,17.2
8648,7/28/2022 13:10,13.51,17.11
8649,7/28/2022 13:20,13.51,17.16
8650,7/28/2022 13:30,13.47,17.2
8651,7/28/2022 13:40,13.6,17.33
8652,7/28/2022 13:50,13.51,17.46
8653,7/28/2022 14:00,13.77,17.5
8654,7/28/2022 14:10,13.68,17.72
8655,7/28/2022 14:20,13.51,17.76
8656,7/28/2022 14:30,13.51,17.8
8657,7/28/2022 14:40,13.81,17.89
8658,7/28/2022 14:50,13.81,18.02
8659,7/28/2022 15:00,13.94,18.1
8660,7/28/2022 15:10,13.98,18.23
8661,7/28/2022 15:20,14.24,18.4
8662,7/28/2022 15:30,14.37,18.49
8663,7/28/2022 15:40,14.41,18.7
8664,7/28/2022 15:50,14.45,18.83
8665,7/28/2022 16:00,14.71,18.92
8666,7/28/2022 16:10,14.8,18.96
8667,7/28/2022 16:20,14.71,19.22
8668,7/28/2022 16:30,14.75,19.26
8669,7/28/2022 16:40,14.63,19.35
8670,7/28/2022 16:50,14.67,19.39
8671,7/28/2022 17:00,14.63,19.52
8672,7/28/2022 17:10,14.67,19.6
8673,7/28/2022 17:20,14.54,19.47
8674,7/28/2022 17:30,14.54,19.3
8675,7/28/2022 17:40,14.5,19.13
8676,7/28/2022 17:50,14.45,19.22
8677,7/28/2022 18:00,14.41,19.09
8678,7/28/2022 18:10,14.28,18.87
8679,7/28/2022 18:20,14.24,18.57
8680,7/28/2022 18:30,14.2,18.32
8681,7/28/2022 18:40,14.2,18.32
8682,7/28/2022 18:50,14.15,18.27
8683,7/28/2022 19:00,14.15,18.19
8684,7/28/2022 19:10,14.07,18.06
8685,7/28/2022 19:20,14.03,17.97
8686,7/28/2022 19:30,14.07,18.02
8687,7/28/2022 19:40,13.98,18.06
8688,7/28/2022 19:50,14.03,17.93
8689,7/28/2022 20:00,13.98,17.89
8690,7/28/2022 20:10,13.77,17.8
8691,7/28/2022 20:20,13.77,17.67
8692,7/28/2022 20:30,13.77,17.5
8693,7/28/2022 20:40,13.77,17.29
8694,7/28/2022 20:50,13.64,16.9
8695,7/28/2022 21:00,13.51,16.56
8696,7/28/2022 21:10,13.6,16.64
8697,7/28/2022 21:20,13.73,17.11
8698,7/28/2022 21:30,13.81,17.41
8699,7/28/2022 21:40,13.85,17.59
8700,7/28/2022 21:50,14.03,17.33
8701,7/28/2022 22:00,13.98,17.2
8702,7/28/2022 22:10,14.11,17.16
8703,7/28/2022 22:20,14.11,17.2
8704,7/28/2022 22:30,14.2,17.16
8705,7/28/2022 22:40,14.2,17.11
8706,7/28/2022 22:50,14.2,16.94
8707,7/28/2022 23:00,14.28,16.81
8708,7/28/2022 23:10,14.84,16.69
8709,7/28/2022 23:20,15.27,16.56
8710,7/28/2022 23:30,15.66,16.47
8711,7/28/2022 23:40,15.91,16.39
8712,7/28/2022 23:50,16.04,16.39
8713,7/29/2022 0:00,16.13,16.39
8714,7/29/2022 0:10,16.13,16.39
8715,7/29/2022 0:20,15.83,16.34
8716,7/29/2022 0:30,15.74,16.34
8717,7/29/2022 0:40,15.36,16.43
8718,7/29/2022 0:50,14.54,16.43
8719,7/29/2022 1:00,14.2,16.43
8720,7/29/2022 1:10,14.03,16.51
8721,7/29/2022 1:20,13.98,16.6
8722,7/29/2022 1:30,13.94,16.73
8723,7/29/2022 1:40,13.94,16.9
8724,7/29/2022 1:50,13.85,17.03
8725,7/29/2022 2:00,13.85,17.2
8726,7/29/2022 2:10,13.9,17.29
8727,7/29/2022 2:20,13.85,17.37
8728,7/29/2022 2:30,13.81,17.37
8729,7/29/2022 2:40,13.85,17.16
8730,7/29/2022 2:50,13.73,17.2
8731,7/29/2022 3:00,13.68,17.29
8732,7/29/2022 3:10,13.64,17.29
8733,7/29/2022 3:20,13.6,17.37
8734,7/29/2022 3:30,13.51,17.24
8735,7/29/2022 3:40,13.51,17.2
8736,7/29/2022 3:50,13.51,17.2
8737,7/29/2022 4:00,13.51,17.24
8738,7/29/2022 4:10,13.43,17.29
8739,7/29/2022 4:20,13.51,17.33
8740,7/29/2022 4:30,13.51,17.41
8741,7/29/2022 4:40,13.34,17.16
8742,7/29/2022 4:50,13.25,16.81
8743,7/29/2022 5:00,13.34,16.81
8744,7/29/2022 5:10,13.25,16.73
8745,7/29/2022 5:20,13.34,16.47
8746,7/29/2022 5:30,13.21,16.34
8747,7/29/2022 5:40,13.21,16.26
8748,7/29/2022 5:50,13.17,16.26
8749,7/29/2022 6:00,13.21,16.21
8750,7/29/2022 6:10,13.21,16.13
8751,7/29/2022 6:20,13.08,16.04
8752,7/29/2022 6:30,13.12,16
8753,7/29/2022 6:40,13.08,15.96
8754,7/29/2022 6:50,13.08,15.44
8755,7/29/2022 7:00,13.08,15.1
8756,7/29/2022 7:10,13,14.97
8757,7/29/2022 7:20,12.87,14.93
8758,7/29/2022 7:30,12.87,15.01
8759,7/29/2022 7:40,12.82,15.1
8760,7/29/2022 7:50,12.82,15.31
8761,7/29/2022 8:00,12.91,15.4
8762,7/29/2022 8:10,12.82,15.61
8763,7/29/2022 8:20,12.78,15.7
8764,7/29/2022 8:30,12.82,15.83
8765,7/29/2022 8:40,12.82,16.04
8766,7/29/2022 8:50,12.74,16.21
8767,7/29/2022 9:00,12.82,16.73
8768,7/29/2022 9:10,13,17.33
8769,7/29/2022 9:20,13.08,17.93
8770,7/29/2022 9:30,13.12,18.27
8771,7/29/2022 9:40,13.3,18.53
8772,7/29/2022 9:50,13.34,18.7
8773,7/29/2022 10:00,13.47,19.17
8774,7/29/2022 10:10,13.64,19.26
8775,7/29/2022 10:20,13.81,19.39
8776,7/29/2022 10:30,13.98,19.82
8777,7/29/2022 10:40,14.07,18.57
8778,7/29/2022 10:50,14.15,18.1
8779,7/29/2022 11:00,14.33,17.84
8780,7/29/2022 11:10,14.45,17.89
8781,7/29/2022 11:20,14.45,17.89
8782,7/29/2022 11:30,14.54,17.89
8783,7/29/2022 11:40,14.5,17.97
8784,7/29/2022 11:50,14.45,17.93
8785,7/29/2022 12:00,14.63,17.8
8786,7/29/2022 12:10,14.71,17.76
8787,7/29/2022 12:20,14.15,17.72
8788,7/29/2022 12:30,14.24,17.67
8789,7/29/2022 12:40,14.07,17.63
8790,7/29/2022 12:50,14.15,17.67
8791,7/29/2022 13:00,14.07,17.76
8792,7/29/2022 13:10,14.03,18.19
8793,7/29/2022 13:20,14.24,18.44
8794,7/29/2022 13:30,14.2,18.36
8795,7/29/2022 13:40,14.45,18.23
8796,7/29/2022 13:50,14.5,18.36
8797,7/29/2022 14:00,14.54,18.32
8798,7/29/2022 14:10,14.5,18.49
8799,7/29/2022 14:20,14.71,18.57
8800,7/29/2022 14:30,14.63,18.62
8801,7/29/2022 14:40,14.71,19.05
8802,7/29/2022 14:50,14.63,19.13
8803,7/29/2022 15:00,14.63,19.09
8804,7/29/2022 15:10,14.58,19.09
8805,7/29/2022 15:20,14.71,19.22
8806,7/29/2022 15:30,14.71,19.35
8807,7/29/2022 15:40,14.75,19.65
8808,7/29/2022 15:50,14.71,19.9
8809,7/29/2022 16:00,14.8,20.03
8810,7/29/2022 16:10,14.75,19.9
8811,7/29/2022 16:20,14.93,19.95
8812,7/29/2022 16:30,14.71,20.12
8813,7/29/2022 16:40,14.71,20.42
8814,7/29/2022 16:50,14.75,20.63
8815,7/29/2022 17:00,14.67,20.76
8816,7/29/2022 17:10,14.63,20.98
8817,7/29/2022 17:20,14.54,21.1
8818,7/29/2022 17:30,14.45,21.19
8819,7/29/2022 17:40,14.37,21.36
8820,7/29/2022 17:50,14.54,21.4
8821,7/29/2022 18:00,14.5,21.28
8822,7/29/2022 18:10,14.41,21.19
8823,7/29/2022 18:20,14.37,21.1
8824,7/29/2022 18:30,14.28,20.98
8825,7/29/2022 18:40,14.45,20.8
8826,7/29/2022 18:50,14.37,20.55
8827,7/29/2022 19:00,14.37,20.37
8828,7/29/2022 19:10,14.28,20.07
8829,7/29/2022 19:20,14.28,19.82
8830,7/29/2022 19:30,14.28,19.65
8831,7/29/2022 19:40,14.2,19.47
8832,7/29/2022 19:50,14.15,19.43
8833,7/29/2022 20:00,14.15,19.05
8834,7/29/2022 20:10,14.2,18.87
8835,7/29/2022 20:20,14.11,18.7
8836,7/29/2022 20:30,14.15,18.53
8837,7/29/2022 20:40,14.2,18.57
8838,7/29/2022 20:50,14.24,18.49
8839,7/29/2022 21:00,14.28,18.32
8840,7/29/2022 21:10,14.33,18.32
8841,7/29/2022 21:20,14.28,18.32
8842,7/29/2022 21:30,14.33,18.27
8843,7/29/2022 21:40,14.33,18.1
8844,7/29/2022 21:50,14.28,17.59
8845,7/29/2022 22:00,14.33,17.16
8846,7/29/2022 22:10,14.28,17.24
8847,7/29/2022 22:20,14.33,17.54
8848,7/29/2022 22:30,14.41,17.84
8849,7/29/2022 22:40,14.37,17.97
8850,7/29/2022 22:50,14.41,17.97
8851,7/29/2022 23:00,14.45,18.06
8852,7/29/2022 23:10,14.5,17.93
8853,7/29/2022 23:20,14.54,17.63
8854,7/29/2022 23:30,14.5,17.59
8855,7/29/2022 23:40,14.54,17.54
8856,7/29/2022 23:50,14.67,17.46
8857,7/30/2022 0:00,14.75,17.37
8858,7/30/2022 0:10,14.97,17.29
8859,7/30/2022 0:20,15.14,17.24
8860,7/30/2022 0:30,15.48,17.2
8861,7/30/2022 0:40,15.48,17.2
8862,7/30/2022 0:50,15.57,17.24
8863,7/30/2022 1:00,15.44,17.16
8864,7/30/2022 1:10,14.84,17.16
8865,7/30/2022 1:20,14.45,17.24
8866,7/30/2022 1:30,14.28,17.37
8867,7/30/2022 1:40,14.15,17.46
8868,7/30/2022 1:50,14.2,17.5
8869,7/30/2022 2:00,13.98,17.59
8870,7/30/2022 2:10,14.07,17.5
8871,7/30/2022 2:20,13.9,17.24
8872,7/30/2022 2:30,13.85,17.29
8873,7/30/2022 2:40,13.85,17.37
8874,7/30/2022 2:50,13.94,17.24
8875,7/30/2022 3:00,13.98,17.37
8876,7/30/2022 3:10,14.03,17.54
8877,7/30/2022 3:20,13.94,17.59
8878,7/30/2022 3:30,13.94,17.63
8879,7/30/2022 3:40,13.94,17.67
8880,7/30/2022 3:50,13.68,17.72
8881,7/30/2022 4:00,13.43,17.84
8882,7/30/2022 4:10,13.21,17.89
8883,7/30/2022 4:20,13.08,17.89
8884,7/30/2022 4:30,13.3,17.89
8885,7/30/2022 4:40,13.25,17.89
8886,7/30/2022 4:50,13.34,17.89
8887,7/30/2022 5:00,13.51,17.84
8888,7/30/2022 5:10,13.47,18.02
8889,7/30/2022 5:20,13.55,18.19
8890,7/30/2022 5:30,13.81,17.97
8891,7/30/2022 5:40,13.81,17.72
8892,7/30/2022 5:50,13.6,17.5
8893,7/30/2022 6:00,13.55,17.2
8894,7/30/2022 6:10,13.6,16.99
8895,7/30/2022 6:20,13.51,16.99
8896,7/30/2022 6:30,13.55,16.94
8897,7/30/2022 6:40,13.6,16.9
8898,7/30/2022 6:50,13.43,16.77
8899,7/30/2022 7:00,13.3,16.77
8900,7/30/2022 7:10,13.34,16.69
8901,7/30/2022 7:20,13.25,16.3
8902,7/30/2022 7:30,13.3,15.36
8903,7/30/2022 7:40,13.3,15.01
8904,7/30/2022 7:50,13.25,14.97
8905,7/30/2022 8:00,13.25,15.01
8906,7/30/2022 8:10,13.34,14.97
8907,7/30/2022 8:20,13.34,15.06
8908,7/30/2022 8:30,13.3,15.18
8909,7/30/2022 8:40,13.34,15.27
8910,7/30/2022 8:50,13.25,15.27
8911,7/30/2022 9:00,13.25,15.18
8912,7/30/2022 9:10,13.25,15.7
8913,7/30/2022 9:20,13.38,15.96
8914,7/30/2022 9:30,13.47,15.87
8915,7/30/2022 9:40,13.55,15.7
8916,7/30/2022 9:50,13.68,15.96
8917,7/30/2022 10:00,13.68,16.3
8918,7/30/2022 10:10,13.77,17.03
8919,7/30/2022 10:20,13.77,17.16
8920,7/30/2022 10:30,13.68,17.2
8921,7/30/2022 10:40,13.77,17.59
8922,7/30/2022 10:50,13.85,18.7
8923,7/30/2022 11:00,14.07,18.32
8924,7/30/2022 11:10,14.15,18.14
8925,7/30/2022 11:20,14.11,18.06
8926,7/30/2022 11:30,14.15,18.06
8927,7/30/2022 11:40,14.37,18.14
8928,7/30/2022 11:50,14.63,18.06
8929,7/30/2022 12:00,14.63,17.97
8930,7/30/2022 12:10,14.67,17.93
8931,7/30/2022 12:20,14.63,17.89
8932,7/30/2022 12:30,14.71,17.67
8933,7/30/2022 12:40,14.63,17.41
8934,7/30/2022 12:50,14.33,17.37
8935,7/30/2022 13:00,14.2,17.29
8936,7/30/2022 13:10,14.2,17.29
8937,7/30/2022 13:20,14.03,17.37
8938,7/30/2022 13:30,14.07,17.37
8939,7/30/2022 13:40,14.07,17.59
8940,7/30/2022 13:50,14.03,17.8
8941,7/30/2022 14:00,14.28,17.76
8942,7/30/2022 14:10,14.54,17.76
8943,7/30/2022 14:20,14.75,17.67
8944,7/30/2022 14:30,14.93,17.63
8945,7/30/2022 14:40,15.1,17.67
8946,7/30/2022 14:50,15.01,17.89
8947,7/30/2022 15:00,15.01,18.1
8948,7/30/2022 15:10,15.36,18.19
8949,7/30/2022 15:20,15.4,18.19
8950,7/30/2022 15:30,15.23,18.19
8951,7/30/2022 15:40,14.8,18.23
8952,7/30/2022 15:50,14.54,18.27
8953,7/30/2022 16:00,14.45,18.23
8954,7/30/2022 16:10,14.71,18.14
8955,7/30/2022 16:20,14.8,18.23
8956,7/30/2022 16:30,14.8,18.23
8957,7/30/2022 16:40,14.93,18.19
8958,7/30/2022 16:50,15.1,18.23
8959,7/30/2022 17:00,15.06,18.32
8960,7/30/2022 17:10,15.06,18.4
8961,7/30/2022 17:20,15.06,18.49
8962,7/30/2022 17:30,15.14,18.7
8963,7/30/2022 17:40,15.18,18.83
8964,7/30/2022 17:50,15.18,19.05
8965,7/30/2022 18:00,15.14,19.35
8966,7/30/2022 18:10,15.1,19.6
8967,7/30/2022 18:20,15.01,19.56
8968,7/30/2022 18:30,14.97,19.52
8969,7/30/2022 18:40,14.97,19.43
8970,7/30/2022 18:50,14.93,19.43
8971,7/30/2022 19:00,14.93,19.47
8972,7/30/2022 19:10,14.93,19.47
8973,7/30/2022 19:20,14.93,19.47
8974,7/30/2022 19:30,14.93,19.39
8975,7/30/2022 19:40,14.88,19.35
8976,7/30/2022 19:50,14.93,19.22
8977,7/30/2022 20:00,14.97,19
8978,7/30/2022 20:10,14.93,18.79
8979,7/30/2022 20:20,14.88,18.66
8980,7/30/2022 20:30,14.84,18.57
8981,7/30/2022 20:40,14.93,18.53
8982,7/30/2022 20:50,14.97,18.32
8983,7/30/2022 21:00,14.93,18.1
8984,7/30/2022 21:10,14.88,17.93
8985,7/30/2022 21:20,14.88,17.89
8986,7/30/2022 21:30,14.84,17.72
8987,7/30/2022 21:40,14.75,17.59
8988,7/30/2022 21:50,14.75,17.5
8989,7/30/2022 22:00,14.67,17.54
8990,7/30/2022 22:10,14.67,17.41
8991,7/30/2022 22:20,14.67,17.37
8992,7/30/2022 22:30,14.58,17.24
8993,7/30/2022 22:40,14.58,17.33
8994,7/30/2022 22:50,14.54,17.33
8995,7/30/2022 23:00,14.45,16.9
8996,7/30/2022 23:10,14.41,16.69
8997,7/30/2022 23:20,14.33,16.69
8998,7/30/2022 23:30,14.37,16.81
8999,7/30/2022 23:40,14.28,16.94
9000,7/30/2022 23:50,14.24,16.94
9001,7/31/2022 0:00,14.24,17.03
9002,7/31/2022 0:10,14.28,17.2
9003,7/31/2022 0:20,14.28,17.03
9004,7/31/2022 0:30,14.33,17.07
9005,7/31/2022 0:40,14.37,17.16
9006,7/31/2022 0:50,14.33,17.07
9007,7/31/2022 1:00,14.37,16.99
9008,7/31/2022 1:10,14.5,16.99
9009,7/31/2022 1:20,14.41,17.03
9010,7/31/2022 1:30,14.5,17.07
9011,7/31/2022 1:40,14.45,16.99
9012,7/31/2022 1:50,14.5,16.86
9013,7/31/2022 2:00,14.45,16.77
9014,7/31/2022 2:10,14.45,16.6
9015,7/31/2022 2:20,14.41,16.64
9016,7/31/2022 2:30,14.33,16.69
9017,7/31/2022 2:40,14.41,16.81
9018,7/31/2022 2:50,14.33,16.77
9019,7/31/2022 3:00,14.24,16.77
9020,7/31/2022 3:10,14.28,16.86
9021,7/31/2022 3:20,14.24,16.86
9022,7/31/2022 3:30,14.24,16.86
9023,7/31/2022 3:40,14.2,16.99
9024,7/31/2022 3:50,14.15,17.03
9025,7/31/2022 4:00,14.11,17.16
9026,7/31/2022 4:10,14.07,17.16
9027,7/31/2022 4:20,14.03,17.29
9028,7/31/2022 4:30,13.94,17.37
9029,7/31/2022 4:40,13.85,17.46
9030,7/31/2022 4:50,13.77,17.5
9031,7/31/2022 5:00,13.64,17.5
9032,7/31/2022 5:10,13.51,17.54
9033,7/31/2022 5:20,13.51,17.54
9034,7/31/2022 5:30,13.47,17.46
9035,7/31/2022 5:40,13.51,17.72
9036,7/31/2022 5:50,13.55,17.67
9037,7/31/2022 6:00,13.34,17.63
9038,7/31/2022 6:10,13.38,17.5
9039,7/31/2022 6:20,13.55,17.37
9040,7/31/2022 6:30,13.73,17.16
9041,7/31/2022 6:40,13.73,16.94
9042,7/31/2022 6:50,13.9,16.69
9043,7/31/2022 7:00,13.81,16.73
9044,7/31/2022 7:10,13.47,16.73
9045,7/31/2022 7:20,13.25,16.73
9046,7/31/2022 7:30,13.34,16.81
9047,7/31/2022 7:40,13.47,16.94
9048,7/31/2022 7:50,13.6,16.9
9049,7/31/2022 8:00,13.68,16.34
9050,7/31/2022 8:10,13.6,15.7
9051,7/31/2022 8:20,13.51,16.3
9052,7/31/2022 8:30,13.6,16.69
9053,7/31/2022 8:40,13.64,16.73
9054,7/31/2022 8:50,13.85,16.39
9055,7/31/2022 9:00,13.98,16.86
9056,7/31/2022 9:10,14.15,17.11
9057,7/31/2022 9:20,14.15,16.94
9058,7/31/2022 9:30,14.07,16.6
9059,7/31/2022 9:40,14.03,17.24
9060,7/31/2022 9:50,13.94,16.9
9061,7/31/2022 10:00,14.11,17.93
9062,7/31/2022 10:10,14.2,17.63
9063,7/31/2022 10:20,14.24,17.2
9064,7/31/2022 10:30,14.33,17.59
9065,7/31/2022 10:40,14.45,17.8
9066,7/31/2022 10:50,14.67,19.3
9067,7/31/2022 11:00,14.93,20.55
9068,7/31/2022 11:10,15.06,20.68
9069,7/31/2022 11:20,15.27,19.77
9070,7/31/2022 11:30,15.4,19.13
9071,7/31/2022 11:40,15.53,18.96
9072,7/31/2022 11:50,15.44,18.62
9073,7/31/2022 12:00,15.31,18.44
9074,7/31/2022 12:10,15.18,18.36
9075,7/31/2022 12:20,15.31,18.32
9076,7/31/2022 12:30,15.44,18.19
9077,7/31/2022 12:40,15.4,18.06
9078,7/31/2022 12:50,15.31,17.93
9079,7/31/2022 13:00,15.27,17.8
9080,7/31/2022 13:10,15.31,17.72
9081,7/31/2022 13:20,15.61,17.72
9082,7/31/2022 13:30,15.7,17.67
9083,7/31/2022 13:40,15.53,17.59
9084,7/31/2022 13:50,15.61,17.72
9085,7/31/2022 14:00,15.83,17.84
9086,7/31/2022 14:10,15.83,18.19
9087,7/31/2022 14:20,15.83,18.49
9088,7/31/2022 14:30,15.74,18.66
9089,7/31/2022 14:40,15.78,18.44
9090,7/31/2022 14:50,15.87,18.23
9091,7/31/2022 15:00,15.78,18.23
9092,7/31/2022 15:10,15.91,18.4
9093,7/31/2022 15:20,15.83,18.74
9094,7/31/2022 15:30,15.83,18.87
9095,7/31/2022 15:40,15.78,18.96
9096,7/31/2022 15:50,15.7,19
9097,7/31/2022 16:00,15.53,19
9098,7/31/2022 16:10,15.57,19.05
9099,7/31/2022 16:20,15.48,18.87
9100,7/31/2022 16:30,15.4,18.83
9101,7/31/2022 16:40,15.36,18.87
9102,7/31/2022 16:50,15.27,18.83
9103,7/31/2022 17:00,15.27,18.74
9104,7/31/2022 17:10,15.27,18.66
9105,7/31/2022 17:20,15.27,18.74
9106,7/31/2022 17:30,15.36,18.83
9107,7/31/2022 17:40,15.36,19
9108,7/31/2022 17:50,15.23,19.05
9109,7/31/2022 18:00,15.18,19.17
9110,7/31/2022 18:10,15.27,19.6
9111,7/31/2022 18:20,15.27,20.03
9112,7/31/2022 18:30,15.27,20.37
9113,7/31/2022 18:40,15.27,20.5
9114,7/31/2022 18:50,15.23,20.63
9115,7/31/2022 19:00,15.31,20.8
9116,7/31/2022 19:10,15.18,21.1
9117,7/31/2022 19:20,15.27,21.15
9118,7/31/2022 19:30,15.27,21.06
9119,7/31/2022 19:40,15.36,21.02
9120,7/31/2022 19:50,15.31,21.02
9121,7/31/2022 20:00,15.27,21.02
9122,7/31/2022 20:10,15.48,20.89
9123,7/31/2022 20:20,15.57,20.63
9124,7/31/2022 20:30,15.61,20.07
9125,7/31/2022 20:40,15.53,19.86
9126,7/31/2022 20:50,15.61,19.73
9127,7/31/2022 21:00,15.53,19.52
9128,7/31/2022 21:10,15.53,19.35
9129,7/31/2022 21:20,15.53,19.17
9130,7/31/2022 21:30,15.4,18.96
9131,7/31/2022 21:40,15.31,18.74
9132,7/31/2022 21:50,15.23,18.57
9133,7/31/2022 22:00,15.18,18.4
9134,7/31/2022 22:10,15.4,18.32
9135,7/31/2022 22:20,15.27,18.19
9136,7/31/2022 22:30,15.31,18.06
9137,7/31/2022 22:40,15.36,17.97
9138,7/31/2022 22:50,15.23,17.89
9139,7/31/2022 23:00,15.18,17.8
9140,7/31/2022 23:10,15.14,17.59
9141,7/31/2022 23:20,15.06,17.67
9142,7/31/2022 23:30,14.97,17.59
9143,7/31/2022 23:40,14.93,17.54
9144,7/31/2022 23:50,14.97,17.67
9145,8/1/2022 0:00,15.01,17.76
9146,8/1/2022 0:10,14.88,17.41
9147,8/1/2022 0:20,14.84,17.16
9148,8/1/2022 0:30,14.84,17.2
9149,8/1/2022 0:40,14.8,16.94
9150,8/1/2022 0:50,14.84,17.11
9151,8/1/2022 1:00,14.84,17.24
9152,8/1/2022 1:10,14.84,17.41
9153,8/1/2022 1:20,14.75,17.5
9154,8/1/2022 1:30,14.75,17.59
9155,8/1/2022 1:40,14.75,17.54
9156,8/1/2022 1:50,14.88,17.46
9157,8/1/2022 2:00,14.93,17.46
9158,8/1/2022 2:10,14.97,17.37
9159,8/1/2022 2:20,15.01,17.33
9160,8/1/2022 2:30,15.01,17.2
9161,8/1/2022 2:40,15.01,16.94
9162,8/1/2022 2:50,14.97,16.9
9163,8/1/2022 3:00,14.93,16.99
9164,8/1/2022 3:10,14.88,17.07
9165,8/1/2022 3:20,14.84,17.11
9166,8/1/2022 3:30,14.8,17.2
9167,8/1/2022 3:40,14.8,17.16
9168,8/1/2022 3:50,14.75,17.2
9169,8/1/2022 4:00,14.71,17.24
9170,8/1/2022 4:10,14.75,17.33
9171,8/1/2022 4:20,14.71,17.37
9172,8/1/2022 4:30,14.75,17.41
9173,8/1/2022 4:40,14.75,17.46
9174,8/1/2022 4:50,14.8,17.46
9175,8/1/2022 5:00,14.8,17.5
9176,8/1/2022 5:10,14.75,17.5
9177,8/1/2022 5:20,14.75,17.5
9178,8/1/2022 5:30,14.71,17.5
9179,8/1/2022 5:40,14.75,17.59
9180,8/1/2022 5:50,14.71,17.63
9181,8/1/2022 6:00,14.8,18.19
9182,8/1/2022 6:10,14.84,18.53
9183,8/1/2022 6:20,14.63,18.49
9184,8/1/2022 6:30,14.58,18.27
9185,8/1/2022 6:40,14.45,18.02
9186,8/1/2022 6:50,14.45,17.76
9187,8/1/2022 7:00,14.41,17.5
9188,8/1/2022 7:10,14.37,17.37
9189,8/1/2022 7:20,14.54,17.29
9190,8/1/2022 7:30,14.5,17.2
9191,8/1/2022 7:40,14.54,17.11
9192,8/1/2022 7:50,14.54,17.03
9193,8/1/2022 8:00,14.45,17.03
9194,8/1/2022 8:10,14.54,17.2
9195,8/1/2022 8:20,14.54,17.07
9196,8/1/2022 8:30,14.45,16.64
9197,8/1/2022 8:40,14.54,16.3
9198,8/1/2022 8:50,14.58,16.21
9199,8/1/2022 9:00,14.54,16.3
9200,8/1/2022 9:10,14.45,16.34
9201,8/1/2022 9:20,14.5,16.34
9202,8/1/2022 9:30,14.37,16.13
9203,8/1/2022 9:40,14.41,16.21
9204,8/1/2022 9:50,14.41,16.21
9205,8/1/2022 10:00,14.41,16.17
9206,8/1/2022 10:10,14.37,16.21
9207,8/1/2022 10:20,14.37,16.64
9208,8/1/2022 10:30,14.33,16.77
9209,8/1/2022 10:40,14.33,16.73
9210,8/1/2022 10:50,14.37,16.9
9211,8/1/2022 11:00,14.24,16.99
9212,8/1/2022 11:10,14.33,17.16
9213,8/1/2022 11:20,14.45,17.29
9214,8/1/2022 11:30,14.5,17.84
9215,8/1/2022 11:40,14.37,17.76
9216,8/1/2022 11:50,14.24,17.84
9217,8/1/2022 12:00,14.2,17.89
9218,8/1/2022 12:10,14.37,17.89
9219,8/1/2022 12:20,14.5,17.84
9220,8/1/2022 12:30,14.8,17.97
9221,8/1/2022 12:40,15.14,17.93
9222,8/1/2022 12:50,14.88,17.72
9223,8/1/2022 13:00,14.97,17.33
9224,8/1/2022 13:10,15.36,17.29
9225,8/1/2022 13:20,15.83,17.33
9226,8/1/2022 13:30,15.78,17.33
9227,8/1/2022 13:40,15.74,17.41
9228,8/1/2022 13:50,15.57,17.41
9229,8/1/2022 14:00,15.53,17.46
9230,8/1/2022 14:10,15.48,17.63
9231,8/1/2022 14:20,15.36,17.8
9232,8/1/2022 14:30,15.4,17.89
9233,8/1/2022 14:40,15.44,17.63
9234,8/1/2022 14:50,15.4,17.5
9235,8/1/2022 15:00,15.48,17.54
9236,8/1/2022 15:10,15.4,17.72
9237,8/1/2022 15:20,15.53,17.93
9238,8/1/2022 15:30,15.53,18.1
9239,8/1/2022 15:40,15.57,18.23
9240,8/1/2022 15:50,15.74,18.36
9241,8/1/2022 16:00,15.83,18.36
9242,8/1/2022 16:10,15.96,18.4
9243,8/1/2022 16:20,16.3,18.4
9244,8/1/2022 16:30,16.3,18.4
9245,8/1/2022 16:40,16.26,18.4
9246,8/1/2022 16:50,16.26,18.44
9247,8/1/2022 17:00,16.56,18.49
9248,8/1/2022 17:10,16.99,18.49
9249,8/1/2022 17:20,16.64,18.57
9250,8/1/2022 17:30,16.86,18.74
9251,8/1/2022 17:40,17.11,18.92
9252,8/1/2022 17:50,16.64,19
9253,8/1/2022 18:00,16.17,19
9254,8/1/2022 18:10,16.08,18.96
9255,8/1/2022 18:20,16.6,18.96
9256,8/1/2022 18:30,16.6,18.92
9257,8/1/2022 18:40,16.43,18.92
9258,8/1/2022 18:50,16.13,19
9259,8/1/2022 19:00,15.96,19.22
9260,8/1/2022 19:10,15.66,19.47
9261,8/1/2022 19:20,15.66,19.6
9262,8/1/2022 19:30,15.57,19.65
9263,8/1/2022 19:40,15.66,19.77
9264,8/1/2022 19:50,15.7,19.82
9265,8/1/2022 20:00,15.7,19.99
9266,8/1/2022 20:10,15.7,19.99
9267,8/1/2022 20:20,15.61,19.99
9268,8/1/2022 20:30,15.4,19.95
9269,8/1/2022 20:40,15.36,19.95
9270,8/1/2022 20:50,15.27,19.9
9271,8/1/2022 21:00,15.23,19.82
9272,8/1/2022 21:10,15.23,19.73
9273,8/1/2022 21:20,15.23,19.56
9274,8/1/2022 21:30,15.1,19.43
9275,8/1/2022 21:40,15.1,19.35
9276,8/1/2022 21:50,15.01,19.26
9277,8/1/2022 22:00,14.88,19.17
9278,8/1/2022 22:10,14.88,19.09
9279,8/1/2022 22:20,14.88,18.96
9280,8/1/2022 22:30,14.93,18.92
9281,8/1/2022 22:40,14.8,18.83
9282,8/1/2022 22:50,14.63,18.7
9283,8/1/2022 23:00,14.58,18.62
9284,8/1/2022 23:10,14.54,18.49
9285,8/1/2022 23:20,14.58,18.19
9286,8/1/2022 23:30,14.54,17.8
9287,8/1/2022 23:40,14.54,17.67
9288,8/1/2022 23:50,14.58,17.54
9289,8/2/2022 0:00,14.54,17.59
9290,8/2/2022 0:10,14.45,17.59
9291,8/2/2022 0:20,14.54,17.59
9292,8/2/2022 0:30,14.54,17.59
9293,8/2/2022 0:40,14.54,17.11
9294,8/2/2022 0:50,14.58,16.94
9295,8/2/2022 1:00,14.5,16.99
9296,8/2/2022 1:10,14.33,16.94
9297,8/2/2022 1:20,14.24,16.99
9298,8/2/2022 1:30,14.24,17.03
9299,8/2/2022 1:40,14.24,16.99
9300,8/2/2022 1:50,14.28,16.81
9301,8/2/2022 2:00,14.33,16.77
9302,8/2/2022 2:10,14.28,16.73
9303,8/2/2022 2:20,14.15,16.73
9304,8/2/2022 2:30,14.11,16.69
9305,8/2/2022 2:40,14.2,16.64
9306,8/2/2022 2:50,14.28,16.73
9307,8/2/2022 3:00,14.07,16.73
9308,8/2/2022 3:10,14.03,16.69
9309,8/2/2022 3:20,14.07,16.73
9310,8/2/2022 3:30,14.07,16.64
9311,8/2/2022 3:40,14.03,16.64
9312,8/2/2022 3:50,14.11,16.73
9313,8/2/2022 4:00,14.11,16.81
9314,8/2/2022 4:10,13.98,16.9
9315,8/2/2022 4:20,13.94,16.94
9316,8/2/2022 4:30,13.98,16.94
9317,8/2/2022 4:40,13.94,16.99
9318,8/2/2022 4:50,13.98,16.99
9319,8/2/2022 5:00,13.9,16.99
9320,8/2/2022 5:10,13.9,16.99
9321,8/2/2022 5:20,13.98,16.99
9322,8/2/2022 5:30,14.03,16.99
9323,8/2/2022 5:40,13.94,17.07
9324,8/2/2022 5:50,13.9,17.07
9325,8/2/2022 6:00,13.98,17.07
9326,8/2/2022 6:10,14.03,17.11
9327,8/2/2022 6:20,13.94,17.07
9328,8/2/2022 6:30,13.94,16.99
9329,8/2/2022 6:40,13.94,17.16
9330,8/2/2022 6:50,13.98,17.41
9331,8/2/2022 7:00,14.03,17.59
9332,8/2/2022 7:10,14.33,17.63
9333,8/2/2022 7:20,14.5,17.5
9334,8/2/2022 7:30,14.63,17.41
9335,8/2/2022 7:40,14.84,17.2
9336,8/2/2022 7:50,14.97,17.03
9337,8/2/2022 8:00,15.1,16.86
9338,8/2/2022 8:10,15.36,16.99
9339,8/2/2022 8:20,15.48,17.29
9340,8/2/2022 8:30,15.57,17.59
9341,8/2/2022 8:40,15.7,17.93
9342,8/2/2022 8:50,15.83,18.44
9343,8/2/2022 9:00,16,19.22
9344,8/2/2022 9:10,16.21,20.03
9345,8/2/2022 9:20,16.43,20.63
9346,8/2/2022 9:30,16.69,21.02
9347,8/2/2022 9:40,16.94,21.83
9348,8/2/2022 9:50,17.2,22.69
9349,8/2/2022 10:00,17.54,23.16
9350,8/2/2022 10:10,17.8,24.06
9351,8/2/2022 10:20,17.89,23.46
9352,8/2/2022 10:30,17.76,23.38
9353,8/2/2022 10:40,17.8,23.76
9354,8/2/2022 10:50,17.8,24.02
9355,8/2/2022 11:00,17.63,23.85
9356,8/2/2022 11:10,17.59,23.59
9357,8/2/2022 11:20,17.67,24.62
9358,8/2/2022 11:30,17.93,26.21
9359,8/2/2022 11:40,18.32,26.08
9360,8/2/2022 11:50,18.49,23.81
9361,8/2/2022 12:00,18.23,22.31
9362,8/2/2022 12:10,18.1,21.32
9363,8/2/2022 12:20,18.06,20.55
9364,8/2/2022 12:30,17.63,20.03
9365,8/2/2022 12:40,17.41,19.69
9366,8/2/2022 12:50,16.94,19.39
9367,8/2/2022 13:00,16.73,19.05
9368,8/2/2022 13:10,16.39,18.62
9369,8/2/2022 13:20,16.69,18.49
9370,8/2/2022 13:30,17.11,18.4
9371,8/2/2022 13:40,16.94,18.32
9372,8/2/2022 13:50,16.64,18.32
9373,8/2/2022 14:00,16.3,18.36
9374,8/2/2022 14:10,16.3,18.53
9375,8/2/2022 14:20,16.34,18.7
9376,8/2/2022 14:30,16.34,19.09
9377,8/2/2022 14:40,16.43,19.73
9378,8/2/2022 14:50,16.3,19.43
9379,8/2/2022 15:00,16.17,19.3
9380,8/2/2022 15:10,16.26,19.6
9381,8/2/2022 15:20,16,20.25
9382,8/2/2022 15:30,15.91,19.95
9383,8/2/2022 15:40,15.87,19.99
9384,8/2/2022 15:50,15.83,20.03
9385,8/2/2022 16:00,15.78,20.12
9386,8/2/2022 16:10,15.7,20.16
9387,8/2/2022 16:20,15.87,20.37
9388,8/2/2022 16:30,15.91,20.5
9389,8/2/2022 16:40,15.78,20.42
9390,8/2/2022 16:50,15.87,20.42
9391,8/2/2022 17:00,16.08,20.33
9392,8/2/2022 17:10,16.26,20.33
9393,8/2/2022 17:20,16.51,20.46
9394,8/2/2022 17:30,16.51,20.68
9395,8/2/2022 17:40,16.56,20.89
9396,8/2/2022 17:50,16.64,20.98
9397,8/2/2022 18:00,16.51,21.06
9398,8/2/2022 18:10,16.34,21.19
9399,8/2/2022 18:20,15.87,21.23
9400,8/2/2022 18:30,15.66,21.1
9401,8/2/2022 18:40,15.48,21.28
9402,8/2/2022 18:50,15.66,21.49
9403,8/2/2022 19:00,15.53,21.75
9404,8/2/2022 19:10,15.48,22.09
9405,8/2/2022 19:20,15.27,22.43
9406,8/2/2022 19:30,15.36,22.73
9407,8/2/2022 19:40,15.14,22.95
9408,8/2/2022 19:50,15.14,23.08
9409,8/2/2022 20:00,15.06,22.95
9410,8/2/2022 20:10,14.88,22.56
9411,8/2/2022 20:20,14.75,22.31
9412,8/2/2022 20:30,14.63,22.18
9413,8/2/2022 20:40,14.54,22.01
9414,8/2/2022 20:50,14.63,21.96
9415,8/2/2022 21:00,14.33,22.01
9416,8/2/2022 21:10,14.45,21.96
9417,8/2/2022 21:20,14.37,22.01
9418,8/2/2022 21:30,14.33,22.05
9419,8/2/2022 21:40,14.45,22.09
9420,8/2/2022 21:50,14.45,22.13
9421,8/2/2022 22:00,14.33,22.01
9422,8/2/2022 22:10,14.41,21.79
9423,8/2/2022 22:20,14.41,21.7
9424,8/2/2022 22:30,14.15,21.32
9425,8/2/2022 22:40,14.28,20.68
9426,8/2/2022 22:50,14.24,20.2
9427,8/2/2022 23:00,14.11,20.42
9428,8/2/2022 23:10,14.07,20.37
9429,8/2/2022 23:20,14.15,20.46
9430,8/2/2022 23:30,14.11,20.46
9431,8/2/2022 23:40,13.98,20.42
9432,8/2/2022 23:50,14.03,20.03
9433,8/3/2022 0:00,14.15,19.56
9434,8/3/2022 0:10,14.07,19.22
9435,8/3/2022 0:20,14.03,19.13
9436,8/3/2022 0:30,13.98,18.96
9437,8/3/2022 0:40,13.9,18.62
9438,8/3/2022 0:50,13.77,18.49
9439,8/3/2022 1:00,13.81,18.53
9440,8/3/2022 1:10,13.68,18.44
9441,8/3/2022 1:20,13.68,18.53
9442,8/3/2022 1:30,13.68,18.36
9443,8/3/2022 1:40,13.68,18.36
9444,8/3/2022 1:50,13.77,18.14
9445,8/3/2022 2:00,13.9,17.93
9446,8/3/2022 2:10,13.9,17.84
9447,8/3/2022 2:20,13.94,17.76
9448,8/3/2022 2:30,13.9,17.76
9449,8/3/2022 2:40,13.85,17.8
9450,8/3/2022 2:50,13.94,17.84
9451,8/3/2022 3:00,13.94,17.93
9452,8/3/2022 3:10,13.73,18.14
9453,8/3/2022 3:20,13.64,18.02
9454,8/3/2022 3:30,13.6,17.97
9455,8/3/2022 3:40,13.51,17.97
9456,8/3/2022 3:50,13.51,18.02
9457,8/3/2022 4:00,13.47,17.97
9458,8/3/2022 4:10,13.51,17.93
9459,8/3/2022 4:20,13.43,18.02
9460,8/3/2022 4:30,13.47,17.89
9461,8/3/2022 4:40,13.47,17.72
9462,8/3/2022 4:50,13.43,17.63
9463,8/3/2022 5:00,13.43,17.63
9464,8/3/2022 5:10,13.3,17.8
9465,8/3/2022 5:20,13.25,17.76
9466,8/3/2022 5:30,13.38,17.8
9467,8/3/2022 5:40,13.51,17.84
9468,8/3/2022 5:50,13.47,17.89
9469,8/3/2022 6:00,13.51,18.02
9470,8/3/2022 6:10,13.64,18.1
9471,8/3/2022 6:20,13.6,18.19
9472,8/3/2022 6:30,13.55,18.27
9473,8/3/2022 6:40,13.34,18.32
9474,8/3/2022 6:50,13.51,18.36
9475,8/3/2022 7:00,13.38,18.4
9476,8/3/2022 7:10,13.38,18.7
9477,8/3/2022 7:20,13.38,18.87
9478,8/3/2022 7:30,13.51,18.7
9479,8/3/2022 7:40,13.51,18.66
9480,8/3/2022 7:50,13.51,18.44
9481,8/3/2022 8:00,13.51,18.1
9482,8/3/2022 8:10,13.55,17.63
9483,8/3/2022 8:20,13.51,17.29
9484,8/3/2022 8:30,13.6,17.33
9485,8/3/2022 8:40,13.55,17.33
9486,8/3/2022 8:50,13.64,17.37
9487,8/3/2022 9:00,13.6,17.46
9488,8/3/2022 9:10,13.73,17.59
9489,8/3/2022 9:20,13.64,17.67
9490,8/3/2022 9:30,13.85,17.72
9491,8/3/2022 9:40,14.11,17.8
9492,8/3/2022 9:50,13.81,17.93
9493,8/3/2022 10:00,13.94,18.36
9494,8/3/2022 10:10,14.11,18.83
9495,8/3/2022 10:20,14.28,20.25
9496,8/3/2022 10:30,14.41,20.76
9497,8/3/2022 10:40,14.93,21.66
9498,8/3/2022 10:50,14.84,21.66
9499,8/3/2022 11:00,15.1,22.13
9500,8/3/2022 11:10,14.97,22.99
9501,8/3/2022 11:20,15.06,22.95
9502,8/3/2022 11:30,15.18,22.18
9503,8/3/2022 11:40,14.93,21.36
9504,8/3/2022 11:50,14.84,20.93
9505,8/3/2022 12:00,14.58,20.72
9506,8/3/2022 12:10,14.41,20.63
9507,8/3/2022 12:20,14.67,20.55
9508,8/3/2022 12:30,14.63,20.42
9509,8/3/2022 12:40,14.58,20.25
9510,8/3/2022 12:50,14.58,19.99
9511,8/3/2022 13:00,14.67,19.73
9512,8/3/2022 13:10,14.84,19.43
9513,8/3/2022 13:20,14.84,19.43
9514,8/3/2022 13:30,14.71,19.3
9515,8/3/2022 13:40,14.88,19.35
9516,8/3/2022 13:50,14.88,19.35
9517,8/3/2022 14:00,15.1,19.26
9518,8/3/2022 14:10,15.14,19.39
9519,8/3/2022 14:20,14.97,19.77
9520,8/3/2022 14:30,14.97,20.25
9521,8/3/2022 14:40,15.06,20.46
9522,8/3/2022 14:50,15.06,19.86
9523,8/3/2022 15:00,15.06,19.52
9524,8/3/2022 15:10,15.1,19.82
9525,8/3/2022 15:20,15.14,20.46
9526,8/3/2022 15:30,15.18,20.25
9527,8/3/2022 15:40,15.31,19.86
9528,8/3/2022 15:50,15.31,19.77
9529,8/3/2022 16:00,15.36,20.2
9530,8/3/2022 16:10,15.27,20.2
9531,8/3/2022 16:20,15.27,19.99
9532,8/3/2022 16:30,15.27,19.95
9533,8/3/2022 16:40,15.23,19.9
9534,8/3/2022 16:50,15.23,19.69
9535,8/3/2022 17:00,15.18,19.56
9536,8/3/2022 17:10,15.23,19.56
9537,8/3/2022 17:20,15.1,19.47
9538,8/3/2022 17:30,15.14,19.39
9539,8/3/2022 17:40,15.14,19.43
9540,8/3/2022 17:50,14.97,19.56
9541,8/3/2022 18:00,14.84,19.56
9542,8/3/2022 18:10,14.75,19.82
9543,8/3/2022 18:20,14.58,19.99
9544,8/3/2022 18:30,14.63,20.16
9545,8/3/2022 18:40,14.88,20.2
9546,8/3/2022 18:50,15.18,20.16
9547,8/3/2022 19:00,15.31,20.03
9548,8/3/2022 19:10,15.4,19.95
9549,8/3/2022 19:20,15.87,19.95
9550,8/3/2022 19:30,15.83,19.86
9551,8/3/2022 19:40,15.74,19.77
9552,8/3/2022 19:50,15.66,19.65
9553,8/3/2022 20:00,15.44,19.69
9554,8/3/2022 20:10,15.23,19.65
9555,8/3/2022 20:20,15.23,19.6
9556,8/3/2022 20:30,15.18,19.69
9557,8/3/2022 20:40,15.31,19.73
9558,8/3/2022 20:50,15.18,19.73
9559,8/3/2022 21:00,15.23,19.82
9560,8/3/2022 21:10,15.14,20.03
9561,8/3/2022 21:20,15.01,20.59
9562,8/3/2022 21:30,15.14,21.53
9563,8/3/2022 21:40,15.23,22.35
9564,8/3/2022 21:50,15.14,22.35
9565,8/3/2022 22:00,15.18,22.26
9566,8/3/2022 22:10,15.14,22.22
9567,8/3/2022 22:20,15.06,22.18
9568,8/3/2022 22:30,15.06,22.05
9569,8/3/2022 22:40,15.23,21.83
9570,8/3/2022 22:50,15.14,21.66
9571,8/3/2022 23:00,15.18,21.49
9572,8/3/2022 23:10,15.01,21.32
9573,8/3/2022 23:20,15.06,21.23
9574,8/3/2022 23:30,15.01,20.93
9575,8/3/2022 23:40,14.88,20.68
9576,8/3/2022 23:50,15.06,20.63
9577,8/4/2022 0:00,15.01,20.85
9578,8/4/2022 0:10,14.97,20.76
9579,8/4/2022 0:20,14.93,20.68
9580,8/4/2022 0:30,14.93,20.59
9581,8/4/2022 0:40,14.93,20.29
9582,8/4/2022 0:50,14.88,19.47
9583,8/4/2022 1:00,14.8,19.13
9584,8/4/2022 1:10,14.88,19.17
9585,8/4/2022 1:20,14.88,19.47
9586,8/4/2022 1:30,14.93,19.6
9587,8/4/2022 1:40,14.97,19.35
9588,8/4/2022 1:50,14.93,19.09
9589,8/4/2022 2:00,14.84,18.87
9590,8/4/2022 2:10,14.8,18.74
9591,8/4/2022 2:20,14.84,18.7
9592,8/4/2022 2:30,14.84,18.62
9593,8/4/2022 2:40,14.8,18.66
9594,8/4/2022 2:50,14.84,18.57
9595,8/4/2022 3:00,15.01,18.57
9596,8/4/2022 3:10,14.93,18.57
9597,8/4/2022 3:20,14.97,18.53
9598,8/4/2022 3:30,14.88,18.49
9599,8/4/2022 3:40,14.93,18.44
9600,8/4/2022 3:50,14.97,18.4
9601,8/4/2022 4:00,14.93,18.44
9602,8/4/2022 4:10,15.01,18.44
9603,8/4/2022 4:20,14.93,18.4
9604,8/4/2022 4:30,15.01,18.36
9605,8/4/2022 4:40,15.01,18.36
9606,8/4/2022 4:50,14.97,18.32
9607,8/4/2022 5:00,14.88,18.27
9608,8/4/2022 5:10,14.88,18.19
9609,8/4/2022 5:20,14.75,18.1
9610,8/4/2022 5:30,14.71,17.97
9611,8/4/2022 5:40,14.75,17.97
9612,8/4/2022 5:50,14.67,17.89
9613,8/4/2022 6:00,14.63,17.84
9614,8/4/2022 6:10,14.67,17.8
9615,8/4/2022 6:20,14.71,17.8
9616,8/4/2022 6:30,14.67,17.84
9617,8/4/2022 6:40,14.84,17.8
9618,8/4/2022 6:50,14.93,17.8
9619,8/4/2022 7:00,15.14,17.8
9620,8/4/2022 7:10,15.18,17.8
9621,8/4/2022 7:20,15.44,17.8
9622,8/4/2022 7:30,15.44,17.97
9623,8/4/2022 7:40,15.53,17.93
9624,8/4/2022 7:50,15.61,17.76
9625,8/4/2022 8:00,15.66,17.89
9626,8/4/2022 8:10,15.66,17.76
9627,8/4/2022 8:20,15.87,17.59
9628,8/4/2022 8:30,15.83,17.59
9629,8/4/2022 8:40,15.87,17.5
9630,8/4/2022 8:50,15.91,16.73
9631,8/4/2022 9:00,16.04,16.6
9632,8/4/2022 9:10,16.3,16.64
9633,8/4/2022 9:20,16.39,16.81
9634,8/4/2022 9:30,16.56,17.03
9635,8/4/2022 9:40,16.6,17.29
9636,8/4/2022 9:50,16.77,17.72
9637,8/4/2022 10:00,16.99,18.23
9638,8/4/2022 10:10,17.07,18.7
9639,8/4/2022 10:20,17.07,19.09
9640,8/4/2022 10:30,17.24,19.39
9641,8/4/2022 10:40,17.33,19.82
9642,8/4/2022 10:50,17.37,20.12
9643,8/4/2022 11:00,17.5,20.42
9644,8/4/2022 11:10,17.63,20.68
9645,8/4/2022 11:20,17.72,20.98
9646,8/4/2022 11:30,17.8,21.1
9647,8/4/2022 11:40,17.8,20.98
9648,8/4/2022 11:50,17.97,20.98
9649,8/4/2022 12:00,18.02,20.93
9650,8/4/2022 12:10,18.1,20.85
9651,8/4/2022 12:20,18.36,20.68
9652,8/4/2022 12:30,18.49,20.63
9653,8/4/2022 12:40,18.19,20.42
9654,8/4/2022 12:50,18.06,20.29
9655,8/4/2022 13:00,17.93,20.07
9656,8/4/2022 13:10,17.93,19.77
9657,8/4/2022 13:20,18.06,19.65
9658,8/4/2022 13:30,17.97,19.6
9659,8/4/2022 13:40,17.84,19.52
9660,8/4/2022 13:50,17.84,19.52
9661,8/4/2022 14:00,17.89,19.65
9662,8/4/2022 14:10,17.93,19.86
9663,8/4/2022 14:20,18.06,20.12
9664,8/4/2022 14:30,18.02,20.2
9665,8/4/2022 14:40,18.19,20.5
9666,8/4/2022 14:50,18.06,20.42
9667,8/4/2022 15:00,17.93,20.46
9668,8/4/2022 15:10,18.02,20.29
9669,8/4/2022 15:20,18.1,20.55
9670,8/4/2022 15:30,18.06,20.93
9671,8/4/2022 15:40,17.89,20.68
9672,8/4/2022 15:50,17.89,20.5
9673,8/4/2022 16:00,17.63,20.29
9674,8/4/2022 16:10,17.76,20.8
9675,8/4/2022 16:20,17.93,21.02
9676,8/4/2022 16:30,17.97,20.72
9677,8/4/2022 16:40,17.89,20.46
9678,8/4/2022 16:50,17.89,20.46
9679,8/4/2022 17:00,17.84,20.59
9680,8/4/2022 17:10,17.8,20.5
9681,8/4/2022 17:20,17.76,20.33
9682,8/4/2022 17:30,17.67,20.33
9683,8/4/2022 17:40,17.41,20.33
9684,8/4/2022 17:50,17.16,20.33
9685,8/4/2022 18:00,17.07,20.37
9686,8/4/2022 18:10,16.94,20.33
9687,8/4/2022 18:20,16.9,20.42
9688,8/4/2022 18:30,16.86,20.59
9689,8/4/2022 18:40,16.77,20.25
9690,8/4/2022 18:50,16.69,20.37
9691,8/4/2022 19:00,16.69,20.33
9692,8/4/2022 19:10,16.69,20.29
9693,8/4/2022 19:20,16.6,20.42
9694,8/4/2022 19:30,16.56,20.29
9695,8/4/2022 19:40,16.47,20.25
9696,8/4/2022 19:50,16.43,20.29
9697,8/4/2022 20:00,16.3,20.2
9698,8/4/2022 20:10,16.26,20.07
9699,8/4/2022 20:20,16.17,20.03
9700,8/4/2022 20:30,16.08,20.03
9701,8/4/2022 20:40,16.04,20.07
9702,8/4/2022 20:50,16.08,20.12
9703,8/4/2022 21:00,16.04,20.07
9704,8/4/2022 21:10,16.04,20.07
9705,8/4/2022 21:20,16,20.03
9706,8/4/2022 21:30,16,20.07
9707,8/4/2022 21:40,16.04,20.07
9708,8/4/2022 21:50,15.91,20.12
9709,8/4/2022 22:00,15.91,20.25
9710,8/4/2022 22:10,15.87,20.98
9711,8/4/2022 22:20,15.83,21.92
9712,8/4/2022 22:30,15.83,23.03
9713,8/4/2022 22:40,15.87,23.16
9714,8/4/2022 22:50,15.78,23.16
9715,8/4/2022 23:00,15.87,23.16
9716,8/4/2022 23:10,15.83,23.03
9717,8/4/2022 23:20,15.74,23.03
9718,8/4/2022 23:30,15.66,22.95
9719,8/4/2022 23:40,15.61,22.95
9720,8/4/2022 23:50,15.57,22.91
9721,8/5/2022 0:00,15.53,22.82
9722,8/5/2022 0:10,15.48,22.65
9723,8/5/2022 0:20,15.53,22.52
9724,8/5/2022 0:30,15.61,22.35
9725,8/5/2022 0:40,15.57,22.01
9726,8/5/2022 0:50,15.66,21.96
9727,8/5/2022 1:00,15.61,21.7
9728,8/5/2022 1:10,15.53,21.45
9729,8/5/2022 1:20,15.57,21.19
9730,8/5/2022 1:30,15.66,21.02
9731,8/5/2022 1:40,15.74,20.93
9732,8/5/2022 1:50,15.61,21.1
9733,8/5/2022 2:00,15.66,21.15
9734,8/5/2022 2:10,15.57,21.28
9735,8/5/2022 2:20,15.53,21.36
9736,8/5/2022 2:30,15.61,21.66
9737,8/5/2022 2:40,15.87,21.75
9738,8/5/2022 2:50,15.91,21.4
9739,8/5/2022 3:00,15.96,20.89
9740,8/5/2022 3:10,16,20.29
9741,8/5/2022 3:20,16,20.07
9742,8/5/2022 3:30,16.13,19.99
9743,8/5/2022 3:40,16.17,19.9
9744,8/5/2022 3:50,16.21,19.86
9745,8/5/2022 4:00,16.21,19.82
9746,8/5/2022 4:10,16.17,19.77
9747,8/5/2022 4:20,16.13,19.6
9748,8/5/2022 4:30,16.08,19.56
9749,8/5/2022 4:40,16.13,19.43
9750,8/5/2022 4:50,16.17,19.35
9751,8/5/2022 5:00,16.21,19.13
9752,8/5/2022 5:10,16.26,19.05
9753,8/5/2022 5:20,16.17,18.92
9754,8/5/2022 5:30,16.13,18.96
9755,8/5/2022 5:40,16.21,18.92
9756,8/5/2022 5:50,16.21,18.92
9757,8/5/2022 6:00,16.26,19.17
9758,8/5/2022 6:10,16.21,19.17
9759,8/5/2022 6:20,16.21,19.17
9760,8/5/2022 6:30,16.26,19.3
9761,8/5/2022 6:40,16.3,19.3
9762,8/5/2022 6:50,16.3,19.22
9763,8/5/2022 7:00,16.39,19.13
9764,8/5/2022 7:10,16.3,19.17
9765,8/5/2022 7:20,16.34,19.17
9766,8/5/2022 7:30,16.39,19.17
9767,8/5/2022 7:40,16.47,19
9768,8/5/2022 7:50,16.56,19.13
9769,8/5/2022 8:00,16.69,19.13
9770,8/5/2022 8:10,16.77,19.22
9771,8/5/2022 8:20,16.94,19.26
9772,8/5/2022 8:30,16.99,19.3
9773,8/5/2022 8:40,16.99,19.39
9774,8/5/2022 8:50,17.03,19.47
9775,8/5/2022 9:00,17.03,19.6
9776,8/5/2022 9:10,17.03,19.65
9777,8/5/2022 9:20,17.11,19.73
9778,8/5/2022 9:30,17.16,19.69
9779,8/5/2022 9:40,17.16,19.73
9780,8/5/2022 9:50,17.2,19.77
9781,8/5/2022 10:00,17.33,19.86
9782,8/5/2022 10:10,17.46,19.99
9783,8/5/2022 10:20,17.59,20.07
9784,8/5/2022 10:30,17.72,20.2
9785,8/5/2022 10:40,17.84,20.16
9786,8/5/2022 10:50,17.84,20.03
9787,8/5/2022 11:00,18.06,20.12
9788,8/5/2022 11:10,18.19,20.37
9789,8/5/2022 11:20,18.27,20.55
9790,8/5/2022 11:30,18.44,20.55
9791,8/5/2022 11:40,18.57,20.72
9792,8/5/2022 11:50,18.57,20.85
9793,8/5/2022 12:00,18.74,21.02
9794,8/5/2022 12:10,18.79,21.06
9795,8/5/2022 12:20,18.62,20.8
9796,8/5/2022 12:30,18.62,20.89
9797,8/5/2022 12:40,18.66,21.02
9798,8/5/2022 12:50,18.7,21.1
9799,8/5/2022 13:00,18.79,21.06
9800,8/5/2022 13:10,18.62,21.06
9801,8/5/2022 13:20,18.62,20.89
9802,8/5/2022 13:30,18.7,20.8
9803,8/5/2022 13:40,18.83,20.59
9804,8/5/2022 13:50,19.05,20.59
9805,8/5/2022 14:00,19.13,20.59
9806,8/5/2022 14:10,19.09,20.55
9807,8/5/2022 14:20,19.05,20.5
9808,8/5/2022 14:30,19,20.42
9809,8/5/2022 14:40,18.96,20.29
9810,8/5/2022 14:50,18.96,20.59
9811,8/5/2022 15:00,18.87,20.85
9812,8/5/2022 15:10,18.44,21.02
9813,8/5/2022 15:20,18.4,20.85
9814,8/5/2022 15:30,18.53,20.63
9815,8/5/2022 15:40,18.57,20.8
9816,8/5/2022 15:50,18.74,20.63
9817,8/5/2022 16:00,18.79,19.95
9818,8/5/2022 16:10,18.74,19.77
9819,8/5/2022 16:20,18.7,19.47
9820,8/5/2022 16:30,18.62,19.35
9821,8/5/2022 16:40,18.62,19.6
9822,8/5/2022 16:50,18.66,19.9
9823,8/5/2022 17:00,18.66,19.69
9824,8/5/2022 17:10,18.62,19.52
9825,8/5/2022 17:20,18.62,19.47
9826,8/5/2022 17:30,18.57,19.52
9827,8/5/2022 17:40,18.49,19.47
9828,8/5/2022 17:50,18.4,19.52
9829,8/5/2022 18:00,18.32,19.47
9830,8/5/2022 18:10,18.44,19.52
9831,8/5/2022 18:20,17.97,19.43
9832,8/5/2022 18:30,17.46,19.47
9833,8/5/2022 18:40,17.37,19.47
9834,8/5/2022 18:50,17.2,19.43
9835,8/5/2022 19:00,16.9,19.43
9836,8/5/2022 19:10,17.07,19.47
9837,8/5/2022 19:20,17.24,19.6
9838,8/5/2022 19:30,17.46,19.9
9839,8/5/2022 19:40,17.59,19.86
9840,8/5/2022 19:50,17.63,19.86
9841,8/5/2022 20:00,17.67,19.77
9842,8/5/2022 20:10,17.54,19.82
9843,8/5/2022 20:20,17.5,19.9
9844,8/5/2022 20:30,17.5,19.95
9845,8/5/2022 20:40,17.37,20.03
9846,8/5/2022 20:50,17.33,19.99
9847,8/5/2022 21:00,17.24,19.9
9848,8/5/2022 21:10,17.29,19.9
9849,8/5/2022 21:20,17.29,19.86
9850,8/5/2022 21:30,17.33,19.82
9851,8/5/2022 21:40,17.41,19.82
9852,8/5/2022 21:50,17.33,19.82
9853,8/5/2022 22:00,17.33,19.86
9854,8/5/2022 22:10,17.37,19.9
9855,8/5/2022 22:20,17.33,19.95
9856,8/5/2022 22:30,17.29,19.99
9857,8/5/2022 22:40,17.03,19.95
9858,8/5/2022 22:50,16.69,19.95
9859,8/5/2022 23:00,16.73,19.99
9860,8/5/2022 23:10,16.69,20.29
9861,8/5/2022 23:20,16.69,21.06
9862,8/5/2022 23:30,16.73,21.19
9863,8/5/2022 23:40,16.9,21.19
9864,8/5/2022 23:50,16.9,21.1
9865,8/6/2022 0:00,16.77,20.89
9866,8/6/2022 0:10,16.69,20.89
9867,8/6/2022 0:20,16.64,20.76
9868,8/6/2022 0:30,16.56,20.76
9869,8/6/2022 0:40,16.47,20.63
9870,8/6/2022 0:50,16.56,20.5
9871,8/6/2022 1:00,16.64,20.33
9872,8/6/2022 1:10,16.64,20.2
9873,8/6/2022 1:20,16.43,20.03
9874,8/6/2022 1:30,16.6,19.86
9875,8/6/2022 1:40,16.64,19.6
9876,8/6/2022 1:50,16.51,19.05
9877,8/6/2022 2:00,16.51,18.4
9878,8/6/2022 2:10,16.47,17.72
9879,8/6/2022 2:20,16.34,17.59
9880,8/6/2022 2:30,16.3,17.11
9881,8/6/2022 2:40,16.26,16.81
9882,8/6/2022 2:50,16.21,16.99
9883,8/6/2022 3:00,16.26,18.1
9884,8/6/2022 3:10,16.26,18.83
9885,8/6/2022 3:20,16.3,19.09
9886,8/6/2022 3:30,16.26,19.17
9887,8/6/2022 3:40,16.39,19.3
9888,8/6/2022 3:50,16.43,19.39
9889,8/6/2022 4:00,16.47,19.56
9890,8/6/2022 4:10,16.51,19.6
9891,8/6/2022 4:20,16.34,19.6
9892,8/6/2022 4:30,16.26,19.52
9893,8/6/2022 4:40,16.26,19.52
9894,8/6/2022 4:50,16.3,19.47
9895,8/6/2022 5:00,16.3,19.47
9896,8/6/2022 5:10,16.39,19.52
9897,8/6/2022 5:20,16.43,19.56
9898,8/6/2022 5:30,16.43,19.52
9899,8/6/2022 5:40,16.56,19.56
9900,8/6/2022 5:50,16.51,19.47
9901,8/6/2022 6:00,16.47,19.39
9902,8/6/2022 6:10,16.43,19.22
9903,8/6/2022 6:20,16.51,19.13
9904,8/6/2022 6:30,16.43,19
9905,8/6/2022 6:40,16.39,19
9906,8/6/2022 6:50,16.39,18.87
9907,8/6/2022 7:00,16.3,18.87
9908,8/6/2022 7:10,16.39,18.83
9909,8/6/2022 7:20,16.39,18.87
9910,8/6/2022 7:30,16.43,18.87
9911,8/6/2022 7:40,16.6,18.92
9912,8/6/2022 7:50,16.69,18.92
9913,8/6/2022 8:00,16.69,18.96
9914,8/6/2022 8:10,16.86,18.96
9915,8/6/2022 8:20,16.81,18.92
9916,8/6/2022 8:30,16.86,19
9917,8/6/2022 8:40,16.94,19
9918,8/6/2022 8:50,17.03,18.87
9919,8/6/2022 9:00,17.11,18.96
9920,8/6/2022 9:10,17.2,19
9921,8/6/2022 9:20,17.2,19.09
9922,8/6/2022 9:30,17.33,19.22
9923,8/6/2022 9:40,17.29,19.17
9924,8/6/2022 9:50,17.37,19.17
9925,8/6/2022 10:00,17.5,19.22
9926,8/6/2022 10:10,17.5,19.26
9927,8/6/2022 10:20,17.54,19.35
9928,8/6/2022 10:30,17.63,19.39
9929,8/6/2022 10:40,17.63,19.47
9930,8/6/2022 10:50,17.72,19.47
9931,8/6/2022 11:00,17.76,19.56
9932,8/6/2022 11:10,17.89,19.65
9933,8/6/2022 11:20,17.89,19.77
9934,8/6/2022 11:30,17.93,19.82
9935,8/6/2022 11:40,18.02,19.95
9936,8/6/2022 11:50,18.06,19.99
9937,8/6/2022 12:00,18.06,20.12
9938,8/6/2022 12:10,18.06,20.16
9939,8/6/2022 12:20,18.19,20.33
9940,8/6/2022 12:30,18.23,20.42
9941,8/6/2022 12:40,18.4,20.5
9942,8/6/2022 12:50,18.4,20.46
9943,8/6/2022 13:00,18.4,20.5
9944,8/6/2022 13:10,18.4,20.55
9945,8/6/2022 13:20,18.44,20.63
9946,8/6/2022 13:30,18.4,20.72
9947,8/6/2022 13:40,18.57,20.8
9948,8/6/2022 13:50,18.53,20.85
9949,8/6/2022 14:00,18.49,20.89
9950,8/6/2022 14:10,18.62,20.93
9951,8/6/2022 14:20,18.57,20.93
9952,8/6/2022 14:30,18.53,20.98
9953,8/6/2022 14:40,18.53,21.1
9954,8/6/2022 14:50,18.57,21.06
9955,8/6/2022 15:00,18.62,21.06
9956,8/6/2022 15:10,18.57,21.23
9957,8/6/2022 15:20,18.66,21.1
9958,8/6/2022 15:30,18.57,21.02
9959,8/6/2022 15:40,18.7,21.19
9960,8/6/2022 15:50,18.66,21.45
9961,8/6/2022 16:00,18.79,21.62
9962,8/6/2022 16:10,18.96,21.79
9963,8/6/2022 16:20,18.92,21.4
9964,8/6/2022 16:30,18.7,20.98
9965,8/6/2022 16:40,18.74,20.85
9966,8/6/2022 16:50,18.87,20.89
9967,8/6/2022 17:00,18.92,21.1
9968,8/6/2022 17:10,18.87,21.32
9969,8/6/2022 17:20,18.83,21.28
9970,8/6/2022 17:30,18.83,21.28
9971,8/6/2022 17:40,18.92,21.1
9972,8/6/2022 17:50,18.96,21.1
9973,8/6/2022 18:00,18.96,21.06
9974,8/6/2022 18:10,18.87,20.98
9975,8/6/2022 18:20,18.87,20.89
9976,8/6/2022 18:30,18.79,20.8
9977,8/6/2022 18:40,18.57,20.63
9978,8/6/2022 18:50,18.62,20.59
9979,8/6/2022 19:00,18.74,20.55
9980,8/6/2022 19:10,18.4,20.55
9981,8/6/2022 19:20,18.23,20.42
9982,8/6/2022 19:30,18.36,20.25
9983,8/6/2022 19:40,18.14,20.2
9984,8/6/2022 19:50,17.97,20.2
9985,8/6/2022 20:00,17.76,20.37
9986,8/6/2022 20:10,17.29,20.46
9987,8/6/2022 20:20,17.11,20.33
9988,8/6/2022 20:30,17.07,20.29
9989,8/6/2022 20:40,16.94,20.25
9990,8/6/2022 20:50,16.86,20.33
9991,8/6/2022 21:00,16.51,20.46
9992,8/6/2022 21:10,16.43,20.5
9993,8/6/2022 21:20,16.43,20.29
9994,8/6/2022 21:30,16.43,20.07
9995,8/6/2022 21:40,16.34,20.12
9996,8/6/2022 21:50,16.3,20.03
9997,8/6/2022 22:00,16.3,20.03
9998,8/6/2022 22:10,16.26,19.99
9999,8/6/2022 22:20,16.26,20.03
10000,8/6/2022 22:30,16.08,20.07
10001,8/6/2022 22:40,15.96,20.16
10002,8/6/2022 22:50,15.74,20.16
10003,8/6/2022 23:00,15.87,20.16
10004,8/6/2022 23:10,15.66,20.2
10005,8/6/2022 23:20,15.74,20.16
10006,8/6/2022 23:30,15.53,20.16
10007,8/6/2022 23:40,15.66,20.16
10008,8/6/2022 23:50,15.83,20.37
10009,8/7/2022 0:00,15.83,20.63
10010,8/7/2022 0:10,15.83,21.23
10011,8/7/2022 0:20,15.83,21.92
10012,8/7/2022 0:30,15.83,22.31
10013,8/7/2022 0:40,15.83,22.35
10014,8/7/2022 0:50,15.74,22.05
10015,8/7/2022 1:00,15.57,21.79
10016,8/7/2022 1:10,15.57,21.7
10017,8/7/2022 1:20,15.7,21.7
10018,8/7/2022 1:30,15.7,21.7
10019,8/7/2022 1:40,15.78,21.4
10020,8/7/2022 1:50,15.74,21.1
10021,8/7/2022 2:00,16.04,20.55
10022,8/7/2022 2:10,16,19.47
10023,8/7/2022 2:20,16.08,17.89
10024,8/7/2022 2:30,16.08,17.37
10025,8/7/2022 2:40,16.08,16.86
10026,8/7/2022 2:50,16.04,16.51
10027,8/7/2022 3:00,15.83,16.3
10028,8/7/2022 3:10,15.96,16.56
10029,8/7/2022 3:20,16.08,16.69
10030,8/7/2022 3:30,16.08,16.69
10031,8/7/2022 3:40,16.13,16.6
10032,8/7/2022 3:50,16.08,16.43
10033,8/7/2022 4:00,16.04,16.13
10034,8/7/2022 4:10,16.08,16.26
10035,8/7/2022 4:20,16.21,16.34
10036,8/7/2022 4:30,16.08,16.13
10037,8/7/2022 4:40,16.08,16.13
10038,8/7/2022 4:50,16.17,16.17
10039,8/7/2022 5:00,16.08,16.17
10040,8/7/2022 5:10,16.08,17.97
10041,8/7/2022 5:20,16.21,18.92
10042,8/7/2022 5:30,16.21,19.39
10043,8/7/2022 5:40,16.26,19.86
10044,8/7/2022 5:50,16.43,20.2
10045,8/7/2022 6:00,16.39,20.2
10046,8/7/2022 6:10,16.43,20.16
10047,8/7/2022 6:20,16.43,20.07
10048,8/7/2022 6:30,16.43,20.03
10049,8/7/2022 6:40,16.47,19.86
10050,8/7/2022 6:50,16.43,19.43
10051,8/7/2022 7:00,16.51,19.05
10052,8/7/2022 7:10,16.51,18.74
10053,8/7/2022 7:20,16.56,18.66
10054,8/7/2022 7:30,16.51,18.7
10055,8/7/2022 7:40,16.56,18.7
10056,8/7/2022 7:50,16.56,18.74
10057,8/7/2022 8:00,16.56,18.7
10058,8/7/2022 8:10,16.64,18.74
10059,8/7/2022 8:20,16.6,18.74
10060,8/7/2022 8:30,16.6,18.83
10061,8/7/2022 8:40,16.64,18.83
10062,8/7/2022 8:50,16.6,18.83
10063,8/7/2022 9:00,16.64,18.83
10064,8/7/2022 9:10,16.51,18.83
10065,8/7/2022 9:20,16.64,18.87
10066,8/7/2022 9:30,16.56,18.87
10067,8/7/2022 9:40,16.64,18.87
10068,8/7/2022 9:50,16.6,18.92
10069,8/7/2022 10:00,16.64,18.92
10070,8/7/2022 10:10,16.56,18.96
10071,8/7/2022 10:20,16.6,19
10072,8/7/2022 10:30,16.6,19.05
10073,8/7/2022 10:40,16.64,19.05
10074,8/7/2022 10:50,16.77,19.09
10075,8/7/2022 11:00,16.64,19.13
10076,8/7/2022 11:10,16.64,19.26
10077,8/7/2022 11:20,16.64,19.3
10078,8/7/2022 11:30,16.73,19.39
10079,8/7/2022 11:40,16.73,19.52
10080,8/7/2022 11:50,16.81,19.6
10081,8/7/2022 12:00,16.73,19.69
10082,8/7/2022 12:10,16.77,19.82
10083,8/7/2022 12:20,16.81,20.03
10084,8/7/2022 12:30,17.03,20.29
10085,8/7/2022 12:40,17.07,20.55
10086,8/7/2022 12:50,17.03,20.63
10087,8/7/2022 13:00,17.16,20.63
10088,8/7/2022 13:10,17.16,20.68
10089,8/7/2022 13:20,17.16,20.72
10090,8/7/2022 13:30,17.11,20.93
10091,8/7/2022 13:40,17.29,21.06
10092,8/7/2022 13:50,17.41,21.15
10093,8/7/2022 14:00,17.24,21.23
10094,8/7/2022 14:10,17.29,21.23
10095,8/7/2022 14:20,17.37,21.28
10096,8/7/2022 14:30,17.59,21.1
10097,8/7/2022 14:40,17.76,21.15
10098,8/7/2022 14:50,17.67,21.23
10099,8/7/2022 15:00,17.59,21.36
10100,8/7/2022 15:10,17.54,21.4
10101,8/7/2022 15:20,17.5,21.53
10102,8/7/2022 15:30,17.5,21.62
10103,8/7/2022 15:40,17.67,21.7
10104,8/7/2022 15:50,17.63,21.7
10105,8/7/2022 16:00,17.59,21.7
10106,8/7/2022 16:10,17.67,21.79
10107,8/7/2022 16:20,17.63,21.83
10108,8/7/2022 16:30,17.76,22.22
10109,8/7/2022 16:40,17.76,22.39
10110,8/7/2022 16:50,17.72,21.66
10111,8/7/2022 17:00,17.8,21.36
10112,8/7/2022 17:10,17.76,21.32
10113,8/7/2022 17:20,17.84,21.06
10114,8/7/2022 17:30,17.84,21.4
10115,8/7/2022 17:40,17.93,21.7
10116,8/7/2022 17:50,18.02,21.62
10117,8/7/2022 18:00,18.06,21.45
10118,8/7/2022 18:10,18.19,21.19
10119,8/7/2022 18:20,18.27,21.06
10120,8/7/2022 18:30,18.23,21.19
10121,8/7/2022 18:40,17.76,21.1
10122,8/7/2022 18:50,18.14,20.93
10123,8/7/2022 19:00,18.57,20.85
10124,8/7/2022 19:10,20.25,20.68
10125,8/7/2022 19:20,20.5,20.55
10126,8/7/2022 19:30,20.46,20.42
10127,8/7/2022 19:40,20.42,20.29
10128,8/7/2022 19:50,20.25,20.25
10129,8/7/2022 20:00,20.25,20.25
10130,8/7/2022 20:10,20.25,20.25
10131,8/7/2022 20:20,20.25,20.2
10132,8/7/2022 20:30,21.23,20.29
10133,8/7/2022 20:40,20.98,20.2
10134,8/7/2022 20:50,19,20.29
10135,8/7/2022 21:00,17.54,20.29
10136,8/7/2022 21:10,17.11,20.29
10137,8/7/2022 21:20,17.16,20.29
10138,8/7/2022 21:30,16.94,20.33
10139,8/7/2022 21:40,16.77,20.25
10140,8/7/2022 21:50,16.64,20.2
10141,8/7/2022 22:00,16.6,20.25
10142,8/7/2022 22:10,16.6,20.16
10143,8/7/2022 22:20,16.47,20.16
10144,8/7/2022 22:30,16.34,19.99
10145,8/7/2022 22:40,16.3,19.9
10146,8/7/2022 22:50,16.39,19.82
10147,8/7/2022 23:00,16.34,19.82
10148,8/7/2022 23:10,16.39,19.9
10149,8/7/2022 23:20,16.34,19.9
10150,8/7/2022 23:30,16.3,19.99
10151,8/7/2022 23:40,16.26,20.03
10152,8/7/2022 23:50,16.26,20.03
10153,8/8/2022 0:00,16.34,20.03
10154,8/8/2022 0:10,16.3,19.99
10155,8/8/2022 0:20,16.26,20.03
10156,8/8/2022 0:30,16.3,20.16
10157,8/8/2022 0:40,16.47,20.63
10158,8/8/2022 0:50,16.51,21.49
10159,8/8/2022 1:00,16.81,22.05
10160,8/8/2022 1:10,16.73,22.05
10161,8/8/2022 1:20,16.64,21.83
10162,8/8/2022 1:30,16.69,21.7
10163,8/8/2022 1:40,16.56,21.66
10164,8/8/2022 1:50,16.43,21.49
10165,8/8/2022 2:00,16.34,21.28
10166,8/8/2022 2:10,16.26,20.93
10167,8/8/2022 2:20,16.26,20.59
10168,8/8/2022 2:30,16.17,20.37
10169,8/8/2022 2:40,16.13,19.9
10170,8/8/2022 2:50,16.13,17.59
10171,8/8/2022 3:00,15.87,15.83
10172,8/8/2022 3:10,15.66,15.44
10173,8/8/2022 3:20,15.53,15.14
10174,8/8/2022 3:30,15.78,15.66
10175,8/8/2022 3:40,15.74,15.57
10176,8/8/2022 3:50,15.61,15.27
10177,8/8/2022 4:00,15.66,15.36
10178,8/8/2022 4:10,15.61,15.01
10179,8/8/2022 4:20,15.36,14.84
10180,8/8/2022 4:30,15.23,14.58
10181,8/8/2022 4:40,15.14,14.71
10182,8/8/2022 4:50,15.06,14.37
10183,8/8/2022 5:00,14.88,14.5
10184,8/8/2022 5:10,14.97,14.54
10185,8/8/2022 5:20,15.01,14.5
10186,8/8/2022 5:30,14.97,14.5
10187,8/8/2022 5:40,15.18,14.45
10188,8/8/2022 5:50,15.01,14.24
10189,8/8/2022 6:00,14.93,14.11
10190,8/8/2022 6:10,14.93,14.28
10191,8/8/2022 6:20,14.88,14.11
10192,8/8/2022 6:30,14.84,14.11
10193,8/8/2022 6:40,14.71,14.54
10194,8/8/2022 6:50,14.71,16.73
10195,8/8/2022 7:00,15.06,18.19
10196,8/8/2022 7:10,15.91,19
10197,8/8/2022 7:20,16.04,19.43
10198,8/8/2022 7:30,15.91,19.65
10199,8/8/2022 7:40,16.13,19.77
10200,8/8/2022 7:50,16.34,19.69
10201,8/8/2022 8:00,16.51,19.13
10202,8/8/2022 8:10,16.3,18.57
10203,8/8/2022 8:20,16.56,18.4
10204,8/8/2022 8:30,16.56,18.49
10205,8/8/2022 8:40,16.6,18.53
10206,8/8/2022 8:50,16.77,18.49
10207,8/8/2022 9:00,16.9,18.49
10208,8/8/2022 9:10,16.94,18.53
10209,8/8/2022 9:20,17.03,18.62
10210,8/8/2022 9:30,16.94,18.62
10211,8/8/2022 9:40,17.03,18.62
10212,8/8/2022 9:50,17.07,18.44
10213,8/8/2022 10:00,17.2,18.32
10214,8/8/2022 10:10,17.29,18.4
10215,8/8/2022 10:20,17.41,18.53
10216,8/8/2022 10:30,17.5,18.66
10217,8/8/2022 10:40,17.54,18.79
10218,8/8/2022 10:50,17.59,18.96
10219,8/8/2022 11:00,17.59,19.05
10220,8/8/2022 11:10,17.72,19.17
10221,8/8/2022 11:20,17.76,19.3
10222,8/8/2022 11:30,17.84,19.43
10223,8/8/2022 11:40,17.89,19.65
10224,8/8/2022 11:50,17.93,19.86
10225,8/8/2022 12:00,18.02,19.99
10226,8/8/2022 12:10,18.06,20.16
10227,8/8/2022 12:20,18.1,20.33
10228,8/8/2022 12:30,18.14,20.5
10229,8/8/2022 12:40,18.14,20.76
10230,8/8/2022 12:50,18.14,21.02
10231,8/8/2022 13:00,18.36,21.32
10232,8/8/2022 13:10,18.44,21.58
10233,8/8/2022 13:20,18.4,21.88
10234,8/8/2022 13:30,18.32,21.96
10235,8/8/2022 13:40,18.49,22.05
10236,8/8/2022 13:50,18.53,22.09
10237,8/8/2022 14:00,18.53,22.65
10238,8/8/2022 14:10,18.62,22.82
10239,8/8/2022 14:20,18.66,22.61
10240,8/8/2022 14:30,18.74,22.31
10241,8/8/2022 14:40,18.79,22.26
10242,8/8/2022 14:50,18.79,22.31
10243,8/8/2022 15:00,18.83,22.43
10244,8/8/2022 15:10,18.83,22.48
10245,8/8/2022 15:20,18.87,22.31
10246,8/8/2022 15:30,18.7,22.22
10247,8/8/2022 15:40,18.66,22.43
10248,8/8/2022 15:50,18.7,22.61
10249,8/8/2022 16:00,18.83,22.95
10250,8/8/2022 16:10,18.83,23.12
10251,8/8/2022 16:20,18.79,23.25
10252,8/8/2022 16:30,18.66,23.25
10253,8/8/2022 16:40,18.62,22.99
10254,8/8/2022 16:50,18.74,22.56
10255,8/8/2022 17:00,18.74,22.13
10256,8/8/2022 17:10,18.7,22.05
10257,8/8/2022 17:20,18.74,21.66
10258,8/8/2022 17:30,18.74,21.19
10259,8/8/2022 17:40,18.92,21.45
10260,8/8/2022 17:50,19,21.83
10261,8/8/2022 18:00,19.13,22.31
10262,8/8/2022 18:10,19.13,22.52
10263,8/8/2022 18:20,19.05,22.26
10264,8/8/2022 18:30,19,22.05
10265,8/8/2022 18:40,19.05,21.92
10266,8/8/2022 18:50,19.05,21.83
10267,8/8/2022 19:00,18.19,21.53
10268,8/8/2022 19:10,17.84,21.06
10269,8/8/2022 19:20,18.4,20.68
10270,8/8/2022 19:30,19.47,20.16
10271,8/8/2022 19:40,19.82,19.82
10272,8/8/2022 19:50,19.77,19.77
10273,8/8/2022 20:00,19.69,19.69
10274,8/8/2022 20:10,19.65,19.6
10275,8/8/2022 20:20,19.52,19.52
10276,8/8/2022 20:30,19.43,19.43
10277,8/8/2022 20:40,19.52,19.35
10278,8/8/2022 20:50,19.43,19.43
10279,8/8/2022 21:00,19.39,19.3
10280,8/8/2022 21:10,19.35,19.22
10281,8/8/2022 21:20,19.3,19.26
10282,8/8/2022 21:30,19.3,19.22
10283,8/8/2022 21:40,19.3,19.22
10284,8/8/2022 21:50,19.82,19.3
10285,8/8/2022 22:00,19.82,19.26
10286,8/8/2022 22:10,20.16,19.35
10287,8/8/2022 22:20,18.14,19.56
10288,8/8/2022 22:30,17.29,19.9
10289,8/8/2022 22:40,17.16,20.12
10290,8/8/2022 22:50,16.99,20.33
10291,8/8/2022 23:00,16.86,20.37
10292,8/8/2022 23:10,16.77,20.29
10293,8/8/2022 23:20,16.77,20.03
10294,8/8/2022 23:30,16.69,19.82
10295,8/8/2022 23:40,16.64,19.82
10296,8/8/2022 23:50,16.51,19.82
10297,8/9/2022 0:00,16.51,19.69
10298,8/9/2022 0:10,16.56,19.77
10299,8/9/2022 0:20,16.51,19.82
10300,8/9/2022 0:30,16.56,19.86
10301,8/9/2022 0:40,16.47,19.86
10302,8/9/2022 0:50,16.64,19.82
10303,8/9/2022 1:00,16.51,19.82
10304,8/9/2022 1:10,16.56,19.82
10305,8/9/2022 1:20,16.56,19.82
10306,8/9/2022 1:30,16.51,19.9
10307,8/9/2022 1:40,16.56,20.5
10308,8/9/2022 1:50,16.56,20.85
10309,8/9/2022 2:00,16.56,20.8
10310,8/9/2022 2:10,16.47,20.46
10311,8/9/2022 2:20,16.47,20.33
10312,8/9/2022 2:30,16.39,20.29
10313,8/9/2022 2:40,16.39,20.2
10314,8/9/2022 2:50,16.43,20.07
10315,8/9/2022 3:00,16.34,19.9
10316,8/9/2022 3:10,16.3,19.73
10317,8/9/2022 3:20,16.3,19.47
10318,8/9/2022 3:30,16.26,19.22
10319,8/9/2022 3:40,16.17,17.63
10320,8/9/2022 3:50,16.13,16.39
10321,8/9/2022 4:00,16.13,16.13
10322,8/9/2022 4:10,16.13,16
10323,8/9/2022 4:20,16.13,15.87
10324,8/9/2022 4:30,16.04,15.78
10325,8/9/2022 4:40,15.96,15.66
10326,8/9/2022 4:50,15.91,15.53
10327,8/9/2022 5:00,15.87,15.48
10328,8/9/2022 5:10,15.78,15.36
10329,8/9/2022 5:20,15.83,15.53
10330,8/9/2022 5:30,15.87,15.44
10331,8/9/2022 5:40,15.83,15.23
10332,8/9/2022 5:50,15.74,15.18
10333,8/9/2022 6:00,15.78,15.18
10334,8/9/2022 6:10,15.78,15.06
10335,8/9/2022 6:20,15.7,15.01
10336,8/9/2022 6:30,15.66,14.97
10337,8/9/2022 6:40,15.66,15.01
10338,8/9/2022 6:50,15.66,15.18
10339,8/9/2022 7:00,15.78,15.48
10340,8/9/2022 7:10,15.87,17.29
10341,8/9/2022 7:20,16,18.44
10342,8/9/2022 7:30,16.21,20.72
10343,8/9/2022 7:40,16.39,21.7
10344,8/9/2022 7:50,16.51,22.69
10345,8/9/2022 8:00,16.51,17.97
10346,8/9/2022 8:10,16.56,18.74
10347,8/9/2022 8:20,16.6,19.05
10348,8/9/2022 8:30,16.73,19.35
10349,8/9/2022 8:40,16.86,19.35
10350,8/9/2022 8:50,16.94,19.13
10351,8/9/2022 9:00,17.03,19.05
10352,8/9/2022 9:10,17.16,19
10353,8/9/2022 9:20,17.11,19.05
10354,8/9/2022 9:30,17.16,19.05
10355,8/9/2022 9:40,17.41,19.05
10356,8/9/2022 9:50,17.37,19.05
10357,8/9/2022 10:00,17.29,19
10358,8/9/2022 10:10,17.16,19
10359,8/9/2022 10:20,17.16,19.05
10360,8/9/2022 10:30,17.24,19.26
10361,8/9/2022 10:40,17.59,19.56
10362,8/9/2022 10:50,17.54,19.52
10363,8/9/2022 11:00,17.59,19.47
10364,8/9/2022 11:10,17.59,19.47
10365,8/9/2022 11:20,17.89,19.52
10366,8/9/2022 11:30,18.1,19.6
10367,8/9/2022 11:40,18.1,19.82
10368,8/9/2022 11:50,18.02,19.99
10369,8/9/2022 12:00,18.14,20.16
10370,8/9/2022 12:10,18.19,20.25
10371,8/9/2022 12:20,18.23,20.29
10372,8/9/2022 12:30,18.32,20.33
10373,8/9/2022 12:40,18.27,20.46
10374,8/9/2022 12:50,18.27,20.59
10375,8/9/2022 13:00,18.32,20.68
10376,8/9/2022 13:10,18.27,20.85
10377,8/9/2022 13:20,18.27,20.89
10378,8/9/2022 13:30,18.27,21.15
10379,8/9/2022 13:40,18.32,21.32
10380,8/9/2022 13:50,18.36,21.53
10381,8/9/2022 14:00,18.36,21.83
10382,8/9/2022 14:10,18.27,22.05
10383,8/9/2022 14:20,18.4,22.39
10384,8/9/2022 14:30,18.32,22.65
10385,8/9/2022 14:40,18.36,22.95
10386,8/9/2022 14:50,18.32,23.46
10387,8/9/2022 15:00,18.44,23.72
10388,8/9/2022 15:10,18.36,23.89
10389,8/9/2022 15:20,18.62,23.98
10390,8/9/2022 15:30,18.57,23.89
10391,8/9/2022 15:40,18.57,23.89
10392,8/9/2022 15:50,18.57,23.72
10393,8/9/2022 16:00,18.49,23.59
10394,8/9/2022 16:10,18.7,23.51
10395,8/9/2022 16:20,18.7,23.38
10396,8/9/2022 16:30,18.74,23.34
10397,8/9/2022 16:40,18.83,22.91
10398,8/9/2022 16:50,18.83,22.56
10399,8/9/2022 17:00,18.96,22.35
10400,8/9/2022 17:10,18.87,22.43
10401,8/9/2022 17:20,19,22.48
10402,8/9/2022 17:30,19.13,22.39
10403,8/9/2022 17:40,18.74,22.39
10404,8/9/2022 17:50,18.79,22.35
10405,8/9/2022 18:00,18.92,22.35
10406,8/9/2022 18:10,19.05,22.43
10407,8/9/2022 18:20,19.05,22.39
10408,8/9/2022 18:30,19,22.65
10409,8/9/2022 18:40,19.05,22.39
10410,8/9/2022 18:50,19.05,21.06
10411,8/9/2022 19:00,18.96,21.1
10412,8/9/2022 19:10,18.96,21.32
10413,8/9/2022 19:20,18.96,21.45
10414,8/9/2022 19:30,18.87,21.49
10415,8/9/2022 19:40,18.79,21.53
10416,8/9/2022 19:50,18.57,21.66
10417,8/9/2022 20:00,18.4,21.58
10418,8/9/2022 20:10,18.27,21.36
10419,8/9/2022 20:20,18.74,21.15
10420,8/9/2022 20:30,20.63,20.85
10421,8/9/2022 20:40,20.5,20.59
10422,8/9/2022 20:50,20.42,20.37
10423,8/9/2022 21:00,20.25,20.16
10424,8/9/2022 21:10,20.12,20.03
10425,8/9/2022 21:20,20.03,19.95
10426,8/9/2022 21:30,19.95,19.77
10427,8/9/2022 21:40,19.77,19.6
10428,8/9/2022 21:50,19.6,19.17
10429,8/9/2022 22:00,19.6,18.96
10430,8/9/2022 22:10,19.56,19
10431,8/9/2022 22:20,21.19,19.17
10432,8/9/2022 22:30,22.05,19.3
10433,8/9/2022 22:40,22.05,19.39
10434,8/9/2022 22:50,21.66,19.6
10435,8/9/2022 23:00,21.19,19.69
10436,8/9/2022 23:10,21.1,19.69
10437,8/9/2022 23:20,20.89,19.47
10438,8/9/2022 23:30,18.36,19.65
10439,8/9/2022 23:40,17.33,19.77
10440,8/9/2022 23:50,16.94,19.73
10441,8/10/2022 0:00,16.81,19.77
10442,8/10/2022 0:10,16.77,19.82
10443,8/10/2022 0:20,16.81,19.65
10444,8/10/2022 0:30,16.77,19.56
10445,8/10/2022 0:40,16.81,19.47
10446,8/10/2022 0:50,16.73,19.6
10447,8/10/2022 1:00,16.56,19.6
10448,8/10/2022 1:10,16.64,19.65
10449,8/10/2022 1:20,16.47,19.69
10450,8/10/2022 1:30,16.34,19.65
10451,8/10/2022 1:40,16.21,19.56
10452,8/10/2022 1:50,16.13,19.52
10453,8/10/2022 2:00,16.13,19.47
10454,8/10/2022 2:10,16.21,19.47
10455,8/10/2022 2:20,16.17,19.47
10456,8/10/2022 2:30,16.13,19.52
10457,8/10/2022 2:40,16.17,19.69
10458,8/10/2022 2:50,16.34,20.25
10459,8/10/2022 3:00,16.39,21.4
10460,8/10/2022 3:10,16.47,21.4
10461,8/10/2022 3:20,16.56,21.19
10462,8/10/2022 3:30,16.3,21.23
10463,8/10/2022 3:40,16.21,21.1
10464,8/10/2022 3:50,16.26,20.93
10465,8/10/2022 4:00,16.21,20.76
10466,8/10/2022 4:10,16.21,20.46
10467,8/10/2022 4:20,16.21,19.86
10468,8/10/2022 4:30,16.04,19.39
10469,8/10/2022 4:40,15.91,16.86
10470,8/10/2022 4:50,15.96,16.3
10471,8/10/2022 5:00,15.96,16.17
10472,8/10/2022 5:10,15.66,15.83
10473,8/10/2022 5:20,15.91,16
10474,8/10/2022 5:30,15.91,15.96
10475,8/10/2022 5:40,15.53,15.44
10476,8/10/2022 5:50,15.61,15.4
10477,8/10/2022 6:00,15.7,15.23
10478,8/10/2022 6:10,15.78,15.36
10479,8/10/2022 6:20,15.91,15.48
10480,8/10/2022 6:30,15.74,15.36
10481,8/10/2022 6:40,15.61,15.31
10482,8/10/2022 6:50,15.7,15.66
10483,8/10/2022 7:00,15.7,16.08
10484,8/10/2022 7:10,15.66,16.39
10485,8/10/2022 7:20,15.78,17.97
10486,8/10/2022 7:30,16,18.36
10487,8/10/2022 7:40,15.96,17.72
10488,8/10/2022 7:50,15.87,17.97
10489,8/10/2022 8:00,15.96,19.56
10490,8/10/2022 8:10,16.08,19.69
10491,8/10/2022 8:20,16.3,23.03
10492,8/10/2022 8:30,16.6,26.9
10493,8/10/2022 8:40,16.69,25.91
10494,8/10/2022 8:50,16.73,24.02
10495,8/10/2022 9:00,16.86,20.68
10496,8/10/2022 9:10,16.94,20.12
10497,8/10/2022 9:20,16.86,20.07
10498,8/10/2022 9:30,17.03,20.2
10499,8/10/2022 9:40,16.99,20.25
10500,8/10/2022 9:50,17.03,20.16
10501,8/10/2022 10:00,17.07,20.07
10502,8/10/2022 10:10,17.33,19.39
10503,8/10/2022 10:20,17.41,19.17
10504,8/10/2022 10:30,17.54,19.17
10505,8/10/2022 10:40,17.59,19.13
10506,8/10/2022 10:50,17.67,19.13
10507,8/10/2022 11:00,17.76,19.05
10508,8/10/2022 11:10,17.63,19.22
10509,8/10/2022 11:20,17.72,19.43
10510,8/10/2022 11:30,17.5,19.69
10511,8/10/2022 11:40,17.2,19.82
10512,8/10/2022 11:50,17.03,19.82
10513,8/10/2022 12:00,17.03,19.95
10514,8/10/2022 12:10,16.94,20.07
10515,8/10/2022 12:20,16.94,20.25
10516,8/10/2022 12:30,16.94,20.25
10517,8/10/2022 12:40,16.86,20.2
10518,8/10/2022 12:50,16.9,20.46
10519,8/10/2022 13:00,17.07,20.33
10520,8/10/2022 13:10,16.99,20.37
10521,8/10/2022 13:20,17.11,20.46
10522,8/10/2022 13:30,17.29,20.46
10523,8/10/2022 13:40,17.33,20.42
10524,8/10/2022 13:50,17.33,20.42
10525,8/10/2022 14:00,17.59,20.37
10526,8/10/2022 14:10,17.72,20.33
10527,8/10/2022 14:20,17.84,20.42
10528,8/10/2022 14:30,17.97,20.59
10529,8/10/2022 14:40,18.19,20.76
10530,8/10/2022 14:50,18.19,20.98
10531,8/10/2022 15:00,18.32,21.19
10532,8/10/2022 15:10,18.62,21.58
10533,8/10/2022 15:20,18.74,21.96
10534,8/10/2022 15:30,18.79,22.26
10535,8/10/2022 15:40,19,22.52
10536,8/10/2022 15:50,19.13,22.82
10537,8/10/2022 16:00,19.3,23.34
10538,8/10/2022 16:10,19.3,23.64
10539,8/10/2022 16:20,19.22,23.81
10540,8/10/2022 16:30,19.3,23.72
10541,8/10/2022 16:40,19.26,23.68
10542,8/10/2022 16:50,19.39,23.81
10543,8/10/2022 17:00,19.56,23.98
10544,8/10/2022 17:10,19.52,24.02
10545,8/10/2022 17:20,19.47,23.72
10546,8/10/2022 17:30,19.43,23.21
10547,8/10/2022 17:40,19.52,22.65
10548,8/10/2022 17:50,19.52,22.35
10549,8/10/2022 18:00,19.6,22.31
10550,8/10/2022 18:10,19.6,22.31
10551,8/10/2022 18:20,19.6,22.39
10552,8/10/2022 18:30,19.65,22.26
10553,8/10/2022 18:40,19.56,21.79
10554,8/10/2022 18:50,19.39,21.32
10555,8/10/2022 19:00,19.35,20.72
10556,8/10/2022 19:10,19.26,20.72
10557,8/10/2022 19:20,19.13,21.06
10558,8/10/2022 19:30,19.05,21.62
10559,8/10/2022 19:40,18.79,21.28
10560,8/10/2022 19:50,18.49,21.23
10561,8/10/2022 20:00,18.49,21.49
10562,8/10/2022 20:10,18.32,21.62
10563,8/10/2022 20:20,18.44,21.96
10564,8/10/2022 20:30,18.36,21.92
10565,8/10/2022 20:40,18.27,21.36
10566,8/10/2022 20:50,18.23,20.89
10567,8/10/2022 21:00,18.02,20.46
10568,8/10/2022 21:10,18.79,20.29
10569,8/10/2022 21:20,19.86,20.16
10570,8/10/2022 21:30,19.99,19.99
10571,8/10/2022 21:40,19.82,19.77
10572,8/10/2022 21:50,19.6,19.6
10573,8/10/2022 22:00,19.56,19.43
10574,8/10/2022 22:10,19.47,19.3
10575,8/10/2022 22:20,19.35,19.13
10576,8/10/2022 22:30,19.22,19
10577,8/10/2022 22:40,18.96,18.74
10578,8/10/2022 22:50,18.74,18.53
10579,8/10/2022 23:00,18.66,18.49
10580,8/10/2022 23:10,18.66,18.36
10581,8/10/2022 23:20,18.74,18.32
10582,8/10/2022 23:30,18.92,18.62
10583,8/10/2022 23:40,19.56,19.05
10584,8/10/2022 23:50,19.95,19.35
10585,8/11/2022 0:00,20.8,19.52
10586,8/11/2022 0:10,20.42,19.69
10587,8/11/2022 0:20,20.16,19.73
10588,8/11/2022 0:30,18.57,19.86
10589,8/11/2022 0:40,17.03,20.03
10590,8/11/2022 0:50,16.73,19.95
10591,8/11/2022 1:00,16.69,19.73
10592,8/11/2022 1:10,16.43,19.6
10593,8/11/2022 1:20,16.51,19.56
10594,8/11/2022 1:30,16.26,19.56
10595,8/11/2022 1:40,16.3,19.65
10596,8/11/2022 1:50,16.26,19.69
10597,8/11/2022 2:00,16.21,19.86
10598,8/11/2022 2:10,16.3,19.82
10599,8/11/2022 2:20,16.21,19.82
10600,8/11/2022 2:30,16.08,19.86
10601,8/11/2022 2:40,16.08,19.86
10602,8/11/2022 2:50,16,19.86
10603,8/11/2022 3:00,15.96,19.77
10604,8/11/2022 3:10,15.78,19.82
10605,8/11/2022 3:20,15.78,19.86
10606,8/11/2022 3:30,15.83,19.95
10607,8/11/2022 3:40,15.74,20.63
10608,8/11/2022 3:50,15.91,20.93
10609,8/11/2022 4:00,15.74,20.98
10610,8/11/2022 4:10,15.78,20.76
10611,8/11/2022 4:20,15.7,20.55
10612,8/11/2022 4:30,15.74,20.46
10613,8/11/2022 4:40,15.78,20.46
10614,8/11/2022 4:50,15.7,20.25
10615,8/11/2022 5:00,15.66,19.9
10616,8/11/2022 5:10,15.61,19.65
10617,8/11/2022 5:20,15.53,19.26
10618,8/11/2022 5:30,15.44,16.99
10619,8/11/2022 5:40,15.31,16.04
10620,8/11/2022 5:50,15.18,15.61
10621,8/11/2022 6:00,15.23,15.57
10622,8/11/2022 6:10,15.1,15.48
10623,8/11/2022 6:20,15.01,15.31
10624,8/11/2022 6:30,14.97,15.18
10625,8/11/2022 6:40,14.97,15.27
10626,8/11/2022 6:50,14.84,15.18
10627,8/11/2022 7:00,14.8,15.31
10628,8/11/2022 7:10,14.88,15.53
10629,8/11/2022 7:20,14.84,15.83
10630,8/11/2022 7:30,14.93,16.26
10631,8/11/2022 7:40,15.06,17.33
10632,8/11/2022 7:50,15.23,21.28
10633,8/11/2022 8:00,15.53,22.56
10634,8/11/2022 8:10,15.53,23.12
10635,8/11/2022 8:20,15.66,26.3
10636,8/11/2022 8:30,15.7,26.68
10637,8/11/2022 8:40,15.7,26.98
10638,8/11/2022 8:50,15.83,26.68
10639,8/11/2022 9:00,15.91,26.12
10640,8/11/2022 9:10,16.04,26.34
10641,8/11/2022 9:20,16.13,25.78
10642,8/11/2022 9:30,16.34,25.18
10643,8/11/2022 9:40,16.56,24.66
10644,8/11/2022 9:50,16.51,21.45
10645,8/11/2022 10:00,16.69,21.06
10646,8/11/2022 10:10,16.73,20.89
10647,8/11/2022 10:20,16.77,20.46
10648,8/11/2022 10:30,16.81,19.95
10649,8/11/2022 10:40,16.9,19.73
10650,8/11/2022 10:50,16.94,19.65
10651,8/11/2022 11:00,16.94,19.65
10652,8/11/2022 11:10,17.03,19.52
10653,8/11/2022 11:20,17.29,19.52
10654,8/11/2022 11:30,17.29,19.47
10655,8/11/2022 11:40,17.33,19.47
10656,8/11/2022 11:50,17.5,19.56
10657,8/11/2022 12:00,17.5,19.9
10658,8/11/2022 12:10,17.5,20.16
10659,8/11/2022 12:20,17.63,20.07
10660,8/11/2022 12:30,17.63,20.25
10661,8/11/2022 12:40,17.76,20.42
10662,8/11/2022 12:50,17.8,20.59
10663,8/11/2022 13:00,17.84,21.02
10664,8/11/2022 13:10,17.89,21.45
10665,8/11/2022 13:20,17.97,21.32
10666,8/11/2022 13:30,18.06,21.19
10667,8/11/2022 13:40,17.93,21.23
10668,8/11/2022 13:50,18.1,21.58
10669,8/11/2022 14:00,18.06,21.92
10670,8/11/2022 14:10,18.27,22.31
10671,8/11/2022 14:20,18.23,22.48
10672,8/11/2022 14:30,18.19,22.69
10673,8/11/2022 14:40,18.36,23.08
10674,8/11/2022 14:50,18.32,23.34
10675,8/11/2022 15:00,18.27,23.46
10676,8/11/2022 15:10,18.27,23.46
10677,8/11/2022 15:20,18.4,23.76
10678,8/11/2022 15:30,18.36,23.85
10679,8/11/2022 15:40,18.44,24.06
10680,8/11/2022 15:50,18.57,24.88
10681,8/11/2022 16:00,18.4,26.08
10682,8/11/2022 16:10,18.36,25.82
10683,8/11/2022 16:20,18.27,24.45
10684,8/11/2022 16:30,18.36,24.02
10685,8/11/2022 16:40,18.27,23.94
10686,8/11/2022 16:50,18.36,23.81
10687,8/11/2022 17:00,18.4,23.59
10688,8/11/2022 17:10,18.4,23.34
10689,8/11/2022 17:20,18.23,23.29
10690,8/11/2022 17:30,18.27,23.21
10691,8/11/2022 17:40,18.32,23.25
10692,8/11/2022 17:50,18.32,23.21
10693,8/11/2022 18:00,18.36,23.08
10694,8/11/2022 18:10,18.4,22.82
10695,8/11/2022 18:20,18.23,22.56
10696,8/11/2022 18:30,18.19,22.48
10697,8/11/2022 18:40,18.23,22.35
10698,8/11/2022 18:50,18.1,22.13
10699,8/11/2022 19:00,18.02,22.05
10700,8/11/2022 19:10,17.89,21.66
10701,8/11/2022 19:20,17.84,20.76
10702,8/11/2022 19:30,17.76,20.25
10703,8/11/2022 19:40,17.63,20.16
10704,8/11/2022 19:50,17.46,20.07
10705,8/11/2022 20:00,17.33,19.9
10706,8/11/2022 20:10,17.11,19.86
10707,8/11/2022 20:20,16.94,19.95
10708,8/11/2022 20:30,16.86,19.95
10709,8/11/2022 20:40,16.81,20.33
10710,8/11/2022 20:50,16.77,20.76
10711,8/11/2022 21:00,16.81,21.58
10712,8/11/2022 21:10,16.69,21.66
10713,8/11/2022 21:20,16.69,21.45
10714,8/11/2022 21:30,16.56,20.8
10715,8/11/2022 21:40,16.51,20.63
10716,8/11/2022 21:50,16.56,20.5
10717,8/11/2022 22:00,16.43,20.29
10718,8/11/2022 22:10,16.69,19.86
10719,8/11/2022 22:20,18.44,19.56
10720,8/11/2022 22:30,19.17,19.3
10721,8/11/2022 22:40,18.92,18.92
10722,8/11/2022 22:50,18.62,18.62
10723,8/11/2022 23:00,18.4,18.32
10724,8/11/2022 23:10,18.19,18.1
10725,8/11/2022 23:20,18.36,18.1
10726,8/11/2022 23:30,18.14,17.93
10727,8/11/2022 23:40,18.1,17.89
10728,8/11/2022 23:50,18.02,17.72
10729,8/12/2022 0:00,17.93,17.63
10730,8/12/2022 0:10,18.02,17.54
10731,8/12/2022 0:20,18.27,17.59
10732,8/12/2022 0:30,18.49,18.02
10733,8/12/2022 0:40,18.57,18.4
10734,8/12/2022 0:50,18.87,18.57
10735,8/12/2022 1:00,19.6,19
10736,8/12/2022 1:10,19.13,19.35
10737,8/12/2022 1:20,16,19.52
10738,8/12/2022 1:30,15.01,19.56
10739,8/12/2022 1:40,14.71,19.22
10740,8/12/2022 1:50,14.54,19.17
10741,8/12/2022 2:00,14.58,19.35
10742,8/12/2022 2:10,14.54,19.35
10743,8/12/2022 2:20,14.54,19.35
10744,8/12/2022 2:30,14.54,19.39
10745,8/12/2022 2:40,14.5,19.43
10746,8/12/2022 2:50,14.41,19.47
10747,8/12/2022 3:00,14.45,19.56
10748,8/12/2022 3:10,14.28,19.6
10749,8/12/2022 3:20,14.28,19.52
10750,8/12/2022 3:30,14.28,19.56
10751,8/12/2022 3:40,14.24,19.43
10752,8/12/2022 3:50,14.11,19.43
10753,8/12/2022 4:00,14.15,19.43
10754,8/12/2022 4:10,14.15,19.56
10755,8/12/2022 4:20,14.11,19.6
10756,8/12/2022 4:30,14.03,19.52
10757,8/12/2022 4:40,14.03,18.87
10758,8/12/2022 4:50,13.94,18.96
10759,8/12/2022 5:00,14.03,18.87
10760,8/12/2022 5:10,14.07,18.4
10761,8/12/2022 5:20,13.81,18.02
10762,8/12/2022 5:30,13.85,18.02
10763,8/12/2022 5:40,13.38,17.97
10764,8/12/2022 5:50,13.21,17.8
10765,8/12/2022 6:00,12.87,17.46
10766,8/12/2022 6:10,12.74,15.31
10767,8/12/2022 6:20,12.74,13.34
10768,8/12/2022 6:30,13.47,13.77
10769,8/12/2022 6:40,13.6,13.94
10770,8/12/2022 6:50,13.73,13.98
10771,8/12/2022 7:00,13.9,14.2
10772,8/12/2022 7:10,14.2,18.79
10773,8/12/2022 7:20,14.33,20.37
10774,8/12/2022 7:30,14.45,21.58
10775,8/12/2022 7:40,14.67,22.52
10776,8/12/2022 7:50,14.84,23.85
10777,8/12/2022 8:00,15.06,23.59
10778,8/12/2022 8:10,14.8,19
10779,8/12/2022 8:20,15.06,25.31
10780,8/12/2022 8:30,15.14,29.3
10781,8/12/2022 8:40,15.27,31.4
10782,8/12/2022 8:50,15.48,29.34
10783,8/12/2022 9:00,15.74,27.93
10784,8/12/2022 9:10,15.61,27.5
10785,8/12/2022 9:20,15.66,26.68
10786,8/12/2022 9:30,15.48,27.02
10787,8/12/2022 9:40,15.61,27.75
10788,8/12/2022 9:50,15.61,28.91
10789,8/12/2022 10:00,15.83,29.04
10790,8/12/2022 10:10,16.13,28.4
10791,8/12/2022 10:20,16.43,24.54
10792,8/12/2022 10:30,16.69,20.98
10793,8/12/2022 10:40,16.69,20.2
10794,8/12/2022 10:50,16.56,19.82
10795,8/12/2022 11:00,16.94,19.56
10796,8/12/2022 11:10,16.94,19.22
10797,8/12/2022 11:20,16.73,19.05
10798,8/12/2022 11:30,16.69,19
10799,8/12/2022 11:40,16.56,18.96
10800,8/12/2022 11:50,16.51,19
10801,8/12/2022 12:00,16.56,19.13
10802,8/12/2022 12:10,16.6,19.43
10803,8/12/2022 12:20,16.64,19.56
10804,8/12/2022 12:30,16.73,19.39
10805,8/12/2022 12:40,16.86,19.47
10806,8/12/2022 12:50,16.81,19.65
10807,8/12/2022 13:00,16.9,19.77
10808,8/12/2022 13:10,17.03,20.25
10809,8/12/2022 13:20,16.99,20.72
10810,8/12/2022 13:30,17.07,20.68
10811,8/12/2022 13:40,17.11,20.68
10812,8/12/2022 13:50,17.07,20.85
10813,8/12/2022 14:00,17.16,21.15
10814,8/12/2022 14:10,17.29,21.45
10815,8/12/2022 14:20,17.2,21.53
10816,8/12/2022 14:30,17.29,21.28
10817,8/12/2022 14:40,17.46,21.1
10818,8/12/2022 14:50,17.46,21.45
10819,8/12/2022 15:00,17.41,21.62
10820,8/12/2022 15:10,17.59,21.66
10821,8/12/2022 15:20,17.46,21.66
10822,8/12/2022 15:30,17.5,21.96
10823,8/12/2022 15:40,17.5,22.39
10824,8/12/2022 15:50,17.54,22.78
10825,8/12/2022 16:00,17.54,22.56
10826,8/12/2022 16:10,17.54,22.31
10827,8/12/2022 16:20,17.63,22.39
10828,8/12/2022 16:30,17.67,22.52
10829,8/12/2022 16:40,17.76,22.65
10830,8/12/2022 16:50,17.76,22.65
10831,8/12/2022 17:00,17.84,22.69
10832,8/12/2022 17:10,17.76,22.78
10833,8/12/2022 17:20,17.72,22.69
10834,8/12/2022 17:30,17.89,22.31
10835,8/12/2022 17:40,17.8,22.18
10836,8/12/2022 17:50,17.89,22.01
10837,8/12/2022 18:00,17.76,22.05
10838,8/12/2022 18:10,17.72,22.09
10839,8/12/2022 18:20,17.8,22.26
10840,8/12/2022 18:30,17.72,22.26
10841,8/12/2022 18:40,17.46,22.22
10842,8/12/2022 18:50,17.5,22.13
10843,8/12/2022 19:00,17.37,22.05
10844,8/12/2022 19:10,17.33,21.96
10845,8/12/2022 19:20,17.11,21.83
10846,8/12/2022 19:30,16.99,21.7
10847,8/12/2022 19:40,16.9,21.53
10848,8/12/2022 19:50,16.64,21.4
10849,8/12/2022 20:00,16.34,21.02
10850,8/12/2022 20:10,16.21,20.63
10851,8/12/2022 20:20,16.08,20.33
10852,8/12/2022 20:30,15.96,19.77
10853,8/12/2022 20:40,15.87,19.26
10854,8/12/2022 20:50,15.87,18.92
10855,8/12/2022 21:00,15.78,18.74
10856,8/12/2022 21:10,15.7,19
10857,8/12/2022 21:20,15.7,19.13
10858,8/12/2022 21:30,15.61,19.17
10859,8/12/2022 21:40,15.61,19.39
10860,8/12/2022 21:50,15.61,19.56
10861,8/12/2022 22:00,15.61,19.86
10862,8/12/2022 22:10,15.53,20.37
10863,8/12/2022 22:20,15.4,19.99
10864,8/12/2022 22:30,15.23,19.05
10865,8/12/2022 22:40,15.18,19
10866,8/12/2022 22:50,15.1,19.13
10867,8/12/2022 23:00,15.14,19.17
10868,8/12/2022 23:10,15.06,19.09
10869,8/12/2022 23:20,15.36,18.7
10870,8/12/2022 23:30,15.74,18.32
10871,8/12/2022 23:40,17.41,18.27
10872,8/12/2022 23:50,18.02,18.14
10873,8/13/2022 0:00,18.02,18.02
10874,8/13/2022 0:10,17.93,17.93
10875,8/13/2022 0:20,17.8,17.8
10876,8/13/2022 0:30,17.72,17.63
10877,8/13/2022 0:40,17.59,17.59
10878,8/13/2022 0:50,17.33,17.33
10879,8/13/2022 1:00,17.29,17.29
10880,8/13/2022 1:10,17.33,17.29
10881,8/13/2022 1:20,17.46,17.41
10882,8/13/2022 1:30,17.63,17.46
10883,8/13/2022 1:40,17.16,17.59
10884,8/13/2022 1:50,14.97,17.84
10885,8/13/2022 2:00,14.8,18.19
10886,8/13/2022 2:10,14.75,18.53
10887,8/13/2022 2:20,14.75,18.7
10888,8/13/2022 2:30,14.63,18.79
10889,8/13/2022 2:40,14.5,18.79
10890,8/13/2022 2:50,14.28,18.7
10891,8/13/2022 3:00,14.03,18.87
10892,8/13/2022 3:10,13.81,18.87
10893,8/13/2022 3:20,13.81,18.92
10894,8/13/2022 3:30,14.07,18.87
10895,8/13/2022 3:40,14.03,19.05
10896,8/13/2022 3:50,13.9,19.26
10897,8/13/2022 4:00,13.85,19.39
10898,8/13/2022 4:10,13.77,19.35
10899,8/13/2022 4:20,13.6,19.22
10900,8/13/2022 4:30,13.64,19.22
10901,8/13/2022 4:40,13.64,19.17
10902,8/13/2022 4:50,13.64,19.17
10903,8/13/2022 5:00,13.55,19.09
10904,8/13/2022 5:10,13.34,18.4
10905,8/13/2022 5:20,13.38,17.63
10906,8/13/2022 5:30,13.34,17.63
10907,8/13/2022 5:40,13.34,17.67
10908,8/13/2022 5:50,13.38,17.46
10909,8/13/2022 6:00,13.34,17.07
10910,8/13/2022 6:10,13.12,17.03
10911,8/13/2022 6:20,13.12,17.03
10912,8/13/2022 6:30,13.47,16.94
10913,8/13/2022 6:40,13.43,16.86
10914,8/13/2022 6:50,13.25,16
10915,8/13/2022 7:00,13.17,14.41
10916,8/13/2022 7:10,13.21,14.37
10917,8/13/2022 7:20,13.34,14.71
10918,8/13/2022 7:30,13.43,16.21
10919,8/13/2022 7:40,13.51,15.91
10920,8/13/2022 7:50,13.64,17.5
10921,8/13/2022 8:00,13.73,17.67
10922,8/13/2022 8:10,14.11,22.09
10923,8/13/2022 8:20,14.41,23.29
10924,8/13/2022 8:30,14.58,24.41
10925,8/13/2022 8:40,14.8,24.66
10926,8/13/2022 8:50,15.01,25.18
10927,8/13/2022 9:00,15.18,25.57
10928,8/13/2022 9:10,15.36,26.12
10929,8/13/2022 9:20,15.66,27.11
10930,8/13/2022 9:30,16.04,28.01
10931,8/13/2022 9:40,16.26,28.65
10932,8/13/2022 9:50,16.56,29.64
10933,8/13/2022 10:00,16.77,28.61
10934,8/13/2022 10:10,17.16,28.95
10935,8/13/2022 10:20,17.46,29.34
10936,8/13/2022 10:30,17.67,28.95
10937,8/13/2022 10:40,17.97,27.97
10938,8/13/2022 10:50,17.46,27.15
10939,8/13/2022 11:00,17.5,23.85
10940,8/13/2022 11:10,17.54,21.66
10941,8/13/2022 11:20,17.24,20.93
10942,8/13/2022 11:30,17.37,20.46
10943,8/13/2022 11:40,16.86,19.9
10944,8/13/2022 11:50,16.26,19.52
10945,8/13/2022 12:00,16.08,19.35
10946,8/13/2022 12:10,15.96,19.3
10947,8/13/2022 12:20,16,19.17
10948,8/13/2022 12:30,16.17,19.17
10949,8/13/2022 12:40,16.04,19.13
10950,8/13/2022 12:50,16.13,19.13
10951,8/13/2022 13:00,16.17,19.47
10952,8/13/2022 13:10,16.39,19.82
10953,8/13/2022 13:20,16.51,19.82
10954,8/13/2022 13:30,16.39,19.95
10955,8/13/2022 13:40,16.56,20.25
10956,8/13/2022 13:50,16.56,20.85
10957,8/13/2022 14:00,16.51,21.4
10958,8/13/2022 14:10,16.6,21.28
10959,8/13/2022 14:20,16.73,20.98
10960,8/13/2022 14:30,16.77,20.89
10961,8/13/2022 14:40,16.81,20.93
10962,8/13/2022 14:50,16.81,21.19
10963,8/13/2022 15:00,16.73,21.32
10964,8/13/2022 15:10,16.86,21.62
10965,8/13/2022 15:20,16.81,21.45
10966,8/13/2022 15:30,16.86,21.58
10967,8/13/2022 15:40,16.94,21.62
10968,8/13/2022 15:50,17.03,21.83
10969,8/13/2022 16:00,16.94,22.09
10970,8/13/2022 16:10,16.99,22.13
10971,8/13/2022 16:20,17.03,22.39
10972,8/13/2022 16:30,17.16,22.65
10973,8/13/2022 16:40,17.03,22.82
10974,8/13/2022 16:50,17.03,23.08
10975,8/13/2022 17:00,17.07,23.34
10976,8/13/2022 17:10,17.11,23.46
10977,8/13/2022 17:20,17.37,23.59
10978,8/13/2022 17:30,17.29,23.89
10979,8/13/2022 17:40,17.2,24.06
10980,8/13/2022 17:50,17.24,24.28
10981,8/13/2022 18:00,17.24,24.32
10982,8/13/2022 18:10,17.24,24.36
10983,8/13/2022 18:20,17.2,24.28
10984,8/13/2022 18:30,17.24,24.32
10985,8/13/2022 18:40,17.07,24.19
10986,8/13/2022 18:50,17.11,24.11
10987,8/13/2022 19:00,17.07,24.19
10988,8/13/2022 19:10,16.9,24.24
10989,8/13/2022 19:20,16.69,24.36
10990,8/13/2022 19:30,16.47,24.41
10991,8/13/2022 19:40,16.39,24.41
10992,8/13/2022 19:50,16.08,24.15
10993,8/13/2022 20:00,15.91,23.94
10994,8/13/2022 20:10,15.66,23.76
10995,8/13/2022 20:20,15.66,23.29
10996,8/13/2022 20:30,15.31,22.91
10997,8/13/2022 20:40,15.4,22.22
10998,8/13/2022 20:50,15.31,21.96
10999,8/13/2022 21:00,15.18,21.83
11000,8/13/2022 21:10,15.18,21.79
11001,8/13/2022 21:20,15.18,21.58
11002,8/13/2022 21:30,15.06,20.76
11003,8/13/2022 21:40,14.97,19.86
11004,8/13/2022 21:50,14.88,19.22
11005,8/13/2022 22:00,14.8,18.87
11006,8/13/2022 22:10,14.75,18.7
11007,8/13/2022 22:20,14.67,18.96
11008,8/13/2022 22:30,14.63,19.22
11009,8/13/2022 22:40,14.71,18.96
11010,8/13/2022 22:50,14.54,18.92
11011,8/13/2022 23:00,14.28,18.83
11012,8/13/2022 23:10,14.28,18.74
11013,8/13/2022 23:20,14.33,18.92
11014,8/13/2022 23:30,14.33,19.17
11015,8/13/2022 23:40,14.24,19.13
11016,8/13/2022 23:50,14.28,19.17
11017,8/14/2022 0:00,14.54,19.39
11018,8/14/2022 0:10,14.28,20.5
11019,8/14/2022 0:20,14.41,20.12
11020,8/14/2022 0:30,14.45,19.35
11021,8/14/2022 0:40,14.54,18.66
11022,8/14/2022 0:50,14.54,18.27
11023,8/14/2022 1:00,14.54,17.97
11024,8/14/2022 1:10,14.45,17.72
11025,8/14/2022 1:20,14.45,17.59
11026,8/14/2022 1:30,14.54,17.54
11027,8/14/2022 1:40,14.8,17.54
11028,8/14/2022 1:50,15.14,17.63
11029,8/14/2022 2:00,14.93,17.72
11030,8/14/2022 2:10,14.58,17.8
11031,8/14/2022 2:20,14.33,18.1
11032,8/14/2022 2:30,14.24,18.32
11033,8/14/2022 2:40,14.2,18.4
11034,8/14/2022 2:50,13.94,18.19
11035,8/14/2022 3:00,13.81,17.97
11036,8/14/2022 3:10,13.68,17.89
11037,8/14/2022 3:20,13.6,17.97
11038,8/14/2022 3:30,13.55,18.14
11039,8/14/2022 3:40,13.47,18.06
11040,8/14/2022 3:50,13.43,18.1
11041,8/14/2022 4:00,13.38,18.14
11042,8/14/2022 4:10,13.34,18.14
11043,8/14/2022 4:20,13.34,18.19
11044,8/14/2022 4:30,13.21,18.32
11045,8/14/2022 4:40,13.21,18.4
11046,8/14/2022 4:50,13.17,18.49
11047,8/14/2022 5:00,13.25,18.49
11048,8/14/2022 5:10,13.04,18.44
11049,8/14/2022 5:20,13,18.4
11050,8/14/2022 5:30,13.12,18.32
11051,8/14/2022 5:40,13.17,18.32
11052,8/14/2022 5:50,13.08,18.57
11053,8/14/2022 6:00,13.04,17.89
11054,8/14/2022 6:10,13.04,18.14
11055,8/14/2022 6:20,12.95,17.93
11056,8/14/2022 6:30,12.78,17.76
11057,8/14/2022 6:40,12.65,17.29
11058,8/14/2022 6:50,12.44,16.94
11059,8/14/2022 7:00,12.27,16.69
11060,8/14/2022 7:10,12.31,16.6
11061,8/14/2022 7:20,12.65,16.77
11062,8/14/2022 7:30,12.7,18.57
11063,8/14/2022 7:40,12.48,19.39
11064,8/14/2022 7:50,12.82,16.69
11065,8/14/2022 8:00,12.95,17.07
11066,8/14/2022 8:10,13.08,20.12
11067,8/14/2022 8:20,13.43,23.38
11068,8/14/2022 8:30,13.64,24.41
11069,8/14/2022 8:40,13.94,24.92
11070,8/14/2022 8:50,14.07,25.48
11071,8/14/2022 9:00,14.33,25.82
11072,8/14/2022 9:10,14.45,26.25
11073,8/14/2022 9:20,14.63,27.5
11074,8/14/2022 9:30,15.01,27.15
11075,8/14/2022 9:40,15.4,28.65
11076,8/14/2022 9:50,15.83,28.83
11077,8/14/2022 10:00,16.08,29.17
11078,8/14/2022 10:10,16.73,29.13
11079,8/14/2022 10:20,17.11,27.84
11080,8/14/2022 10:30,17.5,27.93
11081,8/14/2022 10:40,17.76,28.78
11082,8/14/2022 10:50,18.06,28.23
11083,8/14/2022 11:00,18.32,26.9
11084,8/14/2022 11:10,17.93,27.71
11085,8/14/2022 11:20,17.72,23.72
11086,8/14/2022 11:30,17.67,21.75
11087,8/14/2022 11:40,17.11,20.76
11088,8/14/2022 11:50,16.86,20.07
11089,8/14/2022 12:00,16.86,19.69
11090,8/14/2022 12:10,17.46,19.3
11091,8/14/2022 12:20,17.63,19.05
11092,8/14/2022 12:30,17.89,19
11093,8/14/2022 12:40,17.37,18.92
11094,8/14/2022 12:50,16.17,18.79
11095,8/14/2022 13:00,15.96,18.79
11096,8/14/2022 13:10,15.7,18.87
11097,8/14/2022 13:20,15.61,19.39
11098,8/14/2022 13:30,15.44,19.47
11099,8/14/2022 13:40,15.23,19.43
11100,8/14/2022 13:50,15.23,19.56
11101,8/14/2022 14:00,15.18,19.82
11102,8/14/2022 14:10,15.18,20.42
11103,8/14/2022 14:20,15.48,20.89
11104,8/14/2022 14:30,15.48,20.85
11105,8/14/2022 14:40,15.61,20.55
11106,8/14/2022 14:50,15.74,20.55
11107,8/14/2022 15:00,15.83,20.76
11108,8/14/2022 15:10,16.04,20.85
11109,8/14/2022 15:20,15.91,20.93
11110,8/14/2022 15:30,15.96,21.15
11111,8/14/2022 15:40,16,21.06
11112,8/14/2022 15:50,16.17,20.98
11113,8/14/2022 16:00,16,20.85
11114,8/14/2022 16:10,15.96,21.02
11115,8/14/2022 16:20,15.87,21.02
11116,8/14/2022 16:30,16,21.06
11117,8/14/2022 16:40,16,21.02
11118,8/14/2022 16:50,16.08,21.28
11119,8/14/2022 17:00,16.04,21.83
11120,8/14/2022 17:10,15.96,22.52
11121,8/14/2022 17:20,15.87,22.73
11122,8/14/2022 17:30,16,22.73
11123,8/14/2022 17:40,15.96,22.73
11124,8/14/2022 17:50,16,22.78
11125,8/14/2022 18:00,15.83,22.73
11126,8/14/2022 18:10,15.83,22.35
11127,8/14/2022 18:20,15.91,22.18
11128,8/14/2022 18:30,15.78,22.09
11129,8/14/2022 18:40,15.66,22.22
11130,8/14/2022 18:50,15.91,22.86
11131,8/14/2022 19:00,15.61,24.06
11132,8/14/2022 19:10,15.61,24.15
11133,8/14/2022 19:20,15.57,23.85
11134,8/14/2022 19:30,15.4,23.76
11135,8/14/2022 19:40,15.14,24.06
11136,8/14/2022 19:50,15.01,24.36
11137,8/14/2022 20:00,14.75,24.15
11138,8/14/2022 20:10,14.71,23.29
11139,8/14/2022 20:20,14.71,21.7
11140,8/14/2022 20:30,14.54,21.1
11141,8/14/2022 20:40,14.58,20.93
11142,8/14/2022 20:50,14.54,20.55
11143,8/14/2022 21:00,14.54,20.33
11144,8/14/2022 21:10,14.33,20.25
11145,8/14/2022 21:20,14.37,20.29
11146,8/14/2022 21:30,14.33,20.29
11147,8/14/2022 21:40,14.24,20.37
11148,8/14/2022 21:50,14.07,20.37
11149,8/14/2022 22:00,14.15,20.33
11150,8/14/2022 22:10,14.15,20.2
11151,8/14/2022 22:20,14.11,20.12
11152,8/14/2022 22:30,13.98,20.12
11153,8/14/2022 22:40,13.94,19.73
11154,8/14/2022 22:50,13.81,18.92
11155,8/14/2022 23:00,13.85,18.49
11156,8/14/2022 23:10,13.68,18.02
11157,8/14/2022 23:20,13.73,17.8
11158,8/14/2022 23:30,13.68,17.89
11159,8/14/2022 23:40,13.51,18.06
11160,8/14/2022 23:50,13.55,18.23
11161,8/15/2022 0:00,13.51,18.19
11162,8/15/2022 0:10,13.34,18.23
11163,8/15/2022 0:20,13.34,18.02
11164,8/15/2022 0:30,13.47,17.84
11165,8/15/2022 0:40,13.43,17.97
11166,8/15/2022 0:50,13.25,18.14
11167,8/15/2022 1:00,13.3,18.14
11168,8/15/2022 1:10,13.38,18.4
11169,8/15/2022 1:20,13.47,18.4
11170,8/15/2022 1:30,13.43,18.74
11171,8/15/2022 1:40,13.38,19.3
11172,8/15/2022 1:50,13.47,20.03
11173,8/15/2022 2:00,13.43,20.16
11174,8/15/2022 2:10,13.64,19.99
11175,8/15/2022 2:20,13.6,19.56
11176,8/15/2022 2:30,13.64,19.47
11177,8/15/2022 2:40,13.73,19.65
11178,8/15/2022 2:50,13.73,19.35
11179,8/15/2022 3:00,13.68,18.74
11180,8/15/2022 3:10,13.38,18.49
11181,8/15/2022 3:20,13.25,18.27
11182,8/15/2022 3:30,13.04,17.93
11183,8/15/2022 3:40,13.08,17.76
11184,8/15/2022 3:50,13.08,17.67
11185,8/15/2022 4:00,13.04,17.72
11186,8/15/2022 4:10,12.95,17.72
11187,8/15/2022 4:20,13.04,17.67
11188,8/15/2022 4:30,13,17.63
11189,8/15/2022 4:40,12.91,17.63
11190,8/15/2022 4:50,13,17.67
11191,8/15/2022 5:00,13.08,17.72
11192,8/15/2022 5:10,13.04,17.84
11193,8/15/2022 5:20,13.04,17.84
11194,8/15/2022 5:30,12.95,17.84
11195,8/15/2022 5:40,12.87,17.89
11196,8/15/2022 5:50,12.87,17.89
11197,8/15/2022 6:00,13,17.8
11198,8/15/2022 6:10,12.87,17.72
11199,8/15/2022 6:20,13,17.5
11200,8/15/2022 6:30,13.04,17.8
11201,8/15/2022 6:40,13.21,17.59
11202,8/15/2022 6:50,13.17,17.72
11203,8/15/2022 7:00,13.08,17.63
11204,8/15/2022 7:10,13.17,17.24
11205,8/15/2022 7:20,13.25,16.69
11206,8/15/2022 7:30,13.38,16.43
11207,8/15/2022 7:40,13.55,16.26
11208,8/15/2022 7:50,13.64,16.17
11209,8/15/2022 8:00,13.77,16.43
11210,8/15/2022 8:10,13.81,16.86
11211,8/15/2022 8:20,13.85,17.59
11212,8/15/2022 8:30,14.07,20.55
11213,8/15/2022 8:40,14.45,22.13
11214,8/15/2022 8:50,14.84,23.46
11215,8/15/2022 9:00,15.01,23.85
11216,8/15/2022 9:10,15.14,24.15
11217,8/15/2022 9:20,15.48,24.92
11218,8/15/2022 9:30,15.83,25.69
11219,8/15/2022 9:40,16.3,26.6
11220,8/15/2022 9:50,16.86,27.67
11221,8/15/2022 10:00,17.2,27.58
11222,8/15/2022 10:10,17.2,28.05
11223,8/15/2022 10:20,17.54,26.72
11224,8/15/2022 10:30,17.63,26.12
11225,8/15/2022 10:40,17.59,25.91
11226,8/15/2022 10:50,17.41,25.61
11227,8/15/2022 11:00,17.63,26.51
11228,8/15/2022 11:10,17.37,25.95
11229,8/15/2022 11:20,17.2,24.92
11230,8/15/2022 11:30,17.29,22.78
11231,8/15/2022 11:40,17.29,21.02
11232,8/15/2022 11:50,17.2,20.37
11233,8/15/2022 12:00,17.72,19.9
11234,8/15/2022 12:10,17.5,19.6
11235,8/15/2022 12:20,17.37,19.17
11236,8/15/2022 12:30,17.8,19.05
11237,8/15/2022 12:40,18.06,18.92
11238,8/15/2022 12:50,17.41,18.87
11239,8/15/2022 13:00,16.77,18.87
11240,8/15/2022 13:10,16.69,18.92
11241,8/15/2022 13:20,17.07,19
11242,8/15/2022 13:30,17.29,19.26
11243,8/15/2022 13:40,17.2,19.52
11244,8/15/2022 13:50,16.81,19.43
11245,8/15/2022 14:00,16.77,19.3
11246,8/15/2022 14:10,16.73,19.65
11247,8/15/2022 14:20,16.51,20.33
11248,8/15/2022 14:30,15.96,20.85
11249,8/15/2022 14:40,15.83,20.42
11250,8/15/2022 14:50,16.13,20.42
11251,8/15/2022 15:00,16.04,20.5
11252,8/15/2022 15:10,15.91,20.37
11253,8/15/2022 15:20,15.87,20.07
11254,8/15/2022 15:30,15.74,20.12
11255,8/15/2022 15:40,15.78,20.07
11256,8/15/2022 15:50,16.13,19.95
11257,8/15/2022 16:00,16.17,19.86
11258,8/15/2022 16:10,16.13,19.95
11259,8/15/2022 16:20,16.26,20.2
11260,8/15/2022 16:30,16.26,20.33
11261,8/15/2022 16:40,15.91,20.42
11262,8/15/2022 16:50,15.87,20.5
11263,8/15/2022 17:00,15.96,20.25
11264,8/15/2022 17:10,15.87,20.03
11265,8/15/2022 17:20,15.74,19.86
11266,8/15/2022 17:30,15.78,19.77
11267,8/15/2022 17:40,16,19.73
11268,8/15/2022 17:50,15.78,19.6
11269,8/15/2022 18:00,15.57,19.43
11270,8/15/2022 18:10,15.61,19.39
11271,8/15/2022 18:20,15.7,19.39
11272,8/15/2022 18:30,15.61,19.6
11273,8/15/2022 18:40,15.61,19.86
11274,8/15/2022 18:50,15.44,19.99
11275,8/15/2022 19:00,15.31,20.07
11276,8/15/2022 19:10,15.18,20.16
11277,8/15/2022 19:20,14.97,20.46
11278,8/15/2022 19:30,14.97,20.68
11279,8/15/2022 19:40,14.84,21.06
11280,8/15/2022 19:50,14.67,22.05
11281,8/15/2022 20:00,14.45,22.86
11282,8/15/2022 20:10,14.37,23.21
11283,8/15/2022 20:20,14.2,23.29
11284,8/15/2022 20:30,14.28,23.55
11285,8/15/2022 20:40,14.28,23.85
11286,8/15/2022 20:50,14.2,24.15
11287,8/15/2022 21:00,14.2,24.02
11288,8/15/2022 21:10,14.24,23.76
11289,8/15/2022 21:20,14.28,23.46
11290,8/15/2022 21:30,14.2,22.95
11291,8/15/2022 21:40,14.28,22.52
11292,8/15/2022 21:50,14.33,22.05
11293,8/15/2022 22:00,14.07,21.58
11294,8/15/2022 22:10,14.2,21.23
11295,8/15/2022 22:20,13.94,21.23
11296,8/15/2022 22:30,13.98,21.19
11297,8/15/2022 22:40,13.81,21.23
11298,8/15/2022 22:50,13.68,20.98
11299,8/15/2022 23:00,13.77,20.59
11300,8/15/2022 23:10,13.81,20.55
11301,8/15/2022 23:20,13.77,20.5
11302,8/15/2022 23:30,13.77,20.68
11303,8/15/2022 23:40,13.73,20.8
11304,8/15/2022 23:50,13.77,20.07
11305,8/16/2022 0:00,13.81,19.6
11306,8/16/2022 0:10,13.55,19.39
11307,8/16/2022 0:20,13.55,19.26
11308,8/16/2022 0:30,13.51,19.05
11309,8/16/2022 0:40,13.51,19
11310,8/16/2022 0:50,13.38,18.79
11311,8/16/2022 1:00,13.51,18.74
11312,8/16/2022 1:10,13.38,18.27
11313,8/16/2022 1:20,13.43,17.93
11314,8/16/2022 1:30,13.47,17.8
11315,8/16/2022 1:40,13.55,17.89
11316,8/16/2022 1:50,13.6,18.06
11317,8/16/2022 2:00,13.64,18.44
11318,8/16/2022 2:10,13.73,18.1
11319,8/16/2022 2:20,13.73,17.8
11320,8/16/2022 2:30,13.73,17.8
11321,8/16/2022 2:40,13.68,17.8
11322,8/16/2022 2:50,13.68,17.8
11323,8/16/2022 3:00,13.64,17.67
11324,8/16/2022 3:10,13.64,17.63
11325,8/16/2022 3:20,13.6,17.63
11326,8/16/2022 3:30,13.51,17.46
11327,8/16/2022 3:40,13.47,17.24
11328,8/16/2022 3:50,13.51,17.33
11329,8/16/2022 4:00,13.43,17.72
11330,8/16/2022 4:10,13.43,17.67
11331,8/16/2022 4:20,13.43,17.5
11332,8/16/2022 4:30,13.43,17.54
11333,8/16/2022 4:40,13.38,17.54
11334,8/16/2022 4:50,13.34,17.41
11335,8/16/2022 5:00,13.25,17.2
11336,8/16/2022 5:10,13.25,17.16
11337,8/16/2022 5:20,13.3,17.16
11338,8/16/2022 5:30,13.17,17.16
11339,8/16/2022 5:40,13.21,17.2
11340,8/16/2022 5:50,13.12,17.24
11341,8/16/2022 6:00,13.12,17.29
11342,8/16/2022 6:10,13.08,17.33
11343,8/16/2022 6:20,13.12,17.37
11344,8/16/2022 6:30,13.17,17.37
11345,8/16/2022 6:40,13.08,17.37
11346,8/16/2022 6:50,13.04,17.37
11347,8/16/2022 7:00,13,17.41
11348,8/16/2022 7:10,12.95,17.84
11349,8/16/2022 7:20,13,18.14
11350,8/16/2022 7:30,12.74,18.02
11351,8/16/2022 7:40,12.82,18.14
11352,8/16/2022 7:50,13,18.06
11353,8/16/2022 8:00,13.04,17.89
11354,8/16/2022 8:10,13.17,17.54
11355,8/16/2022 8:20,13.3,17.03
11356,8/16/2022 8:30,13.38,16.56
11357,8/16/2022 8:40,13.68,16.51
11358,8/16/2022 8:50,14.11,16.81
11359,8/16/2022 9:00,14.45,17.29
11360,8/16/2022 9:10,14.63,17.8
11361,8/16/2022 9:20,14.88,18.44
11362,8/16/2022 9:30,15.14,19
11363,8/16/2022 9:40,15.7,20.76
11364,8/16/2022 9:50,16.04,23.38
11365,8/16/2022 10:00,16.56,24.97
11366,8/16/2022 10:10,17.37,27.93
11367,8/16/2022 10:20,17.54,28.35
11368,8/16/2022 10:30,17.84,25.01
11369,8/16/2022 10:40,17.46,23.85
11370,8/16/2022 10:50,17.59,23.38
11371,8/16/2022 11:00,17.5,22.95
11372,8/16/2022 11:10,17.46,21.96
11373,8/16/2022 11:20,17.5,21.83
11374,8/16/2022 11:30,17.54,21.62
11375,8/16/2022 11:40,17.41,21.06
11376,8/16/2022 11:50,17.41,20.5
11377,8/16/2022 12:00,17.63,19.99
11378,8/16/2022 12:10,17.8,19.73
11379,8/16/2022 12:20,17.67,19.47
11380,8/16/2022 12:30,17.54,19.35
11381,8/16/2022 12:40,17.5,19.17
11382,8/16/2022 12:50,17.46,19.13
11383,8/16/2022 13:00,17.07,19.09
11384,8/16/2022 13:10,16.9,19.05
11385,8/16/2022 13:20,16.81,19.09
11386,8/16/2022 13:30,16.73,19.26
11387,8/16/2022 13:40,16.73,19.52
11388,8/16/2022 13:50,16.69,19.82
11389,8/16/2022 14:00,16.81,19.43
11390,8/16/2022 14:10,16.94,19.22
11391,8/16/2022 14:20,17.29,19.69
11392,8/16/2022 14:30,17.2,20.37
11393,8/16/2022 14:40,17.29,20.93
11394,8/16/2022 14:50,17.2,20.46
11395,8/16/2022 15:00,17.41,20.63
11396,8/16/2022 15:10,17.37,20.68
11397,8/16/2022 15:20,17.07,20.55
11398,8/16/2022 15:30,17.29,20.42
11399,8/16/2022 15:40,17.37,20.63
11400,8/16/2022 15:50,17.29,20.5
11401,8/16/2022 16:00,17.29,20.55
11402,8/16/2022 16:10,17.33,20.37
11403,8/16/2022 16:20,17.33,20.25
11404,8/16/2022 16:30,17.37,19.99
11405,8/16/2022 16:40,17.41,19.86
11406,8/16/2022 16:50,16.94,19.69
11407,8/16/2022 17:00,16.77,18.92
11408,8/16/2022 17:10,16.73,18.4
11409,8/16/2022 17:20,16.64,18.32
11410,8/16/2022 17:30,16.26,18.14
11411,8/16/2022 17:40,16.13,17.93
11412,8/16/2022 17:50,16,17.76
11413,8/16/2022 18:00,16,17.89
11414,8/16/2022 18:10,15.96,18.1
11415,8/16/2022 18:20,16.13,18.32
11416,8/16/2022 18:30,15.78,18.53
11417,8/16/2022 18:40,15.4,18.57
11418,8/16/2022 18:50,15.23,18.57
11419,8/16/2022 19:00,15.06,18.74
11420,8/16/2022 19:10,14.93,18.79
11421,8/16/2022 19:20,14.07,18.87
11422,8/16/2022 19:30,13.25,19
11423,8/16/2022 19:40,13.04,19.26
11424,8/16/2022 19:50,13,19.3
11425,8/16/2022 20:00,12.95,19.35
11426,8/16/2022 20:10,13,19.47
11427,8/16/2022 20:20,13.04,19.52
11428,8/16/2022 20:30,13.21,19.65
11429,8/16/2022 20:40,12.74,20.29
11430,8/16/2022 20:50,12.57,20.55
11431,8/16/2022 21:00,12.74,21.02
11432,8/16/2022 21:10,12.82,20.98
11433,8/16/2022 21:20,12.57,21.15
11434,8/16/2022 21:30,12.57,21.06
11435,8/16/2022 21:40,12.82,21.32
11436,8/16/2022 21:50,13.17,21.79
11437,8/16/2022 22:00,12.95,22.13
11438,8/16/2022 22:10,13.04,22.09
11439,8/16/2022 22:20,13.17,21.96
11440,8/16/2022 22:30,13.17,21.79
11441,8/16/2022 22:40,13.43,21.49
11442,8/16/2022 22:50,13.47,21.28
11443,8/16/2022 23:00,13.85,21.19
11444,8/16/2022 23:10,14.11,20.98
11445,8/16/2022 23:20,14.2,20.89
11446,8/16/2022 23:30,14.11,20.76
11447,8/16/2022 23:40,14.07,20.59
11448,8/16/2022 23:50,14.11,20.55
11449,8/17/2022 0:00,14.07,20.59
11450,8/17/2022 0:10,14.11,20.5
11451,8/17/2022 0:20,14.03,20.42
11452,8/17/2022 0:30,13.94,20.37
11453,8/17/2022 0:40,14.11,20.12
11454,8/17/2022 0:50,14.24,19.82
11455,8/17/2022 1:00,14.15,19.47
11456,8/17/2022 1:10,14.24,18.83
11457,8/17/2022 1:20,14.07,18.4
11458,8/17/2022 1:30,14.11,18.27
11459,8/17/2022 1:40,13.98,18.19
11460,8/17/2022 1:50,13.85,18.14
11461,8/17/2022 2:00,13.9,18.06
11462,8/17/2022 2:10,13.9,18.02
11463,8/17/2022 2:20,13.81,18.02
11464,8/17/2022 2:30,13.73,17.93
11465,8/17/2022 2:40,13.64,17.37
11466,8/17/2022 2:50,13.6,17.5
11467,8/17/2022 3:00,13.73,17.67
11468,8/17/2022 3:10,13.68,18.19
11469,8/17/2022 3:20,13.73,18.4
11470,8/17/2022 3:30,13.77,18.1
11471,8/17/2022 3:40,13.73,17.97
11472,8/17/2022 3:50,13.55,17.84
11473,8/17/2022 4:00,13.55,17.76
11474,8/17/2022 4:10,13.55,17.67
11475,8/17/2022 4:20,13.51,17.59
11476,8/17/2022 4:30,13.6,17.5
11477,8/17/2022 4:40,13.64,17.46
11478,8/17/2022 4:50,13.55,17.37
11479,8/17/2022 5:00,13.6,17.33
11480,8/17/2022 5:10,13.51,17.2
11481,8/17/2022 5:20,13.55,17.24
11482,8/17/2022 5:30,13.43,17.03
11483,8/17/2022 5:40,13.25,16.99
11484,8/17/2022 5:50,13.17,17.07
11485,8/17/2022 6:00,13,16.99
11486,8/17/2022 6:10,12.95,16.94
11487,8/17/2022 6:20,12.91,16.81
11488,8/17/2022 6:30,12.95,16.77
11489,8/17/2022 6:40,13,16.77
11490,8/17/2022 6:50,12.78,16.77
11491,8/17/2022 7:00,12.78,16.77
11492,8/17/2022 7:10,12.7,16.73
11493,8/17/2022 7:20,12.78,16.73
11494,8/17/2022 7:30,12.82,16.73
11495,8/17/2022 7:40,12.95,16.73
11496,8/17/2022 7:50,13,16.77
11497,8/17/2022 8:00,13.25,16.77
11498,8/17/2022 8:10,13.43,17.03
11499,8/17/2022 8:20,13.47,17.29
11500,8/17/2022 8:30,13.55,17.41
11501,8/17/2022 8:40,13.9,17.41
11502,8/17/2022 8:50,14.33,17.72
11503,8/17/2022 9:00,14.88,18.02
11504,8/17/2022 9:10,15.18,18.1
11505,8/17/2022 9:20,15.78,18.32
11506,8/17/2022 9:30,15.96,18.27
11507,8/17/2022 9:40,16.21,18.66
11508,8/17/2022 9:50,16.39,18.36
11509,8/17/2022 10:00,16.64,18.36
11510,8/17/2022 10:10,16.86,18.79
11511,8/17/2022 10:20,17.07,19.17
11512,8/17/2022 10:30,17.37,19.52
11513,8/17/2022 10:40,17.8,19.9
11514,8/17/2022 10:50,18.1,20.25
11515,8/17/2022 11:00,18.19,20.03
11516,8/17/2022 11:10,18.57,19.95
11517,8/17/2022 11:20,18.62,19.99
11518,8/17/2022 11:30,17.76,19.95
11519,8/17/2022 11:40,17.67,19.77
11520,8/17/2022 11:50,18.06,20.03
11521,8/17/2022 12:00,18.14,19.82
11522,8/17/2022 12:10,17.8,19.56
11523,8/17/2022 12:20,17.72,19.17
11524,8/17/2022 12:30,17.72,18.79
11525,8/17/2022 12:40,17.63,18.7
11526,8/17/2022 12:50,17.37,18.4
11527,8/17/2022 13:00,17.33,18.49
11528,8/17/2022 13:10,16.86,18.44
11529,8/17/2022 13:20,16.08,18.57
11530,8/17/2022 13:30,15.91,18.66
11531,8/17/2022 13:40,16.26,18.87
11532,8/17/2022 13:50,16.47,19
11533,8/17/2022 14:00,17.16,19.05
11534,8/17/2022 14:10,18.14,19
11535,8/17/2022 14:20,18.14,19
11536,8/17/2022 14:30,18.27,19.13
11537,8/17/2022 14:40,18.32,19.26
11538,8/17/2022 14:50,18.32,19.47
11539,8/17/2022 15:00,18.14,20.03
11540,8/17/2022 15:10,17.8,20.46
11541,8/17/2022 15:20,17.54,20.85
11542,8/17/2022 15:30,18.74,20.98
11543,8/17/2022 15:40,19.3,20.8
11544,8/17/2022 15:50,19.77,20.63
11545,8/17/2022 16:00,20.33,20.42
11546,8/17/2022 16:10,19.9,20.29
11547,8/17/2022 16:20,19.73,20.25
11548,8/17/2022 16:30,19.22,20.16
11549,8/17/2022 16:40,18.19,20.29
11550,8/17/2022 16:50,17.93,20.46
11551,8/17/2022 17:00,17.84,20.33
11552,8/17/2022 17:10,17.54,20.5
11553,8/17/2022 17:20,17.11,20.2
11554,8/17/2022 17:30,16.73,20.2
11555,8/17/2022 17:40,16.56,20.16
11556,8/17/2022 17:50,16.51,20.03
11557,8/17/2022 18:00,16.39,20.07
11558,8/17/2022 18:10,16.13,20.16
11559,8/17/2022 18:20,15.57,19.13
11560,8/17/2022 18:30,14.93,18.66
11561,8/17/2022 18:40,14.54,18.62
11562,8/17/2022 18:50,14.28,18.66
11563,8/17/2022 19:00,14.07,18.57
11564,8/17/2022 19:10,13.98,18.74
11565,8/17/2022 19:20,13.94,18.83
11566,8/17/2022 19:30,13.85,19
11567,8/17/2022 19:40,13.73,19.26
11568,8/17/2022 19:50,13.81,19.39
11569,8/17/2022 20:00,13.77,19.6
11570,8/17/2022 20:10,14.07,19.77
11571,8/17/2022 20:20,14.07,19.73
11572,8/17/2022 20:30,13.77,19.77
11573,8/17/2022 20:40,13.73,19.95
11574,8/17/2022 20:50,13.51,20.2
11575,8/17/2022 21:00,13.68,20.68
11576,8/17/2022 21:10,13.47,21.32
11577,8/17/2022 21:20,13.21,21.79
11578,8/17/2022 21:30,13.21,22.48
11579,8/17/2022 21:40,13.08,22.86
11580,8/17/2022 21:50,13.3,23.16
11581,8/17/2022 22:00,13.21,23.21
11582,8/17/2022 22:10,13.38,23.21
11583,8/17/2022 22:20,13.12,23.12
11584,8/17/2022 22:30,13.12,22.86
11585,8/17/2022 22:40,13.12,22.65
11586,8/17/2022 22:50,13.21,22.43
11587,8/17/2022 23:00,13.21,22.26
11588,8/17/2022 23:10,13,22.26
11589,8/17/2022 23:20,13,22.13
11590,8/17/2022 23:30,13,21.92
11591,8/17/2022 23:40,13.08,21.79
11592,8/17/2022 23:50,13.21,21.62
11593,8/18/2022 0:00,13.3,21.45
11594,8/18/2022 0:10,13.21,21.23
11595,8/18/2022 0:20,13.21,21.06
11596,8/18/2022 0:30,13.12,20.85
11597,8/18/2022 0:40,13.04,20.55
11598,8/18/2022 0:50,12.95,20.25
11599,8/18/2022 1:00,13.12,20.03
11600,8/18/2022 1:10,13.12,20.07
11601,8/18/2022 1:20,13.04,20.33
11602,8/18/2022 1:30,12.95,20.46
11603,8/18/2022 1:40,12.91,20.55
11604,8/18/2022 1:50,12.91,20.76
11605,8/18/2022 2:00,12.7,20.93
11606,8/18/2022 2:10,13,21.1
11607,8/18/2022 2:20,12.95,21.19
11608,8/18/2022 2:30,12.91,20.63
11609,8/18/2022 2:40,12.82,19.77
11610,8/18/2022 2:50,12.82,19.52
11611,8/18/2022 3:00,12.91,19.35
11612,8/18/2022 3:10,13.04,19
11613,8/18/2022 3:20,13,18.7
11614,8/18/2022 3:30,13.08,18.49
11615,8/18/2022 3:40,13.04,18.27
11616,8/18/2022 3:50,12.91,18.1
11617,8/18/2022 4:00,12.87,18.02
11618,8/18/2022 4:10,12.57,18.02
11619,8/18/2022 4:20,12.61,18.19
11620,8/18/2022 4:30,12.35,18.36
11621,8/18/2022 4:40,11.84,18.4
11622,8/18/2022 4:50,11.75,18.32
11623,8/18/2022 5:00,11.71,18.4
11624,8/18/2022 5:10,11.62,18.44
11625,8/18/2022 5:20,11.58,18.4
11626,8/18/2022 5:30,11.45,18.36
11627,8/18/2022 5:40,11.49,18.27
11628,8/18/2022 5:50,11.45,18.27
11629,8/18/2022 6:00,11.45,18.23
11630,8/18/2022 6:10,11.24,18.19
11631,8/18/2022 6:20,11.37,18.14
11632,8/18/2022 6:30,11.37,18.1
11633,8/18/2022 6:40,11.24,17.89
11634,8/18/2022 6:50,11.24,17.76
11635,8/18/2022 7:00,11.28,17.72
11636,8/18/2022 7:10,11.32,17.76
11637,8/18/2022 7:20,11.37,17.93
11638,8/18/2022 7:30,11.15,18.14
11639,8/18/2022 7:40,11.02,18.36
11640,8/18/2022 7:50,10.98,18.44
11641,8/18/2022 8:00,10.98,18.57
11642,8/18/2022 8:10,10.85,18.57
11643,8/18/2022 8:20,10.81,18.66
11644,8/18/2022 8:30,10.94,18.62
11645,8/18/2022 8:40,11.02,18.79
11646,8/18/2022 8:50,10.98,18.96
11647,8/18/2022 9:00,11.11,19.09
11648,8/18/2022 9:10,11.28,19.17
11649,8/18/2022 9:20,11.32,19.3
11650,8/18/2022 9:30,11.58,19.43
11651,8/18/2022 9:40,11.58,19.39
11652,8/18/2022 9:50,11.67,19.39
11653,8/18/2022 10:00,11.84,19.52
11654,8/18/2022 10:10,11.92,19.65
11655,8/18/2022 10:20,12.4,19.82
11656,8/18/2022 10:30,12.52,20.12
11657,8/18/2022 10:40,12.87,20.25
11658,8/18/2022 10:50,13.43,20.33
11659,8/18/2022 11:00,13.81,20.37
11660,8/18/2022 11:10,13.6,20.5
11661,8/18/2022 11:20,13.6,20.63
11662,8/18/2022 11:30,14.15,20.76
11663,8/18/2022 11:40,14.41,20.72
11664,8/18/2022 11:50,14.58,20.55
11665,8/18/2022 12:00,14.54,20.42
11666,8/18/2022 12:10,14.24,20.42
11667,8/18/2022 12:20,14.24,20.46
11668,8/18/2022 12:30,13.85,20.37
11669,8/18/2022 12:40,13.47,20.33
11670,8/18/2022 12:50,13.6,20.29
11671,8/18/2022 13:00,13.64,20.07
11672,8/18/2022 13:10,13.51,20.07
11673,8/18/2022 13:20,13.73,19.99
11674,8/18/2022 13:30,13.85,20.03
11675,8/18/2022 13:40,14.03,19.99
11676,8/18/2022 13:50,14.07,19.86
11677,8/18/2022 14:00,14.37,19.69
11678,8/18/2022 14:10,14.33,19.52
11679,8/18/2022 14:20,14.33,19.39
11680,8/18/2022 14:30,14.33,19.35
11681,8/18/2022 14:40,14.58,19.3
11682,8/18/2022 14:50,14.75,19.43
11683,8/18/2022 15:00,14.97,19.77
11684,8/18/2022 15:10,15.14,20.2
11685,8/18/2022 15:20,15.1,20.42
11686,8/18/2022 15:30,15.14,19.95
11687,8/18/2022 15:40,15.1,19.65
11688,8/18/2022 15:50,15.1,19.69
11689,8/18/2022 16:00,15.1,19.9
11690,8/18/2022 16:10,15.23,20.03
11691,8/18/2022 16:20,15.23,19.9
11692,8/18/2022 16:30,15.23,19.77
11693,8/18/2022 16:40,15.4,19.77
11694,8/18/2022 16:50,15.36,19.82
11695,8/18/2022 17:00,15.44,19.86
11696,8/18/2022 17:10,15.48,19.82
11697,8/18/2022 17:20,15.61,19.82
11698,8/18/2022 17:30,15.44,19.82
11699,8/18/2022 17:40,15.53,19.9
11700,8/18/2022 17:50,15.53,19.99
11701,8/18/2022 18:00,15.4,19.95
11702,8/18/2022 18:10,15.23,20.03
11703,8/18/2022 18:20,15.23,19.82
11704,8/18/2022 18:30,15.18,19.6
11705,8/18/2022 18:40,15.31,19.65
11706,8/18/2022 18:50,15.31,19.35
11707,8/18/2022 19:00,15.31,19.13
11708,8/18/2022 19:10,15.14,18.92
11709,8/18/2022 19:20,15.14,18.87
11710,8/18/2022 19:30,15.1,18.87
11711,8/18/2022 19:40,15.01,18.92
11712,8/18/2022 19:50,14.88,18.96
11713,8/18/2022 20:00,14.71,19.09
11714,8/18/2022 20:10,14.8,19.35
11715,8/18/2022 20:20,14.67,19.56
11716,8/18/2022 20:30,14.58,19.6
11717,8/18/2022 20:40,14.58,19.56
11718,8/18/2022 20:50,14.45,19.43
11719,8/18/2022 21:00,14.63,19.39
11720,8/18/2022 21:10,14.41,19.43
11721,8/18/2022 21:20,14.54,19.65
11722,8/18/2022 21:30,14.54,20.03
11723,8/18/2022 21:40,14.33,20.59
11724,8/18/2022 21:50,14.41,21.32
11725,8/18/2022 22:00,14.33,21.62
11726,8/18/2022 22:10,14.28,21.66
11727,8/18/2022 22:20,14.2,21.53
11728,8/18/2022 22:30,14.07,21.58
11729,8/18/2022 22:40,14.11,21.75
11730,8/18/2022 22:50,14.11,21.75
11731,8/18/2022 23:00,13.94,21.79
11732,8/18/2022 23:10,14.11,21.79
11733,8/18/2022 23:20,14.11,21.49
11734,8/18/2022 23:30,13.94,21.15
11735,8/18/2022 23:40,13.94,20.93
11736,8/18/2022 23:50,13.73,20.8
11737,8/19/2022 0:00,13.73,20.85
11738,8/19/2022 0:10,13.73,20.8
11739,8/19/2022 0:20,13.77,20.46
11740,8/19/2022 0:30,13.81,20.12
11741,8/19/2022 0:40,13.77,19.82
11742,8/19/2022 0:50,13.81,19.99
11743,8/19/2022 1:00,13.73,19.77
11744,8/19/2022 1:10,13.81,19.56
11745,8/19/2022 1:20,13.81,19.43
11746,8/19/2022 1:30,13.64,18.74
11747,8/19/2022 1:40,13.64,18.66
11748,8/19/2022 1:50,13.77,18.87
11749,8/19/2022 2:00,13.81,18.92
11750,8/19/2022 2:10,13.55,19.05
11751,8/19/2022 2:20,13.55,19.09
11752,8/19/2022 2:30,13.55,19.17
11753,8/19/2022 2:40,13.55,18.87
11754,8/19/2022 2:50,13.47,18.79
11755,8/19/2022 3:00,13.21,19.13
11756,8/19/2022 3:10,13.34,19.47
11757,8/19/2022 3:20,13.43,19.65
11758,8/19/2022 3:30,13.43,19.86
11759,8/19/2022 3:40,13.55,20.33
11760,8/19/2022 3:50,13.51,20.42
11761,8/19/2022 4:00,13.51,20.37
11762,8/19/2022 4:10,13.43,20.29
11763,8/19/2022 4:20,13.38,20.03
11764,8/19/2022 4:30,13.3,19.65
11765,8/19/2022 4:40,13.08,19.73
11766,8/19/2022 4:50,13,19.3
11767,8/19/2022 5:00,13.17,18.74
11768,8/19/2022 5:10,13.12,18.49
11769,8/19/2022 5:20,13.17,18.32
11770,8/19/2022 5:30,13.08,18.27
11771,8/19/2022 5:40,12.95,18.23
11772,8/19/2022 5:50,12.95,18.23
11773,8/19/2022 6:00,13.04,18.32
11774,8/19/2022 6:10,12.91,18.36
11775,8/19/2022 6:20,12.95,18.27
11776,8/19/2022 6:30,12.82,18.32
11777,8/19/2022 6:40,12.7,18.32
11778,8/19/2022 6:50,12.95,18.32
11779,8/19/2022 7:00,12.91,18.32
11780,8/19/2022 7:10,12.91,18.36
11781,8/19/2022 7:20,12.91,18.27
11782,8/19/2022 7:30,12.78,18.27
11783,8/19/2022 7:40,12.91,18.14
11784,8/19/2022 7:50,12.65,18.23
11785,8/19/2022 8:00,12.61,18.36
11786,8/19/2022 8:10,12.61,18.36
11787,8/19/2022 8:20,12.52,18.32
11788,8/19/2022 8:30,12.61,18.36
11789,8/19/2022 8:40,12.87,18.4
11790,8/19/2022 8:50,12.91,18.57
11791,8/19/2022 9:00,13.17,18.57
11792,8/19/2022 9:10,13.12,18.66
11793,8/19/2022 9:20,13.04,18.74
11794,8/19/2022 9:30,12.95,18.7
11795,8/19/2022 9:40,13.12,18.7
11796,8/19/2022 9:50,13.08,18.74
11797,8/19/2022 10:00,13.25,18.83
11798,8/19/2022 10:10,13.43,18.87
11799,8/19/2022 10:20,13.43,19
11800,8/19/2022 10:30,13.77,19.26
11801,8/19/2022 10:40,13.81,19.22
11802,8/19/2022 10:50,14.07,19.35
11803,8/19/2022 11:00,14.24,19.56
11804,8/19/2022 11:10,14.24,19.65
11805,8/19/2022 11:20,14.37,19.73
11806,8/19/2022 11:30,13.9,19.77
11807,8/19/2022 11:40,13.73,20.03
11808,8/19/2022 11:50,13.81,20.29
11809,8/19/2022 12:00,13.94,20.46
11810,8/19/2022 12:10,14.11,20.55
11811,8/19/2022 12:20,14.24,20.63
11812,8/19/2022 12:30,14.33,20.5
11813,8/19/2022 12:40,14.24,20.63
11814,8/19/2022 12:50,14.33,20.72
11815,8/19/2022 13:00,14.28,20.76
11816,8/19/2022 13:10,14.63,20.8
11817,8/19/2022 13:20,15.01,20.8
11818,8/19/2022 13:30,15.06,20.8
11819,8/19/2022 13:40,15.1,20.8
11820,8/19/2022 13:50,15.36,20.85
11821,8/19/2022 14:00,15.57,20.93
11822,8/19/2022 14:10,15.57,21.02
11823,8/19/2022 14:20,15.74,21.1
11824,8/19/2022 14:30,15.83,21.19
11825,8/19/2022 14:40,15.83,21.23
11826,8/19/2022 14:50,15.91,21.32
11827,8/19/2022 15:00,15.91,21.79
11828,8/19/2022 15:10,15.96,21.79
11829,8/19/2022 15:20,16.13,21.79
11830,8/19/2022 15:30,16.13,21.75
11831,8/19/2022 15:40,16.08,21.62
11832,8/19/2022 15:50,16.26,21.28
11833,8/19/2022 16:00,16.3,20.85
11834,8/19/2022 16:10,16.34,20.8
11835,8/19/2022 16:20,16.6,21.1
11836,8/19/2022 16:30,16.64,20.98
11837,8/19/2022 16:40,16.86,21.15
11838,8/19/2022 16:50,16.9,21.28
11839,8/19/2022 17:00,16.94,21.32
11840,8/19/2022 17:10,17.03,21.32
11841,8/19/2022 17:20,16.99,21.23
11842,8/19/2022 17:30,17.11,21.1
11843,8/19/2022 17:40,17.03,20.93
11844,8/19/2022 17:50,17.03,20.76
11845,8/19/2022 18:00,16.9,20.68
11846,8/19/2022 18:10,16.86,20.59
11847,8/19/2022 18:20,16.99,20.5
11848,8/19/2022 18:30,16.99,20.5
11849,8/19/2022 18:40,17.16,20.55
11850,8/19/2022 18:50,16.3,20.68
11851,8/19/2022 19:00,16.43,20.68
11852,8/19/2022 19:10,16.3,20.63
11853,8/19/2022 19:20,16.17,20.55
11854,8/19/2022 19:30,16.04,20.59
11855,8/19/2022 19:40,15.7,20.72
11856,8/19/2022 19:50,15.23,20.85
11857,8/19/2022 20:00,15.27,20.5
11858,8/19/2022 20:10,15.4,20.37
11859,8/19/2022 20:20,15.36,20.16
11860,8/19/2022 20:30,15.31,20.12
11861,8/19/2022 20:40,15.18,20.07
11862,8/19/2022 20:50,15.18,19.99
11863,8/19/2022 21:00,15.1,19.99
11864,8/19/2022 21:10,15.18,20.03
11865,8/19/2022 21:20,15.01,20.03
11866,8/19/2022 21:30,14.97,20.12
11867,8/19/2022 21:40,14.84,20.03
11868,8/19/2022 21:50,14.88,20.03
11869,8/19/2022 22:00,14.8,19.95
11870,8/19/2022 22:10,14.88,19.9
11871,8/19/2022 22:20,14.71,19.95
11872,8/19/2022 22:30,14.75,20.03
11873,8/19/2022 22:40,14.93,20.37
11874,8/19/2022 22:50,14.63,20.68
11875,8/19/2022 23:00,14.75,21.06
11876,8/19/2022 23:10,14.75,21.53
11877,8/19/2022 23:20,14.63,22.22
11878,8/19/2022 23:30,14.58,22.26
11879,8/19/2022 23:40,14.63,22.22
11880,8/19/2022 23:50,14.41,21.92
11881,8/20/2022 0:00,14.33,21.75
11882,8/20/2022 0:10,14.37,21.92
11883,8/20/2022 0:20,14.07,21.92
11884,8/20/2022 0:30,14.15,21.75
11885,8/20/2022 0:40,14.15,21.58
11886,8/20/2022 0:50,14.03,21.45
11887,8/20/2022 1:00,13.98,21.06
11888,8/20/2022 1:10,13.85,20.76
11889,8/20/2022 1:20,13.81,20.55
11890,8/20/2022 1:30,13.77,20.12
11891,8/20/2022 1:40,13.85,19.77
11892,8/20/2022 1:50,13.6,19.56
11893,8/20/2022 2:00,13.55,19.35
11894,8/20/2022 2:10,13.6,18.92
11895,8/20/2022 2:20,13.51,18.57
11896,8/20/2022 2:30,13.55,18.02
11897,8/20/2022 2:40,13.55,16.9
11898,8/20/2022 2:50,13.47,17.07
11899,8/20/2022 3:00,13.43,17.54
11900,8/20/2022 3:10,13.43,17.46
11901,8/20/2022 3:20,13.51,17.37
11902,8/20/2022 3:30,13.47,17.33
11903,8/20/2022 3:40,13.51,17.29
11904,8/20/2022 3:50,13.55,17.24
11905,8/20/2022 4:00,13.55,17.5
11906,8/20/2022 4:10,13.47,17.84
11907,8/20/2022 4:20,13.47,18.36
11908,8/20/2022 4:30,13.47,18.74
11909,8/20/2022 4:40,13.55,19.35
11910,8/20/2022 4:50,13.6,19.52
11911,8/20/2022 5:00,13.55,19.39
11912,8/20/2022 5:10,13.64,19.26
11913,8/20/2022 5:20,13.55,19.13
11914,8/20/2022 5:30,13.43,19.17
11915,8/20/2022 5:40,13.51,19.13
11916,8/20/2022 5:50,13.47,19.17
11917,8/20/2022 6:00,13.43,19.09
11918,8/20/2022 6:10,13.55,19.09
11919,8/20/2022 6:20,13.51,19.09
11920,8/20/2022 6:30,13.47,19.09
11921,8/20/2022 6:40,13.34,19.17
11922,8/20/2022 6:50,13.3,19.26
11923,8/20/2022 7:00,13.38,19.05
11924,8/20/2022 7:10,13.34,18.79
11925,8/20/2022 7:20,13.43,18.49
11926,8/20/2022 7:30,13.38,18.36
11927,8/20/2022 7:40,13.43,18.27
11928,8/20/2022 7:50,13.55,18.27
11929,8/20/2022 8:00,13.64,18.32
11930,8/20/2022 8:10,13.68,18.27
11931,8/20/2022 8:20,13.85,18.27
11932,8/20/2022 8:30,13.85,18.23
11933,8/20/2022 8:40,13.94,18.32
11934,8/20/2022 8:50,14.03,18.19
11935,8/20/2022 9:00,14.67,18.14
11936,8/20/2022 9:10,14.88,18.06
11937,8/20/2022 9:20,14.93,18.27
11938,8/20/2022 9:30,14.71,18.19
11939,8/20/2022 9:40,14.84,18.19
11940,8/20/2022 9:50,15.14,18.27
11941,8/20/2022 10:00,15.44,18.23
11942,8/20/2022 10:10,15.74,18.32
11943,8/20/2022 10:20,16.26,18.44
11944,8/20/2022 10:30,16.43,18.53
11945,8/20/2022 10:40,16.69,18.57
11946,8/20/2022 10:50,16.86,18.66
11947,8/20/2022 11:00,16.99,18.83
11948,8/20/2022 11:10,17.07,19
11949,8/20/2022 11:20,17.29,19.09
11950,8/20/2022 11:30,17.54,19.26
11951,8/20/2022 11:40,17.67,19.39
11952,8/20/2022 11:50,17.84,19.56
11953,8/20/2022 12:00,18.02,19.73
11954,8/20/2022 12:10,18.02,19.86
11955,8/20/2022 12:20,18.06,19.99
11956,8/20/2022 12:30,18.36,20.12
11957,8/20/2022 12:40,18.66,20.25
11958,8/20/2022 12:50,18.96,20.42
11959,8/20/2022 13:00,18.19,20.76
11960,8/20/2022 13:10,17.89,21.1
11961,8/20/2022 13:20,17.2,21.1
11962,8/20/2022 13:30,17.16,21.1
11963,8/20/2022 13:40,17.11,21.1
11964,8/20/2022 13:50,16.86,21.23
11965,8/20/2022 14:00,16.77,21.32
11966,8/20/2022 14:10,16.94,21.45
11967,8/20/2022 14:20,17.16,21.4
11968,8/20/2022 14:30,17.2,21.49
11969,8/20/2022 14:40,17.8,21.58
11970,8/20/2022 14:50,18.06,21.7
11971,8/20/2022 15:00,17.54,21.7
11972,8/20/2022 15:10,16.9,21.92
11973,8/20/2022 15:20,16.6,22.05
11974,8/20/2022 15:30,16.81,22.18
11975,8/20/2022 15:40,17.16,22.26
11976,8/20/2022 15:50,17.46,22.35
11977,8/20/2022 16:00,17.59,22.35
11978,8/20/2022 16:10,17.63,22.35
11979,8/20/2022 16:20,17.07,22.31
11980,8/20/2022 16:30,17.03,22.35
11981,8/20/2022 16:40,17.37,22.48
11982,8/20/2022 16:50,17.24,22.52
11983,8/20/2022 17:00,17.41,22.18
11984,8/20/2022 17:10,16.9,21.79
11985,8/20/2022 17:20,16.43,21.49
11986,8/20/2022 17:30,16.47,21.36
11987,8/20/2022 17:40,16.17,21.06
11988,8/20/2022 17:50,16.17,20.98
11989,8/20/2022 18:00,16.26,20.85
11990,8/20/2022 18:10,16.26,20.59
11991,8/20/2022 18:20,16.08,20.37
11992,8/20/2022 18:30,16.26,20.29
11993,8/20/2022 18:40,16.17,20.2
11994,8/20/2022 18:50,16.3,20.16
11995,8/20/2022 19:00,16.39,20.16
11996,8/20/2022 19:10,16.34,20.12
11997,8/20/2022 19:20,16.26,20.12
11998,8/20/2022 19:30,16,20.16
11999,8/20/2022 19:40,16.04,20.16
12000,8/20/2022 19:50,15.7,20.89
12001,8/20/2022 20:00,15.53,21.62
12002,8/20/2022 20:10,15.36,21.75
12003,8/20/2022 20:20,15.06,21.28
12004,8/20/2022 20:30,14.93,21.06
12005,8/20/2022 20:40,14.71,20.55
12006,8/20/2022 20:50,14.75,20.29
12007,8/20/2022 21:00,14.84,20.16
12008,8/20/2022 21:10,14.84,20.16
12009,8/20/2022 21:20,14.97,20.03
12010,8/20/2022 21:30,15.01,19.82
12011,8/20/2022 21:40,15.01,19.43
12012,8/20/2022 21:50,15.06,19.35
12013,8/20/2022 22:00,15.14,19.22
12014,8/20/2022 22:10,15.1,19.22
12015,8/20/2022 22:20,15.14,19.26
12016,8/20/2022 22:30,15.23,19.26
12017,8/20/2022 22:40,15.23,19.35
12018,8/20/2022 22:50,15.27,19.3
12019,8/20/2022 23:00,15.27,19.3
12020,8/20/2022 23:10,15.1,19.3
12021,8/20/2022 23:20,15.1,19.22
12022,8/20/2022 23:30,15.14,19.17
12023,8/20/2022 23:40,15.14,19.09
12024,8/20/2022 23:50,15.18,19.13
12025,8/21/2022 0:00,15.18,19.05
12026,8/21/2022 0:10,15.23,20.16
12027,8/21/2022 0:20,15.14,20.98
12028,8/21/2022 0:30,15.18,20.98
12029,8/21/2022 0:40,15.23,20.85
12030,8/21/2022 0:50,15.1,20.46
12031,8/21/2022 1:00,15.14,19.9
12032,8/21/2022 1:10,15.06,19.39
12033,8/21/2022 1:20,15.01,19.13
12034,8/21/2022 1:30,15.06,19.17
12035,8/21/2022 1:40,15.01,19.05
12036,8/21/2022 1:50,15.14,18.92
12037,8/21/2022 2:00,15.06,18.74
12038,8/21/2022 2:10,15.1,18.57
12039,8/21/2022 2:20,15.1,18.44
12040,8/21/2022 2:30,15.23,18.23
12041,8/21/2022 2:40,15.14,17.63
12042,8/21/2022 2:50,15.14,15.83
12043,8/21/2022 3:00,15.31,15.57
12044,8/21/2022 3:10,15.27,15.53
12045,8/21/2022 3:20,15.36,15.44
12046,8/21/2022 3:30,15.31,15.48
12047,8/21/2022 3:40,15.4,15.48
12048,8/21/2022 3:50,15.4,15.44
12049,8/21/2022 4:00,15.36,15.44
12050,8/21/2022 4:10,15.48,15.48
12051,8/21/2022 4:20,15.4,15.57
12052,8/21/2022 4:30,15.44,15.61
12053,8/21/2022 4:40,15.57,15.66
12054,8/21/2022 4:50,15.57,15.7
12055,8/21/2022 5:00,15.48,16.43
12056,8/21/2022 5:10,15.44,17.11
12057,8/21/2022 5:20,15.48,17.33
12058,8/21/2022 5:30,15.61,17.59
12059,8/21/2022 5:40,15.53,17.76
12060,8/21/2022 5:50,15.57,17.67
12061,8/21/2022 6:00,15.66,17.72
12062,8/21/2022 6:10,15.7,17.89
12063,8/21/2022 6:20,15.57,18.06
12064,8/21/2022 6:30,15.66,18.06
12065,8/21/2022 6:40,15.66,18.1
12066,8/21/2022 6:50,15.57,18.1
12067,8/21/2022 7:00,15.61,18.19
12068,8/21/2022 7:10,15.57,18.19
12069,8/21/2022 7:20,15.61,18.23
12070,8/21/2022 7:30,15.61,18.23
12071,8/21/2022 7:40,15.7,18.19
12072,8/21/2022 7:50,15.7,18.23
12073,8/21/2022 8:00,15.83,18.19
12074,8/21/2022 8:10,15.83,18.19
12075,8/21/2022 8:20,15.96,18.19
12076,8/21/2022 8:30,16,18.23
12077,8/21/2022 8:40,16.17,18.27
12078,8/21/2022 8:50,16.3,18.23
12079,8/21/2022 9:00,16.26,18.27
12080,8/21/2022 9:10,16.39,18.27
12081,8/21/2022 9:20,16.43,18.36
12082,8/21/2022 9:30,16.64,18.27
12083,8/21/2022 9:40,16.64,18.32
12084,8/21/2022 9:50,16.77,18.4
12085,8/21/2022 10:00,16.86,18.36
12086,8/21/2022 10:10,16.9,18.36
12087,8/21/2022 10:20,17.03,18.4
12088,8/21/2022 10:30,17.11,18.44
12089,8/21/2022 10:40,17.2,18.49
12090,8/21/2022 10:50,17.24,18.53
12091,8/21/2022 11:00,17.33,18.53
12092,8/21/2022 11:10,17.41,18.57
12093,8/21/2022 11:20,17.46,18.66
12094,8/21/2022 11:30,17.67,18.79
12095,8/21/2022 11:40,17.67,18.87
12096,8/21/2022 11:50,17.8,18.96
12097,8/21/2022 12:00,17.8,19.09
12098,8/21/2022 12:10,17.93,19.13
12099,8/21/2022 12:20,18.06,19.3
12100,8/21/2022 12:30,18.02,19.39
12101,8/21/2022 12:40,18.06,19.47
12102,8/21/2022 12:50,17.97,19.65
12103,8/21/2022 13:00,17.93,19.77
12104,8/21/2022 13:10,17.8,19.86
12105,8/21/2022 13:20,17.93,19.95
12106,8/21/2022 13:30,18.02,20.16
12107,8/21/2022 13:40,18.06,20.37
12108,8/21/2022 13:50,18.14,20.55
12109,8/21/2022 14:00,17.97,20.72
12110,8/21/2022 14:10,18.02,20.76
12111,8/21/2022 14:20,18.14,20.76
12112,8/21/2022 14:30,18.06,20.72
12113,8/21/2022 14:40,18.06,20.89
12114,8/21/2022 14:50,17.93,20.89
12115,8/21/2022 15:00,18.06,20.98
12116,8/21/2022 15:10,18.19,21.06
12117,8/21/2022 15:20,18.23,21.1
12118,8/21/2022 15:30,18.23,20.89
12119,8/21/2022 15:40,18.06,20.59
12120,8/21/2022 15:50,17.93,20.12
12121,8/21/2022 16:00,17.8,20.07
12122,8/21/2022 16:10,17.76,20.03
12123,8/21/2022 16:20,17.76,20.12
12124,8/21/2022 16:30,17.76,20.16
12125,8/21/2022 16:40,17.93,20.03
12126,8/21/2022 16:50,17.84,19.99
12127,8/21/2022 17:00,17.84,19.95
12128,8/21/2022 17:10,17.41,19.99
12129,8/21/2022 17:20,17.11,19.99
12130,8/21/2022 17:30,17.07,20.16
12131,8/21/2022 17:40,16.99,20.25
12132,8/21/2022 17:50,16.43,20.25
12133,8/21/2022 18:00,16.17,20.12
12134,8/21/2022 18:10,15.96,20.2
12135,8/21/2022 18:20,15.74,20.5
12136,8/21/2022 18:30,15.7,20.2
12137,8/21/2022 18:40,15.57,20.16
12138,8/21/2022 18:50,15.53,19.99
12139,8/21/2022 19:00,15.44,19.86
12140,8/21/2022 19:10,15.53,19.73
12141,8/21/2022 19:20,15.4,19.77
12142,8/21/2022 19:30,15.36,19.9
12143,8/21/2022 19:40,15.27,19.95
12144,8/21/2022 19:50,15.23,19.82
12145,8/21/2022 20:00,15.23,19.69
12146,8/21/2022 20:10,15.18,19.73
12147,8/21/2022 20:20,15.18,19.73
12148,8/21/2022 20:30,15.06,19.65
12149,8/21/2022 20:40,15.1,19.73
12150,8/21/2022 20:50,14.88,19.47
12151,8/21/2022 21:00,14.75,19.47
12152,8/21/2022 21:10,14.8,19.56
12153,8/21/2022 21:20,14.67,19.69
12154,8/21/2022 21:30,14.41,19.82
12155,8/21/2022 21:40,14.24,19.82
12156,8/21/2022 21:50,13.81,19.69
12157,8/21/2022 22:00,13.64,19.73
12158,8/21/2022 22:10,13.43,19.77
12159,8/21/2022 22:20,13.43,19.86
12160,8/21/2022 22:30,13.38,19.95
12161,8/21/2022 22:40,13.3,19.95
12162,8/21/2022 22:50,13.21,19.82
12163,8/21/2022 23:00,12.82,19.9
12164,8/21/2022 23:10,12.82,20.03
12165,8/21/2022 23:20,12.87,19.82
12166,8/21/2022 23:30,12.95,19.73
12167,8/21/2022 23:40,13.21,19.73
12168,8/21/2022 23:50,13.55,19.69
12169,8/22/2022 0:00,13.64,19.77
12170,8/22/2022 0:10,13.43,19.86
12171,8/22/2022 0:20,12.95,20.03
12172,8/22/2022 0:30,12.74,20.2
12173,8/22/2022 0:40,12.74,20.98
12174,8/22/2022 0:50,12.82,21.28
12175,8/22/2022 1:00,12.48,21.28
12176,8/22/2022 1:10,12.4,20.98
12177,8/22/2022 1:20,12.31,20.68
12178,8/22/2022 1:30,12.4,20.72
12179,8/22/2022 1:40,12.35,20.46
12180,8/22/2022 1:50,12.27,20.12
12181,8/22/2022 2:00,12.22,20.03
12182,8/22/2022 2:10,12.22,20.07
12183,8/22/2022 2:20,12.27,19.95
12184,8/22/2022 2:30,12.18,19.77
12185,8/22/2022 2:40,12.14,19.6
12186,8/22/2022 2:50,11.97,19.3
12187,8/22/2022 3:00,12.1,18.87
12188,8/22/2022 3:10,11.92,15.7
12189,8/22/2022 3:20,12.1,14.28
12190,8/22/2022 3:30,12.18,13.85
12191,8/22/2022 3:40,12.18,13.85
12192,8/22/2022 3:50,12.1,13.73
12193,8/22/2022 4:00,12.14,13.43
12194,8/22/2022 4:10,12.14,13.3
12195,8/22/2022 4:20,12.18,13.34
12196,8/22/2022 4:30,12.1,13.43
12197,8/22/2022 4:40,12.05,13.38
12198,8/22/2022 4:50,12.1,13.25
12199,8/22/2022 5:00,12.05,13.25
12200,8/22/2022 5:10,11.88,13.08
12201,8/22/2022 5:20,11.84,12.95
12202,8/22/2022 5:30,11.92,12.87
12203,8/22/2022 5:40,12.01,12.87
12204,8/22/2022 5:50,12.14,13.21
12205,8/22/2022 6:00,12.1,13.08
12206,8/22/2022 6:10,11.97,12.7
12207,8/22/2022 6:20,12.1,13.21
12208,8/22/2022 6:30,12.18,15.83
12209,8/22/2022 6:40,12.18,17.2
12210,8/22/2022 6:50,12.31,17.93
12211,8/22/2022 7:00,12.48,18.32
12212,8/22/2022 7:10,12.52,18.57
12213,8/22/2022 7:20,12.57,18.66
12214,8/22/2022 7:30,12.95,18.7
12215,8/22/2022 7:40,13.21,18.79
12216,8/22/2022 7:50,13.43,18.79
12217,8/22/2022 8:00,13.55,18.92
12218,8/22/2022 8:10,13.77,19.09
12219,8/22/2022 8:20,14.03,19.17
12220,8/22/2022 8:30,14.37,19.22
12221,8/22/2022 8:40,14.67,19.3
12222,8/22/2022 8:50,14.75,19.3
12223,8/22/2022 9:00,14.93,19.26
12224,8/22/2022 9:10,15.14,19.22
12225,8/22/2022 9:20,15.44,19.13
12226,8/22/2022 9:30,15.7,19.09
12227,8/22/2022 9:40,15.96,19.09
12228,8/22/2022 9:50,16.21,19.17
12229,8/22/2022 10:00,16.47,19.35
12230,8/22/2022 10:10,16.64,19.43
12231,8/22/2022 10:20,16.73,19.43
12232,8/22/2022 10:30,16.77,19.56
12233,8/22/2022 10:40,16.81,19.69
12234,8/22/2022 10:50,16.73,19.82
12235,8/22/2022 11:00,16.81,19.86
12236,8/22/2022 11:10,16.86,19.9
12237,8/22/2022 11:20,16.39,19.99
12238,8/22/2022 11:30,16.21,19.86
12239,8/22/2022 11:40,16.26,19.99
12240,8/22/2022 11:50,16.47,20.12
12241,8/22/2022 12:00,16.47,20.2
12242,8/22/2022 12:10,16.6,20.29
12243,8/22/2022 12:20,16.69,20.42
12244,8/22/2022 12:30,16.73,20.59
12245,8/22/2022 12:40,16.94,20.8
12246,8/22/2022 12:50,17.33,20.93
12247,8/22/2022 13:00,17.59,21.1
12248,8/22/2022 13:10,17.84,21.45
12249,8/22/2022 13:20,17.67,21.75
12250,8/22/2022 13:30,17.59,21.79
12251,8/22/2022 13:40,17.41,21.79
12252,8/22/2022 13:50,17.37,21.88
12253,8/22/2022 14:00,17.29,21.96
12254,8/22/2022 14:10,17.07,21.92
12255,8/22/2022 14:20,17.07,21.75
12256,8/22/2022 14:30,17.03,21.83
12257,8/22/2022 14:40,16.86,21.92
12258,8/22/2022 14:50,16.81,21.96
12259,8/22/2022 15:00,16.81,22.01
12260,8/22/2022 15:10,16.69,22.09
12261,8/22/2022 15:20,16.73,22.31
12262,8/22/2022 15:30,16.86,22.35
12263,8/22/2022 15:40,16.86,22.39
12264,8/22/2022 15:50,16.94,22.39
12265,8/22/2022 16:00,17.2,22.26
12266,8/22/2022 16:10,17.24,22.18
12267,8/22/2022 16:20,17.33,22.13
12268,8/22/2022 16:30,17.59,22.13
12269,8/22/2022 16:40,17.76,22.18
12270,8/22/2022 16:50,17.97,22.18
12271,8/22/2022 17:00,18.1,22.22
12272,8/22/2022 17:10,18.06,22.18
12273,8/22/2022 17:20,18.06,21.96
12274,8/22/2022 17:30,17.89,21.62
12275,8/22/2022 17:40,17.89,21.49
12276,8/22/2022 17:50,17.54,21.36
12277,8/22/2022 18:00,16.94,21.23
12278,8/22/2022 18:10,16.69,21.06
12279,8/22/2022 18:20,16.47,20.93
12280,8/22/2022 18:30,16.3,20.76
12281,8/22/2022 18:40,16.26,20.63
12282,8/22/2022 18:50,16.13,20.55
12283,8/22/2022 19:00,16.26,20.33
12284,8/22/2022 19:10,16.34,20.12
12285,8/22/2022 19:20,16.39,19.82
12286,8/22/2022 19:30,16.26,19.56
12287,8/22/2022 19:40,16.26,19.39
12288,8/22/2022 19:50,16.39,19.3
12289,8/22/2022 20:00,16.56,19.22
12290,8/22/2022 20:10,16.3,18.92
12291,8/22/2022 20:20,16.3,18.79
12292,8/22/2022 20:30,16.64,18.49
12293,8/22/2022 20:40,16.56,18.36
12294,8/22/2022 20:50,15.91,18.27
12295,8/22/2022 21:00,15.7,18.19
12296,8/22/2022 21:10,15.66,18.27
12297,8/22/2022 21:20,15.57,18.19
12298,8/22/2022 21:30,15.66,18.19
12299,8/22/2022 21:40,15.53,18.23
12300,8/22/2022 21:50,15.57,18.23
12301,8/22/2022 22:00,15.44,18.32
12302,8/22/2022 22:10,15.53,18.44
12303,8/22/2022 22:20,15.61,18.62
12304,8/22/2022 22:30,15.48,18.74
12305,8/22/2022 22:40,15.53,18.79
12306,8/22/2022 22:50,15.53,18.92
12307,8/22/2022 23:00,15.48,18.96
12308,8/22/2022 23:10,15.27,19
12309,8/22/2022 23:20,15.14,19
12310,8/22/2022 23:30,15.01,19.13
12311,8/22/2022 23:40,15.01,19.43
12312,8/22/2022 23:50,14.88,19.86
12313,8/23/2022 0:00,14.8,19.99
12314,8/23/2022 0:10,14.67,20.12
12315,8/23/2022 0:20,14.58,20.2
12316,8/23/2022 0:30,14.67,20.33
12317,8/23/2022 0:40,14.54,20.42
12318,8/23/2022 0:50,14.45,20.42
12319,8/23/2022 1:00,14.2,20.46
12320,8/23/2022 1:10,14.07,20.33
12321,8/23/2022 1:20,13.98,20.16
12322,8/23/2022 1:30,13.81,19.6
12323,8/23/2022 1:40,13.51,19.09
12324,8/23/2022 1:50,13.25,19.22
12325,8/23/2022 2:00,13.17,19.17
12326,8/23/2022 2:10,13.12,19.09
12327,8/23/2022 2:20,13.04,18.79
12328,8/23/2022 2:30,13.12,18.66
12329,8/23/2022 2:40,13.04,18.62
12330,8/23/2022 2:50,13,18.53
12331,8/23/2022 3:00,13.04,18.4
12332,8/23/2022 3:10,13.04,18.27
12333,8/23/2022 3:20,12.91,18.19
12334,8/23/2022 3:30,12.65,18.1
12335,8/23/2022 3:40,12.44,17.76
12336,8/23/2022 3:50,12.44,17.41
12337,8/23/2022 4:00,12.4,15.27
12338,8/23/2022 4:10,12.27,14.24
12339,8/23/2022 4:20,12.18,13.9
12340,8/23/2022 4:30,12.27,13.73
12341,8/23/2022 4:40,12.31,13.6
12342,8/23/2022 4:50,12.48,13.64
12343,8/23/2022 5:00,12.57,13.73
12344,8/23/2022 5:10,12.7,13.73
12345,8/23/2022 5:20,13,13.9
12346,8/23/2022 5:30,13.08,13.98
12347,8/23/2022 5:40,12.87,13.73
12348,8/23/2022 5:50,12.7,13.64
12349,8/23/2022 6:00,12.74,13.64
12350,8/23/2022 6:10,12.61,13.47
12351,8/23/2022 6:20,12.57,13.43
12352,8/23/2022 6:30,12.7,13.47
12353,8/23/2022 6:40,12.74,13.43
12354,8/23/2022 6:50,12.7,13.6
12355,8/23/2022 7:00,12.82,13.77
12356,8/23/2022 7:10,12.91,14.63
12357,8/23/2022 7:20,13.04,16.26
12358,8/23/2022 7:30,13.12,17.37
12359,8/23/2022 7:40,13.17,17.89
12360,8/23/2022 7:50,13.43,17.97
12361,8/23/2022 8:00,13.12,18.02
12362,8/23/2022 8:10,13.3,18.14
12363,8/23/2022 8:20,13.6,18.44
12364,8/23/2022 8:30,13.64,18.62
12365,8/23/2022 8:40,13.73,18.74
12366,8/23/2022 8:50,13.81,18.79
12367,8/23/2022 9:00,13.85,18.87
12368,8/23/2022 9:10,14.11,18.92
12369,8/23/2022 9:20,14.58,18.87
12370,8/23/2022 9:30,14.75,18.83
12371,8/23/2022 9:40,14.97,18.79
12372,8/23/2022 9:50,15.23,18.74
12373,8/23/2022 10:00,15.53,18.7
12374,8/23/2022 10:10,15.78,18.7
12375,8/23/2022 10:20,16.13,18.79
12376,8/23/2022 10:30,16.47,18.83
12377,8/23/2022 10:40,16.94,18.83
12378,8/23/2022 10:50,17.03,18.92
12379,8/23/2022 11:00,16.9,18.96
12380,8/23/2022 11:10,16.73,19.05
12381,8/23/2022 11:20,16.94,19.13
12382,8/23/2022 11:30,16.94,19.22
12383,8/23/2022 11:40,16.86,19.22
12384,8/23/2022 11:50,16.94,19.26
12385,8/23/2022 12:00,17.07,19.3
12386,8/23/2022 12:10,17.24,19.35
12387,8/23/2022 12:20,16,19.39
12388,8/23/2022 12:30,15.83,19.52
12389,8/23/2022 12:40,15.78,19.6
12390,8/23/2022 12:50,15.61,19.69
12391,8/23/2022 13:00,15.31,19.77
12392,8/23/2022 13:10,15.27,19.9
12393,8/23/2022 13:20,15.06,20.07
12394,8/23/2022 13:30,15.14,20.25
12395,8/23/2022 13:40,15.01,20.42
12396,8/23/2022 13:50,15.06,20.59
12397,8/23/2022 14:00,15.27,20.85
12398,8/23/2022 14:10,15.4,20.93
12399,8/23/2022 14:20,15.36,21.1
12400,8/23/2022 14:30,15.36,21.36
12401,8/23/2022 14:40,15.57,21.62
12402,8/23/2022 14:50,15.4,21.88
12403,8/23/2022 15:00,15.36,22.09
12404,8/23/2022 15:10,15.4,22.26
12405,8/23/2022 15:20,15.4,22.18
12406,8/23/2022 15:30,15.48,22.09
12407,8/23/2022 15:40,15.36,22.13
12408,8/23/2022 15:50,15.31,22.13
12409,8/23/2022 16:00,15.18,22.09
12410,8/23/2022 16:10,15.01,22.01
12411,8/23/2022 16:20,15.18,22.05
12412,8/23/2022 16:30,14.93,21.75
12413,8/23/2022 16:40,15.01,21.62
12414,8/23/2022 16:50,14.93,21.62
12415,8/23/2022 17:00,14.75,21.7
12416,8/23/2022 17:10,14.71,21.79
12417,8/23/2022 17:20,14.8,21.83
12418,8/23/2022 17:30,14.58,21.83
12419,8/23/2022 17:40,14.45,21.79
12420,8/23/2022 17:50,14.41,21.66
12421,8/23/2022 18:00,14.5,21.53
12422,8/23/2022 18:10,14.41,21.4
12423,8/23/2022 18:20,14.5,21.32
12424,8/23/2022 18:30,14.41,21.28
12425,8/23/2022 18:40,14.5,21.4
12426,8/23/2022 18:50,14.41,21.53
12427,8/23/2022 19:00,14.41,21.4
12428,8/23/2022 19:10,14.45,21.23
12429,8/23/2022 19:20,14.41,21.19
12430,8/23/2022 19:30,14.58,21.28
12431,8/23/2022 19:40,14.58,21.36
12432,8/23/2022 19:50,14.63,21.23
12433,8/23/2022 20:00,14.54,20.89
12434,8/23/2022 20:10,14.45,20.72
12435,8/23/2022 20:20,14.54,20.37
12436,8/23/2022 20:30,14.63,20.03
12437,8/23/2022 20:40,14.63,19.95
12438,8/23/2022 20:50,14.54,19.82
12439,8/23/2022 21:00,14.54,19.69
12440,8/23/2022 21:10,14.58,19.52
12441,8/23/2022 21:20,14.58,19.43
12442,8/23/2022 21:30,15.14,19.22
12443,8/23/2022 21:40,15.4,19.17
12444,8/23/2022 21:50,15.96,19.05
12445,8/23/2022 22:00,16.3,18.96
12446,8/23/2022 22:10,15.57,18.96
12447,8/23/2022 22:20,14.93,19
12448,8/23/2022 22:30,14.37,19.09
12449,8/23/2022 22:40,14.15,19.22
12450,8/23/2022 22:50,14.07,19.43
12451,8/23/2022 23:00,13.94,19.6
12452,8/23/2022 23:10,13.73,19.99
12453,8/23/2022 23:20,13.73,19.99
12454,8/23/2022 23:30,13.55,19.86
12455,8/23/2022 23:40,13.38,19.82
12456,8/23/2022 23:50,13.17,19.9
12457,8/24/2022 0:00,12.82,19.82
12458,8/24/2022 0:10,12.87,19.82
12459,8/24/2022 0:20,12.95,19.82
12460,8/24/2022 0:30,12.91,19.65
12461,8/24/2022 0:40,12.95,19.52
12462,8/24/2022 0:50,12.95,19.56
12463,8/24/2022 1:00,12.87,19.73
12464,8/24/2022 1:10,12.7,19.73
12465,8/24/2022 1:20,12.61,19.73
12466,8/24/2022 1:30,12.91,19.69
12467,8/24/2022 1:40,13.17,19.65
12468,8/24/2022 1:50,12.87,19.65
12469,8/24/2022 2:00,12.65,19.65
12470,8/24/2022 2:10,12.74,19.65
12471,8/24/2022 2:20,12.78,19.65
12472,8/24/2022 2:30,12.65,20.16
12473,8/24/2022 2:40,12.91,20.25
12474,8/24/2022 2:50,12.95,19.6
12475,8/24/2022 3:00,12.95,19.22
12476,8/24/2022 3:10,12.95,19.05
12477,8/24/2022 3:20,13,18.83
12478,8/24/2022 3:30,12.82,18.4
12479,8/24/2022 3:40,12.87,18.14
12480,8/24/2022 3:50,12.82,18.06
12481,8/24/2022 4:00,12.95,17.97
12482,8/24/2022 4:10,13.17,17.84
12483,8/24/2022 4:20,13.3,17.76
12484,8/24/2022 4:30,13.3,17.59
12485,8/24/2022 4:40,13.21,16.17
12486,8/24/2022 4:50,13.08,14.28
12487,8/24/2022 5:00,13.04,14.03
12488,8/24/2022 5:10,12.95,13.85
12489,8/24/2022 5:20,13,13.73
12490,8/24/2022 5:30,12.7,13.51
12491,8/24/2022 5:40,12.52,13.47
12492,8/24/2022 5:50,12.52,13.47
12493,8/24/2022 6:00,12.48,13.34
12494,8/24/2022 6:10,12.44,13.17
12495,8/24/2022 6:20,12.18,13.17
12496,8/24/2022 6:30,12.22,13.17
12497,8/24/2022 6:40,12.22,13.04
12498,8/24/2022 6:50,12.31,13.17
12499,8/24/2022 7:00,12.31,13.3
12500,8/24/2022 7:10,12.4,13.38
12501,8/24/2022 7:20,12.61,13.6
12502,8/24/2022 7:30,12.7,13.77
12503,8/24/2022 7:40,12.78,14.03
12504,8/24/2022 7:50,12.91,16.26
12505,8/24/2022 8:00,13,17.29
12506,8/24/2022 8:10,13.08,17.72
12507,8/24/2022 8:20,13.17,17.89
12508,8/24/2022 8:30,13.12,18.06
12509,8/24/2022 8:40,13.12,18.19
12510,8/24/2022 8:50,13.25,18.32
12511,8/24/2022 9:00,13.34,18.44
12512,8/24/2022 9:10,13.3,18.49
12513,8/24/2022 9:20,13.34,18.49
12514,8/24/2022 9:30,13.47,18.19
12515,8/24/2022 9:40,13.6,18.06
12516,8/24/2022 9:50,13.64,18.14
12517,8/24/2022 10:00,13.85,18.32
12518,8/24/2022 10:10,14.03,18.4
12519,8/24/2022 10:20,13.98,18.49
12520,8/24/2022 10:30,13.64,18.57
12521,8/24/2022 10:40,13.51,18.7
12522,8/24/2022 10:50,13.55,18.57
12523,8/24/2022 11:00,13.3,18.32
12524,8/24/2022 11:10,13.3,18.36
12525,8/24/2022 11:20,13.3,18.44
12526,8/24/2022 11:30,13.3,18.49
12527,8/24/2022 11:40,13.43,18.57
12528,8/24/2022 11:50,13.98,18.62
12529,8/24/2022 12:00,14.24,18.83
12530,8/24/2022 12:10,14.33,18.96
12531,8/24/2022 12:20,14.2,19.13
12532,8/24/2022 12:30,14.33,19.26
12533,8/24/2022 12:40,14.37,19.3
12534,8/24/2022 12:50,14.45,19.35
12535,8/24/2022 13:00,14.28,19.43
12536,8/24/2022 13:10,14.41,19.47
12537,8/24/2022 13:20,14.37,19.47
12538,8/24/2022 13:30,14.37,19.56
12539,8/24/2022 13:40,14.37,19.6
12540,8/24/2022 13:50,14.41,19.77
12541,8/24/2022 14:00,14.58,19.9
12542,8/24/2022 14:10,14.58,20.03
12543,8/24/2022 14:20,14.63,20.29
12544,8/24/2022 14:30,14.75,20.42
12545,8/24/2022 14:40,14.97,20.63
12546,8/24/2022 14:50,15.14,20.72
12547,8/24/2022 15:00,14.88,20.89
12548,8/24/2022 15:10,14.97,21.02
12549,8/24/2022 15:20,14.97,21.19
12550,8/24/2022 15:30,14.97,21.32
12551,8/24/2022 15:40,14.97,21.49
12552,8/24/2022 15:50,15.06,21.58
12553,8/24/2022 16:00,14.88,21.58
12554,8/24/2022 16:10,14.84,21.66
12555,8/24/2022 16:20,14.71,21.58
12556,8/24/2022 16:30,14.8,21.58
12557,8/24/2022 16:40,14.75,21.49
12558,8/24/2022 16:50,14.41,21.23
12559,8/24/2022 17:00,14.07,21.06
12560,8/24/2022 17:10,13.64,20.93
12561,8/24/2022 17:20,13.51,20.8
12562,8/24/2022 17:30,13.34,20.59
12563,8/24/2022 17:40,13.64,20.33
12564,8/24/2022 17:50,13.17,20.29
12565,8/24/2022 18:00,13.04,20.07
12566,8/24/2022 18:10,13.04,19.99
12567,8/24/2022 18:20,13.08,19.95
12568,8/24/2022 18:30,13.08,19.86
12569,8/24/2022 18:40,13.38,19.73
12570,8/24/2022 18:50,13.21,19.65
12571,8/24/2022 19:00,13.25,19.52
12572,8/24/2022 19:10,13.25,19.39
12573,8/24/2022 19:20,13.34,19.47
12574,8/24/2022 19:30,13.43,19.39
12575,8/24/2022 19:40,13.43,19.86
12576,8/24/2022 19:50,13.43,19.86
12577,8/24/2022 20:00,13.47,19.99
12578,8/24/2022 20:10,13.43,18.92
12579,8/24/2022 20:20,13.47,18.53
12580,8/24/2022 20:30,13.34,18.32
12581,8/24/2022 20:40,13.34,18.27
12582,8/24/2022 20:50,13.43,18.4
12583,8/24/2022 21:00,13.55,18.57
12584,8/24/2022 21:10,13.73,18.62
12585,8/24/2022 21:20,13.77,18.74
12586,8/24/2022 21:30,13.81,18.74
12587,8/24/2022 21:40,13.94,18.74
12588,8/24/2022 21:50,14.37,18.74
12589,8/24/2022 22:00,14.58,18.74
12590,8/24/2022 22:10,15.01,18.79
12591,8/24/2022 22:20,15.27,18.79
12592,8/24/2022 22:30,15.01,18.74
12593,8/24/2022 22:40,14.93,18.7
12594,8/24/2022 22:50,14.75,18.44
12595,8/24/2022 23:00,14.58,18.1
12596,8/24/2022 23:10,14.45,17.84
12597,8/24/2022 23:20,14.37,17.89
12598,8/24/2022 23:30,14.5,17.93
12599,8/24/2022 23:40,14.33,18.14
12600,8/24/2022 23:50,14.2,18.19
12601,8/25/2022 0:00,14.11,18.06
12602,8/25/2022 0:10,14.11,18.06
12603,8/25/2022 0:20,14.03,18.1
12604,8/25/2022 0:30,13.9,18.1
12605,8/25/2022 0:40,13.85,18.23
12606,8/25/2022 0:50,13.77,18.27
12607,8/25/2022 1:00,13.85,18.19
12608,8/25/2022 1:10,13.85,18.23
12609,8/25/2022 1:20,13.9,18.32
12610,8/25/2022 1:30,13.9,18.49
12611,8/25/2022 1:40,13.94,18.62
12612,8/25/2022 1:50,13.98,18.7
12613,8/25/2022 2:00,13.94,18.79
12614,8/25/2022 2:10,14.07,18.74
12615,8/25/2022 2:20,14.11,18.74
12616,8/25/2022 2:30,14.28,18.7
12617,8/25/2022 2:40,14.24,18.66
12618,8/25/2022 2:50,14.07,18.57
12619,8/25/2022 3:00,13.98,18.7
12620,8/25/2022 3:10,13.98,19.35
12621,8/25/2022 3:20,13.98,19.43
12622,8/25/2022 3:30,13.94,19.43
12623,8/25/2022 3:40,14.03,19.43
12624,8/25/2022 3:50,14.07,19.09
12625,8/25/2022 4:00,13.98,18.53
12626,8/25/2022 4:10,13.94,18.32
12627,8/25/2022 4:20,13.94,18.36
12628,8/25/2022 4:30,13.9,18.36
12629,8/25/2022 4:40,13.77,18.44
12630,8/25/2022 4:50,13.77,18.32
12631,8/25/2022 5:00,13.81,18.1
12632,8/25/2022 5:10,13.85,17.93
12633,8/25/2022 5:20,13.73,15.23
12634,8/25/2022 5:30,13.73,14.54
12635,8/25/2022 5:40,13.73,14.37
12636,8/25/2022 5:50,13.73,14.37
12637,8/25/2022 6:00,13.77,14.41
12638,8/25/2022 6:10,13.85,14.41
12639,8/25/2022 6:20,13.94,14.54
12640,8/25/2022 6:30,13.94,14.54
12641,8/25/2022 6:40,14.03,14.67
12642,8/25/2022 6:50,14.07,14.67
12643,8/25/2022 7:00,13.98,14.58
12644,8/25/2022 7:10,13.9,14.58
12645,8/25/2022 7:20,13.81,14.58
12646,8/25/2022 7:30,13.81,14.63
12647,8/25/2022 7:40,13.81,14.63
12648,8/25/2022 7:50,13.85,14.71
12649,8/25/2022 8:00,13.98,14.88
12650,8/25/2022 8:10,14.07,15.14
12651,8/25/2022 8:20,14.07,16.13
12652,8/25/2022 8:30,14.2,17.5
12653,8/25/2022 8:40,14.15,17.8
12654,8/25/2022 8:50,14.24,17.97
12655,8/25/2022 9:00,14.2,18.06
12656,8/25/2022 9:10,14.11,18.14
12657,8/25/2022 9:20,14.15,18.32
12658,8/25/2022 9:30,14.15,18.4
12659,8/25/2022 9:40,14.11,18.36
12660,8/25/2022 9:50,14.03,18.1
12661,8/25/2022 10:00,14.07,17.97
12662,8/25/2022 10:10,14.07,18.02
12663,8/25/2022 10:20,14.11,18.1
12664,8/25/2022 10:30,14.28,18.1
12665,8/25/2022 10:40,14.24,18.1
12666,8/25/2022 10:50,14.37,18.23
12667,8/25/2022 11:00,14.45,18.27
12668,8/25/2022 11:10,14.54,18.32
12669,8/25/2022 11:20,14.63,18.23
12670,8/25/2022 11:30,14.54,17.97
12671,8/25/2022 11:40,14.63,17.93
12672,8/25/2022 11:50,14.8,17.97
12673,8/25/2022 12:00,14.88,18.06
12674,8/25/2022 12:10,15.01,18.19
12675,8/25/2022 12:20,14.97,18.32
12676,8/25/2022 12:30,14.88,18.66
12677,8/25/2022 12:40,15.14,18.66
12678,8/25/2022 12:50,15.27,18.7
12679,8/25/2022 13:00,15.18,18.87
12680,8/25/2022 13:10,15.44,18.96
12681,8/25/2022 13:20,15.48,18.96
12682,8/25/2022 13:30,15.36,19
12683,8/25/2022 13:40,15.4,19
12684,8/25/2022 13:50,15.31,19.17
12685,8/25/2022 14:00,15.23,19.22
12686,8/25/2022 14:10,15.18,19.39
12687,8/25/2022 14:20,15.1,19.56
12688,8/25/2022 14:30,15.14,19.65
12689,8/25/2022 14:40,15.14,19.82
12690,8/25/2022 14:50,15.31,19.95
12691,8/25/2022 15:00,15.36,20.2
12692,8/25/2022 15:10,15.1,20.33
12693,8/25/2022 15:20,15.01,20.46
12694,8/25/2022 15:30,15.01,20.68
12695,8/25/2022 15:40,15.18,20.85
12696,8/25/2022 15:50,15.14,20.93
12697,8/25/2022 16:00,15.1,20.98
12698,8/25/2022 16:10,15.01,21.06
12699,8/25/2022 16:20,15.06,21.19
12700,8/25/2022 16:30,15.18,21.23
12701,8/25/2022 16:40,15.23,21.28
12702,8/25/2022 16:50,15.31,21.32
12703,8/25/2022 17:00,15.23,21.36
12704,8/25/2022 17:10,15.36,21.32
12705,8/25/2022 17:20,15.36,21.32
12706,8/25/2022 17:30,15.4,21.19
12707,8/25/2022 17:40,15.4,21.02
12708,8/25/2022 17:50,15.44,20.85
12709,8/25/2022 18:00,15.44,20.68
12710,8/25/2022 18:10,15.36,20.5
12711,8/25/2022 18:20,15.27,20.42
12712,8/25/2022 18:30,15.23,20.29
12713,8/25/2022 18:40,15.31,20.2
12714,8/25/2022 18:50,15.14,20.03
12715,8/25/2022 19:00,15.01,19.69
12716,8/25/2022 19:10,14.97,19.52
12717,8/25/2022 19:20,14.84,19.43
12718,8/25/2022 19:30,14.75,19.39
12719,8/25/2022 19:40,14.75,19.35
12720,8/25/2022 19:50,14.58,19.26
12721,8/25/2022 20:00,14.5,19.13
12722,8/25/2022 20:10,14.45,19.13
12723,8/25/2022 20:20,14.54,19.17
12724,8/25/2022 20:30,14.41,18.96
12725,8/25/2022 20:40,14.24,19
12726,8/25/2022 20:50,14.03,18.92
12727,8/25/2022 21:00,13.98,18.44
12728,8/25/2022 21:10,13.98,18.49
12729,8/25/2022 21:20,14.07,18.66
12730,8/25/2022 21:30,14.15,18.96
12731,8/25/2022 21:40,14.15,19
12732,8/25/2022 21:50,14.03,19
12733,8/25/2022 22:00,14.07,18.74
12734,8/25/2022 22:10,14.33,18.57
12735,8/25/2022 22:20,14.15,18.62
12736,8/25/2022 22:30,14.07,18.57
12737,8/25/2022 22:40,14.03,18.36
12738,8/25/2022 22:50,14.24,18.32
12739,8/25/2022 23:00,14.24,18.23
12740,8/25/2022 23:10,14.11,18.19
12741,8/25/2022 23:20,14.15,18.02
12742,8/25/2022 23:30,13.98,17.93
12743,8/25/2022 23:40,13.9,17.89
12744,8/25/2022 23:50,13.64,17.72
12745,8/26/2022 0:00,13.43,17.54
12746,8/26/2022 0:10,13.51,17.41
12747,8/26/2022 0:20,13.3,17.46
12748,8/26/2022 0:30,13.08,17.5
12749,8/26/2022 0:40,13,17.67
12750,8/26/2022 0:50,12.82,17.84
12751,8/26/2022 1:00,12.87,18.02
12752,8/26/2022 1:10,13.12,18.1
12753,8/26/2022 1:20,13.21,18.1
12754,8/26/2022 1:30,13.3,18.1
12755,8/26/2022 1:40,13.34,18.14
12756,8/26/2022 1:50,13.43,18.19
12757,8/26/2022 2:00,13.55,18.27
12758,8/26/2022 2:10,13.55,18.36
12759,8/26/2022 2:20,13.55,18.32
12760,8/26/2022 2:30,13.73,18.49
12761,8/26/2022 2:40,13.55,18.53
12762,8/26/2022 2:50,13.55,18.53
12763,8/26/2022 3:00,13.77,18.57
12764,8/26/2022 3:10,13.85,18.62
12765,8/26/2022 3:20,13.94,18.57
12766,8/26/2022 3:30,13.85,18.57
12767,8/26/2022 3:40,13.81,18.57
12768,8/26/2022 3:50,13.73,18.79
12769,8/26/2022 4:00,13.77,18.7
12770,8/26/2022 4:10,13.81,18.92
12771,8/26/2022 4:20,13.77,18.83
12772,8/26/2022 4:30,13.68,18.62
12773,8/26/2022 4:40,13.77,18.02
12774,8/26/2022 4:50,13.81,17.89
12775,8/26/2022 5:00,13.85,17.93
12776,8/26/2022 5:10,13.73,17.84
12777,8/26/2022 5:20,13.73,17.8
12778,8/26/2022 5:30,13.64,17.63
12779,8/26/2022 5:40,13.55,17.46
12780,8/26/2022 5:50,13.43,15.91
12781,8/26/2022 6:00,13.34,14.24
12782,8/26/2022 6:10,13.17,13.98
12783,8/26/2022 6:20,13.12,13.85
12784,8/26/2022 6:30,13.17,13.81
12785,8/26/2022 6:40,13.08,13.77
12786,8/26/2022 6:50,13.21,13.85
12787,8/26/2022 7:00,13.17,13.73
12788,8/26/2022 7:10,13.25,13.85
12789,8/26/2022 7:20,13.43,14.03
12790,8/26/2022 7:30,13.47,14.15
12791,8/26/2022 7:40,13.43,14.33
12792,8/26/2022 7:50,13.51,14.41
12793,8/26/2022 8:00,13.43,14.54
12794,8/26/2022 8:10,13.51,14.75
12795,8/26/2022 8:20,13.73,24.54
12796,8/26/2022 8:30,14.2,28.4
12797,8/26/2022 8:40,14.58,23.85
12798,8/26/2022 8:50,14.93,20.85
12799,8/26/2022 9:00,15.18,20.85
12800,8/26/2022 9:10,15.23,21.53
12801,8/26/2022 9:20,15.31,22.05
12802,8/26/2022 9:30,15.91,21.75
12803,8/26/2022 9:40,16.39,21.79
12804,8/26/2022 9:50,16.69,21.92
12805,8/26/2022 10:00,16.99,22.13
12806,8/26/2022 10:10,17.07,22.31
12807,8/26/2022 10:20,16.64,23.12
12808,8/26/2022 10:30,16.81,24.02
12809,8/26/2022 10:40,17.37,27.97
12810,8/26/2022 10:50,18.27,25.35
12811,8/26/2022 11:00,19.3,24.97
12812,8/26/2022 11:10,20.25,25.14
12813,8/26/2022 11:20,20.98,25.39
12814,8/26/2022 11:30,21.7,25.65
12815,8/26/2022 11:40,22.39,25.95
12816,8/26/2022 11:50,22.86,26.25
12817,8/26/2022 12:00,23.38,26.47
12818,8/26/2022 12:10,23.76,26.72
12819,8/26/2022 12:20,24.15,26.9
12820,8/26/2022 12:30,24.49,27.11
12821,8/26/2022 12:40,24.84,27.32
12822,8/26/2022 12:50,25.14,27.41
12823,8/26/2022 13:00,25.39,27.5
12824,8/26/2022 13:10,25.69,27.58
