Obs_Numb,Date_Time,AirTemp_C,WaterTemp_C
1,5/29/2022 12:00,18.74,16.3
2,5/29/2022 12:10,19.47,16.6
3,5/29/2022 12:20,20.29,16.99
4,5/29/2022 12:30,21.1,17.46
5,5/29/2022 12:40,21.92,17.93
6,5/29/2022 12:50,22.73,18.44
7,5/29/2022 13:00,23.51,18.92
8,5/29/2022 13:10,24.32,19.47
9,5/29/2022 13:20,25.05,19.99
10,5/29/2022 13:30,25.82,20.63
11,5/29/2022 13:40,26.6,21.23
12,5/29/2022 13:50,27.24,21.83
13,5/29/2022 14:00,27.97,22.43
14,5/29/2022 14:10,28.57,23.03
15,5/29/2022 14:20,29.13,23.64
16,5/29/2022 14:30,29.68,24.24
17,5/29/2022 14:40,30.03,24.75
18,5/29/2022 14:50,30.41,25.27
19,5/29/2022 15:00,30.71,25.69
20,5/29/2022 15:10,30.84,26.12
21,5/29/2022 15:20,30.97,26.42
22,5/29/2022 15:30,31.06,26.77
23,5/29/2022 15:40,31.01,26.98
24,5/29/2022 15:50,30.89,27.2
25,5/29/2022 16:00,30.8,27.32
26,5/29/2022 16:10,30.54,27.41
27,5/29/2022 16:20,30.37,27.45
28,5/29/2022 16:30,30.11,27.5
29,5/29/2022 16:40,29.86,27.41
30,5/29/2022 16:50,29.56,27.37
31,5/29/2022 17:00,29.26,27.28
32,5/29/2022 17:10,29,27.15
33,5/29/2022 17:20,28.74,27.07
34,5/29/2022 17:30,28.48,26.9
35,5/29/2022 17:40,28.14,26.77
36,5/29/2022 17:50,27.93,26.6
37,5/29/2022 18:00,27.58,26.42
38,5/29/2022 18:10,27.32,26.3
39,5/29/2022 18:20,27.02,26.08
40,5/29/2022 18:30,26.72,25.91
41,5/29/2022 18:40,26.51,25.74
42,5/29/2022 18:50,26.25,25.52
43,5/29/2022 19:00,26.12,25.31
44,5/29/2022 19:10,25.99,25.22
45,5/29/2022 19:20,25.95,25.14
46,5/29/2022 19:30,25.91,25.05
47,5/29/2022 19:40,25.87,25.01
48,5/29/2022 19:50,25.82,24.88
49,5/29/2022 20:00,25.61,24.84
50,5/29/2022 20:10,25.44,24.71
51,5/29/2022 20:20,25.18,24.58
52,5/29/2022 20:30,24.92,24.41
53,5/29/2022 20:40,24.66,24.24
54,5/29/2022 20:50,24.36,24.02
55,5/29/2022 21:00,24.02,23.81
56,5/29/2022 21:10,23.68,23.59
57,5/29/2022 21:20,23.34,23.34
58,5/29/2022 21:30,23.03,23.08
59,5/29/2022 21:40,22.69,22.78
60,5/29/2022 21:50,22.35,22.48
61,5/29/2022 22:00,22.01,22.22
62,5/29/2022 22:10,21.66,21.92
63,5/29/2022 22:20,21.36,21.62
64,5/29/2022 22:30,21.02,21.36
65,5/29/2022 22:40,20.72,21.06
66,5/29/2022 22:50,20.42,20.76
67,5/29/2022 23:00,20.12,20.5
68,5/29/2022 23:10,19.82,20.29
69,5/29/2022 23:20,19.52,19.99
70,5/29/2022 23:30,19.26,19.73
71,5/29/2022 23:40,19,19.47
72,5/29/2022 23:50,18.79,19.22
73,5/30/2022 0:00,18.53,19
74,5/30/2022 0:10,18.27,18.74
75,5/30/2022 0:20,18.06,18.53
76,5/30/2022 0:30,17.8,18.32
77,5/30/2022 0:40,17.63,18.1
78,5/30/2022 0:50,17.41,17.89
79,5/30/2022 1:00,17.2,17.67
80,5/30/2022 1:10,17.03,17.5
81,5/30/2022 1:20,16.81,17.37
82,5/30/2022 1:30,16.6,17.11
83,5/30/2022 1:40,16.51,16.94
84,5/30/2022 1:50,16.3,16.81
85,5/30/2022 2:00,16.13,16.69
86,5/30/2022 2:10,16,16.51
87,5/30/2022 2:20,15.83,16.34
88,5/30/2022 2:30,15.7,16.21
89,5/30/2022 2:40,15.57,16.04
90,5/30/2022 2:50,15.44,15.87
91,5/30/2022 3:00,15.36,15.74
92,5/30/2022 3:10,15.18,15.66
93,5/30/2022 3:20,15.06,15.57
94,5/30/2022 3:30,14.88,15.4
95,5/30/2022 3:40,14.8,15.27
96,5/30/2022 3:50,14.67,15.14
97,5/30/2022 4:00,14.54,15.01
98,5/30/2022 4:10,14.45,14.88
99,5/30/2022 4:20,14.37,14.84
100,5/30/2022 4:30,14.24,14.67
101,5/30/2022 4:40,14.11,14.58
102,5/30/2022 4:50,14.03,14.45
103,5/30/2022 5:00,13.85,14.33
104,5/30/2022 5:10,13.77,14.2
105,5/30/2022 5:20,13.68,14.11
106,5/30/2022 5:30,13.55,14.03
107,5/30/2022 5:40,13.47,13.94
108,5/30/2022 5:50,13.38,13.81
109,5/30/2022 6:00,13.34,13.73
110,5/30/2022 6:10,13.25,13.64
111,5/30/2022 6:20,13.12,13.6
112,5/30/2022 6:30,13.12,13.51
113,5/30/2022 6:40,13.38,13.51
114,5/30/2022 6:50,13.81,13.51
115,5/30/2022 7:00,14.41,13.6
116,5/30/2022 7:10,14.97,13.77
117,5/30/2022 7:20,15.48,13.98
118,5/30/2022 7:30,15.96,14.15
119,5/30/2022 7:40,15.91,14.41
120,5/30/2022 7:50,14.28,14.45
121,5/30/2022 8:00,14.15,14.54
122,5/30/2022 8:10,14.88,14.97
123,5/30/2022 8:20,14.07,18.36
124,5/30/2022 8:30,14.07,28.05
125,5/30/2022 8:40,14.15,28.31
126,5/30/2022 8:50,14.28,28.48
127,5/30/2022 9:00,14.5,27.88
128,5/30/2022 9:10,14.71,22.35
129,5/30/2022 9:20,12.82,20.33
130,5/30/2022 9:30,12.44,20.12
131,5/30/2022 9:40,12.35,20.07
132,5/30/2022 9:50,12.22,20.03
133,5/30/2022 10:00,12.27,20.07
134,5/30/2022 10:10,12.27,20.25
135,5/30/2022 10:20,12.35,20.42
136,5/30/2022 10:30,12.35,18.7
137,5/30/2022 10:40,12.48,17.84
138,5/30/2022 10:50,12.61,17.54
139,5/30/2022 11:00,12.78,17.46
140,5/30/2022 11:10,13.04,17.5
141,5/30/2022 11:20,13.25,17.5
142,5/30/2022 11:30,13.12,17.54
143,5/30/2022 11:40,13.17,17.59
144,5/30/2022 11:50,13.17,17.72
145,5/30/2022 12:00,13.17,17.8
146,5/30/2022 12:10,13.34,17.8
147,5/30/2022 12:20,13.43,17.97
148,5/30/2022 12:30,13.43,18.06
149,5/30/2022 12:40,13.3,18.14
150,5/30/2022 12:50,13.38,18.23
151,5/30/2022 13:00,13.55,18.36
152,5/30/2022 13:10,13.51,18.4
153,5/30/2022 13:20,13.68,18.44
154,5/30/2022 13:30,13.47,18.53
155,5/30/2022 13:40,13.68,18.53
156,5/30/2022 13:50,13.77,18.57
157,5/30/2022 14:00,13.9,18.62
158,5/30/2022 14:10,13.85,18.57
159,5/30/2022 14:20,13.81,18.62
160,5/30/2022 14:30,13.98,18.57
161,5/30/2022 14:40,14.07,18.66
162,5/30/2022 14:50,13.94,18.83
163,5/30/2022 15:00,14.03,18.74
164,5/30/2022 15:10,14.07,18.74
165,5/30/2022 15:20,14.07,18.96
166,5/30/2022 15:30,14.11,19.22
167,5/30/2022 15:40,14.28,19.6
168,5/30/2022 15:50,14.11,19.9
169,5/30/2022 16:00,14.33,19.35
170,5/30/2022 16:10,14.28,19.05
171,5/30/2022 16:20,14.11,18.96
172,5/30/2022 16:30,14.03,18.7
173,5/30/2022 16:40,13.98,18.7
174,5/30/2022 16:50,13.68,18.53
175,5/30/2022 17:00,13.34,18.36
176,5/30/2022 17:10,13.55,18.27
177,5/30/2022 17:20,13.64,18.27
178,5/30/2022 17:30,13.51,18.36
179,5/30/2022 17:40,13.38,18.49
180,5/30/2022 17:50,13.47,18.27
181,5/30/2022 18:00,13.55,18.19
182,5/30/2022 18:10,13.55,18.32
183,5/30/2022 18:20,13.64,18.1
184,5/30/2022 18:30,13.73,18.06
185,5/30/2022 18:40,13.9,17.89
186,5/30/2022 18:50,13.73,17.8
187,5/30/2022 19:00,13.73,17.8
188,5/30/2022 19:10,13.73,17.72
189,5/30/2022 19:20,13.73,17.63
190,5/30/2022 19:30,13.38,17.8
191,5/30/2022 19:40,13.43,18.49
192,5/30/2022 19:50,13.34,18.62
193,5/30/2022 20:00,13.3,18.53
194,5/30/2022 20:10,12.95,18.44
195,5/30/2022 20:20,12.82,18.57
196,5/30/2022 20:30,12.82,18.44
197,5/30/2022 20:40,12.82,18.36
198,5/30/2022 20:50,12.82,18.23
199,5/30/2022 21:00,12.61,18.1
200,5/30/2022 21:10,12.4,17.93
201,5/30/2022 21:20,12.65,17.84
202,5/30/2022 21:30,12.7,17.67
203,5/30/2022 21:40,12.74,17.67
204,5/30/2022 21:50,12.7,17.67
205,5/30/2022 22:00,12.7,17.54
206,5/30/2022 22:10,12.44,17.41
207,5/30/2022 22:20,12.44,17.33
208,5/30/2022 22:30,12.44,17.24
209,5/30/2022 22:40,12.27,17.2
210,5/30/2022 22:50,12.4,17.2
211,5/30/2022 23:00,12.35,17.11
212,5/30/2022 23:10,12.48,17.07
213,5/30/2022 23:20,12.52,17.11
214,5/30/2022 23:30,12.44,17.03
215,5/30/2022 23:40,12.48,17.03
216,5/30/2022 23:50,12.14,16.99
217,5/31/2022 0:00,12.14,16.9
218,5/31/2022 0:10,11.88,16.9
219,5/31/2022 0:20,12.01,16.73
220,5/31/2022 0:30,11.97,16.64
221,5/31/2022 0:40,11.79,16.73
222,5/31/2022 0:50,11.97,16.64
223,5/31/2022 1:00,12.01,16.6
224,5/31/2022 1:10,11.84,16.56
225,5/31/2022 1:20,11.79,16.51
226,5/31/2022 1:30,11.79,16.56
227,5/31/2022 1:40,11.49,16.47
228,5/31/2022 1:50,11.58,16.43
229,5/31/2022 2:00,11.11,16.3
230,5/31/2022 2:10,11.28,16.3
231,5/31/2022 2:20,11.45,16.3
232,5/31/2022 2:30,11.41,16.26
233,5/31/2022 2:40,11.41,16.21
234,5/31/2022 2:50,11.41,16.3
235,5/31/2022 3:00,9.74,16.21
236,5/31/2022 3:10,10.64,16.17
237,5/31/2022 3:20,8.66,16.17
238,5/31/2022 3:30,8.28,16.21
239,5/31/2022 3:40,7.55,16.13
240,5/31/2022 3:50,7.42,16.13
241,5/31/2022 4:00,7.63,16.04
242,5/31/2022 4:10,7.5,16.04
243,5/31/2022 4:20,7.29,15.91
244,5/31/2022 4:30,7.16,15.87
245,5/31/2022 4:40,6.99,15.78
246,5/31/2022 4:50,6.43,15.74
247,5/31/2022 5:00,6.52,15.7
248,5/31/2022 5:10,6.52,15.57
249,5/31/2022 5:20,6.78,15.53
250,5/31/2022 5:30,6.52,15.44
251,5/31/2022 5:40,6.39,15.23
252,5/31/2022 5:50,5.79,15.01
253,5/31/2022 6:00,5.75,14.8
254,5/31/2022 6:10,5.79,14.33
255,5/31/2022 6:20,6.09,10.59
256,5/31/2022 6:30,6.13,7.5
257,5/31/2022 6:40,6.95,7.46
258,5/31/2022 6:50,7.33,9.69
259,5/31/2022 7:00,7.59,14.41
260,5/31/2022 7:10,8.15,15.96
261,5/31/2022 7:20,8.36,16.86
262,5/31/2022 7:30,8.71,18.32
263,5/31/2022 7:40,9.18,19.05
264,5/31/2022 7:50,9.95,21.1
265,5/31/2022 8:00,10.72,22.35
266,5/31/2022 8:10,10.94,23.12
267,5/31/2022 8:20,11.41,22.26
268,5/31/2022 8:30,11.62,22.86
269,5/31/2022 8:40,12.05,22.99
270,5/31/2022 8:50,12.4,22.26
271,5/31/2022 9:00,12.61,22.22
272,5/31/2022 9:10,12.7,23.12
273,5/31/2022 9:20,12.95,23.34
274,5/31/2022 9:30,13.17,23.94
275,5/31/2022 9:40,13.34,24.15
276,5/31/2022 9:50,13.94,24.06
277,5/31/2022 10:00,14.71,23.94
278,5/31/2022 10:10,14.97,24.41
279,5/31/2022 10:20,15.53,24.15
280,5/31/2022 10:30,15.83,24.62
281,5/31/2022 10:40,16.17,24.62
282,5/31/2022 10:50,16.04,23.89
283,5/31/2022 11:00,16.08,23.46
284,5/31/2022 11:10,15.87,23.21
285,5/31/2022 11:20,15.66,25.74
286,5/31/2022 11:30,15.83,23.81
287,5/31/2022 11:40,15.91,21.88
288,5/31/2022 11:50,15.78,21.06
289,5/31/2022 12:00,15.1,20.89
290,5/31/2022 12:10,14.88,20.33
291,5/31/2022 12:20,14.93,20.33
292,5/31/2022 12:30,14.67,20.37
293,5/31/2022 12:40,14.75,20.25
294,5/31/2022 12:50,14.63,20.12
295,5/31/2022 13:00,14.71,19.86
296,5/31/2022 13:10,14.97,19.73
297,5/31/2022 13:20,15.06,19.47
298,5/31/2022 13:30,15.23,19.43
299,5/31/2022 13:40,15.61,19.35
300,5/31/2022 13:50,16.04,19.3
301,5/31/2022 14:00,15.7,19.39
302,5/31/2022 14:10,15.74,19.47
303,5/31/2022 14:20,15.57,19.52
304,5/31/2022 14:30,15.48,19.9
305,5/31/2022 14:40,15.27,20.8
306,5/31/2022 14:50,15.27,21.1
307,5/31/2022 15:00,14.93,20.59
308,5/31/2022 15:10,14.97,20.68
309,5/31/2022 15:20,14.75,20.98
310,5/31/2022 15:30,14.71,21.53
311,5/31/2022 15:40,15.31,20.8
312,5/31/2022 15:50,15.44,20.29
313,5/31/2022 16:00,14.84,20.55
314,5/31/2022 16:10,14.71,20.85
315,5/31/2022 16:20,15.01,21.75
316,5/31/2022 16:30,15.06,23.03
317,5/31/2022 16:40,14.93,23.29
318,5/31/2022 16:50,14.93,21.7
319,5/31/2022 17:00,14.93,20.29
320,5/31/2022 17:10,14.75,19.65
321,5/31/2022 17:20,14.8,19.52
322,5/31/2022 17:30,14.54,20.07
323,5/31/2022 17:40,14.45,20.33
324,5/31/2022 17:50,14.54,20.16
325,5/31/2022 18:00,14.54,19.95
326,5/31/2022 18:10,14.5,20.16
327,5/31/2022 18:20,14.37,19.52
328,5/31/2022 18:30,14.2,19.26
329,5/31/2022 18:40,14.11,18.96
330,5/31/2022 18:50,14.2,18.7
331,5/31/2022 19:00,14.15,18.53
332,5/31/2022 19:10,13.9,18.36
333,5/31/2022 19:20,13.85,18.36
334,5/31/2022 19:30,13.77,18.23
335,5/31/2022 19:40,13.47,18.23
336,5/31/2022 19:50,13.17,18.19
337,5/31/2022 20:00,12.91,18.14
338,5/31/2022 20:10,12.48,18.27
339,5/31/2022 20:20,12.48,18.14
340,5/31/2022 20:30,12.35,18.1
341,5/31/2022 20:40,12.27,18.23
342,5/31/2022 20:50,12.27,18.19
343,5/31/2022 21:00,12.22,18.36
344,5/31/2022 21:10,11.97,18.36
345,5/31/2022 21:20,12.05,18.14
346,5/31/2022 21:30,12.1,18.14
347,5/31/2022 21:40,12.18,18.06
348,5/31/2022 21:50,12.14,18.06
349,5/31/2022 22:00,12.05,18.06
350,5/31/2022 22:10,12.14,18.1
351,5/31/2022 22:20,12.27,18.23
352,5/31/2022 22:30,12.18,18.27
353,5/31/2022 22:40,12.14,18.32
354,5/31/2022 22:50,12.14,18.49
355,5/31/2022 23:00,12.05,18.49
356,5/31/2022 23:10,12.01,18.53
357,5/31/2022 23:20,11.97,18.44
358,5/31/2022 23:30,12.01,18.57
359,5/31/2022 23:40,12.01,18.4
360,5/31/2022 23:50,12.05,18.36
361,6/1/2022 0:00,12.1,18.32
362,6/1/2022 0:10,12.18,18.23
363,6/1/2022 0:20,12.1,18.14
364,6/1/2022 0:30,12.05,18.14
365,6/1/2022 0:40,11.84,18.06
366,6/1/2022 0:50,11.84,17.93
367,6/1/2022 1:00,11.75,17.84
368,6/1/2022 1:10,11.71,17.89
369,6/1/2022 1:20,11.75,17.76
370,6/1/2022 1:30,11.67,17.93
371,6/1/2022 1:40,11.54,17.97
372,6/1/2022 1:50,11.37,18.02
373,6/1/2022 2:00,11.19,18.06
374,6/1/2022 2:10,11.11,18.06
375,6/1/2022 2:20,11.02,18.02
376,6/1/2022 2:30,10.72,17.72
377,6/1/2022 2:40,10.55,17.63
378,6/1/2022 2:50,10.42,17.63
379,6/1/2022 3:00,10.42,17.5
380,6/1/2022 3:10,10.08,17.46
381,6/1/2022 3:20,10.04,17.41
382,6/1/2022 3:30,10.08,17.37
383,6/1/2022 3:40,10.29,17.33
384,6/1/2022 3:50,10.29,17.33
385,6/1/2022 4:00,10.12,17.29
386,6/1/2022 4:10,10.08,17.29
387,6/1/2022 4:20,10.08,17.24
388,6/1/2022 4:30,9.99,17.16
389,6/1/2022 4:40,9.95,17.11
390,6/1/2022 4:50,10.04,17.2
391,6/1/2022 5:00,10.08,17.11
392,6/1/2022 5:10,10.25,17.11
393,6/1/2022 5:20,10.21,17.07
394,6/1/2022 5:30,10.12,17.07
395,6/1/2022 5:40,9.99,17.03
396,6/1/2022 5:50,9.91,17.03
397,6/1/2022 6:00,9.91,16.9
398,6/1/2022 6:10,9.86,16.94
399,6/1/2022 6:20,9.91,16.81
400,6/1/2022 6:30,9.74,16.69
401,6/1/2022 6:40,9.78,16.47
402,6/1/2022 6:50,9.65,16.13
403,6/1/2022 7:00,9.52,12.18
404,6/1/2022 7:10,9.35,11.15
405,6/1/2022 7:20,9.52,11.97
406,6/1/2022 7:30,9.56,12.87
407,6/1/2022 7:40,9.65,13.47
408,6/1/2022 7:50,9.99,16.6
409,6/1/2022 8:00,10.21,18.53
410,6/1/2022 8:10,10.29,18.66
411,6/1/2022 8:20,10.55,21.7
412,6/1/2022 8:30,11.11,22.22
413,6/1/2022 8:40,11.88,23.89
414,6/1/2022 8:50,12.44,25.61
415,6/1/2022 9:00,12.87,26.72
416,6/1/2022 9:10,13.08,26.42
417,6/1/2022 9:20,13.3,25.69
418,6/1/2022 9:30,13.64,26.98
419,6/1/2022 9:40,14.2,27.07
420,6/1/2022 9:50,15.01,25.87
421,6/1/2022 10:00,15.74,27.5
422,6/1/2022 10:10,16.17,25.69
423,6/1/2022 10:20,16.94,26.04
424,6/1/2022 10:30,17.11,26.34
425,6/1/2022 10:40,16.6,25.39
426,6/1/2022 10:50,15.4,23.89
427,6/1/2022 11:00,15.06,23.29
428,6/1/2022 11:10,15.18,23.38
429,6/1/2022 11:20,15.48,23.38
430,6/1/2022 11:30,15.74,22.99
431,6/1/2022 11:40,15.53,26.42
432,6/1/2022 11:50,15.27,25.44
433,6/1/2022 12:00,15.18,23.76
434,6/1/2022 12:10,15.14,22.65
435,6/1/2022 12:20,15.14,22.35
436,6/1/2022 12:30,14.63,22.13
437,6/1/2022 12:40,14.67,21.7
438,6/1/2022 12:50,15.36,21.36
439,6/1/2022 13:00,15.36,20.72
440,6/1/2022 13:10,15.4,20.5
441,6/1/2022 13:20,15.36,20.5
442,6/1/2022 13:30,14.88,20.46
443,6/1/2022 13:40,15.1,20.55
444,6/1/2022 13:50,14.8,20.5
445,6/1/2022 14:00,14.67,20.33
446,6/1/2022 14:10,14.93,20.37
447,6/1/2022 14:20,15.01,20.29
448,6/1/2022 14:30,14.84,20.42
449,6/1/2022 14:40,14.8,20.42
450,6/1/2022 14:50,15.06,20.2
451,6/1/2022 15:00,15.14,20.07
452,6/1/2022 15:10,15.18,20.16
453,6/1/2022 15:20,15.18,20.63
454,6/1/2022 15:30,15.31,21.45
455,6/1/2022 15:40,15.4,21.75
456,6/1/2022 15:50,15.66,21.62
457,6/1/2022 16:00,15.61,22.39
458,6/1/2022 16:10,15.53,22.01
459,6/1/2022 16:20,15.48,22.01
460,6/1/2022 16:30,15.06,22.26
461,6/1/2022 16:40,14.75,22.26
462,6/1/2022 16:50,14.93,22.26
463,6/1/2022 17:00,15.06,22.52
464,6/1/2022 17:10,14.97,22.91
465,6/1/2022 17:20,15.1,23.59
466,6/1/2022 17:30,14.93,24.11
467,6/1/2022 17:40,14.63,24.36
468,6/1/2022 17:50,14.45,23.21
469,6/1/2022 18:00,14.2,21.83
470,6/1/2022 18:10,14.24,20.59
471,6/1/2022 18:20,14.33,20.72
472,6/1/2022 18:30,13.9,20.63
473,6/1/2022 18:40,13.43,20.63
474,6/1/2022 18:50,13.25,20.72
475,6/1/2022 19:00,13.04,20.63
476,6/1/2022 19:10,12.91,20.46
477,6/1/2022 19:20,12.78,20.03
478,6/1/2022 19:30,12.78,20.16
479,6/1/2022 19:40,12.91,19.99
480,6/1/2022 19:50,12.91,19.9
481,6/1/2022 20:00,12.74,19.99
482,6/1/2022 20:10,12.61,19.69
483,6/1/2022 20:20,12.61,19.56
484,6/1/2022 20:30,12.61,19.22
485,6/1/2022 20:40,12.61,19.47
486,6/1/2022 20:50,12.61,19.26
487,6/1/2022 21:00,12.48,19.05
488,6/1/2022 21:10,12.57,19
489,6/1/2022 21:20,12.18,18.96
490,6/1/2022 21:30,12.4,18.96
491,6/1/2022 21:40,12.31,18.92
492,6/1/2022 21:50,12.31,18.92
493,6/1/2022 22:00,12.31,18.87
494,6/1/2022 22:10,12.4,18.87
495,6/1/2022 22:20,12.31,18.92
496,6/1/2022 22:30,12.22,18.96
497,6/1/2022 22:40,12.22,19.05
498,6/1/2022 22:50,12.4,19
499,6/1/2022 23:00,12.31,18.83
500,6/1/2022 23:10,12.48,18.79
501,6/1/2022 23:20,12.35,18.87
502,6/1/2022 23:30,12.18,18.83
503,6/1/2022 23:40,12.27,18.7
504,6/1/2022 23:50,12.44,18.7
505,6/2/2022 0:00,12.48,18.7
506,6/2/2022 0:10,12.7,18.66
507,6/2/2022 0:20,12.65,18.7
508,6/2/2022 0:30,12.44,18.62
509,6/2/2022 0:40,12.57,18.74
510,6/2/2022 0:50,12.48,18.66
511,6/2/2022 1:00,12.57,18.66
512,6/2/2022 1:10,12.4,18.66
513,6/2/2022 1:20,12.52,18.62
514,6/2/2022 1:30,12.44,18.53
515,6/2/2022 1:40,12.44,18.53
516,6/2/2022 1:50,12.48,18.49
517,6/2/2022 2:00,12.44,18.53
518,6/2/2022 2:10,12.31,18.62
519,6/2/2022 2:20,12.22,18.62
520,6/2/2022 2:30,12.14,18.57
521,6/2/2022 2:40,12.05,18.44
522,6/2/2022 2:50,11.84,18.4
523,6/2/2022 3:00,11.79,18.36
524,6/2/2022 3:10,11.49,18.32
525,6/2/2022 3:20,11.24,18.23
526,6/2/2022 3:30,11.32,18.14
527,6/2/2022 3:40,11.24,18.06
528,6/2/2022 3:50,11.11,17.97
529,6/2/2022 4:00,11.11,17.93
530,6/2/2022 4:10,11.07,17.84
531,6/2/2022 4:20,10.81,17.8
532,6/2/2022 4:30,10.89,17.72
533,6/2/2022 4:40,10.64,17.67
534,6/2/2022 4:50,10.77,17.67
535,6/2/2022 5:00,10.55,17.11
536,6/2/2022 5:10,10.34,16.94
537,6/2/2022 5:20,10.25,16.94
538,6/2/2022 5:30,10.21,16.94
539,6/2/2022 5:40,10.16,17.03
540,6/2/2022 5:50,10.08,16.99
541,6/2/2022 6:00,10.21,16.99
542,6/2/2022 6:10,10.25,16.9
543,6/2/2022 6:20,10.38,16.9
544,6/2/2022 6:30,10.21,16.99
545,6/2/2022 6:40,9.91,16.86
546,6/2/2022 6:50,9.99,16.77
547,6/2/2022 7:00,9.78,16.73
548,6/2/2022 7:10,9.78,16.51
549,6/2/2022 7:20,9.86,16.21
550,6/2/2022 7:30,9.99,15.96
551,6/2/2022 7:40,10.12,13.55
552,6/2/2022 7:50,9.99,12.4
553,6/2/2022 8:00,9.99,12.1
554,6/2/2022 8:10,10.04,12.05
555,6/2/2022 8:20,10.08,11.79
556,6/2/2022 8:30,10.12,12.05
557,6/2/2022 8:40,10.08,12.52
558,6/2/2022 8:50,10.16,12.7
559,6/2/2022 9:00,10.29,13
560,6/2/2022 9:10,10.42,13.34
561,6/2/2022 9:20,10.38,13.6
562,6/2/2022 9:30,10.55,14.15
563,6/2/2022 9:40,10.72,14.8
564,6/2/2022 9:50,10.77,14.11
565,6/2/2022 10:00,10.72,13.94
566,6/2/2022 10:10,10.72,14.11
567,6/2/2022 10:20,10.98,14.75
568,6/2/2022 10:30,10.94,15.4
569,6/2/2022 10:40,10.94,15.91
570,6/2/2022 10:50,11.11,15.53
571,6/2/2022 11:00,11.32,16.26
572,6/2/2022 11:10,11.41,16.47
573,6/2/2022 11:20,11.62,17.29
574,6/2/2022 11:30,11.79,17.46
575,6/2/2022 11:40,12.05,18.19
576,6/2/2022 11:50,12.22,19.3
577,6/2/2022 12:00,12.01,18.74
578,6/2/2022 12:10,12.35,19.3
579,6/2/2022 12:20,12.57,21.7
580,6/2/2022 12:30,12.87,20.72
581,6/2/2022 12:40,12.78,20.03
582,6/2/2022 12:50,12.78,19.65
583,6/2/2022 13:00,13.08,19.73
584,6/2/2022 13:10,13.43,19.6
585,6/2/2022 13:20,13.43,19.56
586,6/2/2022 13:30,13.73,19.52
587,6/2/2022 13:40,14.2,19.52
588,6/2/2022 13:50,14.2,19.56
589,6/2/2022 14:00,14.28,19.52
590,6/2/2022 14:10,14.54,19.47
591,6/2/2022 14:20,14.45,19.47
592,6/2/2022 14:30,14.8,19.52
593,6/2/2022 14:40,14.75,19.43
594,6/2/2022 14:50,14.8,19.47
595,6/2/2022 15:00,14.75,19.39
596,6/2/2022 15:10,14.93,19.35
597,6/2/2022 15:20,14.88,19.3
598,6/2/2022 15:30,15.18,19.47
599,6/2/2022 15:40,15.23,19.47
600,6/2/2022 15:50,15.31,19.43
601,6/2/2022 16:00,15.44,19.26
602,6/2/2022 16:10,15.4,19.26
603,6/2/2022 16:20,15.23,19.35
604,6/2/2022 16:30,14.97,19.3
605,6/2/2022 16:40,14.75,19.3
606,6/2/2022 16:50,15.1,19.22
607,6/2/2022 17:00,14.97,19.26
608,6/2/2022 17:10,14.93,19.43
609,6/2/2022 17:20,14.88,19.69
610,6/2/2022 17:30,14.8,19.95
611,6/2/2022 17:40,14.97,20.46
612,6/2/2022 17:50,14.97,20.5
613,6/2/2022 18:00,15.1,20.98
614,6/2/2022 18:10,15.18,20.25
615,6/2/2022 18:20,15.18,20.72
616,6/2/2022 18:30,15.14,20.37
617,6/2/2022 18:40,14.88,19.6
618,6/2/2022 18:50,14.8,19.26
619,6/2/2022 19:00,15.1,18.7
620,6/2/2022 19:10,15.01,18.62
621,6/2/2022 19:20,15.01,18.53
622,6/2/2022 19:30,14.54,18.53
623,6/2/2022 19:40,14.37,18.44
624,6/2/2022 19:50,13.98,18.44
625,6/2/2022 20:00,13.64,18.27
626,6/2/2022 20:10,13.51,18.32
627,6/2/2022 20:20,13.21,18.36
628,6/2/2022 20:30,13.12,18.36
629,6/2/2022 20:40,13.17,18.27
630,6/2/2022 20:50,13.08,18.19
631,6/2/2022 21:00,12.95,18.06
632,6/2/2022 21:10,12.91,17.97
633,6/2/2022 21:20,12.91,17.93
634,6/2/2022 21:30,12.7,17.97
635,6/2/2022 21:40,12.74,18.1
636,6/2/2022 21:50,12.57,18.02
637,6/2/2022 22:00,12.57,17.93
638,6/2/2022 22:10,12.7,17.89
639,6/2/2022 22:20,12.78,17.84
640,6/2/2022 22:30,12.91,17.93
641,6/2/2022 22:40,13.25,17.89
642,6/2/2022 22:50,13.34,17.84
643,6/2/2022 23:00,13.17,17.8
644,6/2/2022 23:10,13.3,17.84
645,6/2/2022 23:20,13.08,17.89
646,6/2/2022 23:30,13,17.89
647,6/2/2022 23:40,12.95,17.84
648,6/2/2022 23:50,12.95,17.93
649,6/3/2022 0:00,12.74,17.97
650,6/3/2022 0:10,12.91,17.97
651,6/3/2022 0:20,13,17.89
652,6/3/2022 0:30,13.08,17.93
653,6/3/2022 0:40,13.08,17.97
654,6/3/2022 0:50,13.04,17.97
655,6/3/2022 1:00,12.4,18.06
656,6/3/2022 1:10,12.01,18.19
657,6/3/2022 1:20,12.95,18.14
658,6/3/2022 1:30,12.27,18.14
659,6/3/2022 1:40,12.1,18.1
660,6/3/2022 1:50,11.88,18.06
661,6/3/2022 2:00,11.84,18.02
662,6/3/2022 2:10,11.97,18.06
663,6/3/2022 2:20,12.05,17.89
664,6/3/2022 2:30,11.88,17.93
665,6/3/2022 2:40,11.71,17.72
666,6/3/2022 2:50,11.71,17.72
667,6/3/2022 3:00,11.88,17.72
668,6/3/2022 3:10,12.65,17.59
669,6/3/2022 3:20,13.47,17.59
670,6/3/2022 3:30,13.64,17.59
671,6/3/2022 3:40,13.64,17.54
672,6/3/2022 3:50,13.64,17.5
673,6/3/2022 4:00,13.64,17.46
674,6/3/2022 4:10,13.73,17.41
675,6/3/2022 4:20,13.73,17.5
676,6/3/2022 4:30,13.3,17.41
677,6/3/2022 4:40,13.55,17.33
678,6/3/2022 4:50,14.11,17.33
679,6/3/2022 5:00,14.07,17.29
680,6/3/2022 5:10,13.9,17.29
681,6/3/2022 5:20,13.98,17.29
682,6/3/2022 5:30,13.85,17.24
683,6/3/2022 5:40,13.77,17.2
684,6/3/2022 5:50,13.85,17.16
685,6/3/2022 6:00,14.03,17.16
686,6/3/2022 6:10,14.07,17.07
687,6/3/2022 6:20,14.2,17.07
688,6/3/2022 6:30,14.2,16.9
689,6/3/2022 6:40,14.03,16.77
690,6/3/2022 6:50,14.07,16.86
691,6/3/2022 7:00,14.03,16.9
692,6/3/2022 7:10,13.9,16.94
693,6/3/2022 7:20,13.81,16.9
694,6/3/2022 7:30,13.77,16.94
695,6/3/2022 7:40,13.85,16.99
696,6/3/2022 7:50,13.9,16.99
697,6/3/2022 8:00,13.85,17.03
698,6/3/2022 8:10,13.98,17.16
699,6/3/2022 8:20,14.07,16.64
700,6/3/2022 8:30,14.24,16.04
701,6/3/2022 8:40,14.37,16.21
702,6/3/2022 8:50,14.5,16.17
703,6/3/2022 9:00,14.33,16.26
704,6/3/2022 9:10,14.28,15.91
705,6/3/2022 9:20,14.07,15.83
706,6/3/2022 9:30,13.94,15.96
707,6/3/2022 9:40,13.94,15.96
708,6/3/2022 9:50,13.9,16.17
709,6/3/2022 10:00,13.94,16.47
710,6/3/2022 10:10,13.98,16.69
711,6/3/2022 10:20,14.03,16.99
712,6/3/2022 10:30,14.33,17.63
713,6/3/2022 10:40,14.45,18.57
714,6/3/2022 10:50,14.41,18.79
715,6/3/2022 11:00,14.41,18.83
716,6/3/2022 11:10,14.54,18.83
717,6/3/2022 11:20,14.54,18.92
718,6/3/2022 11:30,14.67,19
719,6/3/2022 11:40,14.54,19
720,6/3/2022 11:50,14.54,18.66
721,6/3/2022 12:00,14.24,17.54
722,6/3/2022 12:10,13.77,17.46
723,6/3/2022 12:20,13.73,18.36
724,6/3/2022 12:30,14.03,19.26
725,6/3/2022 12:40,14.33,21.06
726,6/3/2022 12:50,14.67,22.78
727,6/3/2022 13:00,14.75,22.61
728,6/3/2022 13:10,15.14,21.58
729,6/3/2022 13:20,15.57,21.15
730,6/3/2022 13:30,15.96,20.85
731,6/3/2022 13:40,16.39,20.59
732,6/3/2022 13:50,16.08,20.42
733,6/3/2022 14:00,15.7,20.29
734,6/3/2022 14:10,15.4,20.37
735,6/3/2022 14:20,15.18,20.07
736,6/3/2022 14:30,15.23,19.82
737,6/3/2022 14:40,15.57,19.69
738,6/3/2022 14:50,15.83,19.56
739,6/3/2022 15:00,15.74,19.56
740,6/3/2022 15:10,15.61,19.6
741,6/3/2022 15:20,15.66,19.52
742,6/3/2022 15:30,15.06,19.47
743,6/3/2022 15:40,14.97,19.43
744,6/3/2022 15:50,14.75,19.39
745,6/3/2022 16:00,14.63,19.39
746,6/3/2022 16:10,14.84,19.22
747,6/3/2022 16:20,14.84,19.17
748,6/3/2022 16:30,14.71,19.22
749,6/3/2022 16:40,15.06,19.35
750,6/3/2022 16:50,15.23,19.56
751,6/3/2022 17:00,15.31,19.56
752,6/3/2022 17:10,15.18,19.6
753,6/3/2022 17:20,15.4,19.77
754,6/3/2022 17:30,15.18,19.77
755,6/3/2022 17:40,15.23,19.77
756,6/3/2022 17:50,14.97,20.07
757,6/3/2022 18:00,14.67,20.12
758,6/3/2022 18:10,14.63,20.16
759,6/3/2022 18:20,14.54,20.42
760,6/3/2022 18:30,14.5,20.46
761,6/3/2022 18:40,14.45,20.5
762,6/3/2022 18:50,14.37,20.63
763,6/3/2022 19:00,14.33,20.68
764,6/3/2022 19:10,14.41,20.76
765,6/3/2022 19:20,14.28,21.28
766,6/3/2022 19:30,14.24,21.36
767,6/3/2022 19:40,13.9,21.32
768,6/3/2022 19:50,13.98,21.06
769,6/3/2022 20:00,13.9,20.68
770,6/3/2022 20:10,13.9,19.6
771,6/3/2022 20:20,13.77,18.7
772,6/3/2022 20:30,13.81,18.44
773,6/3/2022 20:40,13.77,18.66
774,6/3/2022 20:50,13.85,18.87
775,6/3/2022 21:00,13.73,18.83
776,6/3/2022 21:10,13.64,18.87
777,6/3/2022 21:20,13.73,18.92
778,6/3/2022 21:30,13.81,18.74
779,6/3/2022 21:40,13.81,18.53
780,6/3/2022 21:50,13.77,18.06
781,6/3/2022 22:00,13.68,18.06
782,6/3/2022 22:10,13.51,17.97
783,6/3/2022 22:20,13.51,18.14
784,6/3/2022 22:30,13.43,18.4
785,6/3/2022 22:40,13.43,18.7
786,6/3/2022 22:50,13.38,18.7
787,6/3/2022 23:00,13.34,18.4
788,6/3/2022 23:10,13.43,18.23
789,6/3/2022 23:20,13.38,18.27
790,6/3/2022 23:30,13.21,18.23
791,6/3/2022 23:40,13.34,18.23
792,6/3/2022 23:50,13.55,18.23
793,6/4/2022 0:00,13.6,18.32
794,6/4/2022 0:10,13.55,18.36
795,6/4/2022 0:20,13.47,18.44
796,6/4/2022 0:30,13.47,18.32
797,6/4/2022 0:40,13.51,18.32
798,6/4/2022 0:50,13.47,18.32
799,6/4/2022 1:00,13.6,18.23
800,6/4/2022 1:10,13.55,18.19
801,6/4/2022 1:20,13.64,18.23
802,6/4/2022 1:30,13.64,18.19
803,6/4/2022 1:40,13.51,18.19
804,6/4/2022 1:50,13.51,18.23
805,6/4/2022 2:00,13.68,18.19
806,6/4/2022 2:10,13.51,18.19
807,6/4/2022 2:20,13.51,18.23
808,6/4/2022 2:30,13.43,18.23
809,6/4/2022 2:40,13,18.19
810,6/4/2022 2:50,12.61,18.14
811,6/4/2022 3:00,12.4,18.14
812,6/4/2022 3:10,12.31,18.1
813,6/4/2022 3:20,12.01,18.1
814,6/4/2022 3:30,12.1,18.02
815,6/4/2022 3:40,12.18,17.93
816,6/4/2022 3:50,12.14,17.97
817,6/4/2022 4:00,12.05,17.97
818,6/4/2022 4:10,12.05,17.93
819,6/4/2022 4:20,11.75,17.89
820,6/4/2022 4:30,11.62,17.8
821,6/4/2022 4:40,11.62,17.8
822,6/4/2022 4:50,11.71,17.8
823,6/4/2022 5:00,11.62,17.8
824,6/4/2022 5:10,11.71,17.67
825,6/4/2022 5:20,11.54,17.67
826,6/4/2022 5:30,11.71,17.67
827,6/4/2022 5:40,11.67,17.63
828,6/4/2022 5:50,11.71,17.59
829,6/4/2022 6:00,11.79,17.59
830,6/4/2022 6:10,11.84,17.59
831,6/4/2022 6:20,11.92,17.59
832,6/4/2022 6:30,12.05,17.54
833,6/4/2022 6:40,12.1,17.63
834,6/4/2022 6:50,12.22,17.59
835,6/4/2022 7:00,12.4,17.63
836,6/4/2022 7:10,12.65,17.59
837,6/4/2022 7:20,12.82,17.63
838,6/4/2022 7:30,12.91,17.63
839,6/4/2022 7:40,13,17.54
840,6/4/2022 7:50,13.21,17.59
841,6/4/2022 8:00,13.43,17.63
842,6/4/2022 8:10,13.55,17.67
843,6/4/2022 8:20,13.77,17.67
844,6/4/2022 8:30,13.98,17.84
845,6/4/2022 8:40,14.2,17.8
846,6/4/2022 8:50,14.33,17.84
847,6/4/2022 9:00,14.54,16.13
848,6/4/2022 9:10,14.71,16.34
849,6/4/2022 9:20,14.88,16.64
850,6/4/2022 9:30,15.01,16.73
851,6/4/2022 9:40,15.27,17.33
852,6/4/2022 9:50,15.48,18.19
853,6/4/2022 10:00,15.66,18.4
854,6/4/2022 10:10,15.7,18.4
855,6/4/2022 10:20,15.87,18.83
856,6/4/2022 10:30,16.17,20.59
857,6/4/2022 10:40,16.34,20.89
858,6/4/2022 10:50,16.56,21.79
859,6/4/2022 11:00,16.56,22.01
860,6/4/2022 11:10,16.51,21.45
861,6/4/2022 11:20,16.81,22.56
862,6/4/2022 11:30,17.2,24.06
863,6/4/2022 11:40,17.41,24.49
864,6/4/2022 11:50,17.63,23.68
865,6/4/2022 12:00,17.76,23.72
866,6/4/2022 12:10,17.97,25.01
867,6/4/2022 12:20,18.23,25.52
868,6/4/2022 12:30,18.1,24.84
869,6/4/2022 12:40,18.44,26.04
870,6/4/2022 12:50,18.62,26.81
871,6/4/2022 13:00,19.17,26.72
872,6/4/2022 13:10,19.3,25.52
873,6/4/2022 13:20,19.17,25.99
874,6/4/2022 13:30,19.39,24.19
875,6/4/2022 13:40,19.43,23.21
876,6/4/2022 13:50,19.52,22.48
877,6/4/2022 14:00,19.35,22.61
878,6/4/2022 14:10,19,22.01
879,6/4/2022 14:20,18.83,22.22
880,6/4/2022 14:30,18.83,22.01
881,6/4/2022 14:40,18.74,21.4
882,6/4/2022 14:50,18.66,21.49
883,6/4/2022 15:00,18.57,21.36
884,6/4/2022 15:10,18.79,21.06
885,6/4/2022 15:20,19,20.63
886,6/4/2022 15:30,18.96,20.29
887,6/4/2022 15:40,18.87,19.99
888,6/4/2022 15:50,18.7,19.86
889,6/4/2022 16:00,18.49,19.6
890,6/4/2022 16:10,18.32,19.47
891,6/4/2022 16:20,17.89,19.52
892,6/4/2022 16:30,17.84,19.47
893,6/4/2022 16:40,17.76,19.47
894,6/4/2022 16:50,17.63,19.39
895,6/4/2022 17:00,17.63,19.35
896,6/4/2022 17:10,17.54,19.3
897,6/4/2022 17:20,17.63,19.26
898,6/4/2022 17:30,17.89,19.22
899,6/4/2022 17:40,17.97,19.13
900,6/4/2022 17:50,17.84,19
901,6/4/2022 18:00,17.67,19.05
902,6/4/2022 18:10,17.37,19.05
903,6/4/2022 18:20,17.11,19.3
904,6/4/2022 18:30,16.99,19.52
905,6/4/2022 18:40,16.99,19.9
906,6/4/2022 18:50,16.81,19.82
907,6/4/2022 19:00,16.77,19.65
908,6/4/2022 19:10,16.43,19.65
909,6/4/2022 19:20,16.43,19.9
910,6/4/2022 19:30,16.3,19.95
911,6/4/2022 19:40,16.21,19.86
912,6/4/2022 19:50,16.13,19.82
913,6/4/2022 20:00,16,19.82
914,6/4/2022 20:10,16.17,19.77
915,6/4/2022 20:20,16.13,19.73
916,6/4/2022 20:30,16.08,19.69
917,6/4/2022 20:40,16.04,19.65
918,6/4/2022 20:50,16.08,19.6
919,6/4/2022 21:00,15.96,19.52
920,6/4/2022 21:10,15.74,19.52
921,6/4/2022 21:20,15.7,19.52
922,6/4/2022 21:30,15.44,19.43
923,6/4/2022 21:40,15.36,19.35
924,6/4/2022 21:50,15.1,19.26
925,6/4/2022 22:00,15.18,19
926,6/4/2022 22:10,15.36,18.87
927,6/4/2022 22:20,15.44,18.87
928,6/4/2022 22:30,15.66,18.83
929,6/4/2022 22:40,15.44,18.79
930,6/4/2022 22:50,15.36,18.7
931,6/4/2022 23:00,15.4,18.74
932,6/4/2022 23:10,15.61,18.7
933,6/4/2022 23:20,15.78,18.7
934,6/4/2022 23:30,15.87,18.66
935,6/4/2022 23:40,15.87,18.57
936,6/4/2022 23:50,15.78,18.57
937,6/5/2022 0:00,15.74,18.57
938,6/5/2022 0:10,15.7,18.57
939,6/5/2022 0:20,15.78,18.57
940,6/5/2022 0:30,15.78,18.53
941,6/5/2022 0:40,15.83,18.49
942,6/5/2022 0:50,15.83,18.4
943,6/5/2022 1:00,15.78,18.32
944,6/5/2022 1:10,15.7,18.32
945,6/5/2022 1:20,15.7,18.27
946,6/5/2022 1:30,15.66,18.23
947,6/5/2022 1:40,15.57,18.27
948,6/5/2022 1:50,15.74,18.32
949,6/5/2022 2:00,15.74,18.27
950,6/5/2022 2:10,15.7,18.23
951,6/5/2022 2:20,15.7,18.23
952,6/5/2022 2:30,15.78,18.32
953,6/5/2022 2:40,15.78,18.23
954,6/5/2022 2:50,15.78,18.27
955,6/5/2022 3:00,15.66,18.23
956,6/5/2022 3:10,15.61,18.19
957,6/5/2022 3:20,15.7,18.19
958,6/5/2022 3:30,15.74,18.19
959,6/5/2022 3:40,15.7,18.23
960,6/5/2022 3:50,15.66,18.14
961,6/5/2022 4:00,15.57,18.19
962,6/5/2022 4:10,15.53,18.14
963,6/5/2022 4:20,15.57,18.19
964,6/5/2022 4:30,15.61,18.14
965,6/5/2022 4:40,15.53,17.89
966,6/5/2022 4:50,15.53,17.76
967,6/5/2022 5:00,15.61,17.76
968,6/5/2022 5:10,15.57,17.72
969,6/5/2022 5:20,15.53,17.76
970,6/5/2022 5:30,15.48,17.76
971,6/5/2022 5:40,15.44,17.8
972,6/5/2022 5:50,15.44,17.76
973,6/5/2022 6:00,15.48,17.8
974,6/5/2022 6:10,15.53,17.76
975,6/5/2022 6:20,15.48,17.8
976,6/5/2022 6:30,15.57,17.72
977,6/5/2022 6:40,15.53,17.72
978,6/5/2022 6:50,15.61,17.76
979,6/5/2022 7:00,15.61,17.76
980,6/5/2022 7:10,15.61,17.72
981,6/5/2022 7:20,15.7,17.72
982,6/5/2022 7:30,15.78,17.76
983,6/5/2022 7:40,15.78,17.76
984,6/5/2022 7:50,15.7,17.76
985,6/5/2022 8:00,15.74,17.8
986,6/5/2022 8:10,15.87,17.8
987,6/5/2022 8:20,15.96,17.89
988,6/5/2022 8:30,16.04,17.93
989,6/5/2022 8:40,16.08,18.02
990,6/5/2022 8:50,16.08,18.02
991,6/5/2022 9:00,16.13,18.14
992,6/5/2022 9:10,16.21,18.27
993,6/5/2022 9:20,16.39,18.49
994,6/5/2022 9:30,16.47,18.87
995,6/5/2022 9:40,16.64,19.35
996,6/5/2022 9:50,16.81,19.56
997,6/5/2022 10:00,17.2,22.43
998,6/5/2022 10:10,17.16,22.05
999,6/5/2022 10:20,17.37,23.03
1000,6/5/2022 10:30,17.54,23.03
1001,6/5/2022 10:40,17.89,24.45
1002,6/5/2022 10:50,17.93,25.44
1003,6/5/2022 11:00,18.27,26.08
1004,6/5/2022 11:10,18.49,26.38
1005,6/5/2022 11:20,18.57,26.72
1006,6/5/2022 11:30,18.83,26.55
1007,6/5/2022 11:40,18.92,26.81
1008,6/5/2022 11:50,19.22,27.41
1009,6/5/2022 12:00,19.26,27.32
1010,6/5/2022 12:10,19.3,27.58
1011,6/5/2022 12:20,19.35,27.37
1012,6/5/2022 12:30,19.3,27.28
1013,6/5/2022 12:40,19.73,27.71
1014,6/5/2022 12:50,19.86,27.58
1015,6/5/2022 13:00,19.99,27.28
1016,6/5/2022 13:10,20.46,28.23
1017,6/5/2022 13:20,20.25,28.44
1018,6/5/2022 13:30,20.12,28.53
1019,6/5/2022 13:40,20.25,28.91
1020,6/5/2022 13:50,20.25,28.48
1021,6/5/2022 14:00,20.25,28.23
1022,6/5/2022 14:10,19.95,26.72
1023,6/5/2022 14:20,19.9,25.99
1024,6/5/2022 14:30,19.95,26.3
1025,6/5/2022 14:40,19.69,26.08
1026,6/5/2022 14:50,19.47,24.92
1027,6/5/2022 15:00,19.13,23.85
1028,6/5/2022 15:10,19.3,23.42
1029,6/5/2022 15:20,19.22,23.03
1030,6/5/2022 15:30,18.4,23.16
1031,6/5/2022 15:40,18.62,22.18
1032,6/5/2022 15:50,19.56,21.49
1033,6/5/2022 16:00,19.43,21.15
1034,6/5/2022 16:10,18.19,20.93
1035,6/5/2022 16:20,17.29,20.89
1036,6/5/2022 16:30,16.94,20.89
1037,6/5/2022 16:40,16.77,20.63
1038,6/5/2022 16:50,16.64,20.37
1039,6/5/2022 17:00,16.64,20.37
1040,6/5/2022 17:10,16.86,20.33
1041,6/5/2022 17:20,17.11,20.2
1042,6/5/2022 17:30,17.03,20.12
1043,6/5/2022 17:40,16.94,20.2
1044,6/5/2022 17:50,16.99,20.2
1045,6/5/2022 18:00,17.07,20.16
1046,6/5/2022 18:10,16.94,20.12
1047,6/5/2022 18:20,16.86,19.99
1048,6/5/2022 18:30,16.94,20.07
1049,6/5/2022 18:40,17.07,19.99
1050,6/5/2022 18:50,17.16,19.95
1051,6/5/2022 19:00,17.11,19.9
1052,6/5/2022 19:10,16.9,19.9
1053,6/5/2022 19:20,16.99,19.95
1054,6/5/2022 19:30,16.9,19.9
1055,6/5/2022 19:40,16.81,19.95
1056,6/5/2022 19:50,16.6,20.12
1057,6/5/2022 20:00,16.17,20.33
1058,6/5/2022 20:10,15.78,20.55
1059,6/5/2022 20:20,15.14,20.76
1060,6/5/2022 20:30,14.75,20.89
1061,6/5/2022 20:40,14.67,21.02
1062,6/5/2022 20:50,14.63,21.1
1063,6/5/2022 21:00,14.71,21.1
1064,6/5/2022 21:10,14.75,21.02
1065,6/5/2022 21:20,14.75,21.1
1066,6/5/2022 21:30,14.93,21.15
1067,6/5/2022 21:40,15.18,21.19
1068,6/5/2022 21:50,14.58,21.36
1069,6/5/2022 22:00,13.77,21.53
1070,6/5/2022 22:10,13.81,21.32
1071,6/5/2022 22:20,13.43,21.32
1072,6/5/2022 22:30,13.17,20.68
1073,6/5/2022 22:40,13.08,20.33
1074,6/5/2022 22:50,12.91,20.2
1075,6/5/2022 23:00,12.82,20.16
1076,6/5/2022 23:10,12.82,20.16
1077,6/5/2022 23:20,12.7,20.16
1078,6/5/2022 23:30,12.74,20.16
1079,6/5/2022 23:40,12.82,20.12
1080,6/5/2022 23:50,13.04,19.99
1081,6/6/2022 0:00,13.04,19.77
1082,6/6/2022 0:10,13.38,19.56
1083,6/6/2022 0:20,13.12,19.47
1084,6/6/2022 0:30,13.21,19.56
1085,6/6/2022 0:40,13.47,19.6
1086,6/6/2022 0:50,13.6,19.65
1087,6/6/2022 1:00,13.55,19.6
1088,6/6/2022 1:10,13.6,19.65
1089,6/6/2022 1:20,13.43,19.47
1090,6/6/2022 1:30,13.43,19.17
1091,6/6/2022 1:40,13.47,19.17
1092,6/6/2022 1:50,13.6,19.09
1093,6/6/2022 2:00,13.6,19
1094,6/6/2022 2:10,13.68,18.96
1095,6/6/2022 2:20,13.55,18.96
1096,6/6/2022 2:30,13.64,18.92
1097,6/6/2022 2:40,13.51,19
1098,6/6/2022 2:50,13.68,18.96
1099,6/6/2022 3:00,13.64,18.96
1100,6/6/2022 3:10,13.68,18.96
1101,6/6/2022 3:20,13.55,18.92
1102,6/6/2022 3:30,13.77,18.92
1103,6/6/2022 3:40,13.73,18.87
1104,6/6/2022 3:50,13.73,18.83
1105,6/6/2022 4:00,13.81,18.87
1106,6/6/2022 4:10,13.73,18.87
1107,6/6/2022 4:20,13.51,18.83
1108,6/6/2022 4:30,13.6,18.79
1109,6/6/2022 4:40,13.6,18.87
1110,6/6/2022 4:50,13.51,18.83
1111,6/6/2022 5:00,13.6,18.87
1112,6/6/2022 5:10,13.55,18.87
1113,6/6/2022 5:20,13.34,18.87
1114,6/6/2022 5:30,13.21,18.87
1115,6/6/2022 5:40,13.25,18.83
1116,6/6/2022 5:50,13.08,18.74
1117,6/6/2022 6:00,13.17,18.57
1118,6/6/2022 6:10,13.21,18.49
1119,6/6/2022 6:20,13.25,18.57
1120,6/6/2022 6:30,13.08,18.62
1121,6/6/2022 6:40,13.08,18.57
1122,6/6/2022 6:50,13,18.62
1123,6/6/2022 7:00,13.21,18.44
1124,6/6/2022 7:10,13.3,18.4
1125,6/6/2022 7:20,13.3,18.36
1126,6/6/2022 7:30,13.25,18.32
1127,6/6/2022 7:40,13.38,18.27
1128,6/6/2022 7:50,13.21,18.27
1129,6/6/2022 8:00,13.6,18.27
1130,6/6/2022 8:10,14.15,18.4
1131,6/6/2022 8:20,14.11,18.1
1132,6/6/2022 8:30,13.9,18.4
1133,6/6/2022 8:40,13.81,18.62
1134,6/6/2022 8:50,14.03,18.92
1135,6/6/2022 9:00,14.11,19.13
1136,6/6/2022 9:10,14.07,19.43
1137,6/6/2022 9:20,14.24,19.65
1138,6/6/2022 9:30,14.45,20.03
1139,6/6/2022 9:40,14.45,20.25
1140,6/6/2022 9:50,14.5,20.55
1141,6/6/2022 10:00,14.58,20.93
1142,6/6/2022 10:10,14.71,21.4
1143,6/6/2022 10:20,14.67,21.96
1144,6/6/2022 10:30,14.71,22.61
1145,6/6/2022 10:40,14.88,23.81
1146,6/6/2022 10:50,14.88,20.8
1147,6/6/2022 11:00,15.06,21.02
1148,6/6/2022 11:10,15.06,21.15
1149,6/6/2022 11:20,14.88,20.76
1150,6/6/2022 11:30,14.88,20.46
1151,6/6/2022 11:40,14.84,20.33
1152,6/6/2022 11:50,14.67,20.37
1153,6/6/2022 12:00,14.88,19.47
1154,6/6/2022 12:10,14.88,19.17
1155,6/6/2022 12:20,15.01,18.57
1156,6/6/2022 12:30,15.01,18.66
1157,6/6/2022 12:40,15.14,18.83
1158,6/6/2022 12:50,15.27,18.66
1159,6/6/2022 13:00,15.48,18.79
1160,6/6/2022 13:10,15.44,18.74
1161,6/6/2022 13:20,15.4,19.05
1162,6/6/2022 13:30,15.31,18.92
1163,6/6/2022 13:40,15.31,18.79
1164,6/6/2022 13:50,15.27,19.52
1165,6/6/2022 14:00,15.36,25.91
1166,6/6/2022 14:10,15.36,25.69
1167,6/6/2022 14:20,15.57,24.24
1168,6/6/2022 14:30,15.57,23.34
1169,6/6/2022 14:40,15.44,22.65
1170,6/6/2022 14:50,15.36,22.18
1171,6/6/2022 15:00,15.31,21.88
1172,6/6/2022 15:10,15.61,21.83
1173,6/6/2022 15:20,15.61,21.75
1174,6/6/2022 15:30,15.66,21.75
1175,6/6/2022 15:40,15.57,21.75
1176,6/6/2022 15:50,15.61,21.7
1177,6/6/2022 16:00,15.78,21.58
1178,6/6/2022 16:10,15.78,21.53
1179,6/6/2022 16:20,15.7,21.49
1180,6/6/2022 16:30,15.74,21.49
1181,6/6/2022 16:40,15.83,21.49
1182,6/6/2022 16:50,15.83,21.4
1183,6/6/2022 17:00,15.83,21.4
1184,6/6/2022 17:10,15.87,21.49
1185,6/6/2022 17:20,15.83,21.4
1186,6/6/2022 17:30,16,21.32
1187,6/6/2022 17:40,16,21.23
1188,6/6/2022 17:50,15.87,21.19
1189,6/6/2022 18:00,15.7,21.32
1190,6/6/2022 18:10,15.66,21.7
1191,6/6/2022 18:20,15.48,22.52
1192,6/6/2022 18:30,15.48,22.99
1193,6/6/2022 18:40,15.48,22.35
1194,6/6/2022 18:50,15.44,21.83
1195,6/6/2022 19:00,15.4,21.66
1196,6/6/2022 19:10,15.31,21.7
1197,6/6/2022 19:20,15.23,21.88
1198,6/6/2022 19:30,15.1,21.79
1199,6/6/2022 19:40,14.97,21.79
1200,6/6/2022 19:50,14.63,21.83
1201,6/6/2022 20:00,14.33,21.92
1202,6/6/2022 20:10,14.2,22.05
1203,6/6/2022 20:20,13.98,22.22
1204,6/6/2022 20:30,13.85,22.26
1205,6/6/2022 20:40,13.55,22.39
1206,6/6/2022 20:50,13.6,22.35
1207,6/6/2022 21:00,13.43,22.09
1208,6/6/2022 21:10,13.47,21.88
1209,6/6/2022 21:20,13.51,21.7
1210,6/6/2022 21:30,13.34,21.58
1211,6/6/2022 21:40,13.25,21.53
1212,6/6/2022 21:50,13.34,21.45
1213,6/6/2022 22:00,13.17,21.36
1214,6/6/2022 22:10,13.21,21.02
1215,6/6/2022 22:20,13.21,20.85
1216,6/6/2022 22:30,13.04,20.72
1217,6/6/2022 22:40,12.48,19.82
1218,6/6/2022 22:50,11.71,19.39
1219,6/6/2022 23:00,10.68,19.17
1220,6/6/2022 23:10,10.68,19.26
1221,6/6/2022 23:20,10.51,19.22
1222,6/6/2022 23:30,10.38,19.22
1223,6/6/2022 23:40,9.78,19.13
1224,6/6/2022 23:50,9.69,19.05
1225,6/7/2022 0:00,10.12,19
1226,6/7/2022 0:10,12.14,19
1227,6/7/2022 0:20,12.4,19
1228,6/7/2022 0:30,12.35,18.87
1229,6/7/2022 0:40,11.19,18.87
1230,6/7/2022 0:50,10.98,18.79
1231,6/7/2022 1:00,11.88,18.74
1232,6/7/2022 1:10,12.18,18.74
1233,6/7/2022 1:20,11.67,18.66
1234,6/7/2022 1:30,9.48,18.96
1235,6/7/2022 1:40,9.22,18.7
1236,6/7/2022 1:50,9.05,18.7
1237,6/7/2022 2:00,8.96,18.32
1238,6/7/2022 2:10,9.14,18.57
1239,6/7/2022 2:20,9.56,18.87
1240,6/7/2022 2:30,9.26,18.87
1241,6/7/2022 2:40,9.22,18.83
1242,6/7/2022 2:50,9.35,18.79
1243,6/7/2022 3:00,9.18,18.74
1244,6/7/2022 3:10,9.26,18.66
1245,6/7/2022 3:20,9.14,18.53
1246,6/7/2022 3:30,8.62,18.53
1247,6/7/2022 3:40,9.22,18.53
1248,6/7/2022 3:50,8.92,18.57
1249,6/7/2022 4:00,9.01,18.7
1250,6/7/2022 4:10,9.56,18.79
1251,6/7/2022 4:20,9.95,18.83
1252,6/7/2022 4:30,11.49,18.74
1253,6/7/2022 4:40,11.71,18.74
1254,6/7/2022 4:50,11.71,18.92
1255,6/7/2022 5:00,11.75,18.92
1256,6/7/2022 5:10,11.84,18.87
1257,6/7/2022 5:20,11.75,18.87
1258,6/7/2022 5:30,11.67,18.83
1259,6/7/2022 5:40,11.45,18.83
1260,6/7/2022 5:50,11.49,18.79
1261,6/7/2022 6:00,10.89,18.79
1262,6/7/2022 6:10,10.77,18.7
1263,6/7/2022 6:20,10.77,18.7
1264,6/7/2022 6:30,10.89,18.7
1265,6/7/2022 6:40,10.89,18.62
1266,6/7/2022 6:50,10.94,18.44
1267,6/7/2022 7:00,11.02,18.4
1268,6/7/2022 7:10,11.07,18.44
1269,6/7/2022 7:20,11.15,18.4
1270,6/7/2022 7:30,11.15,18.44
1271,6/7/2022 7:40,11.19,18.49
1272,6/7/2022 7:50,11.28,18.49
1273,6/7/2022 8:00,11.49,18.57
1274,6/7/2022 8:10,12.05,18.66
1275,6/7/2022 8:20,12.05,18.62
1276,6/7/2022 8:30,11.92,18.74
1277,6/7/2022 8:40,12.18,18.87
1278,6/7/2022 8:50,12.27,18.87
1279,6/7/2022 9:00,12.31,19.05
1280,6/7/2022 9:10,12.48,19.26
1281,6/7/2022 9:20,12.78,19.35
1282,6/7/2022 9:30,13.12,19.47
1283,6/7/2022 9:40,13.43,19.65
1284,6/7/2022 9:50,11.97,19.77
1285,6/7/2022 10:00,12.22,19.86
1286,6/7/2022 10:10,12.27,20.07
1287,6/7/2022 10:20,12.27,20.12
1288,6/7/2022 10:30,12.14,20.12
1289,6/7/2022 10:40,12.14,20.63
1290,6/7/2022 10:50,12.27,20.8
1291,6/7/2022 11:00,12.4,20.93
1292,6/7/2022 11:10,12.52,20.98
1293,6/7/2022 11:20,12.74,21.36
1294,6/7/2022 11:30,12.87,18.49
1295,6/7/2022 11:40,13.12,18.53
1296,6/7/2022 11:50,13.04,18.1
1297,6/7/2022 12:00,13.38,18.74
1298,6/7/2022 12:10,13.68,19.56
1299,6/7/2022 12:20,13.9,19.56
1300,6/7/2022 12:30,14.24,19.3
1301,6/7/2022 12:40,14.24,19.77
1302,6/7/2022 12:50,14.24,20.2
1303,6/7/2022 13:00,14.41,20.42
1304,6/7/2022 13:10,14.84,20.59
1305,6/7/2022 13:20,14.93,20.85
1306,6/7/2022 13:30,14.8,21.15
1307,6/7/2022 13:40,14.58,19.69
1308,6/7/2022 13:50,14.5,20.37
1309,6/7/2022 14:00,14.58,20.46
1310,6/7/2022 14:10,14.28,20.5
1311,6/7/2022 14:20,14.2,20.42
1312,6/7/2022 14:30,13.98,22.86
1313,6/7/2022 14:40,13.94,23.46
1314,6/7/2022 14:50,13.98,22.69
1315,6/7/2022 15:00,14.03,22.26
1316,6/7/2022 15:10,14.33,22.09
1317,6/7/2022 15:20,14.58,21.53
1318,6/7/2022 15:30,14.33,21.36
1319,6/7/2022 15:40,14.58,21.28
1320,6/7/2022 15:50,14.75,21.28
1321,6/7/2022 16:00,14.75,21.28
1322,6/7/2022 16:10,14.8,21.23
1323,6/7/2022 16:20,14.63,21.19
1324,6/7/2022 16:30,14.71,21.06
1325,6/7/2022 16:40,14.71,20.98
1326,6/7/2022 16:50,14.93,20.89
1327,6/7/2022 17:00,15.06,20.93
1328,6/7/2022 17:10,14.88,20.85
1329,6/7/2022 17:20,14.93,20.85
1330,6/7/2022 17:30,15.01,20.76
1331,6/7/2022 17:40,15.06,20.63
1332,6/7/2022 17:50,15.27,20.68
1333,6/7/2022 18:00,15.44,21.15
1334,6/7/2022 18:10,15.36,21.49
1335,6/7/2022 18:20,15.53,21.15
1336,6/7/2022 18:30,15.44,21.75
1337,6/7/2022 18:40,15.27,21.75
1338,6/7/2022 18:50,15.1,21.02
1339,6/7/2022 19:00,15.01,20.93
1340,6/7/2022 19:10,15.1,20.85
1341,6/7/2022 19:20,14.88,20.68
1342,6/7/2022 19:30,14.71,20.46
1343,6/7/2022 19:40,14.5,20.29
1344,6/7/2022 19:50,14.33,20.25
1345,6/7/2022 20:00,14.41,20.12
1346,6/7/2022 20:10,14.45,19.99
1347,6/7/2022 20:20,14.33,19.95
1348,6/7/2022 20:30,14.37,19.86
1349,6/7/2022 20:40,14.41,19.9
1350,6/7/2022 20:50,14.28,20.03
1351,6/7/2022 21:00,14.28,20.07
1352,6/7/2022 21:10,14.11,20.07
1353,6/7/2022 21:20,14.11,19.99
1354,6/7/2022 21:30,14.2,19.99
1355,6/7/2022 21:40,14.37,19.95
1356,6/7/2022 21:50,14.28,19.86
1357,6/7/2022 22:00,14.41,19.35
1358,6/7/2022 22:10,14.54,18.83
1359,6/7/2022 22:20,14.41,18.66
1360,6/7/2022 22:30,14.37,18.57
1361,6/7/2022 22:40,14.15,18.57
1362,6/7/2022 22:50,14.2,18.57
1363,6/7/2022 23:00,14.07,18.53
1364,6/7/2022 23:10,13.98,18.4
1365,6/7/2022 23:20,13.94,18.44
1366,6/7/2022 23:30,13.98,18.49
1367,6/7/2022 23:40,14.2,18.49
1368,6/7/2022 23:50,14.15,18.44
1369,6/8/2022 0:00,14.03,18.49
1370,6/8/2022 0:10,14.03,18.14
1371,6/8/2022 0:20,13.9,18.02
1372,6/8/2022 0:30,14.03,18.19
1373,6/8/2022 0:40,13.98,18.23
1374,6/8/2022 0:50,14.24,18.19
1375,6/8/2022 1:00,14.15,18.14
1376,6/8/2022 1:10,14.11,18.06
1377,6/8/2022 1:20,13.94,17.97
1378,6/8/2022 1:30,13.77,17.84
1379,6/8/2022 1:40,13.77,17.72
1380,6/8/2022 1:50,13.64,17.72
1381,6/8/2022 2:00,13.55,17.72
1382,6/8/2022 2:10,13.6,17.76
1383,6/8/2022 2:20,13.43,17.63
1384,6/8/2022 2:30,13.43,17.67
1385,6/8/2022 2:40,13.43,17.63
1386,6/8/2022 2:50,13.34,17.5
1387,6/8/2022 3:00,12.61,17.46
1388,6/8/2022 3:10,11.79,17.33
1389,6/8/2022 3:20,12.27,17.33
1390,6/8/2022 3:30,13.38,17.24
1391,6/8/2022 3:40,13.34,17.33
1392,6/8/2022 3:50,13.3,17.54
1393,6/8/2022 4:00,12.7,17.67
1394,6/8/2022 4:10,13.21,16.94
1395,6/8/2022 4:20,13.25,17.5
1396,6/8/2022 4:30,13.21,17.8
1397,6/8/2022 4:40,13.17,17.8
1398,6/8/2022 4:50,13.12,17.89
1399,6/8/2022 5:00,13.21,17.46
1400,6/8/2022 5:10,11.58,17.67
1401,6/8/2022 5:20,11.24,17.89
1402,6/8/2022 5:30,11.15,18.02
1403,6/8/2022 5:40,10.89,17.97
1404,6/8/2022 5:50,11.45,18.02
1405,6/8/2022 6:00,11.11,18.1
1406,6/8/2022 6:10,11.32,18.23
1407,6/8/2022 6:20,12.7,18.23
1408,6/8/2022 6:30,13.6,18.27
1409,6/8/2022 6:40,13.73,18.44
1410,6/8/2022 6:50,13.77,18.36
1411,6/8/2022 7:00,13.38,18.23
1412,6/8/2022 7:10,13.51,18.19
1413,6/8/2022 7:20,13.98,18.23
1414,6/8/2022 7:30,14.24,18.27
1415,6/8/2022 7:40,14.37,18.4
1416,6/8/2022 7:50,14.45,18.4
1417,6/8/2022 8:00,14.58,18.4
1418,6/8/2022 8:10,14.45,18.32
1419,6/8/2022 8:20,14.63,18.32
1420,6/8/2022 8:30,14.63,18.49
1421,6/8/2022 8:40,14.75,18.36
1422,6/8/2022 8:50,14.93,18.53
1423,6/8/2022 9:00,14.71,18.32
1424,6/8/2022 9:10,14.8,18.14
1425,6/8/2022 9:20,14.71,18.87
1426,6/8/2022 9:30,14.63,19.05
1427,6/8/2022 9:40,14.75,18.92
1428,6/8/2022 9:50,14.5,19.13
1429,6/8/2022 10:00,14.33,19.3
1430,6/8/2022 10:10,14.67,19.52
1431,6/8/2022 10:20,14.93,19.73
1432,6/8/2022 10:30,14.84,19.86
1433,6/8/2022 10:40,14.93,20.12
1434,6/8/2022 10:50,15.14,20.42
1435,6/8/2022 11:00,15.31,20.55
1436,6/8/2022 11:10,15.23,20.68
1437,6/8/2022 11:20,15.01,20.89
1438,6/8/2022 11:30,14.88,21.36
1439,6/8/2022 11:40,14.88,21.79
1440,6/8/2022 11:50,14.75,22.13
1441,6/8/2022 12:00,14.63,22.22
1442,6/8/2022 12:10,14.63,22.43
1443,6/8/2022 12:20,14.54,22.73
1444,6/8/2022 12:30,14.45,22.22
1445,6/8/2022 12:40,14.5,19.43
1446,6/8/2022 12:50,14.93,19.35
1447,6/8/2022 13:00,15.14,19.47
1448,6/8/2022 13:10,15.18,19.13
1449,6/8/2022 13:20,15.01,19.6
1450,6/8/2022 13:30,15.14,19.56
1451,6/8/2022 13:40,15.18,19.65
1452,6/8/2022 13:50,15.31,19.77
1453,6/8/2022 14:00,15.31,19.86
1454,6/8/2022 14:10,15.31,19.95
1455,6/8/2022 14:20,15.18,20.03
1456,6/8/2022 14:30,15.23,20.03
1457,6/8/2022 14:40,15.36,20.33
1458,6/8/2022 14:50,15.53,23.34
1459,6/8/2022 15:00,15.57,24.19
1460,6/8/2022 15:10,15.27,23.34
1461,6/8/2022 15:20,15.18,22.52
1462,6/8/2022 15:30,15.1,22.13
1463,6/8/2022 15:40,15.01,21.75
1464,6/8/2022 15:50,14.88,21.58
1465,6/8/2022 16:00,15.01,21.45
1466,6/8/2022 16:10,14.75,21.19
1467,6/8/2022 16:20,14.63,20.89
1468,6/8/2022 16:30,14.58,20.85
1469,6/8/2022 16:40,14.63,20.68
1470,6/8/2022 16:50,14.75,20.59
1471,6/8/2022 17:00,15.06,20.63
1472,6/8/2022 17:10,15.27,20.63
1473,6/8/2022 17:20,15.1,20.5
1474,6/8/2022 17:30,15.06,20.33
1475,6/8/2022 17:40,15.14,20.29
1476,6/8/2022 17:50,14.67,20.12
1477,6/8/2022 18:00,14.63,19.99
1478,6/8/2022 18:10,14.58,19.99
1479,6/8/2022 18:20,14.58,19.9
1480,6/8/2022 18:30,14.03,19.86
1481,6/8/2022 18:40,13.9,19.82
1482,6/8/2022 18:50,13.73,19.77
1483,6/8/2022 19:00,13.55,19.77
1484,6/8/2022 19:10,13.73,19.77
1485,6/8/2022 19:20,13.51,19.73
1486,6/8/2022 19:30,13.6,19.73
1487,6/8/2022 19:40,13.6,19.6
1488,6/8/2022 19:50,13.68,19.6
1489,6/8/2022 20:00,13.64,19.65
1490,6/8/2022 20:10,13.55,19.77
1491,6/8/2022 20:20,13.64,19.77
1492,6/8/2022 20:30,13.51,19.86
1493,6/8/2022 20:40,13.51,19.95
1494,6/8/2022 20:50,13.77,19.82
1495,6/8/2022 21:00,13.64,20.07
1496,6/8/2022 21:10,13.6,20.2
1497,6/8/2022 21:20,13.6,20.37
1498,6/8/2022 21:30,13.73,20.42
1499,6/8/2022 21:40,13.73,20.37
1500,6/8/2022 21:50,13.64,20.25
1501,6/8/2022 22:00,13.9,20.25
1502,6/8/2022 22:10,13.6,20.2
1503,6/8/2022 22:20,13.38,20.07
1504,6/8/2022 22:30,13.38,20.12
1505,6/8/2022 22:40,13.25,19.73
1506,6/8/2022 22:50,13.34,19.47
1507,6/8/2022 23:00,13.38,19.39
1508,6/8/2022 23:10,13.47,19.39
1509,6/8/2022 23:20,13.38,19.56
1510,6/8/2022 23:30,13.43,19.47
1511,6/8/2022 23:40,13.34,19.39
1512,6/8/2022 23:50,13.25,19.17
1513,6/9/2022 0:00,13.34,19
1514,6/9/2022 0:10,13.34,18.83
1515,6/9/2022 0:20,13.34,18.79
1516,6/9/2022 0:30,13.25,18.79
1517,6/9/2022 0:40,13.04,18.87
1518,6/9/2022 0:50,12.95,18.74
1519,6/9/2022 1:00,12.78,18.57
1520,6/9/2022 1:10,12.87,18.27
1521,6/9/2022 1:20,13.08,18.06
1522,6/9/2022 1:30,12.74,17.8
1523,6/9/2022 1:40,12.95,17.67
1524,6/9/2022 1:50,12.87,17.63
1525,6/9/2022 2:00,12.91,17.54
1526,6/9/2022 2:10,12.91,17.67
1527,6/9/2022 2:20,12.87,17.5
1528,6/9/2022 2:30,12.74,17.29
1529,6/9/2022 2:40,12.7,17.54
1530,6/9/2022 2:50,12.48,17.33
1531,6/9/2022 3:00,12.35,17.11
1532,6/9/2022 3:10,12.52,17.03
1533,6/9/2022 3:20,12.57,17.16
1534,6/9/2022 3:30,12.57,17.33
1535,6/9/2022 3:40,12.74,17.41
1536,6/9/2022 3:50,12.61,17.59
1537,6/9/2022 4:00,12.74,17.72
1538,6/9/2022 4:10,12.78,17.72
1539,6/9/2022 4:20,12.95,17.72
1540,6/9/2022 4:30,13.04,17.76
1541,6/9/2022 4:40,12.87,17.89
1542,6/9/2022 4:50,12.87,17.84
1543,6/9/2022 5:00,11.88,17.97
1544,6/9/2022 5:10,11.71,17.97
1545,6/9/2022 5:20,11.62,18.02
1546,6/9/2022 5:30,10.98,18.02
1547,6/9/2022 5:40,10.98,17.97
1548,6/9/2022 5:50,10.98,17.89
1549,6/9/2022 6:00,10.55,17.89
1550,6/9/2022 6:10,10.42,17.59
1551,6/9/2022 6:20,10.85,17.41
1552,6/9/2022 6:30,11.41,17.59
1553,6/9/2022 6:40,11.37,17.76
1554,6/9/2022 6:50,11.49,17.72
1555,6/9/2022 7:00,11.71,17.93
1556,6/9/2022 7:10,11.97,17.97
1557,6/9/2022 7:20,12.78,18.14
1558,6/9/2022 7:30,13.85,18.32
1559,6/9/2022 7:40,13.98,18.4
1560,6/9/2022 7:50,14.03,18.1
1561,6/9/2022 8:00,13.94,17.63
1562,6/9/2022 8:10,13.9,17.24
1563,6/9/2022 8:20,13.9,17.93
1564,6/9/2022 8:30,13.98,18.36
1565,6/9/2022 8:40,14.07,17.97
1566,6/9/2022 8:50,14.2,17.84
1567,6/9/2022 9:00,14.45,17.84
1568,6/9/2022 9:10,14.63,17.97
1569,6/9/2022 9:20,14.8,18.32
1570,6/9/2022 9:30,14.93,18.49
1571,6/9/2022 9:40,15.23,18.62
1572,6/9/2022 9:50,15.61,18.74
1573,6/9/2022 10:00,15.96,18.87
1574,6/9/2022 10:10,16.43,19
1575,6/9/2022 10:20,16.9,19.22
1576,6/9/2022 10:30,16.77,19.3
1577,6/9/2022 10:40,16.47,19.39
1578,6/9/2022 10:50,16.56,19.69
1579,6/9/2022 11:00,15.96,20.2
1580,6/9/2022 11:10,15.48,20.46
1581,6/9/2022 11:20,15.57,20.33
1582,6/9/2022 11:30,15.36,20.25
1583,6/9/2022 11:40,15.18,20.37
1584,6/9/2022 11:50,15.44,20.63
1585,6/9/2022 12:00,15.61,20.89
1586,6/9/2022 12:10,15.61,20.98
1587,6/9/2022 12:20,15.91,21.15
1588,6/9/2022 12:30,16.34,21.45
1589,6/9/2022 12:40,16.26,21.66
1590,6/9/2022 12:50,16.34,22.09
1591,6/9/2022 13:00,16.6,22.78
1592,6/9/2022 13:10,16.77,22.99
1593,6/9/2022 13:20,16.99,23.42
1594,6/9/2022 13:30,17.41,23.94
1595,6/9/2022 13:40,17.67,25.01
1596,6/9/2022 13:50,18.06,26.17
1597,6/9/2022 14:00,18.4,26.12
1598,6/9/2022 14:10,18.57,25.91
1599,6/9/2022 14:20,18.53,26.42
1600,6/9/2022 14:30,18.53,26.34
1601,6/9/2022 14:40,18.27,25.05
1602,6/9/2022 14:50,17.97,25.35
1603,6/9/2022 15:00,18.19,26.77
1604,6/9/2022 15:10,18.36,25.35
1605,6/9/2022 15:20,18.27,24.49
1606,6/9/2022 15:30,18.36,23.85
1607,6/9/2022 15:40,18.1,22.78
1608,6/9/2022 15:50,17.8,21.79
1609,6/9/2022 16:00,17.29,21.32
1610,6/9/2022 16:10,16.94,21.36
1611,6/9/2022 16:20,16.94,21.19
1612,6/9/2022 16:30,17.16,21.02
1613,6/9/2022 16:40,17.33,21.06
1614,6/9/2022 16:50,17.24,21.19
1615,6/9/2022 17:00,17.29,20.68
1616,6/9/2022 17:10,17.41,20.76
1617,6/9/2022 17:20,17.41,20.42
1618,6/9/2022 17:30,17.29,20.46
1619,6/9/2022 17:40,17.33,20.55
1620,6/9/2022 17:50,17.63,20.68
1621,6/9/2022 18:00,17.41,20.68
1622,6/9/2022 18:10,17.29,20.8
1623,6/9/2022 18:20,17.33,20.72
1624,6/9/2022 18:30,17.2,20.46
1625,6/9/2022 18:40,16.99,20.29
1626,6/9/2022 18:50,16.3,20.25
1627,6/9/2022 19:00,16.39,20.2
1628,6/9/2022 19:10,16.81,20.07
1629,6/9/2022 19:20,17.2,19.99
1630,6/9/2022 19:30,17.11,19.99
1631,6/9/2022 19:40,17.07,19.9
1632,6/9/2022 19:50,17.24,19.82
1633,6/9/2022 20:00,17.2,19.77
1634,6/9/2022 20:10,17.03,19.73
1635,6/9/2022 20:20,16.56,19.65
1636,6/9/2022 20:30,16.47,19.65
1637,6/9/2022 20:40,16.43,19.56
1638,6/9/2022 20:50,16.43,19.52
1639,6/9/2022 21:00,16.39,19.52
1640,6/9/2022 21:10,16.21,19.52
1641,6/9/2022 21:20,16.17,19.47
1642,6/9/2022 21:30,16.3,19.47
1643,6/9/2022 21:40,16.34,19.39
1644,6/9/2022 21:50,16.3,19.47
1645,6/9/2022 22:00,16.34,19.43
1646,6/9/2022 22:10,16.13,19.56
1647,6/9/2022 22:20,15.91,19.73
1648,6/9/2022 22:30,15.31,19.65
1649,6/9/2022 22:40,14.75,19.65
1650,6/9/2022 22:50,14.5,19.52
1651,6/9/2022 23:00,14.67,19.69
1652,6/9/2022 23:10,14.2,19.69
1653,6/9/2022 23:20,13.51,19.69
1654,6/9/2022 23:30,14.07,19.65
1655,6/9/2022 23:40,14.67,19.47
1656,6/9/2022 23:50,16.39,19.39
1657,6/10/2022 0:00,16.6,19.39
1658,6/10/2022 0:10,16.51,19.39
1659,6/10/2022 0:20,16.3,19.35
1660,6/10/2022 0:30,16.26,19.3
1661,6/10/2022 0:40,16.13,19.26
1662,6/10/2022 0:50,16,19.22
1663,6/10/2022 1:00,15.96,19.17
1664,6/10/2022 1:10,16.04,19.05
1665,6/10/2022 1:20,16.17,19.09
1666,6/10/2022 1:30,15.91,18.79
1667,6/10/2022 1:40,15.7,18.74
1668,6/10/2022 1:50,15.66,18.7
1669,6/10/2022 2:00,15.57,18.62
1670,6/10/2022 2:10,15.44,18.44
1671,6/10/2022 2:20,15.53,18.36
1672,6/10/2022 2:30,15.36,18.27
1673,6/10/2022 2:40,15.27,18.19
1674,6/10/2022 2:50,14.63,18.02
1675,6/10/2022 3:00,13.64,17.89
1676,6/10/2022 3:10,13,17.63
1677,6/10/2022 3:20,12.87,17.07
1678,6/10/2022 3:30,12.65,13.98
1679,6/10/2022 3:40,12.4,12.48
1680,6/10/2022 3:50,12.61,12.44
1681,6/10/2022 4:00,12.27,12.27
1682,6/10/2022 4:10,12.18,11.45
1683,6/10/2022 4:20,12.35,11.49
1684,6/10/2022 4:30,12.05,11.37
1685,6/10/2022 4:40,11.92,11.41
1686,6/10/2022 4:50,11.58,11.15
1687,6/10/2022 5:00,11.24,11.15
1688,6/10/2022 5:10,11.07,11.54
1689,6/10/2022 5:20,10.89,14.5
1690,6/10/2022 5:30,11.49,16
1691,6/10/2022 5:40,11.62,16.26
1692,6/10/2022 5:50,11.67,16.6
1693,6/10/2022 6:00,10.89,16.73
1694,6/10/2022 6:10,10.85,17.03
1695,6/10/2022 6:20,11.49,17.07
1696,6/10/2022 6:30,14.37,17.37
1697,6/10/2022 6:40,14.58,17.37
1698,6/10/2022 6:50,14.2,17.54
1699,6/10/2022 7:00,14.03,17.54
1700,6/10/2022 7:10,13.94,17.8
1701,6/10/2022 7:20,13.81,17.97
1702,6/10/2022 7:30,14.03,18.19
1703,6/10/2022 7:40,13.98,18.27
1704,6/10/2022 7:50,14.07,18.36
1705,6/10/2022 8:00,14.15,18.4
1706,6/10/2022 8:10,14.45,18.44
1707,6/10/2022 8:20,15.06,17.8
1708,6/10/2022 8:30,15.36,17.84
1709,6/10/2022 8:40,15.7,18.14
1710,6/10/2022 8:50,16.13,18.44
1711,6/10/2022 9:00,16.56,18.66
1712,6/10/2022 9:10,16.77,18.83
1713,6/10/2022 9:20,16.9,18.96
1714,6/10/2022 9:30,17.33,19.09
1715,6/10/2022 9:40,17.41,19.26
1716,6/10/2022 9:50,17.41,19.35
1717,6/10/2022 10:00,17.76,19.43
1718,6/10/2022 10:10,18.14,19.6
1719,6/10/2022 10:20,18.32,19.65
1720,6/10/2022 10:30,18.62,19.77
1721,6/10/2022 10:40,18.57,19.95
1722,6/10/2022 10:50,19.05,20.07
1723,6/10/2022 11:00,19.22,20.12
1724,6/10/2022 11:10,19.05,20.29
1725,6/10/2022 11:20,19.22,20.5
1726,6/10/2022 11:30,19.39,20.8
1727,6/10/2022 11:40,19.17,21.96
1728,6/10/2022 11:50,19.22,22.73
1729,6/10/2022 12:00,19.17,22.43
1730,6/10/2022 12:10,19.17,22.48
1731,6/10/2022 12:20,19.3,22.82
1732,6/10/2022 12:30,19.13,23.16
1733,6/10/2022 12:40,19.17,23.03
1734,6/10/2022 12:50,19.17,23.34
1735,6/10/2022 13:00,18.79,23.72
1736,6/10/2022 13:10,18.49,24.02
1737,6/10/2022 13:20,18.49,24.15
1738,6/10/2022 13:30,18.74,24.62
1739,6/10/2022 13:40,18.4,24.45
1740,6/10/2022 13:50,18.23,24.88
1741,6/10/2022 14:00,18.19,25.01
1742,6/10/2022 14:10,18.36,25.14
1743,6/10/2022 14:20,18.32,25.74
1744,6/10/2022 14:30,18.1,25.78
1745,6/10/2022 14:40,18.32,25.74
1746,6/10/2022 14:50,18.44,25.39
1747,6/10/2022 15:00,18.27,25.39
1748,6/10/2022 15:10,18.4,25.27
1749,6/10/2022 15:20,18.79,24.92
1750,6/10/2022 15:30,18.87,24.36
1751,6/10/2022 15:40,18.79,24.06
1752,6/10/2022 15:50,19.09,23.64
1753,6/10/2022 16:00,18.74,23.29
1754,6/10/2022 16:10,18.74,23.12
1755,6/10/2022 16:20,18.44,22.69
1756,6/10/2022 16:30,18.19,22.73
1757,6/10/2022 16:40,18.36,22.65
1758,6/10/2022 16:50,18.44,22.52
1759,6/10/2022 17:00,18.27,22.26
1760,6/10/2022 17:10,18.36,22.13
1761,6/10/2022 17:20,18.44,21.92
1762,6/10/2022 17:30,18.57,21.75
1763,6/10/2022 17:40,18.44,21.66
1764,6/10/2022 17:50,18.7,21.62
1765,6/10/2022 18:00,18.92,21.7
1766,6/10/2022 18:10,18.92,21.62
1767,6/10/2022 18:20,18.74,21.53
1768,6/10/2022 18:30,18.7,21.4
1769,6/10/2022 18:40,18.62,21.36
1770,6/10/2022 18:50,18.79,22.18
1771,6/10/2022 19:00,18.79,22.95
1772,6/10/2022 19:10,19.05,23.08
1773,6/10/2022 19:20,18.87,21.88
1774,6/10/2022 19:30,18.7,21.75
1775,6/10/2022 19:40,18.44,21.7
1776,6/10/2022 19:50,18.27,21.79
1777,6/10/2022 20:00,17.97,21.83
1778,6/10/2022 20:10,17.67,21.66
1779,6/10/2022 20:20,17.59,21.4
1780,6/10/2022 20:30,17.41,21.28
1781,6/10/2022 20:40,17.29,21.23
1782,6/10/2022 20:50,17.11,21.06
1783,6/10/2022 21:00,16.9,20.98
1784,6/10/2022 21:10,16.94,20.93
1785,6/10/2022 21:20,16.94,20.8
1786,6/10/2022 21:30,17.11,20.68
1787,6/10/2022 21:40,16.99,20.68
1788,6/10/2022 21:50,17.03,20.68
1789,6/10/2022 22:00,16.94,20.55
1790,6/10/2022 22:10,16.73,20.55
1791,6/10/2022 22:20,16.81,20.46
1792,6/10/2022 22:30,16.64,20.5
1793,6/10/2022 22:40,16.51,20.72
1794,6/10/2022 22:50,16.34,20.93
1795,6/10/2022 23:00,16.13,21.1
1796,6/10/2022 23:10,16.08,20.98
1797,6/10/2022 23:20,16,20.85
1798,6/10/2022 23:30,16.08,21.02
1799,6/10/2022 23:40,16.04,20.89
1800,6/10/2022 23:50,15.74,20.76
1801,6/11/2022 0:00,15.66,20.72
1802,6/11/2022 0:10,15.78,20.55
1803,6/11/2022 0:20,15.48,20.55
1804,6/11/2022 0:30,15.44,20.42
1805,6/11/2022 0:40,15.57,20.42
1806,6/11/2022 0:50,15.66,20.42
1807,6/11/2022 1:00,15.36,20.37
1808,6/11/2022 1:10,15.1,20.33
1809,6/11/2022 1:20,14.2,20.33
1810,6/11/2022 1:30,13.6,20.29
1811,6/11/2022 1:40,13.08,20.2
1812,6/11/2022 1:50,12.74,20.25
1813,6/11/2022 2:00,12.65,20.2
1814,6/11/2022 2:10,12.4,20.2
1815,6/11/2022 2:20,13.21,20.07
1816,6/11/2022 2:30,14.33,20.07
1817,6/11/2022 2:40,14.75,19.9
1818,6/11/2022 2:50,14.15,19.65
1819,6/11/2022 3:00,13.98,19.52
1820,6/11/2022 3:10,13.47,19.35
1821,6/11/2022 3:20,13.34,18.92
1822,6/11/2022 3:30,13.38,18.53
1823,6/11/2022 3:40,13.38,17.72
1824,6/11/2022 3:50,13.25,15.01
1825,6/11/2022 4:00,13.17,14.45
1826,6/11/2022 4:10,13.21,14.37
1827,6/11/2022 4:20,13.34,14.33
1828,6/11/2022 4:30,13.38,14.41
1829,6/11/2022 4:40,13.51,14.37
1830,6/11/2022 4:50,13.47,14.37
1831,6/11/2022 5:00,13.43,14.15
1832,6/11/2022 5:10,13.34,14.07
1833,6/11/2022 5:20,13.25,13.85
1834,6/11/2022 5:30,13.25,13.64
1835,6/11/2022 5:40,13.25,13.55
1836,6/11/2022 5:50,13.3,13.68
1837,6/11/2022 6:00,13.34,13.68
1838,6/11/2022 6:10,13.21,13.73
1839,6/11/2022 6:20,12.95,13.77
1840,6/11/2022 6:30,12.78,13.55
1841,6/11/2022 6:40,12.82,13.9
1842,6/11/2022 6:50,13.08,14.54
1843,6/11/2022 7:00,13.3,16.69
1844,6/11/2022 7:10,13.6,17.46
1845,6/11/2022 7:20,14.2,18.19
1846,6/11/2022 7:30,14.15,18.7
1847,6/11/2022 7:40,14.2,19.09
1848,6/11/2022 7:50,14.58,19.3
1849,6/11/2022 8:00,14.67,19.43
1850,6/11/2022 8:10,14.58,19.56
1851,6/11/2022 8:20,14.2,19.56
1852,6/11/2022 8:30,13.94,19.56
1853,6/11/2022 8:40,13.81,19.65
1854,6/11/2022 8:50,13.9,19.9
1855,6/11/2022 9:00,14.5,19.99
1856,6/11/2022 9:10,14.5,20.12
1857,6/11/2022 9:20,14.63,20.25
1858,6/11/2022 9:30,14.75,20.33
1859,6/11/2022 9:40,14.88,20.33
1860,6/11/2022 9:50,15.18,20.33
1861,6/11/2022 10:00,15.53,20.46
1862,6/11/2022 10:10,15.74,20.5
1863,6/11/2022 10:20,16.17,20.59
1864,6/11/2022 10:30,16.47,20.63
1865,6/11/2022 10:40,16.81,20.72
1866,6/11/2022 10:50,17.07,20.85
1867,6/11/2022 11:00,17.24,20.98
1868,6/11/2022 11:10,17.89,21.1
1869,6/11/2022 11:20,17.93,21.28
1870,6/11/2022 11:30,18.1,21.45
1871,6/11/2022 11:40,18.02,21.66
1872,6/11/2022 11:50,17.76,21.88
1873,6/11/2022 12:00,17.76,22.09
1874,6/11/2022 12:10,18.06,22.35
1875,6/11/2022 12:20,18.06,22.65
1876,6/11/2022 12:30,18.36,23.03
1877,6/11/2022 12:40,18.4,23.59
1878,6/11/2022 12:50,18.4,24.19
1879,6/11/2022 13:00,18.36,24.36
1880,6/11/2022 13:10,18.02,24.11
1881,6/11/2022 13:20,17.84,24.06
1882,6/11/2022 13:30,17.93,23.98
1883,6/11/2022 13:40,18.1,24.06
1884,6/11/2022 13:50,18.1,24.28
1885,6/11/2022 14:00,18.23,24.54
1886,6/11/2022 14:10,18.02,24.54
1887,6/11/2022 14:20,17.76,24.58
1888,6/11/2022 14:30,17.84,24.49
1889,6/11/2022 14:40,17.2,24.19
1890,6/11/2022 14:50,16.99,24.15
1891,6/11/2022 15:00,17.07,24.66
1892,6/11/2022 15:10,17.16,24.97
1893,6/11/2022 15:20,17.07,24.75
1894,6/11/2022 15:30,16.94,24.41
1895,6/11/2022 15:40,17.07,24.36
1896,6/11/2022 15:50,16.9,24.66
1897,6/11/2022 16:00,16.94,25.05
1898,6/11/2022 16:10,17.11,25.39
1899,6/11/2022 16:20,17.11,25.18
1900,6/11/2022 16:30,17.2,25.01
1901,6/11/2022 16:40,17.24,24.66
1902,6/11/2022 16:50,17.11,24.11
1903,6/11/2022 17:00,17.16,24.06
1904,6/11/2022 17:10,17.03,23.98
1905,6/11/2022 17:20,16.73,23.81
1906,6/11/2022 17:30,16.69,23.64
1907,6/11/2022 17:40,16.34,23.38
1908,6/11/2022 17:50,16.13,22.82
1909,6/11/2022 18:00,15.96,22.69
1910,6/11/2022 18:10,16,22.43
1911,6/11/2022 18:20,15.74,22.05
1912,6/11/2022 18:30,15.74,21.96
1913,6/11/2022 18:40,15.78,21.83
1914,6/11/2022 18:50,15.66,21.7
1915,6/11/2022 19:00,15.7,21.75
1916,6/11/2022 19:10,15.83,21.79
1917,6/11/2022 19:20,15.78,21.79
1918,6/11/2022 19:30,15.61,21.83
1919,6/11/2022 19:40,15.61,21.75
1920,6/11/2022 19:50,15.57,21.88
1921,6/11/2022 20:00,15.57,21.83
1922,6/11/2022 20:10,15.57,21.79
1923,6/11/2022 20:20,15.78,21.83
1924,6/11/2022 20:30,16.04,21.66
1925,6/11/2022 20:40,16.13,21.53
1926,6/11/2022 20:50,16.13,21.45
1927,6/11/2022 21:00,16.04,21.36
1928,6/11/2022 21:10,16.17,21.23
1929,6/11/2022 21:20,16.56,21.19
1930,6/11/2022 21:30,16.6,21.19
1931,6/11/2022 21:40,17.29,21.19
1932,6/11/2022 21:50,18.14,21.1
1933,6/11/2022 22:00,19.47,21.1
1934,6/11/2022 22:10,20.16,21.02
1935,6/11/2022 22:20,20.42,21.02
1936,6/11/2022 22:30,20.07,20.93
1937,6/11/2022 22:40,18.02,20.93
1938,6/11/2022 22:50,16.73,20.76
1939,6/11/2022 23:00,16.17,20.85
1940,6/11/2022 23:10,16.04,20.8
1941,6/11/2022 23:20,15.61,20.98
1942,6/11/2022 23:30,15.44,21.28
1943,6/11/2022 23:40,15.44,20.89
1944,6/11/2022 23:50,15.53,20.89
1945,6/12/2022 0:00,15.18,20.85
1946,6/12/2022 0:10,15.1,20.76
1947,6/12/2022 0:20,15.1,20.8
1948,6/12/2022 0:30,15.14,20.85
1949,6/12/2022 0:40,15.1,20.93
1950,6/12/2022 0:50,15.14,20.93
1951,6/12/2022 1:00,15.18,20.85
1952,6/12/2022 1:10,15.18,20.89
1953,6/12/2022 1:20,15.23,20.93
1954,6/12/2022 1:30,15.53,20.89
1955,6/12/2022 1:40,15.53,20.89
1956,6/12/2022 1:50,15.66,20.89
1957,6/12/2022 2:00,15.61,20.8
1958,6/12/2022 2:10,15.4,20.76
1959,6/12/2022 2:20,15.27,20.72
1960,6/12/2022 2:30,15.1,20.72
1961,6/12/2022 2:40,15.23,20.68
1962,6/12/2022 2:50,14.88,20.63
1963,6/12/2022 3:00,14.75,20.55
1964,6/12/2022 3:10,14.75,20.5
1965,6/12/2022 3:20,14.71,20.42
1966,6/12/2022 3:30,14.88,20.37
1967,6/12/2022 3:40,14.71,20.2
1968,6/12/2022 3:50,14.75,20.07
1969,6/12/2022 4:00,14.84,19.95
1970,6/12/2022 4:10,14.8,19.73
1971,6/12/2022 4:20,14.8,17.59
1972,6/12/2022 4:30,14.8,16.08
1973,6/12/2022 4:40,14.84,15.83
1974,6/12/2022 4:50,14.84,15.57
1975,6/12/2022 5:00,14.8,15.4
1976,6/12/2022 5:10,14.58,15.4
1977,6/12/2022 5:20,14.63,15.06
1978,6/12/2022 5:30,14.5,15.1
1979,6/12/2022 5:40,14.54,15.1
1980,6/12/2022 5:50,14.54,15.14
1981,6/12/2022 6:00,14.45,14.84
1982,6/12/2022 6:10,14.58,15.18
1983,6/12/2022 6:20,14.8,15.31
1984,6/12/2022 6:30,14.75,15.57
1985,6/12/2022 6:40,14.71,15.4
1986,6/12/2022 6:50,14.75,15.31
1987,6/12/2022 7:00,14.75,15.53
1988,6/12/2022 7:10,14.88,15.48
1989,6/12/2022 7:20,14.8,15.7
1990,6/12/2022 7:30,14.8,15.91
1991,6/12/2022 7:40,14.88,15.91
1992,6/12/2022 7:50,14.88,16.08
1993,6/12/2022 8:00,15.06,16.73
1994,6/12/2022 8:10,15.36,18.02
1995,6/12/2022 8:20,15.44,18.7
1996,6/12/2022 8:30,15.7,19.39
1997,6/12/2022 8:40,15.87,19.82
1998,6/12/2022 8:50,15.87,19.86
1999,6/12/2022 9:00,15.96,20.07
2000,6/12/2022 9:10,16.08,20.12
2001,6/12/2022 9:20,16.26,20.25
2002,6/12/2022 9:30,16.51,20.33
2003,6/12/2022 9:40,16.64,20.29
2004,6/12/2022 9:50,16.86,20.33
2005,6/12/2022 10:00,16.81,20.42
2006,6/12/2022 10:10,16.94,20.55
2007,6/12/2022 10:20,17.11,20.63
2008,6/12/2022 10:30,17.2,20.72
2009,6/12/2022 10:40,17.24,20.8
2010,6/12/2022 10:50,17.16,20.89
2011,6/12/2022 11:00,16.99,20.89
2012,6/12/2022 11:10,17.03,20.93
2013,6/12/2022 11:20,16.99,21.02
2014,6/12/2022 11:30,17.03,21.02
2015,6/12/2022 11:40,16.94,20.98
2016,6/12/2022 11:50,16.99,20.98
2017,6/12/2022 12:00,16.86,20.98
2018,6/12/2022 12:10,17.11,21.02
2019,6/12/2022 12:20,16.99,21.06
2020,6/12/2022 12:30,16.99,21.1
2021,6/12/2022 12:40,16.99,21.19
2022,6/12/2022 12:50,17.07,21.28
2023,6/12/2022 13:00,16.86,21.36
2024,6/12/2022 13:10,16.73,21.53
2025,6/12/2022 13:20,16.64,21.53
2026,6/12/2022 13:30,16.81,21.62
2027,6/12/2022 13:40,16.81,21.75
2028,6/12/2022 13:50,16.86,21.79
2029,6/12/2022 14:00,16.94,21.66
2030,6/12/2022 14:10,16.69,21.75
2031,6/12/2022 14:20,16.56,21.92
2032,6/12/2022 14:30,16.39,22.26
2033,6/12/2022 14:40,16.43,22.22
2034,6/12/2022 14:50,16.34,22.91
2035,6/12/2022 15:00,16.51,23.03
2036,6/12/2022 15:10,16.3,23.21
2037,6/12/2022 15:20,16.26,22.61
2038,6/12/2022 15:30,16.13,22.43
2039,6/12/2022 15:40,16.17,22.35
2040,6/12/2022 15:50,16.04,22.43
2041,6/12/2022 16:00,16,22.31
2042,6/12/2022 16:10,15.96,22.39
2043,6/12/2022 16:20,15.74,22.35
2044,6/12/2022 16:30,15.78,22.35
2045,6/12/2022 16:40,15.96,22.39
2046,6/12/2022 16:50,16.13,22.26
2047,6/12/2022 17:00,16.04,22.18
2048,6/12/2022 17:10,16.17,22.05
2049,6/12/2022 17:20,16.47,21.88
2050,6/12/2022 17:30,16.3,21.79
2051,6/12/2022 17:40,16.13,21.7
2052,6/12/2022 17:50,16.26,21.62
2053,6/12/2022 18:00,16.17,21.58
2054,6/12/2022 18:10,16.13,21.45
2055,6/12/2022 18:20,16.34,21.4
2056,6/12/2022 18:30,16,21.4
2057,6/12/2022 18:40,15.96,21.49
2058,6/12/2022 18:50,15.91,21.49
2059,6/12/2022 19:00,15.83,21.28
2060,6/12/2022 19:10,15.87,21.1
2061,6/12/2022 19:20,15.83,20.93
2062,6/12/2022 19:30,15.83,20.85
2063,6/12/2022 19:40,15.7,20.8
2064,6/12/2022 19:50,15.61,20.85
2065,6/12/2022 20:00,15.57,20.76
2066,6/12/2022 20:10,15.66,20.76
2067,6/12/2022 20:20,15.31,20.63
2068,6/12/2022 20:30,15.01,20.5
2069,6/12/2022 20:40,15.14,20.42
2070,6/12/2022 20:50,15.23,20.37
2071,6/12/2022 21:00,15.96,20.37
2072,6/12/2022 21:10,17.2,20.29
2073,6/12/2022 21:20,18.57,20.2
2074,6/12/2022 21:30,19.73,20.12
2075,6/12/2022 21:40,20.03,20.07
2076,6/12/2022 21:50,20.12,20.07
2077,6/12/2022 22:00,20.12,20.03
2078,6/12/2022 22:10,20.12,20.03
2079,6/12/2022 22:20,20.07,19.99
2080,6/12/2022 22:30,20.07,19.99
2081,6/12/2022 22:40,20.03,19.95
2082,6/12/2022 22:50,20.03,19.86
2083,6/12/2022 23:00,19.95,19.86
2084,6/12/2022 23:10,19.9,19.82
2085,6/12/2022 23:20,19.9,19.77
2086,6/12/2022 23:30,19.86,19.73
2087,6/12/2022 23:40,19.69,19.6
2088,6/12/2022 23:50,18.87,19.56
2089,6/13/2022 0:00,17.33,19.47
2090,6/13/2022 0:10,14.97,19.35
2091,6/13/2022 0:20,13.55,19.35
2092,6/13/2022 0:30,13.81,19.35
2093,6/13/2022 0:40,13.73,19.35
2094,6/13/2022 0:50,13.51,19.3
2095,6/13/2022 1:00,13.34,19.26
2096,6/13/2022 1:10,13.25,19.22
2097,6/13/2022 1:20,13.08,19.22
2098,6/13/2022 1:30,13.12,19.17
2099,6/13/2022 1:40,12.82,18.83
2100,6/13/2022 1:50,13.17,18.62
2101,6/13/2022 2:00,13.04,18.36
2102,6/13/2022 2:10,13.08,18.27
2103,6/13/2022 2:20,13,18.4
2104,6/13/2022 2:30,13.04,18.53
2105,6/13/2022 2:40,12.91,18.57
2106,6/13/2022 2:50,12.78,18.36
2107,6/13/2022 3:00,12.65,18.36
2108,6/13/2022 3:10,12.87,18.27
2109,6/13/2022 3:20,12.82,18.14
2110,6/13/2022 3:30,12.82,18.1
2111,6/13/2022 3:40,12.87,17.93
2112,6/13/2022 3:50,12.87,17.84
2113,6/13/2022 4:00,12.91,17.76
2114,6/13/2022 4:10,12.74,17.67
2115,6/13/2022 4:20,12.78,17.72
2116,6/13/2022 4:30,12.78,17.76
2117,6/13/2022 4:40,12.7,17.37
2118,6/13/2022 4:50,12.74,16.86
2119,6/13/2022 5:00,12.7,16.26
2120,6/13/2022 5:10,12.48,14.93
2121,6/13/2022 5:20,12.27,12.35
2122,6/13/2022 5:30,12.35,11.92
2123,6/13/2022 5:40,12.05,11.67
2124,6/13/2022 5:50,12.22,11.62
2125,6/13/2022 6:00,12.18,11.62
2126,6/13/2022 6:10,12.52,11.75
2127,6/13/2022 6:20,12.74,12.01
2128,6/13/2022 6:30,12.91,12.01
2129,6/13/2022 6:40,12.87,12.22
2130,6/13/2022 6:50,12.95,14.45
2131,6/13/2022 7:00,12.7,15.78
2132,6/13/2022 7:10,12.44,16.51
2133,6/13/2022 7:20,12.57,16.77
2134,6/13/2022 7:30,12.87,17.03
2135,6/13/2022 7:40,12.87,17.2
2136,6/13/2022 7:50,12.91,17.41
2137,6/13/2022 8:00,12.95,17.46
2138,6/13/2022 8:10,13.12,17.72
2139,6/13/2022 8:20,13.17,18.02
2140,6/13/2022 8:30,13.3,18.06
2141,6/13/2022 8:40,13.6,18.02
2142,6/13/2022 8:50,13.6,18.23
2143,6/13/2022 9:00,13.73,18.49
2144,6/13/2022 9:10,13.9,18.66
2145,6/13/2022 9:20,14.07,18.36
2146,6/13/2022 9:30,14.07,19.09
2147,6/13/2022 9:40,14.2,19.05
2148,6/13/2022 9:50,14.15,19
2149,6/13/2022 10:00,14.28,19.05
2150,6/13/2022 10:10,14.24,18.96
2151,6/13/2022 10:20,14.41,19
2152,6/13/2022 10:30,14.5,19.05
2153,6/13/2022 10:40,14.54,19.13
2154,6/13/2022 10:50,14.67,19.17
2155,6/13/2022 11:00,14.71,19.17
2156,6/13/2022 11:10,14.75,19.22
2157,6/13/2022 11:20,14.84,19.26
2158,6/13/2022 11:30,14.88,19.3
2159,6/13/2022 11:40,14.88,19.39
2160,6/13/2022 11:50,14.84,19.35
2161,6/13/2022 12:00,14.97,19.43
2162,6/13/2022 12:10,14.8,19.47
2163,6/13/2022 12:20,14.84,19.52
2164,6/13/2022 12:30,14.8,19.65
2165,6/13/2022 12:40,14.93,19.65
2166,6/13/2022 12:50,14.97,19.69
2167,6/13/2022 13:00,14.97,19.73
2168,6/13/2022 13:10,15.1,19.73
2169,6/13/2022 13:20,15.1,19.77
2170,6/13/2022 13:30,15.1,19.82
2171,6/13/2022 13:40,15.23,19.9
2172,6/13/2022 13:50,15.48,19.9
2173,6/13/2022 14:00,15.61,19.95
2174,6/13/2022 14:10,15.44,19.95
2175,6/13/2022 14:20,15.44,19.9
2176,6/13/2022 14:30,15.44,19.9
2177,6/13/2022 14:40,15.36,19.99
2178,6/13/2022 14:50,15.53,19.99
2179,6/13/2022 15:00,15.48,19.99
2180,6/13/2022 15:10,15.48,20.03
2181,6/13/2022 15:20,15.57,20.07
2182,6/13/2022 15:30,15.61,20.12
2183,6/13/2022 15:40,15.61,20.16
2184,6/13/2022 15:50,15.7,20.25
2185,6/13/2022 16:00,15.7,20.33
2186,6/13/2022 16:10,15.7,20.46
2187,6/13/2022 16:20,15.74,20.42
2188,6/13/2022 16:30,15.7,20.29
2189,6/13/2022 16:40,15.7,20.2
2190,6/13/2022 16:50,15.48,20.12
2191,6/13/2022 17:00,15.61,20.16
2192,6/13/2022 17:10,15.31,20.2
2193,6/13/2022 17:20,15.44,20.46
2194,6/13/2022 17:30,15.48,20.2
2195,6/13/2022 17:40,15.4,20.12
2196,6/13/2022 17:50,15.31,20.12
2197,6/13/2022 18:00,15.27,20.12
2198,6/13/2022 18:10,15.27,20.16
2199,6/13/2022 18:20,15.18,20.03
2200,6/13/2022 18:30,15.01,20.03
2201,6/13/2022 18:40,14.93,19.95
2202,6/13/2022 18:50,15.01,19.86
2203,6/13/2022 19:00,15.14,19.82
2204,6/13/2022 19:10,15.14,19.82
2205,6/13/2022 19:20,15.01,19.73
2206,6/13/2022 19:30,14.88,19.65
2207,6/13/2022 19:40,14.58,19.6
2208,6/13/2022 19:50,14.75,19.52
2209,6/13/2022 20:00,14.75,19.52
2210,6/13/2022 20:10,14.5,19.43
2211,6/13/2022 20:20,14.2,19.3
2212,6/13/2022 20:30,14.2,19.3
2213,6/13/2022 20:40,14.28,19.3
2214,6/13/2022 20:50,14.15,19.26
2215,6/13/2022 21:00,14.11,19.22
2216,6/13/2022 21:10,14.03,19.13
2217,6/13/2022 21:20,13.85,19.13
2218,6/13/2022 21:30,14.11,19.17
2219,6/13/2022 21:40,14.2,19.09
2220,6/13/2022 21:50,13.73,19.09
2221,6/13/2022 22:00,13.68,19.05
2222,6/13/2022 22:10,16.43,19.05
2223,6/13/2022 22:20,18.32,19.05
2224,6/13/2022 22:30,19,19
2225,6/13/2022 22:40,19.09,18.96
2226,6/13/2022 22:50,19.13,19
2227,6/13/2022 23:00,19.09,18.92
2228,6/13/2022 23:10,19.13,18.92
2229,6/13/2022 23:20,19.09,18.87
2230,6/13/2022 23:30,19.13,18.83
2231,6/13/2022 23:40,19.13,18.79
2232,6/13/2022 23:50,19.05,18.83
2233,6/14/2022 0:00,19.09,18.83
2234,6/14/2022 0:10,19,18.83
2235,6/14/2022 0:20,18.57,18.74
2236,6/14/2022 0:30,16.39,18.79
2237,6/14/2022 0:40,14.03,18.7
2238,6/14/2022 0:50,12.95,18.62
2239,6/14/2022 1:00,13,18.62
2240,6/14/2022 1:10,12.82,18.57
2241,6/14/2022 1:20,12.65,18.62
2242,6/14/2022 1:30,12.48,18.57
2243,6/14/2022 1:40,12.48,18.49
2244,6/14/2022 1:50,12.57,18.53
2245,6/14/2022 2:00,12.31,18.57
2246,6/14/2022 2:10,12.31,18.44
2247,6/14/2022 2:20,10.46,18.36
2248,6/14/2022 2:30,9.56,18.36
2249,6/14/2022 2:40,9.22,18.36
2250,6/14/2022 2:50,8.96,18.32
2251,6/14/2022 3:00,8.92,18.27
2252,6/14/2022 3:10,8.79,18.19
2253,6/14/2022 3:20,9.01,18.19
2254,6/14/2022 3:30,9.01,18.1
2255,6/14/2022 3:40,9.05,18.02
2256,6/14/2022 3:50,8.88,17.97
2257,6/14/2022 4:00,8.49,17.97
2258,6/14/2022 4:10,8.36,17.84
2259,6/14/2022 4:20,7.85,17.8
2260,6/14/2022 4:30,7.68,17.72
2261,6/14/2022 4:40,7.59,17.59
2262,6/14/2022 4:50,7.81,17.54
2263,6/14/2022 5:00,7.81,17.2
2264,6/14/2022 5:10,7.46,17.03
2265,6/14/2022 5:20,7.38,16.69
2266,6/14/2022 5:30,7.29,15.57
2267,6/14/2022 5:40,7.42,9.61
2268,6/14/2022 5:50,7.29,8.02
2269,6/14/2022 6:00,7.76,7.5
2270,6/14/2022 6:10,7.98,7.63
2271,6/14/2022 6:20,7.93,8.02
2272,6/14/2022 6:30,8.06,8.15
2273,6/14/2022 6:40,8.23,8.41
2274,6/14/2022 6:50,8.62,9.39
2275,6/14/2022 7:00,9.09,11.28
2276,6/14/2022 7:10,9.56,12.1
2277,6/14/2022 7:20,9.82,12.82
2278,6/14/2022 7:30,10.25,13.81
2279,6/14/2022 7:40,10.68,14.5
2280,6/14/2022 7:50,11.19,15.31
2281,6/14/2022 8:00,11.67,16.04
2282,6/14/2022 8:10,11.79,16.64
2283,6/14/2022 8:20,12.18,17.41
2284,6/14/2022 8:30,12.48,18.74
2285,6/14/2022 8:40,13,19.09
2286,6/14/2022 8:50,13.55,19.47
2287,6/14/2022 9:00,13.85,19.52
2288,6/14/2022 9:10,13.77,19.56
2289,6/14/2022 9:20,13.77,19.69
2290,6/14/2022 9:30,14.24,20.55
2291,6/14/2022 9:40,14.41,21.15
2292,6/14/2022 9:50,14.84,21.53
2293,6/14/2022 10:00,14.41,20.76
2294,6/14/2022 10:10,14.41,21.06
2295,6/14/2022 10:20,14.58,21.7
2296,6/14/2022 10:30,14.71,22.09
2297,6/14/2022 10:40,14.88,24.54
2298,6/14/2022 10:50,15.23,23.94
2299,6/14/2022 11:00,15.31,21.53
2300,6/14/2022 11:10,15.44,20.76
2301,6/14/2022 11:20,15.48,20.46
2302,6/14/2022 11:30,15.31,20.46
2303,6/14/2022 11:40,15.4,20.55
2304,6/14/2022 11:50,15.4,20.8
2305,6/14/2022 12:00,15.31,20.59
2306,6/14/2022 12:10,15.23,20.63
2307,6/14/2022 12:20,15.27,20.55
2308,6/14/2022 12:30,15.4,20.5
2309,6/14/2022 12:40,15.44,20.55
2310,6/14/2022 12:50,15.53,20.5
2311,6/14/2022 13:00,15.4,20.5
2312,6/14/2022 13:10,15.53,20.59
2313,6/14/2022 13:20,15.48,20.72
2314,6/14/2022 13:30,15.53,21.02
2315,6/14/2022 13:40,15.53,21.23
2316,6/14/2022 13:50,15.4,21.49
2317,6/14/2022 14:00,15.57,21.32
2318,6/14/2022 14:10,15.48,21.58
2319,6/14/2022 14:20,15.1,21.75
2320,6/14/2022 14:30,15.1,21.75
2321,6/14/2022 14:40,15.27,21.75
2322,6/14/2022 14:50,15.44,21.75
2323,6/14/2022 15:00,15.48,21.7
2324,6/14/2022 15:10,15.53,22.01
2325,6/14/2022 15:20,15.57,22.61
2326,6/14/2022 15:30,15.87,23.29
2327,6/14/2022 15:40,15.87,23.29
2328,6/14/2022 15:50,15.83,22.95
2329,6/14/2022 16:00,15.44,22.82
2330,6/14/2022 16:10,15.48,22.69
2331,6/14/2022 16:20,15.48,22.31
2332,6/14/2022 16:30,15.61,22.26
2333,6/14/2022 16:40,15.36,22.22
2334,6/14/2022 16:50,15.31,22.09
2335,6/14/2022 17:00,15.4,22.01
2336,6/14/2022 17:10,15.31,22.01
2337,6/14/2022 17:20,15.44,22.22
2338,6/14/2022 17:30,15.44,22.22
2339,6/14/2022 17:40,15.66,22.31
2340,6/14/2022 17:50,15.57,22.48
2341,6/14/2022 18:00,15.48,22.22
2342,6/14/2022 18:10,15.36,21.92
2343,6/14/2022 18:20,15.4,22.05
2344,6/14/2022 18:30,15.27,21.79
2345,6/14/2022 18:40,14.88,21.45
2346,6/14/2022 18:50,14.71,21.1
2347,6/14/2022 19:00,14.8,20.59
2348,6/14/2022 19:10,14.58,20.33
2349,6/14/2022 19:20,14.54,20.2
2350,6/14/2022 19:30,14.63,20.12
2351,6/14/2022 19:40,14.33,20.03
2352,6/14/2022 19:50,14.11,19.95
2353,6/14/2022 20:00,13.94,19.86
2354,6/14/2022 20:10,13.73,19.82
2355,6/14/2022 20:20,13.6,19.77
2356,6/14/2022 20:30,13.47,19.73
2357,6/14/2022 20:40,13.3,19.69
2358,6/14/2022 20:50,13.3,19.69
2359,6/14/2022 21:00,13.38,19.69
2360,6/14/2022 21:10,13.47,19.69
2361,6/14/2022 21:20,13.38,19.77
2362,6/14/2022 21:30,13.3,19.73
2363,6/14/2022 21:40,13.25,19.82
2364,6/14/2022 21:50,13.3,19.77
2365,6/14/2022 22:00,13.21,19.77
2366,6/14/2022 22:10,13.25,19.82
2367,6/14/2022 22:20,13.12,19.9
2368,6/14/2022 22:30,13.21,19.82
2369,6/14/2022 22:40,13.43,19.73
2370,6/14/2022 22:50,14.03,19.69
2371,6/14/2022 23:00,18.53,19.69
2372,6/14/2022 23:10,19.47,19.65
2373,6/14/2022 23:20,19.52,19.56
2374,6/14/2022 23:30,19.56,19.43
2375,6/14/2022 23:40,19.56,19.43
2376,6/14/2022 23:50,19.56,19.39
2377,6/15/2022 0:00,19.56,19.39
2378,6/15/2022 0:10,19.56,19.39
2379,6/15/2022 0:20,19.47,19.43
2380,6/15/2022 0:30,19.39,19.39
2381,6/15/2022 0:40,19.43,19.39
2382,6/15/2022 0:50,19.39,19.39
2383,6/15/2022 1:00,19.39,19.39
2384,6/15/2022 1:10,19.35,19.39
2385,6/15/2022 1:20,15.18,19.35
2386,6/15/2022 1:30,11.71,19.39
2387,6/15/2022 1:40,10.29,19.22
2388,6/15/2022 1:50,10.04,19.17
2389,6/15/2022 2:00,9.69,19.13
2390,6/15/2022 2:10,9.39,19.09
2391,6/15/2022 2:20,9.44,19.05
2392,6/15/2022 2:30,9.14,18.96
2393,6/15/2022 2:40,8.71,18.74
2394,6/15/2022 2:50,8.58,18.79
2395,6/15/2022 3:00,8.53,18.83
2396,6/15/2022 3:10,8.45,18.7
2397,6/15/2022 3:20,8.23,18.7
2398,6/15/2022 3:30,8.23,18.62
2399,6/15/2022 3:40,8.28,18.57
2400,6/15/2022 3:50,8.28,18.66
2401,6/15/2022 4:00,8.75,18.7
2402,6/15/2022 4:10,8.41,18.62
2403,6/15/2022 4:20,8.58,18.62
2404,6/15/2022 4:30,8.71,18.53
2405,6/15/2022 4:40,8.53,18.49
2406,6/15/2022 4:50,8.32,18.36
2407,6/15/2022 5:00,10.16,18.32
2408,6/15/2022 5:10,10.46,18.23
2409,6/15/2022 5:20,10.51,18.14
2410,6/15/2022 5:30,10.46,17.97
2411,6/15/2022 5:40,10.46,17.84
2412,6/15/2022 5:50,8.58,17.59
2413,6/15/2022 6:00,8.11,17.33
2414,6/15/2022 6:10,7.93,16.81
2415,6/15/2022 6:20,8.36,14.37
2416,6/15/2022 6:30,8.79,10.42
2417,6/15/2022 6:40,8.66,9.48
2418,6/15/2022 6:50,8.96,10.42
2419,6/15/2022 7:00,9.52,11.88
2420,6/15/2022 7:10,10.12,13.25
2421,6/15/2022 7:20,10.38,13.85
2422,6/15/2022 7:30,10.89,14.33
2423,6/15/2022 7:40,11.02,14.54
2424,6/15/2022 7:50,11.49,15.23
2425,6/15/2022 8:00,11.71,15.91
2426,6/15/2022 8:10,11.97,16.69
2427,6/15/2022 8:20,12.27,17.33
2428,6/15/2022 8:30,12.61,19
2429,6/15/2022 8:40,12.95,19
2430,6/15/2022 8:50,13.12,19.65
2431,6/15/2022 9:00,13.55,19.99
2432,6/15/2022 9:10,13.64,20.63
2433,6/15/2022 9:20,13.98,21.49
2434,6/15/2022 9:30,14.67,21.62
2435,6/15/2022 9:40,14.11,20.29
2436,6/15/2022 9:50,13.9,20.07
2437,6/15/2022 10:00,13.68,19.9
2438,6/15/2022 10:10,13.55,19.73
2439,6/15/2022 10:20,13.94,20.42
2440,6/15/2022 10:30,13.81,19.95
2441,6/15/2022 10:40,14.28,20.5
2442,6/15/2022 10:50,13.77,20.46
2443,6/15/2022 11:00,13.9,20.33
2444,6/15/2022 11:10,13.68,20.29
2445,6/15/2022 11:20,13.6,19.95
2446,6/15/2022 11:30,13.6,23.42
2447,6/15/2022 11:40,13.77,22.13
2448,6/15/2022 11:50,13.6,21.4
2449,6/15/2022 12:00,13.81,21.19
2450,6/15/2022 12:10,13.73,20.98
2451,6/15/2022 12:20,13.64,20.72
2452,6/15/2022 12:30,13.77,20.55
2453,6/15/2022 12:40,13.77,20.55
2454,6/15/2022 12:50,14.07,20.42
2455,6/15/2022 13:00,14.07,20.42
2456,6/15/2022 13:10,14.03,20.37
2457,6/15/2022 13:20,14.07,20.33
2458,6/15/2022 13:30,14.2,20.37
2459,6/15/2022 13:40,14.2,20.33
2460,6/15/2022 13:50,14.45,20.42
2461,6/15/2022 14:00,14.45,20.59
2462,6/15/2022 14:10,14.58,20.63
2463,6/15/2022 14:20,14.63,20.59
2464,6/15/2022 14:30,14.5,20.55
2465,6/15/2022 14:40,14.41,20.63
2466,6/15/2022 14:50,14.45,20.72
2467,6/15/2022 15:00,14.45,21.02
2468,6/15/2022 15:10,14.5,21.06
2469,6/15/2022 15:20,14.54,21.02
2470,6/15/2022 15:30,14.33,21.1
2471,6/15/2022 15:40,14.24,21.15
2472,6/15/2022 15:50,14.24,21.28
2473,6/15/2022 16:00,14.37,20.89
2474,6/15/2022 16:10,14.11,21.4
2475,6/15/2022 16:20,14.07,21.49
2476,6/15/2022 16:30,13.98,21.53
2477,6/15/2022 16:40,13.81,21.19
2478,6/15/2022 16:50,14.24,20.55
2479,6/15/2022 17:00,14.28,20.25
2480,6/15/2022 17:10,14.37,20.37
2481,6/15/2022 17:20,14.15,21.06
2482,6/15/2022 17:30,13.98,22.09
2483,6/15/2022 17:40,13.98,22.26
2484,6/15/2022 17:50,13.81,22.05
2485,6/15/2022 18:00,13.94,21.32
2486,6/15/2022 18:10,14.15,21.19
2487,6/15/2022 18:20,13.85,20.76
2488,6/15/2022 18:30,14.11,20.98
2489,6/15/2022 18:40,13.98,21.1
2490,6/15/2022 18:50,13.98,21.1
2491,6/15/2022 19:00,14.03,21.06
2492,6/15/2022 19:10,14.15,20.93
2493,6/15/2022 19:20,14.11,20.93
2494,6/15/2022 19:30,13.85,20.59
2495,6/15/2022 19:40,13.77,20.25
2496,6/15/2022 19:50,13.73,20.07
2497,6/15/2022 20:00,13.94,20.12
2498,6/15/2022 20:10,13.94,19.99
2499,6/15/2022 20:20,13.77,19.99
2500,6/15/2022 20:30,13.38,20.03
2501,6/15/2022 20:40,13.3,20.07
2502,6/15/2022 20:50,13.34,20.16
2503,6/15/2022 21:00,13.21,20.29
2504,6/15/2022 21:10,13.25,20.25
2505,6/15/2022 21:20,13.21,20.25
2506,6/15/2022 21:30,13.21,20.25
2507,6/15/2022 21:40,13.21,20.2
2508,6/15/2022 21:50,13.12,20.12
2509,6/15/2022 22:00,13.08,20.07
2510,6/15/2022 22:10,13.12,19.95
2511,6/15/2022 22:20,13.43,19.9
2512,6/15/2022 22:30,13.34,20.03
2513,6/15/2022 22:40,13.34,19.82
2514,6/15/2022 22:50,13.12,19.77
2515,6/15/2022 23:00,13.17,19.6
2516,6/15/2022 23:10,13.12,19.52
2517,6/15/2022 23:20,13.64,19.56
2518,6/15/2022 23:30,14.41,19.52
2519,6/15/2022 23:40,17.54,19.43
2520,6/15/2022 23:50,19.22,19.43
2521,6/16/2022 0:00,19.35,19.35
2522,6/16/2022 0:10,19.35,19.35
2523,6/16/2022 0:20,19.3,19.35
2524,6/16/2022 0:30,19.3,19.3
2525,6/16/2022 0:40,19.3,19.3
2526,6/16/2022 0:50,19.26,19.26
2527,6/16/2022 1:00,19.17,19.17
2528,6/16/2022 1:10,19.17,19.22
2529,6/16/2022 1:20,19.22,19.17
2530,6/16/2022 1:30,19.17,19.13
2531,6/16/2022 1:40,19.17,19.09
2532,6/16/2022 1:50,19.09,19.05
2533,6/16/2022 2:00,19.05,19
2534,6/16/2022 2:10,18.32,18.96
2535,6/16/2022 2:20,14.03,18.92
2536,6/16/2022 2:30,12.78,18.92
2537,6/16/2022 2:40,12.82,18.92
2538,6/16/2022 2:50,12.82,18.87
2539,6/16/2022 3:00,12.74,18.83
2540,6/16/2022 3:10,12.78,18.74
2541,6/16/2022 3:20,12.78,18.66
2542,6/16/2022 3:30,12.74,18.36
2543,6/16/2022 3:40,12.48,18.36
2544,6/16/2022 3:50,12.52,18.32
2545,6/16/2022 4:00,12.57,18.32
2546,6/16/2022 4:10,12.52,18.32
2547,6/16/2022 4:20,12.48,18.27
2548,6/16/2022 4:30,12.27,18.27
2549,6/16/2022 4:40,12.27,18.23
2550,6/16/2022 4:50,12.22,18.32
2551,6/16/2022 5:00,12.31,18.19
2552,6/16/2022 5:10,12.22,18.14
2553,6/16/2022 5:20,12.14,18.1
2554,6/16/2022 5:30,12.4,18.02
2555,6/16/2022 5:40,12.01,17.97
2556,6/16/2022 5:50,11.88,17.93
2557,6/16/2022 6:00,11.84,17.89
2558,6/16/2022 6:10,11.75,17.8
2559,6/16/2022 6:20,11.84,17.67
2560,6/16/2022 6:30,11.88,17.46
2561,6/16/2022 6:40,11.84,17.16
2562,6/16/2022 6:50,11.97,16.94
2563,6/16/2022 7:00,12.01,16.86
2564,6/16/2022 7:10,12.14,15.4
2565,6/16/2022 7:20,12.27,13.81
2566,6/16/2022 7:30,12.44,13.51
2567,6/16/2022 7:40,12.44,13.77
2568,6/16/2022 7:50,12.52,13.98
2569,6/16/2022 8:00,12.82,14.63
2570,6/16/2022 8:10,12.7,15.36
2571,6/16/2022 8:20,12.87,16.56
2572,6/16/2022 8:30,12.78,16.81
2573,6/16/2022 8:40,12.91,16.13
2574,6/16/2022 8:50,13.12,16.73
2575,6/16/2022 9:00,13.38,17.41
2576,6/16/2022 9:10,13.38,17.03
2577,6/16/2022 9:20,13.47,17.33
2578,6/16/2022 9:30,13.51,17.11
2579,6/16/2022 9:40,13.77,16.77
2580,6/16/2022 9:50,13.9,16.64
2581,6/16/2022 10:00,14.15,16.47
2582,6/16/2022 10:10,13.94,16.17
2583,6/16/2022 10:20,13.81,16.21
2584,6/16/2022 10:30,14.15,16.34
2585,6/16/2022 10:40,14.28,16.43
2586,6/16/2022 10:50,14.5,16.56
2587,6/16/2022 11:00,14.75,16.64
2588,6/16/2022 11:10,14.93,16.81
2589,6/16/2022 11:20,14.93,16.86
2590,6/16/2022 11:30,15.1,17.16
2591,6/16/2022 11:40,15.01,17.46
2592,6/16/2022 11:50,14.88,17.97
2593,6/16/2022 12:00,15.31,18.83
2594,6/16/2022 12:10,15.36,20.46
2595,6/16/2022 12:20,15.7,21.79
2596,6/16/2022 12:30,15.36,21.1
2597,6/16/2022 12:40,15.14,20.63
2598,6/16/2022 12:50,15.06,20.33
2599,6/16/2022 13:00,15.18,20.16
2600,6/16/2022 13:10,15.23,20.12
2601,6/16/2022 13:20,15.27,19.99
2602,6/16/2022 13:30,15.23,20.03
2603,6/16/2022 13:40,15.06,19.99
2604,6/16/2022 13:50,15.1,20.03
2605,6/16/2022 14:00,15.01,20.16
2606,6/16/2022 14:10,15.1,20.2
2607,6/16/2022 14:20,14.97,20.25
2608,6/16/2022 14:30,15.18,20.46
2609,6/16/2022 14:40,15.27,20.46
2610,6/16/2022 14:50,15.4,20.29
2611,6/16/2022 15:00,15.48,20.37
2612,6/16/2022 15:10,15.4,20.5
2613,6/16/2022 15:20,15.44,20.59
2614,6/16/2022 15:30,15.36,20.76
2615,6/16/2022 15:40,15.36,20.8
2616,6/16/2022 15:50,15.06,20.8
2617,6/16/2022 16:00,15.1,21.02
2618,6/16/2022 16:10,15.14,20.85
2619,6/16/2022 16:20,15.06,21.02
2620,6/16/2022 16:30,14.8,20.76
2621,6/16/2022 16:40,15.01,21.23
2622,6/16/2022 16:50,15.06,21.28
2623,6/16/2022 17:00,15.06,21.19
2624,6/16/2022 17:10,14.75,20.93
2625,6/16/2022 17:20,14.37,21.02
2626,6/16/2022 17:30,14.5,20.89
2627,6/16/2022 17:40,14.67,20.59
2628,6/16/2022 17:50,14.5,20.2
2629,6/16/2022 18:00,14.37,19.9
2630,6/16/2022 18:10,14.07,19.95
2631,6/16/2022 18:20,13.98,19.69
2632,6/16/2022 18:30,13.85,19.82
2633,6/16/2022 18:40,13.9,19.73
2634,6/16/2022 18:50,13.85,19.56
2635,6/16/2022 19:00,13.77,19.65
2636,6/16/2022 19:10,13.64,19.39
2637,6/16/2022 19:20,13.55,19.43
2638,6/16/2022 19:30,13.55,19.39
2639,6/16/2022 19:40,13.51,19.43
2640,6/16/2022 19:50,13.55,19.43
2641,6/16/2022 20:00,13.38,19.43
2642,6/16/2022 20:10,13.34,19.43
2643,6/16/2022 20:20,13.3,19.39
2644,6/16/2022 20:30,13.17,19.39
2645,6/16/2022 20:40,13.21,19.39
2646,6/16/2022 20:50,13.04,19.35
2647,6/16/2022 21:00,13.08,19.3
2648,6/16/2022 21:10,13.04,19.3
2649,6/16/2022 21:20,13,19.26
2650,6/16/2022 21:30,13.12,19.35
2651,6/16/2022 21:40,13.25,19.35
2652,6/16/2022 21:50,13.3,19.35
2653,6/16/2022 22:00,13.3,19
2654,6/16/2022 22:10,13.21,18.87
2655,6/16/2022 22:20,13.34,18.83
2656,6/16/2022 22:30,13.25,18.96
2657,6/16/2022 22:40,13.47,19.05
2658,6/16/2022 22:50,13.51,18.96
2659,6/16/2022 23:00,13.64,18.92
2660,6/16/2022 23:10,13.55,18.87
2661,6/16/2022 23:20,13.51,18.79
2662,6/16/2022 23:30,13.55,18.57
2663,6/16/2022 23:40,13.51,18.19
2664,6/16/2022 23:50,13.55,18.1
2665,6/17/2022 0:00,13.25,18.1
2666,6/17/2022 0:10,17.33,18.19
2667,6/17/2022 0:20,18.36,18.19
2668,6/17/2022 0:30,18.49,18.06
2669,6/17/2022 0:40,18.44,18.06
2670,6/17/2022 0:50,18.44,17.93
2671,6/17/2022 1:00,18.44,17.84
2672,6/17/2022 1:10,18.44,17.8
2673,6/17/2022 1:20,18.44,17.84
2674,6/17/2022 1:30,18.36,17.89
2675,6/17/2022 1:40,18.36,17.93
2676,6/17/2022 1:50,18.36,17.89
2677,6/17/2022 2:00,18.36,17.89
2678,6/17/2022 2:10,18.36,17.8
2679,6/17/2022 2:20,18.4,17.8
2680,6/17/2022 2:30,18.27,17.89
2681,6/17/2022 2:40,18.23,17.89
2682,6/17/2022 2:50,18.14,18.02
2683,6/17/2022 3:00,18.06,17.97
2684,6/17/2022 3:10,17.63,17.93
2685,6/17/2022 3:20,15.57,17.93
2686,6/17/2022 3:30,13.6,17.93
2687,6/17/2022 3:40,12.65,17.89
2688,6/17/2022 3:50,12.57,17.89
2689,6/17/2022 4:00,12.4,17.89
2690,6/17/2022 4:10,12.35,17.89
2691,6/17/2022 4:20,12.44,17.89
2692,6/17/2022 4:30,12.52,17.67
2693,6/17/2022 4:40,12.48,17.63
2694,6/17/2022 4:50,12.52,17.63
2695,6/17/2022 5:00,12.57,17.67
2696,6/17/2022 5:10,12.52,17.54
2697,6/17/2022 5:20,12.61,17.5
2698,6/17/2022 5:30,12.44,17.5
2699,6/17/2022 5:40,12.48,17.46
2700,6/17/2022 5:50,12.4,17.33
2701,6/17/2022 6:00,12.4,17.37
2702,6/17/2022 6:10,12.31,17.33
2703,6/17/2022 6:20,12.31,17.24
2704,6/17/2022 6:30,12.05,17.2
2705,6/17/2022 6:40,12.14,17.07
2706,6/17/2022 6:50,12.05,17.03
2707,6/17/2022 7:00,12.14,16.9
2708,6/17/2022 7:10,12.22,16.86
2709,6/17/2022 7:20,12.22,16.86
2710,6/17/2022 7:30,12.31,16.69
2711,6/17/2022 7:40,12.4,16.47
2712,6/17/2022 7:50,12.48,16.47
2713,6/17/2022 8:00,12.65,16.81
2714,6/17/2022 8:10,12.82,16.47
2715,6/17/2022 8:20,12.95,14.33
2716,6/17/2022 8:30,13.04,14.71
2717,6/17/2022 8:40,13.17,15.57
2718,6/17/2022 8:50,13.25,18.1
2719,6/17/2022 9:00,13.51,20.5
2720,6/17/2022 9:10,13.9,18.23
2721,6/17/2022 9:20,13.94,16.47
2722,6/17/2022 9:30,14.2,18.53
2723,6/17/2022 9:40,14.28,18.7
2724,6/17/2022 9:50,14.2,20.12
2725,6/17/2022 10:00,14.33,19.95
2726,6/17/2022 10:10,14.63,21.32
2727,6/17/2022 10:20,14.75,20.5
2728,6/17/2022 10:30,14.84,21.79
2729,6/17/2022 10:40,14.75,20.2
2730,6/17/2022 10:50,15.01,21.06
2731,6/17/2022 11:00,14.97,19.77
2732,6/17/2022 11:10,15.23,19.95
2733,6/17/2022 11:20,15.23,21.1
2734,6/17/2022 11:30,15.36,21.53
2735,6/17/2022 11:40,15.4,20.89
2736,6/17/2022 11:50,15.31,20.25
2737,6/17/2022 12:00,15.31,20.25
2738,6/17/2022 12:10,15.31,19.82
2739,6/17/2022 12:20,15.27,19.52
2740,6/17/2022 12:30,15.36,19.26
2741,6/17/2022 12:40,15.53,19.86
2742,6/17/2022 12:50,15.53,19.86
2743,6/17/2022 13:00,15.57,21.62
2744,6/17/2022 13:10,15.57,24.58
2745,6/17/2022 13:20,15.61,23.68
2746,6/17/2022 13:30,15.66,23.51
2747,6/17/2022 13:40,15.74,23.29
2748,6/17/2022 13:50,15.53,22.05
2749,6/17/2022 14:00,15.74,21.45
2750,6/17/2022 14:10,15.91,21.19
2751,6/17/2022 14:20,15.87,21.49
2752,6/17/2022 14:30,15.87,21.49
2753,6/17/2022 14:40,15.83,21.53
2754,6/17/2022 14:50,16.04,21.36
2755,6/17/2022 15:00,16.26,21.4
2756,6/17/2022 15:10,15.96,21.49
2757,6/17/2022 15:20,16,21.7
2758,6/17/2022 15:30,16.13,21.92
2759,6/17/2022 15:40,16.26,21.53
2760,6/17/2022 15:50,16.04,20.89
2761,6/17/2022 16:00,16.08,20.42
2762,6/17/2022 16:10,15.91,20.29
2763,6/17/2022 16:20,15.91,20.2
2764,6/17/2022 16:30,15.83,20.07
2765,6/17/2022 16:40,15.83,20.07
2766,6/17/2022 16:50,15.91,20.2
2767,6/17/2022 17:00,15.96,20.29
2768,6/17/2022 17:10,16.08,20.29
2769,6/17/2022 17:20,16.04,20.33
2770,6/17/2022 17:30,16.17,20.63
2771,6/17/2022 17:40,16.08,20.8
2772,6/17/2022 17:50,15.91,21.23
2773,6/17/2022 18:00,15.78,21.62
2774,6/17/2022 18:10,15.83,22.01
2775,6/17/2022 18:20,15.78,21.49
2776,6/17/2022 18:30,15.83,20.8
2777,6/17/2022 18:40,15.78,20.63
2778,6/17/2022 18:50,15.7,20.2
2779,6/17/2022 19:00,15.66,20.33
2780,6/17/2022 19:10,15.53,20.29
2781,6/17/2022 19:20,15.36,20.33
2782,6/17/2022 19:30,15.4,20.29
2783,6/17/2022 19:40,15.27,20.33
2784,6/17/2022 19:50,15.1,20.42
2785,6/17/2022 20:00,14.84,20.46
2786,6/17/2022 20:10,14.71,20.5
2787,6/17/2022 20:20,14.28,20.68
2788,6/17/2022 20:30,14.11,21.06
2789,6/17/2022 20:40,13.94,21.15
2790,6/17/2022 20:50,13.94,21.1
2791,6/17/2022 21:00,13.9,20.89
2792,6/17/2022 21:10,13.64,20.98
2793,6/17/2022 21:20,13.6,20.93
2794,6/17/2022 21:30,13.64,20.59
2795,6/17/2022 21:40,13.55,20.37
2796,6/17/2022 21:50,13.47,20.5
2797,6/17/2022 22:00,13.55,20.5
2798,6/17/2022 22:10,13.51,20.55
2799,6/17/2022 22:20,13.55,20.5
2800,6/17/2022 22:30,13.47,20.29
2801,6/17/2022 22:40,13.47,20.2
2802,6/17/2022 22:50,13.34,19.82
2803,6/17/2022 23:00,13.38,19.26
2804,6/17/2022 23:10,13.38,18.87
2805,6/17/2022 23:20,13.34,19.05
2806,6/17/2022 23:30,13.47,19.05
2807,6/17/2022 23:40,13.34,19
2808,6/17/2022 23:50,13.43,18.79
2809,6/18/2022 0:00,13.55,18.83
2810,6/18/2022 0:10,13.68,19
2811,6/18/2022 0:20,13.51,19.09
2812,6/18/2022 0:30,13.55,18.96
2813,6/18/2022 0:40,13.34,18.92
2814,6/18/2022 0:50,13.25,19
2815,6/18/2022 1:00,13.38,19.17
2816,6/18/2022 1:10,13.3,19.3
2817,6/18/2022 1:20,13.25,19.3
2818,6/18/2022 1:30,13.21,19.3
2819,6/18/2022 1:40,13.34,19.17
2820,6/18/2022 1:50,13.6,19.22
2821,6/18/2022 2:00,13.64,19.26
2822,6/18/2022 2:10,13.77,19.35
2823,6/18/2022 2:20,16.04,19.35
2824,6/18/2022 2:30,17.59,19.39
2825,6/18/2022 2:40,18.62,19.3
2826,6/18/2022 2:50,18.92,19.22
2827,6/18/2022 3:00,19.69,19.22
2828,6/18/2022 3:10,19.56,19.05
2829,6/18/2022 3:20,18.53,19.05
2830,6/18/2022 3:30,16.04,19.13
2831,6/18/2022 3:40,14.11,19.17
2832,6/18/2022 3:50,13.3,19.22
2833,6/18/2022 4:00,12.82,19.09
2834,6/18/2022 4:10,12.7,19.05
2835,6/18/2022 4:20,12.57,18.92
2836,6/18/2022 4:30,12.52,18.7
2837,6/18/2022 4:40,12.35,18.57
2838,6/18/2022 4:50,12.27,18.49
2839,6/18/2022 5:00,12.27,18.44
2840,6/18/2022 5:10,12.4,18.4
2841,6/18/2022 5:20,12.27,18.36
2842,6/18/2022 5:30,12.35,18.36
2843,6/18/2022 5:40,12.22,18.27
2844,6/18/2022 5:50,12.1,18.32
2845,6/18/2022 6:00,12.1,18.27
2846,6/18/2022 6:10,12.01,18.19
2847,6/18/2022 6:20,11.92,18.19
2848,6/18/2022 6:30,11.97,18.06
2849,6/18/2022 6:40,11.88,18.06
2850,6/18/2022 6:50,11.79,17.97
2851,6/18/2022 7:00,11.79,17.89
2852,6/18/2022 7:10,11.97,17.8
2853,6/18/2022 7:20,12.1,17.76
2854,6/18/2022 7:30,12.27,17.84
2855,6/18/2022 7:40,12.44,17.84
2856,6/18/2022 7:50,12.48,17.84
2857,6/18/2022 8:00,12.52,17.33
2858,6/18/2022 8:10,12.57,17.54
2859,6/18/2022 8:20,12.65,17.97
2860,6/18/2022 8:30,12.74,18.4
2861,6/18/2022 8:40,12.74,18.74
2862,6/18/2022 8:50,13.12,19.3
2863,6/18/2022 9:00,13,16.73
2864,6/18/2022 9:10,12.91,16.3
2865,6/18/2022 9:20,13.08,16.94
2866,6/18/2022 9:30,13.21,17.63
2867,6/18/2022 9:40,13.43,18.1
2868,6/18/2022 9:50,13.55,18.57
2869,6/18/2022 10:00,13.77,19.09
2870,6/18/2022 10:10,13.98,19.3
2871,6/18/2022 10:20,14.15,19.82
2872,6/18/2022 10:30,14.33,19.86
2873,6/18/2022 10:40,14.5,19.82
2874,6/18/2022 10:50,14.5,19.9
2875,6/18/2022 11:00,14.63,20.2
2876,6/18/2022 11:10,14.71,20.12
2877,6/18/2022 11:20,14.8,20.07
2878,6/18/2022 11:30,14.67,20.37
2879,6/18/2022 11:40,14.97,20.68
2880,6/18/2022 11:50,14.88,21.02
2881,6/18/2022 12:00,15.01,20.85
2882,6/18/2022 12:10,15.1,20.98
2883,6/18/2022 12:20,15.01,20.8
2884,6/18/2022 12:30,15.1,20.72
2885,6/18/2022 12:40,15.01,20.85
2886,6/18/2022 12:50,15.14,21.15
2887,6/18/2022 13:00,15.06,21.06
2888,6/18/2022 13:10,15.14,21.06
2889,6/18/2022 13:20,15.18,20.76
2890,6/18/2022 13:30,15.27,20.89
2891,6/18/2022 13:40,15.31,22.65
2892,6/18/2022 13:50,15.61,22.01
2893,6/18/2022 14:00,15.48,21.66
2894,6/18/2022 14:10,15.4,21.32
2895,6/18/2022 14:20,15.44,21.28
2896,6/18/2022 14:30,15.48,21.23
2897,6/18/2022 14:40,15.48,21.15
2898,6/18/2022 14:50,15.27,21.02
2899,6/18/2022 15:00,15.31,20.8
2900,6/18/2022 15:10,15.23,20.76
2901,6/18/2022 15:20,15.27,20.68
2902,6/18/2022 15:30,15.18,20.72
2903,6/18/2022 15:40,15.06,20.68
2904,6/18/2022 15:50,15.23,20.59
2905,6/18/2022 16:00,15.14,20.93
2906,6/18/2022 16:10,15.27,21.4
2907,6/18/2022 16:20,15.31,20.98
2908,6/18/2022 16:30,15.23,20.68
2909,6/18/2022 16:40,15.36,20.93
2910,6/18/2022 16:50,15.31,20.8
2911,6/18/2022 17:00,15.27,20.76
2912,6/18/2022 17:10,15.23,20.59
2913,6/18/2022 17:20,15.18,20.55
2914,6/18/2022 17:30,15.1,20.72
2915,6/18/2022 17:40,15.18,20.55
2916,6/18/2022 17:50,15.18,20.5
2917,6/18/2022 18:00,15.27,20.33
2918,6/18/2022 18:10,15.36,20.76
2919,6/18/2022 18:20,15.31,20.76
2920,6/18/2022 18:30,15.18,20.85
2921,6/18/2022 18:40,15.1,20.63
2922,6/18/2022 18:50,15.06,20.37
2923,6/18/2022 19:00,15.1,19.86
2924,6/18/2022 19:10,15.01,19.6
2925,6/18/2022 19:20,15.1,19.52
2926,6/18/2022 19:30,15.06,19.3
2927,6/18/2022 19:40,14.93,19.39
2928,6/18/2022 19:50,14.75,19.77
2929,6/18/2022 20:00,14.54,20.2
2930,6/18/2022 20:10,14.33,20.16
2931,6/18/2022 20:20,14.28,20.16
2932,6/18/2022 20:30,14.11,20.12
2933,6/18/2022 20:40,14.15,20.07
2934,6/18/2022 20:50,14.15,19.9
2935,6/18/2022 21:00,13.98,19.9
2936,6/18/2022 21:10,13.94,19.82
2937,6/18/2022 21:20,13.73,19.69
2938,6/18/2022 21:30,13.68,19.56
2939,6/18/2022 21:40,13.55,19.47
2940,6/18/2022 21:50,13.43,19.35
2941,6/18/2022 22:00,13.34,18.96
2942,6/18/2022 22:10,13.3,18.83
2943,6/18/2022 22:20,13.21,18.87
2944,6/18/2022 22:30,13.12,18.92
2945,6/18/2022 22:40,13.25,18.83
2946,6/18/2022 22:50,13.25,18.79
2947,6/18/2022 23:00,13.17,18.83
2948,6/18/2022 23:10,13.12,18.87
2949,6/18/2022 23:20,13.04,19
2950,6/18/2022 23:30,12.78,18.79
2951,6/18/2022 23:40,12.7,19.05
2952,6/18/2022 23:50,12.82,19
2953,6/19/2022 0:00,12.82,18.96
2954,6/19/2022 0:10,12.78,19.17
2955,6/19/2022 0:20,12.61,19.13
2956,6/19/2022 0:30,12.87,18.14
2957,6/19/2022 0:40,12.61,18.23
2958,6/19/2022 0:50,12.57,17.41
2959,6/19/2022 1:00,12.48,17.93
2960,6/19/2022 1:10,12.52,18.14
2961,6/19/2022 1:20,12.52,18.44
2962,6/19/2022 1:30,12.48,18.4
2963,6/19/2022 1:40,12.44,18.36
2964,6/19/2022 1:50,12.4,18.27
2965,6/19/2022 2:00,12.01,18.14
2966,6/19/2022 2:10,11.32,18.06
2967,6/19/2022 2:20,10.46,18.1
2968,6/19/2022 2:30,10.29,18.19
2969,6/19/2022 2:40,9.82,18.14
2970,6/19/2022 2:50,9.74,18.19
2971,6/19/2022 3:00,9.52,18.1
2972,6/19/2022 3:10,9.52,18.06
2973,6/19/2022 3:20,9.65,18.02
2974,6/19/2022 3:30,9.61,18.02
2975,6/19/2022 3:40,9.35,18.14
2976,6/19/2022 3:50,9.31,18.14
2977,6/19/2022 4:00,9.39,18.19
2978,6/19/2022 4:10,9.35,18.19
2979,6/19/2022 4:20,9.05,18.23
2980,6/19/2022 4:30,8.88,18.23
2981,6/19/2022 4:40,8.88,18.19
2982,6/19/2022 4:50,8.79,18.23
2983,6/19/2022 5:00,8.92,18.14
2984,6/19/2022 5:10,8.66,18.14
2985,6/19/2022 5:20,8.58,18.14
2986,6/19/2022 5:30,8.45,18.14
2987,6/19/2022 5:40,8.28,18.14
2988,6/19/2022 5:50,8.28,18.1
2989,6/19/2022 6:00,8.32,18.1
2990,6/19/2022 6:10,7.89,18.02
2991,6/19/2022 6:20,8.11,17.97
2992,6/19/2022 6:30,9.31,17.97
2993,6/19/2022 6:40,9.52,17.97
2994,6/19/2022 6:50,9.48,17.93
2995,6/19/2022 7:00,9.65,17.89
2996,6/19/2022 7:10,9.91,17.93
2997,6/19/2022 7:20,10.16,17.93
2998,6/19/2022 7:30,10.51,17.93
2999,6/19/2022 7:40,10.89,17.93
3000,6/19/2022 7:50,11.37,17.97
3001,6/19/2022 8:00,11.62,18.02
3002,6/19/2022 8:10,11.92,17.97
3003,6/19/2022 8:20,12.27,18.02
3004,6/19/2022 8:30,12.61,18.14
3005,6/19/2022 8:40,12.95,18.19
3006,6/19/2022 8:50,13.47,18.4
3007,6/19/2022 9:00,13.81,18.57
3008,6/19/2022 9:10,14.03,18.87
3009,6/19/2022 9:20,14.33,17.16
3010,6/19/2022 9:30,14.71,14.28
3011,6/19/2022 9:40,15.23,13.94
3012,6/19/2022 9:50,15.66,14.41
3013,6/19/2022 10:00,16.08,15.83
3014,6/19/2022 10:10,16.73,16.9
3015,6/19/2022 10:20,17.24,18.1
3016,6/19/2022 10:30,17.72,18.49
3017,6/19/2022 10:40,17.97,18.87
3018,6/19/2022 10:50,18.27,19.39
3019,6/19/2022 11:00,18.36,19.82
3020,6/19/2022 11:10,18.62,20.55
3021,6/19/2022 11:20,19,21.15
3022,6/19/2022 11:30,19.39,21.96
3023,6/19/2022 11:40,19.35,22.95
3024,6/19/2022 11:50,19.13,23.08
3025,6/19/2022 12:00,19.05,23.42
3026,6/19/2022 12:10,18.4,22.99
3027,6/19/2022 12:20,17.67,22.82
3028,6/19/2022 12:30,16.9,22.43
3029,6/19/2022 12:40,17.03,22.48
3030,6/19/2022 12:50,16.43,21.83
3031,6/19/2022 13:00,16.17,22.22
3032,6/19/2022 13:10,16.08,22.18
3033,6/19/2022 13:20,16.34,22.61
3034,6/19/2022 13:30,16.69,23.21
3035,6/19/2022 13:40,16.86,23.85
3036,6/19/2022 13:50,16.9,24.28
3037,6/19/2022 14:00,16.73,24.49
3038,6/19/2022 14:10,16.73,24.02
3039,6/19/2022 14:20,16.3,24.97
3040,6/19/2022 14:30,16.26,27.2
3041,6/19/2022 14:40,16.17,25.48
3042,6/19/2022 14:50,16.21,25.01
3043,6/19/2022 15:00,16.56,24.84
3044,6/19/2022 15:10,16.43,25.05
3045,6/19/2022 15:20,16.34,24.84
3046,6/19/2022 15:30,16.43,24.11
3047,6/19/2022 15:40,15.91,23.29
3048,6/19/2022 15:50,15.83,22.69
3049,6/19/2022 16:00,15.74,22.95
3050,6/19/2022 16:10,15.96,22.39
3051,6/19/2022 16:20,16.3,21.7
3052,6/19/2022 16:30,16.08,21.58
3053,6/19/2022 16:40,15.66,21.83
3054,6/19/2022 16:50,15.48,22.35
3055,6/19/2022 17:00,15.57,21.88
3056,6/19/2022 17:10,15.66,21.1
3057,6/19/2022 17:20,15.78,20.89
3058,6/19/2022 17:30,15.78,20.89
3059,6/19/2022 17:40,15.7,21.06
3060,6/19/2022 17:50,15.87,21.1
3061,6/19/2022 18:00,16,20.8
3062,6/19/2022 18:10,15.91,20.68
3063,6/19/2022 18:20,16.08,20.59
3064,6/19/2022 18:30,15.78,20.63
3065,6/19/2022 18:40,15.53,20.63
3066,6/19/2022 18:50,15.48,20.76
3067,6/19/2022 19:00,15.36,20.98
3068,6/19/2022 19:10,15.23,21.32
3069,6/19/2022 19:20,15.31,21.75
3070,6/19/2022 19:30,15.48,21.88
3071,6/19/2022 19:40,15.18,21.92
3072,6/19/2022 19:50,14.97,22.13
3073,6/19/2022 20:00,14.71,22.26
3074,6/19/2022 20:10,14.63,22.48
3075,6/19/2022 20:20,14.37,22.91
3076,6/19/2022 20:30,14.03,22.35
3077,6/19/2022 20:40,13.85,21.58
3078,6/19/2022 20:50,13.81,21.62
3079,6/19/2022 21:00,13.68,21.36
3080,6/19/2022 21:10,13.55,21.15
3081,6/19/2022 21:20,13.73,20.98
3082,6/19/2022 21:30,13.73,20.72
3083,6/19/2022 21:40,13.68,20.68
3084,6/19/2022 21:50,13.55,20.59
3085,6/19/2022 22:00,13.51,20.55
3086,6/19/2022 22:10,13.3,20.5
3087,6/19/2022 22:20,13.17,20.37
3088,6/19/2022 22:30,13.12,20.29
3089,6/19/2022 22:40,13.25,19.95
3090,6/19/2022 22:50,13.08,19.82
3091,6/19/2022 23:00,12.95,19.56
3092,6/19/2022 23:10,12.74,19.3
3093,6/19/2022 23:20,12.78,19.39
3094,6/19/2022 23:30,13,19.39
3095,6/19/2022 23:40,12.78,19.52
3096,6/19/2022 23:50,12.7,19.39
3097,6/20/2022 0:00,12.57,19.22
3098,6/20/2022 0:10,12.57,19.09
3099,6/20/2022 0:20,12.7,18.92
3100,6/20/2022 0:30,12.44,18.74
3101,6/20/2022 0:40,12.4,18.79
3102,6/20/2022 0:50,12.27,18.7
3103,6/20/2022 1:00,12.31,18.53
3104,6/20/2022 1:10,12.31,18.44
3105,6/20/2022 1:20,12.18,18.4
3106,6/20/2022 1:30,12.22,18.44
3107,6/20/2022 1:40,12.31,18.19
3108,6/20/2022 1:50,12.22,18.53
3109,6/20/2022 2:00,12.18,18.7
3110,6/20/2022 2:10,12.27,18.62
3111,6/20/2022 2:20,12.05,18.62
3112,6/20/2022 2:30,11.88,18.49
3113,6/20/2022 2:40,10.51,18.53
3114,6/20/2022 2:50,9.82,18.57
3115,6/20/2022 3:00,9.91,18.57
3116,6/20/2022 3:10,9.74,18.4
3117,6/20/2022 3:20,9.09,18.27
3118,6/20/2022 3:30,8.96,18.4
3119,6/20/2022 3:40,9.05,18.57
3120,6/20/2022 3:50,8.96,18.49
3121,6/20/2022 4:00,8.92,18.4
3122,6/20/2022 4:10,9.09,18.27
3123,6/20/2022 4:20,8.53,18.36
3124,6/20/2022 4:30,8.66,18.49
3125,6/20/2022 4:40,8.28,18.53
3126,6/20/2022 4:50,8.06,18.57
3127,6/20/2022 5:00,8.23,18.53
3128,6/20/2022 5:10,8.71,18.53
3129,6/20/2022 5:20,8.66,18.57
3130,6/20/2022 5:30,9.26,18.62
3131,6/20/2022 5:40,8.88,18.62
3132,6/20/2022 5:50,8.88,18.7
3133,6/20/2022 6:00,9.09,18.66
3134,6/20/2022 6:10,9.35,18.62
3135,6/20/2022 6:20,9.69,18.57
3136,6/20/2022 6:30,9.86,18.49
3137,6/20/2022 6:40,10.34,18.44
3138,6/20/2022 6:50,10.68,18.32
3139,6/20/2022 7:00,10.81,18.23
3140,6/20/2022 7:10,11.07,18.19
3141,6/20/2022 7:20,11.19,18.19
3142,6/20/2022 7:30,10.98,18.19
3143,6/20/2022 7:40,11.07,18.19
3144,6/20/2022 7:50,11.58,18.19
3145,6/20/2022 8:00,11.79,18.14
3146,6/20/2022 8:10,12.22,18.14
3147,6/20/2022 8:20,12.74,18.14
3148,6/20/2022 8:30,13.21,18.23
3149,6/20/2022 8:40,13.6,18.32
3150,6/20/2022 8:50,13.9,18.44
3151,6/20/2022 9:00,14.11,18.53
3152,6/20/2022 9:10,14.58,18.7
3153,6/20/2022 9:20,15.14,18.92
3154,6/20/2022 9:30,15.66,19.35
3155,6/20/2022 9:40,16.13,19.77
3156,6/20/2022 9:50,16.81,20.37
3157,6/20/2022 10:00,17.33,21.32
3158,6/20/2022 10:10,17.63,22.05
3159,6/20/2022 10:20,17.97,18.49
3160,6/20/2022 10:30,17.89,17.33
3161,6/20/2022 10:40,17.5,17.54
3162,6/20/2022 10:50,17.54,18.62
3163,6/20/2022 11:00,17.5,19.17
3164,6/20/2022 11:10,17.37,19.65
3165,6/20/2022 11:20,17.37,20.07
3166,6/20/2022 11:30,17.41,20.76
3167,6/20/2022 11:40,17.67,21.58
3168,6/20/2022 11:50,17.33,21.62
3169,6/20/2022 12:00,16.77,21.62
3170,6/20/2022 12:10,16.43,21.96
3171,6/20/2022 12:20,16.77,22.39
3172,6/20/2022 12:30,16.26,22.31
3173,6/20/2022 12:40,15.87,22.05
3174,6/20/2022 12:50,15.91,22.48
3175,6/20/2022 13:00,16.17,22.95
3176,6/20/2022 13:10,16.69,23.89
3177,6/20/2022 13:20,16.51,24.06
3178,6/20/2022 13:30,16.69,24.36
3179,6/20/2022 13:40,16.47,24.75
3180,6/20/2022 13:50,16.69,24.97
3181,6/20/2022 14:00,16.6,25.14
3182,6/20/2022 14:10,16.77,25.18
3183,6/20/2022 14:20,17.07,25.61
3184,6/20/2022 14:30,17.03,25.61
3185,6/20/2022 14:40,17.07,27.15
3186,6/20/2022 14:50,17.07,28.05
3187,6/20/2022 15:00,16.64,26.81
3188,6/20/2022 15:10,16.6,26.12
3189,6/20/2022 15:20,16.81,25.74
3190,6/20/2022 15:30,16.56,25.22
3191,6/20/2022 15:40,16.56,24.41
3192,6/20/2022 15:50,16.94,23.85
3193,6/20/2022 16:00,16.94,23.59
3194,6/20/2022 16:10,16.69,22.91
3195,6/20/2022 16:20,16.6,22.56
3196,6/20/2022 16:30,16.73,22.35
3197,6/20/2022 16:40,16.64,22.31
3198,6/20/2022 16:50,16.51,22.13
3199,6/20/2022 17:00,16.34,22.09
3200,6/20/2022 17:10,16.51,21.96
3201,6/20/2022 17:20,16.47,21.83
3202,6/20/2022 17:30,16.34,21.92
3203,6/20/2022 17:40,16.34,22.22
3204,6/20/2022 17:50,16.17,22.01
3205,6/20/2022 18:00,16.04,21.96
3206,6/20/2022 18:10,15.96,21.96
3207,6/20/2022 18:20,15.91,21.79
3208,6/20/2022 18:30,16,21.58
3209,6/20/2022 18:40,16.08,21.49
3210,6/20/2022 18:50,16.13,21.15
3211,6/20/2022 19:00,15.83,20.93
3212,6/20/2022 19:10,15.87,20.85
3213,6/20/2022 19:20,15.83,20.8
3214,6/20/2022 19:30,15.61,20.72
3215,6/20/2022 19:40,15.7,20.76
3216,6/20/2022 19:50,15.48,20.63
3217,6/20/2022 20:00,15.48,20.55
3218,6/20/2022 20:10,15.18,20.63
3219,6/20/2022 20:20,15.01,20.68
3220,6/20/2022 20:30,14.71,20.8
3221,6/20/2022 20:40,14.63,20.8
3222,6/20/2022 20:50,14.37,21.02
3223,6/20/2022 21:00,14.28,21.1
3224,6/20/2022 21:10,14.15,20.98
3225,6/20/2022 21:20,14.11,21.1
3226,6/20/2022 21:30,13.9,21.02
3227,6/20/2022 21:40,13.68,20.8
3228,6/20/2022 21:50,13.47,20.63
3229,6/20/2022 22:00,12.78,20.8
3230,6/20/2022 22:10,11.88,20.8
3231,6/20/2022 22:20,11.54,20.63
3232,6/20/2022 22:30,11.45,20.59
3233,6/20/2022 22:40,11.37,20.46
3234,6/20/2022 22:50,11.07,20.42
3235,6/20/2022 23:00,11.28,20.42
3236,6/20/2022 23:10,11.37,20.37
3237,6/20/2022 23:20,11.19,20.29
3238,6/20/2022 23:30,11.37,20.2
3239,6/20/2022 23:40,11.37,20.12
3240,6/20/2022 23:50,11.11,20.03
3241,6/21/2022 0:00,10.81,19.99
3242,6/21/2022 0:10,11.02,19.99
3243,6/21/2022 0:20,11.28,19.9
3244,6/21/2022 0:30,11.28,19.86
3245,6/21/2022 0:40,11.32,19.77
3246,6/21/2022 0:50,11.28,19.69
3247,6/21/2022 1:00,10.64,19.65
3248,6/21/2022 1:10,11.02,19.65
3249,6/21/2022 1:20,11.07,19.52
3250,6/21/2022 1:30,10.72,19.39
3251,6/21/2022 1:40,10.51,19.3
3252,6/21/2022 1:50,10.59,19.22
3253,6/21/2022 2:00,10.42,19.26
3254,6/21/2022 2:10,10.25,19.39
3255,6/21/2022 2:20,10.72,19.39
3256,6/21/2022 2:30,10.55,19.47
3257,6/21/2022 2:40,10.34,19.47
3258,6/21/2022 2:50,10.42,19.56
3259,6/21/2022 3:00,10.38,19.52
3260,6/21/2022 3:10,9.78,19.39
3261,6/21/2022 3:20,10.29,19.35
3262,6/21/2022 3:30,10.38,19.35
3263,6/21/2022 3:40,10.55,19.47
3264,6/21/2022 3:50,10.21,19.35
3265,6/21/2022 4:00,9.99,19.26
3266,6/21/2022 4:10,9.56,19.3
3267,6/21/2022 4:20,9.91,19.26
3268,6/21/2022 4:30,10.38,19.09
3269,6/21/2022 4:40,9.86,19.09
3270,6/21/2022 4:50,9.39,18.87
3271,6/21/2022 5:00,10.38,18.83
3272,6/21/2022 5:10,10.55,18.83
3273,6/21/2022 5:20,10.55,18.96
3274,6/21/2022 5:30,10.72,18.96
3275,6/21/2022 5:40,10.59,18.96
3276,6/21/2022 5:50,10.55,19.05
3277,6/21/2022 6:00,10.34,19.05
3278,6/21/2022 6:10,10.64,19.09
3279,6/21/2022 6:20,10.81,19.09
3280,6/21/2022 6:30,11.07,19.13
3281,6/21/2022 6:40,10.98,19.17
3282,6/21/2022 6:50,11.84,19.13
3283,6/21/2022 7:00,12.74,19.22
3284,6/21/2022 7:10,13.17,19.22
3285,6/21/2022 7:20,13.77,19.22
3286,6/21/2022 7:30,14.28,19.05
3287,6/21/2022 7:40,14.75,19.05
3288,6/21/2022 7:50,15.23,19.17
3289,6/21/2022 8:00,15.7,19.22
3290,6/21/2022 8:10,16.34,19.26
3291,6/21/2022 8:20,16.73,19.3
3292,6/21/2022 8:30,17.33,19.3
3293,6/21/2022 8:40,17.84,19.35
3294,6/21/2022 8:50,18.79,19.39
3295,6/21/2022 9:00,19.09,19.47
3296,6/21/2022 9:10,18.83,19.52
3297,6/21/2022 9:20,18.92,19.69
3298,6/21/2022 9:30,19.13,19.77
3299,6/21/2022 9:40,19.26,19.9
3300,6/21/2022 9:50,19.3,20.07
3301,6/21/2022 10:00,19.6,20.29
3302,6/21/2022 10:10,19.95,20.55
3303,6/21/2022 10:20,20.16,20.76
3304,6/21/2022 10:30,20.46,21.06
3305,6/21/2022 10:40,20.72,21.53
3306,6/21/2022 10:50,20.42,21.88
3307,6/21/2022 11:00,20.55,22.26
3308,6/21/2022 11:10,21.1,23.12
3309,6/21/2022 11:20,21.02,24.58
3310,6/21/2022 11:30,20.8,25.69
3311,6/21/2022 11:40,21.06,26.38
3312,6/21/2022 11:50,22.18,26.98
3313,6/21/2022 12:00,22.05,23.12
3314,6/21/2022 12:10,21.32,22.22
3315,6/21/2022 12:20,21.96,23.16
3316,6/21/2022 12:30,23.08,24.79
3317,6/21/2022 12:40,23.38,25.95
3318,6/21/2022 12:50,22.61,26.34
3319,6/21/2022 13:00,22.65,26.6
3320,6/21/2022 13:10,22.99,27.32
3321,6/21/2022 13:20,21.96,27.07
3322,6/21/2022 13:30,21.96,27.45
3323,6/21/2022 13:40,21.75,27.75
3324,6/21/2022 13:50,21.7,27.8
3325,6/21/2022 14:00,22.18,28.23
3326,6/21/2022 14:10,22.43,28.53
3327,6/21/2022 14:20,22.43,28.95
3328,6/21/2022 14:30,22.18,29.56
3329,6/21/2022 14:40,21.75,28.18
3330,6/21/2022 14:50,21.62,27.63
3331,6/21/2022 15:00,22.69,26.85
3332,6/21/2022 15:10,22.56,26.34
3333,6/21/2022 15:20,22.22,26.34
3334,6/21/2022 15:30,20.8,25.69
3335,6/21/2022 15:40,20.72,25.22
3336,6/21/2022 15:50,21.02,24.79
3337,6/21/2022 16:00,21.32,24.28
3338,6/21/2022 16:10,21.58,24.02
3339,6/21/2022 16:20,21.66,23.81
3340,6/21/2022 16:30,21.32,23.68
3341,6/21/2022 16:40,21.58,23.51
3342,6/21/2022 16:50,21.28,23.42
3343,6/21/2022 17:00,20.76,23.29
3344,6/21/2022 17:10,20.89,23.29
3345,6/21/2022 17:20,20.55,23.34
3346,6/21/2022 17:30,20.29,23.64
3347,6/21/2022 17:40,20.59,23.34
3348,6/21/2022 17:50,20.72,22.86
3349,6/21/2022 18:00,21.1,22.69
3350,6/21/2022 18:10,20.33,22.48
3351,6/21/2022 18:20,20.5,22.56
3352,6/21/2022 18:30,20.42,22.99
3353,6/21/2022 18:40,20.12,22.78
3354,6/21/2022 18:50,20.16,22.48
3355,6/21/2022 19:00,20.16,22.05
3356,6/21/2022 19:10,20.25,21.79
3357,6/21/2022 19:20,20.16,21.75
3358,6/21/2022 19:30,19.65,21.66
3359,6/21/2022 19:40,19.26,21.53
3360,6/21/2022 19:50,18.92,21.58
3361,6/21/2022 20:00,18.74,21.53
3362,6/21/2022 20:10,18.62,21.4
3363,6/21/2022 20:20,18.23,21.36
3364,6/21/2022 20:30,18.14,21.28
3365,6/21/2022 20:40,17.63,21.28
3366,6/21/2022 20:50,17.29,21.36
3367,6/21/2022 21:00,17.11,21.45
3368,6/21/2022 21:10,16.73,21.53
3369,6/21/2022 21:20,16.47,21.92
3370,6/21/2022 21:30,16.56,22.05
3371,6/21/2022 21:40,16.17,22.13
3372,6/21/2022 21:50,15.14,22.01
3373,6/21/2022 22:00,15.1,21.96
3374,6/21/2022 22:10,14.71,21.83
3375,6/21/2022 22:20,14.15,21.7
3376,6/21/2022 22:30,14.33,21.58
3377,6/21/2022 22:40,13.94,21.49
3378,6/21/2022 22:50,13.77,21.4
3379,6/21/2022 23:00,13.73,21.36
3380,6/21/2022 23:10,14.54,21.36
3381,6/21/2022 23:20,14.45,21.32
3382,6/21/2022 23:30,13.94,21.4
3383,6/21/2022 23:40,13.55,21.4
3384,6/21/2022 23:50,14.33,21.36
3385,6/22/2022 0:00,14.8,21.32
3386,6/22/2022 0:10,13.94,21.28
3387,6/22/2022 0:20,14.37,21.28
3388,6/22/2022 0:30,14.07,21.15
3389,6/22/2022 0:40,13.38,21.15
3390,6/22/2022 0:50,13.3,21.06
3391,6/22/2022 1:00,14.24,20.98
3392,6/22/2022 1:10,13.68,20.93
3393,6/22/2022 1:20,13.38,20.85
3394,6/22/2022 1:30,13.47,20.68
3395,6/22/2022 1:40,13.6,20.68
3396,6/22/2022 1:50,14.03,20.5
3397,6/22/2022 2:00,13.3,20.42
3398,6/22/2022 2:10,13.21,20.33
3399,6/22/2022 2:20,12.82,20.2
3400,6/22/2022 2:30,13.08,20.03
3401,6/22/2022 2:40,13.77,19.77
3402,6/22/2022 2:50,12.18,19.65
3403,6/22/2022 3:00,11.62,19.47
3404,6/22/2022 3:10,12.14,19.6
3405,6/22/2022 3:20,12.27,19.39
3406,6/22/2022 3:30,12.91,19.39
3407,6/22/2022 3:40,12.05,19.47
3408,6/22/2022 3:50,12.35,19.17
3409,6/22/2022 4:00,11.62,19.3
3410,6/22/2022 4:10,12.87,19.52
3411,6/22/2022 4:20,12.7,19.65
3412,6/22/2022 4:30,13.25,19.39
3413,6/22/2022 4:40,12.7,19.43
3414,6/22/2022 4:50,12.18,19.47
3415,6/22/2022 5:00,12.44,19.52
3416,6/22/2022 5:10,13.17,19.56
3417,6/22/2022 5:20,13.21,19.69
3418,6/22/2022 5:30,13.51,19.82
3419,6/22/2022 5:40,14.11,19.82
3420,6/22/2022 5:50,14.33,19.77
3421,6/22/2022 6:00,15.44,19.82
3422,6/22/2022 6:10,16.04,19.82
3423,6/22/2022 6:20,16.34,19.77
3424,6/22/2022 6:30,16.9,19.77
3425,6/22/2022 6:40,17.29,19.73
3426,6/22/2022 6:50,17.67,19.73
3427,6/22/2022 7:00,18.1,19.56
3428,6/22/2022 7:10,18.44,19.47
3429,6/22/2022 7:20,18.83,19.52
3430,6/22/2022 7:30,19.17,19.52
3431,6/22/2022 7:40,19.65,19.65
3432,6/22/2022 7:50,20.07,19.73
3433,6/22/2022 8:00,20.59,19.86
3434,6/22/2022 8:10,20.89,20.03
3435,6/22/2022 8:20,21.1,20.12
3436,6/22/2022 8:30,21.45,20.12
3437,6/22/2022 8:40,21.79,20.16
3438,6/22/2022 8:50,22.13,20.12
3439,6/22/2022 9:00,22.31,20.2
3440,6/22/2022 9:10,22.26,20.29
3441,6/22/2022 9:20,22.48,20.46
3442,6/22/2022 9:30,22.52,20.55
3443,6/22/2022 9:40,22.52,20.59
3444,6/22/2022 9:50,22.56,20.63
3445,6/22/2022 10:00,22.48,20.72
3446,6/22/2022 10:10,22.86,20.72
3447,6/22/2022 10:20,22.65,20.85
3448,6/22/2022 10:30,21.96,20.8
3449,6/22/2022 10:40,21.7,21.06
3450,6/22/2022 10:50,21.92,21.28
3451,6/22/2022 11:00,22.48,21.58
3452,6/22/2022 11:10,22.95,21.7
3453,6/22/2022 11:20,23.51,21.96
3454,6/22/2022 11:30,23.81,22.22
3455,6/22/2022 11:40,23.85,22.52
3456,6/22/2022 11:50,23.25,22.99
3457,6/22/2022 12:00,22.91,23.46
3458,6/22/2022 12:10,22.86,23.94
3459,6/22/2022 12:20,23.29,24.32
3460,6/22/2022 12:30,23.94,24.88
3461,6/22/2022 12:40,24.88,25.39
3462,6/22/2022 12:50,25.31,25.95
3463,6/22/2022 13:00,24.84,26.38
3464,6/22/2022 13:10,25.18,26.94
3465,6/22/2022 13:20,25.65,27.84
3466,6/22/2022 13:30,26.3,28.14
3467,6/22/2022 13:40,26.25,26.47
3468,6/22/2022 13:50,26.12,26.47
3469,6/22/2022 14:00,26.25,28.23
3470,6/22/2022 14:10,26.68,29.6
3471,6/22/2022 14:20,26.47,29.17
3472,6/22/2022 14:30,26.34,29.21
3473,6/22/2022 14:40,25.91,29.47
3474,6/22/2022 14:50,25.22,29
3475,6/22/2022 15:00,25.14,28.35
3476,6/22/2022 15:10,25.22,27.88
3477,6/22/2022 15:20,25.52,27.63
3478,6/22/2022 15:30,25.35,27.54
3479,6/22/2022 15:40,24.11,27.71
3480,6/22/2022 15:50,23.94,28.01
3481,6/22/2022 16:00,23.59,27.58
3482,6/22/2022 16:10,23.42,27.07
3483,6/22/2022 16:20,22.95,26.72
3484,6/22/2022 16:30,22.95,25.82
3485,6/22/2022 16:40,22.69,25.18
3486,6/22/2022 16:50,22.43,24.49
3487,6/22/2022 17:00,21.83,24.58
3488,6/22/2022 17:10,21.45,24.32
3489,6/22/2022 17:20,20.72,24.15
3490,6/22/2022 17:30,19.99,23.68
3491,6/22/2022 17:40,19.65,23.51
3492,6/22/2022 17:50,19.52,23.59
3493,6/22/2022 18:00,19.56,23.51
3494,6/22/2022 18:10,19.52,23.34
3495,6/22/2022 18:20,19.3,23.34
3496,6/22/2022 18:30,19.13,23.12
3497,6/22/2022 18:40,19,22.91
3498,6/22/2022 18:50,18.87,22.82
3499,6/22/2022 19:00,18.92,22.69
3500,6/22/2022 19:10,18.53,22.56
3501,6/22/2022 19:20,18.53,22.35
3502,6/22/2022 19:30,18.62,22.31
3503,6/22/2022 19:40,18.66,22.26
3504,6/22/2022 19:50,18.62,22.26
3505,6/22/2022 20:00,18.49,22.26
3506,6/22/2022 20:10,18.44,22.18
3507,6/22/2022 20:20,18.1,22.18
3508,6/22/2022 20:30,17.67,22.09
3509,6/22/2022 20:40,17.63,22.05
3510,6/22/2022 20:50,17.24,22.01
3511,6/22/2022 21:00,16.99,22.01
3512,6/22/2022 21:10,16.51,22.01
3513,6/22/2022 21:20,16.13,22.13
3514,6/22/2022 21:30,15.78,22.43
3515,6/22/2022 21:40,15.74,22.52
3516,6/22/2022 21:50,15.66,22.52
3517,6/22/2022 22:00,15.91,22.52
3518,6/22/2022 22:10,15.87,22.52
3519,6/22/2022 22:20,15.48,22.56
3520,6/22/2022 22:30,15.1,22.61
3521,6/22/2022 22:40,14.41,22.69
3522,6/22/2022 22:50,14.45,22.78
3523,6/22/2022 23:00,14.24,22.61
3524,6/22/2022 23:10,14.45,22.65
3525,6/22/2022 23:20,14.71,22.78
3526,6/22/2022 23:30,14.63,22.82
3527,6/22/2022 23:40,14.45,22.73
3528,6/22/2022 23:50,14.37,22.61
3529,6/23/2022 0:00,14.28,22.61
3530,6/23/2022 0:10,14.45,22.56
3531,6/23/2022 0:20,14.11,22.56
3532,6/23/2022 0:30,14.67,22.39
3533,6/23/2022 0:40,14.75,22.26
3534,6/23/2022 0:50,14.75,22.18
3535,6/23/2022 1:00,14.54,22.13
3536,6/23/2022 1:10,14.28,22.09
3537,6/23/2022 1:20,14.28,22.05
3538,6/23/2022 1:30,14.11,22.05
3539,6/23/2022 1:40,13.98,21.75
3540,6/23/2022 1:50,13.81,21.45
3541,6/23/2022 2:00,13.9,21.15
3542,6/23/2022 2:10,13.81,21.15
3543,6/23/2022 2:20,13.64,21.06
3544,6/23/2022 2:30,13.73,20.72
3545,6/23/2022 2:40,13.6,20.5
3546,6/23/2022 2:50,13.64,20.5
3547,6/23/2022 3:00,14.11,20.63
3548,6/23/2022 3:10,13.94,20.16
3549,6/23/2022 3:20,13.98,19.69
3550,6/23/2022 3:30,13.68,19.39
3551,6/23/2022 3:40,13.25,19.09
3552,6/23/2022 3:50,12.57,18.79
3553,6/23/2022 4:00,12.65,18.36
3554,6/23/2022 4:10,12.52,18.36
3555,6/23/2022 4:20,12.22,18.74
3556,6/23/2022 4:30,12.22,18.96
3557,6/23/2022 4:40,12.22,18.74
3558,6/23/2022 4:50,12.22,19.26
3559,6/23/2022 5:00,12.87,19.43
3560,6/23/2022 5:10,12.87,19.69
3561,6/23/2022 5:20,12.95,19.86
3562,6/23/2022 5:30,11.97,19.99
3563,6/23/2022 5:40,13.08,20.12
3564,6/23/2022 5:50,13.17,20.2
3565,6/23/2022 6:00,12.78,19.99
3566,6/23/2022 6:10,12.74,20.25
3567,6/23/2022 6:20,12.87,20.25
3568,6/23/2022 6:30,12.44,20.16
3569,6/23/2022 6:40,12.27,20.03
3570,6/23/2022 6:50,12.31,20.07
3571,6/23/2022 7:00,12.1,20.12
3572,6/23/2022 7:10,12.05,20.16
3573,6/23/2022 7:20,12.01,20.29
3574,6/23/2022 7:30,11.88,20.46
3575,6/23/2022 7:40,11.79,20.2
3576,6/23/2022 7:50,11.79,20.2
3577,6/23/2022 8:00,11.88,20.29
3578,6/23/2022 8:10,11.97,20.37
3579,6/23/2022 8:20,12.18,20.55
3580,6/23/2022 8:30,12.4,20.72
3581,6/23/2022 8:40,12.48,20.72
3582,6/23/2022 8:50,12.65,20.72
3583,6/23/2022 9:00,12.82,20.63
3584,6/23/2022 9:10,13.08,20.63
3585,6/23/2022 9:20,13.51,20.63
3586,6/23/2022 9:30,13.68,20.72
3587,6/23/2022 9:40,14.03,20.8
3588,6/23/2022 9:50,14.37,20.98
3589,6/23/2022 10:00,14.15,21.06
3590,6/23/2022 10:10,14.11,21.06
3591,6/23/2022 10:20,14.24,21.19
3592,6/23/2022 10:30,14.54,21.45
3593,6/23/2022 10:40,14.97,21.58
3594,6/23/2022 10:50,15.44,21.79
3595,6/23/2022 11:00,15.83,22.09
3596,6/23/2022 11:10,15.87,22.31
3597,6/23/2022 11:20,15.96,22.43
3598,6/23/2022 11:30,16.13,22.65
3599,6/23/2022 11:40,16.21,22.78
3600,6/23/2022 11:50,16.34,22.95
3601,6/23/2022 12:00,16.73,23.12
3602,6/23/2022 12:10,16.94,23.29
3603,6/23/2022 12:20,17.03,23.46
3604,6/23/2022 12:30,16.77,23.59
3605,6/23/2022 12:40,16.56,23.76
3606,6/23/2022 12:50,16.08,23.85
3607,6/23/2022 13:00,15.23,23.81
3608,6/23/2022 13:10,14.97,23.76
3609,6/23/2022 13:20,15.06,23.64
3610,6/23/2022 13:30,14.84,23.64
3611,6/23/2022 13:40,15.01,23.59
3612,6/23/2022 13:50,15.53,23.59
3613,6/23/2022 14:00,15.7,23.68
3614,6/23/2022 14:10,15.53,23.85
3615,6/23/2022 14:20,15.61,23.94
3616,6/23/2022 14:30,15.66,24.02
3617,6/23/2022 14:40,15.96,24.11
3618,6/23/2022 14:50,16.39,24.11
3619,6/23/2022 15:00,16.9,23.94
3620,6/23/2022 15:10,17.29,23.98
3621,6/23/2022 15:20,17.54,23.98
3622,6/23/2022 15:30,17.97,24.02
3623,6/23/2022 15:40,18.1,24.11
3624,6/23/2022 15:50,18.23,23.98
3625,6/23/2022 16:00,18.53,23.89
3626,6/23/2022 16:10,18.53,23.72
3627,6/23/2022 16:20,17.46,23.59
3628,6/23/2022 16:30,16.69,23.29
3629,6/23/2022 16:40,16.13,23.34
3630,6/23/2022 16:50,15.96,23.42
3631,6/23/2022 17:00,15.7,23.38
3632,6/23/2022 17:10,15.66,23.34
3633,6/23/2022 17:20,15.18,23.34
3634,6/23/2022 17:30,15.1,23.42
3635,6/23/2022 17:40,15.01,23.42
3636,6/23/2022 17:50,14.8,23.34
3637,6/23/2022 18:00,15.4,23.29
3638,6/23/2022 18:10,15.36,23.16
3639,6/23/2022 18:20,15.23,23.16
3640,6/23/2022 18:30,15.36,23.08
3641,6/23/2022 18:40,15.4,22.95
3642,6/23/2022 18:50,15.23,22.91
3643,6/23/2022 19:00,15.1,22.78
3644,6/23/2022 19:10,14.88,22.65
3645,6/23/2022 19:20,14.67,22.52
3646,6/23/2022 19:30,14.45,22.39
3647,6/23/2022 19:40,14.67,22.22
3648,6/23/2022 19:50,14.54,22.18
3649,6/23/2022 20:00,14.2,22.05
3650,6/23/2022 20:10,13.77,21.96
3651,6/23/2022 20:20,13.9,21.92
3652,6/23/2022 20:30,13.64,21.79
3653,6/23/2022 20:40,13.81,21.7
3654,6/23/2022 20:50,13.77,21.66
3655,6/23/2022 21:00,13.77,21.36
3656,6/23/2022 21:10,13.68,21.32
3657,6/23/2022 21:20,13.47,21.28
3658,6/23/2022 21:30,13.51,21.28
3659,6/23/2022 21:40,13.51,21.28
3660,6/23/2022 21:50,13.43,21.28
3661,6/23/2022 22:00,13.25,21.32
3662,6/23/2022 22:10,12.82,21.32
3663,6/23/2022 22:20,12.74,21.45
3664,6/23/2022 22:30,12.61,21.45
3665,6/23/2022 22:40,12.65,21.45
3666,6/23/2022 22:50,12.35,21.53
3667,6/23/2022 23:00,12.05,21.32
3668,6/23/2022 23:10,11.92,21.23
3669,6/23/2022 23:20,11.79,21.23
3670,6/23/2022 23:30,11.45,21.19
3671,6/23/2022 23:40,11.24,21.19
3672,6/23/2022 23:50,11.19,21.23
3673,6/24/2022 0:00,11.24,21.23
3674,6/24/2022 0:10,11.28,21.06
3675,6/24/2022 0:20,11.11,21.06
3676,6/24/2022 0:30,10.85,21.1
3677,6/24/2022 0:40,10.77,21.06
3678,6/24/2022 0:50,10.72,21.02
3679,6/24/2022 1:00,10.85,21.02
3680,6/24/2022 1:10,10.64,21.06
3681,6/24/2022 1:20,10.42,20.93
3682,6/24/2022 1:30,10.72,20.89
3683,6/24/2022 1:40,10.85,20.85
3684,6/24/2022 1:50,10.81,20.85
3685,6/24/2022 2:00,10.77,20.76
3686,6/24/2022 2:10,10.94,20.72
3687,6/24/2022 2:20,10.98,20.63
3688,6/24/2022 2:30,10.89,20.59
3689,6/24/2022 2:40,10.89,20.5
3690,6/24/2022 2:50,10.85,20.33
3691,6/24/2022 3:00,11.19,20.29
3692,6/24/2022 3:10,11.19,20.12
3693,6/24/2022 3:20,11.15,19.99
3694,6/24/2022 3:30,10.85,19.77
3695,6/24/2022 3:40,10.46,18.57
3696,6/24/2022 3:50,10.38,14.75
3697,6/24/2022 4:00,10.34,13
3698,6/24/2022 4:10,10.29,12.4
3699,6/24/2022 4:20,10.46,11.92
3700,6/24/2022 4:30,10.29,11.75
3701,6/24/2022 4:40,10.16,11.54
3702,6/24/2022 4:50,9.86,11.24
3703,6/24/2022 5:00,9.99,11.11
3704,6/24/2022 5:10,9.95,11.11
3705,6/24/2022 5:20,10.04,10.94
3706,6/24/2022 5:30,10.04,10.46
3707,6/24/2022 5:40,9.91,10.64
3708,6/24/2022 5:50,10.04,11.15
3709,6/24/2022 6:00,9.99,12.52
3710,6/24/2022 6:10,9.99,17.11
3711,6/24/2022 6:20,9.99,18.06
3712,6/24/2022 6:30,9.91,18.49
3713,6/24/2022 6:40,10.04,18.79
3714,6/24/2022 6:50,10.25,18.96
3715,6/24/2022 7:00,10.46,18.96
3716,6/24/2022 7:10,10.89,19.17
3717,6/24/2022 7:20,10.89,19.35
3718,6/24/2022 7:30,11.11,19.35
3719,6/24/2022 7:40,11.37,19.43
3720,6/24/2022 7:50,11.84,19.47
3721,6/24/2022 8:00,12.1,19.69
3722,6/24/2022 8:10,12.31,19.95
3723,6/24/2022 8:20,12.31,19.86
3724,6/24/2022 8:30,12.52,19.99
3725,6/24/2022 8:40,12.82,20.16
3726,6/24/2022 8:50,13,20.42
3727,6/24/2022 9:00,13.38,20.63
3728,6/24/2022 9:10,13.6,20.68
3729,6/24/2022 9:20,13.68,20.8
3730,6/24/2022 9:30,14.07,20.85
3731,6/24/2022 9:40,14.54,20.85
3732,6/24/2022 9:50,14.84,21.06
3733,6/24/2022 10:00,14.84,21.1
3734,6/24/2022 10:10,15.06,21.23
3735,6/24/2022 10:20,15.4,21.4
3736,6/24/2022 10:30,15.66,21.49
3737,6/24/2022 10:40,15.61,21.66
3738,6/24/2022 10:50,15.78,21.75
3739,6/24/2022 11:00,15.96,21.79
3740,6/24/2022 11:10,16.3,21.92
3741,6/24/2022 11:20,16.56,22.01
3742,6/24/2022 11:30,16.73,22.09
3743,6/24/2022 11:40,16.9,22.13
3744,6/24/2022 11:50,16.73,22.22
3745,6/24/2022 12:00,16.6,22.48
3746,6/24/2022 12:10,16.73,22.65
3747,6/24/2022 12:20,17.03,22.69
3748,6/24/2022 12:30,17.63,22.82
3749,6/24/2022 12:40,17.84,22.86
3750,6/24/2022 12:50,18.02,23.08
3751,6/24/2022 13:00,18.06,23.16
3752,6/24/2022 13:10,18.06,23.29
3753,6/24/2022 13:20,17.97,23.42
3754,6/24/2022 13:30,17.72,23.64
3755,6/24/2022 13:40,17.76,23.72
3756,6/24/2022 13:50,17.5,23.89
3757,6/24/2022 14:00,17.37,24.02
3758,6/24/2022 14:10,17.41,24.11
3759,6/24/2022 14:20,17.29,24.06
3760,6/24/2022 14:30,16.64,24.02
3761,6/24/2022 14:40,15.78,23.98
3762,6/24/2022 14:50,15.48,24.02
3763,6/24/2022 15:00,15.78,24.11
3764,6/24/2022 15:10,15.74,24.28
3765,6/24/2022 15:20,15.66,23.98
3766,6/24/2022 15:30,15.06,23.85
3767,6/24/2022 15:40,15.36,23.81
3768,6/24/2022 15:50,15.57,23.68
3769,6/24/2022 16:00,15.7,23.68
3770,6/24/2022 16:10,15.66,23.59
3771,6/24/2022 16:20,15.96,23.46
3772,6/24/2022 16:30,16.21,23.34
3773,6/24/2022 16:40,16.47,23.21
3774,6/24/2022 16:50,16.34,23.16
3775,6/24/2022 17:00,16.13,23.12
3776,6/24/2022 17:10,16.13,23.12
3777,6/24/2022 17:20,16.17,23.08
3778,6/24/2022 17:30,16.21,23.08
3779,6/24/2022 17:40,16.13,22.95
3780,6/24/2022 17:50,16.3,22.82
3781,6/24/2022 18:00,15.96,22.91
3782,6/24/2022 18:10,15.96,23.03
3783,6/24/2022 18:20,16,22.99
3784,6/24/2022 18:30,15.83,22.91
3785,6/24/2022 18:40,15.7,22.82
3786,6/24/2022 18:50,15.57,22.78
3787,6/24/2022 19:00,15.61,22.61
3788,6/24/2022 19:10,15.53,22.52
3789,6/24/2022 19:20,15.44,22.43
3790,6/24/2022 19:30,15.48,22.31
3791,6/24/2022 19:40,15.31,22.26
3792,6/24/2022 19:50,15.01,22.22
3793,6/24/2022 20:00,14.63,22.09
3794,6/24/2022 20:10,14.67,22.01
3795,6/24/2022 20:20,14.5,21.92
3796,6/24/2022 20:30,14.5,21.79
3797,6/24/2022 20:40,14.67,21.79
3798,6/24/2022 20:50,14.67,21.75
3799,6/24/2022 21:00,15.01,21.66
3800,6/24/2022 21:10,15.23,21.66
3801,6/24/2022 21:20,15.7,21.66
3802,6/24/2022 21:30,17.46,21.58
3803,6/24/2022 21:40,19.47,21.58
3804,6/24/2022 21:50,19.52,21.49
3805,6/24/2022 22:00,17.2,21.45
3806,6/24/2022 22:10,15.18,21.45
3807,6/24/2022 22:20,14.28,21.49
3808,6/24/2022 22:30,14.07,21.62
3809,6/24/2022 22:40,13.68,21.58
3810,6/24/2022 22:50,13.51,21.49
3811,6/24/2022 23:00,13.6,21.49
3812,6/24/2022 23:10,13.47,21.58
3813,6/24/2022 23:20,13.25,21.23
3814,6/24/2022 23:30,13.08,21.19
3815,6/24/2022 23:40,13.08,21.06
3816,6/24/2022 23:50,13.08,21.02
3817,6/25/2022 0:00,13.04,21.1
3818,6/25/2022 0:10,12.91,21.1
3819,6/25/2022 0:20,12.87,21.15
3820,6/25/2022 0:30,12.91,21.15
3821,6/25/2022 0:40,12.91,21.06
3822,6/25/2022 0:50,12.87,21.06
3823,6/25/2022 1:00,12.74,20.98
3824,6/25/2022 1:10,12.65,20.93
3825,6/25/2022 1:20,12.61,20.85
3826,6/25/2022 1:30,12.52,20.85
3827,6/25/2022 1:40,12.57,20.89
3828,6/25/2022 1:50,12.61,20.85
3829,6/25/2022 2:00,12.52,20.85
3830,6/25/2022 2:10,12.48,20.8
3831,6/25/2022 2:20,12.4,20.72
3832,6/25/2022 2:30,12.52,20.55
3833,6/25/2022 2:40,12.31,20.42
3834,6/25/2022 2:50,12.22,20.37
3835,6/25/2022 3:00,12.14,20.42
3836,6/25/2022 3:10,11.84,20.33
3837,6/25/2022 3:20,11.71,20.29
3838,6/25/2022 3:30,11.71,20.16
3839,6/25/2022 3:40,11.79,20.03
3840,6/25/2022 3:50,11.67,19.9
3841,6/25/2022 4:00,11.58,19.73
3842,6/25/2022 4:10,11.49,17.84
3843,6/25/2022 4:20,11.45,13.68
3844,6/25/2022 4:30,11.45,12.61
3845,6/25/2022 4:40,11.45,12.18
3846,6/25/2022 4:50,11.49,12.14
3847,6/25/2022 5:00,11.49,12.01
3848,6/25/2022 5:10,11.41,12.05
3849,6/25/2022 5:20,11.41,11.92
3850,6/25/2022 5:30,11.41,11.75
3851,6/25/2022 5:40,11.37,11.92
3852,6/25/2022 5:50,11.37,11.88
3853,6/25/2022 6:00,11.41,11.88
3854,6/25/2022 6:10,11.41,11.97
3855,6/25/2022 6:20,11.45,12.01
3856,6/25/2022 6:30,11.54,12.27
3857,6/25/2022 6:40,11.71,12.31
3858,6/25/2022 6:50,11.71,12.52
3859,6/25/2022 7:00,11.67,12.61
3860,6/25/2022 7:10,11.67,12.95
3861,6/25/2022 7:20,11.54,15.91
3862,6/25/2022 7:30,11.54,17.67
3863,6/25/2022 7:40,11.58,18.32
3864,6/25/2022 7:50,11.62,18.79
3865,6/25/2022 8:00,11.71,19.17
3866,6/25/2022 8:10,11.84,19.52
3867,6/25/2022 8:20,12.01,19.52
3868,6/25/2022 8:30,12.05,19.69
3869,6/25/2022 8:40,12.22,19.73
3870,6/25/2022 8:50,12.52,19.9
3871,6/25/2022 9:00,12.65,19.95
3872,6/25/2022 9:10,12.82,20.03
3873,6/25/2022 9:20,13.21,20.16
3874,6/25/2022 9:30,13.51,20.12
3875,6/25/2022 9:40,13.68,20.37
3876,6/25/2022 9:50,13.85,20.37
3877,6/25/2022 10:00,14.03,20.68
3878,6/25/2022 10:10,14.37,21.02
3879,6/25/2022 10:20,14.8,21.19
3880,6/25/2022 10:30,15.1,21.28
3881,6/25/2022 10:40,15.48,21.32
3882,6/25/2022 10:50,15.61,21.4
3883,6/25/2022 11:00,16.08,21.45
3884,6/25/2022 11:10,16.17,21.58
3885,6/25/2022 11:20,16.51,21.7
3886,6/25/2022 11:30,16.81,21.83
3887,6/25/2022 11:40,16.9,22.01
3888,6/25/2022 11:50,17.03,22.05
3889,6/25/2022 12:00,17.11,22.22
3890,6/25/2022 12:10,17.37,22.35
3891,6/25/2022 12:20,17.59,22.48
3892,6/25/2022 12:30,17.76,22.56
3893,6/25/2022 12:40,17.8,22.78
3894,6/25/2022 12:50,17.84,22.73
3895,6/25/2022 13:00,18.19,22.73
3896,6/25/2022 13:10,18.32,22.82
3897,6/25/2022 13:20,18.36,22.99
3898,6/25/2022 13:30,18.66,23.29
3899,6/25/2022 13:40,18.87,23.46
3900,6/25/2022 13:50,18.96,23.85
3901,6/25/2022 14:00,18.96,24.15
3902,6/25/2022 14:10,19.05,24.36
3903,6/25/2022 14:20,19.13,24.54
3904,6/25/2022 14:30,19.26,24.88
3905,6/25/2022 14:40,19.17,25.65
3906,6/25/2022 14:50,18.06,26.72
3907,6/25/2022 15:00,17.63,25.91
3908,6/25/2022 15:10,17.72,25.18
3909,6/25/2022 15:20,17.8,24.54
3910,6/25/2022 15:30,17.59,25.01
3911,6/25/2022 15:40,17.63,25.14
3912,6/25/2022 15:50,17.8,25.65
3913,6/25/2022 16:00,17.76,25.99
3914,6/25/2022 16:10,17.84,25.78
3915,6/25/2022 16:20,17.84,25.44
3916,6/25/2022 16:30,17.63,25.09
3917,6/25/2022 16:40,17.29,24.79
3918,6/25/2022 16:50,16.86,24.75
3919,6/25/2022 17:00,16.73,24.41
3920,6/25/2022 17:10,16.51,24.15
3921,6/25/2022 17:20,16.51,23.94
3922,6/25/2022 17:30,16.47,23.85
3923,6/25/2022 17:40,16.43,23.59
3924,6/25/2022 17:50,16.51,23.46
3925,6/25/2022 18:00,16.64,23.29
3926,6/25/2022 18:10,16.64,23.25
3927,6/25/2022 18:20,16.6,23.21
3928,6/25/2022 18:30,16.43,23.16
3929,6/25/2022 18:40,16.39,23.12
3930,6/25/2022 18:50,16.26,22.99
3931,6/25/2022 19:00,16.26,22.95
3932,6/25/2022 19:10,16.21,22.91
3933,6/25/2022 19:20,15.91,22.78
3934,6/25/2022 19:30,15.57,22.69
3935,6/25/2022 19:40,15.61,22.61
3936,6/25/2022 19:50,15.57,22.52
3937,6/25/2022 20:00,15.36,22.43
3938,6/25/2022 20:10,15.4,22.39
3939,6/25/2022 20:20,15.53,22.35
3940,6/25/2022 20:30,15.4,22.26
3941,6/25/2022 20:40,15.44,22.26
3942,6/25/2022 20:50,15.4,22.13
3943,6/25/2022 21:00,15.4,22.05
3944,6/25/2022 21:10,15.61,22.01
3945,6/25/2022 21:20,15.83,22.01
3946,6/25/2022 21:30,17.11,21.92
3947,6/25/2022 21:40,19.43,21.92
3948,6/25/2022 21:50,20.55,21.92
3949,6/25/2022 22:00,21.28,21.83
3950,6/25/2022 22:10,21.28,21.83
3951,6/25/2022 22:20,20.89,21.83
3952,6/25/2022 22:30,20.46,21.79
3953,6/25/2022 22:40,19.43,21.66
3954,6/25/2022 22:50,16.86,21.62
3955,6/25/2022 23:00,15.1,21.66
3956,6/25/2022 23:10,14.63,21.75
3957,6/25/2022 23:20,14.45,21.79
3958,6/25/2022 23:30,14.28,21.75
3959,6/25/2022 23:40,14.28,21.66
3960,6/25/2022 23:50,13.9,21.49
3961,6/26/2022 0:00,13.9,21.4
3962,6/26/2022 0:10,13.81,21.4
3963,6/26/2022 0:20,14.03,21.49
3964,6/26/2022 0:30,14.03,21.53
3965,6/26/2022 0:40,13.68,21.49
3966,6/26/2022 0:50,13.68,21.49
3967,6/26/2022 1:00,13.68,21.53
3968,6/26/2022 1:10,13.6,21.53
3969,6/26/2022 1:20,13.51,21.49
3970,6/26/2022 1:30,13.34,21.49
3971,6/26/2022 1:40,13.3,21.45
3972,6/26/2022 1:50,13.25,21.45
3973,6/26/2022 2:00,13.25,21.36
3974,6/26/2022 2:10,13.55,21.28
3975,6/26/2022 2:20,13.47,21.23
3976,6/26/2022 2:30,13.38,21.19
3977,6/26/2022 2:40,13.17,21.15
3978,6/26/2022 2:50,13.21,21.19
3979,6/26/2022 3:00,13.21,21.19
3980,6/26/2022 3:10,13.12,21.19
3981,6/26/2022 3:20,13.17,21.1
3982,6/26/2022 3:30,13.08,21.02
3983,6/26/2022 3:40,13.08,20.93
3984,6/26/2022 3:50,13.08,20.85
3985,6/26/2022 4:00,12.91,20.72
3986,6/26/2022 4:10,12.87,20.68
3987,6/26/2022 4:20,12.78,20.46
3988,6/26/2022 4:30,12.78,20.2
3989,6/26/2022 4:40,12.65,17.59
3990,6/26/2022 4:50,12.52,13.85
3991,6/26/2022 5:00,12.52,13.21
3992,6/26/2022 5:10,12.61,13.17
3993,6/26/2022 5:20,12.61,13.08
3994,6/26/2022 5:30,12.44,12.91
3995,6/26/2022 5:40,12.44,12.87
3996,6/26/2022 5:50,12.48,12.91
3997,6/26/2022 6:00,12.61,13
3998,6/26/2022 6:10,12.52,12.91
3999,6/26/2022 6:20,12.61,13.04
4000,6/26/2022 6:30,12.65,13.3
4001,6/26/2022 6:40,12.78,13.47
4002,6/26/2022 6:50,12.91,13.55
4003,6/26/2022 7:00,12.95,13.51
4004,6/26/2022 7:10,12.95,13.47
4005,6/26/2022 7:20,12.91,13.68
4006,6/26/2022 7:30,13,13.77
4007,6/26/2022 7:40,13,14.07
4008,6/26/2022 7:50,13.12,14.07
4009,6/26/2022 8:00,13.21,14.58
4010,6/26/2022 8:10,13.38,14.75
4011,6/26/2022 8:20,13.38,16.34
4012,6/26/2022 8:30,13.47,18.62
4013,6/26/2022 8:40,13.77,19.39
4014,6/26/2022 8:50,13.98,19.86
4015,6/26/2022 9:00,14.07,20.25
4016,6/26/2022 9:10,14.28,20.59
4017,6/26/2022 9:20,14.63,20.72
4018,6/26/2022 9:30,14.75,20.85
4019,6/26/2022 9:40,14.97,21.06
4020,6/26/2022 9:50,15.01,21.23
4021,6/26/2022 10:00,15.06,21.45
4022,6/26/2022 10:10,15.31,21.49
4023,6/26/2022 10:20,15.36,21.62
4024,6/26/2022 10:30,15.48,21.7
4025,6/26/2022 10:40,15.83,21.83
4026,6/26/2022 10:50,16.04,21.88
4027,6/26/2022 11:00,16.04,22.05
4028,6/26/2022 11:10,16.34,22.09
4029,6/26/2022 11:20,16.64,22.22
4030,6/26/2022 11:30,16.94,22.26
4031,6/26/2022 11:40,17.33,22.31
4032,6/26/2022 11:50,17.46,22.35
4033,6/26/2022 12:00,17.41,22.52
4034,6/26/2022 12:10,17.37,22.65
4035,6/26/2022 12:20,17.59,22.73
4036,6/26/2022 12:30,17.59,22.95
4037,6/26/2022 12:40,17.72,23.03
4038,6/26/2022 12:50,17.8,23.21
4039,6/26/2022 13:00,17.89,23.38
4040,6/26/2022 13:10,17.93,23.42
4041,6/26/2022 13:20,18.06,23.59
4042,6/26/2022 13:30,18.32,23.72
4043,6/26/2022 13:40,18.36,23.81
4044,6/26/2022 13:50,18.4,24.28
4045,6/26/2022 14:00,18.4,24.41
4046,6/26/2022 14:10,18.44,24.54
4047,6/26/2022 14:20,18.74,24.58
4048,6/26/2022 14:30,18.74,24.71
4049,6/26/2022 14:40,18.53,25.01
4050,6/26/2022 14:50,18.19,25.31
4051,6/26/2022 15:00,18.02,25.57
4052,6/26/2022 15:10,17.84,26.17
4053,6/26/2022 15:20,17.72,26.51
4054,6/26/2022 15:30,17.67,25.61
4055,6/26/2022 15:40,17.8,25.01
4056,6/26/2022 15:50,17.46,25.18
4057,6/26/2022 16:00,17.24,25.09
4058,6/26/2022 16:10,16.99,24.71
4059,6/26/2022 16:20,16.77,24.62
4060,6/26/2022 16:30,16.47,25.14
4061,6/26/2022 16:40,16.34,25.74
4062,6/26/2022 16:50,16.26,26.12
4063,6/26/2022 17:00,16,25.95
4064,6/26/2022 17:10,15.83,25.82
4065,6/26/2022 17:20,15.57,25.52
4066,6/26/2022 17:30,15.53,25.27
4067,6/26/2022 17:40,15.48,25.05
4068,6/26/2022 17:50,15.44,24.75
4069,6/26/2022 18:00,15.27,24.58
4070,6/26/2022 18:10,15.1,24.28
4071,6/26/2022 18:20,14.97,24.19
4072,6/26/2022 18:30,14.84,24.06
4073,6/26/2022 18:40,14.88,23.68
4074,6/26/2022 18:50,14.71,23.59
4075,6/26/2022 19:00,14.75,23.42
4076,6/26/2022 19:10,14.71,23.25
4077,6/26/2022 19:20,14.5,23.08
4078,6/26/2022 19:30,14.63,22.86
4079,6/26/2022 19:40,14.63,22.91
4080,6/26/2022 19:50,14.45,23.16
4081,6/26/2022 20:00,14.41,23.29
4082,6/26/2022 20:10,14.54,23.16
4083,6/26/2022 20:20,14.54,22.95
4084,6/26/2022 20:30,14.54,22.86
4085,6/26/2022 20:40,14.67,22.86
4086,6/26/2022 20:50,14.45,22.82
4087,6/26/2022 21:00,14.41,22.78
4088,6/26/2022 21:10,14.54,22.73
4089,6/26/2022 21:20,14.71,22.61
4090,6/26/2022 21:30,14.67,22.56
4091,6/26/2022 21:40,14.71,22.56
4092,6/26/2022 21:50,14.97,22.52
4093,6/26/2022 22:00,15.57,22.43
4094,6/26/2022 22:10,16.9,22.39
4095,6/26/2022 22:20,18.53,22.39
4096,6/26/2022 22:30,20.07,22.35
4097,6/26/2022 22:40,20.33,22.35
4098,6/26/2022 22:50,19.3,22.31
4099,6/26/2022 23:00,18.79,22.22
4100,6/26/2022 23:10,18.19,22.22
4101,6/26/2022 23:20,17.5,22.01
4102,6/26/2022 23:30,16,21.96
4103,6/26/2022 23:40,15.01,22.09
4104,6/26/2022 23:50,14.54,22.31
4105,6/27/2022 0:00,14.37,22.18
4106,6/27/2022 0:10,14.2,22.18
4107,6/27/2022 0:20,14.2,22.18
4108,6/27/2022 0:30,14.03,21.96
4109,6/27/2022 0:40,13.77,21.92
4110,6/27/2022 0:50,14.2,21.83
4111,6/27/2022 1:00,14.07,21.75
4112,6/27/2022 1:10,13.77,21.66
4113,6/27/2022 1:20,13.64,21.7
4114,6/27/2022 1:30,13.6,21.66
4115,6/27/2022 1:40,13.47,21.66
4116,6/27/2022 1:50,13.38,21.7
4117,6/27/2022 2:00,13.47,21.7
4118,6/27/2022 2:10,13.43,21.62
4119,6/27/2022 2:20,13.21,21.58
4120,6/27/2022 2:30,13.47,21.53
4121,6/27/2022 2:40,13.34,21.49
4122,6/27/2022 2:50,13.17,21.36
4123,6/27/2022 3:00,13,21.4
4124,6/27/2022 3:10,13.08,21.32
4125,6/27/2022 3:20,12.82,21.28
4126,6/27/2022 3:30,12.82,21.1
4127,6/27/2022 3:40,12.95,20.98
4128,6/27/2022 3:50,12.82,20.76
4129,6/27/2022 4:00,12.74,20.55
4130,6/27/2022 4:10,12.91,20.16
4131,6/27/2022 4:20,12.61,20.03
4132,6/27/2022 4:30,12.87,19.95
4133,6/27/2022 4:40,12.87,19.82
4134,6/27/2022 4:50,12.61,19.52
4135,6/27/2022 5:00,12.52,18.87
4136,6/27/2022 5:10,12.61,16.3
4137,6/27/2022 5:20,12.65,13.98
4138,6/27/2022 5:30,12.52,13.64
4139,6/27/2022 5:40,12.61,13.77
4140,6/27/2022 5:50,12.82,13.68
4141,6/27/2022 6:00,12.7,13.64
4142,6/27/2022 6:10,12.78,13.55
4143,6/27/2022 6:20,12.78,13.6
4144,6/27/2022 6:30,12.74,13.55
4145,6/27/2022 6:40,12.91,13.77
4146,6/27/2022 6:50,12.91,13.64
4147,6/27/2022 7:00,12.95,13.64
4148,6/27/2022 7:10,12.91,13.68
4149,6/27/2022 7:20,12.95,13.68
4150,6/27/2022 7:30,12.87,13.85
4151,6/27/2022 7:40,13.17,13.94
4152,6/27/2022 7:50,12.95,13.98
4153,6/27/2022 8:00,13,13.94
4154,6/27/2022 8:10,13.04,13.98
4155,6/27/2022 8:20,13,14.07
4156,6/27/2022 8:30,13.12,14.24
4157,6/27/2022 8:40,13.12,14.45
4158,6/27/2022 8:50,13.25,14.54
4159,6/27/2022 9:00,13.25,14.54
4160,6/27/2022 9:10,13.38,14.71
4161,6/27/2022 9:20,13.38,17.24
4162,6/27/2022 9:30,13.51,18.1
4163,6/27/2022 9:40,13.43,18.49
4164,6/27/2022 9:50,13.51,18.83
4165,6/27/2022 10:00,13.6,19.22
4166,6/27/2022 10:10,13.6,19.65
4167,6/27/2022 10:20,13.68,19.6
4168,6/27/2022 10:30,13.73,19.73
4169,6/27/2022 10:40,13.81,19.95
4170,6/27/2022 10:50,13.9,20.29
4171,6/27/2022 11:00,13.98,20.42
4172,6/27/2022 11:10,14.07,20.46
4173,6/27/2022 11:20,14.2,20.63
4174,6/27/2022 11:30,14.45,20.72
4175,6/27/2022 11:40,14.5,20.93
4176,6/27/2022 11:50,14.67,21.1
4177,6/27/2022 12:00,14.84,21.23
4178,6/27/2022 12:10,14.8,21.4
4179,6/27/2022 12:20,14.93,21.49
4180,6/27/2022 12:30,14.93,21.66
4181,6/27/2022 12:40,15.06,21.62
4182,6/27/2022 12:50,15.27,21.66
4183,6/27/2022 13:00,15.27,21.66
4184,6/27/2022 13:10,15.4,21.79
4185,6/27/2022 13:20,15.48,21.92
4186,6/27/2022 13:30,15.48,21.96
4187,6/27/2022 13:40,15.57,22.05
4188,6/27/2022 13:50,15.61,22.18
4189,6/27/2022 14:00,15.66,22.31
4190,6/27/2022 14:10,15.74,22.35
4191,6/27/2022 14:20,15.53,22.48
4192,6/27/2022 14:30,15.66,22.48
4193,6/27/2022 14:40,15.4,22.52
4194,6/27/2022 14:50,15.27,22.39
4195,6/27/2022 15:00,15.48,22.18
4196,6/27/2022 15:10,15.36,22.18
4197,6/27/2022 15:20,15.4,22.18
4198,6/27/2022 15:30,15.31,22.13
4199,6/27/2022 15:40,15.31,22.09
4200,6/27/2022 15:50,15.4,21.96
4201,6/27/2022 16:00,15.27,21.88
4202,6/27/2022 16:10,15.4,21.92
4203,6/27/2022 16:20,15.36,21.83
4204,6/27/2022 16:30,15.27,21.66
4205,6/27/2022 16:40,15.31,21.58
4206,6/27/2022 16:50,15.14,21.62
4207,6/27/2022 17:00,15.14,21.45
4208,6/27/2022 17:10,15.06,21.45
4209,6/27/2022 17:20,15.1,21.4
4210,6/27/2022 17:30,14.97,21.45
4211,6/27/2022 17:40,14.84,21.45
4212,6/27/2022 17:50,14.75,21.4
4213,6/27/2022 18:00,14.67,21.36
4214,6/27/2022 18:10,14.67,21.36
4215,6/27/2022 18:20,14.63,21.28
4216,6/27/2022 18:30,14.58,21.28
4217,6/27/2022 18:40,14.5,21.19
4218,6/27/2022 18:50,14.54,21.15
4219,6/27/2022 19:00,14.28,21.06
4220,6/27/2022 19:10,14.24,20.98
4221,6/27/2022 19:20,14.33,20.89
4222,6/27/2022 19:30,14.28,20.8
4223,6/27/2022 19:40,14.28,20.76
4224,6/27/2022 19:50,14.33,20.68
4225,6/27/2022 20:00,14.41,20.72
4226,6/27/2022 20:10,14.37,20.63
4227,6/27/2022 20:20,14.37,20.68
4228,6/27/2022 20:30,14.2,20.72
4229,6/27/2022 20:40,14.15,20.68
4230,6/27/2022 20:50,14.33,20.72
4231,6/27/2022 21:00,14.03,20.68
4232,6/27/2022 21:10,14.15,20.68
4233,6/27/2022 21:20,13.94,20.5
4234,6/27/2022 21:30,13.94,20.5
4235,6/27/2022 21:40,13.9,20.46
4236,6/27/2022 21:50,14.03,20.5
4237,6/27/2022 22:00,14.24,20.5
4238,6/27/2022 22:10,14.37,20.59
4239,6/27/2022 22:20,14.33,20.55
4240,6/27/2022 22:30,14.75,20.46
4241,6/27/2022 22:40,17.11,20.37
4242,6/27/2022 22:50,18.92,20.29
4243,6/27/2022 23:00,19.77,20.37
4244,6/27/2022 23:10,19.52,20.42
4245,6/27/2022 23:20,19.6,20.37
4246,6/27/2022 23:30,19.65,20.42
4247,6/27/2022 23:40,19.56,20.33
4248,6/27/2022 23:50,18.62,20.25
4249,6/28/2022 0:00,17.5,20.16
4250,6/28/2022 0:10,15.74,20.25
4251,6/28/2022 0:20,14.54,20.29
4252,6/28/2022 0:30,14.03,20.29
4253,6/28/2022 0:40,13.94,20.2
4254,6/28/2022 0:50,13.94,20.12
4255,6/28/2022 1:00,13.68,19.99
4256,6/28/2022 1:10,13.64,19.9
4257,6/28/2022 1:20,13.47,19.9
4258,6/28/2022 1:30,13.43,19.77
4259,6/28/2022 1:40,13.43,19.73
4260,6/28/2022 1:50,13.51,19.69
4261,6/28/2022 2:00,13.3,19.73
4262,6/28/2022 2:10,13.38,19.65
4263,6/28/2022 2:20,13.21,19.47
4264,6/28/2022 2:30,13.17,19.47
4265,6/28/2022 2:40,13.21,19.47
4266,6/28/2022 2:50,13.12,19.52
4267,6/28/2022 3:00,13.08,19.47
4268,6/28/2022 3:10,13.04,19.39
4269,6/28/2022 3:20,12.95,19.35
4270,6/28/2022 3:30,12.91,19.22
4271,6/28/2022 3:40,12.91,18.92
4272,6/28/2022 3:50,13.08,18.53
4273,6/28/2022 4:00,13,18.36
4274,6/28/2022 4:10,13.04,18.36
4275,6/28/2022 4:20,12.91,18.36
4276,6/28/2022 4:30,13,18.4
4277,6/28/2022 4:40,13.17,18.44
4278,6/28/2022 4:50,12.95,18.44
4279,6/28/2022 5:00,12.91,18.4
4280,6/28/2022 5:10,12.91,18.19
4281,6/28/2022 5:20,13,17.67
4282,6/28/2022 5:30,12.78,17.24
4283,6/28/2022 5:40,12.74,14.97
4284,6/28/2022 5:50,12.57,13.17
4285,6/28/2022 6:00,12.65,12.95
4286,6/28/2022 6:10,12.61,12.87
4287,6/28/2022 6:20,12.65,12.82
4288,6/28/2022 6:30,12.74,12.74
4289,6/28/2022 6:40,12.65,12.82
4290,6/28/2022 6:50,12.61,12.95
4291,6/28/2022 7:00,12.82,13.04
4292,6/28/2022 7:10,12.91,13.21
4293,6/28/2022 7:20,12.91,13.25
4294,6/28/2022 7:30,12.87,13.3
4295,6/28/2022 7:40,13.04,13.47
4296,6/28/2022 7:50,13.12,13.51
4297,6/28/2022 8:00,13.12,13.47
4298,6/28/2022 8:10,13.38,13.47
4299,6/28/2022 8:20,13.64,14.15
4300,6/28/2022 8:30,13.9,14.45
4301,6/28/2022 8:40,14.11,14.58
4302,6/28/2022 8:50,14.24,14.93
4303,6/28/2022 9:00,14.24,15.01
4304,6/28/2022 9:10,14.54,15.53
4305,6/28/2022 9:20,14.58,15.78
4306,6/28/2022 9:30,14.58,15.96
4307,6/28/2022 9:40,14.88,16.34
4308,6/28/2022 9:50,15.14,16.08
4309,6/28/2022 10:00,15.23,16.69
4310,6/28/2022 10:10,15.31,21.15
4311,6/28/2022 10:20,15.14,21.02
4312,6/28/2022 10:30,15.14,20.55
4313,6/28/2022 10:40,15.31,20.46
4314,6/28/2022 10:50,15.27,20.46
4315,6/28/2022 11:00,15.36,20.55
4316,6/28/2022 11:10,15.4,20.63
4317,6/28/2022 11:20,15.61,20.76
4318,6/28/2022 11:30,15.91,20.85
4319,6/28/2022 11:40,16.08,20.98
4320,6/28/2022 11:50,15.96,21.1
4321,6/28/2022 12:00,16.17,21.19
4322,6/28/2022 12:10,16.3,21.19
4323,6/28/2022 12:20,16.26,21.1
4324,6/28/2022 12:30,16.21,21.1
4325,6/28/2022 12:40,16.17,21.15
4326,6/28/2022 12:50,16.26,21.19
4327,6/28/2022 13:00,16.43,21.23
4328,6/28/2022 13:10,16.34,21.19
4329,6/28/2022 13:20,16.3,21.23
4330,6/28/2022 13:30,16.43,21.23
4331,6/28/2022 13:40,16.43,21.32
4332,6/28/2022 13:50,16.39,21.4
4333,6/28/2022 14:00,16.56,21.62
4334,6/28/2022 14:10,16.56,21.75
4335,6/28/2022 14:20,16.56,22.09
4336,6/28/2022 14:30,16.73,22.48
4337,6/28/2022 14:40,16.77,22.86
4338,6/28/2022 14:50,16.81,22.73
4339,6/28/2022 15:00,16.86,22.39
4340,6/28/2022 15:10,16.81,22.35
4341,6/28/2022 15:20,16.9,22.56
4342,6/28/2022 15:30,16.9,22.78
4343,6/28/2022 15:40,16.9,23.21
4344,6/28/2022 15:50,16.94,23.34
4345,6/28/2022 16:00,16.77,23.16
4346,6/28/2022 16:10,16.69,23.03
4347,6/28/2022 16:20,16.64,22.35
4348,6/28/2022 16:30,16.73,22.13
4349,6/28/2022 16:40,16.64,22.09
4350,6/28/2022 16:50,16.6,22.05
4351,6/28/2022 17:00,16.6,21.96
4352,6/28/2022 17:10,16.56,21.88
4353,6/28/2022 17:20,16.56,21.92
4354,6/28/2022 17:30,16.43,21.92
4355,6/28/2022 17:40,16.56,21.96
4356,6/28/2022 17:50,16.47,21.92
4357,6/28/2022 18:00,16.3,21.88
4358,6/28/2022 18:10,16.34,22.05
4359,6/28/2022 18:20,16.43,21.92
4360,6/28/2022 18:30,16.26,21.83
4361,6/28/2022 18:40,16.13,21.53
4362,6/28/2022 18:50,16.17,21.36
4363,6/28/2022 19:00,16.08,21.32
4364,6/28/2022 19:10,15.87,21.53
4365,6/28/2022 19:20,15.83,21.45
4366,6/28/2022 19:30,15.7,21.36
4367,6/28/2022 19:40,15.57,21.32
4368,6/28/2022 19:50,15.36,21.15
4369,6/28/2022 20:00,15.06,21.02
4370,6/28/2022 20:10,14.93,20.93
4371,6/28/2022 20:20,14.84,21.19
4372,6/28/2022 20:30,14.75,21.28
4373,6/28/2022 20:40,14.75,21.23
4374,6/28/2022 20:50,14.67,21.06
4375,6/28/2022 21:00,14.71,21.02
4376,6/28/2022 21:10,14.75,20.89
4377,6/28/2022 21:20,14.67,21.02
4378,6/28/2022 21:30,14.75,21.28
4379,6/28/2022 21:40,14.71,21.23
4380,6/28/2022 21:50,14.75,21.15
4381,6/28/2022 22:00,14.8,21.23
4382,6/28/2022 22:10,14.84,21.15
4383,6/28/2022 22:20,15.06,21.15
4384,6/28/2022 22:30,15.01,21.1
4385,6/28/2022 22:40,14.93,20.98
4386,6/28/2022 22:50,15.06,20.98
4387,6/28/2022 23:00,16.08,20.98
4388,6/28/2022 23:10,17.67,20.93
4389,6/28/2022 23:20,18.96,20.93
4390,6/28/2022 23:30,19.17,20.89
4391,6/28/2022 23:40,19.43,20.85
4392,6/28/2022 23:50,19.69,20.8
4393,6/29/2022 0:00,19.43,20.8
4394,6/29/2022 0:10,18.7,20.72
4395,6/29/2022 0:20,18.66,20.68
4396,6/29/2022 0:30,18.32,20.59
4397,6/29/2022 0:40,16.51,20.55
4398,6/29/2022 0:50,14.67,20.55
4399,6/29/2022 1:00,14.28,20.59
4400,6/29/2022 1:10,14.11,20.63
4401,6/29/2022 1:20,14.03,20.5
4402,6/29/2022 1:30,13.9,20.46
4403,6/29/2022 1:40,13.94,20.42
4404,6/29/2022 1:50,13.94,20.42
4405,6/29/2022 2:00,13.81,20.37
4406,6/29/2022 2:10,13.81,20.29
4407,6/29/2022 2:20,13.73,20.29
4408,6/29/2022 2:30,13.73,20.2
4409,6/29/2022 2:40,13.77,20.16
4410,6/29/2022 2:50,13.6,20.07
4411,6/29/2022 3:00,13.6,19.99
4412,6/29/2022 3:10,13.51,19.95
4413,6/29/2022 3:20,13.43,19.9
4414,6/29/2022 3:30,13.47,19.86
4415,6/29/2022 3:40,13.34,19.77
4416,6/29/2022 3:50,13.43,19.69
4417,6/29/2022 4:00,13.43,19.6
4418,6/29/2022 4:10,13.3,19.47
4419,6/29/2022 4:20,13.04,19
4420,6/29/2022 4:30,13,18.53
4421,6/29/2022 4:40,12.87,18.32
4422,6/29/2022 4:50,12.78,18.66
4423,6/29/2022 5:00,12.78,18.74
4424,6/29/2022 5:10,12.74,18.79
4425,6/29/2022 5:20,12.61,18.7
4426,6/29/2022 5:30,12.57,18.7
4427,6/29/2022 5:40,12.7,18.57
4428,6/29/2022 5:50,12.52,18.02
4429,6/29/2022 6:00,12.52,17.63
4430,6/29/2022 6:10,12.48,16.47
4431,6/29/2022 6:20,12.44,13.81
4432,6/29/2022 6:30,12.18,13.17
4433,6/29/2022 6:40,12.18,13.08
4434,6/29/2022 6:50,12.22,12.95
4435,6/29/2022 7:00,12.1,13.04
4436,6/29/2022 7:10,12.14,13.12
4437,6/29/2022 7:20,12.31,13.25
4438,6/29/2022 7:30,12.35,13.34
4439,6/29/2022 7:40,12.31,13.38
4440,6/29/2022 7:50,12.57,13.6
4441,6/29/2022 8:00,12.52,13.73
4442,6/29/2022 8:10,12.61,13.94
4443,6/29/2022 8:20,12.65,14.03
4444,6/29/2022 8:30,12.78,14.07
4445,6/29/2022 8:40,12.4,14.11
4446,6/29/2022 8:50,12.61,14.2
4447,6/29/2022 9:00,12.7,14.58
4448,6/29/2022 9:10,12.74,14.67
4449,6/29/2022 9:20,12.82,14.67
4450,6/29/2022 9:30,12.91,14.88
4451,6/29/2022 9:40,12.82,15.06
4452,6/29/2022 9:50,12.87,15.44
4453,6/29/2022 10:00,13.21,15.87
4454,6/29/2022 10:10,13.34,16.56
4455,6/29/2022 10:20,13.6,16.94
4456,6/29/2022 10:30,13.47,17.07
4457,6/29/2022 10:40,13.34,17.63
4458,6/29/2022 10:50,13.21,19.56
4459,6/29/2022 11:00,13.04,19.65
4460,6/29/2022 11:10,13.21,19.73
4461,6/29/2022 11:20,13.68,19.77
4462,6/29/2022 11:30,13.55,19.73
4463,6/29/2022 11:40,13.81,19.77
4464,6/29/2022 11:50,13.85,19.86
4465,6/29/2022 12:00,14.28,19.99
4466,6/29/2022 12:10,14.2,20.07
4467,6/29/2022 12:20,14.33,20.07
4468,6/29/2022 12:30,14.33,20.16
4469,6/29/2022 12:40,14.2,20.2
4470,6/29/2022 12:50,14.11,20.16
4471,6/29/2022 13:00,13.9,20.12
4472,6/29/2022 13:10,13.81,20.12
4473,6/29/2022 13:20,13.9,20.07
4474,6/29/2022 13:30,14.2,20.07
4475,6/29/2022 13:40,14.33,20.2
4476,6/29/2022 13:50,14.54,20.29
4477,6/29/2022 14:00,14.54,20.37
4478,6/29/2022 14:10,14.5,20.33
4479,6/29/2022 14:20,14.5,20.42
4480,6/29/2022 14:30,14.58,20.46
4481,6/29/2022 14:40,14.54,20.55
4482,6/29/2022 14:50,14.5,20.63
4483,6/29/2022 15:00,14.45,20.63
4484,6/29/2022 15:10,14.5,20.72
4485,6/29/2022 15:20,14.41,20.72
4486,6/29/2022 15:30,14.24,20.76
4487,6/29/2022 15:40,14.33,20.89
4488,6/29/2022 15:50,14.24,21.1
4489,6/29/2022 16:00,14.03,21.15
4490,6/29/2022 16:10,13.85,20.98
4491,6/29/2022 16:20,13.77,21.06
4492,6/29/2022 16:30,13.73,21.23
4493,6/29/2022 16:40,13.55,21.28
4494,6/29/2022 16:50,13.51,21.28
4495,6/29/2022 17:00,13.55,21.23
4496,6/29/2022 17:10,13.43,21.1
4497,6/29/2022 17:20,13.51,21.06
4498,6/29/2022 17:30,13.34,21.02
4499,6/29/2022 17:40,13.25,20.85
4500,6/29/2022 17:50,13.17,20.07
4501,6/29/2022 18:00,13.12,20.03
4502,6/29/2022 18:10,12.95,19.99
4503,6/29/2022 18:20,13,19.99
4504,6/29/2022 18:30,13,19.95
4505,6/29/2022 18:40,13.3,19.9
4506,6/29/2022 18:50,13.51,19.82
4507,6/29/2022 19:00,13.64,19.77
4508,6/29/2022 19:10,13.64,19.82
4509,6/29/2022 19:20,13.51,19.65
4510,6/29/2022 19:30,13.55,19.52
4511,6/29/2022 19:40,13.55,19.47
4512,6/29/2022 19:50,13.64,19.52
4513,6/29/2022 20:00,13.64,19.52
4514,6/29/2022 20:10,13.51,19.56
4515,6/29/2022 20:20,13.47,19.6
4516,6/29/2022 20:30,13.47,19.56
4517,6/29/2022 20:40,13.55,19.56
4518,6/29/2022 20:50,13.43,19.47
4519,6/29/2022 21:00,13.51,19.35
4520,6/29/2022 21:10,13.38,19.35
4521,6/29/2022 21:20,13.34,19.43
4522,6/29/2022 21:30,13.34,19.47
4523,6/29/2022 21:40,13.3,19.47
4524,6/29/2022 21:50,13.3,19.17
4525,6/29/2022 22:00,13.34,19.05
4526,6/29/2022 22:10,13.17,19.05
4527,6/29/2022 22:20,13.3,19.13
4528,6/29/2022 22:30,13.25,19.17
4529,6/29/2022 22:40,13.51,19.05
4530,6/29/2022 22:50,13.55,19.05
4531,6/29/2022 23:00,13.38,19.05
4532,6/29/2022 23:10,13.55,19.22
4533,6/29/2022 23:20,13.6,19.3
4534,6/29/2022 23:30,13.51,19.3
4535,6/29/2022 23:40,13.47,19.3
4536,6/29/2022 23:50,13.55,19.26
4537,6/30/2022 0:00,13.6,19.3
4538,6/30/2022 0:10,13.64,19.26
4539,6/30/2022 0:20,13.47,19.3
4540,6/30/2022 0:30,13.38,19.35
4541,6/30/2022 0:40,13.34,19.39
4542,6/30/2022 0:50,13.38,19.39
4543,6/30/2022 1:00,13.21,19.43
4544,6/30/2022 1:10,12.95,19.39
4545,6/30/2022 1:20,12.61,19.43
4546,6/30/2022 1:30,12.4,19.35
4547,6/30/2022 1:40,12.27,19.3
4548,6/30/2022 1:50,12.22,19.3
4549,6/30/2022 2:00,12.01,19.26
4550,6/30/2022 2:10,12.01,19.26
4551,6/30/2022 2:20,12.01,19.22
4552,6/30/2022 2:30,11.88,19.09
4553,6/30/2022 2:40,11.97,19.09
4554,6/30/2022 2:50,11.75,19
4555,6/30/2022 3:00,11.84,18.96
4556,6/30/2022 3:10,11.62,18.96
4557,6/30/2022 3:20,11.71,18.87
4558,6/30/2022 3:30,11.54,18.92
4559,6/30/2022 3:40,11.67,18.92
4560,6/30/2022 3:50,11.79,18.83
4561,6/30/2022 4:00,11.71,18.79
4562,6/30/2022 4:10,11.62,18.74
4563,6/30/2022 4:20,11.58,18.66
4564,6/30/2022 4:30,11.58,18.66
4565,6/30/2022 4:40,11.58,18.7
4566,6/30/2022 4:50,11.62,18.7
4567,6/30/2022 5:00,11.58,18.62
4568,6/30/2022 5:10,11.49,18.53
4569,6/30/2022 5:20,11.62,18.49
4570,6/30/2022 5:30,11.19,18.36
4571,6/30/2022 5:40,10.98,18.27
4572,6/30/2022 5:50,10.89,18.1
4573,6/30/2022 6:00,11.02,18.02
4574,6/30/2022 6:10,11.24,17.93
4575,6/30/2022 6:20,11.11,17.8
4576,6/30/2022 6:30,11.02,17.41
4577,6/30/2022 6:40,10.98,16
4578,6/30/2022 6:50,11.15,12.31
4579,6/30/2022 7:00,11.19,11.88
4580,6/30/2022 7:10,11.24,11.88
4581,6/30/2022 7:20,11.28,12.05
4582,6/30/2022 7:30,11.32,11.88
4583,6/30/2022 7:40,11.32,12.14
4584,6/30/2022 7:50,11.37,12.78
4585,6/30/2022 8:00,11.37,12.74
4586,6/30/2022 8:10,11.45,12.95
4587,6/30/2022 8:20,11.62,13
4588,6/30/2022 8:30,11.71,13.3
4589,6/30/2022 8:40,11.88,13.51
4590,6/30/2022 8:50,11.84,14.03
4591,6/30/2022 9:00,11.92,14.2
4592,6/30/2022 9:10,12.1,14.67
4593,6/30/2022 9:20,12.31,14.97
4594,6/30/2022 9:30,12.52,15.4
4595,6/30/2022 9:40,12.7,16.17
4596,6/30/2022 9:50,12.91,16.51
4597,6/30/2022 10:00,12.95,17.63
4598,6/30/2022 10:10,13.17,19.22
4599,6/30/2022 10:20,13.12,21.28
4600,6/30/2022 10:30,13.04,21.4
4601,6/30/2022 10:40,13.08,21.36
4602,6/30/2022 10:50,13.08,20.76
4603,6/30/2022 11:00,13.08,20.37
4604,6/30/2022 11:10,13.08,20.29
4605,6/30/2022 11:20,13.08,24.58
4606,6/30/2022 11:30,13.34,24.92
4607,6/30/2022 11:40,13.38,24.58
4608,6/30/2022 11:50,13.17,23.64
4609,6/30/2022 12:00,13.17,23.42
4610,6/30/2022 12:10,13.34,22.48
4611,6/30/2022 12:20,13.51,21.92
4612,6/30/2022 12:30,13.64,21.83
4613,6/30/2022 12:40,13.64,21.7
4614,6/30/2022 12:50,13.77,21.83
4615,6/30/2022 13:00,13.73,22.13
4616,6/30/2022 13:10,13.64,22.26
4617,6/30/2022 13:20,13.77,22.52
4618,6/30/2022 13:30,13.85,22.31
4619,6/30/2022 13:40,13.68,21.96
4620,6/30/2022 13:50,14.07,21.88
4621,6/30/2022 14:00,14.11,21.66
4622,6/30/2022 14:10,13.9,21.28
4623,6/30/2022 14:20,14.03,21.15
4624,6/30/2022 14:30,14.2,21.1
4625,6/30/2022 14:40,14.41,21.02
4626,6/30/2022 14:50,14.41,21.06
4627,6/30/2022 15:00,14.67,21.1
4628,6/30/2022 15:10,14.67,21.1
4629,6/30/2022 15:20,14.67,21.28
4630,6/30/2022 15:30,14.71,21.49
4631,6/30/2022 15:40,14.63,21.62
4632,6/30/2022 15:50,14.71,22.22
4633,6/30/2022 16:00,14.67,22.69
4634,6/30/2022 16:10,14.63,22.99
4635,6/30/2022 16:20,14.71,23.25
4636,6/30/2022 16:30,14.63,23.46
4637,6/30/2022 16:40,14.84,23.76
4638,6/30/2022 16:50,14.84,23.85
4639,6/30/2022 17:00,14.67,23.98
4640,6/30/2022 17:10,14.84,23.98
4641,6/30/2022 17:20,14.71,23.98
4642,6/30/2022 17:30,14.63,23.98
4643,6/30/2022 17:40,14.71,24.02
4644,6/30/2022 17:50,14.41,23.89
4645,6/30/2022 18:00,14.54,23.51
4646,6/30/2022 18:10,14.37,21.58
4647,6/30/2022 18:20,14.41,21.23
4648,6/30/2022 18:30,14.07,21.19
4649,6/30/2022 18:40,13.98,21.06
4650,6/30/2022 18:50,13.98,20.89
4651,6/30/2022 19:00,13.9,20.85
4652,6/30/2022 19:10,13.77,20.93
4653,6/30/2022 19:20,13.64,21.06
4654,6/30/2022 19:30,13.64,20.89
4655,6/30/2022 19:40,13.85,20.46
4656,6/30/2022 19:50,13.77,20.29
4657,6/30/2022 20:00,13.55,20.37
4658,6/30/2022 20:10,13.51,20.37
4659,6/30/2022 20:20,13.6,20.46
4660,6/30/2022 20:30,13.68,20.03
4661,6/30/2022 20:40,13.6,19.82
4662,6/30/2022 20:50,13.51,19.69
4663,6/30/2022 21:00,13.6,19.73
4664,6/30/2022 21:10,13.43,19.69
4665,6/30/2022 21:20,13.51,19.69
4666,6/30/2022 21:30,13.43,19.77
4667,6/30/2022 21:40,13.34,19.95
4668,6/30/2022 21:50,13.25,19.73
4669,6/30/2022 22:00,13.17,19.65
4670,6/30/2022 22:10,13.3,19.65
4671,6/30/2022 22:20,13.25,19.65
4672,6/30/2022 22:30,13.21,19.73
4673,6/30/2022 22:40,13.25,19.77
4674,6/30/2022 22:50,13.08,20.07
4675,6/30/2022 23:00,13.25,19.99
4676,6/30/2022 23:10,13.21,19.82
4677,6/30/2022 23:20,13.17,19.65
4678,6/30/2022 23:30,13.34,19.69
4679,6/30/2022 23:40,13.3,19.77
4680,6/30/2022 23:50,13.43,19.9
4681,7/1/2022 0:00,13.9,19.99
4682,7/1/2022 0:10,13.6,19.99
4683,7/1/2022 0:20,14.45,19.95
4684,7/1/2022 0:30,15.18,19.9
4685,7/1/2022 0:40,16.04,19.82
4686,7/1/2022 0:50,15.23,19.82
4687,7/1/2022 1:00,15.61,19.77
4688,7/1/2022 1:10,15.61,19.77
4689,7/1/2022 1:20,15.48,19.77
4690,7/1/2022 1:30,13.68,19.77
4691,7/1/2022 1:40,12.91,19.73
4692,7/1/2022 1:50,12.87,19.65
4693,7/1/2022 2:00,12.57,19.6
4694,7/1/2022 2:10,12.4,19.47
4695,7/1/2022 2:20,12.1,19.52
4696,7/1/2022 2:30,11.97,19.52
4697,7/1/2022 2:40,11.79,19.47
4698,7/1/2022 2:50,11.71,19.35
4699,7/1/2022 3:00,11.67,19.26
4700,7/1/2022 3:10,11.45,19.22
4701,7/1/2022 3:20,11.54,19.22
4702,7/1/2022 3:30,11.24,19.17
4703,7/1/2022 3:40,11.28,19.17
4704,7/1/2022 3:50,11.24,19.13
4705,7/1/2022 4:00,10.98,18.96
4706,7/1/2022 4:10,11.07,18.96
4707,7/1/2022 4:20,10.94,18.96
4708,7/1/2022 4:30,11.07,18.87
4709,7/1/2022 4:40,10.85,18.79
4710,7/1/2022 4:50,10.89,18.83
4711,7/1/2022 5:00,11.02,18.74
4712,7/1/2022 5:10,11.07,18.74
4713,7/1/2022 5:20,10.81,18.74
4714,7/1/2022 5:30,10.89,18.7
4715,7/1/2022 5:40,10.81,18.62
4716,7/1/2022 5:50,10.94,18.57
4717,7/1/2022 6:00,10.68,18.49
4718,7/1/2022 6:10,10.89,18.44
4719,7/1/2022 6:20,10.51,18.36
4720,7/1/2022 6:30,10.72,18.23
4721,7/1/2022 6:40,10.85,18.1
4722,7/1/2022 6:50,10.81,18.06
4723,7/1/2022 7:00,10.94,17.84
4724,7/1/2022 7:10,10.94,17.41
4725,7/1/2022 7:20,11.02,13.73
4726,7/1/2022 7:30,11.11,12.65
4727,7/1/2022 7:40,10.64,12.22
4728,7/1/2022 7:50,10.55,12.05
4729,7/1/2022 8:00,10.46,12.1
4730,7/1/2022 8:10,10.64,12.4
4731,7/1/2022 8:20,10.77,12.74
4732,7/1/2022 8:30,10.94,13
4733,7/1/2022 8:40,11.11,13.9
4734,7/1/2022 8:50,11.37,14.11
4735,7/1/2022 9:00,11.58,14.33
4736,7/1/2022 9:10,11.79,14.33
4737,7/1/2022 9:20,11.92,14.88
4738,7/1/2022 9:30,12.31,15.27
4739,7/1/2022 9:40,12.31,15.74
4740,7/1/2022 9:50,12.52,16.56
4741,7/1/2022 10:00,12.4,16.56
4742,7/1/2022 10:10,12.52,17.03
4743,7/1/2022 10:20,12.65,17.16
4744,7/1/2022 10:30,12.78,16.99
4745,7/1/2022 10:40,12.95,17.37
4746,7/1/2022 10:50,13.21,17.89
4747,7/1/2022 11:00,13.43,18.36
4748,7/1/2022 11:10,13.9,19.09
4749,7/1/2022 11:20,14.33,19.52
4750,7/1/2022 11:30,14.63,19.69
4751,7/1/2022 11:40,14.58,19.47
4752,7/1/2022 11:50,14.63,23.12
4753,7/1/2022 12:00,14.45,27.41
4754,7/1/2022 12:10,14.33,26.94
4755,7/1/2022 12:20,14.15,25.65
4756,7/1/2022 12:30,13.81,24.36
4757,7/1/2022 12:40,14.07,23.76
4758,7/1/2022 12:50,13.85,23.38
4759,7/1/2022 13:00,13.51,23.46
4760,7/1/2022 13:10,13.34,23.55
4761,7/1/2022 13:20,13.6,23.72
4762,7/1/2022 13:30,13.68,23.38
4763,7/1/2022 13:40,13.64,22.86
4764,7/1/2022 13:50,13.9,22.65
4765,7/1/2022 14:00,13.81,22.65
4766,7/1/2022 14:10,13.9,22.26
4767,7/1/2022 14:20,14.07,21.92
4768,7/1/2022 14:30,14.2,21.58
4769,7/1/2022 14:40,14.15,21.36
4770,7/1/2022 14:50,13.94,21.32
4771,7/1/2022 15:00,13.9,21.19
4772,7/1/2022 15:10,13.68,21.1
4773,7/1/2022 15:20,13.6,21.02
4774,7/1/2022 15:30,13.64,21.02
4775,7/1/2022 15:40,13.73,21.02
4776,7/1/2022 15:50,13.6,21.4
4777,7/1/2022 16:00,13.6,21.45
4778,7/1/2022 16:10,13.81,21.66
4779,7/1/2022 16:20,13.64,21.1
4780,7/1/2022 16:30,13.6,20.98
4781,7/1/2022 16:40,13.73,21.23
4782,7/1/2022 16:50,13.6,21.66
4783,7/1/2022 17:00,13.47,22.05
4784,7/1/2022 17:10,13.47,22.39
4785,7/1/2022 17:20,13.64,22.56
4786,7/1/2022 17:30,13.64,22.65
4787,7/1/2022 17:40,13.47,22.65
4788,7/1/2022 17:50,13.51,22.39
4789,7/1/2022 18:00,13.38,22.31
4790,7/1/2022 18:10,13.47,22.09
4791,7/1/2022 18:20,13.51,20.76
4792,7/1/2022 18:30,13.55,19.95
4793,7/1/2022 18:40,13.3,19.82
4794,7/1/2022 18:50,13.47,19.77
4795,7/1/2022 19:00,13.43,19.99
4796,7/1/2022 19:10,13.34,20.12
4797,7/1/2022 19:20,13.25,20.42
4798,7/1/2022 19:30,13.08,20.25
4799,7/1/2022 19:40,13.04,20.03
4800,7/1/2022 19:50,13,19.77
4801,7/1/2022 20:00,12.95,19.77
4802,7/1/2022 20:10,13,19.86
4803,7/1/2022 20:20,12.87,19.86
4804,7/1/2022 20:30,12.78,19.95
4805,7/1/2022 20:40,12.87,19.95
4806,7/1/2022 20:50,12.87,19.77
4807,7/1/2022 21:00,12.65,19.52
4808,7/1/2022 21:10,12.74,19.39
4809,7/1/2022 21:20,12.78,19.39
4810,7/1/2022 21:30,12.91,19.6
4811,7/1/2022 21:40,12.7,19.73
4812,7/1/2022 21:50,12.87,19.52
4813,7/1/2022 22:00,12.87,19.39
4814,7/1/2022 22:10,12.87,19.35
4815,7/1/2022 22:20,12.78,19.26
4816,7/1/2022 22:30,13,19.26
4817,7/1/2022 22:40,12.87,19.3
4818,7/1/2022 22:50,12.95,19.56
4819,7/1/2022 23:00,12.82,19.43
4820,7/1/2022 23:10,13,19.22
4821,7/1/2022 23:20,13.04,19.26
4822,7/1/2022 23:30,13.08,19.26
4823,7/1/2022 23:40,13.08,19.3
4824,7/1/2022 23:50,13.08,19.35
4825,7/2/2022 0:00,13.17,19.35
4826,7/2/2022 0:10,13.25,19.35
4827,7/2/2022 0:20,13.12,19.43
4828,7/2/2022 0:30,13.21,19.35
4829,7/2/2022 0:40,13.34,19.26
4830,7/2/2022 0:50,13.38,19.3
4831,7/2/2022 1:00,13.43,19.3
4832,7/2/2022 1:10,13.77,19.3
4833,7/2/2022 1:20,13.98,19.26
4834,7/2/2022 1:30,13.6,19.26
4835,7/2/2022 1:40,13.51,19.13
4836,7/2/2022 1:50,13.47,19.13
4837,7/2/2022 2:00,13.34,19.09
4838,7/2/2022 2:10,13.25,19.05
4839,7/2/2022 2:20,13.08,18.96
4840,7/2/2022 2:30,13,18.96
4841,7/2/2022 2:40,12.87,18.87
4842,7/2/2022 2:50,12.91,18.79
4843,7/2/2022 3:00,12.87,18.92
4844,7/2/2022 3:10,12.95,18.87
4845,7/2/2022 3:20,12.87,18.87
4846,7/2/2022 3:30,12.74,18.83
4847,7/2/2022 3:40,12.57,18.83
4848,7/2/2022 3:50,12.57,18.79
4849,7/2/2022 4:00,12.52,18.7
4850,7/2/2022 4:10,12.4,18.66
4851,7/2/2022 4:20,12.31,18.66
4852,7/2/2022 4:30,12.14,18.62
4853,7/2/2022 4:40,12.22,18.57
4854,7/2/2022 4:50,12.22,18.44
4855,7/2/2022 5:00,12.18,18.32
4856,7/2/2022 5:10,11.97,18.19
4857,7/2/2022 5:20,12.1,18.1
4858,7/2/2022 5:30,12.05,18.06
4859,7/2/2022 5:40,11.88,18.02
4860,7/2/2022 5:50,11.84,17.93
4861,7/2/2022 6:00,11.84,17.8
4862,7/2/2022 6:10,11.79,17.63
4863,7/2/2022 6:20,11.67,17.63
4864,7/2/2022 6:30,11.58,16.94
4865,7/2/2022 6:40,11.62,17.11
4866,7/2/2022 6:50,11.88,17.16
4867,7/2/2022 7:00,11.79,17.16
4868,7/2/2022 7:10,11.62,17.03
4869,7/2/2022 7:20,11.67,17.03
4870,7/2/2022 7:30,11.62,16.86
4871,7/2/2022 7:40,11.62,16.6
4872,7/2/2022 7:50,11.62,16.26
4873,7/2/2022 8:00,11.62,13.68
4874,7/2/2022 8:10,11.58,13.08
4875,7/2/2022 8:20,11.71,13.04
4876,7/2/2022 8:30,11.75,12.95
4877,7/2/2022 8:40,11.84,13.17
4878,7/2/2022 8:50,11.84,13.25
4879,7/2/2022 9:00,11.88,13.21
4880,7/2/2022 9:10,11.84,13.3
4881,7/2/2022 9:20,11.97,13.47
4882,7/2/2022 9:30,11.97,13.55
4883,7/2/2022 9:40,11.97,13.6
4884,7/2/2022 9:50,12.01,13.68
4885,7/2/2022 10:00,12.01,13.77
4886,7/2/2022 10:10,12.14,14.15
4887,7/2/2022 10:20,12.31,14.11
4888,7/2/2022 10:30,12.44,14.28
4889,7/2/2022 10:40,12.4,14.5
4890,7/2/2022 10:50,12.44,14.5
4891,7/2/2022 11:00,12.48,14.8
4892,7/2/2022 11:10,12.48,14.93
4893,7/2/2022 11:20,12.61,14.88
4894,7/2/2022 11:30,12.78,15.06
4895,7/2/2022 11:40,12.65,15.18
4896,7/2/2022 11:50,12.87,15.23
4897,7/2/2022 12:00,12.78,15.57
4898,7/2/2022 12:10,13,16.17
4899,7/2/2022 12:20,12.91,18.27
4900,7/2/2022 12:30,13.08,18.44
4901,7/2/2022 12:40,13.21,18.44
4902,7/2/2022 12:50,13.17,18.4
4903,7/2/2022 13:00,13.3,18.36
4904,7/2/2022 13:10,13.43,18.32
4905,7/2/2022 13:20,13.64,18.4
4906,7/2/2022 13:30,13.77,18.4
4907,7/2/2022 13:40,13.77,18.57
4908,7/2/2022 13:50,13.73,18.74
4909,7/2/2022 14:00,13.85,18.83
4910,7/2/2022 14:10,13.9,18.87
4911,7/2/2022 14:20,13.85,18.74
4912,7/2/2022 14:30,13.81,18.7
4913,7/2/2022 14:40,13.98,18.66
4914,7/2/2022 14:50,14.11,18.7
4915,7/2/2022 15:00,14.11,18.62
4916,7/2/2022 15:10,14.07,18.49
4917,7/2/2022 15:20,14.07,18.44
4918,7/2/2022 15:30,13.98,18.4
4919,7/2/2022 15:40,13.81,18.4
4920,7/2/2022 15:50,14.03,18.4
4921,7/2/2022 16:00,14.07,18.4
4922,7/2/2022 16:10,13.98,18.4
4923,7/2/2022 16:20,13.98,18.4
4924,7/2/2022 16:30,13.98,18.32
4925,7/2/2022 16:40,13.9,18.23
4926,7/2/2022 16:50,13.9,18.32
4927,7/2/2022 17:00,13.81,18.36
4928,7/2/2022 17:10,13.81,18.36
4929,7/2/2022 17:20,13.81,18.36
4930,7/2/2022 17:30,13.81,18.4
4931,7/2/2022 17:40,13.73,18.4
4932,7/2/2022 17:50,13.6,18.49
4933,7/2/2022 18:00,13.51,18.57
4934,7/2/2022 18:10,13.38,18.57
4935,7/2/2022 18:20,13.3,18.49
4936,7/2/2022 18:30,13.38,18.44
4937,7/2/2022 18:40,13.51,18.27
4938,7/2/2022 18:50,13.6,18.14
4939,7/2/2022 19:00,13.51,17.97
4940,7/2/2022 19:10,13.6,17.93
4941,7/2/2022 19:20,13.55,17.89
4942,7/2/2022 19:30,13.55,17.97
4943,7/2/2022 19:40,13.47,17.97
4944,7/2/2022 19:50,13.34,17.93
4945,7/2/2022 20:00,13.25,17.97
4946,7/2/2022 20:10,13.47,17.89
4947,7/2/2022 20:20,13.25,17.8
4948,7/2/2022 20:30,13.21,17.76
4949,7/2/2022 20:40,13.43,17.76
4950,7/2/2022 20:50,13.25,17.72
4951,7/2/2022 21:00,13.3,17.67
4952,7/2/2022 21:10,13.34,17.63
4953,7/2/2022 21:20,13.3,17.63
4954,7/2/2022 21:30,13.25,17.5
4955,7/2/2022 21:40,13.3,17.5
4956,7/2/2022 21:50,13.17,17.54
4957,7/2/2022 22:00,13.25,17.54
4958,7/2/2022 22:10,13.21,17.59
4959,7/2/2022 22:20,13.25,17.59
4960,7/2/2022 22:30,13.3,17.59
4961,7/2/2022 22:40,13.21,17.59
4962,7/2/2022 22:50,13.3,17.5
4963,7/2/2022 23:00,13.08,17.5
4964,7/2/2022 23:10,12.95,17.5
4965,7/2/2022 23:20,12.91,17.54
4966,7/2/2022 23:30,12.78,17.54
4967,7/2/2022 23:40,13.04,17.59
4968,7/2/2022 23:50,13.04,17.63
4969,7/3/2022 0:00,13.04,17.67
4970,7/3/2022 0:10,12.95,17.63
4971,7/3/2022 0:20,13,17.67
4972,7/3/2022 0:30,13,17.63
4973,7/3/2022 0:40,13.04,17.67
4974,7/3/2022 0:50,13.04,17.72
4975,7/3/2022 1:00,13.25,17.37
4976,7/3/2022 1:10,13.34,17.2
4977,7/3/2022 1:20,13.3,17.2
4978,7/3/2022 1:30,13.47,17.24
4979,7/3/2022 1:40,13.38,17.16
4980,7/3/2022 1:50,13.47,17.24
4981,7/3/2022 2:00,13.6,17.33
4982,7/3/2022 2:10,13.47,17.29
4983,7/3/2022 2:20,13.47,17.24
4984,7/3/2022 2:30,13.51,17.29
4985,7/3/2022 2:40,13.51,17.29
4986,7/3/2022 2:50,13.47,17.24
4987,7/3/2022 3:00,13.34,17.16
4988,7/3/2022 3:10,13.3,16.9
4989,7/3/2022 3:20,13.3,16.99
4990,7/3/2022 3:30,13.25,17.07
4991,7/3/2022 3:40,13.21,17.16
4992,7/3/2022 3:50,13.25,17.41
4993,7/3/2022 4:00,13.17,17.5
4994,7/3/2022 4:10,13.21,17.5
4995,7/3/2022 4:20,13.25,17.54
4996,7/3/2022 4:30,13.21,17.63
4997,7/3/2022 4:40,13.04,17.46
4998,7/3/2022 4:50,13.04,17.37
4999,7/3/2022 5:00,12.91,17.37
5000,7/3/2022 5:10,13.04,17.33
5001,7/3/2022 5:20,12.91,17.33
5002,7/3/2022 5:30,12.78,17.33
5003,7/3/2022 5:40,12.82,17.29
5004,7/3/2022 5:50,12.82,17.24
5005,7/3/2022 6:00,12.7,17.16
5006,7/3/2022 6:10,12.78,17.11
5007,7/3/2022 6:20,12.61,17.03
5008,7/3/2022 6:30,12.65,17.03
5009,7/3/2022 6:40,12.57,16.9
5010,7/3/2022 6:50,12.74,16.81
5011,7/3/2022 7:00,12.74,16.6
5012,7/3/2022 7:10,12.78,16.17
5013,7/3/2022 7:20,12.82,16.04
5014,7/3/2022 7:30,12.87,16.04
5015,7/3/2022 7:40,13.08,16.08
5016,7/3/2022 7:50,13.17,16.26
5017,7/3/2022 8:00,13.34,16.43
5018,7/3/2022 8:10,13.47,16.47
5019,7/3/2022 8:20,13.38,16.34
5020,7/3/2022 8:30,13.47,16.26
5021,7/3/2022 8:40,13.34,14.45
5022,7/3/2022 8:50,13.43,14.07
5023,7/3/2022 9:00,13.47,14.45
5024,7/3/2022 9:10,13.43,14.24
5025,7/3/2022 9:20,13.51,14.5
5026,7/3/2022 9:30,13.77,15.06
5027,7/3/2022 9:40,13.81,15.53
5028,7/3/2022 9:50,13.81,15.53
5029,7/3/2022 10:00,13.94,15.87
5030,7/3/2022 10:10,14.24,16.64
5031,7/3/2022 10:20,14.24,16.13
5032,7/3/2022 10:30,14.07,15.74
5033,7/3/2022 10:40,13.98,15.78
5034,7/3/2022 10:50,14.07,16.26
5035,7/3/2022 11:00,13.98,16.26
5036,7/3/2022 11:10,13.98,16.6
5037,7/3/2022 11:20,14.24,17.89
5038,7/3/2022 11:30,14.45,18.66
5039,7/3/2022 11:40,14.67,19.26
5040,7/3/2022 11:50,14.8,19.82
5041,7/3/2022 12:00,14.84,19.77
5042,7/3/2022 12:10,14.8,19.6
5043,7/3/2022 12:20,14.8,19.43
5044,7/3/2022 12:30,14.93,19.73
5045,7/3/2022 12:40,14.97,21.62
5046,7/3/2022 12:50,15.06,20.98
5047,7/3/2022 13:00,15.14,20.29
5048,7/3/2022 13:10,15.14,20.46
5049,7/3/2022 13:20,15.1,20.5
5050,7/3/2022 13:30,15.23,20.5
5051,7/3/2022 13:40,15.01,20.25
5052,7/3/2022 13:50,15.14,20.03
5053,7/3/2022 14:00,14.97,19.65
5054,7/3/2022 14:10,15.06,19.47
5055,7/3/2022 14:20,15.14,19.3
5056,7/3/2022 14:30,15.1,19.35
5057,7/3/2022 14:40,15.1,19.3
5058,7/3/2022 14:50,15.14,19.26
5059,7/3/2022 15:00,15.18,19.09
5060,7/3/2022 15:10,15.06,19.09
5061,7/3/2022 15:20,15.14,19.05
5062,7/3/2022 15:30,15.27,18.96
5063,7/3/2022 15:40,15.53,18.96
5064,7/3/2022 15:50,15.27,18.92
5065,7/3/2022 16:00,15.4,18.92
5066,7/3/2022 16:10,15.44,19.05
5067,7/3/2022 16:20,15.44,18.96
5068,7/3/2022 16:30,15.36,18.92
5069,7/3/2022 16:40,15.4,18.92
5070,7/3/2022 16:50,15.44,19
5071,7/3/2022 17:00,15.44,19.05
5072,7/3/2022 17:10,15.48,19.13
5073,7/3/2022 17:20,15.44,19.13
5074,7/3/2022 17:30,15.57,19.22
5075,7/3/2022 17:40,15.66,19.52
5076,7/3/2022 17:50,15.57,19.95
5077,7/3/2022 18:00,15.57,20.2
5078,7/3/2022 18:10,15.74,20.29
5079,7/3/2022 18:20,15.74,20.42
5080,7/3/2022 18:30,15.66,20.46
5081,7/3/2022 18:40,15.66,20.72
5082,7/3/2022 18:50,15.61,20.85
5083,7/3/2022 19:00,15.61,20.93
5084,7/3/2022 19:10,15.57,21.06
5085,7/3/2022 19:20,15.53,21.1
5086,7/3/2022 19:30,15.4,21.02
5087,7/3/2022 19:40,15.18,21.02
5088,7/3/2022 19:50,14.63,20.98
5089,7/3/2022 20:00,14.63,20.89
5090,7/3/2022 20:10,14.2,20.8
5091,7/3/2022 20:20,14.03,20.68
5092,7/3/2022 20:30,13.94,20.59
5093,7/3/2022 20:40,13.94,20.55
5094,7/3/2022 20:50,13.85,20.5
5095,7/3/2022 21:00,13.81,20.42
5096,7/3/2022 21:10,13.9,20.33
5097,7/3/2022 21:20,13.81,20.2
5098,7/3/2022 21:30,13.77,20.07
5099,7/3/2022 21:40,13.81,20.16
5100,7/3/2022 21:50,13.85,20.12
5101,7/3/2022 22:00,13.81,20.07
5102,7/3/2022 22:10,13.77,20.03
5103,7/3/2022 22:20,13.81,19.99
5104,7/3/2022 22:30,13.9,19.43
5105,7/3/2022 22:40,13.85,18.62
5106,7/3/2022 22:50,13.94,18.7
5107,7/3/2022 23:00,13.81,18.83
5108,7/3/2022 23:10,13.81,18.87
5109,7/3/2022 23:20,13.9,18.79
5110,7/3/2022 23:30,13.81,18.7
5111,7/3/2022 23:40,13.81,18.57
5112,7/3/2022 23:50,14.03,18.49
5113,7/4/2022 0:00,14.03,18.44
5114,7/4/2022 0:10,13.98,18.44
5115,7/4/2022 0:20,14.15,18.44
5116,7/4/2022 0:30,14.11,18.27
5117,7/4/2022 0:40,13.98,18.44
5118,7/4/2022 0:50,13.94,18.57
5119,7/4/2022 1:00,13.98,18.66
5120,7/4/2022 1:10,13.85,18.7
5121,7/4/2022 1:20,13.81,18.74
5122,7/4/2022 1:30,13.81,18.87
5123,7/4/2022 1:40,13.85,18.83
5124,7/4/2022 1:50,13.9,18.87
5125,7/4/2022 2:00,13.85,18.87
5126,7/4/2022 2:10,13.85,18.83
5127,7/4/2022 2:20,13.9,18.87
5128,7/4/2022 2:30,13.94,18.83
5129,7/4/2022 2:40,14.03,18.83
5130,7/4/2022 2:50,14.03,18.74
5131,7/4/2022 3:00,13.9,18.7
5132,7/4/2022 3:10,13.85,18.66
5133,7/4/2022 3:20,13.85,18.44
5134,7/4/2022 3:30,13.73,18.44
5135,7/4/2022 3:40,13.73,18.44
5136,7/4/2022 3:50,13.77,18.36
5137,7/4/2022 4:00,13.81,18.4
5138,7/4/2022 4:10,13.73,18.53
5139,7/4/2022 4:20,13.68,18.57
5140,7/4/2022 4:30,13.77,18.57
5141,7/4/2022 4:40,13.81,18.57
5142,7/4/2022 4:50,13.9,18.53
5143,7/4/2022 5:00,13.9,18.53
5144,7/4/2022 5:10,13.9,18.44
5145,7/4/2022 5:20,13.94,18.44
5146,7/4/2022 5:30,14.07,18.36
5147,7/4/2022 5:40,14.2,18.32
5148,7/4/2022 5:50,14.15,18.32
5149,7/4/2022 6:00,14.11,18.27
5150,7/4/2022 6:10,14.15,18.27
5151,7/4/2022 6:20,14.2,18.27
5152,7/4/2022 6:30,14.15,18.27
5153,7/4/2022 6:40,14.24,18.32
5154,7/4/2022 6:50,14.24,18.23
5155,7/4/2022 7:00,14.37,18.23
5156,7/4/2022 7:10,14.45,18.27
5157,7/4/2022 7:20,14.45,18.32
5158,7/4/2022 7:30,14.45,18.23
5159,7/4/2022 7:40,14.45,18.27
5160,7/4/2022 7:50,14.54,18.27
5161,7/4/2022 8:00,14.67,18.27
5162,7/4/2022 8:10,14.97,18.27
5163,7/4/2022 8:20,15.06,18.27
5164,7/4/2022 8:30,15.31,18.27
5165,7/4/2022 8:40,15.48,18.36
5166,7/4/2022 8:50,15.74,18.44
5167,7/4/2022 9:00,15.78,18.53
5168,7/4/2022 9:10,15.91,17.5
5169,7/4/2022 9:20,16.13,17.67
5170,7/4/2022 9:30,16.51,17.89
5171,7/4/2022 9:40,16.64,17.97
5172,7/4/2022 9:50,16.94,18.4
5173,7/4/2022 10:00,16.99,18.92
5174,7/4/2022 10:10,17.41,19.73
5175,7/4/2022 10:20,17.46,20.42
5176,7/4/2022 10:30,17.84,21.53
5177,7/4/2022 10:40,18.06,21.36
5178,7/4/2022 10:50,18.06,21.1
5179,7/4/2022 11:00,18.32,21.62
5180,7/4/2022 11:10,18.53,22.78
5181,7/4/2022 11:20,18.66,22.86
5182,7/4/2022 11:30,18.87,23.38
5183,7/4/2022 11:40,18.92,24.15
5184,7/4/2022 11:50,19.09,23.89
5185,7/4/2022 12:00,19.22,23.76
5186,7/4/2022 12:10,19.26,24.36
5187,7/4/2022 12:20,19.43,24.66
5188,7/4/2022 12:30,19.47,24.71
5189,7/4/2022 12:40,19.9,25.09
5190,7/4/2022 12:50,20.07,25.87
5191,7/4/2022 13:00,19.43,25.22
5192,7/4/2022 13:10,19.22,24.88
5193,7/4/2022 13:20,19.73,24.62
5194,7/4/2022 13:30,19.69,23.94
5195,7/4/2022 13:40,19.82,23.94
5196,7/4/2022 13:50,19.56,23.89
5197,7/4/2022 14:00,19.77,23.64
5198,7/4/2022 14:10,20.03,23.38
5199,7/4/2022 14:20,20.07,23.03
5200,7/4/2022 14:30,20.42,23.38
5201,7/4/2022 14:40,20.5,22.73
5202,7/4/2022 14:50,20.37,22.48
5203,7/4/2022 15:00,20.16,22.39
5204,7/4/2022 15:10,20.72,22.09
5205,7/4/2022 15:20,20.72,21.66
5206,7/4/2022 15:30,20.33,21.7
5207,7/4/2022 15:40,20.29,21.49
5208,7/4/2022 15:50,19.9,21.28
5209,7/4/2022 16:00,19.47,21.32
5210,7/4/2022 16:10,19.35,21.58
5211,7/4/2022 16:20,19.17,21.23
5212,7/4/2022 16:30,19.22,20.89
5213,7/4/2022 16:40,19.35,20.76
5214,7/4/2022 16:50,19.35,20.59
5215,7/4/2022 17:00,19.52,20.46
5216,7/4/2022 17:10,19.65,20.42
5217,7/4/2022 17:20,19.52,20.59
5218,7/4/2022 17:30,19.77,20.63
5219,7/4/2022 17:40,19.69,20.68
5220,7/4/2022 17:50,19.52,20.46
5221,7/4/2022 18:00,19.39,20.37
5222,7/4/2022 18:10,19.39,20.37
5223,7/4/2022 18:20,19.52,20.37
5224,7/4/2022 18:30,19.52,20.42
5225,7/4/2022 18:40,19.17,20.46
5226,7/4/2022 18:50,18.92,20.8
5227,7/4/2022 19:00,18.62,20.93
5228,7/4/2022 19:10,18.57,20.93
5229,7/4/2022 19:20,18.49,20.85
5230,7/4/2022 19:30,18.14,20.72
5231,7/4/2022 19:40,18.1,20.72
5232,7/4/2022 19:50,18.19,20.68
5233,7/4/2022 20:00,18.27,20.76
5234,7/4/2022 20:10,18.19,20.85
5235,7/4/2022 20:20,18.14,20.89
5236,7/4/2022 20:30,18.1,20.85
5237,7/4/2022 20:40,18.02,20.8
5238,7/4/2022 20:50,17.63,20.8
5239,7/4/2022 21:00,17.37,20.8
5240,7/4/2022 21:10,17.29,20.8
5241,7/4/2022 21:20,17.29,20.8
5242,7/4/2022 21:30,17.37,20.8
5243,7/4/2022 21:40,17.33,20.8
5244,7/4/2022 21:50,17.41,20.76
5245,7/4/2022 22:00,17.54,20.72
5246,7/4/2022 22:10,17.5,20.68
5247,7/4/2022 22:20,17.5,20.72
5248,7/4/2022 22:30,17.33,20.72
5249,7/4/2022 22:40,17.33,20.68
5250,7/4/2022 22:50,17.24,20.63
5251,7/4/2022 23:00,17.16,20.63
5252,7/4/2022 23:10,17.41,20.59
5253,7/4/2022 23:20,17.29,20.46
5254,7/4/2022 23:30,17.24,20.42
5255,7/4/2022 23:40,17.2,20.42
5256,7/4/2022 23:50,17.11,20.42
5257,7/5/2022 0:00,16.94,20.33
5258,7/5/2022 0:10,16.86,20.33
5259,7/5/2022 0:20,16.9,20.37
5260,7/5/2022 0:30,16.9,20.42
5261,7/5/2022 0:40,16.9,20.5
5262,7/5/2022 0:50,16.94,20.59
5263,7/5/2022 1:00,17.03,20.42
5264,7/5/2022 1:10,17.03,20.33
5265,7/5/2022 1:20,17.11,20.37
5266,7/5/2022 1:30,17.2,20.37
5267,7/5/2022 1:40,17.29,20.33
5268,7/5/2022 1:50,17.37,20.37
5269,7/5/2022 2:00,17.37,20.42
5270,7/5/2022 2:10,17.41,20.37
5271,7/5/2022 2:20,17.37,20.37
5272,7/5/2022 2:30,17.33,20.46
5273,7/5/2022 2:40,17.24,20.37
5274,7/5/2022 2:50,17.24,20.2
5275,7/5/2022 3:00,17.29,20.12
5276,7/5/2022 3:10,17.24,20.07
5277,7/5/2022 3:20,17.24,20.03
5278,7/5/2022 3:30,17.29,20.03
5279,7/5/2022 3:40,17.24,20.12
5280,7/5/2022 3:50,17.16,20.03
5281,7/5/2022 4:00,17.03,20.03
5282,7/5/2022 4:10,16.94,20.03
5283,7/5/2022 4:20,16.94,20.07
5284,7/5/2022 4:30,16.9,20.03
5285,7/5/2022 4:40,16.9,20.12
5286,7/5/2022 4:50,16.86,20.2
5287,7/5/2022 5:00,16.86,20.12
5288,7/5/2022 5:10,17.11,20.07
5289,7/5/2022 5:20,17.03,20.12
5290,7/5/2022 5:30,16.9,20.16
5291,7/5/2022 5:40,16.86,20.12
5292,7/5/2022 5:50,16.69,20.03
5293,7/5/2022 6:00,16.56,19.9
5294,7/5/2022 6:10,16.69,19.95
5295,7/5/2022 6:20,16.86,19.95
5296,7/5/2022 6:30,16.94,19.95
5297,7/5/2022 6:40,16.9,19.9
5298,7/5/2022 6:50,16.9,20.03
5299,7/5/2022 7:00,16.86,20.03
5300,7/5/2022 7:10,16.9,19.99
5301,7/5/2022 7:20,16.77,19.99
5302,7/5/2022 7:30,16.69,19.95
5303,7/5/2022 7:40,16.77,19.99
5304,7/5/2022 7:50,16.9,19.99
5305,7/5/2022 8:00,16.94,20.03
5306,7/5/2022 8:10,17.11,19.99
5307,7/5/2022 8:20,17.16,19.99
5308,7/5/2022 8:30,17.33,20.07
5309,7/5/2022 8:40,17.37,20.12
5310,7/5/2022 8:50,17.41,20.16
5311,7/5/2022 9:00,17.33,20.16
5312,7/5/2022 9:10,17.24,20.25
5313,7/5/2022 9:20,17.2,20.37
5314,7/5/2022 9:30,17.37,20.59
5315,7/5/2022 9:40,17.41,20.85
5316,7/5/2022 9:50,17.5,21.15
5317,7/5/2022 10:00,17.54,21.32
5318,7/5/2022 10:10,17.54,20.33
5319,7/5/2022 10:20,17.72,20.07
5320,7/5/2022 10:30,17.67,20.12
5321,7/5/2022 10:40,18.02,20.03
5322,7/5/2022 10:50,18.19,21.15
5323,7/5/2022 11:00,18.32,21.58
5324,7/5/2022 11:10,18.49,21.96
5325,7/5/2022 11:20,18.66,23.29
5326,7/5/2022 11:30,18.83,22.52
5327,7/5/2022 11:40,18.83,21.92
5328,7/5/2022 11:50,18.79,22.01
5329,7/5/2022 12:00,19.09,23.46
5330,7/5/2022 12:10,19.22,24.62
5331,7/5/2022 12:20,19.22,25.01
5332,7/5/2022 12:30,18.96,25.44
5333,7/5/2022 12:40,18.7,24.19
5334,7/5/2022 12:50,18.4,24.71
5335,7/5/2022 13:00,18.44,25.99
5336,7/5/2022 13:10,18.36,26.04
5337,7/5/2022 13:20,18.53,26.08
5338,7/5/2022 13:30,18.83,25.31
5339,7/5/2022 13:40,18.96,25.44
5340,7/5/2022 13:50,18.74,24.92
5341,7/5/2022 14:00,18.74,24.06
5342,7/5/2022 14:10,19.05,23.76
5343,7/5/2022 14:20,19.35,23.59
5344,7/5/2022 14:30,19.52,23.55
5345,7/5/2022 14:40,19.39,23.46
5346,7/5/2022 14:50,19.26,23.29
5347,7/5/2022 15:00,19.22,23.51
5348,7/5/2022 15:10,19.47,23.46
5349,7/5/2022 15:20,19.22,23.16
5350,7/5/2022 15:30,19.05,22.86
5351,7/5/2022 15:40,19.05,22.56
5352,7/5/2022 15:50,19.13,21.96
5353,7/5/2022 16:00,19,21.83
5354,7/5/2022 16:10,19,21.83
5355,7/5/2022 16:20,19.09,21.83
5356,7/5/2022 16:30,19.05,21.83
5357,7/5/2022 16:40,19.13,21.88
5358,7/5/2022 16:50,19.22,21.88
5359,7/5/2022 17:00,19.26,21.83
5360,7/5/2022 17:10,19.05,21.75
5361,7/5/2022 17:20,19,21.83
5362,7/5/2022 17:30,19.17,21.62
5363,7/5/2022 17:40,19.17,21.7
5364,7/5/2022 17:50,19.17,21.49
5365,7/5/2022 18:00,19.13,21.45
5366,7/5/2022 18:10,19.17,21.4
5367,7/5/2022 18:20,19.3,21.32
5368,7/5/2022 18:30,19.22,21.36
5369,7/5/2022 18:40,19.17,21.4
5370,7/5/2022 18:50,18.79,21.4
5371,7/5/2022 19:00,18.44,21.49
5372,7/5/2022 19:10,18.32,21.53
5373,7/5/2022 19:20,18.14,21.66
5374,7/5/2022 19:30,17.93,21.75
5375,7/5/2022 19:40,17.89,22.13
5376,7/5/2022 19:50,17.63,22.31
5377,7/5/2022 20:00,17.5,22.35
5378,7/5/2022 20:10,17.29,22.39
5379,7/5/2022 20:20,17.24,22.31
5380,7/5/2022 20:30,17.16,22.35
5381,7/5/2022 20:40,16.99,22.18
5382,7/5/2022 20:50,16.9,22.13
5383,7/5/2022 21:00,16.81,22.05
5384,7/5/2022 21:10,16.77,22.18
5385,7/5/2022 21:20,16.69,22.22
5386,7/5/2022 21:30,16.56,22.31
5387,7/5/2022 21:40,16.56,22.22
5388,7/5/2022 21:50,16.43,22.48
5389,7/5/2022 22:00,16.6,22.48
5390,7/5/2022 22:10,16.56,22.43
5391,7/5/2022 22:20,16.64,22.52
5392,7/5/2022 22:30,16.69,22.65
5393,7/5/2022 22:40,16.56,22.56
5394,7/5/2022 22:50,16.43,22.69
5395,7/5/2022 23:00,16.51,22.91
5396,7/5/2022 23:10,16.47,23.12
5397,7/5/2022 23:20,16.51,23.08
5398,7/5/2022 23:30,16.47,23.03
5399,7/5/2022 23:40,16.43,22.99
5400,7/5/2022 23:50,16.39,22.95
5401,7/6/2022 0:00,16.39,22.86
5402,7/6/2022 0:10,16.34,22.78
5403,7/6/2022 0:20,16.39,22.39
5404,7/6/2022 0:30,16.47,22.22
5405,7/6/2022 0:40,16.39,22.31
5406,7/6/2022 0:50,16.34,22.35
5407,7/6/2022 1:00,16.39,22.18
5408,7/6/2022 1:10,16.08,22.09
5409,7/6/2022 1:20,16.08,21.7
5410,7/6/2022 1:30,16.04,21.49
5411,7/6/2022 1:40,16.04,21.49
5412,7/6/2022 1:50,16.04,21.45
5413,7/6/2022 2:00,15.91,21.36
5414,7/6/2022 2:10,15.96,21.32
5415,7/6/2022 2:20,16.04,21.32
5416,7/6/2022 2:30,16.26,21.32
5417,7/6/2022 2:40,16.73,21.28
5418,7/6/2022 2:50,16.86,21.32
5419,7/6/2022 3:00,16.77,21.45
5420,7/6/2022 3:10,16.73,21.49
5421,7/6/2022 3:20,16.9,21.45
5422,7/6/2022 3:30,16.9,21.4
5423,7/6/2022 3:40,16.73,21.45
5424,7/6/2022 3:50,16.64,21.32
5425,7/6/2022 4:00,16.6,21.36
5426,7/6/2022 4:10,16.51,21.28
5427,7/6/2022 4:20,16.39,21.19
5428,7/6/2022 4:30,16.3,21.06
5429,7/6/2022 4:40,16.26,21.06
5430,7/6/2022 4:50,16.39,21.06
5431,7/6/2022 5:00,16.13,20.93
5432,7/6/2022 5:10,16.04,20.93
5433,7/6/2022 5:20,16.13,20.93
5434,7/6/2022 5:30,16.04,20.98
5435,7/6/2022 5:40,16.13,20.93
5436,7/6/2022 5:50,16,20.89
5437,7/6/2022 6:00,15.87,20.89
5438,7/6/2022 6:10,15.78,20.85
5439,7/6/2022 6:20,15.66,20.85
5440,7/6/2022 6:30,15.61,20.85
5441,7/6/2022 6:40,15.61,20.8
5442,7/6/2022 6:50,15.61,20.8
5443,7/6/2022 7:00,15.57,20.76
5444,7/6/2022 7:10,15.53,20.76
5445,7/6/2022 7:20,15.48,20.76
5446,7/6/2022 7:30,15.57,20.72
5447,7/6/2022 7:40,15.7,20.72
5448,7/6/2022 7:50,15.7,20.68
5449,7/6/2022 8:00,15.7,20.72
5450,7/6/2022 8:10,15.83,20.68
5451,7/6/2022 8:20,15.74,20.68
5452,7/6/2022 8:30,15.78,20.68
5453,7/6/2022 8:40,16.04,20.8
5454,7/6/2022 8:50,16.08,20.8
5455,7/6/2022 9:00,16.08,20.8
5456,7/6/2022 9:10,16.17,20.85
5457,7/6/2022 9:20,16.13,20.98
5458,7/6/2022 9:30,16.04,21.06
5459,7/6/2022 9:40,16.13,21.23
5460,7/6/2022 9:50,16.21,21.36
5461,7/6/2022 10:00,16.34,21.53
5462,7/6/2022 10:10,16.51,21.66
5463,7/6/2022 10:20,16.69,21.75
5464,7/6/2022 10:30,16.43,22.01
5465,7/6/2022 10:40,16.43,22.18
5466,7/6/2022 10:50,16.64,22.52
5467,7/6/2022 11:00,16.9,22.99
5468,7/6/2022 11:10,16.94,22.43
5469,7/6/2022 11:20,17.16,20.2
5470,7/6/2022 11:30,17.29,20.03
5471,7/6/2022 11:40,17.33,19.86
5472,7/6/2022 11:50,17.63,20.12
5473,7/6/2022 12:00,17.67,20.33
5474,7/6/2022 12:10,17.8,21.06
5475,7/6/2022 12:20,17.97,21.4
5476,7/6/2022 12:30,17.8,21.15
5477,7/6/2022 12:40,17.54,20.85
5478,7/6/2022 12:50,17.37,21.49
5479,7/6/2022 13:00,17.33,24.36
5480,7/6/2022 13:10,17.37,24.66
5481,7/6/2022 13:20,17.37,24.71
5482,7/6/2022 13:30,17.63,24.75
5483,7/6/2022 13:40,17.46,24.84
5484,7/6/2022 13:50,17.59,24.88
5485,7/6/2022 14:00,17.63,25.14
5486,7/6/2022 14:10,17.72,25.44
5487,7/6/2022 14:20,17.76,25.82
5488,7/6/2022 14:30,17.8,26.04
5489,7/6/2022 14:40,17.76,26.12
5490,7/6/2022 14:50,17.63,25.91
5491,7/6/2022 15:00,17.67,24.92
5492,7/6/2022 15:10,17.8,25.01
5493,7/6/2022 15:20,17.8,24.71
5494,7/6/2022 15:30,17.76,24.41
5495,7/6/2022 15:40,17.8,24.11
5496,7/6/2022 15:50,17.72,23.42
5497,7/6/2022 16:00,17.89,23.08
5498,7/6/2022 16:10,17.97,22.91
5499,7/6/2022 16:20,17.97,22.78
5500,7/6/2022 16:30,18.06,22.73
5501,7/6/2022 16:40,18.02,22.82
5502,7/6/2022 16:50,18.19,22.78
5503,7/6/2022 17:00,18.14,22.73
5504,7/6/2022 17:10,18.06,22.82
5505,7/6/2022 17:20,17.97,22.69
5506,7/6/2022 17:30,17.89,22.56
5507,7/6/2022 17:40,17.89,22.69
5508,7/6/2022 17:50,17.76,22.99
5509,7/6/2022 18:00,16.9,22.99
5510,7/6/2022 18:10,16.69,22.91
5511,7/6/2022 18:20,16.77,22.82
5512,7/6/2022 18:30,17.24,22.43
5513,7/6/2022 18:40,18.06,22.18
5514,7/6/2022 18:50,18.02,22.26
5515,7/6/2022 19:00,17.93,22.69
5516,7/6/2022 19:10,17.72,22.69
5517,7/6/2022 19:20,17.54,22.65
5518,7/6/2022 19:30,17.29,22.61
5519,7/6/2022 19:40,17.24,22.69
5520,7/6/2022 19:50,17.24,23.08
5521,7/6/2022 20:00,17.2,23.29
5522,7/6/2022 20:10,16.94,23.34
5523,7/6/2022 20:20,16.94,23.42
5524,7/6/2022 20:30,16.73,23.38
5525,7/6/2022 20:40,16.77,23.46
5526,7/6/2022 20:50,16.77,23.51
5527,7/6/2022 21:00,16.73,23.68
5528,7/6/2022 21:10,16.64,23.59
5529,7/6/2022 21:20,16.51,23.25
5530,7/6/2022 21:30,16.47,22.91
5531,7/6/2022 21:40,16.39,22.82
5532,7/6/2022 21:50,16.17,22.69
5533,7/6/2022 22:00,16.13,22.43
5534,7/6/2022 22:10,16.13,22.26
5535,7/6/2022 22:20,15.96,22.18
5536,7/6/2022 22:30,15.96,22.22
5537,7/6/2022 22:40,15.91,22.09
5538,7/6/2022 22:50,16.04,22.01
5539,7/6/2022 23:00,15.83,21.92
5540,7/6/2022 23:10,15.83,21.79
5541,7/6/2022 23:20,15.7,21.7
5542,7/6/2022 23:30,15.53,21.58
5543,7/6/2022 23:40,15.48,21.53
5544,7/6/2022 23:50,15.44,21.36
5545,7/7/2022 0:00,15.53,21.36
5546,7/7/2022 0:10,15.36,21.19
5547,7/7/2022 0:20,15.31,21.02
5548,7/7/2022 0:30,15.27,20.89
5549,7/7/2022 0:40,15.27,20.8
5550,7/7/2022 0:50,15.23,20.68
5551,7/7/2022 1:00,15.06,20.59
5552,7/7/2022 1:10,15.01,20.55
5553,7/7/2022 1:20,15.01,20.55
5554,7/7/2022 1:30,14.88,20.55
5555,7/7/2022 1:40,14.97,20.46
5556,7/7/2022 1:50,14.93,20.46
5557,7/7/2022 2:00,14.93,20.42
5558,7/7/2022 2:10,14.97,20.37
5559,7/7/2022 2:20,14.97,20.37
5560,7/7/2022 2:30,14.97,20.29
5561,7/7/2022 2:40,14.88,20.37
5562,7/7/2022 2:50,14.71,20.5
5563,7/7/2022 3:00,14.88,20.55
5564,7/7/2022 3:10,14.67,20.55
5565,7/7/2022 3:20,14.5,20.46
5566,7/7/2022 3:30,14.63,20.46
5567,7/7/2022 3:40,14.5,20.5
5568,7/7/2022 3:50,14.37,20.59
5569,7/7/2022 4:00,14.15,20.63
5570,7/7/2022 4:10,14.2,20.68
5571,7/7/2022 4:20,14.15,20.68
5572,7/7/2022 4:30,14.07,20.63
5573,7/7/2022 4:40,14.07,20.68
5574,7/7/2022 4:50,14.24,20.68
5575,7/7/2022 5:00,14.15,20.59
5576,7/7/2022 5:10,14.33,20.37
5577,7/7/2022 5:20,14.24,20.42
5578,7/7/2022 5:30,14.24,20.37
5579,7/7/2022 5:40,14.24,20.37
5580,7/7/2022 5:50,14.24,20.37
5581,7/7/2022 6:00,14.28,20.37
5582,7/7/2022 6:10,14.07,20.42
5583,7/7/2022 6:20,14.15,20.37
5584,7/7/2022 6:30,14.07,20.25
5585,7/7/2022 6:40,14.11,19.86
5586,7/7/2022 6:50,14.07,19.77
5587,7/7/2022 7:00,14.07,19.6
5588,7/7/2022 7:10,14.15,19.77
5589,7/7/2022 7:20,14.2,19.73
5590,7/7/2022 7:30,14.45,19.65
5591,7/7/2022 7:40,14.37,19.77
5592,7/7/2022 7:50,14.11,19.52
5593,7/7/2022 8:00,14.24,19.35
5594,7/7/2022 8:10,14.11,19.17
5595,7/7/2022 8:20,14.2,19.09
5596,7/7/2022 8:30,14.15,19.13
5597,7/7/2022 8:40,14.33,19.39
5598,7/7/2022 8:50,14.37,19.3
5599,7/7/2022 9:00,14.45,19.35
5600,7/7/2022 9:10,14.28,19.73
5601,7/7/2022 9:20,14.28,19.82
5602,7/7/2022 9:30,14.28,19.77
5603,7/7/2022 9:40,14.24,19.82
5604,7/7/2022 9:50,14.45,20.16
5605,7/7/2022 10:00,14.37,20.2
5606,7/7/2022 10:10,14.41,20.2
5607,7/7/2022 10:20,14.41,20.42
5608,7/7/2022 10:30,14.37,20.76
5609,7/7/2022 10:40,14.71,20.89
5610,7/7/2022 10:50,15.01,21.06
5611,7/7/2022 11:00,14.71,21.32
5612,7/7/2022 11:10,14.75,21.79
5613,7/7/2022 11:20,15.06,22.31
5614,7/7/2022 11:30,14.88,22.78
5615,7/7/2022 11:40,14.75,22.91
5616,7/7/2022 11:50,14.8,22.91
5617,7/7/2022 12:00,15.23,22.91
5618,7/7/2022 12:10,15.27,22.99
5619,7/7/2022 12:20,15.31,23.29
5620,7/7/2022 12:30,15.57,23.72
5621,7/7/2022 12:40,15.74,24.02
5622,7/7/2022 12:50,15.74,24.41
5623,7/7/2022 13:00,15.7,24.41
5624,7/7/2022 13:10,15.74,24.32
5625,7/7/2022 13:20,15.53,23.38
5626,7/7/2022 13:30,15.61,22.86
5627,7/7/2022 13:40,15.83,22.86
5628,7/7/2022 13:50,16,23.03
5629,7/7/2022 14:00,16.08,22.78
5630,7/7/2022 14:10,16.26,22.61
5631,7/7/2022 14:20,16.43,22.69
5632,7/7/2022 14:30,16.51,22.78
5633,7/7/2022 14:40,16.56,22.73
5634,7/7/2022 14:50,16.56,22.69
5635,7/7/2022 15:00,16.64,22.73
5636,7/7/2022 15:10,16.77,22.56
5637,7/7/2022 15:20,16.73,22.61
5638,7/7/2022 15:30,16.73,22.56
5639,7/7/2022 15:40,16.69,22.56
5640,7/7/2022 15:50,16.6,22.56
5641,7/7/2022 16:00,16.6,22.48
5642,7/7/2022 16:10,16.51,22.31
5643,7/7/2022 16:20,16.77,22.13
5644,7/7/2022 16:30,16.64,21.83
5645,7/7/2022 16:40,16.73,21.66
5646,7/7/2022 16:50,16.73,21.62
5647,7/7/2022 17:00,16.73,21.53
5648,7/7/2022 17:10,16.69,21.45
5649,7/7/2022 17:20,16.64,21.58
5650,7/7/2022 17:30,16.64,21.53
5651,7/7/2022 17:40,16.6,21.66
5652,7/7/2022 17:50,16.69,21.58
5653,7/7/2022 18:00,16.69,21.4
5654,7/7/2022 18:10,16.56,21.32
5655,7/7/2022 18:20,16.64,21.36
5656,7/7/2022 18:30,16.34,21.28
5657,7/7/2022 18:40,16.26,21.32
5658,7/7/2022 18:50,16.34,21.36
5659,7/7/2022 19:00,16.04,21.4
5660,7/7/2022 19:10,15.91,21.36
5661,7/7/2022 19:20,16.13,21.32
5662,7/7/2022 19:30,15.78,21.28
5663,7/7/2022 19:40,15.66,21.4
5664,7/7/2022 19:50,15.57,21.28
5665,7/7/2022 20:00,15.4,21.23
5666,7/7/2022 20:10,15.27,21.19
5667,7/7/2022 20:20,15.14,21.32
5668,7/7/2022 20:30,15.27,21.75
5669,7/7/2022 20:40,15.1,21.79
5670,7/7/2022 20:50,14.93,22.05
5671,7/7/2022 21:00,14.93,22.26
5672,7/7/2022 21:10,15.01,22.26
5673,7/7/2022 21:20,14.8,22.22
5674,7/7/2022 21:30,14.58,22.13
5675,7/7/2022 21:40,14.8,22.05
5676,7/7/2022 21:50,14.54,22.01
5677,7/7/2022 22:00,14.5,21.88
5678,7/7/2022 22:10,14.71,21.79
5679,7/7/2022 22:20,14.63,21.75
5680,7/7/2022 22:30,14.5,21.7
5681,7/7/2022 22:40,14.41,21.49
5682,7/7/2022 22:50,14.33,21.49
5683,7/7/2022 23:00,14.15,21.49
5684,7/7/2022 23:10,14.15,21.45
5685,7/7/2022 23:20,14.28,21.28
5686,7/7/2022 23:30,14.2,21.19
5687,7/7/2022 23:40,14.2,21.1
5688,7/7/2022 23:50,13.25,20.98
5689,7/8/2022 0:00,12.74,20.72
5690,7/8/2022 0:10,12.27,20.63
5691,7/8/2022 0:20,12.22,20.42
5692,7/8/2022 0:30,11.92,20.12
5693,7/8/2022 0:40,11.49,19.9
5694,7/8/2022 0:50,11.67,19.9
5695,7/8/2022 1:00,11.67,19.82
5696,7/8/2022 1:10,11.32,19.6
5697,7/8/2022 1:20,11.15,19.56
5698,7/8/2022 1:30,10.89,19.3
5699,7/8/2022 1:40,10.68,19.13
5700,7/8/2022 1:50,10.89,19
5701,7/8/2022 2:00,10.51,18.87
5702,7/8/2022 2:10,10.42,18.66
5703,7/8/2022 2:20,10.72,18.49
5704,7/8/2022 2:30,10.64,18.32
5705,7/8/2022 2:40,10.21,17.59
5706,7/8/2022 2:50,10.64,14.54
5707,7/8/2022 3:00,10.04,14.11
5708,7/8/2022 3:10,9.91,15.57
5709,7/8/2022 3:20,9.95,17.07
5710,7/8/2022 3:30,10.12,17.37
5711,7/8/2022 3:40,10.16,17.46
5712,7/8/2022 3:50,10.38,17.8
5713,7/8/2022 4:00,10.29,17.89
5714,7/8/2022 4:10,12.52,17.8
5715,7/8/2022 4:20,12.91,17.89
5716,7/8/2022 4:30,12.87,18.27
5717,7/8/2022 4:40,11.62,18.4
5718,7/8/2022 4:50,12.44,18.49
5719,7/8/2022 5:00,12.35,18.27
5720,7/8/2022 5:10,11.24,17.16
5721,7/8/2022 5:20,11.02,17.11
5722,7/8/2022 5:30,11.45,18.1
5723,7/8/2022 5:40,10.77,17.97
5724,7/8/2022 5:50,10.94,18.36
5725,7/8/2022 6:00,10.72,18.74
5726,7/8/2022 6:10,10.64,18.79
5727,7/8/2022 6:20,10.51,18.83
5728,7/8/2022 6:30,11.11,18.87
5729,7/8/2022 6:40,10.98,18.96
5730,7/8/2022 6:50,11.19,18.92
5731,7/8/2022 7:00,11.79,18.96
5732,7/8/2022 7:10,11.75,19
5733,7/8/2022 7:20,13.12,19.17
5734,7/8/2022 7:30,13.38,19.22
5735,7/8/2022 7:40,13.55,19.35
5736,7/8/2022 7:50,13.38,19.3
5737,7/8/2022 8:00,13.04,19.3
5738,7/8/2022 8:10,13.17,19.3
5739,7/8/2022 8:20,13.08,19.26
5740,7/8/2022 8:30,13.17,19.22
5741,7/8/2022 8:40,13.25,19.22
5742,7/8/2022 8:50,13.6,19.17
5743,7/8/2022 9:00,13.6,19.13
5744,7/8/2022 9:10,13.55,19.13
5745,7/8/2022 9:20,13.43,19
5746,7/8/2022 9:30,13.43,18.96
5747,7/8/2022 9:40,13.51,19
5748,7/8/2022 9:50,13.47,19
5749,7/8/2022 10:00,13.47,19.05
5750,7/8/2022 10:10,13.38,19.05
5751,7/8/2022 10:20,13.38,19.05
5752,7/8/2022 10:30,13.51,19.09
5753,7/8/2022 10:40,13.55,19.22
5754,7/8/2022 10:50,13.6,19.39
5755,7/8/2022 11:00,14.03,19.69
5756,7/8/2022 11:10,14.15,20.2
5757,7/8/2022 11:20,14.28,20.68
5758,7/8/2022 11:30,14.37,20.85
5759,7/8/2022 11:40,14.45,20.98
5760,7/8/2022 11:50,14.67,20.98
5761,7/8/2022 12:00,14.88,21.19
5762,7/8/2022 12:10,14.84,21.36
5763,7/8/2022 12:20,14.8,21.58
5764,7/8/2022 12:30,14.93,21.83
5765,7/8/2022 12:40,15.06,21.79
5766,7/8/2022 12:50,15.1,21.92
5767,7/8/2022 13:00,15.27,22.13
5768,7/8/2022 13:10,15.06,22.39
5769,7/8/2022 13:20,15.1,22.56
5770,7/8/2022 13:30,15.01,22.52
5771,7/8/2022 13:40,15.1,22.48
5772,7/8/2022 13:50,15.06,22.26
5773,7/8/2022 14:00,15.27,22.31
5774,7/8/2022 14:10,15.36,22.18
5775,7/8/2022 14:20,15.23,22.31
5776,7/8/2022 14:30,15.06,22.22
5777,7/8/2022 14:40,15.01,22.35
5778,7/8/2022 14:50,15.14,22.22
5779,7/8/2022 15:00,15.18,22.13
5780,7/8/2022 15:10,15.27,22.13
5781,7/8/2022 15:20,15.23,22.09
5782,7/8/2022 15:30,15.06,22.09
5783,7/8/2022 15:40,15.1,22.09
5784,7/8/2022 15:50,15.01,21.96
5785,7/8/2022 16:00,14.97,22.01
5786,7/8/2022 16:10,15.01,21.88
5787,7/8/2022 16:20,14.97,21.75
5788,7/8/2022 16:30,14.88,21.62
5789,7/8/2022 16:40,15.01,21.45
5790,7/8/2022 16:50,15.18,21.36
5791,7/8/2022 17:00,15.36,21.32
5792,7/8/2022 17:10,15.27,21.4
5793,7/8/2022 17:20,15.4,21.45
5794,7/8/2022 17:30,15.48,21.66
5795,7/8/2022 17:40,15.53,21.49
5796,7/8/2022 17:50,15.61,21.4
5797,7/8/2022 18:00,15.74,21.36
5798,7/8/2022 18:10,15.61,21.32
5799,7/8/2022 18:20,15.57,21.32
5800,7/8/2022 18:30,15.48,21.36
5801,7/8/2022 18:40,15.14,21.28
5802,7/8/2022 18:50,14.97,21.15
5803,7/8/2022 19:00,15.06,21.1
5804,7/8/2022 19:10,14.84,21.06
5805,7/8/2022 19:20,14.93,20.98
5806,7/8/2022 19:30,15.23,20.93
5807,7/8/2022 19:40,15.4,20.93
5808,7/8/2022 19:50,15.78,20.89
5809,7/8/2022 20:00,15.66,20.85
5810,7/8/2022 20:10,15.1,20.85
5811,7/8/2022 20:20,15.36,20.85
5812,7/8/2022 20:30,15.78,20.89
5813,7/8/2022 20:40,15.01,20.89
5814,7/8/2022 20:50,14.75,20.89
5815,7/8/2022 21:00,14.75,21.19
5816,7/8/2022 21:10,14.71,21.1
5817,7/8/2022 21:20,14.67,21.58
5818,7/8/2022 21:30,14.67,21.32
5819,7/8/2022 21:40,14.54,20.93
5820,7/8/2022 21:50,14.75,20.63
5821,7/8/2022 22:00,14.63,20.76
5822,7/8/2022 22:10,14.41,20.63
5823,7/8/2022 22:20,14.37,20.68
5824,7/8/2022 22:30,14.24,20.76
5825,7/8/2022 22:40,13.9,20.89
5826,7/8/2022 22:50,13.85,20.89
5827,7/8/2022 23:00,13.85,20.59
5828,7/8/2022 23:10,13.55,20.29
5829,7/8/2022 23:20,13.6,19.99
5830,7/8/2022 23:30,13.55,19.86
5831,7/8/2022 23:40,13.38,19.82
5832,7/8/2022 23:50,13.25,19.86
5833,7/9/2022 0:00,13.25,19.9
5834,7/9/2022 0:10,13.17,19.77
5835,7/9/2022 0:20,13.08,19.69
5836,7/9/2022 0:30,13.04,19.52
5837,7/9/2022 0:40,13.08,19.43
5838,7/9/2022 0:50,13.3,19.56
5839,7/9/2022 1:00,13.08,19.52
5840,7/9/2022 1:10,13.25,19.43
5841,7/9/2022 1:20,13.43,19.35
5842,7/9/2022 1:30,13.55,19.22
5843,7/9/2022 1:40,13.64,19.22
5844,7/9/2022 1:50,13.55,18.96
5845,7/9/2022 2:00,13.68,18.74
5846,7/9/2022 2:10,13.73,18.49
5847,7/9/2022 2:20,13.81,18.32
5848,7/9/2022 2:30,13.9,17.93
5849,7/9/2022 2:40,13.81,15.83
5850,7/9/2022 2:50,13.81,14.97
5851,7/9/2022 3:00,14.03,14.88
5852,7/9/2022 3:10,13.94,14.71
5853,7/9/2022 3:20,13.98,14.63
5854,7/9/2022 3:30,14.03,14.63
5855,7/9/2022 3:40,14.03,14.71
5856,7/9/2022 3:50,14.2,14.75
5857,7/9/2022 4:00,14.28,14.8
5858,7/9/2022 4:10,14.33,14.75
5859,7/9/2022 4:20,14.28,14.75
5860,7/9/2022 4:30,14.41,14.8
5861,7/9/2022 4:40,14.33,14.71
5862,7/9/2022 4:50,14.24,14.58
5863,7/9/2022 5:00,14.2,14.58
5864,7/9/2022 5:10,14.24,14.67
5865,7/9/2022 5:20,14.07,14.88
5866,7/9/2022 5:30,13.94,16.73
5867,7/9/2022 5:40,13.98,17.54
5868,7/9/2022 5:50,13.94,17.89
5869,7/9/2022 6:00,13.94,17.97
5870,7/9/2022 6:10,13.81,17.93
5871,7/9/2022 6:20,13.68,17.97
5872,7/9/2022 6:30,13.68,18.19
5873,7/9/2022 6:40,13.55,18.32
5874,7/9/2022 6:50,13.6,18.36
5875,7/9/2022 7:00,13.55,18.66
5876,7/9/2022 7:10,13.55,18.74
5877,7/9/2022 7:20,13.47,18.79
5878,7/9/2022 7:30,13.47,18.87
5879,7/9/2022 7:40,13.34,18.96
5880,7/9/2022 7:50,13.47,19.09
5881,7/9/2022 8:00,13.51,19.22
5882,7/9/2022 8:10,13.3,19.22
5883,7/9/2022 8:20,13.38,19.26
5884,7/9/2022 8:30,13.55,19.17
5885,7/9/2022 8:40,13.47,19.22
5886,7/9/2022 8:50,13.51,19.35
5887,7/9/2022 9:00,13.47,19.43
5888,7/9/2022 9:10,13.47,19.47
5889,7/9/2022 9:20,13.43,19.6
5890,7/9/2022 9:30,13.38,19.6
5891,7/9/2022 9:40,13.38,19.65
5892,7/9/2022 9:50,13.9,19.56
5893,7/9/2022 10:00,13.85,19.47
5894,7/9/2022 10:10,14.03,19.43
5895,7/9/2022 10:20,14.15,19.3
5896,7/9/2022 10:30,14.15,19.17
5897,7/9/2022 10:40,14.28,18.87
5898,7/9/2022 10:50,14.41,18.74
5899,7/9/2022 11:00,14.5,18.92
5900,7/9/2022 11:10,14.75,19.09
5901,7/9/2022 11:20,14.93,19.26
5902,7/9/2022 11:30,15.06,19.43
5903,7/9/2022 11:40,15.23,19.6
5904,7/9/2022 11:50,15.18,19.69
5905,7/9/2022 12:00,15.23,19.86
5906,7/9/2022 12:10,15.14,20.07
5907,7/9/2022 12:20,15.44,20.12
5908,7/9/2022 12:30,15.61,20.46
5909,7/9/2022 12:40,15.61,20.76
5910,7/9/2022 12:50,15.48,20.98
5911,7/9/2022 13:00,15.74,21.28
5912,7/9/2022 13:10,15.7,21.58
5913,7/9/2022 13:20,15.4,21.88
5914,7/9/2022 13:30,15.31,22.61
5915,7/9/2022 13:40,15.53,23.42
5916,7/9/2022 13:50,15.61,24.28
5917,7/9/2022 14:00,15.61,24.19
5918,7/9/2022 14:10,15.87,24.32
5919,7/9/2022 14:20,15.91,24.24
5920,7/9/2022 14:30,15.91,23.72
5921,7/9/2022 14:40,15.78,23.21
5922,7/9/2022 14:50,16.04,23.12
5923,7/9/2022 15:00,16.08,23.21
5924,7/9/2022 15:10,16.43,23.08
5925,7/9/2022 15:20,16.26,23.03
5926,7/9/2022 15:30,16.21,22.91
5927,7/9/2022 15:40,16.47,22.86
5928,7/9/2022 15:50,16.56,22.69
5929,7/9/2022 16:00,16.56,22.52
5930,7/9/2022 16:10,16.51,22.43
5931,7/9/2022 16:20,16.6,22.31
5932,7/9/2022 16:30,16.64,22.26
5933,7/9/2022 16:40,16.69,22.01
5934,7/9/2022 16:50,16.73,21.83
5935,7/9/2022 17:00,16.86,21.62
5936,7/9/2022 17:10,16.64,21.45
5937,7/9/2022 17:20,16.6,21.4
5938,7/9/2022 17:30,16.64,21.45
5939,7/9/2022 17:40,16.77,21.49
5940,7/9/2022 17:50,16.81,21.36
5941,7/9/2022 18:00,16.81,21.53
5942,7/9/2022 18:10,16.99,21.62
5943,7/9/2022 18:20,16.99,21.32
5944,7/9/2022 18:30,16.9,21.06
5945,7/9/2022 18:40,16.9,21.02
5946,7/9/2022 18:50,16.86,21.1
5947,7/9/2022 19:00,16.9,21.02
5948,7/9/2022 19:10,16.64,20.85
5949,7/9/2022 19:20,16.56,20.76
5950,7/9/2022 19:30,16.56,20.68
5951,7/9/2022 19:40,17.59,20.68
5952,7/9/2022 19:50,18.27,20.63
5953,7/9/2022 20:00,18.92,20.59
5954,7/9/2022 20:10,19.17,20.59
5955,7/9/2022 20:20,19.95,20.59
5956,7/9/2022 20:30,20.25,20.55
5957,7/9/2022 20:40,20.37,20.5
5958,7/9/2022 20:50,20.46,20.55
5959,7/9/2022 21:00,20.42,20.46
5960,7/9/2022 21:10,20.29,20.46
5961,7/9/2022 21:20,19.9,20.46
5962,7/9/2022 21:30,18.62,20.46
5963,7/9/2022 21:40,17.24,20.68
5964,7/9/2022 21:50,16,20.85
5965,7/9/2022 22:00,15.31,20.72
5966,7/9/2022 22:10,15.01,20.63
5967,7/9/2022 22:20,15.01,20.76
5968,7/9/2022 22:30,15.01,20.8
5969,7/9/2022 22:40,14.93,20.63
5970,7/9/2022 22:50,14.93,20.12
5971,7/9/2022 23:00,14.84,20.07
5972,7/9/2022 23:10,14.8,20.03
5973,7/9/2022 23:20,14.63,19.99
5974,7/9/2022 23:30,14.54,19.99
5975,7/9/2022 23:40,14.5,19.95
5976,7/9/2022 23:50,14.41,19.9
5977,7/10/2022 0:00,14.45,19.9
5978,7/10/2022 0:10,14.41,19.86
5979,7/10/2022 0:20,14.33,19.86
5980,7/10/2022 0:30,14.15,19.95
5981,7/10/2022 0:40,14.11,19.86
5982,7/10/2022 0:50,14.03,19.73
5983,7/10/2022 1:00,14.03,19.73
5984,7/10/2022 1:10,13.9,19.69
5985,7/10/2022 1:20,13.81,19.6
5986,7/10/2022 1:30,13.77,19.47
5987,7/10/2022 1:40,13.68,19.39
5988,7/10/2022 1:50,13.64,19.3
5989,7/10/2022 2:00,13.73,19.22
5990,7/10/2022 2:10,13.47,19.22
5991,7/10/2022 2:20,13.43,19.13
5992,7/10/2022 2:30,13.25,19.05
5993,7/10/2022 2:40,13.21,18.96
5994,7/10/2022 2:50,13.21,18.79
5995,7/10/2022 3:00,13.25,18.32
5996,7/10/2022 3:10,13.08,15.23
5997,7/10/2022 3:20,13.12,14.2
5998,7/10/2022 3:30,13.17,13.9
5999,7/10/2022 3:40,13.12,13.6
6000,7/10/2022 3:50,13.12,13.64
6001,7/10/2022 4:00,13.21,13.68
6002,7/10/2022 4:10,13.08,13.38
6003,7/10/2022 4:20,13.04,13.51
6004,7/10/2022 4:30,13,13.21
6005,7/10/2022 4:40,13.04,13.3
6006,7/10/2022 4:50,12.91,13.25
6007,7/10/2022 5:00,12.95,13.25
6008,7/10/2022 5:10,12.82,13.12
6009,7/10/2022 5:20,12.7,13.04
6010,7/10/2022 5:30,12.61,12.91
6011,7/10/2022 5:40,12.7,13.08
6012,7/10/2022 5:50,12.57,13
6013,7/10/2022 6:00,12.52,12.91
6014,7/10/2022 6:10,12.52,12.87
6015,7/10/2022 6:20,12.44,12.87
6016,7/10/2022 6:30,12.35,12.87
6017,7/10/2022 6:40,12.31,13.04
6018,7/10/2022 6:50,12.35,13
6019,7/10/2022 7:00,12.44,13.34
6020,7/10/2022 7:10,12.57,14.11
6021,7/10/2022 7:20,12.57,16.77
6022,7/10/2022 7:30,12.57,17.33
6023,7/10/2022 7:40,12.7,17.89
6024,7/10/2022 7:50,13.04,18.32
6025,7/10/2022 8:00,13.17,18.57
6026,7/10/2022 8:10,13.3,18.7
6027,7/10/2022 8:20,13.47,18.87
6028,7/10/2022 8:30,14.03,19.05
6029,7/10/2022 8:40,14.45,19.3
6030,7/10/2022 8:50,14.75,19.39
6031,7/10/2022 9:00,15.23,19.56
6032,7/10/2022 9:10,15.48,19.65
6033,7/10/2022 9:20,15.57,19.65
6034,7/10/2022 9:30,15.83,19.69
6035,7/10/2022 9:40,16.21,19.82
6036,7/10/2022 9:50,16.6,19.99
6037,7/10/2022 10:00,17.03,20.25
6038,7/10/2022 10:10,17.33,20.46
6039,7/10/2022 10:20,17.46,20.63
6040,7/10/2022 10:30,17.63,20.8
6041,7/10/2022 10:40,17.72,20.89
6042,7/10/2022 10:50,17.76,21.02
6043,7/10/2022 11:00,17.97,21.15
6044,7/10/2022 11:10,18.23,21.23
6045,7/10/2022 11:20,18.27,21.4
6046,7/10/2022 11:30,18.57,21.58
6047,7/10/2022 11:40,18.87,21.66
6048,7/10/2022 11:50,19.17,21.83
6049,7/10/2022 12:00,19.3,21.96
6050,7/10/2022 12:10,19.22,22.31
6051,7/10/2022 12:20,19.09,22.69
6052,7/10/2022 12:30,19.05,22.86
6053,7/10/2022 12:40,18.53,22.78
6054,7/10/2022 12:50,18.32,22.69
6055,7/10/2022 13:00,18.27,22.61
6056,7/10/2022 13:10,18.27,22.61
6057,7/10/2022 13:20,19.09,22.69
6058,7/10/2022 13:30,19.26,22.99
6059,7/10/2022 13:40,18.27,23.08
6060,7/10/2022 13:50,18.66,23.34
6061,7/10/2022 14:00,18.57,23.34
6062,7/10/2022 14:10,17.8,23.34
6063,7/10/2022 14:20,18.02,23.34
6064,7/10/2022 14:30,18.06,23.55
6065,7/10/2022 14:40,17.89,23.81
6066,7/10/2022 14:50,17.97,23.98
6067,7/10/2022 15:00,18.06,23.85
6068,7/10/2022 15:10,18.06,23.85
6069,7/10/2022 15:20,18.19,23.81
6070,7/10/2022 15:30,18.19,23.64
6071,7/10/2022 15:40,17.97,23.68
6072,7/10/2022 15:50,18.1,23.72
6073,7/10/2022 16:00,18.1,23.68
6074,7/10/2022 16:10,17.93,23.51
6075,7/10/2022 16:20,17.89,23.38
6076,7/10/2022 16:30,18.02,23.08
6077,7/10/2022 16:40,18.06,22.99
6078,7/10/2022 16:50,17.93,22.86
6079,7/10/2022 17:00,18.02,22.82
6080,7/10/2022 17:10,18.36,22.82
6081,7/10/2022 17:20,19.13,22.86
6082,7/10/2022 17:30,19.26,22.78
6083,7/10/2022 17:40,19.09,22.82
6084,7/10/2022 17:50,18.74,22.73
6085,7/10/2022 18:00,18.62,22.69
6086,7/10/2022 18:10,18.23,22.65
6087,7/10/2022 18:20,18.02,22.65
6088,7/10/2022 18:30,17.89,22.65
6089,7/10/2022 18:40,17.72,22.65
6090,7/10/2022 18:50,17.72,22.48
6091,7/10/2022 19:00,17.37,22.35
6092,7/10/2022 19:10,17.24,22.26
6093,7/10/2022 19:20,17.03,22.09
6094,7/10/2022 19:30,16.99,22.01
6095,7/10/2022 19:40,16.94,21.83
6096,7/10/2022 19:50,16.81,21.83
6097,7/10/2022 20:00,16.64,21.66
6098,7/10/2022 20:10,17.41,21.53
6099,7/10/2022 20:20,20.46,21.53
6100,7/10/2022 20:30,21.4,21.49
6101,7/10/2022 20:40,21.4,21.45
6102,7/10/2022 20:50,21.4,21.45
6103,7/10/2022 21:00,21.36,21.4
6104,7/10/2022 21:10,21.32,21.36
6105,7/10/2022 21:20,21.28,21.32
6106,7/10/2022 21:30,21.28,21.32
6107,7/10/2022 21:40,21.32,21.15
6108,7/10/2022 21:50,21.36,21.1
6109,7/10/2022 22:00,21.92,21.06
6110,7/10/2022 22:10,21.79,21.06
6111,7/10/2022 22:20,21.62,21.1
6112,7/10/2022 22:30,20.63,21.23
6113,7/10/2022 22:40,16.21,21.28
6114,7/10/2022 22:50,14.67,21.32
6115,7/10/2022 23:00,13.98,21.32
6116,7/10/2022 23:10,13.81,21.02
6117,7/10/2022 23:20,13.3,20.98
6118,7/10/2022 23:30,13.21,20.89
6119,7/10/2022 23:40,13.04,20.93
6120,7/10/2022 23:50,13.04,20.98
6121,7/11/2022 0:00,12.91,20.98
6122,7/11/2022 0:10,12.87,21.02
6123,7/11/2022 0:20,12.78,20.98
6124,7/11/2022 0:30,12.78,20.93
6125,7/11/2022 0:40,12.57,20.93
6126,7/11/2022 0:50,12.48,20.85
6127,7/11/2022 1:00,12.52,20.8
6128,7/11/2022 1:10,12.31,20.72
6129,7/11/2022 1:20,12.1,20.63
6130,7/11/2022 1:30,12.31,20.63
6131,7/11/2022 1:40,12.1,20.55
6132,7/11/2022 1:50,11.92,20.46
6133,7/11/2022 2:00,11.79,20.46
6134,7/11/2022 2:10,12.1,20.42
6135,7/11/2022 2:20,11.97,20.33
6136,7/11/2022 2:30,11.67,20.29
6137,7/11/2022 2:40,11.67,20.25
6138,7/11/2022 2:50,11.88,20.12
6139,7/11/2022 3:00,11.49,19.99
6140,7/11/2022 3:10,11.54,19.9
6141,7/11/2022 3:20,11.58,19.77
6142,7/11/2022 3:30,11.28,19.52
6143,7/11/2022 3:40,11.15,19.26
6144,7/11/2022 3:50,10.85,14.37
6145,7/11/2022 4:00,10.98,12.4
6146,7/11/2022 4:10,11.02,12.1
6147,7/11/2022 4:20,10.72,11.75
6148,7/11/2022 4:30,10.72,11.32
6149,7/11/2022 4:40,11.32,11.19
6150,7/11/2022 4:50,11.28,11.11
6151,7/11/2022 5:00,11.11,10.94
6152,7/11/2022 5:10,11.41,10.77
6153,7/11/2022 5:20,11.32,10.81
6154,7/11/2022 5:30,11.15,10.64
6155,7/11/2022 5:40,10.94,10.68
6156,7/11/2022 5:50,11.02,10.94
6157,7/11/2022 6:00,10.94,10.81
6158,7/11/2022 6:10,10.89,10.77
6159,7/11/2022 6:20,11.11,10.98
6160,7/11/2022 6:30,11.15,11.28
6161,7/11/2022 6:40,11.28,11.37
6162,7/11/2022 6:50,11.62,11.58
6163,7/11/2022 7:00,12.14,12.48
6164,7/11/2022 7:10,12.61,13.81
6165,7/11/2022 7:20,13.12,14.11
6166,7/11/2022 7:30,13.55,14.45
6167,7/11/2022 7:40,13.9,14.84
6168,7/11/2022 7:50,14.28,15.36
6169,7/11/2022 8:00,14.45,15.4
6170,7/11/2022 8:10,14.93,15.87
6171,7/11/2022 8:20,15.44,17.2
6172,7/11/2022 8:30,15.61,18.14
6173,7/11/2022 8:40,16,18.83
6174,7/11/2022 8:50,16.3,19.3
6175,7/11/2022 9:00,16.56,19.69
6176,7/11/2022 9:10,16.81,19.95
6177,7/11/2022 9:20,17.03,20.07
6178,7/11/2022 9:30,17.2,20.16
6179,7/11/2022 9:40,17.63,20.2
6180,7/11/2022 9:50,17.84,20.33
6181,7/11/2022 10:00,18.1,20.59
6182,7/11/2022 10:10,18.49,20.89
6183,7/11/2022 10:20,18.66,21.1
6184,7/11/2022 10:30,19,21.15
6185,7/11/2022 10:40,19.47,21.23
6186,7/11/2022 10:50,19.99,21.28
6187,7/11/2022 11:00,20.42,21.45
6188,7/11/2022 11:10,20.85,21.45
6189,7/11/2022 11:20,20.93,21.58
6190,7/11/2022 11:30,22.09,21.66
6191,7/11/2022 11:40,22.78,21.7
6192,7/11/2022 11:50,23.29,21.75
6193,7/11/2022 12:00,23.38,21.83
6194,7/11/2022 12:10,23.46,21.92
6195,7/11/2022 12:20,23.64,21.96
6196,7/11/2022 12:30,23.72,22.05
6197,7/11/2022 12:40,23.68,22.22
6198,7/11/2022 12:50,24.02,22.39
6199,7/11/2022 13:00,23.55,22.35
6200,7/11/2022 13:10,23.81,22.56
6201,7/11/2022 13:20,23.89,22.86
6202,7/11/2022 13:30,24.15,23.12
6203,7/11/2022 13:40,24.11,23.29
6204,7/11/2022 13:50,24.11,23.42
6205,7/11/2022 14:00,23.81,23.59
6206,7/11/2022 14:10,23.85,23.81
6207,7/11/2022 14:20,22.18,24.02
6208,7/11/2022 14:30,21.32,24.36
6209,7/11/2022 14:40,20.89,24.66
6210,7/11/2022 14:50,20.37,24.92
6211,7/11/2022 15:00,20.25,25.52
6212,7/11/2022 15:10,19.95,25.27
6213,7/11/2022 15:20,19.86,25.01
6214,7/11/2022 15:30,19.05,24.97
6215,7/11/2022 15:40,18.44,24.92
6216,7/11/2022 15:50,18.27,24.32
6217,7/11/2022 16:00,18.1,24.19
6218,7/11/2022 16:10,18.06,24.32
6219,7/11/2022 16:20,18.02,24.66
6220,7/11/2022 16:30,17.84,24.45
6221,7/11/2022 16:40,17.76,24.19
6222,7/11/2022 16:50,17.72,24.11
6223,7/11/2022 17:00,17.46,23.94
6224,7/11/2022 17:10,17.46,23.89
6225,7/11/2022 17:20,17.46,23.59
6226,7/11/2022 17:30,17.37,23.42
6227,7/11/2022 17:40,17.29,23.38
6228,7/11/2022 17:50,17.2,23.34
6229,7/11/2022 18:00,17.29,23.25
6230,7/11/2022 18:10,17.24,23.21
6231,7/11/2022 18:20,17.24,23.34
6232,7/11/2022 18:30,16.94,23.25
6233,7/11/2022 18:40,16.64,23.21
6234,7/11/2022 18:50,16.51,23.12
6235,7/11/2022 19:00,16.64,23.03
6236,7/11/2022 19:10,16.56,22.91
6237,7/11/2022 19:20,16.6,22.95
6238,7/11/2022 19:30,16.51,22.86
6239,7/11/2022 19:40,16.6,22.69
6240,7/11/2022 19:50,16.43,22.69
6241,7/11/2022 20:00,16.56,22.65
6242,7/11/2022 20:10,16.9,22.56
6243,7/11/2022 20:20,17.59,22.48
6244,7/11/2022 20:30,21.53,22.43
6245,7/11/2022 20:40,22.26,22.43
6246,7/11/2022 20:50,22.22,22.35
6247,7/11/2022 21:00,22.22,22.35
6248,7/11/2022 21:10,22.18,22.31
6249,7/11/2022 21:20,22.18,22.22
6250,7/11/2022 21:30,22.09,22.13
6251,7/11/2022 21:40,22.05,22.13
6252,7/11/2022 21:50,21.96,22.01
6253,7/11/2022 22:00,21.92,21.92
6254,7/11/2022 22:10,21.88,21.88
6255,7/11/2022 22:20,21.88,21.83
6256,7/11/2022 22:30,21.96,21.83
6257,7/11/2022 22:40,21.96,21.75
6258,7/11/2022 22:50,22.52,21.7
6259,7/11/2022 23:00,22.35,21.7
6260,7/11/2022 23:10,22.22,21.66
6261,7/11/2022 23:20,22.31,21.7
6262,7/11/2022 23:30,22.09,21.79
6263,7/11/2022 23:40,21.92,21.83
6264,7/11/2022 23:50,20.68,21.79
6265,7/12/2022 0:00,17.07,21.79
6266,7/12/2022 0:10,15.57,21.79
6267,7/12/2022 0:20,15.01,21.79
6268,7/12/2022 0:30,14.84,21.83
6269,7/12/2022 0:40,14.75,21.83
6270,7/12/2022 0:50,14.71,21.83
6271,7/12/2022 1:00,14.75,21.83
6272,7/12/2022 1:10,14.63,21.88
6273,7/12/2022 1:20,14.58,21.83
6274,7/12/2022 1:30,14.67,21.79
6275,7/12/2022 1:40,14.5,21.79
6276,7/12/2022 1:50,14.75,21.75
6277,7/12/2022 2:00,14.67,21.75
6278,7/12/2022 2:10,14.45,21.66
6279,7/12/2022 2:20,14.37,21.66
6280,7/12/2022 2:30,14.58,21.66
6281,7/12/2022 2:40,14.33,21.66
6282,7/12/2022 2:50,14.2,21.62
6283,7/12/2022 3:00,14.2,21.58
6284,7/12/2022 3:10,14.28,21.49
6285,7/12/2022 3:20,14.28,21.49
6286,7/12/2022 3:30,14.37,21.36
6287,7/12/2022 3:40,14.24,21.28
6288,7/12/2022 3:50,14.33,21.19
6289,7/12/2022 4:00,14.24,21.06
6290,7/12/2022 4:10,14.2,21.1
6291,7/12/2022 4:20,14.11,20.89
6292,7/12/2022 4:30,14.33,20.76
6293,7/12/2022 4:40,14.28,20.37
6294,7/12/2022 4:50,14.15,16.73
6295,7/12/2022 5:00,14.2,14.8
6296,7/12/2022 5:10,14.11,14.41
6297,7/12/2022 5:20,14.28,14.33
6298,7/12/2022 5:30,14.15,14.33
6299,7/12/2022 5:40,14.24,14.24
6300,7/12/2022 5:50,14.11,14.24
6301,7/12/2022 6:00,14.15,14.15
6302,7/12/2022 6:10,14.24,14.07
6303,7/12/2022 6:20,14.2,14.07
6304,7/12/2022 6:30,14.15,14.07
6305,7/12/2022 6:40,14.15,14.07
6306,7/12/2022 6:50,14.24,14.15
6307,7/12/2022 7:00,14.24,14.2
6308,7/12/2022 7:10,14.33,14.2
6309,7/12/2022 7:20,14.41,14.33
6310,7/12/2022 7:30,14.41,14.37
6311,7/12/2022 7:40,14.45,14.45
6312,7/12/2022 7:50,14.45,14.24
6313,7/12/2022 8:00,14.58,14.41
6314,7/12/2022 8:10,14.63,14.5
6315,7/12/2022 8:20,14.71,14.58
6316,7/12/2022 8:30,14.75,14.67
6317,7/12/2022 8:40,14.84,14.8
6318,7/12/2022 8:50,15.01,14.93
6319,7/12/2022 9:00,15.01,15.06
6320,7/12/2022 9:10,15.01,15.23
6321,7/12/2022 9:20,15.18,17.2
6322,7/12/2022 9:30,15.4,19.86
6323,7/12/2022 9:40,15.7,20.37
6324,7/12/2022 9:50,15.83,20.46
6325,7/12/2022 10:00,15.91,20.55
6326,7/12/2022 10:10,16.17,20.89
6327,7/12/2022 10:20,16.13,21.06
6328,7/12/2022 10:30,16.21,21.23
6329,7/12/2022 10:40,16.34,21.32
6330,7/12/2022 10:50,16.6,21.49
6331,7/12/2022 11:00,16.6,21.58
6332,7/12/2022 11:10,16.47,21.75
6333,7/12/2022 11:20,16.56,21.79
6334,7/12/2022 11:30,16.77,21.92
6335,7/12/2022 11:40,16.73,22.01
6336,7/12/2022 11:50,16.99,22.09
6337,7/12/2022 12:00,17.07,22.13
6338,7/12/2022 12:10,17.37,22.18
6339,7/12/2022 12:20,17.33,22.18
6340,7/12/2022 12:30,17.46,22.31
6341,7/12/2022 12:40,17.54,22.35
6342,7/12/2022 12:50,17.5,22.39
6343,7/12/2022 13:00,17.67,22.43
6344,7/12/2022 13:10,17.89,22.61
6345,7/12/2022 13:20,18.06,22.65
6346,7/12/2022 13:30,17.97,22.91
6347,7/12/2022 13:40,17.93,23.12
6348,7/12/2022 13:50,17.97,23.16
6349,7/12/2022 14:00,18.4,23.38
6350,7/12/2022 14:10,18.4,23.46
6351,7/12/2022 14:20,18.66,23.68
6352,7/12/2022 14:30,18.74,23.89
6353,7/12/2022 14:40,19,24.06
6354,7/12/2022 14:50,19.17,24.24
6355,7/12/2022 15:00,19.22,24.36
6356,7/12/2022 15:10,19.35,24.54
6357,7/12/2022 15:20,19.3,24.71
6358,7/12/2022 15:30,19.3,24.71
6359,7/12/2022 15:40,19.56,24.75
6360,7/12/2022 15:50,19.73,24.92
6361,7/12/2022 16:00,19.43,25.05
6362,7/12/2022 16:10,19.52,25.18
6363,7/12/2022 16:20,19.35,25.27
6364,7/12/2022 16:30,19.05,25.39
6365,7/12/2022 16:40,18.7,25.52
6366,7/12/2022 16:50,18.44,25.61
6367,7/12/2022 17:00,18.27,25.65
6368,7/12/2022 17:10,18.19,25.65
6369,7/12/2022 17:20,18.06,25.74
6370,7/12/2022 17:30,17.93,25.87
6371,7/12/2022 17:40,17.8,26.04
6372,7/12/2022 17:50,17.93,25.99
6373,7/12/2022 18:00,17.8,25.95
6374,7/12/2022 18:10,17.89,25.74
6375,7/12/2022 18:20,17.8,25.57
6376,7/12/2022 18:30,17.76,25.44
6377,7/12/2022 18:40,17.76,25.27
6378,7/12/2022 18:50,17.29,25.14
6379,7/12/2022 19:00,16.9,24.92
6380,7/12/2022 19:10,16.64,24.75
6381,7/12/2022 19:20,16.6,24.15
6382,7/12/2022 19:30,16.43,24.06
6383,7/12/2022 19:40,16.69,23.85
6384,7/12/2022 19:50,16.64,23.55
6385,7/12/2022 20:00,16.64,23.12
6386,7/12/2022 20:10,16.69,22.99
6387,7/12/2022 20:20,16.51,22.99
6388,7/12/2022 20:30,16.6,22.99
6389,7/12/2022 20:40,16.51,22.91
6390,7/12/2022 20:50,16.86,23.03
6391,7/12/2022 21:00,17.03,22.99
6392,7/12/2022 21:10,17.54,22.86
6393,7/12/2022 21:20,18.44,22.69
6394,7/12/2022 21:30,23.25,22.61
6395,7/12/2022 21:40,23.42,22.61
6396,7/12/2022 21:50,23.55,22.56
6397,7/12/2022 22:00,23.51,22.56
6398,7/12/2022 22:10,23.29,22.56
6399,7/12/2022 22:20,23.38,22.52
6400,7/12/2022 22:30,23.29,22.56
6401,7/12/2022 22:40,23.21,22.52
6402,7/12/2022 22:50,23.03,22.39
6403,7/12/2022 23:00,22.95,22.26
6404,7/12/2022 23:10,23.12,22.22
6405,7/12/2022 23:20,23.16,22.26
6406,7/12/2022 23:30,23.21,22.22
6407,7/12/2022 23:40,23.16,22.18
6408,7/12/2022 23:50,23.08,22.26
6409,7/13/2022 0:00,22.69,22.22
6410,7/13/2022 0:10,22.48,22.31
6411,7/13/2022 0:20,22.35,22.35
6412,7/13/2022 0:30,22.39,22.31
6413,7/13/2022 0:40,22.31,22.22
6414,7/13/2022 0:50,20.33,22.31
6415,7/13/2022 1:00,17.2,22.31
6416,7/13/2022 1:10,16.17,22.31
6417,7/13/2022 1:20,15.83,22.31
6418,7/13/2022 1:30,15.83,22.31
6419,7/13/2022 1:40,15.83,22.35
6420,7/13/2022 1:50,15.61,22.31
6421,7/13/2022 2:00,15.74,22.31
6422,7/13/2022 2:10,15.36,22.26
6423,7/13/2022 2:20,15.36,22.22
6424,7/13/2022 2:30,15.4,22.22
6425,7/13/2022 2:40,15.27,22.18
6426,7/13/2022 2:50,15.18,22.13
6427,7/13/2022 3:00,15.27,22.05
6428,7/13/2022 3:10,15.23,22.01
6429,7/13/2022 3:20,15.1,21.96
6430,7/13/2022 3:30,15.23,21.96
6431,7/13/2022 3:40,15.1,21.88
6432,7/13/2022 3:50,14.84,21.79
6433,7/13/2022 4:00,14.8,21.75
6434,7/13/2022 4:10,14.54,21.7
6435,7/13/2022 4:20,14.54,21.7
6436,7/13/2022 4:30,14.54,21.58
6437,7/13/2022 4:40,14.5,21.58
6438,7/13/2022 4:50,14.45,21.4
6439,7/13/2022 5:00,14.41,21.36
6440,7/13/2022 5:10,14.5,21.15
6441,7/13/2022 5:20,14.24,20.8
6442,7/13/2022 5:30,14.33,19.6
6443,7/13/2022 5:40,14.37,15.83
6444,7/13/2022 5:50,14.24,15.06
6445,7/13/2022 6:00,14.2,14.88
6446,7/13/2022 6:10,14.07,14.8
6447,7/13/2022 6:20,13.98,14.75
6448,7/13/2022 6:30,14.11,14.67
6449,7/13/2022 6:40,14.2,14.58
6450,7/13/2022 6:50,14.07,14.71
6451,7/13/2022 7:00,14.15,15.01
6452,7/13/2022 7:10,14.2,15.1
6453,7/13/2022 7:20,14.2,15.06
6454,7/13/2022 7:30,14.37,15.23
6455,7/13/2022 7:40,14.37,15.23
6456,7/13/2022 7:50,14.41,15.06
6457,7/13/2022 8:00,14.41,15.31
6458,7/13/2022 8:10,14.63,15.66
6459,7/13/2022 8:20,14.67,16.08
6460,7/13/2022 8:30,14.93,15.57
6461,7/13/2022 8:40,15.01,15.66
6462,7/13/2022 8:50,15.14,16.13
6463,7/13/2022 9:00,15.23,15.91
6464,7/13/2022 9:10,15.18,16
6465,7/13/2022 9:20,15.31,16.21
6466,7/13/2022 9:30,15.31,16.43
6467,7/13/2022 9:40,15.36,16.21
6468,7/13/2022 9:50,15.48,16.43
6469,7/13/2022 10:00,15.57,16.81
6470,7/13/2022 10:10,15.7,17.5
6471,7/13/2022 10:20,15.74,18.7
6472,7/13/2022 10:30,15.78,20.76
6473,7/13/2022 10:40,15.78,20.89
6474,7/13/2022 10:50,15.78,21.06
6475,7/13/2022 11:00,16,21.1
6476,7/13/2022 11:10,16.13,21.36
6477,7/13/2022 11:20,16.21,21.66
6478,7/13/2022 11:30,16.34,21.62
6479,7/13/2022 11:40,16.47,21.7
6480,7/13/2022 11:50,16.69,22.05
6481,7/13/2022 12:00,16.69,22.13
6482,7/13/2022 12:10,16.86,22.18
6483,7/13/2022 12:20,16.86,22.26
6484,7/13/2022 12:30,16.94,22.35
6485,7/13/2022 12:40,17.33,22.39
6486,7/13/2022 12:50,17.46,22.52
6487,7/13/2022 13:00,17.72,22.73
6488,7/13/2022 13:10,18.06,22.91
6489,7/13/2022 13:20,18.19,23.03
6490,7/13/2022 13:30,18.36,23.16
6491,7/13/2022 13:40,18.4,23.21
6492,7/13/2022 13:50,18.53,23.29
6493,7/13/2022 14:00,18.83,23.34
6494,7/13/2022 14:10,18.92,23.34
6495,7/13/2022 14:20,19,23.38
6496,7/13/2022 14:30,19.17,23.51
6497,7/13/2022 14:40,19.17,23.64
6498,7/13/2022 14:50,19,23.81
6499,7/13/2022 15:00,18.79,23.81
6500,7/13/2022 15:10,18.44,23.98
6501,7/13/2022 15:20,18.19,24.06
6502,7/13/2022 15:30,18.1,24.19
6503,7/13/2022 15:40,18.06,24.45
6504,7/13/2022 15:50,18.02,24.49
6505,7/13/2022 16:00,17.93,24.58
6506,7/13/2022 16:10,18.19,24.66
6507,7/13/2022 16:20,18.19,24.88
6508,7/13/2022 16:30,18.4,25.14
6509,7/13/2022 16:40,18.14,25.22
6510,7/13/2022 16:50,17.46,25.18
6511,7/13/2022 17:00,17.07,25.22
6512,7/13/2022 17:10,16.9,25.31
6513,7/13/2022 17:20,16.77,25.48
6514,7/13/2022 17:30,16.56,25.74
6515,7/13/2022 17:40,16.13,25.48
6516,7/13/2022 17:50,15.91,25.35
6517,7/13/2022 18:00,15.74,25.09
6518,7/13/2022 18:10,15.61,24.84
6519,7/13/2022 18:20,15.53,24.54
6520,7/13/2022 18:30,15.27,24.36
6521,7/13/2022 18:40,15.4,24.19
6522,7/13/2022 18:50,15.23,24.19
6523,7/13/2022 19:00,15.01,24.06
6524,7/13/2022 19:10,14.8,23.98
6525,7/13/2022 19:20,14.67,23.76
6526,7/13/2022 19:30,14.41,23.59
6527,7/13/2022 19:40,14.8,23.42
6528,7/13/2022 19:50,14.93,23.38
6529,7/13/2022 20:00,15.01,23.29
6530,7/13/2022 20:10,14.84,23.16
6531,7/13/2022 20:20,14.75,23.12
6532,7/13/2022 20:30,14.84,23.03
6533,7/13/2022 20:40,14.84,22.99
6534,7/13/2022 20:50,14.97,22.91
6535,7/13/2022 21:00,14.84,22.82
6536,7/13/2022 21:10,14.97,22.82
6537,7/13/2022 21:20,14.97,22.86
6538,7/13/2022 21:30,15.01,22.99
6539,7/13/2022 21:40,15.01,22.91
6540,7/13/2022 21:50,15.23,22.95
6541,7/13/2022 22:00,15.44,22.91
6542,7/13/2022 22:10,18.19,22.86
6543,7/13/2022 22:20,22.31,22.78
6544,7/13/2022 22:30,22.61,22.65
6545,7/13/2022 22:40,22.65,22.69
6546,7/13/2022 22:50,22.56,22.65
6547,7/13/2022 23:00,22.61,22.69
6548,7/13/2022 23:10,22.52,22.61
6549,7/13/2022 23:20,22.48,22.56
6550,7/13/2022 23:30,22.39,22.48
6551,7/13/2022 23:40,22.39,22.43
6552,7/13/2022 23:50,22.31,22.31
6553,7/14/2022 0:00,22.31,22.31
6554,7/14/2022 0:10,22.31,22.31
6555,7/14/2022 0:20,22.26,22.22
6556,7/14/2022 0:30,22.22,22.22
6557,7/14/2022 0:40,22.18,22.01
6558,7/14/2022 0:50,22.22,22.01
6559,7/14/2022 1:00,22.26,22.09
6560,7/14/2022 1:10,22.22,22.09
6561,7/14/2022 1:20,22.13,22.31
6562,7/14/2022 1:30,22.18,22.09
6563,7/14/2022 1:40,20.55,21.96
6564,7/14/2022 1:50,15.66,21.96
6565,7/14/2022 2:00,14.37,21.96
6566,7/14/2022 2:10,13.85,21.96
6567,7/14/2022 2:20,13.68,21.96
6568,7/14/2022 2:30,13.47,21.96
6569,7/14/2022 2:40,13.34,21.92
6570,7/14/2022 2:50,13.47,21.92
6571,7/14/2022 3:00,13.47,21.92
6572,7/14/2022 3:10,13.38,21.75
6573,7/14/2022 3:20,13.43,21.79
6574,7/14/2022 3:30,13.47,21.75
6575,7/14/2022 3:40,13.3,21.79
6576,7/14/2022 3:50,13.12,21.75
6577,7/14/2022 4:00,13.12,21.7
6578,7/14/2022 4:10,13.12,21.66
6579,7/14/2022 4:20,13.34,21.62
6580,7/14/2022 4:30,13.17,21.53
6581,7/14/2022 4:40,13.04,21.4
6582,7/14/2022 4:50,13.08,21.45
6583,7/14/2022 5:00,13,21.32
6584,7/14/2022 5:10,13,21.32
6585,7/14/2022 5:20,12.95,21.28
6586,7/14/2022 5:30,12.78,21.23
6587,7/14/2022 5:40,12.57,21.1
6588,7/14/2022 5:50,12.48,21.06
6589,7/14/2022 6:00,12.35,20.8
6590,7/14/2022 6:10,12.35,20.55
6591,7/14/2022 6:20,12.31,17.2
6592,7/14/2022 6:30,12.31,14.15
6593,7/14/2022 6:40,12.22,13.51
6594,7/14/2022 6:50,12.22,13.34
6595,7/14/2022 7:00,12.18,13.47
6596,7/14/2022 7:10,12.22,13.47
6597,7/14/2022 7:20,12.22,13.6
6598,7/14/2022 7:30,12.35,13.6
6599,7/14/2022 7:40,12.22,13.98
6600,7/14/2022 7:50,12.35,14.11
6601,7/14/2022 8:00,12.4,14.37
6602,7/14/2022 8:10,12.52,14.58
6603,7/14/2022 8:20,12.7,15.53
6604,7/14/2022 8:30,12.91,15.87
6605,7/14/2022 8:40,13.04,16.08
6606,7/14/2022 8:50,13.43,16.77
6607,7/14/2022 9:00,13.77,16.99
6608,7/14/2022 9:10,14.03,15.74
6609,7/14/2022 9:20,14.28,16
6610,7/14/2022 9:30,14.54,16.26
6611,7/14/2022 9:40,14.97,17.03
6612,7/14/2022 9:50,15.06,17.29
6613,7/14/2022 10:00,15.1,17.41
6614,7/14/2022 10:10,15.01,17.41
6615,7/14/2022 10:20,15.31,17.84
6616,7/14/2022 10:30,15.31,17.72
6617,7/14/2022 10:40,15.7,18.14
6618,7/14/2022 10:50,16,17.93
6619,7/14/2022 11:00,16.21,18.02
6620,7/14/2022 11:10,16.43,23.98
6621,7/14/2022 11:20,16.26,25.18
6622,7/14/2022 11:30,16.04,24.62
6623,7/14/2022 11:40,15.61,24.11
6624,7/14/2022 11:50,15.57,23.98
6625,7/14/2022 12:00,15.74,23.89
6626,7/14/2022 12:10,15.96,23.94
6627,7/14/2022 12:20,15.91,24.02
6628,7/14/2022 12:30,16.08,23.72
6629,7/14/2022 12:40,16.13,23.72
6630,7/14/2022 12:50,16.08,23.64
6631,7/14/2022 13:00,16.34,23.42
6632,7/14/2022 13:10,16.17,23.34
6633,7/14/2022 13:20,16.3,23.21
6634,7/14/2022 13:30,16.21,23.12
6635,7/14/2022 13:40,16.26,23.12
6636,7/14/2022 13:50,16.13,23.16
6637,7/14/2022 14:00,16.3,23.12
6638,7/14/2022 14:10,16.34,23.25
6639,7/14/2022 14:20,16.43,23.29
6640,7/14/2022 14:30,16.51,23.29
6641,7/14/2022 14:40,16.6,23.34
6642,7/14/2022 14:50,16.47,23.42
6643,7/14/2022 15:00,16.6,23.46
6644,7/14/2022 15:10,16.6,24.02
6645,7/14/2022 15:20,16.64,24.79
6646,7/14/2022 15:30,16.69,25.09
6647,7/14/2022 15:40,16.6,25.35
6648,7/14/2022 15:50,16.69,25.09
6649,7/14/2022 16:00,16.6,25.05
6650,7/14/2022 16:10,16.47,24.32
6651,7/14/2022 16:20,16.39,23.42
6652,7/14/2022 16:30,16.51,23.42
6653,7/14/2022 16:40,16.39,23.38
6654,7/14/2022 16:50,16.21,23.46
6655,7/14/2022 17:00,16.3,23.55
6656,7/14/2022 17:10,16.34,24.02
6657,7/14/2022 17:20,16.39,23.85
6658,7/14/2022 17:30,16.3,23.46
6659,7/14/2022 17:40,16.21,23.16
6660,7/14/2022 17:50,16.17,23.08
6661,7/14/2022 18:00,16,23.42
6662,7/14/2022 18:10,16.21,23.59
6663,7/14/2022 18:20,16.04,23.38
6664,7/14/2022 18:30,15.87,23.12
6665,7/14/2022 18:40,15.96,22.95
6666,7/14/2022 18:50,15.78,22.78
6667,7/14/2022 19:00,15.74,22.86
6668,7/14/2022 19:10,15.7,22.73
6669,7/14/2022 19:20,15.7,22.61
6670,7/14/2022 19:30,15.48,22.56
6671,7/14/2022 19:40,15.61,22.43
6672,7/14/2022 19:50,15.4,22.43
6673,7/14/2022 20:00,15.06,22.48
6674,7/14/2022 20:10,15.01,22.48
6675,7/14/2022 20:20,14.97,22.52
6676,7/14/2022 20:30,14.84,22.48
6677,7/14/2022 20:40,14.8,22.48
6678,7/14/2022 20:50,14.88,22.48
6679,7/14/2022 21:00,14.88,22.43
6680,7/14/2022 21:10,14.84,22.39
6681,7/14/2022 21:20,14.84,22.35
6682,7/14/2022 21:30,14.71,21.92
6683,7/14/2022 21:40,14.8,21.66
6684,7/14/2022 21:50,14.71,21.62
6685,7/14/2022 22:00,14.75,21.4
6686,7/14/2022 22:10,14.88,21.53
6687,7/14/2022 22:20,14.71,21.53
6688,7/14/2022 22:30,14.88,21.45
6689,7/14/2022 22:40,14.97,21.4
6690,7/14/2022 22:50,14.97,21.66
6691,7/14/2022 23:00,15.74,21.7
6692,7/14/2022 23:10,19,21.62
6693,7/14/2022 23:20,21.19,21.53
6694,7/14/2022 23:30,21.58,21.32
6695,7/14/2022 23:40,21.58,21.06
6696,7/14/2022 23:50,21.58,20.98
6697,7/15/2022 0:00,21.53,20.98
6698,7/15/2022 0:10,21.53,20.98
6699,7/15/2022 0:20,21.49,20.93
6700,7/15/2022 0:30,21.45,20.93
6701,7/15/2022 0:40,21.45,21.02
6702,7/15/2022 0:50,21.45,21.06
6703,7/15/2022 1:00,21.4,21.06
6704,7/15/2022 1:10,21.36,21.06
6705,7/15/2022 1:20,21.4,21.06
6706,7/15/2022 1:30,21.36,21.15
6707,7/15/2022 1:40,21.28,21.06
6708,7/15/2022 1:50,21.23,21.06
6709,7/15/2022 2:00,21.15,21.02
6710,7/15/2022 2:10,21.02,20.93
6711,7/15/2022 2:20,20.37,20.98
6712,7/15/2022 2:30,17.03,20.93
6713,7/15/2022 2:40,14.24,20.98
6714,7/15/2022 2:50,13.77,21.02
6715,7/15/2022 3:00,13.68,20.93
6716,7/15/2022 3:10,13.51,20.55
6717,7/15/2022 3:20,13.47,20.55
6718,7/15/2022 3:30,13.17,20.42
6719,7/15/2022 3:40,12.91,20.42
6720,7/15/2022 3:50,12.95,20.25
6721,7/15/2022 4:00,13,20.29
6722,7/15/2022 4:10,13,20.25
6723,7/15/2022 4:20,12.87,20.29
6724,7/15/2022 4:30,12.78,20.25
6725,7/15/2022 4:40,12.7,20.33
6726,7/15/2022 4:50,12.52,20.33
6727,7/15/2022 5:00,12.31,20.12
6728,7/15/2022 5:10,12.35,20.12
6729,7/15/2022 5:20,12.31,20.12
6730,7/15/2022 5:30,12.4,20.12
6731,7/15/2022 5:40,12.35,20.03
6732,7/15/2022 5:50,12.22,19.99
6733,7/15/2022 6:00,12.01,19.9
6734,7/15/2022 6:10,11.92,19.77
6735,7/15/2022 6:20,11.75,19.6
6736,7/15/2022 6:30,11.88,19.3
6737,7/15/2022 6:40,11.67,18.96
6738,7/15/2022 6:50,11.58,18.96
6739,7/15/2022 7:00,11.75,18.74
6740,7/15/2022 7:10,11.71,15.61
6741,7/15/2022 7:20,11.75,13.6
6742,7/15/2022 7:30,11.92,13.94
6743,7/15/2022 7:40,12.05,13.77
6744,7/15/2022 7:50,12.18,14.45
6745,7/15/2022 8:00,12.14,14.33
6746,7/15/2022 8:10,12.01,14.71
6747,7/15/2022 8:20,11.84,14.24
6748,7/15/2022 8:30,11.92,14.75
6749,7/15/2022 8:40,12.35,14.93
6750,7/15/2022 8:50,12.48,15.31
6751,7/15/2022 9:00,12.82,16.6
6752,7/15/2022 9:10,12.87,16.73
6753,7/15/2022 9:20,13.04,17.84
6754,7/15/2022 9:30,13.47,19.95
6755,7/15/2022 9:40,13.68,20.5
6756,7/15/2022 9:50,13.9,20.93
6757,7/15/2022 10:00,14.03,21.19
6758,7/15/2022 10:10,14.33,21.36
6759,7/15/2022 10:20,14.28,21.49
6760,7/15/2022 10:30,14.33,21.36
6761,7/15/2022 10:40,14.54,21.66
6762,7/15/2022 10:50,14.63,21.83
6763,7/15/2022 11:00,14.75,21.62
6764,7/15/2022 11:10,14.88,21.58
6765,7/15/2022 11:20,15.06,21.62
6766,7/15/2022 11:30,14.97,20.93
6767,7/15/2022 11:40,15.01,20.46
6768,7/15/2022 11:50,15.06,24.45
6769,7/15/2022 12:00,15.18,24.28
6770,7/15/2022 12:10,15.48,23.59
6771,7/15/2022 12:20,15.57,23.38
6772,7/15/2022 12:30,15.57,23.08
6773,7/15/2022 12:40,15.48,22.99
6774,7/15/2022 12:50,15.4,22.48
6775,7/15/2022 13:00,15.31,22.22
6776,7/15/2022 13:10,15.14,22.18
6777,7/15/2022 13:20,15.01,22.09
6778,7/15/2022 13:30,15.14,21.96
6779,7/15/2022 13:40,15.1,21.88
6780,7/15/2022 13:50,15.23,21.79
6781,7/15/2022 14:00,15.14,21.79
6782,7/15/2022 14:10,15.1,21.92
6783,7/15/2022 14:20,15.27,22.01
6784,7/15/2022 14:30,15.53,22.01
6785,7/15/2022 14:40,15.66,22.05
6786,7/15/2022 14:50,15.7,22.13
6787,7/15/2022 15:00,15.66,22.22
6788,7/15/2022 15:10,15.61,22.35
6789,7/15/2022 15:20,15.48,22.31
6790,7/15/2022 15:30,15.48,22.31
6791,7/15/2022 15:40,15.61,22.52
6792,7/15/2022 15:50,15.78,22.73
6793,7/15/2022 16:00,15.87,23.03
6794,7/15/2022 16:10,16.08,23.16
6795,7/15/2022 16:20,16,23.72
6796,7/15/2022 16:30,15.87,23.98
6797,7/15/2022 16:40,15.96,23.89
6798,7/15/2022 16:50,15.91,24.32
6799,7/15/2022 17:00,15.96,24.54
6800,7/15/2022 17:10,16.13,24.66
6801,7/15/2022 17:20,16.13,24.88
6802,7/15/2022 17:30,16.17,24.84
6803,7/15/2022 17:40,15.96,24.41
6804,7/15/2022 17:50,16.08,23.81
6805,7/15/2022 18:00,16.04,23.42
6806,7/15/2022 18:10,15.83,23.25
6807,7/15/2022 18:20,15.87,22.73
6808,7/15/2022 18:30,15.87,22.43
6809,7/15/2022 18:40,15.83,22.13
6810,7/15/2022 18:50,15.66,21.96
6811,7/15/2022 19:00,15.48,22.09
6812,7/15/2022 19:10,15.4,22.18
6813,7/15/2022 19:20,15.18,22.31
6814,7/15/2022 19:30,15.1,22.39
6815,7/15/2022 19:40,14.93,22.26
6816,7/15/2022 19:50,14.41,21.92
6817,7/15/2022 20:00,14.33,21.79
6818,7/15/2022 20:10,14.07,21.83
6819,7/15/2022 20:20,13.9,21.66
6820,7/15/2022 20:30,13.68,21.62
6821,7/15/2022 20:40,13.51,21.49
6822,7/15/2022 20:50,13.34,21.36
6823,7/15/2022 21:00,13.38,21.15
6824,7/15/2022 21:10,13.21,21.06
6825,7/15/2022 21:20,13.12,21.02
6826,7/15/2022 21:30,13.12,21.02
6827,7/15/2022 21:40,13.08,21.15
6828,7/15/2022 21:50,13.17,21.28
6829,7/15/2022 22:00,13.17,21.23
6830,7/15/2022 22:10,13.08,21.28
6831,7/15/2022 22:20,13.04,21.28
6832,7/15/2022 22:30,12.82,21.28
6833,7/15/2022 22:40,12.87,21.28
6834,7/15/2022 22:50,12.78,21.23
6835,7/15/2022 23:00,12.87,21.23
6836,7/15/2022 23:10,12.65,21.02
6837,7/15/2022 23:20,12.65,21.06
6838,7/15/2022 23:30,12.74,21.02
6839,7/15/2022 23:40,12.48,20.98
6840,7/15/2022 23:50,12.57,21.19
6841,7/16/2022 0:00,12.48,21.28
6842,7/16/2022 0:10,12.27,21.36
6843,7/16/2022 0:20,12.61,21.36
6844,7/16/2022 0:30,12.74,21.23
6845,7/16/2022 0:40,13.25,21.1
6846,7/16/2022 0:50,14.24,21.15
6847,7/16/2022 1:00,17.5,21.06
6848,7/16/2022 1:10,20.89,21.02
6849,7/16/2022 1:20,21.02,20.98
6850,7/16/2022 1:30,21.02,20.98
6851,7/16/2022 1:40,20.98,20.89
6852,7/16/2022 1:50,20.93,20.85
6853,7/16/2022 2:00,20.93,20.89
6854,7/16/2022 2:10,20.93,20.89
6855,7/16/2022 2:20,20.93,20.89
6856,7/16/2022 2:30,20.55,20.85
6857,7/16/2022 2:40,18.44,20.89
6858,7/16/2022 2:50,14.84,20.89
6859,7/16/2022 3:00,13.08,20.89
6860,7/16/2022 3:10,12.48,20.85
6861,7/16/2022 3:20,12.05,20.85
6862,7/16/2022 3:30,11.97,20.8
6863,7/16/2022 3:40,11.67,20.8
6864,7/16/2022 3:50,11.45,20.72
6865,7/16/2022 4:00,11.37,20.72
6866,7/16/2022 4:10,11.11,20.59
6867,7/16/2022 4:20,11.07,20.59
6868,7/16/2022 4:30,11.07,20.5
6869,7/16/2022 4:40,11.11,20.46
6870,7/16/2022 4:50,11.11,20.46
6871,7/16/2022 5:00,10.98,20.46
6872,7/16/2022 5:10,11.02,20.42
6873,7/16/2022 5:20,10.85,20.42
6874,7/16/2022 5:30,10.85,20.37
6875,7/16/2022 5:40,10.85,20.33
6876,7/16/2022 5:50,10.64,20.29
6877,7/16/2022 6:00,10.55,20.25
6878,7/16/2022 6:10,10.51,20.2
6879,7/16/2022 6:20,10.51,20.16
6880,7/16/2022 6:30,10.55,20.16
6881,7/16/2022 6:40,10.55,20.12
6882,7/16/2022 6:50,10.55,20.12
6883,7/16/2022 7:00,10.77,20.07
6884,7/16/2022 7:10,10.68,20.03
6885,7/16/2022 7:20,10.72,19.95
6886,7/16/2022 7:30,10.89,19.86
6887,7/16/2022 7:40,11.28,19.05
6888,7/16/2022 7:50,11.62,19.17
6889,7/16/2022 8:00,11.75,18.14
6890,7/16/2022 8:10,11.84,18.4
6891,7/16/2022 8:20,12.22,18.49
6892,7/16/2022 8:30,12.44,18.74
6893,7/16/2022 8:40,12.57,19
6894,7/16/2022 8:50,12.82,18.87
6895,7/16/2022 9:00,13.12,18.53
6896,7/16/2022 9:10,13.3,18.57
6897,7/16/2022 9:20,13.77,19.13
6898,7/16/2022 9:30,14.07,19.17
6899,7/16/2022 9:40,14.33,19.3
6900,7/16/2022 9:50,14.58,19.52
6901,7/16/2022 10:00,14.88,19.82
6902,7/16/2022 10:10,15.36,20.29
6903,7/16/2022 10:20,15.74,20.8
6904,7/16/2022 10:30,16.39,21.32
6905,7/16/2022 10:40,17.11,21.92
6906,7/16/2022 10:50,17.89,22.69
6907,7/16/2022 11:00,17.89,22.48
6908,7/16/2022 11:10,17.93,22.35
6909,7/16/2022 11:20,18.06,22.05
6910,7/16/2022 11:30,18.23,22.18
6911,7/16/2022 11:40,18.4,21.7
6912,7/16/2022 11:50,18.19,21.1
6913,7/16/2022 12:00,18.1,21.02
6914,7/16/2022 12:10,18.19,20.68
6915,7/16/2022 12:20,18.06,22.35
6916,7/16/2022 12:30,17.8,27.8
6917,7/16/2022 12:40,17.59,26.51
6918,7/16/2022 12:50,17.41,26.21
6919,7/16/2022 13:00,17.63,25.65
6920,7/16/2022 13:10,17.16,25.35
6921,7/16/2022 13:20,17.03,25.09
6922,7/16/2022 13:30,16.94,24.45
6923,7/16/2022 13:40,16.99,23.85
6924,7/16/2022 13:50,17.29,23.85
6925,7/16/2022 14:00,17.37,23.85
6926,7/16/2022 14:10,17.46,23.51
6927,7/16/2022 14:20,17.24,23.12
6928,7/16/2022 14:30,17.29,22.82
6929,7/16/2022 14:40,17.24,22.61
6930,7/16/2022 14:50,17.33,22.52
6931,7/16/2022 15:00,17.41,22.61
6932,7/16/2022 15:10,17.33,22.69
6933,7/16/2022 15:20,17.16,22.82
6934,7/16/2022 15:30,17.07,22.91
6935,7/16/2022 15:40,16.94,23.03
6936,7/16/2022 15:50,16.81,22.91
6937,7/16/2022 16:00,16.94,22.95
6938,7/16/2022 16:10,16.81,23.16
6939,7/16/2022 16:20,16.81,22.99
6940,7/16/2022 16:30,16.77,22.99
6941,7/16/2022 16:40,16.9,22.95
6942,7/16/2022 16:50,16.99,23.03
6943,7/16/2022 17:00,16.73,23.16
6944,7/16/2022 17:10,16.69,23.68
6945,7/16/2022 17:20,16.73,24.36
6946,7/16/2022 17:30,16.69,24.71
6947,7/16/2022 17:40,16.6,24.75
6948,7/16/2022 17:50,16.56,24.54
6949,7/16/2022 18:00,16.39,24.66
6950,7/16/2022 18:10,16.21,24.71
6951,7/16/2022 18:20,16.13,25.01
6952,7/16/2022 18:30,16,25.65
6953,7/16/2022 18:40,15.87,25.91
6954,7/16/2022 18:50,16,25.57
6955,7/16/2022 19:00,16,25.09
6956,7/16/2022 19:10,15.83,24.66
6957,7/16/2022 19:20,15.57,24.71
6958,7/16/2022 19:30,15.61,24.45
6959,7/16/2022 19:40,15.48,24.24
6960,7/16/2022 19:50,15.14,23.98
6961,7/16/2022 20:00,14.67,22.65
6962,7/16/2022 20:10,14.5,22.35
6963,7/16/2022 20:20,14.33,22.18
6964,7/16/2022 20:30,14.24,22.01
6965,7/16/2022 20:40,14.07,21.96
6966,7/16/2022 20:50,14.07,22.05
6967,7/16/2022 21:00,13.94,22.13
6968,7/16/2022 21:10,14.07,22.22
6969,7/16/2022 21:20,13.9,22.22
6970,7/16/2022 21:30,13.81,22.18
6971,7/16/2022 21:40,13.85,22.09
6972,7/16/2022 21:50,13.9,22.01
6973,7/16/2022 22:00,13.81,21.83
6974,7/16/2022 22:10,13.64,22.05
6975,7/16/2022 22:20,13.6,22.01
6976,7/16/2022 22:30,13.64,21.62
6977,7/16/2022 22:40,13.64,21.66
6978,7/16/2022 22:50,13.68,21.83
6979,7/16/2022 23:00,13.55,21.88
6980,7/16/2022 23:10,13.38,21.88
6981,7/16/2022 23:20,13.55,21.66
6982,7/16/2022 23:30,13.43,21.66
6983,7/16/2022 23:40,13.34,21.66
6984,7/16/2022 23:50,13.3,21.58
6985,7/17/2022 0:00,13.3,21.62
6986,7/17/2022 0:10,13.38,21.66
6987,7/17/2022 0:20,13.47,21.62
6988,7/17/2022 0:30,13.38,21.53
6989,7/17/2022 0:40,13.25,21.53
6990,7/17/2022 0:50,13.25,21.53
6991,7/17/2022 1:00,13.21,21.49
6992,7/17/2022 1:10,13.17,21.49
6993,7/17/2022 1:20,13.34,21.49
6994,7/17/2022 1:30,13.77,21.53
6995,7/17/2022 1:40,13.9,21.62
6996,7/17/2022 1:50,13.98,21.53
6997,7/17/2022 2:00,13.77,21.58
6998,7/17/2022 2:10,13.85,21.49
6999,7/17/2022 2:20,13.94,21.49
7000,7/17/2022 2:30,13.85,21.4
7001,7/17/2022 2:40,13.98,21.28
7002,7/17/2022 2:50,13.98,21.19
7003,7/17/2022 3:00,14.11,21.1
7004,7/17/2022 3:10,14.33,21.19
7005,7/17/2022 3:20,13.9,21.19
7006,7/17/2022 3:30,13.47,21.19
7007,7/17/2022 3:40,13.34,21.15
7008,7/17/2022 3:50,13.34,21.15
7009,7/17/2022 4:00,12.95,21.19
7010,7/17/2022 4:10,12.95,21.15
7011,7/17/2022 4:20,12.91,21.06
7012,7/17/2022 4:30,12.65,20.93
7013,7/17/2022 4:40,12.57,20.93
7014,7/17/2022 4:50,12.7,20.85
7015,7/17/2022 5:00,12.7,20.8
7016,7/17/2022 5:10,12.18,20.76
7017,7/17/2022 5:20,12.01,20.72
7018,7/17/2022 5:30,12.01,20.72
7019,7/17/2022 5:40,11.88,20.68
7020,7/17/2022 5:50,11.75,20.68
7021,7/17/2022 6:00,11.75,20.63
7022,7/17/2022 6:10,11.49,20.59
7023,7/17/2022 6:20,11.45,20.5
7024,7/17/2022 6:30,11.58,20.5
7025,7/17/2022 6:40,11.45,20.46
7026,7/17/2022 6:50,11.58,20.46
7027,7/17/2022 7:00,11.62,20.42
7028,7/17/2022 7:10,11.62,20.46
7029,7/17/2022 7:20,11.71,20.37
7030,7/17/2022 7:30,11.84,20.37
7031,7/17/2022 7:40,12.01,20.37
7032,7/17/2022 7:50,12.05,20.37
7033,7/17/2022 8:00,12.18,20.42
7034,7/17/2022 8:10,12.27,20.42
7035,7/17/2022 8:20,12.31,20.5
7036,7/17/2022 8:30,12.31,19.47
7037,7/17/2022 8:40,12.61,17.97
7038,7/17/2022 8:50,13.04,17.76
7039,7/17/2022 9:00,13.43,18.49
7040,7/17/2022 9:10,13.77,18.06
7041,7/17/2022 9:20,14.15,18.44
7042,7/17/2022 9:30,14.63,18.53
7043,7/17/2022 9:40,15.06,18.79
7044,7/17/2022 9:50,15.74,19.35
7045,7/17/2022 10:00,16.26,19.65
7046,7/17/2022 10:10,16.21,19.82
7047,7/17/2022 10:20,15.96,19.82
7048,7/17/2022 10:30,15.78,19.77
7049,7/17/2022 10:40,15.78,19.73
7050,7/17/2022 10:50,15.53,19.52
7051,7/17/2022 11:00,14.75,18.92
7052,7/17/2022 11:10,14.24,18.53
7053,7/17/2022 11:20,13.81,17.93
7054,7/17/2022 11:30,13.73,17.41
7055,7/17/2022 11:40,13.68,17.41
7056,7/17/2022 11:50,13.73,17.33
7057,7/17/2022 12:00,13.43,17.11
7058,7/17/2022 12:10,13.38,17.37
7059,7/17/2022 12:20,13.43,17.59
7060,7/17/2022 12:30,13.81,18.1
7061,7/17/2022 12:40,13.68,24.66
7062,7/17/2022 12:50,14.15,25.95
7063,7/17/2022 13:00,13.9,25.39
7064,7/17/2022 13:10,13.64,24.97
7065,7/17/2022 13:20,13.94,25.18
7066,7/17/2022 13:30,14.11,24.97
7067,7/17/2022 13:40,14.5,24.88
7068,7/17/2022 13:50,14.67,24.24
7069,7/17/2022 14:00,14.67,23.68
7070,7/17/2022 14:10,15.14,23.81
7071,7/17/2022 14:20,15.48,23.46
7072,7/17/2022 14:30,15.31,22.82
7073,7/17/2022 14:40,15.31,22.61
7074,7/17/2022 14:50,15.48,22.61
7075,7/17/2022 15:00,15.78,22.65
7076,7/17/2022 15:10,15.87,22.65
7077,7/17/2022 15:20,15.96,22.65
7078,7/17/2022 15:30,15.91,22.65
7079,7/17/2022 15:40,16,22.65
7080,7/17/2022 15:50,16.04,22.69
7081,7/17/2022 16:00,16.08,22.86
7082,7/17/2022 16:10,16.04,22.95
7083,7/17/2022 16:20,16.04,23.12
7084,7/17/2022 16:30,16,23.08
7085,7/17/2022 16:40,16.04,23.12
7086,7/17/2022 16:50,16,23.08
7087,7/17/2022 17:00,16.17,22.91
7088,7/17/2022 17:10,16.08,23.08
7089,7/17/2022 17:20,15.96,23.03
7090,7/17/2022 17:30,16.21,22.91
7091,7/17/2022 17:40,15.96,23.03
7092,7/17/2022 17:50,16,23.38
7093,7/17/2022 18:00,15.96,23.76
7094,7/17/2022 18:10,15.91,23.81
7095,7/17/2022 18:20,15.83,23.89
7096,7/17/2022 18:30,15.87,23.98
7097,7/17/2022 18:40,15.87,24.15
7098,7/17/2022 18:50,15.78,24.24
7099,7/17/2022 19:00,15.61,24.28
7100,7/17/2022 19:10,15.57,24.41
7101,7/17/2022 19:20,15.44,24.36
7102,7/17/2022 19:30,15.23,24.45
7103,7/17/2022 19:40,15.18,24.54
7104,7/17/2022 19:50,14.8,24.58
7105,7/17/2022 20:00,14.75,24.58
7106,7/17/2022 20:10,14.45,24.41
7107,7/17/2022 20:20,14.2,24.24
7108,7/17/2022 20:30,14.15,24.02
7109,7/17/2022 20:40,14.15,23.94
7110,7/17/2022 20:50,14.03,23.85
7111,7/17/2022 21:00,13.77,23.81
7112,7/17/2022 21:10,13.64,23.68
7113,7/17/2022 21:20,13.6,23.34
7114,7/17/2022 21:30,13.51,23.12
7115,7/17/2022 21:40,13.51,22.65
7116,7/17/2022 21:50,13.43,22.52
7117,7/17/2022 22:00,13.43,22.43
7118,7/17/2022 22:10,13.34,22.48
7119,7/17/2022 22:20,13.38,22.43
7120,7/17/2022 22:30,13.38,22.31
7121,7/17/2022 22:40,13.25,21.7
7122,7/17/2022 22:50,13.08,20.29
7123,7/17/2022 23:00,13,20.16
7124,7/17/2022 23:10,13,20.33
7125,7/17/2022 23:20,13.12,20.5
7126,7/17/2022 23:30,13.17,20.76
7127,7/17/2022 23:40,13.08,20.59
7128,7/17/2022 23:50,13.38,20.68
7129,7/18/2022 0:00,13.34,20.85
7130,7/18/2022 0:10,13.04,20.8
7131,7/18/2022 0:20,11.58,20.85
7132,7/18/2022 0:30,11.11,20.8
7133,7/18/2022 0:40,10.98,20.93
7134,7/18/2022 0:50,10.77,20.98
7135,7/18/2022 1:00,10.77,20.93
7136,7/18/2022 1:10,10.59,20.89
7137,7/18/2022 1:20,10.55,20.85
7138,7/18/2022 1:30,10.68,20.72
7139,7/18/2022 1:40,10.85,20.68
7140,7/18/2022 1:50,11.07,20.85
7141,7/18/2022 2:00,11.41,20.59
7142,7/18/2022 2:10,11.24,20.8
7143,7/18/2022 2:20,11.24,20.8
7144,7/18/2022 2:30,11.28,20.93
7145,7/18/2022 2:40,11.19,20.98
7146,7/18/2022 2:50,11.11,21.02
7147,7/18/2022 3:00,11.19,21.1
7148,7/18/2022 3:10,11.07,21.15
7149,7/18/2022 3:20,10.98,21.15
7150,7/18/2022 3:30,11.19,21.19
7151,7/18/2022 3:40,10.98,21.28
7152,7/18/2022 3:50,11.07,21.19
7153,7/18/2022 4:00,11.11,21.23
7154,7/18/2022 4:10,10.98,21.19
7155,7/18/2022 4:20,11.15,21.06
7156,7/18/2022 4:30,11.19,21.06
7157,7/18/2022 4:40,11.11,21.02
7158,7/18/2022 4:50,11.02,20.93
7159,7/18/2022 5:00,11.28,20.93
7160,7/18/2022 5:10,10.89,20.98
7161,7/18/2022 5:20,10.51,20.89
7162,7/18/2022 5:30,10.72,20.8
7163,7/18/2022 5:40,10.42,20.72
7164,7/18/2022 5:50,10.72,20.72
7165,7/18/2022 6:00,10.85,20.59
7166,7/18/2022 6:10,10.42,20.63
7167,7/18/2022 6:20,10.72,20.55
7168,7/18/2022 6:30,10.72,20.55
7169,7/18/2022 6:40,11.07,20.5
7170,7/18/2022 6:50,11.54,20.5
7171,7/18/2022 7:00,12.05,20.42
7172,7/18/2022 7:10,12.48,20.42
7173,7/18/2022 7:20,12.7,20.29
7174,7/18/2022 7:30,12.95,20.25
7175,7/18/2022 7:40,13.25,20.29
7176,7/18/2022 7:50,13.47,20.25
7177,7/18/2022 8:00,13.6,20.25
7178,7/18/2022 8:10,14.07,20.33
7179,7/18/2022 8:20,14.15,20.37
7180,7/18/2022 8:30,14.37,20.33
7181,7/18/2022 8:40,14.63,20.42
7182,7/18/2022 8:50,14.88,20.59
7183,7/18/2022 9:00,14.93,20.76
7184,7/18/2022 9:10,15.23,20.98
7185,7/18/2022 9:20,15.66,17.8
7186,7/18/2022 9:30,15.87,15.83
7187,7/18/2022 9:40,16.34,16.04
7188,7/18/2022 9:50,16.69,16.56
7189,7/18/2022 10:00,16.69,17.03
7190,7/18/2022 10:10,17.07,17.41
7191,7/18/2022 10:20,17.37,17.67
7192,7/18/2022 10:30,17.72,17.76
7193,7/18/2022 10:40,18.02,18.66
7194,7/18/2022 10:50,18.53,19.52
7195,7/18/2022 11:00,18.83,20.03
7196,7/18/2022 11:10,19,20.55
7197,7/18/2022 11:20,19.43,21.36
7198,7/18/2022 11:30,19.65,21.83
7199,7/18/2022 11:40,19.99,22.78
7200,7/18/2022 11:50,20.29,23.55
7201,7/18/2022 12:00,20.76,24.41
7202,7/18/2022 12:10,20.42,24.45
7203,7/18/2022 12:20,20.33,25.09
7204,7/18/2022 12:30,19.82,24.66
7205,7/18/2022 12:40,19.39,24.49
7206,7/18/2022 12:50,18.87,26.21
7207,7/18/2022 13:00,18.92,28.83
7208,7/18/2022 13:10,19,28.01
7209,7/18/2022 13:20,18.74,27.11
7210,7/18/2022 13:30,18.57,26.68
7211,7/18/2022 13:40,18.06,25.69
7212,7/18/2022 13:50,17.84,24.66
7213,7/18/2022 14:00,17.37,23.89
7214,7/18/2022 14:10,16.99,23.42
7215,7/18/2022 14:20,16.81,23.25
7216,7/18/2022 14:30,16.81,23.21
7217,7/18/2022 14:40,16.81,23.16
7218,7/18/2022 14:50,16.86,23.21
7219,7/18/2022 15:00,16.81,23.25
7220,7/18/2022 15:10,16.73,23.21
7221,7/18/2022 15:20,16.99,23.29
7222,7/18/2022 15:30,17.2,23.42
7223,7/18/2022 15:40,16.94,23.34
7224,7/18/2022 15:50,16.73,23.42
7225,7/18/2022 16:00,16.77,23.46
7226,7/18/2022 16:10,16.9,23.29
7227,7/18/2022 16:20,16.9,23.25
7228,7/18/2022 16:30,16.69,23.29
7229,7/18/2022 16:40,16.56,23.21
7230,7/18/2022 16:50,16.64,23.16
7231,7/18/2022 17:00,16.56,23.12
7232,7/18/2022 17:10,16.9,23.16
7233,7/18/2022 17:20,16.99,23.12
7234,7/18/2022 17:30,16.94,22.99
7235,7/18/2022 17:40,17.03,22.99
7236,7/18/2022 17:50,16.94,22.91
7237,7/18/2022 18:00,16.73,22.95
7238,7/18/2022 18:10,16.77,22.78
7239,7/18/2022 18:20,16.64,22.73
7240,7/18/2022 18:30,16.3,23.12
7241,7/18/2022 18:40,16.08,23.12
7242,7/18/2022 18:50,15.91,23.21
7243,7/18/2022 19:00,15.87,23.55
7244,7/18/2022 19:10,15.7,23.81
7245,7/18/2022 19:20,15.66,23.89
7246,7/18/2022 19:30,15.48,23.68
7247,7/18/2022 19:40,15.44,23.38
7248,7/18/2022 19:50,15.23,23.21
7249,7/18/2022 20:00,15.06,23.08
7250,7/18/2022 20:10,14.71,22.95
7251,7/18/2022 20:20,14.58,22.73
7252,7/18/2022 20:30,14.24,22.61
7253,7/18/2022 20:40,14.11,22.56
7254,7/18/2022 20:50,14.03,22.48
7255,7/18/2022 21:00,13.94,22.43
7256,7/18/2022 21:10,13.94,22.35
7257,7/18/2022 21:20,13.85,22.26
7258,7/18/2022 21:30,13.9,22.22
7259,7/18/2022 21:40,13.68,22.22
7260,7/18/2022 21:50,13.68,22.22
7261,7/18/2022 22:00,13.55,22.22
7262,7/18/2022 22:10,13.6,22.13
7263,7/18/2022 22:20,13.6,22.05
7264,7/18/2022 22:30,13.55,22.05
7265,7/18/2022 22:40,13.47,21.96
7266,7/18/2022 22:50,13.47,21.96
7267,7/18/2022 23:00,13.38,21.75
7268,7/18/2022 23:10,13.38,21.62
7269,7/18/2022 23:20,13.34,21.4
7270,7/18/2022 23:30,13.12,21.23
7271,7/18/2022 23:40,13.12,20.89
7272,7/18/2022 23:50,13.25,20.85
7273,7/19/2022 0:00,13.17,20.85
7274,7/19/2022 0:10,13,20.85
7275,7/19/2022 0:20,13,20.89
7276,7/19/2022 0:30,13.04,21.23
7277,7/19/2022 0:40,13.08,20.98
7278,7/19/2022 0:50,12.87,20.85
7279,7/19/2022 1:00,12.82,20.89
7280,7/19/2022 1:10,12.95,20.46
7281,7/19/2022 1:20,12.87,20.8
7282,7/19/2022 1:30,13.04,21.02
7283,7/19/2022 1:40,12.87,21.06
7284,7/19/2022 1:50,12.87,21.06
7285,7/19/2022 2:00,12.65,21.1
7286,7/19/2022 2:10,12.65,21.02
7287,7/19/2022 2:20,12.91,21.32
7288,7/19/2022 2:30,12.91,21.36
7289,7/19/2022 2:40,12.74,21.4
7290,7/19/2022 2:50,12.78,21.49
7291,7/19/2022 3:00,12.74,21.49
7292,7/19/2022 3:10,12.52,21.45
7293,7/19/2022 3:20,12.57,21.36
7294,7/19/2022 3:30,12.57,21.36
7295,7/19/2022 3:40,12.4,21.28
7296,7/19/2022 3:50,12.31,21.19
7297,7/19/2022 4:00,12.05,21.19
7298,7/19/2022 4:10,12.05,21.15
7299,7/19/2022 4:20,12.18,21.06
7300,7/19/2022 4:30,12.01,21.02
7301,7/19/2022 4:40,11.79,21.02
7302,7/19/2022 4:50,12.05,20.98
7303,7/19/2022 5:00,11.97,20.98
7304,7/19/2022 5:10,11.88,20.98
7305,7/19/2022 5:20,11.92,21.02
7306,7/19/2022 5:30,11.84,20.85
7307,7/19/2022 5:40,11.67,20.89
7308,7/19/2022 5:50,11.62,20.85
7309,7/19/2022 6:00,11.58,20.68
7310,7/19/2022 6:10,11.62,20.63
7311,7/19/2022 6:20,11.71,20.63
7312,7/19/2022 6:30,11.49,20.59
7313,7/19/2022 6:40,11.58,20.59
7314,7/19/2022 6:50,11.71,20.59
7315,7/19/2022 7:00,11.58,20.55
7316,7/19/2022 7:10,11.54,20.5
7317,7/19/2022 7:20,11.54,20.46
7318,7/19/2022 7:30,11.45,20.37
7319,7/19/2022 7:40,11.49,20.29
7320,7/19/2022 7:50,11.37,20.25
7321,7/19/2022 8:00,11.19,20.16
7322,7/19/2022 8:10,11.32,20.12
7323,7/19/2022 8:20,11.24,20.03
7324,7/19/2022 8:30,11.28,20.07
7325,7/19/2022 8:40,11.45,20.03
7326,7/19/2022 8:50,11.45,19.95
7327,7/19/2022 9:00,11.54,19.9
7328,7/19/2022 9:10,11.62,19.86
7329,7/19/2022 9:20,11.67,19.95
7330,7/19/2022 9:30,11.67,19.9
7331,7/19/2022 9:40,11.75,19.99
7332,7/19/2022 9:50,11.62,19.99
7333,7/19/2022 10:00,11.49,20.29
7334,7/19/2022 10:10,11.54,20.29
7335,7/19/2022 10:20,11.88,17.33
7336,7/19/2022 10:30,12.05,16.04
7337,7/19/2022 10:40,12.27,15.57
7338,7/19/2022 10:50,12.4,16.04
7339,7/19/2022 11:00,12.44,15.53
7340,7/19/2022 11:10,12.87,16
7341,7/19/2022 11:20,12.78,16.47
7342,7/19/2022 11:30,12.74,17.2
7343,7/19/2022 11:40,12.82,17.76
7344,7/19/2022 11:50,13.08,17.8
7345,7/19/2022 12:00,13.17,18.66
7346,7/19/2022 12:10,13.43,18.96
7347,7/19/2022 12:20,13.55,18.7
7348,7/19/2022 12:30,13.51,19.17
7349,7/19/2022 12:40,13.64,19.39
7350,7/19/2022 12:50,13.77,21.36
7351,7/19/2022 13:00,13.77,25.22
7352,7/19/2022 13:10,13.81,24.71
7353,7/19/2022 13:20,13.9,24.41
7354,7/19/2022 13:30,13.94,24.24
7355,7/19/2022 13:40,14.24,24.32
7356,7/19/2022 13:50,14.24,24.15
7357,7/19/2022 14:00,14.54,24.06
7358,7/19/2022 14:10,14.41,23.89
7359,7/19/2022 14:20,14.45,23.72
7360,7/19/2022 14:30,14.54,23.34
7361,7/19/2022 14:40,14.67,23.38
7362,7/19/2022 14:50,14.67,23.16
7363,7/19/2022 15:00,14.71,22.86
7364,7/19/2022 15:10,14.71,22.48
7365,7/19/2022 15:20,14.97,22.31
7366,7/19/2022 15:30,14.71,21.96
7367,7/19/2022 15:40,14.67,21.83
7368,7/19/2022 15:50,14.63,21.75
7369,7/19/2022 16:00,14.58,21.7
7370,7/19/2022 16:10,14.45,21.66
7371,7/19/2022 16:20,14.33,21.75
7372,7/19/2022 16:30,14.37,21.62
7373,7/19/2022 16:40,14.41,21.62
7374,7/19/2022 16:50,14.28,21.53
7375,7/19/2022 17:00,14.24,21.62
7376,7/19/2022 17:10,14.41,21.58
7377,7/19/2022 17:20,14.37,21.53
7378,7/19/2022 17:30,14.33,21.53
7379,7/19/2022 17:40,14.11,21.53
7380,7/19/2022 17:50,14.11,21.49
7381,7/19/2022 18:00,13.94,21.53
7382,7/19/2022 18:10,13.64,21.45
7383,7/19/2022 18:20,13.43,21.45
7384,7/19/2022 18:30,13.12,21.4
7385,7/19/2022 18:40,12.91,21.36
7386,7/19/2022 18:50,12.95,21.4
7387,7/19/2022 19:00,12.78,21.45
7388,7/19/2022 19:10,12.31,21.49
7389,7/19/2022 19:20,12.4,21.66
7390,7/19/2022 19:30,12.31,21.88
7391,7/19/2022 19:40,12.44,21.45
7392,7/19/2022 19:50,12.05,21.4
7393,7/19/2022 20:00,11.88,21.58
7394,7/19/2022 20:10,11.84,21.62
7395,7/19/2022 20:20,12.1,21.58
7396,7/19/2022 20:30,11.92,21.45
7397,7/19/2022 20:40,11.88,21.4
7398,7/19/2022 20:50,11.92,21.15
7399,7/19/2022 21:00,12.05,21.06
7400,7/19/2022 21:10,12.05,20.98
7401,7/19/2022 21:20,12.05,20.89
7402,7/19/2022 21:30,12.01,20.85
7403,7/19/2022 21:40,11.92,20.68
7404,7/19/2022 21:50,11.84,20.68
7405,7/19/2022 22:00,11.84,20.5
7406,7/19/2022 22:10,11.84,20.46
7407,7/19/2022 22:20,11.84,20.42
7408,7/19/2022 22:30,11.62,20.29
7409,7/19/2022 22:40,11.67,20.33
7410,7/19/2022 22:50,11.62,20.2
7411,7/19/2022 23:00,11.71,20.07
7412,7/19/2022 23:10,11.67,19.95
7413,7/19/2022 23:20,11.67,19.86
7414,7/19/2022 23:30,11.62,19.65
7415,7/19/2022 23:40,11.62,19.13
7416,7/19/2022 23:50,11.62,18.83
7417,7/20/2022 0:00,11.62,18.66
7418,7/20/2022 0:10,11.58,18.74
7419,7/20/2022 0:20,11.71,18.74
7420,7/20/2022 0:30,11.54,18.49
7421,7/20/2022 0:40,11.45,18.44
7422,7/20/2022 0:50,11.45,18.36
7423,7/20/2022 1:00,11.28,18.32
7424,7/20/2022 1:10,11.15,18.32
7425,7/20/2022 1:20,11.15,18.27
7426,7/20/2022 1:30,11.15,18.14
7427,7/20/2022 1:40,11.24,18.19
7428,7/20/2022 1:50,11.37,18.27
7429,7/20/2022 2:00,11.28,18.23
7430,7/20/2022 2:10,11.28,18.27
7431,7/20/2022 2:20,11.32,18.32
7432,7/20/2022 2:30,11.28,18.27
7433,7/20/2022 2:40,11.15,18.19
7434,7/20/2022 2:50,11.28,18.19
7435,7/20/2022 3:00,11.32,18.1
7436,7/20/2022 3:10,11.19,18.1
7437,7/20/2022 3:20,11.15,18.02
7438,7/20/2022 3:30,11.11,18.1
7439,7/20/2022 3:40,10.85,17.89
7440,7/20/2022 3:50,10.89,17.89
7441,7/20/2022 4:00,10.85,18.19
7442,7/20/2022 4:10,10.81,18.62
7443,7/20/2022 4:20,10.81,19.05
7444,7/20/2022 4:30,10.89,19.13
7445,7/20/2022 4:40,10.98,19.3
7446,7/20/2022 4:50,11.07,19.39
7447,7/20/2022 5:00,11.11,19.43
7448,7/20/2022 5:10,11.37,19.47
7449,7/20/2022 5:20,11.11,19.47
7450,7/20/2022 5:30,10.81,19.52
7451,7/20/2022 5:40,11.32,19.47
7452,7/20/2022 5:50,11.32,19.39
7453,7/20/2022 6:00,11.37,19.35
7454,7/20/2022 6:10,11.15,19.39
7455,7/20/2022 6:20,11.32,19.35
7456,7/20/2022 6:30,10.89,19.26
7457,7/20/2022 6:40,10.68,19.26
7458,7/20/2022 6:50,10.42,19.22
7459,7/20/2022 7:00,10.42,19.17
7460,7/20/2022 7:10,10.89,19.05
7461,7/20/2022 7:20,10.94,18.92
7462,7/20/2022 7:30,10.94,18.87
7463,7/20/2022 7:40,11.19,18.87
7464,7/20/2022 7:50,10.85,18.83
7465,7/20/2022 8:00,11.07,18.83
7466,7/20/2022 8:10,11.37,18.96
7467,7/20/2022 8:20,11.49,19
7468,7/20/2022 8:30,11.54,18.96
7469,7/20/2022 8:40,11.45,18.96
7470,7/20/2022 8:50,11.49,18.92
7471,7/20/2022 9:00,11.54,19
7472,7/20/2022 9:10,11.62,19.05
7473,7/20/2022 9:20,11.67,19
7474,7/20/2022 9:30,11.88,19.13
7475,7/20/2022 9:40,12.35,19.13
7476,7/20/2022 9:50,12.44,19.17
7477,7/20/2022 10:00,12.48,19.3
7478,7/20/2022 10:10,12.35,19.43
7479,7/20/2022 10:20,12.01,19.56
7480,7/20/2022 10:30,11.97,19.86
7481,7/20/2022 10:40,11.92,20.25
7482,7/20/2022 10:50,11.88,20.29
7483,7/20/2022 11:00,11.92,20.37
7484,7/20/2022 11:10,11.97,20.5
7485,7/20/2022 11:20,12.27,20.72
7486,7/20/2022 11:30,12.57,21.32
7487,7/20/2022 11:40,12.61,21.53
7488,7/20/2022 11:50,12.78,21.49
7489,7/20/2022 12:00,12.74,20.55
7490,7/20/2022 12:10,12.65,20.93
7491,7/20/2022 12:20,12.82,22.26
7492,7/20/2022 12:30,12.95,22.48
7493,7/20/2022 12:40,12.95,22.78
7494,7/20/2022 12:50,12.87,23.25
7495,7/20/2022 13:00,12.65,23.08
7496,7/20/2022 13:10,12.91,22.73
7497,7/20/2022 13:20,12.87,22.52
7498,7/20/2022 13:30,13,22.39
7499,7/20/2022 13:40,13.12,22.31
7500,7/20/2022 13:50,12.91,22.01
7501,7/20/2022 14:00,13.08,21.92
7502,7/20/2022 14:10,13.04,21.79
7503,7/20/2022 14:20,13.12,21.75
7504,7/20/2022 14:30,13.25,21.79
7505,7/20/2022 14:40,13.55,21.83
7506,7/20/2022 14:50,13.38,21.79
7507,7/20/2022 15:00,13.34,21.7
7508,7/20/2022 15:10,13.3,21.66
7509,7/20/2022 15:20,13.3,21.62
7510,7/20/2022 15:30,13.55,21.45
7511,7/20/2022 15:40,13.6,21.28
7512,7/20/2022 15:50,13.43,21.19
7513,7/20/2022 16:00,13.55,21.02
7514,7/20/2022 16:10,13.64,20.98
7515,7/20/2022 16:20,13.6,20.85
7516,7/20/2022 16:30,13.64,20.85
7517,7/20/2022 16:40,13.38,20.68
7518,7/20/2022 16:50,13.38,20.72
7519,7/20/2022 17:00,13.51,20.68
7520,7/20/2022 17:10,13.6,20.68
7521,7/20/2022 17:20,13.55,20.63
7522,7/20/2022 17:30,13.68,20.59
7523,7/20/2022 17:40,13.85,20.59
7524,7/20/2022 17:50,13.6,20.55
7525,7/20/2022 18:00,13.77,20.5
7526,7/20/2022 18:10,14.07,20.46
7527,7/20/2022 18:20,13.98,20.5
7528,7/20/2022 18:30,13.98,20.42
7529,7/20/2022 18:40,14.07,20.46
7530,7/20/2022 18:50,13.98,20.42
7531,7/20/2022 19:00,14.03,20.37
7532,7/20/2022 19:10,13.81,20.37
7533,7/20/2022 19:20,13.64,20.33
7534,7/20/2022 19:30,13.81,20.37
7535,7/20/2022 19:40,13.51,20.42
7536,7/20/2022 19:50,13.38,20.42
7537,7/20/2022 20:00,13.34,20.59
7538,7/20/2022 20:10,12.91,20.68
7539,7/20/2022 20:20,12.82,20.5
7540,7/20/2022 20:30,12.91,20.63
7541,7/20/2022 20:40,12.7,20.85
7542,7/20/2022 20:50,12.57,20.89
7543,7/20/2022 21:00,12.44,20.85
7544,7/20/2022 21:10,12.61,20.76
7545,7/20/2022 21:20,12.35,20.63
7546,7/20/2022 21:30,12.74,20.55
7547,7/20/2022 21:40,12.31,20.55
7548,7/20/2022 21:50,12.27,20.46
7549,7/20/2022 22:00,12.27,20.2
7550,7/20/2022 22:10,12.18,20.03
7551,7/20/2022 22:20,12.01,19.9
7552,7/20/2022 22:30,12.1,19.82
7553,7/20/2022 22:40,12.01,19.77
7554,7/20/2022 22:50,12.01,19.82
7555,7/20/2022 23:00,11.79,19.9
7556,7/20/2022 23:10,11.79,19.77
7557,7/20/2022 23:20,11.71,19.52
7558,7/20/2022 23:30,11.84,18.96
7559,7/20/2022 23:40,11.58,18.74
7560,7/20/2022 23:50,11.37,18.49
7561,7/21/2022 0:00,11.49,18.23
7562,7/21/2022 0:10,11.32,18.14
7563,7/21/2022 0:20,11.07,18.06
7564,7/21/2022 0:30,11.07,18.1
7565,7/21/2022 0:40,11.11,17.97
7566,7/21/2022 0:50,10.94,17.89
7567,7/21/2022 1:00,11.07,17.89
7568,7/21/2022 1:10,11.02,17.93
7569,7/21/2022 1:20,10.85,17.67
7570,7/21/2022 1:30,10.77,17.41
7571,7/21/2022 1:40,10.77,17.37
7572,7/21/2022 1:50,10.68,16.47
7573,7/21/2022 2:00,10.85,15.01
7574,7/21/2022 2:10,10.59,13.98
7575,7/21/2022 2:20,10.55,13.04
7576,7/21/2022 2:30,10.55,13.3
7577,7/21/2022 2:40,10.38,14.11
7578,7/21/2022 2:50,10.55,15.66
7579,7/21/2022 3:00,10.46,16.51
7580,7/21/2022 3:10,10.51,16.81
7581,7/21/2022 3:20,10.81,16.86
7582,7/21/2022 3:30,10.64,17.03
7583,7/21/2022 3:40,10.34,17.16
7584,7/21/2022 3:50,10.25,17.16
7585,7/21/2022 4:00,10.42,16.99
7586,7/21/2022 4:10,10.59,16.99
7587,7/21/2022 4:20,10.42,17.03
7588,7/21/2022 4:30,10.38,17.03
7589,7/21/2022 4:40,10.51,16.99
7590,7/21/2022 4:50,10.51,17.03
7591,7/21/2022 5:00,10.55,16.99
7592,7/21/2022 5:10,10.34,16.99
7593,7/21/2022 5:20,10.55,16.9
7594,7/21/2022 5:30,10.64,16.81
7595,7/21/2022 5:40,10.51,16.94
7596,7/21/2022 5:50,10.59,17.07
7597,7/21/2022 6:00,10.55,17.03
7598,7/21/2022 6:10,10.59,16.86
7599,7/21/2022 6:20,10.68,16.81
7600,7/21/2022 6:30,10.81,17.8
7601,7/21/2022 6:40,10.81,18.06
7602,7/21/2022 6:50,10.81,18.02
7603,7/21/2022 7:00,10.81,18.32
7604,7/21/2022 7:10,10.77,18.44
7605,7/21/2022 7:20,10.85,18.57
7606,7/21/2022 7:30,10.94,18.57
7607,7/21/2022 7:40,10.94,18.57
7608,7/21/2022 7:50,10.85,18.53
7609,7/21/2022 8:00,10.98,18.66
7610,7/21/2022 8:10,11.28,18.66
7611,7/21/2022 8:20,11.75,18.66
7612,7/21/2022 8:30,11.62,18.57
7613,7/21/2022 8:40,11.79,18.62
7614,7/21/2022 8:50,11.45,18.53
7615,7/21/2022 9:00,11.19,18.36
7616,7/21/2022 9:10,10.94,18.27
7617,7/21/2022 9:20,10.89,18.27
7618,7/21/2022 9:30,11.28,18.36
7619,7/21/2022 9:40,11.54,18.36
7620,7/21/2022 9:50,11.62,18.32
7621,7/21/2022 10:00,11.71,18.4
7622,7/21/2022 10:10,11.67,18.44
7623,7/21/2022 10:20,11.79,18.7
7624,7/21/2022 10:30,11.75,18.53
7625,7/21/2022 10:40,11.84,18.66
7626,7/21/2022 10:50,11.88,18.66
7627,7/21/2022 11:00,12.05,18.83
7628,7/21/2022 11:10,11.75,19
7629,7/21/2022 11:20,12.1,19.13
7630,7/21/2022 11:30,12.27,19.47
7631,7/21/2022 11:40,12.31,19.73
7632,7/21/2022 11:50,12.18,20.29
7633,7/21/2022 12:00,12.14,20.59
7634,7/21/2022 12:10,12.18,20.93
7635,7/21/2022 12:20,12.48,21.45
7636,7/21/2022 12:30,12.52,21.79
7637,7/21/2022 12:40,12.74,21.79
7638,7/21/2022 12:50,12.91,21.88
7639,7/21/2022 13:00,13,21.96
7640,7/21/2022 13:10,13.34,22.65
7641,7/21/2022 13:20,13.38,22.78
7642,7/21/2022 13:30,13.64,22.48
7643,7/21/2022 13:40,13.55,22.22
7644,7/21/2022 13:50,13.6,21.92
7645,7/21/2022 14:00,13.51,21.58
7646,7/21/2022 14:10,13.51,21.45
7647,7/21/2022 14:20,13.6,21.36
7648,7/21/2022 14:30,13.43,21.32
7649,7/21/2022 14:40,13.51,21.19
7650,7/21/2022 14:50,13.38,21.15
7651,7/21/2022 15:00,13.38,21.1
7652,7/21/2022 15:10,13.43,21.06
7653,7/21/2022 15:20,13.43,21.02
7654,7/21/2022 15:30,13.34,20.89
7655,7/21/2022 15:40,13.25,20.76
7656,7/21/2022 15:50,13.43,20.63
7657,7/21/2022 16:00,13.51,20.55
7658,7/21/2022 16:10,13.6,20.46
7659,7/21/2022 16:20,13.47,20.33
7660,7/21/2022 16:30,13.55,20.33
7661,7/21/2022 16:40,13.51,20.2
7662,7/21/2022 16:50,13.17,20.12
7663,7/21/2022 17:00,13.17,20.12
7664,7/21/2022 17:10,13.25,19.99
7665,7/21/2022 17:20,13.21,19.99
7666,7/21/2022 17:30,13.17,19.99
7667,7/21/2022 17:40,13.3,19.99
7668,7/21/2022 17:50,13.38,19.95
7669,7/21/2022 18:00,13.55,19.95
7670,7/21/2022 18:10,13.43,19.9
7671,7/21/2022 18:20,13.55,19.9
7672,7/21/2022 18:30,13.38,19.95
7673,7/21/2022 18:40,13.43,19.86
7674,7/21/2022 18:50,13.47,19.86
7675,7/21/2022 19:00,13.47,19.9
7676,7/21/2022 19:10,13.43,19.86
7677,7/21/2022 19:20,13.55,19.86
7678,7/21/2022 19:30,13.6,19.82
7679,7/21/2022 19:40,13.77,19.82
7680,7/21/2022 19:50,13.77,19.82
7681,7/21/2022 20:00,13.94,19.82
7682,7/21/2022 20:10,13.81,19.82
7683,7/21/2022 20:20,13.85,19.86
7684,7/21/2022 20:30,13.73,19.99
7685,7/21/2022 20:40,13.64,20.16
7686,7/21/2022 20:50,13.55,20.5
7687,7/21/2022 21:00,13.6,20.33
7688,7/21/2022 21:10,13.55,20.12
7689,7/21/2022 21:20,13.6,20.07
7690,7/21/2022 21:30,13.51,19.86
7691,7/21/2022 21:40,13.3,19.95
7692,7/21/2022 21:50,13.38,19.69
7693,7/21/2022 22:00,13.34,19.56
7694,7/21/2022 22:10,13.38,19.47
7695,7/21/2022 22:20,13.34,19.39
7696,7/21/2022 22:30,13.25,19.35
7697,7/21/2022 22:40,13.3,19.26
7698,7/21/2022 22:50,13.38,19.22
7699,7/21/2022 23:00,13.47,19.17
7700,7/21/2022 23:10,13.47,19.09
7701,7/21/2022 23:20,13.38,19
7702,7/21/2022 23:30,13.38,18.92
7703,7/21/2022 23:40,13.3,18.87
7704,7/21/2022 23:50,13.3,18.57
7705,7/22/2022 0:00,13.3,18.27
7706,7/22/2022 0:10,13.08,18.23
7707,7/22/2022 0:20,13.12,18.1
7708,7/22/2022 0:30,13.04,18.1
7709,7/22/2022 0:40,13,18.02
7710,7/22/2022 0:50,12.95,17.72
7711,7/22/2022 1:00,12.78,17.76
7712,7/22/2022 1:10,12.91,17.8
7713,7/22/2022 1:20,13,17.8
7714,7/22/2022 1:30,12.78,17.84
7715,7/22/2022 1:40,12.74,17.72
7716,7/22/2022 1:50,12.61,17.03
7717,7/22/2022 2:00,12.52,16.73
7718,7/22/2022 2:10,12.57,16.51
7719,7/22/2022 2:20,12.4,16
7720,7/22/2022 2:30,12.44,14.37
7721,7/22/2022 2:40,12.35,13.12
7722,7/22/2022 2:50,12.27,12.95
7723,7/22/2022 3:00,12.18,12.78
7724,7/22/2022 3:10,12.14,12.61
7725,7/22/2022 3:20,11.84,12.48
7726,7/22/2022 3:30,11.62,12.35
7727,7/22/2022 3:40,11.37,12.14
7728,7/22/2022 3:50,11.28,12.14
7729,7/22/2022 4:00,11.11,11.88
7730,7/22/2022 4:10,11.32,11.92
7731,7/22/2022 4:20,11.19,12.05
7732,7/22/2022 4:30,11.32,12.61
7733,7/22/2022 4:40,11.37,15.14
7734,7/22/2022 4:50,11.37,16.04
7735,7/22/2022 5:00,11.07,16.39
7736,7/22/2022 5:10,11.02,16.64
7737,7/22/2022 5:20,10.94,16.77
7738,7/22/2022 5:30,10.89,16.9
7739,7/22/2022 5:40,10.98,17.07
7740,7/22/2022 5:50,10.98,17.11
7741,7/22/2022 6:00,11.02,17.2
7742,7/22/2022 6:10,10.85,17.29
7743,7/22/2022 6:20,10.98,17.37
7744,7/22/2022 6:30,11.15,17.46
7745,7/22/2022 6:40,10.98,17.5
7746,7/22/2022 6:50,10.98,17.63
7747,7/22/2022 7:00,11.15,17.67
7748,7/22/2022 7:10,11.02,17.72
7749,7/22/2022 7:20,11.11,17.76
7750,7/22/2022 7:30,11.15,17.63
7751,7/22/2022 7:40,11.32,17.67
7752,7/22/2022 7:50,11.41,17.8
7753,7/22/2022 8:00,11.67,18.02
7754,7/22/2022 8:10,11.84,18.23
7755,7/22/2022 8:20,11.75,18.23
7756,7/22/2022 8:30,11.71,18.14
7757,7/22/2022 8:40,11.58,18.19
7758,7/22/2022 8:50,11.88,18.32
7759,7/22/2022 9:00,12.01,18.27
7760,7/22/2022 9:10,12.22,18.27
7761,7/22/2022 9:20,12.14,18.23
7762,7/22/2022 9:30,12.01,18.23
7763,7/22/2022 9:40,12.05,18.27
7764,7/22/2022 9:50,12.18,17.89
7765,7/22/2022 10:00,12.31,17.89
7766,7/22/2022 10:10,12.4,17.97
7767,7/22/2022 10:20,12.61,18.1
7768,7/22/2022 10:30,12.74,18.36
7769,7/22/2022 10:40,13.12,18.66
7770,7/22/2022 10:50,13.64,18.96
7771,7/22/2022 11:00,13.6,19.13
7772,7/22/2022 11:10,13.55,19.3
7773,7/22/2022 11:20,13.64,19.65
7774,7/22/2022 11:30,13.9,19.99
7775,7/22/2022 11:40,14.11,20.33
7776,7/22/2022 11:50,14.24,20.68
7777,7/22/2022 12:00,14.37,20.89
7778,7/22/2022 12:10,14.58,21.06
7779,7/22/2022 12:20,14.58,21.28
7780,7/22/2022 12:30,14.67,21.32
7781,7/22/2022 12:40,14.84,21.4
7782,7/22/2022 12:50,14.88,21.7
7783,7/22/2022 13:00,14.8,22.13
7784,7/22/2022 13:10,15.18,21.88
7785,7/22/2022 13:20,15.18,21.7
7786,7/22/2022 13:30,15.4,21.66
7787,7/22/2022 13:40,15.7,21.53
7788,7/22/2022 13:50,15.83,21.58
7789,7/22/2022 14:00,15.78,21.66
7790,7/22/2022 14:10,15.78,21.62
7791,7/22/2022 14:20,15.66,21.49
7792,7/22/2022 14:30,15.66,21.32
7793,7/22/2022 14:40,15.66,21.19
7794,7/22/2022 14:50,15.61,21.36
7795,7/22/2022 15:00,15.7,21.02
7796,7/22/2022 15:10,16.04,20.98
7797,7/22/2022 15:20,16.13,20.98
7798,7/22/2022 15:30,16.04,21.02
7799,7/22/2022 15:40,16.08,20.89
7800,7/22/2022 15:50,16.04,21.06
7801,7/22/2022 16:00,15.96,21.36
7802,7/22/2022 16:10,15.78,21.28
7803,7/22/2022 16:20,15.78,21.19
7804,7/22/2022 16:30,15.87,21.06
7805,7/22/2022 16:40,15.83,21.15
7806,7/22/2022 16:50,15.74,21.53
7807,7/22/2022 17:00,15.78,21.49
7808,7/22/2022 17:10,15.74,21.32
7809,7/22/2022 17:20,15.91,21.02
7810,7/22/2022 17:30,15.91,20.85
7811,7/22/2022 17:40,15.83,20.76
7812,7/22/2022 17:50,15.91,20.72
7813,7/22/2022 18:00,15.83,20.59
7814,7/22/2022 18:10,15.87,20.55
7815,7/22/2022 18:20,15.87,20.55
7816,7/22/2022 18:30,15.78,20.46
7817,7/22/2022 18:40,15.7,20.42
7818,7/22/2022 18:50,15.7,20.37
7819,7/22/2022 19:00,15.7,20.33
7820,7/22/2022 19:10,15.61,20.42
7821,7/22/2022 19:20,15.61,20.46
7822,7/22/2022 19:30,15.31,20.42
7823,7/22/2022 19:40,15.36,20.42
7824,7/22/2022 19:50,14.97,20.55
7825,7/22/2022 20:00,14.84,20.37
7826,7/22/2022 20:10,14.5,20.33
7827,7/22/2022 20:20,14.15,20.29
7828,7/22/2022 20:30,14.07,20.29
7829,7/22/2022 20:40,14.03,20.2
7830,7/22/2022 20:50,14.11,20.2
7831,7/22/2022 21:00,14.07,20.29
7832,7/22/2022 21:10,13.9,20.68
7833,7/22/2022 21:20,13.9,20.93
7834,7/22/2022 21:30,14.03,21.1
7835,7/22/2022 21:40,13.94,21.06
7836,7/22/2022 21:50,13.81,20.93
7837,7/22/2022 22:00,13.68,20.85
7838,7/22/2022 22:10,13.6,20.63
7839,7/22/2022 22:20,13.51,20.46
7840,7/22/2022 22:30,13.55,20.2
7841,7/22/2022 22:40,13.55,20.03
7842,7/22/2022 22:50,13.34,19.86
7843,7/22/2022 23:00,13.08,19.95
7844,7/22/2022 23:10,13.3,20.16
7845,7/22/2022 23:20,13.12,20.16
7846,7/22/2022 23:30,12.95,20.25
7847,7/22/2022 23:40,12.65,20.25
7848,7/22/2022 23:50,12.7,20.25
7849,7/23/2022 0:00,12.65,20.16
7850,7/23/2022 0:10,12.78,20.07
7851,7/23/2022 0:20,12.65,20.03
7852,7/23/2022 0:30,12.52,19.9
7853,7/23/2022 0:40,12.35,19.56
7854,7/23/2022 0:50,12.27,19.35
7855,7/23/2022 1:00,12.27,19.39
7856,7/23/2022 1:10,12.14,19.6
7857,7/23/2022 1:20,12.05,19.35
7858,7/23/2022 1:30,11.97,19.13
7859,7/23/2022 1:40,11.88,18.66
7860,7/23/2022 1:50,11.97,18.4
7861,7/23/2022 2:00,12.01,18.32
7862,7/23/2022 2:10,11.71,18.57
7863,7/23/2022 2:20,11.71,18.44
7864,7/23/2022 2:30,11.67,17.89
7865,7/23/2022 2:40,11.58,17.41
7866,7/23/2022 2:50,11.75,16.99
7867,7/23/2022 3:00,11.84,14.63
7868,7/23/2022 3:10,11.75,13.12
7869,7/23/2022 3:20,11.71,12.57
7870,7/23/2022 3:30,11.54,12.35
7871,7/23/2022 3:40,11.41,12.35
7872,7/23/2022 3:50,11.37,12.1
7873,7/23/2022 4:00,11.37,11.97
7874,7/23/2022 4:10,11.28,12.05
7875,7/23/2022 4:20,11.32,11.84
7876,7/23/2022 4:30,11.19,11.84
7877,7/23/2022 4:40,10.94,11.58
7878,7/23/2022 4:50,11.11,11.62
7879,7/23/2022 5:00,11.24,11.79
7880,7/23/2022 5:10,11.02,11.71
7881,7/23/2022 5:20,11.15,11.58
7882,7/23/2022 5:30,10.98,11.49
7883,7/23/2022 5:40,10.94,11.49
7884,7/23/2022 5:50,10.94,11.41
7885,7/23/2022 6:00,10.89,11.71
7886,7/23/2022 6:10,10.98,13.34
7887,7/23/2022 6:20,10.89,15.48
7888,7/23/2022 6:30,11.02,16.04
7889,7/23/2022 6:40,10.89,16.43
7890,7/23/2022 6:50,10.89,16.56
7891,7/23/2022 7:00,10.94,16.64
7892,7/23/2022 7:10,10.81,16.69
7893,7/23/2022 7:20,10.72,16.94
7894,7/23/2022 7:30,10.59,17.16
7895,7/23/2022 7:40,10.81,17.29
7896,7/23/2022 7:50,10.77,17.46
7897,7/23/2022 8:00,10.72,17.5
7898,7/23/2022 8:10,10.59,16.99
7899,7/23/2022 8:20,10.81,16.56
7900,7/23/2022 8:30,10.94,16.43
7901,7/23/2022 8:40,10.72,15.91
7902,7/23/2022 8:50,10.98,16.04
7903,7/23/2022 9:00,11.11,15.91
7904,7/23/2022 9:10,11.24,16.26
7905,7/23/2022 9:20,11.37,16.86
7906,7/23/2022 9:30,11.58,17.24
7907,7/23/2022 9:40,11.71,17.46
7908,7/23/2022 9:50,11.79,17.41
7909,7/23/2022 10:00,12.14,17.41
7910,7/23/2022 10:10,12.44,17.93
7911,7/23/2022 10:20,12.65,18.23
7912,7/23/2022 10:30,12.61,18.57
7913,7/23/2022 10:40,12.7,19.13
7914,7/23/2022 10:50,13.08,19.39
7915,7/23/2022 11:00,13.38,19.52
7916,7/23/2022 11:10,14.07,19.65
7917,7/23/2022 11:20,14.33,19.82
7918,7/23/2022 11:30,14.75,19.95
7919,7/23/2022 11:40,15.23,20.12
7920,7/23/2022 11:50,15.48,20.37
7921,7/23/2022 12:00,15.66,20.5
7922,7/23/2022 12:10,16.04,20.8
7923,7/23/2022 12:20,16.43,21.06
7924,7/23/2022 12:30,16.64,21.32
7925,7/23/2022 12:40,16.81,21.58
7926,7/23/2022 12:50,16.77,21.79
7927,7/23/2022 13:00,16.9,22.13
7928,7/23/2022 13:10,16.94,22.43
7929,7/23/2022 13:20,17.41,22.73
7930,7/23/2022 13:30,17.29,22.99
7931,7/23/2022 13:40,17.33,23.12
7932,7/23/2022 13:50,17.46,23.38
7933,7/23/2022 14:00,17.29,23.89
7934,7/23/2022 14:10,17.24,23.81
7935,7/23/2022 14:20,17.2,23.76
7936,7/23/2022 14:30,16.9,23.76
7937,7/23/2022 14:40,16.39,24.02
7938,7/23/2022 14:50,15.7,24.06
7939,7/23/2022 15:00,15.27,23.29
7940,7/23/2022 15:10,15.14,22.52
7941,7/23/2022 15:20,15.18,22.26
7942,7/23/2022 15:30,15.36,22.18
7943,7/23/2022 15:40,15.1,22.69
7944,7/23/2022 15:50,14.75,23.12
7945,7/23/2022 16:00,14.33,22.82
7946,7/23/2022 16:10,14.28,22.56
7947,7/23/2022 16:20,14.11,22.01
7948,7/23/2022 16:30,13.81,21.88
7949,7/23/2022 16:40,13.68,21.79
7950,7/23/2022 16:50,13.6,21.66
7951,7/23/2022 17:00,13.51,21.49
7952,7/23/2022 17:10,13.21,21.32
7953,7/23/2022 17:20,13.17,21.19
7954,7/23/2022 17:30,13.51,21.19
7955,7/23/2022 17:40,13.17,21.15
7956,7/23/2022 17:50,13.04,20.98
7957,7/23/2022 18:00,13.04,20.89
7958,7/23/2022 18:10,13.17,20.93
7959,7/23/2022 18:20,13.38,20.93
7960,7/23/2022 18:30,13.34,20.89
7961,7/23/2022 18:40,13.43,20.93
7962,7/23/2022 18:50,13.77,20.8
7963,7/23/2022 19:00,13.6,20.72
7964,7/23/2022 19:10,13.08,20.63
7965,7/23/2022 19:20,12.82,20.59
7966,7/23/2022 19:30,12.95,20.55
7967,7/23/2022 19:40,13,20.55
7968,7/23/2022 19:50,13.17,20.42
7969,7/23/2022 20:00,13.12,20.46
7970,7/23/2022 20:10,13.21,20.37
7971,7/23/2022 20:20,13.17,20.37
7972,7/23/2022 20:30,13.34,20.33
7973,7/23/2022 20:40,13.34,20.29
7974,7/23/2022 20:50,13.08,20.29
7975,7/23/2022 21:00,13.25,20.2
7976,7/23/2022 21:10,13.3,20.2
7977,7/23/2022 21:20,13.6,20.16
7978,7/23/2022 21:30,13.55,20.25
7979,7/23/2022 21:40,13.68,20.33
7980,7/23/2022 21:50,13.38,20.37
7981,7/23/2022 22:00,13.3,20.25
7982,7/23/2022 22:10,13.3,20.2
7983,7/23/2022 22:20,13.08,20.2
7984,7/23/2022 22:30,13,20.16
7985,7/23/2022 22:40,12.95,19.95
7986,7/23/2022 22:50,12.61,19.9
7987,7/23/2022 23:00,12.48,19.9
7988,7/23/2022 23:10,12.44,19.86
7989,7/23/2022 23:20,12.35,19.82
7990,7/23/2022 23:30,12.31,19.82
7991,7/23/2022 23:40,12.31,19.77
7992,7/23/2022 23:50,12.4,19.77
7993,7/24/2022 0:00,12.22,19.77
7994,7/24/2022 0:10,12.1,19.73
7995,7/24/2022 0:20,12.05,19.69
7996,7/24/2022 0:30,12.01,19.65
7997,7/24/2022 0:40,11.92,19.65
7998,7/24/2022 0:50,11.97,19.65
7999,7/24/2022 1:00,11.97,19.6
8000,7/24/2022 1:10,11.88,19.6
8001,7/24/2022 1:20,11.84,19.6
8002,7/24/2022 1:30,11.75,19.52
8003,7/24/2022 1:40,11.62,19.52
8004,7/24/2022 1:50,11.67,19.47
8005,7/24/2022 2:00,11.71,19.39
8006,7/24/2022 2:10,11.71,19.35
8007,7/24/2022 2:20,11.54,19.26
8008,7/24/2022 2:30,11.54,19.22
8009,7/24/2022 2:40,11.58,19.17
8010,7/24/2022 2:50,11.62,19.05
8011,7/24/2022 3:00,11.58,18.79
8012,7/24/2022 3:10,11.67,18.57
8013,7/24/2022 3:20,11.84,18.27
8014,7/24/2022 3:30,11.97,14.54
8015,7/24/2022 3:40,11.88,12.48
8016,7/24/2022 3:50,11.92,12.1
8017,7/24/2022 4:00,11.84,11.97
8018,7/24/2022 4:10,11.75,11.71
8019,7/24/2022 4:20,11.75,11.67
8020,7/24/2022 4:30,11.75,11.62
8021,7/24/2022 4:40,11.75,11.67
8022,7/24/2022 4:50,11.84,11.79
8023,7/24/2022 5:00,11.88,11.84
8024,7/24/2022 5:10,12.01,11.92
8025,7/24/2022 5:20,12.1,12.05
8026,7/24/2022 5:30,12.1,12.01
8027,7/24/2022 5:40,12.1,11.97
8028,7/24/2022 5:50,12.05,11.97
8029,7/24/2022 6:00,12.14,12.05
8030,7/24/2022 6:10,12.01,11.88
8031,7/24/2022 6:20,12.14,12.1
8032,7/24/2022 6:30,12.1,12.27
8033,7/24/2022 6:40,12.05,12.27
8034,7/24/2022 6:50,12.14,12.4
8035,7/24/2022 7:00,12.14,12.61
8036,7/24/2022 7:10,12.22,12.48
8037,7/24/2022 7:20,12.14,14.54
8038,7/24/2022 7:30,12.18,16.13
8039,7/24/2022 7:40,12.31,16.43
8040,7/24/2022 7:50,12.27,16.86
8041,7/24/2022 8:00,12.31,17.11
8042,7/24/2022 8:10,12.31,17.5
8043,7/24/2022 8:20,12.4,17.8
8044,7/24/2022 8:30,12.52,17.93
8045,7/24/2022 8:40,12.61,18.14
8046,7/24/2022 8:50,12.7,18.4
8047,7/24/2022 9:00,12.82,18.44
8048,7/24/2022 9:10,13.08,18.27
8049,7/24/2022 9:20,13.08,18.36
8050,7/24/2022 9:30,13.12,18.36
8051,7/24/2022 9:40,13.3,18.57
8052,7/24/2022 9:50,13.21,18.79
8053,7/24/2022 10:00,13.38,19.05
8054,7/24/2022 10:10,13.47,19.22
8055,7/24/2022 10:20,13.43,19.39
8056,7/24/2022 10:30,13.55,19.56
8057,7/24/2022 10:40,13.9,19.6
8058,7/24/2022 10:50,14.07,19.69
8059,7/24/2022 11:00,14.11,19.82
8060,7/24/2022 11:10,14.28,19.99
8061,7/24/2022 11:20,14.37,20.07
8062,7/24/2022 11:30,14.28,20.2
8063,7/24/2022 11:40,14.33,20.29
8064,7/24/2022 11:50,14.33,20.37
8065,7/24/2022 12:00,14.67,20.5
8066,7/24/2022 12:10,15.44,20.63
8067,7/24/2022 12:20,15.48,20.76
8068,7/24/2022 12:30,15.57,20.85
8069,7/24/2022 12:40,14.93,20.98
8070,7/24/2022 12:50,14.93,21.1
8071,7/24/2022 13:00,14.63,21.36
8072,7/24/2022 13:10,14.63,21.4
8073,7/24/2022 13:20,14.71,21.45
8074,7/24/2022 13:30,15.06,21.49
8075,7/24/2022 13:40,16.21,21.7
8076,7/24/2022 13:50,16.51,21.75
8077,7/24/2022 14:00,16.86,21.79
8078,7/24/2022 14:10,17.16,21.96
8079,7/24/2022 14:20,17.2,22.18
8080,7/24/2022 14:30,17.41,22.26
8081,7/24/2022 14:40,17.54,22.39
8082,7/24/2022 14:50,17.63,22.48
8083,7/24/2022 15:00,17.5,22.56
8084,7/24/2022 15:10,17.67,22.78
8085,7/24/2022 15:20,17.5,22.86
8086,7/24/2022 15:30,17.54,22.95
8087,7/24/2022 15:40,17.16,22.99
8088,7/24/2022 15:50,16.99,22.95
8089,7/24/2022 16:00,16.73,23.12
8090,7/24/2022 16:10,16.51,23.25
8091,7/24/2022 16:20,16.51,23.21
8092,7/24/2022 16:30,15.87,22.95
8093,7/24/2022 16:40,15.53,22.31
8094,7/24/2022 16:50,15.36,21.75
8095,7/24/2022 17:00,15.01,22.18
8096,7/24/2022 17:10,14.88,23.16
8097,7/24/2022 17:20,14.71,23.72
8098,7/24/2022 17:30,14.75,23.98
8099,7/24/2022 17:40,14.67,23.55
8100,7/24/2022 17:50,14.67,22.82
8101,7/24/2022 18:00,14.67,22.73
8102,7/24/2022 18:10,14.75,22.26
8103,7/24/2022 18:20,14.84,22.01
8104,7/24/2022 18:30,14.75,21.83
8105,7/24/2022 18:40,14.5,21.7
8106,7/24/2022 18:50,14.41,21.53
8107,7/24/2022 19:00,14.28,21.49
8108,7/24/2022 19:10,14.15,21.45
8109,7/24/2022 19:20,13.85,21.28
8110,7/24/2022 19:30,13.38,21.15
8111,7/24/2022 19:40,13.21,21.06
8112,7/24/2022 19:50,13.04,20.98
8113,7/24/2022 20:00,13.21,20.85
8114,7/24/2022 20:10,13.12,20.85
8115,7/24/2022 20:20,13.17,20.8
8116,7/24/2022 20:30,12.95,20.85
8117,7/24/2022 20:40,12.87,20.76
8118,7/24/2022 20:50,13.04,20.72
8119,7/24/2022 21:00,13,20.63
8120,7/24/2022 21:10,13.21,20.59
8121,7/24/2022 21:20,13.55,20.59
8122,7/24/2022 21:30,13.47,20.55
8123,7/24/2022 21:40,13.17,20.5
8124,7/24/2022 21:50,13.08,20.42
8125,7/24/2022 22:00,12.91,20.46
8126,7/24/2022 22:10,12.7,20.5
8127,7/24/2022 22:20,12.78,20.5
8128,7/24/2022 22:30,12.65,20.59
8129,7/24/2022 22:40,12.61,20.59
8130,7/24/2022 22:50,12.22,20.55
8131,7/24/2022 23:00,12.27,20.5
8132,7/24/2022 23:10,12.31,20.37
8133,7/24/2022 23:20,12.31,20.2
8134,7/24/2022 23:30,12.1,20.12
8135,7/24/2022 23:40,11.79,20.16
8136,7/24/2022 23:50,11.75,20.2
8137,7/25/2022 0:00,11.92,20.16
8138,7/25/2022 0:10,11.84,20.07
8139,7/25/2022 0:20,11.75,20.07
8140,7/25/2022 0:30,11.49,20.03
8141,7/25/2022 0:40,11.67,20.07
8142,7/25/2022 0:50,11.58,20.12
8143,7/25/2022 1:00,11.62,20.07
8144,7/25/2022 1:10,11.71,20.07
8145,7/25/2022 1:20,11.67,20.07
8146,7/25/2022 1:30,11.58,20.07
8147,7/25/2022 1:40,11.54,20.07
8148,7/25/2022 1:50,11.67,20.03
8149,7/25/2022 2:00,11.75,20.03
8150,7/25/2022 2:10,11.67,19.99
8151,7/25/2022 2:20,11.71,19.95
8152,7/25/2022 2:30,11.75,19.9
8153,7/25/2022 2:40,11.79,19.73
8154,7/25/2022 2:50,11.75,19.56
8155,7/25/2022 3:00,11.62,19.47
8156,7/25/2022 3:10,11.67,19.35
8157,7/25/2022 3:20,11.49,19.26
8158,7/25/2022 3:30,11.49,19.22
8159,7/25/2022 3:40,11.54,19.09
8160,7/25/2022 3:50,11.49,18.87
8161,7/25/2022 4:00,11.49,18.23
8162,7/25/2022 4:10,11.62,14.03
8163,7/25/2022 4:20,11.67,12.4
8164,7/25/2022 4:30,11.54,12.1
8165,7/25/2022 4:40,11.54,12.1
8166,7/25/2022 4:50,11.37,12.01
8167,7/25/2022 5:00,11.41,11.88
8168,7/25/2022 5:10,11.32,11.79
8169,7/25/2022 5:20,11.45,11.84
8170,7/25/2022 5:30,11.45,11.92
8171,7/25/2022 5:40,11.49,11.75
8172,7/25/2022 5:50,11.45,11.58
8173,7/25/2022 6:00,11.37,11.49
8174,7/25/2022 6:10,11.41,11.75
8175,7/25/2022 6:20,11.41,11.62
8176,7/25/2022 6:30,11.37,11.58
8177,7/25/2022 6:40,11.32,11.58
8178,7/25/2022 6:50,11.37,11.54
8179,7/25/2022 7:00,11.45,11.62
8180,7/25/2022 7:10,11.49,11.79
8181,7/25/2022 7:20,11.58,12.05
8182,7/25/2022 7:30,11.67,12.01
8183,7/25/2022 7:40,11.79,12.01
8184,7/25/2022 7:50,11.75,12.35
8185,7/25/2022 8:00,11.92,12.48
8186,7/25/2022 8:10,11.84,12.61
8187,7/25/2022 8:20,11.79,15.53
8188,7/25/2022 8:30,11.88,16.47
8189,7/25/2022 8:40,11.92,17.11
8190,7/25/2022 8:50,11.97,17.54
8191,7/25/2022 9:00,12.05,18.14
8192,7/25/2022 9:10,12.31,18.53
8193,7/25/2022 9:20,12.52,18.74
8194,7/25/2022 9:30,12.74,18.87
8195,7/25/2022 9:40,13,18.96
8196,7/25/2022 9:50,13.12,19.17
8197,7/25/2022 10:00,13.38,19.26
8198,7/25/2022 10:10,13.55,19.13
8199,7/25/2022 10:20,13.94,19.09
8200,7/25/2022 10:30,13.94,19.3
8201,7/25/2022 10:40,14.07,19.56
8202,7/25/2022 10:50,14.2,19.73
8203,7/25/2022 11:00,14.45,19.9
8204,7/25/2022 11:10,14.63,20.03
8205,7/25/2022 11:20,14.97,20.07
8206,7/25/2022 11:30,15.14,20.16
8207,7/25/2022 11:40,15.14,20.25
8208,7/25/2022 11:50,15.44,20.37
8209,7/25/2022 12:00,15.74,20.5
8210,7/25/2022 12:10,15.83,20.59
8211,7/25/2022 12:20,16,20.68
8212,7/25/2022 12:30,15.87,20.72
8213,7/25/2022 12:40,15.96,20.8
8214,7/25/2022 12:50,16,20.93
8215,7/25/2022 13:00,15.91,21.06
8216,7/25/2022 13:10,16.13,21.1
8217,7/25/2022 13:20,16.26,21.19
8218,7/25/2022 13:30,16.21,21.36
8219,7/25/2022 13:40,16.3,21.36
8220,7/25/2022 13:50,16.64,21.62
8221,7/25/2022 14:00,16.86,21.7
8222,7/25/2022 14:10,16.86,21.75
8223,7/25/2022 14:20,16.94,21.88
8224,7/25/2022 14:30,17.11,21.92
8225,7/25/2022 14:40,17.16,22.01
8226,7/25/2022 14:50,17.29,22.09
8227,7/25/2022 15:00,17.24,22.18
8228,7/25/2022 15:10,16.94,22.35
8229,7/25/2022 15:20,16.86,22.43
8230,7/25/2022 15:30,16.69,22.52
8231,7/25/2022 15:40,16.77,22.78
8232,7/25/2022 15:50,16.77,22.95
8233,7/25/2022 16:00,16.73,23.12
8234,7/25/2022 16:10,16.73,23.25
8235,7/25/2022 16:20,16.69,23.34
8236,7/25/2022 16:30,16.81,23.51
8237,7/25/2022 16:40,16.64,23.64
8238,7/25/2022 16:50,16.73,23.64
8239,7/25/2022 17:00,16.94,23.51
8240,7/25/2022 17:10,16.81,23.42
8241,7/25/2022 17:20,16.9,23.46
8242,7/25/2022 17:30,16.51,23.59
8243,7/25/2022 17:40,16.34,23.46
8244,7/25/2022 17:50,16.34,23.42
8245,7/25/2022 18:00,16.13,23.38
8246,7/25/2022 18:10,15.74,23.29
8247,7/25/2022 18:20,15.83,23.29
8248,7/25/2022 18:30,15.66,23.21
8249,7/25/2022 18:40,15.78,23.08
8250,7/25/2022 18:50,15.83,22.91
8251,7/25/2022 19:00,15.61,22.65
8252,7/25/2022 19:10,15.57,22.35
8253,7/25/2022 19:20,15.66,21.96
8254,7/25/2022 19:30,15.53,21.53
8255,7/25/2022 19:40,15.57,21.53
8256,7/25/2022 19:50,15.61,21.49
8257,7/25/2022 20:00,15.57,21.53
8258,7/25/2022 20:10,15.44,21.53
8259,7/25/2022 20:20,15.53,21.45
8260,7/25/2022 20:30,15.61,21.36
8261,7/25/2022 20:40,15.4,21.28
8262,7/25/2022 20:50,15.7,21.28
8263,7/25/2022 21:00,15.78,21.28
8264,7/25/2022 21:10,15.83,21.19
8265,7/25/2022 21:20,15.78,21.19
8266,7/25/2022 21:30,16.08,21.15
8267,7/25/2022 21:40,15.7,21.1
8268,7/25/2022 21:50,16.17,21.1
8269,7/25/2022 22:00,16.17,21.06
8270,7/25/2022 22:10,16.17,21.02
8271,7/25/2022 22:20,16.3,20.98
8272,7/25/2022 22:30,16.34,21.02
8273,7/25/2022 22:40,16.39,20.98
8274,7/25/2022 22:50,16.34,21.02
8275,7/25/2022 23:00,16.17,21.02
8276,7/25/2022 23:10,15.74,21.06
8277,7/25/2022 23:20,15.7,21.06
8278,7/25/2022 23:30,15.74,21.06
8279,7/25/2022 23:40,15.48,21.15
8280,7/25/2022 23:50,15.44,21.1
8281,7/26/2022 0:00,15.27,20.98
8282,7/26/2022 0:10,15.4,20.98
8283,7/26/2022 0:20,15.4,21.02
8284,7/26/2022 0:30,15.27,21.02
8285,7/26/2022 0:40,15.27,20.93
8286,7/26/2022 0:50,15.27,20.93
8287,7/26/2022 1:00,15.14,21.02
8288,7/26/2022 1:10,15.06,20.98
8289,7/26/2022 1:20,15.1,20.93
8290,7/26/2022 1:30,15.14,20.98
8291,7/26/2022 1:40,15.14,20.89
8292,7/26/2022 1:50,15.06,20.89
8293,7/26/2022 2:00,15.01,20.85
8294,7/26/2022 2:10,14.97,20.89
8295,7/26/2022 2:20,15.1,20.89
8296,7/26/2022 2:30,14.97,20.85
8297,7/26/2022 2:40,14.84,20.76
8298,7/26/2022 2:50,14.75,20.8
8299,7/26/2022 3:00,14.75,20.76
8300,7/26/2022 3:10,14.63,20.68
8301,7/26/2022 3:20,14.63,20.63
8302,7/26/2022 3:30,14.54,20.55
8303,7/26/2022 3:40,14.71,20.5
8304,7/26/2022 3:50,14.75,20.37
8305,7/26/2022 4:00,14.63,20.2
8306,7/26/2022 4:10,14.54,20.16
8307,7/26/2022 4:20,14.45,20.03
8308,7/26/2022 4:30,14.41,19.9
8309,7/26/2022 4:40,14.41,18.1
8310,7/26/2022 4:50,14.2,15.66
8311,7/26/2022 5:00,14.24,14.67
8312,7/26/2022 5:10,14.28,14.37
8313,7/26/2022 5:20,14.2,14.58
8314,7/26/2022 5:30,14.15,14.41
8315,7/26/2022 5:40,14.2,14.28
8316,7/26/2022 5:50,14.07,14.07
8317,7/26/2022 6:00,14.03,14.11
8318,7/26/2022 6:10,13.98,14.2
8319,7/26/2022 6:20,13.94,14.07
8320,7/26/2022 6:30,13.94,14.11
8321,7/26/2022 6:40,13.9,13.85
8322,7/26/2022 6:50,13.94,13.81
8323,7/26/2022 7:00,13.94,14.15
8324,7/26/2022 7:10,14.07,14.37
8325,7/26/2022 7:20,14.07,14.54
8326,7/26/2022 7:30,14.15,14.88
8327,7/26/2022 7:40,14.28,15.1
8328,7/26/2022 7:50,14.33,14.88
8329,7/26/2022 8:00,14.28,15.23
8330,7/26/2022 8:10,14.41,15.83
8331,7/26/2022 8:20,14.63,16.56
8332,7/26/2022 8:30,14.88,16.51
8333,7/26/2022 8:40,14.84,16
8334,7/26/2022 8:50,14.97,16.81
8335,7/26/2022 9:00,14.97,18.44
8336,7/26/2022 9:10,15.27,19.69
8337,7/26/2022 9:20,15.44,20.03
8338,7/26/2022 9:30,15.57,20.03
8339,7/26/2022 9:40,15.87,20.2
8340,7/26/2022 9:50,15.91,20.46
8341,7/26/2022 10:00,16.08,20.55
8342,7/26/2022 10:10,16.21,20.68
8343,7/26/2022 10:20,16.17,20.89
8344,7/26/2022 10:30,16.39,20.98
8345,7/26/2022 10:40,16.43,20.98
8346,7/26/2022 10:50,16.47,21.1
8347,7/26/2022 11:00,16.69,21.15
8348,7/26/2022 11:10,16.94,21.23
8349,7/26/2022 11:20,16.81,21.32
8350,7/26/2022 11:30,16.94,21.32
8351,7/26/2022 11:40,16.99,21.36
8352,7/26/2022 11:50,17.16,21.45
8353,7/26/2022 12:00,17.33,21.58
8354,7/26/2022 12:10,17.67,21.7
8355,7/26/2022 12:20,17.84,21.96
8356,7/26/2022 12:30,18.06,22.05
8357,7/26/2022 12:40,18.27,22.09
8358,7/26/2022 12:50,18.49,22.26
8359,7/26/2022 13:00,18.83,22.39
8360,7/26/2022 13:10,18.79,22.22
8361,7/26/2022 13:20,18.87,22.31
8362,7/26/2022 13:30,19.09,22.26
8363,7/26/2022 13:40,19.05,22.31
8364,7/26/2022 13:50,18.96,22.39
8365,7/26/2022 14:00,18.87,22.52
8366,7/26/2022 14:10,18.87,22.86
8367,7/26/2022 14:20,18.62,22.99
8368,7/26/2022 14:30,18.53,23.12
8369,7/26/2022 14:40,18.66,23.25
8370,7/26/2022 14:50,18.62,23.38
8371,7/26/2022 15:00,18.27,23.64
8372,7/26/2022 15:10,18.06,23.89
8373,7/26/2022 15:20,18.1,23.85
8374,7/26/2022 15:30,17.84,23.94
8375,7/26/2022 15:40,17.67,24.15
8376,7/26/2022 15:50,17.63,24.32
8377,7/26/2022 16:00,17.63,24.66
8378,7/26/2022 16:10,17.54,24.92
8379,7/26/2022 16:20,17.54,25.14
8380,7/26/2022 16:30,17.2,25.48
8381,7/26/2022 16:40,17.24,25.48
8382,7/26/2022 16:50,17.37,25.27
8383,7/26/2022 17:00,17.24,25.09
8384,7/26/2022 17:10,16.9,24.92
8385,7/26/2022 17:20,16.86,24.79
8386,7/26/2022 17:30,16.86,24.66
8387,7/26/2022 17:40,16.73,24.58
8388,7/26/2022 17:50,16.69,24.49
8389,7/26/2022 18:00,16.51,24.36
8390,7/26/2022 18:10,16.39,24.11
8391,7/26/2022 18:20,16.21,23.98
8392,7/26/2022 18:30,16.08,23.94
8393,7/26/2022 18:40,16,23.85
8394,7/26/2022 18:50,15.66,23.89
8395,7/26/2022 19:00,15.74,23.81
8396,7/26/2022 19:10,15.66,23.64
8397,7/26/2022 19:20,15.57,23.68
8398,7/26/2022 19:30,15.57,23.55
8399,7/26/2022 19:40,15.61,23.51
8400,7/26/2022 19:50,15.57,23.25
8401,7/26/2022 20:00,15.57,22.95
8402,7/26/2022 20:10,15.48,22.39
8403,7/26/2022 20:20,15.44,22.22
8404,7/26/2022 20:30,15.48,22.22
8405,7/26/2022 20:40,15.48,22.31
8406,7/26/2022 20:50,15.4,22.26
8407,7/26/2022 21:00,15.36,22.31
8408,7/26/2022 21:10,15.48,22.31
8409,7/26/2022 21:20,15.48,22.18
8410,7/26/2022 21:30,15.31,22.18
8411,7/26/2022 21:40,15.53,22.18
8412,7/26/2022 21:50,15.57,22.13
8413,7/26/2022 22:00,15.7,22.09
8414,7/26/2022 22:10,15.7,22.09
8415,7/26/2022 22:20,15.96,22.01
8416,7/26/2022 22:30,16.34,22.01
8417,7/26/2022 22:40,16.64,21.96
8418,7/26/2022 22:50,16.73,21.96
8419,7/26/2022 23:00,17.11,21.92
8420,7/26/2022 23:10,16.99,21.92
8421,7/26/2022 23:20,16.69,21.83
8422,7/26/2022 23:30,16.04,21.83
8423,7/26/2022 23:40,15.61,21.88
8424,7/26/2022 23:50,15.36,22.01
8425,7/27/2022 0:00,15.4,22.09
8426,7/27/2022 0:10,14.97,22.18
8427,7/27/2022 0:20,14.75,22.22
8428,7/27/2022 0:30,14.58,22.26
8429,7/27/2022 0:40,14.58,21.96
8430,7/27/2022 0:50,14.54,21.75
8431,7/27/2022 1:00,14.28,21.58
8432,7/27/2022 1:10,14.24,21.62
8433,7/27/2022 1:20,14.2,21.62
8434,7/27/2022 1:30,14.11,21.58
8435,7/27/2022 1:40,14.15,21.53
8436,7/27/2022 1:50,13.98,21.58
8437,7/27/2022 2:00,14.07,21.58
8438,7/27/2022 2:10,13.94,21.58
8439,7/27/2022 2:20,13.81,21.49
8440,7/27/2022 2:30,13.85,21.49
8441,7/27/2022 2:40,13.77,21.45
8442,7/27/2022 2:50,13.77,21.45
8443,7/27/2022 3:00,13.68,21.4
8444,7/27/2022 3:10,13.68,21.36
8445,7/27/2022 3:20,13.68,21.32
8446,7/27/2022 3:30,13.81,21.32
8447,7/27/2022 3:40,13.6,21.28
8448,7/27/2022 3:50,13.68,21.15
8449,7/27/2022 4:00,13.6,21.06
8450,7/27/2022 4:10,13.64,20.98
8451,7/27/2022 4:20,13.51,20.89
8452,7/27/2022 4:30,13.47,20.76
8453,7/27/2022 4:40,13.51,20.63
8454,7/27/2022 4:50,13.38,20.29
8455,7/27/2022 5:00,13.51,20.07
8456,7/27/2022 5:10,13.47,19.56
8457,7/27/2022 5:20,13.47,15.61
8458,7/27/2022 5:30,13.34,14.28
8459,7/27/2022 5:40,13.43,14.11
8460,7/27/2022 5:50,13.3,14.11
8461,7/27/2022 6:00,13.21,13.98
8462,7/27/2022 6:10,13.21,13.73
8463,7/27/2022 6:20,13.34,13.81
8464,7/27/2022 6:30,13.34,13.81
8465,7/27/2022 6:40,13.25,13.68
8466,7/27/2022 6:50,13.21,13.68
8467,7/27/2022 7:00,13.3,13.85
8468,7/27/2022 7:10,13.3,13.85
8469,7/27/2022 7:20,13.47,14.07
8470,7/27/2022 7:30,13.6,14.11
8471,7/27/2022 7:40,13.55,14.2
8472,7/27/2022 7:50,13.64,14.37
8473,7/27/2022 8:00,13.81,14.63
8474,7/27/2022 8:10,13.64,14.88
8475,7/27/2022 8:20,13.81,15.1
8476,7/27/2022 8:30,13.85,15.1
8477,7/27/2022 8:40,13.77,15.06
8478,7/27/2022 8:50,13.81,15.1
8479,7/27/2022 9:00,13.73,15.23
8480,7/27/2022 9:10,13.81,15.1
8481,7/27/2022 9:20,13.9,15.4
8482,7/27/2022 9:30,13.98,15.66
8483,7/27/2022 9:40,13.94,18.7
8484,7/27/2022 9:50,13.98,19.47
8485,7/27/2022 10:00,13.98,19.6
8486,7/27/2022 10:10,14.11,19.86
8487,7/27/2022 10:20,14.11,20.07
8488,7/27/2022 10:30,14.15,20.33
8489,7/27/2022 10:40,14.28,20.46
8490,7/27/2022 10:50,14.45,20.63
8491,7/27/2022 11:00,14.33,20.68
8492,7/27/2022 11:10,14.58,20.72
8493,7/27/2022 11:20,14.58,20.72
8494,7/27/2022 11:30,14.8,20.8
8495,7/27/2022 11:40,14.8,20.93
8496,7/27/2022 11:50,14.93,21.06
8497,7/27/2022 12:00,15.14,21.23
8498,7/27/2022 12:10,15.4,21.4
8499,7/27/2022 12:20,15.44,21.49
8500,7/27/2022 12:30,15.48,21.62
8501,7/27/2022 12:40,15.53,21.66
8502,7/27/2022 12:50,15.44,21.79
8503,7/27/2022 13:00,15.66,21.75
8504,7/27/2022 13:10,15.66,21.83
8505,7/27/2022 13:20,15.74,21.83
8506,7/27/2022 13:30,16,21.92
8507,7/27/2022 13:40,16.04,22.05
8508,7/27/2022 13:50,16.04,22.18
8509,7/27/2022 14:00,16.08,22.13
8510,7/27/2022 14:10,16.21,22.31
8511,7/27/2022 14:20,16.17,22.39
8512,7/27/2022 14:30,16.26,22.56
8513,7/27/2022 14:40,16.17,22.69
8514,7/27/2022 14:50,16.21,22.82
8515,7/27/2022 15:00,16.17,22.86
8516,7/27/2022 15:10,16.34,22.99
8517,7/27/2022 15:20,16.26,23.16
8518,7/27/2022 15:30,16.17,23.38
8519,7/27/2022 15:40,16.17,23.55
8520,7/27/2022 15:50,16.17,23.72
8521,7/27/2022 16:00,15.83,23.94
8522,7/27/2022 16:10,15.91,24.54
8523,7/27/2022 16:20,15.57,24.58
8524,7/27/2022 16:30,15.61,24.24
8525,7/27/2022 16:40,15.53,24.11
8526,7/27/2022 16:50,15.57,24.11
8527,7/27/2022 17:00,15.4,24.02
8528,7/27/2022 17:10,15.27,23.76
8529,7/27/2022 17:20,15.31,23.76
8530,7/27/2022 17:30,15.4,23.59
8531,7/27/2022 17:40,15.18,23.38
8532,7/27/2022 17:50,14.97,23.21
8533,7/27/2022 18:00,14.67,23.16
8534,7/27/2022 18:10,14.41,23.34
8535,7/27/2022 18:20,14.54,23.29
8536,7/27/2022 18:30,14.41,23.21
8537,7/27/2022 18:40,14.54,23.08
8538,7/27/2022 18:50,14.24,22.99
8539,7/27/2022 19:00,14.5,22.82
8540,7/27/2022 19:10,14.37,22.56
8541,7/27/2022 19:20,14.15,22.48
8542,7/27/2022 19:30,13.94,22.39
8543,7/27/2022 19:40,13.81,22.26
8544,7/27/2022 19:50,13.77,22.31
8545,7/27/2022 20:00,13.73,22.31
8546,7/27/2022 20:10,13.64,22.31
8547,7/27/2022 20:20,13.6,22.22
8548,7/27/2022 20:30,13.47,22.18
8549,7/27/2022 20:40,13.64,22.13
8550,7/27/2022 20:50,13.85,22.13
8551,7/27/2022 21:00,14.03,22.09
8552,7/27/2022 21:10,14.15,22.13
8553,7/27/2022 21:20,14.37,22.09
8554,7/27/2022 21:30,14.07,22.05
8555,7/27/2022 21:40,14.07,21.96
8556,7/27/2022 21:50,14.41,21.96
8557,7/27/2022 22:00,14.41,21.92
8558,7/27/2022 22:10,14.41,21.92
8559,7/27/2022 22:20,14.93,21.88
8560,7/27/2022 22:30,15.06,21.88
8561,7/27/2022 22:40,15.66,21.83
8562,7/27/2022 22:50,17.63,21.79
8563,7/27/2022 23:00,19.82,21.79
8564,7/27/2022 23:10,20.89,21.79
8565,7/27/2022 23:20,20.93,21.7
8566,7/27/2022 23:30,21.23,21.66
8567,7/27/2022 23:40,21.28,21.66
8568,7/27/2022 23:50,20.93,21.58
8569,7/28/2022 0:00,20.42,21.58
8570,7/28/2022 0:10,19.6,21.49
8571,7/28/2022 0:20,17.67,21.49
8572,7/28/2022 0:30,15.7,21.45
8573,7/28/2022 0:40,15.18,21.4
8574,7/28/2022 0:50,14.84,21.45
8575,7/28/2022 1:00,14.58,21.4
8576,7/28/2022 1:10,14.24,21.36
8577,7/28/2022 1:20,14.07,21.32
8578,7/28/2022 1:30,13.94,21.15
8579,7/28/2022 1:40,13.9,21.15
8580,7/28/2022 1:50,13.9,21.06
8581,7/28/2022 2:00,14.03,20.98
8582,7/28/2022 2:10,13.73,20.89
8583,7/28/2022 2:20,13.68,20.85
8584,7/28/2022 2:30,13.68,20.8
8585,7/28/2022 2:40,13.68,20.76
8586,7/28/2022 2:50,13.51,20.76
8587,7/28/2022 3:00,13.47,20.76
8588,7/28/2022 3:10,13.47,20.72
8589,7/28/2022 3:20,13.55,20.63
8590,7/28/2022 3:30,13.51,20.63
8591,7/28/2022 3:40,13.51,20.5
8592,7/28/2022 3:50,13.21,20.42
8593,7/28/2022 4:00,13.17,20.37
8594,7/28/2022 4:10,13.34,20.25
8595,7/28/2022 4:20,13.3,20.03
8596,7/28/2022 4:30,13.34,19.73
8597,7/28/2022 4:40,13.38,19.35
8598,7/28/2022 4:50,13.34,19
8599,7/28/2022 5:00,13.47,19.39
8600,7/28/2022 5:10,13.38,19.39
8601,7/28/2022 5:20,13.3,19.35
8602,7/28/2022 5:30,13.17,18.96
8603,7/28/2022 5:40,13.25,18.57
8604,7/28/2022 5:50,13.38,18.23
8605,7/28/2022 6:00,13.25,16.56
8606,7/28/2022 6:10,13.38,14.58
8607,7/28/2022 6:20,13.38,14.28
8608,7/28/2022 6:30,13.25,14.03
8609,7/28/2022 6:40,12.91,13.47
8610,7/28/2022 6:50,12.78,13.47
8611,7/28/2022 7:00,12.65,13.47
8612,7/28/2022 7:10,12.65,13.38
8613,7/28/2022 7:20,12.74,13.47
8614,7/28/2022 7:30,12.74,13.43
8615,7/28/2022 7:40,12.91,13.64
8616,7/28/2022 7:50,12.91,13.73
8617,7/28/2022 8:00,13.08,13.85
8618,7/28/2022 8:10,12.87,13.9
8619,7/28/2022 8:20,12.95,13.85
8620,7/28/2022 8:30,13,14.03
8621,7/28/2022 8:40,13.12,14.28
8622,7/28/2022 8:50,13.17,14.24
8623,7/28/2022 9:00,13.21,14.45
8624,7/28/2022 9:10,13.08,14.58
8625,7/28/2022 9:20,13.3,14.84
8626,7/28/2022 9:30,13.47,15.18
8627,7/28/2022 9:40,13.51,15.44
8628,7/28/2022 9:50,13.68,15.57
8629,7/28/2022 10:00,13.68,16.47
8630,7/28/2022 10:10,13.85,19.09
8631,7/28/2022 10:20,13.77,19.3
8632,7/28/2022 10:30,13.81,19.3
8633,7/28/2022 10:40,13.9,19.47
8634,7/28/2022 10:50,13.98,19.65
8635,7/28/2022 11:00,13.94,19.73
8636,7/28/2022 11:10,14.03,19.77
8637,7/28/2022 11:20,14.11,19.9
8638,7/28/2022 11:30,14.24,20.03
8639,7/28/2022 11:40,14.28,20.29
8640,7/28/2022 11:50,14.33,20.33
8641,7/28/2022 12:00,14.28,20.46
8642,7/28/2022 12:10,14.58,20.5
8643,7/28/2022 12:20,14.71,20.55
8644,7/28/2022 12:30,14.71,20.55
8645,7/28/2022 12:40,14.75,20.59
8646,7/28/2022 12:50,14.67,20.59
8647,7/28/2022 13:00,14.71,20.63
8648,7/28/2022 13:10,14.63,20.63
8649,7/28/2022 13:20,14.58,20.63
8650,7/28/2022 13:30,14.54,20.63
8651,7/28/2022 13:40,14.45,20.59
8652,7/28/2022 13:50,14.58,20.63
8653,7/28/2022 14:00,14.75,20.63
8654,7/28/2022 14:10,14.71,20.68
8655,7/28/2022 14:20,14.54,20.72
8656,7/28/2022 14:30,14.67,20.72
8657,7/28/2022 14:40,14.75,20.72
8658,7/28/2022 14:50,14.84,20.76
8659,7/28/2022 15:00,15.01,20.76
8660,7/28/2022 15:10,15.06,20.76
8661,7/28/2022 15:20,15.14,20.85
8662,7/28/2022 15:30,15.27,20.89
8663,7/28/2022 15:40,15.27,20.93
8664,7/28/2022 15:50,15.36,21.02
8665,7/28/2022 16:00,15.31,21.32
8666,7/28/2022 16:10,15.18,21.32
8667,7/28/2022 16:20,15.31,21.4
8668,7/28/2022 16:30,15.31,21.19
8669,7/28/2022 16:40,15.48,21.06
8670,7/28/2022 16:50,15.36,20.98
8671,7/28/2022 17:00,15.27,20.85
8672,7/28/2022 17:10,15.23,20.8
8673,7/28/2022 17:20,15.1,20.85
8674,7/28/2022 17:30,15.14,20.76
8675,7/28/2022 17:40,15.01,20.68
8676,7/28/2022 17:50,15.06,20.63
8677,7/28/2022 18:00,14.97,20.59
8678,7/28/2022 18:10,14.93,20.55
8679,7/28/2022 18:20,14.97,20.5
8680,7/28/2022 18:30,14.8,20.42
8681,7/28/2022 18:40,14.8,20.37
8682,7/28/2022 18:50,14.8,20.2
8683,7/28/2022 19:00,14.58,20.16
8684,7/28/2022 19:10,14.75,20.12
8685,7/28/2022 19:20,14.63,20.07
8686,7/28/2022 19:30,14.75,20.12
8687,7/28/2022 19:40,14.67,20.07
8688,7/28/2022 19:50,14.71,19.86
8689,7/28/2022 20:00,14.67,19.86
8690,7/28/2022 20:10,14.71,19.82
8691,7/28/2022 20:20,14.71,19.77
8692,7/28/2022 20:30,14.54,19.73
8693,7/28/2022 20:40,14.75,19.65
8694,7/28/2022 20:50,14.71,19.65
8695,7/28/2022 21:00,14.75,19.6
8696,7/28/2022 21:10,14.63,19.56
8697,7/28/2022 21:20,14.58,19.65
8698,7/28/2022 21:30,14.67,19.73
8699,7/28/2022 21:40,14.71,19.77
8700,7/28/2022 21:50,14.8,19.82
8701,7/28/2022 22:00,14.84,19.69
8702,7/28/2022 22:10,14.93,19.56
8703,7/28/2022 22:20,15.01,19.52
8704,7/28/2022 22:30,15.01,19.56
8705,7/28/2022 22:40,15.23,19.56
8706,7/28/2022 22:50,15.48,19.52
8707,7/28/2022 23:00,15.83,19.39
8708,7/28/2022 23:10,16.39,19.39
8709,7/28/2022 23:20,17.46,19.35
8710,7/28/2022 23:30,18.74,19.43
8711,7/28/2022 23:40,19.52,19.39
8712,7/28/2022 23:50,19.69,19.39
8713,7/29/2022 0:00,19.77,19.47
8714,7/29/2022 0:10,19.82,19.39
8715,7/29/2022 0:20,19.77,19.47
8716,7/29/2022 0:30,19.69,19.43
8717,7/29/2022 0:40,19.22,19.43
8718,7/29/2022 0:50,18.53,19.47
8719,7/29/2022 1:00,17.84,19.43
8720,7/29/2022 1:10,16.17,19.39
8721,7/29/2022 1:20,15.61,19.35
8722,7/29/2022 1:30,15.27,19.17
8723,7/29/2022 1:40,15.01,19.13
8724,7/29/2022 1:50,14.8,19.13
8725,7/29/2022 2:00,14.8,19.22
8726,7/29/2022 2:10,14.63,19.35
8727,7/29/2022 2:20,14.58,19.43
8728,7/29/2022 2:30,14.5,19.47
8729,7/29/2022 2:40,14.45,19.43
8730,7/29/2022 2:50,14.37,19.39
8731,7/29/2022 3:00,14.41,19.35
8732,7/29/2022 3:10,14.41,19.3
8733,7/29/2022 3:20,14.37,19.22
8734,7/29/2022 3:30,14.37,19.3
8735,7/29/2022 3:40,14.37,19.26
8736,7/29/2022 3:50,14.2,19.17
8737,7/29/2022 4:00,14.24,19.17
8738,7/29/2022 4:10,14.28,19.05
8739,7/29/2022 4:20,14.24,18.96
8740,7/29/2022 4:30,14.03,18.92
8741,7/29/2022 4:40,13.94,18.83
8742,7/29/2022 4:50,13.85,18.79
8743,7/29/2022 5:00,13.9,18.74
8744,7/29/2022 5:10,13.85,18.62
8745,7/29/2022 5:20,13.85,18.62
8746,7/29/2022 5:30,13.85,18.53
8747,7/29/2022 5:40,13.85,18.36
8748,7/29/2022 5:50,13.77,18.19
8749,7/29/2022 6:00,13.81,17.97
8750,7/29/2022 6:10,13.77,17.89
8751,7/29/2022 6:20,13.77,17.54
8752,7/29/2022 6:30,13.73,17.41
8753,7/29/2022 6:40,13.68,16.21
8754,7/29/2022 6:50,13.64,14.75
8755,7/29/2022 7:00,13.64,14.45
8756,7/29/2022 7:10,13.51,14.33
8757,7/29/2022 7:20,13.38,14.24
8758,7/29/2022 7:30,13.55,14.28
8759,7/29/2022 7:40,13.47,14.41
8760,7/29/2022 7:50,13.55,14.63
8761,7/29/2022 8:00,13.51,14.54
8762,7/29/2022 8:10,13.51,14.8
8763,7/29/2022 8:20,13.47,14.8
8764,7/29/2022 8:30,13.51,14.8
8765,7/29/2022 8:40,13.38,14.84
8766,7/29/2022 8:50,13.47,15.06
8767,7/29/2022 9:00,13.47,15.18
8768,7/29/2022 9:10,13.34,15.57
8769,7/29/2022 9:20,13.38,16.08
8770,7/29/2022 9:30,13.6,16.13
8771,7/29/2022 9:40,13.6,17.59
8772,7/29/2022 9:50,13.94,19.73
8773,7/29/2022 10:00,14.2,20.37
8774,7/29/2022 10:10,14.28,19.35
8775,7/29/2022 10:20,14.5,21.02
8776,7/29/2022 10:30,14.67,23.08
8777,7/29/2022 10:40,14.88,22.78
8778,7/29/2022 10:50,14.93,22.09
8779,7/29/2022 11:00,15.14,21.58
8780,7/29/2022 11:10,15.44,21.06
8781,7/29/2022 11:20,15.53,20.85
8782,7/29/2022 11:30,15.7,20.37
8783,7/29/2022 11:40,15.74,20.33
8784,7/29/2022 11:50,15.91,20.42
8785,7/29/2022 12:00,15.96,20.72
8786,7/29/2022 12:10,16.3,20.72
8787,7/29/2022 12:20,16.43,20.85
8788,7/29/2022 12:30,16.77,20.93
8789,7/29/2022 12:40,16.94,21.02
8790,7/29/2022 12:50,17.07,21.1
8791,7/29/2022 13:00,17.33,21.19
8792,7/29/2022 13:10,17.46,21.4
8793,7/29/2022 13:20,17.46,21.49
8794,7/29/2022 13:30,17.29,21.58
8795,7/29/2022 13:40,17.03,21.79
8796,7/29/2022 13:50,16.99,22.05
8797,7/29/2022 14:00,16.81,21.83
8798,7/29/2022 14:10,16.51,21.75
8799,7/29/2022 14:20,15.96,21.79
8800,7/29/2022 14:30,15.83,21.66
8801,7/29/2022 14:40,15.74,21.53
8802,7/29/2022 14:50,15.83,21.58
8803,7/29/2022 15:00,15.74,21.58
8804,7/29/2022 15:10,15.83,21.58
8805,7/29/2022 15:20,15.7,21.75
8806,7/29/2022 15:30,15.66,22.09
8807,7/29/2022 15:40,15.78,22.13
8808,7/29/2022 15:50,15.7,22.52
8809,7/29/2022 16:00,15.83,22.78
8810,7/29/2022 16:10,15.91,23.12
8811,7/29/2022 16:20,15.91,22.99
8812,7/29/2022 16:30,15.7,23.16
8813,7/29/2022 16:40,15.78,23.29
8814,7/29/2022 16:50,15.83,23.72
8815,7/29/2022 17:00,15.66,23.94
8816,7/29/2022 17:10,15.53,23.94
8817,7/29/2022 17:20,15.4,23.46
8818,7/29/2022 17:30,15.36,22.56
8819,7/29/2022 17:40,15.23,22.35
8820,7/29/2022 17:50,15.23,22.01
8821,7/29/2022 18:00,15.27,21.96
8822,7/29/2022 18:10,15.14,22.01
8823,7/29/2022 18:20,15.06,21.62
8824,7/29/2022 18:30,14.93,21.4
8825,7/29/2022 18:40,14.88,21.32
8826,7/29/2022 18:50,14.88,21.36
8827,7/29/2022 19:00,14.84,21.1
8828,7/29/2022 19:10,14.71,21.02
8829,7/29/2022 19:20,14.71,21.23
8830,7/29/2022 19:30,14.75,21.36
8831,7/29/2022 19:40,14.67,21.36
8832,7/29/2022 19:50,14.71,21.36
8833,7/29/2022 20:00,14.58,21.36
8834,7/29/2022 20:10,14.71,21.28
8835,7/29/2022 20:20,14.84,21.4
8836,7/29/2022 20:30,14.93,21.36
8837,7/29/2022 20:40,14.93,21.19
8838,7/29/2022 20:50,15.06,20.89
8839,7/29/2022 21:00,15.06,20.89
8840,7/29/2022 21:10,15.01,20.8
8841,7/29/2022 21:20,15.06,20.68
8842,7/29/2022 21:30,15.18,20.63
8843,7/29/2022 21:40,15.23,20.59
8844,7/29/2022 21:50,15.14,20.55
8845,7/29/2022 22:00,15.27,20.46
8846,7/29/2022 22:10,15.23,20.37
8847,7/29/2022 22:20,15.18,20.29
8848,7/29/2022 22:30,15.23,20.25
8849,7/29/2022 22:40,15.31,20.33
8850,7/29/2022 22:50,15.31,20.37
8851,7/29/2022 23:00,15.4,20.42
8852,7/29/2022 23:10,15.36,20.37
8853,7/29/2022 23:20,15.44,20.33
8854,7/29/2022 23:30,15.44,20.37
8855,7/29/2022 23:40,15.66,20.37
8856,7/29/2022 23:50,15.66,20.37
8857,7/30/2022 0:00,15.83,20.33
8858,7/30/2022 0:10,16.34,20.25
8859,7/30/2022 0:20,17.11,20.2
8860,7/30/2022 0:30,18.1,20.16
8861,7/30/2022 0:40,18.83,20.16
8862,7/30/2022 0:50,19.22,20.12
8863,7/30/2022 1:00,18.96,20.07
8864,7/30/2022 1:10,17.84,19.99
8865,7/30/2022 1:20,16.77,20.03
8866,7/30/2022 1:30,15.78,20.03
8867,7/30/2022 1:40,15.36,20.03
8868,7/30/2022 1:50,15.31,20.2
8869,7/30/2022 2:00,15.23,20.25
8870,7/30/2022 2:10,15.23,20.2
8871,7/30/2022 2:20,15.06,20.29
8872,7/30/2022 2:30,15.06,20.07
8873,7/30/2022 2:40,14.8,19.95
8874,7/30/2022 2:50,14.88,19.86
8875,7/30/2022 3:00,14.8,19.77
8876,7/30/2022 3:10,14.8,19.82
8877,7/30/2022 3:20,14.8,19.73
8878,7/30/2022 3:30,14.75,19.77
8879,7/30/2022 3:40,14.58,19.73
8880,7/30/2022 3:50,14.5,19.73
8881,7/30/2022 4:00,14.41,19.73
8882,7/30/2022 4:10,14.33,19.73
8883,7/30/2022 4:20,14.11,19.65
8884,7/30/2022 4:30,13.98,19.6
8885,7/30/2022 4:40,13.98,19.6
8886,7/30/2022 4:50,13.81,19.56
8887,7/30/2022 5:00,13.98,19.52
8888,7/30/2022 5:10,14.07,19.47
8889,7/30/2022 5:20,13.9,19.39
8890,7/30/2022 5:30,13.98,19.3
8891,7/30/2022 5:40,13.94,19.22
8892,7/30/2022 5:50,14.03,19.22
8893,7/30/2022 6:00,13.94,19.13
8894,7/30/2022 6:10,14.03,19.05
8895,7/30/2022 6:20,14.07,18.96
8896,7/30/2022 6:30,14.07,18.83
8897,7/30/2022 6:40,14.03,18.62
8898,7/30/2022 6:50,13.9,18.44
8899,7/30/2022 7:00,13.94,18.32
8900,7/30/2022 7:10,13.9,18.02
8901,7/30/2022 7:20,14.03,16.04
8902,7/30/2022 7:30,14.07,15.06
8903,7/30/2022 7:40,13.94,14.8
8904,7/30/2022 7:50,13.85,14.8
8905,7/30/2022 8:00,13.94,14.88
8906,7/30/2022 8:10,13.98,15.06
8907,7/30/2022 8:20,13.85,14.97
8908,7/30/2022 8:30,13.98,15.14
8909,7/30/2022 8:40,14.11,15.27
8910,7/30/2022 8:50,14.03,15.36
8911,7/30/2022 9:00,14.07,15.61
8912,7/30/2022 9:10,14.11,16.3
8913,7/30/2022 9:20,14.28,17.59
8914,7/30/2022 9:30,14.54,17.29
8915,7/30/2022 9:40,14.67,17.59
8916,7/30/2022 9:50,14.75,17.37
8917,7/30/2022 10:00,14.84,17.46
8918,7/30/2022 10:10,14.8,17.63
8919,7/30/2022 10:20,14.75,17.84
8920,7/30/2022 10:30,14.88,18.36
8921,7/30/2022 10:40,14.97,18.36
8922,7/30/2022 10:50,15.06,21.28
8923,7/30/2022 11:00,15.1,21.49
8924,7/30/2022 11:10,15.23,20.93
8925,7/30/2022 11:20,15.27,20.5
8926,7/30/2022 11:30,15.36,20.25
8927,7/30/2022 11:40,15.53,20.07
8928,7/30/2022 11:50,15.66,19.99
8929,7/30/2022 12:00,15.83,20.03
8930,7/30/2022 12:10,16.34,20.2
8931,7/30/2022 12:20,16.47,20.2
8932,7/30/2022 12:30,16.47,20.12
8933,7/30/2022 12:40,16.51,20.07
8934,7/30/2022 12:50,16.6,20.16
8935,7/30/2022 13:00,16.6,20.2
8936,7/30/2022 13:10,16.73,20.25
8937,7/30/2022 13:20,16.9,20.25
8938,7/30/2022 13:30,16.99,20.29
8939,7/30/2022 13:40,16.73,20.29
8940,7/30/2022 13:50,16.69,20.42
8941,7/30/2022 14:00,16.77,20.5
8942,7/30/2022 14:10,16.9,20.46
8943,7/30/2022 14:20,16.6,20.59
8944,7/30/2022 14:30,16.73,20.59
8945,7/30/2022 14:40,16.73,20.68
8946,7/30/2022 14:50,16.56,20.76
8947,7/30/2022 15:00,16.9,20.76
8948,7/30/2022 15:10,17.16,20.85
8949,7/30/2022 15:20,17.03,20.89
8950,7/30/2022 15:30,16.73,20.85
8951,7/30/2022 15:40,16.08,20.89
8952,7/30/2022 15:50,15.78,20.93
8953,7/30/2022 16:00,15.7,21.19
8954,7/30/2022 16:10,15.66,21.1
8955,7/30/2022 16:20,15.53,21.1
8956,7/30/2022 16:30,15.78,21.1
8957,7/30/2022 16:40,15.91,21.1
8958,7/30/2022 16:50,15.96,21.06
8959,7/30/2022 17:00,15.83,20.98
8960,7/30/2022 17:10,15.96,21.02
8961,7/30/2022 17:20,15.96,21.02
8962,7/30/2022 17:30,16.08,20.98
8963,7/30/2022 17:40,16.17,20.98
8964,7/30/2022 17:50,15.96,20.93
8965,7/30/2022 18:00,16,20.89
8966,7/30/2022 18:10,15.96,20.93
8967,7/30/2022 18:20,15.91,20.98
8968,7/30/2022 18:30,15.87,20.98
8969,7/30/2022 18:40,15.78,20.89
8970,7/30/2022 18:50,15.74,20.89
8971,7/30/2022 19:00,15.7,20.93
8972,7/30/2022 19:10,15.57,20.89
8973,7/30/2022 19:20,15.61,20.98
8974,7/30/2022 19:30,15.66,21.23
8975,7/30/2022 19:40,15.61,21.45
8976,7/30/2022 19:50,15.57,21.45
8977,7/30/2022 20:00,15.61,21.28
8978,7/30/2022 20:10,15.7,21.06
8979,7/30/2022 20:20,15.7,21.19
8980,7/30/2022 20:30,15.66,21.28
8981,7/30/2022 20:40,15.61,21.28
8982,7/30/2022 20:50,15.66,20.76
8983,7/30/2022 21:00,15.61,20.59
8984,7/30/2022 21:10,15.57,20.59
8985,7/30/2022 21:20,15.61,20.46
8986,7/30/2022 21:30,15.66,20.37
8987,7/30/2022 21:40,15.7,20.25
8988,7/30/2022 21:50,15.57,20.07
8989,7/30/2022 22:00,15.48,19.99
8990,7/30/2022 22:10,15.44,20.07
8991,7/30/2022 22:20,15.36,19.9
8992,7/30/2022 22:30,15.36,19.77
8993,7/30/2022 22:40,15.4,19.69
8994,7/30/2022 22:50,15.27,19.86
8995,7/30/2022 23:00,15.36,19.86
8996,7/30/2022 23:10,15.48,19.99
8997,7/30/2022 23:20,15.31,19.99
8998,7/30/2022 23:30,15.36,20.03
8999,7/30/2022 23:40,15.31,20.16
9000,7/30/2022 23:50,15.23,20.07
9001,7/31/2022 0:00,15.36,19.86
9002,7/31/2022 0:10,15.36,19.82
9003,7/31/2022 0:20,15.36,19.82
9004,7/31/2022 0:30,15.53,19.99
9005,7/31/2022 0:40,15.44,20.07
9006,7/31/2022 0:50,15.36,20.16
9007,7/31/2022 1:00,15.23,20.16
9008,7/31/2022 1:10,15.4,20.2
9009,7/31/2022 1:20,15.44,20.16
9010,7/31/2022 1:30,15.48,20.12
9011,7/31/2022 1:40,15.44,20.03
9012,7/31/2022 1:50,15.4,20.12
9013,7/31/2022 2:00,15.44,20.03
9014,7/31/2022 2:10,15.31,20.03
9015,7/31/2022 2:20,15.27,20.03
9016,7/31/2022 2:30,15.36,19.95
9017,7/31/2022 2:40,15.36,19.95
9018,7/31/2022 2:50,15.23,19.86
9019,7/31/2022 3:00,15.23,19.82
9020,7/31/2022 3:10,15.1,19.82
9021,7/31/2022 3:20,15.23,19.77
9022,7/31/2022 3:30,15.18,19.77
9023,7/31/2022 3:40,15.01,19.77
9024,7/31/2022 3:50,14.97,19.77
9025,7/31/2022 4:00,15.1,19.73
9026,7/31/2022 4:10,14.88,19.73
9027,7/31/2022 4:20,14.88,19.73
9028,7/31/2022 4:30,14.84,19.65
9029,7/31/2022 4:40,14.8,19.6
9030,7/31/2022 4:50,14.75,19.56
9031,7/31/2022 5:00,14.58,19.56
9032,7/31/2022 5:10,14.54,19.47
9033,7/31/2022 5:20,14.54,19.43
9034,7/31/2022 5:30,14.45,19.39
9035,7/31/2022 5:40,14.45,19.43
9036,7/31/2022 5:50,14.33,19.35
9037,7/31/2022 6:00,14.24,19.3
9038,7/31/2022 6:10,14.45,19.26
9039,7/31/2022 6:20,14.45,19.22
9040,7/31/2022 6:30,14.54,19.13
9041,7/31/2022 6:40,14.58,19.09
9042,7/31/2022 6:50,14.5,19.05
9043,7/31/2022 7:00,14.41,18.87
9044,7/31/2022 7:10,14.33,18.74
9045,7/31/2022 7:20,14.33,18.66
9046,7/31/2022 7:30,14.28,18.66
9047,7/31/2022 7:40,14.11,16.94
9048,7/31/2022 7:50,14.28,15.48
9049,7/31/2022 8:00,14.33,15.4
9050,7/31/2022 8:10,14.2,15.4
9051,7/31/2022 8:20,13.98,15.36
9052,7/31/2022 8:30,13.77,15.53
9053,7/31/2022 8:40,13.85,15.48
9054,7/31/2022 8:50,14.07,16.26
9055,7/31/2022 9:00,14.41,16.21
9056,7/31/2022 9:10,14.5,16.04
9057,7/31/2022 9:20,14.93,16.6
9058,7/31/2022 9:30,15.06,17.37
9059,7/31/2022 9:40,15.01,17.54
9060,7/31/2022 9:50,15.14,18.06
9061,7/31/2022 10:00,15.14,18.44
9062,7/31/2022 10:10,15.23,18.36
9063,7/31/2022 10:20,15.27,17.72
9064,7/31/2022 10:30,15.44,17.93
9065,7/31/2022 10:40,15.44,18.62
9066,7/31/2022 10:50,15.53,19.05
9067,7/31/2022 11:00,15.74,19.26
9068,7/31/2022 11:10,15.7,19.13
9069,7/31/2022 11:20,15.87,22.05
9070,7/31/2022 11:30,16.21,22.35
9071,7/31/2022 11:40,16.3,22.01
9072,7/31/2022 11:50,16.17,21.15
9073,7/31/2022 12:00,16.43,20.72
9074,7/31/2022 12:10,16.56,20.63
9075,7/31/2022 12:20,16.69,20.72
9076,7/31/2022 12:30,16.9,21.02
9077,7/31/2022 12:40,17.07,20.93
9078,7/31/2022 12:50,17.24,20.93
9079,7/31/2022 13:00,17.2,20.98
9080,7/31/2022 13:10,17.29,21.06
9081,7/31/2022 13:20,17.24,21.28
9082,7/31/2022 13:30,17.37,21.23
9083,7/31/2022 13:40,17.54,21.19
9084,7/31/2022 13:50,17.72,21.28
9085,7/31/2022 14:00,17.76,21.28
9086,7/31/2022 14:10,17.72,21.23
9087,7/31/2022 14:20,17.67,21.28
9088,7/31/2022 14:30,17.63,21.28
9089,7/31/2022 14:40,17.67,21.32
9090,7/31/2022 14:50,17.76,21.4
9091,7/31/2022 15:00,17.84,21.32
9092,7/31/2022 15:10,17.67,21.23
9093,7/31/2022 15:20,17.59,21.23
9094,7/31/2022 15:30,17.5,21.23
9095,7/31/2022 15:40,17.41,21.28
9096,7/31/2022 15:50,17.5,21.28
9097,7/31/2022 16:00,17.11,21.23
9098,7/31/2022 16:10,17.03,21.28
9099,7/31/2022 16:20,17.11,21.4
9100,7/31/2022 16:30,17.2,21.53
9101,7/31/2022 16:40,17.03,21.66
9102,7/31/2022 16:50,16.81,21.79
9103,7/31/2022 17:00,16.81,22.18
9104,7/31/2022 17:10,16.81,21.88
9105,7/31/2022 17:20,17.03,22.22
9106,7/31/2022 17:30,16.94,22.39
9107,7/31/2022 17:40,17.07,22.52
9108,7/31/2022 17:50,16.86,22.52
9109,7/31/2022 18:00,16.64,22.31
9110,7/31/2022 18:10,16.3,22.26
9111,7/31/2022 18:20,16.34,22.26
9112,7/31/2022 18:30,16.21,22.26
9113,7/31/2022 18:40,16.17,22.31
9114,7/31/2022 18:50,16.13,22.09
9115,7/31/2022 19:00,16.08,22.26
9116,7/31/2022 19:10,15.91,22.43
9117,7/31/2022 19:20,15.91,22.69
9118,7/31/2022 19:30,15.91,23.03
9119,7/31/2022 19:40,15.96,23.12
9120,7/31/2022 19:50,15.96,23.16
9121,7/31/2022 20:00,15.83,23.12
9122,7/31/2022 20:10,15.91,22.86
9123,7/31/2022 20:20,15.83,22.61
9124,7/31/2022 20:30,15.83,22.39
9125,7/31/2022 20:40,15.83,22.22
9126,7/31/2022 20:50,15.83,22.18
9127,7/31/2022 21:00,15.91,21.79
9128,7/31/2022 21:10,15.87,21.58
9129,7/31/2022 21:20,16,21.32
9130,7/31/2022 21:30,15.83,21.02
9131,7/31/2022 21:40,15.87,20.85
9132,7/31/2022 21:50,15.87,20.72
9133,7/31/2022 22:00,15.83,20.89
9134,7/31/2022 22:10,15.78,20.98
9135,7/31/2022 22:20,15.87,20.85
9136,7/31/2022 22:30,15.78,20.85
9137,7/31/2022 22:40,15.78,20.8
9138,7/31/2022 22:50,15.74,20.8
9139,7/31/2022 23:00,15.87,20.85
9140,7/31/2022 23:10,15.66,20.89
9141,7/31/2022 23:20,15.66,20.63
9142,7/31/2022 23:30,15.61,20.63
9143,7/31/2022 23:40,15.57,20.63
9144,7/31/2022 23:50,15.61,20.68
9145,8/1/2022 0:00,15.61,20.72
9146,8/1/2022 0:10,15.53,20.72
9147,8/1/2022 0:20,15.48,20.8
9148,8/1/2022 0:30,15.57,20.68
9149,8/1/2022 0:40,15.44,20.63
9150,8/1/2022 0:50,15.44,20.59
9151,8/1/2022 1:00,15.36,20.55
9152,8/1/2022 1:10,15.4,20.55
9153,8/1/2022 1:20,15.53,20.59
9154,8/1/2022 1:30,15.48,20.5
9155,8/1/2022 1:40,15.61,20.5
9156,8/1/2022 1:50,15.4,20.46
9157,8/1/2022 2:00,15.48,20.37
9158,8/1/2022 2:10,15.53,20.37
9159,8/1/2022 2:20,15.57,20.29
9160,8/1/2022 2:30,15.57,20.29
9161,8/1/2022 2:40,15.7,20.33
9162,8/1/2022 2:50,15.44,20.29
9163,8/1/2022 3:00,15.53,20.33
9164,8/1/2022 3:10,15.48,20.33
9165,8/1/2022 3:20,15.61,20.25
9166,8/1/2022 3:30,15.48,20.29
9167,8/1/2022 3:40,15.48,20.2
9168,8/1/2022 3:50,15.44,20.2
9169,8/1/2022 4:00,15.48,20.2
9170,8/1/2022 4:10,15.31,20.16
9171,8/1/2022 4:20,15.23,20.12
9172,8/1/2022 4:30,15.27,20.07
9173,8/1/2022 4:40,15.4,19.99
9174,8/1/2022 4:50,15.27,19.99
9175,8/1/2022 5:00,15.31,19.95
9176,8/1/2022 5:10,15.27,19.95
9177,8/1/2022 5:20,15.31,19.9
9178,8/1/2022 5:30,15.23,19.82
9179,8/1/2022 5:40,15.23,19.73
9180,8/1/2022 5:50,15.36,19.73
9181,8/1/2022 6:00,15.23,19.69
9182,8/1/2022 6:10,15.1,19.6
9183,8/1/2022 6:20,15.18,19.56
9184,8/1/2022 6:30,15.01,19.52
9185,8/1/2022 6:40,15.18,19.52
9186,8/1/2022 6:50,15.01,19.47
9187,8/1/2022 7:00,15.06,19.39
9188,8/1/2022 7:10,14.97,19.39
9189,8/1/2022 7:20,14.88,19.22
9190,8/1/2022 7:30,15.01,19
9191,8/1/2022 7:40,15.06,18.92
9192,8/1/2022 7:50,15.01,18.36
9193,8/1/2022 8:00,15.01,18.36
9194,8/1/2022 8:10,15.01,18.32
9195,8/1/2022 8:20,15.06,16.39
9196,8/1/2022 8:30,15.18,15.83
9197,8/1/2022 8:40,15.18,15.83
9198,8/1/2022 8:50,15.18,15.74
9199,8/1/2022 9:00,15.31,15.87
9200,8/1/2022 9:10,15.06,15.48
9201,8/1/2022 9:20,14.97,15.57
9202,8/1/2022 9:30,15.06,15.36
9203,8/1/2022 9:40,15.1,15.61
9204,8/1/2022 9:50,15.1,15.66
9205,8/1/2022 10:00,15.23,15.91
9206,8/1/2022 10:10,15.1,15.91
9207,8/1/2022 10:20,14.97,15.87
9208,8/1/2022 10:30,14.97,15.91
9209,8/1/2022 10:40,15.1,16.13
9210,8/1/2022 10:50,15.1,16.26
9211,8/1/2022 11:00,15.01,16.21
9212,8/1/2022 11:10,15.1,16.17
9213,8/1/2022 11:20,15.23,16.3
9214,8/1/2022 11:30,15.14,18.02
9215,8/1/2022 11:40,15.14,18.53
9216,8/1/2022 11:50,15.18,18.62
9217,8/1/2022 12:00,15.23,18.7
9218,8/1/2022 12:10,15.27,18.74
9219,8/1/2022 12:20,15.36,18.87
9220,8/1/2022 12:30,15.48,19.13
9221,8/1/2022 12:40,15.78,19.26
9222,8/1/2022 12:50,15.74,19.39
9223,8/1/2022 13:00,15.83,19.52
9224,8/1/2022 13:10,16.13,19.56
9225,8/1/2022 13:20,16.39,19.86
9226,8/1/2022 13:30,16.51,19.86
9227,8/1/2022 13:40,16.9,19.95
9228,8/1/2022 13:50,17.2,20.29
9229,8/1/2022 14:00,17.41,20.42
9230,8/1/2022 14:10,17.5,20.63
9231,8/1/2022 14:20,17.59,20.68
9232,8/1/2022 14:30,17.63,20.55
9233,8/1/2022 14:40,17.37,20.5
9234,8/1/2022 14:50,17.16,20.5
9235,8/1/2022 15:00,16.9,20.46
9236,8/1/2022 15:10,17.07,20.63
9237,8/1/2022 15:20,17.29,20.68
9238,8/1/2022 15:30,17.59,20.68
9239,8/1/2022 15:40,17.76,20.72
9240,8/1/2022 15:50,17.54,20.68
9241,8/1/2022 16:00,17.41,20.59
9242,8/1/2022 16:10,17.63,20.76
9243,8/1/2022 16:20,17.93,20.8
9244,8/1/2022 16:30,18.1,20.89
9245,8/1/2022 16:40,17.89,20.89
9246,8/1/2022 16:50,18.14,21.02
9247,8/1/2022 17:00,18.1,21.06
9248,8/1/2022 17:10,18.06,21.15
9249,8/1/2022 17:20,18.1,21.28
9250,8/1/2022 17:30,17.93,21.32
9251,8/1/2022 17:40,17.76,21.32
9252,8/1/2022 17:50,18.14,21.53
9253,8/1/2022 18:00,18.27,21.7
9254,8/1/2022 18:10,18.36,21.83
9255,8/1/2022 18:20,18.44,21.92
9256,8/1/2022 18:30,18.36,21.7
9257,8/1/2022 18:40,18.02,21.4
9258,8/1/2022 18:50,17.37,21.06
9259,8/1/2022 19:00,17.16,20.98
9260,8/1/2022 19:10,16.86,20.89
9261,8/1/2022 19:20,16.86,20.8
9262,8/1/2022 19:30,16.64,20.72
9263,8/1/2022 19:40,16.56,20.63
9264,8/1/2022 19:50,16.6,20.55
9265,8/1/2022 20:00,16.56,20.5
9266,8/1/2022 20:10,16.39,20.42
9267,8/1/2022 20:20,16.39,20.37
9268,8/1/2022 20:30,16,20.29
9269,8/1/2022 20:40,15.87,20.2
9270,8/1/2022 20:50,15.7,20.12
9271,8/1/2022 21:00,15.66,20.03
9272,8/1/2022 21:10,15.44,19.99
9273,8/1/2022 21:20,15.66,19.95
9274,8/1/2022 21:30,15.31,19.9
9275,8/1/2022 21:40,15.87,19.86
9276,8/1/2022 21:50,15.78,19.82
9277,8/1/2022 22:00,15.61,19.77
9278,8/1/2022 22:10,15.61,19.77
9279,8/1/2022 22:20,15.57,19.77
9280,8/1/2022 22:30,15.4,19.73
9281,8/1/2022 22:40,15.44,19.73
9282,8/1/2022 22:50,15.14,19.69
9283,8/1/2022 23:00,15.18,19.43
9284,8/1/2022 23:10,14.97,19.3
9285,8/1/2022 23:20,14.28,19.39
9286,8/1/2022 23:30,14.15,19.47
9287,8/1/2022 23:40,13.94,19.43
9288,8/1/2022 23:50,13.77,19.56
9289,8/2/2022 0:00,13.68,19.6
9290,8/2/2022 0:10,13.34,19.52
9291,8/2/2022 0:20,13.04,19.56
9292,8/2/2022 0:30,13.08,19.56
9293,8/2/2022 0:40,13,19.56
9294,8/2/2022 0:50,13.04,19.56
9295,8/2/2022 1:00,13.04,19.3
9296,8/2/2022 1:10,12.91,19.09
9297,8/2/2022 1:20,12.91,18.92
9298,8/2/2022 1:30,13.04,19
9299,8/2/2022 1:40,12.95,19.22
9300,8/2/2022 1:50,13.04,19.35
9301,8/2/2022 2:00,13.04,19.39
9302,8/2/2022 2:10,13.08,19.39
9303,8/2/2022 2:20,13.3,19.39
9304,8/2/2022 2:30,13.17,19.39
9305,8/2/2022 2:40,13.08,19.39
9306,8/2/2022 2:50,12.78,19.35
9307,8/2/2022 3:00,12.91,19.39
9308,8/2/2022 3:10,12.74,19.39
9309,8/2/2022 3:20,12.87,19.39
9310,8/2/2022 3:30,12.65,19.39
9311,8/2/2022 3:40,12.82,19.43
9312,8/2/2022 3:50,12.48,19.3
9313,8/2/2022 4:00,12.61,19.26
9314,8/2/2022 4:10,12.61,19.3
9315,8/2/2022 4:20,12.78,19.26
9316,8/2/2022 4:30,12.18,19.3
9317,8/2/2022 4:40,12.57,19.26
9318,8/2/2022 4:50,12.57,19.26
9319,8/2/2022 5:00,12.4,19.22
9320,8/2/2022 5:10,12.7,19.26
9321,8/2/2022 5:20,12.82,19.17
9322,8/2/2022 5:30,12.48,19.13
9323,8/2/2022 5:40,12.44,19.05
9324,8/2/2022 5:50,12.31,19
9325,8/2/2022 6:00,12.4,19
9326,8/2/2022 6:10,12.44,18.92
9327,8/2/2022 6:20,12.31,18.87
9328,8/2/2022 6:30,12.4,18.83
9329,8/2/2022 6:40,12.31,18.79
9330,8/2/2022 6:50,12.44,18.7
9331,8/2/2022 7:00,12.65,18.7
9332,8/2/2022 7:10,13.38,18.74
9333,8/2/2022 7:20,13.81,18.7
9334,8/2/2022 7:30,13.98,18.7
9335,8/2/2022 7:40,14.24,18.66
9336,8/2/2022 7:50,14.54,18.74
9337,8/2/2022 8:00,14.97,18.79
9338,8/2/2022 8:10,15.36,18.79
9339,8/2/2022 8:20,15.53,18.96
9340,8/2/2022 8:30,15.57,19.05
9341,8/2/2022 8:40,15.83,19.39
9342,8/2/2022 8:50,16.21,19.39
9343,8/2/2022 9:00,16.6,17.97
9344,8/2/2022 9:10,16.69,17.89
9345,8/2/2022 9:20,16.9,18.06
9346,8/2/2022 9:30,17.24,18.66
9347,8/2/2022 9:40,17.67,19.26
9348,8/2/2022 9:50,18.1,19.77
9349,8/2/2022 10:00,18.36,20.25
9350,8/2/2022 10:10,19.09,20.72
9351,8/2/2022 10:20,19.6,21.23
9352,8/2/2022 10:30,19.9,21.58
9353,8/2/2022 10:40,19.82,21.96
9354,8/2/2022 10:50,19.9,21.88
9355,8/2/2022 11:00,19.99,22.18
9356,8/2/2022 11:10,19.99,22.52
9357,8/2/2022 11:20,19.56,22.31
9358,8/2/2022 11:30,19,25.35
9359,8/2/2022 11:40,19.13,26.38
9360,8/2/2022 11:50,19.22,25.74
9361,8/2/2022 12:00,19.56,24.84
9362,8/2/2022 12:10,20.33,24.02
9363,8/2/2022 12:20,20.46,23.42
9364,8/2/2022 12:30,20.55,22.99
9365,8/2/2022 12:40,20.16,22.73
9366,8/2/2022 12:50,20.07,22.31
9367,8/2/2022 13:00,19.95,22.05
9368,8/2/2022 13:10,20.2,22.05
9369,8/2/2022 13:20,19.86,22.13
9370,8/2/2022 13:30,19.73,22.13
9371,8/2/2022 13:40,19.52,22.18
9372,8/2/2022 13:50,19.35,22.18
9373,8/2/2022 14:00,18.74,22.13
9374,8/2/2022 14:10,18.53,22.05
9375,8/2/2022 14:20,18.36,22.05
9376,8/2/2022 14:30,18.49,22.01
9377,8/2/2022 14:40,18.44,21.96
9378,8/2/2022 14:50,18.02,21.88
9379,8/2/2022 15:00,17.93,21.96
9380,8/2/2022 15:10,17.89,21.96
9381,8/2/2022 15:20,17.8,22.13
9382,8/2/2022 15:30,17.29,22.18
9383,8/2/2022 15:40,17.16,22.18
9384,8/2/2022 15:50,17.07,22.18
9385,8/2/2022 16:00,16.86,22.13
9386,8/2/2022 16:10,16.9,22.18
9387,8/2/2022 16:20,16.69,22.09
9388,8/2/2022 16:30,16.73,21.96
9389,8/2/2022 16:40,16.73,21.96
9390,8/2/2022 16:50,16.9,21.92
9391,8/2/2022 17:00,16.69,21.92
9392,8/2/2022 17:10,16.77,22.01
9393,8/2/2022 17:20,16.9,21.88
9394,8/2/2022 17:30,17.29,21.92
9395,8/2/2022 17:40,17.54,22.05
9396,8/2/2022 17:50,17.59,22.69
9397,8/2/2022 18:00,17.5,22.91
9398,8/2/2022 18:10,17.2,23.16
9399,8/2/2022 18:20,17.2,23.42
9400,8/2/2022 18:30,16.73,23.55
9401,8/2/2022 18:40,16.43,23.59
9402,8/2/2022 18:50,16.21,23.38
9403,8/2/2022 19:00,16.08,23.76
9404,8/2/2022 19:10,15.87,23.46
9405,8/2/2022 19:20,15.7,23.08
9406,8/2/2022 19:30,15.74,22.43
9407,8/2/2022 19:40,15.61,22.22
9408,8/2/2022 19:50,15.53,22.09
9409,8/2/2022 20:00,15.31,21.58
9410,8/2/2022 20:10,15.18,21.28
9411,8/2/2022 20:20,15.06,21.19
9412,8/2/2022 20:30,15.06,21.02
9413,8/2/2022 20:40,15.06,20.98
9414,8/2/2022 20:50,15.01,20.89
9415,8/2/2022 21:00,14.88,20.85
9416,8/2/2022 21:10,14.84,20.93
9417,8/2/2022 21:20,14.8,21.15
9418,8/2/2022 21:30,14.71,21.28
9419,8/2/2022 21:40,14.67,21.28
9420,8/2/2022 21:50,14.63,21.23
9421,8/2/2022 22:00,14.58,21.15
9422,8/2/2022 22:10,14.63,21.06
9423,8/2/2022 22:20,14.67,20.89
9424,8/2/2022 22:30,14.45,20.93
9425,8/2/2022 22:40,14.45,20.89
9426,8/2/2022 22:50,14.63,20.72
9427,8/2/2022 23:00,14.54,20.63
9428,8/2/2022 23:10,14.45,20.55
9429,8/2/2022 23:20,14.5,20.5
9430,8/2/2022 23:30,14.54,20.63
9431,8/2/2022 23:40,14.41,20.5
9432,8/2/2022 23:50,14.41,20.42
9433,8/3/2022 0:00,14.71,20.42
9434,8/3/2022 0:10,14.5,20.46
9435,8/3/2022 0:20,14.54,20.42
9436,8/3/2022 0:30,14.71,20.42
9437,8/3/2022 0:40,14.67,20.42
9438,8/3/2022 0:50,14.54,20.46
9439,8/3/2022 1:00,14.45,20.46
9440,8/3/2022 1:10,14.2,20.37
9441,8/3/2022 1:20,14.45,20.25
9442,8/3/2022 1:30,14.41,20.33
9443,8/3/2022 1:40,14.41,20.37
9444,8/3/2022 1:50,14.37,20.33
9445,8/3/2022 2:00,14.41,20.37
9446,8/3/2022 2:10,14.54,20.37
9447,8/3/2022 2:20,14.5,20.29
9448,8/3/2022 2:30,14.5,20.37
9449,8/3/2022 2:40,14.58,20.37
9450,8/3/2022 2:50,14.75,20.33
9451,8/3/2022 3:00,14.71,20.25
9452,8/3/2022 3:10,14.67,20.12
9453,8/3/2022 3:20,14.67,20.25
9454,8/3/2022 3:30,14.63,20.2
9455,8/3/2022 3:40,14.41,20.25
9456,8/3/2022 3:50,14.41,20.2
9457,8/3/2022 4:00,14.58,20.16
9458,8/3/2022 4:10,14.24,20.12
9459,8/3/2022 4:20,14.24,20.16
9460,8/3/2022 4:30,14.15,20.2
9461,8/3/2022 4:40,14.11,20.16
9462,8/3/2022 4:50,14.2,20.12
9463,8/3/2022 5:00,14.2,20.07
9464,8/3/2022 5:10,14.28,20.03
9465,8/3/2022 5:20,14.03,19.9
9466,8/3/2022 5:30,14.15,19.86
9467,8/3/2022 5:40,14.2,19.82
9468,8/3/2022 5:50,14.28,19.82
9469,8/3/2022 6:00,14.03,19.82
9470,8/3/2022 6:10,14.07,19.82
9471,8/3/2022 6:20,14.07,19.82
9472,8/3/2022 6:30,13.94,19.69
9473,8/3/2022 6:40,13.9,19.69
9474,8/3/2022 6:50,13.94,19.65
9475,8/3/2022 7:00,13.77,19.65
9476,8/3/2022 7:10,13.68,19.56
9477,8/3/2022 7:20,13.9,19.56
9478,8/3/2022 7:30,13.94,19.56
9479,8/3/2022 7:40,14.07,19.47
9480,8/3/2022 7:50,14.15,19.47
9481,8/3/2022 8:00,14.11,19.39
9482,8/3/2022 8:10,14.07,19.39
9483,8/3/2022 8:20,14.03,19.35
9484,8/3/2022 8:30,14.24,19.39
9485,8/3/2022 8:40,14.2,19.3
9486,8/3/2022 8:50,14.2,19.22
9487,8/3/2022 9:00,14.33,19.3
9488,8/3/2022 9:10,14.37,19.13
9489,8/3/2022 9:20,14.45,19.22
9490,8/3/2022 9:30,14.71,19.35
9491,8/3/2022 9:40,14.58,19.47
9492,8/3/2022 9:50,14.67,20.07
9493,8/3/2022 10:00,14.88,21.1
9494,8/3/2022 10:10,15.06,22.18
9495,8/3/2022 10:20,15.18,22.56
9496,8/3/2022 10:30,15.48,21.45
9497,8/3/2022 10:40,15.87,21.06
9498,8/3/2022 10:50,16.6,21.92
9499,8/3/2022 11:00,16.43,25.05
9500,8/3/2022 11:10,16.64,25.82
9501,8/3/2022 11:20,16.99,25.87
9502,8/3/2022 11:30,16.94,26.34
9503,8/3/2022 11:40,16.86,25.78
9504,8/3/2022 11:50,16.99,25.14
9505,8/3/2022 12:00,16.64,24.06
9506,8/3/2022 12:10,16.13,23.51
9507,8/3/2022 12:20,15.96,23.46
9508,8/3/2022 12:30,16,23.42
9509,8/3/2022 12:40,16.26,23.64
9510,8/3/2022 12:50,16.56,23.51
9511,8/3/2022 13:00,16.51,23.72
9512,8/3/2022 13:10,16.43,24.11
9513,8/3/2022 13:20,16.26,24.36
9514,8/3/2022 13:30,16.34,24.24
9515,8/3/2022 13:40,16.08,23.76
9516,8/3/2022 13:50,16,23.59
9517,8/3/2022 14:00,16.17,23.51
9518,8/3/2022 14:10,16.17,23.38
9519,8/3/2022 14:20,16.08,22.73
9520,8/3/2022 14:30,16.21,22.22
9521,8/3/2022 14:40,16.08,22.05
9522,8/3/2022 14:50,16.26,22.01
9523,8/3/2022 15:00,16.47,22.01
9524,8/3/2022 15:10,16.51,21.96
9525,8/3/2022 15:20,16.51,22.01
9526,8/3/2022 15:30,16.51,21.92
9527,8/3/2022 15:40,16.56,22.01
9528,8/3/2022 15:50,16.64,22.01
9529,8/3/2022 16:00,16.34,21.92
9530,8/3/2022 16:10,16.39,22.01
9531,8/3/2022 16:20,16.64,22.05
9532,8/3/2022 16:30,16.77,22.05
9533,8/3/2022 16:40,16.9,22.01
9534,8/3/2022 16:50,16.73,22.18
9535,8/3/2022 17:00,16.69,22.22
9536,8/3/2022 17:10,16.43,22.18
9537,8/3/2022 17:20,16.26,22.18
9538,8/3/2022 17:30,16.13,22.13
9539,8/3/2022 17:40,16,22.09
9540,8/3/2022 17:50,15.96,22.05
9541,8/3/2022 18:00,15.83,22.05
9542,8/3/2022 18:10,15.83,22.01
9543,8/3/2022 18:20,15.78,22.22
9544,8/3/2022 18:30,15.66,22.61
9545,8/3/2022 18:40,15.66,22.65
9546,8/3/2022 18:50,15.61,22.78
9547,8/3/2022 19:00,15.78,22.91
9548,8/3/2022 19:10,16.3,23.12
9549,8/3/2022 19:20,16.34,22.48
9550,8/3/2022 19:30,16.56,22.52
9551,8/3/2022 19:40,16.43,22.52
9552,8/3/2022 19:50,16.43,22.18
9553,8/3/2022 20:00,16.17,21.96
9554,8/3/2022 20:10,15.87,21.88
9555,8/3/2022 20:20,15.78,21.92
9556,8/3/2022 20:30,15.74,21.88
9557,8/3/2022 20:40,15.66,21.7
9558,8/3/2022 20:50,15.57,21.79
9559,8/3/2022 21:00,15.53,21.75
9560,8/3/2022 21:10,15.44,21.62
9561,8/3/2022 21:20,15.48,21.53
9562,8/3/2022 21:30,15.57,21.45
9563,8/3/2022 21:40,15.78,21.4
9564,8/3/2022 21:50,15.74,21.32
9565,8/3/2022 22:00,15.7,21.32
9566,8/3/2022 22:10,15.53,21.28
9567,8/3/2022 22:20,15.57,21.23
9568,8/3/2022 22:30,15.57,21.15
9569,8/3/2022 22:40,15.44,21.23
9570,8/3/2022 22:50,15.61,21.28
9571,8/3/2022 23:00,15.61,21.36
9572,8/3/2022 23:10,14.58,21.36
9573,8/3/2022 23:20,14.28,21.36
9574,8/3/2022 23:30,14.24,21.19
9575,8/3/2022 23:40,14.07,20.85
9576,8/3/2022 23:50,13.85,20.63
9577,8/4/2022 0:00,13.98,20.5
9578,8/4/2022 0:10,13.77,20.63
9579,8/4/2022 0:20,13.68,20.85
9580,8/4/2022 0:30,13.34,20.93
9581,8/4/2022 0:40,13.81,20.76
9582,8/4/2022 0:50,13.81,20.63
9583,8/4/2022 1:00,13.6,20.59
9584,8/4/2022 1:10,15.31,20.55
9585,8/4/2022 1:20,15.31,20.63
9586,8/4/2022 1:30,15.06,20.59
9587,8/4/2022 1:40,14.54,20.33
9588,8/4/2022 1:50,14.15,19.9
9589,8/4/2022 2:00,13.9,19.95
9590,8/4/2022 2:10,13.81,20.16
9591,8/4/2022 2:20,13.77,20.2
9592,8/4/2022 2:30,13.64,20.16
9593,8/4/2022 2:40,13.38,20.33
9594,8/4/2022 2:50,13.38,20.37
9595,8/4/2022 3:00,13.08,20.42
9596,8/4/2022 3:10,13.25,20.46
9597,8/4/2022 3:20,13.12,20.5
9598,8/4/2022 3:30,12.91,20.5
9599,8/4/2022 3:40,13.04,20.5
9600,8/4/2022 3:50,13.12,20.5
9601,8/4/2022 4:00,13.21,20.42
9602,8/4/2022 4:10,13.3,20.33
9603,8/4/2022 4:20,13.21,20.25
9604,8/4/2022 4:30,13,20.25
9605,8/4/2022 4:40,13.17,20.25
9606,8/4/2022 4:50,13.08,20.29
9607,8/4/2022 5:00,13.08,20.33
9608,8/4/2022 5:10,13.12,20.37
9609,8/4/2022 5:20,13.3,20.42
9610,8/4/2022 5:30,13.38,20.42
9611,8/4/2022 5:40,13.55,20.42
9612,8/4/2022 5:50,13.55,20.46
9613,8/4/2022 6:00,13.6,20.37
9614,8/4/2022 6:10,13.68,20.33
9615,8/4/2022 6:20,13.68,20.25
9616,8/4/2022 6:30,13.81,20.2
9617,8/4/2022 6:40,13.94,20.2
9618,8/4/2022 6:50,13.98,20.2
9619,8/4/2022 7:00,14.37,20.07
9620,8/4/2022 7:10,14.58,20.03
9621,8/4/2022 7:20,14.88,19.9
9622,8/4/2022 7:30,15.27,19.99
9623,8/4/2022 7:40,15.44,19.95
9624,8/4/2022 7:50,15.87,19.99
9625,8/4/2022 8:00,16.04,19.95
9626,8/4/2022 8:10,16.17,19.95
9627,8/4/2022 8:20,16.34,19.99
9628,8/4/2022 8:30,16.34,19.9
9629,8/4/2022 8:40,16.6,20.03
9630,8/4/2022 8:50,16.9,20.03
9631,8/4/2022 9:00,17.24,20.03
9632,8/4/2022 9:10,17.33,20.12
9633,8/4/2022 9:20,17.54,20.29
9634,8/4/2022 9:30,17.59,20.37
9635,8/4/2022 9:40,17.76,20.63
9636,8/4/2022 9:50,17.63,20.72
9637,8/4/2022 10:00,17.67,20.85
9638,8/4/2022 10:10,18.02,21.1
9639,8/4/2022 10:20,18.23,21.4
9640,8/4/2022 10:30,18.57,21.83
9641,8/4/2022 10:40,18.57,22.13
9642,8/4/2022 10:50,18.57,22.61
9643,8/4/2022 11:00,18.96,22.91
9644,8/4/2022 11:10,19.17,23.08
9645,8/4/2022 11:20,19.26,23.16
9646,8/4/2022 11:30,19.6,23.68
9647,8/4/2022 11:40,19.69,23.94
9648,8/4/2022 11:50,19.47,24.06
9649,8/4/2022 12:00,19.86,24.15
9650,8/4/2022 12:10,20.29,24.02
9651,8/4/2022 12:20,20.63,23.89
9652,8/4/2022 12:30,20.63,23.89
9653,8/4/2022 12:40,20.8,23.85
9654,8/4/2022 12:50,20.93,23.94
9655,8/4/2022 13:00,20.68,24.11
9656,8/4/2022 13:10,20.85,24.28
9657,8/4/2022 13:20,20.8,24.15
9658,8/4/2022 13:30,20.37,24.19
9659,8/4/2022 13:40,20.42,24.02
9660,8/4/2022 13:50,20.55,23.89
9661,8/4/2022 14:00,20.63,23.59
9662,8/4/2022 14:10,20.63,23.38
9663,8/4/2022 14:20,20.59,23.38
9664,8/4/2022 14:30,20.55,23.59
9665,8/4/2022 14:40,20.89,23.46
9666,8/4/2022 14:50,20.29,22.95
9667,8/4/2022 15:00,20.42,22.91
9668,8/4/2022 15:10,20.33,22.91
9669,8/4/2022 15:20,20.16,22.82
9670,8/4/2022 15:30,20.2,22.91
9671,8/4/2022 15:40,20.03,22.86
9672,8/4/2022 15:50,20.25,22.86
9673,8/4/2022 16:00,20.29,22.86
9674,8/4/2022 16:10,20.12,22.91
9675,8/4/2022 16:20,19.82,22.91
9676,8/4/2022 16:30,19.65,22.78
9677,8/4/2022 16:40,19.6,22.78
9678,8/4/2022 16:50,19.47,22.65
9679,8/4/2022 17:00,19.3,22.52
9680,8/4/2022 17:10,19.09,22.43
9681,8/4/2022 17:20,18.87,22.43
9682,8/4/2022 17:30,18.7,22.39
9683,8/4/2022 17:40,18.79,22.43
9684,8/4/2022 17:50,18.74,22.35
9685,8/4/2022 18:00,18.53,22.26
9686,8/4/2022 18:10,18.14,22.26
9687,8/4/2022 18:20,18.02,22.22
9688,8/4/2022 18:30,17.93,22.35
9689,8/4/2022 18:40,17.93,22.52
9690,8/4/2022 18:50,17.63,22.48
9691,8/4/2022 19:00,17.37,22.48
9692,8/4/2022 19:10,17.33,22.39
9693,8/4/2022 19:20,17.2,22.26
9694,8/4/2022 19:30,17.07,22.35
9695,8/4/2022 19:40,17.16,22.22
9696,8/4/2022 19:50,16.86,22.26
9697,8/4/2022 20:00,16.69,22.26
9698,8/4/2022 20:10,16.86,22.26
9699,8/4/2022 20:20,16.73,22.26
9700,8/4/2022 20:30,16.56,22.35
9701,8/4/2022 20:40,16.73,22.35
9702,8/4/2022 20:50,16.69,22.35
9703,8/4/2022 21:00,16.64,22.35
9704,8/4/2022 21:10,16.73,22.31
9705,8/4/2022 21:20,16.6,22.26
9706,8/4/2022 21:30,16.56,22.22
9707,8/4/2022 21:40,16.51,22.13
9708,8/4/2022 21:50,16.3,22.09
9709,8/4/2022 22:00,16.39,22.01
9710,8/4/2022 22:10,16.34,22.09
9711,8/4/2022 22:20,16.34,22.13
9712,8/4/2022 22:30,16.39,22.09
9713,8/4/2022 22:40,16.34,22.05
9714,8/4/2022 22:50,16.17,21.92
9715,8/4/2022 23:00,16.08,21.92
9716,8/4/2022 23:10,15.91,21.92
9717,8/4/2022 23:20,15.83,21.79
9718,8/4/2022 23:30,15.96,21.7
9719,8/4/2022 23:40,15.96,21.62
9720,8/4/2022 23:50,15.91,21.49
9721,8/5/2022 0:00,15.96,21.45
9722,8/5/2022 0:10,15.96,21.45
9723,8/5/2022 0:20,16.04,21.28
9724,8/5/2022 0:30,16,21.19
9725,8/5/2022 0:40,16.08,21.15
9726,8/5/2022 0:50,16.26,21.02
9727,8/5/2022 1:00,16.26,20.93
9728,8/5/2022 1:10,16.34,20.89
9729,8/5/2022 1:20,16.39,20.8
9730,8/5/2022 1:30,16.39,20.85
9731,8/5/2022 1:40,16.34,20.93
9732,8/5/2022 1:50,16.26,21.06
9733,8/5/2022 2:00,16.34,21.1
9734,8/5/2022 2:10,16.47,21.02
9735,8/5/2022 2:20,16.43,21.23
9736,8/5/2022 2:30,16.39,21.36
9737,8/5/2022 2:40,16.43,21.49
9738,8/5/2022 2:50,16.43,21.53
9739,8/5/2022 3:00,16.51,21.58
9740,8/5/2022 3:10,16.3,21.66
9741,8/5/2022 3:20,16.47,21.53
9742,8/5/2022 3:30,16.39,21.32
9743,8/5/2022 3:40,16.34,21.15
9744,8/5/2022 3:50,16.43,21.23
9745,8/5/2022 4:00,16.26,21.32
9746,8/5/2022 4:10,16.3,21.45
9747,8/5/2022 4:20,16.3,21.4
9748,8/5/2022 4:30,16.47,21.23
9749,8/5/2022 4:40,16.43,21.28
9750,8/5/2022 4:50,16.39,21.15
9751,8/5/2022 5:00,16.43,21.19
9752,8/5/2022 5:10,16.47,21.28
9753,8/5/2022 5:20,16.47,21.23
9754,8/5/2022 5:30,16.47,21.19
9755,8/5/2022 5:40,16.47,21.19
9756,8/5/2022 5:50,16.51,21.15
9757,8/5/2022 6:00,16.43,21.19
9758,8/5/2022 6:10,16.47,21.15
9759,8/5/2022 6:20,16.51,21.15
9760,8/5/2022 6:30,16.39,21.23
9761,8/5/2022 6:40,16.39,21.28
9762,8/5/2022 6:50,16.47,21.28
9763,8/5/2022 7:00,16.43,21.28
9764,8/5/2022 7:10,16.51,21.28
9765,8/5/2022 7:20,16.64,21.19
9766,8/5/2022 7:30,16.56,21.19
9767,8/5/2022 7:40,16.6,21.15
9768,8/5/2022 7:50,16.69,21.15
9769,8/5/2022 8:00,16.81,21.15
9770,8/5/2022 8:10,16.9,21.15
9771,8/5/2022 8:20,16.99,21.19
9772,8/5/2022 8:30,16.9,21.19
9773,8/5/2022 8:40,17.03,21.19
9774,8/5/2022 8:50,17.03,21.15
9775,8/5/2022 9:00,17.16,21.1
9776,8/5/2022 9:10,17.37,21.15
9777,8/5/2022 9:20,17.5,21.15
9778,8/5/2022 9:30,17.41,21.19
9779,8/5/2022 9:40,17.67,21.23
9780,8/5/2022 9:50,17.76,21.36
9781,8/5/2022 10:00,17.89,21.36
9782,8/5/2022 10:10,18.02,21.4
9783,8/5/2022 10:20,18.06,21.45
9784,8/5/2022 10:30,18.27,21.49
9785,8/5/2022 10:40,18.36,21.62
9786,8/5/2022 10:50,18.49,21.75
9787,8/5/2022 11:00,18.53,21.75
9788,8/5/2022 11:10,18.57,21.83
9789,8/5/2022 11:20,18.79,21.96
9790,8/5/2022 11:30,18.79,22.05
9791,8/5/2022 11:40,18.96,22.13
9792,8/5/2022 11:50,18.79,22.26
9793,8/5/2022 12:00,18.7,22.39
9794,8/5/2022 12:10,19.09,22.61
9795,8/5/2022 12:20,19.05,22.73
9796,8/5/2022 12:30,19.39,22.82
9797,8/5/2022 12:40,19.39,22.82
9798,8/5/2022 12:50,19.43,22.82
9799,8/5/2022 13:00,19.86,22.99
9800,8/5/2022 13:10,19.52,23.25
9801,8/5/2022 13:20,19.43,23.34
9802,8/5/2022 13:30,20.07,23.64
9803,8/5/2022 13:40,19.86,23.85
9804,8/5/2022 13:50,19.65,23.76
9805,8/5/2022 14:00,19.52,23.81
9806,8/5/2022 14:10,19.6,23.68
9807,8/5/2022 14:20,19.52,23.55
9808,8/5/2022 14:30,19.43,23.68
9809,8/5/2022 14:40,19.43,23.68
9810,8/5/2022 14:50,19.39,23.72
9811,8/5/2022 15:00,19.3,23.59
9812,8/5/2022 15:10,19.09,23.16
9813,8/5/2022 15:20,19.26,23.03
9814,8/5/2022 15:30,19.26,22.78
9815,8/5/2022 15:40,19.39,22.65
9816,8/5/2022 15:50,19.39,22.61
9817,8/5/2022 16:00,19.3,22.61
9818,8/5/2022 16:10,19.43,22.56
9819,8/5/2022 16:20,19.35,22.35
9820,8/5/2022 16:30,19.26,22.31
9821,8/5/2022 16:40,19.3,22.22
9822,8/5/2022 16:50,19.47,22.22
9823,8/5/2022 17:00,19.6,22.35
9824,8/5/2022 17:10,19.95,22.26
9825,8/5/2022 17:20,19.77,22.26
9826,8/5/2022 17:30,19.73,22.31
9827,8/5/2022 17:40,19.95,22.22
9828,8/5/2022 17:50,20.25,22.22
9829,8/5/2022 18:00,20.12,22.18
9830,8/5/2022 18:10,19.95,22.18
9831,8/5/2022 18:20,19.43,22.13
9832,8/5/2022 18:30,19.13,22.13
9833,8/5/2022 18:40,19.17,22.22
9834,8/5/2022 18:50,19,22.22
9835,8/5/2022 19:00,18.92,22.18
9836,8/5/2022 19:10,18.79,22.22
9837,8/5/2022 19:20,18.66,22.26
9838,8/5/2022 19:30,18.53,22.26
9839,8/5/2022 19:40,18.44,22.22
9840,8/5/2022 19:50,18.32,22.18
9841,8/5/2022 20:00,18.27,22.26
9842,8/5/2022 20:10,18.1,22.26
9843,8/5/2022 20:20,18.1,22.26
9844,8/5/2022 20:30,18.02,22.22
9845,8/5/2022 20:40,17.93,22.18
9846,8/5/2022 20:50,17.89,22.09
9847,8/5/2022 21:00,17.76,22.13
9848,8/5/2022 21:10,17.67,22.18
9849,8/5/2022 21:20,17.76,22.13
9850,8/5/2022 21:30,17.72,22.13
9851,8/5/2022 21:40,17.72,22.18
9852,8/5/2022 21:50,17.59,22.22
9853,8/5/2022 22:00,17.63,22.22
9854,8/5/2022 22:10,17.63,22.22
9855,8/5/2022 22:20,17.54,22.18
9856,8/5/2022 22:30,17.54,22.18
9857,8/5/2022 22:40,17.54,22.18
9858,8/5/2022 22:50,17.37,22.13
9859,8/5/2022 23:00,17.37,22.09
9860,8/5/2022 23:10,17.24,22.05
9861,8/5/2022 23:20,17.16,21.96
9862,8/5/2022 23:30,17.24,21.92
9863,8/5/2022 23:40,17.24,21.83
9864,8/5/2022 23:50,17.24,21.7
9865,8/6/2022 0:00,17.2,21.66
9866,8/6/2022 0:10,17.11,21.62
9867,8/6/2022 0:20,16.94,21.58
9868,8/6/2022 0:30,16.77,21.4
9869,8/6/2022 0:40,16.64,21.32
9870,8/6/2022 0:50,16.69,21.28
9871,8/6/2022 1:00,16.43,21.06
9872,8/6/2022 1:10,16.39,20.98
9873,8/6/2022 1:20,16.3,20.76
9874,8/6/2022 1:30,16.17,20.42
9875,8/6/2022 1:40,16.17,18.92
9876,8/6/2022 1:50,16.13,17.33
9877,8/6/2022 2:00,16.13,16.81
9878,8/6/2022 2:10,16.17,16.47
9879,8/6/2022 2:20,16.13,16.34
9880,8/6/2022 2:30,16.04,16.3
9881,8/6/2022 2:40,16.04,16.39
9882,8/6/2022 2:50,16.04,16.47
9883,8/6/2022 3:00,16.04,16.39
9884,8/6/2022 3:10,16.08,16.64
9885,8/6/2022 3:20,16.04,18.92
9886,8/6/2022 3:30,15.96,19.82
9887,8/6/2022 3:40,16,20.12
9888,8/6/2022 3:50,16.04,20.29
9889,8/6/2022 4:00,16.04,20.5
9890,8/6/2022 4:10,16.04,20.59
9891,8/6/2022 4:20,16.08,20.72
9892,8/6/2022 4:30,16.08,20.55
9893,8/6/2022 4:40,16.08,20.76
9894,8/6/2022 4:50,16.08,20.89
9895,8/6/2022 5:00,16.13,20.85
9896,8/6/2022 5:10,16.08,20.93
9897,8/6/2022 5:20,16.08,20.46
9898,8/6/2022 5:30,16.13,20.33
9899,8/6/2022 5:40,16.21,20.63
9900,8/6/2022 5:50,16.17,20.59
9901,8/6/2022 6:00,16.26,20.5
9902,8/6/2022 6:10,16.17,20.5
9903,8/6/2022 6:20,16.17,20.63
9904,8/6/2022 6:30,16.21,20.59
9905,8/6/2022 6:40,16.21,20.68
9906,8/6/2022 6:50,16.26,20.76
9907,8/6/2022 7:00,16.26,20.85
9908,8/6/2022 7:10,16.34,20.89
9909,8/6/2022 7:20,16.39,20.89
9910,8/6/2022 7:30,16.39,20.89
9911,8/6/2022 7:40,16.56,20.89
9912,8/6/2022 7:50,16.6,20.93
9913,8/6/2022 8:00,16.73,20.98
9914,8/6/2022 8:10,16.77,20.98
9915,8/6/2022 8:20,16.94,20.98
9916,8/6/2022 8:30,17.16,20.98
9917,8/6/2022 8:40,17.24,21.02
9918,8/6/2022 8:50,17.33,21.06
9919,8/6/2022 9:00,17.37,21.06
9920,8/6/2022 9:10,17.46,21.02
9921,8/6/2022 9:20,17.54,21.06
9922,8/6/2022 9:30,17.63,21.06
9923,8/6/2022 9:40,17.72,21.1
9924,8/6/2022 9:50,17.8,21.15
9925,8/6/2022 10:00,17.8,21.1
9926,8/6/2022 10:10,17.84,21.15
9927,8/6/2022 10:20,17.84,21.19
9928,8/6/2022 10:30,17.97,21.23
9929,8/6/2022 10:40,17.97,21.28
9930,8/6/2022 10:50,17.97,21.36
9931,8/6/2022 11:00,18.14,21.32
9932,8/6/2022 11:10,18.06,21.36
9933,8/6/2022 11:20,18.06,21.32
9934,8/6/2022 11:30,18.14,21.36
9935,8/6/2022 11:40,18.19,21.45
9936,8/6/2022 11:50,18.32,21.53
9937,8/6/2022 12:00,18.27,21.58
9938,8/6/2022 12:10,18.44,21.66
9939,8/6/2022 12:20,18.49,21.83
9940,8/6/2022 12:30,18.62,21.96
9941,8/6/2022 12:40,18.83,22.05
9942,8/6/2022 12:50,19.17,22.31
9943,8/6/2022 13:00,19.22,22.39
9944,8/6/2022 13:10,19.3,22.43
9945,8/6/2022 13:20,19.43,22.52
9946,8/6/2022 13:30,19.47,22.69
9947,8/6/2022 13:40,19.65,22.95
9948,8/6/2022 13:50,19.73,23.16
9949,8/6/2022 14:00,19.73,23.25
9950,8/6/2022 14:10,19.82,23.42
9951,8/6/2022 14:20,19.9,23.55
9952,8/6/2022 14:30,20.03,23.64
9953,8/6/2022 14:40,19.95,23.59
9954,8/6/2022 14:50,20.16,23.72
9955,8/6/2022 15:00,20.07,23.72
9956,8/6/2022 15:10,20.03,23.72
9957,8/6/2022 15:20,19.95,23.64
9958,8/6/2022 15:30,20.03,23.68
9959,8/6/2022 15:40,20.2,23.64
9960,8/6/2022 15:50,20.07,23.76
9961,8/6/2022 16:00,20.07,23.64
9962,8/6/2022 16:10,20.12,23.29
9963,8/6/2022 16:20,19.95,23.16
9964,8/6/2022 16:30,19.9,23.16
9965,8/6/2022 16:40,19.95,23.12
9966,8/6/2022 16:50,20.03,22.99
9967,8/6/2022 17:00,19.9,22.86
9968,8/6/2022 17:10,19.95,22.86
9969,8/6/2022 17:20,19.99,22.82
9970,8/6/2022 17:30,19.99,22.91
9971,8/6/2022 17:40,20.12,22.86
9972,8/6/2022 17:50,20.03,22.78
9973,8/6/2022 18:00,19.95,22.82
9974,8/6/2022 18:10,20.07,22.78
9975,8/6/2022 18:20,20.07,22.86
9976,8/6/2022 18:30,20.16,22.82
9977,8/6/2022 18:40,20.33,22.82
9978,8/6/2022 18:50,22.26,22.69
9979,8/6/2022 19:00,22.56,22.69
9980,8/6/2022 19:10,22.52,22.73
9981,8/6/2022 19:20,21.7,22.69
9982,8/6/2022 19:30,19.95,22.65
9983,8/6/2022 19:40,18.79,22.61
9984,8/6/2022 19:50,18.49,22.61
9985,8/6/2022 20:00,17.8,22.56
9986,8/6/2022 20:10,17.67,22.61
9987,8/6/2022 20:20,17.5,22.56
9988,8/6/2022 20:30,17.5,22.73
9989,8/6/2022 20:40,17.37,22.65
9990,8/6/2022 20:50,17.41,22.43
9991,8/6/2022 21:00,17.24,22.31
9992,8/6/2022 21:10,17.11,22.26
9993,8/6/2022 21:20,16.56,22.18
9994,8/6/2022 21:30,15.4,22.09
9995,8/6/2022 21:40,15.01,22.09
9996,8/6/2022 21:50,14.8,22.05
9997,8/6/2022 22:00,14.63,22.09
9998,8/6/2022 22:10,14.5,22.13
9999,8/6/2022 22:20,14.28,22.05
10000,8/6/2022 22:30,14.11,22.01
10001,8/6/2022 22:40,14.07,22.01
10002,8/6/2022 22:50,13.9,22.01
10003,8/6/2022 23:00,13.81,21.92
10004,8/6/2022 23:10,13.77,21.88
10005,8/6/2022 23:20,13.38,21.88
10006,8/6/2022 23:30,13.98,21.83
10007,8/6/2022 23:40,14.15,21.75
10008,8/6/2022 23:50,13.55,21.7
10009,8/7/2022 0:00,13.47,21.66
10010,8/7/2022 0:10,12.87,21.62
10011,8/7/2022 0:20,13.12,21.58
10012,8/7/2022 0:30,12.95,21.4
10013,8/7/2022 0:40,13.3,21.32
10014,8/7/2022 0:50,13.25,21.23
10015,8/7/2022 1:00,13.43,21.15
10016,8/7/2022 1:10,13.43,21.02
10017,8/7/2022 1:20,13.21,20.85
10018,8/7/2022 1:30,13.6,20.72
10019,8/7/2022 1:40,13.9,20.59
10020,8/7/2022 1:50,14.15,20.37
10021,8/7/2022 2:00,14.15,19.95
10022,8/7/2022 2:10,14.58,17.76
10023,8/7/2022 2:20,15.4,16.26
10024,8/7/2022 2:30,15.06,15.44
10025,8/7/2022 2:40,15.27,15.7
10026,8/7/2022 2:50,15.44,16.17
10027,8/7/2022 3:00,16.04,16.47
10028,8/7/2022 3:10,16,16.51
10029,8/7/2022 3:20,15.96,16.47
10030,8/7/2022 3:30,16.08,16.39
10031,8/7/2022 3:40,16.17,16.34
10032,8/7/2022 3:50,16.13,16.34
10033,8/7/2022 4:00,16.3,16.26
10034,8/7/2022 4:10,16.13,16.17
10035,8/7/2022 4:20,16.17,16.17
10036,8/7/2022 4:30,16.34,16.17
10037,8/7/2022 4:40,16.26,15.96
10038,8/7/2022 4:50,16.34,15.91
10039,8/7/2022 5:00,16.3,16.17
10040,8/7/2022 5:10,16.3,17.29
10041,8/7/2022 5:20,16.34,18.57
10042,8/7/2022 5:30,16.39,18.96
10043,8/7/2022 5:40,16.43,18.96
10044,8/7/2022 5:50,16.34,19.26
10045,8/7/2022 6:00,16.51,19.69
10046,8/7/2022 6:10,16.56,19.99
10047,8/7/2022 6:20,16.6,20.16
10048,8/7/2022 6:30,16.51,20.25
10049,8/7/2022 6:40,16.47,20.37
10050,8/7/2022 6:50,16.56,20.12
10051,8/7/2022 7:00,16.51,19.82
10052,8/7/2022 7:10,16.51,20.07
10053,8/7/2022 7:20,16.56,19.99
10054,8/7/2022 7:30,16.51,20.12
10055,8/7/2022 7:40,16.64,20.16
10056,8/7/2022 7:50,16.77,20.29
10057,8/7/2022 8:00,16.77,20.68
10058,8/7/2022 8:10,16.73,20.76
10059,8/7/2022 8:20,16.86,20.93
10060,8/7/2022 8:30,16.73,20.93
10061,8/7/2022 8:40,16.86,20.98
10062,8/7/2022 8:50,16.99,21.06
10063,8/7/2022 9:00,17.07,21.06
10064,8/7/2022 9:10,17.03,21.15
10065,8/7/2022 9:20,17.07,21.23
10066,8/7/2022 9:30,17.11,21.23
10067,8/7/2022 9:40,17.2,21.32
10068,8/7/2022 9:50,17.2,21.36
10069,8/7/2022 10:00,17.2,21.4
10070,8/7/2022 10:10,17.24,21.45
10071,8/7/2022 10:20,17.37,21.53
10072,8/7/2022 10:30,17.29,21.45
10073,8/7/2022 10:40,17.46,21.58
10074,8/7/2022 10:50,17.41,21.66
10075,8/7/2022 11:00,17.41,21.62
10076,8/7/2022 11:10,17.5,21.58
10077,8/7/2022 11:20,17.29,21.7
10078,8/7/2022 11:30,17.2,21.79
10079,8/7/2022 11:40,17.16,21.79
10080,8/7/2022 11:50,17.37,21.83
10081,8/7/2022 12:00,17.33,21.92
10082,8/7/2022 12:10,17.54,22.09
10083,8/7/2022 12:20,17.63,22.31
10084,8/7/2022 12:30,17.63,22.52
10085,8/7/2022 12:40,17.5,22.91
10086,8/7/2022 12:50,17.72,23.12
10087,8/7/2022 13:00,17.93,23.38
10088,8/7/2022 13:10,17.93,23.72
10089,8/7/2022 13:20,18.06,23.85
10090,8/7/2022 13:30,18.19,24.15
10091,8/7/2022 13:40,18.23,24.19
10092,8/7/2022 13:50,18.23,24.19
10093,8/7/2022 14:00,18.19,24.45
10094,8/7/2022 14:10,18.36,24.54
10095,8/7/2022 14:20,18.36,24.58
10096,8/7/2022 14:30,18.32,24.66
10097,8/7/2022 14:40,18.49,24.54
10098,8/7/2022 14:50,18.7,24.41
10099,8/7/2022 15:00,18.66,24.36
10100,8/7/2022 15:10,18.79,24.24
10101,8/7/2022 15:20,18.7,24.24
10102,8/7/2022 15:30,18.83,24.15
10103,8/7/2022 15:40,18.79,24.06
10104,8/7/2022 15:50,18.92,23.94
10105,8/7/2022 16:00,18.96,23.85
10106,8/7/2022 16:10,19.09,23.81
10107,8/7/2022 16:20,19.17,23.68
10108,8/7/2022 16:30,19.17,23.59
10109,8/7/2022 16:40,19.13,23.46
10110,8/7/2022 16:50,19.3,23.42
10111,8/7/2022 17:00,19.22,23.34
10112,8/7/2022 17:10,19.35,23.29
10113,8/7/2022 17:20,19.35,23.29
10114,8/7/2022 17:30,19.43,23.29
10115,8/7/2022 17:40,19.43,23.21
10116,8/7/2022 17:50,19.47,23.21
10117,8/7/2022 18:00,19.39,23.12
10118,8/7/2022 18:10,19.39,23.03
10119,8/7/2022 18:20,19.43,22.95
10120,8/7/2022 18:30,19.35,23.03
10121,8/7/2022 18:40,18.96,22.99
10122,8/7/2022 18:50,20.68,22.91
10123,8/7/2022 19:00,22.05,22.91
10124,8/7/2022 19:10,22.61,22.95
10125,8/7/2022 19:20,22.86,22.86
10126,8/7/2022 19:30,22.82,22.82
10127,8/7/2022 19:40,22.82,22.82
10128,8/7/2022 19:50,22.78,22.73
10129,8/7/2022 20:00,22.73,22.73
10130,8/7/2022 20:10,22.65,22.69
10131,8/7/2022 20:20,22.65,22.65
10132,8/7/2022 20:30,22.61,22.61
10133,8/7/2022 20:40,22.65,22.65
10134,8/7/2022 20:50,22.35,22.61
10135,8/7/2022 21:00,21.1,22.65
10136,8/7/2022 21:10,18.49,22.69
10137,8/7/2022 21:20,17.59,22.69
10138,8/7/2022 21:30,17.41,22.78
10139,8/7/2022 21:40,17.37,22.73
10140,8/7/2022 21:50,17.33,22.43
10141,8/7/2022 22:00,17.33,22.13
10142,8/7/2022 22:10,17.11,22.05
10143,8/7/2022 22:20,17.07,22.05
10144,8/7/2022 22:30,16.94,22.05
10145,8/7/2022 22:40,16.86,21.96
10146,8/7/2022 22:50,16.99,21.96
10147,8/7/2022 23:00,16.69,22.01
10148,8/7/2022 23:10,16.69,21.96
10149,8/7/2022 23:20,16.69,21.92
10150,8/7/2022 23:30,16.64,21.92
10151,8/7/2022 23:40,16.73,21.92
10152,8/7/2022 23:50,16.73,21.83
10153,8/8/2022 0:00,16.51,21.79
10154,8/8/2022 0:10,16.64,21.83
10155,8/8/2022 0:20,16.6,21.79
10156,8/8/2022 0:30,16.77,21.79
10157,8/8/2022 0:40,16.77,21.75
10158,8/8/2022 0:50,16.56,21.7
10159,8/8/2022 1:00,16.51,21.62
10160,8/8/2022 1:10,16.34,21.49
10161,8/8/2022 1:20,16.39,21.36
10162,8/8/2022 1:30,16.3,21.28
10163,8/8/2022 1:40,16.21,21.15
10164,8/8/2022 1:50,16.21,20.89
10165,8/8/2022 2:00,16.26,20.63
10166,8/8/2022 2:10,16.26,20.42
10167,8/8/2022 2:20,16.13,20.37
10168,8/8/2022 2:30,16.08,20.12
10169,8/8/2022 2:40,16.08,19.82
10170,8/8/2022 2:50,16.08,16.9
10171,8/8/2022 3:00,15.96,16
10172,8/8/2022 3:10,15.96,15.7
10173,8/8/2022 3:20,15.96,15.7
10174,8/8/2022 3:30,16.04,15.57
10175,8/8/2022 3:40,15.91,15.53
10176,8/8/2022 3:50,15.78,15.4
10177,8/8/2022 4:00,15.78,15.36
10178,8/8/2022 4:10,15.78,15.27
10179,8/8/2022 4:20,15.7,15.18
10180,8/8/2022 4:30,15.74,15.1
10181,8/8/2022 4:40,15.78,15.18
10182,8/8/2022 4:50,15.78,15.1
10183,8/8/2022 5:00,15.83,15.27
10184,8/8/2022 5:10,16.04,15.23
10185,8/8/2022 5:20,16.13,15.23
10186,8/8/2022 5:30,16.17,15.36
10187,8/8/2022 5:40,15.96,15.23
10188,8/8/2022 5:50,16.04,15.23
10189,8/8/2022 6:00,15.66,15.27
10190,8/8/2022 6:10,15.83,15.23
10191,8/8/2022 6:20,15.01,14.5
10192,8/8/2022 6:30,15.78,15.1
10193,8/8/2022 6:40,15.87,15.44
10194,8/8/2022 6:50,15.83,15.7
10195,8/8/2022 7:00,15.87,16.43
10196,8/8/2022 7:10,15.96,17.03
10197,8/8/2022 7:20,16,17.29
10198,8/8/2022 7:30,16.17,17.59
10199,8/8/2022 7:40,16.51,18.06
10200,8/8/2022 7:50,16.51,18.62
10201,8/8/2022 8:00,16.47,19.22
10202,8/8/2022 8:10,16.69,19.52
10203,8/8/2022 8:20,16.86,19.47
10204,8/8/2022 8:30,16.94,19.77
10205,8/8/2022 8:40,17.11,20.12
10206,8/8/2022 8:50,17.37,20.42
10207,8/8/2022 9:00,17.46,20.8
10208,8/8/2022 9:10,17.37,20.98
10209,8/8/2022 9:20,17.59,21.06
10210,8/8/2022 9:30,17.63,21.19
10211,8/8/2022 9:40,17.72,21.19
10212,8/8/2022 9:50,17.63,21.23
10213,8/8/2022 10:00,17.8,21.28
10214,8/8/2022 10:10,17.8,21.32
10215,8/8/2022 10:20,18.02,21.28
10216,8/8/2022 10:30,17.97,21.23
10217,8/8/2022 10:40,18.1,20.98
10218,8/8/2022 10:50,18.19,21.1
10219,8/8/2022 11:00,18.19,21.06
10220,8/8/2022 11:10,18.23,21.23
10221,8/8/2022 11:20,18.49,21.45
10222,8/8/2022 11:30,18.44,21.53
10223,8/8/2022 11:40,18.57,21.79
10224,8/8/2022 11:50,18.53,22.01
10225,8/8/2022 12:00,18.74,22.18
10226,8/8/2022 12:10,18.66,22.22
10227,8/8/2022 12:20,18.74,22.26
10228,8/8/2022 12:30,18.74,22.31
10229,8/8/2022 12:40,18.83,22.39
10230,8/8/2022 12:50,18.7,22.48
10231,8/8/2022 13:00,18.87,22.65
10232,8/8/2022 13:10,19,22.73
10233,8/8/2022 13:20,19.05,22.82
10234,8/8/2022 13:30,18.96,22.91
10235,8/8/2022 13:40,19.09,23.03
10236,8/8/2022 13:50,19.09,22.99
10237,8/8/2022 14:00,19.09,22.82
10238,8/8/2022 14:10,19.22,22.95
10239,8/8/2022 14:20,19.17,22.99
10240,8/8/2022 14:30,19.26,22.99
10241,8/8/2022 14:40,19.3,23.08
10242,8/8/2022 14:50,19.26,23.16
10243,8/8/2022 15:00,19.26,23.12
10244,8/8/2022 15:10,19.22,23.12
10245,8/8/2022 15:20,19.26,23.16
10246,8/8/2022 15:30,19.3,23.38
10247,8/8/2022 15:40,19.3,23.29
10248,8/8/2022 15:50,19.22,22.99
10249,8/8/2022 16:00,19.3,22.86
10250,8/8/2022 16:10,19.35,22.95
10251,8/8/2022 16:20,19.35,23.12
10252,8/8/2022 16:30,19.3,23.08
10253,8/8/2022 16:40,19.22,23.03
10254,8/8/2022 16:50,19.35,22.73
10255,8/8/2022 17:00,19.3,22.69
10256,8/8/2022 17:10,19.3,22.69
10257,8/8/2022 17:20,19.47,22.65
10258,8/8/2022 17:30,19.43,22.61
10259,8/8/2022 17:40,19.47,22.61
10260,8/8/2022 17:50,19.43,22.56
10261,8/8/2022 18:00,19.43,22.48
10262,8/8/2022 18:10,19.6,22.52
10263,8/8/2022 18:20,19.6,22.48
10264,8/8/2022 18:30,19.65,22.43
10265,8/8/2022 18:40,19.65,22.43
10266,8/8/2022 18:50,19.3,22.39
10267,8/8/2022 19:00,18.79,22.35
10268,8/8/2022 19:10,18.79,22.35
10269,8/8/2022 19:20,20.07,22.26
10270,8/8/2022 19:30,21.36,22.26
10271,8/8/2022 19:40,22.01,22.22
10272,8/8/2022 19:50,22.09,22.18
10273,8/8/2022 20:00,22.09,22.09
10274,8/8/2022 20:10,22.09,22.05
10275,8/8/2022 20:20,22.09,22.05
10276,8/8/2022 20:30,22.01,22.05
10277,8/8/2022 20:40,21.96,21.96
10278,8/8/2022 20:50,21.92,21.92
10279,8/8/2022 21:00,21.88,21.88
10280,8/8/2022 21:10,21.88,21.88
10281,8/8/2022 21:20,21.88,21.88
10282,8/8/2022 21:30,21.83,21.83
10283,8/8/2022 21:40,21.79,21.83
10284,8/8/2022 21:50,21.83,21.88
10285,8/8/2022 22:00,21.79,21.92
10286,8/8/2022 22:10,21.75,21.88
10287,8/8/2022 22:20,20.8,21.88
10288,8/8/2022 22:30,18.96,21.83
10289,8/8/2022 22:40,17.54,21.75
10290,8/8/2022 22:50,17.37,21.66
10291,8/8/2022 23:00,17.37,21.66
10292,8/8/2022 23:10,17.41,21.62
10293,8/8/2022 23:20,17.24,21.58
10294,8/8/2022 23:30,17.37,21.58
10295,8/8/2022 23:40,17.2,21.58
10296,8/8/2022 23:50,17.2,21.53
10297,8/9/2022 0:00,17.2,21.49
10298,8/9/2022 0:10,17.11,21.49
10299,8/9/2022 0:20,16.94,21.4
10300,8/9/2022 0:30,16.99,21.36
10301,8/9/2022 0:40,16.99,21.32
10302,8/9/2022 0:50,16.77,21.32
10303,8/9/2022 1:00,16.73,21.28
10304,8/9/2022 1:10,16.77,21.19
10305,8/9/2022 1:20,16.81,21.15
10306,8/9/2022 1:30,16.73,21.1
10307,8/9/2022 1:40,16.77,21.06
10308,8/9/2022 1:50,16.73,21.02
10309,8/9/2022 2:00,16.64,20.98
10310,8/9/2022 2:10,16.6,20.85
10311,8/9/2022 2:20,16.51,20.72
10312,8/9/2022 2:30,16.47,20.63
10313,8/9/2022 2:40,16.51,20.55
10314,8/9/2022 2:50,16.56,20.25
10315,8/9/2022 3:00,16.47,20.07
10316,8/9/2022 3:10,16.43,19.95
10317,8/9/2022 3:20,16.43,19.73
10318,8/9/2022 3:30,16.47,19.56
10319,8/9/2022 3:40,16.47,17.41
10320,8/9/2022 3:50,16.39,16.6
10321,8/9/2022 4:00,16.39,16.39
10322,8/9/2022 4:10,16.47,16.34
10323,8/9/2022 4:20,16.6,16.17
10324,8/9/2022 4:30,16.39,16.08
10325,8/9/2022 4:40,16.43,16.08
10326,8/9/2022 4:50,16.3,15.96
10327,8/9/2022 5:00,16.26,15.87
10328,8/9/2022 5:10,16.3,15.83
10329,8/9/2022 5:20,16.21,15.78
10330,8/9/2022 5:30,16.26,15.78
10331,8/9/2022 5:40,16.26,15.7
10332,8/9/2022 5:50,16.21,15.53
10333,8/9/2022 6:00,16.17,15.53
10334,8/9/2022 6:10,16.17,15.44
10335,8/9/2022 6:20,16.17,15.44
10336,8/9/2022 6:30,16.21,15.48
10337,8/9/2022 6:40,16.21,15.53
10338,8/9/2022 6:50,16.04,15.48
10339,8/9/2022 7:00,16.13,15.61
10340,8/9/2022 7:10,16.13,15.66
10341,8/9/2022 7:20,16.21,15.74
10342,8/9/2022 7:30,16.21,16
10343,8/9/2022 7:40,16.3,16.26
10344,8/9/2022 7:50,16.43,16.3
10345,8/9/2022 8:00,16.69,16.47
10346,8/9/2022 8:10,16.99,17.37
10347,8/9/2022 8:20,17.03,17.93
10348,8/9/2022 8:30,17.2,18.66
10349,8/9/2022 8:40,17.41,19
10350,8/9/2022 8:50,17.63,19.17
10351,8/9/2022 9:00,17.76,19.39
10352,8/9/2022 9:10,17.93,19.82
10353,8/9/2022 9:20,17.93,19.99
10354,8/9/2022 9:30,18.1,20.16
10355,8/9/2022 9:40,18.23,20.37
10356,8/9/2022 9:50,18.23,20.55
10357,8/9/2022 10:00,18.27,20.63
10358,8/9/2022 10:10,18.36,20.93
10359,8/9/2022 10:20,18.36,21.19
10360,8/9/2022 10:30,18.44,21.45
10361,8/9/2022 10:40,18.62,21.58
10362,8/9/2022 10:50,18.83,21.7
10363,8/9/2022 11:00,18.96,21.75
10364,8/9/2022 11:10,19,21.79
10365,8/9/2022 11:20,18.96,21.92
10366,8/9/2022 11:30,19.05,22.05
10367,8/9/2022 11:40,19.05,22.22
10368,8/9/2022 11:50,19.05,22.35
10369,8/9/2022 12:00,19.09,22.48
10370,8/9/2022 12:10,19.22,22.52
10371,8/9/2022 12:20,19.26,22.65
10372,8/9/2022 12:30,19.3,22.78
10373,8/9/2022 12:40,19.43,22.91
10374,8/9/2022 12:50,19.56,23.03
10375,8/9/2022 13:00,19.6,23.12
10376,8/9/2022 13:10,19.65,23.46
10377,8/9/2022 13:20,19.6,23.59
10378,8/9/2022 13:30,19.73,23.55
10379,8/9/2022 13:40,19.69,23.72
10380,8/9/2022 13:50,19.69,23.89
10381,8/9/2022 14:00,19.86,24.15
10382,8/9/2022 14:10,19.86,24.32
10383,8/9/2022 14:20,19.82,24.45
10384,8/9/2022 14:30,19.82,24.75
10385,8/9/2022 14:40,19.82,25.27
10386,8/9/2022 14:50,19.77,25.78
10387,8/9/2022 15:00,19.99,25.87
10388,8/9/2022 15:10,20.07,25.65
10389,8/9/2022 15:20,19.9,25.57
10390,8/9/2022 15:30,19.95,25.87
10391,8/9/2022 15:40,19.95,25.78
10392,8/9/2022 15:50,19.95,25.65
10393,8/9/2022 16:00,19.9,25.65
10394,8/9/2022 16:10,19.86,25.78
10395,8/9/2022 16:20,19.95,25.82
10396,8/9/2022 16:30,20.07,25.99
10397,8/9/2022 16:40,19.86,26.34
10398,8/9/2022 16:50,19.95,26.9
10399,8/9/2022 17:00,19.77,27.15
10400,8/9/2022 17:10,19.9,26.68
10401,8/9/2022 17:20,19.9,25.65
10402,8/9/2022 17:30,19.86,25.39
10403,8/9/2022 17:40,19.82,25.35
10404,8/9/2022 17:50,19.9,25.27
10405,8/9/2022 18:00,19.73,24.54
10406,8/9/2022 18:10,19.82,24.28
10407,8/9/2022 18:20,19.86,24.11
10408,8/9/2022 18:30,19.69,24.06
10409,8/9/2022 18:40,19.69,23.76
10410,8/9/2022 18:50,19.6,23.42
10411,8/9/2022 19:00,19.65,23.08
10412,8/9/2022 19:10,19.65,22.95
10413,8/9/2022 19:20,19.26,22.78
10414,8/9/2022 19:30,18.87,22.78
10415,8/9/2022 19:40,18.7,22.73
10416,8/9/2022 19:50,18.7,22.61
10417,8/9/2022 20:00,18.79,22.61
10418,8/9/2022 20:10,18.87,22.61
10419,8/9/2022 20:20,20.37,22.65
10420,8/9/2022 20:30,21.79,22.56
10421,8/9/2022 20:40,22.43,22.56
10422,8/9/2022 20:50,22.48,22.52
10423,8/9/2022 21:00,22.48,22.48
10424,8/9/2022 21:10,22.43,22.48
10425,8/9/2022 21:20,22.43,22.43
10426,8/9/2022 21:30,22.39,22.43
10427,8/9/2022 21:40,22.43,22.35
10428,8/9/2022 21:50,22.35,22.35
10429,8/9/2022 22:00,22.39,22.35
10430,8/9/2022 22:10,22.35,22.22
10431,8/9/2022 22:20,22.39,22.22
10432,8/9/2022 22:30,22.39,22.18
10433,8/9/2022 22:40,22.39,22.18
10434,8/9/2022 22:50,22.73,22.18
10435,8/9/2022 23:00,22.61,22.18
10436,8/9/2022 23:10,22.52,22.13
10437,8/9/2022 23:20,22.48,22.26
10438,8/9/2022 23:30,19.6,22.22
10439,8/9/2022 23:40,18.23,22.13
10440,8/9/2022 23:50,17.72,22.13
10441,8/10/2022 0:00,17.63,22.13
10442,8/10/2022 0:10,17.5,22.18
10443,8/10/2022 0:20,17.5,22.09
10444,8/10/2022 0:30,17.41,22.13
10445,8/10/2022 0:40,17.33,22.13
10446,8/10/2022 0:50,17.33,22.18
10447,8/10/2022 1:00,17.07,22.22
10448,8/10/2022 1:10,17.07,22.09
10449,8/10/2022 1:20,16.86,22.09
10450,8/10/2022 1:30,17.11,22.05
10451,8/10/2022 1:40,17.11,22.01
10452,8/10/2022 1:50,17.16,21.96
10453,8/10/2022 2:00,17.16,21.92
10454,8/10/2022 2:10,17.03,21.88
10455,8/10/2022 2:20,16.81,21.88
10456,8/10/2022 2:30,16.73,21.79
10457,8/10/2022 2:40,16.77,21.75
10458,8/10/2022 2:50,16.77,21.7
10459,8/10/2022 3:00,16.73,21.66
10460,8/10/2022 3:10,16.6,21.58
10461,8/10/2022 3:20,16.47,21.49
10462,8/10/2022 3:30,16.47,21.4
10463,8/10/2022 3:40,16.34,21.36
10464,8/10/2022 3:50,16.21,21.15
10465,8/10/2022 4:00,16.08,21.1
10466,8/10/2022 4:10,16.04,20.8
10467,8/10/2022 4:20,16.08,20.59
10468,8/10/2022 4:30,15.91,20.07
10469,8/10/2022 4:40,15.91,17.5
10470,8/10/2022 4:50,15.83,16.51
10471,8/10/2022 5:00,15.83,16.21
10472,8/10/2022 5:10,15.74,15.74
10473,8/10/2022 5:20,15.36,15.48
10474,8/10/2022 5:30,15.31,15.44
10475,8/10/2022 5:40,15.1,14.93
10476,8/10/2022 5:50,14.93,14.84
10477,8/10/2022 6:00,15.23,15.44
10478,8/10/2022 6:10,15.18,15.36
10479,8/10/2022 6:20,15.06,15.23
10480,8/10/2022 6:30,14.84,15.06
10481,8/10/2022 6:40,14.97,15.27
10482,8/10/2022 6:50,15.06,15.4
10483,8/10/2022 7:00,15.14,15.61
10484,8/10/2022 7:10,14.97,15.53
10485,8/10/2022 7:20,14.93,15.78
10486,8/10/2022 7:30,15.1,16.17
10487,8/10/2022 7:40,15.23,16.34
10488,8/10/2022 7:50,15.36,16.56
10489,8/10/2022 8:00,15.4,16.51
10490,8/10/2022 8:10,15.66,18.27
10491,8/10/2022 8:20,16.04,19.82
10492,8/10/2022 8:30,16.3,21.1
10493,8/10/2022 8:40,16.39,20.8
10494,8/10/2022 8:50,16.56,20.55
10495,8/10/2022 9:00,16.69,21.19
10496,8/10/2022 9:10,17.03,21.23
10497,8/10/2022 9:20,17.16,21.36
10498,8/10/2022 9:30,17.41,21.62
10499,8/10/2022 9:40,17.63,21.88
10500,8/10/2022 9:50,17.76,22.01
10501,8/10/2022 10:00,18.06,22.18
10502,8/10/2022 10:10,18.4,22.18
10503,8/10/2022 10:20,18.74,22.26
10504,8/10/2022 10:30,19.26,22.43
10505,8/10/2022 10:40,19.43,22.48
10506,8/10/2022 10:50,19.56,22.61
10507,8/10/2022 11:00,19.69,22.78
10508,8/10/2022 11:10,19.82,22.82
10509,8/10/2022 11:20,19.86,22.95
10510,8/10/2022 11:30,19.9,22.99
10511,8/10/2022 11:40,19.99,22.99
10512,8/10/2022 11:50,20.07,22.99
10513,8/10/2022 12:00,20.2,22.95
10514,8/10/2022 12:10,20.03,22.99
10515,8/10/2022 12:20,19.99,23.12
10516,8/10/2022 12:30,19.73,23.12
10517,8/10/2022 12:40,19.73,23.21
10518,8/10/2022 12:50,19.69,23.25
10519,8/10/2022 13:00,19.56,23.42
10520,8/10/2022 13:10,19.69,23.51
10521,8/10/2022 13:20,19.65,23.68
10522,8/10/2022 13:30,19.69,23.76
10523,8/10/2022 13:40,19.6,24.02
10524,8/10/2022 13:50,19.82,24.45
10525,8/10/2022 14:00,19.9,24.92
10526,8/10/2022 14:10,19.86,25.44
10527,8/10/2022 14:20,20.07,25.74
10528,8/10/2022 14:30,20.03,25.91
10529,8/10/2022 14:40,20.12,26.17
10530,8/10/2022 14:50,20.16,26.6
10531,8/10/2022 15:00,20.25,26.9
10532,8/10/2022 15:10,20.29,27.37
10533,8/10/2022 15:20,20.25,27.41
10534,8/10/2022 15:30,20.37,27.07
10535,8/10/2022 15:40,20.2,26.17
10536,8/10/2022 15:50,20.25,26.08
10537,8/10/2022 16:00,20.2,25.82
10538,8/10/2022 16:10,20.29,25.65
10539,8/10/2022 16:20,20.33,26.12
10540,8/10/2022 16:30,20.33,26.55
10541,8/10/2022 16:40,20.29,26.64
10542,8/10/2022 16:50,20.29,26.47
10543,8/10/2022 17:00,20.37,26.21
10544,8/10/2022 17:10,20.37,25.78
10545,8/10/2022 17:20,20.33,25.65
10546,8/10/2022 17:30,20.2,25.44
10547,8/10/2022 17:40,20.2,25.22
10548,8/10/2022 17:50,20.07,24.88
10549,8/10/2022 18:00,20.12,24.58
10550,8/10/2022 18:10,20.12,24.28
10551,8/10/2022 18:20,19.99,24.15
10552,8/10/2022 18:30,20.2,24.11
10553,8/10/2022 18:40,20.16,24.15
10554,8/10/2022 18:50,19.99,24.15
10555,8/10/2022 19:00,19.9,24.02
10556,8/10/2022 19:10,19.65,23.89
10557,8/10/2022 19:20,19.52,23.81
10558,8/10/2022 19:30,19.26,23.55
10559,8/10/2022 19:40,19.13,23.46
10560,8/10/2022 19:50,19.05,23.38
10561,8/10/2022 20:00,18.96,23.46
10562,8/10/2022 20:10,18.87,23.38
10563,8/10/2022 20:20,18.87,23.29
10564,8/10/2022 20:30,18.74,23.25
10565,8/10/2022 20:40,18.79,23.21
10566,8/10/2022 20:50,18.87,23.21
10567,8/10/2022 21:00,19.05,23.16
10568,8/10/2022 21:10,20.2,23.16
10569,8/10/2022 21:20,22.26,23.08
10570,8/10/2022 21:30,22.91,22.99
10571,8/10/2022 21:40,22.91,22.95
10572,8/10/2022 21:50,22.91,22.91
10573,8/10/2022 22:00,22.82,22.91
10574,8/10/2022 22:10,22.78,22.82
10575,8/10/2022 22:20,22.73,22.78
10576,8/10/2022 22:30,22.65,22.73
10577,8/10/2022 22:40,22.61,22.69
10578,8/10/2022 22:50,22.61,22.69
10579,8/10/2022 23:00,22.56,22.61
10580,8/10/2022 23:10,22.52,22.61
10581,8/10/2022 23:20,22.48,22.52
10582,8/10/2022 23:30,22.48,22.48
10583,8/10/2022 23:40,22.48,22.43
10584,8/10/2022 23:50,22.56,22.52
10585,8/11/2022 0:00,22.61,22.56
10586,8/11/2022 0:10,22.52,22.61
10587,8/11/2022 0:20,22.56,22.56
10588,8/11/2022 0:30,22.22,22.65
10589,8/11/2022 0:40,20.2,22.48
10590,8/11/2022 0:50,18.19,22.43
10591,8/11/2022 1:00,17.59,22.35
10592,8/11/2022 1:10,17.46,22.26
10593,8/11/2022 1:20,17.33,22.31
10594,8/11/2022 1:30,17.2,22.26
10595,8/11/2022 1:40,17.11,22.26
10596,8/11/2022 1:50,16.94,22.26
10597,8/11/2022 2:00,16.94,22.26
10598,8/11/2022 2:10,16.9,22.22
10599,8/11/2022 2:20,17.07,22.22
10600,8/11/2022 2:30,16.99,22.18
10601,8/11/2022 2:40,16.86,22.18
10602,8/11/2022 2:50,16.77,22.09
10603,8/11/2022 3:00,16.6,22.01
10604,8/11/2022 3:10,16.6,22.01
10605,8/11/2022 3:20,16.64,21.96
10606,8/11/2022 3:30,16.6,21.88
10607,8/11/2022 3:40,16.47,21.7
10608,8/11/2022 3:50,16.39,21.75
10609,8/11/2022 4:00,16.47,21.7
10610,8/11/2022 4:10,16.39,21.58
10611,8/11/2022 4:20,16.43,21.45
10612,8/11/2022 4:30,16.34,21.23
10613,8/11/2022 4:40,16.39,20.8
10614,8/11/2022 4:50,16.3,20.63
10615,8/11/2022 5:00,16.39,20.68
10616,8/11/2022 5:10,16.34,20.37
10617,8/11/2022 5:20,16.17,19.99
10618,8/11/2022 5:30,16.3,17.37
10619,8/11/2022 5:40,16.21,16.39
10620,8/11/2022 5:50,16.13,16.26
10621,8/11/2022 6:00,16.08,16.3
10622,8/11/2022 6:10,16.04,16.3
10623,8/11/2022 6:20,16.08,16.26
10624,8/11/2022 6:30,16.04,16.26
10625,8/11/2022 6:40,16.04,16.08
10626,8/11/2022 6:50,16,16.13
10627,8/11/2022 7:00,15.91,16.08
10628,8/11/2022 7:10,16.04,16.17
10629,8/11/2022 7:20,16.08,16.51
10630,8/11/2022 7:30,16.21,16.73
10631,8/11/2022 7:40,16.17,16.99
10632,8/11/2022 7:50,16.26,17.03
10633,8/11/2022 8:00,16.21,17.2
10634,8/11/2022 8:10,16.3,17.46
10635,8/11/2022 8:20,16.39,17.93
10636,8/11/2022 8:30,16.47,17.93
10637,8/11/2022 8:40,16.77,18.57
10638,8/11/2022 8:50,17.07,19.39
10639,8/11/2022 9:00,17.16,19.52
10640,8/11/2022 9:10,17.2,20.63
10641,8/11/2022 9:20,17.24,20.93
10642,8/11/2022 9:30,17.24,21.75
10643,8/11/2022 9:40,17.41,22.22
10644,8/11/2022 9:50,17.59,22.13
10645,8/11/2022 10:00,17.76,21.96
10646,8/11/2022 10:10,18.02,21.92
10647,8/11/2022 10:20,17.8,21.96
10648,8/11/2022 10:30,17.8,22.01
10649,8/11/2022 10:40,17.93,22.13
10650,8/11/2022 10:50,17.93,22.52
10651,8/11/2022 11:00,18.14,22.56
10652,8/11/2022 11:10,18.23,22.69
10653,8/11/2022 11:20,18.4,22.56
10654,8/11/2022 11:30,18.44,22.65
10655,8/11/2022 11:40,18.7,22.65
10656,8/11/2022 11:50,18.62,22.78
10657,8/11/2022 12:00,18.49,22.86
10658,8/11/2022 12:10,18.62,22.91
10659,8/11/2022 12:20,18.7,22.99
10660,8/11/2022 12:30,18.79,23.03
10661,8/11/2022 12:40,18.92,23.16
10662,8/11/2022 12:50,18.87,23.21
10663,8/11/2022 13:00,18.96,23.38
10664,8/11/2022 13:10,19.05,23.46
10665,8/11/2022 13:20,19.05,23.51
10666,8/11/2022 13:30,19.09,23.46
10667,8/11/2022 13:40,19.26,23.55
10668,8/11/2022 13:50,19.17,23.55
10669,8/11/2022 14:00,19.09,23.59
10670,8/11/2022 14:10,19.09,23.68
10671,8/11/2022 14:20,19.05,23.76
10672,8/11/2022 14:30,19.13,23.76
10673,8/11/2022 14:40,19.09,24.11
10674,8/11/2022 14:50,19.17,24.24
10675,8/11/2022 15:00,19.09,23.98
10676,8/11/2022 15:10,19.09,23.72
10677,8/11/2022 15:20,19.22,23.64
10678,8/11/2022 15:30,19.22,23.68
10679,8/11/2022 15:40,19.13,23.72
10680,8/11/2022 15:50,19.13,23.72
10681,8/11/2022 16:00,19.05,23.59
10682,8/11/2022 16:10,18.96,23.59
10683,8/11/2022 16:20,18.92,23.64
10684,8/11/2022 16:30,18.96,23.68
10685,8/11/2022 16:40,18.83,23.72
10686,8/11/2022 16:50,18.87,23.55
10687,8/11/2022 17:00,18.83,23.46
10688,8/11/2022 17:10,18.66,23.46
10689,8/11/2022 17:20,18.7,23.34
10690,8/11/2022 17:30,18.66,23.21
10691,8/11/2022 17:40,18.7,23.21
10692,8/11/2022 17:50,18.62,23.16
10693,8/11/2022 18:00,18.57,23.16
10694,8/11/2022 18:10,18.53,23.08
10695,8/11/2022 18:20,18.62,23.08
10696,8/11/2022 18:30,18.7,22.99
10697,8/11/2022 18:40,18.57,22.95
10698,8/11/2022 18:50,18.53,22.95
10699,8/11/2022 19:00,18.49,22.95
10700,8/11/2022 19:10,18.27,23.08
10701,8/11/2022 19:20,18.14,23.03
10702,8/11/2022 19:30,18.1,22.95
10703,8/11/2022 19:40,17.93,22.78
10704,8/11/2022 19:50,17.97,22.69
10705,8/11/2022 20:00,17.72,22.65
10706,8/11/2022 20:10,17.54,22.61
10707,8/11/2022 20:20,17.5,22.61
10708,8/11/2022 20:30,17.46,22.52
10709,8/11/2022 20:40,17.41,22.52
10710,8/11/2022 20:50,17.29,22.48
10711,8/11/2022 21:00,17.24,22.26
10712,8/11/2022 21:10,17.2,22.26
10713,8/11/2022 21:20,17.24,22.26
10714,8/11/2022 21:30,17.41,22.35
10715,8/11/2022 21:40,17.33,22.35
10716,8/11/2022 21:50,17.29,22.35
10717,8/11/2022 22:00,17.33,22.35
10718,8/11/2022 22:10,17.54,22.26
10719,8/11/2022 22:20,20.16,22.22
10720,8/11/2022 22:30,21.96,22.13
10721,8/11/2022 22:40,22.09,22.13
10722,8/11/2022 22:50,22.13,22.05
10723,8/11/2022 23:00,22.09,22.05
10724,8/11/2022 23:10,22.09,21.96
10725,8/11/2022 23:20,22.05,22.01
10726,8/11/2022 23:30,22.09,21.96
10727,8/11/2022 23:40,22.01,21.92
10728,8/11/2022 23:50,22.05,21.92
10729,8/12/2022 0:00,22.05,21.83
10730,8/12/2022 0:10,22.01,21.88
10731,8/12/2022 0:20,22.01,21.83
10732,8/12/2022 0:30,22.01,21.79
10733,8/12/2022 0:40,21.92,21.83
10734,8/12/2022 0:50,21.92,21.75
10735,8/12/2022 1:00,21.88,21.79
10736,8/12/2022 1:10,21.83,21.75
10737,8/12/2022 1:20,19.9,21.66
10738,8/12/2022 1:30,16.6,21.7
10739,8/12/2022 1:40,15.87,21.75
10740,8/12/2022 1:50,15.66,21.7
10741,8/12/2022 2:00,14.45,21.7
10742,8/12/2022 2:10,13.34,21.62
10743,8/12/2022 2:20,12.82,21.58
10744,8/12/2022 2:30,12.65,21.4
10745,8/12/2022 2:40,12.31,21.19
10746,8/12/2022 2:50,12.61,21.28
10747,8/12/2022 3:00,12.31,21.23
10748,8/12/2022 3:10,12.4,21.32
10749,8/12/2022 3:20,12.1,21.19
10750,8/12/2022 3:30,12.01,21.19
10751,8/12/2022 3:40,11.97,21.19
10752,8/12/2022 3:50,11.97,21.15
10753,8/12/2022 4:00,12.1,21.15
10754,8/12/2022 4:10,11.62,21.1
10755,8/12/2022 4:20,11.62,21.02
10756,8/12/2022 4:30,11.84,20.93
10757,8/12/2022 4:40,11.45,20.89
10758,8/12/2022 4:50,11.19,20.8
10759,8/12/2022 5:00,11.37,20.72
10760,8/12/2022 5:10,11.24,20.59
10761,8/12/2022 5:20,11.24,20.42
10762,8/12/2022 5:30,11.28,20.29
10763,8/12/2022 5:40,11.07,20.12
10764,8/12/2022 5:50,11.07,19.86
10765,8/12/2022 6:00,10.89,19.43
10766,8/12/2022 6:10,11.15,17.41
10767,8/12/2022 6:20,11.15,12.4
10768,8/12/2022 6:30,11.15,11.79
10769,8/12/2022 6:40,11.28,11.92
10770,8/12/2022 6:50,11.58,12.27
10771,8/12/2022 7:00,11.37,12.05
10772,8/12/2022 7:10,11.28,12.05
10773,8/12/2022 7:20,11.54,12.22
10774,8/12/2022 7:30,12.05,15.7
10775,8/12/2022 7:40,12.48,17.41
10776,8/12/2022 7:50,12.78,19.43
10777,8/12/2022 8:00,13.3,19.69
10778,8/12/2022 8:10,14.07,16.77
10779,8/12/2022 8:20,14.8,17.24
10780,8/12/2022 8:30,15.14,17.67
10781,8/12/2022 8:40,15.18,17.54
10782,8/12/2022 8:50,15.36,18.36
10783,8/12/2022 9:00,15.61,19.47
10784,8/12/2022 9:10,16.04,22.48
10785,8/12/2022 9:20,15.7,22.91
10786,8/12/2022 9:30,15.61,24.19
10787,8/12/2022 9:40,15.74,24.06
10788,8/12/2022 9:50,15.74,21.36
10789,8/12/2022 10:00,15.96,23.76
10790,8/12/2022 10:10,16.34,24.24
10791,8/12/2022 10:20,16.6,25.18
10792,8/12/2022 10:30,16.81,24.19
10793,8/12/2022 10:40,17.2,23.12
10794,8/12/2022 10:50,17.37,22.69
10795,8/12/2022 11:00,17.59,22.78
10796,8/12/2022 11:10,17.63,22.56
10797,8/12/2022 11:20,17.8,22.22
10798,8/12/2022 11:30,17.93,22.13
10799,8/12/2022 11:40,17.8,22.09
10800,8/12/2022 11:50,17.76,22.56
10801,8/12/2022 12:00,17.89,22.65
10802,8/12/2022 12:10,17.89,22.48
10803,8/12/2022 12:20,17.97,22.48
10804,8/12/2022 12:30,17.93,22.52
10805,8/12/2022 12:40,18.06,22.52
10806,8/12/2022 12:50,18.19,22.56
10807,8/12/2022 13:00,18.36,22.61
10808,8/12/2022 13:10,18.4,22.56
10809,8/12/2022 13:20,18.4,22.56
10810,8/12/2022 13:30,18.62,22.56
10811,8/12/2022 13:40,18.49,22.61
10812,8/12/2022 13:50,18.53,22.73
10813,8/12/2022 14:00,18.57,22.73
10814,8/12/2022 14:10,18.57,22.91
10815,8/12/2022 14:20,18.44,22.73
10816,8/12/2022 14:30,18.23,22.73
10817,8/12/2022 14:40,18.19,22.82
10818,8/12/2022 14:50,18.32,22.91
10819,8/12/2022 15:00,18.53,22.82
10820,8/12/2022 15:10,18.57,23.21
10821,8/12/2022 15:20,18.57,23.68
10822,8/12/2022 15:30,18.57,23.81
10823,8/12/2022 15:40,18.62,23.89
10824,8/12/2022 15:50,18.62,23.76
10825,8/12/2022 16:00,18.53,23.16
10826,8/12/2022 16:10,18.53,22.78
10827,8/12/2022 16:20,18.57,22.69
10828,8/12/2022 16:30,18.53,22.69
10829,8/12/2022 16:40,18.4,22.69
10830,8/12/2022 16:50,18.53,22.65
10831,8/12/2022 17:00,18.49,22.61
10832,8/12/2022 17:10,18.36,22.65
10833,8/12/2022 17:20,18.44,22.56
10834,8/12/2022 17:30,18.4,22.73
10835,8/12/2022 17:40,18.32,22.91
10836,8/12/2022 17:50,18.23,23.08
10837,8/12/2022 18:00,18.14,22.99
10838,8/12/2022 18:10,18.1,23.21
10839,8/12/2022 18:20,18.06,22.95
10840,8/12/2022 18:30,17.97,22.78
10841,8/12/2022 18:40,18.02,22.52
10842,8/12/2022 18:50,17.84,22.43
10843,8/12/2022 19:00,17.84,22.39
10844,8/12/2022 19:10,17.76,22.35
10845,8/12/2022 19:20,17.63,22.18
10846,8/12/2022 19:30,17.5,22.05
10847,8/12/2022 19:40,17.46,21.96
10848,8/12/2022 19:50,17.2,21.83
10849,8/12/2022 20:00,16.86,21.79
10850,8/12/2022 20:10,16.69,21.83
10851,8/12/2022 20:20,16.64,21.79
10852,8/12/2022 20:30,16.77,21.79
10853,8/12/2022 20:40,16.56,21.79
10854,8/12/2022 20:50,16.69,21.79
10855,8/12/2022 21:00,16.51,21.83
10856,8/12/2022 21:10,16.34,21.79
10857,8/12/2022 21:20,16.47,21.7
10858,8/12/2022 21:30,16.56,21.79
10859,8/12/2022 21:40,16.6,21.83
10860,8/12/2022 21:50,16.56,21.92
10861,8/12/2022 22:00,16.6,21.7
10862,8/12/2022 22:10,16.51,21.32
10863,8/12/2022 22:20,16.47,21.32
10864,8/12/2022 22:30,16.47,21.32
10865,8/12/2022 22:40,16.39,21.28
10866,8/12/2022 22:50,16.3,21.15
10867,8/12/2022 23:00,16.47,21.28
10868,8/12/2022 23:10,16.51,21.49
10869,8/12/2022 23:20,16.56,21.66
10870,8/12/2022 23:30,16.94,21.66
10871,8/12/2022 23:40,18.19,21.58
10872,8/12/2022 23:50,20.93,21.49
10873,8/13/2022 0:00,21.49,21.45
10874,8/13/2022 0:10,21.58,21.32
10875,8/13/2022 0:20,21.53,21.32
10876,8/13/2022 0:30,21.53,21.32
10877,8/13/2022 0:40,21.53,21.23
10878,8/13/2022 0:50,21.53,21.23
10879,8/13/2022 1:00,21.49,21.32
10880,8/13/2022 1:10,21.45,21.28
10881,8/13/2022 1:20,21.45,21.23
10882,8/13/2022 1:30,21.4,21.23
10883,8/13/2022 1:40,21.28,21.19
10884,8/13/2022 1:50,21.06,21.1
10885,8/13/2022 2:00,19.05,21.1
10886,8/13/2022 2:10,16.69,21.06
10887,8/13/2022 2:20,15.66,21.1
10888,8/13/2022 2:30,15.83,21.15
10889,8/13/2022 2:40,14.37,21.06
10890,8/13/2022 2:50,15.14,21.02
10891,8/13/2022 3:00,15.1,21.02
10892,8/13/2022 3:10,15.31,21.02
10893,8/13/2022 3:20,14.97,21.02
10894,8/13/2022 3:30,14.84,20.98
10895,8/13/2022 3:40,15.23,20.85
10896,8/13/2022 3:50,15.14,20.85
10897,8/13/2022 4:00,15.01,20.85
10898,8/13/2022 4:10,14.93,20.8
10899,8/13/2022 4:20,14.8,20.76
10900,8/13/2022 4:30,14.8,20.72
10901,8/13/2022 4:40,14.63,20.68
10902,8/13/2022 4:50,14.58,20.59
10903,8/13/2022 5:00,14.37,20.55
10904,8/13/2022 5:10,14.41,20.46
10905,8/13/2022 5:20,14.24,20.37
10906,8/13/2022 5:30,14.15,20.25
10907,8/13/2022 5:40,14.15,20.2
10908,8/13/2022 5:50,13.98,20.12
10909,8/13/2022 6:00,13.81,20.03
10910,8/13/2022 6:10,13.98,19.9
10911,8/13/2022 6:20,13.85,19.9
10912,8/13/2022 6:30,13.64,19.6
10913,8/13/2022 6:40,13.47,19.3
10914,8/13/2022 6:50,13.38,16.6
10915,8/13/2022 7:00,13.43,14.41
10916,8/13/2022 7:10,13.51,14.37
10917,8/13/2022 7:20,13.68,14.71
10918,8/13/2022 7:30,13.9,15.1
10919,8/13/2022 7:40,13.9,16.04
10920,8/13/2022 7:50,14.28,18.44
10921,8/13/2022 8:00,14.5,21.7
10922,8/13/2022 8:10,14.67,22.78
10923,8/13/2022 8:20,14.93,23.55
10924,8/13/2022 8:30,15.1,23.85
10925,8/13/2022 8:40,15.31,24.32
10926,8/13/2022 8:50,15.4,25.01
10927,8/13/2022 9:00,15.66,25.57
10928,8/13/2022 9:10,16,26.81
10929,8/13/2022 9:20,16.51,27.02
10930,8/13/2022 9:30,16.77,27.84
10931,8/13/2022 9:40,16.99,28.1
10932,8/13/2022 9:50,17.37,28.14
10933,8/13/2022 10:00,17.72,27.71
10934,8/13/2022 10:10,17.89,26.68
10935,8/13/2022 10:20,18.49,26.04
10936,8/13/2022 10:30,19.09,25.91
10937,8/13/2022 10:40,19,25.57
10938,8/13/2022 10:50,18.79,24.88
10939,8/13/2022 11:00,18.53,27.63
10940,8/13/2022 11:10,18.32,27.15
10941,8/13/2022 11:20,18.44,24.79
10942,8/13/2022 11:30,18.44,25.01
10943,8/13/2022 11:40,18.4,25.82
10944,8/13/2022 11:50,18.36,25.01
10945,8/13/2022 12:00,18.44,24.88
10946,8/13/2022 12:10,18.49,24.66
10947,8/13/2022 12:20,18.36,24.62
10948,8/13/2022 12:30,18.32,24.97
10949,8/13/2022 12:40,18.32,24.41
10950,8/13/2022 12:50,18.36,24.36
10951,8/13/2022 13:00,18.4,24.28
10952,8/13/2022 13:10,18.57,23.72
10953,8/13/2022 13:20,18.4,23.16
10954,8/13/2022 13:30,18.44,22.95
10955,8/13/2022 13:40,18.62,22.78
10956,8/13/2022 13:50,18.62,22.73
10957,8/13/2022 14:00,18.49,22.69
10958,8/13/2022 14:10,18.36,22.65
10959,8/13/2022 14:20,18.53,22.61
10960,8/13/2022 14:30,18.53,22.65
10961,8/13/2022 14:40,18.57,22.78
10962,8/13/2022 14:50,18.57,22.99
10963,8/13/2022 15:00,18.49,23.29
10964,8/13/2022 15:10,18.57,23.42
10965,8/13/2022 15:20,18.49,23.46
10966,8/13/2022 15:30,18.53,23.72
10967,8/13/2022 15:40,18.49,24.54
10968,8/13/2022 15:50,18.4,24.79
10969,8/13/2022 16:00,18.62,24.88
10970,8/13/2022 16:10,18.44,24.92
10971,8/13/2022 16:20,18.4,25.05
10972,8/13/2022 16:30,18.4,25.74
10973,8/13/2022 16:40,18.36,24.84
10974,8/13/2022 16:50,18.36,24.49
10975,8/13/2022 17:00,18.4,24.41
10976,8/13/2022 17:10,18.32,24.41
10977,8/13/2022 17:20,18.23,24.62
10978,8/13/2022 17:30,18.23,24.36
10979,8/13/2022 17:40,18.02,24.32
10980,8/13/2022 17:50,18.06,23.94
10981,8/13/2022 18:00,18.19,23.42
10982,8/13/2022 18:10,18.19,23.25
10983,8/13/2022 18:20,17.97,23.34
10984,8/13/2022 18:30,17.97,23.16
10985,8/13/2022 18:40,17.97,23.08
10986,8/13/2022 18:50,17.89,23.03
10987,8/13/2022 19:00,17.59,22.99
10988,8/13/2022 19:10,17.37,22.73
10989,8/13/2022 19:20,17.33,22.52
10990,8/13/2022 19:30,17.11,22.26
10991,8/13/2022 19:40,16.9,22.05
10992,8/13/2022 19:50,16.6,21.66
10993,8/13/2022 20:00,16.34,21.45
10994,8/13/2022 20:10,16.13,21.23
10995,8/13/2022 20:20,16.08,21.19
10996,8/13/2022 20:30,15.91,21.15
10997,8/13/2022 20:40,16,21.06
10998,8/13/2022 20:50,15.87,21.15
10999,8/13/2022 21:00,15.83,21.23
11000,8/13/2022 21:10,15.83,21.15
11001,8/13/2022 21:20,15.7,21.19
11002,8/13/2022 21:30,15.78,21.28
11003,8/13/2022 21:40,15.66,21.32
11004,8/13/2022 21:50,15.57,21.02
11005,8/13/2022 22:00,15.57,20.98
11006,8/13/2022 22:10,15.61,21.28
11007,8/13/2022 22:20,15.48,21.36
11008,8/13/2022 22:30,15.44,21.58
11009,8/13/2022 22:40,15.23,21.53
11010,8/13/2022 22:50,15.18,21.49
11011,8/13/2022 23:00,15.23,21.49
11012,8/13/2022 23:10,15.23,21.62
11013,8/13/2022 23:20,15.18,21.75
11014,8/13/2022 23:30,15.18,21.79
11015,8/13/2022 23:40,15.06,21.7
11016,8/13/2022 23:50,15.23,21.49
11017,8/14/2022 0:00,15.27,21.45
11018,8/14/2022 0:10,15.23,21.4
11019,8/14/2022 0:20,13.6,21.28
11020,8/14/2022 0:30,12.82,21.32
11021,8/14/2022 0:40,12.78,21.45
11022,8/14/2022 0:50,12.57,21.4
11023,8/14/2022 1:00,12.7,21.45
11024,8/14/2022 1:10,13.21,21.4
11025,8/14/2022 1:20,13.77,21.36
11026,8/14/2022 1:30,13.55,21.36
11027,8/14/2022 1:40,14.03,21.32
11028,8/14/2022 1:50,14.07,21.28
11029,8/14/2022 2:00,13.47,21.32
11030,8/14/2022 2:10,13.34,21.23
11031,8/14/2022 2:20,13.25,21.23
11032,8/14/2022 2:30,12.61,21.23
11033,8/14/2022 2:40,11.84,21.23
11034,8/14/2022 2:50,11.62,21.15
11035,8/14/2022 3:00,11.45,21.23
11036,8/14/2022 3:10,11.37,21.19
11037,8/14/2022 3:20,10.94,21.1
11038,8/14/2022 3:30,11.37,21.06
11039,8/14/2022 3:40,10.85,21.02
11040,8/14/2022 3:50,11.02,21.02
11041,8/14/2022 4:00,10.89,20.93
11042,8/14/2022 4:10,10.85,20.93
11043,8/14/2022 4:20,10.94,20.89
11044,8/14/2022 4:30,10.89,20.85
11045,8/14/2022 4:40,10.59,20.8
11046,8/14/2022 4:50,10.04,20.76
11047,8/14/2022 5:00,10.64,20.72
11048,8/14/2022 5:10,10.51,20.63
11049,8/14/2022 5:20,10.51,20.63
11050,8/14/2022 5:30,11.28,20.55
11051,8/14/2022 5:40,11.49,20.5
11052,8/14/2022 5:50,11.37,20.5
11053,8/14/2022 6:00,11.24,20.46
11054,8/14/2022 6:10,10.55,20.37
11055,8/14/2022 6:20,10.42,20.29
11056,8/14/2022 6:30,10.38,20.2
11057,8/14/2022 6:40,10.51,20.12
11058,8/14/2022 6:50,10.94,20.07
11059,8/14/2022 7:00,10.85,20.03
11060,8/14/2022 7:10,11.07,19.86
11061,8/14/2022 7:20,11.15,19.6
11062,8/14/2022 7:30,11.28,15.83
11063,8/14/2022 7:40,11.58,14.33
11064,8/14/2022 7:50,11.75,14.2
11065,8/14/2022 8:00,12.14,16.56
11066,8/14/2022 8:10,12.4,18.19
11067,8/14/2022 8:20,12.82,18.87
11068,8/14/2022 8:30,13.12,19.05
11069,8/14/2022 8:40,13.34,19.26
11070,8/14/2022 8:50,13.81,20.25
11071,8/14/2022 9:00,14.5,21.32
11072,8/14/2022 9:10,15.1,22.78
11073,8/14/2022 9:20,15.27,21.7
11074,8/14/2022 9:30,15.57,21.58
11075,8/14/2022 9:40,16.34,21.92
11076,8/14/2022 9:50,16.77,22.05
11077,8/14/2022 10:00,16.99,22.22
11078,8/14/2022 10:10,17.29,22.61
11079,8/14/2022 10:20,17.72,23.12
11080,8/14/2022 10:30,18.06,23.25
11081,8/14/2022 10:40,18.53,23.64
11082,8/14/2022 10:50,18.83,23.85
11083,8/14/2022 11:00,19.3,23.81
11084,8/14/2022 11:10,19.9,24.28
11085,8/14/2022 11:20,20.46,27.45
11086,8/14/2022 11:30,20.55,25.48
11087,8/14/2022 11:40,20.46,24.45
11088,8/14/2022 11:50,20.68,24.58
11089,8/14/2022 12:00,20.46,23.81
11090,8/14/2022 12:10,20.12,23.21
11091,8/14/2022 12:20,19.99,23.38
11092,8/14/2022 12:30,20.25,23.38
11093,8/14/2022 12:40,20.29,23.51
11094,8/14/2022 12:50,19.69,23.38
11095,8/14/2022 13:00,19.35,23.29
11096,8/14/2022 13:10,18.74,23.72
11097,8/14/2022 13:20,18.36,23.38
11098,8/14/2022 13:30,18.1,22.91
11099,8/14/2022 13:40,17.37,22.69
11100,8/14/2022 13:50,16.81,22.56
11101,8/14/2022 14:00,16.56,22.56
11102,8/14/2022 14:10,16.47,22.56
11103,8/14/2022 14:20,16.56,22.65
11104,8/14/2022 14:30,16.94,22.56
11105,8/14/2022 14:40,17.16,22.65
11106,8/14/2022 14:50,17.24,22.52
11107,8/14/2022 15:00,17.16,22.52
11108,8/14/2022 15:10,17.33,22.52
11109,8/14/2022 15:20,17.46,22.61
11110,8/14/2022 15:30,17.46,22.73
11111,8/14/2022 15:40,17.41,22.78
11112,8/14/2022 15:50,17.29,22.82
11113,8/14/2022 16:00,17.11,22.99
11114,8/14/2022 16:10,17.11,23.42
11115,8/14/2022 16:20,16.94,23.59
11116,8/14/2022 16:30,16.77,23.94
11117,8/14/2022 16:40,16.77,24.45
11118,8/14/2022 16:50,16.77,24.54
11119,8/14/2022 17:00,16.77,24.41
11120,8/14/2022 17:10,16.73,24.54
11121,8/14/2022 17:20,16.73,24.58
11122,8/14/2022 17:30,16.81,24.54
11123,8/14/2022 17:40,16.9,24.66
11124,8/14/2022 17:50,16.77,24.49
11125,8/14/2022 18:00,16.73,23.85
11126,8/14/2022 18:10,16.73,23.89
11127,8/14/2022 18:20,16.6,24.11
11128,8/14/2022 18:30,16.73,24.32
11129,8/14/2022 18:40,16.51,24.54
11130,8/14/2022 18:50,16.47,23.81
11131,8/14/2022 19:00,16.39,23.42
11132,8/14/2022 19:10,16.21,23.25
11133,8/14/2022 19:20,15.83,23.08
11134,8/14/2022 19:30,15.83,22.99
11135,8/14/2022 19:40,15.83,22.86
11136,8/14/2022 19:50,15.53,22.61
11137,8/14/2022 20:00,15.57,22.35
11138,8/14/2022 20:10,15.53,22.18
11139,8/14/2022 20:20,15.44,22.05
11140,8/14/2022 20:30,15.44,21.92
11141,8/14/2022 20:40,15.4,21.88
11142,8/14/2022 20:50,15.23,21.58
11143,8/14/2022 21:00,15.31,21.36
11144,8/14/2022 21:10,15.18,21.1
11145,8/14/2022 21:20,15.01,21.06
11146,8/14/2022 21:30,14.97,21.02
11147,8/14/2022 21:40,14.84,20.98
11148,8/14/2022 21:50,14.71,20.89
11149,8/14/2022 22:00,14.71,20.98
11150,8/14/2022 22:10,14.67,21.15
11151,8/14/2022 22:20,14.67,21.19
11152,8/14/2022 22:30,14.54,21.15
11153,8/14/2022 22:40,14.41,20.5
11154,8/14/2022 22:50,14.5,19.82
11155,8/14/2022 23:00,14.33,19.77
11156,8/14/2022 23:10,14.33,20.03
11157,8/14/2022 23:20,14.28,20.46
11158,8/14/2022 23:30,14.37,20.8
11159,8/14/2022 23:40,14.37,21.02
11160,8/14/2022 23:50,14.28,21.15
11161,8/15/2022 0:00,14.15,21.15
11162,8/15/2022 0:10,14.2,21.36
11163,8/15/2022 0:20,13.9,21.4
11164,8/15/2022 0:30,14.07,21.49
11165,8/15/2022 0:40,13.64,21.36
11166,8/15/2022 0:50,14.15,21.23
11167,8/15/2022 1:00,14.07,20.93
11168,8/15/2022 1:10,14.15,21.02
11169,8/15/2022 1:20,14.15,21.1
11170,8/15/2022 1:30,14.15,21.19
11171,8/15/2022 1:40,14.28,21.19
11172,8/15/2022 1:50,14.41,21.23
11173,8/15/2022 2:00,14.37,21.23
11174,8/15/2022 2:10,14.28,21.23
11175,8/15/2022 2:20,14.33,21.15
11176,8/15/2022 2:30,14.28,21.23
11177,8/15/2022 2:40,14.37,21.19
11178,8/15/2022 2:50,14.28,21.23
11179,8/15/2022 3:00,14.11,21.19
11180,8/15/2022 3:10,13.85,21.15
11181,8/15/2022 3:20,13.73,21.19
11182,8/15/2022 3:30,12.31,21.1
11183,8/15/2022 3:40,12.27,21.06
11184,8/15/2022 3:50,11.88,21.02
11185,8/15/2022 4:00,11.79,21.02
11186,8/15/2022 4:10,11.67,20.98
11187,8/15/2022 4:20,11.28,20.98
11188,8/15/2022 4:30,10.81,20.93
11189,8/15/2022 4:40,10.64,20.89
11190,8/15/2022 4:50,10.64,20.89
11191,8/15/2022 5:00,10.81,20.8
11192,8/15/2022 5:10,10.94,20.72
11193,8/15/2022 5:20,10.77,20.72
11194,8/15/2022 5:30,10.59,20.72
11195,8/15/2022 5:40,10.51,20.72
11196,8/15/2022 5:50,10.59,20.68
11197,8/15/2022 6:00,10.64,20.59
11198,8/15/2022 6:10,10.68,20.55
11199,8/15/2022 6:20,10.25,20.42
11200,8/15/2022 6:30,10.64,20.33
11201,8/15/2022 6:40,10.46,20.25
11202,8/15/2022 6:50,10.08,20.16
11203,8/15/2022 7:00,10.38,20.07
11204,8/15/2022 7:10,10.46,20.03
11205,8/15/2022 7:20,11.45,19.95
11206,8/15/2022 7:30,11.97,19.99
11207,8/15/2022 7:40,12.01,19.86
11208,8/15/2022 7:50,12.35,19.82
11209,8/15/2022 8:00,12.52,19.73
11210,8/15/2022 8:10,12.87,19.52
11211,8/15/2022 8:20,13.21,16.47
11212,8/15/2022 8:30,13.68,15.61
11213,8/15/2022 8:40,14.03,16.08
11214,8/15/2022 8:50,14.33,16.6
11215,8/15/2022 9:00,14.8,17.33
11216,8/15/2022 9:10,15.36,17.84
11217,8/15/2022 9:20,15.83,18.36
11218,8/15/2022 9:30,16.47,19.17
11219,8/15/2022 9:40,16.99,19.69
11220,8/15/2022 9:50,17.03,20.46
11221,8/15/2022 10:00,17.33,21.23
11222,8/15/2022 10:10,18.14,22.39
11223,8/15/2022 10:20,18.92,23.29
11224,8/15/2022 10:30,19.3,23.55
11225,8/15/2022 10:40,19.52,23.85
11226,8/15/2022 10:50,19.77,24.19
11227,8/15/2022 11:00,19.9,24.54
11228,8/15/2022 11:10,19.6,24.24
11229,8/15/2022 11:20,19.39,27.5
11230,8/15/2022 11:30,19.39,26.3
11231,8/15/2022 11:40,19.56,25.61
11232,8/15/2022 11:50,19.56,24.62
11233,8/15/2022 12:00,19.6,23.98
11234,8/15/2022 12:10,19.69,23.72
11235,8/15/2022 12:20,19.77,23.85
11236,8/15/2022 12:30,19.86,23.81
11237,8/15/2022 12:40,20.12,23.81
11238,8/15/2022 12:50,20.37,23.89
11239,8/15/2022 13:00,20.46,23.68
11240,8/15/2022 13:10,20.16,23.38
11241,8/15/2022 13:20,19.73,23.16
11242,8/15/2022 13:30,19.99,22.99
11243,8/15/2022 13:40,19.9,22.86
11244,8/15/2022 13:50,19.9,22.91
11245,8/15/2022 14:00,19.77,22.91
11246,8/15/2022 14:10,19.77,23.12
11247,8/15/2022 14:20,20.29,23.08
11248,8/15/2022 14:30,20.46,23.08
11249,8/15/2022 14:40,19.9,23.08
11250,8/15/2022 14:50,19.39,23.08
11251,8/15/2022 15:00,19.39,23.08
11252,8/15/2022 15:10,19.17,23.12
11253,8/15/2022 15:20,19.05,23.08
11254,8/15/2022 15:30,18.87,23.08
11255,8/15/2022 15:40,18.62,23.03
11256,8/15/2022 15:50,18.62,22.99
11257,8/15/2022 16:00,18.53,23.03
11258,8/15/2022 16:10,18.49,23.08
11259,8/15/2022 16:20,18.7,22.99
11260,8/15/2022 16:30,18.62,23.08
11261,8/15/2022 16:40,18.36,23.12
11262,8/15/2022 16:50,18.1,23.29
11263,8/15/2022 17:00,17.97,23.46
11264,8/15/2022 17:10,18.02,23.29
11265,8/15/2022 17:20,17.84,23.72
11266,8/15/2022 17:30,17.54,23.55
11267,8/15/2022 17:40,17.5,23.76
11268,8/15/2022 17:50,17.37,23.98
11269,8/15/2022 18:00,17.2,23.85
11270,8/15/2022 18:10,17.03,23.59
11271,8/15/2022 18:20,16.99,23.51
11272,8/15/2022 18:30,16.81,23.46
11273,8/15/2022 18:40,16.56,23.46
11274,8/15/2022 18:50,16.26,23.42
11275,8/15/2022 19:00,16.08,23.42
11276,8/15/2022 19:10,16.13,23.34
11277,8/15/2022 19:20,15.83,23.29
11278,8/15/2022 19:30,15.66,23.21
11279,8/15/2022 19:40,15.44,23.03
11280,8/15/2022 19:50,15.14,22.91
11281,8/15/2022 20:00,14.97,22.82
11282,8/15/2022 20:10,14.93,22.69
11283,8/15/2022 20:20,14.84,22.65
11284,8/15/2022 20:30,14.71,22.48
11285,8/15/2022 20:40,14.54,22.31
11286,8/15/2022 20:50,14.54,22.13
11287,8/15/2022 21:00,14.41,21.96
11288,8/15/2022 21:10,14.5,21.83
11289,8/15/2022 21:20,14.45,21.66
11290,8/15/2022 21:30,14.54,21.4
11291,8/15/2022 21:40,14.58,21.15
11292,8/15/2022 21:50,14.5,20.93
11293,8/15/2022 22:00,14.54,20.68
11294,8/15/2022 22:10,14.5,20.29
11295,8/15/2022 22:20,14.5,20.25
11296,8/15/2022 22:30,14.37,20.2
11297,8/15/2022 22:40,14.41,20.29
11298,8/15/2022 22:50,12.91,20.33
11299,8/15/2022 23:00,12.4,20.55
11300,8/15/2022 23:10,12.27,20.46
11301,8/15/2022 23:20,12.05,20.76
11302,8/15/2022 23:30,11.97,21.1
11303,8/15/2022 23:40,11.84,21.19
11304,8/15/2022 23:50,11.79,20.42
11305,8/16/2022 0:00,11.54,20.72
11306,8/16/2022 0:10,11.71,21.19
11307,8/16/2022 0:20,11.75,21.23
11308,8/16/2022 0:30,12.05,20.85
11309,8/16/2022 0:40,11.92,20.68
11310,8/16/2022 0:50,11.75,21.1
11311,8/16/2022 1:00,11.92,21.1
11312,8/16/2022 1:10,11.62,21.15
11313,8/16/2022 1:20,11.37,21.1
11314,8/16/2022 1:30,11.37,20.89
11315,8/16/2022 1:40,11.54,20.85
11316,8/16/2022 1:50,11.75,20.72
11317,8/16/2022 2:00,11.79,20.76
11318,8/16/2022 2:10,11.71,20.76
11319,8/16/2022 2:20,11.75,20.85
11320,8/16/2022 2:30,11.49,20.85
11321,8/16/2022 2:40,11.37,20.85
11322,8/16/2022 2:50,11.62,20.93
11323,8/16/2022 3:00,12.01,20.93
11324,8/16/2022 3:10,11.19,20.98
11325,8/16/2022 3:20,11.58,20.93
11326,8/16/2022 3:30,11.32,20.89
11327,8/16/2022 3:40,11.28,20.89
11328,8/16/2022 3:50,11.41,20.89
11329,8/16/2022 4:00,11.75,20.89
11330,8/16/2022 4:10,11.88,20.98
11331,8/16/2022 4:20,11.54,20.93
11332,8/16/2022 4:30,11.58,21.02
11333,8/16/2022 4:40,11.45,20.98
11334,8/16/2022 4:50,10.55,20.93
11335,8/16/2022 5:00,10.34,20.93
11336,8/16/2022 5:10,10.29,20.89
11337,8/16/2022 5:20,10.64,20.85
11338,8/16/2022 5:30,10.51,20.85
11339,8/16/2022 5:40,10.77,20.8
11340,8/16/2022 5:50,10.68,20.76
11341,8/16/2022 6:00,10.64,20.8
11342,8/16/2022 6:10,10.46,20.72
11343,8/16/2022 6:20,10.16,20.59
11344,8/16/2022 6:30,10.34,20.55
11345,8/16/2022 6:40,10.55,20.46
11346,8/16/2022 6:50,10.64,20.33
11347,8/16/2022 7:00,10.42,20.33
11348,8/16/2022 7:10,11.28,20.29
11349,8/16/2022 7:20,11.88,20.29
11350,8/16/2022 7:30,11.97,20.29
11351,8/16/2022 7:40,12.31,20.25
11352,8/16/2022 7:50,12.78,20.33
11353,8/16/2022 8:00,13.04,20.33
11354,8/16/2022 8:10,13.34,20.33
11355,8/16/2022 8:20,13.64,20.37
11356,8/16/2022 8:30,13.9,20.46
11357,8/16/2022 8:40,14.24,20.55
11358,8/16/2022 8:50,14.63,20.72
11359,8/16/2022 9:00,15.01,20.85
11360,8/16/2022 9:10,15.44,21.15
11361,8/16/2022 9:20,15.61,21.53
11362,8/16/2022 9:30,15.96,22.65
11363,8/16/2022 9:40,16.26,23.29
11364,8/16/2022 9:50,16.81,22.26
11365,8/16/2022 10:00,17.29,22.82
11366,8/16/2022 10:10,17.84,24.02
11367,8/16/2022 10:20,18.49,24.66
11368,8/16/2022 10:30,19.13,25.27
11369,8/16/2022 10:40,19.69,25.44
11370,8/16/2022 10:50,20.16,26.77
11371,8/16/2022 11:00,20.33,26.81
11372,8/16/2022 11:10,20.07,25.74
11373,8/16/2022 11:20,20.07,25.01
11374,8/16/2022 11:30,19.95,24.45
11375,8/16/2022 11:40,19.82,24.15
11376,8/16/2022 11:50,19.65,23.89
11377,8/16/2022 12:00,19.69,23.46
11378,8/16/2022 12:10,19.82,23.08
11379,8/16/2022 12:20,20.03,22.91
11380,8/16/2022 12:30,20.07,22.95
11381,8/16/2022 12:40,19.86,22.78
11382,8/16/2022 12:50,19.82,22.69
11383,8/16/2022 13:00,19.73,22.65
11384,8/16/2022 13:10,19.82,22.61
11385,8/16/2022 13:20,19.69,22.61
11386,8/16/2022 13:30,19.69,22.65
11387,8/16/2022 13:40,19.47,22.73
11388,8/16/2022 13:50,19.47,22.82
11389,8/16/2022 14:00,19.65,23.03
11390,8/16/2022 14:10,19.56,22.99
11391,8/16/2022 14:20,19.6,22.99
11392,8/16/2022 14:30,19.52,22.99
11393,8/16/2022 14:40,19.56,22.99
11394,8/16/2022 14:50,19.47,22.95
11395,8/16/2022 15:00,19.77,23.03
11396,8/16/2022 15:10,20.07,22.99
11397,8/16/2022 15:20,20.25,22.99
11398,8/16/2022 15:30,20.37,22.91
11399,8/16/2022 15:40,20.5,22.91
11400,8/16/2022 15:50,20.55,22.86
11401,8/16/2022 16:00,20.63,22.95
11402,8/16/2022 16:10,20.72,22.95
11403,8/16/2022 16:20,20.29,22.91
11404,8/16/2022 16:30,19.95,23.03
11405,8/16/2022 16:40,19.86,23.12
11406,8/16/2022 16:50,19.86,23.08
11407,8/16/2022 17:00,18.96,23.16
11408,8/16/2022 17:10,19.13,23.16
11409,8/16/2022 17:20,18.83,23.16
11410,8/16/2022 17:30,18.87,23.16
11411,8/16/2022 17:40,19.09,23.34
11412,8/16/2022 17:50,19.09,23.46
11413,8/16/2022 18:00,19.05,23.68
11414,8/16/2022 18:10,18.83,23.68
11415,8/16/2022 18:20,18.87,23.81
11416,8/16/2022 18:30,18.66,23.89
11417,8/16/2022 18:40,18.06,23.98
11418,8/16/2022 18:50,17.84,24.28
11419,8/16/2022 19:00,17.16,24.32
11420,8/16/2022 19:10,16.9,23.98
11421,8/16/2022 19:20,16.43,24.06
11422,8/16/2022 19:30,16,23.94
11423,8/16/2022 19:40,15.44,23.89
11424,8/16/2022 19:50,14.93,23.89
11425,8/16/2022 20:00,14.45,23.59
11426,8/16/2022 20:10,14.41,23.16
11427,8/16/2022 20:20,14.03,23.21
11428,8/16/2022 20:30,13.98,23.29
11429,8/16/2022 20:40,13.68,22.78
11430,8/16/2022 20:50,13.43,22.35
11431,8/16/2022 21:00,13.77,22.18
11432,8/16/2022 21:10,13.77,21.92
11433,8/16/2022 21:20,13.85,21.83
11434,8/16/2022 21:30,13.85,21.66
11435,8/16/2022 21:40,13.85,21.53
11436,8/16/2022 21:50,13.04,21.36
11437,8/16/2022 22:00,11.84,21.15
11438,8/16/2022 22:10,11.97,20.98
11439,8/16/2022 22:20,11.71,20.89
11440,8/16/2022 22:30,11.49,20.68
11441,8/16/2022 22:40,11.62,20.42
11442,8/16/2022 22:50,11.79,20.29
11443,8/16/2022 23:00,11.49,20.42
11444,8/16/2022 23:10,11.07,19.77
11445,8/16/2022 23:20,11.32,20.12
11446,8/16/2022 23:30,11.97,20.29
11447,8/16/2022 23:40,11.37,20.25
11448,8/16/2022 23:50,11.84,19.99
11449,8/17/2022 0:00,11.32,20.03
11450,8/17/2022 0:10,11.32,19.82
11451,8/17/2022 0:20,11.45,19.56
11452,8/17/2022 0:30,11.28,19.86
11453,8/17/2022 0:40,11.49,20.07
11454,8/17/2022 0:50,11.41,20.29
11455,8/17/2022 1:00,11.58,20.12
11456,8/17/2022 1:10,11.67,20.16
11457,8/17/2022 1:20,11.45,20.16
11458,8/17/2022 1:30,11.67,20.2
11459,8/17/2022 1:40,11.71,19.95
11460,8/17/2022 1:50,11.79,20.07
11461,8/17/2022 2:00,11.79,20.12
11462,8/17/2022 2:10,11.75,20.16
11463,8/17/2022 2:20,11.45,20.33
11464,8/17/2022 2:30,11.71,20.29
11465,8/17/2022 2:40,12.1,20.42
11466,8/17/2022 2:50,12.35,20.46
11467,8/17/2022 3:00,12.22,20.2
11468,8/17/2022 3:10,12.05,20.07
11469,8/17/2022 3:20,12.01,20.12
11470,8/17/2022 3:30,11.67,20.16
11471,8/17/2022 3:40,12.14,20.25
11472,8/17/2022 3:50,12.01,20.29
11473,8/17/2022 4:00,12.01,20.37
11474,8/17/2022 4:10,12.61,20.46
11475,8/17/2022 4:20,12.95,20.42
11476,8/17/2022 4:30,13.12,20.55
11477,8/17/2022 4:40,12.65,20.59
11478,8/17/2022 4:50,12.57,20.59
11479,8/17/2022 5:00,12.4,20.63
11480,8/17/2022 5:10,12.27,20.68
11481,8/17/2022 5:20,12.31,20.68
11482,8/17/2022 5:30,12.1,20.63
11483,8/17/2022 5:40,12.27,20.68
11484,8/17/2022 5:50,12.27,20.68
11485,8/17/2022 6:00,11.97,20.63
11486,8/17/2022 6:10,12.31,20.59
11487,8/17/2022 6:20,12.74,20.55
11488,8/17/2022 6:30,12.82,20.55
11489,8/17/2022 6:40,12.4,20.42
11490,8/17/2022 6:50,12.82,20.37
11491,8/17/2022 7:00,13.85,20.33
11492,8/17/2022 7:10,14.24,20.29
11493,8/17/2022 7:20,14.28,20.29
11494,8/17/2022 7:30,14.15,20.25
11495,8/17/2022 7:40,14.2,20.2
11496,8/17/2022 7:50,13.98,20.25
11497,8/17/2022 8:00,13.94,20.12
11498,8/17/2022 8:10,13.9,20.12
11499,8/17/2022 8:20,14.07,20.12
11500,8/17/2022 8:30,14.24,20.12
11501,8/17/2022 8:40,14.67,20.25
11502,8/17/2022 8:50,14.63,20.16
11503,8/17/2022 9:00,14.84,20.2
11504,8/17/2022 9:10,15.27,20.37
11505,8/17/2022 9:20,15.61,20.33
11506,8/17/2022 9:30,15.78,20.33
11507,8/17/2022 9:40,16.3,20.55
11508,8/17/2022 9:50,17.11,20.85
11509,8/17/2022 10:00,18.44,21.06
11510,8/17/2022 10:10,18.32,21.19
11511,8/17/2022 10:20,18.49,21.45
11512,8/17/2022 10:30,19.05,21.75
11513,8/17/2022 10:40,19.56,22.05
11514,8/17/2022 10:50,19.77,22.05
11515,8/17/2022 11:00,20.07,22.09
11516,8/17/2022 11:10,20.63,22.22
11517,8/17/2022 11:20,20.85,22.35
11518,8/17/2022 11:30,21.32,22.31
11519,8/17/2022 11:40,21.4,22.39
11520,8/17/2022 11:50,20.76,22.73
11521,8/17/2022 12:00,20.72,22.48
11522,8/17/2022 12:10,20.89,22.39
11523,8/17/2022 12:20,20.89,22.52
11524,8/17/2022 12:30,21.36,22.73
11525,8/17/2022 12:40,22.05,22.86
11526,8/17/2022 12:50,22.52,22.82
11527,8/17/2022 13:00,22.35,22.86
11528,8/17/2022 13:10,22.39,22.78
11529,8/17/2022 13:20,22.26,22.82
11530,8/17/2022 13:30,21.88,22.78
11531,8/17/2022 13:40,21.02,22.78
11532,8/17/2022 13:50,21.32,22.78
11533,8/17/2022 14:00,21.83,22.73
11534,8/17/2022 14:10,21.92,22.78
11535,8/17/2022 14:20,21.92,22.95
11536,8/17/2022 14:30,22.18,22.91
11537,8/17/2022 14:40,21.7,22.95
11538,8/17/2022 14:50,21.88,23.12
11539,8/17/2022 15:00,22.09,23.12
11540,8/17/2022 15:10,22.86,23.08
11541,8/17/2022 15:20,23.25,23.08
11542,8/17/2022 15:30,22.95,23.03
11543,8/17/2022 15:40,23.42,23.08
11544,8/17/2022 15:50,23.46,23.21
11545,8/17/2022 16:00,23.76,23.25
11546,8/17/2022 16:10,24.54,23.21
11547,8/17/2022 16:20,25.22,23.16
11548,8/17/2022 16:30,25.82,23.08
11549,8/17/2022 16:40,26.3,23.08
11550,8/17/2022 16:50,25.48,22.91
11551,8/17/2022 17:00,24.71,22.91
11552,8/17/2022 17:10,24.32,23.03
11553,8/17/2022 17:20,24.02,23.03
11554,8/17/2022 17:30,23.89,23.03
11555,8/17/2022 17:40,23.29,23.12
11556,8/17/2022 17:50,22.56,23.12
11557,8/17/2022 18:00,21.88,23.21
11558,8/17/2022 18:10,20.68,23.42
11559,8/17/2022 18:20,20.16,23.59
11560,8/17/2022 18:30,19.56,23.68
11561,8/17/2022 18:40,19.43,23.64
11562,8/17/2022 18:50,18.7,23.68
11563,8/17/2022 19:00,18.14,23.81
11564,8/17/2022 19:10,17.89,23.89
11565,8/17/2022 19:20,17.41,23.89
11566,8/17/2022 19:30,17.03,23.94
11567,8/17/2022 19:40,16.69,23.76
11568,8/17/2022 19:50,16.26,23.59
11569,8/17/2022 20:00,16.17,23.68
11570,8/17/2022 20:10,15.96,23.89
11571,8/17/2022 20:20,15.87,23.55
11572,8/17/2022 20:30,15.74,23.51
11573,8/17/2022 20:40,15.4,23.21
11574,8/17/2022 20:50,14.97,22.78
11575,8/17/2022 21:00,14.84,22.56
11576,8/17/2022 21:10,14.67,22.43
11577,8/17/2022 21:20,14.45,22.35
11578,8/17/2022 21:30,14.54,22.18
11579,8/17/2022 21:40,14.54,22.13
11580,8/17/2022 21:50,14.41,22.01
11581,8/17/2022 22:00,14.15,21.88
11582,8/17/2022 22:10,14.07,21.75
11583,8/17/2022 22:20,14.11,21.7
11584,8/17/2022 22:30,14.11,21.58
11585,8/17/2022 22:40,13.98,21.49
11586,8/17/2022 22:50,13.85,21.36
11587,8/17/2022 23:00,13.81,21.19
11588,8/17/2022 23:10,13.9,20.93
11589,8/17/2022 23:20,14.11,20.85
11590,8/17/2022 23:30,14.28,20.68
11591,8/17/2022 23:40,14.15,20.42
11592,8/17/2022 23:50,13.9,20.2
11593,8/18/2022 0:00,13.94,19.99
11594,8/18/2022 0:10,13.85,19.73
11595,8/18/2022 0:20,13.85,19.82
11596,8/18/2022 0:30,13.77,20.12
11597,8/18/2022 0:40,13.64,20.03
11598,8/18/2022 0:50,13.85,19.9
11599,8/18/2022 1:00,14.03,19.86
11600,8/18/2022 1:10,13.77,19.99
11601,8/18/2022 1:20,13.81,20.07
11602,8/18/2022 1:30,13.55,20.12
11603,8/18/2022 1:40,13.64,20.46
11604,8/18/2022 1:50,13.68,20.55
11605,8/18/2022 2:00,13.68,20.63
11606,8/18/2022 2:10,13.51,20.89
11607,8/18/2022 2:20,13.55,20.89
11608,8/18/2022 2:30,13.51,20.85
11609,8/18/2022 2:40,13.38,20.85
11610,8/18/2022 2:50,13.3,20.89
11611,8/18/2022 3:00,13.25,21.1
11612,8/18/2022 3:10,13.21,21.02
11613,8/18/2022 3:20,13.38,20.63
11614,8/18/2022 3:30,13.51,20.68
11615,8/18/2022 3:40,13.34,20.8
11616,8/18/2022 3:50,13.43,20.93
11617,8/18/2022 4:00,13.43,21.02
11618,8/18/2022 4:10,13.77,21.1
11619,8/18/2022 4:20,13.55,21.23
11620,8/18/2022 4:30,13.6,21.28
11621,8/18/2022 4:40,13.68,21.1
11622,8/18/2022 4:50,13.64,21.02
11623,8/18/2022 5:00,13.34,20.98
11624,8/18/2022 5:10,13.25,20.98
11625,8/18/2022 5:20,13.04,20.89
11626,8/18/2022 5:30,13.12,20.93
11627,8/18/2022 5:40,13.08,20.98
11628,8/18/2022 5:50,13.12,20.93
11629,8/18/2022 6:00,13.04,20.98
11630,8/18/2022 6:10,12.87,20.98
11631,8/18/2022 6:20,12.91,20.93
11632,8/18/2022 6:30,12.78,20.98
11633,8/18/2022 6:40,12.78,21.02
11634,8/18/2022 6:50,12.78,21.02
11635,8/18/2022 7:00,12.74,21.06
11636,8/18/2022 7:10,12.95,20.98
11637,8/18/2022 7:20,12.87,21.02
11638,8/18/2022 7:30,12.7,20.98
11639,8/18/2022 7:40,12.57,20.93
11640,8/18/2022 7:50,12.52,20.93
11641,8/18/2022 8:00,12.31,20.8
11642,8/18/2022 8:10,12.44,20.76
11643,8/18/2022 8:20,12.52,20.59
11644,8/18/2022 8:30,12.52,20.33
11645,8/18/2022 8:40,12.27,20.29
11646,8/18/2022 8:50,12.14,20.33
11647,8/18/2022 9:00,12.1,20.29
11648,8/18/2022 9:10,12.22,20.03
11649,8/18/2022 9:20,12.4,19.82
11650,8/18/2022 9:30,12.65,20.12
11651,8/18/2022 9:40,12.95,20.37
11652,8/18/2022 9:50,13.51,20.63
11653,8/18/2022 10:00,13.47,20.85
11654,8/18/2022 10:10,13.47,20.98
11655,8/18/2022 10:20,13.68,21.1
11656,8/18/2022 10:30,13.9,21.32
11657,8/18/2022 10:40,14.41,21.58
11658,8/18/2022 10:50,14.97,21.88
11659,8/18/2022 11:00,15.57,22.05
11660,8/18/2022 11:10,16.04,22.26
11661,8/18/2022 11:20,16.6,22.48
11662,8/18/2022 11:30,17.16,22.73
11663,8/18/2022 11:40,17.93,23.03
11664,8/18/2022 11:50,18.1,23.12
11665,8/18/2022 12:00,17.67,23.21
11666,8/18/2022 12:10,17.76,23.29
11667,8/18/2022 12:20,17.67,23.42
11668,8/18/2022 12:30,17.33,23.51
11669,8/18/2022 12:40,16.81,23.81
11670,8/18/2022 12:50,16.26,23.72
11671,8/18/2022 13:00,15.7,23.68
11672,8/18/2022 13:10,15.44,23.64
11673,8/18/2022 13:20,15.53,23.64
11674,8/18/2022 13:30,15.4,23.42
11675,8/18/2022 13:40,15.7,23.29
11676,8/18/2022 13:50,15.74,23.29
11677,8/18/2022 14:00,15.78,23.25
11678,8/18/2022 14:10,15.74,23.12
11679,8/18/2022 14:20,15.83,23.16
11680,8/18/2022 14:30,15.96,23.12
11681,8/18/2022 14:40,16.13,23.12
11682,8/18/2022 14:50,16.26,23.12
11683,8/18/2022 15:00,16.47,23.03
11684,8/18/2022 15:10,16.6,23.12
11685,8/18/2022 15:20,16.77,23.08
11686,8/18/2022 15:30,16.69,23.12
11687,8/18/2022 15:40,16.69,22.99
11688,8/18/2022 15:50,16.81,22.91
11689,8/18/2022 16:00,16.64,22.86
11690,8/18/2022 16:10,16.77,22.86
11691,8/18/2022 16:20,16.81,22.78
11692,8/18/2022 16:30,16.94,22.73
11693,8/18/2022 16:40,17.07,22.69
11694,8/18/2022 16:50,17.16,22.69
11695,8/18/2022 17:00,17.2,22.65
11696,8/18/2022 17:10,17.2,22.61
11697,8/18/2022 17:20,17.29,22.65
11698,8/18/2022 17:30,17.16,22.65
11699,8/18/2022 17:40,16.94,22.65
11700,8/18/2022 17:50,17.03,22.65
11701,8/18/2022 18:00,16.94,22.69
11702,8/18/2022 18:10,16.77,22.69
11703,8/18/2022 18:20,16.64,22.69
11704,8/18/2022 18:30,16.34,22.73
11705,8/18/2022 18:40,16.17,22.78
11706,8/18/2022 18:50,16.13,22.86
11707,8/18/2022 19:00,16,22.95
11708,8/18/2022 19:10,16,22.86
11709,8/18/2022 19:20,16,22.91
11710,8/18/2022 19:30,15.87,23.08
11711,8/18/2022 19:40,15.74,22.95
11712,8/18/2022 19:50,15.74,22.69
11713,8/18/2022 20:00,15.48,22.69
11714,8/18/2022 20:10,15.57,22.65
11715,8/18/2022 20:20,15.36,22.56
11716,8/18/2022 20:30,15.4,22.35
11717,8/18/2022 20:40,15.31,22.39
11718,8/18/2022 20:50,15.36,22.22
11719,8/18/2022 21:00,15.01,22.09
11720,8/18/2022 21:10,15.18,22.09
11721,8/18/2022 21:20,15.14,21.96
11722,8/18/2022 21:30,14.97,21.88
11723,8/18/2022 21:40,14.8,21.83
11724,8/18/2022 21:50,14.71,21.75
11725,8/18/2022 22:00,14.67,21.62
11726,8/18/2022 22:10,14.33,21.49
11727,8/18/2022 22:20,14.24,21.4
11728,8/18/2022 22:30,14.2,21.32
11729,8/18/2022 22:40,14.07,21.28
11730,8/18/2022 22:50,14.07,21.19
11731,8/18/2022 23:00,13.9,21.1
11732,8/18/2022 23:10,13.98,21.06
11733,8/18/2022 23:20,13.9,21.02
11734,8/18/2022 23:30,14.11,20.85
11735,8/18/2022 23:40,13.81,20.72
11736,8/18/2022 23:50,13.94,20.42
11737,8/19/2022 0:00,13.73,20.29
11738,8/19/2022 0:10,13.77,20.16
11739,8/19/2022 0:20,13.77,19.86
11740,8/19/2022 0:30,13.94,19.65
11741,8/19/2022 0:40,13.94,19.52
11742,8/19/2022 0:50,13.94,19.09
11743,8/19/2022 1:00,13.77,18.87
11744,8/19/2022 1:10,13.81,17.97
11745,8/19/2022 1:20,13.6,16.43
11746,8/19/2022 1:30,13.55,15.23
11747,8/19/2022 1:40,13.68,14.84
11748,8/19/2022 1:50,13.68,15.23
11749,8/19/2022 2:00,13.85,15.87
11750,8/19/2022 2:10,13.73,17.11
11751,8/19/2022 2:20,13.73,17.72
11752,8/19/2022 2:30,13.77,18.27
11753,8/19/2022 2:40,13.77,18.32
11754,8/19/2022 2:50,13.94,18.49
11755,8/19/2022 3:00,14.03,18.57
11756,8/19/2022 3:10,13.98,18.62
11757,8/19/2022 3:20,14.07,18.79
11758,8/19/2022 3:30,14.03,18.87
11759,8/19/2022 3:40,14.2,19
11760,8/19/2022 3:50,14.15,19
11761,8/19/2022 4:00,14.2,19.05
11762,8/19/2022 4:10,13.94,19.39
11763,8/19/2022 4:20,13.81,19.73
11764,8/19/2022 4:30,13.73,19.65
11765,8/19/2022 4:40,13.68,19.69
11766,8/19/2022 4:50,13.6,19.95
11767,8/19/2022 5:00,13.38,20.07
11768,8/19/2022 5:10,13.43,20.2
11769,8/19/2022 5:20,13.25,20.25
11770,8/19/2022 5:30,13.3,20.25
11771,8/19/2022 5:40,13.25,19.86
11772,8/19/2022 5:50,13.04,19.9
11773,8/19/2022 6:00,12.91,19.95
11774,8/19/2022 6:10,13,20.07
11775,8/19/2022 6:20,12.91,20.03
11776,8/19/2022 6:30,12.95,19.82
11777,8/19/2022 6:40,12.82,19.73
11778,8/19/2022 6:50,13.12,19.73
11779,8/19/2022 7:00,12.82,19.82
11780,8/19/2022 7:10,12.87,19.82
11781,8/19/2022 7:20,12.87,19.82
11782,8/19/2022 7:30,13,19.77
11783,8/19/2022 7:40,12.87,19.77
11784,8/19/2022 7:50,12.78,19.77
11785,8/19/2022 8:00,12.78,19.69
11786,8/19/2022 8:10,12.82,19.6
11787,8/19/2022 8:20,12.91,19.65
11788,8/19/2022 8:30,12.91,19.65
11789,8/19/2022 8:40,12.87,19.77
11790,8/19/2022 8:50,12.87,19.73
11791,8/19/2022 9:00,13,19.82
11792,8/19/2022 9:10,13.34,19.82
11793,8/19/2022 9:20,13.68,19.77
11794,8/19/2022 9:30,13.43,19.77
11795,8/19/2022 9:40,13.43,19.86
11796,8/19/2022 9:50,13.51,19.95
11797,8/19/2022 10:00,14.11,19.9
11798,8/19/2022 10:10,14.03,20.03
11799,8/19/2022 10:20,14.07,20.16
11800,8/19/2022 10:30,14.28,20.29
11801,8/19/2022 10:40,14.15,20.37
11802,8/19/2022 10:50,14.37,20.63
11803,8/19/2022 11:00,14.2,20.72
11804,8/19/2022 11:10,14.24,20.93
11805,8/19/2022 11:20,14.5,21.1
11806,8/19/2022 11:30,14.54,21.19
11807,8/19/2022 11:40,14.67,21.4
11808,8/19/2022 11:50,14.63,21.66
11809,8/19/2022 12:00,14.71,21.83
11810,8/19/2022 12:10,15.01,22.09
11811,8/19/2022 12:20,15.06,22.22
11812,8/19/2022 12:30,14.93,22.73
11813,8/19/2022 12:40,15.01,23.08
11814,8/19/2022 12:50,15.36,22.78
11815,8/19/2022 13:00,15.61,22.82
11816,8/19/2022 13:10,16,22.99
11817,8/19/2022 13:20,16.39,22.99
11818,8/19/2022 13:30,16.6,23.12
11819,8/19/2022 13:40,16.73,23.21
11820,8/19/2022 13:50,16.77,23.25
11821,8/19/2022 14:00,16.99,23.29
11822,8/19/2022 14:10,17.29,23.21
11823,8/19/2022 14:20,17.24,23.16
11824,8/19/2022 14:30,17.54,23.12
11825,8/19/2022 14:40,17.63,23.03
11826,8/19/2022 14:50,17.63,23.12
11827,8/19/2022 15:00,17.8,23.08
11828,8/19/2022 15:10,17.63,23.12
11829,8/19/2022 15:20,17.8,23.21
11830,8/19/2022 15:30,17.93,23.08
11831,8/19/2022 15:40,18.02,23.08
11832,8/19/2022 15:50,17.97,22.91
11833,8/19/2022 16:00,18.06,22.82
11834,8/19/2022 16:10,17.97,22.86
11835,8/19/2022 16:20,17.97,22.95
11836,8/19/2022 16:30,18.06,22.86
11837,8/19/2022 16:40,18.14,22.73
11838,8/19/2022 16:50,18.23,22.61
11839,8/19/2022 17:00,18.19,22.56
11840,8/19/2022 17:10,18.27,22.52
11841,8/19/2022 17:20,18.02,22.48
11842,8/19/2022 17:30,17.97,22.43
11843,8/19/2022 17:40,17.97,22.39
11844,8/19/2022 17:50,17.89,22.39
11845,8/19/2022 18:00,17.8,22.39
11846,8/19/2022 18:10,17.76,22.35
11847,8/19/2022 18:20,17.72,22.31
11848,8/19/2022 18:30,17.59,22.26
11849,8/19/2022 18:40,17.89,22.26
11850,8/19/2022 18:50,17.29,22.26
11851,8/19/2022 19:00,17.16,22.22
11852,8/19/2022 19:10,17.24,22.22
11853,8/19/2022 19:20,17.03,22.61
11854,8/19/2022 19:30,16.64,22.61
11855,8/19/2022 19:40,16.51,22.52
11856,8/19/2022 19:50,16.34,22.69
11857,8/19/2022 20:00,16.39,23.16
11858,8/19/2022 20:10,16.17,22.65
11859,8/19/2022 20:20,16.08,22.35
11860,8/19/2022 20:30,16.17,22.52
11861,8/19/2022 20:40,16.08,22.35
11862,8/19/2022 20:50,15.87,21.96
11863,8/19/2022 21:00,16,21.7
11864,8/19/2022 21:10,16,21.62
11865,8/19/2022 21:20,15.7,21.58
11866,8/19/2022 21:30,15.83,21.58
11867,8/19/2022 21:40,15.74,21.53
11868,8/19/2022 21:50,15.91,21.4
11869,8/19/2022 22:00,15.74,21.49
11870,8/19/2022 22:10,15.7,21.66
11871,8/19/2022 22:20,15.61,21.79
11872,8/19/2022 22:30,15.53,21.58
11873,8/19/2022 22:40,15.48,21.28
11874,8/19/2022 22:50,15.23,21.06
11875,8/19/2022 23:00,15.23,20.93
11876,8/19/2022 23:10,15.18,20.85
11877,8/19/2022 23:20,15.1,20.8
11878,8/19/2022 23:30,14.97,20.93
11879,8/19/2022 23:40,15.01,20.89
11880,8/19/2022 23:50,14.8,20.85
11881,8/20/2022 0:00,14.63,20.68
11882,8/20/2022 0:10,14.58,20.55
11883,8/20/2022 0:20,14.54,20.37
11884,8/20/2022 0:30,14.45,20.16
11885,8/20/2022 0:40,14.41,20.07
11886,8/20/2022 0:50,14.28,19.9
11887,8/20/2022 1:00,13.73,19.73
11888,8/20/2022 1:10,13.85,19.56
11889,8/20/2022 1:20,14.11,19.35
11890,8/20/2022 1:30,13.98,19.22
11891,8/20/2022 1:40,13.73,19.05
11892,8/20/2022 1:50,13.34,18.79
11893,8/20/2022 2:00,12.4,18.57
11894,8/20/2022 2:10,11.71,18.23
11895,8/20/2022 2:20,11.71,15.87
11896,8/20/2022 2:30,11.28,12.87
11897,8/20/2022 2:40,11.45,12.1
11898,8/20/2022 2:50,11.37,11.58
11899,8/20/2022 3:00,11.54,11.24
11900,8/20/2022 3:10,11.45,10.98
11901,8/20/2022 3:20,11.28,11.07
11902,8/20/2022 3:30,11.02,13.81
11903,8/20/2022 3:40,11.02,16.21
11904,8/20/2022 3:50,11.07,16.77
11905,8/20/2022 4:00,11.11,16.94
11906,8/20/2022 4:10,10.98,17.03
11907,8/20/2022 4:20,10.68,17.37
11908,8/20/2022 4:30,10.89,17.54
11909,8/20/2022 4:40,10.89,17.76
11910,8/20/2022 4:50,10.85,17.54
11911,8/20/2022 5:00,10.64,18.27
11912,8/20/2022 5:10,10.72,18.57
11913,8/20/2022 5:20,10.55,18.83
11914,8/20/2022 5:30,10.12,18.4
11915,8/20/2022 5:40,9.95,17.54
11916,8/20/2022 5:50,10.77,18.44
11917,8/20/2022 6:00,10.04,18.53
11918,8/20/2022 6:10,10.81,18.32
11919,8/20/2022 6:20,10.64,18.44
11920,8/20/2022 6:30,11.02,18.49
11921,8/20/2022 6:40,11.02,18.74
11922,8/20/2022 6:50,10.89,18.87
11923,8/20/2022 7:00,10.29,18.83
11924,8/20/2022 7:10,10.68,19.09
11925,8/20/2022 7:20,11.37,19.35
11926,8/20/2022 7:30,11.88,19.47
11927,8/20/2022 7:40,12.44,19.73
11928,8/20/2022 7:50,12.95,19.77
11929,8/20/2022 8:00,13.25,19.77
11930,8/20/2022 8:10,13.47,19.9
11931,8/20/2022 8:20,13.85,19.95
11932,8/20/2022 8:30,14.2,20.03
11933,8/20/2022 8:40,14.28,20.07
11934,8/20/2022 8:50,14.45,20.2
11935,8/20/2022 9:00,14.71,20.33
11936,8/20/2022 9:10,14.93,20.5
11937,8/20/2022 9:20,15.18,20.72
11938,8/20/2022 9:30,15.61,20.85
11939,8/20/2022 9:40,15.91,20.93
11940,8/20/2022 9:50,16.21,21.1
11941,8/20/2022 10:00,16.6,21.19
11942,8/20/2022 10:10,17.03,21.19
11943,8/20/2022 10:20,17.29,21.32
11944,8/20/2022 10:30,17.72,21.4
11945,8/20/2022 10:40,17.97,21.49
11946,8/20/2022 10:50,18.1,21.58
11947,8/20/2022 11:00,18.32,21.53
11948,8/20/2022 11:10,18.49,21.66
11949,8/20/2022 11:20,18.83,21.7
11950,8/20/2022 11:30,19.13,22.01
11951,8/20/2022 11:40,19.43,22.26
11952,8/20/2022 11:50,19.69,22.52
11953,8/20/2022 12:00,19.95,22.61
11954,8/20/2022 12:10,20.29,22.82
11955,8/20/2022 12:20,20.5,22.95
11956,8/20/2022 12:30,20.25,23.08
11957,8/20/2022 12:40,20.42,23.12
11958,8/20/2022 12:50,20.33,23.21
11959,8/20/2022 13:00,20.2,23.21
11960,8/20/2022 13:10,20.25,23.25
11961,8/20/2022 13:20,19.77,23.29
11962,8/20/2022 13:30,19.73,23.42
11963,8/20/2022 13:40,19.39,23.42
11964,8/20/2022 13:50,19.6,23.25
11965,8/20/2022 14:00,19.6,23.16
11966,8/20/2022 14:10,19.52,23.08
11967,8/20/2022 14:20,19.35,23.16
11968,8/20/2022 14:30,19.47,23.12
11969,8/20/2022 14:40,19.86,23.12
11970,8/20/2022 14:50,19.6,23.16
11971,8/20/2022 15:00,19.35,23.21
11972,8/20/2022 15:10,19.39,23.21
11973,8/20/2022 15:20,19.52,23.16
11974,8/20/2022 15:30,19.6,23.12
11975,8/20/2022 15:40,19.9,23.03
11976,8/20/2022 15:50,19.95,23.08
11977,8/20/2022 16:00,20.8,23.16
11978,8/20/2022 16:10,22.09,23.21
11979,8/20/2022 16:20,22.09,23.21
11980,8/20/2022 16:30,21.83,23.12
11981,8/20/2022 16:40,21.58,23.16
11982,8/20/2022 16:50,21.36,23.25
11983,8/20/2022 17:00,21.36,23.25
11984,8/20/2022 17:10,21.06,23.25
11985,8/20/2022 17:20,21.1,23.16
11986,8/20/2022 17:30,21.02,23.08
11987,8/20/2022 17:40,20.68,23.03
11988,8/20/2022 17:50,20.68,23.08
11989,8/20/2022 18:00,20.72,22.95
11990,8/20/2022 18:10,20.5,22.91
11991,8/20/2022 18:20,20.2,22.78
11992,8/20/2022 18:30,19.95,22.78
11993,8/20/2022 18:40,19.69,22.78
11994,8/20/2022 18:50,19.47,22.69
11995,8/20/2022 19:00,19.22,22.61
11996,8/20/2022 19:10,19.09,22.52
11997,8/20/2022 19:20,18.53,22.48
11998,8/20/2022 19:30,17.97,22.43
11999,8/20/2022 19:40,17.37,22.43
12000,8/20/2022 19:50,17.03,22.35
12001,8/20/2022 20:00,16.94,22.26
12002,8/20/2022 20:10,16.73,22.22
12003,8/20/2022 20:20,16.34,22.26
12004,8/20/2022 20:30,16.17,22.31
12005,8/20/2022 20:40,16.17,22.26
12006,8/20/2022 20:50,16,22.48
12007,8/20/2022 21:00,15.7,22.56
12008,8/20/2022 21:10,15.74,22.61
12009,8/20/2022 21:20,15.66,22.61
12010,8/20/2022 21:30,15.83,22.39
12011,8/20/2022 21:40,14.58,22.35
12012,8/20/2022 21:50,14.15,22.26
12013,8/20/2022 22:00,13.9,22.22
12014,8/20/2022 22:10,13.94,22.22
12015,8/20/2022 22:20,13.85,22.09
12016,8/20/2022 22:30,14.07,22.09
12017,8/20/2022 22:40,13.98,22.13
12018,8/20/2022 22:50,14.15,22.13
12019,8/20/2022 23:00,14.11,22.13
12020,8/20/2022 23:10,14.54,22.01
12021,8/20/2022 23:20,14.2,22.05
12022,8/20/2022 23:30,13.94,22.05
12023,8/20/2022 23:40,14.07,21.96
12024,8/20/2022 23:50,14.45,21.88
12025,8/21/2022 0:00,14.58,21.83
12026,8/21/2022 0:10,14.71,21.75
12027,8/21/2022 0:20,14.84,21.79
12028,8/21/2022 0:30,14.75,21.75
12029,8/21/2022 0:40,14.88,21.66
12030,8/21/2022 0:50,14.84,21.53
12031,8/21/2022 1:00,14.88,21.4
12032,8/21/2022 1:10,14.93,21.32
12033,8/21/2022 1:20,14.88,21.15
12034,8/21/2022 1:30,14.88,20.98
12035,8/21/2022 1:40,14.93,20.8
12036,8/21/2022 1:50,14.97,20.68
12037,8/21/2022 2:00,14.93,20.46
12038,8/21/2022 2:10,14.88,20.29
12039,8/21/2022 2:20,14.88,17.5
12040,8/21/2022 2:30,14.88,15.14
12041,8/21/2022 2:40,14.88,14.58
12042,8/21/2022 2:50,14.93,14.45
12043,8/21/2022 3:00,14.93,14.41
12044,8/21/2022 3:10,15.01,14.41
12045,8/21/2022 3:20,14.93,14.24
12046,8/21/2022 3:30,15.01,14.33
12047,8/21/2022 3:40,15.14,14.5
12048,8/21/2022 3:50,15.18,14.54
12049,8/21/2022 4:00,15.18,14.58
12050,8/21/2022 4:10,15.14,14.58
12051,8/21/2022 4:20,15.27,14.75
12052,8/21/2022 4:30,15.23,14.75
12053,8/21/2022 4:40,15.27,14.75
12054,8/21/2022 4:50,15.18,14.75
12055,8/21/2022 5:00,15.27,14.8
12056,8/21/2022 5:10,15.18,14.88
12057,8/21/2022 5:20,15.27,16.21
12058,8/21/2022 5:30,15.23,18.32
12059,8/21/2022 5:40,15.23,18.62
12060,8/21/2022 5:50,15.23,18.74
12061,8/21/2022 6:00,15.18,18.83
12062,8/21/2022 6:10,15.18,18.44
12063,8/21/2022 6:20,15.06,18.92
12064,8/21/2022 6:30,15.01,18.44
12065,8/21/2022 6:40,14.97,18.7
12066,8/21/2022 6:50,14.97,18.83
12067,8/21/2022 7:00,15.14,19.09
12068,8/21/2022 7:10,15.27,18.62
12069,8/21/2022 7:20,15.36,19.43
12070,8/21/2022 7:30,15.53,19.17
12071,8/21/2022 7:40,15.61,19
12072,8/21/2022 7:50,15.7,19.65
12073,8/21/2022 8:00,15.7,19.77
12074,8/21/2022 8:10,15.78,19.39
12075,8/21/2022 8:20,16,19.17
12076,8/21/2022 8:30,16.13,19.26
12077,8/21/2022 8:40,16.34,19.65
12078,8/21/2022 8:50,16.43,20.07
12079,8/21/2022 9:00,16.56,20.33
12080,8/21/2022 9:10,16.6,20.33
12081,8/21/2022 9:20,16.9,20.46
12082,8/21/2022 9:30,16.99,20.5
12083,8/21/2022 9:40,17.2,20.63
12084,8/21/2022 9:50,17.33,20.68
12085,8/21/2022 10:00,17.59,20.8
12086,8/21/2022 10:10,17.54,20.93
12087,8/21/2022 10:20,17.5,21.06
12088,8/21/2022 10:30,17.33,21.15
12089,8/21/2022 10:40,17.63,21.23
12090,8/21/2022 10:50,18.19,21.1
12091,8/21/2022 11:00,18.27,21.06
12092,8/21/2022 11:10,18.23,21.06
12093,8/21/2022 11:20,18.44,21.06
12094,8/21/2022 11:30,18.36,21.19
12095,8/21/2022 11:40,18.53,21.19
12096,8/21/2022 11:50,18.66,21.28
12097,8/21/2022 12:00,18.62,21.36
12098,8/21/2022 12:10,18.62,21.32
12099,8/21/2022 12:20,18.53,21.36
12100,8/21/2022 12:30,18.57,21.4
12101,8/21/2022 12:40,18.32,21.36
12102,8/21/2022 12:50,18.49,21.4
12103,8/21/2022 13:00,18.49,21.45
12104,8/21/2022 13:10,18.44,21.53
12105,8/21/2022 13:20,18.14,21.66
12106,8/21/2022 13:30,18.27,21.66
12107,8/21/2022 13:40,18.27,21.79
12108,8/21/2022 13:50,18.36,21.88
12109,8/21/2022 14:00,18.53,22.01
12110,8/21/2022 14:10,18.53,22.22
12111,8/21/2022 14:20,18.49,22.35
12112,8/21/2022 14:30,18.49,22.61
12113,8/21/2022 14:40,18.53,22.78
12114,8/21/2022 14:50,18.36,22.86
12115,8/21/2022 15:00,18.57,22.95
12116,8/21/2022 15:10,18.62,22.95
12117,8/21/2022 15:20,18.66,23.12
12118,8/21/2022 15:30,18.57,23.29
12119,8/21/2022 15:40,18.44,23.29
12120,8/21/2022 15:50,18.7,23.34
12121,8/21/2022 16:00,18.96,23.29
12122,8/21/2022 16:10,18.92,23.29
12123,8/21/2022 16:20,18.83,23.29
12124,8/21/2022 16:30,18.92,23.34
12125,8/21/2022 16:40,19.22,23.51
12126,8/21/2022 16:50,19.05,23.42
12127,8/21/2022 17:00,18.96,23.21
12128,8/21/2022 17:10,19.17,23.16
12129,8/21/2022 17:20,19.3,23.21
12130,8/21/2022 17:30,19.35,23.08
12131,8/21/2022 17:40,19.35,23.03
12132,8/21/2022 17:50,19.3,22.99
12133,8/21/2022 18:00,19.26,22.86
12134,8/21/2022 18:10,19.47,22.78
12135,8/21/2022 18:20,19.35,22.78
12136,8/21/2022 18:30,19.35,22.91
12137,8/21/2022 18:40,18.92,22.95
12138,8/21/2022 18:50,18.66,22.78
12139,8/21/2022 19:00,18.49,22.78
12140,8/21/2022 19:10,18.4,22.82
12141,8/21/2022 19:20,17.67,22.86
12142,8/21/2022 19:30,17.11,22.43
12143,8/21/2022 19:40,16.94,22.22
12144,8/21/2022 19:50,16.69,22.13
12145,8/21/2022 20:00,16.47,22.09
12146,8/21/2022 20:10,16.43,22.01
12147,8/21/2022 20:20,16.3,21.92
12148,8/21/2022 20:30,16.26,21.96
12149,8/21/2022 20:40,16.04,21.88
12150,8/21/2022 20:50,15.74,21.92
12151,8/21/2022 21:00,15.83,21.92
12152,8/21/2022 21:10,15.66,22.13
12153,8/21/2022 21:20,15.31,22.05
12154,8/21/2022 21:30,15.31,22.18
12155,8/21/2022 21:40,15.18,22.18
12156,8/21/2022 21:50,15.06,22.22
12157,8/21/2022 22:00,14.75,22.22
12158,8/21/2022 22:10,14.67,22.13
12159,8/21/2022 22:20,14.63,22.01
12160,8/21/2022 22:30,14.2,21.96
12161,8/21/2022 22:40,13.9,21.88
12162,8/21/2022 22:50,13.55,21.79
12163,8/21/2022 23:00,13.51,21.75
12164,8/21/2022 23:10,13.08,21.7
12165,8/21/2022 23:20,13.34,21.66
12166,8/21/2022 23:30,13.47,21.66
12167,8/21/2022 23:40,13.6,21.58
12168,8/21/2022 23:50,13.64,21.58
12169,8/22/2022 0:00,13.94,21.53
12170,8/22/2022 0:10,13.98,21.49
12171,8/22/2022 0:20,14.03,21.45
12172,8/22/2022 0:30,14.07,21.36
12173,8/22/2022 0:40,13.85,21.32
12174,8/22/2022 0:50,13.85,21.28
12175,8/22/2022 1:00,13.51,21.15
12176,8/22/2022 1:10,13.47,21.02
12177,8/22/2022 1:20,13.3,20.93
12178,8/22/2022 1:30,13,20.8
12179,8/22/2022 1:40,12.95,20.63
12180,8/22/2022 1:50,12.82,20.55
12181,8/22/2022 2:00,12.87,20.42
12182,8/22/2022 2:10,12.87,20.33
12183,8/22/2022 2:20,12.91,20.12
12184,8/22/2022 2:30,12.87,19.69
12185,8/22/2022 2:40,12.7,19.43
12186,8/22/2022 2:50,12.95,19.3
12187,8/22/2022 3:00,12.7,17.97
12188,8/22/2022 3:10,12.57,14.8
12189,8/22/2022 3:20,12.35,13.51
12190,8/22/2022 3:30,12.14,13.21
12191,8/22/2022 3:40,12.18,13.12
12192,8/22/2022 3:50,12.31,12.91
12193,8/22/2022 4:00,12.35,12.65
12194,8/22/2022 4:10,12.18,12.18
12195,8/22/2022 4:20,11.92,12.27
12196,8/22/2022 4:30,11.97,12.14
12197,8/22/2022 4:40,12.05,12.44
12198,8/22/2022 4:50,12.05,12.44
12199,8/22/2022 5:00,12.1,12.74
12200,8/22/2022 5:10,12.27,12.74
12201,8/22/2022 5:20,12.31,12.35
12202,8/22/2022 5:30,12.18,12.31
12203,8/22/2022 5:40,12.18,12.65
12204,8/22/2022 5:50,12.4,12.7
12205,8/22/2022 6:00,12.4,12.61
12206,8/22/2022 6:10,12.48,12.48
12207,8/22/2022 6:20,12.57,12.7
12208,8/22/2022 6:30,12.7,14.5
12209,8/22/2022 6:40,12.74,16.21
12210,8/22/2022 6:50,12.78,17.16
12211,8/22/2022 7:00,12.82,17.84
12212,8/22/2022 7:10,12.52,17.8
12213,8/22/2022 7:20,12.14,18.27
12214,8/22/2022 7:30,12.48,18.7
12215,8/22/2022 7:40,12.61,18.96
12216,8/22/2022 7:50,12.7,19.26
12217,8/22/2022 8:00,12.87,19.56
12218,8/22/2022 8:10,13,19.69
12219,8/22/2022 8:20,13.34,19.47
12220,8/22/2022 8:30,13.38,19.35
12221,8/22/2022 8:40,13.51,19.3
12222,8/22/2022 8:50,13.6,19.47
12223,8/22/2022 9:00,13.68,19.65
12224,8/22/2022 9:10,14.07,19.73
12225,8/22/2022 9:20,14.45,19.95
12226,8/22/2022 9:30,14.97,20.07
12227,8/22/2022 9:40,15.57,20.25
12228,8/22/2022 9:50,15.91,20.46
12229,8/22/2022 10:00,16.3,20.72
12230,8/22/2022 10:10,16.94,20.89
12231,8/22/2022 10:20,17.8,21.19
12232,8/22/2022 10:30,18.49,21.36
12233,8/22/2022 10:40,18.92,21.4
12234,8/22/2022 10:50,19,21.53
12235,8/22/2022 11:00,19.09,21.62
12236,8/22/2022 11:10,18.74,21.66
12237,8/22/2022 11:20,18.7,21.7
12238,8/22/2022 11:30,18.74,21.83
12239,8/22/2022 11:40,18.32,22.01
12240,8/22/2022 11:50,18.02,22.22
12241,8/22/2022 12:00,18.19,22.35
12242,8/22/2022 12:10,18.36,22.52
12243,8/22/2022 12:20,18.53,22.65
12244,8/22/2022 12:30,18.74,22.69
12245,8/22/2022 12:40,18.7,22.82
12246,8/22/2022 12:50,18.92,22.95
12247,8/22/2022 13:00,19.13,23.08
12248,8/22/2022 13:10,19.26,23.29
12249,8/22/2022 13:20,19.26,23.59
12250,8/22/2022 13:30,19.13,23.42
12251,8/22/2022 13:40,19,23.16
12252,8/22/2022 13:50,18.7,23.21
12253,8/22/2022 14:00,18.4,23.16
12254,8/22/2022 14:10,18.36,23.03
12255,8/22/2022 14:20,18.32,23.12
12256,8/22/2022 14:30,18.06,23.21
12257,8/22/2022 14:40,18.4,23.21
12258,8/22/2022 14:50,18.7,23.08
12259,8/22/2022 15:00,18.57,23.03
12260,8/22/2022 15:10,18.66,23.08
12261,8/22/2022 15:20,18.49,23.12
12262,8/22/2022 15:30,18.53,23.29
12263,8/22/2022 15:40,18.53,23.42
12264,8/22/2022 15:50,18.44,23.34
12265,8/22/2022 16:00,18.44,23.21
12266,8/22/2022 16:10,18.4,22.99
12267,8/22/2022 16:20,18.23,22.91
12268,8/22/2022 16:30,18.27,22.82
12269,8/22/2022 16:40,18.44,22.73
12270,8/22/2022 16:50,18.66,22.73
12271,8/22/2022 17:00,18.83,22.69
12272,8/22/2022 17:10,19.05,22.65
12273,8/22/2022 17:20,18.87,22.69
12274,8/22/2022 17:30,18.87,22.78
12275,8/22/2022 17:40,18.66,22.86
12276,8/22/2022 17:50,18.44,22.82
12277,8/22/2022 18:00,18.02,22.78
12278,8/22/2022 18:10,17.8,22.82
12279,8/22/2022 18:20,17.63,22.95
12280,8/22/2022 18:30,17.63,22.69
12281,8/22/2022 18:40,17.5,22.65
12282,8/22/2022 18:50,17.33,22.52
12283,8/22/2022 19:00,17.33,22.43
12284,8/22/2022 19:10,17.16,22.22
12285,8/22/2022 19:20,17.33,22.09
12286,8/22/2022 19:30,17.46,22.05
12287,8/22/2022 19:40,17.54,22.01
12288,8/22/2022 19:50,17.63,22.05
12289,8/22/2022 20:00,17.5,22.01
12290,8/22/2022 20:10,17.76,21.96
12291,8/22/2022 20:20,18.02,21.96
12292,8/22/2022 20:30,18.4,21.92
12293,8/22/2022 20:40,18.66,21.92
12294,8/22/2022 20:50,19.3,21.92
12295,8/22/2022 21:00,19.26,21.96
12296,8/22/2022 21:10,18.57,22.09
12297,8/22/2022 21:20,17.63,22.01
12298,8/22/2022 21:30,17.29,22.01
12299,8/22/2022 21:40,17.2,22.01
12300,8/22/2022 21:50,17.16,22.01
12301,8/22/2022 22:00,17.07,22.05
12302,8/22/2022 22:10,17.16,22.13
12303,8/22/2022 22:20,16.99,22.13
12304,8/22/2022 22:30,16.81,22.05
12305,8/22/2022 22:40,16.69,21.96
12306,8/22/2022 22:50,16.56,21.92
12307,8/22/2022 23:00,16.6,21.75
12308,8/22/2022 23:10,16.6,21.66
12309,8/22/2022 23:20,16.47,21.66
12310,8/22/2022 23:30,16.17,21.66
12311,8/22/2022 23:40,16.08,21.62
12312,8/22/2022 23:50,16,21.62
12313,8/23/2022 0:00,15.74,21.62
12314,8/23/2022 0:10,15.57,21.62
12315,8/23/2022 0:20,15.57,21.49
12316,8/23/2022 0:30,15.57,21.4
12317,8/23/2022 0:40,15.36,21.32
12318,8/23/2022 0:50,15.27,21.28
12319,8/23/2022 1:00,15.01,21.23
12320,8/23/2022 1:10,14.84,21.28
12321,8/23/2022 1:20,14.88,21.23
12322,8/23/2022 1:30,14.5,21.15
12323,8/23/2022 1:40,14.2,21.02
12324,8/23/2022 1:50,13.94,20.8
12325,8/23/2022 2:00,14.03,20.63
12326,8/23/2022 2:10,13.81,20.5
12327,8/23/2022 2:20,13.81,20.42
12328,8/23/2022 2:30,14.03,20.33
12329,8/23/2022 2:40,13.98,20.16
12330,8/23/2022 2:50,13.9,20.07
12331,8/23/2022 3:00,13.77,19.77
12332,8/23/2022 3:10,13.6,19.73
12333,8/23/2022 3:20,13.6,19.56
12334,8/23/2022 3:30,13.51,19.39
12335,8/23/2022 3:40,13.47,19.09
12336,8/23/2022 3:50,13.43,18.7
12337,8/23/2022 4:00,13.3,15.87
12338,8/23/2022 4:10,13.34,14.45
12339,8/23/2022 4:20,13.17,14.07
12340,8/23/2022 4:30,13.17,14.07
12341,8/23/2022 4:40,13,13.9
12342,8/23/2022 4:50,12.91,13.68
12343,8/23/2022 5:00,12.87,13.55
12344,8/23/2022 5:10,12.87,13.43
12345,8/23/2022 5:20,12.78,13.64
12346,8/23/2022 5:30,12.74,13.51
12347,8/23/2022 5:40,12.7,13.55
12348,8/23/2022 5:50,12.74,13.38
12349,8/23/2022 6:00,12.78,13.47
12350,8/23/2022 6:10,12.82,13.34
12351,8/23/2022 6:20,12.78,13.21
12352,8/23/2022 6:30,12.74,13.21
12353,8/23/2022 6:40,12.7,13.04
12354,8/23/2022 6:50,12.65,13.12
12355,8/23/2022 7:00,12.61,13.17
12356,8/23/2022 7:10,12.61,13.47
12357,8/23/2022 7:20,12.82,14.93
12358,8/23/2022 7:30,13,17.24
12359,8/23/2022 7:40,13.12,17.67
12360,8/23/2022 7:50,13.38,18.32
12361,8/23/2022 8:00,13.68,18.96
12362,8/23/2022 8:10,13.85,19.3
12363,8/23/2022 8:20,13.98,19.47
12364,8/23/2022 8:30,13.94,19.39
12365,8/23/2022 8:40,13.9,19.47
12366,8/23/2022 8:50,13.9,19.69
12367,8/23/2022 9:00,14.11,19.9
12368,8/23/2022 9:10,14.37,20.03
12369,8/23/2022 9:20,14.54,20.2
12370,8/23/2022 9:30,14.67,20.25
12371,8/23/2022 9:40,14.97,20.42
12372,8/23/2022 9:50,15.36,20.63
12373,8/23/2022 10:00,15.61,20.98
12374,8/23/2022 10:10,16.04,21.19
12375,8/23/2022 10:20,16.26,21.36
12376,8/23/2022 10:30,16.64,21.49
12377,8/23/2022 10:40,17.11,21.62
12378,8/23/2022 10:50,17.5,21.79
12379,8/23/2022 11:00,18.19,21.96
12380,8/23/2022 11:10,18.4,22.09
12381,8/23/2022 11:20,18.4,22.18
12382,8/23/2022 11:30,18.83,22.39
12383,8/23/2022 11:40,19.26,22.56
12384,8/23/2022 11:50,19.65,22.61
12385,8/23/2022 12:00,20.03,22.69
12386,8/23/2022 12:10,20.25,22.82
12387,8/23/2022 12:20,20.59,22.91
12388,8/23/2022 12:30,20.29,22.99
12389,8/23/2022 12:40,19.73,22.99
12390,8/23/2022 12:50,19.65,23.12
12391,8/23/2022 13:00,19.13,23.25
12392,8/23/2022 13:10,18.62,23.42
12393,8/23/2022 13:20,18.36,23.46
12394,8/23/2022 13:30,18.19,23.51
12395,8/23/2022 13:40,17.54,23.68
12396,8/23/2022 13:50,17.54,23.85
12397,8/23/2022 14:00,17.29,24.06
12398,8/23/2022 14:10,17.37,24.49
12399,8/23/2022 14:20,17.2,25.18
12400,8/23/2022 14:30,17.03,25.48
12401,8/23/2022 14:40,17.03,25.44
12402,8/23/2022 14:50,17.07,25.14
12403,8/23/2022 15:00,16.99,25.09
12404,8/23/2022 15:10,16.81,25.48
12405,8/23/2022 15:20,16.99,25.87
12406,8/23/2022 15:30,16.86,26.17
12407,8/23/2022 15:40,16.81,25.52
12408,8/23/2022 15:50,16.64,24.36
12409,8/23/2022 16:00,16.64,23.76
12410,8/23/2022 16:10,16.47,23.68
12411,8/23/2022 16:20,16.51,23.59
12412,8/23/2022 16:30,16.56,23.72
12413,8/23/2022 16:40,16.69,24.02
12414,8/23/2022 16:50,16.43,24.41
12415,8/23/2022 17:00,16.26,23.98
12416,8/23/2022 17:10,16.34,23.72
12417,8/23/2022 17:20,16.13,23.38
12418,8/23/2022 17:30,15.78,23.34
12419,8/23/2022 17:40,15.44,23.46
12420,8/23/2022 17:50,15.31,23.94
12421,8/23/2022 18:00,15.31,24.15
12422,8/23/2022 18:10,15.23,23.98
12423,8/23/2022 18:20,15.06,23.25
12424,8/23/2022 18:30,15.18,22.91
12425,8/23/2022 18:40,14.97,22.65
12426,8/23/2022 18:50,15.14,22.52
12427,8/23/2022 19:00,15.06,22.39
12428,8/23/2022 19:10,14.97,22.35
12429,8/23/2022 19:20,15.01,22.39
12430,8/23/2022 19:30,14.97,22.39
12431,8/23/2022 19:40,15.1,22.26
12432,8/23/2022 19:50,15.1,22.22
12433,8/23/2022 20:00,15.27,22.22
12434,8/23/2022 20:10,15.1,22.18
12435,8/23/2022 20:20,15.1,22.18
12436,8/23/2022 20:30,15.23,22.18
12437,8/23/2022 20:40,15.18,22.18
12438,8/23/2022 20:50,15.36,22.13
12439,8/23/2022 21:00,15.44,22.13
12440,8/23/2022 21:10,15.87,22.05
12441,8/23/2022 21:20,16.47,22.05
12442,8/23/2022 21:30,16.73,22.01
12443,8/23/2022 21:40,16.94,21.96
12444,8/23/2022 21:50,18.44,21.96
12445,8/23/2022 22:00,19,21.88
12446,8/23/2022 22:10,19.39,21.92
12447,8/23/2022 22:20,19.13,21.92
12448,8/23/2022 22:30,16.94,21.92
12449,8/23/2022 22:40,15.7,21.88
12450,8/23/2022 22:50,15.1,21.88
12451,8/23/2022 23:00,14.75,21.92
12452,8/23/2022 23:10,14.63,21.96
12453,8/23/2022 23:20,14.5,21.88
12454,8/23/2022 23:30,14.37,21.83
12455,8/23/2022 23:40,14.11,21.83
12456,8/23/2022 23:50,13.85,21.83
12457,8/24/2022 0:00,13.64,21.7
12458,8/24/2022 0:10,13.6,21.58
12459,8/24/2022 0:20,13.47,21.53
12460,8/24/2022 0:30,13.43,21.49
12461,8/24/2022 0:40,13.25,21.45
12462,8/24/2022 0:50,13.38,21.45
12463,8/24/2022 1:00,13,21.4
12464,8/24/2022 1:10,12.87,21.4
12465,8/24/2022 1:20,13.08,21.36
12466,8/24/2022 1:30,12.91,21.36
12467,8/24/2022 1:40,13.17,21.28
12468,8/24/2022 1:50,13.25,21.28
12469,8/24/2022 2:00,13.17,21.15
12470,8/24/2022 2:10,13.3,21.15
12471,8/24/2022 2:20,13.17,21.1
12472,8/24/2022 2:30,12.91,21.1
12473,8/24/2022 2:40,13,21.02
12474,8/24/2022 2:50,13,20.98
12475,8/24/2022 3:00,13.08,20.93
12476,8/24/2022 3:10,13.04,20.8
12477,8/24/2022 3:20,13,20.72
12478,8/24/2022 3:30,12.95,20.68
12479,8/24/2022 3:40,12.87,20.63
12480,8/24/2022 3:50,12.87,20.55
12481,8/24/2022 4:00,12.91,20.46
12482,8/24/2022 4:10,12.78,20.37
12483,8/24/2022 4:20,12.82,20.12
12484,8/24/2022 4:30,12.74,17.5
12485,8/24/2022 4:40,12.74,14.24
12486,8/24/2022 4:50,12.7,13.04
12487,8/24/2022 5:00,12.57,12.52
12488,8/24/2022 5:10,12.44,12.27
12489,8/24/2022 5:20,12.31,12.1
12490,8/24/2022 5:30,12.31,12.01
12491,8/24/2022 5:40,12.27,12.01
12492,8/24/2022 5:50,12.18,11.84
12493,8/24/2022 6:00,12.18,11.92
12494,8/24/2022 6:10,12.27,11.97
12495,8/24/2022 6:20,12.35,12.01
12496,8/24/2022 6:30,12.31,11.88
12497,8/24/2022 6:40,12.22,11.84
12498,8/24/2022 6:50,12.1,11.92
12499,8/24/2022 7:00,12.14,12.31
12500,8/24/2022 7:10,12.1,12.61
12501,8/24/2022 7:20,12.1,12.44
12502,8/24/2022 7:30,12.05,12.44
12503,8/24/2022 7:40,12.27,13.25
12504,8/24/2022 7:50,12.52,13.94
12505,8/24/2022 8:00,12.61,15.83
12506,8/24/2022 8:10,12.57,17.16
12507,8/24/2022 8:20,12.87,18.19
12508,8/24/2022 8:30,13.34,18.79
12509,8/24/2022 8:40,13.73,19.3
12510,8/24/2022 8:50,13.77,19.56
12511,8/24/2022 9:00,13.94,19.73
12512,8/24/2022 9:10,13.94,19.95
12513,8/24/2022 9:20,14.07,20.03
12514,8/24/2022 9:30,14.33,20.16
12515,8/24/2022 9:40,14.58,20.2
12516,8/24/2022 9:50,14.88,20.42
12517,8/24/2022 10:00,15.06,20.59
12518,8/24/2022 10:10,15.53,20.72
12519,8/24/2022 10:20,15.87,20.93
12520,8/24/2022 10:30,16.17,21.15
12521,8/24/2022 10:40,16.3,21.32
12522,8/24/2022 10:50,16.3,21.58
12523,8/24/2022 11:00,16.13,21.75
12524,8/24/2022 11:10,15.78,21.88
12525,8/24/2022 11:20,15.78,21.92
12526,8/24/2022 11:30,15.74,21.92
12527,8/24/2022 11:40,16,21.92
12528,8/24/2022 11:50,16.04,21.92
12529,8/24/2022 12:00,16.3,22.05
12530,8/24/2022 12:10,16.81,22.05
12531,8/24/2022 12:20,16.94,22.18
12532,8/24/2022 12:30,17.5,22.31
12533,8/24/2022 12:40,17.54,22.35
12534,8/24/2022 12:50,17.67,22.48
12535,8/24/2022 13:00,17.8,22.48
12536,8/24/2022 13:10,17.89,22.61
12537,8/24/2022 13:20,17.84,22.78
12538,8/24/2022 13:30,18.02,22.91
12539,8/24/2022 13:40,18.06,23.03
12540,8/24/2022 13:50,18.14,23.16
12541,8/24/2022 14:00,18.27,23.25
12542,8/24/2022 14:10,18.36,23.42
12543,8/24/2022 14:20,18.49,23.55
12544,8/24/2022 14:30,18.87,23.76
12545,8/24/2022 14:40,18.74,24.06
12546,8/24/2022 14:50,19.09,24.32
12547,8/24/2022 15:00,19.17,24.58
12548,8/24/2022 15:10,19.39,24.75
12549,8/24/2022 15:20,19.39,24.92
12550,8/24/2022 15:30,19.47,25.27
12551,8/24/2022 15:40,19.56,25.57
12552,8/24/2022 15:50,19.47,25.61
12553,8/24/2022 16:00,19.43,25.48
12554,8/24/2022 16:10,19.65,25.31
12555,8/24/2022 16:20,19.65,25.65
12556,8/24/2022 16:30,19.69,25.52
12557,8/24/2022 16:40,19.69,25.44
12558,8/24/2022 16:50,19.6,25.18
12559,8/24/2022 17:00,19.22,25.05
12560,8/24/2022 17:10,18.83,24.92
12561,8/24/2022 17:20,17.5,24.41
12562,8/24/2022 17:30,16.99,23.98
12563,8/24/2022 17:40,16.9,23.98
12564,8/24/2022 17:50,16.51,23.98
12565,8/24/2022 18:00,16.39,24.06
12566,8/24/2022 18:10,16.17,24.45
12567,8/24/2022 18:20,16.21,24.71
12568,8/24/2022 18:30,16.04,24.49
12569,8/24/2022 18:40,14.88,24.32
12570,8/24/2022 18:50,14.58,24.28
12571,8/24/2022 19:00,14.63,24.19
12572,8/24/2022 19:10,14.41,23.72
12573,8/24/2022 19:20,13.98,23.21
12574,8/24/2022 19:30,14.11,22.86
12575,8/24/2022 19:40,14.11,22.73
12576,8/24/2022 19:50,14.2,22.61
12577,8/24/2022 20:00,14.2,22.43
12578,8/24/2022 20:10,14.2,22.52
12579,8/24/2022 20:20,14.15,22.39
12580,8/24/2022 20:30,14.11,22.35
12581,8/24/2022 20:40,14.11,22.35
12582,8/24/2022 20:50,14.24,22.31
12583,8/24/2022 21:00,14.45,22.26
12584,8/24/2022 21:10,14.41,22.22
12585,8/24/2022 21:20,14.24,22.18
12586,8/24/2022 21:30,14.5,22.13
12587,8/24/2022 21:40,14.58,22.13
12588,8/24/2022 21:50,14.58,22.09
12589,8/24/2022 22:00,14.67,22.01
12590,8/24/2022 22:10,15.14,22.09
12591,8/24/2022 22:20,15.1,22.01
12592,8/24/2022 22:30,15.7,22.01
12593,8/24/2022 22:40,16.04,21.96
12594,8/24/2022 22:50,16.13,22.01
12595,8/24/2022 23:00,15.78,21.92
12596,8/24/2022 23:10,15.36,21.88
12597,8/24/2022 23:20,15.14,21.88
12598,8/24/2022 23:30,14.97,21.92
12599,8/24/2022 23:40,15.06,21.96
12600,8/24/2022 23:50,14.75,21.92
12601,8/25/2022 0:00,14.67,21.96
12602,8/25/2022 0:10,14.97,21.96
12603,8/25/2022 0:20,14.97,21.88
12604,8/25/2022 0:30,14.75,21.88
12605,8/25/2022 0:40,14.67,21.83
12606,8/25/2022 0:50,14.67,21.79
12607,8/25/2022 1:00,14.63,21.79
12608,8/25/2022 1:10,14.5,21.7
12609,8/25/2022 1:20,14.63,21.75
12610,8/25/2022 1:30,14.58,21.79
12611,8/25/2022 1:40,14.41,21.79
12612,8/25/2022 1:50,14.2,21.75
12613,8/25/2022 2:00,14.24,21.7
12614,8/25/2022 2:10,14.11,21.7
12615,8/25/2022 2:20,14.2,21.62
12616,8/25/2022 2:30,14.15,21.62
12617,8/25/2022 2:40,14.2,21.62
12618,8/25/2022 2:50,14.07,21.62
12619,8/25/2022 3:00,14.07,21.58
12620,8/25/2022 3:10,14.28,21.49
12621,8/25/2022 3:20,14.15,21.49
12622,8/25/2022 3:30,14.33,21.4
12623,8/25/2022 3:40,14.45,21.28
12624,8/25/2022 3:50,14.24,21.1
12625,8/25/2022 4:00,14.11,21.02
12626,8/25/2022 4:10,14.24,20.98
12627,8/25/2022 4:20,14.24,20.89
12628,8/25/2022 4:30,14.11,20.76
12629,8/25/2022 4:40,14.03,20.68
12630,8/25/2022 4:50,14.2,20.55
12631,8/25/2022 5:00,14.24,20.33
12632,8/25/2022 5:10,14.28,18.49
12633,8/25/2022 5:20,14.41,15.23
12634,8/25/2022 5:30,14.41,14.67
12635,8/25/2022 5:40,14.37,14.5
12636,8/25/2022 5:50,14.24,14.28
12637,8/25/2022 6:00,14.24,14.2
12638,8/25/2022 6:10,14.24,14.2
12639,8/25/2022 6:20,14.37,14.45
12640,8/25/2022 6:30,14.24,14.11
12641,8/25/2022 6:40,14.33,14.54
12642,8/25/2022 6:50,14.24,14.41
12643,8/25/2022 7:00,14.28,14.41
12644,8/25/2022 7:10,14.33,14.41
12645,8/25/2022 7:20,14.41,15.23
12646,8/25/2022 7:30,14.67,15.31
12647,8/25/2022 7:40,14.67,15.36
12648,8/25/2022 7:50,14.67,15.36
12649,8/25/2022 8:00,14.88,15.57
12650,8/25/2022 8:10,15.14,15.57
12651,8/25/2022 8:20,15.53,15.48
12652,8/25/2022 8:30,15.96,15.53
12653,8/25/2022 8:40,16.43,15.61
12654,8/25/2022 8:50,16.73,15.7
12655,8/25/2022 9:00,16.81,15.83
12656,8/25/2022 9:10,17.41,15.87
12657,8/25/2022 9:20,17.97,15.91
12658,8/25/2022 9:30,18.36,16.08
12659,8/25/2022 9:40,18.57,16.17
12660,8/25/2022 9:50,18.83,16.3
12661,8/25/2022 10:00,19.13,16.47
12662,8/25/2022 10:10,19.39,16.64
12663,8/25/2022 10:20,19.6,16.81
12664,8/25/2022 10:30,19.99,16.99
12665,8/25/2022 10:40,20.42,17.16
12666,8/25/2022 10:50,20.93,17.41
12667,8/25/2022 11:00,20.55,17.54
12668,8/25/2022 11:10,20.29,17.97
12669,8/25/2022 11:20,21.36,18.32
12670,8/25/2022 11:30,22.95,18.74
12671,8/25/2022 11:40,24.71,19.09
12672,8/25/2022 11:50,26.42,19.6
12673,8/25/2022 12:00,28.01,20.03
12674,8/25/2022 12:10,29.77,20.42
12675,8/25/2022 12:20,31.49,20.8
12676,8/25/2022 12:30,32.69,21.4
12677,8/25/2022 12:40,32.99,26.21
12678,8/25/2022 12:50,30.59,27.15
12679,8/25/2022 13:00,29.21,25.09
12680,8/25/2022 13:10,28.1,23.38
12681,8/25/2022 13:20,27.07,22.82
12682,8/25/2022 13:30,26.17,23.08
12683,8/25/2022 13:40,26.64,24.28
12684,8/25/2022 13:50,27.97,25.39
12685,8/25/2022 14:00,29.17,26.25
12686,8/25/2022 14:10,30.24,26.98
12687,8/25/2022 14:20,31.14,27.63
12688,8/25/2022 14:30,32.17,28.05
12689,8/25/2022 14:40,33.37,28.4
12690,8/25/2022 14:50,34.27,28.95
12691,8/25/2022 15:00,34.83,29.17
12692,8/25/2022 15:10,32.09,29.13
12693,8/25/2022 15:20,26.51,27.97
12694,8/25/2022 15:30,20.89,29
12695,8/25/2022 15:40,18.1,24.32
