Year,Time_Pt,Species,Site,Location,SH_Temp,SH_Tide,Bag_Numb,Replicate,Mortality,Dead_Alive
2021,4,M. gigas,North,HIOC,21,No Tide,41,1,1,Dead
2021,4,M. gigas,North,HIOC,21,No Tide,41,2,1,Dead
2021,4,M. gigas,North,HIOC,21,No Tide,41,3,1,Dead
2021,4,M. gigas,North,HIOC,21,No Tide,41,4,1,Dead
2021,4,M. gigas,North,HIOC,21,No Tide,41,5,1,Dead
2021,4,M. gigas,North,HIOC,21,No Tide,41,6,1,Dead
2021,4,M. gigas,North,HIOC,21,No Tide,41,7,1,Dead
2021,4,M. gigas,North,HIOC,21,No Tide,41,8,1,Dead
2021,4,M. gigas,North,HIOC,21,No Tide,41,9,1,Dead
2021,4,M. gigas,North,HIOC,21,No Tide,41,10,1,Dead
2021,4,M. gigas,North,HIOC,21,No Tide,41,11,1,Dead
2021,4,M. gigas,North,HIOC,21,No Tide,41,12,1,Dead
2021,4,M. gigas,North,HIOC,21,No Tide,41,13,1,Dead
2021,4,M. gigas,North,HIOC,21,No Tide,41,14,1,Dead
2021,4,M. gigas,North,HIOC,21,No Tide,41,15,1,Dead
2021,4,M. gigas,North,HIOC,21,No Tide,41,16,1,Dead
2021,4,M. gigas,North,HIOC,21,No Tide,41,17,1,Dead
2021,4,M. gigas,North,HIOC,21,No Tide,41,18,1,Dead
2021,4,M. gigas,North,HIOC,21,No Tide,41,19,1,Dead
2021,4,M. gigas,North,HIOC,21,No Tide,41,20,1,Dead
2021,4,M. gigas,North,HIOC,21,No Tide,41,21,1,Dead
2021,4,M. gigas,North,HIOC,21,No Tide,41,22,1,Dead
2021,4,M. gigas,North,HIOC,21,No Tide,41,23,1,Dead
2021,4,M. gigas,North,HIOC,21,No Tide,41,24,1,Dead
2021,4,M. gigas,North,HIOC,21,No Tide,41,25,1,Dead
2021,4,M. gigas,North,HIOC,21,No Tide,41,26,1,Dead
2021,4,M. gigas,North,HIOC,21,No Tide,41,27,1,Dead
2021,4,M. gigas,North,HIOC,21,No Tide,41,28,1,Dead
2021,4,M. gigas,North,HIOC,21,No Tide,41,29,1,Dead
2021,4,M. gigas,North,HIOC,21,No Tide,41,30,1,Dead
2021,4,M. gigas,North,HIOC,21,No Tide,41,31,1,Dead
2021,4,M. gigas,North,HIOC,21,No Tide,41,32,1,Dead
2021,4,M. gigas,North,HIOC,21,No Tide,41,33,1,Dead
2021,4,M. gigas,North,HIOC,21,No Tide,41,34,1,Dead
2021,4,M. gigas,North,HIOC,21,No Tide,41,35,1,Dead
2021,4,M. gigas,North,HIOC,21,No Tide,41,36,1,Dead
2021,4,M. gigas,North,HIOC,21,No Tide,41,37,1,Dead
2021,4,M. gigas,North,HIOC,21,No Tide,41,38,1,Dead
2021,4,M. gigas,North,HIOC,21,No Tide,41,39,1,Dead
2021,4,M. gigas,North,HIOC,21,No Tide,41,40,1,Dead
2021,4,M. gigas,North,HIOC,21,No Tide,41,41,1,Dead
2021,4,M. gigas,North,HIOC,21,No Tide,41,42,1,Dead
2021,4,M. gigas,North,HIOC,21,No Tide,41,43,1,Dead
2021,4,M. gigas,North,HIOC,21,No Tide,41,44,1,Dead
2021,4,M. gigas,North,HIOC,21,No Tide,41,45,1,Dead
2021,4,M. gigas,North,HIOC,21,No Tide,41,46,1,Dead
2021,4,M. gigas,North,HIOC,21,No Tide,41,47,1,Dead
2021,4,M. gigas,North,HIOC,21,No Tide,41,48,1,Dead
2021,4,M. gigas,North,HIOC,21,No Tide,41,49,1,Dead
2021,4,M. gigas,North,HIOC,21,No Tide,41,50,1,Dead
2021,4,M. gigas,North,HIOC,21,No Tide,41,51,1,Dead
2021,4,M. gigas,North,HIOC,21,No Tide,41,52,1,Dead
2021,4,M. gigas,North,HIOC,21,No Tide,41,53,1,Dead
2021,4,M. gigas,North,HIOC,21,No Tide,41,54,1,Dead
2021,4,M. gigas,North,HIOC,21,No Tide,41,55,1,Dead
2021,4,M. gigas,North,HIOC,21,No Tide,41,56,1,Dead
2021,4,M. gigas,North,HIOC,21,No Tide,41,57,1,Dead
2021,4,M. gigas,North,HIOC,21,No Tide,41,58,1,Dead
2021,4,M. gigas,North,HIOC,21,No Tide,41,59,1,Dead
2021,4,M. gigas,North,HIOC,21,No Tide,41,60,1,Dead
2021,4,M. gigas,North,HIOC,21,No Tide,41,61,1,Dead
2021,4,M. gigas,North,HIOC,21,No Tide,41,62,1,Dead
2021,4,M. gigas,North,HIOC,21,No Tide,41,63,1,Dead
2021,4,M. gigas,North,HIOC,21,No Tide,41,64,1,Dead
2021,4,M. gigas,North,HIOC,21,No Tide,41,65,1,Dead
2021,4,M. gigas,North,HIOC,21,No Tide,41,66,1,Dead
2021,4,M. gigas,North,HIOC,21,No Tide,41,67,1,Dead
2021,4,M. gigas,North,HIOC,21,No Tide,41,68,1,Dead
2021,4,M. gigas,North,HIOC,21,No Tide,41,69,1,Dead
2021,4,M. gigas,North,HIOC,21,No Tide,41,70,1,Dead
2021,4,M. gigas,North,HIOC,21,No Tide,41,71,1,Dead
2021,4,M. gigas,North,HIOC,21,No Tide,41,72,1,Dead
2021,4,M. gigas,North,HIOC,21,No Tide,41,73,1,Dead
2021,4,M. gigas,North,HIOC,21,No Tide,41,74,1,Dead
2021,4,M. gigas,North,HIOC,21,No Tide,41,75,1,Dead
2021,4,M. gigas,North,HIOC,21,No Tide,41,76,1,Dead
2021,4,M. gigas,North,HIOC,21,No Tide,41,77,1,Dead
2021,4,M. gigas,North,HIOC,21,No Tide,41,78,1,Dead
2021,4,M. gigas,North,HIOC,21,No Tide,41,79,1,Dead
2021,4,M. gigas,North,HIOC,21,No Tide,41,80,1,Dead
2021,4,M. gigas,North,HIOC,21,No Tide,41,81,1,Dead
2021,4,M. gigas,North,HIOC,21,No Tide,41,82,1,Dead
2021,4,M. gigas,North,HIOC,21,No Tide,41,83,1,Dead
2021,4,M. gigas,North,HIOC,21,No Tide,41,84,1,Dead
2021,4,M. gigas,North,HIOC,21,No Tide,41,85,1,Dead
2021,4,M. gigas,North,HIOC,21,No Tide,41,86,1,Dead
2021,4,M. gigas,North,HIOC,21,No Tide,41,87,1,Dead
2021,4,M. gigas,North,HIOC,21,No Tide,41,88,1,Dead
2021,4,M. gigas,North,HIOC,21,No Tide,41,89,1,Dead
2021,4,M. gigas,North,HIOC,21,No Tide,41,90,1,Dead
2021,4,M. gigas,North,HIOC,21,No Tide,41,91,1,Dead
2021,4,M. gigas,North,HIOC,21,No Tide,41,92,1,Dead
2021,4,M. gigas,North,HIOC,21,No Tide,41,93,1,Dead
2021,4,M. gigas,North,HIOC,21,No Tide,41,94,1,Dead
2021,4,M. gigas,North,HIOC,21,No Tide,41,95,1,Dead
2021,4,M. gigas,North,HIOC,21,No Tide,41,96,1,Dead
2021,4,M. gigas,North,HIOC,21,No Tide,41,97,1,Dead
2021,4,M. gigas,North,HIOC,21,No Tide,41,98,1,Dead
2021,4,M. gigas,North,HIOC,21,No Tide,41,99,1,Dead
2021,4,M. gigas,North,HIOC,21,No Tide,41,100,1,Dead
2021,4,M. gigas,North,HIOC,21,No Tide,41,101,1,Dead
2021,4,M. gigas,North,HIOC,21,No Tide,41,102,1,Dead
2021,4,M. gigas,North,HIOC,21,No Tide,41,103,1,Dead
2021,4,M. gigas,North,HIOC,21,No Tide,41,104,1,Dead
2021,4,M. gigas,North,HIOC,21,No Tide,41,105,1,Dead
2021,4,M. gigas,North,HIOC,21,No Tide,41,106,1,Dead
2021,4,M. gigas,North,HIOC,21,No Tide,41,107,1,Dead
2021,4,M. gigas,North,HIOC,21,No Tide,41,108,1,Dead
2021,4,M. gigas,North,HIOC,21,No Tide,41,109,1,Dead
2021,4,M. gigas,North,HIOC,21,No Tide,41,110,1,Dead
2021,4,M. gigas,North,HIOC,21,No Tide,41,111,1,Dead
2021,4,M. gigas,North,HIOC,21,No Tide,41,112,1,Dead
2021,4,M. gigas,North,HIOC,21,No Tide,41,113,1,Dead
2021,4,M. gigas,North,HIOC,21,No Tide,41,114,1,Dead
2021,4,M. gigas,North,HIOC,21,No Tide,41,115,1,Dead
2021,4,M. gigas,North,HIOC,21,No Tide,41,116,1,Dead
2021,4,M. gigas,North,HIOC,21,No Tide,41,117,1,Dead
2021,4,M. gigas,North,HIOC,21,No Tide,41,118,1,Dead
2021,4,M. gigas,North,HIOC,21,No Tide,41,119,1,Dead
2021,4,M. gigas,North,HIOC,21,No Tide,41,120,1,Dead
2021,4,M. gigas,North,HIOC,21,No Tide,41,121,1,Dead
2021,4,M. gigas,North,HIOC,21,No Tide,41,122,1,Dead
2021,4,M. gigas,North,HIOC,21,No Tide,41,123,1,Dead
2021,4,M. gigas,North,HIOC,21,No Tide,41,124,1,Dead
2021,4,M. gigas,North,HIOC,21,No Tide,41,125,1,Dead
2021,4,M. gigas,North,HIOC,21,No Tide,41,126,1,Dead
2021,4,M. gigas,North,HIOC,21,No Tide,41,127,1,Dead
2021,4,M. gigas,North,HIOC,21,No Tide,41,128,1,Dead
2021,4,M. gigas,North,HIOC,21,No Tide,41,129,1,Dead
2021,4,M. gigas,North,HIOC,21,No Tide,41,130,1,Dead
2021,4,M. gigas,North,HIOC,21,No Tide,41,131,1,Dead
2021,4,M. gigas,North,HIOC,21,No Tide,41,132,1,Dead
2021,4,M. gigas,North,HIOC,21,No Tide,41,133,1,Dead
2021,4,M. gigas,North,HIOC,21,No Tide,41,134,1,Dead
2021,4,M. gigas,North,HIOC,21,No Tide,41,135,1,Dead
2021,4,M. gigas,North,HIOC,21,No Tide,41,136,1,Dead
2021,4,M. gigas,North,HIOC,21,No Tide,41,137,1,Dead
2021,4,M. gigas,North,HIOC,21,No Tide,41,138,1,Dead
2021,4,M. gigas,North,HIOC,21,No Tide,41,139,1,Dead
2021,4,M. gigas,North,HIOC,21,No Tide,41,140,1,Dead
2021,4,M. gigas,North,HIOC,21,No Tide,41,141,1,Dead
2021,4,M. gigas,North,HIOC,21,No Tide,41,142,1,Dead
2021,4,M. gigas,North,HIOC,21,No Tide,41,143,1,Dead
2021,4,M. gigas,North,HIOC,21,No Tide,41,144,1,Dead
2021,4,M. gigas,North,HIOC,21,No Tide,41,145,1,Dead
2021,4,M. gigas,North,HIOC,21,No Tide,41,146,1,Dead
2021,4,M. gigas,North,HIOC,21,No Tide,41,147,0,Alive
2021,4,M. gigas,North,HIOC,21,No Tide,41,148,0,Alive
2021,4,M. gigas,North,HIOC,21,No Tide,41,149,0,Alive
2021,4,M. gigas,North,HIOC,21,No Tide,41,150,0,Alive
2021,4,M. gigas,North,HIOC,21,No Tide,41,151,0,Alive
2021,4,M. gigas,North,HIOC,21,No Tide,41,152,0,Alive
2021,4,M. gigas,North,HIOC,21,No Tide,41,153,0,Alive
2021,4,M. gigas,North,HIOC,21,No Tide,41,154,0,Alive
2021,4,M. gigas,North,HIOC,21,No Tide,41,155,0,Alive
2021,4,M. gigas,North,HIOC,21,No Tide,41,156,0,Alive
2021,4,M. gigas,North,HIOC,21,No Tide,41,157,0,Alive
2021,4,M. gigas,North,HIOC,21,No Tide,41,158,0,Alive
2021,4,M. gigas,North,HIOC,21,No Tide,41,159,0,Alive
2021,4,M. gigas,North,HIOC,21,No Tide,41,160,0,Alive
2021,4,M. gigas,North,HIOC,21,No Tide,41,161,0,Alive
2021,4,M. gigas,North,HIOC,21,No Tide,41,162,0,Alive
2021,4,M. gigas,North,HIOC,21,No Tide,41,163,0,Alive
2021,4,M. gigas,North,HIOC,21,No Tide,41,164,0,Alive
2021,4,M. gigas,North,HIOC,21,No Tide,41,165,0,Alive
2021,4,M. gigas,North,HIOC,21,No Tide,41,166,0,Alive
2021,4,M. gigas,North,HIOC,21,No Tide,41,167,0,Alive
2021,4,M. gigas,North,HIOC,21,No Tide,41,168,0,Alive
2021,4,M. gigas,North,HIOC,21,No Tide,41,169,0,Alive
2021,4,M. gigas,North,HIOC,21,No Tide,41,170,0,Alive
2021,4,M. gigas,North,HIOC,21,No Tide,41,171,0,Alive
2021,4,M. gigas,North,HIOC,21,No Tide,41,172,0,Alive
2021,4,M. gigas,North,HIOC,21,No Tide,41,173,0,Alive
2021,4,M. gigas,North,HIOC,21,No Tide,41,174,0,Alive
2021,4,M. gigas,North,HIOC,21,No Tide,41,175,0,Alive
2021,4,M. gigas,North,HIOC,21,No Tide,41,176,0,Alive
2021,4,M. gigas,North,HIOC,21,No Tide,41,177,0,Alive
2021,4,M. gigas,North,HIOC,21,No Tide,41,178,0,Alive
2021,4,M. gigas,North,HIOC,21,No Tide,41,179,0,Alive
2021,4,M. gigas,North,HIOC,21,No Tide,41,180,0,Alive
2021,4,M. gigas,North,HIOC,21,No Tide,41,181,0,Alive
2021,4,M. gigas,North,HIOC,21,No Tide,41,182,0,Alive
2021,4,M. gigas,North,HIOC,21,No Tide,41,183,0,Alive
2021,4,M. gigas,North,HIOC,21,No Tide,41,184,0,Alive
2021,4,M. gigas,North,HIOC,21,No Tide,41,185,0,Alive
2021,4,M. gigas,North,HIOC,21,No Tide,41,186,0,Alive
2021,4,M. gigas,North,HIOC,21,No Tide,41,187,0,Alive
2021,4,M. gigas,North,HIOC,21,No Tide,41,188,0,Alive
2021,4,M. gigas,North,HIOC,21,No Tide,41,189,0,Alive
2021,4,M. gigas,North,HIOC,21,No Tide,41,190,0,Alive
2021,4,M. gigas,North,HIOC,21,No Tide,41,191,0,Alive
2021,4,M. gigas,North,HIOC,21,No Tide,41,192,0,Alive
2021,4,M. gigas,North,HIOC,21,No Tide,41,193,0,Alive
2021,4,M. gigas,North,HIOC,21,No Tide,41,194,0,Alive
2021,4,M. gigas,North,HIOC,21,No Tide,41,195,0,Alive
2021,4,M. gigas,North,HIOC,21,No Tide,41,196,0,Alive
2021,4,M. gigas,North,HIOC,21,No Tide,41,197,0,Alive
2021,4,M. gigas,North,HIOC,21,No Tide,41,198,0,Alive
2021,4,M. gigas,North,HIOC,21,No Tide,41,199,0,Alive
2021,4,M. gigas,North,HIOC,21,No Tide,41,200,0,Alive
2021,4,M. gigas,North,HIOC,21,No Tide,41,201,0,Alive
2021,4,M. gigas,North,HIOC,21,No Tide,41,202,0,Alive
2021,4,M. gigas,North,HIOC,21,No Tide,41,203,0,Alive
2021,4,M. gigas,North,HIOC,21,No Tide,41,204,0,Alive
2021,4,M. gigas,North,HIOC,21,No Tide,41,205,0,Alive
2021,4,M. gigas,North,HIOC,21,No Tide,41,206,0,Alive
2021,4,M. gigas,North,HIOC,21,No Tide,41,207,0,Alive
2021,4,M. gigas,North,HIOC,21,No Tide,41,208,0,Alive
2021,4,M. gigas,North,HIOC,21,No Tide,41,209,0,Alive
2021,4,M. gigas,North,HIOC,21,No Tide,41,210,0,Alive
2021,4,M. gigas,North,HIOC,21,No Tide,41,211,0,Alive
2021,4,M. gigas,North,HIOC,21,No Tide,41,212,0,Alive
2021,4,M. gigas,North,HIOC,21,No Tide,41,213,0,Alive
2021,4,M. gigas,North,HIOC,21,No Tide,41,214,0,Alive
2021,4,M. gigas,North,HIOC,21,No Tide,41,215,0,Alive
2021,4,M. gigas,North,HIOC,21,No Tide,41,216,0,Alive
2021,4,M. gigas,North,HIOC,21,No Tide,41,217,0,Alive
2021,4,M. gigas,North,HIOC,21,No Tide,41,218,0,Alive
2021,4,M. gigas,North,HIOC,21,No Tide,41,219,0,Alive
2021,4,M. gigas,North,HIOC,21,No Tide,41,220,0,Alive
2021,4,M. gigas,North,HIOC,21,No Tide,41,221,0,Alive
2021,4,M. gigas,North,HIOC,21,No Tide,41,222,0,Alive
2021,4,M. gigas,North,HIOC,21,No Tide,41,223,0,Alive
2021,4,M. gigas,North,HIOC,21,No Tide,41,224,0,Alive
2021,4,M. gigas,North,HIOC,21,No Tide,41,225,0,Alive
2021,4,M. gigas,North,HIOC,21,No Tide,42,1,1,Dead
2021,4,M. gigas,North,HIOC,21,No Tide,42,2,1,Dead
2021,4,M. gigas,North,HIOC,21,No Tide,42,3,1,Dead
2021,4,M. gigas,North,HIOC,21,No Tide,42,4,1,Dead
2021,4,M. gigas,North,HIOC,21,No Tide,42,5,1,Dead
2021,4,M. gigas,North,HIOC,21,No Tide,42,6,1,Dead
2021,4,M. gigas,North,HIOC,21,No Tide,42,7,1,Dead
2021,4,M. gigas,North,HIOC,21,No Tide,42,8,1,Dead
2021,4,M. gigas,North,HIOC,21,No Tide,42,9,1,Dead
2021,4,M. gigas,North,HIOC,21,No Tide,42,10,1,Dead
2021,4,M. gigas,North,HIOC,21,No Tide,42,11,1,Dead
2021,4,M. gigas,North,HIOC,21,No Tide,42,12,1,Dead
2021,4,M. gigas,North,HIOC,21,No Tide,42,13,1,Dead
2021,4,M. gigas,North,HIOC,21,No Tide,42,14,1,Dead
2021,4,M. gigas,North,HIOC,21,No Tide,42,15,1,Dead
2021,4,M. gigas,North,HIOC,21,No Tide,42,16,1,Dead
2021,4,M. gigas,North,HIOC,21,No Tide,42,17,1,Dead
2021,4,M. gigas,North,HIOC,21,No Tide,42,18,1,Dead
2021,4,M. gigas,North,HIOC,21,No Tide,42,19,1,Dead
2021,4,M. gigas,North,HIOC,21,No Tide,42,20,1,Dead
2021,4,M. gigas,North,HIOC,21,No Tide,42,21,1,Dead
2021,4,M. gigas,North,HIOC,21,No Tide,42,22,1,Dead
2021,4,M. gigas,North,HIOC,21,No Tide,42,23,1,Dead
2021,4,M. gigas,North,HIOC,21,No Tide,42,24,1,Dead
2021,4,M. gigas,North,HIOC,21,No Tide,42,25,1,Dead
2021,4,M. gigas,North,HIOC,21,No Tide,42,26,1,Dead
2021,4,M. gigas,North,HIOC,21,No Tide,42,27,1,Dead
2021,4,M. gigas,North,HIOC,21,No Tide,42,28,1,Dead
2021,4,M. gigas,North,HIOC,21,No Tide,42,29,1,Dead
2021,4,M. gigas,North,HIOC,21,No Tide,42,30,1,Dead
2021,4,M. gigas,North,HIOC,21,No Tide,42,31,1,Dead
2021,4,M. gigas,North,HIOC,21,No Tide,42,32,1,Dead
2021,4,M. gigas,North,HIOC,21,No Tide,42,33,1,Dead
2021,4,M. gigas,North,HIOC,21,No Tide,42,34,1,Dead
2021,4,M. gigas,North,HIOC,21,No Tide,42,35,1,Dead
2021,4,M. gigas,North,HIOC,21,No Tide,42,36,1,Dead
2021,4,M. gigas,North,HIOC,21,No Tide,42,37,1,Dead
2021,4,M. gigas,North,HIOC,21,No Tide,42,38,1,Dead
2021,4,M. gigas,North,HIOC,21,No Tide,42,39,1,Dead
2021,4,M. gigas,North,HIOC,21,No Tide,42,40,1,Dead
2021,4,M. gigas,North,HIOC,21,No Tide,42,41,1,Dead
2021,4,M. gigas,North,HIOC,21,No Tide,42,42,1,Dead
2021,4,M. gigas,North,HIOC,21,No Tide,42,43,1,Dead
2021,4,M. gigas,North,HIOC,21,No Tide,42,44,1,Dead
2021,4,M. gigas,North,HIOC,21,No Tide,42,45,1,Dead
2021,4,M. gigas,North,HIOC,21,No Tide,42,46,1,Dead
2021,4,M. gigas,North,HIOC,21,No Tide,42,47,1,Dead
2021,4,M. gigas,North,HIOC,21,No Tide,42,48,1,Dead
2021,4,M. gigas,North,HIOC,21,No Tide,42,49,1,Dead
2021,4,M. gigas,North,HIOC,21,No Tide,42,50,1,Dead
2021,4,M. gigas,North,HIOC,21,No Tide,42,51,1,Dead
2021,4,M. gigas,North,HIOC,21,No Tide,42,52,1,Dead
2021,4,M. gigas,North,HIOC,21,No Tide,42,53,1,Dead
2021,4,M. gigas,North,HIOC,21,No Tide,42,54,1,Dead
2021,4,M. gigas,North,HIOC,21,No Tide,42,55,1,Dead
2021,4,M. gigas,North,HIOC,21,No Tide,42,56,1,Dead
2021,4,M. gigas,North,HIOC,21,No Tide,42,57,1,Dead
2021,4,M. gigas,North,HIOC,21,No Tide,42,58,1,Dead
2021,4,M. gigas,North,HIOC,21,No Tide,42,59,1,Dead
2021,4,M. gigas,North,HIOC,21,No Tide,42,60,1,Dead
2021,4,M. gigas,North,HIOC,21,No Tide,42,61,1,Dead
2021,4,M. gigas,North,HIOC,21,No Tide,42,62,1,Dead
2021,4,M. gigas,North,HIOC,21,No Tide,42,63,1,Dead
2021,4,M. gigas,North,HIOC,21,No Tide,42,64,1,Dead
2021,4,M. gigas,North,HIOC,21,No Tide,42,65,1,Dead
2021,4,M. gigas,North,HIOC,21,No Tide,42,66,1,Dead
2021,4,M. gigas,North,HIOC,21,No Tide,42,67,1,Dead
2021,4,M. gigas,North,HIOC,21,No Tide,42,68,1,Dead
2021,4,M. gigas,North,HIOC,21,No Tide,42,69,1,Dead
2021,4,M. gigas,North,HIOC,21,No Tide,42,70,1,Dead
2021,4,M. gigas,North,HIOC,21,No Tide,42,71,1,Dead
2021,4,M. gigas,North,HIOC,21,No Tide,42,72,1,Dead
2021,4,M. gigas,North,HIOC,21,No Tide,42,73,1,Dead
2021,4,M. gigas,North,HIOC,21,No Tide,42,74,1,Dead
2021,4,M. gigas,North,HIOC,21,No Tide,42,75,1,Dead
2021,4,M. gigas,North,HIOC,21,No Tide,42,76,1,Dead
2021,4,M. gigas,North,HIOC,21,No Tide,42,77,1,Dead
2021,4,M. gigas,North,HIOC,21,No Tide,42,78,1,Dead
2021,4,M. gigas,North,HIOC,21,No Tide,42,79,1,Dead
2021,4,M. gigas,North,HIOC,21,No Tide,42,80,1,Dead
2021,4,M. gigas,North,HIOC,21,No Tide,42,81,1,Dead
2021,4,M. gigas,North,HIOC,21,No Tide,42,82,1,Dead
2021,4,M. gigas,North,HIOC,21,No Tide,42,83,1,Dead
2021,4,M. gigas,North,HIOC,21,No Tide,42,84,1,Dead
2021,4,M. gigas,North,HIOC,21,No Tide,42,85,1,Dead
2021,4,M. gigas,North,HIOC,21,No Tide,42,86,1,Dead
2021,4,M. gigas,North,HIOC,21,No Tide,42,87,1,Dead
2021,4,M. gigas,North,HIOC,21,No Tide,42,88,1,Dead
2021,4,M. gigas,North,HIOC,21,No Tide,42,89,1,Dead
2021,4,M. gigas,North,HIOC,21,No Tide,42,90,1,Dead
2021,4,M. gigas,North,HIOC,21,No Tide,42,91,1,Dead
2021,4,M. gigas,North,HIOC,21,No Tide,42,92,1,Dead
2021,4,M. gigas,North,HIOC,21,No Tide,42,93,1,Dead
2021,4,M. gigas,North,HIOC,21,No Tide,42,94,1,Dead
2021,4,M. gigas,North,HIOC,21,No Tide,42,95,1,Dead
2021,4,M. gigas,North,HIOC,21,No Tide,42,96,1,Dead
2021,4,M. gigas,North,HIOC,21,No Tide,42,97,1,Dead
2021,4,M. gigas,North,HIOC,21,No Tide,42,98,1,Dead
2021,4,M. gigas,North,HIOC,21,No Tide,42,99,1,Dead
2021,4,M. gigas,North,HIOC,21,No Tide,42,100,1,Dead
2021,4,M. gigas,North,HIOC,21,No Tide,42,101,1,Dead
2021,4,M. gigas,North,HIOC,21,No Tide,42,102,1,Dead
2021,4,M. gigas,North,HIOC,21,No Tide,42,103,1,Dead
2021,4,M. gigas,North,HIOC,21,No Tide,42,104,1,Dead
2021,4,M. gigas,North,HIOC,21,No Tide,42,105,1,Dead
2021,4,M. gigas,North,HIOC,21,No Tide,42,106,1,Dead
2021,4,M. gigas,North,HIOC,21,No Tide,42,107,1,Dead
2021,4,M. gigas,North,HIOC,21,No Tide,42,108,1,Dead
2021,4,M. gigas,North,HIOC,21,No Tide,42,109,1,Dead
2021,4,M. gigas,North,HIOC,21,No Tide,42,110,1,Dead
2021,4,M. gigas,North,HIOC,21,No Tide,42,111,1,Dead
2021,4,M. gigas,North,HIOC,21,No Tide,42,112,1,Dead
2021,4,M. gigas,North,HIOC,21,No Tide,42,113,1,Dead
2021,4,M. gigas,North,HIOC,21,No Tide,42,114,1,Dead
2021,4,M. gigas,North,HIOC,21,No Tide,42,115,1,Dead
2021,4,M. gigas,North,HIOC,21,No Tide,42,116,1,Dead
2021,4,M. gigas,North,HIOC,21,No Tide,42,117,1,Dead
2021,4,M. gigas,North,HIOC,21,No Tide,42,118,1,Dead
2021,4,M. gigas,North,HIOC,21,No Tide,42,119,0,Alive
2021,4,M. gigas,North,HIOC,21,No Tide,42,120,0,Alive
2021,4,M. gigas,North,HIOC,21,No Tide,42,121,0,Alive
2021,4,M. gigas,North,HIOC,21,No Tide,42,122,0,Alive
2021,4,M. gigas,North,HIOC,21,No Tide,42,123,0,Alive
2021,4,M. gigas,North,HIOC,21,No Tide,42,124,0,Alive
2021,4,M. gigas,North,HIOC,21,No Tide,42,125,0,Alive
2021,4,M. gigas,North,HIOC,21,No Tide,42,126,0,Alive
2021,4,M. gigas,North,HIOC,21,No Tide,42,127,0,Alive
2021,4,M. gigas,North,HIOC,21,No Tide,42,128,0,Alive
2021,4,M. gigas,North,HIOC,21,No Tide,42,129,0,Alive
2021,4,M. gigas,North,HIOC,21,No Tide,42,130,0,Alive
2021,4,M. gigas,North,HIOC,21,No Tide,42,131,0,Alive
2021,4,M. gigas,North,HIOC,21,No Tide,42,132,0,Alive
2021,4,M. gigas,North,HIOC,21,No Tide,42,133,0,Alive
2021,4,M. gigas,North,HIOC,21,No Tide,42,134,0,Alive
2021,4,M. gigas,North,HIOC,21,No Tide,42,135,0,Alive
2021,4,M. gigas,North,HIOC,21,No Tide,42,136,0,Alive
2021,4,M. gigas,North,HIOC,21,No Tide,42,137,0,Alive
2021,4,M. gigas,North,HIOC,21,No Tide,42,138,0,Alive
2021,4,M. gigas,North,HIOC,21,No Tide,42,139,0,Alive
2021,4,M. gigas,North,HIOC,21,No Tide,42,140,0,Alive
2021,4,M. gigas,North,HIOC,21,No Tide,42,141,0,Alive
2021,4,M. gigas,North,HIOC,21,No Tide,42,142,0,Alive
2021,4,M. gigas,North,HIOC,21,No Tide,42,143,0,Alive
2021,4,M. gigas,North,HIOC,21,No Tide,42,144,0,Alive
2021,4,M. gigas,North,HIOC,21,No Tide,42,145,0,Alive
2021,4,M. gigas,North,HIOC,21,No Tide,42,146,0,Alive
2021,4,M. gigas,North,HIOC,21,No Tide,42,147,0,Alive
2021,4,M. gigas,North,HIOC,21,No Tide,42,148,0,Alive
2021,4,M. gigas,North,HIOC,21,No Tide,42,149,0,Alive
2021,4,M. gigas,North,HIOC,21,No Tide,42,150,0,Alive
2021,4,M. gigas,North,HIOC,21,No Tide,42,151,0,Alive
2021,4,M. gigas,North,HIOC,21,No Tide,42,152,0,Alive
2021,4,M. gigas,North,HIOC,21,No Tide,42,153,0,Alive
2021,4,M. gigas,North,HIOC,21,No Tide,42,154,0,Alive
2021,4,M. gigas,North,HIOC,21,No Tide,42,155,0,Alive
2021,4,M. gigas,North,HIOC,21,No Tide,42,156,0,Alive
2021,4,M. gigas,North,HIOC,21,No Tide,42,157,0,Alive
2021,4,M. gigas,North,HIOC,21,No Tide,42,158,0,Alive
2021,4,M. gigas,North,HIOC,21,No Tide,42,159,0,Alive
2021,4,M. gigas,North,HIOC,21,No Tide,42,160,0,Alive
2021,4,M. gigas,North,HIOC,21,No Tide,42,161,0,Alive
2021,4,M. gigas,North,HIOC,21,No Tide,42,162,0,Alive
2021,4,M. gigas,North,HIOC,21,No Tide,42,163,0,Alive
2021,4,M. gigas,North,HIOC,21,No Tide,42,164,0,Alive
2021,4,M. gigas,North,HIOC,21,No Tide,42,165,0,Alive
2021,4,M. gigas,North,HIOC,21,No Tide,42,166,0,Alive
2021,4,M. gigas,North,HIOC,21,No Tide,42,167,0,Alive
2021,4,M. gigas,North,HIOC,21,No Tide,42,168,0,Alive
2021,4,M. gigas,North,HIOC,21,No Tide,42,169,0,Alive
2021,4,M. gigas,North,HIOC,21,No Tide,42,170,0,Alive
2021,4,M. gigas,North,HIOC,21,No Tide,42,171,0,Alive
2021,4,M. gigas,North,HIOC,21,No Tide,42,172,0,Alive
2021,4,M. gigas,North,HIOC,21,No Tide,42,173,0,Alive
2021,4,M. gigas,North,HIOC,21,No Tide,42,174,0,Alive
2021,4,M. gigas,North,HIOC,21,No Tide,42,175,0,Alive
2021,4,M. gigas,North,HIOC,21,No Tide,42,176,0,Alive
2021,4,M. gigas,North,HIOC,21,No Tide,42,177,0,Alive
2021,4,M. gigas,North,HIOC,21,No Tide,42,178,0,Alive
2021,4,M. gigas,North,HIOC,21,No Tide,42,179,0,Alive
2021,4,M. gigas,North,HIOC,21,No Tide,42,180,0,Alive
2021,4,M. gigas,North,HIOC,21,No Tide,42,181,0,Alive
2021,4,M. gigas,North,HIOC,21,No Tide,42,182,0,Alive
2021,4,M. gigas,North,HIOC,21,No Tide,42,183,0,Alive
2021,4,M. gigas,North,HIOC,21,No Tide,42,184,0,Alive
2021,4,M. gigas,North,HIOC,21,No Tide,42,185,0,Alive
2021,4,M. gigas,North,HIOC,21,No Tide,42,186,0,Alive
2021,4,M. gigas,North,HIOC,21,No Tide,42,187,0,Alive
2021,4,M. gigas,North,HIOC,21,No Tide,42,188,0,Alive
2021,4,M. gigas,North,HIOC,21,No Tide,42,189,0,Alive
2021,4,M. gigas,North,HIOC,21,No Tide,42,190,0,Alive
2021,4,M. gigas,North,HIOC,21,No Tide,42,191,0,Alive
2021,4,M. gigas,North,HIOC,21,No Tide,42,192,0,Alive
2021,4,M. gigas,North,HIOC,21,No Tide,42,193,0,Alive
2021,4,M. gigas,North,HIOC,21,No Tide,42,194,0,Alive
2021,4,M. gigas,North,HIOC,21,No Tide,42,195,0,Alive
2021,4,M. gigas,North,HIOC,21,No Tide,42,196,0,Alive
2021,4,M. gigas,North,HIOC,21,No Tide,42,197,0,Alive
2021,4,M. gigas,North,HIOC,21,No Tide,42,198,0,Alive
2021,4,M. gigas,North,HIOC,21,No Tide,42,199,0,Alive
2021,4,M. gigas,North,HIOC,21,No Tide,42,200,0,Alive
2021,4,M. gigas,North,HIOC,21,No Tide,42,201,0,Alive
2021,4,M. gigas,North,HIOC,21,No Tide,42,202,0,Alive
2021,4,M. gigas,North,HIOC,21,No Tide,42,203,0,Alive
2021,4,M. gigas,North,HIOC,21,No Tide,42,204,0,Alive
2021,4,M. gigas,North,HIOC,21,No Tide,42,205,0,Alive
2021,4,M. gigas,North,HIOC,21,No Tide,42,206,0,Alive
2021,4,M. gigas,North,HIOC,21,No Tide,42,207,0,Alive
2021,4,M. gigas,North,HIOC,21,No Tide,42,208,0,Alive
2021,4,M. gigas,North,HIOC,21,No Tide,42,209,0,Alive
2021,4,M. gigas,North,HIOC,21,No Tide,42,210,0,Alive
2021,4,M. gigas,North,HIOC,21,No Tide,42,211,0,Alive
2021,4,M. gigas,North,HIOC,21,No Tide,42,212,0,Alive
2021,4,M. gigas,North,HIOC,21,No Tide,42,213,0,Alive
2021,4,M. gigas,North,HIOC,21,No Tide,42,214,0,Alive
2021,4,M. gigas,North,HIOC,21,No Tide,42,215,0,Alive
2021,4,M. gigas,North,HIOC,21,No Tide,42,216,0,Alive
2021,4,M. gigas,North,HIOC,21,No Tide,42,217,0,Alive
2021,4,M. gigas,North,HIOC,21,No Tide,42,218,0,Alive
2021,4,M. gigas,North,HIOC,21,No Tide,42,219,0,Alive
2021,4,M. gigas,North,HIOC,21,No Tide,42,220,0,Alive
2021,4,M. gigas,North,HIOC,21,No Tide,42,221,0,Alive
2021,4,M. gigas,North,HIOC,21,No Tide,42,222,0,Alive
2021,4,M. gigas,North,HIOC,21,No Tide,42,223,0,Alive
2021,4,M. gigas,North,HIOC,21,No Tide,42,224,0,Alive
2021,4,M. gigas,North,HIOC,21,No Tide,42,225,0,Alive
2021,4,M. gigas,North,HIOC,21,No Tide,43,1,1,Dead
2021,4,M. gigas,North,HIOC,21,No Tide,43,2,1,Dead
2021,4,M. gigas,North,HIOC,21,No Tide,43,3,1,Dead
2021,4,M. gigas,North,HIOC,21,No Tide,43,4,1,Dead
2021,4,M. gigas,North,HIOC,21,No Tide,43,5,1,Dead
2021,4,M. gigas,North,HIOC,21,No Tide,43,6,1,Dead
2021,4,M. gigas,North,HIOC,21,No Tide,43,7,1,Dead
2021,4,M. gigas,North,HIOC,21,No Tide,43,8,1,Dead
2021,4,M. gigas,North,HIOC,21,No Tide,43,9,1,Dead
2021,4,M. gigas,North,HIOC,21,No Tide,43,10,1,Dead
2021,4,M. gigas,North,HIOC,21,No Tide,43,11,1,Dead
2021,4,M. gigas,North,HIOC,21,No Tide,43,12,1,Dead
2021,4,M. gigas,North,HIOC,21,No Tide,43,13,1,Dead
2021,4,M. gigas,North,HIOC,21,No Tide,43,14,1,Dead
2021,4,M. gigas,North,HIOC,21,No Tide,43,15,1,Dead
2021,4,M. gigas,North,HIOC,21,No Tide,43,16,1,Dead
2021,4,M. gigas,North,HIOC,21,No Tide,43,17,1,Dead
2021,4,M. gigas,North,HIOC,21,No Tide,43,18,1,Dead
2021,4,M. gigas,North,HIOC,21,No Tide,43,19,1,Dead
2021,4,M. gigas,North,HIOC,21,No Tide,43,20,1,Dead
2021,4,M. gigas,North,HIOC,21,No Tide,43,21,1,Dead
2021,4,M. gigas,North,HIOC,21,No Tide,43,22,1,Dead
2021,4,M. gigas,North,HIOC,21,No Tide,43,23,1,Dead
2021,4,M. gigas,North,HIOC,21,No Tide,43,24,1,Dead
2021,4,M. gigas,North,HIOC,21,No Tide,43,25,1,Dead
2021,4,M. gigas,North,HIOC,21,No Tide,43,26,1,Dead
2021,4,M. gigas,North,HIOC,21,No Tide,43,27,1,Dead
2021,4,M. gigas,North,HIOC,21,No Tide,43,28,1,Dead
2021,4,M. gigas,North,HIOC,21,No Tide,43,29,1,Dead
2021,4,M. gigas,North,HIOC,21,No Tide,43,30,1,Dead
2021,4,M. gigas,North,HIOC,21,No Tide,43,31,1,Dead
2021,4,M. gigas,North,HIOC,21,No Tide,43,32,1,Dead
2021,4,M. gigas,North,HIOC,21,No Tide,43,33,1,Dead
2021,4,M. gigas,North,HIOC,21,No Tide,43,34,1,Dead
2021,4,M. gigas,North,HIOC,21,No Tide,43,35,1,Dead
2021,4,M. gigas,North,HIOC,21,No Tide,43,36,1,Dead
2021,4,M. gigas,North,HIOC,21,No Tide,43,37,1,Dead
2021,4,M. gigas,North,HIOC,21,No Tide,43,38,1,Dead
2021,4,M. gigas,North,HIOC,21,No Tide,43,39,1,Dead
2021,4,M. gigas,North,HIOC,21,No Tide,43,40,1,Dead
2021,4,M. gigas,North,HIOC,21,No Tide,43,41,1,Dead
2021,4,M. gigas,North,HIOC,21,No Tide,43,42,1,Dead
2021,4,M. gigas,North,HIOC,21,No Tide,43,43,1,Dead
2021,4,M. gigas,North,HIOC,21,No Tide,43,44,1,Dead
2021,4,M. gigas,North,HIOC,21,No Tide,43,45,1,Dead
2021,4,M. gigas,North,HIOC,21,No Tide,43,46,1,Dead
2021,4,M. gigas,North,HIOC,21,No Tide,43,47,1,Dead
2021,4,M. gigas,North,HIOC,21,No Tide,43,48,1,Dead
2021,4,M. gigas,North,HIOC,21,No Tide,43,49,1,Dead
2021,4,M. gigas,North,HIOC,21,No Tide,43,50,1,Dead
2021,4,M. gigas,North,HIOC,21,No Tide,43,51,1,Dead
2021,4,M. gigas,North,HIOC,21,No Tide,43,52,1,Dead
2021,4,M. gigas,North,HIOC,21,No Tide,43,53,1,Dead
2021,4,M. gigas,North,HIOC,21,No Tide,43,54,1,Dead
2021,4,M. gigas,North,HIOC,21,No Tide,43,55,1,Dead
2021,4,M. gigas,North,HIOC,21,No Tide,43,56,1,Dead
2021,4,M. gigas,North,HIOC,21,No Tide,43,57,1,Dead
2021,4,M. gigas,North,HIOC,21,No Tide,43,58,1,Dead
2021,4,M. gigas,North,HIOC,21,No Tide,43,59,1,Dead
2021,4,M. gigas,North,HIOC,21,No Tide,43,60,1,Dead
2021,4,M. gigas,North,HIOC,21,No Tide,43,61,1,Dead
2021,4,M. gigas,North,HIOC,21,No Tide,43,62,1,Dead
2021,4,M. gigas,North,HIOC,21,No Tide,43,63,1,Dead
2021,4,M. gigas,North,HIOC,21,No Tide,43,64,1,Dead
2021,4,M. gigas,North,HIOC,21,No Tide,43,65,1,Dead
2021,4,M. gigas,North,HIOC,21,No Tide,43,66,1,Dead
2021,4,M. gigas,North,HIOC,21,No Tide,43,67,1,Dead
2021,4,M. gigas,North,HIOC,21,No Tide,43,68,1,Dead
2021,4,M. gigas,North,HIOC,21,No Tide,43,69,1,Dead
2021,4,M. gigas,North,HIOC,21,No Tide,43,70,1,Dead
2021,4,M. gigas,North,HIOC,21,No Tide,43,71,1,Dead
2021,4,M. gigas,North,HIOC,21,No Tide,43,72,1,Dead
2021,4,M. gigas,North,HIOC,21,No Tide,43,73,1,Dead
2021,4,M. gigas,North,HIOC,21,No Tide,43,74,1,Dead
2021,4,M. gigas,North,HIOC,21,No Tide,43,75,1,Dead
2021,4,M. gigas,North,HIOC,21,No Tide,43,76,1,Dead
2021,4,M. gigas,North,HIOC,21,No Tide,43,77,1,Dead
2021,4,M. gigas,North,HIOC,21,No Tide,43,78,1,Dead
2021,4,M. gigas,North,HIOC,21,No Tide,43,79,1,Dead
2021,4,M. gigas,North,HIOC,21,No Tide,43,80,1,Dead
2021,4,M. gigas,North,HIOC,21,No Tide,43,81,1,Dead
2021,4,M. gigas,North,HIOC,21,No Tide,43,82,1,Dead
2021,4,M. gigas,North,HIOC,21,No Tide,43,83,1,Dead
2021,4,M. gigas,North,HIOC,21,No Tide,43,84,1,Dead
2021,4,M. gigas,North,HIOC,21,No Tide,43,85,1,Dead
2021,4,M. gigas,North,HIOC,21,No Tide,43,86,1,Dead
2021,4,M. gigas,North,HIOC,21,No Tide,43,87,1,Dead
2021,4,M. gigas,North,HIOC,21,No Tide,43,88,1,Dead
2021,4,M. gigas,North,HIOC,21,No Tide,43,89,1,Dead
2021,4,M. gigas,North,HIOC,21,No Tide,43,90,1,Dead
2021,4,M. gigas,North,HIOC,21,No Tide,43,91,1,Dead
2021,4,M. gigas,North,HIOC,21,No Tide,43,92,1,Dead
2021,4,M. gigas,North,HIOC,21,No Tide,43,93,1,Dead
2021,4,M. gigas,North,HIOC,21,No Tide,43,94,1,Dead
2021,4,M. gigas,North,HIOC,21,No Tide,43,95,1,Dead
2021,4,M. gigas,North,HIOC,21,No Tide,43,96,1,Dead
2021,4,M. gigas,North,HIOC,21,No Tide,43,97,1,Dead
2021,4,M. gigas,North,HIOC,21,No Tide,43,98,1,Dead
2021,4,M. gigas,North,HIOC,21,No Tide,43,99,1,Dead
2021,4,M. gigas,North,HIOC,21,No Tide,43,100,1,Dead
2021,4,M. gigas,North,HIOC,21,No Tide,43,101,1,Dead
2021,4,M. gigas,North,HIOC,21,No Tide,43,102,1,Dead
2021,4,M. gigas,North,HIOC,21,No Tide,43,103,1,Dead
2021,4,M. gigas,North,HIOC,21,No Tide,43,104,1,Dead
2021,4,M. gigas,North,HIOC,21,No Tide,43,105,1,Dead
2021,4,M. gigas,North,HIOC,21,No Tide,43,106,1,Dead
2021,4,M. gigas,North,HIOC,21,No Tide,43,107,1,Dead
2021,4,M. gigas,North,HIOC,21,No Tide,43,108,1,Dead
2021,4,M. gigas,North,HIOC,21,No Tide,43,109,1,Dead
2021,4,M. gigas,North,HIOC,21,No Tide,43,110,1,Dead
2021,4,M. gigas,North,HIOC,21,No Tide,43,111,1,Dead
2021,4,M. gigas,North,HIOC,21,No Tide,43,112,1,Dead
2021,4,M. gigas,North,HIOC,21,No Tide,43,113,1,Dead
2021,4,M. gigas,North,HIOC,21,No Tide,43,114,1,Dead
2021,4,M. gigas,North,HIOC,21,No Tide,43,115,1,Dead
2021,4,M. gigas,North,HIOC,21,No Tide,43,116,1,Dead
2021,4,M. gigas,North,HIOC,21,No Tide,43,117,1,Dead
2021,4,M. gigas,North,HIOC,21,No Tide,43,118,1,Dead
2021,4,M. gigas,North,HIOC,21,No Tide,43,119,1,Dead
2021,4,M. gigas,North,HIOC,21,No Tide,43,120,1,Dead
2021,4,M. gigas,North,HIOC,21,No Tide,43,121,1,Dead
2021,4,M. gigas,North,HIOC,21,No Tide,43,122,1,Dead
2021,4,M. gigas,North,HIOC,21,No Tide,43,123,1,Dead
2021,4,M. gigas,North,HIOC,21,No Tide,43,124,1,Dead
2021,4,M. gigas,North,HIOC,21,No Tide,43,125,1,Dead
2021,4,M. gigas,North,HIOC,21,No Tide,43,126,1,Dead
2021,4,M. gigas,North,HIOC,21,No Tide,43,127,1,Dead
2021,4,M. gigas,North,HIOC,21,No Tide,43,128,1,Dead
2021,4,M. gigas,North,HIOC,21,No Tide,43,129,1,Dead
2021,4,M. gigas,North,HIOC,21,No Tide,43,130,1,Dead
2021,4,M. gigas,North,HIOC,21,No Tide,43,131,1,Dead
2021,4,M. gigas,North,HIOC,21,No Tide,43,132,1,Dead
2021,4,M. gigas,North,HIOC,21,No Tide,43,133,1,Dead
2021,4,M. gigas,North,HIOC,21,No Tide,43,134,1,Dead
2021,4,M. gigas,North,HIOC,21,No Tide,43,135,1,Dead
2021,4,M. gigas,North,HIOC,21,No Tide,43,136,0,Alive
2021,4,M. gigas,North,HIOC,21,No Tide,43,137,0,Alive
2021,4,M. gigas,North,HIOC,21,No Tide,43,138,0,Alive
2021,4,M. gigas,North,HIOC,21,No Tide,43,139,0,Alive
2021,4,M. gigas,North,HIOC,21,No Tide,43,140,0,Alive
2021,4,M. gigas,North,HIOC,21,No Tide,43,141,0,Alive
2021,4,M. gigas,North,HIOC,21,No Tide,43,142,0,Alive
2021,4,M. gigas,North,HIOC,21,No Tide,43,143,0,Alive
2021,4,M. gigas,North,HIOC,21,No Tide,43,144,0,Alive
2021,4,M. gigas,North,HIOC,21,No Tide,43,145,0,Alive
2021,4,M. gigas,North,HIOC,21,No Tide,43,146,0,Alive
2021,4,M. gigas,North,HIOC,21,No Tide,43,147,0,Alive
2021,4,M. gigas,North,HIOC,21,No Tide,43,148,0,Alive
2021,4,M. gigas,North,HIOC,21,No Tide,43,149,0,Alive
2021,4,M. gigas,North,HIOC,21,No Tide,43,150,0,Alive
2021,4,M. gigas,North,HIOC,21,No Tide,43,151,0,Alive
2021,4,M. gigas,North,HIOC,21,No Tide,43,152,0,Alive
2021,4,M. gigas,North,HIOC,21,No Tide,43,153,0,Alive
2021,4,M. gigas,North,HIOC,21,No Tide,43,154,0,Alive
2021,4,M. gigas,North,HIOC,21,No Tide,43,155,0,Alive
2021,4,M. gigas,North,HIOC,21,No Tide,43,156,0,Alive
2021,4,M. gigas,North,HIOC,21,No Tide,43,157,0,Alive
2021,4,M. gigas,North,HIOC,21,No Tide,43,158,0,Alive
2021,4,M. gigas,North,HIOC,21,No Tide,43,159,0,Alive
2021,4,M. gigas,North,HIOC,21,No Tide,43,160,0,Alive
2021,4,M. gigas,North,HIOC,21,No Tide,43,161,0,Alive
2021,4,M. gigas,North,HIOC,21,No Tide,43,162,0,Alive
2021,4,M. gigas,North,HIOC,21,No Tide,43,163,0,Alive
2021,4,M. gigas,North,HIOC,21,No Tide,43,164,0,Alive
2021,4,M. gigas,North,HIOC,21,No Tide,43,165,0,Alive
2021,4,M. gigas,North,HIOC,21,No Tide,43,166,0,Alive
2021,4,M. gigas,North,HIOC,21,No Tide,43,167,0,Alive
2021,4,M. gigas,North,HIOC,21,No Tide,43,168,0,Alive
2021,4,M. gigas,North,HIOC,21,No Tide,43,169,0,Alive
2021,4,M. gigas,North,HIOC,21,No Tide,43,170,0,Alive
2021,4,M. gigas,North,HIOC,21,No Tide,43,171,0,Alive
2021,4,M. gigas,North,HIOC,21,No Tide,43,172,0,Alive
2021,4,M. gigas,North,HIOC,21,No Tide,43,173,0,Alive
2021,4,M. gigas,North,HIOC,21,No Tide,43,174,0,Alive
2021,4,M. gigas,North,HIOC,21,No Tide,43,175,0,Alive
2021,4,M. gigas,North,HIOC,21,No Tide,43,176,0,Alive
2021,4,M. gigas,North,HIOC,21,No Tide,43,177,0,Alive
2021,4,M. gigas,North,HIOC,21,No Tide,43,178,0,Alive
2021,4,M. gigas,North,HIOC,21,No Tide,43,179,0,Alive
2021,4,M. gigas,North,HIOC,21,No Tide,43,180,0,Alive
2021,4,M. gigas,North,HIOC,21,No Tide,43,181,0,Alive
2021,4,M. gigas,North,HIOC,21,No Tide,43,182,0,Alive
2021,4,M. gigas,North,HIOC,21,No Tide,43,183,0,Alive
2021,4,M. gigas,North,HIOC,21,No Tide,43,184,0,Alive
2021,4,M. gigas,North,HIOC,21,No Tide,43,185,0,Alive
2021,4,M. gigas,North,HIOC,21,No Tide,43,186,0,Alive
2021,4,M. gigas,North,HIOC,21,No Tide,43,187,0,Alive
2021,4,M. gigas,North,HIOC,21,No Tide,43,188,0,Alive
2021,4,M. gigas,North,HIOC,21,No Tide,43,189,0,Alive
2021,4,M. gigas,North,HIOC,21,No Tide,43,190,0,Alive
2021,4,M. gigas,North,HIOC,21,No Tide,43,191,0,Alive
2021,4,M. gigas,North,HIOC,21,No Tide,43,192,0,Alive
2021,4,M. gigas,North,HIOC,21,No Tide,43,193,0,Alive
2021,4,M. gigas,North,HIOC,21,No Tide,43,194,0,Alive
2021,4,M. gigas,North,HIOC,21,No Tide,43,195,0,Alive
2021,4,M. gigas,North,HIOC,21,No Tide,43,196,0,Alive
2021,4,M. gigas,North,HIOC,21,No Tide,43,197,0,Alive
2021,4,M. gigas,North,HIOC,21,No Tide,43,198,0,Alive
2021,4,M. gigas,North,HIOC,21,No Tide,43,199,0,Alive
2021,4,M. gigas,North,HIOC,21,No Tide,43,200,0,Alive
2021,4,M. gigas,North,HIOC,21,No Tide,43,201,0,Alive
2021,4,M. gigas,North,HIOC,21,No Tide,43,202,0,Alive
2021,4,M. gigas,North,HIOC,21,No Tide,43,203,0,Alive
2021,4,M. gigas,North,HIOC,21,No Tide,43,204,0,Alive
2021,4,M. gigas,North,HIOC,21,No Tide,43,205,0,Alive
2021,4,M. gigas,North,HIOC,21,No Tide,43,206,0,Alive
2021,4,M. gigas,North,HIOC,21,No Tide,43,207,0,Alive
2021,4,M. gigas,North,HIOC,21,No Tide,43,208,0,Alive
2021,4,M. gigas,North,HIOC,21,No Tide,43,209,0,Alive
2021,4,M. gigas,North,HIOC,21,No Tide,43,210,0,Alive
2021,4,M. gigas,North,HIOC,21,No Tide,43,211,0,Alive
2021,4,M. gigas,North,HIOC,21,No Tide,43,212,0,Alive
2021,4,M. gigas,North,HIOC,21,No Tide,43,213,0,Alive
2021,4,M. gigas,North,HIOC,21,No Tide,43,214,0,Alive
2021,4,M. gigas,North,HIOC,21,No Tide,43,215,0,Alive
2021,4,M. gigas,North,HIOC,21,No Tide,43,216,0,Alive
2021,4,M. gigas,North,HIOC,21,No Tide,43,217,0,Alive
2021,4,M. gigas,North,HIOC,21,No Tide,43,218,0,Alive
2021,4,M. gigas,North,HIOC,21,No Tide,43,219,0,Alive
2021,4,M. gigas,North,HIOC,21,No Tide,43,220,0,Alive
2021,4,M. gigas,North,HIOC,21,No Tide,43,221,0,Alive
2021,4,M. gigas,North,HIOC,21,No Tide,43,222,0,Alive
2021,4,M. gigas,North,HIOC,21,No Tide,43,223,0,Alive
2021,4,M. gigas,North,HIOC,21,No Tide,43,224,0,Alive
2021,4,M. gigas,North,HIOC,21,No Tide,43,225,0,Alive
2021,4,M. gigas,North,HIOC,16,No Tide,44,1,1,Dead
2021,4,M. gigas,North,HIOC,16,No Tide,44,2,1,Dead
2021,4,M. gigas,North,HIOC,16,No Tide,44,3,1,Dead
2021,4,M. gigas,North,HIOC,16,No Tide,44,4,1,Dead
2021,4,M. gigas,North,HIOC,16,No Tide,44,5,1,Dead
2021,4,M. gigas,North,HIOC,16,No Tide,44,6,1,Dead
2021,4,M. gigas,North,HIOC,16,No Tide,44,7,1,Dead
2021,4,M. gigas,North,HIOC,16,No Tide,44,8,1,Dead
2021,4,M. gigas,North,HIOC,16,No Tide,44,9,1,Dead
2021,4,M. gigas,North,HIOC,16,No Tide,44,10,1,Dead
2021,4,M. gigas,North,HIOC,16,No Tide,44,11,1,Dead
2021,4,M. gigas,North,HIOC,16,No Tide,44,12,1,Dead
2021,4,M. gigas,North,HIOC,16,No Tide,44,13,1,Dead
2021,4,M. gigas,North,HIOC,16,No Tide,44,14,1,Dead
2021,4,M. gigas,North,HIOC,16,No Tide,44,15,1,Dead
2021,4,M. gigas,North,HIOC,16,No Tide,44,16,1,Dead
2021,4,M. gigas,North,HIOC,16,No Tide,44,17,1,Dead
2021,4,M. gigas,North,HIOC,16,No Tide,44,18,1,Dead
2021,4,M. gigas,North,HIOC,16,No Tide,44,19,1,Dead
2021,4,M. gigas,North,HIOC,16,No Tide,44,20,1,Dead
2021,4,M. gigas,North,HIOC,16,No Tide,44,21,1,Dead
2021,4,M. gigas,North,HIOC,16,No Tide,44,22,1,Dead
2021,4,M. gigas,North,HIOC,16,No Tide,44,23,1,Dead
2021,4,M. gigas,North,HIOC,16,No Tide,44,24,1,Dead
2021,4,M. gigas,North,HIOC,16,No Tide,44,25,1,Dead
2021,4,M. gigas,North,HIOC,16,No Tide,44,26,1,Dead
2021,4,M. gigas,North,HIOC,16,No Tide,44,27,1,Dead
2021,4,M. gigas,North,HIOC,16,No Tide,44,28,1,Dead
2021,4,M. gigas,North,HIOC,16,No Tide,44,29,1,Dead
2021,4,M. gigas,North,HIOC,16,No Tide,44,30,1,Dead
2021,4,M. gigas,North,HIOC,16,No Tide,44,31,1,Dead
2021,4,M. gigas,North,HIOC,16,No Tide,44,32,1,Dead
2021,4,M. gigas,North,HIOC,16,No Tide,44,33,1,Dead
2021,4,M. gigas,North,HIOC,16,No Tide,44,34,1,Dead
2021,4,M. gigas,North,HIOC,16,No Tide,44,35,1,Dead
2021,4,M. gigas,North,HIOC,16,No Tide,44,36,1,Dead
2021,4,M. gigas,North,HIOC,16,No Tide,44,37,1,Dead
2021,4,M. gigas,North,HIOC,16,No Tide,44,38,1,Dead
2021,4,M. gigas,North,HIOC,16,No Tide,44,39,1,Dead
2021,4,M. gigas,North,HIOC,16,No Tide,44,40,1,Dead
2021,4,M. gigas,North,HIOC,16,No Tide,44,41,1,Dead
2021,4,M. gigas,North,HIOC,16,No Tide,44,42,1,Dead
2021,4,M. gigas,North,HIOC,16,No Tide,44,43,1,Dead
2021,4,M. gigas,North,HIOC,16,No Tide,44,44,1,Dead
2021,4,M. gigas,North,HIOC,16,No Tide,44,45,1,Dead
2021,4,M. gigas,North,HIOC,16,No Tide,44,46,1,Dead
2021,4,M. gigas,North,HIOC,16,No Tide,44,47,1,Dead
2021,4,M. gigas,North,HIOC,16,No Tide,44,48,1,Dead
2021,4,M. gigas,North,HIOC,16,No Tide,44,49,1,Dead
2021,4,M. gigas,North,HIOC,16,No Tide,44,50,1,Dead
2021,4,M. gigas,North,HIOC,16,No Tide,44,51,1,Dead
2021,4,M. gigas,North,HIOC,16,No Tide,44,52,1,Dead
2021,4,M. gigas,North,HIOC,16,No Tide,44,53,1,Dead
2021,4,M. gigas,North,HIOC,16,No Tide,44,54,1,Dead
2021,4,M. gigas,North,HIOC,16,No Tide,44,55,1,Dead
2021,4,M. gigas,North,HIOC,16,No Tide,44,56,1,Dead
2021,4,M. gigas,North,HIOC,16,No Tide,44,57,1,Dead
2021,4,M. gigas,North,HIOC,16,No Tide,44,58,1,Dead
2021,4,M. gigas,North,HIOC,16,No Tide,44,59,1,Dead
2021,4,M. gigas,North,HIOC,16,No Tide,44,60,1,Dead
2021,4,M. gigas,North,HIOC,16,No Tide,44,61,1,Dead
2021,4,M. gigas,North,HIOC,16,No Tide,44,62,1,Dead
2021,4,M. gigas,North,HIOC,16,No Tide,44,63,1,Dead
2021,4,M. gigas,North,HIOC,16,No Tide,44,64,1,Dead
2021,4,M. gigas,North,HIOC,16,No Tide,44,65,1,Dead
2021,4,M. gigas,North,HIOC,16,No Tide,44,66,1,Dead
2021,4,M. gigas,North,HIOC,16,No Tide,44,67,1,Dead
2021,4,M. gigas,North,HIOC,16,No Tide,44,68,1,Dead
2021,4,M. gigas,North,HIOC,16,No Tide,44,69,1,Dead
2021,4,M. gigas,North,HIOC,16,No Tide,44,70,1,Dead
2021,4,M. gigas,North,HIOC,16,No Tide,44,71,1,Dead
2021,4,M. gigas,North,HIOC,16,No Tide,44,72,1,Dead
2021,4,M. gigas,North,HIOC,16,No Tide,44,73,1,Dead
2021,4,M. gigas,North,HIOC,16,No Tide,44,74,1,Dead
2021,4,M. gigas,North,HIOC,16,No Tide,44,75,1,Dead
2021,4,M. gigas,North,HIOC,16,No Tide,44,76,1,Dead
2021,4,M. gigas,North,HIOC,16,No Tide,44,77,1,Dead
2021,4,M. gigas,North,HIOC,16,No Tide,44,78,1,Dead
2021,4,M. gigas,North,HIOC,16,No Tide,44,79,1,Dead
2021,4,M. gigas,North,HIOC,16,No Tide,44,80,1,Dead
2021,4,M. gigas,North,HIOC,16,No Tide,44,81,1,Dead
2021,4,M. gigas,North,HIOC,16,No Tide,44,82,1,Dead
2021,4,M. gigas,North,HIOC,16,No Tide,44,83,1,Dead
2021,4,M. gigas,North,HIOC,16,No Tide,44,84,1,Dead
2021,4,M. gigas,North,HIOC,16,No Tide,44,85,1,Dead
2021,4,M. gigas,North,HIOC,16,No Tide,44,86,1,Dead
2021,4,M. gigas,North,HIOC,16,No Tide,44,87,1,Dead
2021,4,M. gigas,North,HIOC,16,No Tide,44,88,1,Dead
2021,4,M. gigas,North,HIOC,16,No Tide,44,89,1,Dead
2021,4,M. gigas,North,HIOC,16,No Tide,44,90,1,Dead
2021,4,M. gigas,North,HIOC,16,No Tide,44,91,1,Dead
2021,4,M. gigas,North,HIOC,16,No Tide,44,92,1,Dead
2021,4,M. gigas,North,HIOC,16,No Tide,44,93,1,Dead
2021,4,M. gigas,North,HIOC,16,No Tide,44,94,1,Dead
2021,4,M. gigas,North,HIOC,16,No Tide,44,95,1,Dead
2021,4,M. gigas,North,HIOC,16,No Tide,44,96,1,Dead
2021,4,M. gigas,North,HIOC,16,No Tide,44,97,1,Dead
2021,4,M. gigas,North,HIOC,16,No Tide,44,98,1,Dead
2021,4,M. gigas,North,HIOC,16,No Tide,44,99,1,Dead
2021,4,M. gigas,North,HIOC,16,No Tide,44,100,1,Dead
2021,4,M. gigas,North,HIOC,16,No Tide,44,101,1,Dead
2021,4,M. gigas,North,HIOC,16,No Tide,44,102,1,Dead
2021,4,M. gigas,North,HIOC,16,No Tide,44,103,1,Dead
2021,4,M. gigas,North,HIOC,16,No Tide,44,104,1,Dead
2021,4,M. gigas,North,HIOC,16,No Tide,44,105,1,Dead
2021,4,M. gigas,North,HIOC,16,No Tide,44,106,1,Dead
2021,4,M. gigas,North,HIOC,16,No Tide,44,107,1,Dead
2021,4,M. gigas,North,HIOC,16,No Tide,44,108,1,Dead
2021,4,M. gigas,North,HIOC,16,No Tide,44,109,1,Dead
2021,4,M. gigas,North,HIOC,16,No Tide,44,110,1,Dead
2021,4,M. gigas,North,HIOC,16,No Tide,44,111,1,Dead
2021,4,M. gigas,North,HIOC,16,No Tide,44,112,1,Dead
2021,4,M. gigas,North,HIOC,16,No Tide,44,113,1,Dead
2021,4,M. gigas,North,HIOC,16,No Tide,44,114,1,Dead
2021,4,M. gigas,North,HIOC,16,No Tide,44,115,1,Dead
2021,4,M. gigas,North,HIOC,16,No Tide,44,116,1,Dead
2021,4,M. gigas,North,HIOC,16,No Tide,44,117,1,Dead
2021,4,M. gigas,North,HIOC,16,No Tide,44,118,1,Dead
2021,4,M. gigas,North,HIOC,16,No Tide,44,119,1,Dead
2021,4,M. gigas,North,HIOC,16,No Tide,44,120,1,Dead
2021,4,M. gigas,North,HIOC,16,No Tide,44,121,1,Dead
2021,4,M. gigas,North,HIOC,16,No Tide,44,122,1,Dead
2021,4,M. gigas,North,HIOC,16,No Tide,44,123,1,Dead
2021,4,M. gigas,North,HIOC,16,No Tide,44,124,1,Dead
2021,4,M. gigas,North,HIOC,16,No Tide,44,125,1,Dead
2021,4,M. gigas,North,HIOC,16,No Tide,44,126,1,Dead
2021,4,M. gigas,North,HIOC,16,No Tide,44,127,1,Dead
2021,4,M. gigas,North,HIOC,16,No Tide,44,128,1,Dead
2021,4,M. gigas,North,HIOC,16,No Tide,44,129,1,Dead
2021,4,M. gigas,North,HIOC,16,No Tide,44,130,1,Dead
2021,4,M. gigas,North,HIOC,16,No Tide,44,131,1,Dead
2021,4,M. gigas,North,HIOC,16,No Tide,44,132,1,Dead
2021,4,M. gigas,North,HIOC,16,No Tide,44,133,1,Dead
2021,4,M. gigas,North,HIOC,16,No Tide,44,134,1,Dead
2021,4,M. gigas,North,HIOC,16,No Tide,44,135,1,Dead
2021,4,M. gigas,North,HIOC,16,No Tide,44,136,1,Dead
2021,4,M. gigas,North,HIOC,16,No Tide,44,137,1,Dead
2021,4,M. gigas,North,HIOC,16,No Tide,44,138,1,Dead
2021,4,M. gigas,North,HIOC,16,No Tide,44,139,1,Dead
2021,4,M. gigas,North,HIOC,16,No Tide,44,140,1,Dead
2021,4,M. gigas,North,HIOC,16,No Tide,44,141,1,Dead
2021,4,M. gigas,North,HIOC,16,No Tide,44,142,1,Dead
2021,4,M. gigas,North,HIOC,16,No Tide,44,143,1,Dead
2021,4,M. gigas,North,HIOC,16,No Tide,44,144,1,Dead
2021,4,M. gigas,North,HIOC,16,No Tide,44,145,1,Dead
2021,4,M. gigas,North,HIOC,16,No Tide,44,146,1,Dead
2021,4,M. gigas,North,HIOC,16,No Tide,44,147,1,Dead
2021,4,M. gigas,North,HIOC,16,No Tide,44,148,1,Dead
2021,4,M. gigas,North,HIOC,16,No Tide,44,149,1,Dead
2021,4,M. gigas,North,HIOC,16,No Tide,44,150,1,Dead
2021,4,M. gigas,North,HIOC,16,No Tide,44,151,1,Dead
2021,4,M. gigas,North,HIOC,16,No Tide,44,152,1,Dead
2021,4,M. gigas,North,HIOC,16,No Tide,44,153,1,Dead
2021,4,M. gigas,North,HIOC,16,No Tide,44,154,1,Dead
2021,4,M. gigas,North,HIOC,16,No Tide,44,155,1,Dead
2021,4,M. gigas,North,HIOC,16,No Tide,44,156,1,Dead
2021,4,M. gigas,North,HIOC,16,No Tide,44,157,1,Dead
2021,4,M. gigas,North,HIOC,16,No Tide,44,158,1,Dead
2021,4,M. gigas,North,HIOC,16,No Tide,44,159,1,Dead
2021,4,M. gigas,North,HIOC,16,No Tide,44,160,1,Dead
2021,4,M. gigas,North,HIOC,16,No Tide,44,161,1,Dead
2021,4,M. gigas,North,HIOC,16,No Tide,44,162,1,Dead
2021,4,M. gigas,North,HIOC,16,No Tide,44,163,1,Dead
2021,4,M. gigas,North,HIOC,16,No Tide,44,164,1,Dead
2021,4,M. gigas,North,HIOC,16,No Tide,44,165,1,Dead
2021,4,M. gigas,North,HIOC,16,No Tide,44,166,1,Dead
2021,4,M. gigas,North,HIOC,16,No Tide,44,167,1,Dead
2021,4,M. gigas,North,HIOC,16,No Tide,44,168,1,Dead
2021,4,M. gigas,North,HIOC,16,No Tide,44,169,1,Dead
2021,4,M. gigas,North,HIOC,16,No Tide,44,170,1,Dead
2021,4,M. gigas,North,HIOC,16,No Tide,44,171,1,Dead
2021,4,M. gigas,North,HIOC,16,No Tide,44,172,1,Dead
2021,4,M. gigas,North,HIOC,16,No Tide,44,173,0,Alive
2021,4,M. gigas,North,HIOC,16,No Tide,44,174,0,Alive
2021,4,M. gigas,North,HIOC,16,No Tide,44,175,0,Alive
2021,4,M. gigas,North,HIOC,16,No Tide,44,176,0,Alive
2021,4,M. gigas,North,HIOC,16,No Tide,44,177,0,Alive
2021,4,M. gigas,North,HIOC,16,No Tide,44,178,0,Alive
2021,4,M. gigas,North,HIOC,16,No Tide,44,179,0,Alive
2021,4,M. gigas,North,HIOC,16,No Tide,44,180,0,Alive
2021,4,M. gigas,North,HIOC,16,No Tide,44,181,0,Alive
2021,4,M. gigas,North,HIOC,16,No Tide,44,182,0,Alive
2021,4,M. gigas,North,HIOC,16,No Tide,44,183,0,Alive
2021,4,M. gigas,North,HIOC,16,No Tide,44,184,0,Alive
2021,4,M. gigas,North,HIOC,16,No Tide,44,185,0,Alive
2021,4,M. gigas,North,HIOC,16,No Tide,44,186,0,Alive
2021,4,M. gigas,North,HIOC,16,No Tide,44,187,0,Alive
2021,4,M. gigas,North,HIOC,16,No Tide,44,188,0,Alive
2021,4,M. gigas,North,HIOC,16,No Tide,44,189,0,Alive
2021,4,M. gigas,North,HIOC,16,No Tide,44,190,0,Alive
2021,4,M. gigas,North,HIOC,16,No Tide,44,191,0,Alive
2021,4,M. gigas,North,HIOC,16,No Tide,44,192,0,Alive
2021,4,M. gigas,North,HIOC,16,No Tide,44,193,0,Alive
2021,4,M. gigas,North,HIOC,16,No Tide,44,194,0,Alive
2021,4,M. gigas,North,HIOC,16,No Tide,44,195,0,Alive
2021,4,M. gigas,North,HIOC,16,No Tide,44,196,0,Alive
2021,4,M. gigas,North,HIOC,16,No Tide,44,197,0,Alive
2021,4,M. gigas,North,HIOC,16,No Tide,44,198,0,Alive
2021,4,M. gigas,North,HIOC,16,No Tide,44,199,0,Alive
2021,4,M. gigas,North,HIOC,16,No Tide,44,200,0,Alive
2021,4,M. gigas,North,HIOC,16,No Tide,44,201,0,Alive
2021,4,M. gigas,North,HIOC,16,No Tide,44,202,0,Alive
2021,4,M. gigas,North,HIOC,16,No Tide,44,203,0,Alive
2021,4,M. gigas,North,HIOC,16,No Tide,44,204,0,Alive
2021,4,M. gigas,North,HIOC,16,No Tide,44,205,0,Alive
2021,4,M. gigas,North,HIOC,16,No Tide,44,206,0,Alive
2021,4,M. gigas,North,HIOC,16,No Tide,44,207,0,Alive
2021,4,M. gigas,North,HIOC,16,No Tide,44,208,0,Alive
2021,4,M. gigas,North,HIOC,16,No Tide,44,209,0,Alive
2021,4,M. gigas,North,HIOC,16,No Tide,44,210,0,Alive
2021,4,M. gigas,North,HIOC,16,No Tide,44,211,0,Alive
2021,4,M. gigas,North,HIOC,16,No Tide,44,212,0,Alive
2021,4,M. gigas,North,HIOC,16,No Tide,44,213,0,Alive
2021,4,M. gigas,North,HIOC,16,No Tide,44,214,0,Alive
2021,4,M. gigas,North,HIOC,16,No Tide,44,215,0,Alive
2021,4,M. gigas,North,HIOC,16,No Tide,44,216,0,Alive
2021,4,M. gigas,North,HIOC,16,No Tide,44,217,0,Alive
2021,4,M. gigas,North,HIOC,16,No Tide,44,218,0,Alive
2021,4,M. gigas,North,HIOC,16,No Tide,44,219,0,Alive
2021,4,M. gigas,North,HIOC,16,No Tide,44,220,0,Alive
2021,4,M. gigas,North,HIOC,16,No Tide,44,221,0,Alive
2021,4,M. gigas,North,HIOC,16,No Tide,44,222,0,Alive
2021,4,M. gigas,North,HIOC,16,No Tide,44,223,0,Alive
2021,4,M. gigas,North,HIOC,16,No Tide,44,224,0,Alive
2021,4,M. gigas,North,HIOC,16,No Tide,44,225,0,Alive
2021,4,M. gigas,North,HIOC,16,No Tide,45,1,1,Dead
2021,4,M. gigas,North,HIOC,16,No Tide,45,2,1,Dead
2021,4,M. gigas,North,HIOC,16,No Tide,45,3,1,Dead
2021,4,M. gigas,North,HIOC,16,No Tide,45,4,1,Dead
2021,4,M. gigas,North,HIOC,16,No Tide,45,5,1,Dead
2021,4,M. gigas,North,HIOC,16,No Tide,45,6,1,Dead
2021,4,M. gigas,North,HIOC,16,No Tide,45,7,1,Dead
2021,4,M. gigas,North,HIOC,16,No Tide,45,8,1,Dead
2021,4,M. gigas,North,HIOC,16,No Tide,45,9,1,Dead
2021,4,M. gigas,North,HIOC,16,No Tide,45,10,1,Dead
2021,4,M. gigas,North,HIOC,16,No Tide,45,11,1,Dead
2021,4,M. gigas,North,HIOC,16,No Tide,45,12,1,Dead
2021,4,M. gigas,North,HIOC,16,No Tide,45,13,1,Dead
2021,4,M. gigas,North,HIOC,16,No Tide,45,14,1,Dead
2021,4,M. gigas,North,HIOC,16,No Tide,45,15,1,Dead
2021,4,M. gigas,North,HIOC,16,No Tide,45,16,1,Dead
2021,4,M. gigas,North,HIOC,16,No Tide,45,17,1,Dead
2021,4,M. gigas,North,HIOC,16,No Tide,45,18,1,Dead
2021,4,M. gigas,North,HIOC,16,No Tide,45,19,1,Dead
2021,4,M. gigas,North,HIOC,16,No Tide,45,20,1,Dead
2021,4,M. gigas,North,HIOC,16,No Tide,45,21,1,Dead
2021,4,M. gigas,North,HIOC,16,No Tide,45,22,1,Dead
2021,4,M. gigas,North,HIOC,16,No Tide,45,23,1,Dead
2021,4,M. gigas,North,HIOC,16,No Tide,45,24,1,Dead
2021,4,M. gigas,North,HIOC,16,No Tide,45,25,1,Dead
2021,4,M. gigas,North,HIOC,16,No Tide,45,26,1,Dead
2021,4,M. gigas,North,HIOC,16,No Tide,45,27,1,Dead
2021,4,M. gigas,North,HIOC,16,No Tide,45,28,1,Dead
2021,4,M. gigas,North,HIOC,16,No Tide,45,29,1,Dead
2021,4,M. gigas,North,HIOC,16,No Tide,45,30,1,Dead
2021,4,M. gigas,North,HIOC,16,No Tide,45,31,1,Dead
2021,4,M. gigas,North,HIOC,16,No Tide,45,32,1,Dead
2021,4,M. gigas,North,HIOC,16,No Tide,45,33,1,Dead
2021,4,M. gigas,North,HIOC,16,No Tide,45,34,1,Dead
2021,4,M. gigas,North,HIOC,16,No Tide,45,35,1,Dead
2021,4,M. gigas,North,HIOC,16,No Tide,45,36,1,Dead
2021,4,M. gigas,North,HIOC,16,No Tide,45,37,1,Dead
2021,4,M. gigas,North,HIOC,16,No Tide,45,38,1,Dead
2021,4,M. gigas,North,HIOC,16,No Tide,45,39,1,Dead
2021,4,M. gigas,North,HIOC,16,No Tide,45,40,1,Dead
2021,4,M. gigas,North,HIOC,16,No Tide,45,41,1,Dead
2021,4,M. gigas,North,HIOC,16,No Tide,45,42,1,Dead
2021,4,M. gigas,North,HIOC,16,No Tide,45,43,1,Dead
2021,4,M. gigas,North,HIOC,16,No Tide,45,44,1,Dead
2021,4,M. gigas,North,HIOC,16,No Tide,45,45,1,Dead
2021,4,M. gigas,North,HIOC,16,No Tide,45,46,1,Dead
2021,4,M. gigas,North,HIOC,16,No Tide,45,47,1,Dead
2021,4,M. gigas,North,HIOC,16,No Tide,45,48,1,Dead
2021,4,M. gigas,North,HIOC,16,No Tide,45,49,1,Dead
2021,4,M. gigas,North,HIOC,16,No Tide,45,50,1,Dead
2021,4,M. gigas,North,HIOC,16,No Tide,45,51,1,Dead
2021,4,M. gigas,North,HIOC,16,No Tide,45,52,1,Dead
2021,4,M. gigas,North,HIOC,16,No Tide,45,53,1,Dead
2021,4,M. gigas,North,HIOC,16,No Tide,45,54,1,Dead
2021,4,M. gigas,North,HIOC,16,No Tide,45,55,1,Dead
2021,4,M. gigas,North,HIOC,16,No Tide,45,56,1,Dead
2021,4,M. gigas,North,HIOC,16,No Tide,45,57,1,Dead
2021,4,M. gigas,North,HIOC,16,No Tide,45,58,1,Dead
2021,4,M. gigas,North,HIOC,16,No Tide,45,59,1,Dead
2021,4,M. gigas,North,HIOC,16,No Tide,45,60,1,Dead
2021,4,M. gigas,North,HIOC,16,No Tide,45,61,1,Dead
2021,4,M. gigas,North,HIOC,16,No Tide,45,62,1,Dead
2021,4,M. gigas,North,HIOC,16,No Tide,45,63,1,Dead
2021,4,M. gigas,North,HIOC,16,No Tide,45,64,1,Dead
2021,4,M. gigas,North,HIOC,16,No Tide,45,65,1,Dead
2021,4,M. gigas,North,HIOC,16,No Tide,45,66,1,Dead
2021,4,M. gigas,North,HIOC,16,No Tide,45,67,1,Dead
2021,4,M. gigas,North,HIOC,16,No Tide,45,68,1,Dead
2021,4,M. gigas,North,HIOC,16,No Tide,45,69,1,Dead
2021,4,M. gigas,North,HIOC,16,No Tide,45,70,1,Dead
2021,4,M. gigas,North,HIOC,16,No Tide,45,71,1,Dead
2021,4,M. gigas,North,HIOC,16,No Tide,45,72,1,Dead
2021,4,M. gigas,North,HIOC,16,No Tide,45,73,1,Dead
2021,4,M. gigas,North,HIOC,16,No Tide,45,74,1,Dead
2021,4,M. gigas,North,HIOC,16,No Tide,45,75,1,Dead
2021,4,M. gigas,North,HIOC,16,No Tide,45,76,1,Dead
2021,4,M. gigas,North,HIOC,16,No Tide,45,77,1,Dead
2021,4,M. gigas,North,HIOC,16,No Tide,45,78,1,Dead
2021,4,M. gigas,North,HIOC,16,No Tide,45,79,1,Dead
2021,4,M. gigas,North,HIOC,16,No Tide,45,80,1,Dead
2021,4,M. gigas,North,HIOC,16,No Tide,45,81,1,Dead
2021,4,M. gigas,North,HIOC,16,No Tide,45,82,1,Dead
2021,4,M. gigas,North,HIOC,16,No Tide,45,83,1,Dead
2021,4,M. gigas,North,HIOC,16,No Tide,45,84,1,Dead
2021,4,M. gigas,North,HIOC,16,No Tide,45,85,1,Dead
2021,4,M. gigas,North,HIOC,16,No Tide,45,86,1,Dead
2021,4,M. gigas,North,HIOC,16,No Tide,45,87,1,Dead
2021,4,M. gigas,North,HIOC,16,No Tide,45,88,1,Dead
2021,4,M. gigas,North,HIOC,16,No Tide,45,89,1,Dead
2021,4,M. gigas,North,HIOC,16,No Tide,45,90,1,Dead
2021,4,M. gigas,North,HIOC,16,No Tide,45,91,1,Dead
2021,4,M. gigas,North,HIOC,16,No Tide,45,92,1,Dead
2021,4,M. gigas,North,HIOC,16,No Tide,45,93,1,Dead
2021,4,M. gigas,North,HIOC,16,No Tide,45,94,1,Dead
2021,4,M. gigas,North,HIOC,16,No Tide,45,95,1,Dead
2021,4,M. gigas,North,HIOC,16,No Tide,45,96,1,Dead
2021,4,M. gigas,North,HIOC,16,No Tide,45,97,1,Dead
2021,4,M. gigas,North,HIOC,16,No Tide,45,98,1,Dead
2021,4,M. gigas,North,HIOC,16,No Tide,45,99,1,Dead
2021,4,M. gigas,North,HIOC,16,No Tide,45,100,1,Dead
2021,4,M. gigas,North,HIOC,16,No Tide,45,101,1,Dead
2021,4,M. gigas,North,HIOC,16,No Tide,45,102,1,Dead
2021,4,M. gigas,North,HIOC,16,No Tide,45,103,1,Dead
2021,4,M. gigas,North,HIOC,16,No Tide,45,104,1,Dead
2021,4,M. gigas,North,HIOC,16,No Tide,45,105,1,Dead
2021,4,M. gigas,North,HIOC,16,No Tide,45,106,1,Dead
2021,4,M. gigas,North,HIOC,16,No Tide,45,107,1,Dead
2021,4,M. gigas,North,HIOC,16,No Tide,45,108,1,Dead
2021,4,M. gigas,North,HIOC,16,No Tide,45,109,1,Dead
2021,4,M. gigas,North,HIOC,16,No Tide,45,110,1,Dead
2021,4,M. gigas,North,HIOC,16,No Tide,45,111,1,Dead
2021,4,M. gigas,North,HIOC,16,No Tide,45,112,1,Dead
2021,4,M. gigas,North,HIOC,16,No Tide,45,113,1,Dead
2021,4,M. gigas,North,HIOC,16,No Tide,45,114,1,Dead
2021,4,M. gigas,North,HIOC,16,No Tide,45,115,1,Dead
2021,4,M. gigas,North,HIOC,16,No Tide,45,116,1,Dead
2021,4,M. gigas,North,HIOC,16,No Tide,45,117,1,Dead
2021,4,M. gigas,North,HIOC,16,No Tide,45,118,1,Dead
2021,4,M. gigas,North,HIOC,16,No Tide,45,119,1,Dead
2021,4,M. gigas,North,HIOC,16,No Tide,45,120,1,Dead
2021,4,M. gigas,North,HIOC,16,No Tide,45,121,1,Dead
2021,4,M. gigas,North,HIOC,16,No Tide,45,122,1,Dead
2021,4,M. gigas,North,HIOC,16,No Tide,45,123,1,Dead
2021,4,M. gigas,North,HIOC,16,No Tide,45,124,1,Dead
2021,4,M. gigas,North,HIOC,16,No Tide,45,125,1,Dead
2021,4,M. gigas,North,HIOC,16,No Tide,45,126,1,Dead
2021,4,M. gigas,North,HIOC,16,No Tide,45,127,1,Dead
2021,4,M. gigas,North,HIOC,16,No Tide,45,128,1,Dead
2021,4,M. gigas,North,HIOC,16,No Tide,45,129,1,Dead
2021,4,M. gigas,North,HIOC,16,No Tide,45,130,1,Dead
2021,4,M. gigas,North,HIOC,16,No Tide,45,131,1,Dead
2021,4,M. gigas,North,HIOC,16,No Tide,45,132,1,Dead
2021,4,M. gigas,North,HIOC,16,No Tide,45,133,1,Dead
2021,4,M. gigas,North,HIOC,16,No Tide,45,134,1,Dead
2021,4,M. gigas,North,HIOC,16,No Tide,45,135,1,Dead
2021,4,M. gigas,North,HIOC,16,No Tide,45,136,1,Dead
2021,4,M. gigas,North,HIOC,16,No Tide,45,137,1,Dead
2021,4,M. gigas,North,HIOC,16,No Tide,45,138,1,Dead
2021,4,M. gigas,North,HIOC,16,No Tide,45,139,1,Dead
2021,4,M. gigas,North,HIOC,16,No Tide,45,140,1,Dead
2021,4,M. gigas,North,HIOC,16,No Tide,45,141,1,Dead
2021,4,M. gigas,North,HIOC,16,No Tide,45,142,1,Dead
2021,4,M. gigas,North,HIOC,16,No Tide,45,143,1,Dead
2021,4,M. gigas,North,HIOC,16,No Tide,45,144,1,Dead
2021,4,M. gigas,North,HIOC,16,No Tide,45,145,1,Dead
2021,4,M. gigas,North,HIOC,16,No Tide,45,146,1,Dead
2021,4,M. gigas,North,HIOC,16,No Tide,45,147,1,Dead
2021,4,M. gigas,North,HIOC,16,No Tide,45,148,1,Dead
2021,4,M. gigas,North,HIOC,16,No Tide,45,149,1,Dead
2021,4,M. gigas,North,HIOC,16,No Tide,45,150,1,Dead
2021,4,M. gigas,North,HIOC,16,No Tide,45,151,1,Dead
2021,4,M. gigas,North,HIOC,16,No Tide,45,152,1,Dead
2021,4,M. gigas,North,HIOC,16,No Tide,45,153,1,Dead
2021,4,M. gigas,North,HIOC,16,No Tide,45,154,1,Dead
2021,4,M. gigas,North,HIOC,16,No Tide,45,155,1,Dead
2021,4,M. gigas,North,HIOC,16,No Tide,45,156,1,Dead
2021,4,M. gigas,North,HIOC,16,No Tide,45,157,1,Dead
2021,4,M. gigas,North,HIOC,16,No Tide,45,158,1,Dead
2021,4,M. gigas,North,HIOC,16,No Tide,45,159,1,Dead
2021,4,M. gigas,North,HIOC,16,No Tide,45,160,1,Dead
2021,4,M. gigas,North,HIOC,16,No Tide,45,161,1,Dead
2021,4,M. gigas,North,HIOC,16,No Tide,45,162,1,Dead
2021,4,M. gigas,North,HIOC,16,No Tide,45,163,1,Dead
2021,4,M. gigas,North,HIOC,16,No Tide,45,164,1,Dead
2021,4,M. gigas,North,HIOC,16,No Tide,45,165,1,Dead
2021,4,M. gigas,North,HIOC,16,No Tide,45,166,1,Dead
2021,4,M. gigas,North,HIOC,16,No Tide,45,167,1,Dead
2021,4,M. gigas,North,HIOC,16,No Tide,45,168,1,Dead
2021,4,M. gigas,North,HIOC,16,No Tide,45,169,1,Dead
2021,4,M. gigas,North,HIOC,16,No Tide,45,170,1,Dead
2021,4,M. gigas,North,HIOC,16,No Tide,45,171,1,Dead
2021,4,M. gigas,North,HIOC,16,No Tide,45,172,1,Dead
2021,4,M. gigas,North,HIOC,16,No Tide,45,173,1,Dead
2021,4,M. gigas,North,HIOC,16,No Tide,45,174,1,Dead
2021,4,M. gigas,North,HIOC,16,No Tide,45,175,1,Dead
2021,4,M. gigas,North,HIOC,16,No Tide,45,176,1,Dead
2021,4,M. gigas,North,HIOC,16,No Tide,45,177,1,Dead
2021,4,M. gigas,North,HIOC,16,No Tide,45,178,1,Dead
2021,4,M. gigas,North,HIOC,16,No Tide,45,179,1,Dead
2021,4,M. gigas,North,HIOC,16,No Tide,45,180,1,Dead
2021,4,M. gigas,North,HIOC,16,No Tide,45,181,1,Dead
2021,4,M. gigas,North,HIOC,16,No Tide,45,182,1,Dead
2021,4,M. gigas,North,HIOC,16,No Tide,45,183,1,Dead
2021,4,M. gigas,North,HIOC,16,No Tide,45,184,0,Alive
2021,4,M. gigas,North,HIOC,16,No Tide,45,185,0,Alive
2021,4,M. gigas,North,HIOC,16,No Tide,45,186,0,Alive
2021,4,M. gigas,North,HIOC,16,No Tide,45,187,0,Alive
2021,4,M. gigas,North,HIOC,16,No Tide,45,188,0,Alive
2021,4,M. gigas,North,HIOC,16,No Tide,45,189,0,Alive
2021,4,M. gigas,North,HIOC,16,No Tide,45,190,0,Alive
2021,4,M. gigas,North,HIOC,16,No Tide,45,191,0,Alive
2021,4,M. gigas,North,HIOC,16,No Tide,45,192,0,Alive
2021,4,M. gigas,North,HIOC,16,No Tide,45,193,0,Alive
2021,4,M. gigas,North,HIOC,16,No Tide,45,194,0,Alive
2021,4,M. gigas,North,HIOC,16,No Tide,45,195,0,Alive
2021,4,M. gigas,North,HIOC,16,No Tide,45,196,0,Alive
2021,4,M. gigas,North,HIOC,16,No Tide,45,197,0,Alive
2021,4,M. gigas,North,HIOC,16,No Tide,45,198,0,Alive
2021,4,M. gigas,North,HIOC,16,No Tide,45,199,0,Alive
2021,4,M. gigas,North,HIOC,16,No Tide,45,200,0,Alive
2021,4,M. gigas,North,HIOC,16,No Tide,45,201,0,Alive
2021,4,M. gigas,North,HIOC,16,No Tide,45,202,0,Alive
2021,4,M. gigas,North,HIOC,16,No Tide,45,203,0,Alive
2021,4,M. gigas,North,HIOC,16,No Tide,45,204,0,Alive
2021,4,M. gigas,North,HIOC,16,No Tide,45,205,0,Alive
2021,4,M. gigas,North,HIOC,16,No Tide,45,206,0,Alive
2021,4,M. gigas,North,HIOC,16,No Tide,45,207,0,Alive
2021,4,M. gigas,North,HIOC,16,No Tide,45,208,0,Alive
2021,4,M. gigas,North,HIOC,16,No Tide,45,209,0,Alive
2021,4,M. gigas,North,HIOC,16,No Tide,45,210,0,Alive
2021,4,M. gigas,North,HIOC,16,No Tide,45,211,0,Alive
2021,4,M. gigas,North,HIOC,16,No Tide,45,212,0,Alive
2021,4,M. gigas,North,HIOC,16,No Tide,45,213,0,Alive
2021,4,M. gigas,North,HIOC,16,No Tide,45,214,0,Alive
2021,4,M. gigas,North,HIOC,16,No Tide,45,215,0,Alive
2021,4,M. gigas,North,HIOC,16,No Tide,45,216,0,Alive
2021,4,M. gigas,North,HIOC,16,No Tide,45,217,0,Alive
2021,4,M. gigas,North,HIOC,16,No Tide,45,218,0,Alive
2021,4,M. gigas,North,HIOC,16,No Tide,45,219,0,Alive
2021,4,M. gigas,North,HIOC,16,No Tide,45,220,0,Alive
2021,4,M. gigas,North,HIOC,16,No Tide,45,221,0,Alive
2021,4,M. gigas,North,HIOC,16,No Tide,45,222,0,Alive
2021,4,M. gigas,North,HIOC,16,No Tide,45,223,0,Alive
2021,4,M. gigas,North,HIOC,16,No Tide,45,224,0,Alive
2021,4,M. gigas,North,HIOC,16,No Tide,45,225,0,Alive
2021,4,M. gigas,North,HIOC,16,No Tide,46,1,1,Dead
2021,4,M. gigas,North,HIOC,16,No Tide,46,2,1,Dead
2021,4,M. gigas,North,HIOC,16,No Tide,46,3,1,Dead
2021,4,M. gigas,North,HIOC,16,No Tide,46,4,1,Dead
2021,4,M. gigas,North,HIOC,16,No Tide,46,5,1,Dead
2021,4,M. gigas,North,HIOC,16,No Tide,46,6,1,Dead
2021,4,M. gigas,North,HIOC,16,No Tide,46,7,1,Dead
2021,4,M. gigas,North,HIOC,16,No Tide,46,8,1,Dead
2021,4,M. gigas,North,HIOC,16,No Tide,46,9,1,Dead
2021,4,M. gigas,North,HIOC,16,No Tide,46,10,1,Dead
2021,4,M. gigas,North,HIOC,16,No Tide,46,11,1,Dead
2021,4,M. gigas,North,HIOC,16,No Tide,46,12,1,Dead
2021,4,M. gigas,North,HIOC,16,No Tide,46,13,1,Dead
2021,4,M. gigas,North,HIOC,16,No Tide,46,14,1,Dead
2021,4,M. gigas,North,HIOC,16,No Tide,46,15,1,Dead
2021,4,M. gigas,North,HIOC,16,No Tide,46,16,1,Dead
2021,4,M. gigas,North,HIOC,16,No Tide,46,17,1,Dead
2021,4,M. gigas,North,HIOC,16,No Tide,46,18,1,Dead
2021,4,M. gigas,North,HIOC,16,No Tide,46,19,1,Dead
2021,4,M. gigas,North,HIOC,16,No Tide,46,20,1,Dead
2021,4,M. gigas,North,HIOC,16,No Tide,46,21,1,Dead
2021,4,M. gigas,North,HIOC,16,No Tide,46,22,1,Dead
2021,4,M. gigas,North,HIOC,16,No Tide,46,23,1,Dead
2021,4,M. gigas,North,HIOC,16,No Tide,46,24,1,Dead
2021,4,M. gigas,North,HIOC,16,No Tide,46,25,1,Dead
2021,4,M. gigas,North,HIOC,16,No Tide,46,26,1,Dead
2021,4,M. gigas,North,HIOC,16,No Tide,46,27,1,Dead
2021,4,M. gigas,North,HIOC,16,No Tide,46,28,1,Dead
2021,4,M. gigas,North,HIOC,16,No Tide,46,29,1,Dead
2021,4,M. gigas,North,HIOC,16,No Tide,46,30,1,Dead
2021,4,M. gigas,North,HIOC,16,No Tide,46,31,1,Dead
2021,4,M. gigas,North,HIOC,16,No Tide,46,32,1,Dead
2021,4,M. gigas,North,HIOC,16,No Tide,46,33,1,Dead
2021,4,M. gigas,North,HIOC,16,No Tide,46,34,1,Dead
2021,4,M. gigas,North,HIOC,16,No Tide,46,35,1,Dead
2021,4,M. gigas,North,HIOC,16,No Tide,46,36,1,Dead
2021,4,M. gigas,North,HIOC,16,No Tide,46,37,1,Dead
2021,4,M. gigas,North,HIOC,16,No Tide,46,38,1,Dead
2021,4,M. gigas,North,HIOC,16,No Tide,46,39,1,Dead
2021,4,M. gigas,North,HIOC,16,No Tide,46,40,1,Dead
2021,4,M. gigas,North,HIOC,16,No Tide,46,41,1,Dead
2021,4,M. gigas,North,HIOC,16,No Tide,46,42,1,Dead
2021,4,M. gigas,North,HIOC,16,No Tide,46,43,1,Dead
2021,4,M. gigas,North,HIOC,16,No Tide,46,44,1,Dead
2021,4,M. gigas,North,HIOC,16,No Tide,46,45,1,Dead
2021,4,M. gigas,North,HIOC,16,No Tide,46,46,1,Dead
2021,4,M. gigas,North,HIOC,16,No Tide,46,47,1,Dead
2021,4,M. gigas,North,HIOC,16,No Tide,46,48,1,Dead
2021,4,M. gigas,North,HIOC,16,No Tide,46,49,1,Dead
2021,4,M. gigas,North,HIOC,16,No Tide,46,50,1,Dead
2021,4,M. gigas,North,HIOC,16,No Tide,46,51,1,Dead
2021,4,M. gigas,North,HIOC,16,No Tide,46,52,1,Dead
2021,4,M. gigas,North,HIOC,16,No Tide,46,53,1,Dead
2021,4,M. gigas,North,HIOC,16,No Tide,46,54,1,Dead
2021,4,M. gigas,North,HIOC,16,No Tide,46,55,1,Dead
2021,4,M. gigas,North,HIOC,16,No Tide,46,56,1,Dead
2021,4,M. gigas,North,HIOC,16,No Tide,46,57,1,Dead
2021,4,M. gigas,North,HIOC,16,No Tide,46,58,1,Dead
2021,4,M. gigas,North,HIOC,16,No Tide,46,59,1,Dead
2021,4,M. gigas,North,HIOC,16,No Tide,46,60,1,Dead
2021,4,M. gigas,North,HIOC,16,No Tide,46,61,1,Dead
2021,4,M. gigas,North,HIOC,16,No Tide,46,62,1,Dead
2021,4,M. gigas,North,HIOC,16,No Tide,46,63,1,Dead
2021,4,M. gigas,North,HIOC,16,No Tide,46,64,1,Dead
2021,4,M. gigas,North,HIOC,16,No Tide,46,65,1,Dead
2021,4,M. gigas,North,HIOC,16,No Tide,46,66,1,Dead
2021,4,M. gigas,North,HIOC,16,No Tide,46,67,1,Dead
2021,4,M. gigas,North,HIOC,16,No Tide,46,68,1,Dead
2021,4,M. gigas,North,HIOC,16,No Tide,46,69,1,Dead
2021,4,M. gigas,North,HIOC,16,No Tide,46,70,1,Dead
2021,4,M. gigas,North,HIOC,16,No Tide,46,71,1,Dead
2021,4,M. gigas,North,HIOC,16,No Tide,46,72,1,Dead
2021,4,M. gigas,North,HIOC,16,No Tide,46,73,1,Dead
2021,4,M. gigas,North,HIOC,16,No Tide,46,74,1,Dead
2021,4,M. gigas,North,HIOC,16,No Tide,46,75,1,Dead
2021,4,M. gigas,North,HIOC,16,No Tide,46,76,1,Dead
2021,4,M. gigas,North,HIOC,16,No Tide,46,77,1,Dead
2021,4,M. gigas,North,HIOC,16,No Tide,46,78,1,Dead
2021,4,M. gigas,North,HIOC,16,No Tide,46,79,1,Dead
2021,4,M. gigas,North,HIOC,16,No Tide,46,80,1,Dead
2021,4,M. gigas,North,HIOC,16,No Tide,46,81,1,Dead
2021,4,M. gigas,North,HIOC,16,No Tide,46,82,1,Dead
2021,4,M. gigas,North,HIOC,16,No Tide,46,83,1,Dead
2021,4,M. gigas,North,HIOC,16,No Tide,46,84,1,Dead
2021,4,M. gigas,North,HIOC,16,No Tide,46,85,1,Dead
2021,4,M. gigas,North,HIOC,16,No Tide,46,86,1,Dead
2021,4,M. gigas,North,HIOC,16,No Tide,46,87,1,Dead
2021,4,M. gigas,North,HIOC,16,No Tide,46,88,1,Dead
2021,4,M. gigas,North,HIOC,16,No Tide,46,89,1,Dead
2021,4,M. gigas,North,HIOC,16,No Tide,46,90,1,Dead
2021,4,M. gigas,North,HIOC,16,No Tide,46,91,1,Dead
2021,4,M. gigas,North,HIOC,16,No Tide,46,92,1,Dead
2021,4,M. gigas,North,HIOC,16,No Tide,46,93,1,Dead
2021,4,M. gigas,North,HIOC,16,No Tide,46,94,1,Dead
2021,4,M. gigas,North,HIOC,16,No Tide,46,95,1,Dead
2021,4,M. gigas,North,HIOC,16,No Tide,46,96,1,Dead
2021,4,M. gigas,North,HIOC,16,No Tide,46,97,1,Dead
2021,4,M. gigas,North,HIOC,16,No Tide,46,98,1,Dead
2021,4,M. gigas,North,HIOC,16,No Tide,46,99,1,Dead
2021,4,M. gigas,North,HIOC,16,No Tide,46,100,1,Dead
2021,4,M. gigas,North,HIOC,16,No Tide,46,101,1,Dead
2021,4,M. gigas,North,HIOC,16,No Tide,46,102,1,Dead
2021,4,M. gigas,North,HIOC,16,No Tide,46,103,1,Dead
2021,4,M. gigas,North,HIOC,16,No Tide,46,104,1,Dead
2021,4,M. gigas,North,HIOC,16,No Tide,46,105,1,Dead
2021,4,M. gigas,North,HIOC,16,No Tide,46,106,1,Dead
2021,4,M. gigas,North,HIOC,16,No Tide,46,107,1,Dead
2021,4,M. gigas,North,HIOC,16,No Tide,46,108,1,Dead
2021,4,M. gigas,North,HIOC,16,No Tide,46,109,1,Dead
2021,4,M. gigas,North,HIOC,16,No Tide,46,110,1,Dead
2021,4,M. gigas,North,HIOC,16,No Tide,46,111,1,Dead
2021,4,M. gigas,North,HIOC,16,No Tide,46,112,1,Dead
2021,4,M. gigas,North,HIOC,16,No Tide,46,113,1,Dead
2021,4,M. gigas,North,HIOC,16,No Tide,46,114,1,Dead
2021,4,M. gigas,North,HIOC,16,No Tide,46,115,1,Dead
2021,4,M. gigas,North,HIOC,16,No Tide,46,116,1,Dead
2021,4,M. gigas,North,HIOC,16,No Tide,46,117,1,Dead
2021,4,M. gigas,North,HIOC,16,No Tide,46,118,1,Dead
2021,4,M. gigas,North,HIOC,16,No Tide,46,119,1,Dead
2021,4,M. gigas,North,HIOC,16,No Tide,46,120,1,Dead
2021,4,M. gigas,North,HIOC,16,No Tide,46,121,1,Dead
2021,4,M. gigas,North,HIOC,16,No Tide,46,122,1,Dead
2021,4,M. gigas,North,HIOC,16,No Tide,46,123,1,Dead
2021,4,M. gigas,North,HIOC,16,No Tide,46,124,1,Dead
2021,4,M. gigas,North,HIOC,16,No Tide,46,125,1,Dead
2021,4,M. gigas,North,HIOC,16,No Tide,46,126,1,Dead
2021,4,M. gigas,North,HIOC,16,No Tide,46,127,1,Dead
2021,4,M. gigas,North,HIOC,16,No Tide,46,128,1,Dead
2021,4,M. gigas,North,HIOC,16,No Tide,46,129,1,Dead
2021,4,M. gigas,North,HIOC,16,No Tide,46,130,1,Dead
2021,4,M. gigas,North,HIOC,16,No Tide,46,131,1,Dead
2021,4,M. gigas,North,HIOC,16,No Tide,46,132,1,Dead
2021,4,M. gigas,North,HIOC,16,No Tide,46,133,1,Dead
2021,4,M. gigas,North,HIOC,16,No Tide,46,134,1,Dead
2021,4,M. gigas,North,HIOC,16,No Tide,46,135,1,Dead
2021,4,M. gigas,North,HIOC,16,No Tide,46,136,1,Dead
2021,4,M. gigas,North,HIOC,16,No Tide,46,137,1,Dead
2021,4,M. gigas,North,HIOC,16,No Tide,46,138,1,Dead
2021,4,M. gigas,North,HIOC,16,No Tide,46,139,1,Dead
2021,4,M. gigas,North,HIOC,16,No Tide,46,140,1,Dead
2021,4,M. gigas,North,HIOC,16,No Tide,46,141,1,Dead
2021,4,M. gigas,North,HIOC,16,No Tide,46,142,1,Dead
2021,4,M. gigas,North,HIOC,16,No Tide,46,143,1,Dead
2021,4,M. gigas,North,HIOC,16,No Tide,46,144,1,Dead
2021,4,M. gigas,North,HIOC,16,No Tide,46,145,1,Dead
2021,4,M. gigas,North,HIOC,16,No Tide,46,146,1,Dead
2021,4,M. gigas,North,HIOC,16,No Tide,46,147,1,Dead
2021,4,M. gigas,North,HIOC,16,No Tide,46,148,1,Dead
2021,4,M. gigas,North,HIOC,16,No Tide,46,149,1,Dead
2021,4,M. gigas,North,HIOC,16,No Tide,46,150,1,Dead
2021,4,M. gigas,North,HIOC,16,No Tide,46,151,1,Dead
2021,4,M. gigas,North,HIOC,16,No Tide,46,152,1,Dead
2021,4,M. gigas,North,HIOC,16,No Tide,46,153,1,Dead
2021,4,M. gigas,North,HIOC,16,No Tide,46,154,1,Dead
2021,4,M. gigas,North,HIOC,16,No Tide,46,155,1,Dead
2021,4,M. gigas,North,HIOC,16,No Tide,46,156,1,Dead
2021,4,M. gigas,North,HIOC,16,No Tide,46,157,1,Dead
2021,4,M. gigas,North,HIOC,16,No Tide,46,158,1,Dead
2021,4,M. gigas,North,HIOC,16,No Tide,46,159,1,Dead
2021,4,M. gigas,North,HIOC,16,No Tide,46,160,1,Dead
2021,4,M. gigas,North,HIOC,16,No Tide,46,161,1,Dead
2021,4,M. gigas,North,HIOC,16,No Tide,46,162,1,Dead
2021,4,M. gigas,North,HIOC,16,No Tide,46,163,1,Dead
2021,4,M. gigas,North,HIOC,16,No Tide,46,164,1,Dead
2021,4,M. gigas,North,HIOC,16,No Tide,46,165,1,Dead
2021,4,M. gigas,North,HIOC,16,No Tide,46,166,1,Dead
2021,4,M. gigas,North,HIOC,16,No Tide,46,167,1,Dead
2021,4,M. gigas,North,HIOC,16,No Tide,46,168,1,Dead
2021,4,M. gigas,North,HIOC,16,No Tide,46,169,1,Dead
2021,4,M. gigas,North,HIOC,16,No Tide,46,170,1,Dead
2021,4,M. gigas,North,HIOC,16,No Tide,46,171,1,Dead
2021,4,M. gigas,North,HIOC,16,No Tide,46,172,1,Dead
2021,4,M. gigas,North,HIOC,16,No Tide,46,173,1,Dead
2021,4,M. gigas,North,HIOC,16,No Tide,46,174,1,Dead
2021,4,M. gigas,North,HIOC,16,No Tide,46,175,1,Dead
2021,4,M. gigas,North,HIOC,16,No Tide,46,176,1,Dead
2021,4,M. gigas,North,HIOC,16,No Tide,46,177,1,Dead
2021,4,M. gigas,North,HIOC,16,No Tide,46,178,1,Dead
2021,4,M. gigas,North,HIOC,16,No Tide,46,179,1,Dead
2021,4,M. gigas,North,HIOC,16,No Tide,46,180,1,Dead
2021,4,M. gigas,North,HIOC,16,No Tide,46,181,0,Alive
2021,4,M. gigas,North,HIOC,16,No Tide,46,182,0,Alive
2021,4,M. gigas,North,HIOC,16,No Tide,46,183,0,Alive
2021,4,M. gigas,North,HIOC,16,No Tide,46,184,0,Alive
2021,4,M. gigas,North,HIOC,16,No Tide,46,185,0,Alive
2021,4,M. gigas,North,HIOC,16,No Tide,46,186,0,Alive
2021,4,M. gigas,North,HIOC,16,No Tide,46,187,0,Alive
2021,4,M. gigas,North,HIOC,16,No Tide,46,188,0,Alive
2021,4,M. gigas,North,HIOC,16,No Tide,46,189,0,Alive
2021,4,M. gigas,North,HIOC,16,No Tide,46,190,0,Alive
2021,4,M. gigas,North,HIOC,16,No Tide,46,191,0,Alive
2021,4,M. gigas,North,HIOC,16,No Tide,46,192,0,Alive
2021,4,M. gigas,North,HIOC,16,No Tide,46,193,0,Alive
2021,4,M. gigas,North,HIOC,16,No Tide,46,194,0,Alive
2021,4,M. gigas,North,HIOC,16,No Tide,46,195,0,Alive
2021,4,M. gigas,North,HIOC,16,No Tide,46,196,0,Alive
2021,4,M. gigas,North,HIOC,16,No Tide,46,197,0,Alive
2021,4,M. gigas,North,HIOC,16,No Tide,46,198,0,Alive
2021,4,M. gigas,North,HIOC,16,No Tide,46,199,0,Alive
2021,4,M. gigas,North,HIOC,16,No Tide,46,200,0,Alive
2021,4,M. gigas,North,HIOC,16,No Tide,46,201,0,Alive
2021,4,M. gigas,North,HIOC,16,No Tide,46,202,0,Alive
2021,4,M. gigas,North,HIOC,16,No Tide,46,203,0,Alive
2021,4,M. gigas,North,HIOC,16,No Tide,46,204,0,Alive
2021,4,M. gigas,North,HIOC,16,No Tide,46,205,0,Alive
2021,4,M. gigas,North,HIOC,16,No Tide,46,206,0,Alive
2021,4,M. gigas,North,HIOC,16,No Tide,46,207,0,Alive
2021,4,M. gigas,North,HIOC,16,No Tide,46,208,0,Alive
2021,4,M. gigas,North,HIOC,16,No Tide,46,209,0,Alive
2021,4,M. gigas,North,HIOC,16,No Tide,46,210,0,Alive
2021,4,M. gigas,North,HIOC,16,No Tide,46,211,0,Alive
2021,4,M. gigas,North,HIOC,16,No Tide,46,212,0,Alive
2021,4,M. gigas,North,HIOC,16,No Tide,46,213,0,Alive
2021,4,M. gigas,North,HIOC,16,No Tide,46,214,0,Alive
2021,4,M. gigas,North,HIOC,16,No Tide,46,215,0,Alive
2021,4,M. gigas,North,HIOC,16,No Tide,46,216,0,Alive
2021,4,M. gigas,North,HIOC,16,No Tide,46,217,0,Alive
2021,4,M. gigas,North,HIOC,16,No Tide,46,218,0,Alive
2021,4,M. gigas,North,HIOC,16,No Tide,46,219,0,Alive
2021,4,M. gigas,North,HIOC,16,No Tide,46,220,0,Alive
2021,4,M. gigas,North,HIOC,16,No Tide,46,221,0,Alive
2021,4,M. gigas,North,HIOC,16,No Tide,46,222,0,Alive
2021,4,M. gigas,North,HIOC,16,No Tide,46,223,0,Alive
2021,4,M. gigas,North,HIOC,16,No Tide,46,224,0,Alive
2021,4,M. gigas,North,HIOC,16,No Tide,46,225,0,Alive
2021,4,M. gigas,Middle,BBOC,21,No Tide,51,1,1,Dead
2021,4,M. gigas,Middle,BBOC,21,No Tide,51,2,1,Dead
2021,4,M. gigas,Middle,BBOC,21,No Tide,51,3,1,Dead
2021,4,M. gigas,Middle,BBOC,21,No Tide,51,4,1,Dead
2021,4,M. gigas,Middle,BBOC,21,No Tide,51,5,1,Dead
2021,4,M. gigas,Middle,BBOC,21,No Tide,51,6,1,Dead
2021,4,M. gigas,Middle,BBOC,21,No Tide,51,7,1,Dead
2021,4,M. gigas,Middle,BBOC,21,No Tide,51,8,1,Dead
2021,4,M. gigas,Middle,BBOC,21,No Tide,51,9,1,Dead
2021,4,M. gigas,Middle,BBOC,21,No Tide,51,10,1,Dead
2021,4,M. gigas,Middle,BBOC,21,No Tide,51,11,1,Dead
2021,4,M. gigas,Middle,BBOC,21,No Tide,51,12,1,Dead
2021,4,M. gigas,Middle,BBOC,21,No Tide,51,13,1,Dead
2021,4,M. gigas,Middle,BBOC,21,No Tide,51,14,1,Dead
2021,4,M. gigas,Middle,BBOC,21,No Tide,51,15,1,Dead
2021,4,M. gigas,Middle,BBOC,21,No Tide,51,16,1,Dead
2021,4,M. gigas,Middle,BBOC,21,No Tide,51,17,1,Dead
2021,4,M. gigas,Middle,BBOC,21,No Tide,51,18,1,Dead
2021,4,M. gigas,Middle,BBOC,21,No Tide,51,19,1,Dead
2021,4,M. gigas,Middle,BBOC,21,No Tide,51,20,1,Dead
2021,4,M. gigas,Middle,BBOC,21,No Tide,51,21,1,Dead
2021,4,M. gigas,Middle,BBOC,21,No Tide,51,22,1,Dead
2021,4,M. gigas,Middle,BBOC,21,No Tide,51,23,1,Dead
2021,4,M. gigas,Middle,BBOC,21,No Tide,51,24,1,Dead
2021,4,M. gigas,Middle,BBOC,21,No Tide,51,25,1,Dead
2021,4,M. gigas,Middle,BBOC,21,No Tide,51,26,1,Dead
2021,4,M. gigas,Middle,BBOC,21,No Tide,51,27,1,Dead
2021,4,M. gigas,Middle,BBOC,21,No Tide,51,28,1,Dead
2021,4,M. gigas,Middle,BBOC,21,No Tide,51,29,1,Dead
2021,4,M. gigas,Middle,BBOC,21,No Tide,51,30,1,Dead
2021,4,M. gigas,Middle,BBOC,21,No Tide,51,31,1,Dead
2021,4,M. gigas,Middle,BBOC,21,No Tide,51,32,1,Dead
2021,4,M. gigas,Middle,BBOC,21,No Tide,51,33,1,Dead
2021,4,M. gigas,Middle,BBOC,21,No Tide,51,34,1,Dead
2021,4,M. gigas,Middle,BBOC,21,No Tide,51,35,1,Dead
2021,4,M. gigas,Middle,BBOC,21,No Tide,51,36,1,Dead
2021,4,M. gigas,Middle,BBOC,21,No Tide,51,37,1,Dead
2021,4,M. gigas,Middle,BBOC,21,No Tide,51,38,1,Dead
2021,4,M. gigas,Middle,BBOC,21,No Tide,51,39,1,Dead
2021,4,M. gigas,Middle,BBOC,21,No Tide,51,40,1,Dead
2021,4,M. gigas,Middle,BBOC,21,No Tide,51,41,1,Dead
2021,4,M. gigas,Middle,BBOC,21,No Tide,51,42,1,Dead
2021,4,M. gigas,Middle,BBOC,21,No Tide,51,43,1,Dead
2021,4,M. gigas,Middle,BBOC,21,No Tide,51,44,1,Dead
2021,4,M. gigas,Middle,BBOC,21,No Tide,51,45,1,Dead
2021,4,M. gigas,Middle,BBOC,21,No Tide,51,46,1,Dead
2021,4,M. gigas,Middle,BBOC,21,No Tide,51,47,1,Dead
2021,4,M. gigas,Middle,BBOC,21,No Tide,51,48,1,Dead
2021,4,M. gigas,Middle,BBOC,21,No Tide,51,49,1,Dead
2021,4,M. gigas,Middle,BBOC,21,No Tide,51,50,1,Dead
2021,4,M. gigas,Middle,BBOC,21,No Tide,51,51,1,Dead
2021,4,M. gigas,Middle,BBOC,21,No Tide,51,52,1,Dead
2021,4,M. gigas,Middle,BBOC,21,No Tide,51,53,1,Dead
2021,4,M. gigas,Middle,BBOC,21,No Tide,51,54,1,Dead
2021,4,M. gigas,Middle,BBOC,21,No Tide,51,55,1,Dead
2021,4,M. gigas,Middle,BBOC,21,No Tide,51,56,1,Dead
2021,4,M. gigas,Middle,BBOC,21,No Tide,51,57,1,Dead
2021,4,M. gigas,Middle,BBOC,21,No Tide,51,58,1,Dead
2021,4,M. gigas,Middle,BBOC,21,No Tide,51,59,1,Dead
2021,4,M. gigas,Middle,BBOC,21,No Tide,51,60,1,Dead
2021,4,M. gigas,Middle,BBOC,21,No Tide,51,61,1,Dead
2021,4,M. gigas,Middle,BBOC,21,No Tide,51,62,1,Dead
2021,4,M. gigas,Middle,BBOC,21,No Tide,51,63,1,Dead
2021,4,M. gigas,Middle,BBOC,21,No Tide,51,64,1,Dead
2021,4,M. gigas,Middle,BBOC,21,No Tide,51,65,1,Dead
2021,4,M. gigas,Middle,BBOC,21,No Tide,51,66,1,Dead
2021,4,M. gigas,Middle,BBOC,21,No Tide,51,67,1,Dead
2021,4,M. gigas,Middle,BBOC,21,No Tide,51,68,1,Dead
2021,4,M. gigas,Middle,BBOC,21,No Tide,51,69,1,Dead
2021,4,M. gigas,Middle,BBOC,21,No Tide,51,70,1,Dead
2021,4,M. gigas,Middle,BBOC,21,No Tide,51,71,1,Dead
2021,4,M. gigas,Middle,BBOC,21,No Tide,51,72,1,Dead
2021,4,M. gigas,Middle,BBOC,21,No Tide,51,73,1,Dead
2021,4,M. gigas,Middle,BBOC,21,No Tide,51,74,1,Dead
2021,4,M. gigas,Middle,BBOC,21,No Tide,51,75,1,Dead
2021,4,M. gigas,Middle,BBOC,21,No Tide,51,76,1,Dead
2021,4,M. gigas,Middle,BBOC,21,No Tide,51,77,1,Dead
2021,4,M. gigas,Middle,BBOC,21,No Tide,51,78,1,Dead
2021,4,M. gigas,Middle,BBOC,21,No Tide,51,79,1,Dead
2021,4,M. gigas,Middle,BBOC,21,No Tide,51,80,1,Dead
2021,4,M. gigas,Middle,BBOC,21,No Tide,51,81,1,Dead
2021,4,M. gigas,Middle,BBOC,21,No Tide,51,82,1,Dead
2021,4,M. gigas,Middle,BBOC,21,No Tide,51,83,1,Dead
2021,4,M. gigas,Middle,BBOC,21,No Tide,51,84,1,Dead
2021,4,M. gigas,Middle,BBOC,21,No Tide,51,85,1,Dead
2021,4,M. gigas,Middle,BBOC,21,No Tide,51,86,1,Dead
2021,4,M. gigas,Middle,BBOC,21,No Tide,51,87,1,Dead
2021,4,M. gigas,Middle,BBOC,21,No Tide,51,88,1,Dead
2021,4,M. gigas,Middle,BBOC,21,No Tide,51,89,1,Dead
2021,4,M. gigas,Middle,BBOC,21,No Tide,51,90,1,Dead
2021,4,M. gigas,Middle,BBOC,21,No Tide,51,91,1,Dead
2021,4,M. gigas,Middle,BBOC,21,No Tide,51,92,1,Dead
2021,4,M. gigas,Middle,BBOC,21,No Tide,51,93,1,Dead
2021,4,M. gigas,Middle,BBOC,21,No Tide,51,94,1,Dead
2021,4,M. gigas,Middle,BBOC,21,No Tide,51,95,1,Dead
2021,4,M. gigas,Middle,BBOC,21,No Tide,51,96,1,Dead
2021,4,M. gigas,Middle,BBOC,21,No Tide,51,97,1,Dead
2021,4,M. gigas,Middle,BBOC,21,No Tide,51,98,1,Dead
2021,4,M. gigas,Middle,BBOC,21,No Tide,51,99,1,Dead
2021,4,M. gigas,Middle,BBOC,21,No Tide,51,100,1,Dead
2021,4,M. gigas,Middle,BBOC,21,No Tide,51,101,1,Dead
2021,4,M. gigas,Middle,BBOC,21,No Tide,51,102,1,Dead
2021,4,M. gigas,Middle,BBOC,21,No Tide,51,103,0,Alive
2021,4,M. gigas,Middle,BBOC,21,No Tide,51,104,0,Alive
2021,4,M. gigas,Middle,BBOC,21,No Tide,51,105,0,Alive
2021,4,M. gigas,Middle,BBOC,21,No Tide,51,106,0,Alive
2021,4,M. gigas,Middle,BBOC,21,No Tide,51,107,0,Alive
2021,4,M. gigas,Middle,BBOC,21,No Tide,51,108,0,Alive
2021,4,M. gigas,Middle,BBOC,21,No Tide,51,109,0,Alive
2021,4,M. gigas,Middle,BBOC,21,No Tide,51,110,0,Alive
2021,4,M. gigas,Middle,BBOC,21,No Tide,51,111,0,Alive
2021,4,M. gigas,Middle,BBOC,21,No Tide,51,112,0,Alive
2021,4,M. gigas,Middle,BBOC,21,No Tide,51,113,0,Alive
2021,4,M. gigas,Middle,BBOC,21,No Tide,51,114,0,Alive
2021,4,M. gigas,Middle,BBOC,21,No Tide,51,115,0,Alive
2021,4,M. gigas,Middle,BBOC,21,No Tide,51,116,0,Alive
2021,4,M. gigas,Middle,BBOC,21,No Tide,51,117,0,Alive
2021,4,M. gigas,Middle,BBOC,21,No Tide,51,118,0,Alive
2021,4,M. gigas,Middle,BBOC,21,No Tide,51,119,0,Alive
2021,4,M. gigas,Middle,BBOC,21,No Tide,51,120,0,Alive
2021,4,M. gigas,Middle,BBOC,21,No Tide,51,121,0,Alive
2021,4,M. gigas,Middle,BBOC,21,No Tide,51,122,0,Alive
2021,4,M. gigas,Middle,BBOC,21,No Tide,51,123,0,Alive
2021,4,M. gigas,Middle,BBOC,21,No Tide,51,124,0,Alive
2021,4,M. gigas,Middle,BBOC,21,No Tide,51,125,0,Alive
2021,4,M. gigas,Middle,BBOC,21,No Tide,51,126,0,Alive
2021,4,M. gigas,Middle,BBOC,21,No Tide,51,127,0,Alive
2021,4,M. gigas,Middle,BBOC,21,No Tide,51,128,0,Alive
2021,4,M. gigas,Middle,BBOC,21,No Tide,51,129,0,Alive
2021,4,M. gigas,Middle,BBOC,21,No Tide,51,130,0,Alive
2021,4,M. gigas,Middle,BBOC,21,No Tide,51,131,0,Alive
2021,4,M. gigas,Middle,BBOC,21,No Tide,51,132,0,Alive
2021,4,M. gigas,Middle,BBOC,21,No Tide,51,133,0,Alive
2021,4,M. gigas,Middle,BBOC,21,No Tide,51,134,0,Alive
2021,4,M. gigas,Middle,BBOC,21,No Tide,51,135,0,Alive
2021,4,M. gigas,Middle,BBOC,21,No Tide,51,136,0,Alive
2021,4,M. gigas,Middle,BBOC,21,No Tide,51,137,0,Alive
2021,4,M. gigas,Middle,BBOC,21,No Tide,51,138,0,Alive
2021,4,M. gigas,Middle,BBOC,21,No Tide,51,139,0,Alive
2021,4,M. gigas,Middle,BBOC,21,No Tide,51,140,0,Alive
2021,4,M. gigas,Middle,BBOC,21,No Tide,51,141,0,Alive
2021,4,M. gigas,Middle,BBOC,21,No Tide,51,142,0,Alive
2021,4,M. gigas,Middle,BBOC,21,No Tide,51,143,0,Alive
2021,4,M. gigas,Middle,BBOC,21,No Tide,51,144,0,Alive
2021,4,M. gigas,Middle,BBOC,21,No Tide,51,145,0,Alive
2021,4,M. gigas,Middle,BBOC,21,No Tide,51,146,0,Alive
2021,4,M. gigas,Middle,BBOC,21,No Tide,51,147,0,Alive
2021,4,M. gigas,Middle,BBOC,21,No Tide,51,148,0,Alive
2021,4,M. gigas,Middle,BBOC,21,No Tide,51,149,0,Alive
2021,4,M. gigas,Middle,BBOC,21,No Tide,51,150,0,Alive
2021,4,M. gigas,Middle,BBOC,21,No Tide,51,151,0,Alive
2021,4,M. gigas,Middle,BBOC,21,No Tide,51,152,0,Alive
2021,4,M. gigas,Middle,BBOC,21,No Tide,51,153,0,Alive
2021,4,M. gigas,Middle,BBOC,21,No Tide,51,154,0,Alive
2021,4,M. gigas,Middle,BBOC,21,No Tide,51,155,0,Alive
2021,4,M. gigas,Middle,BBOC,21,No Tide,51,156,0,Alive
2021,4,M. gigas,Middle,BBOC,21,No Tide,51,157,0,Alive
2021,4,M. gigas,Middle,BBOC,21,No Tide,51,158,0,Alive
2021,4,M. gigas,Middle,BBOC,21,No Tide,51,159,0,Alive
2021,4,M. gigas,Middle,BBOC,21,No Tide,51,160,0,Alive
2021,4,M. gigas,Middle,BBOC,21,No Tide,51,161,0,Alive
2021,4,M. gigas,Middle,BBOC,21,No Tide,51,162,0,Alive
2021,4,M. gigas,Middle,BBOC,21,No Tide,51,163,0,Alive
2021,4,M. gigas,Middle,BBOC,21,No Tide,51,164,0,Alive
2021,4,M. gigas,Middle,BBOC,21,No Tide,51,165,0,Alive
2021,4,M. gigas,Middle,BBOC,21,No Tide,51,166,0,Alive
2021,4,M. gigas,Middle,BBOC,21,No Tide,51,167,0,Alive
2021,4,M. gigas,Middle,BBOC,21,No Tide,51,168,0,Alive
2021,4,M. gigas,Middle,BBOC,21,No Tide,51,169,0,Alive
2021,4,M. gigas,Middle,BBOC,21,No Tide,51,170,0,Alive
2021,4,M. gigas,Middle,BBOC,21,No Tide,51,171,0,Alive
2021,4,M. gigas,Middle,BBOC,21,No Tide,51,172,0,Alive
2021,4,M. gigas,Middle,BBOC,21,No Tide,51,173,0,Alive
2021,4,M. gigas,Middle,BBOC,21,No Tide,51,174,0,Alive
2021,4,M. gigas,Middle,BBOC,21,No Tide,51,175,0,Alive
2021,4,M. gigas,Middle,BBOC,21,No Tide,51,176,0,Alive
2021,4,M. gigas,Middle,BBOC,21,No Tide,51,177,0,Alive
2021,4,M. gigas,Middle,BBOC,21,No Tide,51,178,0,Alive
2021,4,M. gigas,Middle,BBOC,21,No Tide,51,179,0,Alive
2021,4,M. gigas,Middle,BBOC,21,No Tide,51,180,0,Alive
2021,4,M. gigas,Middle,BBOC,21,No Tide,51,181,0,Alive
2021,4,M. gigas,Middle,BBOC,21,No Tide,51,182,0,Alive
2021,4,M. gigas,Middle,BBOC,21,No Tide,51,183,0,Alive
2021,4,M. gigas,Middle,BBOC,21,No Tide,51,184,0,Alive
2021,4,M. gigas,Middle,BBOC,21,No Tide,51,185,0,Alive
2021,4,M. gigas,Middle,BBOC,21,No Tide,51,186,0,Alive
2021,4,M. gigas,Middle,BBOC,21,No Tide,51,187,0,Alive
2021,4,M. gigas,Middle,BBOC,21,No Tide,51,188,0,Alive
2021,4,M. gigas,Middle,BBOC,21,No Tide,51,189,0,Alive
2021,4,M. gigas,Middle,BBOC,21,No Tide,51,190,0,Alive
2021,4,M. gigas,Middle,BBOC,21,No Tide,51,191,0,Alive
2021,4,M. gigas,Middle,BBOC,21,No Tide,51,192,0,Alive
2021,4,M. gigas,Middle,BBOC,21,No Tide,51,193,0,Alive
2021,4,M. gigas,Middle,BBOC,21,No Tide,51,194,0,Alive
2021,4,M. gigas,Middle,BBOC,21,No Tide,51,195,0,Alive
2021,4,M. gigas,Middle,BBOC,21,No Tide,51,196,0,Alive
2021,4,M. gigas,Middle,BBOC,21,No Tide,51,197,0,Alive
2021,4,M. gigas,Middle,BBOC,21,No Tide,51,198,0,Alive
2021,4,M. gigas,Middle,BBOC,21,No Tide,51,199,0,Alive
2021,4,M. gigas,Middle,BBOC,21,No Tide,51,200,0,Alive
2021,4,M. gigas,Middle,BBOC,21,No Tide,51,201,0,Alive
2021,4,M. gigas,Middle,BBOC,21,No Tide,51,202,0,Alive
2021,4,M. gigas,Middle,BBOC,21,No Tide,51,203,0,Alive
2021,4,M. gigas,Middle,BBOC,21,No Tide,51,204,0,Alive
2021,4,M. gigas,Middle,BBOC,21,No Tide,51,205,0,Alive
2021,4,M. gigas,Middle,BBOC,21,No Tide,51,206,0,Alive
2021,4,M. gigas,Middle,BBOC,21,No Tide,51,207,0,Alive
2021,4,M. gigas,Middle,BBOC,21,No Tide,51,208,0,Alive
2021,4,M. gigas,Middle,BBOC,21,No Tide,51,209,0,Alive
2021,4,M. gigas,Middle,BBOC,21,No Tide,51,210,0,Alive
2021,4,M. gigas,Middle,BBOC,21,No Tide,51,211,0,Alive
2021,4,M. gigas,Middle,BBOC,21,No Tide,51,212,0,Alive
2021,4,M. gigas,Middle,BBOC,21,No Tide,51,213,0,Alive
2021,4,M. gigas,Middle,BBOC,21,No Tide,51,214,0,Alive
2021,4,M. gigas,Middle,BBOC,21,No Tide,51,215,0,Alive
2021,4,M. gigas,Middle,BBOC,21,No Tide,51,216,0,Alive
2021,4,M. gigas,Middle,BBOC,21,No Tide,51,217,0,Alive
2021,4,M. gigas,Middle,BBOC,21,No Tide,51,218,0,Alive
2021,4,M. gigas,Middle,BBOC,21,No Tide,51,219,0,Alive
2021,4,M. gigas,Middle,BBOC,21,No Tide,51,220,0,Alive
2021,4,M. gigas,Middle,BBOC,21,No Tide,51,221,0,Alive
2021,4,M. gigas,Middle,BBOC,21,No Tide,51,222,0,Alive
2021,4,M. gigas,Middle,BBOC,21,No Tide,51,223,0,Alive
2021,4,M. gigas,Middle,BBOC,21,No Tide,51,224,0,Alive
2021,4,M. gigas,Middle,BBOC,21,No Tide,51,225,0,Alive
2021,4,M. gigas,Middle,BBOC,21,No Tide,52,1,1,Dead
2021,4,M. gigas,Middle,BBOC,21,No Tide,52,2,1,Dead
2021,4,M. gigas,Middle,BBOC,21,No Tide,52,3,1,Dead
2021,4,M. gigas,Middle,BBOC,21,No Tide,52,4,1,Dead
2021,4,M. gigas,Middle,BBOC,21,No Tide,52,5,1,Dead
2021,4,M. gigas,Middle,BBOC,21,No Tide,52,6,1,Dead
2021,4,M. gigas,Middle,BBOC,21,No Tide,52,7,1,Dead
2021,4,M. gigas,Middle,BBOC,21,No Tide,52,8,1,Dead
2021,4,M. gigas,Middle,BBOC,21,No Tide,52,9,1,Dead
2021,4,M. gigas,Middle,BBOC,21,No Tide,52,10,1,Dead
2021,4,M. gigas,Middle,BBOC,21,No Tide,52,11,1,Dead
2021,4,M. gigas,Middle,BBOC,21,No Tide,52,12,1,Dead
2021,4,M. gigas,Middle,BBOC,21,No Tide,52,13,1,Dead
2021,4,M. gigas,Middle,BBOC,21,No Tide,52,14,1,Dead
2021,4,M. gigas,Middle,BBOC,21,No Tide,52,15,1,Dead
2021,4,M. gigas,Middle,BBOC,21,No Tide,52,16,1,Dead
2021,4,M. gigas,Middle,BBOC,21,No Tide,52,17,1,Dead
2021,4,M. gigas,Middle,BBOC,21,No Tide,52,18,1,Dead
2021,4,M. gigas,Middle,BBOC,21,No Tide,52,19,1,Dead
2021,4,M. gigas,Middle,BBOC,21,No Tide,52,20,1,Dead
2021,4,M. gigas,Middle,BBOC,21,No Tide,52,21,1,Dead
2021,4,M. gigas,Middle,BBOC,21,No Tide,52,22,1,Dead
2021,4,M. gigas,Middle,BBOC,21,No Tide,52,23,1,Dead
2021,4,M. gigas,Middle,BBOC,21,No Tide,52,24,1,Dead
2021,4,M. gigas,Middle,BBOC,21,No Tide,52,25,1,Dead
2021,4,M. gigas,Middle,BBOC,21,No Tide,52,26,1,Dead
2021,4,M. gigas,Middle,BBOC,21,No Tide,52,27,1,Dead
2021,4,M. gigas,Middle,BBOC,21,No Tide,52,28,1,Dead
2021,4,M. gigas,Middle,BBOC,21,No Tide,52,29,1,Dead
2021,4,M. gigas,Middle,BBOC,21,No Tide,52,30,1,Dead
2021,4,M. gigas,Middle,BBOC,21,No Tide,52,31,1,Dead
2021,4,M. gigas,Middle,BBOC,21,No Tide,52,32,1,Dead
2021,4,M. gigas,Middle,BBOC,21,No Tide,52,33,1,Dead
2021,4,M. gigas,Middle,BBOC,21,No Tide,52,34,1,Dead
2021,4,M. gigas,Middle,BBOC,21,No Tide,52,35,1,Dead
2021,4,M. gigas,Middle,BBOC,21,No Tide,52,36,1,Dead
2021,4,M. gigas,Middle,BBOC,21,No Tide,52,37,1,Dead
2021,4,M. gigas,Middle,BBOC,21,No Tide,52,38,1,Dead
2021,4,M. gigas,Middle,BBOC,21,No Tide,52,39,1,Dead
2021,4,M. gigas,Middle,BBOC,21,No Tide,52,40,1,Dead
2021,4,M. gigas,Middle,BBOC,21,No Tide,52,41,1,Dead
2021,4,M. gigas,Middle,BBOC,21,No Tide,52,42,1,Dead
2021,4,M. gigas,Middle,BBOC,21,No Tide,52,43,1,Dead
2021,4,M. gigas,Middle,BBOC,21,No Tide,52,44,1,Dead
2021,4,M. gigas,Middle,BBOC,21,No Tide,52,45,1,Dead
2021,4,M. gigas,Middle,BBOC,21,No Tide,52,46,1,Dead
2021,4,M. gigas,Middle,BBOC,21,No Tide,52,47,1,Dead
2021,4,M. gigas,Middle,BBOC,21,No Tide,52,48,1,Dead
2021,4,M. gigas,Middle,BBOC,21,No Tide,52,49,1,Dead
2021,4,M. gigas,Middle,BBOC,21,No Tide,52,50,1,Dead
2021,4,M. gigas,Middle,BBOC,21,No Tide,52,51,1,Dead
2021,4,M. gigas,Middle,BBOC,21,No Tide,52,52,1,Dead
2021,4,M. gigas,Middle,BBOC,21,No Tide,52,53,1,Dead
2021,4,M. gigas,Middle,BBOC,21,No Tide,52,54,1,Dead
2021,4,M. gigas,Middle,BBOC,21,No Tide,52,55,1,Dead
2021,4,M. gigas,Middle,BBOC,21,No Tide,52,56,1,Dead
2021,4,M. gigas,Middle,BBOC,21,No Tide,52,57,1,Dead
2021,4,M. gigas,Middle,BBOC,21,No Tide,52,58,1,Dead
2021,4,M. gigas,Middle,BBOC,21,No Tide,52,59,1,Dead
2021,4,M. gigas,Middle,BBOC,21,No Tide,52,60,1,Dead
2021,4,M. gigas,Middle,BBOC,21,No Tide,52,61,1,Dead
2021,4,M. gigas,Middle,BBOC,21,No Tide,52,62,1,Dead
2021,4,M. gigas,Middle,BBOC,21,No Tide,52,63,1,Dead
2021,4,M. gigas,Middle,BBOC,21,No Tide,52,64,1,Dead
2021,4,M. gigas,Middle,BBOC,21,No Tide,52,65,1,Dead
2021,4,M. gigas,Middle,BBOC,21,No Tide,52,66,1,Dead
2021,4,M. gigas,Middle,BBOC,21,No Tide,52,67,1,Dead
2021,4,M. gigas,Middle,BBOC,21,No Tide,52,68,1,Dead
2021,4,M. gigas,Middle,BBOC,21,No Tide,52,69,1,Dead
2021,4,M. gigas,Middle,BBOC,21,No Tide,52,70,1,Dead
2021,4,M. gigas,Middle,BBOC,21,No Tide,52,71,1,Dead
2021,4,M. gigas,Middle,BBOC,21,No Tide,52,72,1,Dead
2021,4,M. gigas,Middle,BBOC,21,No Tide,52,73,1,Dead
2021,4,M. gigas,Middle,BBOC,21,No Tide,52,74,1,Dead
2021,4,M. gigas,Middle,BBOC,21,No Tide,52,75,1,Dead
2021,4,M. gigas,Middle,BBOC,21,No Tide,52,76,1,Dead
2021,4,M. gigas,Middle,BBOC,21,No Tide,52,77,1,Dead
2021,4,M. gigas,Middle,BBOC,21,No Tide,52,78,1,Dead
2021,4,M. gigas,Middle,BBOC,21,No Tide,52,79,1,Dead
2021,4,M. gigas,Middle,BBOC,21,No Tide,52,80,1,Dead
2021,4,M. gigas,Middle,BBOC,21,No Tide,52,81,1,Dead
2021,4,M. gigas,Middle,BBOC,21,No Tide,52,82,1,Dead
2021,4,M. gigas,Middle,BBOC,21,No Tide,52,83,1,Dead
2021,4,M. gigas,Middle,BBOC,21,No Tide,52,84,1,Dead
2021,4,M. gigas,Middle,BBOC,21,No Tide,52,85,1,Dead
2021,4,M. gigas,Middle,BBOC,21,No Tide,52,86,1,Dead
2021,4,M. gigas,Middle,BBOC,21,No Tide,52,87,1,Dead
2021,4,M. gigas,Middle,BBOC,21,No Tide,52,88,1,Dead
2021,4,M. gigas,Middle,BBOC,21,No Tide,52,89,1,Dead
2021,4,M. gigas,Middle,BBOC,21,No Tide,52,90,1,Dead
2021,4,M. gigas,Middle,BBOC,21,No Tide,52,91,1,Dead
2021,4,M. gigas,Middle,BBOC,21,No Tide,52,92,1,Dead
2021,4,M. gigas,Middle,BBOC,21,No Tide,52,93,1,Dead
2021,4,M. gigas,Middle,BBOC,21,No Tide,52,94,1,Dead
2021,4,M. gigas,Middle,BBOC,21,No Tide,52,95,1,Dead
2021,4,M. gigas,Middle,BBOC,21,No Tide,52,96,1,Dead
2021,4,M. gigas,Middle,BBOC,21,No Tide,52,97,1,Dead
2021,4,M. gigas,Middle,BBOC,21,No Tide,52,98,1,Dead
2021,4,M. gigas,Middle,BBOC,21,No Tide,52,99,1,Dead
2021,4,M. gigas,Middle,BBOC,21,No Tide,52,100,1,Dead
2021,4,M. gigas,Middle,BBOC,21,No Tide,52,101,1,Dead
2021,4,M. gigas,Middle,BBOC,21,No Tide,52,102,1,Dead
2021,4,M. gigas,Middle,BBOC,21,No Tide,52,103,1,Dead
2021,4,M. gigas,Middle,BBOC,21,No Tide,52,104,1,Dead
2021,4,M. gigas,Middle,BBOC,21,No Tide,52,105,1,Dead
2021,4,M. gigas,Middle,BBOC,21,No Tide,52,106,1,Dead
2021,4,M. gigas,Middle,BBOC,21,No Tide,52,107,1,Dead
2021,4,M. gigas,Middle,BBOC,21,No Tide,52,108,1,Dead
2021,4,M. gigas,Middle,BBOC,21,No Tide,52,109,1,Dead
2021,4,M. gigas,Middle,BBOC,21,No Tide,52,110,1,Dead
2021,4,M. gigas,Middle,BBOC,21,No Tide,52,111,1,Dead
2021,4,M. gigas,Middle,BBOC,21,No Tide,52,112,1,Dead
2021,4,M. gigas,Middle,BBOC,21,No Tide,52,113,1,Dead
2021,4,M. gigas,Middle,BBOC,21,No Tide,52,114,1,Dead
2021,4,M. gigas,Middle,BBOC,21,No Tide,52,115,1,Dead
2021,4,M. gigas,Middle,BBOC,21,No Tide,52,116,0,Alive
2021,4,M. gigas,Middle,BBOC,21,No Tide,52,117,0,Alive
2021,4,M. gigas,Middle,BBOC,21,No Tide,52,118,0,Alive
2021,4,M. gigas,Middle,BBOC,21,No Tide,52,119,0,Alive
2021,4,M. gigas,Middle,BBOC,21,No Tide,52,120,0,Alive
2021,4,M. gigas,Middle,BBOC,21,No Tide,52,121,0,Alive
2021,4,M. gigas,Middle,BBOC,21,No Tide,52,122,0,Alive
2021,4,M. gigas,Middle,BBOC,21,No Tide,52,123,0,Alive
2021,4,M. gigas,Middle,BBOC,21,No Tide,52,124,0,Alive
2021,4,M. gigas,Middle,BBOC,21,No Tide,52,125,0,Alive
2021,4,M. gigas,Middle,BBOC,21,No Tide,52,126,0,Alive
2021,4,M. gigas,Middle,BBOC,21,No Tide,52,127,0,Alive
2021,4,M. gigas,Middle,BBOC,21,No Tide,52,128,0,Alive
2021,4,M. gigas,Middle,BBOC,21,No Tide,52,129,0,Alive
2021,4,M. gigas,Middle,BBOC,21,No Tide,52,130,0,Alive
2021,4,M. gigas,Middle,BBOC,21,No Tide,52,131,0,Alive
2021,4,M. gigas,Middle,BBOC,21,No Tide,52,132,0,Alive
2021,4,M. gigas,Middle,BBOC,21,No Tide,52,133,0,Alive
2021,4,M. gigas,Middle,BBOC,21,No Tide,52,134,0,Alive
2021,4,M. gigas,Middle,BBOC,21,No Tide,52,135,0,Alive
2021,4,M. gigas,Middle,BBOC,21,No Tide,52,136,0,Alive
2021,4,M. gigas,Middle,BBOC,21,No Tide,52,137,0,Alive
2021,4,M. gigas,Middle,BBOC,21,No Tide,52,138,0,Alive
2021,4,M. gigas,Middle,BBOC,21,No Tide,52,139,0,Alive
2021,4,M. gigas,Middle,BBOC,21,No Tide,52,140,0,Alive
2021,4,M. gigas,Middle,BBOC,21,No Tide,52,141,0,Alive
2021,4,M. gigas,Middle,BBOC,21,No Tide,52,142,0,Alive
2021,4,M. gigas,Middle,BBOC,21,No Tide,52,143,0,Alive
2021,4,M. gigas,Middle,BBOC,21,No Tide,52,144,0,Alive
2021,4,M. gigas,Middle,BBOC,21,No Tide,52,145,0,Alive
2021,4,M. gigas,Middle,BBOC,21,No Tide,52,146,0,Alive
2021,4,M. gigas,Middle,BBOC,21,No Tide,52,147,0,Alive
2021,4,M. gigas,Middle,BBOC,21,No Tide,52,148,0,Alive
2021,4,M. gigas,Middle,BBOC,21,No Tide,52,149,0,Alive
2021,4,M. gigas,Middle,BBOC,21,No Tide,52,150,0,Alive
2021,4,M. gigas,Middle,BBOC,21,No Tide,52,151,0,Alive
2021,4,M. gigas,Middle,BBOC,21,No Tide,52,152,0,Alive
2021,4,M. gigas,Middle,BBOC,21,No Tide,52,153,0,Alive
2021,4,M. gigas,Middle,BBOC,21,No Tide,52,154,0,Alive
2021,4,M. gigas,Middle,BBOC,21,No Tide,52,155,0,Alive
2021,4,M. gigas,Middle,BBOC,21,No Tide,52,156,0,Alive
2021,4,M. gigas,Middle,BBOC,21,No Tide,52,157,0,Alive
2021,4,M. gigas,Middle,BBOC,21,No Tide,52,158,0,Alive
2021,4,M. gigas,Middle,BBOC,21,No Tide,52,159,0,Alive
2021,4,M. gigas,Middle,BBOC,21,No Tide,52,160,0,Alive
2021,4,M. gigas,Middle,BBOC,21,No Tide,52,161,0,Alive
2021,4,M. gigas,Middle,BBOC,21,No Tide,52,162,0,Alive
2021,4,M. gigas,Middle,BBOC,21,No Tide,52,163,0,Alive
2021,4,M. gigas,Middle,BBOC,21,No Tide,52,164,0,Alive
2021,4,M. gigas,Middle,BBOC,21,No Tide,52,165,0,Alive
2021,4,M. gigas,Middle,BBOC,21,No Tide,52,166,0,Alive
2021,4,M. gigas,Middle,BBOC,21,No Tide,52,167,0,Alive
2021,4,M. gigas,Middle,BBOC,21,No Tide,52,168,0,Alive
2021,4,M. gigas,Middle,BBOC,21,No Tide,52,169,0,Alive
2021,4,M. gigas,Middle,BBOC,21,No Tide,52,170,0,Alive
2021,4,M. gigas,Middle,BBOC,21,No Tide,52,171,0,Alive
2021,4,M. gigas,Middle,BBOC,21,No Tide,52,172,0,Alive
2021,4,M. gigas,Middle,BBOC,21,No Tide,52,173,0,Alive
2021,4,M. gigas,Middle,BBOC,21,No Tide,52,174,0,Alive
2021,4,M. gigas,Middle,BBOC,21,No Tide,52,175,0,Alive
2021,4,M. gigas,Middle,BBOC,21,No Tide,52,176,0,Alive
2021,4,M. gigas,Middle,BBOC,21,No Tide,52,177,0,Alive
2021,4,M. gigas,Middle,BBOC,21,No Tide,52,178,0,Alive
2021,4,M. gigas,Middle,BBOC,21,No Tide,52,179,0,Alive
2021,4,M. gigas,Middle,BBOC,21,No Tide,52,180,0,Alive
2021,4,M. gigas,Middle,BBOC,21,No Tide,52,181,0,Alive
2021,4,M. gigas,Middle,BBOC,21,No Tide,52,182,0,Alive
2021,4,M. gigas,Middle,BBOC,21,No Tide,52,183,0,Alive
2021,4,M. gigas,Middle,BBOC,21,No Tide,52,184,0,Alive
2021,4,M. gigas,Middle,BBOC,21,No Tide,52,185,0,Alive
2021,4,M. gigas,Middle,BBOC,21,No Tide,52,186,0,Alive
2021,4,M. gigas,Middle,BBOC,21,No Tide,52,187,0,Alive
2021,4,M. gigas,Middle,BBOC,21,No Tide,52,188,0,Alive
2021,4,M. gigas,Middle,BBOC,21,No Tide,52,189,0,Alive
2021,4,M. gigas,Middle,BBOC,21,No Tide,52,190,0,Alive
2021,4,M. gigas,Middle,BBOC,21,No Tide,52,191,0,Alive
2021,4,M. gigas,Middle,BBOC,21,No Tide,52,192,0,Alive
2021,4,M. gigas,Middle,BBOC,21,No Tide,52,193,0,Alive
2021,4,M. gigas,Middle,BBOC,21,No Tide,52,194,0,Alive
2021,4,M. gigas,Middle,BBOC,21,No Tide,52,195,0,Alive
2021,4,M. gigas,Middle,BBOC,21,No Tide,52,196,0,Alive
2021,4,M. gigas,Middle,BBOC,21,No Tide,52,197,0,Alive
2021,4,M. gigas,Middle,BBOC,21,No Tide,52,198,0,Alive
2021,4,M. gigas,Middle,BBOC,21,No Tide,52,199,0,Alive
2021,4,M. gigas,Middle,BBOC,21,No Tide,52,200,0,Alive
2021,4,M. gigas,Middle,BBOC,21,No Tide,52,201,0,Alive
2021,4,M. gigas,Middle,BBOC,21,No Tide,52,202,0,Alive
2021,4,M. gigas,Middle,BBOC,21,No Tide,52,203,0,Alive
2021,4,M. gigas,Middle,BBOC,21,No Tide,52,204,0,Alive
2021,4,M. gigas,Middle,BBOC,21,No Tide,52,205,0,Alive
2021,4,M. gigas,Middle,BBOC,21,No Tide,52,206,0,Alive
2021,4,M. gigas,Middle,BBOC,21,No Tide,52,207,0,Alive
2021,4,M. gigas,Middle,BBOC,21,No Tide,52,208,0,Alive
2021,4,M. gigas,Middle,BBOC,21,No Tide,52,209,0,Alive
2021,4,M. gigas,Middle,BBOC,21,No Tide,52,210,0,Alive
2021,4,M. gigas,Middle,BBOC,21,No Tide,52,211,0,Alive
2021,4,M. gigas,Middle,BBOC,21,No Tide,52,212,0,Alive
2021,4,M. gigas,Middle,BBOC,21,No Tide,52,213,0,Alive
2021,4,M. gigas,Middle,BBOC,21,No Tide,52,214,0,Alive
2021,4,M. gigas,Middle,BBOC,21,No Tide,52,215,0,Alive
2021,4,M. gigas,Middle,BBOC,21,No Tide,52,216,0,Alive
2021,4,M. gigas,Middle,BBOC,21,No Tide,52,217,0,Alive
2021,4,M. gigas,Middle,BBOC,21,No Tide,52,218,0,Alive
2021,4,M. gigas,Middle,BBOC,21,No Tide,52,219,0,Alive
2021,4,M. gigas,Middle,BBOC,21,No Tide,52,220,0,Alive
2021,4,M. gigas,Middle,BBOC,21,No Tide,52,221,0,Alive
2021,4,M. gigas,Middle,BBOC,21,No Tide,52,222,0,Alive
2021,4,M. gigas,Middle,BBOC,21,No Tide,52,223,0,Alive
2021,4,M. gigas,Middle,BBOC,21,No Tide,52,224,0,Alive
2021,4,M. gigas,Middle,BBOC,21,No Tide,52,225,0,Alive
2021,4,M. gigas,Middle,BBOC,21,No Tide,53,1,1,Dead
2021,4,M. gigas,Middle,BBOC,21,No Tide,53,2,1,Dead
2021,4,M. gigas,Middle,BBOC,21,No Tide,53,3,1,Dead
2021,4,M. gigas,Middle,BBOC,21,No Tide,53,4,1,Dead
2021,4,M. gigas,Middle,BBOC,21,No Tide,53,5,1,Dead
2021,4,M. gigas,Middle,BBOC,21,No Tide,53,6,1,Dead
2021,4,M. gigas,Middle,BBOC,21,No Tide,53,7,1,Dead
2021,4,M. gigas,Middle,BBOC,21,No Tide,53,8,1,Dead
2021,4,M. gigas,Middle,BBOC,21,No Tide,53,9,1,Dead
2021,4,M. gigas,Middle,BBOC,21,No Tide,53,10,1,Dead
2021,4,M. gigas,Middle,BBOC,21,No Tide,53,11,1,Dead
2021,4,M. gigas,Middle,BBOC,21,No Tide,53,12,1,Dead
2021,4,M. gigas,Middle,BBOC,21,No Tide,53,13,1,Dead
2021,4,M. gigas,Middle,BBOC,21,No Tide,53,14,1,Dead
2021,4,M. gigas,Middle,BBOC,21,No Tide,53,15,1,Dead
2021,4,M. gigas,Middle,BBOC,21,No Tide,53,16,1,Dead
2021,4,M. gigas,Middle,BBOC,21,No Tide,53,17,1,Dead
2021,4,M. gigas,Middle,BBOC,21,No Tide,53,18,1,Dead
2021,4,M. gigas,Middle,BBOC,21,No Tide,53,19,1,Dead
2021,4,M. gigas,Middle,BBOC,21,No Tide,53,20,1,Dead
2021,4,M. gigas,Middle,BBOC,21,No Tide,53,21,1,Dead
2021,4,M. gigas,Middle,BBOC,21,No Tide,53,22,1,Dead
2021,4,M. gigas,Middle,BBOC,21,No Tide,53,23,1,Dead
2021,4,M. gigas,Middle,BBOC,21,No Tide,53,24,1,Dead
2021,4,M. gigas,Middle,BBOC,21,No Tide,53,25,1,Dead
2021,4,M. gigas,Middle,BBOC,21,No Tide,53,26,1,Dead
2021,4,M. gigas,Middle,BBOC,21,No Tide,53,27,1,Dead
2021,4,M. gigas,Middle,BBOC,21,No Tide,53,28,1,Dead
2021,4,M. gigas,Middle,BBOC,21,No Tide,53,29,1,Dead
2021,4,M. gigas,Middle,BBOC,21,No Tide,53,30,1,Dead
2021,4,M. gigas,Middle,BBOC,21,No Tide,53,31,1,Dead
2021,4,M. gigas,Middle,BBOC,21,No Tide,53,32,1,Dead
2021,4,M. gigas,Middle,BBOC,21,No Tide,53,33,1,Dead
2021,4,M. gigas,Middle,BBOC,21,No Tide,53,34,1,Dead
2021,4,M. gigas,Middle,BBOC,21,No Tide,53,35,1,Dead
2021,4,M. gigas,Middle,BBOC,21,No Tide,53,36,1,Dead
2021,4,M. gigas,Middle,BBOC,21,No Tide,53,37,1,Dead
2021,4,M. gigas,Middle,BBOC,21,No Tide,53,38,1,Dead
2021,4,M. gigas,Middle,BBOC,21,No Tide,53,39,1,Dead
2021,4,M. gigas,Middle,BBOC,21,No Tide,53,40,1,Dead
2021,4,M. gigas,Middle,BBOC,21,No Tide,53,41,1,Dead
2021,4,M. gigas,Middle,BBOC,21,No Tide,53,42,1,Dead
2021,4,M. gigas,Middle,BBOC,21,No Tide,53,43,1,Dead
2021,4,M. gigas,Middle,BBOC,21,No Tide,53,44,1,Dead
2021,4,M. gigas,Middle,BBOC,21,No Tide,53,45,1,Dead
2021,4,M. gigas,Middle,BBOC,21,No Tide,53,46,1,Dead
2021,4,M. gigas,Middle,BBOC,21,No Tide,53,47,1,Dead
2021,4,M. gigas,Middle,BBOC,21,No Tide,53,48,1,Dead
2021,4,M. gigas,Middle,BBOC,21,No Tide,53,49,1,Dead
2021,4,M. gigas,Middle,BBOC,21,No Tide,53,50,1,Dead
2021,4,M. gigas,Middle,BBOC,21,No Tide,53,51,1,Dead
2021,4,M. gigas,Middle,BBOC,21,No Tide,53,52,1,Dead
2021,4,M. gigas,Middle,BBOC,21,No Tide,53,53,1,Dead
2021,4,M. gigas,Middle,BBOC,21,No Tide,53,54,1,Dead
2021,4,M. gigas,Middle,BBOC,21,No Tide,53,55,1,Dead
2021,4,M. gigas,Middle,BBOC,21,No Tide,53,56,1,Dead
2021,4,M. gigas,Middle,BBOC,21,No Tide,53,57,1,Dead
2021,4,M. gigas,Middle,BBOC,21,No Tide,53,58,1,Dead
2021,4,M. gigas,Middle,BBOC,21,No Tide,53,59,1,Dead
2021,4,M. gigas,Middle,BBOC,21,No Tide,53,60,1,Dead
2021,4,M. gigas,Middle,BBOC,21,No Tide,53,61,1,Dead
2021,4,M. gigas,Middle,BBOC,21,No Tide,53,62,1,Dead
2021,4,M. gigas,Middle,BBOC,21,No Tide,53,63,1,Dead
2021,4,M. gigas,Middle,BBOC,21,No Tide,53,64,1,Dead
2021,4,M. gigas,Middle,BBOC,21,No Tide,53,65,1,Dead
2021,4,M. gigas,Middle,BBOC,21,No Tide,53,66,1,Dead
2021,4,M. gigas,Middle,BBOC,21,No Tide,53,67,1,Dead
2021,4,M. gigas,Middle,BBOC,21,No Tide,53,68,1,Dead
2021,4,M. gigas,Middle,BBOC,21,No Tide,53,69,1,Dead
2021,4,M. gigas,Middle,BBOC,21,No Tide,53,70,1,Dead
2021,4,M. gigas,Middle,BBOC,21,No Tide,53,71,1,Dead
2021,4,M. gigas,Middle,BBOC,21,No Tide,53,72,1,Dead
2021,4,M. gigas,Middle,BBOC,21,No Tide,53,73,1,Dead
2021,4,M. gigas,Middle,BBOC,21,No Tide,53,74,1,Dead
2021,4,M. gigas,Middle,BBOC,21,No Tide,53,75,1,Dead
2021,4,M. gigas,Middle,BBOC,21,No Tide,53,76,1,Dead
2021,4,M. gigas,Middle,BBOC,21,No Tide,53,77,1,Dead
2021,4,M. gigas,Middle,BBOC,21,No Tide,53,78,1,Dead
2021,4,M. gigas,Middle,BBOC,21,No Tide,53,79,1,Dead
2021,4,M. gigas,Middle,BBOC,21,No Tide,53,80,1,Dead
2021,4,M. gigas,Middle,BBOC,21,No Tide,53,81,1,Dead
2021,4,M. gigas,Middle,BBOC,21,No Tide,53,82,1,Dead
2021,4,M. gigas,Middle,BBOC,21,No Tide,53,83,1,Dead
2021,4,M. gigas,Middle,BBOC,21,No Tide,53,84,1,Dead
2021,4,M. gigas,Middle,BBOC,21,No Tide,53,85,1,Dead
2021,4,M. gigas,Middle,BBOC,21,No Tide,53,86,1,Dead
2021,4,M. gigas,Middle,BBOC,21,No Tide,53,87,1,Dead
2021,4,M. gigas,Middle,BBOC,21,No Tide,53,88,1,Dead
2021,4,M. gigas,Middle,BBOC,21,No Tide,53,89,1,Dead
2021,4,M. gigas,Middle,BBOC,21,No Tide,53,90,1,Dead
2021,4,M. gigas,Middle,BBOC,21,No Tide,53,91,1,Dead
2021,4,M. gigas,Middle,BBOC,21,No Tide,53,92,1,Dead
2021,4,M. gigas,Middle,BBOC,21,No Tide,53,93,1,Dead
2021,4,M. gigas,Middle,BBOC,21,No Tide,53,94,1,Dead
2021,4,M. gigas,Middle,BBOC,21,No Tide,53,95,1,Dead
2021,4,M. gigas,Middle,BBOC,21,No Tide,53,96,1,Dead
2021,4,M. gigas,Middle,BBOC,21,No Tide,53,97,1,Dead
2021,4,M. gigas,Middle,BBOC,21,No Tide,53,98,1,Dead
2021,4,M. gigas,Middle,BBOC,21,No Tide,53,99,1,Dead
2021,4,M. gigas,Middle,BBOC,21,No Tide,53,100,1,Dead
2021,4,M. gigas,Middle,BBOC,21,No Tide,53,101,1,Dead
2021,4,M. gigas,Middle,BBOC,21,No Tide,53,102,1,Dead
2021,4,M. gigas,Middle,BBOC,21,No Tide,53,103,1,Dead
2021,4,M. gigas,Middle,BBOC,21,No Tide,53,104,1,Dead
2021,4,M. gigas,Middle,BBOC,21,No Tide,53,105,1,Dead
2021,4,M. gigas,Middle,BBOC,21,No Tide,53,106,1,Dead
2021,4,M. gigas,Middle,BBOC,21,No Tide,53,107,1,Dead
2021,4,M. gigas,Middle,BBOC,21,No Tide,53,108,1,Dead
2021,4,M. gigas,Middle,BBOC,21,No Tide,53,109,1,Dead
2021,4,M. gigas,Middle,BBOC,21,No Tide,53,110,1,Dead
2021,4,M. gigas,Middle,BBOC,21,No Tide,53,111,1,Dead
2021,4,M. gigas,Middle,BBOC,21,No Tide,53,112,1,Dead
2021,4,M. gigas,Middle,BBOC,21,No Tide,53,113,1,Dead
2021,4,M. gigas,Middle,BBOC,21,No Tide,53,114,1,Dead
2021,4,M. gigas,Middle,BBOC,21,No Tide,53,115,1,Dead
2021,4,M. gigas,Middle,BBOC,21,No Tide,53,116,1,Dead
2021,4,M. gigas,Middle,BBOC,21,No Tide,53,117,1,Dead
2021,4,M. gigas,Middle,BBOC,21,No Tide,53,118,1,Dead
2021,4,M. gigas,Middle,BBOC,21,No Tide,53,119,1,Dead
2021,4,M. gigas,Middle,BBOC,21,No Tide,53,120,1,Dead
2021,4,M. gigas,Middle,BBOC,21,No Tide,53,121,1,Dead
2021,4,M. gigas,Middle,BBOC,21,No Tide,53,122,1,Dead
2021,4,M. gigas,Middle,BBOC,21,No Tide,53,123,1,Dead
2021,4,M. gigas,Middle,BBOC,21,No Tide,53,124,1,Dead
2021,4,M. gigas,Middle,BBOC,21,No Tide,53,125,1,Dead
2021,4,M. gigas,Middle,BBOC,21,No Tide,53,126,1,Dead
2021,4,M. gigas,Middle,BBOC,21,No Tide,53,127,1,Dead
2021,4,M. gigas,Middle,BBOC,21,No Tide,53,128,1,Dead
2021,4,M. gigas,Middle,BBOC,21,No Tide,53,129,1,Dead
2021,4,M. gigas,Middle,BBOC,21,No Tide,53,130,1,Dead
2021,4,M. gigas,Middle,BBOC,21,No Tide,53,131,1,Dead
2021,4,M. gigas,Middle,BBOC,21,No Tide,53,132,1,Dead
2021,4,M. gigas,Middle,BBOC,21,No Tide,53,133,1,Dead
2021,4,M. gigas,Middle,BBOC,21,No Tide,53,134,1,Dead
2021,4,M. gigas,Middle,BBOC,21,No Tide,53,135,1,Dead
2021,4,M. gigas,Middle,BBOC,21,No Tide,53,136,1,Dead
2021,4,M. gigas,Middle,BBOC,21,No Tide,53,137,1,Dead
2021,4,M. gigas,Middle,BBOC,21,No Tide,53,138,1,Dead
2021,4,M. gigas,Middle,BBOC,21,No Tide,53,139,0,Alive
2021,4,M. gigas,Middle,BBOC,21,No Tide,53,140,0,Alive
2021,4,M. gigas,Middle,BBOC,21,No Tide,53,141,0,Alive
2021,4,M. gigas,Middle,BBOC,21,No Tide,53,142,0,Alive
2021,4,M. gigas,Middle,BBOC,21,No Tide,53,143,0,Alive
2021,4,M. gigas,Middle,BBOC,21,No Tide,53,144,0,Alive
2021,4,M. gigas,Middle,BBOC,21,No Tide,53,145,0,Alive
2021,4,M. gigas,Middle,BBOC,21,No Tide,53,146,0,Alive
2021,4,M. gigas,Middle,BBOC,21,No Tide,53,147,0,Alive
2021,4,M. gigas,Middle,BBOC,21,No Tide,53,148,0,Alive
2021,4,M. gigas,Middle,BBOC,21,No Tide,53,149,0,Alive
2021,4,M. gigas,Middle,BBOC,21,No Tide,53,150,0,Alive
2021,4,M. gigas,Middle,BBOC,21,No Tide,53,151,0,Alive
2021,4,M. gigas,Middle,BBOC,21,No Tide,53,152,0,Alive
2021,4,M. gigas,Middle,BBOC,21,No Tide,53,153,0,Alive
2021,4,M. gigas,Middle,BBOC,21,No Tide,53,154,0,Alive
2021,4,M. gigas,Middle,BBOC,21,No Tide,53,155,0,Alive
2021,4,M. gigas,Middle,BBOC,21,No Tide,53,156,0,Alive
2021,4,M. gigas,Middle,BBOC,21,No Tide,53,157,0,Alive
2021,4,M. gigas,Middle,BBOC,21,No Tide,53,158,0,Alive
2021,4,M. gigas,Middle,BBOC,21,No Tide,53,159,0,Alive
2021,4,M. gigas,Middle,BBOC,21,No Tide,53,160,0,Alive
2021,4,M. gigas,Middle,BBOC,21,No Tide,53,161,0,Alive
2021,4,M. gigas,Middle,BBOC,21,No Tide,53,162,0,Alive
2021,4,M. gigas,Middle,BBOC,21,No Tide,53,163,0,Alive
2021,4,M. gigas,Middle,BBOC,21,No Tide,53,164,0,Alive
2021,4,M. gigas,Middle,BBOC,21,No Tide,53,165,0,Alive
2021,4,M. gigas,Middle,BBOC,21,No Tide,53,166,0,Alive
2021,4,M. gigas,Middle,BBOC,21,No Tide,53,167,0,Alive
2021,4,M. gigas,Middle,BBOC,21,No Tide,53,168,0,Alive
2021,4,M. gigas,Middle,BBOC,21,No Tide,53,169,0,Alive
2021,4,M. gigas,Middle,BBOC,21,No Tide,53,170,0,Alive
2021,4,M. gigas,Middle,BBOC,21,No Tide,53,171,0,Alive
2021,4,M. gigas,Middle,BBOC,21,No Tide,53,172,0,Alive
2021,4,M. gigas,Middle,BBOC,21,No Tide,53,173,0,Alive
2021,4,M. gigas,Middle,BBOC,21,No Tide,53,174,0,Alive
2021,4,M. gigas,Middle,BBOC,21,No Tide,53,175,0,Alive
2021,4,M. gigas,Middle,BBOC,21,No Tide,53,176,0,Alive
2021,4,M. gigas,Middle,BBOC,21,No Tide,53,177,0,Alive
2021,4,M. gigas,Middle,BBOC,21,No Tide,53,178,0,Alive
2021,4,M. gigas,Middle,BBOC,21,No Tide,53,179,0,Alive
2021,4,M. gigas,Middle,BBOC,21,No Tide,53,180,0,Alive
2021,4,M. gigas,Middle,BBOC,21,No Tide,53,181,0,Alive
2021,4,M. gigas,Middle,BBOC,21,No Tide,53,182,0,Alive
2021,4,M. gigas,Middle,BBOC,21,No Tide,53,183,0,Alive
2021,4,M. gigas,Middle,BBOC,21,No Tide,53,184,0,Alive
2021,4,M. gigas,Middle,BBOC,21,No Tide,53,185,0,Alive
2021,4,M. gigas,Middle,BBOC,21,No Tide,53,186,0,Alive
2021,4,M. gigas,Middle,BBOC,21,No Tide,53,187,0,Alive
2021,4,M. gigas,Middle,BBOC,21,No Tide,53,188,0,Alive
2021,4,M. gigas,Middle,BBOC,21,No Tide,53,189,0,Alive
2021,4,M. gigas,Middle,BBOC,21,No Tide,53,190,0,Alive
2021,4,M. gigas,Middle,BBOC,21,No Tide,53,191,0,Alive
2021,4,M. gigas,Middle,BBOC,21,No Tide,53,192,0,Alive
2021,4,M. gigas,Middle,BBOC,21,No Tide,53,193,0,Alive
2021,4,M. gigas,Middle,BBOC,21,No Tide,53,194,0,Alive
2021,4,M. gigas,Middle,BBOC,21,No Tide,53,195,0,Alive
2021,4,M. gigas,Middle,BBOC,21,No Tide,53,196,0,Alive
2021,4,M. gigas,Middle,BBOC,21,No Tide,53,197,0,Alive
2021,4,M. gigas,Middle,BBOC,21,No Tide,53,198,0,Alive
2021,4,M. gigas,Middle,BBOC,21,No Tide,53,199,0,Alive
2021,4,M. gigas,Middle,BBOC,21,No Tide,53,200,0,Alive
2021,4,M. gigas,Middle,BBOC,21,No Tide,53,201,0,Alive
2021,4,M. gigas,Middle,BBOC,21,No Tide,53,202,0,Alive
2021,4,M. gigas,Middle,BBOC,21,No Tide,53,203,0,Alive
2021,4,M. gigas,Middle,BBOC,21,No Tide,53,204,0,Alive
2021,4,M. gigas,Middle,BBOC,21,No Tide,53,205,0,Alive
2021,4,M. gigas,Middle,BBOC,21,No Tide,53,206,0,Alive
2021,4,M. gigas,Middle,BBOC,21,No Tide,53,207,0,Alive
2021,4,M. gigas,Middle,BBOC,21,No Tide,53,208,0,Alive
2021,4,M. gigas,Middle,BBOC,21,No Tide,53,209,0,Alive
2021,4,M. gigas,Middle,BBOC,21,No Tide,53,210,0,Alive
2021,4,M. gigas,Middle,BBOC,21,No Tide,53,211,0,Alive
2021,4,M. gigas,Middle,BBOC,21,No Tide,53,212,0,Alive
2021,4,M. gigas,Middle,BBOC,21,No Tide,53,213,0,Alive
2021,4,M. gigas,Middle,BBOC,21,No Tide,53,214,0,Alive
2021,4,M. gigas,Middle,BBOC,21,No Tide,53,215,0,Alive
2021,4,M. gigas,Middle,BBOC,21,No Tide,53,216,0,Alive
2021,4,M. gigas,Middle,BBOC,21,No Tide,53,217,0,Alive
2021,4,M. gigas,Middle,BBOC,21,No Tide,53,218,0,Alive
2021,4,M. gigas,Middle,BBOC,21,No Tide,53,219,0,Alive
2021,4,M. gigas,Middle,BBOC,21,No Tide,53,220,0,Alive
2021,4,M. gigas,Middle,BBOC,21,No Tide,53,221,0,Alive
2021,4,M. gigas,Middle,BBOC,21,No Tide,53,222,0,Alive
2021,4,M. gigas,Middle,BBOC,21,No Tide,53,223,0,Alive
2021,4,M. gigas,Middle,BBOC,21,No Tide,53,224,0,Alive
2021,4,M. gigas,Middle,BBOC,21,No Tide,53,225,0,Alive
2021,4,M. gigas,Middle,BBOC,16,No Tide,54,1,1,Dead
2021,4,M. gigas,Middle,BBOC,16,No Tide,54,2,1,Dead
2021,4,M. gigas,Middle,BBOC,16,No Tide,54,3,1,Dead
2021,4,M. gigas,Middle,BBOC,16,No Tide,54,4,1,Dead
2021,4,M. gigas,Middle,BBOC,16,No Tide,54,5,1,Dead
2021,4,M. gigas,Middle,BBOC,16,No Tide,54,6,1,Dead
2021,4,M. gigas,Middle,BBOC,16,No Tide,54,7,1,Dead
2021,4,M. gigas,Middle,BBOC,16,No Tide,54,8,1,Dead
2021,4,M. gigas,Middle,BBOC,16,No Tide,54,9,1,Dead
2021,4,M. gigas,Middle,BBOC,16,No Tide,54,10,1,Dead
2021,4,M. gigas,Middle,BBOC,16,No Tide,54,11,1,Dead
2021,4,M. gigas,Middle,BBOC,16,No Tide,54,12,1,Dead
2021,4,M. gigas,Middle,BBOC,16,No Tide,54,13,1,Dead
2021,4,M. gigas,Middle,BBOC,16,No Tide,54,14,1,Dead
2021,4,M. gigas,Middle,BBOC,16,No Tide,54,15,1,Dead
2021,4,M. gigas,Middle,BBOC,16,No Tide,54,16,1,Dead
2021,4,M. gigas,Middle,BBOC,16,No Tide,54,17,1,Dead
2021,4,M. gigas,Middle,BBOC,16,No Tide,54,18,1,Dead
2021,4,M. gigas,Middle,BBOC,16,No Tide,54,19,1,Dead
2021,4,M. gigas,Middle,BBOC,16,No Tide,54,20,1,Dead
2021,4,M. gigas,Middle,BBOC,16,No Tide,54,21,1,Dead
2021,4,M. gigas,Middle,BBOC,16,No Tide,54,22,1,Dead
2021,4,M. gigas,Middle,BBOC,16,No Tide,54,23,1,Dead
2021,4,M. gigas,Middle,BBOC,16,No Tide,54,24,1,Dead
2021,4,M. gigas,Middle,BBOC,16,No Tide,54,25,1,Dead
2021,4,M. gigas,Middle,BBOC,16,No Tide,54,26,1,Dead
2021,4,M. gigas,Middle,BBOC,16,No Tide,54,27,1,Dead
2021,4,M. gigas,Middle,BBOC,16,No Tide,54,28,1,Dead
2021,4,M. gigas,Middle,BBOC,16,No Tide,54,29,1,Dead
2021,4,M. gigas,Middle,BBOC,16,No Tide,54,30,1,Dead
2021,4,M. gigas,Middle,BBOC,16,No Tide,54,31,1,Dead
2021,4,M. gigas,Middle,BBOC,16,No Tide,54,32,1,Dead
2021,4,M. gigas,Middle,BBOC,16,No Tide,54,33,1,Dead
2021,4,M. gigas,Middle,BBOC,16,No Tide,54,34,1,Dead
2021,4,M. gigas,Middle,BBOC,16,No Tide,54,35,1,Dead
2021,4,M. gigas,Middle,BBOC,16,No Tide,54,36,1,Dead
2021,4,M. gigas,Middle,BBOC,16,No Tide,54,37,1,Dead
2021,4,M. gigas,Middle,BBOC,16,No Tide,54,38,1,Dead
2021,4,M. gigas,Middle,BBOC,16,No Tide,54,39,1,Dead
2021,4,M. gigas,Middle,BBOC,16,No Tide,54,40,1,Dead
2021,4,M. gigas,Middle,BBOC,16,No Tide,54,41,1,Dead
2021,4,M. gigas,Middle,BBOC,16,No Tide,54,42,1,Dead
2021,4,M. gigas,Middle,BBOC,16,No Tide,54,43,1,Dead
2021,4,M. gigas,Middle,BBOC,16,No Tide,54,44,1,Dead
2021,4,M. gigas,Middle,BBOC,16,No Tide,54,45,1,Dead
2021,4,M. gigas,Middle,BBOC,16,No Tide,54,46,1,Dead
2021,4,M. gigas,Middle,BBOC,16,No Tide,54,47,1,Dead
2021,4,M. gigas,Middle,BBOC,16,No Tide,54,48,1,Dead
2021,4,M. gigas,Middle,BBOC,16,No Tide,54,49,1,Dead
2021,4,M. gigas,Middle,BBOC,16,No Tide,54,50,1,Dead
2021,4,M. gigas,Middle,BBOC,16,No Tide,54,51,1,Dead
2021,4,M. gigas,Middle,BBOC,16,No Tide,54,52,1,Dead
2021,4,M. gigas,Middle,BBOC,16,No Tide,54,53,1,Dead
2021,4,M. gigas,Middle,BBOC,16,No Tide,54,54,1,Dead
2021,4,M. gigas,Middle,BBOC,16,No Tide,54,55,1,Dead
2021,4,M. gigas,Middle,BBOC,16,No Tide,54,56,1,Dead
2021,4,M. gigas,Middle,BBOC,16,No Tide,54,57,1,Dead
2021,4,M. gigas,Middle,BBOC,16,No Tide,54,58,1,Dead
2021,4,M. gigas,Middle,BBOC,16,No Tide,54,59,1,Dead
2021,4,M. gigas,Middle,BBOC,16,No Tide,54,60,1,Dead
2021,4,M. gigas,Middle,BBOC,16,No Tide,54,61,1,Dead
2021,4,M. gigas,Middle,BBOC,16,No Tide,54,62,1,Dead
2021,4,M. gigas,Middle,BBOC,16,No Tide,54,63,1,Dead
2021,4,M. gigas,Middle,BBOC,16,No Tide,54,64,1,Dead
2021,4,M. gigas,Middle,BBOC,16,No Tide,54,65,1,Dead
2021,4,M. gigas,Middle,BBOC,16,No Tide,54,66,1,Dead
2021,4,M. gigas,Middle,BBOC,16,No Tide,54,67,1,Dead
2021,4,M. gigas,Middle,BBOC,16,No Tide,54,68,1,Dead
2021,4,M. gigas,Middle,BBOC,16,No Tide,54,69,1,Dead
2021,4,M. gigas,Middle,BBOC,16,No Tide,54,70,1,Dead
2021,4,M. gigas,Middle,BBOC,16,No Tide,54,71,1,Dead
2021,4,M. gigas,Middle,BBOC,16,No Tide,54,72,1,Dead
2021,4,M. gigas,Middle,BBOC,16,No Tide,54,73,1,Dead
2021,4,M. gigas,Middle,BBOC,16,No Tide,54,74,1,Dead
2021,4,M. gigas,Middle,BBOC,16,No Tide,54,75,1,Dead
2021,4,M. gigas,Middle,BBOC,16,No Tide,54,76,1,Dead
2021,4,M. gigas,Middle,BBOC,16,No Tide,54,77,1,Dead
2021,4,M. gigas,Middle,BBOC,16,No Tide,54,78,1,Dead
2021,4,M. gigas,Middle,BBOC,16,No Tide,54,79,1,Dead
2021,4,M. gigas,Middle,BBOC,16,No Tide,54,80,1,Dead
2021,4,M. gigas,Middle,BBOC,16,No Tide,54,81,1,Dead
2021,4,M. gigas,Middle,BBOC,16,No Tide,54,82,1,Dead
2021,4,M. gigas,Middle,BBOC,16,No Tide,54,83,1,Dead
2021,4,M. gigas,Middle,BBOC,16,No Tide,54,84,1,Dead
2021,4,M. gigas,Middle,BBOC,16,No Tide,54,85,1,Dead
2021,4,M. gigas,Middle,BBOC,16,No Tide,54,86,1,Dead
2021,4,M. gigas,Middle,BBOC,16,No Tide,54,87,1,Dead
2021,4,M. gigas,Middle,BBOC,16,No Tide,54,88,1,Dead
2021,4,M. gigas,Middle,BBOC,16,No Tide,54,89,1,Dead
2021,4,M. gigas,Middle,BBOC,16,No Tide,54,90,1,Dead
2021,4,M. gigas,Middle,BBOC,16,No Tide,54,91,1,Dead
2021,4,M. gigas,Middle,BBOC,16,No Tide,54,92,1,Dead
2021,4,M. gigas,Middle,BBOC,16,No Tide,54,93,1,Dead
2021,4,M. gigas,Middle,BBOC,16,No Tide,54,94,1,Dead
2021,4,M. gigas,Middle,BBOC,16,No Tide,54,95,1,Dead
2021,4,M. gigas,Middle,BBOC,16,No Tide,54,96,1,Dead
2021,4,M. gigas,Middle,BBOC,16,No Tide,54,97,1,Dead
2021,4,M. gigas,Middle,BBOC,16,No Tide,54,98,1,Dead
2021,4,M. gigas,Middle,BBOC,16,No Tide,54,99,1,Dead
2021,4,M. gigas,Middle,BBOC,16,No Tide,54,100,1,Dead
2021,4,M. gigas,Middle,BBOC,16,No Tide,54,101,1,Dead
2021,4,M. gigas,Middle,BBOC,16,No Tide,54,102,1,Dead
2021,4,M. gigas,Middle,BBOC,16,No Tide,54,103,1,Dead
2021,4,M. gigas,Middle,BBOC,16,No Tide,54,104,1,Dead
2021,4,M. gigas,Middle,BBOC,16,No Tide,54,105,1,Dead
2021,4,M. gigas,Middle,BBOC,16,No Tide,54,106,1,Dead
2021,4,M. gigas,Middle,BBOC,16,No Tide,54,107,1,Dead
2021,4,M. gigas,Middle,BBOC,16,No Tide,54,108,1,Dead
2021,4,M. gigas,Middle,BBOC,16,No Tide,54,109,1,Dead
2021,4,M. gigas,Middle,BBOC,16,No Tide,54,110,1,Dead
2021,4,M. gigas,Middle,BBOC,16,No Tide,54,111,1,Dead
2021,4,M. gigas,Middle,BBOC,16,No Tide,54,112,1,Dead
2021,4,M. gigas,Middle,BBOC,16,No Tide,54,113,1,Dead
2021,4,M. gigas,Middle,BBOC,16,No Tide,54,114,1,Dead
2021,4,M. gigas,Middle,BBOC,16,No Tide,54,115,1,Dead
2021,4,M. gigas,Middle,BBOC,16,No Tide,54,116,1,Dead
2021,4,M. gigas,Middle,BBOC,16,No Tide,54,117,1,Dead
2021,4,M. gigas,Middle,BBOC,16,No Tide,54,118,1,Dead
2021,4,M. gigas,Middle,BBOC,16,No Tide,54,119,1,Dead
2021,4,M. gigas,Middle,BBOC,16,No Tide,54,120,1,Dead
2021,4,M. gigas,Middle,BBOC,16,No Tide,54,121,1,Dead
2021,4,M. gigas,Middle,BBOC,16,No Tide,54,122,1,Dead
2021,4,M. gigas,Middle,BBOC,16,No Tide,54,123,1,Dead
2021,4,M. gigas,Middle,BBOC,16,No Tide,54,124,1,Dead
2021,4,M. gigas,Middle,BBOC,16,No Tide,54,125,1,Dead
2021,4,M. gigas,Middle,BBOC,16,No Tide,54,126,1,Dead
2021,4,M. gigas,Middle,BBOC,16,No Tide,54,127,1,Dead
2021,4,M. gigas,Middle,BBOC,16,No Tide,54,128,1,Dead
2021,4,M. gigas,Middle,BBOC,16,No Tide,54,129,1,Dead
2021,4,M. gigas,Middle,BBOC,16,No Tide,54,130,1,Dead
2021,4,M. gigas,Middle,BBOC,16,No Tide,54,131,1,Dead
2021,4,M. gigas,Middle,BBOC,16,No Tide,54,132,1,Dead
2021,4,M. gigas,Middle,BBOC,16,No Tide,54,133,1,Dead
2021,4,M. gigas,Middle,BBOC,16,No Tide,54,134,1,Dead
2021,4,M. gigas,Middle,BBOC,16,No Tide,54,135,1,Dead
2021,4,M. gigas,Middle,BBOC,16,No Tide,54,136,1,Dead
2021,4,M. gigas,Middle,BBOC,16,No Tide,54,137,1,Dead
2021,4,M. gigas,Middle,BBOC,16,No Tide,54,138,1,Dead
2021,4,M. gigas,Middle,BBOC,16,No Tide,54,139,1,Dead
2021,4,M. gigas,Middle,BBOC,16,No Tide,54,140,1,Dead
2021,4,M. gigas,Middle,BBOC,16,No Tide,54,141,1,Dead
2021,4,M. gigas,Middle,BBOC,16,No Tide,54,142,1,Dead
2021,4,M. gigas,Middle,BBOC,16,No Tide,54,143,1,Dead
2021,4,M. gigas,Middle,BBOC,16,No Tide,54,144,1,Dead
2021,4,M. gigas,Middle,BBOC,16,No Tide,54,145,1,Dead
2021,4,M. gigas,Middle,BBOC,16,No Tide,54,146,1,Dead
2021,4,M. gigas,Middle,BBOC,16,No Tide,54,147,1,Dead
2021,4,M. gigas,Middle,BBOC,16,No Tide,54,148,1,Dead
2021,4,M. gigas,Middle,BBOC,16,No Tide,54,149,1,Dead
2021,4,M. gigas,Middle,BBOC,16,No Tide,54,150,1,Dead
2021,4,M. gigas,Middle,BBOC,16,No Tide,54,151,1,Dead
2021,4,M. gigas,Middle,BBOC,16,No Tide,54,152,1,Dead
2021,4,M. gigas,Middle,BBOC,16,No Tide,54,153,1,Dead
2021,4,M. gigas,Middle,BBOC,16,No Tide,54,154,1,Dead
2021,4,M. gigas,Middle,BBOC,16,No Tide,54,155,1,Dead
2021,4,M. gigas,Middle,BBOC,16,No Tide,54,156,1,Dead
2021,4,M. gigas,Middle,BBOC,16,No Tide,54,157,1,Dead
2021,4,M. gigas,Middle,BBOC,16,No Tide,54,158,1,Dead
2021,4,M. gigas,Middle,BBOC,16,No Tide,54,159,1,Dead
2021,4,M. gigas,Middle,BBOC,16,No Tide,54,160,1,Dead
2021,4,M. gigas,Middle,BBOC,16,No Tide,54,161,1,Dead
2021,4,M. gigas,Middle,BBOC,16,No Tide,54,162,1,Dead
2021,4,M. gigas,Middle,BBOC,16,No Tide,54,163,1,Dead
2021,4,M. gigas,Middle,BBOC,16,No Tide,54,164,1,Dead
2021,4,M. gigas,Middle,BBOC,16,No Tide,54,165,1,Dead
2021,4,M. gigas,Middle,BBOC,16,No Tide,54,166,1,Dead
2021,4,M. gigas,Middle,BBOC,16,No Tide,54,167,1,Dead
2021,4,M. gigas,Middle,BBOC,16,No Tide,54,168,1,Dead
2021,4,M. gigas,Middle,BBOC,16,No Tide,54,169,1,Dead
2021,4,M. gigas,Middle,BBOC,16,No Tide,54,170,1,Dead
2021,4,M. gigas,Middle,BBOC,16,No Tide,54,171,1,Dead
2021,4,M. gigas,Middle,BBOC,16,No Tide,54,172,1,Dead
2021,4,M. gigas,Middle,BBOC,16,No Tide,54,173,1,Dead
2021,4,M. gigas,Middle,BBOC,16,No Tide,54,174,1,Dead
2021,4,M. gigas,Middle,BBOC,16,No Tide,54,175,1,Dead
2021,4,M. gigas,Middle,BBOC,16,No Tide,54,176,1,Dead
2021,4,M. gigas,Middle,BBOC,16,No Tide,54,177,1,Dead
2021,4,M. gigas,Middle,BBOC,16,No Tide,54,178,1,Dead
2021,4,M. gigas,Middle,BBOC,16,No Tide,54,179,1,Dead
2021,4,M. gigas,Middle,BBOC,16,No Tide,54,180,1,Dead
2021,4,M. gigas,Middle,BBOC,16,No Tide,54,181,1,Dead
2021,4,M. gigas,Middle,BBOC,16,No Tide,54,182,1,Dead
2021,4,M. gigas,Middle,BBOC,16,No Tide,54,183,1,Dead
2021,4,M. gigas,Middle,BBOC,16,No Tide,54,184,1,Dead
2021,4,M. gigas,Middle,BBOC,16,No Tide,54,185,1,Dead
2021,4,M. gigas,Middle,BBOC,16,No Tide,54,186,1,Dead
2021,4,M. gigas,Middle,BBOC,16,No Tide,54,187,1,Dead
2021,4,M. gigas,Middle,BBOC,16,No Tide,54,188,1,Dead
2021,4,M. gigas,Middle,BBOC,16,No Tide,54,189,1,Dead
2021,4,M. gigas,Middle,BBOC,16,No Tide,54,190,1,Dead
2021,4,M. gigas,Middle,BBOC,16,No Tide,54,191,1,Dead
2021,4,M. gigas,Middle,BBOC,16,No Tide,54,192,1,Dead
2021,4,M. gigas,Middle,BBOC,16,No Tide,54,193,1,Dead
2021,4,M. gigas,Middle,BBOC,16,No Tide,54,194,0,Alive
2021,4,M. gigas,Middle,BBOC,16,No Tide,54,195,0,Alive
2021,4,M. gigas,Middle,BBOC,16,No Tide,54,196,0,Alive
2021,4,M. gigas,Middle,BBOC,16,No Tide,54,197,0,Alive
2021,4,M. gigas,Middle,BBOC,16,No Tide,54,198,0,Alive
2021,4,M. gigas,Middle,BBOC,16,No Tide,54,199,0,Alive
2021,4,M. gigas,Middle,BBOC,16,No Tide,54,200,0,Alive
2021,4,M. gigas,Middle,BBOC,16,No Tide,54,201,0,Alive
2021,4,M. gigas,Middle,BBOC,16,No Tide,54,202,0,Alive
2021,4,M. gigas,Middle,BBOC,16,No Tide,54,203,0,Alive
2021,4,M. gigas,Middle,BBOC,16,No Tide,54,204,0,Alive
2021,4,M. gigas,Middle,BBOC,16,No Tide,54,205,0,Alive
2021,4,M. gigas,Middle,BBOC,16,No Tide,54,206,0,Alive
2021,4,M. gigas,Middle,BBOC,16,No Tide,54,207,0,Alive
2021,4,M. gigas,Middle,BBOC,16,No Tide,54,208,0,Alive
2021,4,M. gigas,Middle,BBOC,16,No Tide,54,209,0,Alive
2021,4,M. gigas,Middle,BBOC,16,No Tide,54,210,0,Alive
2021,4,M. gigas,Middle,BBOC,16,No Tide,54,211,0,Alive
2021,4,M. gigas,Middle,BBOC,16,No Tide,54,212,0,Alive
2021,4,M. gigas,Middle,BBOC,16,No Tide,54,213,0,Alive
2021,4,M. gigas,Middle,BBOC,16,No Tide,54,214,0,Alive
2021,4,M. gigas,Middle,BBOC,16,No Tide,54,215,0,Alive
2021,4,M. gigas,Middle,BBOC,16,No Tide,54,216,0,Alive
2021,4,M. gigas,Middle,BBOC,16,No Tide,54,217,0,Alive
2021,4,M. gigas,Middle,BBOC,16,No Tide,54,218,0,Alive
2021,4,M. gigas,Middle,BBOC,16,No Tide,54,219,0,Alive
2021,4,M. gigas,Middle,BBOC,16,No Tide,54,220,0,Alive
2021,4,M. gigas,Middle,BBOC,16,No Tide,54,221,0,Alive
2021,4,M. gigas,Middle,BBOC,16,No Tide,54,222,0,Alive
2021,4,M. gigas,Middle,BBOC,16,No Tide,54,223,0,Alive
2021,4,M. gigas,Middle,BBOC,16,No Tide,54,224,0,Alive
2021,4,M. gigas,Middle,BBOC,16,No Tide,54,225,0,Alive
2021,4,M. gigas,Middle,BBOC,16,No Tide,55,1,1,Dead
2021,4,M. gigas,Middle,BBOC,16,No Tide,55,2,1,Dead
2021,4,M. gigas,Middle,BBOC,16,No Tide,55,3,1,Dead
2021,4,M. gigas,Middle,BBOC,16,No Tide,55,4,1,Dead
2021,4,M. gigas,Middle,BBOC,16,No Tide,55,5,1,Dead
2021,4,M. gigas,Middle,BBOC,16,No Tide,55,6,1,Dead
2021,4,M. gigas,Middle,BBOC,16,No Tide,55,7,1,Dead
2021,4,M. gigas,Middle,BBOC,16,No Tide,55,8,1,Dead
2021,4,M. gigas,Middle,BBOC,16,No Tide,55,9,1,Dead
2021,4,M. gigas,Middle,BBOC,16,No Tide,55,10,1,Dead
2021,4,M. gigas,Middle,BBOC,16,No Tide,55,11,1,Dead
2021,4,M. gigas,Middle,BBOC,16,No Tide,55,12,1,Dead
2021,4,M. gigas,Middle,BBOC,16,No Tide,55,13,1,Dead
2021,4,M. gigas,Middle,BBOC,16,No Tide,55,14,1,Dead
2021,4,M. gigas,Middle,BBOC,16,No Tide,55,15,1,Dead
2021,4,M. gigas,Middle,BBOC,16,No Tide,55,16,1,Dead
2021,4,M. gigas,Middle,BBOC,16,No Tide,55,17,1,Dead
2021,4,M. gigas,Middle,BBOC,16,No Tide,55,18,1,Dead
2021,4,M. gigas,Middle,BBOC,16,No Tide,55,19,1,Dead
2021,4,M. gigas,Middle,BBOC,16,No Tide,55,20,1,Dead
2021,4,M. gigas,Middle,BBOC,16,No Tide,55,21,1,Dead
2021,4,M. gigas,Middle,BBOC,16,No Tide,55,22,1,Dead
2021,4,M. gigas,Middle,BBOC,16,No Tide,55,23,1,Dead
2021,4,M. gigas,Middle,BBOC,16,No Tide,55,24,1,Dead
2021,4,M. gigas,Middle,BBOC,16,No Tide,55,25,1,Dead
2021,4,M. gigas,Middle,BBOC,16,No Tide,55,26,1,Dead
2021,4,M. gigas,Middle,BBOC,16,No Tide,55,27,1,Dead
2021,4,M. gigas,Middle,BBOC,16,No Tide,55,28,1,Dead
2021,4,M. gigas,Middle,BBOC,16,No Tide,55,29,1,Dead
2021,4,M. gigas,Middle,BBOC,16,No Tide,55,30,1,Dead
2021,4,M. gigas,Middle,BBOC,16,No Tide,55,31,1,Dead
2021,4,M. gigas,Middle,BBOC,16,No Tide,55,32,1,Dead
2021,4,M. gigas,Middle,BBOC,16,No Tide,55,33,1,Dead
2021,4,M. gigas,Middle,BBOC,16,No Tide,55,34,1,Dead
2021,4,M. gigas,Middle,BBOC,16,No Tide,55,35,1,Dead
2021,4,M. gigas,Middle,BBOC,16,No Tide,55,36,1,Dead
2021,4,M. gigas,Middle,BBOC,16,No Tide,55,37,1,Dead
2021,4,M. gigas,Middle,BBOC,16,No Tide,55,38,1,Dead
2021,4,M. gigas,Middle,BBOC,16,No Tide,55,39,1,Dead
2021,4,M. gigas,Middle,BBOC,16,No Tide,55,40,1,Dead
2021,4,M. gigas,Middle,BBOC,16,No Tide,55,41,1,Dead
2021,4,M. gigas,Middle,BBOC,16,No Tide,55,42,1,Dead
2021,4,M. gigas,Middle,BBOC,16,No Tide,55,43,1,Dead
2021,4,M. gigas,Middle,BBOC,16,No Tide,55,44,1,Dead
2021,4,M. gigas,Middle,BBOC,16,No Tide,55,45,1,Dead
2021,4,M. gigas,Middle,BBOC,16,No Tide,55,46,1,Dead
2021,4,M. gigas,Middle,BBOC,16,No Tide,55,47,1,Dead
2021,4,M. gigas,Middle,BBOC,16,No Tide,55,48,1,Dead
2021,4,M. gigas,Middle,BBOC,16,No Tide,55,49,1,Dead
2021,4,M. gigas,Middle,BBOC,16,No Tide,55,50,1,Dead
2021,4,M. gigas,Middle,BBOC,16,No Tide,55,51,1,Dead
2021,4,M. gigas,Middle,BBOC,16,No Tide,55,52,1,Dead
2021,4,M. gigas,Middle,BBOC,16,No Tide,55,53,1,Dead
2021,4,M. gigas,Middle,BBOC,16,No Tide,55,54,1,Dead
2021,4,M. gigas,Middle,BBOC,16,No Tide,55,55,1,Dead
2021,4,M. gigas,Middle,BBOC,16,No Tide,55,56,1,Dead
2021,4,M. gigas,Middle,BBOC,16,No Tide,55,57,1,Dead
2021,4,M. gigas,Middle,BBOC,16,No Tide,55,58,1,Dead
2021,4,M. gigas,Middle,BBOC,16,No Tide,55,59,1,Dead
2021,4,M. gigas,Middle,BBOC,16,No Tide,55,60,1,Dead
2021,4,M. gigas,Middle,BBOC,16,No Tide,55,61,1,Dead
2021,4,M. gigas,Middle,BBOC,16,No Tide,55,62,1,Dead
2021,4,M. gigas,Middle,BBOC,16,No Tide,55,63,1,Dead
2021,4,M. gigas,Middle,BBOC,16,No Tide,55,64,1,Dead
2021,4,M. gigas,Middle,BBOC,16,No Tide,55,65,1,Dead
2021,4,M. gigas,Middle,BBOC,16,No Tide,55,66,1,Dead
2021,4,M. gigas,Middle,BBOC,16,No Tide,55,67,1,Dead
2021,4,M. gigas,Middle,BBOC,16,No Tide,55,68,1,Dead
2021,4,M. gigas,Middle,BBOC,16,No Tide,55,69,1,Dead
2021,4,M. gigas,Middle,BBOC,16,No Tide,55,70,1,Dead
2021,4,M. gigas,Middle,BBOC,16,No Tide,55,71,1,Dead
2021,4,M. gigas,Middle,BBOC,16,No Tide,55,72,1,Dead
2021,4,M. gigas,Middle,BBOC,16,No Tide,55,73,1,Dead
2021,4,M. gigas,Middle,BBOC,16,No Tide,55,74,1,Dead
2021,4,M. gigas,Middle,BBOC,16,No Tide,55,75,1,Dead
2021,4,M. gigas,Middle,BBOC,16,No Tide,55,76,1,Dead
2021,4,M. gigas,Middle,BBOC,16,No Tide,55,77,1,Dead
2021,4,M. gigas,Middle,BBOC,16,No Tide,55,78,1,Dead
2021,4,M. gigas,Middle,BBOC,16,No Tide,55,79,1,Dead
2021,4,M. gigas,Middle,BBOC,16,No Tide,55,80,1,Dead
2021,4,M. gigas,Middle,BBOC,16,No Tide,55,81,1,Dead
2021,4,M. gigas,Middle,BBOC,16,No Tide,55,82,1,Dead
2021,4,M. gigas,Middle,BBOC,16,No Tide,55,83,1,Dead
2021,4,M. gigas,Middle,BBOC,16,No Tide,55,84,1,Dead
2021,4,M. gigas,Middle,BBOC,16,No Tide,55,85,1,Dead
2021,4,M. gigas,Middle,BBOC,16,No Tide,55,86,1,Dead
2021,4,M. gigas,Middle,BBOC,16,No Tide,55,87,1,Dead
2021,4,M. gigas,Middle,BBOC,16,No Tide,55,88,1,Dead
2021,4,M. gigas,Middle,BBOC,16,No Tide,55,89,1,Dead
2021,4,M. gigas,Middle,BBOC,16,No Tide,55,90,1,Dead
2021,4,M. gigas,Middle,BBOC,16,No Tide,55,91,1,Dead
2021,4,M. gigas,Middle,BBOC,16,No Tide,55,92,1,Dead
2021,4,M. gigas,Middle,BBOC,16,No Tide,55,93,1,Dead
2021,4,M. gigas,Middle,BBOC,16,No Tide,55,94,1,Dead
2021,4,M. gigas,Middle,BBOC,16,No Tide,55,95,1,Dead
2021,4,M. gigas,Middle,BBOC,16,No Tide,55,96,1,Dead
2021,4,M. gigas,Middle,BBOC,16,No Tide,55,97,1,Dead
2021,4,M. gigas,Middle,BBOC,16,No Tide,55,98,1,Dead
2021,4,M. gigas,Middle,BBOC,16,No Tide,55,99,1,Dead
2021,4,M. gigas,Middle,BBOC,16,No Tide,55,100,1,Dead
2021,4,M. gigas,Middle,BBOC,16,No Tide,55,101,1,Dead
2021,4,M. gigas,Middle,BBOC,16,No Tide,55,102,1,Dead
2021,4,M. gigas,Middle,BBOC,16,No Tide,55,103,1,Dead
2021,4,M. gigas,Middle,BBOC,16,No Tide,55,104,1,Dead
2021,4,M. gigas,Middle,BBOC,16,No Tide,55,105,1,Dead
2021,4,M. gigas,Middle,BBOC,16,No Tide,55,106,1,Dead
2021,4,M. gigas,Middle,BBOC,16,No Tide,55,107,1,Dead
2021,4,M. gigas,Middle,BBOC,16,No Tide,55,108,1,Dead
2021,4,M. gigas,Middle,BBOC,16,No Tide,55,109,1,Dead
2021,4,M. gigas,Middle,BBOC,16,No Tide,55,110,1,Dead
2021,4,M. gigas,Middle,BBOC,16,No Tide,55,111,1,Dead
2021,4,M. gigas,Middle,BBOC,16,No Tide,55,112,1,Dead
2021,4,M. gigas,Middle,BBOC,16,No Tide,55,113,1,Dead
2021,4,M. gigas,Middle,BBOC,16,No Tide,55,114,1,Dead
2021,4,M. gigas,Middle,BBOC,16,No Tide,55,115,1,Dead
2021,4,M. gigas,Middle,BBOC,16,No Tide,55,116,1,Dead
2021,4,M. gigas,Middle,BBOC,16,No Tide,55,117,1,Dead
2021,4,M. gigas,Middle,BBOC,16,No Tide,55,118,1,Dead
2021,4,M. gigas,Middle,BBOC,16,No Tide,55,119,1,Dead
2021,4,M. gigas,Middle,BBOC,16,No Tide,55,120,1,Dead
2021,4,M. gigas,Middle,BBOC,16,No Tide,55,121,1,Dead
2021,4,M. gigas,Middle,BBOC,16,No Tide,55,122,1,Dead
2021,4,M. gigas,Middle,BBOC,16,No Tide,55,123,1,Dead
2021,4,M. gigas,Middle,BBOC,16,No Tide,55,124,1,Dead
2021,4,M. gigas,Middle,BBOC,16,No Tide,55,125,1,Dead
2021,4,M. gigas,Middle,BBOC,16,No Tide,55,126,1,Dead
2021,4,M. gigas,Middle,BBOC,16,No Tide,55,127,1,Dead
2021,4,M. gigas,Middle,BBOC,16,No Tide,55,128,1,Dead
2021,4,M. gigas,Middle,BBOC,16,No Tide,55,129,1,Dead
2021,4,M. gigas,Middle,BBOC,16,No Tide,55,130,1,Dead
2021,4,M. gigas,Middle,BBOC,16,No Tide,55,131,1,Dead
2021,4,M. gigas,Middle,BBOC,16,No Tide,55,132,1,Dead
2021,4,M. gigas,Middle,BBOC,16,No Tide,55,133,1,Dead
2021,4,M. gigas,Middle,BBOC,16,No Tide,55,134,1,Dead
2021,4,M. gigas,Middle,BBOC,16,No Tide,55,135,1,Dead
2021,4,M. gigas,Middle,BBOC,16,No Tide,55,136,1,Dead
2021,4,M. gigas,Middle,BBOC,16,No Tide,55,137,1,Dead
2021,4,M. gigas,Middle,BBOC,16,No Tide,55,138,1,Dead
2021,4,M. gigas,Middle,BBOC,16,No Tide,55,139,1,Dead
2021,4,M. gigas,Middle,BBOC,16,No Tide,55,140,1,Dead
2021,4,M. gigas,Middle,BBOC,16,No Tide,55,141,1,Dead
2021,4,M. gigas,Middle,BBOC,16,No Tide,55,142,1,Dead
2021,4,M. gigas,Middle,BBOC,16,No Tide,55,143,1,Dead
2021,4,M. gigas,Middle,BBOC,16,No Tide,55,144,1,Dead
2021,4,M. gigas,Middle,BBOC,16,No Tide,55,145,1,Dead
2021,4,M. gigas,Middle,BBOC,16,No Tide,55,146,1,Dead
2021,4,M. gigas,Middle,BBOC,16,No Tide,55,147,1,Dead
2021,4,M. gigas,Middle,BBOC,16,No Tide,55,148,1,Dead
2021,4,M. gigas,Middle,BBOC,16,No Tide,55,149,1,Dead
2021,4,M. gigas,Middle,BBOC,16,No Tide,55,150,1,Dead
2021,4,M. gigas,Middle,BBOC,16,No Tide,55,151,1,Dead
2021,4,M. gigas,Middle,BBOC,16,No Tide,55,152,1,Dead
2021,4,M. gigas,Middle,BBOC,16,No Tide,55,153,1,Dead
2021,4,M. gigas,Middle,BBOC,16,No Tide,55,154,1,Dead
2021,4,M. gigas,Middle,BBOC,16,No Tide,55,155,1,Dead
2021,4,M. gigas,Middle,BBOC,16,No Tide,55,156,1,Dead
2021,4,M. gigas,Middle,BBOC,16,No Tide,55,157,1,Dead
2021,4,M. gigas,Middle,BBOC,16,No Tide,55,158,1,Dead
2021,4,M. gigas,Middle,BBOC,16,No Tide,55,159,1,Dead
2021,4,M. gigas,Middle,BBOC,16,No Tide,55,160,1,Dead
2021,4,M. gigas,Middle,BBOC,16,No Tide,55,161,1,Dead
2021,4,M. gigas,Middle,BBOC,16,No Tide,55,162,1,Dead
2021,4,M. gigas,Middle,BBOC,16,No Tide,55,163,1,Dead
2021,4,M. gigas,Middle,BBOC,16,No Tide,55,164,1,Dead
2021,4,M. gigas,Middle,BBOC,16,No Tide,55,165,1,Dead
2021,4,M. gigas,Middle,BBOC,16,No Tide,55,166,1,Dead
2021,4,M. gigas,Middle,BBOC,16,No Tide,55,167,1,Dead
2021,4,M. gigas,Middle,BBOC,16,No Tide,55,168,1,Dead
2021,4,M. gigas,Middle,BBOC,16,No Tide,55,169,1,Dead
2021,4,M. gigas,Middle,BBOC,16,No Tide,55,170,1,Dead
2021,4,M. gigas,Middle,BBOC,16,No Tide,55,171,1,Dead
2021,4,M. gigas,Middle,BBOC,16,No Tide,55,172,1,Dead
2021,4,M. gigas,Middle,BBOC,16,No Tide,55,173,1,Dead
2021,4,M. gigas,Middle,BBOC,16,No Tide,55,174,1,Dead
2021,4,M. gigas,Middle,BBOC,16,No Tide,55,175,1,Dead
2021,4,M. gigas,Middle,BBOC,16,No Tide,55,176,1,Dead
2021,4,M. gigas,Middle,BBOC,16,No Tide,55,177,1,Dead
2021,4,M. gigas,Middle,BBOC,16,No Tide,55,178,1,Dead
2021,4,M. gigas,Middle,BBOC,16,No Tide,55,179,1,Dead
2021,4,M. gigas,Middle,BBOC,16,No Tide,55,180,1,Dead
2021,4,M. gigas,Middle,BBOC,16,No Tide,55,181,1,Dead
2021,4,M. gigas,Middle,BBOC,16,No Tide,55,182,1,Dead
2021,4,M. gigas,Middle,BBOC,16,No Tide,55,183,1,Dead
2021,4,M. gigas,Middle,BBOC,16,No Tide,55,184,1,Dead
2021,4,M. gigas,Middle,BBOC,16,No Tide,55,185,1,Dead
2021,4,M. gigas,Middle,BBOC,16,No Tide,55,186,1,Dead
2021,4,M. gigas,Middle,BBOC,16,No Tide,55,187,1,Dead
2021,4,M. gigas,Middle,BBOC,16,No Tide,55,188,1,Dead
2021,4,M. gigas,Middle,BBOC,16,No Tide,55,189,1,Dead
2021,4,M. gigas,Middle,BBOC,16,No Tide,55,190,1,Dead
2021,4,M. gigas,Middle,BBOC,16,No Tide,55,191,1,Dead
2021,4,M. gigas,Middle,BBOC,16,No Tide,55,192,1,Dead
2021,4,M. gigas,Middle,BBOC,16,No Tide,55,193,1,Dead
2021,4,M. gigas,Middle,BBOC,16,No Tide,55,194,1,Dead
2021,4,M. gigas,Middle,BBOC,16,No Tide,55,195,1,Dead
2021,4,M. gigas,Middle,BBOC,16,No Tide,55,196,1,Dead
2021,4,M. gigas,Middle,BBOC,16,No Tide,55,197,1,Dead
2021,4,M. gigas,Middle,BBOC,16,No Tide,55,198,0,Alive
2021,4,M. gigas,Middle,BBOC,16,No Tide,55,199,0,Alive
2021,4,M. gigas,Middle,BBOC,16,No Tide,55,200,0,Alive
2021,4,M. gigas,Middle,BBOC,16,No Tide,55,201,0,Alive
2021,4,M. gigas,Middle,BBOC,16,No Tide,55,202,0,Alive
2021,4,M. gigas,Middle,BBOC,16,No Tide,55,203,0,Alive
2021,4,M. gigas,Middle,BBOC,16,No Tide,55,204,0,Alive
2021,4,M. gigas,Middle,BBOC,16,No Tide,55,205,0,Alive
2021,4,M. gigas,Middle,BBOC,16,No Tide,55,206,0,Alive
2021,4,M. gigas,Middle,BBOC,16,No Tide,55,207,0,Alive
2021,4,M. gigas,Middle,BBOC,16,No Tide,55,208,0,Alive
2021,4,M. gigas,Middle,BBOC,16,No Tide,55,209,0,Alive
2021,4,M. gigas,Middle,BBOC,16,No Tide,55,210,0,Alive
2021,4,M. gigas,Middle,BBOC,16,No Tide,55,211,0,Alive
2021,4,M. gigas,Middle,BBOC,16,No Tide,55,212,0,Alive
2021,4,M. gigas,Middle,BBOC,16,No Tide,55,213,0,Alive
2021,4,M. gigas,Middle,BBOC,16,No Tide,55,214,0,Alive
2021,4,M. gigas,Middle,BBOC,16,No Tide,55,215,0,Alive
2021,4,M. gigas,Middle,BBOC,16,No Tide,55,216,0,Alive
2021,4,M. gigas,Middle,BBOC,16,No Tide,55,217,0,Alive
2021,4,M. gigas,Middle,BBOC,16,No Tide,55,218,0,Alive
2021,4,M. gigas,Middle,BBOC,16,No Tide,55,219,0,Alive
2021,4,M. gigas,Middle,BBOC,16,No Tide,55,220,0,Alive
2021,4,M. gigas,Middle,BBOC,16,No Tide,55,221,0,Alive
2021,4,M. gigas,Middle,BBOC,16,No Tide,55,222,0,Alive
2021,4,M. gigas,Middle,BBOC,16,No Tide,55,223,0,Alive
2021,4,M. gigas,Middle,BBOC,16,No Tide,55,224,0,Alive
2021,4,M. gigas,Middle,BBOC,16,No Tide,55,225,0,Alive
2021,4,M. gigas,Middle,BBOC,16,No Tide,56,1,1,Dead
2021,4,M. gigas,Middle,BBOC,16,No Tide,56,2,1,Dead
2021,4,M. gigas,Middle,BBOC,16,No Tide,56,3,1,Dead
2021,4,M. gigas,Middle,BBOC,16,No Tide,56,4,1,Dead
2021,4,M. gigas,Middle,BBOC,16,No Tide,56,5,1,Dead
2021,4,M. gigas,Middle,BBOC,16,No Tide,56,6,1,Dead
2021,4,M. gigas,Middle,BBOC,16,No Tide,56,7,1,Dead
2021,4,M. gigas,Middle,BBOC,16,No Tide,56,8,1,Dead
2021,4,M. gigas,Middle,BBOC,16,No Tide,56,9,1,Dead
2021,4,M. gigas,Middle,BBOC,16,No Tide,56,10,1,Dead
2021,4,M. gigas,Middle,BBOC,16,No Tide,56,11,1,Dead
2021,4,M. gigas,Middle,BBOC,16,No Tide,56,12,1,Dead
2021,4,M. gigas,Middle,BBOC,16,No Tide,56,13,1,Dead
2021,4,M. gigas,Middle,BBOC,16,No Tide,56,14,1,Dead
2021,4,M. gigas,Middle,BBOC,16,No Tide,56,15,1,Dead
2021,4,M. gigas,Middle,BBOC,16,No Tide,56,16,1,Dead
2021,4,M. gigas,Middle,BBOC,16,No Tide,56,17,1,Dead
2021,4,M. gigas,Middle,BBOC,16,No Tide,56,18,1,Dead
2021,4,M. gigas,Middle,BBOC,16,No Tide,56,19,1,Dead
2021,4,M. gigas,Middle,BBOC,16,No Tide,56,20,1,Dead
2021,4,M. gigas,Middle,BBOC,16,No Tide,56,21,1,Dead
2021,4,M. gigas,Middle,BBOC,16,No Tide,56,22,1,Dead
2021,4,M. gigas,Middle,BBOC,16,No Tide,56,23,1,Dead
2021,4,M. gigas,Middle,BBOC,16,No Tide,56,24,1,Dead
2021,4,M. gigas,Middle,BBOC,16,No Tide,56,25,1,Dead
2021,4,M. gigas,Middle,BBOC,16,No Tide,56,26,1,Dead
2021,4,M. gigas,Middle,BBOC,16,No Tide,56,27,1,Dead
2021,4,M. gigas,Middle,BBOC,16,No Tide,56,28,1,Dead
2021,4,M. gigas,Middle,BBOC,16,No Tide,56,29,1,Dead
2021,4,M. gigas,Middle,BBOC,16,No Tide,56,30,1,Dead
2021,4,M. gigas,Middle,BBOC,16,No Tide,56,31,1,Dead
2021,4,M. gigas,Middle,BBOC,16,No Tide,56,32,1,Dead
2021,4,M. gigas,Middle,BBOC,16,No Tide,56,33,1,Dead
2021,4,M. gigas,Middle,BBOC,16,No Tide,56,34,1,Dead
2021,4,M. gigas,Middle,BBOC,16,No Tide,56,35,1,Dead
2021,4,M. gigas,Middle,BBOC,16,No Tide,56,36,1,Dead
2021,4,M. gigas,Middle,BBOC,16,No Tide,56,37,1,Dead
2021,4,M. gigas,Middle,BBOC,16,No Tide,56,38,1,Dead
2021,4,M. gigas,Middle,BBOC,16,No Tide,56,39,1,Dead
2021,4,M. gigas,Middle,BBOC,16,No Tide,56,40,1,Dead
2021,4,M. gigas,Middle,BBOC,16,No Tide,56,41,1,Dead
2021,4,M. gigas,Middle,BBOC,16,No Tide,56,42,1,Dead
2021,4,M. gigas,Middle,BBOC,16,No Tide,56,43,1,Dead
2021,4,M. gigas,Middle,BBOC,16,No Tide,56,44,1,Dead
2021,4,M. gigas,Middle,BBOC,16,No Tide,56,45,1,Dead
2021,4,M. gigas,Middle,BBOC,16,No Tide,56,46,1,Dead
2021,4,M. gigas,Middle,BBOC,16,No Tide,56,47,1,Dead
2021,4,M. gigas,Middle,BBOC,16,No Tide,56,48,1,Dead
2021,4,M. gigas,Middle,BBOC,16,No Tide,56,49,1,Dead
2021,4,M. gigas,Middle,BBOC,16,No Tide,56,50,1,Dead
2021,4,M. gigas,Middle,BBOC,16,No Tide,56,51,1,Dead
2021,4,M. gigas,Middle,BBOC,16,No Tide,56,52,1,Dead
2021,4,M. gigas,Middle,BBOC,16,No Tide,56,53,1,Dead
2021,4,M. gigas,Middle,BBOC,16,No Tide,56,54,1,Dead
2021,4,M. gigas,Middle,BBOC,16,No Tide,56,55,1,Dead
2021,4,M. gigas,Middle,BBOC,16,No Tide,56,56,1,Dead
2021,4,M. gigas,Middle,BBOC,16,No Tide,56,57,1,Dead
2021,4,M. gigas,Middle,BBOC,16,No Tide,56,58,1,Dead
2021,4,M. gigas,Middle,BBOC,16,No Tide,56,59,1,Dead
2021,4,M. gigas,Middle,BBOC,16,No Tide,56,60,1,Dead
2021,4,M. gigas,Middle,BBOC,16,No Tide,56,61,1,Dead
2021,4,M. gigas,Middle,BBOC,16,No Tide,56,62,1,Dead
2021,4,M. gigas,Middle,BBOC,16,No Tide,56,63,1,Dead
2021,4,M. gigas,Middle,BBOC,16,No Tide,56,64,1,Dead
2021,4,M. gigas,Middle,BBOC,16,No Tide,56,65,1,Dead
2021,4,M. gigas,Middle,BBOC,16,No Tide,56,66,1,Dead
2021,4,M. gigas,Middle,BBOC,16,No Tide,56,67,1,Dead
2021,4,M. gigas,Middle,BBOC,16,No Tide,56,68,1,Dead
2021,4,M. gigas,Middle,BBOC,16,No Tide,56,69,1,Dead
2021,4,M. gigas,Middle,BBOC,16,No Tide,56,70,1,Dead
2021,4,M. gigas,Middle,BBOC,16,No Tide,56,71,1,Dead
2021,4,M. gigas,Middle,BBOC,16,No Tide,56,72,1,Dead
2021,4,M. gigas,Middle,BBOC,16,No Tide,56,73,1,Dead
2021,4,M. gigas,Middle,BBOC,16,No Tide,56,74,1,Dead
2021,4,M. gigas,Middle,BBOC,16,No Tide,56,75,1,Dead
2021,4,M. gigas,Middle,BBOC,16,No Tide,56,76,1,Dead
2021,4,M. gigas,Middle,BBOC,16,No Tide,56,77,1,Dead
2021,4,M. gigas,Middle,BBOC,16,No Tide,56,78,1,Dead
2021,4,M. gigas,Middle,BBOC,16,No Tide,56,79,1,Dead
2021,4,M. gigas,Middle,BBOC,16,No Tide,56,80,1,Dead
2021,4,M. gigas,Middle,BBOC,16,No Tide,56,81,1,Dead
2021,4,M. gigas,Middle,BBOC,16,No Tide,56,82,1,Dead
2021,4,M. gigas,Middle,BBOC,16,No Tide,56,83,1,Dead
2021,4,M. gigas,Middle,BBOC,16,No Tide,56,84,1,Dead
2021,4,M. gigas,Middle,BBOC,16,No Tide,56,85,1,Dead
2021,4,M. gigas,Middle,BBOC,16,No Tide,56,86,1,Dead
2021,4,M. gigas,Middle,BBOC,16,No Tide,56,87,1,Dead
2021,4,M. gigas,Middle,BBOC,16,No Tide,56,88,1,Dead
2021,4,M. gigas,Middle,BBOC,16,No Tide,56,89,1,Dead
2021,4,M. gigas,Middle,BBOC,16,No Tide,56,90,1,Dead
2021,4,M. gigas,Middle,BBOC,16,No Tide,56,91,1,Dead
2021,4,M. gigas,Middle,BBOC,16,No Tide,56,92,1,Dead
2021,4,M. gigas,Middle,BBOC,16,No Tide,56,93,1,Dead
2021,4,M. gigas,Middle,BBOC,16,No Tide,56,94,1,Dead
2021,4,M. gigas,Middle,BBOC,16,No Tide,56,95,1,Dead
2021,4,M. gigas,Middle,BBOC,16,No Tide,56,96,1,Dead
2021,4,M. gigas,Middle,BBOC,16,No Tide,56,97,1,Dead
2021,4,M. gigas,Middle,BBOC,16,No Tide,56,98,1,Dead
2021,4,M. gigas,Middle,BBOC,16,No Tide,56,99,1,Dead
2021,4,M. gigas,Middle,BBOC,16,No Tide,56,100,1,Dead
2021,4,M. gigas,Middle,BBOC,16,No Tide,56,101,1,Dead
2021,4,M. gigas,Middle,BBOC,16,No Tide,56,102,1,Dead
2021,4,M. gigas,Middle,BBOC,16,No Tide,56,103,1,Dead
2021,4,M. gigas,Middle,BBOC,16,No Tide,56,104,1,Dead
2021,4,M. gigas,Middle,BBOC,16,No Tide,56,105,1,Dead
2021,4,M. gigas,Middle,BBOC,16,No Tide,56,106,1,Dead
2021,4,M. gigas,Middle,BBOC,16,No Tide,56,107,1,Dead
2021,4,M. gigas,Middle,BBOC,16,No Tide,56,108,1,Dead
2021,4,M. gigas,Middle,BBOC,16,No Tide,56,109,1,Dead
2021,4,M. gigas,Middle,BBOC,16,No Tide,56,110,1,Dead
2021,4,M. gigas,Middle,BBOC,16,No Tide,56,111,1,Dead
2021,4,M. gigas,Middle,BBOC,16,No Tide,56,112,1,Dead
2021,4,M. gigas,Middle,BBOC,16,No Tide,56,113,1,Dead
2021,4,M. gigas,Middle,BBOC,16,No Tide,56,114,1,Dead
2021,4,M. gigas,Middle,BBOC,16,No Tide,56,115,1,Dead
2021,4,M. gigas,Middle,BBOC,16,No Tide,56,116,1,Dead
2021,4,M. gigas,Middle,BBOC,16,No Tide,56,117,1,Dead
2021,4,M. gigas,Middle,BBOC,16,No Tide,56,118,1,Dead
2021,4,M. gigas,Middle,BBOC,16,No Tide,56,119,1,Dead
2021,4,M. gigas,Middle,BBOC,16,No Tide,56,120,1,Dead
2021,4,M. gigas,Middle,BBOC,16,No Tide,56,121,1,Dead
2021,4,M. gigas,Middle,BBOC,16,No Tide,56,122,1,Dead
2021,4,M. gigas,Middle,BBOC,16,No Tide,56,123,1,Dead
2021,4,M. gigas,Middle,BBOC,16,No Tide,56,124,1,Dead
2021,4,M. gigas,Middle,BBOC,16,No Tide,56,125,1,Dead
2021,4,M. gigas,Middle,BBOC,16,No Tide,56,126,1,Dead
2021,4,M. gigas,Middle,BBOC,16,No Tide,56,127,1,Dead
2021,4,M. gigas,Middle,BBOC,16,No Tide,56,128,1,Dead
2021,4,M. gigas,Middle,BBOC,16,No Tide,56,129,1,Dead
2021,4,M. gigas,Middle,BBOC,16,No Tide,56,130,1,Dead
2021,4,M. gigas,Middle,BBOC,16,No Tide,56,131,1,Dead
2021,4,M. gigas,Middle,BBOC,16,No Tide,56,132,1,Dead
2021,4,M. gigas,Middle,BBOC,16,No Tide,56,133,1,Dead
2021,4,M. gigas,Middle,BBOC,16,No Tide,56,134,1,Dead
2021,4,M. gigas,Middle,BBOC,16,No Tide,56,135,1,Dead
2021,4,M. gigas,Middle,BBOC,16,No Tide,56,136,1,Dead
2021,4,M. gigas,Middle,BBOC,16,No Tide,56,137,1,Dead
2021,4,M. gigas,Middle,BBOC,16,No Tide,56,138,1,Dead
2021,4,M. gigas,Middle,BBOC,16,No Tide,56,139,1,Dead
2021,4,M. gigas,Middle,BBOC,16,No Tide,56,140,1,Dead
2021,4,M. gigas,Middle,BBOC,16,No Tide,56,141,1,Dead
2021,4,M. gigas,Middle,BBOC,16,No Tide,56,142,1,Dead
2021,4,M. gigas,Middle,BBOC,16,No Tide,56,143,1,Dead
2021,4,M. gigas,Middle,BBOC,16,No Tide,56,144,1,Dead
2021,4,M. gigas,Middle,BBOC,16,No Tide,56,145,1,Dead
2021,4,M. gigas,Middle,BBOC,16,No Tide,56,146,1,Dead
2021,4,M. gigas,Middle,BBOC,16,No Tide,56,147,1,Dead
2021,4,M. gigas,Middle,BBOC,16,No Tide,56,148,1,Dead
2021,4,M. gigas,Middle,BBOC,16,No Tide,56,149,1,Dead
2021,4,M. gigas,Middle,BBOC,16,No Tide,56,150,1,Dead
2021,4,M. gigas,Middle,BBOC,16,No Tide,56,151,1,Dead
2021,4,M. gigas,Middle,BBOC,16,No Tide,56,152,1,Dead
2021,4,M. gigas,Middle,BBOC,16,No Tide,56,153,1,Dead
2021,4,M. gigas,Middle,BBOC,16,No Tide,56,154,1,Dead
2021,4,M. gigas,Middle,BBOC,16,No Tide,56,155,1,Dead
2021,4,M. gigas,Middle,BBOC,16,No Tide,56,156,1,Dead
2021,4,M. gigas,Middle,BBOC,16,No Tide,56,157,0,Alive
2021,4,M. gigas,Middle,BBOC,16,No Tide,56,158,0,Alive
2021,4,M. gigas,Middle,BBOC,16,No Tide,56,159,0,Alive
2021,4,M. gigas,Middle,BBOC,16,No Tide,56,160,0,Alive
2021,4,M. gigas,Middle,BBOC,16,No Tide,56,161,0,Alive
2021,4,M. gigas,Middle,BBOC,16,No Tide,56,162,0,Alive
2021,4,M. gigas,Middle,BBOC,16,No Tide,56,163,0,Alive
2021,4,M. gigas,Middle,BBOC,16,No Tide,56,164,0,Alive
2021,4,M. gigas,Middle,BBOC,16,No Tide,56,165,0,Alive
2021,4,M. gigas,Middle,BBOC,16,No Tide,56,166,0,Alive
2021,4,M. gigas,Middle,BBOC,16,No Tide,56,167,0,Alive
2021,4,M. gigas,Middle,BBOC,16,No Tide,56,168,0,Alive
2021,4,M. gigas,Middle,BBOC,16,No Tide,56,169,0,Alive
2021,4,M. gigas,Middle,BBOC,16,No Tide,56,170,0,Alive
2021,4,M. gigas,Middle,BBOC,16,No Tide,56,171,0,Alive
2021,4,M. gigas,Middle,BBOC,16,No Tide,56,172,0,Alive
2021,4,M. gigas,Middle,BBOC,16,No Tide,56,173,0,Alive
2021,4,M. gigas,Middle,BBOC,16,No Tide,56,174,0,Alive
2021,4,M. gigas,Middle,BBOC,16,No Tide,56,175,0,Alive
2021,4,M. gigas,Middle,BBOC,16,No Tide,56,176,0,Alive
2021,4,M. gigas,Middle,BBOC,16,No Tide,56,177,0,Alive
2021,4,M. gigas,Middle,BBOC,16,No Tide,56,178,0,Alive
2021,4,M. gigas,Middle,BBOC,16,No Tide,56,179,0,Alive
2021,4,M. gigas,Middle,BBOC,16,No Tide,56,180,0,Alive
2021,4,M. gigas,Middle,BBOC,16,No Tide,56,181,0,Alive
2021,4,M. gigas,Middle,BBOC,16,No Tide,56,182,0,Alive
2021,4,M. gigas,Middle,BBOC,16,No Tide,56,183,0,Alive
2021,4,M. gigas,Middle,BBOC,16,No Tide,56,184,0,Alive
2021,4,M. gigas,Middle,BBOC,16,No Tide,56,185,0,Alive
2021,4,M. gigas,Middle,BBOC,16,No Tide,56,186,0,Alive
2021,4,M. gigas,Middle,BBOC,16,No Tide,56,187,0,Alive
2021,4,M. gigas,Middle,BBOC,16,No Tide,56,188,0,Alive
2021,4,M. gigas,Middle,BBOC,16,No Tide,56,189,0,Alive
2021,4,M. gigas,Middle,BBOC,16,No Tide,56,190,0,Alive
2021,4,M. gigas,Middle,BBOC,16,No Tide,56,191,0,Alive
2021,4,M. gigas,Middle,BBOC,16,No Tide,56,192,0,Alive
2021,4,M. gigas,Middle,BBOC,16,No Tide,56,193,0,Alive
2021,4,M. gigas,Middle,BBOC,16,No Tide,56,194,0,Alive
2021,4,M. gigas,Middle,BBOC,16,No Tide,56,195,0,Alive
2021,4,M. gigas,Middle,BBOC,16,No Tide,56,196,0,Alive
2021,4,M. gigas,Middle,BBOC,16,No Tide,56,197,0,Alive
2021,4,M. gigas,Middle,BBOC,16,No Tide,56,198,0,Alive
2021,4,M. gigas,Middle,BBOC,16,No Tide,56,199,0,Alive
2021,4,M. gigas,Middle,BBOC,16,No Tide,56,200,0,Alive
2021,4,M. gigas,Middle,BBOC,16,No Tide,56,201,0,Alive
2021,4,M. gigas,Middle,BBOC,16,No Tide,56,202,0,Alive
2021,4,M. gigas,Middle,BBOC,16,No Tide,56,203,0,Alive
2021,4,M. gigas,Middle,BBOC,16,No Tide,56,204,0,Alive
2021,4,M. gigas,Middle,BBOC,16,No Tide,56,205,0,Alive
2021,4,M. gigas,Middle,BBOC,16,No Tide,56,206,0,Alive
2021,4,M. gigas,Middle,BBOC,16,No Tide,56,207,0,Alive
2021,4,M. gigas,Middle,BBOC,16,No Tide,56,208,0,Alive
2021,4,M. gigas,Middle,BBOC,16,No Tide,56,209,0,Alive
2021,4,M. gigas,Middle,BBOC,16,No Tide,56,210,0,Alive
2021,4,M. gigas,Middle,BBOC,16,No Tide,56,211,0,Alive
2021,4,M. gigas,Middle,BBOC,16,No Tide,56,212,0,Alive
2021,4,M. gigas,Middle,BBOC,16,No Tide,56,213,0,Alive
2021,4,M. gigas,Middle,BBOC,16,No Tide,56,214,0,Alive
2021,4,M. gigas,Middle,BBOC,16,No Tide,56,215,0,Alive
2021,4,M. gigas,Middle,BBOC,16,No Tide,56,216,0,Alive
2021,4,M. gigas,Middle,BBOC,16,No Tide,56,217,0,Alive
2021,4,M. gigas,Middle,BBOC,16,No Tide,56,218,0,Alive
2021,4,M. gigas,Middle,BBOC,16,No Tide,56,219,0,Alive
2021,4,M. gigas,Middle,BBOC,16,No Tide,56,220,0,Alive
2021,4,M. gigas,Middle,BBOC,16,No Tide,56,221,0,Alive
2021,4,M. gigas,Middle,BBOC,16,No Tide,56,222,0,Alive
2021,4,M. gigas,Middle,BBOC,16,No Tide,56,223,0,Alive
2021,4,M. gigas,Middle,BBOC,16,No Tide,56,224,0,Alive
2021,4,M. gigas,Middle,BBOC,16,No Tide,56,225,0,Alive
2021,4,M. gigas,South ,TBOC,21,No Tide,61,1,1,Dead
2021,4,M. gigas,South ,TBOC,21,No Tide,61,2,1,Dead
2021,4,M. gigas,South ,TBOC,21,No Tide,61,3,1,Dead
2021,4,M. gigas,South ,TBOC,21,No Tide,61,4,1,Dead
2021,4,M. gigas,South ,TBOC,21,No Tide,61,5,1,Dead
2021,4,M. gigas,South ,TBOC,21,No Tide,61,6,1,Dead
2021,4,M. gigas,South ,TBOC,21,No Tide,61,7,1,Dead
2021,4,M. gigas,South ,TBOC,21,No Tide,61,8,1,Dead
2021,4,M. gigas,South ,TBOC,21,No Tide,61,9,1,Dead
2021,4,M. gigas,South ,TBOC,21,No Tide,61,10,1,Dead
2021,4,M. gigas,South ,TBOC,21,No Tide,61,11,1,Dead
2021,4,M. gigas,South ,TBOC,21,No Tide,61,12,1,Dead
2021,4,M. gigas,South ,TBOC,21,No Tide,61,13,0,Alive
2021,4,M. gigas,South ,TBOC,21,No Tide,61,14,0,Alive
2021,4,M. gigas,South ,TBOC,21,No Tide,61,15,0,Alive
2021,4,M. gigas,South ,TBOC,21,No Tide,61,16,0,Alive
2021,4,M. gigas,South ,TBOC,21,No Tide,61,17,0,Alive
2021,4,M. gigas,South ,TBOC,21,No Tide,61,18,0,Alive
2021,4,M. gigas,South ,TBOC,21,No Tide,61,19,0,Alive
2021,4,M. gigas,South ,TBOC,21,No Tide,61,20,0,Alive
2021,4,M. gigas,South ,TBOC,21,No Tide,61,21,0,Alive
2021,4,M. gigas,South ,TBOC,21,No Tide,61,22,0,Alive
2021,4,M. gigas,South ,TBOC,21,No Tide,61,23,0,Alive
2021,4,M. gigas,South ,TBOC,21,No Tide,61,24,0,Alive
2021,4,M. gigas,South ,TBOC,21,No Tide,61,25,0,Alive
2021,4,M. gigas,South ,TBOC,21,No Tide,61,26,0,Alive
2021,4,M. gigas,South ,TBOC,21,No Tide,61,27,0,Alive
2021,4,M. gigas,South ,TBOC,21,No Tide,61,28,0,Alive
2021,4,M. gigas,South ,TBOC,21,No Tide,61,29,0,Alive
2021,4,M. gigas,South ,TBOC,21,No Tide,61,30,0,Alive
2021,4,M. gigas,South ,TBOC,21,No Tide,61,31,0,Alive
2021,4,M. gigas,South ,TBOC,21,No Tide,61,32,0,Alive
2021,4,M. gigas,South ,TBOC,21,No Tide,61,33,0,Alive
2021,4,M. gigas,South ,TBOC,21,No Tide,61,34,0,Alive
2021,4,M. gigas,South ,TBOC,21,No Tide,61,35,0,Alive
2021,4,M. gigas,South ,TBOC,21,No Tide,61,36,0,Alive
2021,4,M. gigas,South ,TBOC,21,No Tide,61,37,0,Alive
2021,4,M. gigas,South ,TBOC,21,No Tide,61,38,0,Alive
2021,4,M. gigas,South ,TBOC,21,No Tide,61,39,0,Alive
2021,4,M. gigas,South ,TBOC,21,No Tide,61,40,0,Alive
2021,4,M. gigas,South ,TBOC,21,No Tide,61,41,0,Alive
2021,4,M. gigas,South ,TBOC,21,No Tide,61,42,0,Alive
2021,4,M. gigas,South ,TBOC,21,No Tide,61,43,0,Alive
2021,4,M. gigas,South ,TBOC,21,No Tide,61,44,0,Alive
2021,4,M. gigas,South ,TBOC,21,No Tide,61,45,0,Alive
2021,4,M. gigas,South ,TBOC,21,No Tide,61,46,0,Alive
2021,4,M. gigas,South ,TBOC,21,No Tide,61,47,0,Alive
2021,4,M. gigas,South ,TBOC,21,No Tide,61,48,0,Alive
2021,4,M. gigas,South ,TBOC,21,No Tide,61,49,0,Alive
2021,4,M. gigas,South ,TBOC,21,No Tide,61,50,0,Alive
2021,4,M. gigas,South ,TBOC,21,No Tide,61,51,0,Alive
2021,4,M. gigas,South ,TBOC,21,No Tide,61,52,0,Alive
2021,4,M. gigas,South ,TBOC,21,No Tide,61,53,0,Alive
2021,4,M. gigas,South ,TBOC,21,No Tide,61,54,0,Alive
2021,4,M. gigas,South ,TBOC,21,No Tide,61,55,0,Alive
2021,4,M. gigas,South ,TBOC,21,No Tide,61,56,0,Alive
2021,4,M. gigas,South ,TBOC,21,No Tide,61,57,0,Alive
2021,4,M. gigas,South ,TBOC,21,No Tide,61,58,0,Alive
2021,4,M. gigas,South ,TBOC,21,No Tide,61,59,0,Alive
2021,4,M. gigas,South ,TBOC,21,No Tide,61,60,0,Alive
2021,4,M. gigas,South ,TBOC,21,No Tide,61,61,0,Alive
2021,4,M. gigas,South ,TBOC,21,No Tide,61,62,0,Alive
2021,4,M. gigas,South ,TBOC,21,No Tide,61,63,0,Alive
2021,4,M. gigas,South ,TBOC,21,No Tide,61,64,0,Alive
2021,4,M. gigas,South ,TBOC,21,No Tide,61,65,0,Alive
2021,4,M. gigas,South ,TBOC,21,No Tide,61,66,0,Alive
2021,4,M. gigas,South ,TBOC,21,No Tide,61,67,0,Alive
2021,4,M. gigas,South ,TBOC,21,No Tide,61,68,0,Alive
2021,4,M. gigas,South ,TBOC,21,No Tide,61,69,0,Alive
2021,4,M. gigas,South ,TBOC,21,No Tide,61,70,0,Alive
2021,4,M. gigas,South ,TBOC,21,No Tide,61,71,0,Alive
2021,4,M. gigas,South ,TBOC,21,No Tide,61,72,0,Alive
2021,4,M. gigas,South ,TBOC,21,No Tide,61,73,0,Alive
2021,4,M. gigas,South ,TBOC,21,No Tide,61,74,0,Alive
2021,4,M. gigas,South ,TBOC,21,No Tide,61,75,0,Alive
2021,4,M. gigas,South ,TBOC,21,No Tide,61,76,0,Alive
2021,4,M. gigas,South ,TBOC,21,No Tide,61,77,0,Alive
2021,4,M. gigas,South ,TBOC,21,No Tide,61,78,0,Alive
2021,4,M. gigas,South ,TBOC,21,No Tide,61,79,0,Alive
2021,4,M. gigas,South ,TBOC,21,No Tide,61,80,0,Alive
2021,4,M. gigas,South ,TBOC,21,No Tide,61,81,0,Alive
2021,4,M. gigas,South ,TBOC,21,No Tide,61,82,0,Alive
2021,4,M. gigas,South ,TBOC,21,No Tide,61,83,0,Alive
2021,4,M. gigas,South ,TBOC,21,No Tide,61,84,0,Alive
2021,4,M. gigas,South ,TBOC,21,No Tide,61,85,0,Alive
2021,4,M. gigas,South ,TBOC,21,No Tide,61,86,0,Alive
2021,4,M. gigas,South ,TBOC,21,No Tide,61,87,0,Alive
2021,4,M. gigas,South ,TBOC,21,No Tide,61,88,0,Alive
2021,4,M. gigas,South ,TBOC,21,No Tide,61,89,0,Alive
2021,4,M. gigas,South ,TBOC,21,No Tide,61,90,0,Alive
2021,4,M. gigas,South ,TBOC,21,No Tide,61,91,0,Alive
2021,4,M. gigas,South ,TBOC,21,No Tide,61,92,0,Alive
2021,4,M. gigas,South ,TBOC,21,No Tide,61,93,0,Alive
2021,4,M. gigas,South ,TBOC,21,No Tide,61,94,0,Alive
2021,4,M. gigas,South ,TBOC,21,No Tide,61,95,0,Alive
2021,4,M. gigas,South ,TBOC,21,No Tide,61,96,0,Alive
2021,4,M. gigas,South ,TBOC,21,No Tide,61,97,0,Alive
2021,4,M. gigas,South ,TBOC,21,No Tide,61,98,0,Alive
2021,4,M. gigas,South ,TBOC,21,No Tide,61,99,0,Alive
2021,4,M. gigas,South ,TBOC,21,No Tide,61,100,0,Alive
2021,4,M. gigas,South ,TBOC,21,No Tide,61,101,0,Alive
2021,4,M. gigas,South ,TBOC,21,No Tide,61,102,0,Alive
2021,4,M. gigas,South ,TBOC,21,No Tide,61,103,0,Alive
2021,4,M. gigas,South ,TBOC,21,No Tide,61,104,0,Alive
2021,4,M. gigas,South ,TBOC,21,No Tide,61,105,0,Alive
2021,4,M. gigas,South ,TBOC,21,No Tide,61,106,0,Alive
2021,4,M. gigas,South ,TBOC,21,No Tide,61,107,0,Alive
2021,4,M. gigas,South ,TBOC,21,No Tide,61,108,0,Alive
2021,4,M. gigas,South ,TBOC,21,No Tide,61,109,0,Alive
2021,4,M. gigas,South ,TBOC,21,No Tide,61,110,0,Alive
2021,4,M. gigas,South ,TBOC,21,No Tide,61,111,0,Alive
2021,4,M. gigas,South ,TBOC,21,No Tide,61,112,0,Alive
2021,4,M. gigas,South ,TBOC,21,No Tide,61,113,0,Alive
2021,4,M. gigas,South ,TBOC,21,No Tide,61,114,0,Alive
2021,4,M. gigas,South ,TBOC,21,No Tide,61,115,0,Alive
2021,4,M. gigas,South ,TBOC,21,No Tide,61,116,0,Alive
2021,4,M. gigas,South ,TBOC,21,No Tide,61,117,0,Alive
2021,4,M. gigas,South ,TBOC,21,No Tide,61,118,0,Alive
2021,4,M. gigas,South ,TBOC,21,No Tide,61,119,0,Alive
2021,4,M. gigas,South ,TBOC,21,No Tide,61,120,0,Alive
2021,4,M. gigas,South ,TBOC,21,No Tide,61,121,0,Alive
2021,4,M. gigas,South ,TBOC,21,No Tide,61,122,0,Alive
2021,4,M. gigas,South ,TBOC,21,No Tide,61,123,0,Alive
2021,4,M. gigas,South ,TBOC,21,No Tide,61,124,0,Alive
2021,4,M. gigas,South ,TBOC,21,No Tide,61,125,0,Alive
2021,4,M. gigas,South ,TBOC,21,No Tide,61,126,0,Alive
2021,4,M. gigas,South ,TBOC,21,No Tide,61,127,0,Alive
2021,4,M. gigas,South ,TBOC,21,No Tide,61,128,0,Alive
2021,4,M. gigas,South ,TBOC,21,No Tide,61,129,0,Alive
2021,4,M. gigas,South ,TBOC,21,No Tide,61,130,0,Alive
2021,4,M. gigas,South ,TBOC,21,No Tide,61,131,0,Alive
2021,4,M. gigas,South ,TBOC,21,No Tide,61,132,0,Alive
2021,4,M. gigas,South ,TBOC,21,No Tide,61,133,0,Alive
2021,4,M. gigas,South ,TBOC,21,No Tide,61,134,0,Alive
2021,4,M. gigas,South ,TBOC,21,No Tide,61,135,0,Alive
2021,4,M. gigas,South ,TBOC,21,No Tide,61,136,0,Alive
2021,4,M. gigas,South ,TBOC,21,No Tide,61,137,0,Alive
2021,4,M. gigas,South ,TBOC,21,No Tide,61,138,0,Alive
2021,4,M. gigas,South ,TBOC,21,No Tide,61,139,0,Alive
2021,4,M. gigas,South ,TBOC,21,No Tide,61,140,0,Alive
2021,4,M. gigas,South ,TBOC,21,No Tide,61,141,0,Alive
2021,4,M. gigas,South ,TBOC,21,No Tide,61,142,0,Alive
2021,4,M. gigas,South ,TBOC,21,No Tide,61,143,0,Alive
2021,4,M. gigas,South ,TBOC,21,No Tide,61,144,0,Alive
2021,4,M. gigas,South ,TBOC,21,No Tide,61,145,0,Alive
2021,4,M. gigas,South ,TBOC,21,No Tide,61,146,0,Alive
2021,4,M. gigas,South ,TBOC,21,No Tide,61,147,0,Alive
2021,4,M. gigas,South ,TBOC,21,No Tide,61,148,0,Alive
2021,4,M. gigas,South ,TBOC,21,No Tide,61,149,0,Alive
2021,4,M. gigas,South ,TBOC,21,No Tide,61,150,0,Alive
2021,4,M. gigas,South ,TBOC,21,No Tide,61,151,0,Alive
2021,4,M. gigas,South ,TBOC,21,No Tide,61,152,0,Alive
2021,4,M. gigas,South ,TBOC,21,No Tide,61,153,0,Alive
2021,4,M. gigas,South ,TBOC,21,No Tide,61,154,0,Alive
2021,4,M. gigas,South ,TBOC,21,No Tide,61,155,0,Alive
2021,4,M. gigas,South ,TBOC,21,No Tide,61,156,0,Alive
2021,4,M. gigas,South ,TBOC,21,No Tide,61,157,0,Alive
2021,4,M. gigas,South ,TBOC,21,No Tide,61,158,0,Alive
2021,4,M. gigas,South ,TBOC,21,No Tide,61,159,0,Alive
2021,4,M. gigas,South ,TBOC,21,No Tide,61,160,0,Alive
2021,4,M. gigas,South ,TBOC,21,No Tide,61,161,0,Alive
2021,4,M. gigas,South ,TBOC,21,No Tide,61,162,0,Alive
2021,4,M. gigas,South ,TBOC,21,No Tide,61,163,0,Alive
2021,4,M. gigas,South ,TBOC,21,No Tide,61,164,0,Alive
2021,4,M. gigas,South ,TBOC,21,No Tide,61,165,0,Alive
2021,4,M. gigas,South ,TBOC,21,No Tide,61,166,0,Alive
2021,4,M. gigas,South ,TBOC,21,No Tide,61,167,0,Alive
2021,4,M. gigas,South ,TBOC,21,No Tide,61,168,0,Alive
2021,4,M. gigas,South ,TBOC,21,No Tide,61,169,0,Alive
2021,4,M. gigas,South ,TBOC,21,No Tide,61,170,0,Alive
2021,4,M. gigas,South ,TBOC,21,No Tide,61,171,0,Alive
2021,4,M. gigas,South ,TBOC,21,No Tide,61,172,0,Alive
2021,4,M. gigas,South ,TBOC,21,No Tide,61,173,0,Alive
2021,4,M. gigas,South ,TBOC,21,No Tide,61,174,0,Alive
2021,4,M. gigas,South ,TBOC,21,No Tide,61,175,0,Alive
2021,4,M. gigas,South ,TBOC,21,No Tide,61,176,0,Alive
2021,4,M. gigas,South ,TBOC,21,No Tide,61,177,0,Alive
2021,4,M. gigas,South ,TBOC,21,No Tide,61,178,0,Alive
2021,4,M. gigas,South ,TBOC,21,No Tide,61,179,0,Alive
2021,4,M. gigas,South ,TBOC,21,No Tide,61,180,0,Alive
2021,4,M. gigas,South ,TBOC,21,No Tide,61,181,0,Alive
2021,4,M. gigas,South ,TBOC,21,No Tide,61,182,0,Alive
2021,4,M. gigas,South ,TBOC,21,No Tide,61,183,0,Alive
2021,4,M. gigas,South ,TBOC,21,No Tide,61,184,0,Alive
2021,4,M. gigas,South ,TBOC,21,No Tide,61,185,0,Alive
2021,4,M. gigas,South ,TBOC,21,No Tide,61,186,0,Alive
2021,4,M. gigas,South ,TBOC,21,No Tide,61,187,0,Alive
2021,4,M. gigas,South ,TBOC,21,No Tide,61,188,0,Alive
2021,4,M. gigas,South ,TBOC,21,No Tide,61,189,0,Alive
2021,4,M. gigas,South ,TBOC,21,No Tide,61,190,0,Alive
2021,4,M. gigas,South ,TBOC,21,No Tide,61,191,0,Alive
2021,4,M. gigas,South ,TBOC,21,No Tide,61,192,0,Alive
2021,4,M. gigas,South ,TBOC,21,No Tide,61,193,0,Alive
2021,4,M. gigas,South ,TBOC,21,No Tide,61,194,0,Alive
2021,4,M. gigas,South ,TBOC,21,No Tide,61,195,0,Alive
2021,4,M. gigas,South ,TBOC,21,No Tide,61,196,0,Alive
2021,4,M. gigas,South ,TBOC,21,No Tide,61,197,0,Alive
2021,4,M. gigas,South ,TBOC,21,No Tide,61,198,0,Alive
2021,4,M. gigas,South ,TBOC,21,No Tide,61,199,0,Alive
2021,4,M. gigas,South ,TBOC,21,No Tide,61,200,0,Alive
2021,4,M. gigas,South ,TBOC,21,No Tide,61,201,0,Alive
2021,4,M. gigas,South ,TBOC,21,No Tide,61,202,0,Alive
2021,4,M. gigas,South ,TBOC,21,No Tide,61,203,0,Alive
2021,4,M. gigas,South ,TBOC,21,No Tide,61,204,0,Alive
2021,4,M. gigas,South ,TBOC,21,No Tide,61,205,0,Alive
2021,4,M. gigas,South ,TBOC,21,No Tide,61,206,0,Alive
2021,4,M. gigas,South ,TBOC,21,No Tide,61,207,0,Alive
2021,4,M. gigas,South ,TBOC,21,No Tide,61,208,0,Alive
2021,4,M. gigas,South ,TBOC,21,No Tide,61,209,0,Alive
2021,4,M. gigas,South ,TBOC,21,No Tide,61,210,0,Alive
2021,4,M. gigas,South ,TBOC,21,No Tide,61,211,0,Alive
2021,4,M. gigas,South ,TBOC,21,No Tide,61,212,0,Alive
2021,4,M. gigas,South ,TBOC,21,No Tide,61,213,0,Alive
2021,4,M. gigas,South ,TBOC,21,No Tide,61,214,0,Alive
2021,4,M. gigas,South ,TBOC,21,No Tide,61,215,0,Alive
2021,4,M. gigas,South ,TBOC,21,No Tide,61,216,0,Alive
2021,4,M. gigas,South ,TBOC,21,No Tide,61,217,0,Alive
2021,4,M. gigas,South ,TBOC,21,No Tide,61,218,0,Alive
2021,4,M. gigas,South ,TBOC,21,No Tide,61,219,0,Alive
2021,4,M. gigas,South ,TBOC,21,No Tide,61,220,0,Alive
2021,4,M. gigas,South ,TBOC,21,No Tide,61,221,0,Alive
2021,4,M. gigas,South ,TBOC,21,No Tide,61,222,0,Alive
2021,4,M. gigas,South ,TBOC,21,No Tide,61,223,0,Alive
2021,4,M. gigas,South ,TBOC,21,No Tide,61,224,0,Alive
2021,4,M. gigas,South ,TBOC,21,No Tide,61,225,0,Alive
2021,4,M. gigas,South ,TBOC,21,No Tide,62,1,1,Dead
2021,4,M. gigas,South ,TBOC,21,No Tide,62,2,1,Dead
2021,4,M. gigas,South ,TBOC,21,No Tide,62,3,1,Dead
2021,4,M. gigas,South ,TBOC,21,No Tide,62,4,1,Dead
2021,4,M. gigas,South ,TBOC,21,No Tide,62,5,1,Dead
2021,4,M. gigas,South ,TBOC,21,No Tide,62,6,1,Dead
2021,4,M. gigas,South ,TBOC,21,No Tide,62,7,1,Dead
2021,4,M. gigas,South ,TBOC,21,No Tide,62,8,1,Dead
2021,4,M. gigas,South ,TBOC,21,No Tide,62,9,1,Dead
2021,4,M. gigas,South ,TBOC,21,No Tide,62,10,1,Dead
2021,4,M. gigas,South ,TBOC,21,No Tide,62,11,1,Dead
2021,4,M. gigas,South ,TBOC,21,No Tide,62,12,1,Dead
2021,4,M. gigas,South ,TBOC,21,No Tide,62,13,1,Dead
2021,4,M. gigas,South ,TBOC,21,No Tide,62,14,1,Dead
2021,4,M. gigas,South ,TBOC,21,No Tide,62,15,1,Dead
2021,4,M. gigas,South ,TBOC,21,No Tide,62,16,1,Dead
2021,4,M. gigas,South ,TBOC,21,No Tide,62,17,1,Dead
2021,4,M. gigas,South ,TBOC,21,No Tide,62,18,0,Alive
2021,4,M. gigas,South ,TBOC,21,No Tide,62,19,0,Alive
2021,4,M. gigas,South ,TBOC,21,No Tide,62,20,0,Alive
2021,4,M. gigas,South ,TBOC,21,No Tide,62,21,0,Alive
2021,4,M. gigas,South ,TBOC,21,No Tide,62,22,0,Alive
2021,4,M. gigas,South ,TBOC,21,No Tide,62,23,0,Alive
2021,4,M. gigas,South ,TBOC,21,No Tide,62,24,0,Alive
2021,4,M. gigas,South ,TBOC,21,No Tide,62,25,0,Alive
2021,4,M. gigas,South ,TBOC,21,No Tide,62,26,0,Alive
2021,4,M. gigas,South ,TBOC,21,No Tide,62,27,0,Alive
2021,4,M. gigas,South ,TBOC,21,No Tide,62,28,0,Alive
2021,4,M. gigas,South ,TBOC,21,No Tide,62,29,0,Alive
2021,4,M. gigas,South ,TBOC,21,No Tide,62,30,0,Alive
2021,4,M. gigas,South ,TBOC,21,No Tide,62,31,0,Alive
2021,4,M. gigas,South ,TBOC,21,No Tide,62,32,0,Alive
2021,4,M. gigas,South ,TBOC,21,No Tide,62,33,0,Alive
2021,4,M. gigas,South ,TBOC,21,No Tide,62,34,0,Alive
2021,4,M. gigas,South ,TBOC,21,No Tide,62,35,0,Alive
2021,4,M. gigas,South ,TBOC,21,No Tide,62,36,0,Alive
2021,4,M. gigas,South ,TBOC,21,No Tide,62,37,0,Alive
2021,4,M. gigas,South ,TBOC,21,No Tide,62,38,0,Alive
2021,4,M. gigas,South ,TBOC,21,No Tide,62,39,0,Alive
2021,4,M. gigas,South ,TBOC,21,No Tide,62,40,0,Alive
2021,4,M. gigas,South ,TBOC,21,No Tide,62,41,0,Alive
2021,4,M. gigas,South ,TBOC,21,No Tide,62,42,0,Alive
2021,4,M. gigas,South ,TBOC,21,No Tide,62,43,0,Alive
2021,4,M. gigas,South ,TBOC,21,No Tide,62,44,0,Alive
2021,4,M. gigas,South ,TBOC,21,No Tide,62,45,0,Alive
2021,4,M. gigas,South ,TBOC,21,No Tide,62,46,0,Alive
2021,4,M. gigas,South ,TBOC,21,No Tide,62,47,0,Alive
2021,4,M. gigas,South ,TBOC,21,No Tide,62,48,0,Alive
2021,4,M. gigas,South ,TBOC,21,No Tide,62,49,0,Alive
2021,4,M. gigas,South ,TBOC,21,No Tide,62,50,0,Alive
2021,4,M. gigas,South ,TBOC,21,No Tide,62,51,0,Alive
2021,4,M. gigas,South ,TBOC,21,No Tide,62,52,0,Alive
2021,4,M. gigas,South ,TBOC,21,No Tide,62,53,0,Alive
2021,4,M. gigas,South ,TBOC,21,No Tide,62,54,0,Alive
2021,4,M. gigas,South ,TBOC,21,No Tide,62,55,0,Alive
2021,4,M. gigas,South ,TBOC,21,No Tide,62,56,0,Alive
2021,4,M. gigas,South ,TBOC,21,No Tide,62,57,0,Alive
2021,4,M. gigas,South ,TBOC,21,No Tide,62,58,0,Alive
2021,4,M. gigas,South ,TBOC,21,No Tide,62,59,0,Alive
2021,4,M. gigas,South ,TBOC,21,No Tide,62,60,0,Alive
2021,4,M. gigas,South ,TBOC,21,No Tide,62,61,0,Alive
2021,4,M. gigas,South ,TBOC,21,No Tide,62,62,0,Alive
2021,4,M. gigas,South ,TBOC,21,No Tide,62,63,0,Alive
2021,4,M. gigas,South ,TBOC,21,No Tide,62,64,0,Alive
2021,4,M. gigas,South ,TBOC,21,No Tide,62,65,0,Alive
2021,4,M. gigas,South ,TBOC,21,No Tide,62,66,0,Alive
2021,4,M. gigas,South ,TBOC,21,No Tide,62,67,0,Alive
2021,4,M. gigas,South ,TBOC,21,No Tide,62,68,0,Alive
2021,4,M. gigas,South ,TBOC,21,No Tide,62,69,0,Alive
2021,4,M. gigas,South ,TBOC,21,No Tide,62,70,0,Alive
2021,4,M. gigas,South ,TBOC,21,No Tide,62,71,0,Alive
2021,4,M. gigas,South ,TBOC,21,No Tide,62,72,0,Alive
2021,4,M. gigas,South ,TBOC,21,No Tide,62,73,0,Alive
2021,4,M. gigas,South ,TBOC,21,No Tide,62,74,0,Alive
2021,4,M. gigas,South ,TBOC,21,No Tide,62,75,0,Alive
2021,4,M. gigas,South ,TBOC,21,No Tide,62,76,0,Alive
2021,4,M. gigas,South ,TBOC,21,No Tide,62,77,0,Alive
2021,4,M. gigas,South ,TBOC,21,No Tide,62,78,0,Alive
2021,4,M. gigas,South ,TBOC,21,No Tide,62,79,0,Alive
2021,4,M. gigas,South ,TBOC,21,No Tide,62,80,0,Alive
2021,4,M. gigas,South ,TBOC,21,No Tide,62,81,0,Alive
2021,4,M. gigas,South ,TBOC,21,No Tide,62,82,0,Alive
2021,4,M. gigas,South ,TBOC,21,No Tide,62,83,0,Alive
2021,4,M. gigas,South ,TBOC,21,No Tide,62,84,0,Alive
2021,4,M. gigas,South ,TBOC,21,No Tide,62,85,0,Alive
2021,4,M. gigas,South ,TBOC,21,No Tide,62,86,0,Alive
2021,4,M. gigas,South ,TBOC,21,No Tide,62,87,0,Alive
2021,4,M. gigas,South ,TBOC,21,No Tide,62,88,0,Alive
2021,4,M. gigas,South ,TBOC,21,No Tide,62,89,0,Alive
2021,4,M. gigas,South ,TBOC,21,No Tide,62,90,0,Alive
2021,4,M. gigas,South ,TBOC,21,No Tide,62,91,0,Alive
2021,4,M. gigas,South ,TBOC,21,No Tide,62,92,0,Alive
2021,4,M. gigas,South ,TBOC,21,No Tide,62,93,0,Alive
2021,4,M. gigas,South ,TBOC,21,No Tide,62,94,0,Alive
2021,4,M. gigas,South ,TBOC,21,No Tide,62,95,0,Alive
2021,4,M. gigas,South ,TBOC,21,No Tide,62,96,0,Alive
2021,4,M. gigas,South ,TBOC,21,No Tide,62,97,0,Alive
2021,4,M. gigas,South ,TBOC,21,No Tide,62,98,0,Alive
2021,4,M. gigas,South ,TBOC,21,No Tide,62,99,0,Alive
2021,4,M. gigas,South ,TBOC,21,No Tide,62,100,0,Alive
2021,4,M. gigas,South ,TBOC,21,No Tide,62,101,0,Alive
2021,4,M. gigas,South ,TBOC,21,No Tide,62,102,0,Alive
2021,4,M. gigas,South ,TBOC,21,No Tide,62,103,0,Alive
2021,4,M. gigas,South ,TBOC,21,No Tide,62,104,0,Alive
2021,4,M. gigas,South ,TBOC,21,No Tide,62,105,0,Alive
2021,4,M. gigas,South ,TBOC,21,No Tide,62,106,0,Alive
2021,4,M. gigas,South ,TBOC,21,No Tide,62,107,0,Alive
2021,4,M. gigas,South ,TBOC,21,No Tide,62,108,0,Alive
2021,4,M. gigas,South ,TBOC,21,No Tide,62,109,0,Alive
2021,4,M. gigas,South ,TBOC,21,No Tide,62,110,0,Alive
2021,4,M. gigas,South ,TBOC,21,No Tide,62,111,0,Alive
2021,4,M. gigas,South ,TBOC,21,No Tide,62,112,0,Alive
2021,4,M. gigas,South ,TBOC,21,No Tide,62,113,0,Alive
2021,4,M. gigas,South ,TBOC,21,No Tide,62,114,0,Alive
2021,4,M. gigas,South ,TBOC,21,No Tide,62,115,0,Alive
2021,4,M. gigas,South ,TBOC,21,No Tide,62,116,0,Alive
2021,4,M. gigas,South ,TBOC,21,No Tide,62,117,0,Alive
2021,4,M. gigas,South ,TBOC,21,No Tide,62,118,0,Alive
2021,4,M. gigas,South ,TBOC,21,No Tide,62,119,0,Alive
2021,4,M. gigas,South ,TBOC,21,No Tide,62,120,0,Alive
2021,4,M. gigas,South ,TBOC,21,No Tide,62,121,0,Alive
2021,4,M. gigas,South ,TBOC,21,No Tide,62,122,0,Alive
2021,4,M. gigas,South ,TBOC,21,No Tide,62,123,0,Alive
2021,4,M. gigas,South ,TBOC,21,No Tide,62,124,0,Alive
2021,4,M. gigas,South ,TBOC,21,No Tide,62,125,0,Alive
2021,4,M. gigas,South ,TBOC,21,No Tide,62,126,0,Alive
2021,4,M. gigas,South ,TBOC,21,No Tide,62,127,0,Alive
2021,4,M. gigas,South ,TBOC,21,No Tide,62,128,0,Alive
2021,4,M. gigas,South ,TBOC,21,No Tide,62,129,0,Alive
2021,4,M. gigas,South ,TBOC,21,No Tide,62,130,0,Alive
2021,4,M. gigas,South ,TBOC,21,No Tide,62,131,0,Alive
2021,4,M. gigas,South ,TBOC,21,No Tide,62,132,0,Alive
2021,4,M. gigas,South ,TBOC,21,No Tide,62,133,0,Alive
2021,4,M. gigas,South ,TBOC,21,No Tide,62,134,0,Alive
2021,4,M. gigas,South ,TBOC,21,No Tide,62,135,0,Alive
2021,4,M. gigas,South ,TBOC,21,No Tide,62,136,0,Alive
2021,4,M. gigas,South ,TBOC,21,No Tide,62,137,0,Alive
2021,4,M. gigas,South ,TBOC,21,No Tide,62,138,0,Alive
2021,4,M. gigas,South ,TBOC,21,No Tide,62,139,0,Alive
2021,4,M. gigas,South ,TBOC,21,No Tide,62,140,0,Alive
2021,4,M. gigas,South ,TBOC,21,No Tide,62,141,0,Alive
2021,4,M. gigas,South ,TBOC,21,No Tide,62,142,0,Alive
2021,4,M. gigas,South ,TBOC,21,No Tide,62,143,0,Alive
2021,4,M. gigas,South ,TBOC,21,No Tide,62,144,0,Alive
2021,4,M. gigas,South ,TBOC,21,No Tide,62,145,0,Alive
2021,4,M. gigas,South ,TBOC,21,No Tide,62,146,0,Alive
2021,4,M. gigas,South ,TBOC,21,No Tide,62,147,0,Alive
2021,4,M. gigas,South ,TBOC,21,No Tide,62,148,0,Alive
2021,4,M. gigas,South ,TBOC,21,No Tide,62,149,0,Alive
2021,4,M. gigas,South ,TBOC,21,No Tide,62,150,0,Alive
2021,4,M. gigas,South ,TBOC,21,No Tide,62,151,0,Alive
2021,4,M. gigas,South ,TBOC,21,No Tide,62,152,0,Alive
2021,4,M. gigas,South ,TBOC,21,No Tide,62,153,0,Alive
2021,4,M. gigas,South ,TBOC,21,No Tide,62,154,0,Alive
2021,4,M. gigas,South ,TBOC,21,No Tide,62,155,0,Alive
2021,4,M. gigas,South ,TBOC,21,No Tide,62,156,0,Alive
2021,4,M. gigas,South ,TBOC,21,No Tide,62,157,0,Alive
2021,4,M. gigas,South ,TBOC,21,No Tide,62,158,0,Alive
2021,4,M. gigas,South ,TBOC,21,No Tide,62,159,0,Alive
2021,4,M. gigas,South ,TBOC,21,No Tide,62,160,0,Alive
2021,4,M. gigas,South ,TBOC,21,No Tide,62,161,0,Alive
2021,4,M. gigas,South ,TBOC,21,No Tide,62,162,0,Alive
2021,4,M. gigas,South ,TBOC,21,No Tide,62,163,0,Alive
2021,4,M. gigas,South ,TBOC,21,No Tide,62,164,0,Alive
2021,4,M. gigas,South ,TBOC,21,No Tide,62,165,0,Alive
2021,4,M. gigas,South ,TBOC,21,No Tide,62,166,0,Alive
2021,4,M. gigas,South ,TBOC,21,No Tide,62,167,0,Alive
2021,4,M. gigas,South ,TBOC,21,No Tide,62,168,0,Alive
2021,4,M. gigas,South ,TBOC,21,No Tide,62,169,0,Alive
2021,4,M. gigas,South ,TBOC,21,No Tide,62,170,0,Alive
2021,4,M. gigas,South ,TBOC,21,No Tide,62,171,0,Alive
2021,4,M. gigas,South ,TBOC,21,No Tide,62,172,0,Alive
2021,4,M. gigas,South ,TBOC,21,No Tide,62,173,0,Alive
2021,4,M. gigas,South ,TBOC,21,No Tide,62,174,0,Alive
2021,4,M. gigas,South ,TBOC,21,No Tide,62,175,0,Alive
2021,4,M. gigas,South ,TBOC,21,No Tide,62,176,0,Alive
2021,4,M. gigas,South ,TBOC,21,No Tide,62,177,0,Alive
2021,4,M. gigas,South ,TBOC,21,No Tide,62,178,0,Alive
2021,4,M. gigas,South ,TBOC,21,No Tide,62,179,0,Alive
2021,4,M. gigas,South ,TBOC,21,No Tide,62,180,0,Alive
2021,4,M. gigas,South ,TBOC,21,No Tide,62,181,0,Alive
2021,4,M. gigas,South ,TBOC,21,No Tide,62,182,0,Alive
2021,4,M. gigas,South ,TBOC,21,No Tide,62,183,0,Alive
2021,4,M. gigas,South ,TBOC,21,No Tide,62,184,0,Alive
2021,4,M. gigas,South ,TBOC,21,No Tide,62,185,0,Alive
2021,4,M. gigas,South ,TBOC,21,No Tide,62,186,0,Alive
2021,4,M. gigas,South ,TBOC,21,No Tide,62,187,0,Alive
2021,4,M. gigas,South ,TBOC,21,No Tide,62,188,0,Alive
2021,4,M. gigas,South ,TBOC,21,No Tide,62,189,0,Alive
2021,4,M. gigas,South ,TBOC,21,No Tide,62,190,0,Alive
2021,4,M. gigas,South ,TBOC,21,No Tide,62,191,0,Alive
2021,4,M. gigas,South ,TBOC,21,No Tide,62,192,0,Alive
2021,4,M. gigas,South ,TBOC,21,No Tide,62,193,0,Alive
2021,4,M. gigas,South ,TBOC,21,No Tide,62,194,0,Alive
2021,4,M. gigas,South ,TBOC,21,No Tide,62,195,0,Alive
2021,4,M. gigas,South ,TBOC,21,No Tide,62,196,0,Alive
2021,4,M. gigas,South ,TBOC,21,No Tide,62,197,0,Alive
2021,4,M. gigas,South ,TBOC,21,No Tide,62,198,0,Alive
2021,4,M. gigas,South ,TBOC,21,No Tide,62,199,0,Alive
2021,4,M. gigas,South ,TBOC,21,No Tide,62,200,0,Alive
2021,4,M. gigas,South ,TBOC,21,No Tide,62,201,0,Alive
2021,4,M. gigas,South ,TBOC,21,No Tide,62,202,0,Alive
2021,4,M. gigas,South ,TBOC,21,No Tide,62,203,0,Alive
2021,4,M. gigas,South ,TBOC,21,No Tide,62,204,0,Alive
2021,4,M. gigas,South ,TBOC,21,No Tide,62,205,0,Alive
2021,4,M. gigas,South ,TBOC,21,No Tide,62,206,0,Alive
2021,4,M. gigas,South ,TBOC,21,No Tide,62,207,0,Alive
2021,4,M. gigas,South ,TBOC,21,No Tide,62,208,0,Alive
2021,4,M. gigas,South ,TBOC,21,No Tide,62,209,0,Alive
2021,4,M. gigas,South ,TBOC,21,No Tide,62,210,0,Alive
2021,4,M. gigas,South ,TBOC,21,No Tide,62,211,0,Alive
2021,4,M. gigas,South ,TBOC,21,No Tide,62,212,0,Alive
2021,4,M. gigas,South ,TBOC,21,No Tide,62,213,0,Alive
2021,4,M. gigas,South ,TBOC,21,No Tide,62,214,0,Alive
2021,4,M. gigas,South ,TBOC,21,No Tide,62,215,0,Alive
2021,4,M. gigas,South ,TBOC,21,No Tide,62,216,0,Alive
2021,4,M. gigas,South ,TBOC,21,No Tide,62,217,0,Alive
2021,4,M. gigas,South ,TBOC,21,No Tide,62,218,0,Alive
2021,4,M. gigas,South ,TBOC,21,No Tide,62,219,0,Alive
2021,4,M. gigas,South ,TBOC,21,No Tide,62,220,0,Alive
2021,4,M. gigas,South ,TBOC,21,No Tide,62,221,0,Alive
2021,4,M. gigas,South ,TBOC,21,No Tide,62,222,0,Alive
2021,4,M. gigas,South ,TBOC,21,No Tide,62,223,0,Alive
2021,4,M. gigas,South ,TBOC,21,No Tide,62,224,0,Alive
2021,4,M. gigas,South ,TBOC,21,No Tide,62,225,0,Alive
2021,4,M. gigas,South ,TBOC,21,No Tide,63,1,1,Dead
2021,4,M. gigas,South ,TBOC,21,No Tide,63,2,1,Dead
2021,4,M. gigas,South ,TBOC,21,No Tide,63,3,1,Dead
2021,4,M. gigas,South ,TBOC,21,No Tide,63,4,1,Dead
2021,4,M. gigas,South ,TBOC,21,No Tide,63,5,1,Dead
2021,4,M. gigas,South ,TBOC,21,No Tide,63,6,1,Dead
2021,4,M. gigas,South ,TBOC,21,No Tide,63,7,1,Dead
2021,4,M. gigas,South ,TBOC,21,No Tide,63,8,1,Dead
2021,4,M. gigas,South ,TBOC,21,No Tide,63,9,1,Dead
2021,4,M. gigas,South ,TBOC,21,No Tide,63,10,1,Dead
2021,4,M. gigas,South ,TBOC,21,No Tide,63,11,1,Dead
2021,4,M. gigas,South ,TBOC,21,No Tide,63,12,1,Dead
2021,4,M. gigas,South ,TBOC,21,No Tide,63,13,1,Dead
2021,4,M. gigas,South ,TBOC,21,No Tide,63,14,0,Alive
2021,4,M. gigas,South ,TBOC,21,No Tide,63,15,0,Alive
2021,4,M. gigas,South ,TBOC,21,No Tide,63,16,0,Alive
2021,4,M. gigas,South ,TBOC,21,No Tide,63,17,0,Alive
2021,4,M. gigas,South ,TBOC,21,No Tide,63,18,0,Alive
2021,4,M. gigas,South ,TBOC,21,No Tide,63,19,0,Alive
2021,4,M. gigas,South ,TBOC,21,No Tide,63,20,0,Alive
2021,4,M. gigas,South ,TBOC,21,No Tide,63,21,0,Alive
2021,4,M. gigas,South ,TBOC,21,No Tide,63,22,0,Alive
2021,4,M. gigas,South ,TBOC,21,No Tide,63,23,0,Alive
2021,4,M. gigas,South ,TBOC,21,No Tide,63,24,0,Alive
2021,4,M. gigas,South ,TBOC,21,No Tide,63,25,0,Alive
2021,4,M. gigas,South ,TBOC,21,No Tide,63,26,0,Alive
2021,4,M. gigas,South ,TBOC,21,No Tide,63,27,0,Alive
2021,4,M. gigas,South ,TBOC,21,No Tide,63,28,0,Alive
2021,4,M. gigas,South ,TBOC,21,No Tide,63,29,0,Alive
2021,4,M. gigas,South ,TBOC,21,No Tide,63,30,0,Alive
2021,4,M. gigas,South ,TBOC,21,No Tide,63,31,0,Alive
2021,4,M. gigas,South ,TBOC,21,No Tide,63,32,0,Alive
2021,4,M. gigas,South ,TBOC,21,No Tide,63,33,0,Alive
2021,4,M. gigas,South ,TBOC,21,No Tide,63,34,0,Alive
2021,4,M. gigas,South ,TBOC,21,No Tide,63,35,0,Alive
2021,4,M. gigas,South ,TBOC,21,No Tide,63,36,0,Alive
2021,4,M. gigas,South ,TBOC,21,No Tide,63,37,0,Alive
2021,4,M. gigas,South ,TBOC,21,No Tide,63,38,0,Alive
2021,4,M. gigas,South ,TBOC,21,No Tide,63,39,0,Alive
2021,4,M. gigas,South ,TBOC,21,No Tide,63,40,0,Alive
2021,4,M. gigas,South ,TBOC,21,No Tide,63,41,0,Alive
2021,4,M. gigas,South ,TBOC,21,No Tide,63,42,0,Alive
2021,4,M. gigas,South ,TBOC,21,No Tide,63,43,0,Alive
2021,4,M. gigas,South ,TBOC,21,No Tide,63,44,0,Alive
2021,4,M. gigas,South ,TBOC,21,No Tide,63,45,0,Alive
2021,4,M. gigas,South ,TBOC,21,No Tide,63,46,0,Alive
2021,4,M. gigas,South ,TBOC,21,No Tide,63,47,0,Alive
2021,4,M. gigas,South ,TBOC,21,No Tide,63,48,0,Alive
2021,4,M. gigas,South ,TBOC,21,No Tide,63,49,0,Alive
2021,4,M. gigas,South ,TBOC,21,No Tide,63,50,0,Alive
2021,4,M. gigas,South ,TBOC,21,No Tide,63,51,0,Alive
2021,4,M. gigas,South ,TBOC,21,No Tide,63,52,0,Alive
2021,4,M. gigas,South ,TBOC,21,No Tide,63,53,0,Alive
2021,4,M. gigas,South ,TBOC,21,No Tide,63,54,0,Alive
2021,4,M. gigas,South ,TBOC,21,No Tide,63,55,0,Alive
2021,4,M. gigas,South ,TBOC,21,No Tide,63,56,0,Alive
2021,4,M. gigas,South ,TBOC,21,No Tide,63,57,0,Alive
2021,4,M. gigas,South ,TBOC,21,No Tide,63,58,0,Alive
2021,4,M. gigas,South ,TBOC,21,No Tide,63,59,0,Alive
2021,4,M. gigas,South ,TBOC,21,No Tide,63,60,0,Alive
2021,4,M. gigas,South ,TBOC,21,No Tide,63,61,0,Alive
2021,4,M. gigas,South ,TBOC,21,No Tide,63,62,0,Alive
2021,4,M. gigas,South ,TBOC,21,No Tide,63,63,0,Alive
2021,4,M. gigas,South ,TBOC,21,No Tide,63,64,0,Alive
2021,4,M. gigas,South ,TBOC,21,No Tide,63,65,0,Alive
2021,4,M. gigas,South ,TBOC,21,No Tide,63,66,0,Alive
2021,4,M. gigas,South ,TBOC,21,No Tide,63,67,0,Alive
2021,4,M. gigas,South ,TBOC,21,No Tide,63,68,0,Alive
2021,4,M. gigas,South ,TBOC,21,No Tide,63,69,0,Alive
2021,4,M. gigas,South ,TBOC,21,No Tide,63,70,0,Alive
2021,4,M. gigas,South ,TBOC,21,No Tide,63,71,0,Alive
2021,4,M. gigas,South ,TBOC,21,No Tide,63,72,0,Alive
2021,4,M. gigas,South ,TBOC,21,No Tide,63,73,0,Alive
2021,4,M. gigas,South ,TBOC,21,No Tide,63,74,0,Alive
2021,4,M. gigas,South ,TBOC,21,No Tide,63,75,0,Alive
2021,4,M. gigas,South ,TBOC,21,No Tide,63,76,0,Alive
2021,4,M. gigas,South ,TBOC,21,No Tide,63,77,0,Alive
2021,4,M. gigas,South ,TBOC,21,No Tide,63,78,0,Alive
2021,4,M. gigas,South ,TBOC,21,No Tide,63,79,0,Alive
2021,4,M. gigas,South ,TBOC,21,No Tide,63,80,0,Alive
2021,4,M. gigas,South ,TBOC,21,No Tide,63,81,0,Alive
2021,4,M. gigas,South ,TBOC,21,No Tide,63,82,0,Alive
2021,4,M. gigas,South ,TBOC,21,No Tide,63,83,0,Alive
2021,4,M. gigas,South ,TBOC,21,No Tide,63,84,0,Alive
2021,4,M. gigas,South ,TBOC,21,No Tide,63,85,0,Alive
2021,4,M. gigas,South ,TBOC,21,No Tide,63,86,0,Alive
2021,4,M. gigas,South ,TBOC,21,No Tide,63,87,0,Alive
2021,4,M. gigas,South ,TBOC,21,No Tide,63,88,0,Alive
2021,4,M. gigas,South ,TBOC,21,No Tide,63,89,0,Alive
2021,4,M. gigas,South ,TBOC,21,No Tide,63,90,0,Alive
2021,4,M. gigas,South ,TBOC,21,No Tide,63,91,0,Alive
2021,4,M. gigas,South ,TBOC,21,No Tide,63,92,0,Alive
2021,4,M. gigas,South ,TBOC,21,No Tide,63,93,0,Alive
2021,4,M. gigas,South ,TBOC,21,No Tide,63,94,0,Alive
2021,4,M. gigas,South ,TBOC,21,No Tide,63,95,0,Alive
2021,4,M. gigas,South ,TBOC,21,No Tide,63,96,0,Alive
2021,4,M. gigas,South ,TBOC,21,No Tide,63,97,0,Alive
2021,4,M. gigas,South ,TBOC,21,No Tide,63,98,0,Alive
2021,4,M. gigas,South ,TBOC,21,No Tide,63,99,0,Alive
2021,4,M. gigas,South ,TBOC,21,No Tide,63,100,0,Alive
2021,4,M. gigas,South ,TBOC,21,No Tide,63,101,0,Alive
2021,4,M. gigas,South ,TBOC,21,No Tide,63,102,0,Alive
2021,4,M. gigas,South ,TBOC,21,No Tide,63,103,0,Alive
2021,4,M. gigas,South ,TBOC,21,No Tide,63,104,0,Alive
2021,4,M. gigas,South ,TBOC,21,No Tide,63,105,0,Alive
2021,4,M. gigas,South ,TBOC,21,No Tide,63,106,0,Alive
2021,4,M. gigas,South ,TBOC,21,No Tide,63,107,0,Alive
2021,4,M. gigas,South ,TBOC,21,No Tide,63,108,0,Alive
2021,4,M. gigas,South ,TBOC,21,No Tide,63,109,0,Alive
2021,4,M. gigas,South ,TBOC,21,No Tide,63,110,0,Alive
2021,4,M. gigas,South ,TBOC,21,No Tide,63,111,0,Alive
2021,4,M. gigas,South ,TBOC,21,No Tide,63,112,0,Alive
2021,4,M. gigas,South ,TBOC,21,No Tide,63,113,0,Alive
2021,4,M. gigas,South ,TBOC,21,No Tide,63,114,0,Alive
2021,4,M. gigas,South ,TBOC,21,No Tide,63,115,0,Alive
2021,4,M. gigas,South ,TBOC,21,No Tide,63,116,0,Alive
2021,4,M. gigas,South ,TBOC,21,No Tide,63,117,0,Alive
2021,4,M. gigas,South ,TBOC,21,No Tide,63,118,0,Alive
2021,4,M. gigas,South ,TBOC,21,No Tide,63,119,0,Alive
2021,4,M. gigas,South ,TBOC,21,No Tide,63,120,0,Alive
2021,4,M. gigas,South ,TBOC,21,No Tide,63,121,0,Alive
2021,4,M. gigas,South ,TBOC,21,No Tide,63,122,0,Alive
2021,4,M. gigas,South ,TBOC,21,No Tide,63,123,0,Alive
2021,4,M. gigas,South ,TBOC,21,No Tide,63,124,0,Alive
2021,4,M. gigas,South ,TBOC,21,No Tide,63,125,0,Alive
2021,4,M. gigas,South ,TBOC,21,No Tide,63,126,0,Alive
2021,4,M. gigas,South ,TBOC,21,No Tide,63,127,0,Alive
2021,4,M. gigas,South ,TBOC,21,No Tide,63,128,0,Alive
2021,4,M. gigas,South ,TBOC,21,No Tide,63,129,0,Alive
2021,4,M. gigas,South ,TBOC,21,No Tide,63,130,0,Alive
2021,4,M. gigas,South ,TBOC,21,No Tide,63,131,0,Alive
2021,4,M. gigas,South ,TBOC,21,No Tide,63,132,0,Alive
2021,4,M. gigas,South ,TBOC,21,No Tide,63,133,0,Alive
2021,4,M. gigas,South ,TBOC,21,No Tide,63,134,0,Alive
2021,4,M. gigas,South ,TBOC,21,No Tide,63,135,0,Alive
2021,4,M. gigas,South ,TBOC,21,No Tide,63,136,0,Alive
2021,4,M. gigas,South ,TBOC,21,No Tide,63,137,0,Alive
2021,4,M. gigas,South ,TBOC,21,No Tide,63,138,0,Alive
2021,4,M. gigas,South ,TBOC,21,No Tide,63,139,0,Alive
2021,4,M. gigas,South ,TBOC,21,No Tide,63,140,0,Alive
2021,4,M. gigas,South ,TBOC,21,No Tide,63,141,0,Alive
2021,4,M. gigas,South ,TBOC,21,No Tide,63,142,0,Alive
2021,4,M. gigas,South ,TBOC,21,No Tide,63,143,0,Alive
2021,4,M. gigas,South ,TBOC,21,No Tide,63,144,0,Alive
2021,4,M. gigas,South ,TBOC,21,No Tide,63,145,0,Alive
2021,4,M. gigas,South ,TBOC,21,No Tide,63,146,0,Alive
2021,4,M. gigas,South ,TBOC,21,No Tide,63,147,0,Alive
2021,4,M. gigas,South ,TBOC,21,No Tide,63,148,0,Alive
2021,4,M. gigas,South ,TBOC,21,No Tide,63,149,0,Alive
2021,4,M. gigas,South ,TBOC,21,No Tide,63,150,0,Alive
2021,4,M. gigas,South ,TBOC,21,No Tide,63,151,0,Alive
2021,4,M. gigas,South ,TBOC,21,No Tide,63,152,0,Alive
2021,4,M. gigas,South ,TBOC,21,No Tide,63,153,0,Alive
2021,4,M. gigas,South ,TBOC,21,No Tide,63,154,0,Alive
2021,4,M. gigas,South ,TBOC,21,No Tide,63,155,0,Alive
2021,4,M. gigas,South ,TBOC,21,No Tide,63,156,0,Alive
2021,4,M. gigas,South ,TBOC,21,No Tide,63,157,0,Alive
2021,4,M. gigas,South ,TBOC,21,No Tide,63,158,0,Alive
2021,4,M. gigas,South ,TBOC,21,No Tide,63,159,0,Alive
2021,4,M. gigas,South ,TBOC,21,No Tide,63,160,0,Alive
2021,4,M. gigas,South ,TBOC,21,No Tide,63,161,0,Alive
2021,4,M. gigas,South ,TBOC,21,No Tide,63,162,0,Alive
2021,4,M. gigas,South ,TBOC,21,No Tide,63,163,0,Alive
2021,4,M. gigas,South ,TBOC,21,No Tide,63,164,0,Alive
2021,4,M. gigas,South ,TBOC,21,No Tide,63,165,0,Alive
2021,4,M. gigas,South ,TBOC,21,No Tide,63,166,0,Alive
2021,4,M. gigas,South ,TBOC,21,No Tide,63,167,0,Alive
2021,4,M. gigas,South ,TBOC,21,No Tide,63,168,0,Alive
2021,4,M. gigas,South ,TBOC,21,No Tide,63,169,0,Alive
2021,4,M. gigas,South ,TBOC,21,No Tide,63,170,0,Alive
2021,4,M. gigas,South ,TBOC,21,No Tide,63,171,0,Alive
2021,4,M. gigas,South ,TBOC,21,No Tide,63,172,0,Alive
2021,4,M. gigas,South ,TBOC,21,No Tide,63,173,0,Alive
2021,4,M. gigas,South ,TBOC,21,No Tide,63,174,0,Alive
2021,4,M. gigas,South ,TBOC,21,No Tide,63,175,0,Alive
2021,4,M. gigas,South ,TBOC,21,No Tide,63,176,0,Alive
2021,4,M. gigas,South ,TBOC,21,No Tide,63,177,0,Alive
2021,4,M. gigas,South ,TBOC,21,No Tide,63,178,0,Alive
2021,4,M. gigas,South ,TBOC,21,No Tide,63,179,0,Alive
2021,4,M. gigas,South ,TBOC,21,No Tide,63,180,0,Alive
2021,4,M. gigas,South ,TBOC,21,No Tide,63,181,0,Alive
2021,4,M. gigas,South ,TBOC,21,No Tide,63,182,0,Alive
2021,4,M. gigas,South ,TBOC,21,No Tide,63,183,0,Alive
2021,4,M. gigas,South ,TBOC,21,No Tide,63,184,0,Alive
2021,4,M. gigas,South ,TBOC,21,No Tide,63,185,0,Alive
2021,4,M. gigas,South ,TBOC,21,No Tide,63,186,0,Alive
2021,4,M. gigas,South ,TBOC,21,No Tide,63,187,0,Alive
2021,4,M. gigas,South ,TBOC,21,No Tide,63,188,0,Alive
2021,4,M. gigas,South ,TBOC,21,No Tide,63,189,0,Alive
2021,4,M. gigas,South ,TBOC,21,No Tide,63,190,0,Alive
2021,4,M. gigas,South ,TBOC,21,No Tide,63,191,0,Alive
2021,4,M. gigas,South ,TBOC,21,No Tide,63,192,0,Alive
2021,4,M. gigas,South ,TBOC,21,No Tide,63,193,0,Alive
2021,4,M. gigas,South ,TBOC,21,No Tide,63,194,0,Alive
2021,4,M. gigas,South ,TBOC,21,No Tide,63,195,0,Alive
2021,4,M. gigas,South ,TBOC,21,No Tide,63,196,0,Alive
2021,4,M. gigas,South ,TBOC,21,No Tide,63,197,0,Alive
2021,4,M. gigas,South ,TBOC,21,No Tide,63,198,0,Alive
2021,4,M. gigas,South ,TBOC,21,No Tide,63,199,0,Alive
2021,4,M. gigas,South ,TBOC,21,No Tide,63,200,0,Alive
2021,4,M. gigas,South ,TBOC,21,No Tide,63,201,0,Alive
2021,4,M. gigas,South ,TBOC,21,No Tide,63,202,0,Alive
2021,4,M. gigas,South ,TBOC,21,No Tide,63,203,0,Alive
2021,4,M. gigas,South ,TBOC,21,No Tide,63,204,0,Alive
2021,4,M. gigas,South ,TBOC,21,No Tide,63,205,0,Alive
2021,4,M. gigas,South ,TBOC,21,No Tide,63,206,0,Alive
2021,4,M. gigas,South ,TBOC,21,No Tide,63,207,0,Alive
2021,4,M. gigas,South ,TBOC,21,No Tide,63,208,0,Alive
2021,4,M. gigas,South ,TBOC,21,No Tide,63,209,0,Alive
2021,4,M. gigas,South ,TBOC,21,No Tide,63,210,0,Alive
2021,4,M. gigas,South ,TBOC,21,No Tide,63,211,0,Alive
2021,4,M. gigas,South ,TBOC,21,No Tide,63,212,0,Alive
2021,4,M. gigas,South ,TBOC,21,No Tide,63,213,0,Alive
2021,4,M. gigas,South ,TBOC,21,No Tide,63,214,0,Alive
2021,4,M. gigas,South ,TBOC,21,No Tide,63,215,0,Alive
2021,4,M. gigas,South ,TBOC,21,No Tide,63,216,0,Alive
2021,4,M. gigas,South ,TBOC,21,No Tide,63,217,0,Alive
2021,4,M. gigas,South ,TBOC,21,No Tide,63,218,0,Alive
2021,4,M. gigas,South ,TBOC,21,No Tide,63,219,0,Alive
2021,4,M. gigas,South ,TBOC,21,No Tide,63,220,0,Alive
2021,4,M. gigas,South ,TBOC,21,No Tide,63,221,0,Alive
2021,4,M. gigas,South ,TBOC,21,No Tide,63,222,0,Alive
2021,4,M. gigas,South ,TBOC,21,No Tide,63,223,0,Alive
2021,4,M. gigas,South ,TBOC,21,No Tide,63,224,0,Alive
2021,4,M. gigas,South ,TBOC,21,No Tide,63,225,0,Alive
2021,4,M. gigas,South ,TBOC,15-16,No Tide,64,1,1,Dead
2021,4,M. gigas,South ,TBOC,15-16,No Tide,64,2,1,Dead
2021,4,M. gigas,South ,TBOC,15-16,No Tide,64,3,1,Dead
2021,4,M. gigas,South ,TBOC,15-16,No Tide,64,4,1,Dead
2021,4,M. gigas,South ,TBOC,15-16,No Tide,64,5,1,Dead
2021,4,M. gigas,South ,TBOC,15-16,No Tide,64,6,0,Alive
2021,4,M. gigas,South ,TBOC,15-16,No Tide,64,7,0,Alive
2021,4,M. gigas,South ,TBOC,15-16,No Tide,64,8,0,Alive
2021,4,M. gigas,South ,TBOC,15-16,No Tide,64,9,0,Alive
2021,4,M. gigas,South ,TBOC,15-16,No Tide,64,10,0,Alive
2021,4,M. gigas,South ,TBOC,15-16,No Tide,64,11,0,Alive
2021,4,M. gigas,South ,TBOC,15-16,No Tide,64,12,0,Alive
2021,4,M. gigas,South ,TBOC,15-16,No Tide,64,13,0,Alive
2021,4,M. gigas,South ,TBOC,15-16,No Tide,64,14,0,Alive
2021,4,M. gigas,South ,TBOC,15-16,No Tide,64,15,0,Alive
2021,4,M. gigas,South ,TBOC,15-16,No Tide,64,16,0,Alive
2021,4,M. gigas,South ,TBOC,15-16,No Tide,64,17,0,Alive
2021,4,M. gigas,South ,TBOC,15-16,No Tide,64,18,0,Alive
2021,4,M. gigas,South ,TBOC,15-16,No Tide,64,19,0,Alive
2021,4,M. gigas,South ,TBOC,15-16,No Tide,64,20,0,Alive
2021,4,M. gigas,South ,TBOC,15-16,No Tide,64,21,0,Alive
2021,4,M. gigas,South ,TBOC,15-16,No Tide,64,22,0,Alive
2021,4,M. gigas,South ,TBOC,15-16,No Tide,64,23,0,Alive
2021,4,M. gigas,South ,TBOC,15-16,No Tide,64,24,0,Alive
2021,4,M. gigas,South ,TBOC,15-16,No Tide,64,25,0,Alive
2021,4,M. gigas,South ,TBOC,15-16,No Tide,64,26,0,Alive
2021,4,M. gigas,South ,TBOC,15-16,No Tide,64,27,0,Alive
2021,4,M. gigas,South ,TBOC,15-16,No Tide,64,28,0,Alive
2021,4,M. gigas,South ,TBOC,15-16,No Tide,64,29,0,Alive
2021,4,M. gigas,South ,TBOC,15-16,No Tide,64,30,0,Alive
2021,4,M. gigas,South ,TBOC,15-16,No Tide,64,31,0,Alive
2021,4,M. gigas,South ,TBOC,15-16,No Tide,64,32,0,Alive
2021,4,M. gigas,South ,TBOC,15-16,No Tide,64,33,0,Alive
2021,4,M. gigas,South ,TBOC,15-16,No Tide,64,34,0,Alive
2021,4,M. gigas,South ,TBOC,15-16,No Tide,64,35,0,Alive
2021,4,M. gigas,South ,TBOC,15-16,No Tide,64,36,0,Alive
2021,4,M. gigas,South ,TBOC,15-16,No Tide,64,37,0,Alive
2021,4,M. gigas,South ,TBOC,15-16,No Tide,64,38,0,Alive
2021,4,M. gigas,South ,TBOC,15-16,No Tide,64,39,0,Alive
2021,4,M. gigas,South ,TBOC,15-16,No Tide,64,40,0,Alive
2021,4,M. gigas,South ,TBOC,15-16,No Tide,64,41,0,Alive
2021,4,M. gigas,South ,TBOC,15-16,No Tide,64,42,0,Alive
2021,4,M. gigas,South ,TBOC,15-16,No Tide,64,43,0,Alive
2021,4,M. gigas,South ,TBOC,15-16,No Tide,64,44,0,Alive
2021,4,M. gigas,South ,TBOC,15-16,No Tide,64,45,0,Alive
2021,4,M. gigas,South ,TBOC,15-16,No Tide,64,46,0,Alive
2021,4,M. gigas,South ,TBOC,15-16,No Tide,64,47,0,Alive
2021,4,M. gigas,South ,TBOC,15-16,No Tide,64,48,0,Alive
2021,4,M. gigas,South ,TBOC,15-16,No Tide,64,49,0,Alive
2021,4,M. gigas,South ,TBOC,15-16,No Tide,64,50,0,Alive
2021,4,M. gigas,South ,TBOC,15-16,No Tide,64,51,0,Alive
2021,4,M. gigas,South ,TBOC,15-16,No Tide,64,52,0,Alive
2021,4,M. gigas,South ,TBOC,15-16,No Tide,64,53,0,Alive
2021,4,M. gigas,South ,TBOC,15-16,No Tide,64,54,0,Alive
2021,4,M. gigas,South ,TBOC,15-16,No Tide,64,55,0,Alive
2021,4,M. gigas,South ,TBOC,15-16,No Tide,64,56,0,Alive
2021,4,M. gigas,South ,TBOC,15-16,No Tide,64,57,0,Alive
2021,4,M. gigas,South ,TBOC,15-16,No Tide,64,58,0,Alive
2021,4,M. gigas,South ,TBOC,15-16,No Tide,64,59,0,Alive
2021,4,M. gigas,South ,TBOC,15-16,No Tide,64,60,0,Alive
2021,4,M. gigas,South ,TBOC,15-16,No Tide,64,61,0,Alive
2021,4,M. gigas,South ,TBOC,15-16,No Tide,64,62,0,Alive
2021,4,M. gigas,South ,TBOC,15-16,No Tide,64,63,0,Alive
2021,4,M. gigas,South ,TBOC,15-16,No Tide,64,64,0,Alive
2021,4,M. gigas,South ,TBOC,15-16,No Tide,64,65,0,Alive
2021,4,M. gigas,South ,TBOC,15-16,No Tide,64,66,0,Alive
2021,4,M. gigas,South ,TBOC,15-16,No Tide,64,67,0,Alive
2021,4,M. gigas,South ,TBOC,15-16,No Tide,64,68,0,Alive
2021,4,M. gigas,South ,TBOC,15-16,No Tide,64,69,0,Alive
2021,4,M. gigas,South ,TBOC,15-16,No Tide,64,70,0,Alive
2021,4,M. gigas,South ,TBOC,15-16,No Tide,64,71,0,Alive
2021,4,M. gigas,South ,TBOC,15-16,No Tide,64,72,0,Alive
2021,4,M. gigas,South ,TBOC,15-16,No Tide,64,73,0,Alive
2021,4,M. gigas,South ,TBOC,15-16,No Tide,64,74,0,Alive
2021,4,M. gigas,South ,TBOC,15-16,No Tide,64,75,0,Alive
2021,4,M. gigas,South ,TBOC,15-16,No Tide,64,76,0,Alive
2021,4,M. gigas,South ,TBOC,15-16,No Tide,64,77,0,Alive
2021,4,M. gigas,South ,TBOC,15-16,No Tide,64,78,0,Alive
2021,4,M. gigas,South ,TBOC,15-16,No Tide,64,79,0,Alive
2021,4,M. gigas,South ,TBOC,15-16,No Tide,64,80,0,Alive
2021,4,M. gigas,South ,TBOC,15-16,No Tide,64,81,0,Alive
2021,4,M. gigas,South ,TBOC,15-16,No Tide,64,82,0,Alive
2021,4,M. gigas,South ,TBOC,15-16,No Tide,64,83,0,Alive
2021,4,M. gigas,South ,TBOC,15-16,No Tide,64,84,0,Alive
2021,4,M. gigas,South ,TBOC,15-16,No Tide,64,85,0,Alive
2021,4,M. gigas,South ,TBOC,15-16,No Tide,64,86,0,Alive
2021,4,M. gigas,South ,TBOC,15-16,No Tide,64,87,0,Alive
2021,4,M. gigas,South ,TBOC,15-16,No Tide,64,88,0,Alive
2021,4,M. gigas,South ,TBOC,15-16,No Tide,64,89,0,Alive
2021,4,M. gigas,South ,TBOC,15-16,No Tide,64,90,0,Alive
2021,4,M. gigas,South ,TBOC,15-16,No Tide,64,91,0,Alive
2021,4,M. gigas,South ,TBOC,15-16,No Tide,64,92,0,Alive
2021,4,M. gigas,South ,TBOC,15-16,No Tide,64,93,0,Alive
2021,4,M. gigas,South ,TBOC,15-16,No Tide,64,94,0,Alive
2021,4,M. gigas,South ,TBOC,15-16,No Tide,64,95,0,Alive
2021,4,M. gigas,South ,TBOC,15-16,No Tide,64,96,0,Alive
2021,4,M. gigas,South ,TBOC,15-16,No Tide,64,97,0,Alive
2021,4,M. gigas,South ,TBOC,15-16,No Tide,64,98,0,Alive
2021,4,M. gigas,South ,TBOC,15-16,No Tide,64,99,0,Alive
2021,4,M. gigas,South ,TBOC,15-16,No Tide,64,100,0,Alive
2021,4,M. gigas,South ,TBOC,15-16,No Tide,64,101,0,Alive
2021,4,M. gigas,South ,TBOC,15-16,No Tide,64,102,0,Alive
2021,4,M. gigas,South ,TBOC,15-16,No Tide,64,103,0,Alive
2021,4,M. gigas,South ,TBOC,15-16,No Tide,64,104,0,Alive
2021,4,M. gigas,South ,TBOC,15-16,No Tide,64,105,0,Alive
2021,4,M. gigas,South ,TBOC,15-16,No Tide,64,106,0,Alive
2021,4,M. gigas,South ,TBOC,15-16,No Tide,64,107,0,Alive
2021,4,M. gigas,South ,TBOC,15-16,No Tide,64,108,0,Alive
2021,4,M. gigas,South ,TBOC,15-16,No Tide,64,109,0,Alive
2021,4,M. gigas,South ,TBOC,15-16,No Tide,64,110,0,Alive
2021,4,M. gigas,South ,TBOC,15-16,No Tide,64,111,0,Alive
2021,4,M. gigas,South ,TBOC,15-16,No Tide,64,112,0,Alive
2021,4,M. gigas,South ,TBOC,15-16,No Tide,64,113,0,Alive
2021,4,M. gigas,South ,TBOC,15-16,No Tide,64,114,0,Alive
2021,4,M. gigas,South ,TBOC,15-16,No Tide,64,115,0,Alive
2021,4,M. gigas,South ,TBOC,15-16,No Tide,64,116,0,Alive
2021,4,M. gigas,South ,TBOC,15-16,No Tide,64,117,0,Alive
2021,4,M. gigas,South ,TBOC,15-16,No Tide,64,118,0,Alive
2021,4,M. gigas,South ,TBOC,15-16,No Tide,64,119,0,Alive
2021,4,M. gigas,South ,TBOC,15-16,No Tide,64,120,0,Alive
2021,4,M. gigas,South ,TBOC,15-16,No Tide,64,121,0,Alive
2021,4,M. gigas,South ,TBOC,15-16,No Tide,64,122,0,Alive
2021,4,M. gigas,South ,TBOC,15-16,No Tide,64,123,0,Alive
2021,4,M. gigas,South ,TBOC,15-16,No Tide,64,124,0,Alive
2021,4,M. gigas,South ,TBOC,15-16,No Tide,64,125,0,Alive
2021,4,M. gigas,South ,TBOC,15-16,No Tide,64,126,0,Alive
2021,4,M. gigas,South ,TBOC,15-16,No Tide,64,127,0,Alive
2021,4,M. gigas,South ,TBOC,15-16,No Tide,64,128,0,Alive
2021,4,M. gigas,South ,TBOC,15-16,No Tide,64,129,0,Alive
2021,4,M. gigas,South ,TBOC,15-16,No Tide,64,130,0,Alive
2021,4,M. gigas,South ,TBOC,15-16,No Tide,64,131,0,Alive
2021,4,M. gigas,South ,TBOC,15-16,No Tide,64,132,0,Alive
2021,4,M. gigas,South ,TBOC,15-16,No Tide,64,133,0,Alive
2021,4,M. gigas,South ,TBOC,15-16,No Tide,64,134,0,Alive
2021,4,M. gigas,South ,TBOC,15-16,No Tide,64,135,0,Alive
2021,4,M. gigas,South ,TBOC,15-16,No Tide,64,136,0,Alive
2021,4,M. gigas,South ,TBOC,15-16,No Tide,64,137,0,Alive
2021,4,M. gigas,South ,TBOC,15-16,No Tide,64,138,0,Alive
2021,4,M. gigas,South ,TBOC,15-16,No Tide,64,139,0,Alive
2021,4,M. gigas,South ,TBOC,15-16,No Tide,64,140,0,Alive
2021,4,M. gigas,South ,TBOC,15-16,No Tide,64,141,0,Alive
2021,4,M. gigas,South ,TBOC,15-16,No Tide,64,142,0,Alive
2021,4,M. gigas,South ,TBOC,15-16,No Tide,64,143,0,Alive
2021,4,M. gigas,South ,TBOC,15-16,No Tide,64,144,0,Alive
2021,4,M. gigas,South ,TBOC,15-16,No Tide,64,145,0,Alive
2021,4,M. gigas,South ,TBOC,15-16,No Tide,64,146,0,Alive
2021,4,M. gigas,South ,TBOC,15-16,No Tide,64,147,0,Alive
2021,4,M. gigas,South ,TBOC,15-16,No Tide,64,148,0,Alive
2021,4,M. gigas,South ,TBOC,15-16,No Tide,64,149,0,Alive
2021,4,M. gigas,South ,TBOC,15-16,No Tide,64,150,0,Alive
2021,4,M. gigas,South ,TBOC,15-16,No Tide,64,151,0,Alive
2021,4,M. gigas,South ,TBOC,15-16,No Tide,64,152,0,Alive
2021,4,M. gigas,South ,TBOC,15-16,No Tide,64,153,0,Alive
2021,4,M. gigas,South ,TBOC,15-16,No Tide,64,154,0,Alive
2021,4,M. gigas,South ,TBOC,15-16,No Tide,64,155,0,Alive
2021,4,M. gigas,South ,TBOC,15-16,No Tide,64,156,0,Alive
2021,4,M. gigas,South ,TBOC,15-16,No Tide,64,157,0,Alive
2021,4,M. gigas,South ,TBOC,15-16,No Tide,64,158,0,Alive
2021,4,M. gigas,South ,TBOC,15-16,No Tide,64,159,0,Alive
2021,4,M. gigas,South ,TBOC,15-16,No Tide,64,160,0,Alive
2021,4,M. gigas,South ,TBOC,15-16,No Tide,64,161,0,Alive
2021,4,M. gigas,South ,TBOC,15-16,No Tide,64,162,0,Alive
2021,4,M. gigas,South ,TBOC,15-16,No Tide,64,163,0,Alive
2021,4,M. gigas,South ,TBOC,15-16,No Tide,64,164,0,Alive
2021,4,M. gigas,South ,TBOC,15-16,No Tide,64,165,0,Alive
2021,4,M. gigas,South ,TBOC,15-16,No Tide,64,166,0,Alive
2021,4,M. gigas,South ,TBOC,15-16,No Tide,64,167,0,Alive
2021,4,M. gigas,South ,TBOC,15-16,No Tide,64,168,0,Alive
2021,4,M. gigas,South ,TBOC,15-16,No Tide,64,169,0,Alive
2021,4,M. gigas,South ,TBOC,15-16,No Tide,64,170,0,Alive
2021,4,M. gigas,South ,TBOC,15-16,No Tide,64,171,0,Alive
2021,4,M. gigas,South ,TBOC,15-16,No Tide,64,172,0,Alive
2021,4,M. gigas,South ,TBOC,15-16,No Tide,64,173,0,Alive
2021,4,M. gigas,South ,TBOC,15-16,No Tide,64,174,0,Alive
2021,4,M. gigas,South ,TBOC,15-16,No Tide,64,175,0,Alive
2021,4,M. gigas,South ,TBOC,15-16,No Tide,64,176,0,Alive
2021,4,M. gigas,South ,TBOC,15-16,No Tide,64,177,0,Alive
2021,4,M. gigas,South ,TBOC,15-16,No Tide,64,178,0,Alive
2021,4,M. gigas,South ,TBOC,15-16,No Tide,64,179,0,Alive
2021,4,M. gigas,South ,TBOC,15-16,No Tide,64,180,0,Alive
2021,4,M. gigas,South ,TBOC,15-16,No Tide,64,181,0,Alive
2021,4,M. gigas,South ,TBOC,15-16,No Tide,64,182,0,Alive
2021,4,M. gigas,South ,TBOC,15-16,No Tide,64,183,0,Alive
2021,4,M. gigas,South ,TBOC,15-16,No Tide,64,184,0,Alive
2021,4,M. gigas,South ,TBOC,15-16,No Tide,64,185,0,Alive
2021,4,M. gigas,South ,TBOC,15-16,No Tide,64,186,0,Alive
2021,4,M. gigas,South ,TBOC,15-16,No Tide,64,187,0,Alive
2021,4,M. gigas,South ,TBOC,15-16,No Tide,64,188,0,Alive
2021,4,M. gigas,South ,TBOC,15-16,No Tide,64,189,0,Alive
2021,4,M. gigas,South ,TBOC,15-16,No Tide,64,190,0,Alive
2021,4,M. gigas,South ,TBOC,15-16,No Tide,64,191,0,Alive
2021,4,M. gigas,South ,TBOC,15-16,No Tide,64,192,0,Alive
2021,4,M. gigas,South ,TBOC,15-16,No Tide,64,193,0,Alive
2021,4,M. gigas,South ,TBOC,15-16,No Tide,64,194,0,Alive
2021,4,M. gigas,South ,TBOC,15-16,No Tide,64,195,0,Alive
2021,4,M. gigas,South ,TBOC,15-16,No Tide,64,196,0,Alive
2021,4,M. gigas,South ,TBOC,15-16,No Tide,64,197,0,Alive
2021,4,M. gigas,South ,TBOC,15-16,No Tide,64,198,0,Alive
2021,4,M. gigas,South ,TBOC,15-16,No Tide,64,199,0,Alive
2021,4,M. gigas,South ,TBOC,15-16,No Tide,64,200,0,Alive
2021,4,M. gigas,South ,TBOC,15-16,No Tide,64,201,0,Alive
2021,4,M. gigas,South ,TBOC,15-16,No Tide,64,202,0,Alive
2021,4,M. gigas,South ,TBOC,15-16,No Tide,64,203,0,Alive
2021,4,M. gigas,South ,TBOC,15-16,No Tide,64,204,0,Alive
2021,4,M. gigas,South ,TBOC,15-16,No Tide,64,205,0,Alive
2021,4,M. gigas,South ,TBOC,15-16,No Tide,64,206,0,Alive
2021,4,M. gigas,South ,TBOC,15-16,No Tide,64,207,0,Alive
2021,4,M. gigas,South ,TBOC,15-16,No Tide,64,208,0,Alive
2021,4,M. gigas,South ,TBOC,15-16,No Tide,64,209,0,Alive
2021,4,M. gigas,South ,TBOC,15-16,No Tide,64,210,0,Alive
2021,4,M. gigas,South ,TBOC,15-16,No Tide,64,211,0,Alive
2021,4,M. gigas,South ,TBOC,15-16,No Tide,64,212,0,Alive
2021,4,M. gigas,South ,TBOC,15-16,No Tide,64,213,0,Alive
2021,4,M. gigas,South ,TBOC,15-16,No Tide,64,214,0,Alive
2021,4,M. gigas,South ,TBOC,15-16,No Tide,64,215,0,Alive
2021,4,M. gigas,South ,TBOC,15-16,No Tide,64,216,0,Alive
2021,4,M. gigas,South ,TBOC,15-16,No Tide,64,217,0,Alive
2021,4,M. gigas,South ,TBOC,15-16,No Tide,64,218,0,Alive
2021,4,M. gigas,South ,TBOC,15-16,No Tide,64,219,0,Alive
2021,4,M. gigas,South ,TBOC,15-16,No Tide,64,220,0,Alive
2021,4,M. gigas,South ,TBOC,15-16,No Tide,64,221,0,Alive
2021,4,M. gigas,South ,TBOC,15-16,No Tide,64,222,0,Alive
2021,4,M. gigas,South ,TBOC,15-16,No Tide,64,223,0,Alive
2021,4,M. gigas,South ,TBOC,15-16,No Tide,64,224,0,Alive
2021,4,M. gigas,South ,TBOC,15-16,No Tide,64,225,0,Alive
2021,4,M. gigas,South ,TBOC,15-16,No Tide,65,1,1,Dead
2021,4,M. gigas,South ,TBOC,15-16,No Tide,65,2,1,Dead
2021,4,M. gigas,South ,TBOC,15-16,No Tide,65,3,1,Dead
2021,4,M. gigas,South ,TBOC,15-16,No Tide,65,4,1,Dead
2021,4,M. gigas,South ,TBOC,15-16,No Tide,65,5,1,Dead
2021,4,M. gigas,South ,TBOC,15-16,No Tide,65,6,1,Dead
2021,4,M. gigas,South ,TBOC,15-16,No Tide,65,7,0,Alive
2021,4,M. gigas,South ,TBOC,15-16,No Tide,65,8,0,Alive
2021,4,M. gigas,South ,TBOC,15-16,No Tide,65,9,0,Alive
2021,4,M. gigas,South ,TBOC,15-16,No Tide,65,10,0,Alive
2021,4,M. gigas,South ,TBOC,15-16,No Tide,65,11,0,Alive
2021,4,M. gigas,South ,TBOC,15-16,No Tide,65,12,0,Alive
2021,4,M. gigas,South ,TBOC,15-16,No Tide,65,13,0,Alive
2021,4,M. gigas,South ,TBOC,15-16,No Tide,65,14,0,Alive
2021,4,M. gigas,South ,TBOC,15-16,No Tide,65,15,0,Alive
2021,4,M. gigas,South ,TBOC,15-16,No Tide,65,16,0,Alive
2021,4,M. gigas,South ,TBOC,15-16,No Tide,65,17,0,Alive
2021,4,M. gigas,South ,TBOC,15-16,No Tide,65,18,0,Alive
2021,4,M. gigas,South ,TBOC,15-16,No Tide,65,19,0,Alive
2021,4,M. gigas,South ,TBOC,15-16,No Tide,65,20,0,Alive
2021,4,M. gigas,South ,TBOC,15-16,No Tide,65,21,0,Alive
2021,4,M. gigas,South ,TBOC,15-16,No Tide,65,22,0,Alive
2021,4,M. gigas,South ,TBOC,15-16,No Tide,65,23,0,Alive
2021,4,M. gigas,South ,TBOC,15-16,No Tide,65,24,0,Alive
2021,4,M. gigas,South ,TBOC,15-16,No Tide,65,25,0,Alive
2021,4,M. gigas,South ,TBOC,15-16,No Tide,65,26,0,Alive
2021,4,M. gigas,South ,TBOC,15-16,No Tide,65,27,0,Alive
2021,4,M. gigas,South ,TBOC,15-16,No Tide,65,28,0,Alive
2021,4,M. gigas,South ,TBOC,15-16,No Tide,65,29,0,Alive
2021,4,M. gigas,South ,TBOC,15-16,No Tide,65,30,0,Alive
2021,4,M. gigas,South ,TBOC,15-16,No Tide,65,31,0,Alive
2021,4,M. gigas,South ,TBOC,15-16,No Tide,65,32,0,Alive
2021,4,M. gigas,South ,TBOC,15-16,No Tide,65,33,0,Alive
2021,4,M. gigas,South ,TBOC,15-16,No Tide,65,34,0,Alive
2021,4,M. gigas,South ,TBOC,15-16,No Tide,65,35,0,Alive
2021,4,M. gigas,South ,TBOC,15-16,No Tide,65,36,0,Alive
2021,4,M. gigas,South ,TBOC,15-16,No Tide,65,37,0,Alive
2021,4,M. gigas,South ,TBOC,15-16,No Tide,65,38,0,Alive
2021,4,M. gigas,South ,TBOC,15-16,No Tide,65,39,0,Alive
2021,4,M. gigas,South ,TBOC,15-16,No Tide,65,40,0,Alive
2021,4,M. gigas,South ,TBOC,15-16,No Tide,65,41,0,Alive
2021,4,M. gigas,South ,TBOC,15-16,No Tide,65,42,0,Alive
2021,4,M. gigas,South ,TBOC,15-16,No Tide,65,43,0,Alive
2021,4,M. gigas,South ,TBOC,15-16,No Tide,65,44,0,Alive
2021,4,M. gigas,South ,TBOC,15-16,No Tide,65,45,0,Alive
2021,4,M. gigas,South ,TBOC,15-16,No Tide,65,46,0,Alive
2021,4,M. gigas,South ,TBOC,15-16,No Tide,65,47,0,Alive
2021,4,M. gigas,South ,TBOC,15-16,No Tide,65,48,0,Alive
2021,4,M. gigas,South ,TBOC,15-16,No Tide,65,49,0,Alive
2021,4,M. gigas,South ,TBOC,15-16,No Tide,65,50,0,Alive
2021,4,M. gigas,South ,TBOC,15-16,No Tide,65,51,0,Alive
2021,4,M. gigas,South ,TBOC,15-16,No Tide,65,52,0,Alive
2021,4,M. gigas,South ,TBOC,15-16,No Tide,65,53,0,Alive
2021,4,M. gigas,South ,TBOC,15-16,No Tide,65,54,0,Alive
2021,4,M. gigas,South ,TBOC,15-16,No Tide,65,55,0,Alive
2021,4,M. gigas,South ,TBOC,15-16,No Tide,65,56,0,Alive
2021,4,M. gigas,South ,TBOC,15-16,No Tide,65,57,0,Alive
2021,4,M. gigas,South ,TBOC,15-16,No Tide,65,58,0,Alive
2021,4,M. gigas,South ,TBOC,15-16,No Tide,65,59,0,Alive
2021,4,M. gigas,South ,TBOC,15-16,No Tide,65,60,0,Alive
2021,4,M. gigas,South ,TBOC,15-16,No Tide,65,61,0,Alive
2021,4,M. gigas,South ,TBOC,15-16,No Tide,65,62,0,Alive
2021,4,M. gigas,South ,TBOC,15-16,No Tide,65,63,0,Alive
2021,4,M. gigas,South ,TBOC,15-16,No Tide,65,64,0,Alive
2021,4,M. gigas,South ,TBOC,15-16,No Tide,65,65,0,Alive
2021,4,M. gigas,South ,TBOC,15-16,No Tide,65,66,0,Alive
2021,4,M. gigas,South ,TBOC,15-16,No Tide,65,67,0,Alive
2021,4,M. gigas,South ,TBOC,15-16,No Tide,65,68,0,Alive
2021,4,M. gigas,South ,TBOC,15-16,No Tide,65,69,0,Alive
2021,4,M. gigas,South ,TBOC,15-16,No Tide,65,70,0,Alive
2021,4,M. gigas,South ,TBOC,15-16,No Tide,65,71,0,Alive
2021,4,M. gigas,South ,TBOC,15-16,No Tide,65,72,0,Alive
2021,4,M. gigas,South ,TBOC,15-16,No Tide,65,73,0,Alive
2021,4,M. gigas,South ,TBOC,15-16,No Tide,65,74,0,Alive
2021,4,M. gigas,South ,TBOC,15-16,No Tide,65,75,0,Alive
2021,4,M. gigas,South ,TBOC,15-16,No Tide,65,76,0,Alive
2021,4,M. gigas,South ,TBOC,15-16,No Tide,65,77,0,Alive
2021,4,M. gigas,South ,TBOC,15-16,No Tide,65,78,0,Alive
2021,4,M. gigas,South ,TBOC,15-16,No Tide,65,79,0,Alive
2021,4,M. gigas,South ,TBOC,15-16,No Tide,65,80,0,Alive
2021,4,M. gigas,South ,TBOC,15-16,No Tide,65,81,0,Alive
2021,4,M. gigas,South ,TBOC,15-16,No Tide,65,82,0,Alive
2021,4,M. gigas,South ,TBOC,15-16,No Tide,65,83,0,Alive
2021,4,M. gigas,South ,TBOC,15-16,No Tide,65,84,0,Alive
2021,4,M. gigas,South ,TBOC,15-16,No Tide,65,85,0,Alive
2021,4,M. gigas,South ,TBOC,15-16,No Tide,65,86,0,Alive
2021,4,M. gigas,South ,TBOC,15-16,No Tide,65,87,0,Alive
2021,4,M. gigas,South ,TBOC,15-16,No Tide,65,88,0,Alive
2021,4,M. gigas,South ,TBOC,15-16,No Tide,65,89,0,Alive
2021,4,M. gigas,South ,TBOC,15-16,No Tide,65,90,0,Alive
2021,4,M. gigas,South ,TBOC,15-16,No Tide,65,91,0,Alive
2021,4,M. gigas,South ,TBOC,15-16,No Tide,65,92,0,Alive
2021,4,M. gigas,South ,TBOC,15-16,No Tide,65,93,0,Alive
2021,4,M. gigas,South ,TBOC,15-16,No Tide,65,94,0,Alive
2021,4,M. gigas,South ,TBOC,15-16,No Tide,65,95,0,Alive
2021,4,M. gigas,South ,TBOC,15-16,No Tide,65,96,0,Alive
2021,4,M. gigas,South ,TBOC,15-16,No Tide,65,97,0,Alive
2021,4,M. gigas,South ,TBOC,15-16,No Tide,65,98,0,Alive
2021,4,M. gigas,South ,TBOC,15-16,No Tide,65,99,0,Alive
2021,4,M. gigas,South ,TBOC,15-16,No Tide,65,100,0,Alive
2021,4,M. gigas,South ,TBOC,15-16,No Tide,65,101,0,Alive
2021,4,M. gigas,South ,TBOC,15-16,No Tide,65,102,0,Alive
2021,4,M. gigas,South ,TBOC,15-16,No Tide,65,103,0,Alive
2021,4,M. gigas,South ,TBOC,15-16,No Tide,65,104,0,Alive
2021,4,M. gigas,South ,TBOC,15-16,No Tide,65,105,0,Alive
2021,4,M. gigas,South ,TBOC,15-16,No Tide,65,106,0,Alive
2021,4,M. gigas,South ,TBOC,15-16,No Tide,65,107,0,Alive
2021,4,M. gigas,South ,TBOC,15-16,No Tide,65,108,0,Alive
2021,4,M. gigas,South ,TBOC,15-16,No Tide,65,109,0,Alive
2021,4,M. gigas,South ,TBOC,15-16,No Tide,65,110,0,Alive
2021,4,M. gigas,South ,TBOC,15-16,No Tide,65,111,0,Alive
2021,4,M. gigas,South ,TBOC,15-16,No Tide,65,112,0,Alive
2021,4,M. gigas,South ,TBOC,15-16,No Tide,65,113,0,Alive
2021,4,M. gigas,South ,TBOC,15-16,No Tide,65,114,0,Alive
2021,4,M. gigas,South ,TBOC,15-16,No Tide,65,115,0,Alive
2021,4,M. gigas,South ,TBOC,15-16,No Tide,65,116,0,Alive
2021,4,M. gigas,South ,TBOC,15-16,No Tide,65,117,0,Alive
2021,4,M. gigas,South ,TBOC,15-16,No Tide,65,118,0,Alive
2021,4,M. gigas,South ,TBOC,15-16,No Tide,65,119,0,Alive
2021,4,M. gigas,South ,TBOC,15-16,No Tide,65,120,0,Alive
2021,4,M. gigas,South ,TBOC,15-16,No Tide,65,121,0,Alive
2021,4,M. gigas,South ,TBOC,15-16,No Tide,65,122,0,Alive
2021,4,M. gigas,South ,TBOC,15-16,No Tide,65,123,0,Alive
2021,4,M. gigas,South ,TBOC,15-16,No Tide,65,124,0,Alive
2021,4,M. gigas,South ,TBOC,15-16,No Tide,65,125,0,Alive
2021,4,M. gigas,South ,TBOC,15-16,No Tide,65,126,0,Alive
2021,4,M. gigas,South ,TBOC,15-16,No Tide,65,127,0,Alive
2021,4,M. gigas,South ,TBOC,15-16,No Tide,65,128,0,Alive
2021,4,M. gigas,South ,TBOC,15-16,No Tide,65,129,0,Alive
2021,4,M. gigas,South ,TBOC,15-16,No Tide,65,130,0,Alive
2021,4,M. gigas,South ,TBOC,15-16,No Tide,65,131,0,Alive
2021,4,M. gigas,South ,TBOC,15-16,No Tide,65,132,0,Alive
2021,4,M. gigas,South ,TBOC,15-16,No Tide,65,133,0,Alive
2021,4,M. gigas,South ,TBOC,15-16,No Tide,65,134,0,Alive
2021,4,M. gigas,South ,TBOC,15-16,No Tide,65,135,0,Alive
2021,4,M. gigas,South ,TBOC,15-16,No Tide,65,136,0,Alive
2021,4,M. gigas,South ,TBOC,15-16,No Tide,65,137,0,Alive
2021,4,M. gigas,South ,TBOC,15-16,No Tide,65,138,0,Alive
2021,4,M. gigas,South ,TBOC,15-16,No Tide,65,139,0,Alive
2021,4,M. gigas,South ,TBOC,15-16,No Tide,65,140,0,Alive
2021,4,M. gigas,South ,TBOC,15-16,No Tide,65,141,0,Alive
2021,4,M. gigas,South ,TBOC,15-16,No Tide,65,142,0,Alive
2021,4,M. gigas,South ,TBOC,15-16,No Tide,65,143,0,Alive
2021,4,M. gigas,South ,TBOC,15-16,No Tide,65,144,0,Alive
2021,4,M. gigas,South ,TBOC,15-16,No Tide,65,145,0,Alive
2021,4,M. gigas,South ,TBOC,15-16,No Tide,65,146,0,Alive
2021,4,M. gigas,South ,TBOC,15-16,No Tide,65,147,0,Alive
2021,4,M. gigas,South ,TBOC,15-16,No Tide,65,148,0,Alive
2021,4,M. gigas,South ,TBOC,15-16,No Tide,65,149,0,Alive
2021,4,M. gigas,South ,TBOC,15-16,No Tide,65,150,0,Alive
2021,4,M. gigas,South ,TBOC,15-16,No Tide,65,151,0,Alive
2021,4,M. gigas,South ,TBOC,15-16,No Tide,65,152,0,Alive
2021,4,M. gigas,South ,TBOC,15-16,No Tide,65,153,0,Alive
2021,4,M. gigas,South ,TBOC,15-16,No Tide,65,154,0,Alive
2021,4,M. gigas,South ,TBOC,15-16,No Tide,65,155,0,Alive
2021,4,M. gigas,South ,TBOC,15-16,No Tide,65,156,0,Alive
2021,4,M. gigas,South ,TBOC,15-16,No Tide,65,157,0,Alive
2021,4,M. gigas,South ,TBOC,15-16,No Tide,65,158,0,Alive
2021,4,M. gigas,South ,TBOC,15-16,No Tide,65,159,0,Alive
2021,4,M. gigas,South ,TBOC,15-16,No Tide,65,160,0,Alive
2021,4,M. gigas,South ,TBOC,15-16,No Tide,65,161,0,Alive
2021,4,M. gigas,South ,TBOC,15-16,No Tide,65,162,0,Alive
2021,4,M. gigas,South ,TBOC,15-16,No Tide,65,163,0,Alive
2021,4,M. gigas,South ,TBOC,15-16,No Tide,65,164,0,Alive
2021,4,M. gigas,South ,TBOC,15-16,No Tide,65,165,0,Alive
2021,4,M. gigas,South ,TBOC,15-16,No Tide,65,166,0,Alive
2021,4,M. gigas,South ,TBOC,15-16,No Tide,65,167,0,Alive
2021,4,M. gigas,South ,TBOC,15-16,No Tide,65,168,0,Alive
2021,4,M. gigas,South ,TBOC,15-16,No Tide,65,169,0,Alive
2021,4,M. gigas,South ,TBOC,15-16,No Tide,65,170,0,Alive
2021,4,M. gigas,South ,TBOC,15-16,No Tide,65,171,0,Alive
2021,4,M. gigas,South ,TBOC,15-16,No Tide,65,172,0,Alive
2021,4,M. gigas,South ,TBOC,15-16,No Tide,65,173,0,Alive
2021,4,M. gigas,South ,TBOC,15-16,No Tide,65,174,0,Alive
2021,4,M. gigas,South ,TBOC,15-16,No Tide,65,175,0,Alive
2021,4,M. gigas,South ,TBOC,15-16,No Tide,65,176,0,Alive
2021,4,M. gigas,South ,TBOC,15-16,No Tide,65,177,0,Alive
2021,4,M. gigas,South ,TBOC,15-16,No Tide,65,178,0,Alive
2021,4,M. gigas,South ,TBOC,15-16,No Tide,65,179,0,Alive
2021,4,M. gigas,South ,TBOC,15-16,No Tide,65,180,0,Alive
2021,4,M. gigas,South ,TBOC,15-16,No Tide,65,181,0,Alive
2021,4,M. gigas,South ,TBOC,15-16,No Tide,65,182,0,Alive
2021,4,M. gigas,South ,TBOC,15-16,No Tide,65,183,0,Alive
2021,4,M. gigas,South ,TBOC,15-16,No Tide,65,184,0,Alive
2021,4,M. gigas,South ,TBOC,15-16,No Tide,65,185,0,Alive
2021,4,M. gigas,South ,TBOC,15-16,No Tide,65,186,0,Alive
2021,4,M. gigas,South ,TBOC,15-16,No Tide,65,187,0,Alive
2021,4,M. gigas,South ,TBOC,15-16,No Tide,65,188,0,Alive
2021,4,M. gigas,South ,TBOC,15-16,No Tide,65,189,0,Alive
2021,4,M. gigas,South ,TBOC,15-16,No Tide,65,190,0,Alive
2021,4,M. gigas,South ,TBOC,15-16,No Tide,65,191,0,Alive
2021,4,M. gigas,South ,TBOC,15-16,No Tide,65,192,0,Alive
2021,4,M. gigas,South ,TBOC,15-16,No Tide,65,193,0,Alive
2021,4,M. gigas,South ,TBOC,15-16,No Tide,65,194,0,Alive
2021,4,M. gigas,South ,TBOC,15-16,No Tide,65,195,0,Alive
2021,4,M. gigas,South ,TBOC,15-16,No Tide,65,196,0,Alive
2021,4,M. gigas,South ,TBOC,15-16,No Tide,65,197,0,Alive
2021,4,M. gigas,South ,TBOC,15-16,No Tide,65,198,0,Alive
2021,4,M. gigas,South ,TBOC,15-16,No Tide,65,199,0,Alive
2021,4,M. gigas,South ,TBOC,15-16,No Tide,65,200,0,Alive
2021,4,M. gigas,South ,TBOC,15-16,No Tide,65,201,0,Alive
2021,4,M. gigas,South ,TBOC,15-16,No Tide,65,202,0,Alive
2021,4,M. gigas,South ,TBOC,15-16,No Tide,65,203,0,Alive
2021,4,M. gigas,South ,TBOC,15-16,No Tide,65,204,0,Alive
2021,4,M. gigas,South ,TBOC,15-16,No Tide,65,205,0,Alive
2021,4,M. gigas,South ,TBOC,15-16,No Tide,65,206,0,Alive
2021,4,M. gigas,South ,TBOC,15-16,No Tide,65,207,0,Alive
2021,4,M. gigas,South ,TBOC,15-16,No Tide,65,208,0,Alive
2021,4,M. gigas,South ,TBOC,15-16,No Tide,65,209,0,Alive
2021,4,M. gigas,South ,TBOC,15-16,No Tide,65,210,0,Alive
2021,4,M. gigas,South ,TBOC,15-16,No Tide,65,211,0,Alive
2021,4,M. gigas,South ,TBOC,15-16,No Tide,65,212,0,Alive
2021,4,M. gigas,South ,TBOC,15-16,No Tide,65,213,0,Alive
2021,4,M. gigas,South ,TBOC,15-16,No Tide,65,214,0,Alive
2021,4,M. gigas,South ,TBOC,15-16,No Tide,65,215,0,Alive
2021,4,M. gigas,South ,TBOC,15-16,No Tide,65,216,0,Alive
2021,4,M. gigas,South ,TBOC,15-16,No Tide,65,217,0,Alive
2021,4,M. gigas,South ,TBOC,15-16,No Tide,65,218,0,Alive
2021,4,M. gigas,South ,TBOC,15-16,No Tide,65,219,0,Alive
2021,4,M. gigas,South ,TBOC,15-16,No Tide,65,220,0,Alive
2021,4,M. gigas,South ,TBOC,15-16,No Tide,65,221,0,Alive
2021,4,M. gigas,South ,TBOC,15-16,No Tide,65,222,0,Alive
2021,4,M. gigas,South ,TBOC,15-16,No Tide,65,223,0,Alive
2021,4,M. gigas,South ,TBOC,15-16,No Tide,65,224,0,Alive
2021,4,M. gigas,South ,TBOC,15-16,No Tide,65,225,0,Alive
2021,4,M. gigas,South ,TBOC,15-16,No Tide,66,1,1,Dead
2021,4,M. gigas,South ,TBOC,15-16,No Tide,66,2,1,Dead
2021,4,M. gigas,South ,TBOC,15-16,No Tide,66,3,1,Dead
2021,4,M. gigas,South ,TBOC,15-16,No Tide,66,4,1,Dead
2021,4,M. gigas,South ,TBOC,15-16,No Tide,66,5,1,Dead
2021,4,M. gigas,South ,TBOC,15-16,No Tide,66,6,1,Dead
2021,4,M. gigas,South ,TBOC,15-16,No Tide,66,7,1,Dead
2021,4,M. gigas,South ,TBOC,15-16,No Tide,66,8,1,Dead
2021,4,M. gigas,South ,TBOC,15-16,No Tide,66,9,1,Dead
2021,4,M. gigas,South ,TBOC,15-16,No Tide,66,10,1,Dead
2021,4,M. gigas,South ,TBOC,15-16,No Tide,66,11,1,Dead
2021,4,M. gigas,South ,TBOC,15-16,No Tide,66,12,1,Dead
2021,4,M. gigas,South ,TBOC,15-16,No Tide,66,13,1,Dead
2021,4,M. gigas,South ,TBOC,15-16,No Tide,66,14,1,Dead
2021,4,M. gigas,South ,TBOC,15-16,No Tide,66,15,1,Dead
2021,4,M. gigas,South ,TBOC,15-16,No Tide,66,16,1,Dead
2021,4,M. gigas,South ,TBOC,15-16,No Tide,66,17,1,Dead
2021,4,M. gigas,South ,TBOC,15-16,No Tide,66,18,1,Dead
2021,4,M. gigas,South ,TBOC,15-16,No Tide,66,19,1,Dead
2021,4,M. gigas,South ,TBOC,15-16,No Tide,66,20,1,Dead
2021,4,M. gigas,South ,TBOC,15-16,No Tide,66,21,1,Dead
2021,4,M. gigas,South ,TBOC,15-16,No Tide,66,22,1,Dead
2021,4,M. gigas,South ,TBOC,15-16,No Tide,66,23,1,Dead
2021,4,M. gigas,South ,TBOC,15-16,No Tide,66,24,1,Dead
2021,4,M. gigas,South ,TBOC,15-16,No Tide,66,25,1,Dead
2021,4,M. gigas,South ,TBOC,15-16,No Tide,66,26,1,Dead
2021,4,M. gigas,South ,TBOC,15-16,No Tide,66,27,1,Dead
2021,4,M. gigas,South ,TBOC,15-16,No Tide,66,28,1,Dead
2021,4,M. gigas,South ,TBOC,15-16,No Tide,66,29,1,Dead
2021,4,M. gigas,South ,TBOC,15-16,No Tide,66,30,1,Dead
2021,4,M. gigas,South ,TBOC,15-16,No Tide,66,31,1,Dead
2021,4,M. gigas,South ,TBOC,15-16,No Tide,66,32,1,Dead
2021,4,M. gigas,South ,TBOC,15-16,No Tide,66,33,1,Dead
2021,4,M. gigas,South ,TBOC,15-16,No Tide,66,34,1,Dead
2021,4,M. gigas,South ,TBOC,15-16,No Tide,66,35,0,Alive
2021,4,M. gigas,South ,TBOC,15-16,No Tide,66,36,0,Alive
2021,4,M. gigas,South ,TBOC,15-16,No Tide,66,37,0,Alive
2021,4,M. gigas,South ,TBOC,15-16,No Tide,66,38,0,Alive
2021,4,M. gigas,South ,TBOC,15-16,No Tide,66,39,0,Alive
2021,4,M. gigas,South ,TBOC,15-16,No Tide,66,40,0,Alive
2021,4,M. gigas,South ,TBOC,15-16,No Tide,66,41,0,Alive
2021,4,M. gigas,South ,TBOC,15-16,No Tide,66,42,0,Alive
2021,4,M. gigas,South ,TBOC,15-16,No Tide,66,43,0,Alive
2021,4,M. gigas,South ,TBOC,15-16,No Tide,66,44,0,Alive
2021,4,M. gigas,South ,TBOC,15-16,No Tide,66,45,0,Alive
2021,4,M. gigas,South ,TBOC,15-16,No Tide,66,46,0,Alive
2021,4,M. gigas,South ,TBOC,15-16,No Tide,66,47,0,Alive
2021,4,M. gigas,South ,TBOC,15-16,No Tide,66,48,0,Alive
2021,4,M. gigas,South ,TBOC,15-16,No Tide,66,49,0,Alive
2021,4,M. gigas,South ,TBOC,15-16,No Tide,66,50,0,Alive
2021,4,M. gigas,South ,TBOC,15-16,No Tide,66,51,0,Alive
2021,4,M. gigas,South ,TBOC,15-16,No Tide,66,52,0,Alive
2021,4,M. gigas,South ,TBOC,15-16,No Tide,66,53,0,Alive
2021,4,M. gigas,South ,TBOC,15-16,No Tide,66,54,0,Alive
2021,4,M. gigas,South ,TBOC,15-16,No Tide,66,55,0,Alive
2021,4,M. gigas,South ,TBOC,15-16,No Tide,66,56,0,Alive
2021,4,M. gigas,South ,TBOC,15-16,No Tide,66,57,0,Alive
2021,4,M. gigas,South ,TBOC,15-16,No Tide,66,58,0,Alive
2021,4,M. gigas,South ,TBOC,15-16,No Tide,66,59,0,Alive
2021,4,M. gigas,South ,TBOC,15-16,No Tide,66,60,0,Alive
2021,4,M. gigas,South ,TBOC,15-16,No Tide,66,61,0,Alive
2021,4,M. gigas,South ,TBOC,15-16,No Tide,66,62,0,Alive
2021,4,M. gigas,South ,TBOC,15-16,No Tide,66,63,0,Alive
2021,4,M. gigas,South ,TBOC,15-16,No Tide,66,64,0,Alive
2021,4,M. gigas,South ,TBOC,15-16,No Tide,66,65,0,Alive
2021,4,M. gigas,South ,TBOC,15-16,No Tide,66,66,0,Alive
2021,4,M. gigas,South ,TBOC,15-16,No Tide,66,67,0,Alive
2021,4,M. gigas,South ,TBOC,15-16,No Tide,66,68,0,Alive
2021,4,M. gigas,South ,TBOC,15-16,No Tide,66,69,0,Alive
2021,4,M. gigas,South ,TBOC,15-16,No Tide,66,70,0,Alive
2021,4,M. gigas,South ,TBOC,15-16,No Tide,66,71,0,Alive
2021,4,M. gigas,South ,TBOC,15-16,No Tide,66,72,0,Alive
2021,4,M. gigas,South ,TBOC,15-16,No Tide,66,73,0,Alive
2021,4,M. gigas,South ,TBOC,15-16,No Tide,66,74,0,Alive
2021,4,M. gigas,South ,TBOC,15-16,No Tide,66,75,0,Alive
2021,4,M. gigas,South ,TBOC,15-16,No Tide,66,76,0,Alive
2021,4,M. gigas,South ,TBOC,15-16,No Tide,66,77,0,Alive
2021,4,M. gigas,South ,TBOC,15-16,No Tide,66,78,0,Alive
2021,4,M. gigas,South ,TBOC,15-16,No Tide,66,79,0,Alive
2021,4,M. gigas,South ,TBOC,15-16,No Tide,66,80,0,Alive
2021,4,M. gigas,South ,TBOC,15-16,No Tide,66,81,0,Alive
2021,4,M. gigas,South ,TBOC,15-16,No Tide,66,82,0,Alive
2021,4,M. gigas,South ,TBOC,15-16,No Tide,66,83,0,Alive
2021,4,M. gigas,South ,TBOC,15-16,No Tide,66,84,0,Alive
2021,4,M. gigas,South ,TBOC,15-16,No Tide,66,85,0,Alive
2021,4,M. gigas,South ,TBOC,15-16,No Tide,66,86,0,Alive
2021,4,M. gigas,South ,TBOC,15-16,No Tide,66,87,0,Alive
2021,4,M. gigas,South ,TBOC,15-16,No Tide,66,88,0,Alive
2021,4,M. gigas,South ,TBOC,15-16,No Tide,66,89,0,Alive
2021,4,M. gigas,South ,TBOC,15-16,No Tide,66,90,0,Alive
2021,4,M. gigas,South ,TBOC,15-16,No Tide,66,91,0,Alive
2021,4,M. gigas,South ,TBOC,15-16,No Tide,66,92,0,Alive
2021,4,M. gigas,South ,TBOC,15-16,No Tide,66,93,0,Alive
2021,4,M. gigas,South ,TBOC,15-16,No Tide,66,94,0,Alive
2021,4,M. gigas,South ,TBOC,15-16,No Tide,66,95,0,Alive
2021,4,M. gigas,South ,TBOC,15-16,No Tide,66,96,0,Alive
2021,4,M. gigas,South ,TBOC,15-16,No Tide,66,97,0,Alive
2021,4,M. gigas,South ,TBOC,15-16,No Tide,66,98,0,Alive
2021,4,M. gigas,South ,TBOC,15-16,No Tide,66,99,0,Alive
2021,4,M. gigas,South ,TBOC,15-16,No Tide,66,100,0,Alive
2021,4,M. gigas,South ,TBOC,15-16,No Tide,66,101,0,Alive
2021,4,M. gigas,South ,TBOC,15-16,No Tide,66,102,0,Alive
2021,4,M. gigas,South ,TBOC,15-16,No Tide,66,103,0,Alive
2021,4,M. gigas,South ,TBOC,15-16,No Tide,66,104,0,Alive
2021,4,M. gigas,South ,TBOC,15-16,No Tide,66,105,0,Alive
2021,4,M. gigas,South ,TBOC,15-16,No Tide,66,106,0,Alive
2021,4,M. gigas,South ,TBOC,15-16,No Tide,66,107,0,Alive
2021,4,M. gigas,South ,TBOC,15-16,No Tide,66,108,0,Alive
2021,4,M. gigas,South ,TBOC,15-16,No Tide,66,109,0,Alive
2021,4,M. gigas,South ,TBOC,15-16,No Tide,66,110,0,Alive
2021,4,M. gigas,South ,TBOC,15-16,No Tide,66,111,0,Alive
2021,4,M. gigas,South ,TBOC,15-16,No Tide,66,112,0,Alive
2021,4,M. gigas,South ,TBOC,15-16,No Tide,66,113,0,Alive
2021,4,M. gigas,South ,TBOC,15-16,No Tide,66,114,0,Alive
2021,4,M. gigas,South ,TBOC,15-16,No Tide,66,115,0,Alive
2021,4,M. gigas,South ,TBOC,15-16,No Tide,66,116,0,Alive
2021,4,M. gigas,South ,TBOC,15-16,No Tide,66,117,0,Alive
2021,4,M. gigas,South ,TBOC,15-16,No Tide,66,118,0,Alive
2021,4,M. gigas,South ,TBOC,15-16,No Tide,66,119,0,Alive
2021,4,M. gigas,South ,TBOC,15-16,No Tide,66,120,0,Alive
2021,4,M. gigas,South ,TBOC,15-16,No Tide,66,121,0,Alive
2021,4,M. gigas,South ,TBOC,15-16,No Tide,66,122,0,Alive
2021,4,M. gigas,South ,TBOC,15-16,No Tide,66,123,0,Alive
2021,4,M. gigas,South ,TBOC,15-16,No Tide,66,124,0,Alive
2021,4,M. gigas,South ,TBOC,15-16,No Tide,66,125,0,Alive
2021,4,M. gigas,South ,TBOC,15-16,No Tide,66,126,0,Alive
2021,4,M. gigas,South ,TBOC,15-16,No Tide,66,127,0,Alive
2021,4,M. gigas,South ,TBOC,15-16,No Tide,66,128,0,Alive
2021,4,M. gigas,South ,TBOC,15-16,No Tide,66,129,0,Alive
2021,4,M. gigas,South ,TBOC,15-16,No Tide,66,130,0,Alive
2021,4,M. gigas,South ,TBOC,15-16,No Tide,66,131,0,Alive
2021,4,M. gigas,South ,TBOC,15-16,No Tide,66,132,0,Alive
2021,4,M. gigas,South ,TBOC,15-16,No Tide,66,133,0,Alive
2021,4,M. gigas,South ,TBOC,15-16,No Tide,66,134,0,Alive
2021,4,M. gigas,South ,TBOC,15-16,No Tide,66,135,0,Alive
2021,4,M. gigas,South ,TBOC,15-16,No Tide,66,136,0,Alive
2021,4,M. gigas,South ,TBOC,15-16,No Tide,66,137,0,Alive
2021,4,M. gigas,South ,TBOC,15-16,No Tide,66,138,0,Alive
2021,4,M. gigas,South ,TBOC,15-16,No Tide,66,139,0,Alive
2021,4,M. gigas,South ,TBOC,15-16,No Tide,66,140,0,Alive
2021,4,M. gigas,South ,TBOC,15-16,No Tide,66,141,0,Alive
2021,4,M. gigas,South ,TBOC,15-16,No Tide,66,142,0,Alive
2021,4,M. gigas,South ,TBOC,15-16,No Tide,66,143,0,Alive
2021,4,M. gigas,South ,TBOC,15-16,No Tide,66,144,0,Alive
2021,4,M. gigas,South ,TBOC,15-16,No Tide,66,145,0,Alive
2021,4,M. gigas,South ,TBOC,15-16,No Tide,66,146,0,Alive
2021,4,M. gigas,South ,TBOC,15-16,No Tide,66,147,0,Alive
2021,4,M. gigas,South ,TBOC,15-16,No Tide,66,148,0,Alive
2021,4,M. gigas,South ,TBOC,15-16,No Tide,66,149,0,Alive
2021,4,M. gigas,South ,TBOC,15-16,No Tide,66,150,0,Alive
2021,4,M. gigas,South ,TBOC,15-16,No Tide,66,151,0,Alive
2021,4,M. gigas,South ,TBOC,15-16,No Tide,66,152,0,Alive
2021,4,M. gigas,South ,TBOC,15-16,No Tide,66,153,0,Alive
2021,4,M. gigas,South ,TBOC,15-16,No Tide,66,154,0,Alive
2021,4,M. gigas,South ,TBOC,15-16,No Tide,66,155,0,Alive
2021,4,M. gigas,South ,TBOC,15-16,No Tide,66,156,0,Alive
2021,4,M. gigas,South ,TBOC,15-16,No Tide,66,157,0,Alive
2021,4,M. gigas,South ,TBOC,15-16,No Tide,66,158,0,Alive
2021,4,M. gigas,South ,TBOC,15-16,No Tide,66,159,0,Alive
2021,4,M. gigas,South ,TBOC,15-16,No Tide,66,160,0,Alive
2021,4,M. gigas,South ,TBOC,15-16,No Tide,66,161,0,Alive
2021,4,M. gigas,South ,TBOC,15-16,No Tide,66,162,0,Alive
2021,4,M. gigas,South ,TBOC,15-16,No Tide,66,163,0,Alive
2021,4,M. gigas,South ,TBOC,15-16,No Tide,66,164,0,Alive
2021,4,M. gigas,South ,TBOC,15-16,No Tide,66,165,0,Alive
2021,4,M. gigas,South ,TBOC,15-16,No Tide,66,166,0,Alive
2021,4,M. gigas,South ,TBOC,15-16,No Tide,66,167,0,Alive
2021,4,M. gigas,South ,TBOC,15-16,No Tide,66,168,0,Alive
2021,4,M. gigas,South ,TBOC,15-16,No Tide,66,169,0,Alive
2021,4,M. gigas,South ,TBOC,15-16,No Tide,66,170,0,Alive
2021,4,M. gigas,South ,TBOC,15-16,No Tide,66,171,0,Alive
2021,4,M. gigas,South ,TBOC,15-16,No Tide,66,172,0,Alive
2021,4,M. gigas,South ,TBOC,15-16,No Tide,66,173,0,Alive
2021,4,M. gigas,South ,TBOC,15-16,No Tide,66,174,0,Alive
2021,4,M. gigas,South ,TBOC,15-16,No Tide,66,175,0,Alive
2021,4,M. gigas,South ,TBOC,15-16,No Tide,66,176,0,Alive
2021,4,M. gigas,South ,TBOC,15-16,No Tide,66,177,0,Alive
2021,4,M. gigas,South ,TBOC,15-16,No Tide,66,178,0,Alive
2021,4,M. gigas,South ,TBOC,15-16,No Tide,66,179,0,Alive
2021,4,M. gigas,South ,TBOC,15-16,No Tide,66,180,0,Alive
2021,4,M. gigas,South ,TBOC,15-16,No Tide,66,181,0,Alive
2021,4,M. gigas,South ,TBOC,15-16,No Tide,66,182,0,Alive
2021,4,M. gigas,South ,TBOC,15-16,No Tide,66,183,0,Alive
2021,4,M. gigas,South ,TBOC,15-16,No Tide,66,184,0,Alive
2021,4,M. gigas,South ,TBOC,15-16,No Tide,66,185,0,Alive
2021,4,M. gigas,South ,TBOC,15-16,No Tide,66,186,0,Alive
2021,4,M. gigas,South ,TBOC,15-16,No Tide,66,187,0,Alive
2021,4,M. gigas,South ,TBOC,15-16,No Tide,66,188,0,Alive
2021,4,M. gigas,South ,TBOC,15-16,No Tide,66,189,0,Alive
2021,4,M. gigas,South ,TBOC,15-16,No Tide,66,190,0,Alive
2021,4,M. gigas,South ,TBOC,15-16,No Tide,66,191,0,Alive
2021,4,M. gigas,South ,TBOC,15-16,No Tide,66,192,0,Alive
2021,4,M. gigas,South ,TBOC,15-16,No Tide,66,193,0,Alive
2021,4,M. gigas,South ,TBOC,15-16,No Tide,66,194,0,Alive
2021,4,M. gigas,South ,TBOC,15-16,No Tide,66,195,0,Alive
2021,4,M. gigas,South ,TBOC,15-16,No Tide,66,196,0,Alive
2021,4,M. gigas,South ,TBOC,15-16,No Tide,66,197,0,Alive
2021,4,M. gigas,South ,TBOC,15-16,No Tide,66,198,0,Alive
2021,4,M. gigas,South ,TBOC,15-16,No Tide,66,199,0,Alive
2021,4,M. gigas,South ,TBOC,15-16,No Tide,66,200,0,Alive
2021,4,M. gigas,South ,TBOC,15-16,No Tide,66,201,0,Alive
2021,4,M. gigas,South ,TBOC,15-16,No Tide,66,202,0,Alive
2021,4,M. gigas,South ,TBOC,15-16,No Tide,66,203,0,Alive
2021,4,M. gigas,South ,TBOC,15-16,No Tide,66,204,0,Alive
2021,4,M. gigas,South ,TBOC,15-16,No Tide,66,205,0,Alive
2021,4,M. gigas,South ,TBOC,15-16,No Tide,66,206,0,Alive
2021,4,M. gigas,South ,TBOC,15-16,No Tide,66,207,0,Alive
2021,4,M. gigas,South ,TBOC,15-16,No Tide,66,208,0,Alive
2021,4,M. gigas,South ,TBOC,15-16,No Tide,66,209,0,Alive
2021,4,M. gigas,South ,TBOC,15-16,No Tide,66,210,0,Alive
2021,4,M. gigas,South ,TBOC,15-16,No Tide,66,211,0,Alive
2021,4,M. gigas,South ,TBOC,15-16,No Tide,66,212,0,Alive
2021,4,M. gigas,South ,TBOC,15-16,No Tide,66,213,0,Alive
2021,4,M. gigas,South ,TBOC,15-16,No Tide,66,214,0,Alive
2021,4,M. gigas,South ,TBOC,15-16,No Tide,66,215,0,Alive
2021,4,M. gigas,South ,TBOC,15-16,No Tide,66,216,0,Alive
2021,4,M. gigas,South ,TBOC,15-16,No Tide,66,217,0,Alive
2021,4,M. gigas,South ,TBOC,15-16,No Tide,66,218,0,Alive
2021,4,M. gigas,South ,TBOC,15-16,No Tide,66,219,0,Alive
2021,4,M. gigas,South ,TBOC,15-16,No Tide,66,220,0,Alive
2021,4,M. gigas,South ,TBOC,15-16,No Tide,66,221,0,Alive
2021,4,M. gigas,South ,TBOC,15-16,No Tide,66,222,0,Alive
2021,4,M. gigas,South ,TBOC,15-16,No Tide,66,223,0,Alive
2021,4,M. gigas,South ,TBOC,15-16,No Tide,66,224,0,Alive
2021,4,M. gigas,South ,TBOC,15-16,No Tide,66,225,0,Alive
2022,6,M. gigas,North,HIOC,15-16,No Tide,1,1,1,Dead
2022,6,M. gigas,North,HIOC,15-16,No Tide,1,2,1,Dead
2022,6,M. gigas,North,HIOC,15-16,No Tide,1,3,1,Dead
2022,6,M. gigas,North,HIOC,15-16,No Tide,1,4,1,Dead
2022,6,M. gigas,North,HIOC,15-16,No Tide,1,5,1,Dead
2022,6,M. gigas,North,HIOC,15-16,No Tide,1,6,1,Dead
2022,6,M. gigas,North,HIOC,15-16,No Tide,1,7,1,Dead
2022,6,M. gigas,North,HIOC,15-16,No Tide,1,8,1,Dead
2022,6,M. gigas,North,HIOC,15-16,No Tide,1,9,1,Dead
2022,6,M. gigas,North,HIOC,15-16,No Tide,1,10,1,Dead
2022,6,M. gigas,North,HIOC,15-16,No Tide,1,11,1,Dead
2022,6,M. gigas,North,HIOC,15-16,No Tide,1,12,1,Dead
2022,6,M. gigas,North,HIOC,15-16,No Tide,1,13,1,Dead
2022,6,M. gigas,North,HIOC,15-16,No Tide,1,14,1,Dead
2022,6,M. gigas,North,HIOC,15-16,No Tide,1,15,1,Dead
2022,6,M. gigas,North,HIOC,15-16,No Tide,1,16,1,Dead
2022,6,M. gigas,North,HIOC,15-16,No Tide,1,17,1,Dead
2022,6,M. gigas,North,HIOC,15-16,No Tide,1,18,1,Dead
2022,6,M. gigas,North,HIOC,15-16,No Tide,1,19,1,Dead
2022,6,M. gigas,North,HIOC,15-16,No Tide,1,20,1,Dead
2022,6,M. gigas,North,HIOC,15-16,No Tide,1,21,1,Dead
2022,6,M. gigas,North,HIOC,15-16,No Tide,1,22,1,Dead
2022,6,M. gigas,North,HIOC,15-16,No Tide,1,23,1,Dead
2022,6,M. gigas,North,HIOC,15-16,No Tide,1,24,1,Dead
2022,6,M. gigas,North,HIOC,15-16,No Tide,1,25,1,Dead
2022,6,M. gigas,North,HIOC,15-16,No Tide,1,26,1,Dead
2022,6,M. gigas,North,HIOC,15-16,No Tide,1,27,1,Dead
2022,6,M. gigas,North,HIOC,15-16,No Tide,1,28,1,Dead
2022,6,M. gigas,North,HIOC,15-16,No Tide,1,29,1,Dead
2022,6,M. gigas,North,HIOC,15-16,No Tide,1,30,1,Dead
2022,6,M. gigas,North,HIOC,15-16,No Tide,1,31,1,Dead
2022,6,M. gigas,North,HIOC,15-16,No Tide,1,32,1,Dead
2022,6,M. gigas,North,HIOC,15-16,No Tide,1,33,1,Dead
2022,6,M. gigas,North,HIOC,15-16,No Tide,1,34,1,Dead
2022,6,M. gigas,North,HIOC,15-16,No Tide,1,35,1,Dead
2022,6,M. gigas,North,HIOC,15-16,No Tide,1,36,1,Dead
2022,6,M. gigas,North,HIOC,15-16,No Tide,1,37,1,Dead
2022,6,M. gigas,North,HIOC,15-16,No Tide,1,38,1,Dead
2022,6,M. gigas,North,HIOC,15-16,No Tide,1,39,1,Dead
2022,6,M. gigas,North,HIOC,15-16,No Tide,1,40,1,Dead
2022,6,M. gigas,North,HIOC,15-16,No Tide,1,41,1,Dead
2022,6,M. gigas,North,HIOC,15-16,No Tide,1,42,1,Dead
2022,6,M. gigas,North,HIOC,15-16,No Tide,1,43,1,Dead
2022,6,M. gigas,North,HIOC,15-16,No Tide,1,44,1,Dead
2022,6,M. gigas,North,HIOC,15-16,No Tide,1,45,1,Dead
2022,6,M. gigas,North,HIOC,15-16,No Tide,1,46,1,Dead
2022,6,M. gigas,North,HIOC,15-16,No Tide,1,47,1,Dead
2022,6,M. gigas,North,HIOC,15-16,No Tide,1,48,1,Dead
2022,6,M. gigas,North,HIOC,15-16,No Tide,1,49,1,Dead
2022,6,M. gigas,North,HIOC,15-16,No Tide,1,50,1,Dead
2022,6,M. gigas,North,HIOC,15-16,No Tide,1,51,1,Dead
2022,6,M. gigas,North,HIOC,15-16,No Tide,1,52,0,Alive
2022,6,M. gigas,North,HIOC,15-16,No Tide,1,53,0,Alive
2022,6,M. gigas,North,HIOC,15-16,No Tide,1,54,0,Alive
2022,6,M. gigas,North,HIOC,15-16,No Tide,1,55,0,Alive
2022,6,M. gigas,North,HIOC,15-16,No Tide,1,56,0,Alive
2022,6,M. gigas,North,HIOC,15-16,No Tide,1,57,0,Alive
2022,6,M. gigas,North,HIOC,15-16,No Tide,1,58,0,Alive
2022,6,M. gigas,North,HIOC,15-16,No Tide,1,59,0,Alive
2022,6,M. gigas,North,HIOC,15-16,No Tide,1,60,0,Alive
2022,6,M. gigas,North,HIOC,15-16,No Tide,1,61,0,Alive
2022,6,M. gigas,North,HIOC,15-16,No Tide,1,62,0,Alive
2022,6,M. gigas,North,HIOC,15-16,No Tide,1,63,0,Alive
2022,6,M. gigas,North,HIOC,15-16,No Tide,1,64,0,Alive
2022,6,M. gigas,North,HIOC,15-16,No Tide,1,65,0,Alive
2022,6,M. gigas,North,HIOC,15-16,No Tide,1,66,0,Alive
2022,6,M. gigas,North,HIOC,15-16,No Tide,1,67,0,Alive
2022,6,M. gigas,North,HIOC,15-16,No Tide,1,68,0,Alive
2022,6,M. gigas,North,HIOC,15-16,No Tide,1,69,0,Alive
2022,6,M. gigas,North,HIOC,15-16,No Tide,1,70,0,Alive
2022,6,M. gigas,North,HIOC,15-16,No Tide,1,71,0,Alive
2022,6,M. gigas,North,HIOC,15-16,No Tide,1,72,0,Alive
2022,6,M. gigas,North,HIOC,15-16,No Tide,1,73,0,Alive
2022,6,M. gigas,North,HIOC,15-16,No Tide,1,74,0,Alive
2022,6,M. gigas,North,HIOC,15-16,No Tide,1,75,0,Alive
2022,6,M. gigas,North,HIOC,15-16,No Tide,1,76,0,Alive
2022,6,M. gigas,North,HIOC,15-16,No Tide,1,77,0,Alive
2022,6,M. gigas,North,HIOC,15-16,No Tide,1,78,0,Alive
2022,6,M. gigas,North,HIOC,15-16,No Tide,1,79,0,Alive
2022,6,M. gigas,North,HIOC,15-16,No Tide,1,80,0,Alive
2022,6,M. gigas,North,HIOC,15-16,No Tide,1,81,0,Alive
2022,6,M. gigas,North,HIOC,15-16,No Tide,1,82,0,Alive
2022,6,M. gigas,North,HIOC,15-16,No Tide,1,83,0,Alive
2022,6,M. gigas,North,HIOC,15-16,No Tide,1,84,0,Alive
2022,6,M. gigas,North,HIOC,15-16,No Tide,1,85,0,Alive
2022,6,M. gigas,North,HIOC,15-16,No Tide,1,86,0,Alive
2022,6,M. gigas,North,HIOC,15-16,No Tide,1,87,0,Alive
2022,6,M. gigas,North,HIOC,15-16,No Tide,1,88,0,Alive
2022,6,M. gigas,North,HIOC,15-16,No Tide,1,89,0,Alive
2022,6,M. gigas,North,HIOC,15-16,No Tide,1,90,0,Alive
2022,6,M. gigas,North,HIOC,15-16,No Tide,1,91,0,Alive
2022,6,M. gigas,North,HIOC,15-16,No Tide,1,92,0,Alive
2022,6,M. gigas,North,HIOC,15-16,No Tide,1,93,0,Alive
2022,6,M. gigas,North,HIOC,15-16,No Tide,1,94,0,Alive
2022,6,M. gigas,North,HIOC,15-16,No Tide,1,95,0,Alive
2022,6,M. gigas,North,HIOC,15-16,No Tide,1,96,0,Alive
2022,6,M. gigas,North,HIOC,15-16,No Tide,1,97,0,Alive
2022,6,M. gigas,North,HIOC,15-16,No Tide,1,98,0,Alive
2022,6,M. gigas,North,HIOC,15-16,No Tide,1,99,0,Alive
2022,6,M. gigas,North,HIOC,15-16,No Tide,1,100,0,Alive
2022,6,M. gigas,North,HIOC,15-16,No Tide,1,101,0,Alive
2022,6,M. gigas,North,HIOC,15-16,No Tide,1,102,0,Alive
2022,6,M. gigas,North,HIOC,15-16,No Tide,1,103,0,Alive
2022,6,M. gigas,North,HIOC,15-16,No Tide,1,104,0,Alive
2022,6,M. gigas,North,HIOC,15-16,No Tide,1,105,0,Alive
2022,6,M. gigas,North,HIOC,15-16,No Tide,1,106,0,Alive
2022,6,M. gigas,North,HIOC,15-16,No Tide,1,107,0,Alive
2022,6,M. gigas,North,HIOC,15-16,No Tide,1,108,0,Alive
2022,6,M. gigas,North,HIOC,15-16,No Tide,1,109,0,Alive
2022,6,M. gigas,North,HIOC,15-16,No Tide,1,110,0,Alive
2022,6,M. gigas,North,HIOC,15-16,No Tide,1,111,0,Alive
2022,6,M. gigas,North,HIOC,15-16,No Tide,1,112,0,Alive
2022,6,M. gigas,North,HIOC,15-16,No Tide,1,113,0,Alive
2022,6,M. gigas,North,HIOC,15-16,No Tide,1,114,0,Alive
2022,6,M. gigas,North,HIOC,15-16,No Tide,1,115,0,Alive
2022,6,M. gigas,North,HIOC,15-16,No Tide,1,116,0,Alive
2022,6,M. gigas,North,HIOC,15-16,No Tide,1,117,0,Alive
2022,6,M. gigas,North,HIOC,15-16,No Tide,1,118,0,Alive
2022,6,M. gigas,North,HIOC,15-16,No Tide,1,119,0,Alive
2022,6,M. gigas,North,HIOC,15-16,No Tide,1,120,0,Alive
2022,6,M. gigas,North,HIOC,15-16,No Tide,1,121,0,Alive
2022,6,M. gigas,North,HIOC,15-16,No Tide,1,122,0,Alive
2022,6,M. gigas,North,HIOC,15-16,No Tide,1,123,0,Alive
2022,6,M. gigas,North,HIOC,15-16,No Tide,1,124,0,Alive
2022,6,M. gigas,North,HIOC,15-16,No Tide,1,125,0,Alive
2022,6,M. gigas,North,HIOC,15-16,No Tide,1,126,0,Alive
2022,6,M. gigas,North,HIOC,15-16,No Tide,1,127,0,Alive
2022,6,M. gigas,North,HIOC,15-16,No Tide,1,128,0,Alive
2022,6,M. gigas,North,HIOC,15-16,No Tide,1,129,0,Alive
2022,6,M. gigas,North,HIOC,15-16,No Tide,1,130,0,Alive
2022,6,M. gigas,North,HIOC,15-16,No Tide,1,131,0,Alive
2022,6,M. gigas,North,HIOC,15-16,No Tide,1,132,0,Alive
2022,6,M. gigas,North,HIOC,15-16,No Tide,1,133,0,Alive
2022,6,M. gigas,North,HIOC,15-16,No Tide,1,134,0,Alive
2022,6,M. gigas,North,HIOC,15-16,No Tide,1,135,0,Alive
2022,6,M. gigas,North,HIOC,15-16,No Tide,1,136,0,Alive
2022,6,M. gigas,North,HIOC,15-16,No Tide,1,137,0,Alive
2022,6,M. gigas,North,HIOC,15-16,No Tide,1,138,0,Alive
2022,6,M. gigas,North,HIOC,15-16,No Tide,1,139,0,Alive
2022,6,M. gigas,North,HIOC,15-16,No Tide,1,140,0,Alive
2022,6,M. gigas,North,HIOC,15-16,No Tide,1,141,0,Alive
2022,6,M. gigas,North,HIOC,15-16,No Tide,1,142,0,Alive
2022,6,M. gigas,North,HIOC,15-16,No Tide,1,143,0,Alive
2022,6,M. gigas,North,HIOC,15-16,No Tide,1,144,0,Alive
2022,6,M. gigas,North,HIOC,15-16,No Tide,1,145,0,Alive
2022,6,M. gigas,North,HIOC,15-16,No Tide,1,146,0,Alive
2022,6,M. gigas,North,HIOC,15-16,No Tide,1,147,0,Alive
2022,6,M. gigas,North,HIOC,15-16,No Tide,1,148,0,Alive
2022,6,M. gigas,North,HIOC,15-16,No Tide,1,149,0,Alive
2022,6,M. gigas,North,HIOC,15-16,No Tide,1,150,0,Alive
2022,6,M. gigas,North,HIOC,15-16,No Tide,1,151,0,Alive
2022,6,M. gigas,North,HIOC,15-16,No Tide,1,152,0,Alive
2022,6,M. gigas,North,HIOC,15-16,No Tide,1,153,0,Alive
2022,6,M. gigas,North,HIOC,15-16,No Tide,1,154,0,Alive
2022,6,M. gigas,North,HIOC,15-16,No Tide,1,155,0,Alive
2022,6,M. gigas,North,HIOC,15-16,No Tide,1,156,0,Alive
2022,6,M. gigas,North,HIOC,15-16,No Tide,1,157,0,Alive
2022,6,M. gigas,North,HIOC,15-16,No Tide,1,158,0,Alive
2022,6,M. gigas,North,HIOC,15-16,No Tide,1,159,0,Alive
2022,6,M. gigas,North,HIOC,15-16,No Tide,1,160,0,Alive
2022,6,M. gigas,North,HIOC,15-16,No Tide,1,161,0,Alive
2022,6,M. gigas,North,HIOC,15-16,No Tide,1,162,0,Alive
2022,6,M. gigas,North,HIOC,15-16,No Tide,1,163,0,Alive
2022,6,M. gigas,North,HIOC,15-16,No Tide,1,164,0,Alive
2022,6,M. gigas,North,HIOC,15-16,No Tide,1,165,0,Alive
2022,6,M. gigas,North,HIOC,15-16,No Tide,1,166,0,Alive
2022,6,M. gigas,North,HIOC,15-16,No Tide,1,167,0,Alive
2022,6,M. gigas,North,HIOC,15-16,No Tide,1,168,0,Alive
2022,6,M. gigas,North,HIOC,15-16,No Tide,1,169,0,Alive
2022,6,M. gigas,North,HIOC,15-16,No Tide,1,170,0,Alive
2022,6,M. gigas,North,HIOC,15-16,No Tide,1,171,0,Alive
2022,6,M. gigas,North,HIOC,15-16,No Tide,1,172,0,Alive
2022,6,M. gigas,North,HIOC,15-16,No Tide,1,173,0,Alive
2022,6,M. gigas,North,HIOC,15-16,No Tide,1,174,0,Alive
2022,6,M. gigas,North,HIOC,15-16,No Tide,1,175,0,Alive
2022,6,M. gigas,North,HIOC,15-16,No Tide,1,176,0,Alive
2022,6,M. gigas,North,HIOC,15-16,No Tide,1,177,0,Alive
2022,6,M. gigas,North,HIOC,15-16,No Tide,1,178,0,Alive
2022,6,M. gigas,North,HIOC,15-16,No Tide,1,179,0,Alive
2022,6,M. gigas,North,HIOC,15-16,No Tide,1,180,0,Alive
2022,6,M. gigas,North,HIOC,15-16,No Tide,1,181,0,Alive
2022,6,M. gigas,North,HIOC,15-16,No Tide,1,182,0,Alive
2022,6,M. gigas,North,HIOC,15-16,No Tide,1,183,0,Alive
2022,6,M. gigas,North,HIOC,15-16,No Tide,1,184,0,Alive
2022,6,M. gigas,North,HIOC,15-16,No Tide,1,185,0,Alive
2022,6,M. gigas,North,HIOC,15-16,No Tide,1,186,0,Alive
2022,6,M. gigas,North,HIOC,15-16,No Tide,1,187,0,Alive
2022,6,M. gigas,North,HIOC,15-16,No Tide,1,188,0,Alive
2022,6,M. gigas,North,HIOC,15-16,No Tide,1,189,0,Alive
2022,6,M. gigas,North,HIOC,15-16,No Tide,1,190,0,Alive
2022,6,M. gigas,North,HIOC,15-16,No Tide,1,191,0,Alive
2022,6,M. gigas,North,HIOC,15-16,No Tide,1,192,0,Alive
2022,6,M. gigas,North,HIOC,15-16,No Tide,1,193,0,Alive
2022,6,M. gigas,North,HIOC,15-16,No Tide,1,194,0,Alive
2022,6,M. gigas,North,HIOC,15-16,No Tide,1,195,0,Alive
2022,6,M. gigas,North,HIOC,15-16,No Tide,1,196,0,Alive
2022,6,M. gigas,North,HIOC,15-16,No Tide,1,197,0,Alive
2022,6,M. gigas,North,HIOC,15-16,No Tide,1,198,0,Alive
2022,6,M. gigas,North,HIOC,15-16,No Tide,1,199,0,Alive
2022,6,M. gigas,North,HIOC,15-16,No Tide,1,200,0,Alive
2022,6,M. gigas,North,HIOC,15-16,No Tide,1,201,0,Alive
2022,6,M. gigas,North,HIOC,15-16,No Tide,1,202,0,Alive
2022,6,M. gigas,North,HIOC,15-16,No Tide,1,203,0,Alive
2022,6,M. gigas,North,HIOC,15-16,No Tide,1,204,0,Alive
2022,6,M. gigas,North,HIOC,15-16,No Tide,1,205,0,Alive
2022,6,M. gigas,North,HIOC,15-16,No Tide,1,206,0,Alive
2022,6,M. gigas,North,HIOC,15-16,No Tide,1,207,0,Alive
2022,6,M. gigas,North,HIOC,15-16,No Tide,1,208,0,Alive
2022,6,M. gigas,North,HIOC,15-16,No Tide,1,209,0,Alive
2022,6,M. gigas,North,HIOC,15-16,No Tide,1,210,0,Alive
2022,6,M. gigas,North,HIOC,15-16,No Tide,1,211,0,Alive
2022,6,M. gigas,North,HIOC,15-16,No Tide,1,212,0,Alive
2022,6,M. gigas,North,HIOC,15-16,No Tide,1,213,0,Alive
2022,6,M. gigas,North,HIOC,15-16,No Tide,1,214,0,Alive
2022,6,M. gigas,North,HIOC,15-16,No Tide,1,215,0,Alive
2022,6,M. gigas,North,HIOC,15-16,No Tide,1,216,0,Alive
2022,6,M. gigas,North,HIOC,15-16,No Tide,1,217,0,Alive
2022,6,M. gigas,North,HIOC,15-16,No Tide,1,218,0,Alive
2022,6,M. gigas,North,HIOC,15-16,No Tide,1,219,0,Alive
2022,6,M. gigas,North,HIOC,15-16,No Tide,1,220,0,Alive
2022,6,M. gigas,North,HIOC,15-16,No Tide,1,221,0,Alive
2022,6,M. gigas,North,HIOC,15-16,No Tide,1,222,0,Alive
2022,6,M. gigas,North,HIOC,15-16,No Tide,1,223,0,Alive
2022,6,M. gigas,North,HIOC,15-16,No Tide,1,224,0,Alive
2022,6,M. gigas,North,HIOC,15-16,No Tide,1,225,0,Alive
2022,6,M. gigas,North,HIOC,15-16,No Tide,1,226,0,Alive
2022,6,M. gigas,North,HIOC,15-16,No Tide,1,227,0,Alive
2022,6,M. gigas,North,HIOC,15-16,No Tide,1,228,0,Alive
2022,6,M. gigas,North,HIOC,15-16,No Tide,1,229,0,Alive
2022,6,M. gigas,North,HIOC,15-16,No Tide,1,230,0,Alive
2022,6,M. gigas,North,HIOC,15-16,No Tide,1,231,0,Alive
2022,6,M. gigas,North,HIOC,15-16,No Tide,1,232,0,Alive
2022,6,M. gigas,North,HIOC,15-16,No Tide,1,233,0,Alive
2022,6,M. gigas,North,HIOC,15-16,No Tide,1,234,0,Alive
2022,6,M. gigas,North,HIOC,15-16,No Tide,1,235,0,Alive
2022,6,M. gigas,North,HIOC,15-16,No Tide,1,236,0,Alive
2022,6,M. gigas,North,HIOC,15-16,No Tide,1,237,0,Alive
2022,6,M. gigas,North,HIOC,15-16,No Tide,1,238,0,Alive
2022,6,M. gigas,North,HIOC,15-16,No Tide,1,239,0,Alive
2022,6,M. gigas,North,HIOC,15-16,No Tide,1,240,0,Alive
2022,6,M. gigas,North,HIOC,15-16,No Tide,1,241,0,Alive
2022,6,M. gigas,North,HIOC,15-16,No Tide,1,242,0,Alive
2022,6,M. gigas,North,HIOC,15-16,No Tide,1,243,0,Alive
2022,6,M. gigas,North,HIOC,15-16,No Tide,1,244,0,Alive
2022,6,M. gigas,North,HIOC,15-16,No Tide,1,245,0,Alive
2022,6,M. gigas,North,HIOC,15-16,No Tide,1,246,0,Alive
2022,6,M. gigas,North,HIOC,15-16,No Tide,1,247,0,Alive
2022,6,M. gigas,North,HIOC,15-16,No Tide,1,248,0,Alive
2022,6,M. gigas,North,HIOC,15-16,No Tide,1,249,0,Alive
2022,6,M. gigas,North,HIOC,15-16,No Tide,1,250,0,Alive
2022,6,M. gigas,North,HIOC,15-16,No Tide,2,1,1,Dead
2022,6,M. gigas,North,HIOC,15-16,No Tide,2,2,1,Dead
2022,6,M. gigas,North,HIOC,15-16,No Tide,2,3,1,Dead
2022,6,M. gigas,North,HIOC,15-16,No Tide,2,4,1,Dead
2022,6,M. gigas,North,HIOC,15-16,No Tide,2,5,1,Dead
2022,6,M. gigas,North,HIOC,15-16,No Tide,2,6,1,Dead
2022,6,M. gigas,North,HIOC,15-16,No Tide,2,7,1,Dead
2022,6,M. gigas,North,HIOC,15-16,No Tide,2,8,1,Dead
2022,6,M. gigas,North,HIOC,15-16,No Tide,2,9,1,Dead
2022,6,M. gigas,North,HIOC,15-16,No Tide,2,10,1,Dead
2022,6,M. gigas,North,HIOC,15-16,No Tide,2,11,0,Alive
2022,6,M. gigas,North,HIOC,15-16,No Tide,2,12,0,Alive
2022,6,M. gigas,North,HIOC,15-16,No Tide,2,13,0,Alive
2022,6,M. gigas,North,HIOC,15-16,No Tide,2,14,0,Alive
2022,6,M. gigas,North,HIOC,15-16,No Tide,2,15,0,Alive
2022,6,M. gigas,North,HIOC,15-16,No Tide,2,16,0,Alive
2022,6,M. gigas,North,HIOC,15-16,No Tide,2,17,0,Alive
2022,6,M. gigas,North,HIOC,15-16,No Tide,2,18,0,Alive
2022,6,M. gigas,North,HIOC,15-16,No Tide,2,19,0,Alive
2022,6,M. gigas,North,HIOC,15-16,No Tide,2,20,0,Alive
2022,6,M. gigas,North,HIOC,15-16,No Tide,2,21,0,Alive
2022,6,M. gigas,North,HIOC,15-16,No Tide,2,22,0,Alive
2022,6,M. gigas,North,HIOC,15-16,No Tide,2,23,0,Alive
2022,6,M. gigas,North,HIOC,15-16,No Tide,2,24,0,Alive
2022,6,M. gigas,North,HIOC,15-16,No Tide,2,25,0,Alive
2022,6,M. gigas,North,HIOC,15-16,No Tide,2,26,0,Alive
2022,6,M. gigas,North,HIOC,15-16,No Tide,2,27,0,Alive
2022,6,M. gigas,North,HIOC,15-16,No Tide,2,28,0,Alive
2022,6,M. gigas,North,HIOC,15-16,No Tide,2,29,0,Alive
2022,6,M. gigas,North,HIOC,15-16,No Tide,2,30,0,Alive
2022,6,M. gigas,North,HIOC,15-16,No Tide,2,31,0,Alive
2022,6,M. gigas,North,HIOC,15-16,No Tide,2,32,0,Alive
2022,6,M. gigas,North,HIOC,15-16,No Tide,2,33,0,Alive
2022,6,M. gigas,North,HIOC,15-16,No Tide,2,34,0,Alive
2022,6,M. gigas,North,HIOC,15-16,No Tide,2,35,0,Alive
2022,6,M. gigas,North,HIOC,15-16,No Tide,2,36,0,Alive
2022,6,M. gigas,North,HIOC,15-16,No Tide,2,37,0,Alive
2022,6,M. gigas,North,HIOC,15-16,No Tide,2,38,0,Alive
2022,6,M. gigas,North,HIOC,15-16,No Tide,2,39,0,Alive
2022,6,M. gigas,North,HIOC,15-16,No Tide,2,40,0,Alive
2022,6,M. gigas,North,HIOC,15-16,No Tide,2,41,0,Alive
2022,6,M. gigas,North,HIOC,15-16,No Tide,2,42,0,Alive
2022,6,M. gigas,North,HIOC,15-16,No Tide,2,43,0,Alive
2022,6,M. gigas,North,HIOC,15-16,No Tide,2,44,0,Alive
2022,6,M. gigas,North,HIOC,15-16,No Tide,2,45,0,Alive
2022,6,M. gigas,North,HIOC,15-16,No Tide,2,46,0,Alive
2022,6,M. gigas,North,HIOC,15-16,No Tide,2,47,0,Alive
2022,6,M. gigas,North,HIOC,15-16,No Tide,2,48,0,Alive
2022,6,M. gigas,North,HIOC,15-16,No Tide,2,49,0,Alive
2022,6,M. gigas,North,HIOC,15-16,No Tide,2,50,0,Alive
2022,6,M. gigas,North,HIOC,15-16,No Tide,2,51,0,Alive
2022,6,M. gigas,North,HIOC,15-16,No Tide,2,52,0,Alive
2022,6,M. gigas,North,HIOC,15-16,No Tide,2,53,0,Alive
2022,6,M. gigas,North,HIOC,15-16,No Tide,2,54,0,Alive
2022,6,M. gigas,North,HIOC,15-16,No Tide,2,55,0,Alive
2022,6,M. gigas,North,HIOC,15-16,No Tide,2,56,0,Alive
2022,6,M. gigas,North,HIOC,15-16,No Tide,2,57,0,Alive
2022,6,M. gigas,North,HIOC,15-16,No Tide,2,58,0,Alive
2022,6,M. gigas,North,HIOC,15-16,No Tide,2,59,0,Alive
2022,6,M. gigas,North,HIOC,15-16,No Tide,2,60,0,Alive
2022,6,M. gigas,North,HIOC,15-16,No Tide,2,61,0,Alive
2022,6,M. gigas,North,HIOC,15-16,No Tide,2,62,0,Alive
2022,6,M. gigas,North,HIOC,15-16,No Tide,2,63,0,Alive
2022,6,M. gigas,North,HIOC,15-16,No Tide,2,64,0,Alive
2022,6,M. gigas,North,HIOC,15-16,No Tide,2,65,0,Alive
2022,6,M. gigas,North,HIOC,15-16,No Tide,2,66,0,Alive
2022,6,M. gigas,North,HIOC,15-16,No Tide,2,67,0,Alive
2022,6,M. gigas,North,HIOC,15-16,No Tide,2,68,0,Alive
2022,6,M. gigas,North,HIOC,15-16,No Tide,2,69,0,Alive
2022,6,M. gigas,North,HIOC,15-16,No Tide,2,70,0,Alive
2022,6,M. gigas,North,HIOC,15-16,No Tide,2,71,0,Alive
2022,6,M. gigas,North,HIOC,15-16,No Tide,2,72,0,Alive
2022,6,M. gigas,North,HIOC,15-16,No Tide,2,73,0,Alive
2022,6,M. gigas,North,HIOC,15-16,No Tide,2,74,0,Alive
2022,6,M. gigas,North,HIOC,15-16,No Tide,2,75,0,Alive
2022,6,M. gigas,North,HIOC,15-16,No Tide,2,76,0,Alive
2022,6,M. gigas,North,HIOC,15-16,No Tide,2,77,0,Alive
2022,6,M. gigas,North,HIOC,15-16,No Tide,2,78,0,Alive
2022,6,M. gigas,North,HIOC,15-16,No Tide,2,79,0,Alive
2022,6,M. gigas,North,HIOC,15-16,No Tide,2,80,0,Alive
2022,6,M. gigas,North,HIOC,15-16,No Tide,2,81,0,Alive
2022,6,M. gigas,North,HIOC,15-16,No Tide,2,82,0,Alive
2022,6,M. gigas,North,HIOC,15-16,No Tide,2,83,0,Alive
2022,6,M. gigas,North,HIOC,15-16,No Tide,2,84,0,Alive
2022,6,M. gigas,North,HIOC,15-16,No Tide,2,85,0,Alive
2022,6,M. gigas,North,HIOC,15-16,No Tide,2,86,0,Alive
2022,6,M. gigas,North,HIOC,15-16,No Tide,2,87,0,Alive
2022,6,M. gigas,North,HIOC,15-16,No Tide,2,88,0,Alive
2022,6,M. gigas,North,HIOC,15-16,No Tide,2,89,0,Alive
2022,6,M. gigas,North,HIOC,15-16,No Tide,2,90,0,Alive
2022,6,M. gigas,North,HIOC,15-16,No Tide,2,91,0,Alive
2022,6,M. gigas,North,HIOC,15-16,No Tide,2,92,0,Alive
2022,6,M. gigas,North,HIOC,15-16,No Tide,2,93,0,Alive
2022,6,M. gigas,North,HIOC,15-16,No Tide,2,94,0,Alive
2022,6,M. gigas,North,HIOC,15-16,No Tide,2,95,0,Alive
2022,6,M. gigas,North,HIOC,15-16,No Tide,2,96,0,Alive
2022,6,M. gigas,North,HIOC,15-16,No Tide,2,97,0,Alive
2022,6,M. gigas,North,HIOC,15-16,No Tide,2,98,0,Alive
2022,6,M. gigas,North,HIOC,15-16,No Tide,2,99,0,Alive
2022,6,M. gigas,North,HIOC,15-16,No Tide,2,100,0,Alive
2022,6,M. gigas,North,HIOC,15-16,No Tide,2,101,0,Alive
2022,6,M. gigas,North,HIOC,15-16,No Tide,2,102,0,Alive
2022,6,M. gigas,North,HIOC,15-16,No Tide,2,103,0,Alive
2022,6,M. gigas,North,HIOC,15-16,No Tide,2,104,0,Alive
2022,6,M. gigas,North,HIOC,15-16,No Tide,2,105,0,Alive
2022,6,M. gigas,North,HIOC,15-16,No Tide,2,106,0,Alive
2022,6,M. gigas,North,HIOC,15-16,No Tide,2,107,0,Alive
2022,6,M. gigas,North,HIOC,15-16,No Tide,2,108,0,Alive
2022,6,M. gigas,North,HIOC,15-16,No Tide,2,109,0,Alive
2022,6,M. gigas,North,HIOC,15-16,No Tide,2,110,0,Alive
2022,6,M. gigas,North,HIOC,15-16,No Tide,2,111,0,Alive
2022,6,M. gigas,North,HIOC,15-16,No Tide,2,112,0,Alive
2022,6,M. gigas,North,HIOC,15-16,No Tide,2,113,0,Alive
2022,6,M. gigas,North,HIOC,15-16,No Tide,2,114,0,Alive
2022,6,M. gigas,North,HIOC,15-16,No Tide,2,115,0,Alive
2022,6,M. gigas,North,HIOC,15-16,No Tide,2,116,0,Alive
2022,6,M. gigas,North,HIOC,15-16,No Tide,2,117,0,Alive
2022,6,M. gigas,North,HIOC,15-16,No Tide,2,118,0,Alive
2022,6,M. gigas,North,HIOC,15-16,No Tide,2,119,0,Alive
2022,6,M. gigas,North,HIOC,15-16,No Tide,2,120,0,Alive
2022,6,M. gigas,North,HIOC,15-16,No Tide,2,121,0,Alive
2022,6,M. gigas,North,HIOC,15-16,No Tide,2,122,0,Alive
2022,6,M. gigas,North,HIOC,15-16,No Tide,2,123,0,Alive
2022,6,M. gigas,North,HIOC,15-16,No Tide,2,124,0,Alive
2022,6,M. gigas,North,HIOC,15-16,No Tide,2,125,0,Alive
2022,6,M. gigas,North,HIOC,15-16,No Tide,2,126,0,Alive
2022,6,M. gigas,North,HIOC,15-16,No Tide,2,127,0,Alive
2022,6,M. gigas,North,HIOC,15-16,No Tide,2,128,0,Alive
2022,6,M. gigas,North,HIOC,15-16,No Tide,2,129,0,Alive
2022,6,M. gigas,North,HIOC,15-16,No Tide,2,130,0,Alive
2022,6,M. gigas,North,HIOC,15-16,No Tide,2,131,0,Alive
2022,6,M. gigas,North,HIOC,15-16,No Tide,2,132,0,Alive
2022,6,M. gigas,North,HIOC,15-16,No Tide,2,133,0,Alive
2022,6,M. gigas,North,HIOC,15-16,No Tide,2,134,0,Alive
2022,6,M. gigas,North,HIOC,15-16,No Tide,2,135,0,Alive
2022,6,M. gigas,North,HIOC,15-16,No Tide,2,136,0,Alive
2022,6,M. gigas,North,HIOC,15-16,No Tide,2,137,0,Alive
2022,6,M. gigas,North,HIOC,15-16,No Tide,2,138,0,Alive
2022,6,M. gigas,North,HIOC,15-16,No Tide,2,139,0,Alive
2022,6,M. gigas,North,HIOC,15-16,No Tide,2,140,0,Alive
2022,6,M. gigas,North,HIOC,15-16,No Tide,2,141,0,Alive
2022,6,M. gigas,North,HIOC,15-16,No Tide,2,142,0,Alive
2022,6,M. gigas,North,HIOC,15-16,No Tide,2,143,0,Alive
2022,6,M. gigas,North,HIOC,15-16,No Tide,2,144,0,Alive
2022,6,M. gigas,North,HIOC,15-16,No Tide,2,145,0,Alive
2022,6,M. gigas,North,HIOC,15-16,No Tide,2,146,0,Alive
2022,6,M. gigas,North,HIOC,15-16,No Tide,2,147,0,Alive
2022,6,M. gigas,North,HIOC,15-16,No Tide,2,148,0,Alive
2022,6,M. gigas,North,HIOC,15-16,No Tide,2,149,0,Alive
2022,6,M. gigas,North,HIOC,15-16,No Tide,2,150,0,Alive
2022,6,M. gigas,North,HIOC,15-16,No Tide,2,151,0,Alive
2022,6,M. gigas,North,HIOC,15-16,No Tide,2,152,0,Alive
2022,6,M. gigas,North,HIOC,15-16,No Tide,2,153,0,Alive
2022,6,M. gigas,North,HIOC,15-16,No Tide,2,154,0,Alive
2022,6,M. gigas,North,HIOC,15-16,No Tide,2,155,0,Alive
2022,6,M. gigas,North,HIOC,15-16,No Tide,2,156,0,Alive
2022,6,M. gigas,North,HIOC,15-16,No Tide,2,157,0,Alive
2022,6,M. gigas,North,HIOC,15-16,No Tide,2,158,0,Alive
2022,6,M. gigas,North,HIOC,15-16,No Tide,2,159,0,Alive
2022,6,M. gigas,North,HIOC,15-16,No Tide,2,160,0,Alive
2022,6,M. gigas,North,HIOC,15-16,No Tide,2,161,0,Alive
2022,6,M. gigas,North,HIOC,15-16,No Tide,2,162,0,Alive
2022,6,M. gigas,North,HIOC,15-16,No Tide,2,163,0,Alive
2022,6,M. gigas,North,HIOC,15-16,No Tide,2,164,0,Alive
2022,6,M. gigas,North,HIOC,15-16,No Tide,2,165,0,Alive
2022,6,M. gigas,North,HIOC,15-16,No Tide,2,166,0,Alive
2022,6,M. gigas,North,HIOC,15-16,No Tide,2,167,0,Alive
2022,6,M. gigas,North,HIOC,15-16,No Tide,2,168,0,Alive
2022,6,M. gigas,North,HIOC,15-16,No Tide,2,169,0,Alive
2022,6,M. gigas,North,HIOC,15-16,No Tide,2,170,0,Alive
2022,6,M. gigas,North,HIOC,15-16,No Tide,2,171,0,Alive
2022,6,M. gigas,North,HIOC,15-16,No Tide,2,172,0,Alive
2022,6,M. gigas,North,HIOC,15-16,No Tide,2,173,0,Alive
2022,6,M. gigas,North,HIOC,15-16,No Tide,2,174,0,Alive
2022,6,M. gigas,North,HIOC,15-16,No Tide,2,175,0,Alive
2022,6,M. gigas,North,HIOC,15-16,No Tide,2,176,0,Alive
2022,6,M. gigas,North,HIOC,15-16,No Tide,2,177,0,Alive
2022,6,M. gigas,North,HIOC,15-16,No Tide,2,178,0,Alive
2022,6,M. gigas,North,HIOC,15-16,No Tide,2,179,0,Alive
2022,6,M. gigas,North,HIOC,15-16,No Tide,2,180,0,Alive
2022,6,M. gigas,North,HIOC,15-16,No Tide,2,181,0,Alive
2022,6,M. gigas,North,HIOC,15-16,No Tide,2,182,0,Alive
2022,6,M. gigas,North,HIOC,15-16,No Tide,2,183,0,Alive
2022,6,M. gigas,North,HIOC,15-16,No Tide,2,184,0,Alive
2022,6,M. gigas,North,HIOC,15-16,No Tide,2,185,0,Alive
2022,6,M. gigas,North,HIOC,15-16,No Tide,2,186,0,Alive
2022,6,M. gigas,North,HIOC,15-16,No Tide,2,187,0,Alive
2022,6,M. gigas,North,HIOC,15-16,No Tide,2,188,0,Alive
2022,6,M. gigas,North,HIOC,15-16,No Tide,2,189,0,Alive
2022,6,M. gigas,North,HIOC,15-16,No Tide,2,190,0,Alive
2022,6,M. gigas,North,HIOC,15-16,No Tide,2,191,0,Alive
2022,6,M. gigas,North,HIOC,15-16,No Tide,2,192,0,Alive
2022,6,M. gigas,North,HIOC,15-16,No Tide,2,193,0,Alive
2022,6,M. gigas,North,HIOC,15-16,No Tide,2,194,0,Alive
2022,6,M. gigas,North,HIOC,15-16,No Tide,2,195,0,Alive
2022,6,M. gigas,North,HIOC,15-16,No Tide,2,196,0,Alive
2022,6,M. gigas,North,HIOC,15-16,No Tide,2,197,0,Alive
2022,6,M. gigas,North,HIOC,15-16,No Tide,2,198,0,Alive
2022,6,M. gigas,North,HIOC,15-16,No Tide,2,199,0,Alive
2022,6,M. gigas,North,HIOC,15-16,No Tide,2,200,0,Alive
2022,6,M. gigas,North,HIOC,15-16,No Tide,2,201,0,Alive
2022,6,M. gigas,North,HIOC,15-16,No Tide,2,202,0,Alive
2022,6,M. gigas,North,HIOC,15-16,No Tide,2,203,0,Alive
2022,6,M. gigas,North,HIOC,15-16,No Tide,2,204,0,Alive
2022,6,M. gigas,North,HIOC,15-16,No Tide,2,205,0,Alive
2022,6,M. gigas,North,HIOC,15-16,No Tide,2,206,0,Alive
2022,6,M. gigas,North,HIOC,15-16,No Tide,2,207,0,Alive
2022,6,M. gigas,North,HIOC,15-16,No Tide,2,208,0,Alive
2022,6,M. gigas,North,HIOC,15-16,No Tide,2,209,0,Alive
2022,6,M. gigas,North,HIOC,15-16,No Tide,2,210,0,Alive
2022,6,M. gigas,North,HIOC,15-16,No Tide,2,211,0,Alive
2022,6,M. gigas,North,HIOC,15-16,No Tide,2,212,0,Alive
2022,6,M. gigas,North,HIOC,15-16,No Tide,2,213,0,Alive
2022,6,M. gigas,North,HIOC,15-16,No Tide,2,214,0,Alive
2022,6,M. gigas,North,HIOC,15-16,No Tide,2,215,0,Alive
2022,6,M. gigas,North,HIOC,15-16,No Tide,2,216,0,Alive
2022,6,M. gigas,North,HIOC,15-16,No Tide,2,217,0,Alive
2022,6,M. gigas,North,HIOC,15-16,No Tide,2,218,0,Alive
2022,6,M. gigas,North,HIOC,15-16,No Tide,2,219,0,Alive
2022,6,M. gigas,North,HIOC,15-16,No Tide,2,220,0,Alive
2022,6,M. gigas,North,HIOC,15-16,No Tide,2,221,0,Alive
2022,6,M. gigas,North,HIOC,15-16,No Tide,2,222,0,Alive
2022,6,M. gigas,North,HIOC,15-16,No Tide,2,223,0,Alive
2022,6,M. gigas,North,HIOC,15-16,No Tide,2,224,0,Alive
2022,6,M. gigas,North,HIOC,15-16,No Tide,2,225,0,Alive
2022,6,M. gigas,North,HIOC,15-16,No Tide,2,226,0,Alive
2022,6,M. gigas,North,HIOC,15-16,No Tide,2,227,0,Alive
2022,6,M. gigas,North,HIOC,15-16,No Tide,2,228,0,Alive
2022,6,M. gigas,North,HIOC,15-16,No Tide,2,229,0,Alive
2022,6,M. gigas,North,HIOC,15-16,No Tide,2,230,0,Alive
2022,6,M. gigas,North,HIOC,15-16,No Tide,2,231,0,Alive
2022,6,M. gigas,North,HIOC,15-16,No Tide,2,232,0,Alive
2022,6,M. gigas,North,HIOC,15-16,No Tide,2,233,0,Alive
2022,6,M. gigas,North,HIOC,15-16,No Tide,2,234,0,Alive
2022,6,M. gigas,North,HIOC,15-16,No Tide,2,235,0,Alive
2022,6,M. gigas,North,HIOC,15-16,No Tide,2,236,0,Alive
2022,6,M. gigas,North,HIOC,15-16,No Tide,2,237,0,Alive
2022,6,M. gigas,North,HIOC,15-16,No Tide,2,238,0,Alive
2022,6,M. gigas,North,HIOC,15-16,No Tide,2,239,0,Alive
2022,6,M. gigas,North,HIOC,15-16,No Tide,2,240,0,Alive
2022,6,M. gigas,North,HIOC,15-16,No Tide,2,241,0,Alive
2022,6,M. gigas,North,HIOC,15-16,No Tide,2,242,0,Alive
2022,6,M. gigas,North,HIOC,15-16,No Tide,2,243,0,Alive
2022,6,M. gigas,North,HIOC,15-16,No Tide,2,244,0,Alive
2022,6,M. gigas,North,HIOC,15-16,No Tide,2,245,0,Alive
2022,6,M. gigas,North,HIOC,15-16,No Tide,2,246,0,Alive
2022,6,M. gigas,North,HIOC,15-16,No Tide,2,247,0,Alive
2022,6,M. gigas,North,HIOC,15-16,No Tide,2,248,0,Alive
2022,6,M. gigas,North,HIOC,15-16,No Tide,2,249,0,Alive
2022,6,M. gigas,North,HIOC,15-16,No Tide,2,250,0,Alive
2022,6,M. gigas,North,HIOC,15-16,No Tide,3,1,1,Dead
2022,6,M. gigas,North,HIOC,15-16,No Tide,3,2,1,Dead
2022,6,M. gigas,North,HIOC,15-16,No Tide,3,3,1,Dead
2022,6,M. gigas,North,HIOC,15-16,No Tide,3,4,1,Dead
2022,6,M. gigas,North,HIOC,15-16,No Tide,3,5,1,Dead
2022,6,M. gigas,North,HIOC,15-16,No Tide,3,6,1,Dead
2022,6,M. gigas,North,HIOC,15-16,No Tide,3,7,1,Dead
2022,6,M. gigas,North,HIOC,15-16,No Tide,3,8,1,Dead
2022,6,M. gigas,North,HIOC,15-16,No Tide,3,9,1,Dead
2022,6,M. gigas,North,HIOC,15-16,No Tide,3,10,1,Dead
2022,6,M. gigas,North,HIOC,15-16,No Tide,3,11,1,Dead
2022,6,M. gigas,North,HIOC,15-16,No Tide,3,12,1,Dead
2022,6,M. gigas,North,HIOC,15-16,No Tide,3,13,1,Dead
2022,6,M. gigas,North,HIOC,15-16,No Tide,3,14,1,Dead
2022,6,M. gigas,North,HIOC,15-16,No Tide,3,15,1,Dead
2022,6,M. gigas,North,HIOC,15-16,No Tide,3,16,1,Dead
2022,6,M. gigas,North,HIOC,15-16,No Tide,3,17,1,Dead
2022,6,M. gigas,North,HIOC,15-16,No Tide,3,18,1,Dead
2022,6,M. gigas,North,HIOC,15-16,No Tide,3,19,1,Dead
2022,6,M. gigas,North,HIOC,15-16,No Tide,3,20,1,Dead
2022,6,M. gigas,North,HIOC,15-16,No Tide,3,21,1,Dead
2022,6,M. gigas,North,HIOC,15-16,No Tide,3,22,1,Dead
2022,6,M. gigas,North,HIOC,15-16,No Tide,3,23,1,Dead
2022,6,M. gigas,North,HIOC,15-16,No Tide,3,24,1,Dead
2022,6,M. gigas,North,HIOC,15-16,No Tide,3,25,1,Dead
2022,6,M. gigas,North,HIOC,15-16,No Tide,3,26,1,Dead
2022,6,M. gigas,North,HIOC,15-16,No Tide,3,27,1,Dead
2022,6,M. gigas,North,HIOC,15-16,No Tide,3,28,1,Dead
2022,6,M. gigas,North,HIOC,15-16,No Tide,3,29,1,Dead
2022,6,M. gigas,North,HIOC,15-16,No Tide,3,30,1,Dead
2022,6,M. gigas,North,HIOC,15-16,No Tide,3,31,1,Dead
2022,6,M. gigas,North,HIOC,15-16,No Tide,3,32,1,Dead
2022,6,M. gigas,North,HIOC,15-16,No Tide,3,33,1,Dead
2022,6,M. gigas,North,HIOC,15-16,No Tide,3,34,1,Dead
2022,6,M. gigas,North,HIOC,15-16,No Tide,3,35,1,Dead
2022,6,M. gigas,North,HIOC,15-16,No Tide,3,36,1,Dead
2022,6,M. gigas,North,HIOC,15-16,No Tide,3,37,1,Dead
2022,6,M. gigas,North,HIOC,15-16,No Tide,3,38,1,Dead
2022,6,M. gigas,North,HIOC,15-16,No Tide,3,39,1,Dead
2022,6,M. gigas,North,HIOC,15-16,No Tide,3,40,1,Dead
2022,6,M. gigas,North,HIOC,15-16,No Tide,3,41,1,Dead
2022,6,M. gigas,North,HIOC,15-16,No Tide,3,42,1,Dead
2022,6,M. gigas,North,HIOC,15-16,No Tide,3,43,1,Dead
2022,6,M. gigas,North,HIOC,15-16,No Tide,3,44,1,Dead
2022,6,M. gigas,North,HIOC,15-16,No Tide,3,45,1,Dead
2022,6,M. gigas,North,HIOC,15-16,No Tide,3,46,1,Dead
2022,6,M. gigas,North,HIOC,15-16,No Tide,3,47,1,Dead
2022,6,M. gigas,North,HIOC,15-16,No Tide,3,48,1,Dead
2022,6,M. gigas,North,HIOC,15-16,No Tide,3,49,1,Dead
2022,6,M. gigas,North,HIOC,15-16,No Tide,3,50,1,Dead
2022,6,M. gigas,North,HIOC,15-16,No Tide,3,51,1,Dead
2022,6,M. gigas,North,HIOC,15-16,No Tide,3,52,1,Dead
2022,6,M. gigas,North,HIOC,15-16,No Tide,3,53,1,Dead
2022,6,M. gigas,North,HIOC,15-16,No Tide,3,54,1,Dead
2022,6,M. gigas,North,HIOC,15-16,No Tide,3,55,1,Dead
2022,6,M. gigas,North,HIOC,15-16,No Tide,3,56,1,Dead
2022,6,M. gigas,North,HIOC,15-16,No Tide,3,57,0,Alive
2022,6,M. gigas,North,HIOC,15-16,No Tide,3,58,0,Alive
2022,6,M. gigas,North,HIOC,15-16,No Tide,3,59,0,Alive
2022,6,M. gigas,North,HIOC,15-16,No Tide,3,60,0,Alive
2022,6,M. gigas,North,HIOC,15-16,No Tide,3,61,0,Alive
2022,6,M. gigas,North,HIOC,15-16,No Tide,3,62,0,Alive
2022,6,M. gigas,North,HIOC,15-16,No Tide,3,63,0,Alive
2022,6,M. gigas,North,HIOC,15-16,No Tide,3,64,0,Alive
2022,6,M. gigas,North,HIOC,15-16,No Tide,3,65,0,Alive
2022,6,M. gigas,North,HIOC,15-16,No Tide,3,66,0,Alive
2022,6,M. gigas,North,HIOC,15-16,No Tide,3,67,0,Alive
2022,6,M. gigas,North,HIOC,15-16,No Tide,3,68,0,Alive
2022,6,M. gigas,North,HIOC,15-16,No Tide,3,69,0,Alive
2022,6,M. gigas,North,HIOC,15-16,No Tide,3,70,0,Alive
2022,6,M. gigas,North,HIOC,15-16,No Tide,3,71,0,Alive
2022,6,M. gigas,North,HIOC,15-16,No Tide,3,72,0,Alive
2022,6,M. gigas,North,HIOC,15-16,No Tide,3,73,0,Alive
2022,6,M. gigas,North,HIOC,15-16,No Tide,3,74,0,Alive
2022,6,M. gigas,North,HIOC,15-16,No Tide,3,75,0,Alive
2022,6,M. gigas,North,HIOC,15-16,No Tide,3,76,0,Alive
2022,6,M. gigas,North,HIOC,15-16,No Tide,3,77,0,Alive
2022,6,M. gigas,North,HIOC,15-16,No Tide,3,78,0,Alive
2022,6,M. gigas,North,HIOC,15-16,No Tide,3,79,0,Alive
2022,6,M. gigas,North,HIOC,15-16,No Tide,3,80,0,Alive
2022,6,M. gigas,North,HIOC,15-16,No Tide,3,81,0,Alive
2022,6,M. gigas,North,HIOC,15-16,No Tide,3,82,0,Alive
2022,6,M. gigas,North,HIOC,15-16,No Tide,3,83,0,Alive
2022,6,M. gigas,North,HIOC,15-16,No Tide,3,84,0,Alive
2022,6,M. gigas,North,HIOC,15-16,No Tide,3,85,0,Alive
2022,6,M. gigas,North,HIOC,15-16,No Tide,3,86,0,Alive
2022,6,M. gigas,North,HIOC,15-16,No Tide,3,87,0,Alive
2022,6,M. gigas,North,HIOC,15-16,No Tide,3,88,0,Alive
2022,6,M. gigas,North,HIOC,15-16,No Tide,3,89,0,Alive
2022,6,M. gigas,North,HIOC,15-16,No Tide,3,90,0,Alive
2022,6,M. gigas,North,HIOC,15-16,No Tide,3,91,0,Alive
2022,6,M. gigas,North,HIOC,15-16,No Tide,3,92,0,Alive
2022,6,M. gigas,North,HIOC,15-16,No Tide,3,93,0,Alive
2022,6,M. gigas,North,HIOC,15-16,No Tide,3,94,0,Alive
2022,6,M. gigas,North,HIOC,15-16,No Tide,3,95,0,Alive
2022,6,M. gigas,North,HIOC,15-16,No Tide,3,96,0,Alive
2022,6,M. gigas,North,HIOC,15-16,No Tide,3,97,0,Alive
2022,6,M. gigas,North,HIOC,15-16,No Tide,3,98,0,Alive
2022,6,M. gigas,North,HIOC,15-16,No Tide,3,99,0,Alive
2022,6,M. gigas,North,HIOC,15-16,No Tide,3,100,0,Alive
2022,6,M. gigas,North,HIOC,15-16,No Tide,3,101,0,Alive
2022,6,M. gigas,North,HIOC,15-16,No Tide,3,102,0,Alive
2022,6,M. gigas,North,HIOC,15-16,No Tide,3,103,0,Alive
2022,6,M. gigas,North,HIOC,15-16,No Tide,3,104,0,Alive
2022,6,M. gigas,North,HIOC,15-16,No Tide,3,105,0,Alive
2022,6,M. gigas,North,HIOC,15-16,No Tide,3,106,0,Alive
2022,6,M. gigas,North,HIOC,15-16,No Tide,3,107,0,Alive
2022,6,M. gigas,North,HIOC,15-16,No Tide,3,108,0,Alive
2022,6,M. gigas,North,HIOC,15-16,No Tide,3,109,0,Alive
2022,6,M. gigas,North,HIOC,15-16,No Tide,3,110,0,Alive
2022,6,M. gigas,North,HIOC,15-16,No Tide,3,111,0,Alive
2022,6,M. gigas,North,HIOC,15-16,No Tide,3,112,0,Alive
2022,6,M. gigas,North,HIOC,15-16,No Tide,3,113,0,Alive
2022,6,M. gigas,North,HIOC,15-16,No Tide,3,114,0,Alive
2022,6,M. gigas,North,HIOC,15-16,No Tide,3,115,0,Alive
2022,6,M. gigas,North,HIOC,15-16,No Tide,3,116,0,Alive
2022,6,M. gigas,North,HIOC,15-16,No Tide,3,117,0,Alive
2022,6,M. gigas,North,HIOC,15-16,No Tide,3,118,0,Alive
2022,6,M. gigas,North,HIOC,15-16,No Tide,3,119,0,Alive
2022,6,M. gigas,North,HIOC,15-16,No Tide,3,120,0,Alive
2022,6,M. gigas,North,HIOC,15-16,No Tide,3,121,0,Alive
2022,6,M. gigas,North,HIOC,15-16,No Tide,3,122,0,Alive
2022,6,M. gigas,North,HIOC,15-16,No Tide,3,123,0,Alive
2022,6,M. gigas,North,HIOC,15-16,No Tide,3,124,0,Alive
2022,6,M. gigas,North,HIOC,15-16,No Tide,3,125,0,Alive
2022,6,M. gigas,North,HIOC,15-16,No Tide,3,126,0,Alive
2022,6,M. gigas,North,HIOC,15-16,No Tide,3,127,0,Alive
2022,6,M. gigas,North,HIOC,15-16,No Tide,3,128,0,Alive
2022,6,M. gigas,North,HIOC,15-16,No Tide,3,129,0,Alive
2022,6,M. gigas,North,HIOC,15-16,No Tide,3,130,0,Alive
2022,6,M. gigas,North,HIOC,15-16,No Tide,3,131,0,Alive
2022,6,M. gigas,North,HIOC,15-16,No Tide,3,132,0,Alive
2022,6,M. gigas,North,HIOC,15-16,No Tide,3,133,0,Alive
2022,6,M. gigas,North,HIOC,15-16,No Tide,3,134,0,Alive
2022,6,M. gigas,North,HIOC,15-16,No Tide,3,135,0,Alive
2022,6,M. gigas,North,HIOC,15-16,No Tide,3,136,0,Alive
2022,6,M. gigas,North,HIOC,15-16,No Tide,3,137,0,Alive
2022,6,M. gigas,North,HIOC,15-16,No Tide,3,138,0,Alive
2022,6,M. gigas,North,HIOC,15-16,No Tide,3,139,0,Alive
2022,6,M. gigas,North,HIOC,15-16,No Tide,3,140,0,Alive
2022,6,M. gigas,North,HIOC,15-16,No Tide,3,141,0,Alive
2022,6,M. gigas,North,HIOC,15-16,No Tide,3,142,0,Alive
2022,6,M. gigas,North,HIOC,15-16,No Tide,3,143,0,Alive
2022,6,M. gigas,North,HIOC,15-16,No Tide,3,144,0,Alive
2022,6,M. gigas,North,HIOC,15-16,No Tide,3,145,0,Alive
2022,6,M. gigas,North,HIOC,15-16,No Tide,3,146,0,Alive
2022,6,M. gigas,North,HIOC,15-16,No Tide,3,147,0,Alive
2022,6,M. gigas,North,HIOC,15-16,No Tide,3,148,0,Alive
2022,6,M. gigas,North,HIOC,15-16,No Tide,3,149,0,Alive
2022,6,M. gigas,North,HIOC,15-16,No Tide,3,150,0,Alive
2022,6,M. gigas,North,HIOC,15-16,No Tide,3,151,0,Alive
2022,6,M. gigas,North,HIOC,15-16,No Tide,3,152,0,Alive
2022,6,M. gigas,North,HIOC,15-16,No Tide,3,153,0,Alive
2022,6,M. gigas,North,HIOC,15-16,No Tide,3,154,0,Alive
2022,6,M. gigas,North,HIOC,15-16,No Tide,3,155,0,Alive
2022,6,M. gigas,North,HIOC,15-16,No Tide,3,156,0,Alive
2022,6,M. gigas,North,HIOC,15-16,No Tide,3,157,0,Alive
2022,6,M. gigas,North,HIOC,15-16,No Tide,3,158,0,Alive
2022,6,M. gigas,North,HIOC,15-16,No Tide,3,159,0,Alive
2022,6,M. gigas,North,HIOC,15-16,No Tide,3,160,0,Alive
2022,6,M. gigas,North,HIOC,15-16,No Tide,3,161,0,Alive
2022,6,M. gigas,North,HIOC,15-16,No Tide,3,162,0,Alive
2022,6,M. gigas,North,HIOC,15-16,No Tide,3,163,0,Alive
2022,6,M. gigas,North,HIOC,15-16,No Tide,3,164,0,Alive
2022,6,M. gigas,North,HIOC,15-16,No Tide,3,165,0,Alive
2022,6,M. gigas,North,HIOC,15-16,No Tide,3,166,0,Alive
2022,6,M. gigas,North,HIOC,15-16,No Tide,3,167,0,Alive
2022,6,M. gigas,North,HIOC,15-16,No Tide,3,168,0,Alive
2022,6,M. gigas,North,HIOC,15-16,No Tide,3,169,0,Alive
2022,6,M. gigas,North,HIOC,15-16,No Tide,3,170,0,Alive
2022,6,M. gigas,North,HIOC,15-16,No Tide,3,171,0,Alive
2022,6,M. gigas,North,HIOC,15-16,No Tide,3,172,0,Alive
2022,6,M. gigas,North,HIOC,15-16,No Tide,3,173,0,Alive
2022,6,M. gigas,North,HIOC,15-16,No Tide,3,174,0,Alive
2022,6,M. gigas,North,HIOC,15-16,No Tide,3,175,0,Alive
2022,6,M. gigas,North,HIOC,15-16,No Tide,3,176,0,Alive
2022,6,M. gigas,North,HIOC,15-16,No Tide,3,177,0,Alive
2022,6,M. gigas,North,HIOC,15-16,No Tide,3,178,0,Alive
2022,6,M. gigas,North,HIOC,15-16,No Tide,3,179,0,Alive
2022,6,M. gigas,North,HIOC,15-16,No Tide,3,180,0,Alive
2022,6,M. gigas,North,HIOC,15-16,No Tide,3,181,0,Alive
2022,6,M. gigas,North,HIOC,15-16,No Tide,3,182,0,Alive
2022,6,M. gigas,North,HIOC,15-16,No Tide,3,183,0,Alive
2022,6,M. gigas,North,HIOC,15-16,No Tide,3,184,0,Alive
2022,6,M. gigas,North,HIOC,15-16,No Tide,3,185,0,Alive
2022,6,M. gigas,North,HIOC,15-16,No Tide,3,186,0,Alive
2022,6,M. gigas,North,HIOC,15-16,No Tide,3,187,0,Alive
2022,6,M. gigas,North,HIOC,15-16,No Tide,3,188,0,Alive
2022,6,M. gigas,North,HIOC,15-16,No Tide,3,189,0,Alive
2022,6,M. gigas,North,HIOC,15-16,No Tide,3,190,0,Alive
2022,6,M. gigas,North,HIOC,15-16,No Tide,3,191,0,Alive
2022,6,M. gigas,North,HIOC,15-16,No Tide,3,192,0,Alive
2022,6,M. gigas,North,HIOC,15-16,No Tide,3,193,0,Alive
2022,6,M. gigas,North,HIOC,15-16,No Tide,3,194,0,Alive
2022,6,M. gigas,North,HIOC,15-16,No Tide,3,195,0,Alive
2022,6,M. gigas,North,HIOC,15-16,No Tide,3,196,0,Alive
2022,6,M. gigas,North,HIOC,15-16,No Tide,3,197,0,Alive
2022,6,M. gigas,North,HIOC,15-16,No Tide,3,198,0,Alive
2022,6,M. gigas,North,HIOC,15-16,No Tide,3,199,0,Alive
2022,6,M. gigas,North,HIOC,15-16,No Tide,3,200,0,Alive
2022,6,M. gigas,North,HIOC,15-16,No Tide,3,201,0,Alive
2022,6,M. gigas,North,HIOC,15-16,No Tide,3,202,0,Alive
2022,6,M. gigas,North,HIOC,15-16,No Tide,3,203,0,Alive
2022,6,M. gigas,North,HIOC,15-16,No Tide,3,204,0,Alive
2022,6,M. gigas,North,HIOC,15-16,No Tide,3,205,0,Alive
2022,6,M. gigas,North,HIOC,15-16,No Tide,3,206,0,Alive
2022,6,M. gigas,North,HIOC,15-16,No Tide,3,207,0,Alive
2022,6,M. gigas,North,HIOC,15-16,No Tide,3,208,0,Alive
2022,6,M. gigas,North,HIOC,15-16,No Tide,3,209,0,Alive
2022,6,M. gigas,North,HIOC,15-16,No Tide,3,210,0,Alive
2022,6,M. gigas,North,HIOC,15-16,No Tide,3,211,0,Alive
2022,6,M. gigas,North,HIOC,15-16,No Tide,3,212,0,Alive
2022,6,M. gigas,North,HIOC,15-16,No Tide,3,213,0,Alive
2022,6,M. gigas,North,HIOC,15-16,No Tide,3,214,0,Alive
2022,6,M. gigas,North,HIOC,15-16,No Tide,3,215,0,Alive
2022,6,M. gigas,North,HIOC,15-16,No Tide,3,216,0,Alive
2022,6,M. gigas,North,HIOC,15-16,No Tide,3,217,0,Alive
2022,6,M. gigas,North,HIOC,15-16,No Tide,3,218,0,Alive
2022,6,M. gigas,North,HIOC,15-16,No Tide,3,219,0,Alive
2022,6,M. gigas,North,HIOC,15-16,No Tide,3,220,0,Alive
2022,6,M. gigas,North,HIOC,15-16,No Tide,3,221,0,Alive
2022,6,M. gigas,North,HIOC,15-16,No Tide,3,222,0,Alive
2022,6,M. gigas,North,HIOC,15-16,No Tide,3,223,0,Alive
2022,6,M. gigas,North,HIOC,15-16,No Tide,3,224,0,Alive
2022,6,M. gigas,North,HIOC,15-16,No Tide,3,225,0,Alive
2022,6,M. gigas,North,HIOC,15-16,No Tide,3,226,0,Alive
2022,6,M. gigas,North,HIOC,15-16,No Tide,3,227,0,Alive
2022,6,M. gigas,North,HIOC,15-16,No Tide,3,228,0,Alive
2022,6,M. gigas,North,HIOC,15-16,No Tide,3,229,0,Alive
2022,6,M. gigas,North,HIOC,15-16,No Tide,3,230,0,Alive
2022,6,M. gigas,North,HIOC,15-16,No Tide,3,231,0,Alive
2022,6,M. gigas,North,HIOC,15-16,No Tide,3,232,0,Alive
2022,6,M. gigas,North,HIOC,15-16,No Tide,3,233,0,Alive
2022,6,M. gigas,North,HIOC,15-16,No Tide,3,234,0,Alive
2022,6,M. gigas,North,HIOC,15-16,No Tide,3,235,0,Alive
2022,6,M. gigas,North,HIOC,15-16,No Tide,3,236,0,Alive
2022,6,M. gigas,North,HIOC,15-16,No Tide,3,237,0,Alive
2022,6,M. gigas,North,HIOC,15-16,No Tide,3,238,0,Alive
2022,6,M. gigas,North,HIOC,15-16,No Tide,3,239,0,Alive
2022,6,M. gigas,North,HIOC,15-16,No Tide,3,240,0,Alive
2022,6,M. gigas,North,HIOC,15-16,No Tide,3,241,0,Alive
2022,6,M. gigas,North,HIOC,15-16,No Tide,3,242,0,Alive
2022,6,M. gigas,North,HIOC,15-16,No Tide,3,243,0,Alive
2022,6,M. gigas,North,HIOC,15-16,No Tide,3,244,0,Alive
2022,6,M. gigas,North,HIOC,15-16,No Tide,3,245,0,Alive
2022,6,M. gigas,North,HIOC,15-16,No Tide,3,246,0,Alive
2022,6,M. gigas,North,HIOC,15-16,No Tide,3,247,0,Alive
2022,6,M. gigas,North,HIOC,15-16,No Tide,3,248,0,Alive
2022,6,M. gigas,North,HIOC,15-16,No Tide,3,249,0,Alive
2022,6,M. gigas,North,HIOC,15-16,No Tide,3,250,0,Alive
2022,6,M. gigas,Middle,BBOC,15-16,No Tide,13,1,1,Dead
2022,6,M. gigas,Middle,BBOC,15-16,No Tide,13,2,1,Dead
2022,6,M. gigas,Middle,BBOC,15-16,No Tide,13,3,1,Dead
2022,6,M. gigas,Middle,BBOC,15-16,No Tide,13,4,1,Dead
2022,6,M. gigas,Middle,BBOC,15-16,No Tide,13,5,1,Dead
2022,6,M. gigas,Middle,BBOC,15-16,No Tide,13,6,1,Dead
2022,6,M. gigas,Middle,BBOC,15-16,No Tide,13,7,1,Dead
2022,6,M. gigas,Middle,BBOC,15-16,No Tide,13,8,1,Dead
2022,6,M. gigas,Middle,BBOC,15-16,No Tide,13,9,1,Dead
2022,6,M. gigas,Middle,BBOC,15-16,No Tide,13,10,1,Dead
2022,6,M. gigas,Middle,BBOC,15-16,No Tide,13,11,1,Dead
2022,6,M. gigas,Middle,BBOC,15-16,No Tide,13,12,1,Dead
2022,6,M. gigas,Middle,BBOC,15-16,No Tide,13,13,1,Dead
2022,6,M. gigas,Middle,BBOC,15-16,No Tide,13,14,1,Dead
2022,6,M. gigas,Middle,BBOC,15-16,No Tide,13,15,1,Dead
2022,6,M. gigas,Middle,BBOC,15-16,No Tide,13,16,1,Dead
2022,6,M. gigas,Middle,BBOC,15-16,No Tide,13,17,1,Dead
2022,6,M. gigas,Middle,BBOC,15-16,No Tide,13,18,1,Dead
2022,6,M. gigas,Middle,BBOC,15-16,No Tide,13,19,1,Dead
2022,6,M. gigas,Middle,BBOC,15-16,No Tide,13,20,1,Dead
2022,6,M. gigas,Middle,BBOC,15-16,No Tide,13,21,1,Dead
2022,6,M. gigas,Middle,BBOC,15-16,No Tide,13,22,1,Dead
2022,6,M. gigas,Middle,BBOC,15-16,No Tide,13,23,1,Dead
2022,6,M. gigas,Middle,BBOC,15-16,No Tide,13,24,1,Dead
2022,6,M. gigas,Middle,BBOC,15-16,No Tide,13,25,1,Dead
2022,6,M. gigas,Middle,BBOC,15-16,No Tide,13,26,1,Dead
2022,6,M. gigas,Middle,BBOC,15-16,No Tide,13,27,1,Dead
2022,6,M. gigas,Middle,BBOC,15-16,No Tide,13,28,1,Dead
2022,6,M. gigas,Middle,BBOC,15-16,No Tide,13,29,1,Dead
2022,6,M. gigas,Middle,BBOC,15-16,No Tide,13,30,1,Dead
2022,6,M. gigas,Middle,BBOC,15-16,No Tide,13,31,1,Dead
2022,6,M. gigas,Middle,BBOC,15-16,No Tide,13,32,1,Dead
2022,6,M. gigas,Middle,BBOC,15-16,No Tide,13,33,1,Dead
2022,6,M. gigas,Middle,BBOC,15-16,No Tide,13,34,1,Dead
2022,6,M. gigas,Middle,BBOC,15-16,No Tide,13,35,1,Dead
2022,6,M. gigas,Middle,BBOC,15-16,No Tide,13,36,1,Dead
2022,6,M. gigas,Middle,BBOC,15-16,No Tide,13,37,1,Dead
2022,6,M. gigas,Middle,BBOC,15-16,No Tide,13,38,1,Dead
2022,6,M. gigas,Middle,BBOC,15-16,No Tide,13,39,1,Dead
2022,6,M. gigas,Middle,BBOC,15-16,No Tide,13,40,1,Dead
2022,6,M. gigas,Middle,BBOC,15-16,No Tide,13,41,1,Dead
2022,6,M. gigas,Middle,BBOC,15-16,No Tide,13,42,1,Dead
2022,6,M. gigas,Middle,BBOC,15-16,No Tide,13,43,1,Dead
2022,6,M. gigas,Middle,BBOC,15-16,No Tide,13,44,1,Dead
2022,6,M. gigas,Middle,BBOC,15-16,No Tide,13,45,1,Dead
2022,6,M. gigas,Middle,BBOC,15-16,No Tide,13,46,1,Dead
2022,6,M. gigas,Middle,BBOC,15-16,No Tide,13,47,1,Dead
2022,6,M. gigas,Middle,BBOC,15-16,No Tide,13,48,1,Dead
2022,6,M. gigas,Middle,BBOC,15-16,No Tide,13,49,1,Dead
2022,6,M. gigas,Middle,BBOC,15-16,No Tide,13,50,1,Dead
2022,6,M. gigas,Middle,BBOC,15-16,No Tide,13,51,1,Dead
2022,6,M. gigas,Middle,BBOC,15-16,No Tide,13,52,1,Dead
2022,6,M. gigas,Middle,BBOC,15-16,No Tide,13,53,1,Dead
2022,6,M. gigas,Middle,BBOC,15-16,No Tide,13,54,1,Dead
2022,6,M. gigas,Middle,BBOC,15-16,No Tide,13,55,1,Dead
2022,6,M. gigas,Middle,BBOC,15-16,No Tide,13,56,1,Dead
2022,6,M. gigas,Middle,BBOC,15-16,No Tide,13,57,1,Dead
2022,6,M. gigas,Middle,BBOC,15-16,No Tide,13,58,1,Dead
2022,6,M. gigas,Middle,BBOC,15-16,No Tide,13,59,1,Dead
2022,6,M. gigas,Middle,BBOC,15-16,No Tide,13,60,1,Dead
2022,6,M. gigas,Middle,BBOC,15-16,No Tide,13,61,1,Dead
2022,6,M. gigas,Middle,BBOC,15-16,No Tide,13,62,1,Dead
2022,6,M. gigas,Middle,BBOC,15-16,No Tide,13,63,1,Dead
2022,6,M. gigas,Middle,BBOC,15-16,No Tide,13,64,1,Dead
2022,6,M. gigas,Middle,BBOC,15-16,No Tide,13,65,1,Dead
2022,6,M. gigas,Middle,BBOC,15-16,No Tide,13,66,1,Dead
2022,6,M. gigas,Middle,BBOC,15-16,No Tide,13,67,1,Dead
2022,6,M. gigas,Middle,BBOC,15-16,No Tide,13,68,1,Dead
2022,6,M. gigas,Middle,BBOC,15-16,No Tide,13,69,1,Dead
2022,6,M. gigas,Middle,BBOC,15-16,No Tide,13,70,1,Dead
2022,6,M. gigas,Middle,BBOC,15-16,No Tide,13,71,1,Dead
2022,6,M. gigas,Middle,BBOC,15-16,No Tide,13,72,1,Dead
2022,6,M. gigas,Middle,BBOC,15-16,No Tide,13,73,1,Dead
2022,6,M. gigas,Middle,BBOC,15-16,No Tide,13,74,1,Dead
2022,6,M. gigas,Middle,BBOC,15-16,No Tide,13,75,1,Dead
2022,6,M. gigas,Middle,BBOC,15-16,No Tide,13,76,1,Dead
2022,6,M. gigas,Middle,BBOC,15-16,No Tide,13,77,1,Dead
2022,6,M. gigas,Middle,BBOC,15-16,No Tide,13,78,1,Dead
2022,6,M. gigas,Middle,BBOC,15-16,No Tide,13,79,1,Dead
2022,6,M. gigas,Middle,BBOC,15-16,No Tide,13,80,1,Dead
2022,6,M. gigas,Middle,BBOC,15-16,No Tide,13,81,1,Dead
2022,6,M. gigas,Middle,BBOC,15-16,No Tide,13,82,1,Dead
2022,6,M. gigas,Middle,BBOC,15-16,No Tide,13,83,1,Dead
2022,6,M. gigas,Middle,BBOC,15-16,No Tide,13,84,1,Dead
2022,6,M. gigas,Middle,BBOC,15-16,No Tide,13,85,0,Alive
2022,6,M. gigas,Middle,BBOC,15-16,No Tide,13,86,0,Alive
2022,6,M. gigas,Middle,BBOC,15-16,No Tide,13,87,0,Alive
2022,6,M. gigas,Middle,BBOC,15-16,No Tide,13,88,0,Alive
2022,6,M. gigas,Middle,BBOC,15-16,No Tide,13,89,0,Alive
2022,6,M. gigas,Middle,BBOC,15-16,No Tide,13,90,0,Alive
2022,6,M. gigas,Middle,BBOC,15-16,No Tide,13,91,0,Alive
2022,6,M. gigas,Middle,BBOC,15-16,No Tide,13,92,0,Alive
2022,6,M. gigas,Middle,BBOC,15-16,No Tide,13,93,0,Alive
2022,6,M. gigas,Middle,BBOC,15-16,No Tide,13,94,0,Alive
2022,6,M. gigas,Middle,BBOC,15-16,No Tide,13,95,0,Alive
2022,6,M. gigas,Middle,BBOC,15-16,No Tide,13,96,0,Alive
2022,6,M. gigas,Middle,BBOC,15-16,No Tide,13,97,0,Alive
2022,6,M. gigas,Middle,BBOC,15-16,No Tide,13,98,0,Alive
2022,6,M. gigas,Middle,BBOC,15-16,No Tide,13,99,0,Alive
2022,6,M. gigas,Middle,BBOC,15-16,No Tide,13,100,0,Alive
2022,6,M. gigas,Middle,BBOC,15-16,No Tide,13,101,0,Alive
2022,6,M. gigas,Middle,BBOC,15-16,No Tide,13,102,0,Alive
2022,6,M. gigas,Middle,BBOC,15-16,No Tide,13,103,0,Alive
2022,6,M. gigas,Middle,BBOC,15-16,No Tide,13,104,0,Alive
2022,6,M. gigas,Middle,BBOC,15-16,No Tide,13,105,0,Alive
2022,6,M. gigas,Middle,BBOC,15-16,No Tide,13,106,0,Alive
2022,6,M. gigas,Middle,BBOC,15-16,No Tide,13,107,0,Alive
2022,6,M. gigas,Middle,BBOC,15-16,No Tide,13,108,0,Alive
2022,6,M. gigas,Middle,BBOC,15-16,No Tide,13,109,0,Alive
2022,6,M. gigas,Middle,BBOC,15-16,No Tide,13,110,0,Alive
2022,6,M. gigas,Middle,BBOC,15-16,No Tide,13,111,0,Alive
2022,6,M. gigas,Middle,BBOC,15-16,No Tide,13,112,0,Alive
2022,6,M. gigas,Middle,BBOC,15-16,No Tide,13,113,0,Alive
2022,6,M. gigas,Middle,BBOC,15-16,No Tide,13,114,0,Alive
2022,6,M. gigas,Middle,BBOC,15-16,No Tide,13,115,0,Alive
2022,6,M. gigas,Middle,BBOC,15-16,No Tide,13,116,0,Alive
2022,6,M. gigas,Middle,BBOC,15-16,No Tide,13,117,0,Alive
2022,6,M. gigas,Middle,BBOC,15-16,No Tide,13,118,0,Alive
2022,6,M. gigas,Middle,BBOC,15-16,No Tide,13,119,0,Alive
2022,6,M. gigas,Middle,BBOC,15-16,No Tide,13,120,0,Alive
2022,6,M. gigas,Middle,BBOC,15-16,No Tide,13,121,0,Alive
2022,6,M. gigas,Middle,BBOC,15-16,No Tide,13,122,0,Alive
2022,6,M. gigas,Middle,BBOC,15-16,No Tide,13,123,0,Alive
2022,6,M. gigas,Middle,BBOC,15-16,No Tide,13,124,0,Alive
2022,6,M. gigas,Middle,BBOC,15-16,No Tide,13,125,0,Alive
2022,6,M. gigas,Middle,BBOC,15-16,No Tide,13,126,0,Alive
2022,6,M. gigas,Middle,BBOC,15-16,No Tide,13,127,0,Alive
2022,6,M. gigas,Middle,BBOC,15-16,No Tide,13,128,0,Alive
2022,6,M. gigas,Middle,BBOC,15-16,No Tide,13,129,0,Alive
2022,6,M. gigas,Middle,BBOC,15-16,No Tide,13,130,0,Alive
2022,6,M. gigas,Middle,BBOC,15-16,No Tide,13,131,0,Alive
2022,6,M. gigas,Middle,BBOC,15-16,No Tide,13,132,0,Alive
2022,6,M. gigas,Middle,BBOC,15-16,No Tide,13,133,0,Alive
2022,6,M. gigas,Middle,BBOC,15-16,No Tide,13,134,0,Alive
2022,6,M. gigas,Middle,BBOC,15-16,No Tide,13,135,0,Alive
2022,6,M. gigas,Middle,BBOC,15-16,No Tide,13,136,0,Alive
2022,6,M. gigas,Middle,BBOC,15-16,No Tide,13,137,0,Alive
2022,6,M. gigas,Middle,BBOC,15-16,No Tide,13,138,0,Alive
2022,6,M. gigas,Middle,BBOC,15-16,No Tide,13,139,0,Alive
2022,6,M. gigas,Middle,BBOC,15-16,No Tide,13,140,0,Alive
2022,6,M. gigas,Middle,BBOC,15-16,No Tide,13,141,0,Alive
2022,6,M. gigas,Middle,BBOC,15-16,No Tide,13,142,0,Alive
2022,6,M. gigas,Middle,BBOC,15-16,No Tide,13,143,0,Alive
2022,6,M. gigas,Middle,BBOC,15-16,No Tide,13,144,0,Alive
2022,6,M. gigas,Middle,BBOC,15-16,No Tide,13,145,0,Alive
2022,6,M. gigas,Middle,BBOC,15-16,No Tide,13,146,0,Alive
2022,6,M. gigas,Middle,BBOC,15-16,No Tide,13,147,0,Alive
2022,6,M. gigas,Middle,BBOC,15-16,No Tide,13,148,0,Alive
2022,6,M. gigas,Middle,BBOC,15-16,No Tide,13,149,0,Alive
2022,6,M. gigas,Middle,BBOC,15-16,No Tide,13,150,0,Alive
2022,6,M. gigas,Middle,BBOC,15-16,No Tide,13,151,0,Alive
2022,6,M. gigas,Middle,BBOC,15-16,No Tide,13,152,0,Alive
2022,6,M. gigas,Middle,BBOC,15-16,No Tide,13,153,0,Alive
2022,6,M. gigas,Middle,BBOC,15-16,No Tide,13,154,0,Alive
2022,6,M. gigas,Middle,BBOC,15-16,No Tide,13,155,0,Alive
2022,6,M. gigas,Middle,BBOC,15-16,No Tide,13,156,0,Alive
2022,6,M. gigas,Middle,BBOC,15-16,No Tide,13,157,0,Alive
2022,6,M. gigas,Middle,BBOC,15-16,No Tide,13,158,0,Alive
2022,6,M. gigas,Middle,BBOC,15-16,No Tide,13,159,0,Alive
2022,6,M. gigas,Middle,BBOC,15-16,No Tide,13,160,0,Alive
2022,6,M. gigas,Middle,BBOC,15-16,No Tide,13,161,0,Alive
2022,6,M. gigas,Middle,BBOC,15-16,No Tide,13,162,0,Alive
2022,6,M. gigas,Middle,BBOC,15-16,No Tide,13,163,0,Alive
2022,6,M. gigas,Middle,BBOC,15-16,No Tide,13,164,0,Alive
2022,6,M. gigas,Middle,BBOC,15-16,No Tide,13,165,0,Alive
2022,6,M. gigas,Middle,BBOC,15-16,No Tide,13,166,0,Alive
2022,6,M. gigas,Middle,BBOC,15-16,No Tide,13,167,0,Alive
2022,6,M. gigas,Middle,BBOC,15-16,No Tide,13,168,0,Alive
2022,6,M. gigas,Middle,BBOC,15-16,No Tide,13,169,0,Alive
2022,6,M. gigas,Middle,BBOC,15-16,No Tide,13,170,0,Alive
2022,6,M. gigas,Middle,BBOC,15-16,No Tide,13,171,0,Alive
2022,6,M. gigas,Middle,BBOC,15-16,No Tide,13,172,0,Alive
2022,6,M. gigas,Middle,BBOC,15-16,No Tide,13,173,0,Alive
2022,6,M. gigas,Middle,BBOC,15-16,No Tide,13,174,0,Alive
2022,6,M. gigas,Middle,BBOC,15-16,No Tide,13,175,0,Alive
2022,6,M. gigas,Middle,BBOC,15-16,No Tide,13,176,0,Alive
2022,6,M. gigas,Middle,BBOC,15-16,No Tide,13,177,0,Alive
2022,6,M. gigas,Middle,BBOC,15-16,No Tide,13,178,0,Alive
2022,6,M. gigas,Middle,BBOC,15-16,No Tide,13,179,0,Alive
2022,6,M. gigas,Middle,BBOC,15-16,No Tide,13,180,0,Alive
2022,6,M. gigas,Middle,BBOC,15-16,No Tide,13,181,0,Alive
2022,6,M. gigas,Middle,BBOC,15-16,No Tide,13,182,0,Alive
2022,6,M. gigas,Middle,BBOC,15-16,No Tide,13,183,0,Alive
2022,6,M. gigas,Middle,BBOC,15-16,No Tide,13,184,0,Alive
2022,6,M. gigas,Middle,BBOC,15-16,No Tide,13,185,0,Alive
2022,6,M. gigas,Middle,BBOC,15-16,No Tide,13,186,0,Alive
2022,6,M. gigas,Middle,BBOC,15-16,No Tide,13,187,0,Alive
2022,6,M. gigas,Middle,BBOC,15-16,No Tide,13,188,0,Alive
2022,6,M. gigas,Middle,BBOC,15-16,No Tide,13,189,0,Alive
2022,6,M. gigas,Middle,BBOC,15-16,No Tide,13,190,0,Alive
2022,6,M. gigas,Middle,BBOC,15-16,No Tide,13,191,0,Alive
2022,6,M. gigas,Middle,BBOC,15-16,No Tide,13,192,0,Alive
2022,6,M. gigas,Middle,BBOC,15-16,No Tide,13,193,0,Alive
2022,6,M. gigas,Middle,BBOC,15-16,No Tide,13,194,0,Alive
2022,6,M. gigas,Middle,BBOC,15-16,No Tide,13,195,0,Alive
2022,6,M. gigas,Middle,BBOC,15-16,No Tide,13,196,0,Alive
2022,6,M. gigas,Middle,BBOC,15-16,No Tide,13,197,0,Alive
2022,6,M. gigas,Middle,BBOC,15-16,No Tide,13,198,0,Alive
2022,6,M. gigas,Middle,BBOC,15-16,No Tide,13,199,0,Alive
2022,6,M. gigas,Middle,BBOC,15-16,No Tide,13,200,0,Alive
2022,6,M. gigas,Middle,BBOC,15-16,No Tide,13,201,0,Alive
2022,6,M. gigas,Middle,BBOC,15-16,No Tide,13,202,0,Alive
2022,6,M. gigas,Middle,BBOC,15-16,No Tide,13,203,0,Alive
2022,6,M. gigas,Middle,BBOC,15-16,No Tide,13,204,0,Alive
2022,6,M. gigas,Middle,BBOC,15-16,No Tide,13,205,0,Alive
2022,6,M. gigas,Middle,BBOC,15-16,No Tide,13,206,0,Alive
2022,6,M. gigas,Middle,BBOC,15-16,No Tide,13,207,0,Alive
2022,6,M. gigas,Middle,BBOC,15-16,No Tide,13,208,0,Alive
2022,6,M. gigas,Middle,BBOC,15-16,No Tide,13,209,0,Alive
2022,6,M. gigas,Middle,BBOC,15-16,No Tide,13,210,0,Alive
2022,6,M. gigas,Middle,BBOC,15-16,No Tide,13,211,0,Alive
2022,6,M. gigas,Middle,BBOC,15-16,No Tide,13,212,0,Alive
2022,6,M. gigas,Middle,BBOC,15-16,No Tide,13,213,0,Alive
2022,6,M. gigas,Middle,BBOC,15-16,No Tide,13,214,0,Alive
2022,6,M. gigas,Middle,BBOC,15-16,No Tide,13,215,0,Alive
2022,6,M. gigas,Middle,BBOC,15-16,No Tide,13,216,0,Alive
2022,6,M. gigas,Middle,BBOC,15-16,No Tide,13,217,0,Alive
2022,6,M. gigas,Middle,BBOC,15-16,No Tide,13,218,0,Alive
2022,6,M. gigas,Middle,BBOC,15-16,No Tide,13,219,0,Alive
2022,6,M. gigas,Middle,BBOC,15-16,No Tide,13,220,0,Alive
2022,6,M. gigas,Middle,BBOC,15-16,No Tide,13,221,0,Alive
2022,6,M. gigas,Middle,BBOC,15-16,No Tide,13,222,0,Alive
2022,6,M. gigas,Middle,BBOC,15-16,No Tide,13,223,0,Alive
2022,6,M. gigas,Middle,BBOC,15-16,No Tide,13,224,0,Alive
2022,6,M. gigas,Middle,BBOC,15-16,No Tide,13,225,0,Alive
2022,6,M. gigas,Middle,BBOC,15-16,No Tide,13,226,0,Alive
2022,6,M. gigas,Middle,BBOC,15-16,No Tide,13,227,0,Alive
2022,6,M. gigas,Middle,BBOC,15-16,No Tide,13,228,0,Alive
2022,6,M. gigas,Middle,BBOC,15-16,No Tide,13,229,0,Alive
2022,6,M. gigas,Middle,BBOC,15-16,No Tide,13,230,0,Alive
2022,6,M. gigas,Middle,BBOC,15-16,No Tide,13,231,0,Alive
2022,6,M. gigas,Middle,BBOC,15-16,No Tide,13,232,0,Alive
2022,6,M. gigas,Middle,BBOC,15-16,No Tide,13,233,0,Alive
2022,6,M. gigas,Middle,BBOC,15-16,No Tide,13,234,0,Alive
2022,6,M. gigas,Middle,BBOC,15-16,No Tide,13,235,0,Alive
2022,6,M. gigas,Middle,BBOC,15-16,No Tide,13,236,0,Alive
2022,6,M. gigas,Middle,BBOC,15-16,No Tide,13,237,0,Alive
2022,6,M. gigas,Middle,BBOC,15-16,No Tide,13,238,0,Alive
2022,6,M. gigas,Middle,BBOC,15-16,No Tide,13,239,0,Alive
2022,6,M. gigas,Middle,BBOC,15-16,No Tide,13,240,0,Alive
2022,6,M. gigas,Middle,BBOC,15-16,No Tide,13,241,0,Alive
2022,6,M. gigas,Middle,BBOC,15-16,No Tide,13,242,0,Alive
2022,6,M. gigas,Middle,BBOC,15-16,No Tide,13,243,0,Alive
2022,6,M. gigas,Middle,BBOC,15-16,No Tide,13,244,0,Alive
2022,6,M. gigas,Middle,BBOC,15-16,No Tide,13,245,0,Alive
2022,6,M. gigas,Middle,BBOC,15-16,No Tide,13,246,0,Alive
2022,6,M. gigas,Middle,BBOC,15-16,No Tide,13,247,0,Alive
2022,6,M. gigas,Middle,BBOC,15-16,No Tide,13,248,0,Alive
2022,6,M. gigas,Middle,BBOC,15-16,No Tide,13,249,0,Alive
2022,6,M. gigas,Middle,BBOC,15-16,No Tide,13,250,0,Alive
2022,6,M. gigas,Middle,BBOC,15-16,No Tide,14,1,1,Dead
2022,6,M. gigas,Middle,BBOC,15-16,No Tide,14,2,1,Dead
2022,6,M. gigas,Middle,BBOC,15-16,No Tide,14,3,1,Dead
2022,6,M. gigas,Middle,BBOC,15-16,No Tide,14,4,1,Dead
2022,6,M. gigas,Middle,BBOC,15-16,No Tide,14,5,1,Dead
2022,6,M. gigas,Middle,BBOC,15-16,No Tide,14,6,1,Dead
2022,6,M. gigas,Middle,BBOC,15-16,No Tide,14,7,1,Dead
2022,6,M. gigas,Middle,BBOC,15-16,No Tide,14,8,1,Dead
2022,6,M. gigas,Middle,BBOC,15-16,No Tide,14,9,1,Dead
2022,6,M. gigas,Middle,BBOC,15-16,No Tide,14,10,1,Dead
2022,6,M. gigas,Middle,BBOC,15-16,No Tide,14,11,1,Dead
2022,6,M. gigas,Middle,BBOC,15-16,No Tide,14,12,1,Dead
2022,6,M. gigas,Middle,BBOC,15-16,No Tide,14,13,1,Dead
2022,6,M. gigas,Middle,BBOC,15-16,No Tide,14,14,1,Dead
2022,6,M. gigas,Middle,BBOC,15-16,No Tide,14,15,1,Dead
2022,6,M. gigas,Middle,BBOC,15-16,No Tide,14,16,1,Dead
2022,6,M. gigas,Middle,BBOC,15-16,No Tide,14,17,1,Dead
2022,6,M. gigas,Middle,BBOC,15-16,No Tide,14,18,1,Dead
2022,6,M. gigas,Middle,BBOC,15-16,No Tide,14,19,1,Dead
2022,6,M. gigas,Middle,BBOC,15-16,No Tide,14,20,1,Dead
2022,6,M. gigas,Middle,BBOC,15-16,No Tide,14,21,1,Dead
2022,6,M. gigas,Middle,BBOC,15-16,No Tide,14,22,1,Dead
2022,6,M. gigas,Middle,BBOC,15-16,No Tide,14,23,1,Dead
2022,6,M. gigas,Middle,BBOC,15-16,No Tide,14,24,1,Dead
2022,6,M. gigas,Middle,BBOC,15-16,No Tide,14,25,1,Dead
2022,6,M. gigas,Middle,BBOC,15-16,No Tide,14,26,1,Dead
2022,6,M. gigas,Middle,BBOC,15-16,No Tide,14,27,1,Dead
2022,6,M. gigas,Middle,BBOC,15-16,No Tide,14,28,1,Dead
2022,6,M. gigas,Middle,BBOC,15-16,No Tide,14,29,1,Dead
2022,6,M. gigas,Middle,BBOC,15-16,No Tide,14,30,1,Dead
2022,6,M. gigas,Middle,BBOC,15-16,No Tide,14,31,1,Dead
2022,6,M. gigas,Middle,BBOC,15-16,No Tide,14,32,1,Dead
2022,6,M. gigas,Middle,BBOC,15-16,No Tide,14,33,1,Dead
2022,6,M. gigas,Middle,BBOC,15-16,No Tide,14,34,1,Dead
2022,6,M. gigas,Middle,BBOC,15-16,No Tide,14,35,1,Dead
2022,6,M. gigas,Middle,BBOC,15-16,No Tide,14,36,1,Dead
2022,6,M. gigas,Middle,BBOC,15-16,No Tide,14,37,0,Alive
2022,6,M. gigas,Middle,BBOC,15-16,No Tide,14,38,0,Alive
2022,6,M. gigas,Middle,BBOC,15-16,No Tide,14,39,0,Alive
2022,6,M. gigas,Middle,BBOC,15-16,No Tide,14,40,0,Alive
2022,6,M. gigas,Middle,BBOC,15-16,No Tide,14,41,0,Alive
2022,6,M. gigas,Middle,BBOC,15-16,No Tide,14,42,0,Alive
2022,6,M. gigas,Middle,BBOC,15-16,No Tide,14,43,0,Alive
2022,6,M. gigas,Middle,BBOC,15-16,No Tide,14,44,0,Alive
2022,6,M. gigas,Middle,BBOC,15-16,No Tide,14,45,0,Alive
2022,6,M. gigas,Middle,BBOC,15-16,No Tide,14,46,0,Alive
2022,6,M. gigas,Middle,BBOC,15-16,No Tide,14,47,0,Alive
2022,6,M. gigas,Middle,BBOC,15-16,No Tide,14,48,0,Alive
2022,6,M. gigas,Middle,BBOC,15-16,No Tide,14,49,0,Alive
2022,6,M. gigas,Middle,BBOC,15-16,No Tide,14,50,0,Alive
2022,6,M. gigas,Middle,BBOC,15-16,No Tide,14,51,0,Alive
2022,6,M. gigas,Middle,BBOC,15-16,No Tide,14,52,0,Alive
2022,6,M. gigas,Middle,BBOC,15-16,No Tide,14,53,0,Alive
2022,6,M. gigas,Middle,BBOC,15-16,No Tide,14,54,0,Alive
2022,6,M. gigas,Middle,BBOC,15-16,No Tide,14,55,0,Alive
2022,6,M. gigas,Middle,BBOC,15-16,No Tide,14,56,0,Alive
2022,6,M. gigas,Middle,BBOC,15-16,No Tide,14,57,0,Alive
2022,6,M. gigas,Middle,BBOC,15-16,No Tide,14,58,0,Alive
2022,6,M. gigas,Middle,BBOC,15-16,No Tide,14,59,0,Alive
2022,6,M. gigas,Middle,BBOC,15-16,No Tide,14,60,0,Alive
2022,6,M. gigas,Middle,BBOC,15-16,No Tide,14,61,0,Alive
2022,6,M. gigas,Middle,BBOC,15-16,No Tide,14,62,0,Alive
2022,6,M. gigas,Middle,BBOC,15-16,No Tide,14,63,0,Alive
2022,6,M. gigas,Middle,BBOC,15-16,No Tide,14,64,0,Alive
2022,6,M. gigas,Middle,BBOC,15-16,No Tide,14,65,0,Alive
2022,6,M. gigas,Middle,BBOC,15-16,No Tide,14,66,0,Alive
2022,6,M. gigas,Middle,BBOC,15-16,No Tide,14,67,0,Alive
2022,6,M. gigas,Middle,BBOC,15-16,No Tide,14,68,0,Alive
2022,6,M. gigas,Middle,BBOC,15-16,No Tide,14,69,0,Alive
2022,6,M. gigas,Middle,BBOC,15-16,No Tide,14,70,0,Alive
2022,6,M. gigas,Middle,BBOC,15-16,No Tide,14,71,0,Alive
2022,6,M. gigas,Middle,BBOC,15-16,No Tide,14,72,0,Alive
2022,6,M. gigas,Middle,BBOC,15-16,No Tide,14,73,0,Alive
2022,6,M. gigas,Middle,BBOC,15-16,No Tide,14,74,0,Alive
2022,6,M. gigas,Middle,BBOC,15-16,No Tide,14,75,0,Alive
2022,6,M. gigas,Middle,BBOC,15-16,No Tide,14,76,0,Alive
2022,6,M. gigas,Middle,BBOC,15-16,No Tide,14,77,0,Alive
2022,6,M. gigas,Middle,BBOC,15-16,No Tide,14,78,0,Alive
2022,6,M. gigas,Middle,BBOC,15-16,No Tide,14,79,0,Alive
2022,6,M. gigas,Middle,BBOC,15-16,No Tide,14,80,0,Alive
2022,6,M. gigas,Middle,BBOC,15-16,No Tide,14,81,0,Alive
2022,6,M. gigas,Middle,BBOC,15-16,No Tide,14,82,0,Alive
2022,6,M. gigas,Middle,BBOC,15-16,No Tide,14,83,0,Alive
2022,6,M. gigas,Middle,BBOC,15-16,No Tide,14,84,0,Alive
2022,6,M. gigas,Middle,BBOC,15-16,No Tide,14,85,0,Alive
2022,6,M. gigas,Middle,BBOC,15-16,No Tide,14,86,0,Alive
2022,6,M. gigas,Middle,BBOC,15-16,No Tide,14,87,0,Alive
2022,6,M. gigas,Middle,BBOC,15-16,No Tide,14,88,0,Alive
2022,6,M. gigas,Middle,BBOC,15-16,No Tide,14,89,0,Alive
2022,6,M. gigas,Middle,BBOC,15-16,No Tide,14,90,0,Alive
2022,6,M. gigas,Middle,BBOC,15-16,No Tide,14,91,0,Alive
2022,6,M. gigas,Middle,BBOC,15-16,No Tide,14,92,0,Alive
2022,6,M. gigas,Middle,BBOC,15-16,No Tide,14,93,0,Alive
2022,6,M. gigas,Middle,BBOC,15-16,No Tide,14,94,0,Alive
2022,6,M. gigas,Middle,BBOC,15-16,No Tide,14,95,0,Alive
2022,6,M. gigas,Middle,BBOC,15-16,No Tide,14,96,0,Alive
2022,6,M. gigas,Middle,BBOC,15-16,No Tide,14,97,0,Alive
2022,6,M. gigas,Middle,BBOC,15-16,No Tide,14,98,0,Alive
2022,6,M. gigas,Middle,BBOC,15-16,No Tide,14,99,0,Alive
2022,6,M. gigas,Middle,BBOC,15-16,No Tide,14,100,0,Alive
2022,6,M. gigas,Middle,BBOC,15-16,No Tide,14,101,0,Alive
2022,6,M. gigas,Middle,BBOC,15-16,No Tide,14,102,0,Alive
2022,6,M. gigas,Middle,BBOC,15-16,No Tide,14,103,0,Alive
2022,6,M. gigas,Middle,BBOC,15-16,No Tide,14,104,0,Alive
2022,6,M. gigas,Middle,BBOC,15-16,No Tide,14,105,0,Alive
2022,6,M. gigas,Middle,BBOC,15-16,No Tide,14,106,0,Alive
2022,6,M. gigas,Middle,BBOC,15-16,No Tide,14,107,0,Alive
2022,6,M. gigas,Middle,BBOC,15-16,No Tide,14,108,0,Alive
2022,6,M. gigas,Middle,BBOC,15-16,No Tide,14,109,0,Alive
2022,6,M. gigas,Middle,BBOC,15-16,No Tide,14,110,0,Alive
2022,6,M. gigas,Middle,BBOC,15-16,No Tide,14,111,0,Alive
2022,6,M. gigas,Middle,BBOC,15-16,No Tide,14,112,0,Alive
2022,6,M. gigas,Middle,BBOC,15-16,No Tide,14,113,0,Alive
2022,6,M. gigas,Middle,BBOC,15-16,No Tide,14,114,0,Alive
2022,6,M. gigas,Middle,BBOC,15-16,No Tide,14,115,0,Alive
2022,6,M. gigas,Middle,BBOC,15-16,No Tide,14,116,0,Alive
2022,6,M. gigas,Middle,BBOC,15-16,No Tide,14,117,0,Alive
2022,6,M. gigas,Middle,BBOC,15-16,No Tide,14,118,0,Alive
2022,6,M. gigas,Middle,BBOC,15-16,No Tide,14,119,0,Alive
2022,6,M. gigas,Middle,BBOC,15-16,No Tide,14,120,0,Alive
2022,6,M. gigas,Middle,BBOC,15-16,No Tide,14,121,0,Alive
2022,6,M. gigas,Middle,BBOC,15-16,No Tide,14,122,0,Alive
2022,6,M. gigas,Middle,BBOC,15-16,No Tide,14,123,0,Alive
2022,6,M. gigas,Middle,BBOC,15-16,No Tide,14,124,0,Alive
2022,6,M. gigas,Middle,BBOC,15-16,No Tide,14,125,0,Alive
2022,6,M. gigas,Middle,BBOC,15-16,No Tide,14,126,0,Alive
2022,6,M. gigas,Middle,BBOC,15-16,No Tide,14,127,0,Alive
2022,6,M. gigas,Middle,BBOC,15-16,No Tide,14,128,0,Alive
2022,6,M. gigas,Middle,BBOC,15-16,No Tide,14,129,0,Alive
2022,6,M. gigas,Middle,BBOC,15-16,No Tide,14,130,0,Alive
2022,6,M. gigas,Middle,BBOC,15-16,No Tide,14,131,0,Alive
2022,6,M. gigas,Middle,BBOC,15-16,No Tide,14,132,0,Alive
2022,6,M. gigas,Middle,BBOC,15-16,No Tide,14,133,0,Alive
2022,6,M. gigas,Middle,BBOC,15-16,No Tide,14,134,0,Alive
2022,6,M. gigas,Middle,BBOC,15-16,No Tide,14,135,0,Alive
2022,6,M. gigas,Middle,BBOC,15-16,No Tide,14,136,0,Alive
2022,6,M. gigas,Middle,BBOC,15-16,No Tide,14,137,0,Alive
2022,6,M. gigas,Middle,BBOC,15-16,No Tide,14,138,0,Alive
2022,6,M. gigas,Middle,BBOC,15-16,No Tide,14,139,0,Alive
2022,6,M. gigas,Middle,BBOC,15-16,No Tide,14,140,0,Alive
2022,6,M. gigas,Middle,BBOC,15-16,No Tide,14,141,0,Alive
2022,6,M. gigas,Middle,BBOC,15-16,No Tide,14,142,0,Alive
2022,6,M. gigas,Middle,BBOC,15-16,No Tide,14,143,0,Alive
2022,6,M. gigas,Middle,BBOC,15-16,No Tide,14,144,0,Alive
2022,6,M. gigas,Middle,BBOC,15-16,No Tide,14,145,0,Alive
2022,6,M. gigas,Middle,BBOC,15-16,No Tide,14,146,0,Alive
2022,6,M. gigas,Middle,BBOC,15-16,No Tide,14,147,0,Alive
2022,6,M. gigas,Middle,BBOC,15-16,No Tide,14,148,0,Alive
2022,6,M. gigas,Middle,BBOC,15-16,No Tide,14,149,0,Alive
2022,6,M. gigas,Middle,BBOC,15-16,No Tide,14,150,0,Alive
2022,6,M. gigas,Middle,BBOC,15-16,No Tide,14,151,0,Alive
2022,6,M. gigas,Middle,BBOC,15-16,No Tide,14,152,0,Alive
2022,6,M. gigas,Middle,BBOC,15-16,No Tide,14,153,0,Alive
2022,6,M. gigas,Middle,BBOC,15-16,No Tide,14,154,0,Alive
2022,6,M. gigas,Middle,BBOC,15-16,No Tide,14,155,0,Alive
2022,6,M. gigas,Middle,BBOC,15-16,No Tide,14,156,0,Alive
2022,6,M. gigas,Middle,BBOC,15-16,No Tide,14,157,0,Alive
2022,6,M. gigas,Middle,BBOC,15-16,No Tide,14,158,0,Alive
2022,6,M. gigas,Middle,BBOC,15-16,No Tide,14,159,0,Alive
2022,6,M. gigas,Middle,BBOC,15-16,No Tide,14,160,0,Alive
2022,6,M. gigas,Middle,BBOC,15-16,No Tide,14,161,0,Alive
2022,6,M. gigas,Middle,BBOC,15-16,No Tide,14,162,0,Alive
2022,6,M. gigas,Middle,BBOC,15-16,No Tide,14,163,0,Alive
2022,6,M. gigas,Middle,BBOC,15-16,No Tide,14,164,0,Alive
2022,6,M. gigas,Middle,BBOC,15-16,No Tide,14,165,0,Alive
2022,6,M. gigas,Middle,BBOC,15-16,No Tide,14,166,0,Alive
2022,6,M. gigas,Middle,BBOC,15-16,No Tide,14,167,0,Alive
2022,6,M. gigas,Middle,BBOC,15-16,No Tide,14,168,0,Alive
2022,6,M. gigas,Middle,BBOC,15-16,No Tide,14,169,0,Alive
2022,6,M. gigas,Middle,BBOC,15-16,No Tide,14,170,0,Alive
2022,6,M. gigas,Middle,BBOC,15-16,No Tide,14,171,0,Alive
2022,6,M. gigas,Middle,BBOC,15-16,No Tide,14,172,0,Alive
2022,6,M. gigas,Middle,BBOC,15-16,No Tide,14,173,0,Alive
2022,6,M. gigas,Middle,BBOC,15-16,No Tide,14,174,0,Alive
2022,6,M. gigas,Middle,BBOC,15-16,No Tide,14,175,0,Alive
2022,6,M. gigas,Middle,BBOC,15-16,No Tide,14,176,0,Alive
2022,6,M. gigas,Middle,BBOC,15-16,No Tide,14,177,0,Alive
2022,6,M. gigas,Middle,BBOC,15-16,No Tide,14,178,0,Alive
2022,6,M. gigas,Middle,BBOC,15-16,No Tide,14,179,0,Alive
2022,6,M. gigas,Middle,BBOC,15-16,No Tide,14,180,0,Alive
2022,6,M. gigas,Middle,BBOC,15-16,No Tide,14,181,0,Alive
2022,6,M. gigas,Middle,BBOC,15-16,No Tide,14,182,0,Alive
2022,6,M. gigas,Middle,BBOC,15-16,No Tide,14,183,0,Alive
2022,6,M. gigas,Middle,BBOC,15-16,No Tide,14,184,0,Alive
2022,6,M. gigas,Middle,BBOC,15-16,No Tide,14,185,0,Alive
2022,6,M. gigas,Middle,BBOC,15-16,No Tide,14,186,0,Alive
2022,6,M. gigas,Middle,BBOC,15-16,No Tide,14,187,0,Alive
2022,6,M. gigas,Middle,BBOC,15-16,No Tide,14,188,0,Alive
2022,6,M. gigas,Middle,BBOC,15-16,No Tide,14,189,0,Alive
2022,6,M. gigas,Middle,BBOC,15-16,No Tide,14,190,0,Alive
2022,6,M. gigas,Middle,BBOC,15-16,No Tide,14,191,0,Alive
2022,6,M. gigas,Middle,BBOC,15-16,No Tide,14,192,0,Alive
2022,6,M. gigas,Middle,BBOC,15-16,No Tide,14,193,0,Alive
2022,6,M. gigas,Middle,BBOC,15-16,No Tide,14,194,0,Alive
2022,6,M. gigas,Middle,BBOC,15-16,No Tide,14,195,0,Alive
2022,6,M. gigas,Middle,BBOC,15-16,No Tide,14,196,0,Alive
2022,6,M. gigas,Middle,BBOC,15-16,No Tide,14,197,0,Alive
2022,6,M. gigas,Middle,BBOC,15-16,No Tide,14,198,0,Alive
2022,6,M. gigas,Middle,BBOC,15-16,No Tide,14,199,0,Alive
2022,6,M. gigas,Middle,BBOC,15-16,No Tide,14,200,0,Alive
2022,6,M. gigas,Middle,BBOC,15-16,No Tide,14,201,0,Alive
2022,6,M. gigas,Middle,BBOC,15-16,No Tide,14,202,0,Alive
2022,6,M. gigas,Middle,BBOC,15-16,No Tide,14,203,0,Alive
2022,6,M. gigas,Middle,BBOC,15-16,No Tide,14,204,0,Alive
2022,6,M. gigas,Middle,BBOC,15-16,No Tide,14,205,0,Alive
2022,6,M. gigas,Middle,BBOC,15-16,No Tide,14,206,0,Alive
2022,6,M. gigas,Middle,BBOC,15-16,No Tide,14,207,0,Alive
2022,6,M. gigas,Middle,BBOC,15-16,No Tide,14,208,0,Alive
2022,6,M. gigas,Middle,BBOC,15-16,No Tide,14,209,0,Alive
2022,6,M. gigas,Middle,BBOC,15-16,No Tide,14,210,0,Alive
2022,6,M. gigas,Middle,BBOC,15-16,No Tide,14,211,0,Alive
2022,6,M. gigas,Middle,BBOC,15-16,No Tide,14,212,0,Alive
2022,6,M. gigas,Middle,BBOC,15-16,No Tide,14,213,0,Alive
2022,6,M. gigas,Middle,BBOC,15-16,No Tide,14,214,0,Alive
2022,6,M. gigas,Middle,BBOC,15-16,No Tide,14,215,0,Alive
2022,6,M. gigas,Middle,BBOC,15-16,No Tide,14,216,0,Alive
2022,6,M. gigas,Middle,BBOC,15-16,No Tide,14,217,0,Alive
2022,6,M. gigas,Middle,BBOC,15-16,No Tide,14,218,0,Alive
2022,6,M. gigas,Middle,BBOC,15-16,No Tide,14,219,0,Alive
2022,6,M. gigas,Middle,BBOC,15-16,No Tide,14,220,0,Alive
2022,6,M. gigas,Middle,BBOC,15-16,No Tide,14,221,0,Alive
2022,6,M. gigas,Middle,BBOC,15-16,No Tide,14,222,0,Alive
2022,6,M. gigas,Middle,BBOC,15-16,No Tide,14,223,0,Alive
2022,6,M. gigas,Middle,BBOC,15-16,No Tide,14,224,0,Alive
2022,6,M. gigas,Middle,BBOC,15-16,No Tide,14,225,0,Alive
2022,6,M. gigas,Middle,BBOC,15-16,No Tide,14,226,0,Alive
2022,6,M. gigas,Middle,BBOC,15-16,No Tide,14,227,0,Alive
2022,6,M. gigas,Middle,BBOC,15-16,No Tide,14,228,0,Alive
2022,6,M. gigas,Middle,BBOC,15-16,No Tide,14,229,0,Alive
2022,6,M. gigas,Middle,BBOC,15-16,No Tide,14,230,0,Alive
2022,6,M. gigas,Middle,BBOC,15-16,No Tide,14,231,0,Alive
2022,6,M. gigas,Middle,BBOC,15-16,No Tide,14,232,0,Alive
2022,6,M. gigas,Middle,BBOC,15-16,No Tide,14,233,0,Alive
2022,6,M. gigas,Middle,BBOC,15-16,No Tide,14,234,0,Alive
2022,6,M. gigas,Middle,BBOC,15-16,No Tide,14,235,0,Alive
2022,6,M. gigas,Middle,BBOC,15-16,No Tide,14,236,0,Alive
2022,6,M. gigas,Middle,BBOC,15-16,No Tide,14,237,0,Alive
2022,6,M. gigas,Middle,BBOC,15-16,No Tide,14,238,0,Alive
2022,6,M. gigas,Middle,BBOC,15-16,No Tide,14,239,0,Alive
2022,6,M. gigas,Middle,BBOC,15-16,No Tide,14,240,0,Alive
2022,6,M. gigas,Middle,BBOC,15-16,No Tide,14,241,0,Alive
2022,6,M. gigas,Middle,BBOC,15-16,No Tide,14,242,0,Alive
2022,6,M. gigas,Middle,BBOC,15-16,No Tide,14,243,0,Alive
2022,6,M. gigas,Middle,BBOC,15-16,No Tide,14,244,0,Alive
2022,6,M. gigas,Middle,BBOC,15-16,No Tide,14,245,0,Alive
2022,6,M. gigas,Middle,BBOC,15-16,No Tide,14,246,0,Alive
2022,6,M. gigas,Middle,BBOC,15-16,No Tide,14,247,0,Alive
2022,6,M. gigas,Middle,BBOC,15-16,No Tide,14,248,0,Alive
2022,6,M. gigas,Middle,BBOC,15-16,No Tide,14,249,0,Alive
2022,6,M. gigas,Middle,BBOC,15-16,No Tide,14,250,0,Alive
2022,6,M. gigas,Middle,BBOC,15-16,No Tide,15,1,1,Dead
2022,6,M. gigas,Middle,BBOC,15-16,No Tide,15,2,1,Dead
2022,6,M. gigas,Middle,BBOC,15-16,No Tide,15,3,1,Dead
2022,6,M. gigas,Middle,BBOC,15-16,No Tide,15,4,1,Dead
2022,6,M. gigas,Middle,BBOC,15-16,No Tide,15,5,1,Dead
2022,6,M. gigas,Middle,BBOC,15-16,No Tide,15,6,1,Dead
2022,6,M. gigas,Middle,BBOC,15-16,No Tide,15,7,1,Dead
2022,6,M. gigas,Middle,BBOC,15-16,No Tide,15,8,1,Dead
2022,6,M. gigas,Middle,BBOC,15-16,No Tide,15,9,1,Dead
2022,6,M. gigas,Middle,BBOC,15-16,No Tide,15,10,1,Dead
2022,6,M. gigas,Middle,BBOC,15-16,No Tide,15,11,1,Dead
2022,6,M. gigas,Middle,BBOC,15-16,No Tide,15,12,1,Dead
2022,6,M. gigas,Middle,BBOC,15-16,No Tide,15,13,1,Dead
2022,6,M. gigas,Middle,BBOC,15-16,No Tide,15,14,1,Dead
2022,6,M. gigas,Middle,BBOC,15-16,No Tide,15,15,1,Dead
2022,6,M. gigas,Middle,BBOC,15-16,No Tide,15,16,1,Dead
2022,6,M. gigas,Middle,BBOC,15-16,No Tide,15,17,1,Dead
2022,6,M. gigas,Middle,BBOC,15-16,No Tide,15,18,1,Dead
2022,6,M. gigas,Middle,BBOC,15-16,No Tide,15,19,1,Dead
2022,6,M. gigas,Middle,BBOC,15-16,No Tide,15,20,1,Dead
2022,6,M. gigas,Middle,BBOC,15-16,No Tide,15,21,1,Dead
2022,6,M. gigas,Middle,BBOC,15-16,No Tide,15,22,1,Dead
2022,6,M. gigas,Middle,BBOC,15-16,No Tide,15,23,1,Dead
2022,6,M. gigas,Middle,BBOC,15-16,No Tide,15,24,1,Dead
2022,6,M. gigas,Middle,BBOC,15-16,No Tide,15,25,1,Dead
2022,6,M. gigas,Middle,BBOC,15-16,No Tide,15,26,1,Dead
2022,6,M. gigas,Middle,BBOC,15-16,No Tide,15,27,1,Dead
2022,6,M. gigas,Middle,BBOC,15-16,No Tide,15,28,1,Dead
2022,6,M. gigas,Middle,BBOC,15-16,No Tide,15,29,1,Dead
2022,6,M. gigas,Middle,BBOC,15-16,No Tide,15,30,1,Dead
2022,6,M. gigas,Middle,BBOC,15-16,No Tide,15,31,1,Dead
2022,6,M. gigas,Middle,BBOC,15-16,No Tide,15,32,1,Dead
2022,6,M. gigas,Middle,BBOC,15-16,No Tide,15,33,1,Dead
2022,6,M. gigas,Middle,BBOC,15-16,No Tide,15,34,1,Dead
2022,6,M. gigas,Middle,BBOC,15-16,No Tide,15,35,1,Dead
2022,6,M. gigas,Middle,BBOC,15-16,No Tide,15,36,1,Dead
2022,6,M. gigas,Middle,BBOC,15-16,No Tide,15,37,1,Dead
2022,6,M. gigas,Middle,BBOC,15-16,No Tide,15,38,1,Dead
2022,6,M. gigas,Middle,BBOC,15-16,No Tide,15,39,1,Dead
2022,6,M. gigas,Middle,BBOC,15-16,No Tide,15,40,1,Dead
2022,6,M. gigas,Middle,BBOC,15-16,No Tide,15,41,1,Dead
2022,6,M. gigas,Middle,BBOC,15-16,No Tide,15,42,1,Dead
2022,6,M. gigas,Middle,BBOC,15-16,No Tide,15,43,1,Dead
2022,6,M. gigas,Middle,BBOC,15-16,No Tide,15,44,1,Dead
2022,6,M. gigas,Middle,BBOC,15-16,No Tide,15,45,1,Dead
2022,6,M. gigas,Middle,BBOC,15-16,No Tide,15,46,1,Dead
2022,6,M. gigas,Middle,BBOC,15-16,No Tide,15,47,1,Dead
2022,6,M. gigas,Middle,BBOC,15-16,No Tide,15,48,1,Dead
2022,6,M. gigas,Middle,BBOC,15-16,No Tide,15,49,1,Dead
2022,6,M. gigas,Middle,BBOC,15-16,No Tide,15,50,1,Dead
2022,6,M. gigas,Middle,BBOC,15-16,No Tide,15,51,1,Dead
2022,6,M. gigas,Middle,BBOC,15-16,No Tide,15,52,1,Dead
2022,6,M. gigas,Middle,BBOC,15-16,No Tide,15,53,1,Dead
2022,6,M. gigas,Middle,BBOC,15-16,No Tide,15,54,1,Dead
2022,6,M. gigas,Middle,BBOC,15-16,No Tide,15,55,1,Dead
2022,6,M. gigas,Middle,BBOC,15-16,No Tide,15,56,1,Dead
2022,6,M. gigas,Middle,BBOC,15-16,No Tide,15,57,1,Dead
2022,6,M. gigas,Middle,BBOC,15-16,No Tide,15,58,1,Dead
2022,6,M. gigas,Middle,BBOC,15-16,No Tide,15,59,1,Dead
2022,6,M. gigas,Middle,BBOC,15-16,No Tide,15,60,1,Dead
2022,6,M. gigas,Middle,BBOC,15-16,No Tide,15,61,1,Dead
2022,6,M. gigas,Middle,BBOC,15-16,No Tide,15,62,1,Dead
2022,6,M. gigas,Middle,BBOC,15-16,No Tide,15,63,1,Dead
2022,6,M. gigas,Middle,BBOC,15-16,No Tide,15,64,1,Dead
2022,6,M. gigas,Middle,BBOC,15-16,No Tide,15,65,1,Dead
2022,6,M. gigas,Middle,BBOC,15-16,No Tide,15,66,1,Dead
2022,6,M. gigas,Middle,BBOC,15-16,No Tide,15,67,1,Dead
2022,6,M. gigas,Middle,BBOC,15-16,No Tide,15,68,1,Dead
2022,6,M. gigas,Middle,BBOC,15-16,No Tide,15,69,1,Dead
2022,6,M. gigas,Middle,BBOC,15-16,No Tide,15,70,1,Dead
2022,6,M. gigas,Middle,BBOC,15-16,No Tide,15,71,1,Dead
2022,6,M. gigas,Middle,BBOC,15-16,No Tide,15,72,1,Dead
2022,6,M. gigas,Middle,BBOC,15-16,No Tide,15,73,1,Dead
2022,6,M. gigas,Middle,BBOC,15-16,No Tide,15,74,1,Dead
2022,6,M. gigas,Middle,BBOC,15-16,No Tide,15,75,1,Dead
2022,6,M. gigas,Middle,BBOC,15-16,No Tide,15,76,1,Dead
2022,6,M. gigas,Middle,BBOC,15-16,No Tide,15,77,1,Dead
2022,6,M. gigas,Middle,BBOC,15-16,No Tide,15,78,1,Dead
2022,6,M. gigas,Middle,BBOC,15-16,No Tide,15,79,1,Dead
2022,6,M. gigas,Middle,BBOC,15-16,No Tide,15,80,1,Dead
2022,6,M. gigas,Middle,BBOC,15-16,No Tide,15,81,1,Dead
2022,6,M. gigas,Middle,BBOC,15-16,No Tide,15,82,1,Dead
2022,6,M. gigas,Middle,BBOC,15-16,No Tide,15,83,1,Dead
2022,6,M. gigas,Middle,BBOC,15-16,No Tide,15,84,1,Dead
2022,6,M. gigas,Middle,BBOC,15-16,No Tide,15,85,1,Dead
2022,6,M. gigas,Middle,BBOC,15-16,No Tide,15,86,0,Alive
2022,6,M. gigas,Middle,BBOC,15-16,No Tide,15,87,0,Alive
2022,6,M. gigas,Middle,BBOC,15-16,No Tide,15,88,0,Alive
2022,6,M. gigas,Middle,BBOC,15-16,No Tide,15,89,0,Alive
2022,6,M. gigas,Middle,BBOC,15-16,No Tide,15,90,0,Alive
2022,6,M. gigas,Middle,BBOC,15-16,No Tide,15,91,0,Alive
2022,6,M. gigas,Middle,BBOC,15-16,No Tide,15,92,0,Alive
2022,6,M. gigas,Middle,BBOC,15-16,No Tide,15,93,0,Alive
2022,6,M. gigas,Middle,BBOC,15-16,No Tide,15,94,0,Alive
2022,6,M. gigas,Middle,BBOC,15-16,No Tide,15,95,0,Alive
2022,6,M. gigas,Middle,BBOC,15-16,No Tide,15,96,0,Alive
2022,6,M. gigas,Middle,BBOC,15-16,No Tide,15,97,0,Alive
2022,6,M. gigas,Middle,BBOC,15-16,No Tide,15,98,0,Alive
2022,6,M. gigas,Middle,BBOC,15-16,No Tide,15,99,0,Alive
2022,6,M. gigas,Middle,BBOC,15-16,No Tide,15,100,0,Alive
2022,6,M. gigas,Middle,BBOC,15-16,No Tide,15,101,0,Alive
2022,6,M. gigas,Middle,BBOC,15-16,No Tide,15,102,0,Alive
2022,6,M. gigas,Middle,BBOC,15-16,No Tide,15,103,0,Alive
2022,6,M. gigas,Middle,BBOC,15-16,No Tide,15,104,0,Alive
2022,6,M. gigas,Middle,BBOC,15-16,No Tide,15,105,0,Alive
2022,6,M. gigas,Middle,BBOC,15-16,No Tide,15,106,0,Alive
2022,6,M. gigas,Middle,BBOC,15-16,No Tide,15,107,0,Alive
2022,6,M. gigas,Middle,BBOC,15-16,No Tide,15,108,0,Alive
2022,6,M. gigas,Middle,BBOC,15-16,No Tide,15,109,0,Alive
2022,6,M. gigas,Middle,BBOC,15-16,No Tide,15,110,0,Alive
2022,6,M. gigas,Middle,BBOC,15-16,No Tide,15,111,0,Alive
2022,6,M. gigas,Middle,BBOC,15-16,No Tide,15,112,0,Alive
2022,6,M. gigas,Middle,BBOC,15-16,No Tide,15,113,0,Alive
2022,6,M. gigas,Middle,BBOC,15-16,No Tide,15,114,0,Alive
2022,6,M. gigas,Middle,BBOC,15-16,No Tide,15,115,0,Alive
2022,6,M. gigas,Middle,BBOC,15-16,No Tide,15,116,0,Alive
2022,6,M. gigas,Middle,BBOC,15-16,No Tide,15,117,0,Alive
2022,6,M. gigas,Middle,BBOC,15-16,No Tide,15,118,0,Alive
2022,6,M. gigas,Middle,BBOC,15-16,No Tide,15,119,0,Alive
2022,6,M. gigas,Middle,BBOC,15-16,No Tide,15,120,0,Alive
2022,6,M. gigas,Middle,BBOC,15-16,No Tide,15,121,0,Alive
2022,6,M. gigas,Middle,BBOC,15-16,No Tide,15,122,0,Alive
2022,6,M. gigas,Middle,BBOC,15-16,No Tide,15,123,0,Alive
2022,6,M. gigas,Middle,BBOC,15-16,No Tide,15,124,0,Alive
2022,6,M. gigas,Middle,BBOC,15-16,No Tide,15,125,0,Alive
2022,6,M. gigas,Middle,BBOC,15-16,No Tide,15,126,0,Alive
2022,6,M. gigas,Middle,BBOC,15-16,No Tide,15,127,0,Alive
2022,6,M. gigas,Middle,BBOC,15-16,No Tide,15,128,0,Alive
2022,6,M. gigas,Middle,BBOC,15-16,No Tide,15,129,0,Alive
2022,6,M. gigas,Middle,BBOC,15-16,No Tide,15,130,0,Alive
2022,6,M. gigas,Middle,BBOC,15-16,No Tide,15,131,0,Alive
2022,6,M. gigas,Middle,BBOC,15-16,No Tide,15,132,0,Alive
2022,6,M. gigas,Middle,BBOC,15-16,No Tide,15,133,0,Alive
2022,6,M. gigas,Middle,BBOC,15-16,No Tide,15,134,0,Alive
2022,6,M. gigas,Middle,BBOC,15-16,No Tide,15,135,0,Alive
2022,6,M. gigas,Middle,BBOC,15-16,No Tide,15,136,0,Alive
2022,6,M. gigas,Middle,BBOC,15-16,No Tide,15,137,0,Alive
2022,6,M. gigas,Middle,BBOC,15-16,No Tide,15,138,0,Alive
2022,6,M. gigas,Middle,BBOC,15-16,No Tide,15,139,0,Alive
2022,6,M. gigas,Middle,BBOC,15-16,No Tide,15,140,0,Alive
2022,6,M. gigas,Middle,BBOC,15-16,No Tide,15,141,0,Alive
2022,6,M. gigas,Middle,BBOC,15-16,No Tide,15,142,0,Alive
2022,6,M. gigas,Middle,BBOC,15-16,No Tide,15,143,0,Alive
2022,6,M. gigas,Middle,BBOC,15-16,No Tide,15,144,0,Alive
2022,6,M. gigas,Middle,BBOC,15-16,No Tide,15,145,0,Alive
2022,6,M. gigas,Middle,BBOC,15-16,No Tide,15,146,0,Alive
2022,6,M. gigas,Middle,BBOC,15-16,No Tide,15,147,0,Alive
2022,6,M. gigas,Middle,BBOC,15-16,No Tide,15,148,0,Alive
2022,6,M. gigas,Middle,BBOC,15-16,No Tide,15,149,0,Alive
2022,6,M. gigas,Middle,BBOC,15-16,No Tide,15,150,0,Alive
2022,6,M. gigas,Middle,BBOC,15-16,No Tide,15,151,0,Alive
2022,6,M. gigas,Middle,BBOC,15-16,No Tide,15,152,0,Alive
2022,6,M. gigas,Middle,BBOC,15-16,No Tide,15,153,0,Alive
2022,6,M. gigas,Middle,BBOC,15-16,No Tide,15,154,0,Alive
2022,6,M. gigas,Middle,BBOC,15-16,No Tide,15,155,0,Alive
2022,6,M. gigas,Middle,BBOC,15-16,No Tide,15,156,0,Alive
2022,6,M. gigas,Middle,BBOC,15-16,No Tide,15,157,0,Alive
2022,6,M. gigas,Middle,BBOC,15-16,No Tide,15,158,0,Alive
2022,6,M. gigas,Middle,BBOC,15-16,No Tide,15,159,0,Alive
2022,6,M. gigas,Middle,BBOC,15-16,No Tide,15,160,0,Alive
2022,6,M. gigas,Middle,BBOC,15-16,No Tide,15,161,0,Alive
2022,6,M. gigas,Middle,BBOC,15-16,No Tide,15,162,0,Alive
2022,6,M. gigas,Middle,BBOC,15-16,No Tide,15,163,0,Alive
2022,6,M. gigas,Middle,BBOC,15-16,No Tide,15,164,0,Alive
2022,6,M. gigas,Middle,BBOC,15-16,No Tide,15,165,0,Alive
2022,6,M. gigas,Middle,BBOC,15-16,No Tide,15,166,0,Alive
2022,6,M. gigas,Middle,BBOC,15-16,No Tide,15,167,0,Alive
2022,6,M. gigas,Middle,BBOC,15-16,No Tide,15,168,0,Alive
2022,6,M. gigas,Middle,BBOC,15-16,No Tide,15,169,0,Alive
2022,6,M. gigas,Middle,BBOC,15-16,No Tide,15,170,0,Alive
2022,6,M. gigas,Middle,BBOC,15-16,No Tide,15,171,0,Alive
2022,6,M. gigas,Middle,BBOC,15-16,No Tide,15,172,0,Alive
2022,6,M. gigas,Middle,BBOC,15-16,No Tide,15,173,0,Alive
2022,6,M. gigas,Middle,BBOC,15-16,No Tide,15,174,0,Alive
2022,6,M. gigas,Middle,BBOC,15-16,No Tide,15,175,0,Alive
2022,6,M. gigas,Middle,BBOC,15-16,No Tide,15,176,0,Alive
2022,6,M. gigas,Middle,BBOC,15-16,No Tide,15,177,0,Alive
2022,6,M. gigas,Middle,BBOC,15-16,No Tide,15,178,0,Alive
2022,6,M. gigas,Middle,BBOC,15-16,No Tide,15,179,0,Alive
2022,6,M. gigas,Middle,BBOC,15-16,No Tide,15,180,0,Alive
2022,6,M. gigas,Middle,BBOC,15-16,No Tide,15,181,0,Alive
2022,6,M. gigas,Middle,BBOC,15-16,No Tide,15,182,0,Alive
2022,6,M. gigas,Middle,BBOC,15-16,No Tide,15,183,0,Alive
2022,6,M. gigas,Middle,BBOC,15-16,No Tide,15,184,0,Alive
2022,6,M. gigas,Middle,BBOC,15-16,No Tide,15,185,0,Alive
2022,6,M. gigas,Middle,BBOC,15-16,No Tide,15,186,0,Alive
2022,6,M. gigas,Middle,BBOC,15-16,No Tide,15,187,0,Alive
2022,6,M. gigas,Middle,BBOC,15-16,No Tide,15,188,0,Alive
2022,6,M. gigas,Middle,BBOC,15-16,No Tide,15,189,0,Alive
2022,6,M. gigas,Middle,BBOC,15-16,No Tide,15,190,0,Alive
2022,6,M. gigas,Middle,BBOC,15-16,No Tide,15,191,0,Alive
2022,6,M. gigas,Middle,BBOC,15-16,No Tide,15,192,0,Alive
2022,6,M. gigas,Middle,BBOC,15-16,No Tide,15,193,0,Alive
2022,6,M. gigas,Middle,BBOC,15-16,No Tide,15,194,0,Alive
2022,6,M. gigas,Middle,BBOC,15-16,No Tide,15,195,0,Alive
2022,6,M. gigas,Middle,BBOC,15-16,No Tide,15,196,0,Alive
2022,6,M. gigas,Middle,BBOC,15-16,No Tide,15,197,0,Alive
2022,6,M. gigas,Middle,BBOC,15-16,No Tide,15,198,0,Alive
2022,6,M. gigas,Middle,BBOC,15-16,No Tide,15,199,0,Alive
2022,6,M. gigas,Middle,BBOC,15-16,No Tide,15,200,0,Alive
2022,6,M. gigas,Middle,BBOC,15-16,No Tide,15,201,0,Alive
2022,6,M. gigas,Middle,BBOC,15-16,No Tide,15,202,0,Alive
2022,6,M. gigas,Middle,BBOC,15-16,No Tide,15,203,0,Alive
2022,6,M. gigas,Middle,BBOC,15-16,No Tide,15,204,0,Alive
2022,6,M. gigas,Middle,BBOC,15-16,No Tide,15,205,0,Alive
2022,6,M. gigas,Middle,BBOC,15-16,No Tide,15,206,0,Alive
2022,6,M. gigas,Middle,BBOC,15-16,No Tide,15,207,0,Alive
2022,6,M. gigas,Middle,BBOC,15-16,No Tide,15,208,0,Alive
2022,6,M. gigas,Middle,BBOC,15-16,No Tide,15,209,0,Alive
2022,6,M. gigas,Middle,BBOC,15-16,No Tide,15,210,0,Alive
2022,6,M. gigas,Middle,BBOC,15-16,No Tide,15,211,0,Alive
2022,6,M. gigas,Middle,BBOC,15-16,No Tide,15,212,0,Alive
2022,6,M. gigas,Middle,BBOC,15-16,No Tide,15,213,0,Alive
2022,6,M. gigas,Middle,BBOC,15-16,No Tide,15,214,0,Alive
2022,6,M. gigas,Middle,BBOC,15-16,No Tide,15,215,0,Alive
2022,6,M. gigas,Middle,BBOC,15-16,No Tide,15,216,0,Alive
2022,6,M. gigas,Middle,BBOC,15-16,No Tide,15,217,0,Alive
2022,6,M. gigas,Middle,BBOC,15-16,No Tide,15,218,0,Alive
2022,6,M. gigas,Middle,BBOC,15-16,No Tide,15,219,0,Alive
2022,6,M. gigas,Middle,BBOC,15-16,No Tide,15,220,0,Alive
2022,6,M. gigas,Middle,BBOC,15-16,No Tide,15,221,0,Alive
2022,6,M. gigas,Middle,BBOC,15-16,No Tide,15,222,0,Alive
2022,6,M. gigas,Middle,BBOC,15-16,No Tide,15,223,0,Alive
2022,6,M. gigas,Middle,BBOC,15-16,No Tide,15,224,0,Alive
2022,6,M. gigas,Middle,BBOC,15-16,No Tide,15,225,0,Alive
2022,6,M. gigas,Middle,BBOC,15-16,No Tide,15,226,0,Alive
2022,6,M. gigas,Middle,BBOC,15-16,No Tide,15,227,0,Alive
2022,6,M. gigas,Middle,BBOC,15-16,No Tide,15,228,0,Alive
2022,6,M. gigas,Middle,BBOC,15-16,No Tide,15,229,0,Alive
2022,6,M. gigas,Middle,BBOC,15-16,No Tide,15,230,0,Alive
2022,6,M. gigas,Middle,BBOC,15-16,No Tide,15,231,0,Alive
2022,6,M. gigas,Middle,BBOC,15-16,No Tide,15,232,0,Alive
2022,6,M. gigas,Middle,BBOC,15-16,No Tide,15,233,0,Alive
2022,6,M. gigas,Middle,BBOC,15-16,No Tide,15,234,0,Alive
2022,6,M. gigas,Middle,BBOC,15-16,No Tide,15,235,0,Alive
2022,6,M. gigas,Middle,BBOC,15-16,No Tide,15,236,0,Alive
2022,6,M. gigas,Middle,BBOC,15-16,No Tide,15,237,0,Alive
2022,6,M. gigas,Middle,BBOC,15-16,No Tide,15,238,0,Alive
2022,6,M. gigas,Middle,BBOC,15-16,No Tide,15,239,0,Alive
2022,6,M. gigas,Middle,BBOC,15-16,No Tide,15,240,0,Alive
2022,6,M. gigas,Middle,BBOC,15-16,No Tide,15,241,0,Alive
2022,6,M. gigas,Middle,BBOC,15-16,No Tide,15,242,0,Alive
2022,6,M. gigas,Middle,BBOC,15-16,No Tide,15,243,0,Alive
2022,6,M. gigas,Middle,BBOC,15-16,No Tide,15,244,0,Alive
2022,6,M. gigas,Middle,BBOC,15-16,No Tide,15,245,0,Alive
2022,6,M. gigas,Middle,BBOC,15-16,No Tide,15,246,0,Alive
2022,6,M. gigas,Middle,BBOC,15-16,No Tide,15,247,0,Alive
2022,6,M. gigas,Middle,BBOC,15-16,No Tide,15,248,0,Alive
2022,6,M. gigas,Middle,BBOC,15-16,No Tide,15,249,0,Alive
2022,6,M. gigas,Middle,BBOC,15-16,No Tide,15,250,0,Alive
2022,6,M. gigas,South,TBOC,15-16,No Tide,25,1,1,Dead
2022,6,M. gigas,South,TBOC,15-16,No Tide,25,2,1,Dead
2022,6,M. gigas,South,TBOC,15-16,No Tide,25,3,1,Dead
2022,6,M. gigas,South,TBOC,15-16,No Tide,25,4,1,Dead
2022,6,M. gigas,South,TBOC,15-16,No Tide,25,5,1,Dead
2022,6,M. gigas,South,TBOC,15-16,No Tide,25,6,1,Dead
2022,6,M. gigas,South,TBOC,15-16,No Tide,25,7,1,Dead
2022,6,M. gigas,South,TBOC,15-16,No Tide,25,8,1,Dead
2022,6,M. gigas,South,TBOC,15-16,No Tide,25,9,1,Dead
2022,6,M. gigas,South,TBOC,15-16,No Tide,25,10,1,Dead
2022,6,M. gigas,South,TBOC,15-16,No Tide,25,11,1,Dead
2022,6,M. gigas,South,TBOC,15-16,No Tide,25,12,1,Dead
2022,6,M. gigas,South,TBOC,15-16,No Tide,25,13,1,Dead
2022,6,M. gigas,South,TBOC,15-16,No Tide,25,14,1,Dead
2022,6,M. gigas,South,TBOC,15-16,No Tide,25,15,1,Dead
2022,6,M. gigas,South,TBOC,15-16,No Tide,25,16,1,Dead
2022,6,M. gigas,South,TBOC,15-16,No Tide,25,17,0,Alive
2022,6,M. gigas,South,TBOC,15-16,No Tide,25,18,0,Alive
2022,6,M. gigas,South,TBOC,15-16,No Tide,25,19,0,Alive
2022,6,M. gigas,South,TBOC,15-16,No Tide,25,20,0,Alive
2022,6,M. gigas,South,TBOC,15-16,No Tide,25,21,0,Alive
2022,6,M. gigas,South,TBOC,15-16,No Tide,25,22,0,Alive
2022,6,M. gigas,South,TBOC,15-16,No Tide,25,23,0,Alive
2022,6,M. gigas,South,TBOC,15-16,No Tide,25,24,0,Alive
2022,6,M. gigas,South,TBOC,15-16,No Tide,25,25,0,Alive
2022,6,M. gigas,South,TBOC,15-16,No Tide,25,26,0,Alive
2022,6,M. gigas,South,TBOC,15-16,No Tide,25,27,0,Alive
2022,6,M. gigas,South,TBOC,15-16,No Tide,25,28,0,Alive
2022,6,M. gigas,South,TBOC,15-16,No Tide,25,29,0,Alive
2022,6,M. gigas,South,TBOC,15-16,No Tide,25,30,0,Alive
2022,6,M. gigas,South,TBOC,15-16,No Tide,25,31,0,Alive
2022,6,M. gigas,South,TBOC,15-16,No Tide,25,32,0,Alive
2022,6,M. gigas,South,TBOC,15-16,No Tide,25,33,0,Alive
2022,6,M. gigas,South,TBOC,15-16,No Tide,25,34,0,Alive
2022,6,M. gigas,South,TBOC,15-16,No Tide,25,35,0,Alive
2022,6,M. gigas,South,TBOC,15-16,No Tide,25,36,0,Alive
2022,6,M. gigas,South,TBOC,15-16,No Tide,25,37,0,Alive
2022,6,M. gigas,South,TBOC,15-16,No Tide,25,38,0,Alive
2022,6,M. gigas,South,TBOC,15-16,No Tide,25,39,0,Alive
2022,6,M. gigas,South,TBOC,15-16,No Tide,25,40,0,Alive
2022,6,M. gigas,South,TBOC,15-16,No Tide,25,41,0,Alive
2022,6,M. gigas,South,TBOC,15-16,No Tide,25,42,0,Alive
2022,6,M. gigas,South,TBOC,15-16,No Tide,25,43,0,Alive
2022,6,M. gigas,South,TBOC,15-16,No Tide,25,44,0,Alive
2022,6,M. gigas,South,TBOC,15-16,No Tide,25,45,0,Alive
2022,6,M. gigas,South,TBOC,15-16,No Tide,25,46,0,Alive
2022,6,M. gigas,South,TBOC,15-16,No Tide,25,47,0,Alive
2022,6,M. gigas,South,TBOC,15-16,No Tide,25,48,0,Alive
2022,6,M. gigas,South,TBOC,15-16,No Tide,25,49,0,Alive
2022,6,M. gigas,South,TBOC,15-16,No Tide,25,50,0,Alive
2022,6,M. gigas,South,TBOC,15-16,No Tide,25,51,0,Alive
2022,6,M. gigas,South,TBOC,15-16,No Tide,25,52,0,Alive
2022,6,M. gigas,South,TBOC,15-16,No Tide,25,53,0,Alive
2022,6,M. gigas,South,TBOC,15-16,No Tide,25,54,0,Alive
2022,6,M. gigas,South,TBOC,15-16,No Tide,25,55,0,Alive
2022,6,M. gigas,South,TBOC,15-16,No Tide,25,56,0,Alive
2022,6,M. gigas,South,TBOC,15-16,No Tide,25,57,0,Alive
2022,6,M. gigas,South,TBOC,15-16,No Tide,25,58,0,Alive
2022,6,M. gigas,South,TBOC,15-16,No Tide,25,59,0,Alive
2022,6,M. gigas,South,TBOC,15-16,No Tide,25,60,0,Alive
2022,6,M. gigas,South,TBOC,15-16,No Tide,25,61,0,Alive
2022,6,M. gigas,South,TBOC,15-16,No Tide,25,62,0,Alive
2022,6,M. gigas,South,TBOC,15-16,No Tide,25,63,0,Alive
2022,6,M. gigas,South,TBOC,15-16,No Tide,25,64,0,Alive
2022,6,M. gigas,South,TBOC,15-16,No Tide,25,65,0,Alive
2022,6,M. gigas,South,TBOC,15-16,No Tide,25,66,0,Alive
2022,6,M. gigas,South,TBOC,15-16,No Tide,25,67,0,Alive
2022,6,M. gigas,South,TBOC,15-16,No Tide,25,68,0,Alive
2022,6,M. gigas,South,TBOC,15-16,No Tide,25,69,0,Alive
2022,6,M. gigas,South,TBOC,15-16,No Tide,25,70,0,Alive
2022,6,M. gigas,South,TBOC,15-16,No Tide,25,71,0,Alive
2022,6,M. gigas,South,TBOC,15-16,No Tide,25,72,0,Alive
2022,6,M. gigas,South,TBOC,15-16,No Tide,25,73,0,Alive
2022,6,M. gigas,South,TBOC,15-16,No Tide,25,74,0,Alive
2022,6,M. gigas,South,TBOC,15-16,No Tide,25,75,0,Alive
2022,6,M. gigas,South,TBOC,15-16,No Tide,25,76,0,Alive
2022,6,M. gigas,South,TBOC,15-16,No Tide,25,77,0,Alive
2022,6,M. gigas,South,TBOC,15-16,No Tide,25,78,0,Alive
2022,6,M. gigas,South,TBOC,15-16,No Tide,25,79,0,Alive
2022,6,M. gigas,South,TBOC,15-16,No Tide,25,80,0,Alive
2022,6,M. gigas,South,TBOC,15-16,No Tide,25,81,0,Alive
2022,6,M. gigas,South,TBOC,15-16,No Tide,25,82,0,Alive
2022,6,M. gigas,South,TBOC,15-16,No Tide,25,83,0,Alive
2022,6,M. gigas,South,TBOC,15-16,No Tide,25,84,0,Alive
2022,6,M. gigas,South,TBOC,15-16,No Tide,25,85,0,Alive
2022,6,M. gigas,South,TBOC,15-16,No Tide,25,86,0,Alive
2022,6,M. gigas,South,TBOC,15-16,No Tide,25,87,0,Alive
2022,6,M. gigas,South,TBOC,15-16,No Tide,25,88,0,Alive
2022,6,M. gigas,South,TBOC,15-16,No Tide,25,89,0,Alive
2022,6,M. gigas,South,TBOC,15-16,No Tide,25,90,0,Alive
2022,6,M. gigas,South,TBOC,15-16,No Tide,25,91,0,Alive
2022,6,M. gigas,South,TBOC,15-16,No Tide,25,92,0,Alive
2022,6,M. gigas,South,TBOC,15-16,No Tide,25,93,0,Alive
2022,6,M. gigas,South,TBOC,15-16,No Tide,25,94,0,Alive
2022,6,M. gigas,South,TBOC,15-16,No Tide,25,95,0,Alive
2022,6,M. gigas,South,TBOC,15-16,No Tide,25,96,0,Alive
2022,6,M. gigas,South,TBOC,15-16,No Tide,25,97,0,Alive
2022,6,M. gigas,South,TBOC,15-16,No Tide,25,98,0,Alive
2022,6,M. gigas,South,TBOC,15-16,No Tide,25,99,0,Alive
2022,6,M. gigas,South,TBOC,15-16,No Tide,25,100,0,Alive
2022,6,M. gigas,South,TBOC,15-16,No Tide,25,101,0,Alive
2022,6,M. gigas,South,TBOC,15-16,No Tide,25,102,0,Alive
2022,6,M. gigas,South,TBOC,15-16,No Tide,25,103,0,Alive
2022,6,M. gigas,South,TBOC,15-16,No Tide,25,104,0,Alive
2022,6,M. gigas,South,TBOC,15-16,No Tide,25,105,0,Alive
2022,6,M. gigas,South,TBOC,15-16,No Tide,25,106,0,Alive
2022,6,M. gigas,South,TBOC,15-16,No Tide,25,107,0,Alive
2022,6,M. gigas,South,TBOC,15-16,No Tide,25,108,0,Alive
2022,6,M. gigas,South,TBOC,15-16,No Tide,25,109,0,Alive
2022,6,M. gigas,South,TBOC,15-16,No Tide,25,110,0,Alive
2022,6,M. gigas,South,TBOC,15-16,No Tide,25,111,0,Alive
2022,6,M. gigas,South,TBOC,15-16,No Tide,25,112,0,Alive
2022,6,M. gigas,South,TBOC,15-16,No Tide,25,113,0,Alive
2022,6,M. gigas,South,TBOC,15-16,No Tide,25,114,0,Alive
2022,6,M. gigas,South,TBOC,15-16,No Tide,25,115,0,Alive
2022,6,M. gigas,South,TBOC,15-16,No Tide,25,116,0,Alive
2022,6,M. gigas,South,TBOC,15-16,No Tide,25,117,0,Alive
2022,6,M. gigas,South,TBOC,15-16,No Tide,25,118,0,Alive
2022,6,M. gigas,South,TBOC,15-16,No Tide,25,119,0,Alive
2022,6,M. gigas,South,TBOC,15-16,No Tide,25,120,0,Alive
2022,6,M. gigas,South,TBOC,15-16,No Tide,25,121,0,Alive
2022,6,M. gigas,South,TBOC,15-16,No Tide,25,122,0,Alive
2022,6,M. gigas,South,TBOC,15-16,No Tide,25,123,0,Alive
2022,6,M. gigas,South,TBOC,15-16,No Tide,25,124,0,Alive
2022,6,M. gigas,South,TBOC,15-16,No Tide,25,125,0,Alive
2022,6,M. gigas,South,TBOC,15-16,No Tide,25,126,0,Alive
2022,6,M. gigas,South,TBOC,15-16,No Tide,25,127,0,Alive
2022,6,M. gigas,South,TBOC,15-16,No Tide,25,128,0,Alive
2022,6,M. gigas,South,TBOC,15-16,No Tide,25,129,0,Alive
2022,6,M. gigas,South,TBOC,15-16,No Tide,25,130,0,Alive
2022,6,M. gigas,South,TBOC,15-16,No Tide,25,131,0,Alive
2022,6,M. gigas,South,TBOC,15-16,No Tide,25,132,0,Alive
2022,6,M. gigas,South,TBOC,15-16,No Tide,25,133,0,Alive
2022,6,M. gigas,South,TBOC,15-16,No Tide,25,134,0,Alive
2022,6,M. gigas,South,TBOC,15-16,No Tide,25,135,0,Alive
2022,6,M. gigas,South,TBOC,15-16,No Tide,25,136,0,Alive
2022,6,M. gigas,South,TBOC,15-16,No Tide,25,137,0,Alive
2022,6,M. gigas,South,TBOC,15-16,No Tide,25,138,0,Alive
2022,6,M. gigas,South,TBOC,15-16,No Tide,25,139,0,Alive
2022,6,M. gigas,South,TBOC,15-16,No Tide,25,140,0,Alive
2022,6,M. gigas,South,TBOC,15-16,No Tide,25,141,0,Alive
2022,6,M. gigas,South,TBOC,15-16,No Tide,25,142,0,Alive
2022,6,M. gigas,South,TBOC,15-16,No Tide,25,143,0,Alive
2022,6,M. gigas,South,TBOC,15-16,No Tide,25,144,0,Alive
2022,6,M. gigas,South,TBOC,15-16,No Tide,25,145,0,Alive
2022,6,M. gigas,South,TBOC,15-16,No Tide,25,146,0,Alive
2022,6,M. gigas,South,TBOC,15-16,No Tide,25,147,0,Alive
2022,6,M. gigas,South,TBOC,15-16,No Tide,25,148,0,Alive
2022,6,M. gigas,South,TBOC,15-16,No Tide,25,149,0,Alive
2022,6,M. gigas,South,TBOC,15-16,No Tide,25,150,0,Alive
2022,6,M. gigas,South,TBOC,15-16,No Tide,25,151,0,Alive
2022,6,M. gigas,South,TBOC,15-16,No Tide,25,152,0,Alive
2022,6,M. gigas,South,TBOC,15-16,No Tide,25,153,0,Alive
2022,6,M. gigas,South,TBOC,15-16,No Tide,25,154,0,Alive
2022,6,M. gigas,South,TBOC,15-16,No Tide,25,155,0,Alive
2022,6,M. gigas,South,TBOC,15-16,No Tide,25,156,0,Alive
2022,6,M. gigas,South,TBOC,15-16,No Tide,25,157,0,Alive
2022,6,M. gigas,South,TBOC,15-16,No Tide,25,158,0,Alive
2022,6,M. gigas,South,TBOC,15-16,No Tide,25,159,0,Alive
2022,6,M. gigas,South,TBOC,15-16,No Tide,25,160,0,Alive
2022,6,M. gigas,South,TBOC,15-16,No Tide,25,161,0,Alive
2022,6,M. gigas,South,TBOC,15-16,No Tide,25,162,0,Alive
2022,6,M. gigas,South,TBOC,15-16,No Tide,25,163,0,Alive
2022,6,M. gigas,South,TBOC,15-16,No Tide,25,164,0,Alive
2022,6,M. gigas,South,TBOC,15-16,No Tide,25,165,0,Alive
2022,6,M. gigas,South,TBOC,15-16,No Tide,25,166,0,Alive
2022,6,M. gigas,South,TBOC,15-16,No Tide,25,167,0,Alive
2022,6,M. gigas,South,TBOC,15-16,No Tide,25,168,0,Alive
2022,6,M. gigas,South,TBOC,15-16,No Tide,25,169,0,Alive
2022,6,M. gigas,South,TBOC,15-16,No Tide,25,170,0,Alive
2022,6,M. gigas,South,TBOC,15-16,No Tide,25,171,0,Alive
2022,6,M. gigas,South,TBOC,15-16,No Tide,25,172,0,Alive
2022,6,M. gigas,South,TBOC,15-16,No Tide,25,173,0,Alive
2022,6,M. gigas,South,TBOC,15-16,No Tide,25,174,0,Alive
2022,6,M. gigas,South,TBOC,15-16,No Tide,25,175,0,Alive
2022,6,M. gigas,South,TBOC,15-16,No Tide,25,176,0,Alive
2022,6,M. gigas,South,TBOC,15-16,No Tide,25,177,0,Alive
2022,6,M. gigas,South,TBOC,15-16,No Tide,25,178,0,Alive
2022,6,M. gigas,South,TBOC,15-16,No Tide,25,179,0,Alive
2022,6,M. gigas,South,TBOC,15-16,No Tide,25,180,0,Alive
2022,6,M. gigas,South,TBOC,15-16,No Tide,25,181,0,Alive
2022,6,M. gigas,South,TBOC,15-16,No Tide,25,182,0,Alive
2022,6,M. gigas,South,TBOC,15-16,No Tide,25,183,0,Alive
2022,6,M. gigas,South,TBOC,15-16,No Tide,25,184,0,Alive
2022,6,M. gigas,South,TBOC,15-16,No Tide,25,185,0,Alive
2022,6,M. gigas,South,TBOC,15-16,No Tide,25,186,0,Alive
2022,6,M. gigas,South,TBOC,15-16,No Tide,25,187,0,Alive
2022,6,M. gigas,South,TBOC,15-16,No Tide,25,188,0,Alive
2022,6,M. gigas,South,TBOC,15-16,No Tide,25,189,0,Alive
2022,6,M. gigas,South,TBOC,15-16,No Tide,25,190,0,Alive
2022,6,M. gigas,South,TBOC,15-16,No Tide,25,191,0,Alive
2022,6,M. gigas,South,TBOC,15-16,No Tide,25,192,0,Alive
2022,6,M. gigas,South,TBOC,15-16,No Tide,25,193,0,Alive
2022,6,M. gigas,South,TBOC,15-16,No Tide,25,194,0,Alive
2022,6,M. gigas,South,TBOC,15-16,No Tide,25,195,0,Alive
2022,6,M. gigas,South,TBOC,15-16,No Tide,25,196,0,Alive
2022,6,M. gigas,South,TBOC,15-16,No Tide,25,197,0,Alive
2022,6,M. gigas,South,TBOC,15-16,No Tide,25,198,0,Alive
2022,6,M. gigas,South,TBOC,15-16,No Tide,25,199,0,Alive
2022,6,M. gigas,South,TBOC,15-16,No Tide,25,200,0,Alive
2022,6,M. gigas,South,TBOC,15-16,No Tide,25,201,0,Alive
2022,6,M. gigas,South,TBOC,15-16,No Tide,25,202,0,Alive
2022,6,M. gigas,South,TBOC,15-16,No Tide,25,203,0,Alive
2022,6,M. gigas,South,TBOC,15-16,No Tide,25,204,0,Alive
2022,6,M. gigas,South,TBOC,15-16,No Tide,25,205,0,Alive
2022,6,M. gigas,South,TBOC,15-16,No Tide,25,206,0,Alive
2022,6,M. gigas,South,TBOC,15-16,No Tide,25,207,0,Alive
2022,6,M. gigas,South,TBOC,15-16,No Tide,25,208,0,Alive
2022,6,M. gigas,South,TBOC,15-16,No Tide,25,209,0,Alive
2022,6,M. gigas,South,TBOC,15-16,No Tide,25,210,0,Alive
2022,6,M. gigas,South,TBOC,15-16,No Tide,25,211,0,Alive
2022,6,M. gigas,South,TBOC,15-16,No Tide,25,212,0,Alive
2022,6,M. gigas,South,TBOC,15-16,No Tide,25,213,0,Alive
2022,6,M. gigas,South,TBOC,15-16,No Tide,25,214,0,Alive
2022,6,M. gigas,South,TBOC,15-16,No Tide,25,215,0,Alive
2022,6,M. gigas,South,TBOC,15-16,No Tide,25,216,0,Alive
2022,6,M. gigas,South,TBOC,15-16,No Tide,25,217,0,Alive
2022,6,M. gigas,South,TBOC,15-16,No Tide,25,218,0,Alive
2022,6,M. gigas,South,TBOC,15-16,No Tide,25,219,0,Alive
2022,6,M. gigas,South,TBOC,15-16,No Tide,25,220,0,Alive
2022,6,M. gigas,South,TBOC,15-16,No Tide,25,221,0,Alive
2022,6,M. gigas,South,TBOC,15-16,No Tide,25,222,0,Alive
2022,6,M. gigas,South,TBOC,15-16,No Tide,25,223,0,Alive
2022,6,M. gigas,South,TBOC,15-16,No Tide,25,224,0,Alive
2022,6,M. gigas,South,TBOC,15-16,No Tide,25,225,0,Alive
2022,6,M. gigas,South,TBOC,15-16,No Tide,25,226,0,Alive
2022,6,M. gigas,South,TBOC,15-16,No Tide,25,227,0,Alive
2022,6,M. gigas,South,TBOC,15-16,No Tide,25,228,0,Alive
2022,6,M. gigas,South,TBOC,15-16,No Tide,25,229,0,Alive
2022,6,M. gigas,South,TBOC,15-16,No Tide,25,230,0,Alive
2022,6,M. gigas,South,TBOC,15-16,No Tide,25,231,0,Alive
2022,6,M. gigas,South,TBOC,15-16,No Tide,25,232,0,Alive
2022,6,M. gigas,South,TBOC,15-16,No Tide,25,233,0,Alive
2022,6,M. gigas,South,TBOC,15-16,No Tide,25,234,0,Alive
2022,6,M. gigas,South,TBOC,15-16,No Tide,25,235,0,Alive
2022,6,M. gigas,South,TBOC,15-16,No Tide,25,236,0,Alive
2022,6,M. gigas,South,TBOC,15-16,No Tide,25,237,0,Alive
2022,6,M. gigas,South,TBOC,15-16,No Tide,25,238,0,Alive
2022,6,M. gigas,South,TBOC,15-16,No Tide,25,239,0,Alive
2022,6,M. gigas,South,TBOC,15-16,No Tide,25,240,0,Alive
2022,6,M. gigas,South,TBOC,15-16,No Tide,25,241,0,Alive
2022,6,M. gigas,South,TBOC,15-16,No Tide,25,242,0,Alive
2022,6,M. gigas,South,TBOC,15-16,No Tide,25,243,0,Alive
2022,6,M. gigas,South,TBOC,15-16,No Tide,25,244,0,Alive
2022,6,M. gigas,South,TBOC,15-16,No Tide,25,245,0,Alive
2022,6,M. gigas,South,TBOC,15-16,No Tide,25,246,0,Alive
2022,6,M. gigas,South,TBOC,15-16,No Tide,25,247,0,Alive
2022,6,M. gigas,South,TBOC,15-16,No Tide,25,248,0,Alive
2022,6,M. gigas,South,TBOC,15-16,No Tide,25,249,0,Alive
2022,6,M. gigas,South,TBOC,15-16,No Tide,25,250,0,Alive
2022,6,M. gigas,South,TBOC,15-16,No Tide,26,1,1,Dead
2022,6,M. gigas,South,TBOC,15-16,No Tide,26,2,1,Dead
2022,6,M. gigas,South,TBOC,15-16,No Tide,26,3,1,Dead
2022,6,M. gigas,South,TBOC,15-16,No Tide,26,4,1,Dead
2022,6,M. gigas,South,TBOC,15-16,No Tide,26,5,1,Dead
2022,6,M. gigas,South,TBOC,15-16,No Tide,26,6,0,Alive
2022,6,M. gigas,South,TBOC,15-16,No Tide,26,7,0,Alive
2022,6,M. gigas,South,TBOC,15-16,No Tide,26,8,0,Alive
2022,6,M. gigas,South,TBOC,15-16,No Tide,26,9,0,Alive
2022,6,M. gigas,South,TBOC,15-16,No Tide,26,10,0,Alive
2022,6,M. gigas,South,TBOC,15-16,No Tide,26,11,0,Alive
2022,6,M. gigas,South,TBOC,15-16,No Tide,26,12,0,Alive
2022,6,M. gigas,South,TBOC,15-16,No Tide,26,13,0,Alive
2022,6,M. gigas,South,TBOC,15-16,No Tide,26,14,0,Alive
2022,6,M. gigas,South,TBOC,15-16,No Tide,26,15,0,Alive
2022,6,M. gigas,South,TBOC,15-16,No Tide,26,16,0,Alive
2022,6,M. gigas,South,TBOC,15-16,No Tide,26,17,0,Alive
2022,6,M. gigas,South,TBOC,15-16,No Tide,26,18,0,Alive
2022,6,M. gigas,South,TBOC,15-16,No Tide,26,19,0,Alive
2022,6,M. gigas,South,TBOC,15-16,No Tide,26,20,0,Alive
2022,6,M. gigas,South,TBOC,15-16,No Tide,26,21,0,Alive
2022,6,M. gigas,South,TBOC,15-16,No Tide,26,22,0,Alive
2022,6,M. gigas,South,TBOC,15-16,No Tide,26,23,0,Alive
2022,6,M. gigas,South,TBOC,15-16,No Tide,26,24,0,Alive
2022,6,M. gigas,South,TBOC,15-16,No Tide,26,25,0,Alive
2022,6,M. gigas,South,TBOC,15-16,No Tide,26,26,0,Alive
2022,6,M. gigas,South,TBOC,15-16,No Tide,26,27,0,Alive
2022,6,M. gigas,South,TBOC,15-16,No Tide,26,28,0,Alive
2022,6,M. gigas,South,TBOC,15-16,No Tide,26,29,0,Alive
2022,6,M. gigas,South,TBOC,15-16,No Tide,26,30,0,Alive
2022,6,M. gigas,South,TBOC,15-16,No Tide,26,31,0,Alive
2022,6,M. gigas,South,TBOC,15-16,No Tide,26,32,0,Alive
2022,6,M. gigas,South,TBOC,15-16,No Tide,26,33,0,Alive
2022,6,M. gigas,South,TBOC,15-16,No Tide,26,34,0,Alive
2022,6,M. gigas,South,TBOC,15-16,No Tide,26,35,0,Alive
2022,6,M. gigas,South,TBOC,15-16,No Tide,26,36,0,Alive
2022,6,M. gigas,South,TBOC,15-16,No Tide,26,37,0,Alive
2022,6,M. gigas,South,TBOC,15-16,No Tide,26,38,0,Alive
2022,6,M. gigas,South,TBOC,15-16,No Tide,26,39,0,Alive
2022,6,M. gigas,South,TBOC,15-16,No Tide,26,40,0,Alive
2022,6,M. gigas,South,TBOC,15-16,No Tide,26,41,0,Alive
2022,6,M. gigas,South,TBOC,15-16,No Tide,26,42,0,Alive
2022,6,M. gigas,South,TBOC,15-16,No Tide,26,43,0,Alive
2022,6,M. gigas,South,TBOC,15-16,No Tide,26,44,0,Alive
2022,6,M. gigas,South,TBOC,15-16,No Tide,26,45,0,Alive
2022,6,M. gigas,South,TBOC,15-16,No Tide,26,46,0,Alive
2022,6,M. gigas,South,TBOC,15-16,No Tide,26,47,0,Alive
2022,6,M. gigas,South,TBOC,15-16,No Tide,26,48,0,Alive
2022,6,M. gigas,South,TBOC,15-16,No Tide,26,49,0,Alive
2022,6,M. gigas,South,TBOC,15-16,No Tide,26,50,0,Alive
2022,6,M. gigas,South,TBOC,15-16,No Tide,26,51,0,Alive
2022,6,M. gigas,South,TBOC,15-16,No Tide,26,52,0,Alive
2022,6,M. gigas,South,TBOC,15-16,No Tide,26,53,0,Alive
2022,6,M. gigas,South,TBOC,15-16,No Tide,26,54,0,Alive
2022,6,M. gigas,South,TBOC,15-16,No Tide,26,55,0,Alive
2022,6,M. gigas,South,TBOC,15-16,No Tide,26,56,0,Alive
2022,6,M. gigas,South,TBOC,15-16,No Tide,26,57,0,Alive
2022,6,M. gigas,South,TBOC,15-16,No Tide,26,58,0,Alive
2022,6,M. gigas,South,TBOC,15-16,No Tide,26,59,0,Alive
2022,6,M. gigas,South,TBOC,15-16,No Tide,26,60,0,Alive
2022,6,M. gigas,South,TBOC,15-16,No Tide,26,61,0,Alive
2022,6,M. gigas,South,TBOC,15-16,No Tide,26,62,0,Alive
2022,6,M. gigas,South,TBOC,15-16,No Tide,26,63,0,Alive
2022,6,M. gigas,South,TBOC,15-16,No Tide,26,64,0,Alive
2022,6,M. gigas,South,TBOC,15-16,No Tide,26,65,0,Alive
2022,6,M. gigas,South,TBOC,15-16,No Tide,26,66,0,Alive
2022,6,M. gigas,South,TBOC,15-16,No Tide,26,67,0,Alive
2022,6,M. gigas,South,TBOC,15-16,No Tide,26,68,0,Alive
2022,6,M. gigas,South,TBOC,15-16,No Tide,26,69,0,Alive
2022,6,M. gigas,South,TBOC,15-16,No Tide,26,70,0,Alive
2022,6,M. gigas,South,TBOC,15-16,No Tide,26,71,0,Alive
2022,6,M. gigas,South,TBOC,15-16,No Tide,26,72,0,Alive
2022,6,M. gigas,South,TBOC,15-16,No Tide,26,73,0,Alive
2022,6,M. gigas,South,TBOC,15-16,No Tide,26,74,0,Alive
2022,6,M. gigas,South,TBOC,15-16,No Tide,26,75,0,Alive
2022,6,M. gigas,South,TBOC,15-16,No Tide,26,76,0,Alive
2022,6,M. gigas,South,TBOC,15-16,No Tide,26,77,0,Alive
2022,6,M. gigas,South,TBOC,15-16,No Tide,26,78,0,Alive
2022,6,M. gigas,South,TBOC,15-16,No Tide,26,79,0,Alive
2022,6,M. gigas,South,TBOC,15-16,No Tide,26,80,0,Alive
2022,6,M. gigas,South,TBOC,15-16,No Tide,26,81,0,Alive
2022,6,M. gigas,South,TBOC,15-16,No Tide,26,82,0,Alive
2022,6,M. gigas,South,TBOC,15-16,No Tide,26,83,0,Alive
2022,6,M. gigas,South,TBOC,15-16,No Tide,26,84,0,Alive
2022,6,M. gigas,South,TBOC,15-16,No Tide,26,85,0,Alive
2022,6,M. gigas,South,TBOC,15-16,No Tide,26,86,0,Alive
2022,6,M. gigas,South,TBOC,15-16,No Tide,26,87,0,Alive
2022,6,M. gigas,South,TBOC,15-16,No Tide,26,88,0,Alive
2022,6,M. gigas,South,TBOC,15-16,No Tide,26,89,0,Alive
2022,6,M. gigas,South,TBOC,15-16,No Tide,26,90,0,Alive
2022,6,M. gigas,South,TBOC,15-16,No Tide,26,91,0,Alive
2022,6,M. gigas,South,TBOC,15-16,No Tide,26,92,0,Alive
2022,6,M. gigas,South,TBOC,15-16,No Tide,26,93,0,Alive
2022,6,M. gigas,South,TBOC,15-16,No Tide,26,94,0,Alive
2022,6,M. gigas,South,TBOC,15-16,No Tide,26,95,0,Alive
2022,6,M. gigas,South,TBOC,15-16,No Tide,26,96,0,Alive
2022,6,M. gigas,South,TBOC,15-16,No Tide,26,97,0,Alive
2022,6,M. gigas,South,TBOC,15-16,No Tide,26,98,0,Alive
2022,6,M. gigas,South,TBOC,15-16,No Tide,26,99,0,Alive
2022,6,M. gigas,South,TBOC,15-16,No Tide,26,100,0,Alive
2022,6,M. gigas,South,TBOC,15-16,No Tide,26,101,0,Alive
2022,6,M. gigas,South,TBOC,15-16,No Tide,26,102,0,Alive
2022,6,M. gigas,South,TBOC,15-16,No Tide,26,103,0,Alive
2022,6,M. gigas,South,TBOC,15-16,No Tide,26,104,0,Alive
2022,6,M. gigas,South,TBOC,15-16,No Tide,26,105,0,Alive
2022,6,M. gigas,South,TBOC,15-16,No Tide,26,106,0,Alive
2022,6,M. gigas,South,TBOC,15-16,No Tide,26,107,0,Alive
2022,6,M. gigas,South,TBOC,15-16,No Tide,26,108,0,Alive
2022,6,M. gigas,South,TBOC,15-16,No Tide,26,109,0,Alive
2022,6,M. gigas,South,TBOC,15-16,No Tide,26,110,0,Alive
2022,6,M. gigas,South,TBOC,15-16,No Tide,26,111,0,Alive
2022,6,M. gigas,South,TBOC,15-16,No Tide,26,112,0,Alive
2022,6,M. gigas,South,TBOC,15-16,No Tide,26,113,0,Alive
2022,6,M. gigas,South,TBOC,15-16,No Tide,26,114,0,Alive
2022,6,M. gigas,South,TBOC,15-16,No Tide,26,115,0,Alive
2022,6,M. gigas,South,TBOC,15-16,No Tide,26,116,0,Alive
2022,6,M. gigas,South,TBOC,15-16,No Tide,26,117,0,Alive
2022,6,M. gigas,South,TBOC,15-16,No Tide,26,118,0,Alive
2022,6,M. gigas,South,TBOC,15-16,No Tide,26,119,0,Alive
2022,6,M. gigas,South,TBOC,15-16,No Tide,26,120,0,Alive
2022,6,M. gigas,South,TBOC,15-16,No Tide,26,121,0,Alive
2022,6,M. gigas,South,TBOC,15-16,No Tide,26,122,0,Alive
2022,6,M. gigas,South,TBOC,15-16,No Tide,26,123,0,Alive
2022,6,M. gigas,South,TBOC,15-16,No Tide,26,124,0,Alive
2022,6,M. gigas,South,TBOC,15-16,No Tide,26,125,0,Alive
2022,6,M. gigas,South,TBOC,15-16,No Tide,26,126,0,Alive
2022,6,M. gigas,South,TBOC,15-16,No Tide,26,127,0,Alive
2022,6,M. gigas,South,TBOC,15-16,No Tide,26,128,0,Alive
2022,6,M. gigas,South,TBOC,15-16,No Tide,26,129,0,Alive
2022,6,M. gigas,South,TBOC,15-16,No Tide,26,130,0,Alive
2022,6,M. gigas,South,TBOC,15-16,No Tide,26,131,0,Alive
2022,6,M. gigas,South,TBOC,15-16,No Tide,26,132,0,Alive
2022,6,M. gigas,South,TBOC,15-16,No Tide,26,133,0,Alive
2022,6,M. gigas,South,TBOC,15-16,No Tide,26,134,0,Alive
2022,6,M. gigas,South,TBOC,15-16,No Tide,26,135,0,Alive
2022,6,M. gigas,South,TBOC,15-16,No Tide,26,136,0,Alive
2022,6,M. gigas,South,TBOC,15-16,No Tide,26,137,0,Alive
2022,6,M. gigas,South,TBOC,15-16,No Tide,26,138,0,Alive
2022,6,M. gigas,South,TBOC,15-16,No Tide,26,139,0,Alive
2022,6,M. gigas,South,TBOC,15-16,No Tide,26,140,0,Alive
2022,6,M. gigas,South,TBOC,15-16,No Tide,26,141,0,Alive
2022,6,M. gigas,South,TBOC,15-16,No Tide,26,142,0,Alive
2022,6,M. gigas,South,TBOC,15-16,No Tide,26,143,0,Alive
2022,6,M. gigas,South,TBOC,15-16,No Tide,26,144,0,Alive
2022,6,M. gigas,South,TBOC,15-16,No Tide,26,145,0,Alive
2022,6,M. gigas,South,TBOC,15-16,No Tide,26,146,0,Alive
2022,6,M. gigas,South,TBOC,15-16,No Tide,26,147,0,Alive
2022,6,M. gigas,South,TBOC,15-16,No Tide,26,148,0,Alive
2022,6,M. gigas,South,TBOC,15-16,No Tide,26,149,0,Alive
2022,6,M. gigas,South,TBOC,15-16,No Tide,26,150,0,Alive
2022,6,M. gigas,South,TBOC,15-16,No Tide,26,151,0,Alive
2022,6,M. gigas,South,TBOC,15-16,No Tide,26,152,0,Alive
2022,6,M. gigas,South,TBOC,15-16,No Tide,26,153,0,Alive
2022,6,M. gigas,South,TBOC,15-16,No Tide,26,154,0,Alive
2022,6,M. gigas,South,TBOC,15-16,No Tide,26,155,0,Alive
2022,6,M. gigas,South,TBOC,15-16,No Tide,26,156,0,Alive
2022,6,M. gigas,South,TBOC,15-16,No Tide,26,157,0,Alive
2022,6,M. gigas,South,TBOC,15-16,No Tide,26,158,0,Alive
2022,6,M. gigas,South,TBOC,15-16,No Tide,26,159,0,Alive
2022,6,M. gigas,South,TBOC,15-16,No Tide,26,160,0,Alive
2022,6,M. gigas,South,TBOC,15-16,No Tide,26,161,0,Alive
2022,6,M. gigas,South,TBOC,15-16,No Tide,26,162,0,Alive
2022,6,M. gigas,South,TBOC,15-16,No Tide,26,163,0,Alive
2022,6,M. gigas,South,TBOC,15-16,No Tide,26,164,0,Alive
2022,6,M. gigas,South,TBOC,15-16,No Tide,26,165,0,Alive
2022,6,M. gigas,South,TBOC,15-16,No Tide,26,166,0,Alive
2022,6,M. gigas,South,TBOC,15-16,No Tide,26,167,0,Alive
2022,6,M. gigas,South,TBOC,15-16,No Tide,26,168,0,Alive
2022,6,M. gigas,South,TBOC,15-16,No Tide,26,169,0,Alive
2022,6,M. gigas,South,TBOC,15-16,No Tide,26,170,0,Alive
2022,6,M. gigas,South,TBOC,15-16,No Tide,26,171,0,Alive
2022,6,M. gigas,South,TBOC,15-16,No Tide,26,172,0,Alive
2022,6,M. gigas,South,TBOC,15-16,No Tide,26,173,0,Alive
2022,6,M. gigas,South,TBOC,15-16,No Tide,26,174,0,Alive
2022,6,M. gigas,South,TBOC,15-16,No Tide,26,175,0,Alive
2022,6,M. gigas,South,TBOC,15-16,No Tide,26,176,0,Alive
2022,6,M. gigas,South,TBOC,15-16,No Tide,26,177,0,Alive
2022,6,M. gigas,South,TBOC,15-16,No Tide,26,178,0,Alive
2022,6,M. gigas,South,TBOC,15-16,No Tide,26,179,0,Alive
2022,6,M. gigas,South,TBOC,15-16,No Tide,26,180,0,Alive
2022,6,M. gigas,South,TBOC,15-16,No Tide,26,181,0,Alive
2022,6,M. gigas,South,TBOC,15-16,No Tide,26,182,0,Alive
2022,6,M. gigas,South,TBOC,15-16,No Tide,26,183,0,Alive
2022,6,M. gigas,South,TBOC,15-16,No Tide,26,184,0,Alive
2022,6,M. gigas,South,TBOC,15-16,No Tide,26,185,0,Alive
2022,6,M. gigas,South,TBOC,15-16,No Tide,26,186,0,Alive
2022,6,M. gigas,South,TBOC,15-16,No Tide,26,187,0,Alive
2022,6,M. gigas,South,TBOC,15-16,No Tide,26,188,0,Alive
2022,6,M. gigas,South,TBOC,15-16,No Tide,26,189,0,Alive
2022,6,M. gigas,South,TBOC,15-16,No Tide,26,190,0,Alive
2022,6,M. gigas,South,TBOC,15-16,No Tide,26,191,0,Alive
2022,6,M. gigas,South,TBOC,15-16,No Tide,26,192,0,Alive
2022,6,M. gigas,South,TBOC,15-16,No Tide,26,193,0,Alive
2022,6,M. gigas,South,TBOC,15-16,No Tide,26,194,0,Alive
2022,6,M. gigas,South,TBOC,15-16,No Tide,26,195,0,Alive
2022,6,M. gigas,South,TBOC,15-16,No Tide,26,196,0,Alive
2022,6,M. gigas,South,TBOC,15-16,No Tide,26,197,0,Alive
2022,6,M. gigas,South,TBOC,15-16,No Tide,26,198,0,Alive
2022,6,M. gigas,South,TBOC,15-16,No Tide,26,199,0,Alive
2022,6,M. gigas,South,TBOC,15-16,No Tide,26,200,0,Alive
2022,6,M. gigas,South,TBOC,15-16,No Tide,26,201,0,Alive
2022,6,M. gigas,South,TBOC,15-16,No Tide,26,202,0,Alive
2022,6,M. gigas,South,TBOC,15-16,No Tide,26,203,0,Alive
2022,6,M. gigas,South,TBOC,15-16,No Tide,26,204,0,Alive
2022,6,M. gigas,South,TBOC,15-16,No Tide,26,205,0,Alive
2022,6,M. gigas,South,TBOC,15-16,No Tide,26,206,0,Alive
2022,6,M. gigas,South,TBOC,15-16,No Tide,26,207,0,Alive
2022,6,M. gigas,South,TBOC,15-16,No Tide,26,208,0,Alive
2022,6,M. gigas,South,TBOC,15-16,No Tide,26,209,0,Alive
2022,6,M. gigas,South,TBOC,15-16,No Tide,26,210,0,Alive
2022,6,M. gigas,South,TBOC,15-16,No Tide,26,211,0,Alive
2022,6,M. gigas,South,TBOC,15-16,No Tide,26,212,0,Alive
2022,6,M. gigas,South,TBOC,15-16,No Tide,26,213,0,Alive
2022,6,M. gigas,South,TBOC,15-16,No Tide,26,214,0,Alive
2022,6,M. gigas,South,TBOC,15-16,No Tide,26,215,0,Alive
2022,6,M. gigas,South,TBOC,15-16,No Tide,26,216,0,Alive
2022,6,M. gigas,South,TBOC,15-16,No Tide,26,217,0,Alive
2022,6,M. gigas,South,TBOC,15-16,No Tide,26,218,0,Alive
2022,6,M. gigas,South,TBOC,15-16,No Tide,26,219,0,Alive
2022,6,M. gigas,South,TBOC,15-16,No Tide,26,220,0,Alive
2022,6,M. gigas,South,TBOC,15-16,No Tide,26,221,0,Alive
2022,6,M. gigas,South,TBOC,15-16,No Tide,26,222,0,Alive
2022,6,M. gigas,South,TBOC,15-16,No Tide,26,223,0,Alive
2022,6,M. gigas,South,TBOC,15-16,No Tide,26,224,0,Alive
2022,6,M. gigas,South,TBOC,15-16,No Tide,26,225,0,Alive
2022,6,M. gigas,South,TBOC,15-16,No Tide,26,226,0,Alive
2022,6,M. gigas,South,TBOC,15-16,No Tide,26,227,0,Alive
2022,6,M. gigas,South,TBOC,15-16,No Tide,26,228,0,Alive
2022,6,M. gigas,South,TBOC,15-16,No Tide,26,229,0,Alive
2022,6,M. gigas,South,TBOC,15-16,No Tide,26,230,0,Alive
2022,6,M. gigas,South,TBOC,15-16,No Tide,26,231,0,Alive
2022,6,M. gigas,South,TBOC,15-16,No Tide,26,232,0,Alive
2022,6,M. gigas,South,TBOC,15-16,No Tide,26,233,0,Alive
2022,6,M. gigas,South,TBOC,15-16,No Tide,26,234,0,Alive
2022,6,M. gigas,South,TBOC,15-16,No Tide,26,235,0,Alive
2022,6,M. gigas,South,TBOC,15-16,No Tide,26,236,0,Alive
2022,6,M. gigas,South,TBOC,15-16,No Tide,26,237,0,Alive
2022,6,M. gigas,South,TBOC,15-16,No Tide,26,238,0,Alive
2022,6,M. gigas,South,TBOC,15-16,No Tide,26,239,0,Alive
2022,6,M. gigas,South,TBOC,15-16,No Tide,26,240,0,Alive
2022,6,M. gigas,South,TBOC,15-16,No Tide,26,241,0,Alive
2022,6,M. gigas,South,TBOC,15-16,No Tide,26,242,0,Alive
2022,6,M. gigas,South,TBOC,15-16,No Tide,26,243,0,Alive
2022,6,M. gigas,South,TBOC,15-16,No Tide,26,244,0,Alive
2022,6,M. gigas,South,TBOC,15-16,No Tide,26,245,0,Alive
2022,6,M. gigas,South,TBOC,15-16,No Tide,26,246,0,Alive
2022,6,M. gigas,South,TBOC,15-16,No Tide,26,247,0,Alive
2022,6,M. gigas,South,TBOC,15-16,No Tide,26,248,0,Alive
2022,6,M. gigas,South,TBOC,15-16,No Tide,26,249,0,Alive
2022,6,M. gigas,South,TBOC,15-16,No Tide,26,250,0,Alive
2022,6,M. gigas,South,TBOC,15-16,No Tide,27,1,1,Dead
2022,6,M. gigas,South,TBOC,15-16,No Tide,27,2,1,Dead
2022,6,M. gigas,South,TBOC,15-16,No Tide,27,3,1,Dead
2022,6,M. gigas,South,TBOC,15-16,No Tide,27,4,1,Dead
2022,6,M. gigas,South,TBOC,15-16,No Tide,27,5,1,Dead
2022,6,M. gigas,South,TBOC,15-16,No Tide,27,6,1,Dead
2022,6,M. gigas,South,TBOC,15-16,No Tide,27,7,1,Dead
2022,6,M. gigas,South,TBOC,15-16,No Tide,27,8,1,Dead
2022,6,M. gigas,South,TBOC,15-16,No Tide,27,9,1,Dead
2022,6,M. gigas,South,TBOC,15-16,No Tide,27,10,1,Dead
2022,6,M. gigas,South,TBOC,15-16,No Tide,27,11,1,Dead
2022,6,M. gigas,South,TBOC,15-16,No Tide,27,12,1,Dead
2022,6,M. gigas,South,TBOC,15-16,No Tide,27,13,1,Dead
2022,6,M. gigas,South,TBOC,15-16,No Tide,27,14,1,Dead
2022,6,M. gigas,South,TBOC,15-16,No Tide,27,15,1,Dead
2022,6,M. gigas,South,TBOC,15-16,No Tide,27,16,1,Dead
2022,6,M. gigas,South,TBOC,15-16,No Tide,27,17,1,Dead
2022,6,M. gigas,South,TBOC,15-16,No Tide,27,18,1,Dead
2022,6,M. gigas,South,TBOC,15-16,No Tide,27,19,1,Dead
2022,6,M. gigas,South,TBOC,15-16,No Tide,27,20,1,Dead
2022,6,M. gigas,South,TBOC,15-16,No Tide,27,21,1,Dead
2022,6,M. gigas,South,TBOC,15-16,No Tide,27,22,1,Dead
2022,6,M. gigas,South,TBOC,15-16,No Tide,27,23,1,Dead
2022,6,M. gigas,South,TBOC,15-16,No Tide,27,24,1,Dead
2022,6,M. gigas,South,TBOC,15-16,No Tide,27,25,1,Dead
2022,6,M. gigas,South,TBOC,15-16,No Tide,27,26,1,Dead
2022,6,M. gigas,South,TBOC,15-16,No Tide,27,27,1,Dead
2022,6,M. gigas,South,TBOC,15-16,No Tide,27,28,1,Dead
2022,6,M. gigas,South,TBOC,15-16,No Tide,27,29,1,Dead
2022,6,M. gigas,South,TBOC,15-16,No Tide,27,30,1,Dead
2022,6,M. gigas,South,TBOC,15-16,No Tide,27,31,1,Dead
2022,6,M. gigas,South,TBOC,15-16,No Tide,27,32,1,Dead
2022,6,M. gigas,South,TBOC,15-16,No Tide,27,33,1,Dead
2022,6,M. gigas,South,TBOC,15-16,No Tide,27,34,1,Dead
2022,6,M. gigas,South,TBOC,15-16,No Tide,27,35,0,Alive
2022,6,M. gigas,South,TBOC,15-16,No Tide,27,36,0,Alive
2022,6,M. gigas,South,TBOC,15-16,No Tide,27,37,0,Alive
2022,6,M. gigas,South,TBOC,15-16,No Tide,27,38,0,Alive
2022,6,M. gigas,South,TBOC,15-16,No Tide,27,39,0,Alive
2022,6,M. gigas,South,TBOC,15-16,No Tide,27,40,0,Alive
2022,6,M. gigas,South,TBOC,15-16,No Tide,27,41,0,Alive
2022,6,M. gigas,South,TBOC,15-16,No Tide,27,42,0,Alive
2022,6,M. gigas,South,TBOC,15-16,No Tide,27,43,0,Alive
2022,6,M. gigas,South,TBOC,15-16,No Tide,27,44,0,Alive
2022,6,M. gigas,South,TBOC,15-16,No Tide,27,45,0,Alive
2022,6,M. gigas,South,TBOC,15-16,No Tide,27,46,0,Alive
2022,6,M. gigas,South,TBOC,15-16,No Tide,27,47,0,Alive
2022,6,M. gigas,South,TBOC,15-16,No Tide,27,48,0,Alive
2022,6,M. gigas,South,TBOC,15-16,No Tide,27,49,0,Alive
2022,6,M. gigas,South,TBOC,15-16,No Tide,27,50,0,Alive
2022,6,M. gigas,South,TBOC,15-16,No Tide,27,51,0,Alive
2022,6,M. gigas,South,TBOC,15-16,No Tide,27,52,0,Alive
2022,6,M. gigas,South,TBOC,15-16,No Tide,27,53,0,Alive
2022,6,M. gigas,South,TBOC,15-16,No Tide,27,54,0,Alive
2022,6,M. gigas,South,TBOC,15-16,No Tide,27,55,0,Alive
2022,6,M. gigas,South,TBOC,15-16,No Tide,27,56,0,Alive
2022,6,M. gigas,South,TBOC,15-16,No Tide,27,57,0,Alive
2022,6,M. gigas,South,TBOC,15-16,No Tide,27,58,0,Alive
2022,6,M. gigas,South,TBOC,15-16,No Tide,27,59,0,Alive
2022,6,M. gigas,South,TBOC,15-16,No Tide,27,60,0,Alive
2022,6,M. gigas,South,TBOC,15-16,No Tide,27,61,0,Alive
2022,6,M. gigas,South,TBOC,15-16,No Tide,27,62,0,Alive
2022,6,M. gigas,South,TBOC,15-16,No Tide,27,63,0,Alive
2022,6,M. gigas,South,TBOC,15-16,No Tide,27,64,0,Alive
2022,6,M. gigas,South,TBOC,15-16,No Tide,27,65,0,Alive
2022,6,M. gigas,South,TBOC,15-16,No Tide,27,66,0,Alive
2022,6,M. gigas,South,TBOC,15-16,No Tide,27,67,0,Alive
2022,6,M. gigas,South,TBOC,15-16,No Tide,27,68,0,Alive
2022,6,M. gigas,South,TBOC,15-16,No Tide,27,69,0,Alive
2022,6,M. gigas,South,TBOC,15-16,No Tide,27,70,0,Alive
2022,6,M. gigas,South,TBOC,15-16,No Tide,27,71,0,Alive
2022,6,M. gigas,South,TBOC,15-16,No Tide,27,72,0,Alive
2022,6,M. gigas,South,TBOC,15-16,No Tide,27,73,0,Alive
2022,6,M. gigas,South,TBOC,15-16,No Tide,27,74,0,Alive
2022,6,M. gigas,South,TBOC,15-16,No Tide,27,75,0,Alive
2022,6,M. gigas,South,TBOC,15-16,No Tide,27,76,0,Alive
2022,6,M. gigas,South,TBOC,15-16,No Tide,27,77,0,Alive
2022,6,M. gigas,South,TBOC,15-16,No Tide,27,78,0,Alive
2022,6,M. gigas,South,TBOC,15-16,No Tide,27,79,0,Alive
2022,6,M. gigas,South,TBOC,15-16,No Tide,27,80,0,Alive
2022,6,M. gigas,South,TBOC,15-16,No Tide,27,81,0,Alive
2022,6,M. gigas,South,TBOC,15-16,No Tide,27,82,0,Alive
2022,6,M. gigas,South,TBOC,15-16,No Tide,27,83,0,Alive
2022,6,M. gigas,South,TBOC,15-16,No Tide,27,84,0,Alive
2022,6,M. gigas,South,TBOC,15-16,No Tide,27,85,0,Alive
2022,6,M. gigas,South,TBOC,15-16,No Tide,27,86,0,Alive
2022,6,M. gigas,South,TBOC,15-16,No Tide,27,87,0,Alive
2022,6,M. gigas,South,TBOC,15-16,No Tide,27,88,0,Alive
2022,6,M. gigas,South,TBOC,15-16,No Tide,27,89,0,Alive
2022,6,M. gigas,South,TBOC,15-16,No Tide,27,90,0,Alive
2022,6,M. gigas,South,TBOC,15-16,No Tide,27,91,0,Alive
2022,6,M. gigas,South,TBOC,15-16,No Tide,27,92,0,Alive
2022,6,M. gigas,South,TBOC,15-16,No Tide,27,93,0,Alive
2022,6,M. gigas,South,TBOC,15-16,No Tide,27,94,0,Alive
2022,6,M. gigas,South,TBOC,15-16,No Tide,27,95,0,Alive
2022,6,M. gigas,South,TBOC,15-16,No Tide,27,96,0,Alive
2022,6,M. gigas,South,TBOC,15-16,No Tide,27,97,0,Alive
2022,6,M. gigas,South,TBOC,15-16,No Tide,27,98,0,Alive
2022,6,M. gigas,South,TBOC,15-16,No Tide,27,99,0,Alive
2022,6,M. gigas,South,TBOC,15-16,No Tide,27,100,0,Alive
2022,6,M. gigas,South,TBOC,15-16,No Tide,27,101,0,Alive
2022,6,M. gigas,South,TBOC,15-16,No Tide,27,102,0,Alive
2022,6,M. gigas,South,TBOC,15-16,No Tide,27,103,0,Alive
2022,6,M. gigas,South,TBOC,15-16,No Tide,27,104,0,Alive
2022,6,M. gigas,South,TBOC,15-16,No Tide,27,105,0,Alive
2022,6,M. gigas,South,TBOC,15-16,No Tide,27,106,0,Alive
2022,6,M. gigas,South,TBOC,15-16,No Tide,27,107,0,Alive
2022,6,M. gigas,South,TBOC,15-16,No Tide,27,108,0,Alive
2022,6,M. gigas,South,TBOC,15-16,No Tide,27,109,0,Alive
2022,6,M. gigas,South,TBOC,15-16,No Tide,27,110,0,Alive
2022,6,M. gigas,South,TBOC,15-16,No Tide,27,111,0,Alive
2022,6,M. gigas,South,TBOC,15-16,No Tide,27,112,0,Alive
2022,6,M. gigas,South,TBOC,15-16,No Tide,27,113,0,Alive
2022,6,M. gigas,South,TBOC,15-16,No Tide,27,114,0,Alive
2022,6,M. gigas,South,TBOC,15-16,No Tide,27,115,0,Alive
2022,6,M. gigas,South,TBOC,15-16,No Tide,27,116,0,Alive
2022,6,M. gigas,South,TBOC,15-16,No Tide,27,117,0,Alive
2022,6,M. gigas,South,TBOC,15-16,No Tide,27,118,0,Alive
2022,6,M. gigas,South,TBOC,15-16,No Tide,27,119,0,Alive
2022,6,M. gigas,South,TBOC,15-16,No Tide,27,120,0,Alive
2022,6,M. gigas,South,TBOC,15-16,No Tide,27,121,0,Alive
2022,6,M. gigas,South,TBOC,15-16,No Tide,27,122,0,Alive
2022,6,M. gigas,South,TBOC,15-16,No Tide,27,123,0,Alive
2022,6,M. gigas,South,TBOC,15-16,No Tide,27,124,0,Alive
2022,6,M. gigas,South,TBOC,15-16,No Tide,27,125,0,Alive
2022,6,M. gigas,South,TBOC,15-16,No Tide,27,126,0,Alive
2022,6,M. gigas,South,TBOC,15-16,No Tide,27,127,0,Alive
2022,6,M. gigas,South,TBOC,15-16,No Tide,27,128,0,Alive
2022,6,M. gigas,South,TBOC,15-16,No Tide,27,129,0,Alive
2022,6,M. gigas,South,TBOC,15-16,No Tide,27,130,0,Alive
2022,6,M. gigas,South,TBOC,15-16,No Tide,27,131,0,Alive
2022,6,M. gigas,South,TBOC,15-16,No Tide,27,132,0,Alive
2022,6,M. gigas,South,TBOC,15-16,No Tide,27,133,0,Alive
2022,6,M. gigas,South,TBOC,15-16,No Tide,27,134,0,Alive
2022,6,M. gigas,South,TBOC,15-16,No Tide,27,135,0,Alive
2022,6,M. gigas,South,TBOC,15-16,No Tide,27,136,0,Alive
2022,6,M. gigas,South,TBOC,15-16,No Tide,27,137,0,Alive
2022,6,M. gigas,South,TBOC,15-16,No Tide,27,138,0,Alive
2022,6,M. gigas,South,TBOC,15-16,No Tide,27,139,0,Alive
2022,6,M. gigas,South,TBOC,15-16,No Tide,27,140,0,Alive
2022,6,M. gigas,South,TBOC,15-16,No Tide,27,141,0,Alive
2022,6,M. gigas,South,TBOC,15-16,No Tide,27,142,0,Alive
2022,6,M. gigas,South,TBOC,15-16,No Tide,27,143,0,Alive
2022,6,M. gigas,South,TBOC,15-16,No Tide,27,144,0,Alive
2022,6,M. gigas,South,TBOC,15-16,No Tide,27,145,0,Alive
2022,6,M. gigas,South,TBOC,15-16,No Tide,27,146,0,Alive
2022,6,M. gigas,South,TBOC,15-16,No Tide,27,147,0,Alive
2022,6,M. gigas,South,TBOC,15-16,No Tide,27,148,0,Alive
2022,6,M. gigas,South,TBOC,15-16,No Tide,27,149,0,Alive
2022,6,M. gigas,South,TBOC,15-16,No Tide,27,150,0,Alive
2022,6,M. gigas,South,TBOC,15-16,No Tide,27,151,0,Alive
2022,6,M. gigas,South,TBOC,15-16,No Tide,27,152,0,Alive
2022,6,M. gigas,South,TBOC,15-16,No Tide,27,153,0,Alive
2022,6,M. gigas,South,TBOC,15-16,No Tide,27,154,0,Alive
2022,6,M. gigas,South,TBOC,15-16,No Tide,27,155,0,Alive
2022,6,M. gigas,South,TBOC,15-16,No Tide,27,156,0,Alive
2022,6,M. gigas,South,TBOC,15-16,No Tide,27,157,0,Alive
2022,6,M. gigas,South,TBOC,15-16,No Tide,27,158,0,Alive
2022,6,M. gigas,South,TBOC,15-16,No Tide,27,159,0,Alive
2022,6,M. gigas,South,TBOC,15-16,No Tide,27,160,0,Alive
2022,6,M. gigas,South,TBOC,15-16,No Tide,27,161,0,Alive
2022,6,M. gigas,South,TBOC,15-16,No Tide,27,162,0,Alive
2022,6,M. gigas,South,TBOC,15-16,No Tide,27,163,0,Alive
2022,6,M. gigas,South,TBOC,15-16,No Tide,27,164,0,Alive
2022,6,M. gigas,South,TBOC,15-16,No Tide,27,165,0,Alive
2022,6,M. gigas,South,TBOC,15-16,No Tide,27,166,0,Alive
2022,6,M. gigas,South,TBOC,15-16,No Tide,27,167,0,Alive
2022,6,M. gigas,South,TBOC,15-16,No Tide,27,168,0,Alive
2022,6,M. gigas,South,TBOC,15-16,No Tide,27,169,0,Alive
2022,6,M. gigas,South,TBOC,15-16,No Tide,27,170,0,Alive
2022,6,M. gigas,South,TBOC,15-16,No Tide,27,171,0,Alive
2022,6,M. gigas,South,TBOC,15-16,No Tide,27,172,0,Alive
2022,6,M. gigas,South,TBOC,15-16,No Tide,27,173,0,Alive
2022,6,M. gigas,South,TBOC,15-16,No Tide,27,174,0,Alive
2022,6,M. gigas,South,TBOC,15-16,No Tide,27,175,0,Alive
2022,6,M. gigas,South,TBOC,15-16,No Tide,27,176,0,Alive
2022,6,M. gigas,South,TBOC,15-16,No Tide,27,177,0,Alive
2022,6,M. gigas,South,TBOC,15-16,No Tide,27,178,0,Alive
2022,6,M. gigas,South,TBOC,15-16,No Tide,27,179,0,Alive
2022,6,M. gigas,South,TBOC,15-16,No Tide,27,180,0,Alive
2022,6,M. gigas,South,TBOC,15-16,No Tide,27,181,0,Alive
2022,6,M. gigas,South,TBOC,15-16,No Tide,27,182,0,Alive
2022,6,M. gigas,South,TBOC,15-16,No Tide,27,183,0,Alive
2022,6,M. gigas,South,TBOC,15-16,No Tide,27,184,0,Alive
2022,6,M. gigas,South,TBOC,15-16,No Tide,27,185,0,Alive
2022,6,M. gigas,South,TBOC,15-16,No Tide,27,186,0,Alive
2022,6,M. gigas,South,TBOC,15-16,No Tide,27,187,0,Alive
2022,6,M. gigas,South,TBOC,15-16,No Tide,27,188,0,Alive
2022,6,M. gigas,South,TBOC,15-16,No Tide,27,189,0,Alive
2022,6,M. gigas,South,TBOC,15-16,No Tide,27,190,0,Alive
2022,6,M. gigas,South,TBOC,15-16,No Tide,27,191,0,Alive
2022,6,M. gigas,South,TBOC,15-16,No Tide,27,192,0,Alive
2022,6,M. gigas,South,TBOC,15-16,No Tide,27,193,0,Alive
2022,6,M. gigas,South,TBOC,15-16,No Tide,27,194,0,Alive
2022,6,M. gigas,South,TBOC,15-16,No Tide,27,195,0,Alive
2022,6,M. gigas,South,TBOC,15-16,No Tide,27,196,0,Alive
2022,6,M. gigas,South,TBOC,15-16,No Tide,27,197,0,Alive
2022,6,M. gigas,South,TBOC,15-16,No Tide,27,198,0,Alive
2022,6,M. gigas,South,TBOC,15-16,No Tide,27,199,0,Alive
2022,6,M. gigas,South,TBOC,15-16,No Tide,27,200,0,Alive
2022,6,M. gigas,South,TBOC,15-16,No Tide,27,201,0,Alive
2022,6,M. gigas,South,TBOC,15-16,No Tide,27,202,0,Alive
2022,6,M. gigas,South,TBOC,15-16,No Tide,27,203,0,Alive
2022,6,M. gigas,South,TBOC,15-16,No Tide,27,204,0,Alive
2022,6,M. gigas,South,TBOC,15-16,No Tide,27,205,0,Alive
2022,6,M. gigas,South,TBOC,15-16,No Tide,27,206,0,Alive
2022,6,M. gigas,South,TBOC,15-16,No Tide,27,207,0,Alive
2022,6,M. gigas,South,TBOC,15-16,No Tide,27,208,0,Alive
2022,6,M. gigas,South,TBOC,15-16,No Tide,27,209,0,Alive
2022,6,M. gigas,South,TBOC,15-16,No Tide,27,210,0,Alive
2022,6,M. gigas,South,TBOC,15-16,No Tide,27,211,0,Alive
2022,6,M. gigas,South,TBOC,15-16,No Tide,27,212,0,Alive
2022,6,M. gigas,South,TBOC,15-16,No Tide,27,213,0,Alive
2022,6,M. gigas,South,TBOC,15-16,No Tide,27,214,0,Alive
2022,6,M. gigas,South,TBOC,15-16,No Tide,27,215,0,Alive
2022,6,M. gigas,South,TBOC,15-16,No Tide,27,216,0,Alive
2022,6,M. gigas,South,TBOC,15-16,No Tide,27,217,0,Alive
2022,6,M. gigas,South,TBOC,15-16,No Tide,27,218,0,Alive
2022,6,M. gigas,South,TBOC,15-16,No Tide,27,219,0,Alive
2022,6,M. gigas,South,TBOC,15-16,No Tide,27,220,0,Alive
2022,6,M. gigas,South,TBOC,15-16,No Tide,27,221,0,Alive
2022,6,M. gigas,South,TBOC,15-16,No Tide,27,222,0,Alive
2022,6,M. gigas,South,TBOC,15-16,No Tide,27,223,0,Alive
2022,6,M. gigas,South,TBOC,15-16,No Tide,27,224,0,Alive
2022,6,M. gigas,South,TBOC,15-16,No Tide,27,225,0,Alive
2022,6,M. gigas,South,TBOC,15-16,No Tide,27,226,0,Alive
2022,6,M. gigas,South,TBOC,15-16,No Tide,27,227,0,Alive
2022,6,M. gigas,South,TBOC,15-16,No Tide,27,228,0,Alive
2022,6,M. gigas,South,TBOC,15-16,No Tide,27,229,0,Alive
2022,6,M. gigas,South,TBOC,15-16,No Tide,27,230,0,Alive
2022,6,M. gigas,South,TBOC,15-16,No Tide,27,231,0,Alive
2022,6,M. gigas,South,TBOC,15-16,No Tide,27,232,0,Alive
2022,6,M. gigas,South,TBOC,15-16,No Tide,27,233,0,Alive
2022,6,M. gigas,South,TBOC,15-16,No Tide,27,234,0,Alive
2022,6,M. gigas,South,TBOC,15-16,No Tide,27,235,0,Alive
2022,6,M. gigas,South,TBOC,15-16,No Tide,27,236,0,Alive
2022,6,M. gigas,South,TBOC,15-16,No Tide,27,237,0,Alive
2022,6,M. gigas,South,TBOC,15-16,No Tide,27,238,0,Alive
2022,6,M. gigas,South,TBOC,15-16,No Tide,27,239,0,Alive
2022,6,M. gigas,South,TBOC,15-16,No Tide,27,240,0,Alive
2022,6,M. gigas,South,TBOC,15-16,No Tide,27,241,0,Alive
2022,6,M. gigas,South,TBOC,15-16,No Tide,27,242,0,Alive
2022,6,M. gigas,South,TBOC,15-16,No Tide,27,243,0,Alive
2022,6,M. gigas,South,TBOC,15-16,No Tide,27,244,0,Alive
2022,6,M. gigas,South,TBOC,15-16,No Tide,27,245,0,Alive
2022,6,M. gigas,South,TBOC,15-16,No Tide,27,246,0,Alive
2022,6,M. gigas,South,TBOC,15-16,No Tide,27,247,0,Alive
2022,6,M. gigas,South,TBOC,15-16,No Tide,27,248,0,Alive
2022,6,M. gigas,South,TBOC,15-16,No Tide,27,249,0,Alive
2022,6,M. gigas,South,TBOC,15-16,No Tide,27,250,0,Alive
2022,6,M. gigas,North,HIOC,15-16,Tide,4,1,1,Dead
2022,6,M. gigas,North,HIOC,15-16,Tide,4,2,1,Dead
2022,6,M. gigas,North,HIOC,15-16,Tide,4,3,1,Dead
2022,6,M. gigas,North,HIOC,15-16,Tide,4,4,1,Dead
2022,6,M. gigas,North,HIOC,15-16,Tide,4,5,1,Dead
2022,6,M. gigas,North,HIOC,15-16,Tide,4,6,1,Dead
2022,6,M. gigas,North,HIOC,15-16,Tide,4,7,0,Alive
2022,6,M. gigas,North,HIOC,15-16,Tide,4,8,0,Alive
2022,6,M. gigas,North,HIOC,15-16,Tide,4,9,0,Alive
2022,6,M. gigas,North,HIOC,15-16,Tide,4,10,0,Alive
2022,6,M. gigas,North,HIOC,15-16,Tide,4,11,0,Alive
2022,6,M. gigas,North,HIOC,15-16,Tide,4,12,0,Alive
2022,6,M. gigas,North,HIOC,15-16,Tide,4,13,0,Alive
2022,6,M. gigas,North,HIOC,15-16,Tide,4,14,0,Alive
2022,6,M. gigas,North,HIOC,15-16,Tide,4,15,0,Alive
2022,6,M. gigas,North,HIOC,15-16,Tide,4,16,0,Alive
2022,6,M. gigas,North,HIOC,15-16,Tide,4,17,0,Alive
2022,6,M. gigas,North,HIOC,15-16,Tide,4,18,0,Alive
2022,6,M. gigas,North,HIOC,15-16,Tide,4,19,0,Alive
2022,6,M. gigas,North,HIOC,15-16,Tide,4,20,0,Alive
2022,6,M. gigas,North,HIOC,15-16,Tide,4,21,0,Alive
2022,6,M. gigas,North,HIOC,15-16,Tide,4,22,0,Alive
2022,6,M. gigas,North,HIOC,15-16,Tide,4,23,0,Alive
2022,6,M. gigas,North,HIOC,15-16,Tide,4,24,0,Alive
2022,6,M. gigas,North,HIOC,15-16,Tide,4,25,0,Alive
2022,6,M. gigas,North,HIOC,15-16,Tide,4,26,0,Alive
2022,6,M. gigas,North,HIOC,15-16,Tide,4,27,0,Alive
2022,6,M. gigas,North,HIOC,15-16,Tide,4,28,0,Alive
2022,6,M. gigas,North,HIOC,15-16,Tide,4,29,0,Alive
2022,6,M. gigas,North,HIOC,15-16,Tide,4,30,0,Alive
2022,6,M. gigas,North,HIOC,15-16,Tide,4,31,0,Alive
2022,6,M. gigas,North,HIOC,15-16,Tide,4,32,0,Alive
2022,6,M. gigas,North,HIOC,15-16,Tide,4,33,0,Alive
2022,6,M. gigas,North,HIOC,15-16,Tide,4,34,0,Alive
2022,6,M. gigas,North,HIOC,15-16,Tide,4,35,0,Alive
2022,6,M. gigas,North,HIOC,15-16,Tide,4,36,0,Alive
2022,6,M. gigas,North,HIOC,15-16,Tide,4,37,0,Alive
2022,6,M. gigas,North,HIOC,15-16,Tide,4,38,0,Alive
2022,6,M. gigas,North,HIOC,15-16,Tide,4,39,0,Alive
2022,6,M. gigas,North,HIOC,15-16,Tide,4,40,0,Alive
2022,6,M. gigas,North,HIOC,15-16,Tide,4,41,0,Alive
2022,6,M. gigas,North,HIOC,15-16,Tide,4,42,0,Alive
2022,6,M. gigas,North,HIOC,15-16,Tide,4,43,0,Alive
2022,6,M. gigas,North,HIOC,15-16,Tide,4,44,0,Alive
2022,6,M. gigas,North,HIOC,15-16,Tide,4,45,0,Alive
2022,6,M. gigas,North,HIOC,15-16,Tide,4,46,0,Alive
2022,6,M. gigas,North,HIOC,15-16,Tide,4,47,0,Alive
2022,6,M. gigas,North,HIOC,15-16,Tide,4,48,0,Alive
2022,6,M. gigas,North,HIOC,15-16,Tide,4,49,0,Alive
2022,6,M. gigas,North,HIOC,15-16,Tide,4,50,0,Alive
2022,6,M. gigas,North,HIOC,15-16,Tide,4,51,0,Alive
2022,6,M. gigas,North,HIOC,15-16,Tide,4,52,0,Alive
2022,6,M. gigas,North,HIOC,15-16,Tide,4,53,0,Alive
2022,6,M. gigas,North,HIOC,15-16,Tide,4,54,0,Alive
2022,6,M. gigas,North,HIOC,15-16,Tide,4,55,0,Alive
2022,6,M. gigas,North,HIOC,15-16,Tide,4,56,0,Alive
2022,6,M. gigas,North,HIOC,15-16,Tide,4,57,0,Alive
2022,6,M. gigas,North,HIOC,15-16,Tide,4,58,0,Alive
2022,6,M. gigas,North,HIOC,15-16,Tide,4,59,0,Alive
2022,6,M. gigas,North,HIOC,15-16,Tide,4,60,0,Alive
2022,6,M. gigas,North,HIOC,15-16,Tide,4,61,0,Alive
2022,6,M. gigas,North,HIOC,15-16,Tide,4,62,0,Alive
2022,6,M. gigas,North,HIOC,15-16,Tide,4,63,0,Alive
2022,6,M. gigas,North,HIOC,15-16,Tide,4,64,0,Alive
2022,6,M. gigas,North,HIOC,15-16,Tide,4,65,0,Alive
2022,6,M. gigas,North,HIOC,15-16,Tide,4,66,0,Alive
2022,6,M. gigas,North,HIOC,15-16,Tide,4,67,0,Alive
2022,6,M. gigas,North,HIOC,15-16,Tide,4,68,0,Alive
2022,6,M. gigas,North,HIOC,15-16,Tide,4,69,0,Alive
2022,6,M. gigas,North,HIOC,15-16,Tide,4,70,0,Alive
2022,6,M. gigas,North,HIOC,15-16,Tide,4,71,0,Alive
2022,6,M. gigas,North,HIOC,15-16,Tide,4,72,0,Alive
2022,6,M. gigas,North,HIOC,15-16,Tide,4,73,0,Alive
2022,6,M. gigas,North,HIOC,15-16,Tide,4,74,0,Alive
2022,6,M. gigas,North,HIOC,15-16,Tide,4,75,0,Alive
2022,6,M. gigas,North,HIOC,15-16,Tide,4,76,0,Alive
2022,6,M. gigas,North,HIOC,15-16,Tide,4,77,0,Alive
2022,6,M. gigas,North,HIOC,15-16,Tide,4,78,0,Alive
2022,6,M. gigas,North,HIOC,15-16,Tide,4,79,0,Alive
2022,6,M. gigas,North,HIOC,15-16,Tide,4,80,0,Alive
2022,6,M. gigas,North,HIOC,15-16,Tide,4,81,0,Alive
2022,6,M. gigas,North,HIOC,15-16,Tide,4,82,0,Alive
2022,6,M. gigas,North,HIOC,15-16,Tide,4,83,0,Alive
2022,6,M. gigas,North,HIOC,15-16,Tide,4,84,0,Alive
2022,6,M. gigas,North,HIOC,15-16,Tide,4,85,0,Alive
2022,6,M. gigas,North,HIOC,15-16,Tide,4,86,0,Alive
2022,6,M. gigas,North,HIOC,15-16,Tide,4,87,0,Alive
2022,6,M. gigas,North,HIOC,15-16,Tide,4,88,0,Alive
2022,6,M. gigas,North,HIOC,15-16,Tide,4,89,0,Alive
2022,6,M. gigas,North,HIOC,15-16,Tide,4,90,0,Alive
2022,6,M. gigas,North,HIOC,15-16,Tide,4,91,0,Alive
2022,6,M. gigas,North,HIOC,15-16,Tide,4,92,0,Alive
2022,6,M. gigas,North,HIOC,15-16,Tide,4,93,0,Alive
2022,6,M. gigas,North,HIOC,15-16,Tide,4,94,0,Alive
2022,6,M. gigas,North,HIOC,15-16,Tide,4,95,0,Alive
2022,6,M. gigas,North,HIOC,15-16,Tide,4,96,0,Alive
2022,6,M. gigas,North,HIOC,15-16,Tide,4,97,0,Alive
2022,6,M. gigas,North,HIOC,15-16,Tide,4,98,0,Alive
2022,6,M. gigas,North,HIOC,15-16,Tide,4,99,0,Alive
2022,6,M. gigas,North,HIOC,15-16,Tide,4,100,0,Alive
2022,6,M. gigas,North,HIOC,15-16,Tide,4,101,0,Alive
2022,6,M. gigas,North,HIOC,15-16,Tide,4,102,0,Alive
2022,6,M. gigas,North,HIOC,15-16,Tide,4,103,0,Alive
2022,6,M. gigas,North,HIOC,15-16,Tide,4,104,0,Alive
2022,6,M. gigas,North,HIOC,15-16,Tide,4,105,0,Alive
2022,6,M. gigas,North,HIOC,15-16,Tide,4,106,0,Alive
2022,6,M. gigas,North,HIOC,15-16,Tide,4,107,0,Alive
2022,6,M. gigas,North,HIOC,15-16,Tide,4,108,0,Alive
2022,6,M. gigas,North,HIOC,15-16,Tide,4,109,0,Alive
2022,6,M. gigas,North,HIOC,15-16,Tide,4,110,0,Alive
2022,6,M. gigas,North,HIOC,15-16,Tide,4,111,0,Alive
2022,6,M. gigas,North,HIOC,15-16,Tide,4,112,0,Alive
2022,6,M. gigas,North,HIOC,15-16,Tide,4,113,0,Alive
2022,6,M. gigas,North,HIOC,15-16,Tide,4,114,0,Alive
2022,6,M. gigas,North,HIOC,15-16,Tide,4,115,0,Alive
2022,6,M. gigas,North,HIOC,15-16,Tide,4,116,0,Alive
2022,6,M. gigas,North,HIOC,15-16,Tide,4,117,0,Alive
2022,6,M. gigas,North,HIOC,15-16,Tide,4,118,0,Alive
2022,6,M. gigas,North,HIOC,15-16,Tide,4,119,0,Alive
2022,6,M. gigas,North,HIOC,15-16,Tide,4,120,0,Alive
2022,6,M. gigas,North,HIOC,15-16,Tide,4,121,0,Alive
2022,6,M. gigas,North,HIOC,15-16,Tide,4,122,0,Alive
2022,6,M. gigas,North,HIOC,15-16,Tide,4,123,0,Alive
2022,6,M. gigas,North,HIOC,15-16,Tide,4,124,0,Alive
2022,6,M. gigas,North,HIOC,15-16,Tide,4,125,0,Alive
2022,6,M. gigas,North,HIOC,15-16,Tide,4,126,0,Alive
2022,6,M. gigas,North,HIOC,15-16,Tide,4,127,0,Alive
2022,6,M. gigas,North,HIOC,15-16,Tide,4,128,0,Alive
2022,6,M. gigas,North,HIOC,15-16,Tide,4,129,0,Alive
2022,6,M. gigas,North,HIOC,15-16,Tide,4,130,0,Alive
2022,6,M. gigas,North,HIOC,15-16,Tide,4,131,0,Alive
2022,6,M. gigas,North,HIOC,15-16,Tide,4,132,0,Alive
2022,6,M. gigas,North,HIOC,15-16,Tide,4,133,0,Alive
2022,6,M. gigas,North,HIOC,15-16,Tide,4,134,0,Alive
2022,6,M. gigas,North,HIOC,15-16,Tide,4,135,0,Alive
2022,6,M. gigas,North,HIOC,15-16,Tide,4,136,0,Alive
2022,6,M. gigas,North,HIOC,15-16,Tide,4,137,0,Alive
2022,6,M. gigas,North,HIOC,15-16,Tide,4,138,0,Alive
2022,6,M. gigas,North,HIOC,15-16,Tide,4,139,0,Alive
2022,6,M. gigas,North,HIOC,15-16,Tide,4,140,0,Alive
2022,6,M. gigas,North,HIOC,15-16,Tide,4,141,0,Alive
2022,6,M. gigas,North,HIOC,15-16,Tide,4,142,0,Alive
2022,6,M. gigas,North,HIOC,15-16,Tide,4,143,0,Alive
2022,6,M. gigas,North,HIOC,15-16,Tide,4,144,0,Alive
2022,6,M. gigas,North,HIOC,15-16,Tide,4,145,0,Alive
2022,6,M. gigas,North,HIOC,15-16,Tide,4,146,0,Alive
2022,6,M. gigas,North,HIOC,15-16,Tide,4,147,0,Alive
2022,6,M. gigas,North,HIOC,15-16,Tide,4,148,0,Alive
2022,6,M. gigas,North,HIOC,15-16,Tide,4,149,0,Alive
2022,6,M. gigas,North,HIOC,15-16,Tide,4,150,0,Alive
2022,6,M. gigas,North,HIOC,15-16,Tide,4,151,0,Alive
2022,6,M. gigas,North,HIOC,15-16,Tide,4,152,0,Alive
2022,6,M. gigas,North,HIOC,15-16,Tide,4,153,0,Alive
2022,6,M. gigas,North,HIOC,15-16,Tide,4,154,0,Alive
2022,6,M. gigas,North,HIOC,15-16,Tide,4,155,0,Alive
2022,6,M. gigas,North,HIOC,15-16,Tide,4,156,0,Alive
2022,6,M. gigas,North,HIOC,15-16,Tide,4,157,0,Alive
2022,6,M. gigas,North,HIOC,15-16,Tide,4,158,0,Alive
2022,6,M. gigas,North,HIOC,15-16,Tide,4,159,0,Alive
2022,6,M. gigas,North,HIOC,15-16,Tide,4,160,0,Alive
2022,6,M. gigas,North,HIOC,15-16,Tide,4,161,0,Alive
2022,6,M. gigas,North,HIOC,15-16,Tide,4,162,0,Alive
2022,6,M. gigas,North,HIOC,15-16,Tide,4,163,0,Alive
2022,6,M. gigas,North,HIOC,15-16,Tide,4,164,0,Alive
2022,6,M. gigas,North,HIOC,15-16,Tide,4,165,0,Alive
2022,6,M. gigas,North,HIOC,15-16,Tide,4,166,0,Alive
2022,6,M. gigas,North,HIOC,15-16,Tide,4,167,0,Alive
2022,6,M. gigas,North,HIOC,15-16,Tide,4,168,0,Alive
2022,6,M. gigas,North,HIOC,15-16,Tide,4,169,0,Alive
2022,6,M. gigas,North,HIOC,15-16,Tide,4,170,0,Alive
2022,6,M. gigas,North,HIOC,15-16,Tide,4,171,0,Alive
2022,6,M. gigas,North,HIOC,15-16,Tide,4,172,0,Alive
2022,6,M. gigas,North,HIOC,15-16,Tide,4,173,0,Alive
2022,6,M. gigas,North,HIOC,15-16,Tide,4,174,0,Alive
2022,6,M. gigas,North,HIOC,15-16,Tide,4,175,0,Alive
2022,6,M. gigas,North,HIOC,15-16,Tide,4,176,0,Alive
2022,6,M. gigas,North,HIOC,15-16,Tide,4,177,0,Alive
2022,6,M. gigas,North,HIOC,15-16,Tide,4,178,0,Alive
2022,6,M. gigas,North,HIOC,15-16,Tide,4,179,0,Alive
2022,6,M. gigas,North,HIOC,15-16,Tide,4,180,0,Alive
2022,6,M. gigas,North,HIOC,15-16,Tide,4,181,0,Alive
2022,6,M. gigas,North,HIOC,15-16,Tide,4,182,0,Alive
2022,6,M. gigas,North,HIOC,15-16,Tide,4,183,0,Alive
2022,6,M. gigas,North,HIOC,15-16,Tide,4,184,0,Alive
2022,6,M. gigas,North,HIOC,15-16,Tide,4,185,0,Alive
2022,6,M. gigas,North,HIOC,15-16,Tide,4,186,0,Alive
2022,6,M. gigas,North,HIOC,15-16,Tide,4,187,0,Alive
2022,6,M. gigas,North,HIOC,15-16,Tide,4,188,0,Alive
2022,6,M. gigas,North,HIOC,15-16,Tide,4,189,0,Alive
2022,6,M. gigas,North,HIOC,15-16,Tide,4,190,0,Alive
2022,6,M. gigas,North,HIOC,15-16,Tide,4,191,0,Alive
2022,6,M. gigas,North,HIOC,15-16,Tide,4,192,0,Alive
2022,6,M. gigas,North,HIOC,15-16,Tide,4,193,0,Alive
2022,6,M. gigas,North,HIOC,15-16,Tide,4,194,0,Alive
2022,6,M. gigas,North,HIOC,15-16,Tide,4,195,0,Alive
2022,6,M. gigas,North,HIOC,15-16,Tide,4,196,0,Alive
2022,6,M. gigas,North,HIOC,15-16,Tide,4,197,0,Alive
2022,6,M. gigas,North,HIOC,15-16,Tide,4,198,0,Alive
2022,6,M. gigas,North,HIOC,15-16,Tide,4,199,0,Alive
2022,6,M. gigas,North,HIOC,15-16,Tide,4,200,0,Alive
2022,6,M. gigas,North,HIOC,15-16,Tide,4,201,0,Alive
2022,6,M. gigas,North,HIOC,15-16,Tide,4,202,0,Alive
2022,6,M. gigas,North,HIOC,15-16,Tide,4,203,0,Alive
2022,6,M. gigas,North,HIOC,15-16,Tide,4,204,0,Alive
2022,6,M. gigas,North,HIOC,15-16,Tide,4,205,0,Alive
2022,6,M. gigas,North,HIOC,15-16,Tide,4,206,0,Alive
2022,6,M. gigas,North,HIOC,15-16,Tide,4,207,0,Alive
2022,6,M. gigas,North,HIOC,15-16,Tide,4,208,0,Alive
2022,6,M. gigas,North,HIOC,15-16,Tide,4,209,0,Alive
2022,6,M. gigas,North,HIOC,15-16,Tide,4,210,0,Alive
2022,6,M. gigas,North,HIOC,15-16,Tide,4,211,0,Alive
2022,6,M. gigas,North,HIOC,15-16,Tide,4,212,0,Alive
2022,6,M. gigas,North,HIOC,15-16,Tide,4,213,0,Alive
2022,6,M. gigas,North,HIOC,15-16,Tide,4,214,0,Alive
2022,6,M. gigas,North,HIOC,15-16,Tide,4,215,0,Alive
2022,6,M. gigas,North,HIOC,15-16,Tide,4,216,0,Alive
2022,6,M. gigas,North,HIOC,15-16,Tide,4,217,0,Alive
2022,6,M. gigas,North,HIOC,15-16,Tide,4,218,0,Alive
2022,6,M. gigas,North,HIOC,15-16,Tide,4,219,0,Alive
2022,6,M. gigas,North,HIOC,15-16,Tide,4,220,0,Alive
2022,6,M. gigas,North,HIOC,15-16,Tide,4,221,0,Alive
2022,6,M. gigas,North,HIOC,15-16,Tide,4,222,0,Alive
2022,6,M. gigas,North,HIOC,15-16,Tide,4,223,0,Alive
2022,6,M. gigas,North,HIOC,15-16,Tide,4,224,0,Alive
2022,6,M. gigas,North,HIOC,15-16,Tide,4,225,0,Alive
2022,6,M. gigas,North,HIOC,15-16,Tide,4,226,0,Alive
2022,6,M. gigas,North,HIOC,15-16,Tide,4,227,0,Alive
2022,6,M. gigas,North,HIOC,15-16,Tide,4,228,0,Alive
2022,6,M. gigas,North,HIOC,15-16,Tide,4,229,0,Alive
2022,6,M. gigas,North,HIOC,15-16,Tide,4,230,0,Alive
2022,6,M. gigas,North,HIOC,15-16,Tide,4,231,0,Alive
2022,6,M. gigas,North,HIOC,15-16,Tide,4,232,0,Alive
2022,6,M. gigas,North,HIOC,15-16,Tide,4,233,0,Alive
2022,6,M. gigas,North,HIOC,15-16,Tide,4,234,0,Alive
2022,6,M. gigas,North,HIOC,15-16,Tide,4,235,0,Alive
2022,6,M. gigas,North,HIOC,15-16,Tide,4,236,0,Alive
2022,6,M. gigas,North,HIOC,15-16,Tide,4,237,0,Alive
2022,6,M. gigas,North,HIOC,15-16,Tide,4,238,0,Alive
2022,6,M. gigas,North,HIOC,15-16,Tide,4,239,0,Alive
2022,6,M. gigas,North,HIOC,15-16,Tide,4,240,0,Alive
2022,6,M. gigas,North,HIOC,15-16,Tide,4,241,0,Alive
2022,6,M. gigas,North,HIOC,15-16,Tide,4,242,0,Alive
2022,6,M. gigas,North,HIOC,15-16,Tide,4,243,0,Alive
2022,6,M. gigas,North,HIOC,15-16,Tide,4,244,0,Alive
2022,6,M. gigas,North,HIOC,15-16,Tide,4,245,0,Alive
2022,6,M. gigas,North,HIOC,15-16,Tide,4,246,0,Alive
2022,6,M. gigas,North,HIOC,15-16,Tide,4,247,0,Alive
2022,6,M. gigas,North,HIOC,15-16,Tide,4,248,0,Alive
2022,6,M. gigas,North,HIOC,15-16,Tide,4,249,0,Alive
2022,6,M. gigas,North,HIOC,15-16,Tide,4,250,0,Alive
2022,6,M. gigas,North,HIOC,15-16,Tide,5,1,1,Dead
2022,6,M. gigas,North,HIOC,15-16,Tide,5,2,1,Dead
2022,6,M. gigas,North,HIOC,15-16,Tide,5,3,1,Dead
2022,6,M. gigas,North,HIOC,15-16,Tide,5,4,1,Dead
2022,6,M. gigas,North,HIOC,15-16,Tide,5,5,1,Dead
2022,6,M. gigas,North,HIOC,15-16,Tide,5,6,1,Dead
2022,6,M. gigas,North,HIOC,15-16,Tide,5,7,1,Dead
2022,6,M. gigas,North,HIOC,15-16,Tide,5,8,1,Dead
2022,6,M. gigas,North,HIOC,15-16,Tide,5,9,1,Dead
2022,6,M. gigas,North,HIOC,15-16,Tide,5,10,1,Dead
2022,6,M. gigas,North,HIOC,15-16,Tide,5,11,1,Dead
2022,6,M. gigas,North,HIOC,15-16,Tide,5,12,1,Dead
2022,6,M. gigas,North,HIOC,15-16,Tide,5,13,1,Dead
2022,6,M. gigas,North,HIOC,15-16,Tide,5,14,1,Dead
2022,6,M. gigas,North,HIOC,15-16,Tide,5,15,1,Dead
2022,6,M. gigas,North,HIOC,15-16,Tide,5,16,1,Dead
2022,6,M. gigas,North,HIOC,15-16,Tide,5,17,1,Dead
2022,6,M. gigas,North,HIOC,15-16,Tide,5,18,1,Dead
2022,6,M. gigas,North,HIOC,15-16,Tide,5,19,1,Dead
2022,6,M. gigas,North,HIOC,15-16,Tide,5,20,1,Dead
2022,6,M. gigas,North,HIOC,15-16,Tide,5,21,1,Dead
2022,6,M. gigas,North,HIOC,15-16,Tide,5,22,1,Dead
2022,6,M. gigas,North,HIOC,15-16,Tide,5,23,1,Dead
2022,6,M. gigas,North,HIOC,15-16,Tide,5,24,1,Dead
2022,6,M. gigas,North,HIOC,15-16,Tide,5,25,1,Dead
2022,6,M. gigas,North,HIOC,15-16,Tide,5,26,1,Dead
2022,6,M. gigas,North,HIOC,15-16,Tide,5,27,1,Dead
2022,6,M. gigas,North,HIOC,15-16,Tide,5,28,1,Dead
2022,6,M. gigas,North,HIOC,15-16,Tide,5,29,1,Dead
2022,6,M. gigas,North,HIOC,15-16,Tide,5,30,1,Dead
2022,6,M. gigas,North,HIOC,15-16,Tide,5,31,1,Dead
2022,6,M. gigas,North,HIOC,15-16,Tide,5,32,1,Dead
2022,6,M. gigas,North,HIOC,15-16,Tide,5,33,1,Dead
2022,6,M. gigas,North,HIOC,15-16,Tide,5,34,1,Dead
2022,6,M. gigas,North,HIOC,15-16,Tide,5,35,1,Dead
2022,6,M. gigas,North,HIOC,15-16,Tide,5,36,1,Dead
2022,6,M. gigas,North,HIOC,15-16,Tide,5,37,1,Dead
2022,6,M. gigas,North,HIOC,15-16,Tide,5,38,1,Dead
2022,6,M. gigas,North,HIOC,15-16,Tide,5,39,1,Dead
2022,6,M. gigas,North,HIOC,15-16,Tide,5,40,1,Dead
2022,6,M. gigas,North,HIOC,15-16,Tide,5,41,1,Dead
2022,6,M. gigas,North,HIOC,15-16,Tide,5,42,1,Dead
2022,6,M. gigas,North,HIOC,15-16,Tide,5,43,1,Dead
2022,6,M. gigas,North,HIOC,15-16,Tide,5,44,1,Dead
2022,6,M. gigas,North,HIOC,15-16,Tide,5,45,1,Dead
2022,6,M. gigas,North,HIOC,15-16,Tide,5,46,1,Dead
2022,6,M. gigas,North,HIOC,15-16,Tide,5,47,1,Dead
2022,6,M. gigas,North,HIOC,15-16,Tide,5,48,1,Dead
2022,6,M. gigas,North,HIOC,15-16,Tide,5,49,0,Alive
2022,6,M. gigas,North,HIOC,15-16,Tide,5,50,0,Alive
2022,6,M. gigas,North,HIOC,15-16,Tide,5,51,0,Alive
2022,6,M. gigas,North,HIOC,15-16,Tide,5,52,0,Alive
2022,6,M. gigas,North,HIOC,15-16,Tide,5,53,0,Alive
2022,6,M. gigas,North,HIOC,15-16,Tide,5,54,0,Alive
2022,6,M. gigas,North,HIOC,15-16,Tide,5,55,0,Alive
2022,6,M. gigas,North,HIOC,15-16,Tide,5,56,0,Alive
2022,6,M. gigas,North,HIOC,15-16,Tide,5,57,0,Alive
2022,6,M. gigas,North,HIOC,15-16,Tide,5,58,0,Alive
2022,6,M. gigas,North,HIOC,15-16,Tide,5,59,0,Alive
2022,6,M. gigas,North,HIOC,15-16,Tide,5,60,0,Alive
2022,6,M. gigas,North,HIOC,15-16,Tide,5,61,0,Alive
2022,6,M. gigas,North,HIOC,15-16,Tide,5,62,0,Alive
2022,6,M. gigas,North,HIOC,15-16,Tide,5,63,0,Alive
2022,6,M. gigas,North,HIOC,15-16,Tide,5,64,0,Alive
2022,6,M. gigas,North,HIOC,15-16,Tide,5,65,0,Alive
2022,6,M. gigas,North,HIOC,15-16,Tide,5,66,0,Alive
2022,6,M. gigas,North,HIOC,15-16,Tide,5,67,0,Alive
2022,6,M. gigas,North,HIOC,15-16,Tide,5,68,0,Alive
2022,6,M. gigas,North,HIOC,15-16,Tide,5,69,0,Alive
2022,6,M. gigas,North,HIOC,15-16,Tide,5,70,0,Alive
2022,6,M. gigas,North,HIOC,15-16,Tide,5,71,0,Alive
2022,6,M. gigas,North,HIOC,15-16,Tide,5,72,0,Alive
2022,6,M. gigas,North,HIOC,15-16,Tide,5,73,0,Alive
2022,6,M. gigas,North,HIOC,15-16,Tide,5,74,0,Alive
2022,6,M. gigas,North,HIOC,15-16,Tide,5,75,0,Alive
2022,6,M. gigas,North,HIOC,15-16,Tide,5,76,0,Alive
2022,6,M. gigas,North,HIOC,15-16,Tide,5,77,0,Alive
2022,6,M. gigas,North,HIOC,15-16,Tide,5,78,0,Alive
2022,6,M. gigas,North,HIOC,15-16,Tide,5,79,0,Alive
2022,6,M. gigas,North,HIOC,15-16,Tide,5,80,0,Alive
2022,6,M. gigas,North,HIOC,15-16,Tide,5,81,0,Alive
2022,6,M. gigas,North,HIOC,15-16,Tide,5,82,0,Alive
2022,6,M. gigas,North,HIOC,15-16,Tide,5,83,0,Alive
2022,6,M. gigas,North,HIOC,15-16,Tide,5,84,0,Alive
2022,6,M. gigas,North,HIOC,15-16,Tide,5,85,0,Alive
2022,6,M. gigas,North,HIOC,15-16,Tide,5,86,0,Alive
2022,6,M. gigas,North,HIOC,15-16,Tide,5,87,0,Alive
2022,6,M. gigas,North,HIOC,15-16,Tide,5,88,0,Alive
2022,6,M. gigas,North,HIOC,15-16,Tide,5,89,0,Alive
2022,6,M. gigas,North,HIOC,15-16,Tide,5,90,0,Alive
2022,6,M. gigas,North,HIOC,15-16,Tide,5,91,0,Alive
2022,6,M. gigas,North,HIOC,15-16,Tide,5,92,0,Alive
2022,6,M. gigas,North,HIOC,15-16,Tide,5,93,0,Alive
2022,6,M. gigas,North,HIOC,15-16,Tide,5,94,0,Alive
2022,6,M. gigas,North,HIOC,15-16,Tide,5,95,0,Alive
2022,6,M. gigas,North,HIOC,15-16,Tide,5,96,0,Alive
2022,6,M. gigas,North,HIOC,15-16,Tide,5,97,0,Alive
2022,6,M. gigas,North,HIOC,15-16,Tide,5,98,0,Alive
2022,6,M. gigas,North,HIOC,15-16,Tide,5,99,0,Alive
2022,6,M. gigas,North,HIOC,15-16,Tide,5,100,0,Alive
2022,6,M. gigas,North,HIOC,15-16,Tide,5,101,0,Alive
2022,6,M. gigas,North,HIOC,15-16,Tide,5,102,0,Alive
2022,6,M. gigas,North,HIOC,15-16,Tide,5,103,0,Alive
2022,6,M. gigas,North,HIOC,15-16,Tide,5,104,0,Alive
2022,6,M. gigas,North,HIOC,15-16,Tide,5,105,0,Alive
2022,6,M. gigas,North,HIOC,15-16,Tide,5,106,0,Alive
2022,6,M. gigas,North,HIOC,15-16,Tide,5,107,0,Alive
2022,6,M. gigas,North,HIOC,15-16,Tide,5,108,0,Alive
2022,6,M. gigas,North,HIOC,15-16,Tide,5,109,0,Alive
2022,6,M. gigas,North,HIOC,15-16,Tide,5,110,0,Alive
2022,6,M. gigas,North,HIOC,15-16,Tide,5,111,0,Alive
2022,6,M. gigas,North,HIOC,15-16,Tide,5,112,0,Alive
2022,6,M. gigas,North,HIOC,15-16,Tide,5,113,0,Alive
2022,6,M. gigas,North,HIOC,15-16,Tide,5,114,0,Alive
2022,6,M. gigas,North,HIOC,15-16,Tide,5,115,0,Alive
2022,6,M. gigas,North,HIOC,15-16,Tide,5,116,0,Alive
2022,6,M. gigas,North,HIOC,15-16,Tide,5,117,0,Alive
2022,6,M. gigas,North,HIOC,15-16,Tide,5,118,0,Alive
2022,6,M. gigas,North,HIOC,15-16,Tide,5,119,0,Alive
2022,6,M. gigas,North,HIOC,15-16,Tide,5,120,0,Alive
2022,6,M. gigas,North,HIOC,15-16,Tide,5,121,0,Alive
2022,6,M. gigas,North,HIOC,15-16,Tide,5,122,0,Alive
2022,6,M. gigas,North,HIOC,15-16,Tide,5,123,0,Alive
2022,6,M. gigas,North,HIOC,15-16,Tide,5,124,0,Alive
2022,6,M. gigas,North,HIOC,15-16,Tide,5,125,0,Alive
2022,6,M. gigas,North,HIOC,15-16,Tide,5,126,0,Alive
2022,6,M. gigas,North,HIOC,15-16,Tide,5,127,0,Alive
2022,6,M. gigas,North,HIOC,15-16,Tide,5,128,0,Alive
2022,6,M. gigas,North,HIOC,15-16,Tide,5,129,0,Alive
2022,6,M. gigas,North,HIOC,15-16,Tide,5,130,0,Alive
2022,6,M. gigas,North,HIOC,15-16,Tide,5,131,0,Alive
2022,6,M. gigas,North,HIOC,15-16,Tide,5,132,0,Alive
2022,6,M. gigas,North,HIOC,15-16,Tide,5,133,0,Alive
2022,6,M. gigas,North,HIOC,15-16,Tide,5,134,0,Alive
2022,6,M. gigas,North,HIOC,15-16,Tide,5,135,0,Alive
2022,6,M. gigas,North,HIOC,15-16,Tide,5,136,0,Alive
2022,6,M. gigas,North,HIOC,15-16,Tide,5,137,0,Alive
2022,6,M. gigas,North,HIOC,15-16,Tide,5,138,0,Alive
2022,6,M. gigas,North,HIOC,15-16,Tide,5,139,0,Alive
2022,6,M. gigas,North,HIOC,15-16,Tide,5,140,0,Alive
2022,6,M. gigas,North,HIOC,15-16,Tide,5,141,0,Alive
2022,6,M. gigas,North,HIOC,15-16,Tide,5,142,0,Alive
2022,6,M. gigas,North,HIOC,15-16,Tide,5,143,0,Alive
2022,6,M. gigas,North,HIOC,15-16,Tide,5,144,0,Alive
2022,6,M. gigas,North,HIOC,15-16,Tide,5,145,0,Alive
2022,6,M. gigas,North,HIOC,15-16,Tide,5,146,0,Alive
2022,6,M. gigas,North,HIOC,15-16,Tide,5,147,0,Alive
2022,6,M. gigas,North,HIOC,15-16,Tide,5,148,0,Alive
2022,6,M. gigas,North,HIOC,15-16,Tide,5,149,0,Alive
2022,6,M. gigas,North,HIOC,15-16,Tide,5,150,0,Alive
2022,6,M. gigas,North,HIOC,15-16,Tide,5,151,0,Alive
2022,6,M. gigas,North,HIOC,15-16,Tide,5,152,0,Alive
2022,6,M. gigas,North,HIOC,15-16,Tide,5,153,0,Alive
2022,6,M. gigas,North,HIOC,15-16,Tide,5,154,0,Alive
2022,6,M. gigas,North,HIOC,15-16,Tide,5,155,0,Alive
2022,6,M. gigas,North,HIOC,15-16,Tide,5,156,0,Alive
2022,6,M. gigas,North,HIOC,15-16,Tide,5,157,0,Alive
2022,6,M. gigas,North,HIOC,15-16,Tide,5,158,0,Alive
2022,6,M. gigas,North,HIOC,15-16,Tide,5,159,0,Alive
2022,6,M. gigas,North,HIOC,15-16,Tide,5,160,0,Alive
2022,6,M. gigas,North,HIOC,15-16,Tide,5,161,0,Alive
2022,6,M. gigas,North,HIOC,15-16,Tide,5,162,0,Alive
2022,6,M. gigas,North,HIOC,15-16,Tide,5,163,0,Alive
2022,6,M. gigas,North,HIOC,15-16,Tide,5,164,0,Alive
2022,6,M. gigas,North,HIOC,15-16,Tide,5,165,0,Alive
2022,6,M. gigas,North,HIOC,15-16,Tide,5,166,0,Alive
2022,6,M. gigas,North,HIOC,15-16,Tide,5,167,0,Alive
2022,6,M. gigas,North,HIOC,15-16,Tide,5,168,0,Alive
2022,6,M. gigas,North,HIOC,15-16,Tide,5,169,0,Alive
2022,6,M. gigas,North,HIOC,15-16,Tide,5,170,0,Alive
2022,6,M. gigas,North,HIOC,15-16,Tide,5,171,0,Alive
2022,6,M. gigas,North,HIOC,15-16,Tide,5,172,0,Alive
2022,6,M. gigas,North,HIOC,15-16,Tide,5,173,0,Alive
2022,6,M. gigas,North,HIOC,15-16,Tide,5,174,0,Alive
2022,6,M. gigas,North,HIOC,15-16,Tide,5,175,0,Alive
2022,6,M. gigas,North,HIOC,15-16,Tide,5,176,0,Alive
2022,6,M. gigas,North,HIOC,15-16,Tide,5,177,0,Alive
2022,6,M. gigas,North,HIOC,15-16,Tide,5,178,0,Alive
2022,6,M. gigas,North,HIOC,15-16,Tide,5,179,0,Alive
2022,6,M. gigas,North,HIOC,15-16,Tide,5,180,0,Alive
2022,6,M. gigas,North,HIOC,15-16,Tide,5,181,0,Alive
2022,6,M. gigas,North,HIOC,15-16,Tide,5,182,0,Alive
2022,6,M. gigas,North,HIOC,15-16,Tide,5,183,0,Alive
2022,6,M. gigas,North,HIOC,15-16,Tide,5,184,0,Alive
2022,6,M. gigas,North,HIOC,15-16,Tide,5,185,0,Alive
2022,6,M. gigas,North,HIOC,15-16,Tide,5,186,0,Alive
2022,6,M. gigas,North,HIOC,15-16,Tide,5,187,0,Alive
2022,6,M. gigas,North,HIOC,15-16,Tide,5,188,0,Alive
2022,6,M. gigas,North,HIOC,15-16,Tide,5,189,0,Alive
2022,6,M. gigas,North,HIOC,15-16,Tide,5,190,0,Alive
2022,6,M. gigas,North,HIOC,15-16,Tide,5,191,0,Alive
2022,6,M. gigas,North,HIOC,15-16,Tide,5,192,0,Alive
2022,6,M. gigas,North,HIOC,15-16,Tide,5,193,0,Alive
2022,6,M. gigas,North,HIOC,15-16,Tide,5,194,0,Alive
2022,6,M. gigas,North,HIOC,15-16,Tide,5,195,0,Alive
2022,6,M. gigas,North,HIOC,15-16,Tide,5,196,0,Alive
2022,6,M. gigas,North,HIOC,15-16,Tide,5,197,0,Alive
2022,6,M. gigas,North,HIOC,15-16,Tide,5,198,0,Alive
2022,6,M. gigas,North,HIOC,15-16,Tide,5,199,0,Alive
2022,6,M. gigas,North,HIOC,15-16,Tide,5,200,0,Alive
2022,6,M. gigas,North,HIOC,15-16,Tide,5,201,0,Alive
2022,6,M. gigas,North,HIOC,15-16,Tide,5,202,0,Alive
2022,6,M. gigas,North,HIOC,15-16,Tide,5,203,0,Alive
2022,6,M. gigas,North,HIOC,15-16,Tide,5,204,0,Alive
2022,6,M. gigas,North,HIOC,15-16,Tide,5,205,0,Alive
2022,6,M. gigas,North,HIOC,15-16,Tide,5,206,0,Alive
2022,6,M. gigas,North,HIOC,15-16,Tide,5,207,0,Alive
2022,6,M. gigas,North,HIOC,15-16,Tide,5,208,0,Alive
2022,6,M. gigas,North,HIOC,15-16,Tide,5,209,0,Alive
2022,6,M. gigas,North,HIOC,15-16,Tide,5,210,0,Alive
2022,6,M. gigas,North,HIOC,15-16,Tide,5,211,0,Alive
2022,6,M. gigas,North,HIOC,15-16,Tide,5,212,0,Alive
2022,6,M. gigas,North,HIOC,15-16,Tide,5,213,0,Alive
2022,6,M. gigas,North,HIOC,15-16,Tide,5,214,0,Alive
2022,6,M. gigas,North,HIOC,15-16,Tide,5,215,0,Alive
2022,6,M. gigas,North,HIOC,15-16,Tide,5,216,0,Alive
2022,6,M. gigas,North,HIOC,15-16,Tide,5,217,0,Alive
2022,6,M. gigas,North,HIOC,15-16,Tide,5,218,0,Alive
2022,6,M. gigas,North,HIOC,15-16,Tide,5,219,0,Alive
2022,6,M. gigas,North,HIOC,15-16,Tide,5,220,0,Alive
2022,6,M. gigas,North,HIOC,15-16,Tide,5,221,0,Alive
2022,6,M. gigas,North,HIOC,15-16,Tide,5,222,0,Alive
2022,6,M. gigas,North,HIOC,15-16,Tide,5,223,0,Alive
2022,6,M. gigas,North,HIOC,15-16,Tide,5,224,0,Alive
2022,6,M. gigas,North,HIOC,15-16,Tide,5,225,0,Alive
2022,6,M. gigas,North,HIOC,15-16,Tide,5,226,0,Alive
2022,6,M. gigas,North,HIOC,15-16,Tide,5,227,0,Alive
2022,6,M. gigas,North,HIOC,15-16,Tide,5,228,0,Alive
2022,6,M. gigas,North,HIOC,15-16,Tide,5,229,0,Alive
2022,6,M. gigas,North,HIOC,15-16,Tide,5,230,0,Alive
2022,6,M. gigas,North,HIOC,15-16,Tide,5,231,0,Alive
2022,6,M. gigas,North,HIOC,15-16,Tide,5,232,0,Alive
2022,6,M. gigas,North,HIOC,15-16,Tide,5,233,0,Alive
2022,6,M. gigas,North,HIOC,15-16,Tide,5,234,0,Alive
2022,6,M. gigas,North,HIOC,15-16,Tide,5,235,0,Alive
2022,6,M. gigas,North,HIOC,15-16,Tide,5,236,0,Alive
2022,6,M. gigas,North,HIOC,15-16,Tide,5,237,0,Alive
2022,6,M. gigas,North,HIOC,15-16,Tide,5,238,0,Alive
2022,6,M. gigas,North,HIOC,15-16,Tide,5,239,0,Alive
2022,6,M. gigas,North,HIOC,15-16,Tide,5,240,0,Alive
2022,6,M. gigas,North,HIOC,15-16,Tide,5,241,0,Alive
2022,6,M. gigas,North,HIOC,15-16,Tide,5,242,0,Alive
2022,6,M. gigas,North,HIOC,15-16,Tide,5,243,0,Alive
2022,6,M. gigas,North,HIOC,15-16,Tide,5,244,0,Alive
2022,6,M. gigas,North,HIOC,15-16,Tide,5,245,0,Alive
2022,6,M. gigas,North,HIOC,15-16,Tide,5,246,0,Alive
2022,6,M. gigas,North,HIOC,15-16,Tide,5,247,0,Alive
2022,6,M. gigas,North,HIOC,15-16,Tide,5,248,0,Alive
2022,6,M. gigas,North,HIOC,15-16,Tide,5,249,0,Alive
2022,6,M. gigas,North,HIOC,15-16,Tide,5,250,0,Alive
2022,6,M. gigas,North,HIOC,15-16,Tide,6,1,1,Dead
2022,6,M. gigas,North,HIOC,15-16,Tide,6,2,1,Dead
2022,6,M. gigas,North,HIOC,15-16,Tide,6,3,1,Dead
2022,6,M. gigas,North,HIOC,15-16,Tide,6,4,1,Dead
2022,6,M. gigas,North,HIOC,15-16,Tide,6,5,1,Dead
2022,6,M. gigas,North,HIOC,15-16,Tide,6,6,1,Dead
2022,6,M. gigas,North,HIOC,15-16,Tide,6,7,1,Dead
2022,6,M. gigas,North,HIOC,15-16,Tide,6,8,1,Dead
2022,6,M. gigas,North,HIOC,15-16,Tide,6,9,1,Dead
2022,6,M. gigas,North,HIOC,15-16,Tide,6,10,1,Dead
2022,6,M. gigas,North,HIOC,15-16,Tide,6,11,1,Dead
2022,6,M. gigas,North,HIOC,15-16,Tide,6,12,1,Dead
2022,6,M. gigas,North,HIOC,15-16,Tide,6,13,1,Dead
2022,6,M. gigas,North,HIOC,15-16,Tide,6,14,1,Dead
2022,6,M. gigas,North,HIOC,15-16,Tide,6,15,1,Dead
2022,6,M. gigas,North,HIOC,15-16,Tide,6,16,1,Dead
2022,6,M. gigas,North,HIOC,15-16,Tide,6,17,1,Dead
2022,6,M. gigas,North,HIOC,15-16,Tide,6,18,1,Dead
2022,6,M. gigas,North,HIOC,15-16,Tide,6,19,1,Dead
2022,6,M. gigas,North,HIOC,15-16,Tide,6,20,1,Dead
2022,6,M. gigas,North,HIOC,15-16,Tide,6,21,1,Dead
2022,6,M. gigas,North,HIOC,15-16,Tide,6,22,1,Dead
2022,6,M. gigas,North,HIOC,15-16,Tide,6,23,1,Dead
2022,6,M. gigas,North,HIOC,15-16,Tide,6,24,1,Dead
2022,6,M. gigas,North,HIOC,15-16,Tide,6,25,1,Dead
2022,6,M. gigas,North,HIOC,15-16,Tide,6,26,1,Dead
2022,6,M. gigas,North,HIOC,15-16,Tide,6,27,1,Dead
2022,6,M. gigas,North,HIOC,15-16,Tide,6,28,1,Dead
2022,6,M. gigas,North,HIOC,15-16,Tide,6,29,1,Dead
2022,6,M. gigas,North,HIOC,15-16,Tide,6,30,1,Dead
2022,6,M. gigas,North,HIOC,15-16,Tide,6,31,1,Dead
2022,6,M. gigas,North,HIOC,15-16,Tide,6,32,1,Dead
2022,6,M. gigas,North,HIOC,15-16,Tide,6,33,1,Dead
2022,6,M. gigas,North,HIOC,15-16,Tide,6,34,1,Dead
2022,6,M. gigas,North,HIOC,15-16,Tide,6,35,1,Dead
2022,6,M. gigas,North,HIOC,15-16,Tide,6,36,1,Dead
2022,6,M. gigas,North,HIOC,15-16,Tide,6,37,1,Dead
2022,6,M. gigas,North,HIOC,15-16,Tide,6,38,1,Dead
2022,6,M. gigas,North,HIOC,15-16,Tide,6,39,1,Dead
2022,6,M. gigas,North,HIOC,15-16,Tide,6,40,0,Alive
2022,6,M. gigas,North,HIOC,15-16,Tide,6,41,0,Alive
2022,6,M. gigas,North,HIOC,15-16,Tide,6,42,0,Alive
2022,6,M. gigas,North,HIOC,15-16,Tide,6,43,0,Alive
2022,6,M. gigas,North,HIOC,15-16,Tide,6,44,0,Alive
2022,6,M. gigas,North,HIOC,15-16,Tide,6,45,0,Alive
2022,6,M. gigas,North,HIOC,15-16,Tide,6,46,0,Alive
2022,6,M. gigas,North,HIOC,15-16,Tide,6,47,0,Alive
2022,6,M. gigas,North,HIOC,15-16,Tide,6,48,0,Alive
2022,6,M. gigas,North,HIOC,15-16,Tide,6,49,0,Alive
2022,6,M. gigas,North,HIOC,15-16,Tide,6,50,0,Alive
2022,6,M. gigas,North,HIOC,15-16,Tide,6,51,0,Alive
2022,6,M. gigas,North,HIOC,15-16,Tide,6,52,0,Alive
2022,6,M. gigas,North,HIOC,15-16,Tide,6,53,0,Alive
2022,6,M. gigas,North,HIOC,15-16,Tide,6,54,0,Alive
2022,6,M. gigas,North,HIOC,15-16,Tide,6,55,0,Alive
2022,6,M. gigas,North,HIOC,15-16,Tide,6,56,0,Alive
2022,6,M. gigas,North,HIOC,15-16,Tide,6,57,0,Alive
2022,6,M. gigas,North,HIOC,15-16,Tide,6,58,0,Alive
2022,6,M. gigas,North,HIOC,15-16,Tide,6,59,0,Alive
2022,6,M. gigas,North,HIOC,15-16,Tide,6,60,0,Alive
2022,6,M. gigas,North,HIOC,15-16,Tide,6,61,0,Alive
2022,6,M. gigas,North,HIOC,15-16,Tide,6,62,0,Alive
2022,6,M. gigas,North,HIOC,15-16,Tide,6,63,0,Alive
2022,6,M. gigas,North,HIOC,15-16,Tide,6,64,0,Alive
2022,6,M. gigas,North,HIOC,15-16,Tide,6,65,0,Alive
2022,6,M. gigas,North,HIOC,15-16,Tide,6,66,0,Alive
2022,6,M. gigas,North,HIOC,15-16,Tide,6,67,0,Alive
2022,6,M. gigas,North,HIOC,15-16,Tide,6,68,0,Alive
2022,6,M. gigas,North,HIOC,15-16,Tide,6,69,0,Alive
2022,6,M. gigas,North,HIOC,15-16,Tide,6,70,0,Alive
2022,6,M. gigas,North,HIOC,15-16,Tide,6,71,0,Alive
2022,6,M. gigas,North,HIOC,15-16,Tide,6,72,0,Alive
2022,6,M. gigas,North,HIOC,15-16,Tide,6,73,0,Alive
2022,6,M. gigas,North,HIOC,15-16,Tide,6,74,0,Alive
2022,6,M. gigas,North,HIOC,15-16,Tide,6,75,0,Alive
2022,6,M. gigas,North,HIOC,15-16,Tide,6,76,0,Alive
2022,6,M. gigas,North,HIOC,15-16,Tide,6,77,0,Alive
2022,6,M. gigas,North,HIOC,15-16,Tide,6,78,0,Alive
2022,6,M. gigas,North,HIOC,15-16,Tide,6,79,0,Alive
2022,6,M. gigas,North,HIOC,15-16,Tide,6,80,0,Alive
2022,6,M. gigas,North,HIOC,15-16,Tide,6,81,0,Alive
2022,6,M. gigas,North,HIOC,15-16,Tide,6,82,0,Alive
2022,6,M. gigas,North,HIOC,15-16,Tide,6,83,0,Alive
2022,6,M. gigas,North,HIOC,15-16,Tide,6,84,0,Alive
2022,6,M. gigas,North,HIOC,15-16,Tide,6,85,0,Alive
2022,6,M. gigas,North,HIOC,15-16,Tide,6,86,0,Alive
2022,6,M. gigas,North,HIOC,15-16,Tide,6,87,0,Alive
2022,6,M. gigas,North,HIOC,15-16,Tide,6,88,0,Alive
2022,6,M. gigas,North,HIOC,15-16,Tide,6,89,0,Alive
2022,6,M. gigas,North,HIOC,15-16,Tide,6,90,0,Alive
2022,6,M. gigas,North,HIOC,15-16,Tide,6,91,0,Alive
2022,6,M. gigas,North,HIOC,15-16,Tide,6,92,0,Alive
2022,6,M. gigas,North,HIOC,15-16,Tide,6,93,0,Alive
2022,6,M. gigas,North,HIOC,15-16,Tide,6,94,0,Alive
2022,6,M. gigas,North,HIOC,15-16,Tide,6,95,0,Alive
2022,6,M. gigas,North,HIOC,15-16,Tide,6,96,0,Alive
2022,6,M. gigas,North,HIOC,15-16,Tide,6,97,0,Alive
2022,6,M. gigas,North,HIOC,15-16,Tide,6,98,0,Alive
2022,6,M. gigas,North,HIOC,15-16,Tide,6,99,0,Alive
2022,6,M. gigas,North,HIOC,15-16,Tide,6,100,0,Alive
2022,6,M. gigas,North,HIOC,15-16,Tide,6,101,0,Alive
2022,6,M. gigas,North,HIOC,15-16,Tide,6,102,0,Alive
2022,6,M. gigas,North,HIOC,15-16,Tide,6,103,0,Alive
2022,6,M. gigas,North,HIOC,15-16,Tide,6,104,0,Alive
2022,6,M. gigas,North,HIOC,15-16,Tide,6,105,0,Alive
2022,6,M. gigas,North,HIOC,15-16,Tide,6,106,0,Alive
2022,6,M. gigas,North,HIOC,15-16,Tide,6,107,0,Alive
2022,6,M. gigas,North,HIOC,15-16,Tide,6,108,0,Alive
2022,6,M. gigas,North,HIOC,15-16,Tide,6,109,0,Alive
2022,6,M. gigas,North,HIOC,15-16,Tide,6,110,0,Alive
2022,6,M. gigas,North,HIOC,15-16,Tide,6,111,0,Alive
2022,6,M. gigas,North,HIOC,15-16,Tide,6,112,0,Alive
2022,6,M. gigas,North,HIOC,15-16,Tide,6,113,0,Alive
2022,6,M. gigas,North,HIOC,15-16,Tide,6,114,0,Alive
2022,6,M. gigas,North,HIOC,15-16,Tide,6,115,0,Alive
2022,6,M. gigas,North,HIOC,15-16,Tide,6,116,0,Alive
2022,6,M. gigas,North,HIOC,15-16,Tide,6,117,0,Alive
2022,6,M. gigas,North,HIOC,15-16,Tide,6,118,0,Alive
2022,6,M. gigas,North,HIOC,15-16,Tide,6,119,0,Alive
2022,6,M. gigas,North,HIOC,15-16,Tide,6,120,0,Alive
2022,6,M. gigas,North,HIOC,15-16,Tide,6,121,0,Alive
2022,6,M. gigas,North,HIOC,15-16,Tide,6,122,0,Alive
2022,6,M. gigas,North,HIOC,15-16,Tide,6,123,0,Alive
2022,6,M. gigas,North,HIOC,15-16,Tide,6,124,0,Alive
2022,6,M. gigas,North,HIOC,15-16,Tide,6,125,0,Alive
2022,6,M. gigas,North,HIOC,15-16,Tide,6,126,0,Alive
2022,6,M. gigas,North,HIOC,15-16,Tide,6,127,0,Alive
2022,6,M. gigas,North,HIOC,15-16,Tide,6,128,0,Alive
2022,6,M. gigas,North,HIOC,15-16,Tide,6,129,0,Alive
2022,6,M. gigas,North,HIOC,15-16,Tide,6,130,0,Alive
2022,6,M. gigas,North,HIOC,15-16,Tide,6,131,0,Alive
2022,6,M. gigas,North,HIOC,15-16,Tide,6,132,0,Alive
2022,6,M. gigas,North,HIOC,15-16,Tide,6,133,0,Alive
2022,6,M. gigas,North,HIOC,15-16,Tide,6,134,0,Alive
2022,6,M. gigas,North,HIOC,15-16,Tide,6,135,0,Alive
2022,6,M. gigas,North,HIOC,15-16,Tide,6,136,0,Alive
2022,6,M. gigas,North,HIOC,15-16,Tide,6,137,0,Alive
2022,6,M. gigas,North,HIOC,15-16,Tide,6,138,0,Alive
2022,6,M. gigas,North,HIOC,15-16,Tide,6,139,0,Alive
2022,6,M. gigas,North,HIOC,15-16,Tide,6,140,0,Alive
2022,6,M. gigas,North,HIOC,15-16,Tide,6,141,0,Alive
2022,6,M. gigas,North,HIOC,15-16,Tide,6,142,0,Alive
2022,6,M. gigas,North,HIOC,15-16,Tide,6,143,0,Alive
2022,6,M. gigas,North,HIOC,15-16,Tide,6,144,0,Alive
2022,6,M. gigas,North,HIOC,15-16,Tide,6,145,0,Alive
2022,6,M. gigas,North,HIOC,15-16,Tide,6,146,0,Alive
2022,6,M. gigas,North,HIOC,15-16,Tide,6,147,0,Alive
2022,6,M. gigas,North,HIOC,15-16,Tide,6,148,0,Alive
2022,6,M. gigas,North,HIOC,15-16,Tide,6,149,0,Alive
2022,6,M. gigas,North,HIOC,15-16,Tide,6,150,0,Alive
2022,6,M. gigas,North,HIOC,15-16,Tide,6,151,0,Alive
2022,6,M. gigas,North,HIOC,15-16,Tide,6,152,0,Alive
2022,6,M. gigas,North,HIOC,15-16,Tide,6,153,0,Alive
2022,6,M. gigas,North,HIOC,15-16,Tide,6,154,0,Alive
2022,6,M. gigas,North,HIOC,15-16,Tide,6,155,0,Alive
2022,6,M. gigas,North,HIOC,15-16,Tide,6,156,0,Alive
2022,6,M. gigas,North,HIOC,15-16,Tide,6,157,0,Alive
2022,6,M. gigas,North,HIOC,15-16,Tide,6,158,0,Alive
2022,6,M. gigas,North,HIOC,15-16,Tide,6,159,0,Alive
2022,6,M. gigas,North,HIOC,15-16,Tide,6,160,0,Alive
2022,6,M. gigas,North,HIOC,15-16,Tide,6,161,0,Alive
2022,6,M. gigas,North,HIOC,15-16,Tide,6,162,0,Alive
2022,6,M. gigas,North,HIOC,15-16,Tide,6,163,0,Alive
2022,6,M. gigas,North,HIOC,15-16,Tide,6,164,0,Alive
2022,6,M. gigas,North,HIOC,15-16,Tide,6,165,0,Alive
2022,6,M. gigas,North,HIOC,15-16,Tide,6,166,0,Alive
2022,6,M. gigas,North,HIOC,15-16,Tide,6,167,0,Alive
2022,6,M. gigas,North,HIOC,15-16,Tide,6,168,0,Alive
2022,6,M. gigas,North,HIOC,15-16,Tide,6,169,0,Alive
2022,6,M. gigas,North,HIOC,15-16,Tide,6,170,0,Alive
2022,6,M. gigas,North,HIOC,15-16,Tide,6,171,0,Alive
2022,6,M. gigas,North,HIOC,15-16,Tide,6,172,0,Alive
2022,6,M. gigas,North,HIOC,15-16,Tide,6,173,0,Alive
2022,6,M. gigas,North,HIOC,15-16,Tide,6,174,0,Alive
2022,6,M. gigas,North,HIOC,15-16,Tide,6,175,0,Alive
2022,6,M. gigas,North,HIOC,15-16,Tide,6,176,0,Alive
2022,6,M. gigas,North,HIOC,15-16,Tide,6,177,0,Alive
2022,6,M. gigas,North,HIOC,15-16,Tide,6,178,0,Alive
2022,6,M. gigas,North,HIOC,15-16,Tide,6,179,0,Alive
2022,6,M. gigas,North,HIOC,15-16,Tide,6,180,0,Alive
2022,6,M. gigas,North,HIOC,15-16,Tide,6,181,0,Alive
2022,6,M. gigas,North,HIOC,15-16,Tide,6,182,0,Alive
2022,6,M. gigas,North,HIOC,15-16,Tide,6,183,0,Alive
2022,6,M. gigas,North,HIOC,15-16,Tide,6,184,0,Alive
2022,6,M. gigas,North,HIOC,15-16,Tide,6,185,0,Alive
2022,6,M. gigas,North,HIOC,15-16,Tide,6,186,0,Alive
2022,6,M. gigas,North,HIOC,15-16,Tide,6,187,0,Alive
2022,6,M. gigas,North,HIOC,15-16,Tide,6,188,0,Alive
2022,6,M. gigas,North,HIOC,15-16,Tide,6,189,0,Alive
2022,6,M. gigas,North,HIOC,15-16,Tide,6,190,0,Alive
2022,6,M. gigas,North,HIOC,15-16,Tide,6,191,0,Alive
2022,6,M. gigas,North,HIOC,15-16,Tide,6,192,0,Alive
2022,6,M. gigas,North,HIOC,15-16,Tide,6,193,0,Alive
2022,6,M. gigas,North,HIOC,15-16,Tide,6,194,0,Alive
2022,6,M. gigas,North,HIOC,15-16,Tide,6,195,0,Alive
2022,6,M. gigas,North,HIOC,15-16,Tide,6,196,0,Alive
2022,6,M. gigas,North,HIOC,15-16,Tide,6,197,0,Alive
2022,6,M. gigas,North,HIOC,15-16,Tide,6,198,0,Alive
2022,6,M. gigas,North,HIOC,15-16,Tide,6,199,0,Alive
2022,6,M. gigas,North,HIOC,15-16,Tide,6,200,0,Alive
2022,6,M. gigas,North,HIOC,15-16,Tide,6,201,0,Alive
2022,6,M. gigas,North,HIOC,15-16,Tide,6,202,0,Alive
2022,6,M. gigas,North,HIOC,15-16,Tide,6,203,0,Alive
2022,6,M. gigas,North,HIOC,15-16,Tide,6,204,0,Alive
2022,6,M. gigas,North,HIOC,15-16,Tide,6,205,0,Alive
2022,6,M. gigas,North,HIOC,15-16,Tide,6,206,0,Alive
2022,6,M. gigas,North,HIOC,15-16,Tide,6,207,0,Alive
2022,6,M. gigas,North,HIOC,15-16,Tide,6,208,0,Alive
2022,6,M. gigas,North,HIOC,15-16,Tide,6,209,0,Alive
2022,6,M. gigas,North,HIOC,15-16,Tide,6,210,0,Alive
2022,6,M. gigas,North,HIOC,15-16,Tide,6,211,0,Alive
2022,6,M. gigas,North,HIOC,15-16,Tide,6,212,0,Alive
2022,6,M. gigas,North,HIOC,15-16,Tide,6,213,0,Alive
2022,6,M. gigas,North,HIOC,15-16,Tide,6,214,0,Alive
2022,6,M. gigas,North,HIOC,15-16,Tide,6,215,0,Alive
2022,6,M. gigas,North,HIOC,15-16,Tide,6,216,0,Alive
2022,6,M. gigas,North,HIOC,15-16,Tide,6,217,0,Alive
2022,6,M. gigas,North,HIOC,15-16,Tide,6,218,0,Alive
2022,6,M. gigas,North,HIOC,15-16,Tide,6,219,0,Alive
2022,6,M. gigas,North,HIOC,15-16,Tide,6,220,0,Alive
2022,6,M. gigas,North,HIOC,15-16,Tide,6,221,0,Alive
2022,6,M. gigas,North,HIOC,15-16,Tide,6,222,0,Alive
2022,6,M. gigas,North,HIOC,15-16,Tide,6,223,0,Alive
2022,6,M. gigas,North,HIOC,15-16,Tide,6,224,0,Alive
2022,6,M. gigas,North,HIOC,15-16,Tide,6,225,0,Alive
2022,6,M. gigas,North,HIOC,15-16,Tide,6,226,0,Alive
2022,6,M. gigas,North,HIOC,15-16,Tide,6,227,0,Alive
2022,6,M. gigas,North,HIOC,15-16,Tide,6,228,0,Alive
2022,6,M. gigas,North,HIOC,15-16,Tide,6,229,0,Alive
2022,6,M. gigas,North,HIOC,15-16,Tide,6,230,0,Alive
2022,6,M. gigas,North,HIOC,15-16,Tide,6,231,0,Alive
2022,6,M. gigas,North,HIOC,15-16,Tide,6,232,0,Alive
2022,6,M. gigas,North,HIOC,15-16,Tide,6,233,0,Alive
2022,6,M. gigas,North,HIOC,15-16,Tide,6,234,0,Alive
2022,6,M. gigas,North,HIOC,15-16,Tide,6,235,0,Alive
2022,6,M. gigas,North,HIOC,15-16,Tide,6,236,0,Alive
2022,6,M. gigas,North,HIOC,15-16,Tide,6,237,0,Alive
2022,6,M. gigas,North,HIOC,15-16,Tide,6,238,0,Alive
2022,6,M. gigas,North,HIOC,15-16,Tide,6,239,0,Alive
2022,6,M. gigas,North,HIOC,15-16,Tide,6,240,0,Alive
2022,6,M. gigas,North,HIOC,15-16,Tide,6,241,0,Alive
2022,6,M. gigas,North,HIOC,15-16,Tide,6,242,0,Alive
2022,6,M. gigas,North,HIOC,15-16,Tide,6,243,0,Alive
2022,6,M. gigas,North,HIOC,15-16,Tide,6,244,0,Alive
2022,6,M. gigas,North,HIOC,15-16,Tide,6,245,0,Alive
2022,6,M. gigas,North,HIOC,15-16,Tide,6,246,0,Alive
2022,6,M. gigas,North,HIOC,15-16,Tide,6,247,0,Alive
2022,6,M. gigas,North,HIOC,15-16,Tide,6,248,0,Alive
2022,6,M. gigas,North,HIOC,15-16,Tide,6,249,0,Alive
2022,6,M. gigas,North,HIOC,15-16,Tide,6,250,0,Alive
2022,6,M. gigas,Middle,BBOC,15-16,Tide,16,1,1,Dead
2022,6,M. gigas,Middle,BBOC,15-16,Tide,16,2,1,Dead
2022,6,M. gigas,Middle,BBOC,15-16,Tide,16,3,1,Dead
2022,6,M. gigas,Middle,BBOC,15-16,Tide,16,4,1,Dead
2022,6,M. gigas,Middle,BBOC,15-16,Tide,16,5,0,Alive
2022,6,M. gigas,Middle,BBOC,15-16,Tide,16,6,0,Alive
2022,6,M. gigas,Middle,BBOC,15-16,Tide,16,7,0,Alive
2022,6,M. gigas,Middle,BBOC,15-16,Tide,16,8,0,Alive
2022,6,M. gigas,Middle,BBOC,15-16,Tide,16,9,0,Alive
2022,6,M. gigas,Middle,BBOC,15-16,Tide,16,10,0,Alive
2022,6,M. gigas,Middle,BBOC,15-16,Tide,16,11,0,Alive
2022,6,M. gigas,Middle,BBOC,15-16,Tide,16,12,0,Alive
2022,6,M. gigas,Middle,BBOC,15-16,Tide,16,13,0,Alive
2022,6,M. gigas,Middle,BBOC,15-16,Tide,16,14,0,Alive
2022,6,M. gigas,Middle,BBOC,15-16,Tide,16,15,0,Alive
2022,6,M. gigas,Middle,BBOC,15-16,Tide,16,16,0,Alive
2022,6,M. gigas,Middle,BBOC,15-16,Tide,16,17,0,Alive
2022,6,M. gigas,Middle,BBOC,15-16,Tide,16,18,0,Alive
2022,6,M. gigas,Middle,BBOC,15-16,Tide,16,19,0,Alive
2022,6,M. gigas,Middle,BBOC,15-16,Tide,16,20,0,Alive
2022,6,M. gigas,Middle,BBOC,15-16,Tide,16,21,0,Alive
2022,6,M. gigas,Middle,BBOC,15-16,Tide,16,22,0,Alive
2022,6,M. gigas,Middle,BBOC,15-16,Tide,16,23,0,Alive
2022,6,M. gigas,Middle,BBOC,15-16,Tide,16,24,0,Alive
2022,6,M. gigas,Middle,BBOC,15-16,Tide,16,25,0,Alive
2022,6,M. gigas,Middle,BBOC,15-16,Tide,16,26,0,Alive
2022,6,M. gigas,Middle,BBOC,15-16,Tide,16,27,0,Alive
2022,6,M. gigas,Middle,BBOC,15-16,Tide,16,28,0,Alive
2022,6,M. gigas,Middle,BBOC,15-16,Tide,16,29,0,Alive
2022,6,M. gigas,Middle,BBOC,15-16,Tide,16,30,0,Alive
2022,6,M. gigas,Middle,BBOC,15-16,Tide,16,31,0,Alive
2022,6,M. gigas,Middle,BBOC,15-16,Tide,16,32,0,Alive
2022,6,M. gigas,Middle,BBOC,15-16,Tide,16,33,0,Alive
2022,6,M. gigas,Middle,BBOC,15-16,Tide,16,34,0,Alive
2022,6,M. gigas,Middle,BBOC,15-16,Tide,16,35,0,Alive
2022,6,M. gigas,Middle,BBOC,15-16,Tide,16,36,0,Alive
2022,6,M. gigas,Middle,BBOC,15-16,Tide,16,37,0,Alive
2022,6,M. gigas,Middle,BBOC,15-16,Tide,16,38,0,Alive
2022,6,M. gigas,Middle,BBOC,15-16,Tide,16,39,0,Alive
2022,6,M. gigas,Middle,BBOC,15-16,Tide,16,40,0,Alive
2022,6,M. gigas,Middle,BBOC,15-16,Tide,16,41,0,Alive
2022,6,M. gigas,Middle,BBOC,15-16,Tide,16,42,0,Alive
2022,6,M. gigas,Middle,BBOC,15-16,Tide,16,43,0,Alive
2022,6,M. gigas,Middle,BBOC,15-16,Tide,16,44,0,Alive
2022,6,M. gigas,Middle,BBOC,15-16,Tide,16,45,0,Alive
2022,6,M. gigas,Middle,BBOC,15-16,Tide,16,46,0,Alive
2022,6,M. gigas,Middle,BBOC,15-16,Tide,16,47,0,Alive
2022,6,M. gigas,Middle,BBOC,15-16,Tide,16,48,0,Alive
2022,6,M. gigas,Middle,BBOC,15-16,Tide,16,49,0,Alive
2022,6,M. gigas,Middle,BBOC,15-16,Tide,16,50,0,Alive
2022,6,M. gigas,Middle,BBOC,15-16,Tide,16,51,0,Alive
2022,6,M. gigas,Middle,BBOC,15-16,Tide,16,52,0,Alive
2022,6,M. gigas,Middle,BBOC,15-16,Tide,16,53,0,Alive
2022,6,M. gigas,Middle,BBOC,15-16,Tide,16,54,0,Alive
2022,6,M. gigas,Middle,BBOC,15-16,Tide,16,55,0,Alive
2022,6,M. gigas,Middle,BBOC,15-16,Tide,16,56,0,Alive
2022,6,M. gigas,Middle,BBOC,15-16,Tide,16,57,0,Alive
2022,6,M. gigas,Middle,BBOC,15-16,Tide,16,58,0,Alive
2022,6,M. gigas,Middle,BBOC,15-16,Tide,16,59,0,Alive
2022,6,M. gigas,Middle,BBOC,15-16,Tide,16,60,0,Alive
2022,6,M. gigas,Middle,BBOC,15-16,Tide,16,61,0,Alive
2022,6,M. gigas,Middle,BBOC,15-16,Tide,16,62,0,Alive
2022,6,M. gigas,Middle,BBOC,15-16,Tide,16,63,0,Alive
2022,6,M. gigas,Middle,BBOC,15-16,Tide,16,64,0,Alive
2022,6,M. gigas,Middle,BBOC,15-16,Tide,16,65,0,Alive
2022,6,M. gigas,Middle,BBOC,15-16,Tide,16,66,0,Alive
2022,6,M. gigas,Middle,BBOC,15-16,Tide,16,67,0,Alive
2022,6,M. gigas,Middle,BBOC,15-16,Tide,16,68,0,Alive
2022,6,M. gigas,Middle,BBOC,15-16,Tide,16,69,0,Alive
2022,6,M. gigas,Middle,BBOC,15-16,Tide,16,70,0,Alive
2022,6,M. gigas,Middle,BBOC,15-16,Tide,16,71,0,Alive
2022,6,M. gigas,Middle,BBOC,15-16,Tide,16,72,0,Alive
2022,6,M. gigas,Middle,BBOC,15-16,Tide,16,73,0,Alive
2022,6,M. gigas,Middle,BBOC,15-16,Tide,16,74,0,Alive
2022,6,M. gigas,Middle,BBOC,15-16,Tide,16,75,0,Alive
2022,6,M. gigas,Middle,BBOC,15-16,Tide,16,76,0,Alive
2022,6,M. gigas,Middle,BBOC,15-16,Tide,16,77,0,Alive
2022,6,M. gigas,Middle,BBOC,15-16,Tide,16,78,0,Alive
2022,6,M. gigas,Middle,BBOC,15-16,Tide,16,79,0,Alive
2022,6,M. gigas,Middle,BBOC,15-16,Tide,16,80,0,Alive
2022,6,M. gigas,Middle,BBOC,15-16,Tide,16,81,0,Alive
2022,6,M. gigas,Middle,BBOC,15-16,Tide,16,82,0,Alive
2022,6,M. gigas,Middle,BBOC,15-16,Tide,16,83,0,Alive
2022,6,M. gigas,Middle,BBOC,15-16,Tide,16,84,0,Alive
2022,6,M. gigas,Middle,BBOC,15-16,Tide,16,85,0,Alive
2022,6,M. gigas,Middle,BBOC,15-16,Tide,16,86,0,Alive
2022,6,M. gigas,Middle,BBOC,15-16,Tide,16,87,0,Alive
2022,6,M. gigas,Middle,BBOC,15-16,Tide,16,88,0,Alive
2022,6,M. gigas,Middle,BBOC,15-16,Tide,16,89,0,Alive
2022,6,M. gigas,Middle,BBOC,15-16,Tide,16,90,0,Alive
2022,6,M. gigas,Middle,BBOC,15-16,Tide,16,91,0,Alive
2022,6,M. gigas,Middle,BBOC,15-16,Tide,16,92,0,Alive
2022,6,M. gigas,Middle,BBOC,15-16,Tide,16,93,0,Alive
2022,6,M. gigas,Middle,BBOC,15-16,Tide,16,94,0,Alive
2022,6,M. gigas,Middle,BBOC,15-16,Tide,16,95,0,Alive
2022,6,M. gigas,Middle,BBOC,15-16,Tide,16,96,0,Alive
2022,6,M. gigas,Middle,BBOC,15-16,Tide,16,97,0,Alive
2022,6,M. gigas,Middle,BBOC,15-16,Tide,16,98,0,Alive
2022,6,M. gigas,Middle,BBOC,15-16,Tide,16,99,0,Alive
2022,6,M. gigas,Middle,BBOC,15-16,Tide,16,100,0,Alive
2022,6,M. gigas,Middle,BBOC,15-16,Tide,16,101,0,Alive
2022,6,M. gigas,Middle,BBOC,15-16,Tide,16,102,0,Alive
2022,6,M. gigas,Middle,BBOC,15-16,Tide,16,103,0,Alive
2022,6,M. gigas,Middle,BBOC,15-16,Tide,16,104,0,Alive
2022,6,M. gigas,Middle,BBOC,15-16,Tide,16,105,0,Alive
2022,6,M. gigas,Middle,BBOC,15-16,Tide,16,106,0,Alive
2022,6,M. gigas,Middle,BBOC,15-16,Tide,16,107,0,Alive
2022,6,M. gigas,Middle,BBOC,15-16,Tide,16,108,0,Alive
2022,6,M. gigas,Middle,BBOC,15-16,Tide,16,109,0,Alive
2022,6,M. gigas,Middle,BBOC,15-16,Tide,16,110,0,Alive
2022,6,M. gigas,Middle,BBOC,15-16,Tide,16,111,0,Alive
2022,6,M. gigas,Middle,BBOC,15-16,Tide,16,112,0,Alive
2022,6,M. gigas,Middle,BBOC,15-16,Tide,16,113,0,Alive
2022,6,M. gigas,Middle,BBOC,15-16,Tide,16,114,0,Alive
2022,6,M. gigas,Middle,BBOC,15-16,Tide,16,115,0,Alive
2022,6,M. gigas,Middle,BBOC,15-16,Tide,16,116,0,Alive
2022,6,M. gigas,Middle,BBOC,15-16,Tide,16,117,0,Alive
2022,6,M. gigas,Middle,BBOC,15-16,Tide,16,118,0,Alive
2022,6,M. gigas,Middle,BBOC,15-16,Tide,16,119,0,Alive
2022,6,M. gigas,Middle,BBOC,15-16,Tide,16,120,0,Alive
2022,6,M. gigas,Middle,BBOC,15-16,Tide,16,121,0,Alive
2022,6,M. gigas,Middle,BBOC,15-16,Tide,16,122,0,Alive
2022,6,M. gigas,Middle,BBOC,15-16,Tide,16,123,0,Alive
2022,6,M. gigas,Middle,BBOC,15-16,Tide,16,124,0,Alive
2022,6,M. gigas,Middle,BBOC,15-16,Tide,16,125,0,Alive
2022,6,M. gigas,Middle,BBOC,15-16,Tide,16,126,0,Alive
2022,6,M. gigas,Middle,BBOC,15-16,Tide,16,127,0,Alive
2022,6,M. gigas,Middle,BBOC,15-16,Tide,16,128,0,Alive
2022,6,M. gigas,Middle,BBOC,15-16,Tide,16,129,0,Alive
2022,6,M. gigas,Middle,BBOC,15-16,Tide,16,130,0,Alive
2022,6,M. gigas,Middle,BBOC,15-16,Tide,16,131,0,Alive
2022,6,M. gigas,Middle,BBOC,15-16,Tide,16,132,0,Alive
2022,6,M. gigas,Middle,BBOC,15-16,Tide,16,133,0,Alive
2022,6,M. gigas,Middle,BBOC,15-16,Tide,16,134,0,Alive
2022,6,M. gigas,Middle,BBOC,15-16,Tide,16,135,0,Alive
2022,6,M. gigas,Middle,BBOC,15-16,Tide,16,136,0,Alive
2022,6,M. gigas,Middle,BBOC,15-16,Tide,16,137,0,Alive
2022,6,M. gigas,Middle,BBOC,15-16,Tide,16,138,0,Alive
2022,6,M. gigas,Middle,BBOC,15-16,Tide,16,139,0,Alive
2022,6,M. gigas,Middle,BBOC,15-16,Tide,16,140,0,Alive
2022,6,M. gigas,Middle,BBOC,15-16,Tide,16,141,0,Alive
2022,6,M. gigas,Middle,BBOC,15-16,Tide,16,142,0,Alive
2022,6,M. gigas,Middle,BBOC,15-16,Tide,16,143,0,Alive
2022,6,M. gigas,Middle,BBOC,15-16,Tide,16,144,0,Alive
2022,6,M. gigas,Middle,BBOC,15-16,Tide,16,145,0,Alive
2022,6,M. gigas,Middle,BBOC,15-16,Tide,16,146,0,Alive
2022,6,M. gigas,Middle,BBOC,15-16,Tide,16,147,0,Alive
2022,6,M. gigas,Middle,BBOC,15-16,Tide,16,148,0,Alive
2022,6,M. gigas,Middle,BBOC,15-16,Tide,16,149,0,Alive
2022,6,M. gigas,Middle,BBOC,15-16,Tide,16,150,0,Alive
2022,6,M. gigas,Middle,BBOC,15-16,Tide,16,151,0,Alive
2022,6,M. gigas,Middle,BBOC,15-16,Tide,16,152,0,Alive
2022,6,M. gigas,Middle,BBOC,15-16,Tide,16,153,0,Alive
2022,6,M. gigas,Middle,BBOC,15-16,Tide,16,154,0,Alive
2022,6,M. gigas,Middle,BBOC,15-16,Tide,16,155,0,Alive
2022,6,M. gigas,Middle,BBOC,15-16,Tide,16,156,0,Alive
2022,6,M. gigas,Middle,BBOC,15-16,Tide,16,157,0,Alive
2022,6,M. gigas,Middle,BBOC,15-16,Tide,16,158,0,Alive
2022,6,M. gigas,Middle,BBOC,15-16,Tide,16,159,0,Alive
2022,6,M. gigas,Middle,BBOC,15-16,Tide,16,160,0,Alive
2022,6,M. gigas,Middle,BBOC,15-16,Tide,16,161,0,Alive
2022,6,M. gigas,Middle,BBOC,15-16,Tide,16,162,0,Alive
2022,6,M. gigas,Middle,BBOC,15-16,Tide,16,163,0,Alive
2022,6,M. gigas,Middle,BBOC,15-16,Tide,16,164,0,Alive
2022,6,M. gigas,Middle,BBOC,15-16,Tide,16,165,0,Alive
2022,6,M. gigas,Middle,BBOC,15-16,Tide,16,166,0,Alive
2022,6,M. gigas,Middle,BBOC,15-16,Tide,16,167,0,Alive
2022,6,M. gigas,Middle,BBOC,15-16,Tide,16,168,0,Alive
2022,6,M. gigas,Middle,BBOC,15-16,Tide,16,169,0,Alive
2022,6,M. gigas,Middle,BBOC,15-16,Tide,16,170,0,Alive
2022,6,M. gigas,Middle,BBOC,15-16,Tide,16,171,0,Alive
2022,6,M. gigas,Middle,BBOC,15-16,Tide,16,172,0,Alive
2022,6,M. gigas,Middle,BBOC,15-16,Tide,16,173,0,Alive
2022,6,M. gigas,Middle,BBOC,15-16,Tide,16,174,0,Alive
2022,6,M. gigas,Middle,BBOC,15-16,Tide,16,175,0,Alive
2022,6,M. gigas,Middle,BBOC,15-16,Tide,16,176,0,Alive
2022,6,M. gigas,Middle,BBOC,15-16,Tide,16,177,0,Alive
2022,6,M. gigas,Middle,BBOC,15-16,Tide,16,178,0,Alive
2022,6,M. gigas,Middle,BBOC,15-16,Tide,16,179,0,Alive
2022,6,M. gigas,Middle,BBOC,15-16,Tide,16,180,0,Alive
2022,6,M. gigas,Middle,BBOC,15-16,Tide,16,181,0,Alive
2022,6,M. gigas,Middle,BBOC,15-16,Tide,16,182,0,Alive
2022,6,M. gigas,Middle,BBOC,15-16,Tide,16,183,0,Alive
2022,6,M. gigas,Middle,BBOC,15-16,Tide,16,184,0,Alive
2022,6,M. gigas,Middle,BBOC,15-16,Tide,16,185,0,Alive
2022,6,M. gigas,Middle,BBOC,15-16,Tide,16,186,0,Alive
2022,6,M. gigas,Middle,BBOC,15-16,Tide,16,187,0,Alive
2022,6,M. gigas,Middle,BBOC,15-16,Tide,16,188,0,Alive
2022,6,M. gigas,Middle,BBOC,15-16,Tide,16,189,0,Alive
2022,6,M. gigas,Middle,BBOC,15-16,Tide,16,190,0,Alive
2022,6,M. gigas,Middle,BBOC,15-16,Tide,16,191,0,Alive
2022,6,M. gigas,Middle,BBOC,15-16,Tide,16,192,0,Alive
2022,6,M. gigas,Middle,BBOC,15-16,Tide,16,193,0,Alive
2022,6,M. gigas,Middle,BBOC,15-16,Tide,16,194,0,Alive
2022,6,M. gigas,Middle,BBOC,15-16,Tide,16,195,0,Alive
2022,6,M. gigas,Middle,BBOC,15-16,Tide,16,196,0,Alive
2022,6,M. gigas,Middle,BBOC,15-16,Tide,16,197,0,Alive
2022,6,M. gigas,Middle,BBOC,15-16,Tide,16,198,0,Alive
2022,6,M. gigas,Middle,BBOC,15-16,Tide,16,199,0,Alive
2022,6,M. gigas,Middle,BBOC,15-16,Tide,16,200,0,Alive
2022,6,M. gigas,Middle,BBOC,15-16,Tide,16,201,0,Alive
2022,6,M. gigas,Middle,BBOC,15-16,Tide,16,202,0,Alive
2022,6,M. gigas,Middle,BBOC,15-16,Tide,16,203,0,Alive
2022,6,M. gigas,Middle,BBOC,15-16,Tide,16,204,0,Alive
2022,6,M. gigas,Middle,BBOC,15-16,Tide,16,205,0,Alive
2022,6,M. gigas,Middle,BBOC,15-16,Tide,16,206,0,Alive
2022,6,M. gigas,Middle,BBOC,15-16,Tide,16,207,0,Alive
2022,6,M. gigas,Middle,BBOC,15-16,Tide,16,208,0,Alive
2022,6,M. gigas,Middle,BBOC,15-16,Tide,16,209,0,Alive
2022,6,M. gigas,Middle,BBOC,15-16,Tide,16,210,0,Alive
2022,6,M. gigas,Middle,BBOC,15-16,Tide,16,211,0,Alive
2022,6,M. gigas,Middle,BBOC,15-16,Tide,16,212,0,Alive
2022,6,M. gigas,Middle,BBOC,15-16,Tide,16,213,0,Alive
2022,6,M. gigas,Middle,BBOC,15-16,Tide,16,214,0,Alive
2022,6,M. gigas,Middle,BBOC,15-16,Tide,16,215,0,Alive
2022,6,M. gigas,Middle,BBOC,15-16,Tide,16,216,0,Alive
2022,6,M. gigas,Middle,BBOC,15-16,Tide,16,217,0,Alive
2022,6,M. gigas,Middle,BBOC,15-16,Tide,16,218,0,Alive
2022,6,M. gigas,Middle,BBOC,15-16,Tide,16,219,0,Alive
2022,6,M. gigas,Middle,BBOC,15-16,Tide,16,220,0,Alive
2022,6,M. gigas,Middle,BBOC,15-16,Tide,16,221,0,Alive
2022,6,M. gigas,Middle,BBOC,15-16,Tide,16,222,0,Alive
2022,6,M. gigas,Middle,BBOC,15-16,Tide,16,223,0,Alive
2022,6,M. gigas,Middle,BBOC,15-16,Tide,16,224,0,Alive
2022,6,M. gigas,Middle,BBOC,15-16,Tide,16,225,0,Alive
2022,6,M. gigas,Middle,BBOC,15-16,Tide,16,226,0,Alive
2022,6,M. gigas,Middle,BBOC,15-16,Tide,16,227,0,Alive
2022,6,M. gigas,Middle,BBOC,15-16,Tide,16,228,0,Alive
2022,6,M. gigas,Middle,BBOC,15-16,Tide,16,229,0,Alive
2022,6,M. gigas,Middle,BBOC,15-16,Tide,16,230,0,Alive
2022,6,M. gigas,Middle,BBOC,15-16,Tide,16,231,0,Alive
2022,6,M. gigas,Middle,BBOC,15-16,Tide,16,232,0,Alive
2022,6,M. gigas,Middle,BBOC,15-16,Tide,16,233,0,Alive
2022,6,M. gigas,Middle,BBOC,15-16,Tide,16,234,0,Alive
2022,6,M. gigas,Middle,BBOC,15-16,Tide,16,235,0,Alive
2022,6,M. gigas,Middle,BBOC,15-16,Tide,16,236,0,Alive
2022,6,M. gigas,Middle,BBOC,15-16,Tide,16,237,0,Alive
2022,6,M. gigas,Middle,BBOC,15-16,Tide,16,238,0,Alive
2022,6,M. gigas,Middle,BBOC,15-16,Tide,16,239,0,Alive
2022,6,M. gigas,Middle,BBOC,15-16,Tide,16,240,0,Alive
2022,6,M. gigas,Middle,BBOC,15-16,Tide,16,241,0,Alive
2022,6,M. gigas,Middle,BBOC,15-16,Tide,16,242,0,Alive
2022,6,M. gigas,Middle,BBOC,15-16,Tide,16,243,0,Alive
2022,6,M. gigas,Middle,BBOC,15-16,Tide,16,244,0,Alive
2022,6,M. gigas,Middle,BBOC,15-16,Tide,16,245,0,Alive
2022,6,M. gigas,Middle,BBOC,15-16,Tide,16,246,0,Alive
2022,6,M. gigas,Middle,BBOC,15-16,Tide,16,247,0,Alive
2022,6,M. gigas,Middle,BBOC,15-16,Tide,16,248,0,Alive
2022,6,M. gigas,Middle,BBOC,15-16,Tide,16,249,0,Alive
2022,6,M. gigas,Middle,BBOC,15-16,Tide,16,250,0,Alive
2022,6,M. gigas,Middle,BBOC,15-16,Tide,17,1,1,Dead
2022,6,M. gigas,Middle,BBOC,15-16,Tide,17,2,1,Dead
2022,6,M. gigas,Middle,BBOC,15-16,Tide,17,3,1,Dead
2022,6,M. gigas,Middle,BBOC,15-16,Tide,17,4,1,Dead
2022,6,M. gigas,Middle,BBOC,15-16,Tide,17,5,1,Dead
2022,6,M. gigas,Middle,BBOC,15-16,Tide,17,6,1,Dead
2022,6,M. gigas,Middle,BBOC,15-16,Tide,17,7,1,Dead
2022,6,M. gigas,Middle,BBOC,15-16,Tide,17,8,1,Dead
2022,6,M. gigas,Middle,BBOC,15-16,Tide,17,9,1,Dead
2022,6,M. gigas,Middle,BBOC,15-16,Tide,17,10,1,Dead
2022,6,M. gigas,Middle,BBOC,15-16,Tide,17,11,1,Dead
2022,6,M. gigas,Middle,BBOC,15-16,Tide,17,12,1,Dead
2022,6,M. gigas,Middle,BBOC,15-16,Tide,17,13,1,Dead
2022,6,M. gigas,Middle,BBOC,15-16,Tide,17,14,1,Dead
2022,6,M. gigas,Middle,BBOC,15-16,Tide,17,15,1,Dead
2022,6,M. gigas,Middle,BBOC,15-16,Tide,17,16,1,Dead
2022,6,M. gigas,Middle,BBOC,15-16,Tide,17,17,0,Alive
2022,6,M. gigas,Middle,BBOC,15-16,Tide,17,18,0,Alive
2022,6,M. gigas,Middle,BBOC,15-16,Tide,17,19,0,Alive
2022,6,M. gigas,Middle,BBOC,15-16,Tide,17,20,0,Alive
2022,6,M. gigas,Middle,BBOC,15-16,Tide,17,21,0,Alive
2022,6,M. gigas,Middle,BBOC,15-16,Tide,17,22,0,Alive
2022,6,M. gigas,Middle,BBOC,15-16,Tide,17,23,0,Alive
2022,6,M. gigas,Middle,BBOC,15-16,Tide,17,24,0,Alive
2022,6,M. gigas,Middle,BBOC,15-16,Tide,17,25,0,Alive
2022,6,M. gigas,Middle,BBOC,15-16,Tide,17,26,0,Alive
2022,6,M. gigas,Middle,BBOC,15-16,Tide,17,27,0,Alive
2022,6,M. gigas,Middle,BBOC,15-16,Tide,17,28,0,Alive
2022,6,M. gigas,Middle,BBOC,15-16,Tide,17,29,0,Alive
2022,6,M. gigas,Middle,BBOC,15-16,Tide,17,30,0,Alive
2022,6,M. gigas,Middle,BBOC,15-16,Tide,17,31,0,Alive
2022,6,M. gigas,Middle,BBOC,15-16,Tide,17,32,0,Alive
2022,6,M. gigas,Middle,BBOC,15-16,Tide,17,33,0,Alive
2022,6,M. gigas,Middle,BBOC,15-16,Tide,17,34,0,Alive
2022,6,M. gigas,Middle,BBOC,15-16,Tide,17,35,0,Alive
2022,6,M. gigas,Middle,BBOC,15-16,Tide,17,36,0,Alive
2022,6,M. gigas,Middle,BBOC,15-16,Tide,17,37,0,Alive
2022,6,M. gigas,Middle,BBOC,15-16,Tide,17,38,0,Alive
2022,6,M. gigas,Middle,BBOC,15-16,Tide,17,39,0,Alive
2022,6,M. gigas,Middle,BBOC,15-16,Tide,17,40,0,Alive
2022,6,M. gigas,Middle,BBOC,15-16,Tide,17,41,0,Alive
2022,6,M. gigas,Middle,BBOC,15-16,Tide,17,42,0,Alive
2022,6,M. gigas,Middle,BBOC,15-16,Tide,17,43,0,Alive
2022,6,M. gigas,Middle,BBOC,15-16,Tide,17,44,0,Alive
2022,6,M. gigas,Middle,BBOC,15-16,Tide,17,45,0,Alive
2022,6,M. gigas,Middle,BBOC,15-16,Tide,17,46,0,Alive
2022,6,M. gigas,Middle,BBOC,15-16,Tide,17,47,0,Alive
2022,6,M. gigas,Middle,BBOC,15-16,Tide,17,48,0,Alive
2022,6,M. gigas,Middle,BBOC,15-16,Tide,17,49,0,Alive
2022,6,M. gigas,Middle,BBOC,15-16,Tide,17,50,0,Alive
2022,6,M. gigas,Middle,BBOC,15-16,Tide,17,51,0,Alive
2022,6,M. gigas,Middle,BBOC,15-16,Tide,17,52,0,Alive
2022,6,M. gigas,Middle,BBOC,15-16,Tide,17,53,0,Alive
2022,6,M. gigas,Middle,BBOC,15-16,Tide,17,54,0,Alive
2022,6,M. gigas,Middle,BBOC,15-16,Tide,17,55,0,Alive
2022,6,M. gigas,Middle,BBOC,15-16,Tide,17,56,0,Alive
2022,6,M. gigas,Middle,BBOC,15-16,Tide,17,57,0,Alive
2022,6,M. gigas,Middle,BBOC,15-16,Tide,17,58,0,Alive
2022,6,M. gigas,Middle,BBOC,15-16,Tide,17,59,0,Alive
2022,6,M. gigas,Middle,BBOC,15-16,Tide,17,60,0,Alive
2022,6,M. gigas,Middle,BBOC,15-16,Tide,17,61,0,Alive
2022,6,M. gigas,Middle,BBOC,15-16,Tide,17,62,0,Alive
2022,6,M. gigas,Middle,BBOC,15-16,Tide,17,63,0,Alive
2022,6,M. gigas,Middle,BBOC,15-16,Tide,17,64,0,Alive
2022,6,M. gigas,Middle,BBOC,15-16,Tide,17,65,0,Alive
2022,6,M. gigas,Middle,BBOC,15-16,Tide,17,66,0,Alive
2022,6,M. gigas,Middle,BBOC,15-16,Tide,17,67,0,Alive
2022,6,M. gigas,Middle,BBOC,15-16,Tide,17,68,0,Alive
2022,6,M. gigas,Middle,BBOC,15-16,Tide,17,69,0,Alive
2022,6,M. gigas,Middle,BBOC,15-16,Tide,17,70,0,Alive
2022,6,M. gigas,Middle,BBOC,15-16,Tide,17,71,0,Alive
2022,6,M. gigas,Middle,BBOC,15-16,Tide,17,72,0,Alive
2022,6,M. gigas,Middle,BBOC,15-16,Tide,17,73,0,Alive
2022,6,M. gigas,Middle,BBOC,15-16,Tide,17,74,0,Alive
2022,6,M. gigas,Middle,BBOC,15-16,Tide,17,75,0,Alive
2022,6,M. gigas,Middle,BBOC,15-16,Tide,17,76,0,Alive
2022,6,M. gigas,Middle,BBOC,15-16,Tide,17,77,0,Alive
2022,6,M. gigas,Middle,BBOC,15-16,Tide,17,78,0,Alive
2022,6,M. gigas,Middle,BBOC,15-16,Tide,17,79,0,Alive
2022,6,M. gigas,Middle,BBOC,15-16,Tide,17,80,0,Alive
2022,6,M. gigas,Middle,BBOC,15-16,Tide,17,81,0,Alive
2022,6,M. gigas,Middle,BBOC,15-16,Tide,17,82,0,Alive
2022,6,M. gigas,Middle,BBOC,15-16,Tide,17,83,0,Alive
2022,6,M. gigas,Middle,BBOC,15-16,Tide,17,84,0,Alive
2022,6,M. gigas,Middle,BBOC,15-16,Tide,17,85,0,Alive
2022,6,M. gigas,Middle,BBOC,15-16,Tide,17,86,0,Alive
2022,6,M. gigas,Middle,BBOC,15-16,Tide,17,87,0,Alive
2022,6,M. gigas,Middle,BBOC,15-16,Tide,17,88,0,Alive
2022,6,M. gigas,Middle,BBOC,15-16,Tide,17,89,0,Alive
2022,6,M. gigas,Middle,BBOC,15-16,Tide,17,90,0,Alive
2022,6,M. gigas,Middle,BBOC,15-16,Tide,17,91,0,Alive
2022,6,M. gigas,Middle,BBOC,15-16,Tide,17,92,0,Alive
2022,6,M. gigas,Middle,BBOC,15-16,Tide,17,93,0,Alive
2022,6,M. gigas,Middle,BBOC,15-16,Tide,17,94,0,Alive
2022,6,M. gigas,Middle,BBOC,15-16,Tide,17,95,0,Alive
2022,6,M. gigas,Middle,BBOC,15-16,Tide,17,96,0,Alive
2022,6,M. gigas,Middle,BBOC,15-16,Tide,17,97,0,Alive
2022,6,M. gigas,Middle,BBOC,15-16,Tide,17,98,0,Alive
2022,6,M. gigas,Middle,BBOC,15-16,Tide,17,99,0,Alive
2022,6,M. gigas,Middle,BBOC,15-16,Tide,17,100,0,Alive
2022,6,M. gigas,Middle,BBOC,15-16,Tide,17,101,0,Alive
2022,6,M. gigas,Middle,BBOC,15-16,Tide,17,102,0,Alive
2022,6,M. gigas,Middle,BBOC,15-16,Tide,17,103,0,Alive
2022,6,M. gigas,Middle,BBOC,15-16,Tide,17,104,0,Alive
2022,6,M. gigas,Middle,BBOC,15-16,Tide,17,105,0,Alive
2022,6,M. gigas,Middle,BBOC,15-16,Tide,17,106,0,Alive
2022,6,M. gigas,Middle,BBOC,15-16,Tide,17,107,0,Alive
2022,6,M. gigas,Middle,BBOC,15-16,Tide,17,108,0,Alive
2022,6,M. gigas,Middle,BBOC,15-16,Tide,17,109,0,Alive
2022,6,M. gigas,Middle,BBOC,15-16,Tide,17,110,0,Alive
2022,6,M. gigas,Middle,BBOC,15-16,Tide,17,111,0,Alive
2022,6,M. gigas,Middle,BBOC,15-16,Tide,17,112,0,Alive
2022,6,M. gigas,Middle,BBOC,15-16,Tide,17,113,0,Alive
2022,6,M. gigas,Middle,BBOC,15-16,Tide,17,114,0,Alive
2022,6,M. gigas,Middle,BBOC,15-16,Tide,17,115,0,Alive
2022,6,M. gigas,Middle,BBOC,15-16,Tide,17,116,0,Alive
2022,6,M. gigas,Middle,BBOC,15-16,Tide,17,117,0,Alive
2022,6,M. gigas,Middle,BBOC,15-16,Tide,17,118,0,Alive
2022,6,M. gigas,Middle,BBOC,15-16,Tide,17,119,0,Alive
2022,6,M. gigas,Middle,BBOC,15-16,Tide,17,120,0,Alive
2022,6,M. gigas,Middle,BBOC,15-16,Tide,17,121,0,Alive
2022,6,M. gigas,Middle,BBOC,15-16,Tide,17,122,0,Alive
2022,6,M. gigas,Middle,BBOC,15-16,Tide,17,123,0,Alive
2022,6,M. gigas,Middle,BBOC,15-16,Tide,17,124,0,Alive
2022,6,M. gigas,Middle,BBOC,15-16,Tide,17,125,0,Alive
2022,6,M. gigas,Middle,BBOC,15-16,Tide,17,126,0,Alive
2022,6,M. gigas,Middle,BBOC,15-16,Tide,17,127,0,Alive
2022,6,M. gigas,Middle,BBOC,15-16,Tide,17,128,0,Alive
2022,6,M. gigas,Middle,BBOC,15-16,Tide,17,129,0,Alive
2022,6,M. gigas,Middle,BBOC,15-16,Tide,17,130,0,Alive
2022,6,M. gigas,Middle,BBOC,15-16,Tide,17,131,0,Alive
2022,6,M. gigas,Middle,BBOC,15-16,Tide,17,132,0,Alive
2022,6,M. gigas,Middle,BBOC,15-16,Tide,17,133,0,Alive
2022,6,M. gigas,Middle,BBOC,15-16,Tide,17,134,0,Alive
2022,6,M. gigas,Middle,BBOC,15-16,Tide,17,135,0,Alive
2022,6,M. gigas,Middle,BBOC,15-16,Tide,17,136,0,Alive
2022,6,M. gigas,Middle,BBOC,15-16,Tide,17,137,0,Alive
2022,6,M. gigas,Middle,BBOC,15-16,Tide,17,138,0,Alive
2022,6,M. gigas,Middle,BBOC,15-16,Tide,17,139,0,Alive
2022,6,M. gigas,Middle,BBOC,15-16,Tide,17,140,0,Alive
2022,6,M. gigas,Middle,BBOC,15-16,Tide,17,141,0,Alive
2022,6,M. gigas,Middle,BBOC,15-16,Tide,17,142,0,Alive
2022,6,M. gigas,Middle,BBOC,15-16,Tide,17,143,0,Alive
2022,6,M. gigas,Middle,BBOC,15-16,Tide,17,144,0,Alive
2022,6,M. gigas,Middle,BBOC,15-16,Tide,17,145,0,Alive
2022,6,M. gigas,Middle,BBOC,15-16,Tide,17,146,0,Alive
2022,6,M. gigas,Middle,BBOC,15-16,Tide,17,147,0,Alive
2022,6,M. gigas,Middle,BBOC,15-16,Tide,17,148,0,Alive
2022,6,M. gigas,Middle,BBOC,15-16,Tide,17,149,0,Alive
2022,6,M. gigas,Middle,BBOC,15-16,Tide,17,150,0,Alive
2022,6,M. gigas,Middle,BBOC,15-16,Tide,17,151,0,Alive
2022,6,M. gigas,Middle,BBOC,15-16,Tide,17,152,0,Alive
2022,6,M. gigas,Middle,BBOC,15-16,Tide,17,153,0,Alive
2022,6,M. gigas,Middle,BBOC,15-16,Tide,17,154,0,Alive
2022,6,M. gigas,Middle,BBOC,15-16,Tide,17,155,0,Alive
2022,6,M. gigas,Middle,BBOC,15-16,Tide,17,156,0,Alive
2022,6,M. gigas,Middle,BBOC,15-16,Tide,17,157,0,Alive
2022,6,M. gigas,Middle,BBOC,15-16,Tide,17,158,0,Alive
2022,6,M. gigas,Middle,BBOC,15-16,Tide,17,159,0,Alive
2022,6,M. gigas,Middle,BBOC,15-16,Tide,17,160,0,Alive
2022,6,M. gigas,Middle,BBOC,15-16,Tide,17,161,0,Alive
2022,6,M. gigas,Middle,BBOC,15-16,Tide,17,162,0,Alive
2022,6,M. gigas,Middle,BBOC,15-16,Tide,17,163,0,Alive
2022,6,M. gigas,Middle,BBOC,15-16,Tide,17,164,0,Alive
2022,6,M. gigas,Middle,BBOC,15-16,Tide,17,165,0,Alive
2022,6,M. gigas,Middle,BBOC,15-16,Tide,17,166,0,Alive
2022,6,M. gigas,Middle,BBOC,15-16,Tide,17,167,0,Alive
2022,6,M. gigas,Middle,BBOC,15-16,Tide,17,168,0,Alive
2022,6,M. gigas,Middle,BBOC,15-16,Tide,17,169,0,Alive
2022,6,M. gigas,Middle,BBOC,15-16,Tide,17,170,0,Alive
2022,6,M. gigas,Middle,BBOC,15-16,Tide,17,171,0,Alive
2022,6,M. gigas,Middle,BBOC,15-16,Tide,17,172,0,Alive
2022,6,M. gigas,Middle,BBOC,15-16,Tide,17,173,0,Alive
2022,6,M. gigas,Middle,BBOC,15-16,Tide,17,174,0,Alive
2022,6,M. gigas,Middle,BBOC,15-16,Tide,17,175,0,Alive
2022,6,M. gigas,Middle,BBOC,15-16,Tide,17,176,0,Alive
2022,6,M. gigas,Middle,BBOC,15-16,Tide,17,177,0,Alive
2022,6,M. gigas,Middle,BBOC,15-16,Tide,17,178,0,Alive
2022,6,M. gigas,Middle,BBOC,15-16,Tide,17,179,0,Alive
2022,6,M. gigas,Middle,BBOC,15-16,Tide,17,180,0,Alive
2022,6,M. gigas,Middle,BBOC,15-16,Tide,17,181,0,Alive
2022,6,M. gigas,Middle,BBOC,15-16,Tide,17,182,0,Alive
2022,6,M. gigas,Middle,BBOC,15-16,Tide,17,183,0,Alive
2022,6,M. gigas,Middle,BBOC,15-16,Tide,17,184,0,Alive
2022,6,M. gigas,Middle,BBOC,15-16,Tide,17,185,0,Alive
2022,6,M. gigas,Middle,BBOC,15-16,Tide,17,186,0,Alive
2022,6,M. gigas,Middle,BBOC,15-16,Tide,17,187,0,Alive
2022,6,M. gigas,Middle,BBOC,15-16,Tide,17,188,0,Alive
2022,6,M. gigas,Middle,BBOC,15-16,Tide,17,189,0,Alive
2022,6,M. gigas,Middle,BBOC,15-16,Tide,17,190,0,Alive
2022,6,M. gigas,Middle,BBOC,15-16,Tide,17,191,0,Alive
2022,6,M. gigas,Middle,BBOC,15-16,Tide,17,192,0,Alive
2022,6,M. gigas,Middle,BBOC,15-16,Tide,17,193,0,Alive
2022,6,M. gigas,Middle,BBOC,15-16,Tide,17,194,0,Alive
2022,6,M. gigas,Middle,BBOC,15-16,Tide,17,195,0,Alive
2022,6,M. gigas,Middle,BBOC,15-16,Tide,17,196,0,Alive
2022,6,M. gigas,Middle,BBOC,15-16,Tide,17,197,0,Alive
2022,6,M. gigas,Middle,BBOC,15-16,Tide,17,198,0,Alive
2022,6,M. gigas,Middle,BBOC,15-16,Tide,17,199,0,Alive
2022,6,M. gigas,Middle,BBOC,15-16,Tide,17,200,0,Alive
2022,6,M. gigas,Middle,BBOC,15-16,Tide,17,201,0,Alive
2022,6,M. gigas,Middle,BBOC,15-16,Tide,17,202,0,Alive
2022,6,M. gigas,Middle,BBOC,15-16,Tide,17,203,0,Alive
2022,6,M. gigas,Middle,BBOC,15-16,Tide,17,204,0,Alive
2022,6,M. gigas,Middle,BBOC,15-16,Tide,17,205,0,Alive
2022,6,M. gigas,Middle,BBOC,15-16,Tide,17,206,0,Alive
2022,6,M. gigas,Middle,BBOC,15-16,Tide,17,207,0,Alive
2022,6,M. gigas,Middle,BBOC,15-16,Tide,17,208,0,Alive
2022,6,M. gigas,Middle,BBOC,15-16,Tide,17,209,0,Alive
2022,6,M. gigas,Middle,BBOC,15-16,Tide,17,210,0,Alive
2022,6,M. gigas,Middle,BBOC,15-16,Tide,17,211,0,Alive
2022,6,M. gigas,Middle,BBOC,15-16,Tide,17,212,0,Alive
2022,6,M. gigas,Middle,BBOC,15-16,Tide,17,213,0,Alive
2022,6,M. gigas,Middle,BBOC,15-16,Tide,17,214,0,Alive
2022,6,M. gigas,Middle,BBOC,15-16,Tide,17,215,0,Alive
2022,6,M. gigas,Middle,BBOC,15-16,Tide,17,216,0,Alive
2022,6,M. gigas,Middle,BBOC,15-16,Tide,17,217,0,Alive
2022,6,M. gigas,Middle,BBOC,15-16,Tide,17,218,0,Alive
2022,6,M. gigas,Middle,BBOC,15-16,Tide,17,219,0,Alive
2022,6,M. gigas,Middle,BBOC,15-16,Tide,17,220,0,Alive
2022,6,M. gigas,Middle,BBOC,15-16,Tide,17,221,0,Alive
2022,6,M. gigas,Middle,BBOC,15-16,Tide,17,222,0,Alive
2022,6,M. gigas,Middle,BBOC,15-16,Tide,17,223,0,Alive
2022,6,M. gigas,Middle,BBOC,15-16,Tide,17,224,0,Alive
2022,6,M. gigas,Middle,BBOC,15-16,Tide,17,225,0,Alive
2022,6,M. gigas,Middle,BBOC,15-16,Tide,17,226,0,Alive
2022,6,M. gigas,Middle,BBOC,15-16,Tide,17,227,0,Alive
2022,6,M. gigas,Middle,BBOC,15-16,Tide,17,228,0,Alive
2022,6,M. gigas,Middle,BBOC,15-16,Tide,17,229,0,Alive
2022,6,M. gigas,Middle,BBOC,15-16,Tide,17,230,0,Alive
2022,6,M. gigas,Middle,BBOC,15-16,Tide,17,231,0,Alive
2022,6,M. gigas,Middle,BBOC,15-16,Tide,17,232,0,Alive
2022,6,M. gigas,Middle,BBOC,15-16,Tide,17,233,0,Alive
2022,6,M. gigas,Middle,BBOC,15-16,Tide,17,234,0,Alive
2022,6,M. gigas,Middle,BBOC,15-16,Tide,17,235,0,Alive
2022,6,M. gigas,Middle,BBOC,15-16,Tide,17,236,0,Alive
2022,6,M. gigas,Middle,BBOC,15-16,Tide,17,237,0,Alive
2022,6,M. gigas,Middle,BBOC,15-16,Tide,17,238,0,Alive
2022,6,M. gigas,Middle,BBOC,15-16,Tide,17,239,0,Alive
2022,6,M. gigas,Middle,BBOC,15-16,Tide,17,240,0,Alive
2022,6,M. gigas,Middle,BBOC,15-16,Tide,17,241,0,Alive
2022,6,M. gigas,Middle,BBOC,15-16,Tide,17,242,0,Alive
2022,6,M. gigas,Middle,BBOC,15-16,Tide,17,243,0,Alive
2022,6,M. gigas,Middle,BBOC,15-16,Tide,17,244,0,Alive
2022,6,M. gigas,Middle,BBOC,15-16,Tide,17,245,0,Alive
2022,6,M. gigas,Middle,BBOC,15-16,Tide,17,246,0,Alive
2022,6,M. gigas,Middle,BBOC,15-16,Tide,17,247,0,Alive
2022,6,M. gigas,Middle,BBOC,15-16,Tide,17,248,0,Alive
2022,6,M. gigas,Middle,BBOC,15-16,Tide,17,249,0,Alive
2022,6,M. gigas,Middle,BBOC,15-16,Tide,17,250,0,Alive
2022,6,M. gigas,Middle,BBOC,15-16,Tide,18,1,1,Dead
2022,6,M. gigas,Middle,BBOC,15-16,Tide,18,2,1,Dead
2022,6,M. gigas,Middle,BBOC,15-16,Tide,18,3,1,Dead
2022,6,M. gigas,Middle,BBOC,15-16,Tide,18,4,1,Dead
2022,6,M. gigas,Middle,BBOC,15-16,Tide,18,5,1,Dead
2022,6,M. gigas,Middle,BBOC,15-16,Tide,18,6,1,Dead
2022,6,M. gigas,Middle,BBOC,15-16,Tide,18,7,1,Dead
2022,6,M. gigas,Middle,BBOC,15-16,Tide,18,8,1,Dead
2022,6,M. gigas,Middle,BBOC,15-16,Tide,18,9,1,Dead
2022,6,M. gigas,Middle,BBOC,15-16,Tide,18,10,1,Dead
2022,6,M. gigas,Middle,BBOC,15-16,Tide,18,11,1,Dead
2022,6,M. gigas,Middle,BBOC,15-16,Tide,18,12,1,Dead
2022,6,M. gigas,Middle,BBOC,15-16,Tide,18,13,1,Dead
2022,6,M. gigas,Middle,BBOC,15-16,Tide,18,14,1,Dead
2022,6,M. gigas,Middle,BBOC,15-16,Tide,18,15,1,Dead
2022,6,M. gigas,Middle,BBOC,15-16,Tide,18,16,1,Dead
2022,6,M. gigas,Middle,BBOC,15-16,Tide,18,17,1,Dead
2022,6,M. gigas,Middle,BBOC,15-16,Tide,18,18,1,Dead
2022,6,M. gigas,Middle,BBOC,15-16,Tide,18,19,1,Dead
2022,6,M. gigas,Middle,BBOC,15-16,Tide,18,20,1,Dead
2022,6,M. gigas,Middle,BBOC,15-16,Tide,18,21,1,Dead
2022,6,M. gigas,Middle,BBOC,15-16,Tide,18,22,1,Dead
2022,6,M. gigas,Middle,BBOC,15-16,Tide,18,23,1,Dead
2022,6,M. gigas,Middle,BBOC,15-16,Tide,18,24,1,Dead
2022,6,M. gigas,Middle,BBOC,15-16,Tide,18,25,1,Dead
2022,6,M. gigas,Middle,BBOC,15-16,Tide,18,26,1,Dead
2022,6,M. gigas,Middle,BBOC,15-16,Tide,18,27,1,Dead
2022,6,M. gigas,Middle,BBOC,15-16,Tide,18,28,1,Dead
2022,6,M. gigas,Middle,BBOC,15-16,Tide,18,29,1,Dead
2022,6,M. gigas,Middle,BBOC,15-16,Tide,18,30,1,Dead
2022,6,M. gigas,Middle,BBOC,15-16,Tide,18,31,1,Dead
2022,6,M. gigas,Middle,BBOC,15-16,Tide,18,32,1,Dead
2022,6,M. gigas,Middle,BBOC,15-16,Tide,18,33,1,Dead
2022,6,M. gigas,Middle,BBOC,15-16,Tide,18,34,1,Dead
2022,6,M. gigas,Middle,BBOC,15-16,Tide,18,35,1,Dead
2022,6,M. gigas,Middle,BBOC,15-16,Tide,18,36,1,Dead
2022,6,M. gigas,Middle,BBOC,15-16,Tide,18,37,1,Dead
2022,6,M. gigas,Middle,BBOC,15-16,Tide,18,38,1,Dead
2022,6,M. gigas,Middle,BBOC,15-16,Tide,18,39,1,Dead
2022,6,M. gigas,Middle,BBOC,15-16,Tide,18,40,1,Dead
2022,6,M. gigas,Middle,BBOC,15-16,Tide,18,41,1,Dead
2022,6,M. gigas,Middle,BBOC,15-16,Tide,18,42,1,Dead
2022,6,M. gigas,Middle,BBOC,15-16,Tide,18,43,1,Dead
2022,6,M. gigas,Middle,BBOC,15-16,Tide,18,44,1,Dead
2022,6,M. gigas,Middle,BBOC,15-16,Tide,18,45,1,Dead
2022,6,M. gigas,Middle,BBOC,15-16,Tide,18,46,1,Dead
2022,6,M. gigas,Middle,BBOC,15-16,Tide,18,47,1,Dead
2022,6,M. gigas,Middle,BBOC,15-16,Tide,18,48,1,Dead
2022,6,M. gigas,Middle,BBOC,15-16,Tide,18,49,1,Dead
2022,6,M. gigas,Middle,BBOC,15-16,Tide,18,50,1,Dead
2022,6,M. gigas,Middle,BBOC,15-16,Tide,18,51,1,Dead
2022,6,M. gigas,Middle,BBOC,15-16,Tide,18,52,1,Dead
2022,6,M. gigas,Middle,BBOC,15-16,Tide,18,53,1,Dead
2022,6,M. gigas,Middle,BBOC,15-16,Tide,18,54,1,Dead
2022,6,M. gigas,Middle,BBOC,15-16,Tide,18,55,1,Dead
2022,6,M. gigas,Middle,BBOC,15-16,Tide,18,56,1,Dead
2022,6,M. gigas,Middle,BBOC,15-16,Tide,18,57,1,Dead
2022,6,M. gigas,Middle,BBOC,15-16,Tide,18,58,1,Dead
2022,6,M. gigas,Middle,BBOC,15-16,Tide,18,59,1,Dead
2022,6,M. gigas,Middle,BBOC,15-16,Tide,18,60,1,Dead
2022,6,M. gigas,Middle,BBOC,15-16,Tide,18,61,1,Dead
2022,6,M. gigas,Middle,BBOC,15-16,Tide,18,62,1,Dead
2022,6,M. gigas,Middle,BBOC,15-16,Tide,18,63,1,Dead
2022,6,M. gigas,Middle,BBOC,15-16,Tide,18,64,1,Dead
2022,6,M. gigas,Middle,BBOC,15-16,Tide,18,65,1,Dead
2022,6,M. gigas,Middle,BBOC,15-16,Tide,18,66,1,Dead
2022,6,M. gigas,Middle,BBOC,15-16,Tide,18,67,1,Dead
2022,6,M. gigas,Middle,BBOC,15-16,Tide,18,68,1,Dead
2022,6,M. gigas,Middle,BBOC,15-16,Tide,18,69,1,Dead
2022,6,M. gigas,Middle,BBOC,15-16,Tide,18,70,1,Dead
2022,6,M. gigas,Middle,BBOC,15-16,Tide,18,71,1,Dead
2022,6,M. gigas,Middle,BBOC,15-16,Tide,18,72,1,Dead
2022,6,M. gigas,Middle,BBOC,15-16,Tide,18,73,1,Dead
2022,6,M. gigas,Middle,BBOC,15-16,Tide,18,74,1,Dead
2022,6,M. gigas,Middle,BBOC,15-16,Tide,18,75,1,Dead
2022,6,M. gigas,Middle,BBOC,15-16,Tide,18,76,1,Dead
2022,6,M. gigas,Middle,BBOC,15-16,Tide,18,77,1,Dead
2022,6,M. gigas,Middle,BBOC,15-16,Tide,18,78,1,Dead
2022,6,M. gigas,Middle,BBOC,15-16,Tide,18,79,1,Dead
2022,6,M. gigas,Middle,BBOC,15-16,Tide,18,80,1,Dead
2022,6,M. gigas,Middle,BBOC,15-16,Tide,18,81,1,Dead
2022,6,M. gigas,Middle,BBOC,15-16,Tide,18,82,1,Dead
2022,6,M. gigas,Middle,BBOC,15-16,Tide,18,83,1,Dead
2022,6,M. gigas,Middle,BBOC,15-16,Tide,18,84,1,Dead
2022,6,M. gigas,Middle,BBOC,15-16,Tide,18,85,1,Dead
2022,6,M. gigas,Middle,BBOC,15-16,Tide,18,86,1,Dead
2022,6,M. gigas,Middle,BBOC,15-16,Tide,18,87,1,Dead
2022,6,M. gigas,Middle,BBOC,15-16,Tide,18,88,1,Dead
2022,6,M. gigas,Middle,BBOC,15-16,Tide,18,89,1,Dead
2022,6,M. gigas,Middle,BBOC,15-16,Tide,18,90,1,Dead
2022,6,M. gigas,Middle,BBOC,15-16,Tide,18,91,1,Dead
2022,6,M. gigas,Middle,BBOC,15-16,Tide,18,92,1,Dead
2022,6,M. gigas,Middle,BBOC,15-16,Tide,18,93,1,Dead
2022,6,M. gigas,Middle,BBOC,15-16,Tide,18,94,1,Dead
2022,6,M. gigas,Middle,BBOC,15-16,Tide,18,95,1,Dead
2022,6,M. gigas,Middle,BBOC,15-16,Tide,18,96,1,Dead
2022,6,M. gigas,Middle,BBOC,15-16,Tide,18,97,1,Dead
2022,6,M. gigas,Middle,BBOC,15-16,Tide,18,98,1,Dead
2022,6,M. gigas,Middle,BBOC,15-16,Tide,18,99,1,Dead
2022,6,M. gigas,Middle,BBOC,15-16,Tide,18,100,1,Dead
2022,6,M. gigas,Middle,BBOC,15-16,Tide,18,101,1,Dead
2022,6,M. gigas,Middle,BBOC,15-16,Tide,18,102,1,Dead
2022,6,M. gigas,Middle,BBOC,15-16,Tide,18,103,1,Dead
2022,6,M. gigas,Middle,BBOC,15-16,Tide,18,104,1,Dead
2022,6,M. gigas,Middle,BBOC,15-16,Tide,18,105,1,Dead
2022,6,M. gigas,Middle,BBOC,15-16,Tide,18,106,1,Dead
2022,6,M. gigas,Middle,BBOC,15-16,Tide,18,107,1,Dead
2022,6,M. gigas,Middle,BBOC,15-16,Tide,18,108,1,Dead
2022,6,M. gigas,Middle,BBOC,15-16,Tide,18,109,1,Dead
2022,6,M. gigas,Middle,BBOC,15-16,Tide,18,110,1,Dead
2022,6,M. gigas,Middle,BBOC,15-16,Tide,18,111,1,Dead
2022,6,M. gigas,Middle,BBOC,15-16,Tide,18,112,1,Dead
2022,6,M. gigas,Middle,BBOC,15-16,Tide,18,113,1,Dead
2022,6,M. gigas,Middle,BBOC,15-16,Tide,18,114,1,Dead
2022,6,M. gigas,Middle,BBOC,15-16,Tide,18,115,1,Dead
2022,6,M. gigas,Middle,BBOC,15-16,Tide,18,116,1,Dead
2022,6,M. gigas,Middle,BBOC,15-16,Tide,18,117,1,Dead
2022,6,M. gigas,Middle,BBOC,15-16,Tide,18,118,1,Dead
2022,6,M. gigas,Middle,BBOC,15-16,Tide,18,119,1,Dead
2022,6,M. gigas,Middle,BBOC,15-16,Tide,18,120,1,Dead
2022,6,M. gigas,Middle,BBOC,15-16,Tide,18,121,1,Dead
2022,6,M. gigas,Middle,BBOC,15-16,Tide,18,122,1,Dead
2022,6,M. gigas,Middle,BBOC,15-16,Tide,18,123,1,Dead
2022,6,M. gigas,Middle,BBOC,15-16,Tide,18,124,1,Dead
2022,6,M. gigas,Middle,BBOC,15-16,Tide,18,125,1,Dead
2022,6,M. gigas,Middle,BBOC,15-16,Tide,18,126,1,Dead
2022,6,M. gigas,Middle,BBOC,15-16,Tide,18,127,1,Dead
2022,6,M. gigas,Middle,BBOC,15-16,Tide,18,128,1,Dead
2022,6,M. gigas,Middle,BBOC,15-16,Tide,18,129,1,Dead
2022,6,M. gigas,Middle,BBOC,15-16,Tide,18,130,1,Dead
2022,6,M. gigas,Middle,BBOC,15-16,Tide,18,131,1,Dead
2022,6,M. gigas,Middle,BBOC,15-16,Tide,18,132,1,Dead
2022,6,M. gigas,Middle,BBOC,15-16,Tide,18,133,0,Alive
2022,6,M. gigas,Middle,BBOC,15-16,Tide,18,134,0,Alive
2022,6,M. gigas,Middle,BBOC,15-16,Tide,18,135,0,Alive
2022,6,M. gigas,Middle,BBOC,15-16,Tide,18,136,0,Alive
2022,6,M. gigas,Middle,BBOC,15-16,Tide,18,137,0,Alive
2022,6,M. gigas,Middle,BBOC,15-16,Tide,18,138,0,Alive
2022,6,M. gigas,Middle,BBOC,15-16,Tide,18,139,0,Alive
2022,6,M. gigas,Middle,BBOC,15-16,Tide,18,140,0,Alive
2022,6,M. gigas,Middle,BBOC,15-16,Tide,18,141,0,Alive
2022,6,M. gigas,Middle,BBOC,15-16,Tide,18,142,0,Alive
2022,6,M. gigas,Middle,BBOC,15-16,Tide,18,143,0,Alive
2022,6,M. gigas,Middle,BBOC,15-16,Tide,18,144,0,Alive
2022,6,M. gigas,Middle,BBOC,15-16,Tide,18,145,0,Alive
2022,6,M. gigas,Middle,BBOC,15-16,Tide,18,146,0,Alive
2022,6,M. gigas,Middle,BBOC,15-16,Tide,18,147,0,Alive
2022,6,M. gigas,Middle,BBOC,15-16,Tide,18,148,0,Alive
2022,6,M. gigas,Middle,BBOC,15-16,Tide,18,149,0,Alive
2022,6,M. gigas,Middle,BBOC,15-16,Tide,18,150,0,Alive
2022,6,M. gigas,Middle,BBOC,15-16,Tide,18,151,0,Alive
2022,6,M. gigas,Middle,BBOC,15-16,Tide,18,152,0,Alive
2022,6,M. gigas,Middle,BBOC,15-16,Tide,18,153,0,Alive
2022,6,M. gigas,Middle,BBOC,15-16,Tide,18,154,0,Alive
2022,6,M. gigas,Middle,BBOC,15-16,Tide,18,155,0,Alive
2022,6,M. gigas,Middle,BBOC,15-16,Tide,18,156,0,Alive
2022,6,M. gigas,Middle,BBOC,15-16,Tide,18,157,0,Alive
2022,6,M. gigas,Middle,BBOC,15-16,Tide,18,158,0,Alive
2022,6,M. gigas,Middle,BBOC,15-16,Tide,18,159,0,Alive
2022,6,M. gigas,Middle,BBOC,15-16,Tide,18,160,0,Alive
2022,6,M. gigas,Middle,BBOC,15-16,Tide,18,161,0,Alive
2022,6,M. gigas,Middle,BBOC,15-16,Tide,18,162,0,Alive
2022,6,M. gigas,Middle,BBOC,15-16,Tide,18,163,0,Alive
2022,6,M. gigas,Middle,BBOC,15-16,Tide,18,164,0,Alive
2022,6,M. gigas,Middle,BBOC,15-16,Tide,18,165,0,Alive
2022,6,M. gigas,Middle,BBOC,15-16,Tide,18,166,0,Alive
2022,6,M. gigas,Middle,BBOC,15-16,Tide,18,167,0,Alive
2022,6,M. gigas,Middle,BBOC,15-16,Tide,18,168,0,Alive
2022,6,M. gigas,Middle,BBOC,15-16,Tide,18,169,0,Alive
2022,6,M. gigas,Middle,BBOC,15-16,Tide,18,170,0,Alive
2022,6,M. gigas,Middle,BBOC,15-16,Tide,18,171,0,Alive
2022,6,M. gigas,Middle,BBOC,15-16,Tide,18,172,0,Alive
2022,6,M. gigas,Middle,BBOC,15-16,Tide,18,173,0,Alive
2022,6,M. gigas,Middle,BBOC,15-16,Tide,18,174,0,Alive
2022,6,M. gigas,Middle,BBOC,15-16,Tide,18,175,0,Alive
2022,6,M. gigas,Middle,BBOC,15-16,Tide,18,176,0,Alive
2022,6,M. gigas,Middle,BBOC,15-16,Tide,18,177,0,Alive
2022,6,M. gigas,Middle,BBOC,15-16,Tide,18,178,0,Alive
2022,6,M. gigas,Middle,BBOC,15-16,Tide,18,179,0,Alive
2022,6,M. gigas,Middle,BBOC,15-16,Tide,18,180,0,Alive
2022,6,M. gigas,Middle,BBOC,15-16,Tide,18,181,0,Alive
2022,6,M. gigas,Middle,BBOC,15-16,Tide,18,182,0,Alive
2022,6,M. gigas,Middle,BBOC,15-16,Tide,18,183,0,Alive
2022,6,M. gigas,Middle,BBOC,15-16,Tide,18,184,0,Alive
2022,6,M. gigas,Middle,BBOC,15-16,Tide,18,185,0,Alive
2022,6,M. gigas,Middle,BBOC,15-16,Tide,18,186,0,Alive
2022,6,M. gigas,Middle,BBOC,15-16,Tide,18,187,0,Alive
2022,6,M. gigas,Middle,BBOC,15-16,Tide,18,188,0,Alive
2022,6,M. gigas,Middle,BBOC,15-16,Tide,18,189,0,Alive
2022,6,M. gigas,Middle,BBOC,15-16,Tide,18,190,0,Alive
2022,6,M. gigas,Middle,BBOC,15-16,Tide,18,191,0,Alive
2022,6,M. gigas,Middle,BBOC,15-16,Tide,18,192,0,Alive
2022,6,M. gigas,Middle,BBOC,15-16,Tide,18,193,0,Alive
2022,6,M. gigas,Middle,BBOC,15-16,Tide,18,194,0,Alive
2022,6,M. gigas,Middle,BBOC,15-16,Tide,18,195,0,Alive
2022,6,M. gigas,Middle,BBOC,15-16,Tide,18,196,0,Alive
2022,6,M. gigas,Middle,BBOC,15-16,Tide,18,197,0,Alive
2022,6,M. gigas,Middle,BBOC,15-16,Tide,18,198,0,Alive
2022,6,M. gigas,Middle,BBOC,15-16,Tide,18,199,0,Alive
2022,6,M. gigas,Middle,BBOC,15-16,Tide,18,200,0,Alive
2022,6,M. gigas,Middle,BBOC,15-16,Tide,18,201,0,Alive
2022,6,M. gigas,Middle,BBOC,15-16,Tide,18,202,0,Alive
2022,6,M. gigas,Middle,BBOC,15-16,Tide,18,203,0,Alive
2022,6,M. gigas,Middle,BBOC,15-16,Tide,18,204,0,Alive
2022,6,M. gigas,Middle,BBOC,15-16,Tide,18,205,0,Alive
2022,6,M. gigas,Middle,BBOC,15-16,Tide,18,206,0,Alive
2022,6,M. gigas,Middle,BBOC,15-16,Tide,18,207,0,Alive
2022,6,M. gigas,Middle,BBOC,15-16,Tide,18,208,0,Alive
2022,6,M. gigas,Middle,BBOC,15-16,Tide,18,209,0,Alive
2022,6,M. gigas,Middle,BBOC,15-16,Tide,18,210,0,Alive
2022,6,M. gigas,Middle,BBOC,15-16,Tide,18,211,0,Alive
2022,6,M. gigas,Middle,BBOC,15-16,Tide,18,212,0,Alive
2022,6,M. gigas,Middle,BBOC,15-16,Tide,18,213,0,Alive
2022,6,M. gigas,Middle,BBOC,15-16,Tide,18,214,0,Alive
2022,6,M. gigas,Middle,BBOC,15-16,Tide,18,215,0,Alive
2022,6,M. gigas,Middle,BBOC,15-16,Tide,18,216,0,Alive
2022,6,M. gigas,Middle,BBOC,15-16,Tide,18,217,0,Alive
2022,6,M. gigas,Middle,BBOC,15-16,Tide,18,218,0,Alive
2022,6,M. gigas,Middle,BBOC,15-16,Tide,18,219,0,Alive
2022,6,M. gigas,Middle,BBOC,15-16,Tide,18,220,0,Alive
2022,6,M. gigas,Middle,BBOC,15-16,Tide,18,221,0,Alive
2022,6,M. gigas,Middle,BBOC,15-16,Tide,18,222,0,Alive
2022,6,M. gigas,Middle,BBOC,15-16,Tide,18,223,0,Alive
2022,6,M. gigas,Middle,BBOC,15-16,Tide,18,224,0,Alive
2022,6,M. gigas,Middle,BBOC,15-16,Tide,18,225,0,Alive
2022,6,M. gigas,Middle,BBOC,15-16,Tide,18,226,0,Alive
2022,6,M. gigas,Middle,BBOC,15-16,Tide,18,227,0,Alive
2022,6,M. gigas,Middle,BBOC,15-16,Tide,18,228,0,Alive
2022,6,M. gigas,Middle,BBOC,15-16,Tide,18,229,0,Alive
2022,6,M. gigas,Middle,BBOC,15-16,Tide,18,230,0,Alive
2022,6,M. gigas,Middle,BBOC,15-16,Tide,18,231,0,Alive
2022,6,M. gigas,Middle,BBOC,15-16,Tide,18,232,0,Alive
2022,6,M. gigas,Middle,BBOC,15-16,Tide,18,233,0,Alive
2022,6,M. gigas,Middle,BBOC,15-16,Tide,18,234,0,Alive
2022,6,M. gigas,Middle,BBOC,15-16,Tide,18,235,0,Alive
2022,6,M. gigas,Middle,BBOC,15-16,Tide,18,236,0,Alive
2022,6,M. gigas,Middle,BBOC,15-16,Tide,18,237,0,Alive
2022,6,M. gigas,Middle,BBOC,15-16,Tide,18,238,0,Alive
2022,6,M. gigas,Middle,BBOC,15-16,Tide,18,239,0,Alive
2022,6,M. gigas,Middle,BBOC,15-16,Tide,18,240,0,Alive
2022,6,M. gigas,Middle,BBOC,15-16,Tide,18,241,0,Alive
2022,6,M. gigas,Middle,BBOC,15-16,Tide,18,242,0,Alive
2022,6,M. gigas,Middle,BBOC,15-16,Tide,18,243,0,Alive
2022,6,M. gigas,Middle,BBOC,15-16,Tide,18,244,0,Alive
2022,6,M. gigas,Middle,BBOC,15-16,Tide,18,245,0,Alive
2022,6,M. gigas,Middle,BBOC,15-16,Tide,18,246,0,Alive
2022,6,M. gigas,Middle,BBOC,15-16,Tide,18,247,0,Alive
2022,6,M. gigas,Middle,BBOC,15-16,Tide,18,248,0,Alive
2022,6,M. gigas,Middle,BBOC,15-16,Tide,18,249,0,Alive
2022,6,M. gigas,Middle,BBOC,15-16,Tide,18,250,0,Alive
2022,6,M. gigas,South,TBOC,15-16,Tide,28,1,1,Dead
2022,6,M. gigas,South,TBOC,15-16,Tide,28,2,1,Dead
2022,6,M. gigas,South,TBOC,15-16,Tide,28,3,1,Dead
2022,6,M. gigas,South,TBOC,15-16,Tide,28,4,1,Dead
2022,6,M. gigas,South,TBOC,15-16,Tide,28,5,1,Dead
2022,6,M. gigas,South,TBOC,15-16,Tide,28,6,1,Dead
2022,6,M. gigas,South,TBOC,15-16,Tide,28,7,1,Dead
2022,6,M. gigas,South,TBOC,15-16,Tide,28,8,1,Dead
2022,6,M. gigas,South,TBOC,15-16,Tide,28,9,1,Dead
2022,6,M. gigas,South,TBOC,15-16,Tide,28,10,1,Dead
2022,6,M. gigas,South,TBOC,15-16,Tide,28,11,1,Dead
2022,6,M. gigas,South,TBOC,15-16,Tide,28,12,1,Dead
2022,6,M. gigas,South,TBOC,15-16,Tide,28,13,1,Dead
2022,6,M. gigas,South,TBOC,15-16,Tide,28,14,1,Dead
2022,6,M. gigas,South,TBOC,15-16,Tide,28,15,1,Dead
2022,6,M. gigas,South,TBOC,15-16,Tide,28,16,1,Dead
2022,6,M. gigas,South,TBOC,15-16,Tide,28,17,1,Dead
2022,6,M. gigas,South,TBOC,15-16,Tide,28,18,1,Dead
2022,6,M. gigas,South,TBOC,15-16,Tide,28,19,0,Alive
2022,6,M. gigas,South,TBOC,15-16,Tide,28,20,0,Alive
2022,6,M. gigas,South,TBOC,15-16,Tide,28,21,0,Alive
2022,6,M. gigas,South,TBOC,15-16,Tide,28,22,0,Alive
2022,6,M. gigas,South,TBOC,15-16,Tide,28,23,0,Alive
2022,6,M. gigas,South,TBOC,15-16,Tide,28,24,0,Alive
2022,6,M. gigas,South,TBOC,15-16,Tide,28,25,0,Alive
2022,6,M. gigas,South,TBOC,15-16,Tide,28,26,0,Alive
2022,6,M. gigas,South,TBOC,15-16,Tide,28,27,0,Alive
2022,6,M. gigas,South,TBOC,15-16,Tide,28,28,0,Alive
2022,6,M. gigas,South,TBOC,15-16,Tide,28,29,0,Alive
2022,6,M. gigas,South,TBOC,15-16,Tide,28,30,0,Alive
2022,6,M. gigas,South,TBOC,15-16,Tide,28,31,0,Alive
2022,6,M. gigas,South,TBOC,15-16,Tide,28,32,0,Alive
2022,6,M. gigas,South,TBOC,15-16,Tide,28,33,0,Alive
2022,6,M. gigas,South,TBOC,15-16,Tide,28,34,0,Alive
2022,6,M. gigas,South,TBOC,15-16,Tide,28,35,0,Alive
2022,6,M. gigas,South,TBOC,15-16,Tide,28,36,0,Alive
2022,6,M. gigas,South,TBOC,15-16,Tide,28,37,0,Alive
2022,6,M. gigas,South,TBOC,15-16,Tide,28,38,0,Alive
2022,6,M. gigas,South,TBOC,15-16,Tide,28,39,0,Alive
2022,6,M. gigas,South,TBOC,15-16,Tide,28,40,0,Alive
2022,6,M. gigas,South,TBOC,15-16,Tide,28,41,0,Alive
2022,6,M. gigas,South,TBOC,15-16,Tide,28,42,0,Alive
2022,6,M. gigas,South,TBOC,15-16,Tide,28,43,0,Alive
2022,6,M. gigas,South,TBOC,15-16,Tide,28,44,0,Alive
2022,6,M. gigas,South,TBOC,15-16,Tide,28,45,0,Alive
2022,6,M. gigas,South,TBOC,15-16,Tide,28,46,0,Alive
2022,6,M. gigas,South,TBOC,15-16,Tide,28,47,0,Alive
2022,6,M. gigas,South,TBOC,15-16,Tide,28,48,0,Alive
2022,6,M. gigas,South,TBOC,15-16,Tide,28,49,0,Alive
2022,6,M. gigas,South,TBOC,15-16,Tide,28,50,0,Alive
2022,6,M. gigas,South,TBOC,15-16,Tide,28,51,0,Alive
2022,6,M. gigas,South,TBOC,15-16,Tide,28,52,0,Alive
2022,6,M. gigas,South,TBOC,15-16,Tide,28,53,0,Alive
2022,6,M. gigas,South,TBOC,15-16,Tide,28,54,0,Alive
2022,6,M. gigas,South,TBOC,15-16,Tide,28,55,0,Alive
2022,6,M. gigas,South,TBOC,15-16,Tide,28,56,0,Alive
2022,6,M. gigas,South,TBOC,15-16,Tide,28,57,0,Alive
2022,6,M. gigas,South,TBOC,15-16,Tide,28,58,0,Alive
2022,6,M. gigas,South,TBOC,15-16,Tide,28,59,0,Alive
2022,6,M. gigas,South,TBOC,15-16,Tide,28,60,0,Alive
2022,6,M. gigas,South,TBOC,15-16,Tide,28,61,0,Alive
2022,6,M. gigas,South,TBOC,15-16,Tide,28,62,0,Alive
2022,6,M. gigas,South,TBOC,15-16,Tide,28,63,0,Alive
2022,6,M. gigas,South,TBOC,15-16,Tide,28,64,0,Alive
2022,6,M. gigas,South,TBOC,15-16,Tide,28,65,0,Alive
2022,6,M. gigas,South,TBOC,15-16,Tide,28,66,0,Alive
2022,6,M. gigas,South,TBOC,15-16,Tide,28,67,0,Alive
2022,6,M. gigas,South,TBOC,15-16,Tide,28,68,0,Alive
2022,6,M. gigas,South,TBOC,15-16,Tide,28,69,0,Alive
2022,6,M. gigas,South,TBOC,15-16,Tide,28,70,0,Alive
2022,6,M. gigas,South,TBOC,15-16,Tide,28,71,0,Alive
2022,6,M. gigas,South,TBOC,15-16,Tide,28,72,0,Alive
2022,6,M. gigas,South,TBOC,15-16,Tide,28,73,0,Alive
2022,6,M. gigas,South,TBOC,15-16,Tide,28,74,0,Alive
2022,6,M. gigas,South,TBOC,15-16,Tide,28,75,0,Alive
2022,6,M. gigas,South,TBOC,15-16,Tide,28,76,0,Alive
2022,6,M. gigas,South,TBOC,15-16,Tide,28,77,0,Alive
2022,6,M. gigas,South,TBOC,15-16,Tide,28,78,0,Alive
2022,6,M. gigas,South,TBOC,15-16,Tide,28,79,0,Alive
2022,6,M. gigas,South,TBOC,15-16,Tide,28,80,0,Alive
2022,6,M. gigas,South,TBOC,15-16,Tide,28,81,0,Alive
2022,6,M. gigas,South,TBOC,15-16,Tide,28,82,0,Alive
2022,6,M. gigas,South,TBOC,15-16,Tide,28,83,0,Alive
2022,6,M. gigas,South,TBOC,15-16,Tide,28,84,0,Alive
2022,6,M. gigas,South,TBOC,15-16,Tide,28,85,0,Alive
2022,6,M. gigas,South,TBOC,15-16,Tide,28,86,0,Alive
2022,6,M. gigas,South,TBOC,15-16,Tide,28,87,0,Alive
2022,6,M. gigas,South,TBOC,15-16,Tide,28,88,0,Alive
2022,6,M. gigas,South,TBOC,15-16,Tide,28,89,0,Alive
2022,6,M. gigas,South,TBOC,15-16,Tide,28,90,0,Alive
2022,6,M. gigas,South,TBOC,15-16,Tide,28,91,0,Alive
2022,6,M. gigas,South,TBOC,15-16,Tide,28,92,0,Alive
2022,6,M. gigas,South,TBOC,15-16,Tide,28,93,0,Alive
2022,6,M. gigas,South,TBOC,15-16,Tide,28,94,0,Alive
2022,6,M. gigas,South,TBOC,15-16,Tide,28,95,0,Alive
2022,6,M. gigas,South,TBOC,15-16,Tide,28,96,0,Alive
2022,6,M. gigas,South,TBOC,15-16,Tide,28,97,0,Alive
2022,6,M. gigas,South,TBOC,15-16,Tide,28,98,0,Alive
2022,6,M. gigas,South,TBOC,15-16,Tide,28,99,0,Alive
2022,6,M. gigas,South,TBOC,15-16,Tide,28,100,0,Alive
2022,6,M. gigas,South,TBOC,15-16,Tide,28,101,0,Alive
2022,6,M. gigas,South,TBOC,15-16,Tide,28,102,0,Alive
2022,6,M. gigas,South,TBOC,15-16,Tide,28,103,0,Alive
2022,6,M. gigas,South,TBOC,15-16,Tide,28,104,0,Alive
2022,6,M. gigas,South,TBOC,15-16,Tide,28,105,0,Alive
2022,6,M. gigas,South,TBOC,15-16,Tide,28,106,0,Alive
2022,6,M. gigas,South,TBOC,15-16,Tide,28,107,0,Alive
2022,6,M. gigas,South,TBOC,15-16,Tide,28,108,0,Alive
2022,6,M. gigas,South,TBOC,15-16,Tide,28,109,0,Alive
2022,6,M. gigas,South,TBOC,15-16,Tide,28,110,0,Alive
2022,6,M. gigas,South,TBOC,15-16,Tide,28,111,0,Alive
2022,6,M. gigas,South,TBOC,15-16,Tide,28,112,0,Alive
2022,6,M. gigas,South,TBOC,15-16,Tide,28,113,0,Alive
2022,6,M. gigas,South,TBOC,15-16,Tide,28,114,0,Alive
2022,6,M. gigas,South,TBOC,15-16,Tide,28,115,0,Alive
2022,6,M. gigas,South,TBOC,15-16,Tide,28,116,0,Alive
2022,6,M. gigas,South,TBOC,15-16,Tide,28,117,0,Alive
2022,6,M. gigas,South,TBOC,15-16,Tide,28,118,0,Alive
2022,6,M. gigas,South,TBOC,15-16,Tide,28,119,0,Alive
2022,6,M. gigas,South,TBOC,15-16,Tide,28,120,0,Alive
2022,6,M. gigas,South,TBOC,15-16,Tide,28,121,0,Alive
2022,6,M. gigas,South,TBOC,15-16,Tide,28,122,0,Alive
2022,6,M. gigas,South,TBOC,15-16,Tide,28,123,0,Alive
2022,6,M. gigas,South,TBOC,15-16,Tide,28,124,0,Alive
2022,6,M. gigas,South,TBOC,15-16,Tide,28,125,0,Alive
2022,6,M. gigas,South,TBOC,15-16,Tide,28,126,0,Alive
2022,6,M. gigas,South,TBOC,15-16,Tide,28,127,0,Alive
2022,6,M. gigas,South,TBOC,15-16,Tide,28,128,0,Alive
2022,6,M. gigas,South,TBOC,15-16,Tide,28,129,0,Alive
2022,6,M. gigas,South,TBOC,15-16,Tide,28,130,0,Alive
2022,6,M. gigas,South,TBOC,15-16,Tide,28,131,0,Alive
2022,6,M. gigas,South,TBOC,15-16,Tide,28,132,0,Alive
2022,6,M. gigas,South,TBOC,15-16,Tide,28,133,0,Alive
2022,6,M. gigas,South,TBOC,15-16,Tide,28,134,0,Alive
2022,6,M. gigas,South,TBOC,15-16,Tide,28,135,0,Alive
2022,6,M. gigas,South,TBOC,15-16,Tide,28,136,0,Alive
2022,6,M. gigas,South,TBOC,15-16,Tide,28,137,0,Alive
2022,6,M. gigas,South,TBOC,15-16,Tide,28,138,0,Alive
2022,6,M. gigas,South,TBOC,15-16,Tide,28,139,0,Alive
2022,6,M. gigas,South,TBOC,15-16,Tide,28,140,0,Alive
2022,6,M. gigas,South,TBOC,15-16,Tide,28,141,0,Alive
2022,6,M. gigas,South,TBOC,15-16,Tide,28,142,0,Alive
2022,6,M. gigas,South,TBOC,15-16,Tide,28,143,0,Alive
2022,6,M. gigas,South,TBOC,15-16,Tide,28,144,0,Alive
2022,6,M. gigas,South,TBOC,15-16,Tide,28,145,0,Alive
2022,6,M. gigas,South,TBOC,15-16,Tide,28,146,0,Alive
2022,6,M. gigas,South,TBOC,15-16,Tide,28,147,0,Alive
2022,6,M. gigas,South,TBOC,15-16,Tide,28,148,0,Alive
2022,6,M. gigas,South,TBOC,15-16,Tide,28,149,0,Alive
2022,6,M. gigas,South,TBOC,15-16,Tide,28,150,0,Alive
2022,6,M. gigas,South,TBOC,15-16,Tide,28,151,0,Alive
2022,6,M. gigas,South,TBOC,15-16,Tide,28,152,0,Alive
2022,6,M. gigas,South,TBOC,15-16,Tide,28,153,0,Alive
2022,6,M. gigas,South,TBOC,15-16,Tide,28,154,0,Alive
2022,6,M. gigas,South,TBOC,15-16,Tide,28,155,0,Alive
2022,6,M. gigas,South,TBOC,15-16,Tide,28,156,0,Alive
2022,6,M. gigas,South,TBOC,15-16,Tide,28,157,0,Alive
2022,6,M. gigas,South,TBOC,15-16,Tide,28,158,0,Alive
2022,6,M. gigas,South,TBOC,15-16,Tide,28,159,0,Alive
2022,6,M. gigas,South,TBOC,15-16,Tide,28,160,0,Alive
2022,6,M. gigas,South,TBOC,15-16,Tide,28,161,0,Alive
2022,6,M. gigas,South,TBOC,15-16,Tide,28,162,0,Alive
2022,6,M. gigas,South,TBOC,15-16,Tide,28,163,0,Alive
2022,6,M. gigas,South,TBOC,15-16,Tide,28,164,0,Alive
2022,6,M. gigas,South,TBOC,15-16,Tide,28,165,0,Alive
2022,6,M. gigas,South,TBOC,15-16,Tide,28,166,0,Alive
2022,6,M. gigas,South,TBOC,15-16,Tide,28,167,0,Alive
2022,6,M. gigas,South,TBOC,15-16,Tide,28,168,0,Alive
2022,6,M. gigas,South,TBOC,15-16,Tide,28,169,0,Alive
2022,6,M. gigas,South,TBOC,15-16,Tide,28,170,0,Alive
2022,6,M. gigas,South,TBOC,15-16,Tide,28,171,0,Alive
2022,6,M. gigas,South,TBOC,15-16,Tide,28,172,0,Alive
2022,6,M. gigas,South,TBOC,15-16,Tide,28,173,0,Alive
2022,6,M. gigas,South,TBOC,15-16,Tide,28,174,0,Alive
2022,6,M. gigas,South,TBOC,15-16,Tide,28,175,0,Alive
2022,6,M. gigas,South,TBOC,15-16,Tide,28,176,0,Alive
2022,6,M. gigas,South,TBOC,15-16,Tide,28,177,0,Alive
2022,6,M. gigas,South,TBOC,15-16,Tide,28,178,0,Alive
2022,6,M. gigas,South,TBOC,15-16,Tide,28,179,0,Alive
2022,6,M. gigas,South,TBOC,15-16,Tide,28,180,0,Alive
2022,6,M. gigas,South,TBOC,15-16,Tide,28,181,0,Alive
2022,6,M. gigas,South,TBOC,15-16,Tide,28,182,0,Alive
2022,6,M. gigas,South,TBOC,15-16,Tide,28,183,0,Alive
2022,6,M. gigas,South,TBOC,15-16,Tide,28,184,0,Alive
2022,6,M. gigas,South,TBOC,15-16,Tide,28,185,0,Alive
2022,6,M. gigas,South,TBOC,15-16,Tide,28,186,0,Alive
2022,6,M. gigas,South,TBOC,15-16,Tide,28,187,0,Alive
2022,6,M. gigas,South,TBOC,15-16,Tide,28,188,0,Alive
2022,6,M. gigas,South,TBOC,15-16,Tide,28,189,0,Alive
2022,6,M. gigas,South,TBOC,15-16,Tide,28,190,0,Alive
2022,6,M. gigas,South,TBOC,15-16,Tide,28,191,0,Alive
2022,6,M. gigas,South,TBOC,15-16,Tide,28,192,0,Alive
2022,6,M. gigas,South,TBOC,15-16,Tide,28,193,0,Alive
2022,6,M. gigas,South,TBOC,15-16,Tide,28,194,0,Alive
2022,6,M. gigas,South,TBOC,15-16,Tide,28,195,0,Alive
2022,6,M. gigas,South,TBOC,15-16,Tide,28,196,0,Alive
2022,6,M. gigas,South,TBOC,15-16,Tide,28,197,0,Alive
2022,6,M. gigas,South,TBOC,15-16,Tide,28,198,0,Alive
2022,6,M. gigas,South,TBOC,15-16,Tide,28,199,0,Alive
2022,6,M. gigas,South,TBOC,15-16,Tide,28,200,0,Alive
2022,6,M. gigas,South,TBOC,15-16,Tide,28,201,0,Alive
2022,6,M. gigas,South,TBOC,15-16,Tide,28,202,0,Alive
2022,6,M. gigas,South,TBOC,15-16,Tide,28,203,0,Alive
2022,6,M. gigas,South,TBOC,15-16,Tide,28,204,0,Alive
2022,6,M. gigas,South,TBOC,15-16,Tide,28,205,0,Alive
2022,6,M. gigas,South,TBOC,15-16,Tide,28,206,0,Alive
2022,6,M. gigas,South,TBOC,15-16,Tide,28,207,0,Alive
2022,6,M. gigas,South,TBOC,15-16,Tide,28,208,0,Alive
2022,6,M. gigas,South,TBOC,15-16,Tide,28,209,0,Alive
2022,6,M. gigas,South,TBOC,15-16,Tide,28,210,0,Alive
2022,6,M. gigas,South,TBOC,15-16,Tide,28,211,0,Alive
2022,6,M. gigas,South,TBOC,15-16,Tide,28,212,0,Alive
2022,6,M. gigas,South,TBOC,15-16,Tide,28,213,0,Alive
2022,6,M. gigas,South,TBOC,15-16,Tide,28,214,0,Alive
2022,6,M. gigas,South,TBOC,15-16,Tide,28,215,0,Alive
2022,6,M. gigas,South,TBOC,15-16,Tide,28,216,0,Alive
2022,6,M. gigas,South,TBOC,15-16,Tide,28,217,0,Alive
2022,6,M. gigas,South,TBOC,15-16,Tide,28,218,0,Alive
2022,6,M. gigas,South,TBOC,15-16,Tide,28,219,0,Alive
2022,6,M. gigas,South,TBOC,15-16,Tide,28,220,0,Alive
2022,6,M. gigas,South,TBOC,15-16,Tide,28,221,0,Alive
2022,6,M. gigas,South,TBOC,15-16,Tide,28,222,0,Alive
2022,6,M. gigas,South,TBOC,15-16,Tide,28,223,0,Alive
2022,6,M. gigas,South,TBOC,15-16,Tide,28,224,0,Alive
2022,6,M. gigas,South,TBOC,15-16,Tide,28,225,0,Alive
2022,6,M. gigas,South,TBOC,15-16,Tide,28,226,0,Alive
2022,6,M. gigas,South,TBOC,15-16,Tide,28,227,0,Alive
2022,6,M. gigas,South,TBOC,15-16,Tide,28,228,0,Alive
2022,6,M. gigas,South,TBOC,15-16,Tide,28,229,0,Alive
2022,6,M. gigas,South,TBOC,15-16,Tide,28,230,0,Alive
2022,6,M. gigas,South,TBOC,15-16,Tide,28,231,0,Alive
2022,6,M. gigas,South,TBOC,15-16,Tide,28,232,0,Alive
2022,6,M. gigas,South,TBOC,15-16,Tide,28,233,0,Alive
2022,6,M. gigas,South,TBOC,15-16,Tide,28,234,0,Alive
2022,6,M. gigas,South,TBOC,15-16,Tide,28,235,0,Alive
2022,6,M. gigas,South,TBOC,15-16,Tide,28,236,0,Alive
2022,6,M. gigas,South,TBOC,15-16,Tide,28,237,0,Alive
2022,6,M. gigas,South,TBOC,15-16,Tide,28,238,0,Alive
2022,6,M. gigas,South,TBOC,15-16,Tide,28,239,0,Alive
2022,6,M. gigas,South,TBOC,15-16,Tide,28,240,0,Alive
2022,6,M. gigas,South,TBOC,15-16,Tide,28,241,0,Alive
2022,6,M. gigas,South,TBOC,15-16,Tide,28,242,0,Alive
2022,6,M. gigas,South,TBOC,15-16,Tide,28,243,0,Alive
2022,6,M. gigas,South,TBOC,15-16,Tide,28,244,0,Alive
2022,6,M. gigas,South,TBOC,15-16,Tide,28,245,0,Alive
2022,6,M. gigas,South,TBOC,15-16,Tide,28,246,0,Alive
2022,6,M. gigas,South,TBOC,15-16,Tide,28,247,0,Alive
2022,6,M. gigas,South,TBOC,15-16,Tide,28,248,0,Alive
2022,6,M. gigas,South,TBOC,15-16,Tide,28,249,0,Alive
2022,6,M. gigas,South,TBOC,15-16,Tide,28,250,0,Alive
2022,6,M. gigas,South,TBOC,15-16,Tide,29,1,1,Dead
2022,6,M. gigas,South,TBOC,15-16,Tide,29,2,1,Dead
2022,6,M. gigas,South,TBOC,15-16,Tide,29,3,1,Dead
2022,6,M. gigas,South,TBOC,15-16,Tide,29,4,1,Dead
2022,6,M. gigas,South,TBOC,15-16,Tide,29,5,1,Dead
2022,6,M. gigas,South,TBOC,15-16,Tide,29,6,1,Dead
2022,6,M. gigas,South,TBOC,15-16,Tide,29,7,1,Dead
2022,6,M. gigas,South,TBOC,15-16,Tide,29,8,0,Alive
2022,6,M. gigas,South,TBOC,15-16,Tide,29,9,0,Alive
2022,6,M. gigas,South,TBOC,15-16,Tide,29,10,0,Alive
2022,6,M. gigas,South,TBOC,15-16,Tide,29,11,0,Alive
2022,6,M. gigas,South,TBOC,15-16,Tide,29,12,0,Alive
2022,6,M. gigas,South,TBOC,15-16,Tide,29,13,0,Alive
2022,6,M. gigas,South,TBOC,15-16,Tide,29,14,0,Alive
2022,6,M. gigas,South,TBOC,15-16,Tide,29,15,0,Alive
2022,6,M. gigas,South,TBOC,15-16,Tide,29,16,0,Alive
2022,6,M. gigas,South,TBOC,15-16,Tide,29,17,0,Alive
2022,6,M. gigas,South,TBOC,15-16,Tide,29,18,0,Alive
2022,6,M. gigas,South,TBOC,15-16,Tide,29,19,0,Alive
2022,6,M. gigas,South,TBOC,15-16,Tide,29,20,0,Alive
2022,6,M. gigas,South,TBOC,15-16,Tide,29,21,0,Alive
2022,6,M. gigas,South,TBOC,15-16,Tide,29,22,0,Alive
2022,6,M. gigas,South,TBOC,15-16,Tide,29,23,0,Alive
2022,6,M. gigas,South,TBOC,15-16,Tide,29,24,0,Alive
2022,6,M. gigas,South,TBOC,15-16,Tide,29,25,0,Alive
2022,6,M. gigas,South,TBOC,15-16,Tide,29,26,0,Alive
2022,6,M. gigas,South,TBOC,15-16,Tide,29,27,0,Alive
2022,6,M. gigas,South,TBOC,15-16,Tide,29,28,0,Alive
2022,6,M. gigas,South,TBOC,15-16,Tide,29,29,0,Alive
2022,6,M. gigas,South,TBOC,15-16,Tide,29,30,0,Alive
2022,6,M. gigas,South,TBOC,15-16,Tide,29,31,0,Alive
2022,6,M. gigas,South,TBOC,15-16,Tide,29,32,0,Alive
2022,6,M. gigas,South,TBOC,15-16,Tide,29,33,0,Alive
2022,6,M. gigas,South,TBOC,15-16,Tide,29,34,0,Alive
2022,6,M. gigas,South,TBOC,15-16,Tide,29,35,0,Alive
2022,6,M. gigas,South,TBOC,15-16,Tide,29,36,0,Alive
2022,6,M. gigas,South,TBOC,15-16,Tide,29,37,0,Alive
2022,6,M. gigas,South,TBOC,15-16,Tide,29,38,0,Alive
2022,6,M. gigas,South,TBOC,15-16,Tide,29,39,0,Alive
2022,6,M. gigas,South,TBOC,15-16,Tide,29,40,0,Alive
2022,6,M. gigas,South,TBOC,15-16,Tide,29,41,0,Alive
2022,6,M. gigas,South,TBOC,15-16,Tide,29,42,0,Alive
2022,6,M. gigas,South,TBOC,15-16,Tide,29,43,0,Alive
2022,6,M. gigas,South,TBOC,15-16,Tide,29,44,0,Alive
2022,6,M. gigas,South,TBOC,15-16,Tide,29,45,0,Alive
2022,6,M. gigas,South,TBOC,15-16,Tide,29,46,0,Alive
2022,6,M. gigas,South,TBOC,15-16,Tide,29,47,0,Alive
2022,6,M. gigas,South,TBOC,15-16,Tide,29,48,0,Alive
2022,6,M. gigas,South,TBOC,15-16,Tide,29,49,0,Alive
2022,6,M. gigas,South,TBOC,15-16,Tide,29,50,0,Alive
2022,6,M. gigas,South,TBOC,15-16,Tide,29,51,0,Alive
2022,6,M. gigas,South,TBOC,15-16,Tide,29,52,0,Alive
2022,6,M. gigas,South,TBOC,15-16,Tide,29,53,0,Alive
2022,6,M. gigas,South,TBOC,15-16,Tide,29,54,0,Alive
2022,6,M. gigas,South,TBOC,15-16,Tide,29,55,0,Alive
2022,6,M. gigas,South,TBOC,15-16,Tide,29,56,0,Alive
2022,6,M. gigas,South,TBOC,15-16,Tide,29,57,0,Alive
2022,6,M. gigas,South,TBOC,15-16,Tide,29,58,0,Alive
2022,6,M. gigas,South,TBOC,15-16,Tide,29,59,0,Alive
2022,6,M. gigas,South,TBOC,15-16,Tide,29,60,0,Alive
2022,6,M. gigas,South,TBOC,15-16,Tide,29,61,0,Alive
2022,6,M. gigas,South,TBOC,15-16,Tide,29,62,0,Alive
2022,6,M. gigas,South,TBOC,15-16,Tide,29,63,0,Alive
2022,6,M. gigas,South,TBOC,15-16,Tide,29,64,0,Alive
2022,6,M. gigas,South,TBOC,15-16,Tide,29,65,0,Alive
2022,6,M. gigas,South,TBOC,15-16,Tide,29,66,0,Alive
2022,6,M. gigas,South,TBOC,15-16,Tide,29,67,0,Alive
2022,6,M. gigas,South,TBOC,15-16,Tide,29,68,0,Alive
2022,6,M. gigas,South,TBOC,15-16,Tide,29,69,0,Alive
2022,6,M. gigas,South,TBOC,15-16,Tide,29,70,0,Alive
2022,6,M. gigas,South,TBOC,15-16,Tide,29,71,0,Alive
2022,6,M. gigas,South,TBOC,15-16,Tide,29,72,0,Alive
2022,6,M. gigas,South,TBOC,15-16,Tide,29,73,0,Alive
2022,6,M. gigas,South,TBOC,15-16,Tide,29,74,0,Alive
2022,6,M. gigas,South,TBOC,15-16,Tide,29,75,0,Alive
2022,6,M. gigas,South,TBOC,15-16,Tide,29,76,0,Alive
2022,6,M. gigas,South,TBOC,15-16,Tide,29,77,0,Alive
2022,6,M. gigas,South,TBOC,15-16,Tide,29,78,0,Alive
2022,6,M. gigas,South,TBOC,15-16,Tide,29,79,0,Alive
2022,6,M. gigas,South,TBOC,15-16,Tide,29,80,0,Alive
2022,6,M. gigas,South,TBOC,15-16,Tide,29,81,0,Alive
2022,6,M. gigas,South,TBOC,15-16,Tide,29,82,0,Alive
2022,6,M. gigas,South,TBOC,15-16,Tide,29,83,0,Alive
2022,6,M. gigas,South,TBOC,15-16,Tide,29,84,0,Alive
2022,6,M. gigas,South,TBOC,15-16,Tide,29,85,0,Alive
2022,6,M. gigas,South,TBOC,15-16,Tide,29,86,0,Alive
2022,6,M. gigas,South,TBOC,15-16,Tide,29,87,0,Alive
2022,6,M. gigas,South,TBOC,15-16,Tide,29,88,0,Alive
2022,6,M. gigas,South,TBOC,15-16,Tide,29,89,0,Alive
2022,6,M. gigas,South,TBOC,15-16,Tide,29,90,0,Alive
2022,6,M. gigas,South,TBOC,15-16,Tide,29,91,0,Alive
2022,6,M. gigas,South,TBOC,15-16,Tide,29,92,0,Alive
2022,6,M. gigas,South,TBOC,15-16,Tide,29,93,0,Alive
2022,6,M. gigas,South,TBOC,15-16,Tide,29,94,0,Alive
2022,6,M. gigas,South,TBOC,15-16,Tide,29,95,0,Alive
2022,6,M. gigas,South,TBOC,15-16,Tide,29,96,0,Alive
2022,6,M. gigas,South,TBOC,15-16,Tide,29,97,0,Alive
2022,6,M. gigas,South,TBOC,15-16,Tide,29,98,0,Alive
2022,6,M. gigas,South,TBOC,15-16,Tide,29,99,0,Alive
2022,6,M. gigas,South,TBOC,15-16,Tide,29,100,0,Alive
2022,6,M. gigas,South,TBOC,15-16,Tide,29,101,0,Alive
2022,6,M. gigas,South,TBOC,15-16,Tide,29,102,0,Alive
2022,6,M. gigas,South,TBOC,15-16,Tide,29,103,0,Alive
2022,6,M. gigas,South,TBOC,15-16,Tide,29,104,0,Alive
2022,6,M. gigas,South,TBOC,15-16,Tide,29,105,0,Alive
2022,6,M. gigas,South,TBOC,15-16,Tide,29,106,0,Alive
2022,6,M. gigas,South,TBOC,15-16,Tide,29,107,0,Alive
2022,6,M. gigas,South,TBOC,15-16,Tide,29,108,0,Alive
2022,6,M. gigas,South,TBOC,15-16,Tide,29,109,0,Alive
2022,6,M. gigas,South,TBOC,15-16,Tide,29,110,0,Alive
2022,6,M. gigas,South,TBOC,15-16,Tide,29,111,0,Alive
2022,6,M. gigas,South,TBOC,15-16,Tide,29,112,0,Alive
2022,6,M. gigas,South,TBOC,15-16,Tide,29,113,0,Alive
2022,6,M. gigas,South,TBOC,15-16,Tide,29,114,0,Alive
2022,6,M. gigas,South,TBOC,15-16,Tide,29,115,0,Alive
2022,6,M. gigas,South,TBOC,15-16,Tide,29,116,0,Alive
2022,6,M. gigas,South,TBOC,15-16,Tide,29,117,0,Alive
2022,6,M. gigas,South,TBOC,15-16,Tide,29,118,0,Alive
2022,6,M. gigas,South,TBOC,15-16,Tide,29,119,0,Alive
2022,6,M. gigas,South,TBOC,15-16,Tide,29,120,0,Alive
2022,6,M. gigas,South,TBOC,15-16,Tide,29,121,0,Alive
2022,6,M. gigas,South,TBOC,15-16,Tide,29,122,0,Alive
2022,6,M. gigas,South,TBOC,15-16,Tide,29,123,0,Alive
2022,6,M. gigas,South,TBOC,15-16,Tide,29,124,0,Alive
2022,6,M. gigas,South,TBOC,15-16,Tide,29,125,0,Alive
2022,6,M. gigas,South,TBOC,15-16,Tide,29,126,0,Alive
2022,6,M. gigas,South,TBOC,15-16,Tide,29,127,0,Alive
2022,6,M. gigas,South,TBOC,15-16,Tide,29,128,0,Alive
2022,6,M. gigas,South,TBOC,15-16,Tide,29,129,0,Alive
2022,6,M. gigas,South,TBOC,15-16,Tide,29,130,0,Alive
2022,6,M. gigas,South,TBOC,15-16,Tide,29,131,0,Alive
2022,6,M. gigas,South,TBOC,15-16,Tide,29,132,0,Alive
2022,6,M. gigas,South,TBOC,15-16,Tide,29,133,0,Alive
2022,6,M. gigas,South,TBOC,15-16,Tide,29,134,0,Alive
2022,6,M. gigas,South,TBOC,15-16,Tide,29,135,0,Alive
2022,6,M. gigas,South,TBOC,15-16,Tide,29,136,0,Alive
2022,6,M. gigas,South,TBOC,15-16,Tide,29,137,0,Alive
2022,6,M. gigas,South,TBOC,15-16,Tide,29,138,0,Alive
2022,6,M. gigas,South,TBOC,15-16,Tide,29,139,0,Alive
2022,6,M. gigas,South,TBOC,15-16,Tide,29,140,0,Alive
2022,6,M. gigas,South,TBOC,15-16,Tide,29,141,0,Alive
2022,6,M. gigas,South,TBOC,15-16,Tide,29,142,0,Alive
2022,6,M. gigas,South,TBOC,15-16,Tide,29,143,0,Alive
2022,6,M. gigas,South,TBOC,15-16,Tide,29,144,0,Alive
2022,6,M. gigas,South,TBOC,15-16,Tide,29,145,0,Alive
2022,6,M. gigas,South,TBOC,15-16,Tide,29,146,0,Alive
2022,6,M. gigas,South,TBOC,15-16,Tide,29,147,0,Alive
2022,6,M. gigas,South,TBOC,15-16,Tide,29,148,0,Alive
2022,6,M. gigas,South,TBOC,15-16,Tide,29,149,0,Alive
2022,6,M. gigas,South,TBOC,15-16,Tide,29,150,0,Alive
2022,6,M. gigas,South,TBOC,15-16,Tide,29,151,0,Alive
2022,6,M. gigas,South,TBOC,15-16,Tide,29,152,0,Alive
2022,6,M. gigas,South,TBOC,15-16,Tide,29,153,0,Alive
2022,6,M. gigas,South,TBOC,15-16,Tide,29,154,0,Alive
2022,6,M. gigas,South,TBOC,15-16,Tide,29,155,0,Alive
2022,6,M. gigas,South,TBOC,15-16,Tide,29,156,0,Alive
2022,6,M. gigas,South,TBOC,15-16,Tide,29,157,0,Alive
2022,6,M. gigas,South,TBOC,15-16,Tide,29,158,0,Alive
2022,6,M. gigas,South,TBOC,15-16,Tide,29,159,0,Alive
2022,6,M. gigas,South,TBOC,15-16,Tide,29,160,0,Alive
2022,6,M. gigas,South,TBOC,15-16,Tide,29,161,0,Alive
2022,6,M. gigas,South,TBOC,15-16,Tide,29,162,0,Alive
2022,6,M. gigas,South,TBOC,15-16,Tide,29,163,0,Alive
2022,6,M. gigas,South,TBOC,15-16,Tide,29,164,0,Alive
2022,6,M. gigas,South,TBOC,15-16,Tide,29,165,0,Alive
2022,6,M. gigas,South,TBOC,15-16,Tide,29,166,0,Alive
2022,6,M. gigas,South,TBOC,15-16,Tide,29,167,0,Alive
2022,6,M. gigas,South,TBOC,15-16,Tide,29,168,0,Alive
2022,6,M. gigas,South,TBOC,15-16,Tide,29,169,0,Alive
2022,6,M. gigas,South,TBOC,15-16,Tide,29,170,0,Alive
2022,6,M. gigas,South,TBOC,15-16,Tide,29,171,0,Alive
2022,6,M. gigas,South,TBOC,15-16,Tide,29,172,0,Alive
2022,6,M. gigas,South,TBOC,15-16,Tide,29,173,0,Alive
2022,6,M. gigas,South,TBOC,15-16,Tide,29,174,0,Alive
2022,6,M. gigas,South,TBOC,15-16,Tide,29,175,0,Alive
2022,6,M. gigas,South,TBOC,15-16,Tide,29,176,0,Alive
2022,6,M. gigas,South,TBOC,15-16,Tide,29,177,0,Alive
2022,6,M. gigas,South,TBOC,15-16,Tide,29,178,0,Alive
2022,6,M. gigas,South,TBOC,15-16,Tide,29,179,0,Alive
2022,6,M. gigas,South,TBOC,15-16,Tide,29,180,0,Alive
2022,6,M. gigas,South,TBOC,15-16,Tide,29,181,0,Alive
2022,6,M. gigas,South,TBOC,15-16,Tide,29,182,0,Alive
2022,6,M. gigas,South,TBOC,15-16,Tide,29,183,0,Alive
2022,6,M. gigas,South,TBOC,15-16,Tide,29,184,0,Alive
2022,6,M. gigas,South,TBOC,15-16,Tide,29,185,0,Alive
2022,6,M. gigas,South,TBOC,15-16,Tide,29,186,0,Alive
2022,6,M. gigas,South,TBOC,15-16,Tide,29,187,0,Alive
2022,6,M. gigas,South,TBOC,15-16,Tide,29,188,0,Alive
2022,6,M. gigas,South,TBOC,15-16,Tide,29,189,0,Alive
2022,6,M. gigas,South,TBOC,15-16,Tide,29,190,0,Alive
2022,6,M. gigas,South,TBOC,15-16,Tide,29,191,0,Alive
2022,6,M. gigas,South,TBOC,15-16,Tide,29,192,0,Alive
2022,6,M. gigas,South,TBOC,15-16,Tide,29,193,0,Alive
2022,6,M. gigas,South,TBOC,15-16,Tide,29,194,0,Alive
2022,6,M. gigas,South,TBOC,15-16,Tide,29,195,0,Alive
2022,6,M. gigas,South,TBOC,15-16,Tide,29,196,0,Alive
2022,6,M. gigas,South,TBOC,15-16,Tide,29,197,0,Alive
2022,6,M. gigas,South,TBOC,15-16,Tide,29,198,0,Alive
2022,6,M. gigas,South,TBOC,15-16,Tide,29,199,0,Alive
2022,6,M. gigas,South,TBOC,15-16,Tide,29,200,0,Alive
2022,6,M. gigas,South,TBOC,15-16,Tide,29,201,0,Alive
2022,6,M. gigas,South,TBOC,15-16,Tide,29,202,0,Alive
2022,6,M. gigas,South,TBOC,15-16,Tide,29,203,0,Alive
2022,6,M. gigas,South,TBOC,15-16,Tide,29,204,0,Alive
2022,6,M. gigas,South,TBOC,15-16,Tide,29,205,0,Alive
2022,6,M. gigas,South,TBOC,15-16,Tide,29,206,0,Alive
2022,6,M. gigas,South,TBOC,15-16,Tide,29,207,0,Alive
2022,6,M. gigas,South,TBOC,15-16,Tide,29,208,0,Alive
2022,6,M. gigas,South,TBOC,15-16,Tide,29,209,0,Alive
2022,6,M. gigas,South,TBOC,15-16,Tide,29,210,0,Alive
2022,6,M. gigas,South,TBOC,15-16,Tide,29,211,0,Alive
2022,6,M. gigas,South,TBOC,15-16,Tide,29,212,0,Alive
2022,6,M. gigas,South,TBOC,15-16,Tide,29,213,0,Alive
2022,6,M. gigas,South,TBOC,15-16,Tide,29,214,0,Alive
2022,6,M. gigas,South,TBOC,15-16,Tide,29,215,0,Alive
2022,6,M. gigas,South,TBOC,15-16,Tide,29,216,0,Alive
2022,6,M. gigas,South,TBOC,15-16,Tide,29,217,0,Alive
2022,6,M. gigas,South,TBOC,15-16,Tide,29,218,0,Alive
2022,6,M. gigas,South,TBOC,15-16,Tide,29,219,0,Alive
2022,6,M. gigas,South,TBOC,15-16,Tide,29,220,0,Alive
2022,6,M. gigas,South,TBOC,15-16,Tide,29,221,0,Alive
2022,6,M. gigas,South,TBOC,15-16,Tide,29,222,0,Alive
2022,6,M. gigas,South,TBOC,15-16,Tide,29,223,0,Alive
2022,6,M. gigas,South,TBOC,15-16,Tide,29,224,0,Alive
2022,6,M. gigas,South,TBOC,15-16,Tide,29,225,0,Alive
2022,6,M. gigas,South,TBOC,15-16,Tide,29,226,0,Alive
2022,6,M. gigas,South,TBOC,15-16,Tide,29,227,0,Alive
2022,6,M. gigas,South,TBOC,15-16,Tide,29,228,0,Alive
2022,6,M. gigas,South,TBOC,15-16,Tide,29,229,0,Alive
2022,6,M. gigas,South,TBOC,15-16,Tide,29,230,0,Alive
2022,6,M. gigas,South,TBOC,15-16,Tide,29,231,0,Alive
2022,6,M. gigas,South,TBOC,15-16,Tide,29,232,0,Alive
2022,6,M. gigas,South,TBOC,15-16,Tide,29,233,0,Alive
2022,6,M. gigas,South,TBOC,15-16,Tide,29,234,0,Alive
2022,6,M. gigas,South,TBOC,15-16,Tide,29,235,0,Alive
2022,6,M. gigas,South,TBOC,15-16,Tide,29,236,0,Alive
2022,6,M. gigas,South,TBOC,15-16,Tide,29,237,0,Alive
2022,6,M. gigas,South,TBOC,15-16,Tide,29,238,0,Alive
2022,6,M. gigas,South,TBOC,15-16,Tide,29,239,0,Alive
2022,6,M. gigas,South,TBOC,15-16,Tide,29,240,0,Alive
2022,6,M. gigas,South,TBOC,15-16,Tide,29,241,0,Alive
2022,6,M. gigas,South,TBOC,15-16,Tide,29,242,0,Alive
2022,6,M. gigas,South,TBOC,15-16,Tide,29,243,0,Alive
2022,6,M. gigas,South,TBOC,15-16,Tide,29,244,0,Alive
2022,6,M. gigas,South,TBOC,15-16,Tide,29,245,0,Alive
2022,6,M. gigas,South,TBOC,15-16,Tide,29,246,0,Alive
2022,6,M. gigas,South,TBOC,15-16,Tide,29,247,0,Alive
2022,6,M. gigas,South,TBOC,15-16,Tide,29,248,0,Alive
2022,6,M. gigas,South,TBOC,15-16,Tide,29,249,0,Alive
2022,6,M. gigas,South,TBOC,15-16,Tide,29,250,0,Alive
2022,6,M. gigas,South,TBOC,15-16,Tide,30,1,1,Dead
2022,6,M. gigas,South,TBOC,15-16,Tide,30,2,1,Dead
2022,6,M. gigas,South,TBOC,15-16,Tide,30,3,1,Dead
2022,6,M. gigas,South,TBOC,15-16,Tide,30,4,1,Dead
2022,6,M. gigas,South,TBOC,15-16,Tide,30,5,1,Dead
2022,6,M. gigas,South,TBOC,15-16,Tide,30,6,1,Dead
2022,6,M. gigas,South,TBOC,15-16,Tide,30,7,1,Dead
2022,6,M. gigas,South,TBOC,15-16,Tide,30,8,1,Dead
2022,6,M. gigas,South,TBOC,15-16,Tide,30,9,1,Dead
2022,6,M. gigas,South,TBOC,15-16,Tide,30,10,1,Dead
2022,6,M. gigas,South,TBOC,15-16,Tide,30,11,1,Dead
2022,6,M. gigas,South,TBOC,15-16,Tide,30,12,0,Alive
2022,6,M. gigas,South,TBOC,15-16,Tide,30,13,0,Alive
2022,6,M. gigas,South,TBOC,15-16,Tide,30,14,0,Alive
2022,6,M. gigas,South,TBOC,15-16,Tide,30,15,0,Alive
2022,6,M. gigas,South,TBOC,15-16,Tide,30,16,0,Alive
2022,6,M. gigas,South,TBOC,15-16,Tide,30,17,0,Alive
2022,6,M. gigas,South,TBOC,15-16,Tide,30,18,0,Alive
2022,6,M. gigas,South,TBOC,15-16,Tide,30,19,0,Alive
2022,6,M. gigas,South,TBOC,15-16,Tide,30,20,0,Alive
2022,6,M. gigas,South,TBOC,15-16,Tide,30,21,0,Alive
2022,6,M. gigas,South,TBOC,15-16,Tide,30,22,0,Alive
2022,6,M. gigas,South,TBOC,15-16,Tide,30,23,0,Alive
2022,6,M. gigas,South,TBOC,15-16,Tide,30,24,0,Alive
2022,6,M. gigas,South,TBOC,15-16,Tide,30,25,0,Alive
2022,6,M. gigas,South,TBOC,15-16,Tide,30,26,0,Alive
2022,6,M. gigas,South,TBOC,15-16,Tide,30,27,0,Alive
2022,6,M. gigas,South,TBOC,15-16,Tide,30,28,0,Alive
2022,6,M. gigas,South,TBOC,15-16,Tide,30,29,0,Alive
2022,6,M. gigas,South,TBOC,15-16,Tide,30,30,0,Alive
2022,6,M. gigas,South,TBOC,15-16,Tide,30,31,0,Alive
2022,6,M. gigas,South,TBOC,15-16,Tide,30,32,0,Alive
2022,6,M. gigas,South,TBOC,15-16,Tide,30,33,0,Alive
2022,6,M. gigas,South,TBOC,15-16,Tide,30,34,0,Alive
2022,6,M. gigas,South,TBOC,15-16,Tide,30,35,0,Alive
2022,6,M. gigas,South,TBOC,15-16,Tide,30,36,0,Alive
2022,6,M. gigas,South,TBOC,15-16,Tide,30,37,0,Alive
2022,6,M. gigas,South,TBOC,15-16,Tide,30,38,0,Alive
2022,6,M. gigas,South,TBOC,15-16,Tide,30,39,0,Alive
2022,6,M. gigas,South,TBOC,15-16,Tide,30,40,0,Alive
2022,6,M. gigas,South,TBOC,15-16,Tide,30,41,0,Alive
2022,6,M. gigas,South,TBOC,15-16,Tide,30,42,0,Alive
2022,6,M. gigas,South,TBOC,15-16,Tide,30,43,0,Alive
2022,6,M. gigas,South,TBOC,15-16,Tide,30,44,0,Alive
2022,6,M. gigas,South,TBOC,15-16,Tide,30,45,0,Alive
2022,6,M. gigas,South,TBOC,15-16,Tide,30,46,0,Alive
2022,6,M. gigas,South,TBOC,15-16,Tide,30,47,0,Alive
2022,6,M. gigas,South,TBOC,15-16,Tide,30,48,0,Alive
2022,6,M. gigas,South,TBOC,15-16,Tide,30,49,0,Alive
2022,6,M. gigas,South,TBOC,15-16,Tide,30,50,0,Alive
2022,6,M. gigas,South,TBOC,15-16,Tide,30,51,0,Alive
2022,6,M. gigas,South,TBOC,15-16,Tide,30,52,0,Alive
2022,6,M. gigas,South,TBOC,15-16,Tide,30,53,0,Alive
2022,6,M. gigas,South,TBOC,15-16,Tide,30,54,0,Alive
2022,6,M. gigas,South,TBOC,15-16,Tide,30,55,0,Alive
2022,6,M. gigas,South,TBOC,15-16,Tide,30,56,0,Alive
2022,6,M. gigas,South,TBOC,15-16,Tide,30,57,0,Alive
2022,6,M. gigas,South,TBOC,15-16,Tide,30,58,0,Alive
2022,6,M. gigas,South,TBOC,15-16,Tide,30,59,0,Alive
2022,6,M. gigas,South,TBOC,15-16,Tide,30,60,0,Alive
2022,6,M. gigas,South,TBOC,15-16,Tide,30,61,0,Alive
2022,6,M. gigas,South,TBOC,15-16,Tide,30,62,0,Alive
2022,6,M. gigas,South,TBOC,15-16,Tide,30,63,0,Alive
2022,6,M. gigas,South,TBOC,15-16,Tide,30,64,0,Alive
2022,6,M. gigas,South,TBOC,15-16,Tide,30,65,0,Alive
2022,6,M. gigas,South,TBOC,15-16,Tide,30,66,0,Alive
2022,6,M. gigas,South,TBOC,15-16,Tide,30,67,0,Alive
2022,6,M. gigas,South,TBOC,15-16,Tide,30,68,0,Alive
2022,6,M. gigas,South,TBOC,15-16,Tide,30,69,0,Alive
2022,6,M. gigas,South,TBOC,15-16,Tide,30,70,0,Alive
2022,6,M. gigas,South,TBOC,15-16,Tide,30,71,0,Alive
2022,6,M. gigas,South,TBOC,15-16,Tide,30,72,0,Alive
2022,6,M. gigas,South,TBOC,15-16,Tide,30,73,0,Alive
2022,6,M. gigas,South,TBOC,15-16,Tide,30,74,0,Alive
2022,6,M. gigas,South,TBOC,15-16,Tide,30,75,0,Alive
2022,6,M. gigas,South,TBOC,15-16,Tide,30,76,0,Alive
2022,6,M. gigas,South,TBOC,15-16,Tide,30,77,0,Alive
2022,6,M. gigas,South,TBOC,15-16,Tide,30,78,0,Alive
2022,6,M. gigas,South,TBOC,15-16,Tide,30,79,0,Alive
2022,6,M. gigas,South,TBOC,15-16,Tide,30,80,0,Alive
2022,6,M. gigas,South,TBOC,15-16,Tide,30,81,0,Alive
2022,6,M. gigas,South,TBOC,15-16,Tide,30,82,0,Alive
2022,6,M. gigas,South,TBOC,15-16,Tide,30,83,0,Alive
2022,6,M. gigas,South,TBOC,15-16,Tide,30,84,0,Alive
2022,6,M. gigas,South,TBOC,15-16,Tide,30,85,0,Alive
2022,6,M. gigas,South,TBOC,15-16,Tide,30,86,0,Alive
2022,6,M. gigas,South,TBOC,15-16,Tide,30,87,0,Alive
2022,6,M. gigas,South,TBOC,15-16,Tide,30,88,0,Alive
2022,6,M. gigas,South,TBOC,15-16,Tide,30,89,0,Alive
2022,6,M. gigas,South,TBOC,15-16,Tide,30,90,0,Alive
2022,6,M. gigas,South,TBOC,15-16,Tide,30,91,0,Alive
2022,6,M. gigas,South,TBOC,15-16,Tide,30,92,0,Alive
2022,6,M. gigas,South,TBOC,15-16,Tide,30,93,0,Alive
2022,6,M. gigas,South,TBOC,15-16,Tide,30,94,0,Alive
2022,6,M. gigas,South,TBOC,15-16,Tide,30,95,0,Alive
2022,6,M. gigas,South,TBOC,15-16,Tide,30,96,0,Alive
2022,6,M. gigas,South,TBOC,15-16,Tide,30,97,0,Alive
2022,6,M. gigas,South,TBOC,15-16,Tide,30,98,0,Alive
2022,6,M. gigas,South,TBOC,15-16,Tide,30,99,0,Alive
2022,6,M. gigas,South,TBOC,15-16,Tide,30,100,0,Alive
2022,6,M. gigas,South,TBOC,15-16,Tide,30,101,0,Alive
2022,6,M. gigas,South,TBOC,15-16,Tide,30,102,0,Alive
2022,6,M. gigas,South,TBOC,15-16,Tide,30,103,0,Alive
2022,6,M. gigas,South,TBOC,15-16,Tide,30,104,0,Alive
2022,6,M. gigas,South,TBOC,15-16,Tide,30,105,0,Alive
2022,6,M. gigas,South,TBOC,15-16,Tide,30,106,0,Alive
2022,6,M. gigas,South,TBOC,15-16,Tide,30,107,0,Alive
2022,6,M. gigas,South,TBOC,15-16,Tide,30,108,0,Alive
2022,6,M. gigas,South,TBOC,15-16,Tide,30,109,0,Alive
2022,6,M. gigas,South,TBOC,15-16,Tide,30,110,0,Alive
2022,6,M. gigas,South,TBOC,15-16,Tide,30,111,0,Alive
2022,6,M. gigas,South,TBOC,15-16,Tide,30,112,0,Alive
2022,6,M. gigas,South,TBOC,15-16,Tide,30,113,0,Alive
2022,6,M. gigas,South,TBOC,15-16,Tide,30,114,0,Alive
2022,6,M. gigas,South,TBOC,15-16,Tide,30,115,0,Alive
2022,6,M. gigas,South,TBOC,15-16,Tide,30,116,0,Alive
2022,6,M. gigas,South,TBOC,15-16,Tide,30,117,0,Alive
2022,6,M. gigas,South,TBOC,15-16,Tide,30,118,0,Alive
2022,6,M. gigas,South,TBOC,15-16,Tide,30,119,0,Alive
2022,6,M. gigas,South,TBOC,15-16,Tide,30,120,0,Alive
2022,6,M. gigas,South,TBOC,15-16,Tide,30,121,0,Alive
2022,6,M. gigas,South,TBOC,15-16,Tide,30,122,0,Alive
2022,6,M. gigas,South,TBOC,15-16,Tide,30,123,0,Alive
2022,6,M. gigas,South,TBOC,15-16,Tide,30,124,0,Alive
2022,6,M. gigas,South,TBOC,15-16,Tide,30,125,0,Alive
2022,6,M. gigas,South,TBOC,15-16,Tide,30,126,0,Alive
2022,6,M. gigas,South,TBOC,15-16,Tide,30,127,0,Alive
2022,6,M. gigas,South,TBOC,15-16,Tide,30,128,0,Alive
2022,6,M. gigas,South,TBOC,15-16,Tide,30,129,0,Alive
2022,6,M. gigas,South,TBOC,15-16,Tide,30,130,0,Alive
2022,6,M. gigas,South,TBOC,15-16,Tide,30,131,0,Alive
2022,6,M. gigas,South,TBOC,15-16,Tide,30,132,0,Alive
2022,6,M. gigas,South,TBOC,15-16,Tide,30,133,0,Alive
2022,6,M. gigas,South,TBOC,15-16,Tide,30,134,0,Alive
2022,6,M. gigas,South,TBOC,15-16,Tide,30,135,0,Alive
2022,6,M. gigas,South,TBOC,15-16,Tide,30,136,0,Alive
2022,6,M. gigas,South,TBOC,15-16,Tide,30,137,0,Alive
2022,6,M. gigas,South,TBOC,15-16,Tide,30,138,0,Alive
2022,6,M. gigas,South,TBOC,15-16,Tide,30,139,0,Alive
2022,6,M. gigas,South,TBOC,15-16,Tide,30,140,0,Alive
2022,6,M. gigas,South,TBOC,15-16,Tide,30,141,0,Alive
2022,6,M. gigas,South,TBOC,15-16,Tide,30,142,0,Alive
2022,6,M. gigas,South,TBOC,15-16,Tide,30,143,0,Alive
2022,6,M. gigas,South,TBOC,15-16,Tide,30,144,0,Alive
2022,6,M. gigas,South,TBOC,15-16,Tide,30,145,0,Alive
2022,6,M. gigas,South,TBOC,15-16,Tide,30,146,0,Alive
2022,6,M. gigas,South,TBOC,15-16,Tide,30,147,0,Alive
2022,6,M. gigas,South,TBOC,15-16,Tide,30,148,0,Alive
2022,6,M. gigas,South,TBOC,15-16,Tide,30,149,0,Alive
2022,6,M. gigas,South,TBOC,15-16,Tide,30,150,0,Alive
2022,6,M. gigas,South,TBOC,15-16,Tide,30,151,0,Alive
2022,6,M. gigas,South,TBOC,15-16,Tide,30,152,0,Alive
2022,6,M. gigas,South,TBOC,15-16,Tide,30,153,0,Alive
2022,6,M. gigas,South,TBOC,15-16,Tide,30,154,0,Alive
2022,6,M. gigas,South,TBOC,15-16,Tide,30,155,0,Alive
2022,6,M. gigas,South,TBOC,15-16,Tide,30,156,0,Alive
2022,6,M. gigas,South,TBOC,15-16,Tide,30,157,0,Alive
2022,6,M. gigas,South,TBOC,15-16,Tide,30,158,0,Alive
2022,6,M. gigas,South,TBOC,15-16,Tide,30,159,0,Alive
2022,6,M. gigas,South,TBOC,15-16,Tide,30,160,0,Alive
2022,6,M. gigas,South,TBOC,15-16,Tide,30,161,0,Alive
2022,6,M. gigas,South,TBOC,15-16,Tide,30,162,0,Alive
2022,6,M. gigas,South,TBOC,15-16,Tide,30,163,0,Alive
2022,6,M. gigas,South,TBOC,15-16,Tide,30,164,0,Alive
2022,6,M. gigas,South,TBOC,15-16,Tide,30,165,0,Alive
2022,6,M. gigas,South,TBOC,15-16,Tide,30,166,0,Alive
2022,6,M. gigas,South,TBOC,15-16,Tide,30,167,0,Alive
2022,6,M. gigas,South,TBOC,15-16,Tide,30,168,0,Alive
2022,6,M. gigas,South,TBOC,15-16,Tide,30,169,0,Alive
2022,6,M. gigas,South,TBOC,15-16,Tide,30,170,0,Alive
2022,6,M. gigas,South,TBOC,15-16,Tide,30,171,0,Alive
2022,6,M. gigas,South,TBOC,15-16,Tide,30,172,0,Alive
2022,6,M. gigas,South,TBOC,15-16,Tide,30,173,0,Alive
2022,6,M. gigas,South,TBOC,15-16,Tide,30,174,0,Alive
2022,6,M. gigas,South,TBOC,15-16,Tide,30,175,0,Alive
2022,6,M. gigas,South,TBOC,15-16,Tide,30,176,0,Alive
2022,6,M. gigas,South,TBOC,15-16,Tide,30,177,0,Alive
2022,6,M. gigas,South,TBOC,15-16,Tide,30,178,0,Alive
2022,6,M. gigas,South,TBOC,15-16,Tide,30,179,0,Alive
2022,6,M. gigas,South,TBOC,15-16,Tide,30,180,0,Alive
2022,6,M. gigas,South,TBOC,15-16,Tide,30,181,0,Alive
2022,6,M. gigas,South,TBOC,15-16,Tide,30,182,0,Alive
2022,6,M. gigas,South,TBOC,15-16,Tide,30,183,0,Alive
2022,6,M. gigas,South,TBOC,15-16,Tide,30,184,0,Alive
2022,6,M. gigas,South,TBOC,15-16,Tide,30,185,0,Alive
2022,6,M. gigas,South,TBOC,15-16,Tide,30,186,0,Alive
2022,6,M. gigas,South,TBOC,15-16,Tide,30,187,0,Alive
2022,6,M. gigas,South,TBOC,15-16,Tide,30,188,0,Alive
2022,6,M. gigas,South,TBOC,15-16,Tide,30,189,0,Alive
2022,6,M. gigas,South,TBOC,15-16,Tide,30,190,0,Alive
2022,6,M. gigas,South,TBOC,15-16,Tide,30,191,0,Alive
2022,6,M. gigas,South,TBOC,15-16,Tide,30,192,0,Alive
2022,6,M. gigas,South,TBOC,15-16,Tide,30,193,0,Alive
2022,6,M. gigas,South,TBOC,15-16,Tide,30,194,0,Alive
2022,6,M. gigas,South,TBOC,15-16,Tide,30,195,0,Alive
2022,6,M. gigas,South,TBOC,15-16,Tide,30,196,0,Alive
2022,6,M. gigas,South,TBOC,15-16,Tide,30,197,0,Alive
2022,6,M. gigas,South,TBOC,15-16,Tide,30,198,0,Alive
2022,6,M. gigas,South,TBOC,15-16,Tide,30,199,0,Alive
2022,6,M. gigas,South,TBOC,15-16,Tide,30,200,0,Alive
2022,6,M. gigas,South,TBOC,15-16,Tide,30,201,0,Alive
2022,6,M. gigas,South,TBOC,15-16,Tide,30,202,0,Alive
2022,6,M. gigas,South,TBOC,15-16,Tide,30,203,0,Alive
2022,6,M. gigas,South,TBOC,15-16,Tide,30,204,0,Alive
2022,6,M. gigas,South,TBOC,15-16,Tide,30,205,0,Alive
2022,6,M. gigas,South,TBOC,15-16,Tide,30,206,0,Alive
2022,6,M. gigas,South,TBOC,15-16,Tide,30,207,0,Alive
2022,6,M. gigas,South,TBOC,15-16,Tide,30,208,0,Alive
2022,6,M. gigas,South,TBOC,15-16,Tide,30,209,0,Alive
2022,6,M. gigas,South,TBOC,15-16,Tide,30,210,0,Alive
2022,6,M. gigas,South,TBOC,15-16,Tide,30,211,0,Alive
2022,6,M. gigas,South,TBOC,15-16,Tide,30,212,0,Alive
2022,6,M. gigas,South,TBOC,15-16,Tide,30,213,0,Alive
2022,6,M. gigas,South,TBOC,15-16,Tide,30,214,0,Alive
2022,6,M. gigas,South,TBOC,15-16,Tide,30,215,0,Alive
2022,6,M. gigas,South,TBOC,15-16,Tide,30,216,0,Alive
2022,6,M. gigas,South,TBOC,15-16,Tide,30,217,0,Alive
2022,6,M. gigas,South,TBOC,15-16,Tide,30,218,0,Alive
2022,6,M. gigas,South,TBOC,15-16,Tide,30,219,0,Alive
2022,6,M. gigas,South,TBOC,15-16,Tide,30,220,0,Alive
2022,6,M. gigas,South,TBOC,15-16,Tide,30,221,0,Alive
2022,6,M. gigas,South,TBOC,15-16,Tide,30,222,0,Alive
2022,6,M. gigas,South,TBOC,15-16,Tide,30,223,0,Alive
2022,6,M. gigas,South,TBOC,15-16,Tide,30,224,0,Alive
2022,6,M. gigas,South,TBOC,15-16,Tide,30,225,0,Alive
2022,6,M. gigas,South,TBOC,15-16,Tide,30,226,0,Alive
2022,6,M. gigas,South,TBOC,15-16,Tide,30,227,0,Alive
2022,6,M. gigas,South,TBOC,15-16,Tide,30,228,0,Alive
2022,6,M. gigas,South,TBOC,15-16,Tide,30,229,0,Alive
2022,6,M. gigas,South,TBOC,15-16,Tide,30,230,0,Alive
2022,6,M. gigas,South,TBOC,15-16,Tide,30,231,0,Alive
2022,6,M. gigas,South,TBOC,15-16,Tide,30,232,0,Alive
2022,6,M. gigas,South,TBOC,15-16,Tide,30,233,0,Alive
2022,6,M. gigas,South,TBOC,15-16,Tide,30,234,0,Alive
2022,6,M. gigas,South,TBOC,15-16,Tide,30,235,0,Alive
2022,6,M. gigas,South,TBOC,15-16,Tide,30,236,0,Alive
2022,6,M. gigas,South,TBOC,15-16,Tide,30,237,0,Alive
2022,6,M. gigas,South,TBOC,15-16,Tide,30,238,0,Alive
2022,6,M. gigas,South,TBOC,15-16,Tide,30,239,0,Alive
2022,6,M. gigas,South,TBOC,15-16,Tide,30,240,0,Alive
2022,6,M. gigas,South,TBOC,15-16,Tide,30,241,0,Alive
2022,6,M. gigas,South,TBOC,15-16,Tide,30,242,0,Alive
2022,6,M. gigas,South,TBOC,15-16,Tide,30,243,0,Alive
2022,6,M. gigas,South,TBOC,15-16,Tide,30,244,0,Alive
2022,6,M. gigas,South,TBOC,15-16,Tide,30,245,0,Alive
2022,6,M. gigas,South,TBOC,15-16,Tide,30,246,0,Alive
2022,6,M. gigas,South,TBOC,15-16,Tide,30,247,0,Alive
2022,6,M. gigas,South,TBOC,15-16,Tide,30,248,0,Alive
2022,6,M. gigas,South,TBOC,15-16,Tide,30,249,0,Alive
2022,6,M. gigas,South,TBOC,15-16,Tide,30,250,0,Alive
2022,6,M. gigas,North,HIOC,21,No Tide,10,1,1,Dead
2022,6,M. gigas,North,HIOC,21,No Tide,10,2,1,Dead
2022,6,M. gigas,North,HIOC,21,No Tide,10,3,1,Dead
2022,6,M. gigas,North,HIOC,21,No Tide,10,4,1,Dead
2022,6,M. gigas,North,HIOC,21,No Tide,10,5,1,Dead
2022,6,M. gigas,North,HIOC,21,No Tide,10,6,1,Dead
2022,6,M. gigas,North,HIOC,21,No Tide,10,7,1,Dead
2022,6,M. gigas,North,HIOC,21,No Tide,10,8,1,Dead
2022,6,M. gigas,North,HIOC,21,No Tide,10,9,1,Dead
2022,6,M. gigas,North,HIOC,21,No Tide,10,10,1,Dead
2022,6,M. gigas,North,HIOC,21,No Tide,10,11,1,Dead
2022,6,M. gigas,North,HIOC,21,No Tide,10,12,1,Dead
2022,6,M. gigas,North,HIOC,21,No Tide,10,13,1,Dead
2022,6,M. gigas,North,HIOC,21,No Tide,10,14,1,Dead
2022,6,M. gigas,North,HIOC,21,No Tide,10,15,1,Dead
2022,6,M. gigas,North,HIOC,21,No Tide,10,16,1,Dead
2022,6,M. gigas,North,HIOC,21,No Tide,10,17,1,Dead
2022,6,M. gigas,North,HIOC,21,No Tide,10,18,1,Dead
2022,6,M. gigas,North,HIOC,21,No Tide,10,19,1,Dead
2022,6,M. gigas,North,HIOC,21,No Tide,10,20,1,Dead
2022,6,M. gigas,North,HIOC,21,No Tide,10,21,1,Dead
2022,6,M. gigas,North,HIOC,21,No Tide,10,22,1,Dead
2022,6,M. gigas,North,HIOC,21,No Tide,10,23,1,Dead
2022,6,M. gigas,North,HIOC,21,No Tide,10,24,1,Dead
2022,6,M. gigas,North,HIOC,21,No Tide,10,25,1,Dead
2022,6,M. gigas,North,HIOC,21,No Tide,10,26,1,Dead
2022,6,M. gigas,North,HIOC,21,No Tide,10,27,1,Dead
2022,6,M. gigas,North,HIOC,21,No Tide,10,28,1,Dead
2022,6,M. gigas,North,HIOC,21,No Tide,10,29,1,Dead
2022,6,M. gigas,North,HIOC,21,No Tide,10,30,1,Dead
2022,6,M. gigas,North,HIOC,21,No Tide,10,31,1,Dead
2022,6,M. gigas,North,HIOC,21,No Tide,10,32,1,Dead
2022,6,M. gigas,North,HIOC,21,No Tide,10,33,1,Dead
2022,6,M. gigas,North,HIOC,21,No Tide,10,34,1,Dead
2022,6,M. gigas,North,HIOC,21,No Tide,10,35,1,Dead
2022,6,M. gigas,North,HIOC,21,No Tide,10,36,1,Dead
2022,6,M. gigas,North,HIOC,21,No Tide,10,37,1,Dead
2022,6,M. gigas,North,HIOC,21,No Tide,10,38,1,Dead
2022,6,M. gigas,North,HIOC,21,No Tide,10,39,1,Dead
2022,6,M. gigas,North,HIOC,21,No Tide,10,40,1,Dead
2022,6,M. gigas,North,HIOC,21,No Tide,10,41,1,Dead
2022,6,M. gigas,North,HIOC,21,No Tide,10,42,1,Dead
2022,6,M. gigas,North,HIOC,21,No Tide,10,43,1,Dead
2022,6,M. gigas,North,HIOC,21,No Tide,10,44,1,Dead
2022,6,M. gigas,North,HIOC,21,No Tide,10,45,1,Dead
2022,6,M. gigas,North,HIOC,21,No Tide,10,46,1,Dead
2022,6,M. gigas,North,HIOC,21,No Tide,10,47,1,Dead
2022,6,M. gigas,North,HIOC,21,No Tide,10,48,1,Dead
2022,6,M. gigas,North,HIOC,21,No Tide,10,49,1,Dead
2022,6,M. gigas,North,HIOC,21,No Tide,10,50,1,Dead
2022,6,M. gigas,North,HIOC,21,No Tide,10,51,1,Dead
2022,6,M. gigas,North,HIOC,21,No Tide,10,52,1,Dead
2022,6,M. gigas,North,HIOC,21,No Tide,10,53,1,Dead
2022,6,M. gigas,North,HIOC,21,No Tide,10,54,1,Dead
2022,6,M. gigas,North,HIOC,21,No Tide,10,55,1,Dead
2022,6,M. gigas,North,HIOC,21,No Tide,10,56,1,Dead
2022,6,M. gigas,North,HIOC,21,No Tide,10,57,1,Dead
2022,6,M. gigas,North,HIOC,21,No Tide,10,58,1,Dead
2022,6,M. gigas,North,HIOC,21,No Tide,10,59,1,Dead
2022,6,M. gigas,North,HIOC,21,No Tide,10,60,1,Dead
2022,6,M. gigas,North,HIOC,21,No Tide,10,61,1,Dead
2022,6,M. gigas,North,HIOC,21,No Tide,10,62,1,Dead
2022,6,M. gigas,North,HIOC,21,No Tide,10,63,1,Dead
2022,6,M. gigas,North,HIOC,21,No Tide,10,64,1,Dead
2022,6,M. gigas,North,HIOC,21,No Tide,10,65,1,Dead
2022,6,M. gigas,North,HIOC,21,No Tide,10,66,1,Dead
2022,6,M. gigas,North,HIOC,21,No Tide,10,67,1,Dead
2022,6,M. gigas,North,HIOC,21,No Tide,10,68,1,Dead
2022,6,M. gigas,North,HIOC,21,No Tide,10,69,1,Dead
2022,6,M. gigas,North,HIOC,21,No Tide,10,70,1,Dead
2022,6,M. gigas,North,HIOC,21,No Tide,10,71,1,Dead
2022,6,M. gigas,North,HIOC,21,No Tide,10,72,1,Dead
2022,6,M. gigas,North,HIOC,21,No Tide,10,73,1,Dead
2022,6,M. gigas,North,HIOC,21,No Tide,10,74,1,Dead
2022,6,M. gigas,North,HIOC,21,No Tide,10,75,1,Dead
2022,6,M. gigas,North,HIOC,21,No Tide,10,76,1,Dead
2022,6,M. gigas,North,HIOC,21,No Tide,10,77,1,Dead
2022,6,M. gigas,North,HIOC,21,No Tide,10,78,1,Dead
2022,6,M. gigas,North,HIOC,21,No Tide,10,79,1,Dead
2022,6,M. gigas,North,HIOC,21,No Tide,10,80,1,Dead
2022,6,M. gigas,North,HIOC,21,No Tide,10,81,1,Dead
2022,6,M. gigas,North,HIOC,21,No Tide,10,82,1,Dead
2022,6,M. gigas,North,HIOC,21,No Tide,10,83,1,Dead
2022,6,M. gigas,North,HIOC,21,No Tide,10,84,1,Dead
2022,6,M. gigas,North,HIOC,21,No Tide,10,85,1,Dead
2022,6,M. gigas,North,HIOC,21,No Tide,10,86,1,Dead
2022,6,M. gigas,North,HIOC,21,No Tide,10,87,1,Dead
2022,6,M. gigas,North,HIOC,21,No Tide,10,88,1,Dead
2022,6,M. gigas,North,HIOC,21,No Tide,10,89,1,Dead
2022,6,M. gigas,North,HIOC,21,No Tide,10,90,1,Dead
2022,6,M. gigas,North,HIOC,21,No Tide,10,91,0,Alive
2022,6,M. gigas,North,HIOC,21,No Tide,10,92,0,Alive
2022,6,M. gigas,North,HIOC,21,No Tide,10,93,0,Alive
2022,6,M. gigas,North,HIOC,21,No Tide,10,94,0,Alive
2022,6,M. gigas,North,HIOC,21,No Tide,10,95,0,Alive
2022,6,M. gigas,North,HIOC,21,No Tide,10,96,0,Alive
2022,6,M. gigas,North,HIOC,21,No Tide,10,97,0,Alive
2022,6,M. gigas,North,HIOC,21,No Tide,10,98,0,Alive
2022,6,M. gigas,North,HIOC,21,No Tide,10,99,0,Alive
2022,6,M. gigas,North,HIOC,21,No Tide,10,100,0,Alive
2022,6,M. gigas,North,HIOC,21,No Tide,10,101,0,Alive
2022,6,M. gigas,North,HIOC,21,No Tide,10,102,0,Alive
2022,6,M. gigas,North,HIOC,21,No Tide,10,103,0,Alive
2022,6,M. gigas,North,HIOC,21,No Tide,10,104,0,Alive
2022,6,M. gigas,North,HIOC,21,No Tide,10,105,0,Alive
2022,6,M. gigas,North,HIOC,21,No Tide,10,106,0,Alive
2022,6,M. gigas,North,HIOC,21,No Tide,10,107,0,Alive
2022,6,M. gigas,North,HIOC,21,No Tide,10,108,0,Alive
2022,6,M. gigas,North,HIOC,21,No Tide,10,109,0,Alive
2022,6,M. gigas,North,HIOC,21,No Tide,10,110,0,Alive
2022,6,M. gigas,North,HIOC,21,No Tide,10,111,0,Alive
2022,6,M. gigas,North,HIOC,21,No Tide,10,112,0,Alive
2022,6,M. gigas,North,HIOC,21,No Tide,10,113,0,Alive
2022,6,M. gigas,North,HIOC,21,No Tide,10,114,0,Alive
2022,6,M. gigas,North,HIOC,21,No Tide,10,115,0,Alive
2022,6,M. gigas,North,HIOC,21,No Tide,10,116,0,Alive
2022,6,M. gigas,North,HIOC,21,No Tide,10,117,0,Alive
2022,6,M. gigas,North,HIOC,21,No Tide,10,118,0,Alive
2022,6,M. gigas,North,HIOC,21,No Tide,10,119,0,Alive
2022,6,M. gigas,North,HIOC,21,No Tide,10,120,0,Alive
2022,6,M. gigas,North,HIOC,21,No Tide,10,121,0,Alive
2022,6,M. gigas,North,HIOC,21,No Tide,10,122,0,Alive
2022,6,M. gigas,North,HIOC,21,No Tide,10,123,0,Alive
2022,6,M. gigas,North,HIOC,21,No Tide,10,124,0,Alive
2022,6,M. gigas,North,HIOC,21,No Tide,10,125,0,Alive
2022,6,M. gigas,North,HIOC,21,No Tide,10,126,0,Alive
2022,6,M. gigas,North,HIOC,21,No Tide,10,127,0,Alive
2022,6,M. gigas,North,HIOC,21,No Tide,10,128,0,Alive
2022,6,M. gigas,North,HIOC,21,No Tide,10,129,0,Alive
2022,6,M. gigas,North,HIOC,21,No Tide,10,130,0,Alive
2022,6,M. gigas,North,HIOC,21,No Tide,10,131,0,Alive
2022,6,M. gigas,North,HIOC,21,No Tide,10,132,0,Alive
2022,6,M. gigas,North,HIOC,21,No Tide,10,133,0,Alive
2022,6,M. gigas,North,HIOC,21,No Tide,10,134,0,Alive
2022,6,M. gigas,North,HIOC,21,No Tide,10,135,0,Alive
2022,6,M. gigas,North,HIOC,21,No Tide,10,136,0,Alive
2022,6,M. gigas,North,HIOC,21,No Tide,10,137,0,Alive
2022,6,M. gigas,North,HIOC,21,No Tide,10,138,0,Alive
2022,6,M. gigas,North,HIOC,21,No Tide,10,139,0,Alive
2022,6,M. gigas,North,HIOC,21,No Tide,10,140,0,Alive
2022,6,M. gigas,North,HIOC,21,No Tide,10,141,0,Alive
2022,6,M. gigas,North,HIOC,21,No Tide,10,142,0,Alive
2022,6,M. gigas,North,HIOC,21,No Tide,10,143,0,Alive
2022,6,M. gigas,North,HIOC,21,No Tide,10,144,0,Alive
2022,6,M. gigas,North,HIOC,21,No Tide,10,145,0,Alive
2022,6,M. gigas,North,HIOC,21,No Tide,10,146,0,Alive
2022,6,M. gigas,North,HIOC,21,No Tide,10,147,0,Alive
2022,6,M. gigas,North,HIOC,21,No Tide,10,148,0,Alive
2022,6,M. gigas,North,HIOC,21,No Tide,10,149,0,Alive
2022,6,M. gigas,North,HIOC,21,No Tide,10,150,0,Alive
2022,6,M. gigas,North,HIOC,21,No Tide,10,151,0,Alive
2022,6,M. gigas,North,HIOC,21,No Tide,10,152,0,Alive
2022,6,M. gigas,North,HIOC,21,No Tide,10,153,0,Alive
2022,6,M. gigas,North,HIOC,21,No Tide,10,154,0,Alive
2022,6,M. gigas,North,HIOC,21,No Tide,10,155,0,Alive
2022,6,M. gigas,North,HIOC,21,No Tide,10,156,0,Alive
2022,6,M. gigas,North,HIOC,21,No Tide,10,157,0,Alive
2022,6,M. gigas,North,HIOC,21,No Tide,10,158,0,Alive
2022,6,M. gigas,North,HIOC,21,No Tide,10,159,0,Alive
2022,6,M. gigas,North,HIOC,21,No Tide,10,160,0,Alive
2022,6,M. gigas,North,HIOC,21,No Tide,10,161,0,Alive
2022,6,M. gigas,North,HIOC,21,No Tide,10,162,0,Alive
2022,6,M. gigas,North,HIOC,21,No Tide,10,163,0,Alive
2022,6,M. gigas,North,HIOC,21,No Tide,10,164,0,Alive
2022,6,M. gigas,North,HIOC,21,No Tide,10,165,0,Alive
2022,6,M. gigas,North,HIOC,21,No Tide,10,166,0,Alive
2022,6,M. gigas,North,HIOC,21,No Tide,10,167,0,Alive
2022,6,M. gigas,North,HIOC,21,No Tide,10,168,0,Alive
2022,6,M. gigas,North,HIOC,21,No Tide,10,169,0,Alive
2022,6,M. gigas,North,HIOC,21,No Tide,10,170,0,Alive
2022,6,M. gigas,North,HIOC,21,No Tide,10,171,0,Alive
2022,6,M. gigas,North,HIOC,21,No Tide,10,172,0,Alive
2022,6,M. gigas,North,HIOC,21,No Tide,10,173,0,Alive
2022,6,M. gigas,North,HIOC,21,No Tide,10,174,0,Alive
2022,6,M. gigas,North,HIOC,21,No Tide,10,175,0,Alive
2022,6,M. gigas,North,HIOC,21,No Tide,10,176,0,Alive
2022,6,M. gigas,North,HIOC,21,No Tide,10,177,0,Alive
2022,6,M. gigas,North,HIOC,21,No Tide,10,178,0,Alive
2022,6,M. gigas,North,HIOC,21,No Tide,10,179,0,Alive
2022,6,M. gigas,North,HIOC,21,No Tide,10,180,0,Alive
2022,6,M. gigas,North,HIOC,21,No Tide,10,181,0,Alive
2022,6,M. gigas,North,HIOC,21,No Tide,10,182,0,Alive
2022,6,M. gigas,North,HIOC,21,No Tide,10,183,0,Alive
2022,6,M. gigas,North,HIOC,21,No Tide,10,184,0,Alive
2022,6,M. gigas,North,HIOC,21,No Tide,10,185,0,Alive
2022,6,M. gigas,North,HIOC,21,No Tide,10,186,0,Alive
2022,6,M. gigas,North,HIOC,21,No Tide,10,187,0,Alive
2022,6,M. gigas,North,HIOC,21,No Tide,10,188,0,Alive
2022,6,M. gigas,North,HIOC,21,No Tide,10,189,0,Alive
2022,6,M. gigas,North,HIOC,21,No Tide,10,190,0,Alive
2022,6,M. gigas,North,HIOC,21,No Tide,10,191,0,Alive
2022,6,M. gigas,North,HIOC,21,No Tide,10,192,0,Alive
2022,6,M. gigas,North,HIOC,21,No Tide,10,193,0,Alive
2022,6,M. gigas,North,HIOC,21,No Tide,10,194,0,Alive
2022,6,M. gigas,North,HIOC,21,No Tide,10,195,0,Alive
2022,6,M. gigas,North,HIOC,21,No Tide,10,196,0,Alive
2022,6,M. gigas,North,HIOC,21,No Tide,10,197,0,Alive
2022,6,M. gigas,North,HIOC,21,No Tide,10,198,0,Alive
2022,6,M. gigas,North,HIOC,21,No Tide,10,199,0,Alive
2022,6,M. gigas,North,HIOC,21,No Tide,10,200,0,Alive
2022,6,M. gigas,North,HIOC,21,No Tide,10,201,0,Alive
2022,6,M. gigas,North,HIOC,21,No Tide,10,202,0,Alive
2022,6,M. gigas,North,HIOC,21,No Tide,10,203,0,Alive
2022,6,M. gigas,North,HIOC,21,No Tide,10,204,0,Alive
2022,6,M. gigas,North,HIOC,21,No Tide,10,205,0,Alive
2022,6,M. gigas,North,HIOC,21,No Tide,10,206,0,Alive
2022,6,M. gigas,North,HIOC,21,No Tide,10,207,0,Alive
2022,6,M. gigas,North,HIOC,21,No Tide,10,208,0,Alive
2022,6,M. gigas,North,HIOC,21,No Tide,10,209,0,Alive
2022,6,M. gigas,North,HIOC,21,No Tide,10,210,0,Alive
2022,6,M. gigas,North,HIOC,21,No Tide,10,211,0,Alive
2022,6,M. gigas,North,HIOC,21,No Tide,10,212,0,Alive
2022,6,M. gigas,North,HIOC,21,No Tide,10,213,0,Alive
2022,6,M. gigas,North,HIOC,21,No Tide,10,214,0,Alive
2022,6,M. gigas,North,HIOC,21,No Tide,10,215,0,Alive
2022,6,M. gigas,North,HIOC,21,No Tide,10,216,0,Alive
2022,6,M. gigas,North,HIOC,21,No Tide,10,217,0,Alive
2022,6,M. gigas,North,HIOC,21,No Tide,10,218,0,Alive
2022,6,M. gigas,North,HIOC,21,No Tide,10,219,0,Alive
2022,6,M. gigas,North,HIOC,21,No Tide,10,220,0,Alive
2022,6,M. gigas,North,HIOC,21,No Tide,10,221,0,Alive
2022,6,M. gigas,North,HIOC,21,No Tide,10,222,0,Alive
2022,6,M. gigas,North,HIOC,21,No Tide,10,223,0,Alive
2022,6,M. gigas,North,HIOC,21,No Tide,10,224,0,Alive
2022,6,M. gigas,North,HIOC,21,No Tide,10,225,0,Alive
2022,6,M. gigas,North,HIOC,21,No Tide,10,226,0,Alive
2022,6,M. gigas,North,HIOC,21,No Tide,10,227,0,Alive
2022,6,M. gigas,North,HIOC,21,No Tide,10,228,0,Alive
2022,6,M. gigas,North,HIOC,21,No Tide,10,229,0,Alive
2022,6,M. gigas,North,HIOC,21,No Tide,10,230,0,Alive
2022,6,M. gigas,North,HIOC,21,No Tide,10,231,0,Alive
2022,6,M. gigas,North,HIOC,21,No Tide,10,232,0,Alive
2022,6,M. gigas,North,HIOC,21,No Tide,10,233,0,Alive
2022,6,M. gigas,North,HIOC,21,No Tide,10,234,0,Alive
2022,6,M. gigas,North,HIOC,21,No Tide,10,235,0,Alive
2022,6,M. gigas,North,HIOC,21,No Tide,10,236,0,Alive
2022,6,M. gigas,North,HIOC,21,No Tide,10,237,0,Alive
2022,6,M. gigas,North,HIOC,21,No Tide,10,238,0,Alive
2022,6,M. gigas,North,HIOC,21,No Tide,10,239,0,Alive
2022,6,M. gigas,North,HIOC,21,No Tide,10,240,0,Alive
2022,6,M. gigas,North,HIOC,21,No Tide,10,241,0,Alive
2022,6,M. gigas,North,HIOC,21,No Tide,10,242,0,Alive
2022,6,M. gigas,North,HIOC,21,No Tide,10,243,0,Alive
2022,6,M. gigas,North,HIOC,21,No Tide,10,244,0,Alive
2022,6,M. gigas,North,HIOC,21,No Tide,10,245,0,Alive
2022,6,M. gigas,North,HIOC,21,No Tide,10,246,0,Alive
2022,6,M. gigas,North,HIOC,21,No Tide,10,247,0,Alive
2022,6,M. gigas,North,HIOC,21,No Tide,10,248,0,Alive
2022,6,M. gigas,North,HIOC,21,No Tide,10,249,0,Alive
2022,6,M. gigas,North,HIOC,21,No Tide,10,250,0,Alive
2022,6,M. gigas,North,HIOC,21,No Tide,11,1,1,Dead
2022,6,M. gigas,North,HIOC,21,No Tide,11,2,1,Dead
2022,6,M. gigas,North,HIOC,21,No Tide,11,3,1,Dead
2022,6,M. gigas,North,HIOC,21,No Tide,11,4,1,Dead
2022,6,M. gigas,North,HIOC,21,No Tide,11,5,1,Dead
2022,6,M. gigas,North,HIOC,21,No Tide,11,6,1,Dead
2022,6,M. gigas,North,HIOC,21,No Tide,11,7,1,Dead
2022,6,M. gigas,North,HIOC,21,No Tide,11,8,1,Dead
2022,6,M. gigas,North,HIOC,21,No Tide,11,9,1,Dead
2022,6,M. gigas,North,HIOC,21,No Tide,11,10,1,Dead
2022,6,M. gigas,North,HIOC,21,No Tide,11,11,1,Dead
2022,6,M. gigas,North,HIOC,21,No Tide,11,12,1,Dead
2022,6,M. gigas,North,HIOC,21,No Tide,11,13,1,Dead
2022,6,M. gigas,North,HIOC,21,No Tide,11,14,1,Dead
2022,6,M. gigas,North,HIOC,21,No Tide,11,15,1,Dead
2022,6,M. gigas,North,HIOC,21,No Tide,11,16,1,Dead
2022,6,M. gigas,North,HIOC,21,No Tide,11,17,1,Dead
2022,6,M. gigas,North,HIOC,21,No Tide,11,18,1,Dead
2022,6,M. gigas,North,HIOC,21,No Tide,11,19,1,Dead
2022,6,M. gigas,North,HIOC,21,No Tide,11,20,1,Dead
2022,6,M. gigas,North,HIOC,21,No Tide,11,21,1,Dead
2022,6,M. gigas,North,HIOC,21,No Tide,11,22,1,Dead
2022,6,M. gigas,North,HIOC,21,No Tide,11,23,1,Dead
2022,6,M. gigas,North,HIOC,21,No Tide,11,24,1,Dead
2022,6,M. gigas,North,HIOC,21,No Tide,11,25,1,Dead
2022,6,M. gigas,North,HIOC,21,No Tide,11,26,1,Dead
2022,6,M. gigas,North,HIOC,21,No Tide,11,27,1,Dead
2022,6,M. gigas,North,HIOC,21,No Tide,11,28,1,Dead
2022,6,M. gigas,North,HIOC,21,No Tide,11,29,1,Dead
2022,6,M. gigas,North,HIOC,21,No Tide,11,30,1,Dead
2022,6,M. gigas,North,HIOC,21,No Tide,11,31,1,Dead
2022,6,M. gigas,North,HIOC,21,No Tide,11,32,1,Dead
2022,6,M. gigas,North,HIOC,21,No Tide,11,33,1,Dead
2022,6,M. gigas,North,HIOC,21,No Tide,11,34,1,Dead
2022,6,M. gigas,North,HIOC,21,No Tide,11,35,1,Dead
2022,6,M. gigas,North,HIOC,21,No Tide,11,36,1,Dead
2022,6,M. gigas,North,HIOC,21,No Tide,11,37,1,Dead
2022,6,M. gigas,North,HIOC,21,No Tide,11,38,1,Dead
2022,6,M. gigas,North,HIOC,21,No Tide,11,39,1,Dead
2022,6,M. gigas,North,HIOC,21,No Tide,11,40,1,Dead
2022,6,M. gigas,North,HIOC,21,No Tide,11,41,1,Dead
2022,6,M. gigas,North,HIOC,21,No Tide,11,42,1,Dead
2022,6,M. gigas,North,HIOC,21,No Tide,11,43,1,Dead
2022,6,M. gigas,North,HIOC,21,No Tide,11,44,1,Dead
2022,6,M. gigas,North,HIOC,21,No Tide,11,45,1,Dead
2022,6,M. gigas,North,HIOC,21,No Tide,11,46,1,Dead
2022,6,M. gigas,North,HIOC,21,No Tide,11,47,1,Dead
2022,6,M. gigas,North,HIOC,21,No Tide,11,48,1,Dead
2022,6,M. gigas,North,HIOC,21,No Tide,11,49,1,Dead
2022,6,M. gigas,North,HIOC,21,No Tide,11,50,1,Dead
2022,6,M. gigas,North,HIOC,21,No Tide,11,51,1,Dead
2022,6,M. gigas,North,HIOC,21,No Tide,11,52,1,Dead
2022,6,M. gigas,North,HIOC,21,No Tide,11,53,1,Dead
2022,6,M. gigas,North,HIOC,21,No Tide,11,54,1,Dead
2022,6,M. gigas,North,HIOC,21,No Tide,11,55,1,Dead
2022,6,M. gigas,North,HIOC,21,No Tide,11,56,1,Dead
2022,6,M. gigas,North,HIOC,21,No Tide,11,57,1,Dead
2022,6,M. gigas,North,HIOC,21,No Tide,11,58,1,Dead
2022,6,M. gigas,North,HIOC,21,No Tide,11,59,1,Dead
2022,6,M. gigas,North,HIOC,21,No Tide,11,60,1,Dead
2022,6,M. gigas,North,HIOC,21,No Tide,11,61,1,Dead
2022,6,M. gigas,North,HIOC,21,No Tide,11,62,1,Dead
2022,6,M. gigas,North,HIOC,21,No Tide,11,63,1,Dead
2022,6,M. gigas,North,HIOC,21,No Tide,11,64,1,Dead
2022,6,M. gigas,North,HIOC,21,No Tide,11,65,1,Dead
2022,6,M. gigas,North,HIOC,21,No Tide,11,66,1,Dead
2022,6,M. gigas,North,HIOC,21,No Tide,11,67,1,Dead
2022,6,M. gigas,North,HIOC,21,No Tide,11,68,1,Dead
2022,6,M. gigas,North,HIOC,21,No Tide,11,69,1,Dead
2022,6,M. gigas,North,HIOC,21,No Tide,11,70,1,Dead
2022,6,M. gigas,North,HIOC,21,No Tide,11,71,1,Dead
2022,6,M. gigas,North,HIOC,21,No Tide,11,72,1,Dead
2022,6,M. gigas,North,HIOC,21,No Tide,11,73,1,Dead
2022,6,M. gigas,North,HIOC,21,No Tide,11,74,1,Dead
2022,6,M. gigas,North,HIOC,21,No Tide,11,75,1,Dead
2022,6,M. gigas,North,HIOC,21,No Tide,11,76,1,Dead
2022,6,M. gigas,North,HIOC,21,No Tide,11,77,1,Dead
2022,6,M. gigas,North,HIOC,21,No Tide,11,78,1,Dead
2022,6,M. gigas,North,HIOC,21,No Tide,11,79,1,Dead
2022,6,M. gigas,North,HIOC,21,No Tide,11,80,1,Dead
2022,6,M. gigas,North,HIOC,21,No Tide,11,81,1,Dead
2022,6,M. gigas,North,HIOC,21,No Tide,11,82,1,Dead
2022,6,M. gigas,North,HIOC,21,No Tide,11,83,1,Dead
2022,6,M. gigas,North,HIOC,21,No Tide,11,84,1,Dead
2022,6,M. gigas,North,HIOC,21,No Tide,11,85,1,Dead
2022,6,M. gigas,North,HIOC,21,No Tide,11,86,1,Dead
2022,6,M. gigas,North,HIOC,21,No Tide,11,87,1,Dead
2022,6,M. gigas,North,HIOC,21,No Tide,11,88,1,Dead
2022,6,M. gigas,North,HIOC,21,No Tide,11,89,1,Dead
2022,6,M. gigas,North,HIOC,21,No Tide,11,90,1,Dead
2022,6,M. gigas,North,HIOC,21,No Tide,11,91,1,Dead
2022,6,M. gigas,North,HIOC,21,No Tide,11,92,1,Dead
2022,6,M. gigas,North,HIOC,21,No Tide,11,93,1,Dead
2022,6,M. gigas,North,HIOC,21,No Tide,11,94,1,Dead
2022,6,M. gigas,North,HIOC,21,No Tide,11,95,1,Dead
2022,6,M. gigas,North,HIOC,21,No Tide,11,96,1,Dead
2022,6,M. gigas,North,HIOC,21,No Tide,11,97,1,Dead
2022,6,M. gigas,North,HIOC,21,No Tide,11,98,1,Dead
2022,6,M. gigas,North,HIOC,21,No Tide,11,99,1,Dead
2022,6,M. gigas,North,HIOC,21,No Tide,11,100,1,Dead
2022,6,M. gigas,North,HIOC,21,No Tide,11,101,1,Dead
2022,6,M. gigas,North,HIOC,21,No Tide,11,102,1,Dead
2022,6,M. gigas,North,HIOC,21,No Tide,11,103,1,Dead
2022,6,M. gigas,North,HIOC,21,No Tide,11,104,1,Dead
2022,6,M. gigas,North,HIOC,21,No Tide,11,105,1,Dead
2022,6,M. gigas,North,HIOC,21,No Tide,11,106,1,Dead
2022,6,M. gigas,North,HIOC,21,No Tide,11,107,1,Dead
2022,6,M. gigas,North,HIOC,21,No Tide,11,108,1,Dead
2022,6,M. gigas,North,HIOC,21,No Tide,11,109,0,Alive
2022,6,M. gigas,North,HIOC,21,No Tide,11,110,0,Alive
2022,6,M. gigas,North,HIOC,21,No Tide,11,111,0,Alive
2022,6,M. gigas,North,HIOC,21,No Tide,11,112,0,Alive
2022,6,M. gigas,North,HIOC,21,No Tide,11,113,0,Alive
2022,6,M. gigas,North,HIOC,21,No Tide,11,114,0,Alive
2022,6,M. gigas,North,HIOC,21,No Tide,11,115,0,Alive
2022,6,M. gigas,North,HIOC,21,No Tide,11,116,0,Alive
2022,6,M. gigas,North,HIOC,21,No Tide,11,117,0,Alive
2022,6,M. gigas,North,HIOC,21,No Tide,11,118,0,Alive
2022,6,M. gigas,North,HIOC,21,No Tide,11,119,0,Alive
2022,6,M. gigas,North,HIOC,21,No Tide,11,120,0,Alive
2022,6,M. gigas,North,HIOC,21,No Tide,11,121,0,Alive
2022,6,M. gigas,North,HIOC,21,No Tide,11,122,0,Alive
2022,6,M. gigas,North,HIOC,21,No Tide,11,123,0,Alive
2022,6,M. gigas,North,HIOC,21,No Tide,11,124,0,Alive
2022,6,M. gigas,North,HIOC,21,No Tide,11,125,0,Alive
2022,6,M. gigas,North,HIOC,21,No Tide,11,126,0,Alive
2022,6,M. gigas,North,HIOC,21,No Tide,11,127,0,Alive
2022,6,M. gigas,North,HIOC,21,No Tide,11,128,0,Alive
2022,6,M. gigas,North,HIOC,21,No Tide,11,129,0,Alive
2022,6,M. gigas,North,HIOC,21,No Tide,11,130,0,Alive
2022,6,M. gigas,North,HIOC,21,No Tide,11,131,0,Alive
2022,6,M. gigas,North,HIOC,21,No Tide,11,132,0,Alive
2022,6,M. gigas,North,HIOC,21,No Tide,11,133,0,Alive
2022,6,M. gigas,North,HIOC,21,No Tide,11,134,0,Alive
2022,6,M. gigas,North,HIOC,21,No Tide,11,135,0,Alive
2022,6,M. gigas,North,HIOC,21,No Tide,11,136,0,Alive
2022,6,M. gigas,North,HIOC,21,No Tide,11,137,0,Alive
2022,6,M. gigas,North,HIOC,21,No Tide,11,138,0,Alive
2022,6,M. gigas,North,HIOC,21,No Tide,11,139,0,Alive
2022,6,M. gigas,North,HIOC,21,No Tide,11,140,0,Alive
2022,6,M. gigas,North,HIOC,21,No Tide,11,141,0,Alive
2022,6,M. gigas,North,HIOC,21,No Tide,11,142,0,Alive
2022,6,M. gigas,North,HIOC,21,No Tide,11,143,0,Alive
2022,6,M. gigas,North,HIOC,21,No Tide,11,144,0,Alive
2022,6,M. gigas,North,HIOC,21,No Tide,11,145,0,Alive
2022,6,M. gigas,North,HIOC,21,No Tide,11,146,0,Alive
2022,6,M. gigas,North,HIOC,21,No Tide,11,147,0,Alive
2022,6,M. gigas,North,HIOC,21,No Tide,11,148,0,Alive
2022,6,M. gigas,North,HIOC,21,No Tide,11,149,0,Alive
2022,6,M. gigas,North,HIOC,21,No Tide,11,150,0,Alive
2022,6,M. gigas,North,HIOC,21,No Tide,11,151,0,Alive
2022,6,M. gigas,North,HIOC,21,No Tide,11,152,0,Alive
2022,6,M. gigas,North,HIOC,21,No Tide,11,153,0,Alive
2022,6,M. gigas,North,HIOC,21,No Tide,11,154,0,Alive
2022,6,M. gigas,North,HIOC,21,No Tide,11,155,0,Alive
2022,6,M. gigas,North,HIOC,21,No Tide,11,156,0,Alive
2022,6,M. gigas,North,HIOC,21,No Tide,11,157,0,Alive
2022,6,M. gigas,North,HIOC,21,No Tide,11,158,0,Alive
2022,6,M. gigas,North,HIOC,21,No Tide,11,159,0,Alive
2022,6,M. gigas,North,HIOC,21,No Tide,11,160,0,Alive
2022,6,M. gigas,North,HIOC,21,No Tide,11,161,0,Alive
2022,6,M. gigas,North,HIOC,21,No Tide,11,162,0,Alive
2022,6,M. gigas,North,HIOC,21,No Tide,11,163,0,Alive
2022,6,M. gigas,North,HIOC,21,No Tide,11,164,0,Alive
2022,6,M. gigas,North,HIOC,21,No Tide,11,165,0,Alive
2022,6,M. gigas,North,HIOC,21,No Tide,11,166,0,Alive
2022,6,M. gigas,North,HIOC,21,No Tide,11,167,0,Alive
2022,6,M. gigas,North,HIOC,21,No Tide,11,168,0,Alive
2022,6,M. gigas,North,HIOC,21,No Tide,11,169,0,Alive
2022,6,M. gigas,North,HIOC,21,No Tide,11,170,0,Alive
2022,6,M. gigas,North,HIOC,21,No Tide,11,171,0,Alive
2022,6,M. gigas,North,HIOC,21,No Tide,11,172,0,Alive
2022,6,M. gigas,North,HIOC,21,No Tide,11,173,0,Alive
2022,6,M. gigas,North,HIOC,21,No Tide,11,174,0,Alive
2022,6,M. gigas,North,HIOC,21,No Tide,11,175,0,Alive
2022,6,M. gigas,North,HIOC,21,No Tide,11,176,0,Alive
2022,6,M. gigas,North,HIOC,21,No Tide,11,177,0,Alive
2022,6,M. gigas,North,HIOC,21,No Tide,11,178,0,Alive
2022,6,M. gigas,North,HIOC,21,No Tide,11,179,0,Alive
2022,6,M. gigas,North,HIOC,21,No Tide,11,180,0,Alive
2022,6,M. gigas,North,HIOC,21,No Tide,11,181,0,Alive
2022,6,M. gigas,North,HIOC,21,No Tide,11,182,0,Alive
2022,6,M. gigas,North,HIOC,21,No Tide,11,183,0,Alive
2022,6,M. gigas,North,HIOC,21,No Tide,11,184,0,Alive
2022,6,M. gigas,North,HIOC,21,No Tide,11,185,0,Alive
2022,6,M. gigas,North,HIOC,21,No Tide,11,186,0,Alive
2022,6,M. gigas,North,HIOC,21,No Tide,11,187,0,Alive
2022,6,M. gigas,North,HIOC,21,No Tide,11,188,0,Alive
2022,6,M. gigas,North,HIOC,21,No Tide,11,189,0,Alive
2022,6,M. gigas,North,HIOC,21,No Tide,11,190,0,Alive
2022,6,M. gigas,North,HIOC,21,No Tide,11,191,0,Alive
2022,6,M. gigas,North,HIOC,21,No Tide,11,192,0,Alive
2022,6,M. gigas,North,HIOC,21,No Tide,11,193,0,Alive
2022,6,M. gigas,North,HIOC,21,No Tide,11,194,0,Alive
2022,6,M. gigas,North,HIOC,21,No Tide,11,195,0,Alive
2022,6,M. gigas,North,HIOC,21,No Tide,11,196,0,Alive
2022,6,M. gigas,North,HIOC,21,No Tide,11,197,0,Alive
2022,6,M. gigas,North,HIOC,21,No Tide,11,198,0,Alive
2022,6,M. gigas,North,HIOC,21,No Tide,11,199,0,Alive
2022,6,M. gigas,North,HIOC,21,No Tide,11,200,0,Alive
2022,6,M. gigas,North,HIOC,21,No Tide,11,201,0,Alive
2022,6,M. gigas,North,HIOC,21,No Tide,11,202,0,Alive
2022,6,M. gigas,North,HIOC,21,No Tide,11,203,0,Alive
2022,6,M. gigas,North,HIOC,21,No Tide,11,204,0,Alive
2022,6,M. gigas,North,HIOC,21,No Tide,11,205,0,Alive
2022,6,M. gigas,North,HIOC,21,No Tide,11,206,0,Alive
2022,6,M. gigas,North,HIOC,21,No Tide,11,207,0,Alive
2022,6,M. gigas,North,HIOC,21,No Tide,11,208,0,Alive
2022,6,M. gigas,North,HIOC,21,No Tide,11,209,0,Alive
2022,6,M. gigas,North,HIOC,21,No Tide,11,210,0,Alive
2022,6,M. gigas,North,HIOC,21,No Tide,11,211,0,Alive
2022,6,M. gigas,North,HIOC,21,No Tide,11,212,0,Alive
2022,6,M. gigas,North,HIOC,21,No Tide,11,213,0,Alive
2022,6,M. gigas,North,HIOC,21,No Tide,11,214,0,Alive
2022,6,M. gigas,North,HIOC,21,No Tide,11,215,0,Alive
2022,6,M. gigas,North,HIOC,21,No Tide,11,216,0,Alive
2022,6,M. gigas,North,HIOC,21,No Tide,11,217,0,Alive
2022,6,M. gigas,North,HIOC,21,No Tide,11,218,0,Alive
2022,6,M. gigas,North,HIOC,21,No Tide,11,219,0,Alive
2022,6,M. gigas,North,HIOC,21,No Tide,11,220,0,Alive
2022,6,M. gigas,North,HIOC,21,No Tide,11,221,0,Alive
2022,6,M. gigas,North,HIOC,21,No Tide,11,222,0,Alive
2022,6,M. gigas,North,HIOC,21,No Tide,11,223,0,Alive
2022,6,M. gigas,North,HIOC,21,No Tide,11,224,0,Alive
2022,6,M. gigas,North,HIOC,21,No Tide,11,225,0,Alive
2022,6,M. gigas,North,HIOC,21,No Tide,11,226,0,Alive
2022,6,M. gigas,North,HIOC,21,No Tide,11,227,0,Alive
2022,6,M. gigas,North,HIOC,21,No Tide,11,228,0,Alive
2022,6,M. gigas,North,HIOC,21,No Tide,11,229,0,Alive
2022,6,M. gigas,North,HIOC,21,No Tide,11,230,0,Alive
2022,6,M. gigas,North,HIOC,21,No Tide,11,231,0,Alive
2022,6,M. gigas,North,HIOC,21,No Tide,11,232,0,Alive
2022,6,M. gigas,North,HIOC,21,No Tide,11,233,0,Alive
2022,6,M. gigas,North,HIOC,21,No Tide,11,234,0,Alive
2022,6,M. gigas,North,HIOC,21,No Tide,11,235,0,Alive
2022,6,M. gigas,North,HIOC,21,No Tide,11,236,0,Alive
2022,6,M. gigas,North,HIOC,21,No Tide,11,237,0,Alive
2022,6,M. gigas,North,HIOC,21,No Tide,11,238,0,Alive
2022,6,M. gigas,North,HIOC,21,No Tide,11,239,0,Alive
2022,6,M. gigas,North,HIOC,21,No Tide,11,240,0,Alive
2022,6,M. gigas,North,HIOC,21,No Tide,11,241,0,Alive
2022,6,M. gigas,North,HIOC,21,No Tide,11,242,0,Alive
2022,6,M. gigas,North,HIOC,21,No Tide,11,243,0,Alive
2022,6,M. gigas,North,HIOC,21,No Tide,11,244,0,Alive
2022,6,M. gigas,North,HIOC,21,No Tide,11,245,0,Alive
2022,6,M. gigas,North,HIOC,21,No Tide,11,246,0,Alive
2022,6,M. gigas,North,HIOC,21,No Tide,11,247,0,Alive
2022,6,M. gigas,North,HIOC,21,No Tide,11,248,0,Alive
2022,6,M. gigas,North,HIOC,21,No Tide,11,249,0,Alive
2022,6,M. gigas,North,HIOC,21,No Tide,11,250,0,Alive
2022,6,M. gigas,North,HIOC,21,No Tide,12,1,1,Dead
2022,6,M. gigas,North,HIOC,21,No Tide,12,2,1,Dead
2022,6,M. gigas,North,HIOC,21,No Tide,12,3,1,Dead
2022,6,M. gigas,North,HIOC,21,No Tide,12,4,1,Dead
2022,6,M. gigas,North,HIOC,21,No Tide,12,5,1,Dead
2022,6,M. gigas,North,HIOC,21,No Tide,12,6,1,Dead
2022,6,M. gigas,North,HIOC,21,No Tide,12,7,1,Dead
2022,6,M. gigas,North,HIOC,21,No Tide,12,8,1,Dead
2022,6,M. gigas,North,HIOC,21,No Tide,12,9,1,Dead
2022,6,M. gigas,North,HIOC,21,No Tide,12,10,1,Dead
2022,6,M. gigas,North,HIOC,21,No Tide,12,11,1,Dead
2022,6,M. gigas,North,HIOC,21,No Tide,12,12,1,Dead
2022,6,M. gigas,North,HIOC,21,No Tide,12,13,1,Dead
2022,6,M. gigas,North,HIOC,21,No Tide,12,14,1,Dead
2022,6,M. gigas,North,HIOC,21,No Tide,12,15,1,Dead
2022,6,M. gigas,North,HIOC,21,No Tide,12,16,1,Dead
2022,6,M. gigas,North,HIOC,21,No Tide,12,17,1,Dead
2022,6,M. gigas,North,HIOC,21,No Tide,12,18,1,Dead
2022,6,M. gigas,North,HIOC,21,No Tide,12,19,1,Dead
2022,6,M. gigas,North,HIOC,21,No Tide,12,20,1,Dead
2022,6,M. gigas,North,HIOC,21,No Tide,12,21,1,Dead
2022,6,M. gigas,North,HIOC,21,No Tide,12,22,1,Dead
2022,6,M. gigas,North,HIOC,21,No Tide,12,23,1,Dead
2022,6,M. gigas,North,HIOC,21,No Tide,12,24,1,Dead
2022,6,M. gigas,North,HIOC,21,No Tide,12,25,1,Dead
2022,6,M. gigas,North,HIOC,21,No Tide,12,26,1,Dead
2022,6,M. gigas,North,HIOC,21,No Tide,12,27,1,Dead
2022,6,M. gigas,North,HIOC,21,No Tide,12,28,1,Dead
2022,6,M. gigas,North,HIOC,21,No Tide,12,29,1,Dead
2022,6,M. gigas,North,HIOC,21,No Tide,12,30,1,Dead
2022,6,M. gigas,North,HIOC,21,No Tide,12,31,1,Dead
2022,6,M. gigas,North,HIOC,21,No Tide,12,32,1,Dead
2022,6,M. gigas,North,HIOC,21,No Tide,12,33,1,Dead
2022,6,M. gigas,North,HIOC,21,No Tide,12,34,1,Dead
2022,6,M. gigas,North,HIOC,21,No Tide,12,35,1,Dead
2022,6,M. gigas,North,HIOC,21,No Tide,12,36,1,Dead
2022,6,M. gigas,North,HIOC,21,No Tide,12,37,1,Dead
2022,6,M. gigas,North,HIOC,21,No Tide,12,38,1,Dead
2022,6,M. gigas,North,HIOC,21,No Tide,12,39,1,Dead
2022,6,M. gigas,North,HIOC,21,No Tide,12,40,1,Dead
2022,6,M. gigas,North,HIOC,21,No Tide,12,41,1,Dead
2022,6,M. gigas,North,HIOC,21,No Tide,12,42,1,Dead
2022,6,M. gigas,North,HIOC,21,No Tide,12,43,1,Dead
2022,6,M. gigas,North,HIOC,21,No Tide,12,44,1,Dead
2022,6,M. gigas,North,HIOC,21,No Tide,12,45,1,Dead
2022,6,M. gigas,North,HIOC,21,No Tide,12,46,1,Dead
2022,6,M. gigas,North,HIOC,21,No Tide,12,47,1,Dead
2022,6,M. gigas,North,HIOC,21,No Tide,12,48,1,Dead
2022,6,M. gigas,North,HIOC,21,No Tide,12,49,1,Dead
2022,6,M. gigas,North,HIOC,21,No Tide,12,50,1,Dead
2022,6,M. gigas,North,HIOC,21,No Tide,12,51,1,Dead
2022,6,M. gigas,North,HIOC,21,No Tide,12,52,1,Dead
2022,6,M. gigas,North,HIOC,21,No Tide,12,53,1,Dead
2022,6,M. gigas,North,HIOC,21,No Tide,12,54,1,Dead
2022,6,M. gigas,North,HIOC,21,No Tide,12,55,1,Dead
2022,6,M. gigas,North,HIOC,21,No Tide,12,56,1,Dead
2022,6,M. gigas,North,HIOC,21,No Tide,12,57,1,Dead
2022,6,M. gigas,North,HIOC,21,No Tide,12,58,1,Dead
2022,6,M. gigas,North,HIOC,21,No Tide,12,59,1,Dead
2022,6,M. gigas,North,HIOC,21,No Tide,12,60,1,Dead
2022,6,M. gigas,North,HIOC,21,No Tide,12,61,1,Dead
2022,6,M. gigas,North,HIOC,21,No Tide,12,62,1,Dead
2022,6,M. gigas,North,HIOC,21,No Tide,12,63,0,Alive
2022,6,M. gigas,North,HIOC,21,No Tide,12,64,0,Alive
2022,6,M. gigas,North,HIOC,21,No Tide,12,65,0,Alive
2022,6,M. gigas,North,HIOC,21,No Tide,12,66,0,Alive
2022,6,M. gigas,North,HIOC,21,No Tide,12,67,0,Alive
2022,6,M. gigas,North,HIOC,21,No Tide,12,68,0,Alive
2022,6,M. gigas,North,HIOC,21,No Tide,12,69,0,Alive
2022,6,M. gigas,North,HIOC,21,No Tide,12,70,0,Alive
2022,6,M. gigas,North,HIOC,21,No Tide,12,71,0,Alive
2022,6,M. gigas,North,HIOC,21,No Tide,12,72,0,Alive
2022,6,M. gigas,North,HIOC,21,No Tide,12,73,0,Alive
2022,6,M. gigas,North,HIOC,21,No Tide,12,74,0,Alive
2022,6,M. gigas,North,HIOC,21,No Tide,12,75,0,Alive
2022,6,M. gigas,North,HIOC,21,No Tide,12,76,0,Alive
2022,6,M. gigas,North,HIOC,21,No Tide,12,77,0,Alive
2022,6,M. gigas,North,HIOC,21,No Tide,12,78,0,Alive
2022,6,M. gigas,North,HIOC,21,No Tide,12,79,0,Alive
2022,6,M. gigas,North,HIOC,21,No Tide,12,80,0,Alive
2022,6,M. gigas,North,HIOC,21,No Tide,12,81,0,Alive
2022,6,M. gigas,North,HIOC,21,No Tide,12,82,0,Alive
2022,6,M. gigas,North,HIOC,21,No Tide,12,83,0,Alive
2022,6,M. gigas,North,HIOC,21,No Tide,12,84,0,Alive
2022,6,M. gigas,North,HIOC,21,No Tide,12,85,0,Alive
2022,6,M. gigas,North,HIOC,21,No Tide,12,86,0,Alive
2022,6,M. gigas,North,HIOC,21,No Tide,12,87,0,Alive
2022,6,M. gigas,North,HIOC,21,No Tide,12,88,0,Alive
2022,6,M. gigas,North,HIOC,21,No Tide,12,89,0,Alive
2022,6,M. gigas,North,HIOC,21,No Tide,12,90,0,Alive
2022,6,M. gigas,North,HIOC,21,No Tide,12,91,0,Alive
2022,6,M. gigas,North,HIOC,21,No Tide,12,92,0,Alive
2022,6,M. gigas,North,HIOC,21,No Tide,12,93,0,Alive
2022,6,M. gigas,North,HIOC,21,No Tide,12,94,0,Alive
2022,6,M. gigas,North,HIOC,21,No Tide,12,95,0,Alive
2022,6,M. gigas,North,HIOC,21,No Tide,12,96,0,Alive
2022,6,M. gigas,North,HIOC,21,No Tide,12,97,0,Alive
2022,6,M. gigas,North,HIOC,21,No Tide,12,98,0,Alive
2022,6,M. gigas,North,HIOC,21,No Tide,12,99,0,Alive
2022,6,M. gigas,North,HIOC,21,No Tide,12,100,0,Alive
2022,6,M. gigas,North,HIOC,21,No Tide,12,101,0,Alive
2022,6,M. gigas,North,HIOC,21,No Tide,12,102,0,Alive
2022,6,M. gigas,North,HIOC,21,No Tide,12,103,0,Alive
2022,6,M. gigas,North,HIOC,21,No Tide,12,104,0,Alive
2022,6,M. gigas,North,HIOC,21,No Tide,12,105,0,Alive
2022,6,M. gigas,North,HIOC,21,No Tide,12,106,0,Alive
2022,6,M. gigas,North,HIOC,21,No Tide,12,107,0,Alive
2022,6,M. gigas,North,HIOC,21,No Tide,12,108,0,Alive
2022,6,M. gigas,North,HIOC,21,No Tide,12,109,0,Alive
2022,6,M. gigas,North,HIOC,21,No Tide,12,110,0,Alive
2022,6,M. gigas,North,HIOC,21,No Tide,12,111,0,Alive
2022,6,M. gigas,North,HIOC,21,No Tide,12,112,0,Alive
2022,6,M. gigas,North,HIOC,21,No Tide,12,113,0,Alive
2022,6,M. gigas,North,HIOC,21,No Tide,12,114,0,Alive
2022,6,M. gigas,North,HIOC,21,No Tide,12,115,0,Alive
2022,6,M. gigas,North,HIOC,21,No Tide,12,116,0,Alive
2022,6,M. gigas,North,HIOC,21,No Tide,12,117,0,Alive
2022,6,M. gigas,North,HIOC,21,No Tide,12,118,0,Alive
2022,6,M. gigas,North,HIOC,21,No Tide,12,119,0,Alive
2022,6,M. gigas,North,HIOC,21,No Tide,12,120,0,Alive
2022,6,M. gigas,North,HIOC,21,No Tide,12,121,0,Alive
2022,6,M. gigas,North,HIOC,21,No Tide,12,122,0,Alive
2022,6,M. gigas,North,HIOC,21,No Tide,12,123,0,Alive
2022,6,M. gigas,North,HIOC,21,No Tide,12,124,0,Alive
2022,6,M. gigas,North,HIOC,21,No Tide,12,125,0,Alive
2022,6,M. gigas,North,HIOC,21,No Tide,12,126,0,Alive
2022,6,M. gigas,North,HIOC,21,No Tide,12,127,0,Alive
2022,6,M. gigas,North,HIOC,21,No Tide,12,128,0,Alive
2022,6,M. gigas,North,HIOC,21,No Tide,12,129,0,Alive
2022,6,M. gigas,North,HIOC,21,No Tide,12,130,0,Alive
2022,6,M. gigas,North,HIOC,21,No Tide,12,131,0,Alive
2022,6,M. gigas,North,HIOC,21,No Tide,12,132,0,Alive
2022,6,M. gigas,North,HIOC,21,No Tide,12,133,0,Alive
2022,6,M. gigas,North,HIOC,21,No Tide,12,134,0,Alive
2022,6,M. gigas,North,HIOC,21,No Tide,12,135,0,Alive
2022,6,M. gigas,North,HIOC,21,No Tide,12,136,0,Alive
2022,6,M. gigas,North,HIOC,21,No Tide,12,137,0,Alive
2022,6,M. gigas,North,HIOC,21,No Tide,12,138,0,Alive
2022,6,M. gigas,North,HIOC,21,No Tide,12,139,0,Alive
2022,6,M. gigas,North,HIOC,21,No Tide,12,140,0,Alive
2022,6,M. gigas,North,HIOC,21,No Tide,12,141,0,Alive
2022,6,M. gigas,North,HIOC,21,No Tide,12,142,0,Alive
2022,6,M. gigas,North,HIOC,21,No Tide,12,143,0,Alive
2022,6,M. gigas,North,HIOC,21,No Tide,12,144,0,Alive
2022,6,M. gigas,North,HIOC,21,No Tide,12,145,0,Alive
2022,6,M. gigas,North,HIOC,21,No Tide,12,146,0,Alive
2022,6,M. gigas,North,HIOC,21,No Tide,12,147,0,Alive
2022,6,M. gigas,North,HIOC,21,No Tide,12,148,0,Alive
2022,6,M. gigas,North,HIOC,21,No Tide,12,149,0,Alive
2022,6,M. gigas,North,HIOC,21,No Tide,12,150,0,Alive
2022,6,M. gigas,North,HIOC,21,No Tide,12,151,0,Alive
2022,6,M. gigas,North,HIOC,21,No Tide,12,152,0,Alive
2022,6,M. gigas,North,HIOC,21,No Tide,12,153,0,Alive
2022,6,M. gigas,North,HIOC,21,No Tide,12,154,0,Alive
2022,6,M. gigas,North,HIOC,21,No Tide,12,155,0,Alive
2022,6,M. gigas,North,HIOC,21,No Tide,12,156,0,Alive
2022,6,M. gigas,North,HIOC,21,No Tide,12,157,0,Alive
2022,6,M. gigas,North,HIOC,21,No Tide,12,158,0,Alive
2022,6,M. gigas,North,HIOC,21,No Tide,12,159,0,Alive
2022,6,M. gigas,North,HIOC,21,No Tide,12,160,0,Alive
2022,6,M. gigas,North,HIOC,21,No Tide,12,161,0,Alive
2022,6,M. gigas,North,HIOC,21,No Tide,12,162,0,Alive
2022,6,M. gigas,North,HIOC,21,No Tide,12,163,0,Alive
2022,6,M. gigas,North,HIOC,21,No Tide,12,164,0,Alive
2022,6,M. gigas,North,HIOC,21,No Tide,12,165,0,Alive
2022,6,M. gigas,North,HIOC,21,No Tide,12,166,0,Alive
2022,6,M. gigas,North,HIOC,21,No Tide,12,167,0,Alive
2022,6,M. gigas,North,HIOC,21,No Tide,12,168,0,Alive
2022,6,M. gigas,North,HIOC,21,No Tide,12,169,0,Alive
2022,6,M. gigas,North,HIOC,21,No Tide,12,170,0,Alive
2022,6,M. gigas,North,HIOC,21,No Tide,12,171,0,Alive
2022,6,M. gigas,North,HIOC,21,No Tide,12,172,0,Alive
2022,6,M. gigas,North,HIOC,21,No Tide,12,173,0,Alive
2022,6,M. gigas,North,HIOC,21,No Tide,12,174,0,Alive
2022,6,M. gigas,North,HIOC,21,No Tide,12,175,0,Alive
2022,6,M. gigas,North,HIOC,21,No Tide,12,176,0,Alive
2022,6,M. gigas,North,HIOC,21,No Tide,12,177,0,Alive
2022,6,M. gigas,North,HIOC,21,No Tide,12,178,0,Alive
2022,6,M. gigas,North,HIOC,21,No Tide,12,179,0,Alive
2022,6,M. gigas,North,HIOC,21,No Tide,12,180,0,Alive
2022,6,M. gigas,North,HIOC,21,No Tide,12,181,0,Alive
2022,6,M. gigas,North,HIOC,21,No Tide,12,182,0,Alive
2022,6,M. gigas,North,HIOC,21,No Tide,12,183,0,Alive
2022,6,M. gigas,North,HIOC,21,No Tide,12,184,0,Alive
2022,6,M. gigas,North,HIOC,21,No Tide,12,185,0,Alive
2022,6,M. gigas,North,HIOC,21,No Tide,12,186,0,Alive
2022,6,M. gigas,North,HIOC,21,No Tide,12,187,0,Alive
2022,6,M. gigas,North,HIOC,21,No Tide,12,188,0,Alive
2022,6,M. gigas,North,HIOC,21,No Tide,12,189,0,Alive
2022,6,M. gigas,North,HIOC,21,No Tide,12,190,0,Alive
2022,6,M. gigas,North,HIOC,21,No Tide,12,191,0,Alive
2022,6,M. gigas,North,HIOC,21,No Tide,12,192,0,Alive
2022,6,M. gigas,North,HIOC,21,No Tide,12,193,0,Alive
2022,6,M. gigas,North,HIOC,21,No Tide,12,194,0,Alive
2022,6,M. gigas,North,HIOC,21,No Tide,12,195,0,Alive
2022,6,M. gigas,North,HIOC,21,No Tide,12,196,0,Alive
2022,6,M. gigas,North,HIOC,21,No Tide,12,197,0,Alive
2022,6,M. gigas,North,HIOC,21,No Tide,12,198,0,Alive
2022,6,M. gigas,North,HIOC,21,No Tide,12,199,0,Alive
2022,6,M. gigas,North,HIOC,21,No Tide,12,200,0,Alive
2022,6,M. gigas,North,HIOC,21,No Tide,12,201,0,Alive
2022,6,M. gigas,North,HIOC,21,No Tide,12,202,0,Alive
2022,6,M. gigas,North,HIOC,21,No Tide,12,203,0,Alive
2022,6,M. gigas,North,HIOC,21,No Tide,12,204,0,Alive
2022,6,M. gigas,North,HIOC,21,No Tide,12,205,0,Alive
2022,6,M. gigas,North,HIOC,21,No Tide,12,206,0,Alive
2022,6,M. gigas,North,HIOC,21,No Tide,12,207,0,Alive
2022,6,M. gigas,North,HIOC,21,No Tide,12,208,0,Alive
2022,6,M. gigas,North,HIOC,21,No Tide,12,209,0,Alive
2022,6,M. gigas,North,HIOC,21,No Tide,12,210,0,Alive
2022,6,M. gigas,North,HIOC,21,No Tide,12,211,0,Alive
2022,6,M. gigas,North,HIOC,21,No Tide,12,212,0,Alive
2022,6,M. gigas,North,HIOC,21,No Tide,12,213,0,Alive
2022,6,M. gigas,North,HIOC,21,No Tide,12,214,0,Alive
2022,6,M. gigas,North,HIOC,21,No Tide,12,215,0,Alive
2022,6,M. gigas,North,HIOC,21,No Tide,12,216,0,Alive
2022,6,M. gigas,North,HIOC,21,No Tide,12,217,0,Alive
2022,6,M. gigas,North,HIOC,21,No Tide,12,218,0,Alive
2022,6,M. gigas,North,HIOC,21,No Tide,12,219,0,Alive
2022,6,M. gigas,North,HIOC,21,No Tide,12,220,0,Alive
2022,6,M. gigas,North,HIOC,21,No Tide,12,221,0,Alive
2022,6,M. gigas,North,HIOC,21,No Tide,12,222,0,Alive
2022,6,M. gigas,North,HIOC,21,No Tide,12,223,0,Alive
2022,6,M. gigas,North,HIOC,21,No Tide,12,224,0,Alive
2022,6,M. gigas,North,HIOC,21,No Tide,12,225,0,Alive
2022,6,M. gigas,North,HIOC,21,No Tide,12,226,0,Alive
2022,6,M. gigas,North,HIOC,21,No Tide,12,227,0,Alive
2022,6,M. gigas,North,HIOC,21,No Tide,12,228,0,Alive
2022,6,M. gigas,North,HIOC,21,No Tide,12,229,0,Alive
2022,6,M. gigas,North,HIOC,21,No Tide,12,230,0,Alive
2022,6,M. gigas,North,HIOC,21,No Tide,12,231,0,Alive
2022,6,M. gigas,North,HIOC,21,No Tide,12,232,0,Alive
2022,6,M. gigas,North,HIOC,21,No Tide,12,233,0,Alive
2022,6,M. gigas,North,HIOC,21,No Tide,12,234,0,Alive
2022,6,M. gigas,North,HIOC,21,No Tide,12,235,0,Alive
2022,6,M. gigas,North,HIOC,21,No Tide,12,236,0,Alive
2022,6,M. gigas,North,HIOC,21,No Tide,12,237,0,Alive
2022,6,M. gigas,North,HIOC,21,No Tide,12,238,0,Alive
2022,6,M. gigas,North,HIOC,21,No Tide,12,239,0,Alive
2022,6,M. gigas,North,HIOC,21,No Tide,12,240,0,Alive
2022,6,M. gigas,North,HIOC,21,No Tide,12,241,0,Alive
2022,6,M. gigas,North,HIOC,21,No Tide,12,242,0,Alive
2022,6,M. gigas,North,HIOC,21,No Tide,12,243,0,Alive
2022,6,M. gigas,North,HIOC,21,No Tide,12,244,0,Alive
2022,6,M. gigas,North,HIOC,21,No Tide,12,245,0,Alive
2022,6,M. gigas,North,HIOC,21,No Tide,12,246,0,Alive
2022,6,M. gigas,North,HIOC,21,No Tide,12,247,0,Alive
2022,6,M. gigas,North,HIOC,21,No Tide,12,248,0,Alive
2022,6,M. gigas,North,HIOC,21,No Tide,12,249,0,Alive
2022,6,M. gigas,North,HIOC,21,No Tide,12,250,0,Alive
2022,6,M. gigas,Middle,BBOC,21,No Tide,22,1,1,Dead
2022,6,M. gigas,Middle,BBOC,21,No Tide,22,2,1,Dead
2022,6,M. gigas,Middle,BBOC,21,No Tide,22,3,1,Dead
2022,6,M. gigas,Middle,BBOC,21,No Tide,22,4,1,Dead
2022,6,M. gigas,Middle,BBOC,21,No Tide,22,5,1,Dead
2022,6,M. gigas,Middle,BBOC,21,No Tide,22,6,1,Dead
2022,6,M. gigas,Middle,BBOC,21,No Tide,22,7,1,Dead
2022,6,M. gigas,Middle,BBOC,21,No Tide,22,8,1,Dead
2022,6,M. gigas,Middle,BBOC,21,No Tide,22,9,1,Dead
2022,6,M. gigas,Middle,BBOC,21,No Tide,22,10,1,Dead
2022,6,M. gigas,Middle,BBOC,21,No Tide,22,11,1,Dead
2022,6,M. gigas,Middle,BBOC,21,No Tide,22,12,1,Dead
2022,6,M. gigas,Middle,BBOC,21,No Tide,22,13,1,Dead
2022,6,M. gigas,Middle,BBOC,21,No Tide,22,14,1,Dead
2022,6,M. gigas,Middle,BBOC,21,No Tide,22,15,1,Dead
2022,6,M. gigas,Middle,BBOC,21,No Tide,22,16,1,Dead
2022,6,M. gigas,Middle,BBOC,21,No Tide,22,17,1,Dead
2022,6,M. gigas,Middle,BBOC,21,No Tide,22,18,1,Dead
2022,6,M. gigas,Middle,BBOC,21,No Tide,22,19,1,Dead
2022,6,M. gigas,Middle,BBOC,21,No Tide,22,20,1,Dead
2022,6,M. gigas,Middle,BBOC,21,No Tide,22,21,1,Dead
2022,6,M. gigas,Middle,BBOC,21,No Tide,22,22,1,Dead
2022,6,M. gigas,Middle,BBOC,21,No Tide,22,23,1,Dead
2022,6,M. gigas,Middle,BBOC,21,No Tide,22,24,1,Dead
2022,6,M. gigas,Middle,BBOC,21,No Tide,22,25,1,Dead
2022,6,M. gigas,Middle,BBOC,21,No Tide,22,26,1,Dead
2022,6,M. gigas,Middle,BBOC,21,No Tide,22,27,1,Dead
2022,6,M. gigas,Middle,BBOC,21,No Tide,22,28,1,Dead
2022,6,M. gigas,Middle,BBOC,21,No Tide,22,29,1,Dead
2022,6,M. gigas,Middle,BBOC,21,No Tide,22,30,1,Dead
2022,6,M. gigas,Middle,BBOC,21,No Tide,22,31,1,Dead
2022,6,M. gigas,Middle,BBOC,21,No Tide,22,32,1,Dead
2022,6,M. gigas,Middle,BBOC,21,No Tide,22,33,1,Dead
2022,6,M. gigas,Middle,BBOC,21,No Tide,22,34,1,Dead
2022,6,M. gigas,Middle,BBOC,21,No Tide,22,35,1,Dead
2022,6,M. gigas,Middle,BBOC,21,No Tide,22,36,1,Dead
2022,6,M. gigas,Middle,BBOC,21,No Tide,22,37,1,Dead
2022,6,M. gigas,Middle,BBOC,21,No Tide,22,38,1,Dead
2022,6,M. gigas,Middle,BBOC,21,No Tide,22,39,1,Dead
2022,6,M. gigas,Middle,BBOC,21,No Tide,22,40,1,Dead
2022,6,M. gigas,Middle,BBOC,21,No Tide,22,41,1,Dead
2022,6,M. gigas,Middle,BBOC,21,No Tide,22,42,1,Dead
2022,6,M. gigas,Middle,BBOC,21,No Tide,22,43,1,Dead
2022,6,M. gigas,Middle,BBOC,21,No Tide,22,44,1,Dead
2022,6,M. gigas,Middle,BBOC,21,No Tide,22,45,1,Dead
2022,6,M. gigas,Middle,BBOC,21,No Tide,22,46,1,Dead
2022,6,M. gigas,Middle,BBOC,21,No Tide,22,47,1,Dead
2022,6,M. gigas,Middle,BBOC,21,No Tide,22,48,1,Dead
2022,6,M. gigas,Middle,BBOC,21,No Tide,22,49,1,Dead
2022,6,M. gigas,Middle,BBOC,21,No Tide,22,50,1,Dead
2022,6,M. gigas,Middle,BBOC,21,No Tide,22,51,1,Dead
2022,6,M. gigas,Middle,BBOC,21,No Tide,22,52,1,Dead
2022,6,M. gigas,Middle,BBOC,21,No Tide,22,53,1,Dead
2022,6,M. gigas,Middle,BBOC,21,No Tide,22,54,1,Dead
2022,6,M. gigas,Middle,BBOC,21,No Tide,22,55,1,Dead
2022,6,M. gigas,Middle,BBOC,21,No Tide,22,56,0,Alive
2022,6,M. gigas,Middle,BBOC,21,No Tide,22,57,0,Alive
2022,6,M. gigas,Middle,BBOC,21,No Tide,22,58,0,Alive
2022,6,M. gigas,Middle,BBOC,21,No Tide,22,59,0,Alive
2022,6,M. gigas,Middle,BBOC,21,No Tide,22,60,0,Alive
2022,6,M. gigas,Middle,BBOC,21,No Tide,22,61,0,Alive
2022,6,M. gigas,Middle,BBOC,21,No Tide,22,62,0,Alive
2022,6,M. gigas,Middle,BBOC,21,No Tide,22,63,0,Alive
2022,6,M. gigas,Middle,BBOC,21,No Tide,22,64,0,Alive
2022,6,M. gigas,Middle,BBOC,21,No Tide,22,65,0,Alive
2022,6,M. gigas,Middle,BBOC,21,No Tide,22,66,0,Alive
2022,6,M. gigas,Middle,BBOC,21,No Tide,22,67,0,Alive
2022,6,M. gigas,Middle,BBOC,21,No Tide,22,68,0,Alive
2022,6,M. gigas,Middle,BBOC,21,No Tide,22,69,0,Alive
2022,6,M. gigas,Middle,BBOC,21,No Tide,22,70,0,Alive
2022,6,M. gigas,Middle,BBOC,21,No Tide,22,71,0,Alive
2022,6,M. gigas,Middle,BBOC,21,No Tide,22,72,0,Alive
2022,6,M. gigas,Middle,BBOC,21,No Tide,22,73,0,Alive
2022,6,M. gigas,Middle,BBOC,21,No Tide,22,74,0,Alive
2022,6,M. gigas,Middle,BBOC,21,No Tide,22,75,0,Alive
2022,6,M. gigas,Middle,BBOC,21,No Tide,22,76,0,Alive
2022,6,M. gigas,Middle,BBOC,21,No Tide,22,77,0,Alive
2022,6,M. gigas,Middle,BBOC,21,No Tide,22,78,0,Alive
2022,6,M. gigas,Middle,BBOC,21,No Tide,22,79,0,Alive
2022,6,M. gigas,Middle,BBOC,21,No Tide,22,80,0,Alive
2022,6,M. gigas,Middle,BBOC,21,No Tide,22,81,0,Alive
2022,6,M. gigas,Middle,BBOC,21,No Tide,22,82,0,Alive
2022,6,M. gigas,Middle,BBOC,21,No Tide,22,83,0,Alive
2022,6,M. gigas,Middle,BBOC,21,No Tide,22,84,0,Alive
2022,6,M. gigas,Middle,BBOC,21,No Tide,22,85,0,Alive
2022,6,M. gigas,Middle,BBOC,21,No Tide,22,86,0,Alive
2022,6,M. gigas,Middle,BBOC,21,No Tide,22,87,0,Alive
2022,6,M. gigas,Middle,BBOC,21,No Tide,22,88,0,Alive
2022,6,M. gigas,Middle,BBOC,21,No Tide,22,89,0,Alive
2022,6,M. gigas,Middle,BBOC,21,No Tide,22,90,0,Alive
2022,6,M. gigas,Middle,BBOC,21,No Tide,22,91,0,Alive
2022,6,M. gigas,Middle,BBOC,21,No Tide,22,92,0,Alive
2022,6,M. gigas,Middle,BBOC,21,No Tide,22,93,0,Alive
2022,6,M. gigas,Middle,BBOC,21,No Tide,22,94,0,Alive
2022,6,M. gigas,Middle,BBOC,21,No Tide,22,95,0,Alive
2022,6,M. gigas,Middle,BBOC,21,No Tide,22,96,0,Alive
2022,6,M. gigas,Middle,BBOC,21,No Tide,22,97,0,Alive
2022,6,M. gigas,Middle,BBOC,21,No Tide,22,98,0,Alive
2022,6,M. gigas,Middle,BBOC,21,No Tide,22,99,0,Alive
2022,6,M. gigas,Middle,BBOC,21,No Tide,22,100,0,Alive
2022,6,M. gigas,Middle,BBOC,21,No Tide,22,101,0,Alive
2022,6,M. gigas,Middle,BBOC,21,No Tide,22,102,0,Alive
2022,6,M. gigas,Middle,BBOC,21,No Tide,22,103,0,Alive
2022,6,M. gigas,Middle,BBOC,21,No Tide,22,104,0,Alive
2022,6,M. gigas,Middle,BBOC,21,No Tide,22,105,0,Alive
2022,6,M. gigas,Middle,BBOC,21,No Tide,22,106,0,Alive
2022,6,M. gigas,Middle,BBOC,21,No Tide,22,107,0,Alive
2022,6,M. gigas,Middle,BBOC,21,No Tide,22,108,0,Alive
2022,6,M. gigas,Middle,BBOC,21,No Tide,22,109,0,Alive
2022,6,M. gigas,Middle,BBOC,21,No Tide,22,110,0,Alive
2022,6,M. gigas,Middle,BBOC,21,No Tide,22,111,0,Alive
2022,6,M. gigas,Middle,BBOC,21,No Tide,22,112,0,Alive
2022,6,M. gigas,Middle,BBOC,21,No Tide,22,113,0,Alive
2022,6,M. gigas,Middle,BBOC,21,No Tide,22,114,0,Alive
2022,6,M. gigas,Middle,BBOC,21,No Tide,22,115,0,Alive
2022,6,M. gigas,Middle,BBOC,21,No Tide,22,116,0,Alive
2022,6,M. gigas,Middle,BBOC,21,No Tide,22,117,0,Alive
2022,6,M. gigas,Middle,BBOC,21,No Tide,22,118,0,Alive
2022,6,M. gigas,Middle,BBOC,21,No Tide,22,119,0,Alive
2022,6,M. gigas,Middle,BBOC,21,No Tide,22,120,0,Alive
2022,6,M. gigas,Middle,BBOC,21,No Tide,22,121,0,Alive
2022,6,M. gigas,Middle,BBOC,21,No Tide,22,122,0,Alive
2022,6,M. gigas,Middle,BBOC,21,No Tide,22,123,0,Alive
2022,6,M. gigas,Middle,BBOC,21,No Tide,22,124,0,Alive
2022,6,M. gigas,Middle,BBOC,21,No Tide,22,125,0,Alive
2022,6,M. gigas,Middle,BBOC,21,No Tide,22,126,0,Alive
2022,6,M. gigas,Middle,BBOC,21,No Tide,22,127,0,Alive
2022,6,M. gigas,Middle,BBOC,21,No Tide,22,128,0,Alive
2022,6,M. gigas,Middle,BBOC,21,No Tide,22,129,0,Alive
2022,6,M. gigas,Middle,BBOC,21,No Tide,22,130,0,Alive
2022,6,M. gigas,Middle,BBOC,21,No Tide,22,131,0,Alive
2022,6,M. gigas,Middle,BBOC,21,No Tide,22,132,0,Alive
2022,6,M. gigas,Middle,BBOC,21,No Tide,22,133,0,Alive
2022,6,M. gigas,Middle,BBOC,21,No Tide,22,134,0,Alive
2022,6,M. gigas,Middle,BBOC,21,No Tide,22,135,0,Alive
2022,6,M. gigas,Middle,BBOC,21,No Tide,22,136,0,Alive
2022,6,M. gigas,Middle,BBOC,21,No Tide,22,137,0,Alive
2022,6,M. gigas,Middle,BBOC,21,No Tide,22,138,0,Alive
2022,6,M. gigas,Middle,BBOC,21,No Tide,22,139,0,Alive
2022,6,M. gigas,Middle,BBOC,21,No Tide,22,140,0,Alive
2022,6,M. gigas,Middle,BBOC,21,No Tide,22,141,0,Alive
2022,6,M. gigas,Middle,BBOC,21,No Tide,22,142,0,Alive
2022,6,M. gigas,Middle,BBOC,21,No Tide,22,143,0,Alive
2022,6,M. gigas,Middle,BBOC,21,No Tide,22,144,0,Alive
2022,6,M. gigas,Middle,BBOC,21,No Tide,22,145,0,Alive
2022,6,M. gigas,Middle,BBOC,21,No Tide,22,146,0,Alive
2022,6,M. gigas,Middle,BBOC,21,No Tide,22,147,0,Alive
2022,6,M. gigas,Middle,BBOC,21,No Tide,22,148,0,Alive
2022,6,M. gigas,Middle,BBOC,21,No Tide,22,149,0,Alive
2022,6,M. gigas,Middle,BBOC,21,No Tide,22,150,0,Alive
2022,6,M. gigas,Middle,BBOC,21,No Tide,22,151,0,Alive
2022,6,M. gigas,Middle,BBOC,21,No Tide,22,152,0,Alive
2022,6,M. gigas,Middle,BBOC,21,No Tide,22,153,0,Alive
2022,6,M. gigas,Middle,BBOC,21,No Tide,22,154,0,Alive
2022,6,M. gigas,Middle,BBOC,21,No Tide,22,155,0,Alive
2022,6,M. gigas,Middle,BBOC,21,No Tide,22,156,0,Alive
2022,6,M. gigas,Middle,BBOC,21,No Tide,22,157,0,Alive
2022,6,M. gigas,Middle,BBOC,21,No Tide,22,158,0,Alive
2022,6,M. gigas,Middle,BBOC,21,No Tide,22,159,0,Alive
2022,6,M. gigas,Middle,BBOC,21,No Tide,22,160,0,Alive
2022,6,M. gigas,Middle,BBOC,21,No Tide,22,161,0,Alive
2022,6,M. gigas,Middle,BBOC,21,No Tide,22,162,0,Alive
2022,6,M. gigas,Middle,BBOC,21,No Tide,22,163,0,Alive
2022,6,M. gigas,Middle,BBOC,21,No Tide,22,164,0,Alive
2022,6,M. gigas,Middle,BBOC,21,No Tide,22,165,0,Alive
2022,6,M. gigas,Middle,BBOC,21,No Tide,22,166,0,Alive
2022,6,M. gigas,Middle,BBOC,21,No Tide,22,167,0,Alive
2022,6,M. gigas,Middle,BBOC,21,No Tide,22,168,0,Alive
2022,6,M. gigas,Middle,BBOC,21,No Tide,22,169,0,Alive
2022,6,M. gigas,Middle,BBOC,21,No Tide,22,170,0,Alive
2022,6,M. gigas,Middle,BBOC,21,No Tide,22,171,0,Alive
2022,6,M. gigas,Middle,BBOC,21,No Tide,22,172,0,Alive
2022,6,M. gigas,Middle,BBOC,21,No Tide,22,173,0,Alive
2022,6,M. gigas,Middle,BBOC,21,No Tide,22,174,0,Alive
2022,6,M. gigas,Middle,BBOC,21,No Tide,22,175,0,Alive
2022,6,M. gigas,Middle,BBOC,21,No Tide,22,176,0,Alive
2022,6,M. gigas,Middle,BBOC,21,No Tide,22,177,0,Alive
2022,6,M. gigas,Middle,BBOC,21,No Tide,22,178,0,Alive
2022,6,M. gigas,Middle,BBOC,21,No Tide,22,179,0,Alive
2022,6,M. gigas,Middle,BBOC,21,No Tide,22,180,0,Alive
2022,6,M. gigas,Middle,BBOC,21,No Tide,22,181,0,Alive
2022,6,M. gigas,Middle,BBOC,21,No Tide,22,182,0,Alive
2022,6,M. gigas,Middle,BBOC,21,No Tide,22,183,0,Alive
2022,6,M. gigas,Middle,BBOC,21,No Tide,22,184,0,Alive
2022,6,M. gigas,Middle,BBOC,21,No Tide,22,185,0,Alive
2022,6,M. gigas,Middle,BBOC,21,No Tide,22,186,0,Alive
2022,6,M. gigas,Middle,BBOC,21,No Tide,22,187,0,Alive
2022,6,M. gigas,Middle,BBOC,21,No Tide,22,188,0,Alive
2022,6,M. gigas,Middle,BBOC,21,No Tide,22,189,0,Alive
2022,6,M. gigas,Middle,BBOC,21,No Tide,22,190,0,Alive
2022,6,M. gigas,Middle,BBOC,21,No Tide,22,191,0,Alive
2022,6,M. gigas,Middle,BBOC,21,No Tide,22,192,0,Alive
2022,6,M. gigas,Middle,BBOC,21,No Tide,22,193,0,Alive
2022,6,M. gigas,Middle,BBOC,21,No Tide,22,194,0,Alive
2022,6,M. gigas,Middle,BBOC,21,No Tide,22,195,0,Alive
2022,6,M. gigas,Middle,BBOC,21,No Tide,22,196,0,Alive
2022,6,M. gigas,Middle,BBOC,21,No Tide,22,197,0,Alive
2022,6,M. gigas,Middle,BBOC,21,No Tide,22,198,0,Alive
2022,6,M. gigas,Middle,BBOC,21,No Tide,22,199,0,Alive
2022,6,M. gigas,Middle,BBOC,21,No Tide,22,200,0,Alive
2022,6,M. gigas,Middle,BBOC,21,No Tide,22,201,0,Alive
2022,6,M. gigas,Middle,BBOC,21,No Tide,22,202,0,Alive
2022,6,M. gigas,Middle,BBOC,21,No Tide,22,203,0,Alive
2022,6,M. gigas,Middle,BBOC,21,No Tide,22,204,0,Alive
2022,6,M. gigas,Middle,BBOC,21,No Tide,22,205,0,Alive
2022,6,M. gigas,Middle,BBOC,21,No Tide,22,206,0,Alive
2022,6,M. gigas,Middle,BBOC,21,No Tide,22,207,0,Alive
2022,6,M. gigas,Middle,BBOC,21,No Tide,22,208,0,Alive
2022,6,M. gigas,Middle,BBOC,21,No Tide,22,209,0,Alive
2022,6,M. gigas,Middle,BBOC,21,No Tide,22,210,0,Alive
2022,6,M. gigas,Middle,BBOC,21,No Tide,22,211,0,Alive
2022,6,M. gigas,Middle,BBOC,21,No Tide,22,212,0,Alive
2022,6,M. gigas,Middle,BBOC,21,No Tide,22,213,0,Alive
2022,6,M. gigas,Middle,BBOC,21,No Tide,22,214,0,Alive
2022,6,M. gigas,Middle,BBOC,21,No Tide,22,215,0,Alive
2022,6,M. gigas,Middle,BBOC,21,No Tide,22,216,0,Alive
2022,6,M. gigas,Middle,BBOC,21,No Tide,22,217,0,Alive
2022,6,M. gigas,Middle,BBOC,21,No Tide,22,218,0,Alive
2022,6,M. gigas,Middle,BBOC,21,No Tide,22,219,0,Alive
2022,6,M. gigas,Middle,BBOC,21,No Tide,22,220,0,Alive
2022,6,M. gigas,Middle,BBOC,21,No Tide,22,221,0,Alive
2022,6,M. gigas,Middle,BBOC,21,No Tide,22,222,0,Alive
2022,6,M. gigas,Middle,BBOC,21,No Tide,22,223,0,Alive
2022,6,M. gigas,Middle,BBOC,21,No Tide,22,224,0,Alive
2022,6,M. gigas,Middle,BBOC,21,No Tide,22,225,0,Alive
2022,6,M. gigas,Middle,BBOC,21,No Tide,22,226,0,Alive
2022,6,M. gigas,Middle,BBOC,21,No Tide,22,227,0,Alive
2022,6,M. gigas,Middle,BBOC,21,No Tide,22,228,0,Alive
2022,6,M. gigas,Middle,BBOC,21,No Tide,22,229,0,Alive
2022,6,M. gigas,Middle,BBOC,21,No Tide,22,230,0,Alive
2022,6,M. gigas,Middle,BBOC,21,No Tide,22,231,0,Alive
2022,6,M. gigas,Middle,BBOC,21,No Tide,22,232,0,Alive
2022,6,M. gigas,Middle,BBOC,21,No Tide,22,233,0,Alive
2022,6,M. gigas,Middle,BBOC,21,No Tide,22,234,0,Alive
2022,6,M. gigas,Middle,BBOC,21,No Tide,22,235,0,Alive
2022,6,M. gigas,Middle,BBOC,21,No Tide,22,236,0,Alive
2022,6,M. gigas,Middle,BBOC,21,No Tide,22,237,0,Alive
2022,6,M. gigas,Middle,BBOC,21,No Tide,22,238,0,Alive
2022,6,M. gigas,Middle,BBOC,21,No Tide,22,239,0,Alive
2022,6,M. gigas,Middle,BBOC,21,No Tide,22,240,0,Alive
2022,6,M. gigas,Middle,BBOC,21,No Tide,22,241,0,Alive
2022,6,M. gigas,Middle,BBOC,21,No Tide,22,242,0,Alive
2022,6,M. gigas,Middle,BBOC,21,No Tide,22,243,0,Alive
2022,6,M. gigas,Middle,BBOC,21,No Tide,22,244,0,Alive
2022,6,M. gigas,Middle,BBOC,21,No Tide,22,245,0,Alive
2022,6,M. gigas,Middle,BBOC,21,No Tide,22,246,0,Alive
2022,6,M. gigas,Middle,BBOC,21,No Tide,22,247,0,Alive
2022,6,M. gigas,Middle,BBOC,21,No Tide,22,248,0,Alive
2022,6,M. gigas,Middle,BBOC,21,No Tide,22,249,0,Alive
2022,6,M. gigas,Middle,BBOC,21,No Tide,22,250,0,Alive
2022,6,M. gigas,Middle,BBOC,21,No Tide,23,1,1,Dead
2022,6,M. gigas,Middle,BBOC,21,No Tide,23,2,1,Dead
2022,6,M. gigas,Middle,BBOC,21,No Tide,23,3,1,Dead
2022,6,M. gigas,Middle,BBOC,21,No Tide,23,4,1,Dead
2022,6,M. gigas,Middle,BBOC,21,No Tide,23,5,1,Dead
2022,6,M. gigas,Middle,BBOC,21,No Tide,23,6,1,Dead
2022,6,M. gigas,Middle,BBOC,21,No Tide,23,7,1,Dead
2022,6,M. gigas,Middle,BBOC,21,No Tide,23,8,1,Dead
2022,6,M. gigas,Middle,BBOC,21,No Tide,23,9,1,Dead
2022,6,M. gigas,Middle,BBOC,21,No Tide,23,10,1,Dead
2022,6,M. gigas,Middle,BBOC,21,No Tide,23,11,1,Dead
2022,6,M. gigas,Middle,BBOC,21,No Tide,23,12,1,Dead
2022,6,M. gigas,Middle,BBOC,21,No Tide,23,13,1,Dead
2022,6,M. gigas,Middle,BBOC,21,No Tide,23,14,1,Dead
2022,6,M. gigas,Middle,BBOC,21,No Tide,23,15,1,Dead
2022,6,M. gigas,Middle,BBOC,21,No Tide,23,16,1,Dead
2022,6,M. gigas,Middle,BBOC,21,No Tide,23,17,1,Dead
2022,6,M. gigas,Middle,BBOC,21,No Tide,23,18,1,Dead
2022,6,M. gigas,Middle,BBOC,21,No Tide,23,19,1,Dead
2022,6,M. gigas,Middle,BBOC,21,No Tide,23,20,1,Dead
2022,6,M. gigas,Middle,BBOC,21,No Tide,23,21,1,Dead
2022,6,M. gigas,Middle,BBOC,21,No Tide,23,22,1,Dead
2022,6,M. gigas,Middle,BBOC,21,No Tide,23,23,1,Dead
2022,6,M. gigas,Middle,BBOC,21,No Tide,23,24,1,Dead
2022,6,M. gigas,Middle,BBOC,21,No Tide,23,25,1,Dead
2022,6,M. gigas,Middle,BBOC,21,No Tide,23,26,1,Dead
2022,6,M. gigas,Middle,BBOC,21,No Tide,23,27,1,Dead
2022,6,M. gigas,Middle,BBOC,21,No Tide,23,28,1,Dead
2022,6,M. gigas,Middle,BBOC,21,No Tide,23,29,1,Dead
2022,6,M. gigas,Middle,BBOC,21,No Tide,23,30,1,Dead
2022,6,M. gigas,Middle,BBOC,21,No Tide,23,31,1,Dead
2022,6,M. gigas,Middle,BBOC,21,No Tide,23,32,1,Dead
2022,6,M. gigas,Middle,BBOC,21,No Tide,23,33,1,Dead
2022,6,M. gigas,Middle,BBOC,21,No Tide,23,34,1,Dead
2022,6,M. gigas,Middle,BBOC,21,No Tide,23,35,1,Dead
2022,6,M. gigas,Middle,BBOC,21,No Tide,23,36,1,Dead
2022,6,M. gigas,Middle,BBOC,21,No Tide,23,37,1,Dead
2022,6,M. gigas,Middle,BBOC,21,No Tide,23,38,1,Dead
2022,6,M. gigas,Middle,BBOC,21,No Tide,23,39,1,Dead
2022,6,M. gigas,Middle,BBOC,21,No Tide,23,40,1,Dead
2022,6,M. gigas,Middle,BBOC,21,No Tide,23,41,1,Dead
2022,6,M. gigas,Middle,BBOC,21,No Tide,23,42,1,Dead
2022,6,M. gigas,Middle,BBOC,21,No Tide,23,43,1,Dead
2022,6,M. gigas,Middle,BBOC,21,No Tide,23,44,1,Dead
2022,6,M. gigas,Middle,BBOC,21,No Tide,23,45,1,Dead
2022,6,M. gigas,Middle,BBOC,21,No Tide,23,46,1,Dead
2022,6,M. gigas,Middle,BBOC,21,No Tide,23,47,1,Dead
2022,6,M. gigas,Middle,BBOC,21,No Tide,23,48,1,Dead
2022,6,M. gigas,Middle,BBOC,21,No Tide,23,49,1,Dead
2022,6,M. gigas,Middle,BBOC,21,No Tide,23,50,1,Dead
2022,6,M. gigas,Middle,BBOC,21,No Tide,23,51,0,Alive
2022,6,M. gigas,Middle,BBOC,21,No Tide,23,52,0,Alive
2022,6,M. gigas,Middle,BBOC,21,No Tide,23,53,0,Alive
2022,6,M. gigas,Middle,BBOC,21,No Tide,23,54,0,Alive
2022,6,M. gigas,Middle,BBOC,21,No Tide,23,55,0,Alive
2022,6,M. gigas,Middle,BBOC,21,No Tide,23,56,0,Alive
2022,6,M. gigas,Middle,BBOC,21,No Tide,23,57,0,Alive
2022,6,M. gigas,Middle,BBOC,21,No Tide,23,58,0,Alive
2022,6,M. gigas,Middle,BBOC,21,No Tide,23,59,0,Alive
2022,6,M. gigas,Middle,BBOC,21,No Tide,23,60,0,Alive
2022,6,M. gigas,Middle,BBOC,21,No Tide,23,61,0,Alive
2022,6,M. gigas,Middle,BBOC,21,No Tide,23,62,0,Alive
2022,6,M. gigas,Middle,BBOC,21,No Tide,23,63,0,Alive
2022,6,M. gigas,Middle,BBOC,21,No Tide,23,64,0,Alive
2022,6,M. gigas,Middle,BBOC,21,No Tide,23,65,0,Alive
2022,6,M. gigas,Middle,BBOC,21,No Tide,23,66,0,Alive
2022,6,M. gigas,Middle,BBOC,21,No Tide,23,67,0,Alive
2022,6,M. gigas,Middle,BBOC,21,No Tide,23,68,0,Alive
2022,6,M. gigas,Middle,BBOC,21,No Tide,23,69,0,Alive
2022,6,M. gigas,Middle,BBOC,21,No Tide,23,70,0,Alive
2022,6,M. gigas,Middle,BBOC,21,No Tide,23,71,0,Alive
2022,6,M. gigas,Middle,BBOC,21,No Tide,23,72,0,Alive
2022,6,M. gigas,Middle,BBOC,21,No Tide,23,73,0,Alive
2022,6,M. gigas,Middle,BBOC,21,No Tide,23,74,0,Alive
2022,6,M. gigas,Middle,BBOC,21,No Tide,23,75,0,Alive
2022,6,M. gigas,Middle,BBOC,21,No Tide,23,76,0,Alive
2022,6,M. gigas,Middle,BBOC,21,No Tide,23,77,0,Alive
2022,6,M. gigas,Middle,BBOC,21,No Tide,23,78,0,Alive
2022,6,M. gigas,Middle,BBOC,21,No Tide,23,79,0,Alive
2022,6,M. gigas,Middle,BBOC,21,No Tide,23,80,0,Alive
2022,6,M. gigas,Middle,BBOC,21,No Tide,23,81,0,Alive
2022,6,M. gigas,Middle,BBOC,21,No Tide,23,82,0,Alive
2022,6,M. gigas,Middle,BBOC,21,No Tide,23,83,0,Alive
2022,6,M. gigas,Middle,BBOC,21,No Tide,23,84,0,Alive
2022,6,M. gigas,Middle,BBOC,21,No Tide,23,85,0,Alive
2022,6,M. gigas,Middle,BBOC,21,No Tide,23,86,0,Alive
2022,6,M. gigas,Middle,BBOC,21,No Tide,23,87,0,Alive
2022,6,M. gigas,Middle,BBOC,21,No Tide,23,88,0,Alive
2022,6,M. gigas,Middle,BBOC,21,No Tide,23,89,0,Alive
2022,6,M. gigas,Middle,BBOC,21,No Tide,23,90,0,Alive
2022,6,M. gigas,Middle,BBOC,21,No Tide,23,91,0,Alive
2022,6,M. gigas,Middle,BBOC,21,No Tide,23,92,0,Alive
2022,6,M. gigas,Middle,BBOC,21,No Tide,23,93,0,Alive
2022,6,M. gigas,Middle,BBOC,21,No Tide,23,94,0,Alive
2022,6,M. gigas,Middle,BBOC,21,No Tide,23,95,0,Alive
2022,6,M. gigas,Middle,BBOC,21,No Tide,23,96,0,Alive
2022,6,M. gigas,Middle,BBOC,21,No Tide,23,97,0,Alive
2022,6,M. gigas,Middle,BBOC,21,No Tide,23,98,0,Alive
2022,6,M. gigas,Middle,BBOC,21,No Tide,23,99,0,Alive
2022,6,M. gigas,Middle,BBOC,21,No Tide,23,100,0,Alive
2022,6,M. gigas,Middle,BBOC,21,No Tide,23,101,0,Alive
2022,6,M. gigas,Middle,BBOC,21,No Tide,23,102,0,Alive
2022,6,M. gigas,Middle,BBOC,21,No Tide,23,103,0,Alive
2022,6,M. gigas,Middle,BBOC,21,No Tide,23,104,0,Alive
2022,6,M. gigas,Middle,BBOC,21,No Tide,23,105,0,Alive
2022,6,M. gigas,Middle,BBOC,21,No Tide,23,106,0,Alive
2022,6,M. gigas,Middle,BBOC,21,No Tide,23,107,0,Alive
2022,6,M. gigas,Middle,BBOC,21,No Tide,23,108,0,Alive
2022,6,M. gigas,Middle,BBOC,21,No Tide,23,109,0,Alive
2022,6,M. gigas,Middle,BBOC,21,No Tide,23,110,0,Alive
2022,6,M. gigas,Middle,BBOC,21,No Tide,23,111,0,Alive
2022,6,M. gigas,Middle,BBOC,21,No Tide,23,112,0,Alive
2022,6,M. gigas,Middle,BBOC,21,No Tide,23,113,0,Alive
2022,6,M. gigas,Middle,BBOC,21,No Tide,23,114,0,Alive
2022,6,M. gigas,Middle,BBOC,21,No Tide,23,115,0,Alive
2022,6,M. gigas,Middle,BBOC,21,No Tide,23,116,0,Alive
2022,6,M. gigas,Middle,BBOC,21,No Tide,23,117,0,Alive
2022,6,M. gigas,Middle,BBOC,21,No Tide,23,118,0,Alive
2022,6,M. gigas,Middle,BBOC,21,No Tide,23,119,0,Alive
2022,6,M. gigas,Middle,BBOC,21,No Tide,23,120,0,Alive
2022,6,M. gigas,Middle,BBOC,21,No Tide,23,121,0,Alive
2022,6,M. gigas,Middle,BBOC,21,No Tide,23,122,0,Alive
2022,6,M. gigas,Middle,BBOC,21,No Tide,23,123,0,Alive
2022,6,M. gigas,Middle,BBOC,21,No Tide,23,124,0,Alive
2022,6,M. gigas,Middle,BBOC,21,No Tide,23,125,0,Alive
2022,6,M. gigas,Middle,BBOC,21,No Tide,23,126,0,Alive
2022,6,M. gigas,Middle,BBOC,21,No Tide,23,127,0,Alive
2022,6,M. gigas,Middle,BBOC,21,No Tide,23,128,0,Alive
2022,6,M. gigas,Middle,BBOC,21,No Tide,23,129,0,Alive
2022,6,M. gigas,Middle,BBOC,21,No Tide,23,130,0,Alive
2022,6,M. gigas,Middle,BBOC,21,No Tide,23,131,0,Alive
2022,6,M. gigas,Middle,BBOC,21,No Tide,23,132,0,Alive
2022,6,M. gigas,Middle,BBOC,21,No Tide,23,133,0,Alive
2022,6,M. gigas,Middle,BBOC,21,No Tide,23,134,0,Alive
2022,6,M. gigas,Middle,BBOC,21,No Tide,23,135,0,Alive
2022,6,M. gigas,Middle,BBOC,21,No Tide,23,136,0,Alive
2022,6,M. gigas,Middle,BBOC,21,No Tide,23,137,0,Alive
2022,6,M. gigas,Middle,BBOC,21,No Tide,23,138,0,Alive
2022,6,M. gigas,Middle,BBOC,21,No Tide,23,139,0,Alive
2022,6,M. gigas,Middle,BBOC,21,No Tide,23,140,0,Alive
2022,6,M. gigas,Middle,BBOC,21,No Tide,23,141,0,Alive
2022,6,M. gigas,Middle,BBOC,21,No Tide,23,142,0,Alive
2022,6,M. gigas,Middle,BBOC,21,No Tide,23,143,0,Alive
2022,6,M. gigas,Middle,BBOC,21,No Tide,23,144,0,Alive
2022,6,M. gigas,Middle,BBOC,21,No Tide,23,145,0,Alive
2022,6,M. gigas,Middle,BBOC,21,No Tide,23,146,0,Alive
2022,6,M. gigas,Middle,BBOC,21,No Tide,23,147,0,Alive
2022,6,M. gigas,Middle,BBOC,21,No Tide,23,148,0,Alive
2022,6,M. gigas,Middle,BBOC,21,No Tide,23,149,0,Alive
2022,6,M. gigas,Middle,BBOC,21,No Tide,23,150,0,Alive
2022,6,M. gigas,Middle,BBOC,21,No Tide,23,151,0,Alive
2022,6,M. gigas,Middle,BBOC,21,No Tide,23,152,0,Alive
2022,6,M. gigas,Middle,BBOC,21,No Tide,23,153,0,Alive
2022,6,M. gigas,Middle,BBOC,21,No Tide,23,154,0,Alive
2022,6,M. gigas,Middle,BBOC,21,No Tide,23,155,0,Alive
2022,6,M. gigas,Middle,BBOC,21,No Tide,23,156,0,Alive
2022,6,M. gigas,Middle,BBOC,21,No Tide,23,157,0,Alive
2022,6,M. gigas,Middle,BBOC,21,No Tide,23,158,0,Alive
2022,6,M. gigas,Middle,BBOC,21,No Tide,23,159,0,Alive
2022,6,M. gigas,Middle,BBOC,21,No Tide,23,160,0,Alive
2022,6,M. gigas,Middle,BBOC,21,No Tide,23,161,0,Alive
2022,6,M. gigas,Middle,BBOC,21,No Tide,23,162,0,Alive
2022,6,M. gigas,Middle,BBOC,21,No Tide,23,163,0,Alive
2022,6,M. gigas,Middle,BBOC,21,No Tide,23,164,0,Alive
2022,6,M. gigas,Middle,BBOC,21,No Tide,23,165,0,Alive
2022,6,M. gigas,Middle,BBOC,21,No Tide,23,166,0,Alive
2022,6,M. gigas,Middle,BBOC,21,No Tide,23,167,0,Alive
2022,6,M. gigas,Middle,BBOC,21,No Tide,23,168,0,Alive
2022,6,M. gigas,Middle,BBOC,21,No Tide,23,169,0,Alive
2022,6,M. gigas,Middle,BBOC,21,No Tide,23,170,0,Alive
2022,6,M. gigas,Middle,BBOC,21,No Tide,23,171,0,Alive
2022,6,M. gigas,Middle,BBOC,21,No Tide,23,172,0,Alive
2022,6,M. gigas,Middle,BBOC,21,No Tide,23,173,0,Alive
2022,6,M. gigas,Middle,BBOC,21,No Tide,23,174,0,Alive
2022,6,M. gigas,Middle,BBOC,21,No Tide,23,175,0,Alive
2022,6,M. gigas,Middle,BBOC,21,No Tide,23,176,0,Alive
2022,6,M. gigas,Middle,BBOC,21,No Tide,23,177,0,Alive
2022,6,M. gigas,Middle,BBOC,21,No Tide,23,178,0,Alive
2022,6,M. gigas,Middle,BBOC,21,No Tide,23,179,0,Alive
2022,6,M. gigas,Middle,BBOC,21,No Tide,23,180,0,Alive
2022,6,M. gigas,Middle,BBOC,21,No Tide,23,181,0,Alive
2022,6,M. gigas,Middle,BBOC,21,No Tide,23,182,0,Alive
2022,6,M. gigas,Middle,BBOC,21,No Tide,23,183,0,Alive
2022,6,M. gigas,Middle,BBOC,21,No Tide,23,184,0,Alive
2022,6,M. gigas,Middle,BBOC,21,No Tide,23,185,0,Alive
2022,6,M. gigas,Middle,BBOC,21,No Tide,23,186,0,Alive
2022,6,M. gigas,Middle,BBOC,21,No Tide,23,187,0,Alive
2022,6,M. gigas,Middle,BBOC,21,No Tide,23,188,0,Alive
2022,6,M. gigas,Middle,BBOC,21,No Tide,23,189,0,Alive
2022,6,M. gigas,Middle,BBOC,21,No Tide,23,190,0,Alive
2022,6,M. gigas,Middle,BBOC,21,No Tide,23,191,0,Alive
2022,6,M. gigas,Middle,BBOC,21,No Tide,23,192,0,Alive
2022,6,M. gigas,Middle,BBOC,21,No Tide,23,193,0,Alive
2022,6,M. gigas,Middle,BBOC,21,No Tide,23,194,0,Alive
2022,6,M. gigas,Middle,BBOC,21,No Tide,23,195,0,Alive
2022,6,M. gigas,Middle,BBOC,21,No Tide,23,196,0,Alive
2022,6,M. gigas,Middle,BBOC,21,No Tide,23,197,0,Alive
2022,6,M. gigas,Middle,BBOC,21,No Tide,23,198,0,Alive
2022,6,M. gigas,Middle,BBOC,21,No Tide,23,199,0,Alive
2022,6,M. gigas,Middle,BBOC,21,No Tide,23,200,0,Alive
2022,6,M. gigas,Middle,BBOC,21,No Tide,23,201,0,Alive
2022,6,M. gigas,Middle,BBOC,21,No Tide,23,202,0,Alive
2022,6,M. gigas,Middle,BBOC,21,No Tide,23,203,0,Alive
2022,6,M. gigas,Middle,BBOC,21,No Tide,23,204,0,Alive
2022,6,M. gigas,Middle,BBOC,21,No Tide,23,205,0,Alive
2022,6,M. gigas,Middle,BBOC,21,No Tide,23,206,0,Alive
2022,6,M. gigas,Middle,BBOC,21,No Tide,23,207,0,Alive
2022,6,M. gigas,Middle,BBOC,21,No Tide,23,208,0,Alive
2022,6,M. gigas,Middle,BBOC,21,No Tide,23,209,0,Alive
2022,6,M. gigas,Middle,BBOC,21,No Tide,23,210,0,Alive
2022,6,M. gigas,Middle,BBOC,21,No Tide,23,211,0,Alive
2022,6,M. gigas,Middle,BBOC,21,No Tide,23,212,0,Alive
2022,6,M. gigas,Middle,BBOC,21,No Tide,23,213,0,Alive
2022,6,M. gigas,Middle,BBOC,21,No Tide,23,214,0,Alive
2022,6,M. gigas,Middle,BBOC,21,No Tide,23,215,0,Alive
2022,6,M. gigas,Middle,BBOC,21,No Tide,23,216,0,Alive
2022,6,M. gigas,Middle,BBOC,21,No Tide,23,217,0,Alive
2022,6,M. gigas,Middle,BBOC,21,No Tide,23,218,0,Alive
2022,6,M. gigas,Middle,BBOC,21,No Tide,23,219,0,Alive
2022,6,M. gigas,Middle,BBOC,21,No Tide,23,220,0,Alive
2022,6,M. gigas,Middle,BBOC,21,No Tide,23,221,0,Alive
2022,6,M. gigas,Middle,BBOC,21,No Tide,23,222,0,Alive
2022,6,M. gigas,Middle,BBOC,21,No Tide,23,223,0,Alive
2022,6,M. gigas,Middle,BBOC,21,No Tide,23,224,0,Alive
2022,6,M. gigas,Middle,BBOC,21,No Tide,23,225,0,Alive
2022,6,M. gigas,Middle,BBOC,21,No Tide,23,226,0,Alive
2022,6,M. gigas,Middle,BBOC,21,No Tide,23,227,0,Alive
2022,6,M. gigas,Middle,BBOC,21,No Tide,23,228,0,Alive
2022,6,M. gigas,Middle,BBOC,21,No Tide,23,229,0,Alive
2022,6,M. gigas,Middle,BBOC,21,No Tide,23,230,0,Alive
2022,6,M. gigas,Middle,BBOC,21,No Tide,23,231,0,Alive
2022,6,M. gigas,Middle,BBOC,21,No Tide,23,232,0,Alive
2022,6,M. gigas,Middle,BBOC,21,No Tide,23,233,0,Alive
2022,6,M. gigas,Middle,BBOC,21,No Tide,23,234,0,Alive
2022,6,M. gigas,Middle,BBOC,21,No Tide,23,235,0,Alive
2022,6,M. gigas,Middle,BBOC,21,No Tide,23,236,0,Alive
2022,6,M. gigas,Middle,BBOC,21,No Tide,23,237,0,Alive
2022,6,M. gigas,Middle,BBOC,21,No Tide,23,238,0,Alive
2022,6,M. gigas,Middle,BBOC,21,No Tide,23,239,0,Alive
2022,6,M. gigas,Middle,BBOC,21,No Tide,23,240,0,Alive
2022,6,M. gigas,Middle,BBOC,21,No Tide,23,241,0,Alive
2022,6,M. gigas,Middle,BBOC,21,No Tide,23,242,0,Alive
2022,6,M. gigas,Middle,BBOC,21,No Tide,23,243,0,Alive
2022,6,M. gigas,Middle,BBOC,21,No Tide,23,244,0,Alive
2022,6,M. gigas,Middle,BBOC,21,No Tide,23,245,0,Alive
2022,6,M. gigas,Middle,BBOC,21,No Tide,23,246,0,Alive
2022,6,M. gigas,Middle,BBOC,21,No Tide,23,247,0,Alive
2022,6,M. gigas,Middle,BBOC,21,No Tide,23,248,0,Alive
2022,6,M. gigas,Middle,BBOC,21,No Tide,23,249,0,Alive
2022,6,M. gigas,Middle,BBOC,21,No Tide,23,250,0,Alive
2022,6,M. gigas,Middle,BBOC,21,No Tide,24,1,1,Dead
2022,6,M. gigas,Middle,BBOC,21,No Tide,24,2,1,Dead
2022,6,M. gigas,Middle,BBOC,21,No Tide,24,3,1,Dead
2022,6,M. gigas,Middle,BBOC,21,No Tide,24,4,1,Dead
2022,6,M. gigas,Middle,BBOC,21,No Tide,24,5,1,Dead
2022,6,M. gigas,Middle,BBOC,21,No Tide,24,6,1,Dead
2022,6,M. gigas,Middle,BBOC,21,No Tide,24,7,1,Dead
2022,6,M. gigas,Middle,BBOC,21,No Tide,24,8,1,Dead
2022,6,M. gigas,Middle,BBOC,21,No Tide,24,9,1,Dead
2022,6,M. gigas,Middle,BBOC,21,No Tide,24,10,1,Dead
2022,6,M. gigas,Middle,BBOC,21,No Tide,24,11,1,Dead
2022,6,M. gigas,Middle,BBOC,21,No Tide,24,12,1,Dead
2022,6,M. gigas,Middle,BBOC,21,No Tide,24,13,1,Dead
2022,6,M. gigas,Middle,BBOC,21,No Tide,24,14,1,Dead
2022,6,M. gigas,Middle,BBOC,21,No Tide,24,15,1,Dead
2022,6,M. gigas,Middle,BBOC,21,No Tide,24,16,1,Dead
2022,6,M. gigas,Middle,BBOC,21,No Tide,24,17,1,Dead
2022,6,M. gigas,Middle,BBOC,21,No Tide,24,18,1,Dead
2022,6,M. gigas,Middle,BBOC,21,No Tide,24,19,1,Dead
2022,6,M. gigas,Middle,BBOC,21,No Tide,24,20,1,Dead
2022,6,M. gigas,Middle,BBOC,21,No Tide,24,21,1,Dead
2022,6,M. gigas,Middle,BBOC,21,No Tide,24,22,1,Dead
2022,6,M. gigas,Middle,BBOC,21,No Tide,24,23,1,Dead
2022,6,M. gigas,Middle,BBOC,21,No Tide,24,24,1,Dead
2022,6,M. gigas,Middle,BBOC,21,No Tide,24,25,1,Dead
2022,6,M. gigas,Middle,BBOC,21,No Tide,24,26,1,Dead
2022,6,M. gigas,Middle,BBOC,21,No Tide,24,27,1,Dead
2022,6,M. gigas,Middle,BBOC,21,No Tide,24,28,1,Dead
2022,6,M. gigas,Middle,BBOC,21,No Tide,24,29,1,Dead
2022,6,M. gigas,Middle,BBOC,21,No Tide,24,30,1,Dead
2022,6,M. gigas,Middle,BBOC,21,No Tide,24,31,1,Dead
2022,6,M. gigas,Middle,BBOC,21,No Tide,24,32,1,Dead
2022,6,M. gigas,Middle,BBOC,21,No Tide,24,33,1,Dead
2022,6,M. gigas,Middle,BBOC,21,No Tide,24,34,1,Dead
2022,6,M. gigas,Middle,BBOC,21,No Tide,24,35,1,Dead
2022,6,M. gigas,Middle,BBOC,21,No Tide,24,36,1,Dead
2022,6,M. gigas,Middle,BBOC,21,No Tide,24,37,1,Dead
2022,6,M. gigas,Middle,BBOC,21,No Tide,24,38,1,Dead
2022,6,M. gigas,Middle,BBOC,21,No Tide,24,39,1,Dead
2022,6,M. gigas,Middle,BBOC,21,No Tide,24,40,1,Dead
2022,6,M. gigas,Middle,BBOC,21,No Tide,24,41,1,Dead
2022,6,M. gigas,Middle,BBOC,21,No Tide,24,42,1,Dead
2022,6,M. gigas,Middle,BBOC,21,No Tide,24,43,1,Dead
2022,6,M. gigas,Middle,BBOC,21,No Tide,24,44,1,Dead
2022,6,M. gigas,Middle,BBOC,21,No Tide,24,45,1,Dead
2022,6,M. gigas,Middle,BBOC,21,No Tide,24,46,1,Dead
2022,6,M. gigas,Middle,BBOC,21,No Tide,24,47,1,Dead
2022,6,M. gigas,Middle,BBOC,21,No Tide,24,48,1,Dead
2022,6,M. gigas,Middle,BBOC,21,No Tide,24,49,1,Dead
2022,6,M. gigas,Middle,BBOC,21,No Tide,24,50,1,Dead
2022,6,M. gigas,Middle,BBOC,21,No Tide,24,51,1,Dead
2022,6,M. gigas,Middle,BBOC,21,No Tide,24,52,1,Dead
2022,6,M. gigas,Middle,BBOC,21,No Tide,24,53,1,Dead
2022,6,M. gigas,Middle,BBOC,21,No Tide,24,54,1,Dead
2022,6,M. gigas,Middle,BBOC,21,No Tide,24,55,1,Dead
2022,6,M. gigas,Middle,BBOC,21,No Tide,24,56,1,Dead
2022,6,M. gigas,Middle,BBOC,21,No Tide,24,57,1,Dead
2022,6,M. gigas,Middle,BBOC,21,No Tide,24,58,1,Dead
2022,6,M. gigas,Middle,BBOC,21,No Tide,24,59,1,Dead
2022,6,M. gigas,Middle,BBOC,21,No Tide,24,60,1,Dead
2022,6,M. gigas,Middle,BBOC,21,No Tide,24,61,1,Dead
2022,6,M. gigas,Middle,BBOC,21,No Tide,24,62,1,Dead
2022,6,M. gigas,Middle,BBOC,21,No Tide,24,63,1,Dead
2022,6,M. gigas,Middle,BBOC,21,No Tide,24,64,1,Dead
2022,6,M. gigas,Middle,BBOC,21,No Tide,24,65,1,Dead
2022,6,M. gigas,Middle,BBOC,21,No Tide,24,66,1,Dead
2022,6,M. gigas,Middle,BBOC,21,No Tide,24,67,1,Dead
2022,6,M. gigas,Middle,BBOC,21,No Tide,24,68,1,Dead
2022,6,M. gigas,Middle,BBOC,21,No Tide,24,69,1,Dead
2022,6,M. gigas,Middle,BBOC,21,No Tide,24,70,1,Dead
2022,6,M. gigas,Middle,BBOC,21,No Tide,24,71,1,Dead
2022,6,M. gigas,Middle,BBOC,21,No Tide,24,72,1,Dead
2022,6,M. gigas,Middle,BBOC,21,No Tide,24,73,1,Dead
2022,6,M. gigas,Middle,BBOC,21,No Tide,24,74,1,Dead
2022,6,M. gigas,Middle,BBOC,21,No Tide,24,75,1,Dead
2022,6,M. gigas,Middle,BBOC,21,No Tide,24,76,1,Dead
2022,6,M. gigas,Middle,BBOC,21,No Tide,24,77,1,Dead
2022,6,M. gigas,Middle,BBOC,21,No Tide,24,78,1,Dead
2022,6,M. gigas,Middle,BBOC,21,No Tide,24,79,1,Dead
2022,6,M. gigas,Middle,BBOC,21,No Tide,24,80,1,Dead
2022,6,M. gigas,Middle,BBOC,21,No Tide,24,81,1,Dead
2022,6,M. gigas,Middle,BBOC,21,No Tide,24,82,1,Dead
2022,6,M. gigas,Middle,BBOC,21,No Tide,24,83,1,Dead
2022,6,M. gigas,Middle,BBOC,21,No Tide,24,84,1,Dead
2022,6,M. gigas,Middle,BBOC,21,No Tide,24,85,1,Dead
2022,6,M. gigas,Middle,BBOC,21,No Tide,24,86,1,Dead
2022,6,M. gigas,Middle,BBOC,21,No Tide,24,87,1,Dead
2022,6,M. gigas,Middle,BBOC,21,No Tide,24,88,1,Dead
2022,6,M. gigas,Middle,BBOC,21,No Tide,24,89,1,Dead
2022,6,M. gigas,Middle,BBOC,21,No Tide,24,90,1,Dead
2022,6,M. gigas,Middle,BBOC,21,No Tide,24,91,1,Dead
2022,6,M. gigas,Middle,BBOC,21,No Tide,24,92,1,Dead
2022,6,M. gigas,Middle,BBOC,21,No Tide,24,93,1,Dead
2022,6,M. gigas,Middle,BBOC,21,No Tide,24,94,1,Dead
2022,6,M. gigas,Middle,BBOC,21,No Tide,24,95,1,Dead
2022,6,M. gigas,Middle,BBOC,21,No Tide,24,96,1,Dead
2022,6,M. gigas,Middle,BBOC,21,No Tide,24,97,1,Dead
2022,6,M. gigas,Middle,BBOC,21,No Tide,24,98,1,Dead
2022,6,M. gigas,Middle,BBOC,21,No Tide,24,99,1,Dead
2022,6,M. gigas,Middle,BBOC,21,No Tide,24,100,1,Dead
2022,6,M. gigas,Middle,BBOC,21,No Tide,24,101,1,Dead
2022,6,M. gigas,Middle,BBOC,21,No Tide,24,102,1,Dead
2022,6,M. gigas,Middle,BBOC,21,No Tide,24,103,1,Dead
2022,6,M. gigas,Middle,BBOC,21,No Tide,24,104,1,Dead
2022,6,M. gigas,Middle,BBOC,21,No Tide,24,105,1,Dead
2022,6,M. gigas,Middle,BBOC,21,No Tide,24,106,1,Dead
2022,6,M. gigas,Middle,BBOC,21,No Tide,24,107,1,Dead
2022,6,M. gigas,Middle,BBOC,21,No Tide,24,108,1,Dead
2022,6,M. gigas,Middle,BBOC,21,No Tide,24,109,0,Alive
2022,6,M. gigas,Middle,BBOC,21,No Tide,24,110,0,Alive
2022,6,M. gigas,Middle,BBOC,21,No Tide,24,111,0,Alive
2022,6,M. gigas,Middle,BBOC,21,No Tide,24,112,0,Alive
2022,6,M. gigas,Middle,BBOC,21,No Tide,24,113,0,Alive
2022,6,M. gigas,Middle,BBOC,21,No Tide,24,114,0,Alive
2022,6,M. gigas,Middle,BBOC,21,No Tide,24,115,0,Alive
2022,6,M. gigas,Middle,BBOC,21,No Tide,24,116,0,Alive
2022,6,M. gigas,Middle,BBOC,21,No Tide,24,117,0,Alive
2022,6,M. gigas,Middle,BBOC,21,No Tide,24,118,0,Alive
2022,6,M. gigas,Middle,BBOC,21,No Tide,24,119,0,Alive
2022,6,M. gigas,Middle,BBOC,21,No Tide,24,120,0,Alive
2022,6,M. gigas,Middle,BBOC,21,No Tide,24,121,0,Alive
2022,6,M. gigas,Middle,BBOC,21,No Tide,24,122,0,Alive
2022,6,M. gigas,Middle,BBOC,21,No Tide,24,123,0,Alive
2022,6,M. gigas,Middle,BBOC,21,No Tide,24,124,0,Alive
2022,6,M. gigas,Middle,BBOC,21,No Tide,24,125,0,Alive
2022,6,M. gigas,Middle,BBOC,21,No Tide,24,126,0,Alive
2022,6,M. gigas,Middle,BBOC,21,No Tide,24,127,0,Alive
2022,6,M. gigas,Middle,BBOC,21,No Tide,24,128,0,Alive
2022,6,M. gigas,Middle,BBOC,21,No Tide,24,129,0,Alive
2022,6,M. gigas,Middle,BBOC,21,No Tide,24,130,0,Alive
2022,6,M. gigas,Middle,BBOC,21,No Tide,24,131,0,Alive
2022,6,M. gigas,Middle,BBOC,21,No Tide,24,132,0,Alive
2022,6,M. gigas,Middle,BBOC,21,No Tide,24,133,0,Alive
2022,6,M. gigas,Middle,BBOC,21,No Tide,24,134,0,Alive
2022,6,M. gigas,Middle,BBOC,21,No Tide,24,135,0,Alive
2022,6,M. gigas,Middle,BBOC,21,No Tide,24,136,0,Alive
2022,6,M. gigas,Middle,BBOC,21,No Tide,24,137,0,Alive
2022,6,M. gigas,Middle,BBOC,21,No Tide,24,138,0,Alive
2022,6,M. gigas,Middle,BBOC,21,No Tide,24,139,0,Alive
2022,6,M. gigas,Middle,BBOC,21,No Tide,24,140,0,Alive
2022,6,M. gigas,Middle,BBOC,21,No Tide,24,141,0,Alive
2022,6,M. gigas,Middle,BBOC,21,No Tide,24,142,0,Alive
2022,6,M. gigas,Middle,BBOC,21,No Tide,24,143,0,Alive
2022,6,M. gigas,Middle,BBOC,21,No Tide,24,144,0,Alive
2022,6,M. gigas,Middle,BBOC,21,No Tide,24,145,0,Alive
2022,6,M. gigas,Middle,BBOC,21,No Tide,24,146,0,Alive
2022,6,M. gigas,Middle,BBOC,21,No Tide,24,147,0,Alive
2022,6,M. gigas,Middle,BBOC,21,No Tide,24,148,0,Alive
2022,6,M. gigas,Middle,BBOC,21,No Tide,24,149,0,Alive
2022,6,M. gigas,Middle,BBOC,21,No Tide,24,150,0,Alive
2022,6,M. gigas,Middle,BBOC,21,No Tide,24,151,0,Alive
2022,6,M. gigas,Middle,BBOC,21,No Tide,24,152,0,Alive
2022,6,M. gigas,Middle,BBOC,21,No Tide,24,153,0,Alive
2022,6,M. gigas,Middle,BBOC,21,No Tide,24,154,0,Alive
2022,6,M. gigas,Middle,BBOC,21,No Tide,24,155,0,Alive
2022,6,M. gigas,Middle,BBOC,21,No Tide,24,156,0,Alive
2022,6,M. gigas,Middle,BBOC,21,No Tide,24,157,0,Alive
2022,6,M. gigas,Middle,BBOC,21,No Tide,24,158,0,Alive
2022,6,M. gigas,Middle,BBOC,21,No Tide,24,159,0,Alive
2022,6,M. gigas,Middle,BBOC,21,No Tide,24,160,0,Alive
2022,6,M. gigas,Middle,BBOC,21,No Tide,24,161,0,Alive
2022,6,M. gigas,Middle,BBOC,21,No Tide,24,162,0,Alive
2022,6,M. gigas,Middle,BBOC,21,No Tide,24,163,0,Alive
2022,6,M. gigas,Middle,BBOC,21,No Tide,24,164,0,Alive
2022,6,M. gigas,Middle,BBOC,21,No Tide,24,165,0,Alive
2022,6,M. gigas,Middle,BBOC,21,No Tide,24,166,0,Alive
2022,6,M. gigas,Middle,BBOC,21,No Tide,24,167,0,Alive
2022,6,M. gigas,Middle,BBOC,21,No Tide,24,168,0,Alive
2022,6,M. gigas,Middle,BBOC,21,No Tide,24,169,0,Alive
2022,6,M. gigas,Middle,BBOC,21,No Tide,24,170,0,Alive
2022,6,M. gigas,Middle,BBOC,21,No Tide,24,171,0,Alive
2022,6,M. gigas,Middle,BBOC,21,No Tide,24,172,0,Alive
2022,6,M. gigas,Middle,BBOC,21,No Tide,24,173,0,Alive
2022,6,M. gigas,Middle,BBOC,21,No Tide,24,174,0,Alive
2022,6,M. gigas,Middle,BBOC,21,No Tide,24,175,0,Alive
2022,6,M. gigas,Middle,BBOC,21,No Tide,24,176,0,Alive
2022,6,M. gigas,Middle,BBOC,21,No Tide,24,177,0,Alive
2022,6,M. gigas,Middle,BBOC,21,No Tide,24,178,0,Alive
2022,6,M. gigas,Middle,BBOC,21,No Tide,24,179,0,Alive
2022,6,M. gigas,Middle,BBOC,21,No Tide,24,180,0,Alive
2022,6,M. gigas,Middle,BBOC,21,No Tide,24,181,0,Alive
2022,6,M. gigas,Middle,BBOC,21,No Tide,24,182,0,Alive
2022,6,M. gigas,Middle,BBOC,21,No Tide,24,183,0,Alive
2022,6,M. gigas,Middle,BBOC,21,No Tide,24,184,0,Alive
2022,6,M. gigas,Middle,BBOC,21,No Tide,24,185,0,Alive
2022,6,M. gigas,Middle,BBOC,21,No Tide,24,186,0,Alive
2022,6,M. gigas,Middle,BBOC,21,No Tide,24,187,0,Alive
2022,6,M. gigas,Middle,BBOC,21,No Tide,24,188,0,Alive
2022,6,M. gigas,Middle,BBOC,21,No Tide,24,189,0,Alive
2022,6,M. gigas,Middle,BBOC,21,No Tide,24,190,0,Alive
2022,6,M. gigas,Middle,BBOC,21,No Tide,24,191,0,Alive
2022,6,M. gigas,Middle,BBOC,21,No Tide,24,192,0,Alive
2022,6,M. gigas,Middle,BBOC,21,No Tide,24,193,0,Alive
2022,6,M. gigas,Middle,BBOC,21,No Tide,24,194,0,Alive
2022,6,M. gigas,Middle,BBOC,21,No Tide,24,195,0,Alive
2022,6,M. gigas,Middle,BBOC,21,No Tide,24,196,0,Alive
2022,6,M. gigas,Middle,BBOC,21,No Tide,24,197,0,Alive
2022,6,M. gigas,Middle,BBOC,21,No Tide,24,198,0,Alive
2022,6,M. gigas,Middle,BBOC,21,No Tide,24,199,0,Alive
2022,6,M. gigas,Middle,BBOC,21,No Tide,24,200,0,Alive
2022,6,M. gigas,Middle,BBOC,21,No Tide,24,201,0,Alive
2022,6,M. gigas,Middle,BBOC,21,No Tide,24,202,0,Alive
2022,6,M. gigas,Middle,BBOC,21,No Tide,24,203,0,Alive
2022,6,M. gigas,Middle,BBOC,21,No Tide,24,204,0,Alive
2022,6,M. gigas,Middle,BBOC,21,No Tide,24,205,0,Alive
2022,6,M. gigas,Middle,BBOC,21,No Tide,24,206,0,Alive
2022,6,M. gigas,Middle,BBOC,21,No Tide,24,207,0,Alive
2022,6,M. gigas,Middle,BBOC,21,No Tide,24,208,0,Alive
2022,6,M. gigas,Middle,BBOC,21,No Tide,24,209,0,Alive
2022,6,M. gigas,Middle,BBOC,21,No Tide,24,210,0,Alive
2022,6,M. gigas,Middle,BBOC,21,No Tide,24,211,0,Alive
2022,6,M. gigas,Middle,BBOC,21,No Tide,24,212,0,Alive
2022,6,M. gigas,Middle,BBOC,21,No Tide,24,213,0,Alive
2022,6,M. gigas,Middle,BBOC,21,No Tide,24,214,0,Alive
2022,6,M. gigas,Middle,BBOC,21,No Tide,24,215,0,Alive
2022,6,M. gigas,Middle,BBOC,21,No Tide,24,216,0,Alive
2022,6,M. gigas,Middle,BBOC,21,No Tide,24,217,0,Alive
2022,6,M. gigas,Middle,BBOC,21,No Tide,24,218,0,Alive
2022,6,M. gigas,Middle,BBOC,21,No Tide,24,219,0,Alive
2022,6,M. gigas,Middle,BBOC,21,No Tide,24,220,0,Alive
2022,6,M. gigas,Middle,BBOC,21,No Tide,24,221,0,Alive
2022,6,M. gigas,Middle,BBOC,21,No Tide,24,222,0,Alive
2022,6,M. gigas,Middle,BBOC,21,No Tide,24,223,0,Alive
2022,6,M. gigas,Middle,BBOC,21,No Tide,24,224,0,Alive
2022,6,M. gigas,Middle,BBOC,21,No Tide,24,225,0,Alive
2022,6,M. gigas,Middle,BBOC,21,No Tide,24,226,0,Alive
2022,6,M. gigas,Middle,BBOC,21,No Tide,24,227,0,Alive
2022,6,M. gigas,Middle,BBOC,21,No Tide,24,228,0,Alive
2022,6,M. gigas,Middle,BBOC,21,No Tide,24,229,0,Alive
2022,6,M. gigas,Middle,BBOC,21,No Tide,24,230,0,Alive
2022,6,M. gigas,Middle,BBOC,21,No Tide,24,231,0,Alive
2022,6,M. gigas,Middle,BBOC,21,No Tide,24,232,0,Alive
2022,6,M. gigas,Middle,BBOC,21,No Tide,24,233,0,Alive
2022,6,M. gigas,Middle,BBOC,21,No Tide,24,234,0,Alive
2022,6,M. gigas,Middle,BBOC,21,No Tide,24,235,0,Alive
2022,6,M. gigas,Middle,BBOC,21,No Tide,24,236,0,Alive
2022,6,M. gigas,Middle,BBOC,21,No Tide,24,237,0,Alive
2022,6,M. gigas,Middle,BBOC,21,No Tide,24,238,0,Alive
2022,6,M. gigas,Middle,BBOC,21,No Tide,24,239,0,Alive
2022,6,M. gigas,Middle,BBOC,21,No Tide,24,240,0,Alive
2022,6,M. gigas,Middle,BBOC,21,No Tide,24,241,0,Alive
2022,6,M. gigas,Middle,BBOC,21,No Tide,24,242,0,Alive
2022,6,M. gigas,Middle,BBOC,21,No Tide,24,243,0,Alive
2022,6,M. gigas,Middle,BBOC,21,No Tide,24,244,0,Alive
2022,6,M. gigas,Middle,BBOC,21,No Tide,24,245,0,Alive
2022,6,M. gigas,Middle,BBOC,21,No Tide,24,246,0,Alive
2022,6,M. gigas,Middle,BBOC,21,No Tide,24,247,0,Alive
2022,6,M. gigas,Middle,BBOC,21,No Tide,24,248,0,Alive
2022,6,M. gigas,Middle,BBOC,21,No Tide,24,249,0,Alive
2022,6,M. gigas,Middle,BBOC,21,No Tide,24,250,0,Alive
2022,6,M. gigas,South,TBOC,21,No Tide,34,1,1,Dead
2022,6,M. gigas,South,TBOC,21,No Tide,34,2,1,Dead
2022,6,M. gigas,South,TBOC,21,No Tide,34,3,1,Dead
2022,6,M. gigas,South,TBOC,21,No Tide,34,4,1,Dead
2022,6,M. gigas,South,TBOC,21,No Tide,34,5,1,Dead
2022,6,M. gigas,South,TBOC,21,No Tide,34,6,1,Dead
2022,6,M. gigas,South,TBOC,21,No Tide,34,7,1,Dead
2022,6,M. gigas,South,TBOC,21,No Tide,34,8,1,Dead
2022,6,M. gigas,South,TBOC,21,No Tide,34,9,1,Dead
2022,6,M. gigas,South,TBOC,21,No Tide,34,10,1,Dead
2022,6,M. gigas,South,TBOC,21,No Tide,34,11,1,Dead
2022,6,M. gigas,South,TBOC,21,No Tide,34,12,1,Dead
2022,6,M. gigas,South,TBOC,21,No Tide,34,13,1,Dead
2022,6,M. gigas,South,TBOC,21,No Tide,34,14,1,Dead
2022,6,M. gigas,South,TBOC,21,No Tide,34,15,1,Dead
2022,6,M. gigas,South,TBOC,21,No Tide,34,16,1,Dead
2022,6,M. gigas,South,TBOC,21,No Tide,34,17,1,Dead
2022,6,M. gigas,South,TBOC,21,No Tide,34,18,1,Dead
2022,6,M. gigas,South,TBOC,21,No Tide,34,19,1,Dead
2022,6,M. gigas,South,TBOC,21,No Tide,34,20,1,Dead
2022,6,M. gigas,South,TBOC,21,No Tide,34,21,1,Dead
2022,6,M. gigas,South,TBOC,21,No Tide,34,22,0,Alive
2022,6,M. gigas,South,TBOC,21,No Tide,34,23,0,Alive
2022,6,M. gigas,South,TBOC,21,No Tide,34,24,0,Alive
2022,6,M. gigas,South,TBOC,21,No Tide,34,25,0,Alive
2022,6,M. gigas,South,TBOC,21,No Tide,34,26,0,Alive
2022,6,M. gigas,South,TBOC,21,No Tide,34,27,0,Alive
2022,6,M. gigas,South,TBOC,21,No Tide,34,28,0,Alive
2022,6,M. gigas,South,TBOC,21,No Tide,34,29,0,Alive
2022,6,M. gigas,South,TBOC,21,No Tide,34,30,0,Alive
2022,6,M. gigas,South,TBOC,21,No Tide,34,31,0,Alive
2022,6,M. gigas,South,TBOC,21,No Tide,34,32,0,Alive
2022,6,M. gigas,South,TBOC,21,No Tide,34,33,0,Alive
2022,6,M. gigas,South,TBOC,21,No Tide,34,34,0,Alive
2022,6,M. gigas,South,TBOC,21,No Tide,34,35,0,Alive
2022,6,M. gigas,South,TBOC,21,No Tide,34,36,0,Alive
2022,6,M. gigas,South,TBOC,21,No Tide,34,37,0,Alive
2022,6,M. gigas,South,TBOC,21,No Tide,34,38,0,Alive
2022,6,M. gigas,South,TBOC,21,No Tide,34,39,0,Alive
2022,6,M. gigas,South,TBOC,21,No Tide,34,40,0,Alive
2022,6,M. gigas,South,TBOC,21,No Tide,34,41,0,Alive
2022,6,M. gigas,South,TBOC,21,No Tide,34,42,0,Alive
2022,6,M. gigas,South,TBOC,21,No Tide,34,43,0,Alive
2022,6,M. gigas,South,TBOC,21,No Tide,34,44,0,Alive
2022,6,M. gigas,South,TBOC,21,No Tide,34,45,0,Alive
2022,6,M. gigas,South,TBOC,21,No Tide,34,46,0,Alive
2022,6,M. gigas,South,TBOC,21,No Tide,34,47,0,Alive
2022,6,M. gigas,South,TBOC,21,No Tide,34,48,0,Alive
2022,6,M. gigas,South,TBOC,21,No Tide,34,49,0,Alive
2022,6,M. gigas,South,TBOC,21,No Tide,34,50,0,Alive
2022,6,M. gigas,South,TBOC,21,No Tide,34,51,0,Alive
2022,6,M. gigas,South,TBOC,21,No Tide,34,52,0,Alive
2022,6,M. gigas,South,TBOC,21,No Tide,34,53,0,Alive
2022,6,M. gigas,South,TBOC,21,No Tide,34,54,0,Alive
2022,6,M. gigas,South,TBOC,21,No Tide,34,55,0,Alive
2022,6,M. gigas,South,TBOC,21,No Tide,34,56,0,Alive
2022,6,M. gigas,South,TBOC,21,No Tide,34,57,0,Alive
2022,6,M. gigas,South,TBOC,21,No Tide,34,58,0,Alive
2022,6,M. gigas,South,TBOC,21,No Tide,34,59,0,Alive
2022,6,M. gigas,South,TBOC,21,No Tide,34,60,0,Alive
2022,6,M. gigas,South,TBOC,21,No Tide,34,61,0,Alive
2022,6,M. gigas,South,TBOC,21,No Tide,34,62,0,Alive
2022,6,M. gigas,South,TBOC,21,No Tide,34,63,0,Alive
2022,6,M. gigas,South,TBOC,21,No Tide,34,64,0,Alive
2022,6,M. gigas,South,TBOC,21,No Tide,34,65,0,Alive
2022,6,M. gigas,South,TBOC,21,No Tide,34,66,0,Alive
2022,6,M. gigas,South,TBOC,21,No Tide,34,67,0,Alive
2022,6,M. gigas,South,TBOC,21,No Tide,34,68,0,Alive
2022,6,M. gigas,South,TBOC,21,No Tide,34,69,0,Alive
2022,6,M. gigas,South,TBOC,21,No Tide,34,70,0,Alive
2022,6,M. gigas,South,TBOC,21,No Tide,34,71,0,Alive
2022,6,M. gigas,South,TBOC,21,No Tide,34,72,0,Alive
2022,6,M. gigas,South,TBOC,21,No Tide,34,73,0,Alive
2022,6,M. gigas,South,TBOC,21,No Tide,34,74,0,Alive
2022,6,M. gigas,South,TBOC,21,No Tide,34,75,0,Alive
2022,6,M. gigas,South,TBOC,21,No Tide,34,76,0,Alive
2022,6,M. gigas,South,TBOC,21,No Tide,34,77,0,Alive
2022,6,M. gigas,South,TBOC,21,No Tide,34,78,0,Alive
2022,6,M. gigas,South,TBOC,21,No Tide,34,79,0,Alive
2022,6,M. gigas,South,TBOC,21,No Tide,34,80,0,Alive
2022,6,M. gigas,South,TBOC,21,No Tide,34,81,0,Alive
2022,6,M. gigas,South,TBOC,21,No Tide,34,82,0,Alive
2022,6,M. gigas,South,TBOC,21,No Tide,34,83,0,Alive
2022,6,M. gigas,South,TBOC,21,No Tide,34,84,0,Alive
2022,6,M. gigas,South,TBOC,21,No Tide,34,85,0,Alive
2022,6,M. gigas,South,TBOC,21,No Tide,34,86,0,Alive
2022,6,M. gigas,South,TBOC,21,No Tide,34,87,0,Alive
2022,6,M. gigas,South,TBOC,21,No Tide,34,88,0,Alive
2022,6,M. gigas,South,TBOC,21,No Tide,34,89,0,Alive
2022,6,M. gigas,South,TBOC,21,No Tide,34,90,0,Alive
2022,6,M. gigas,South,TBOC,21,No Tide,34,91,0,Alive
2022,6,M. gigas,South,TBOC,21,No Tide,34,92,0,Alive
2022,6,M. gigas,South,TBOC,21,No Tide,34,93,0,Alive
2022,6,M. gigas,South,TBOC,21,No Tide,34,94,0,Alive
2022,6,M. gigas,South,TBOC,21,No Tide,34,95,0,Alive
2022,6,M. gigas,South,TBOC,21,No Tide,34,96,0,Alive
2022,6,M. gigas,South,TBOC,21,No Tide,34,97,0,Alive
2022,6,M. gigas,South,TBOC,21,No Tide,34,98,0,Alive
2022,6,M. gigas,South,TBOC,21,No Tide,34,99,0,Alive
2022,6,M. gigas,South,TBOC,21,No Tide,34,100,0,Alive
2022,6,M. gigas,South,TBOC,21,No Tide,34,101,0,Alive
2022,6,M. gigas,South,TBOC,21,No Tide,34,102,0,Alive
2022,6,M. gigas,South,TBOC,21,No Tide,34,103,0,Alive
2022,6,M. gigas,South,TBOC,21,No Tide,34,104,0,Alive
2022,6,M. gigas,South,TBOC,21,No Tide,34,105,0,Alive
2022,6,M. gigas,South,TBOC,21,No Tide,34,106,0,Alive
2022,6,M. gigas,South,TBOC,21,No Tide,34,107,0,Alive
2022,6,M. gigas,South,TBOC,21,No Tide,34,108,0,Alive
2022,6,M. gigas,South,TBOC,21,No Tide,34,109,0,Alive
2022,6,M. gigas,South,TBOC,21,No Tide,34,110,0,Alive
2022,6,M. gigas,South,TBOC,21,No Tide,34,111,0,Alive
2022,6,M. gigas,South,TBOC,21,No Tide,34,112,0,Alive
2022,6,M. gigas,South,TBOC,21,No Tide,34,113,0,Alive
2022,6,M. gigas,South,TBOC,21,No Tide,34,114,0,Alive
2022,6,M. gigas,South,TBOC,21,No Tide,34,115,0,Alive
2022,6,M. gigas,South,TBOC,21,No Tide,34,116,0,Alive
2022,6,M. gigas,South,TBOC,21,No Tide,34,117,0,Alive
2022,6,M. gigas,South,TBOC,21,No Tide,34,118,0,Alive
2022,6,M. gigas,South,TBOC,21,No Tide,34,119,0,Alive
2022,6,M. gigas,South,TBOC,21,No Tide,34,120,0,Alive
2022,6,M. gigas,South,TBOC,21,No Tide,34,121,0,Alive
2022,6,M. gigas,South,TBOC,21,No Tide,34,122,0,Alive
2022,6,M. gigas,South,TBOC,21,No Tide,34,123,0,Alive
2022,6,M. gigas,South,TBOC,21,No Tide,34,124,0,Alive
2022,6,M. gigas,South,TBOC,21,No Tide,34,125,0,Alive
2022,6,M. gigas,South,TBOC,21,No Tide,34,126,0,Alive
2022,6,M. gigas,South,TBOC,21,No Tide,34,127,0,Alive
2022,6,M. gigas,South,TBOC,21,No Tide,34,128,0,Alive
2022,6,M. gigas,South,TBOC,21,No Tide,34,129,0,Alive
2022,6,M. gigas,South,TBOC,21,No Tide,34,130,0,Alive
2022,6,M. gigas,South,TBOC,21,No Tide,34,131,0,Alive
2022,6,M. gigas,South,TBOC,21,No Tide,34,132,0,Alive
2022,6,M. gigas,South,TBOC,21,No Tide,34,133,0,Alive
2022,6,M. gigas,South,TBOC,21,No Tide,34,134,0,Alive
2022,6,M. gigas,South,TBOC,21,No Tide,34,135,0,Alive
2022,6,M. gigas,South,TBOC,21,No Tide,34,136,0,Alive
2022,6,M. gigas,South,TBOC,21,No Tide,34,137,0,Alive
2022,6,M. gigas,South,TBOC,21,No Tide,34,138,0,Alive
2022,6,M. gigas,South,TBOC,21,No Tide,34,139,0,Alive
2022,6,M. gigas,South,TBOC,21,No Tide,34,140,0,Alive
2022,6,M. gigas,South,TBOC,21,No Tide,34,141,0,Alive
2022,6,M. gigas,South,TBOC,21,No Tide,34,142,0,Alive
2022,6,M. gigas,South,TBOC,21,No Tide,34,143,0,Alive
2022,6,M. gigas,South,TBOC,21,No Tide,34,144,0,Alive
2022,6,M. gigas,South,TBOC,21,No Tide,34,145,0,Alive
2022,6,M. gigas,South,TBOC,21,No Tide,34,146,0,Alive
2022,6,M. gigas,South,TBOC,21,No Tide,34,147,0,Alive
2022,6,M. gigas,South,TBOC,21,No Tide,34,148,0,Alive
2022,6,M. gigas,South,TBOC,21,No Tide,34,149,0,Alive
2022,6,M. gigas,South,TBOC,21,No Tide,34,150,0,Alive
2022,6,M. gigas,South,TBOC,21,No Tide,34,151,0,Alive
2022,6,M. gigas,South,TBOC,21,No Tide,34,152,0,Alive
2022,6,M. gigas,South,TBOC,21,No Tide,34,153,0,Alive
2022,6,M. gigas,South,TBOC,21,No Tide,34,154,0,Alive
2022,6,M. gigas,South,TBOC,21,No Tide,34,155,0,Alive
2022,6,M. gigas,South,TBOC,21,No Tide,34,156,0,Alive
2022,6,M. gigas,South,TBOC,21,No Tide,34,157,0,Alive
2022,6,M. gigas,South,TBOC,21,No Tide,34,158,0,Alive
2022,6,M. gigas,South,TBOC,21,No Tide,34,159,0,Alive
2022,6,M. gigas,South,TBOC,21,No Tide,34,160,0,Alive
2022,6,M. gigas,South,TBOC,21,No Tide,34,161,0,Alive
2022,6,M. gigas,South,TBOC,21,No Tide,34,162,0,Alive
2022,6,M. gigas,South,TBOC,21,No Tide,34,163,0,Alive
2022,6,M. gigas,South,TBOC,21,No Tide,34,164,0,Alive
2022,6,M. gigas,South,TBOC,21,No Tide,34,165,0,Alive
2022,6,M. gigas,South,TBOC,21,No Tide,34,166,0,Alive
2022,6,M. gigas,South,TBOC,21,No Tide,34,167,0,Alive
2022,6,M. gigas,South,TBOC,21,No Tide,34,168,0,Alive
2022,6,M. gigas,South,TBOC,21,No Tide,34,169,0,Alive
2022,6,M. gigas,South,TBOC,21,No Tide,34,170,0,Alive
2022,6,M. gigas,South,TBOC,21,No Tide,34,171,0,Alive
2022,6,M. gigas,South,TBOC,21,No Tide,34,172,0,Alive
2022,6,M. gigas,South,TBOC,21,No Tide,34,173,0,Alive
2022,6,M. gigas,South,TBOC,21,No Tide,34,174,0,Alive
2022,6,M. gigas,South,TBOC,21,No Tide,34,175,0,Alive
2022,6,M. gigas,South,TBOC,21,No Tide,34,176,0,Alive
2022,6,M. gigas,South,TBOC,21,No Tide,34,177,0,Alive
2022,6,M. gigas,South,TBOC,21,No Tide,34,178,0,Alive
2022,6,M. gigas,South,TBOC,21,No Tide,34,179,0,Alive
2022,6,M. gigas,South,TBOC,21,No Tide,34,180,0,Alive
2022,6,M. gigas,South,TBOC,21,No Tide,34,181,0,Alive
2022,6,M. gigas,South,TBOC,21,No Tide,34,182,0,Alive
2022,6,M. gigas,South,TBOC,21,No Tide,34,183,0,Alive
2022,6,M. gigas,South,TBOC,21,No Tide,34,184,0,Alive
2022,6,M. gigas,South,TBOC,21,No Tide,34,185,0,Alive
2022,6,M. gigas,South,TBOC,21,No Tide,34,186,0,Alive
2022,6,M. gigas,South,TBOC,21,No Tide,34,187,0,Alive
2022,6,M. gigas,South,TBOC,21,No Tide,34,188,0,Alive
2022,6,M. gigas,South,TBOC,21,No Tide,34,189,0,Alive
2022,6,M. gigas,South,TBOC,21,No Tide,34,190,0,Alive
2022,6,M. gigas,South,TBOC,21,No Tide,34,191,0,Alive
2022,6,M. gigas,South,TBOC,21,No Tide,34,192,0,Alive
2022,6,M. gigas,South,TBOC,21,No Tide,34,193,0,Alive
2022,6,M. gigas,South,TBOC,21,No Tide,34,194,0,Alive
2022,6,M. gigas,South,TBOC,21,No Tide,34,195,0,Alive
2022,6,M. gigas,South,TBOC,21,No Tide,34,196,0,Alive
2022,6,M. gigas,South,TBOC,21,No Tide,34,197,0,Alive
2022,6,M. gigas,South,TBOC,21,No Tide,34,198,0,Alive
2022,6,M. gigas,South,TBOC,21,No Tide,34,199,0,Alive
2022,6,M. gigas,South,TBOC,21,No Tide,34,200,0,Alive
2022,6,M. gigas,South,TBOC,21,No Tide,34,201,0,Alive
2022,6,M. gigas,South,TBOC,21,No Tide,34,202,0,Alive
2022,6,M. gigas,South,TBOC,21,No Tide,34,203,0,Alive
2022,6,M. gigas,South,TBOC,21,No Tide,34,204,0,Alive
2022,6,M. gigas,South,TBOC,21,No Tide,34,205,0,Alive
2022,6,M. gigas,South,TBOC,21,No Tide,34,206,0,Alive
2022,6,M. gigas,South,TBOC,21,No Tide,34,207,0,Alive
2022,6,M. gigas,South,TBOC,21,No Tide,34,208,0,Alive
2022,6,M. gigas,South,TBOC,21,No Tide,34,209,0,Alive
2022,6,M. gigas,South,TBOC,21,No Tide,34,210,0,Alive
2022,6,M. gigas,South,TBOC,21,No Tide,34,211,0,Alive
2022,6,M. gigas,South,TBOC,21,No Tide,34,212,0,Alive
2022,6,M. gigas,South,TBOC,21,No Tide,34,213,0,Alive
2022,6,M. gigas,South,TBOC,21,No Tide,34,214,0,Alive
2022,6,M. gigas,South,TBOC,21,No Tide,34,215,0,Alive
2022,6,M. gigas,South,TBOC,21,No Tide,34,216,0,Alive
2022,6,M. gigas,South,TBOC,21,No Tide,34,217,0,Alive
2022,6,M. gigas,South,TBOC,21,No Tide,34,218,0,Alive
2022,6,M. gigas,South,TBOC,21,No Tide,34,219,0,Alive
2022,6,M. gigas,South,TBOC,21,No Tide,34,220,0,Alive
2022,6,M. gigas,South,TBOC,21,No Tide,34,221,0,Alive
2022,6,M. gigas,South,TBOC,21,No Tide,34,222,0,Alive
2022,6,M. gigas,South,TBOC,21,No Tide,34,223,0,Alive
2022,6,M. gigas,South,TBOC,21,No Tide,34,224,0,Alive
2022,6,M. gigas,South,TBOC,21,No Tide,34,225,0,Alive
2022,6,M. gigas,South,TBOC,21,No Tide,34,226,0,Alive
2022,6,M. gigas,South,TBOC,21,No Tide,34,227,0,Alive
2022,6,M. gigas,South,TBOC,21,No Tide,34,228,0,Alive
2022,6,M. gigas,South,TBOC,21,No Tide,34,229,0,Alive
2022,6,M. gigas,South,TBOC,21,No Tide,34,230,0,Alive
2022,6,M. gigas,South,TBOC,21,No Tide,34,231,0,Alive
2022,6,M. gigas,South,TBOC,21,No Tide,34,232,0,Alive
2022,6,M. gigas,South,TBOC,21,No Tide,34,233,0,Alive
2022,6,M. gigas,South,TBOC,21,No Tide,34,234,0,Alive
2022,6,M. gigas,South,TBOC,21,No Tide,34,235,0,Alive
2022,6,M. gigas,South,TBOC,21,No Tide,34,236,0,Alive
2022,6,M. gigas,South,TBOC,21,No Tide,34,237,0,Alive
2022,6,M. gigas,South,TBOC,21,No Tide,34,238,0,Alive
2022,6,M. gigas,South,TBOC,21,No Tide,34,239,0,Alive
2022,6,M. gigas,South,TBOC,21,No Tide,34,240,0,Alive
2022,6,M. gigas,South,TBOC,21,No Tide,34,241,0,Alive
2022,6,M. gigas,South,TBOC,21,No Tide,34,242,0,Alive
2022,6,M. gigas,South,TBOC,21,No Tide,34,243,0,Alive
2022,6,M. gigas,South,TBOC,21,No Tide,34,244,0,Alive
2022,6,M. gigas,South,TBOC,21,No Tide,34,245,0,Alive
2022,6,M. gigas,South,TBOC,21,No Tide,34,246,0,Alive
2022,6,M. gigas,South,TBOC,21,No Tide,34,247,0,Alive
2022,6,M. gigas,South,TBOC,21,No Tide,34,248,0,Alive
2022,6,M. gigas,South,TBOC,21,No Tide,34,249,0,Alive
2022,6,M. gigas,South,TBOC,21,No Tide,34,250,0,Alive
2022,6,M. gigas,South,TBOC,21,No Tide,35,1,1,Dead
2022,6,M. gigas,South,TBOC,21,No Tide,35,2,1,Dead
2022,6,M. gigas,South,TBOC,21,No Tide,35,3,1,Dead
2022,6,M. gigas,South,TBOC,21,No Tide,35,4,1,Dead
2022,6,M. gigas,South,TBOC,21,No Tide,35,5,1,Dead
2022,6,M. gigas,South,TBOC,21,No Tide,35,6,1,Dead
2022,6,M. gigas,South,TBOC,21,No Tide,35,7,1,Dead
2022,6,M. gigas,South,TBOC,21,No Tide,35,8,1,Dead
2022,6,M. gigas,South,TBOC,21,No Tide,35,9,1,Dead
2022,6,M. gigas,South,TBOC,21,No Tide,35,10,1,Dead
2022,6,M. gigas,South,TBOC,21,No Tide,35,11,1,Dead
2022,6,M. gigas,South,TBOC,21,No Tide,35,12,1,Dead
2022,6,M. gigas,South,TBOC,21,No Tide,35,13,1,Dead
2022,6,M. gigas,South,TBOC,21,No Tide,35,14,1,Dead
2022,6,M. gigas,South,TBOC,21,No Tide,35,15,1,Dead
2022,6,M. gigas,South,TBOC,21,No Tide,35,16,1,Dead
2022,6,M. gigas,South,TBOC,21,No Tide,35,17,1,Dead
2022,6,M. gigas,South,TBOC,21,No Tide,35,18,1,Dead
2022,6,M. gigas,South,TBOC,21,No Tide,35,19,0,Alive
2022,6,M. gigas,South,TBOC,21,No Tide,35,20,0,Alive
2022,6,M. gigas,South,TBOC,21,No Tide,35,21,0,Alive
2022,6,M. gigas,South,TBOC,21,No Tide,35,22,0,Alive
2022,6,M. gigas,South,TBOC,21,No Tide,35,23,0,Alive
2022,6,M. gigas,South,TBOC,21,No Tide,35,24,0,Alive
2022,6,M. gigas,South,TBOC,21,No Tide,35,25,0,Alive
2022,6,M. gigas,South,TBOC,21,No Tide,35,26,0,Alive
2022,6,M. gigas,South,TBOC,21,No Tide,35,27,0,Alive
2022,6,M. gigas,South,TBOC,21,No Tide,35,28,0,Alive
2022,6,M. gigas,South,TBOC,21,No Tide,35,29,0,Alive
2022,6,M. gigas,South,TBOC,21,No Tide,35,30,0,Alive
2022,6,M. gigas,South,TBOC,21,No Tide,35,31,0,Alive
2022,6,M. gigas,South,TBOC,21,No Tide,35,32,0,Alive
2022,6,M. gigas,South,TBOC,21,No Tide,35,33,0,Alive
2022,6,M. gigas,South,TBOC,21,No Tide,35,34,0,Alive
2022,6,M. gigas,South,TBOC,21,No Tide,35,35,0,Alive
2022,6,M. gigas,South,TBOC,21,No Tide,35,36,0,Alive
2022,6,M. gigas,South,TBOC,21,No Tide,35,37,0,Alive
2022,6,M. gigas,South,TBOC,21,No Tide,35,38,0,Alive
2022,6,M. gigas,South,TBOC,21,No Tide,35,39,0,Alive
2022,6,M. gigas,South,TBOC,21,No Tide,35,40,0,Alive
2022,6,M. gigas,South,TBOC,21,No Tide,35,41,0,Alive
2022,6,M. gigas,South,TBOC,21,No Tide,35,42,0,Alive
2022,6,M. gigas,South,TBOC,21,No Tide,35,43,0,Alive
2022,6,M. gigas,South,TBOC,21,No Tide,35,44,0,Alive
2022,6,M. gigas,South,TBOC,21,No Tide,35,45,0,Alive
2022,6,M. gigas,South,TBOC,21,No Tide,35,46,0,Alive
2022,6,M. gigas,South,TBOC,21,No Tide,35,47,0,Alive
2022,6,M. gigas,South,TBOC,21,No Tide,35,48,0,Alive
2022,6,M. gigas,South,TBOC,21,No Tide,35,49,0,Alive
2022,6,M. gigas,South,TBOC,21,No Tide,35,50,0,Alive
2022,6,M. gigas,South,TBOC,21,No Tide,35,51,0,Alive
2022,6,M. gigas,South,TBOC,21,No Tide,35,52,0,Alive
2022,6,M. gigas,South,TBOC,21,No Tide,35,53,0,Alive
2022,6,M. gigas,South,TBOC,21,No Tide,35,54,0,Alive
2022,6,M. gigas,South,TBOC,21,No Tide,35,55,0,Alive
2022,6,M. gigas,South,TBOC,21,No Tide,35,56,0,Alive
2022,6,M. gigas,South,TBOC,21,No Tide,35,57,0,Alive
2022,6,M. gigas,South,TBOC,21,No Tide,35,58,0,Alive
2022,6,M. gigas,South,TBOC,21,No Tide,35,59,0,Alive
2022,6,M. gigas,South,TBOC,21,No Tide,35,60,0,Alive
2022,6,M. gigas,South,TBOC,21,No Tide,35,61,0,Alive
2022,6,M. gigas,South,TBOC,21,No Tide,35,62,0,Alive
2022,6,M. gigas,South,TBOC,21,No Tide,35,63,0,Alive
2022,6,M. gigas,South,TBOC,21,No Tide,35,64,0,Alive
2022,6,M. gigas,South,TBOC,21,No Tide,35,65,0,Alive
2022,6,M. gigas,South,TBOC,21,No Tide,35,66,0,Alive
2022,6,M. gigas,South,TBOC,21,No Tide,35,67,0,Alive
2022,6,M. gigas,South,TBOC,21,No Tide,35,68,0,Alive
2022,6,M. gigas,South,TBOC,21,No Tide,35,69,0,Alive
2022,6,M. gigas,South,TBOC,21,No Tide,35,70,0,Alive
2022,6,M. gigas,South,TBOC,21,No Tide,35,71,0,Alive
2022,6,M. gigas,South,TBOC,21,No Tide,35,72,0,Alive
2022,6,M. gigas,South,TBOC,21,No Tide,35,73,0,Alive
2022,6,M. gigas,South,TBOC,21,No Tide,35,74,0,Alive
2022,6,M. gigas,South,TBOC,21,No Tide,35,75,0,Alive
2022,6,M. gigas,South,TBOC,21,No Tide,35,76,0,Alive
2022,6,M. gigas,South,TBOC,21,No Tide,35,77,0,Alive
2022,6,M. gigas,South,TBOC,21,No Tide,35,78,0,Alive
2022,6,M. gigas,South,TBOC,21,No Tide,35,79,0,Alive
2022,6,M. gigas,South,TBOC,21,No Tide,35,80,0,Alive
2022,6,M. gigas,South,TBOC,21,No Tide,35,81,0,Alive
2022,6,M. gigas,South,TBOC,21,No Tide,35,82,0,Alive
2022,6,M. gigas,South,TBOC,21,No Tide,35,83,0,Alive
2022,6,M. gigas,South,TBOC,21,No Tide,35,84,0,Alive
2022,6,M. gigas,South,TBOC,21,No Tide,35,85,0,Alive
2022,6,M. gigas,South,TBOC,21,No Tide,35,86,0,Alive
2022,6,M. gigas,South,TBOC,21,No Tide,35,87,0,Alive
2022,6,M. gigas,South,TBOC,21,No Tide,35,88,0,Alive
2022,6,M. gigas,South,TBOC,21,No Tide,35,89,0,Alive
2022,6,M. gigas,South,TBOC,21,No Tide,35,90,0,Alive
2022,6,M. gigas,South,TBOC,21,No Tide,35,91,0,Alive
2022,6,M. gigas,South,TBOC,21,No Tide,35,92,0,Alive
2022,6,M. gigas,South,TBOC,21,No Tide,35,93,0,Alive
2022,6,M. gigas,South,TBOC,21,No Tide,35,94,0,Alive
2022,6,M. gigas,South,TBOC,21,No Tide,35,95,0,Alive
2022,6,M. gigas,South,TBOC,21,No Tide,35,96,0,Alive
2022,6,M. gigas,South,TBOC,21,No Tide,35,97,0,Alive
2022,6,M. gigas,South,TBOC,21,No Tide,35,98,0,Alive
2022,6,M. gigas,South,TBOC,21,No Tide,35,99,0,Alive
2022,6,M. gigas,South,TBOC,21,No Tide,35,100,0,Alive
2022,6,M. gigas,South,TBOC,21,No Tide,35,101,0,Alive
2022,6,M. gigas,South,TBOC,21,No Tide,35,102,0,Alive
2022,6,M. gigas,South,TBOC,21,No Tide,35,103,0,Alive
2022,6,M. gigas,South,TBOC,21,No Tide,35,104,0,Alive
2022,6,M. gigas,South,TBOC,21,No Tide,35,105,0,Alive
2022,6,M. gigas,South,TBOC,21,No Tide,35,106,0,Alive
2022,6,M. gigas,South,TBOC,21,No Tide,35,107,0,Alive
2022,6,M. gigas,South,TBOC,21,No Tide,35,108,0,Alive
2022,6,M. gigas,South,TBOC,21,No Tide,35,109,0,Alive
2022,6,M. gigas,South,TBOC,21,No Tide,35,110,0,Alive
2022,6,M. gigas,South,TBOC,21,No Tide,35,111,0,Alive
2022,6,M. gigas,South,TBOC,21,No Tide,35,112,0,Alive
2022,6,M. gigas,South,TBOC,21,No Tide,35,113,0,Alive
2022,6,M. gigas,South,TBOC,21,No Tide,35,114,0,Alive
2022,6,M. gigas,South,TBOC,21,No Tide,35,115,0,Alive
2022,6,M. gigas,South,TBOC,21,No Tide,35,116,0,Alive
2022,6,M. gigas,South,TBOC,21,No Tide,35,117,0,Alive
2022,6,M. gigas,South,TBOC,21,No Tide,35,118,0,Alive
2022,6,M. gigas,South,TBOC,21,No Tide,35,119,0,Alive
2022,6,M. gigas,South,TBOC,21,No Tide,35,120,0,Alive
2022,6,M. gigas,South,TBOC,21,No Tide,35,121,0,Alive
2022,6,M. gigas,South,TBOC,21,No Tide,35,122,0,Alive
2022,6,M. gigas,South,TBOC,21,No Tide,35,123,0,Alive
2022,6,M. gigas,South,TBOC,21,No Tide,35,124,0,Alive
2022,6,M. gigas,South,TBOC,21,No Tide,35,125,0,Alive
2022,6,M. gigas,South,TBOC,21,No Tide,35,126,0,Alive
2022,6,M. gigas,South,TBOC,21,No Tide,35,127,0,Alive
2022,6,M. gigas,South,TBOC,21,No Tide,35,128,0,Alive
2022,6,M. gigas,South,TBOC,21,No Tide,35,129,0,Alive
2022,6,M. gigas,South,TBOC,21,No Tide,35,130,0,Alive
2022,6,M. gigas,South,TBOC,21,No Tide,35,131,0,Alive
2022,6,M. gigas,South,TBOC,21,No Tide,35,132,0,Alive
2022,6,M. gigas,South,TBOC,21,No Tide,35,133,0,Alive
2022,6,M. gigas,South,TBOC,21,No Tide,35,134,0,Alive
2022,6,M. gigas,South,TBOC,21,No Tide,35,135,0,Alive
2022,6,M. gigas,South,TBOC,21,No Tide,35,136,0,Alive
2022,6,M. gigas,South,TBOC,21,No Tide,35,137,0,Alive
2022,6,M. gigas,South,TBOC,21,No Tide,35,138,0,Alive
2022,6,M. gigas,South,TBOC,21,No Tide,35,139,0,Alive
2022,6,M. gigas,South,TBOC,21,No Tide,35,140,0,Alive
2022,6,M. gigas,South,TBOC,21,No Tide,35,141,0,Alive
2022,6,M. gigas,South,TBOC,21,No Tide,35,142,0,Alive
2022,6,M. gigas,South,TBOC,21,No Tide,35,143,0,Alive
2022,6,M. gigas,South,TBOC,21,No Tide,35,144,0,Alive
2022,6,M. gigas,South,TBOC,21,No Tide,35,145,0,Alive
2022,6,M. gigas,South,TBOC,21,No Tide,35,146,0,Alive
2022,6,M. gigas,South,TBOC,21,No Tide,35,147,0,Alive
2022,6,M. gigas,South,TBOC,21,No Tide,35,148,0,Alive
2022,6,M. gigas,South,TBOC,21,No Tide,35,149,0,Alive
2022,6,M. gigas,South,TBOC,21,No Tide,35,150,0,Alive
2022,6,M. gigas,South,TBOC,21,No Tide,35,151,0,Alive
2022,6,M. gigas,South,TBOC,21,No Tide,35,152,0,Alive
2022,6,M. gigas,South,TBOC,21,No Tide,35,153,0,Alive
2022,6,M. gigas,South,TBOC,21,No Tide,35,154,0,Alive
2022,6,M. gigas,South,TBOC,21,No Tide,35,155,0,Alive
2022,6,M. gigas,South,TBOC,21,No Tide,35,156,0,Alive
2022,6,M. gigas,South,TBOC,21,No Tide,35,157,0,Alive
2022,6,M. gigas,South,TBOC,21,No Tide,35,158,0,Alive
2022,6,M. gigas,South,TBOC,21,No Tide,35,159,0,Alive
2022,6,M. gigas,South,TBOC,21,No Tide,35,160,0,Alive
2022,6,M. gigas,South,TBOC,21,No Tide,35,161,0,Alive
2022,6,M. gigas,South,TBOC,21,No Tide,35,162,0,Alive
2022,6,M. gigas,South,TBOC,21,No Tide,35,163,0,Alive
2022,6,M. gigas,South,TBOC,21,No Tide,35,164,0,Alive
2022,6,M. gigas,South,TBOC,21,No Tide,35,165,0,Alive
2022,6,M. gigas,South,TBOC,21,No Tide,35,166,0,Alive
2022,6,M. gigas,South,TBOC,21,No Tide,35,167,0,Alive
2022,6,M. gigas,South,TBOC,21,No Tide,35,168,0,Alive
2022,6,M. gigas,South,TBOC,21,No Tide,35,169,0,Alive
2022,6,M. gigas,South,TBOC,21,No Tide,35,170,0,Alive
2022,6,M. gigas,South,TBOC,21,No Tide,35,171,0,Alive
2022,6,M. gigas,South,TBOC,21,No Tide,35,172,0,Alive
2022,6,M. gigas,South,TBOC,21,No Tide,35,173,0,Alive
2022,6,M. gigas,South,TBOC,21,No Tide,35,174,0,Alive
2022,6,M. gigas,South,TBOC,21,No Tide,35,175,0,Alive
2022,6,M. gigas,South,TBOC,21,No Tide,35,176,0,Alive
2022,6,M. gigas,South,TBOC,21,No Tide,35,177,0,Alive
2022,6,M. gigas,South,TBOC,21,No Tide,35,178,0,Alive
2022,6,M. gigas,South,TBOC,21,No Tide,35,179,0,Alive
2022,6,M. gigas,South,TBOC,21,No Tide,35,180,0,Alive
2022,6,M. gigas,South,TBOC,21,No Tide,35,181,0,Alive
2022,6,M. gigas,South,TBOC,21,No Tide,35,182,0,Alive
2022,6,M. gigas,South,TBOC,21,No Tide,35,183,0,Alive
2022,6,M. gigas,South,TBOC,21,No Tide,35,184,0,Alive
2022,6,M. gigas,South,TBOC,21,No Tide,35,185,0,Alive
2022,6,M. gigas,South,TBOC,21,No Tide,35,186,0,Alive
2022,6,M. gigas,South,TBOC,21,No Tide,35,187,0,Alive
2022,6,M. gigas,South,TBOC,21,No Tide,35,188,0,Alive
2022,6,M. gigas,South,TBOC,21,No Tide,35,189,0,Alive
2022,6,M. gigas,South,TBOC,21,No Tide,35,190,0,Alive
2022,6,M. gigas,South,TBOC,21,No Tide,35,191,0,Alive
2022,6,M. gigas,South,TBOC,21,No Tide,35,192,0,Alive
2022,6,M. gigas,South,TBOC,21,No Tide,35,193,0,Alive
2022,6,M. gigas,South,TBOC,21,No Tide,35,194,0,Alive
2022,6,M. gigas,South,TBOC,21,No Tide,35,195,0,Alive
2022,6,M. gigas,South,TBOC,21,No Tide,35,196,0,Alive
2022,6,M. gigas,South,TBOC,21,No Tide,35,197,0,Alive
2022,6,M. gigas,South,TBOC,21,No Tide,35,198,0,Alive
2022,6,M. gigas,South,TBOC,21,No Tide,35,199,0,Alive
2022,6,M. gigas,South,TBOC,21,No Tide,35,200,0,Alive
2022,6,M. gigas,South,TBOC,21,No Tide,35,201,0,Alive
2022,6,M. gigas,South,TBOC,21,No Tide,35,202,0,Alive
2022,6,M. gigas,South,TBOC,21,No Tide,35,203,0,Alive
2022,6,M. gigas,South,TBOC,21,No Tide,35,204,0,Alive
2022,6,M. gigas,South,TBOC,21,No Tide,35,205,0,Alive
2022,6,M. gigas,South,TBOC,21,No Tide,35,206,0,Alive
2022,6,M. gigas,South,TBOC,21,No Tide,35,207,0,Alive
2022,6,M. gigas,South,TBOC,21,No Tide,35,208,0,Alive
2022,6,M. gigas,South,TBOC,21,No Tide,35,209,0,Alive
2022,6,M. gigas,South,TBOC,21,No Tide,35,210,0,Alive
2022,6,M. gigas,South,TBOC,21,No Tide,35,211,0,Alive
2022,6,M. gigas,South,TBOC,21,No Tide,35,212,0,Alive
2022,6,M. gigas,South,TBOC,21,No Tide,35,213,0,Alive
2022,6,M. gigas,South,TBOC,21,No Tide,35,214,0,Alive
2022,6,M. gigas,South,TBOC,21,No Tide,35,215,0,Alive
2022,6,M. gigas,South,TBOC,21,No Tide,35,216,0,Alive
2022,6,M. gigas,South,TBOC,21,No Tide,35,217,0,Alive
2022,6,M. gigas,South,TBOC,21,No Tide,35,218,0,Alive
2022,6,M. gigas,South,TBOC,21,No Tide,35,219,0,Alive
2022,6,M. gigas,South,TBOC,21,No Tide,35,220,0,Alive
2022,6,M. gigas,South,TBOC,21,No Tide,35,221,0,Alive
2022,6,M. gigas,South,TBOC,21,No Tide,35,222,0,Alive
2022,6,M. gigas,South,TBOC,21,No Tide,35,223,0,Alive
2022,6,M. gigas,South,TBOC,21,No Tide,35,224,0,Alive
2022,6,M. gigas,South,TBOC,21,No Tide,35,225,0,Alive
2022,6,M. gigas,South,TBOC,21,No Tide,35,226,0,Alive
2022,6,M. gigas,South,TBOC,21,No Tide,35,227,0,Alive
2022,6,M. gigas,South,TBOC,21,No Tide,35,228,0,Alive
2022,6,M. gigas,South,TBOC,21,No Tide,35,229,0,Alive
2022,6,M. gigas,South,TBOC,21,No Tide,35,230,0,Alive
2022,6,M. gigas,South,TBOC,21,No Tide,35,231,0,Alive
2022,6,M. gigas,South,TBOC,21,No Tide,35,232,0,Alive
2022,6,M. gigas,South,TBOC,21,No Tide,35,233,0,Alive
2022,6,M. gigas,South,TBOC,21,No Tide,35,234,0,Alive
2022,6,M. gigas,South,TBOC,21,No Tide,35,235,0,Alive
2022,6,M. gigas,South,TBOC,21,No Tide,35,236,0,Alive
2022,6,M. gigas,South,TBOC,21,No Tide,35,237,0,Alive
2022,6,M. gigas,South,TBOC,21,No Tide,35,238,0,Alive
2022,6,M. gigas,South,TBOC,21,No Tide,35,239,0,Alive
2022,6,M. gigas,South,TBOC,21,No Tide,35,240,0,Alive
2022,6,M. gigas,South,TBOC,21,No Tide,35,241,0,Alive
2022,6,M. gigas,South,TBOC,21,No Tide,35,242,0,Alive
2022,6,M. gigas,South,TBOC,21,No Tide,35,243,0,Alive
2022,6,M. gigas,South,TBOC,21,No Tide,35,244,0,Alive
2022,6,M. gigas,South,TBOC,21,No Tide,35,245,0,Alive
2022,6,M. gigas,South,TBOC,21,No Tide,35,246,0,Alive
2022,6,M. gigas,South,TBOC,21,No Tide,35,247,0,Alive
2022,6,M. gigas,South,TBOC,21,No Tide,35,248,0,Alive
2022,6,M. gigas,South,TBOC,21,No Tide,35,249,0,Alive
2022,6,M. gigas,South,TBOC,21,No Tide,35,250,0,Alive
2022,6,M. gigas,South,TBOC,21,No Tide,36,1,1,Dead
2022,6,M. gigas,South,TBOC,21,No Tide,36,2,1,Dead
2022,6,M. gigas,South,TBOC,21,No Tide,36,3,1,Dead
2022,6,M. gigas,South,TBOC,21,No Tide,36,4,1,Dead
2022,6,M. gigas,South,TBOC,21,No Tide,36,5,1,Dead
2022,6,M. gigas,South,TBOC,21,No Tide,36,6,1,Dead
2022,6,M. gigas,South,TBOC,21,No Tide,36,7,1,Dead
2022,6,M. gigas,South,TBOC,21,No Tide,36,8,1,Dead
2022,6,M. gigas,South,TBOC,21,No Tide,36,9,1,Dead
2022,6,M. gigas,South,TBOC,21,No Tide,36,10,1,Dead
2022,6,M. gigas,South,TBOC,21,No Tide,36,11,1,Dead
2022,6,M. gigas,South,TBOC,21,No Tide,36,12,1,Dead
2022,6,M. gigas,South,TBOC,21,No Tide,36,13,1,Dead
2022,6,M. gigas,South,TBOC,21,No Tide,36,14,0,Alive
2022,6,M. gigas,South,TBOC,21,No Tide,36,15,0,Alive
2022,6,M. gigas,South,TBOC,21,No Tide,36,16,0,Alive
2022,6,M. gigas,South,TBOC,21,No Tide,36,17,0,Alive
2022,6,M. gigas,South,TBOC,21,No Tide,36,18,0,Alive
2022,6,M. gigas,South,TBOC,21,No Tide,36,19,0,Alive
2022,6,M. gigas,South,TBOC,21,No Tide,36,20,0,Alive
2022,6,M. gigas,South,TBOC,21,No Tide,36,21,0,Alive
2022,6,M. gigas,South,TBOC,21,No Tide,36,22,0,Alive
2022,6,M. gigas,South,TBOC,21,No Tide,36,23,0,Alive
2022,6,M. gigas,South,TBOC,21,No Tide,36,24,0,Alive
2022,6,M. gigas,South,TBOC,21,No Tide,36,25,0,Alive
2022,6,M. gigas,South,TBOC,21,No Tide,36,26,0,Alive
2022,6,M. gigas,South,TBOC,21,No Tide,36,27,0,Alive
2022,6,M. gigas,South,TBOC,21,No Tide,36,28,0,Alive
2022,6,M. gigas,South,TBOC,21,No Tide,36,29,0,Alive
2022,6,M. gigas,South,TBOC,21,No Tide,36,30,0,Alive
2022,6,M. gigas,South,TBOC,21,No Tide,36,31,0,Alive
2022,6,M. gigas,South,TBOC,21,No Tide,36,32,0,Alive
2022,6,M. gigas,South,TBOC,21,No Tide,36,33,0,Alive
2022,6,M. gigas,South,TBOC,21,No Tide,36,34,0,Alive
2022,6,M. gigas,South,TBOC,21,No Tide,36,35,0,Alive
2022,6,M. gigas,South,TBOC,21,No Tide,36,36,0,Alive
2022,6,M. gigas,South,TBOC,21,No Tide,36,37,0,Alive
2022,6,M. gigas,South,TBOC,21,No Tide,36,38,0,Alive
2022,6,M. gigas,South,TBOC,21,No Tide,36,39,0,Alive
2022,6,M. gigas,South,TBOC,21,No Tide,36,40,0,Alive
2022,6,M. gigas,South,TBOC,21,No Tide,36,41,0,Alive
2022,6,M. gigas,South,TBOC,21,No Tide,36,42,0,Alive
2022,6,M. gigas,South,TBOC,21,No Tide,36,43,0,Alive
2022,6,M. gigas,South,TBOC,21,No Tide,36,44,0,Alive
2022,6,M. gigas,South,TBOC,21,No Tide,36,45,0,Alive
2022,6,M. gigas,South,TBOC,21,No Tide,36,46,0,Alive
2022,6,M. gigas,South,TBOC,21,No Tide,36,47,0,Alive
2022,6,M. gigas,South,TBOC,21,No Tide,36,48,0,Alive
2022,6,M. gigas,South,TBOC,21,No Tide,36,49,0,Alive
2022,6,M. gigas,South,TBOC,21,No Tide,36,50,0,Alive
2022,6,M. gigas,South,TBOC,21,No Tide,36,51,0,Alive
2022,6,M. gigas,South,TBOC,21,No Tide,36,52,0,Alive
2022,6,M. gigas,South,TBOC,21,No Tide,36,53,0,Alive
2022,6,M. gigas,South,TBOC,21,No Tide,36,54,0,Alive
2022,6,M. gigas,South,TBOC,21,No Tide,36,55,0,Alive
2022,6,M. gigas,South,TBOC,21,No Tide,36,56,0,Alive
2022,6,M. gigas,South,TBOC,21,No Tide,36,57,0,Alive
2022,6,M. gigas,South,TBOC,21,No Tide,36,58,0,Alive
2022,6,M. gigas,South,TBOC,21,No Tide,36,59,0,Alive
2022,6,M. gigas,South,TBOC,21,No Tide,36,60,0,Alive
2022,6,M. gigas,South,TBOC,21,No Tide,36,61,0,Alive
2022,6,M. gigas,South,TBOC,21,No Tide,36,62,0,Alive
2022,6,M. gigas,South,TBOC,21,No Tide,36,63,0,Alive
2022,6,M. gigas,South,TBOC,21,No Tide,36,64,0,Alive
2022,6,M. gigas,South,TBOC,21,No Tide,36,65,0,Alive
2022,6,M. gigas,South,TBOC,21,No Tide,36,66,0,Alive
2022,6,M. gigas,South,TBOC,21,No Tide,36,67,0,Alive
2022,6,M. gigas,South,TBOC,21,No Tide,36,68,0,Alive
2022,6,M. gigas,South,TBOC,21,No Tide,36,69,0,Alive
2022,6,M. gigas,South,TBOC,21,No Tide,36,70,0,Alive
2022,6,M. gigas,South,TBOC,21,No Tide,36,71,0,Alive
2022,6,M. gigas,South,TBOC,21,No Tide,36,72,0,Alive
2022,6,M. gigas,South,TBOC,21,No Tide,36,73,0,Alive
2022,6,M. gigas,South,TBOC,21,No Tide,36,74,0,Alive
2022,6,M. gigas,South,TBOC,21,No Tide,36,75,0,Alive
2022,6,M. gigas,South,TBOC,21,No Tide,36,76,0,Alive
2022,6,M. gigas,South,TBOC,21,No Tide,36,77,0,Alive
2022,6,M. gigas,South,TBOC,21,No Tide,36,78,0,Alive
2022,6,M. gigas,South,TBOC,21,No Tide,36,79,0,Alive
2022,6,M. gigas,South,TBOC,21,No Tide,36,80,0,Alive
2022,6,M. gigas,South,TBOC,21,No Tide,36,81,0,Alive
2022,6,M. gigas,South,TBOC,21,No Tide,36,82,0,Alive
2022,6,M. gigas,South,TBOC,21,No Tide,36,83,0,Alive
2022,6,M. gigas,South,TBOC,21,No Tide,36,84,0,Alive
2022,6,M. gigas,South,TBOC,21,No Tide,36,85,0,Alive
2022,6,M. gigas,South,TBOC,21,No Tide,36,86,0,Alive
2022,6,M. gigas,South,TBOC,21,No Tide,36,87,0,Alive
2022,6,M. gigas,South,TBOC,21,No Tide,36,88,0,Alive
2022,6,M. gigas,South,TBOC,21,No Tide,36,89,0,Alive
2022,6,M. gigas,South,TBOC,21,No Tide,36,90,0,Alive
2022,6,M. gigas,South,TBOC,21,No Tide,36,91,0,Alive
2022,6,M. gigas,South,TBOC,21,No Tide,36,92,0,Alive
2022,6,M. gigas,South,TBOC,21,No Tide,36,93,0,Alive
2022,6,M. gigas,South,TBOC,21,No Tide,36,94,0,Alive
2022,6,M. gigas,South,TBOC,21,No Tide,36,95,0,Alive
2022,6,M. gigas,South,TBOC,21,No Tide,36,96,0,Alive
2022,6,M. gigas,South,TBOC,21,No Tide,36,97,0,Alive
2022,6,M. gigas,South,TBOC,21,No Tide,36,98,0,Alive
2022,6,M. gigas,South,TBOC,21,No Tide,36,99,0,Alive
2022,6,M. gigas,South,TBOC,21,No Tide,36,100,0,Alive
2022,6,M. gigas,South,TBOC,21,No Tide,36,101,0,Alive
2022,6,M. gigas,South,TBOC,21,No Tide,36,102,0,Alive
2022,6,M. gigas,South,TBOC,21,No Tide,36,103,0,Alive
2022,6,M. gigas,South,TBOC,21,No Tide,36,104,0,Alive
2022,6,M. gigas,South,TBOC,21,No Tide,36,105,0,Alive
2022,6,M. gigas,South,TBOC,21,No Tide,36,106,0,Alive
2022,6,M. gigas,South,TBOC,21,No Tide,36,107,0,Alive
2022,6,M. gigas,South,TBOC,21,No Tide,36,108,0,Alive
2022,6,M. gigas,South,TBOC,21,No Tide,36,109,0,Alive
2022,6,M. gigas,South,TBOC,21,No Tide,36,110,0,Alive
2022,6,M. gigas,South,TBOC,21,No Tide,36,111,0,Alive
2022,6,M. gigas,South,TBOC,21,No Tide,36,112,0,Alive
2022,6,M. gigas,South,TBOC,21,No Tide,36,113,0,Alive
2022,6,M. gigas,South,TBOC,21,No Tide,36,114,0,Alive
2022,6,M. gigas,South,TBOC,21,No Tide,36,115,0,Alive
2022,6,M. gigas,South,TBOC,21,No Tide,36,116,0,Alive
2022,6,M. gigas,South,TBOC,21,No Tide,36,117,0,Alive
2022,6,M. gigas,South,TBOC,21,No Tide,36,118,0,Alive
2022,6,M. gigas,South,TBOC,21,No Tide,36,119,0,Alive
2022,6,M. gigas,South,TBOC,21,No Tide,36,120,0,Alive
2022,6,M. gigas,South,TBOC,21,No Tide,36,121,0,Alive
2022,6,M. gigas,South,TBOC,21,No Tide,36,122,0,Alive
2022,6,M. gigas,South,TBOC,21,No Tide,36,123,0,Alive
2022,6,M. gigas,South,TBOC,21,No Tide,36,124,0,Alive
2022,6,M. gigas,South,TBOC,21,No Tide,36,125,0,Alive
2022,6,M. gigas,South,TBOC,21,No Tide,36,126,0,Alive
2022,6,M. gigas,South,TBOC,21,No Tide,36,127,0,Alive
2022,6,M. gigas,South,TBOC,21,No Tide,36,128,0,Alive
2022,6,M. gigas,South,TBOC,21,No Tide,36,129,0,Alive
2022,6,M. gigas,South,TBOC,21,No Tide,36,130,0,Alive
2022,6,M. gigas,South,TBOC,21,No Tide,36,131,0,Alive
2022,6,M. gigas,South,TBOC,21,No Tide,36,132,0,Alive
2022,6,M. gigas,South,TBOC,21,No Tide,36,133,0,Alive
2022,6,M. gigas,South,TBOC,21,No Tide,36,134,0,Alive
2022,6,M. gigas,South,TBOC,21,No Tide,36,135,0,Alive
2022,6,M. gigas,South,TBOC,21,No Tide,36,136,0,Alive
2022,6,M. gigas,South,TBOC,21,No Tide,36,137,0,Alive
2022,6,M. gigas,South,TBOC,21,No Tide,36,138,0,Alive
2022,6,M. gigas,South,TBOC,21,No Tide,36,139,0,Alive
2022,6,M. gigas,South,TBOC,21,No Tide,36,140,0,Alive
2022,6,M. gigas,South,TBOC,21,No Tide,36,141,0,Alive
2022,6,M. gigas,South,TBOC,21,No Tide,36,142,0,Alive
2022,6,M. gigas,South,TBOC,21,No Tide,36,143,0,Alive
2022,6,M. gigas,South,TBOC,21,No Tide,36,144,0,Alive
2022,6,M. gigas,South,TBOC,21,No Tide,36,145,0,Alive
2022,6,M. gigas,South,TBOC,21,No Tide,36,146,0,Alive
2022,6,M. gigas,South,TBOC,21,No Tide,36,147,0,Alive
2022,6,M. gigas,South,TBOC,21,No Tide,36,148,0,Alive
2022,6,M. gigas,South,TBOC,21,No Tide,36,149,0,Alive
2022,6,M. gigas,South,TBOC,21,No Tide,36,150,0,Alive
2022,6,M. gigas,South,TBOC,21,No Tide,36,151,0,Alive
2022,6,M. gigas,South,TBOC,21,No Tide,36,152,0,Alive
2022,6,M. gigas,South,TBOC,21,No Tide,36,153,0,Alive
2022,6,M. gigas,South,TBOC,21,No Tide,36,154,0,Alive
2022,6,M. gigas,South,TBOC,21,No Tide,36,155,0,Alive
2022,6,M. gigas,South,TBOC,21,No Tide,36,156,0,Alive
2022,6,M. gigas,South,TBOC,21,No Tide,36,157,0,Alive
2022,6,M. gigas,South,TBOC,21,No Tide,36,158,0,Alive
2022,6,M. gigas,South,TBOC,21,No Tide,36,159,0,Alive
2022,6,M. gigas,South,TBOC,21,No Tide,36,160,0,Alive
2022,6,M. gigas,South,TBOC,21,No Tide,36,161,0,Alive
2022,6,M. gigas,South,TBOC,21,No Tide,36,162,0,Alive
2022,6,M. gigas,South,TBOC,21,No Tide,36,163,0,Alive
2022,6,M. gigas,South,TBOC,21,No Tide,36,164,0,Alive
2022,6,M. gigas,South,TBOC,21,No Tide,36,165,0,Alive
2022,6,M. gigas,South,TBOC,21,No Tide,36,166,0,Alive
2022,6,M. gigas,South,TBOC,21,No Tide,36,167,0,Alive
2022,6,M. gigas,South,TBOC,21,No Tide,36,168,0,Alive
2022,6,M. gigas,South,TBOC,21,No Tide,36,169,0,Alive
2022,6,M. gigas,South,TBOC,21,No Tide,36,170,0,Alive
2022,6,M. gigas,South,TBOC,21,No Tide,36,171,0,Alive
2022,6,M. gigas,South,TBOC,21,No Tide,36,172,0,Alive
2022,6,M. gigas,South,TBOC,21,No Tide,36,173,0,Alive
2022,6,M. gigas,South,TBOC,21,No Tide,36,174,0,Alive
2022,6,M. gigas,South,TBOC,21,No Tide,36,175,0,Alive
2022,6,M. gigas,South,TBOC,21,No Tide,36,176,0,Alive
2022,6,M. gigas,South,TBOC,21,No Tide,36,177,0,Alive
2022,6,M. gigas,South,TBOC,21,No Tide,36,178,0,Alive
2022,6,M. gigas,South,TBOC,21,No Tide,36,179,0,Alive
2022,6,M. gigas,South,TBOC,21,No Tide,36,180,0,Alive
2022,6,M. gigas,South,TBOC,21,No Tide,36,181,0,Alive
2022,6,M. gigas,South,TBOC,21,No Tide,36,182,0,Alive
2022,6,M. gigas,South,TBOC,21,No Tide,36,183,0,Alive
2022,6,M. gigas,South,TBOC,21,No Tide,36,184,0,Alive
2022,6,M. gigas,South,TBOC,21,No Tide,36,185,0,Alive
2022,6,M. gigas,South,TBOC,21,No Tide,36,186,0,Alive
2022,6,M. gigas,South,TBOC,21,No Tide,36,187,0,Alive
2022,6,M. gigas,South,TBOC,21,No Tide,36,188,0,Alive
2022,6,M. gigas,South,TBOC,21,No Tide,36,189,0,Alive
2022,6,M. gigas,South,TBOC,21,No Tide,36,190,0,Alive
2022,6,M. gigas,South,TBOC,21,No Tide,36,191,0,Alive
2022,6,M. gigas,South,TBOC,21,No Tide,36,192,0,Alive
2022,6,M. gigas,South,TBOC,21,No Tide,36,193,0,Alive
2022,6,M. gigas,South,TBOC,21,No Tide,36,194,0,Alive
2022,6,M. gigas,South,TBOC,21,No Tide,36,195,0,Alive
2022,6,M. gigas,South,TBOC,21,No Tide,36,196,0,Alive
2022,6,M. gigas,South,TBOC,21,No Tide,36,197,0,Alive
2022,6,M. gigas,South,TBOC,21,No Tide,36,198,0,Alive
2022,6,M. gigas,South,TBOC,21,No Tide,36,199,0,Alive
2022,6,M. gigas,South,TBOC,21,No Tide,36,200,0,Alive
2022,6,M. gigas,South,TBOC,21,No Tide,36,201,0,Alive
2022,6,M. gigas,South,TBOC,21,No Tide,36,202,0,Alive
2022,6,M. gigas,South,TBOC,21,No Tide,36,203,0,Alive
2022,6,M. gigas,South,TBOC,21,No Tide,36,204,0,Alive
2022,6,M. gigas,South,TBOC,21,No Tide,36,205,0,Alive
2022,6,M. gigas,South,TBOC,21,No Tide,36,206,0,Alive
2022,6,M. gigas,South,TBOC,21,No Tide,36,207,0,Alive
2022,6,M. gigas,South,TBOC,21,No Tide,36,208,0,Alive
2022,6,M. gigas,South,TBOC,21,No Tide,36,209,0,Alive
2022,6,M. gigas,South,TBOC,21,No Tide,36,210,0,Alive
2022,6,M. gigas,South,TBOC,21,No Tide,36,211,0,Alive
2022,6,M. gigas,South,TBOC,21,No Tide,36,212,0,Alive
2022,6,M. gigas,South,TBOC,21,No Tide,36,213,0,Alive
2022,6,M. gigas,South,TBOC,21,No Tide,36,214,0,Alive
2022,6,M. gigas,South,TBOC,21,No Tide,36,215,0,Alive
2022,6,M. gigas,South,TBOC,21,No Tide,36,216,0,Alive
2022,6,M. gigas,South,TBOC,21,No Tide,36,217,0,Alive
2022,6,M. gigas,South,TBOC,21,No Tide,36,218,0,Alive
2022,6,M. gigas,South,TBOC,21,No Tide,36,219,0,Alive
2022,6,M. gigas,South,TBOC,21,No Tide,36,220,0,Alive
2022,6,M. gigas,South,TBOC,21,No Tide,36,221,0,Alive
2022,6,M. gigas,South,TBOC,21,No Tide,36,222,0,Alive
2022,6,M. gigas,South,TBOC,21,No Tide,36,223,0,Alive
2022,6,M. gigas,South,TBOC,21,No Tide,36,224,0,Alive
2022,6,M. gigas,South,TBOC,21,No Tide,36,225,0,Alive
2022,6,M. gigas,South,TBOC,21,No Tide,36,226,0,Alive
2022,6,M. gigas,South,TBOC,21,No Tide,36,227,0,Alive
2022,6,M. gigas,South,TBOC,21,No Tide,36,228,0,Alive
2022,6,M. gigas,South,TBOC,21,No Tide,36,229,0,Alive
2022,6,M. gigas,South,TBOC,21,No Tide,36,230,0,Alive
2022,6,M. gigas,South,TBOC,21,No Tide,36,231,0,Alive
2022,6,M. gigas,South,TBOC,21,No Tide,36,232,0,Alive
2022,6,M. gigas,South,TBOC,21,No Tide,36,233,0,Alive
2022,6,M. gigas,South,TBOC,21,No Tide,36,234,0,Alive
2022,6,M. gigas,South,TBOC,21,No Tide,36,235,0,Alive
2022,6,M. gigas,South,TBOC,21,No Tide,36,236,0,Alive
2022,6,M. gigas,South,TBOC,21,No Tide,36,237,0,Alive
2022,6,M. gigas,South,TBOC,21,No Tide,36,238,0,Alive
2022,6,M. gigas,South,TBOC,21,No Tide,36,239,0,Alive
2022,6,M. gigas,South,TBOC,21,No Tide,36,240,0,Alive
2022,6,M. gigas,South,TBOC,21,No Tide,36,241,0,Alive
2022,6,M. gigas,South,TBOC,21,No Tide,36,242,0,Alive
2022,6,M. gigas,South,TBOC,21,No Tide,36,243,0,Alive
2022,6,M. gigas,South,TBOC,21,No Tide,36,244,0,Alive
2022,6,M. gigas,South,TBOC,21,No Tide,36,245,0,Alive
2022,6,M. gigas,South,TBOC,21,No Tide,36,246,0,Alive
2022,6,M. gigas,South,TBOC,21,No Tide,36,247,0,Alive
2022,6,M. gigas,South,TBOC,21,No Tide,36,248,0,Alive
2022,6,M. gigas,South,TBOC,21,No Tide,36,249,0,Alive
2022,6,M. gigas,South,TBOC,21,No Tide,36,250,0,Alive
2022,6,M. gigas,North,HIOC,21,Tide,7,1,1,Dead
2022,6,M. gigas,North,HIOC,21,Tide,7,2,1,Dead
2022,6,M. gigas,North,HIOC,21,Tide,7,3,1,Dead
2022,6,M. gigas,North,HIOC,21,Tide,7,4,1,Dead
2022,6,M. gigas,North,HIOC,21,Tide,7,5,1,Dead
2022,6,M. gigas,North,HIOC,21,Tide,7,6,1,Dead
2022,6,M. gigas,North,HIOC,21,Tide,7,7,1,Dead
2022,6,M. gigas,North,HIOC,21,Tide,7,8,1,Dead
2022,6,M. gigas,North,HIOC,21,Tide,7,9,1,Dead
2022,6,M. gigas,North,HIOC,21,Tide,7,10,1,Dead
2022,6,M. gigas,North,HIOC,21,Tide,7,11,1,Dead
2022,6,M. gigas,North,HIOC,21,Tide,7,12,1,Dead
2022,6,M. gigas,North,HIOC,21,Tide,7,13,1,Dead
2022,6,M. gigas,North,HIOC,21,Tide,7,14,1,Dead
2022,6,M. gigas,North,HIOC,21,Tide,7,15,1,Dead
2022,6,M. gigas,North,HIOC,21,Tide,7,16,1,Dead
2022,6,M. gigas,North,HIOC,21,Tide,7,17,1,Dead
2022,6,M. gigas,North,HIOC,21,Tide,7,18,1,Dead
2022,6,M. gigas,North,HIOC,21,Tide,7,19,1,Dead
2022,6,M. gigas,North,HIOC,21,Tide,7,20,1,Dead
2022,6,M. gigas,North,HIOC,21,Tide,7,21,1,Dead
2022,6,M. gigas,North,HIOC,21,Tide,7,22,1,Dead
2022,6,M. gigas,North,HIOC,21,Tide,7,23,1,Dead
2022,6,M. gigas,North,HIOC,21,Tide,7,24,1,Dead
2022,6,M. gigas,North,HIOC,21,Tide,7,25,1,Dead
2022,6,M. gigas,North,HIOC,21,Tide,7,26,1,Dead
2022,6,M. gigas,North,HIOC,21,Tide,7,27,1,Dead
2022,6,M. gigas,North,HIOC,21,Tide,7,28,1,Dead
2022,6,M. gigas,North,HIOC,21,Tide,7,29,1,Dead
2022,6,M. gigas,North,HIOC,21,Tide,7,30,1,Dead
2022,6,M. gigas,North,HIOC,21,Tide,7,31,1,Dead
2022,6,M. gigas,North,HIOC,21,Tide,7,32,1,Dead
2022,6,M. gigas,North,HIOC,21,Tide,7,33,1,Dead
2022,6,M. gigas,North,HIOC,21,Tide,7,34,1,Dead
2022,6,M. gigas,North,HIOC,21,Tide,7,35,1,Dead
2022,6,M. gigas,North,HIOC,21,Tide,7,36,1,Dead
2022,6,M. gigas,North,HIOC,21,Tide,7,37,1,Dead
2022,6,M. gigas,North,HIOC,21,Tide,7,38,1,Dead
2022,6,M. gigas,North,HIOC,21,Tide,7,39,1,Dead
2022,6,M. gigas,North,HIOC,21,Tide,7,40,1,Dead
2022,6,M. gigas,North,HIOC,21,Tide,7,41,1,Dead
2022,6,M. gigas,North,HIOC,21,Tide,7,42,1,Dead
2022,6,M. gigas,North,HIOC,21,Tide,7,43,1,Dead
2022,6,M. gigas,North,HIOC,21,Tide,7,44,1,Dead
2022,6,M. gigas,North,HIOC,21,Tide,7,45,1,Dead
2022,6,M. gigas,North,HIOC,21,Tide,7,46,1,Dead
2022,6,M. gigas,North,HIOC,21,Tide,7,47,1,Dead
2022,6,M. gigas,North,HIOC,21,Tide,7,48,1,Dead
2022,6,M. gigas,North,HIOC,21,Tide,7,49,1,Dead
2022,6,M. gigas,North,HIOC,21,Tide,7,50,1,Dead
2022,6,M. gigas,North,HIOC,21,Tide,7,51,1,Dead
2022,6,M. gigas,North,HIOC,21,Tide,7,52,1,Dead
2022,6,M. gigas,North,HIOC,21,Tide,7,53,1,Dead
2022,6,M. gigas,North,HIOC,21,Tide,7,54,1,Dead
2022,6,M. gigas,North,HIOC,21,Tide,7,55,1,Dead
2022,6,M. gigas,North,HIOC,21,Tide,7,56,1,Dead
2022,6,M. gigas,North,HIOC,21,Tide,7,57,1,Dead
2022,6,M. gigas,North,HIOC,21,Tide,7,58,1,Dead
2022,6,M. gigas,North,HIOC,21,Tide,7,59,1,Dead
2022,6,M. gigas,North,HIOC,21,Tide,7,60,1,Dead
2022,6,M. gigas,North,HIOC,21,Tide,7,61,1,Dead
2022,6,M. gigas,North,HIOC,21,Tide,7,62,1,Dead
2022,6,M. gigas,North,HIOC,21,Tide,7,63,1,Dead
2022,6,M. gigas,North,HIOC,21,Tide,7,64,1,Dead
2022,6,M. gigas,North,HIOC,21,Tide,7,65,1,Dead
2022,6,M. gigas,North,HIOC,21,Tide,7,66,1,Dead
2022,6,M. gigas,North,HIOC,21,Tide,7,67,1,Dead
2022,6,M. gigas,North,HIOC,21,Tide,7,68,1,Dead
2022,6,M. gigas,North,HIOC,21,Tide,7,69,1,Dead
2022,6,M. gigas,North,HIOC,21,Tide,7,70,1,Dead
2022,6,M. gigas,North,HIOC,21,Tide,7,71,1,Dead
2022,6,M. gigas,North,HIOC,21,Tide,7,72,1,Dead
2022,6,M. gigas,North,HIOC,21,Tide,7,73,1,Dead
2022,6,M. gigas,North,HIOC,21,Tide,7,74,1,Dead
2022,6,M. gigas,North,HIOC,21,Tide,7,75,1,Dead
2022,6,M. gigas,North,HIOC,21,Tide,7,76,1,Dead
2022,6,M. gigas,North,HIOC,21,Tide,7,77,1,Dead
2022,6,M. gigas,North,HIOC,21,Tide,7,78,1,Dead
2022,6,M. gigas,North,HIOC,21,Tide,7,79,1,Dead
2022,6,M. gigas,North,HIOC,21,Tide,7,80,1,Dead
2022,6,M. gigas,North,HIOC,21,Tide,7,81,1,Dead
2022,6,M. gigas,North,HIOC,21,Tide,7,82,1,Dead
2022,6,M. gigas,North,HIOC,21,Tide,7,83,1,Dead
2022,6,M. gigas,North,HIOC,21,Tide,7,84,1,Dead
2022,6,M. gigas,North,HIOC,21,Tide,7,85,1,Dead
2022,6,M. gigas,North,HIOC,21,Tide,7,86,1,Dead
2022,6,M. gigas,North,HIOC,21,Tide,7,87,0,Alive
2022,6,M. gigas,North,HIOC,21,Tide,7,88,0,Alive
2022,6,M. gigas,North,HIOC,21,Tide,7,89,0,Alive
2022,6,M. gigas,North,HIOC,21,Tide,7,90,0,Alive
2022,6,M. gigas,North,HIOC,21,Tide,7,91,0,Alive
2022,6,M. gigas,North,HIOC,21,Tide,7,92,0,Alive
2022,6,M. gigas,North,HIOC,21,Tide,7,93,0,Alive
2022,6,M. gigas,North,HIOC,21,Tide,7,94,0,Alive
2022,6,M. gigas,North,HIOC,21,Tide,7,95,0,Alive
2022,6,M. gigas,North,HIOC,21,Tide,7,96,0,Alive
2022,6,M. gigas,North,HIOC,21,Tide,7,97,0,Alive
2022,6,M. gigas,North,HIOC,21,Tide,7,98,0,Alive
2022,6,M. gigas,North,HIOC,21,Tide,7,99,0,Alive
2022,6,M. gigas,North,HIOC,21,Tide,7,100,0,Alive
2022,6,M. gigas,North,HIOC,21,Tide,7,101,0,Alive
2022,6,M. gigas,North,HIOC,21,Tide,7,102,0,Alive
2022,6,M. gigas,North,HIOC,21,Tide,7,103,0,Alive
2022,6,M. gigas,North,HIOC,21,Tide,7,104,0,Alive
2022,6,M. gigas,North,HIOC,21,Tide,7,105,0,Alive
2022,6,M. gigas,North,HIOC,21,Tide,7,106,0,Alive
2022,6,M. gigas,North,HIOC,21,Tide,7,107,0,Alive
2022,6,M. gigas,North,HIOC,21,Tide,7,108,0,Alive
2022,6,M. gigas,North,HIOC,21,Tide,7,109,0,Alive
2022,6,M. gigas,North,HIOC,21,Tide,7,110,0,Alive
2022,6,M. gigas,North,HIOC,21,Tide,7,111,0,Alive
2022,6,M. gigas,North,HIOC,21,Tide,7,112,0,Alive
2022,6,M. gigas,North,HIOC,21,Tide,7,113,0,Alive
2022,6,M. gigas,North,HIOC,21,Tide,7,114,0,Alive
2022,6,M. gigas,North,HIOC,21,Tide,7,115,0,Alive
2022,6,M. gigas,North,HIOC,21,Tide,7,116,0,Alive
2022,6,M. gigas,North,HIOC,21,Tide,7,117,0,Alive
2022,6,M. gigas,North,HIOC,21,Tide,7,118,0,Alive
2022,6,M. gigas,North,HIOC,21,Tide,7,119,0,Alive
2022,6,M. gigas,North,HIOC,21,Tide,7,120,0,Alive
2022,6,M. gigas,North,HIOC,21,Tide,7,121,0,Alive
2022,6,M. gigas,North,HIOC,21,Tide,7,122,0,Alive
2022,6,M. gigas,North,HIOC,21,Tide,7,123,0,Alive
2022,6,M. gigas,North,HIOC,21,Tide,7,124,0,Alive
2022,6,M. gigas,North,HIOC,21,Tide,7,125,0,Alive
2022,6,M. gigas,North,HIOC,21,Tide,7,126,0,Alive
2022,6,M. gigas,North,HIOC,21,Tide,7,127,0,Alive
2022,6,M. gigas,North,HIOC,21,Tide,7,128,0,Alive
2022,6,M. gigas,North,HIOC,21,Tide,7,129,0,Alive
2022,6,M. gigas,North,HIOC,21,Tide,7,130,0,Alive
2022,6,M. gigas,North,HIOC,21,Tide,7,131,0,Alive
2022,6,M. gigas,North,HIOC,21,Tide,7,132,0,Alive
2022,6,M. gigas,North,HIOC,21,Tide,7,133,0,Alive
2022,6,M. gigas,North,HIOC,21,Tide,7,134,0,Alive
2022,6,M. gigas,North,HIOC,21,Tide,7,135,0,Alive
2022,6,M. gigas,North,HIOC,21,Tide,7,136,0,Alive
2022,6,M. gigas,North,HIOC,21,Tide,7,137,0,Alive
2022,6,M. gigas,North,HIOC,21,Tide,7,138,0,Alive
2022,6,M. gigas,North,HIOC,21,Tide,7,139,0,Alive
2022,6,M. gigas,North,HIOC,21,Tide,7,140,0,Alive
2022,6,M. gigas,North,HIOC,21,Tide,7,141,0,Alive
2022,6,M. gigas,North,HIOC,21,Tide,7,142,0,Alive
2022,6,M. gigas,North,HIOC,21,Tide,7,143,0,Alive
2022,6,M. gigas,North,HIOC,21,Tide,7,144,0,Alive
2022,6,M. gigas,North,HIOC,21,Tide,7,145,0,Alive
2022,6,M. gigas,North,HIOC,21,Tide,7,146,0,Alive
2022,6,M. gigas,North,HIOC,21,Tide,7,147,0,Alive
2022,6,M. gigas,North,HIOC,21,Tide,7,148,0,Alive
2022,6,M. gigas,North,HIOC,21,Tide,7,149,0,Alive
2022,6,M. gigas,North,HIOC,21,Tide,7,150,0,Alive
2022,6,M. gigas,North,HIOC,21,Tide,7,151,0,Alive
2022,6,M. gigas,North,HIOC,21,Tide,7,152,0,Alive
2022,6,M. gigas,North,HIOC,21,Tide,7,153,0,Alive
2022,6,M. gigas,North,HIOC,21,Tide,7,154,0,Alive
2022,6,M. gigas,North,HIOC,21,Tide,7,155,0,Alive
2022,6,M. gigas,North,HIOC,21,Tide,7,156,0,Alive
2022,6,M. gigas,North,HIOC,21,Tide,7,157,0,Alive
2022,6,M. gigas,North,HIOC,21,Tide,7,158,0,Alive
2022,6,M. gigas,North,HIOC,21,Tide,7,159,0,Alive
2022,6,M. gigas,North,HIOC,21,Tide,7,160,0,Alive
2022,6,M. gigas,North,HIOC,21,Tide,7,161,0,Alive
2022,6,M. gigas,North,HIOC,21,Tide,7,162,0,Alive
2022,6,M. gigas,North,HIOC,21,Tide,7,163,0,Alive
2022,6,M. gigas,North,HIOC,21,Tide,7,164,0,Alive
2022,6,M. gigas,North,HIOC,21,Tide,7,165,0,Alive
2022,6,M. gigas,North,HIOC,21,Tide,7,166,0,Alive
2022,6,M. gigas,North,HIOC,21,Tide,7,167,0,Alive
2022,6,M. gigas,North,HIOC,21,Tide,7,168,0,Alive
2022,6,M. gigas,North,HIOC,21,Tide,7,169,0,Alive
2022,6,M. gigas,North,HIOC,21,Tide,7,170,0,Alive
2022,6,M. gigas,North,HIOC,21,Tide,7,171,0,Alive
2022,6,M. gigas,North,HIOC,21,Tide,7,172,0,Alive
2022,6,M. gigas,North,HIOC,21,Tide,7,173,0,Alive
2022,6,M. gigas,North,HIOC,21,Tide,7,174,0,Alive
2022,6,M. gigas,North,HIOC,21,Tide,7,175,0,Alive
2022,6,M. gigas,North,HIOC,21,Tide,7,176,0,Alive
2022,6,M. gigas,North,HIOC,21,Tide,7,177,0,Alive
2022,6,M. gigas,North,HIOC,21,Tide,7,178,0,Alive
2022,6,M. gigas,North,HIOC,21,Tide,7,179,0,Alive
2022,6,M. gigas,North,HIOC,21,Tide,7,180,0,Alive
2022,6,M. gigas,North,HIOC,21,Tide,7,181,0,Alive
2022,6,M. gigas,North,HIOC,21,Tide,7,182,0,Alive
2022,6,M. gigas,North,HIOC,21,Tide,7,183,0,Alive
2022,6,M. gigas,North,HIOC,21,Tide,7,184,0,Alive
2022,6,M. gigas,North,HIOC,21,Tide,7,185,0,Alive
2022,6,M. gigas,North,HIOC,21,Tide,7,186,0,Alive
2022,6,M. gigas,North,HIOC,21,Tide,7,187,0,Alive
2022,6,M. gigas,North,HIOC,21,Tide,7,188,0,Alive
2022,6,M. gigas,North,HIOC,21,Tide,7,189,0,Alive
2022,6,M. gigas,North,HIOC,21,Tide,7,190,0,Alive
2022,6,M. gigas,North,HIOC,21,Tide,7,191,0,Alive
2022,6,M. gigas,North,HIOC,21,Tide,7,192,0,Alive
2022,6,M. gigas,North,HIOC,21,Tide,7,193,0,Alive
2022,6,M. gigas,North,HIOC,21,Tide,7,194,0,Alive
2022,6,M. gigas,North,HIOC,21,Tide,7,195,0,Alive
2022,6,M. gigas,North,HIOC,21,Tide,7,196,0,Alive
2022,6,M. gigas,North,HIOC,21,Tide,7,197,0,Alive
2022,6,M. gigas,North,HIOC,21,Tide,7,198,0,Alive
2022,6,M. gigas,North,HIOC,21,Tide,7,199,0,Alive
2022,6,M. gigas,North,HIOC,21,Tide,7,200,0,Alive
2022,6,M. gigas,North,HIOC,21,Tide,7,201,0,Alive
2022,6,M. gigas,North,HIOC,21,Tide,7,202,0,Alive
2022,6,M. gigas,North,HIOC,21,Tide,7,203,0,Alive
2022,6,M. gigas,North,HIOC,21,Tide,7,204,0,Alive
2022,6,M. gigas,North,HIOC,21,Tide,7,205,0,Alive
2022,6,M. gigas,North,HIOC,21,Tide,7,206,0,Alive
2022,6,M. gigas,North,HIOC,21,Tide,7,207,0,Alive
2022,6,M. gigas,North,HIOC,21,Tide,7,208,0,Alive
2022,6,M. gigas,North,HIOC,21,Tide,7,209,0,Alive
2022,6,M. gigas,North,HIOC,21,Tide,7,210,0,Alive
2022,6,M. gigas,North,HIOC,21,Tide,7,211,0,Alive
2022,6,M. gigas,North,HIOC,21,Tide,7,212,0,Alive
2022,6,M. gigas,North,HIOC,21,Tide,7,213,0,Alive
2022,6,M. gigas,North,HIOC,21,Tide,7,214,0,Alive
2022,6,M. gigas,North,HIOC,21,Tide,7,215,0,Alive
2022,6,M. gigas,North,HIOC,21,Tide,7,216,0,Alive
2022,6,M. gigas,North,HIOC,21,Tide,7,217,0,Alive
2022,6,M. gigas,North,HIOC,21,Tide,7,218,0,Alive
2022,6,M. gigas,North,HIOC,21,Tide,7,219,0,Alive
2022,6,M. gigas,North,HIOC,21,Tide,7,220,0,Alive
2022,6,M. gigas,North,HIOC,21,Tide,7,221,0,Alive
2022,6,M. gigas,North,HIOC,21,Tide,7,222,0,Alive
2022,6,M. gigas,North,HIOC,21,Tide,7,223,0,Alive
2022,6,M. gigas,North,HIOC,21,Tide,7,224,0,Alive
2022,6,M. gigas,North,HIOC,21,Tide,7,225,0,Alive
2022,6,M. gigas,North,HIOC,21,Tide,7,226,0,Alive
2022,6,M. gigas,North,HIOC,21,Tide,7,227,0,Alive
2022,6,M. gigas,North,HIOC,21,Tide,7,228,0,Alive
2022,6,M. gigas,North,HIOC,21,Tide,7,229,0,Alive
2022,6,M. gigas,North,HIOC,21,Tide,7,230,0,Alive
2022,6,M. gigas,North,HIOC,21,Tide,7,231,0,Alive
2022,6,M. gigas,North,HIOC,21,Tide,7,232,0,Alive
2022,6,M. gigas,North,HIOC,21,Tide,7,233,0,Alive
2022,6,M. gigas,North,HIOC,21,Tide,7,234,0,Alive
2022,6,M. gigas,North,HIOC,21,Tide,7,235,0,Alive
2022,6,M. gigas,North,HIOC,21,Tide,7,236,0,Alive
2022,6,M. gigas,North,HIOC,21,Tide,7,237,0,Alive
2022,6,M. gigas,North,HIOC,21,Tide,7,238,0,Alive
2022,6,M. gigas,North,HIOC,21,Tide,7,239,0,Alive
2022,6,M. gigas,North,HIOC,21,Tide,7,240,0,Alive
2022,6,M. gigas,North,HIOC,21,Tide,7,241,0,Alive
2022,6,M. gigas,North,HIOC,21,Tide,7,242,0,Alive
2022,6,M. gigas,North,HIOC,21,Tide,7,243,0,Alive
2022,6,M. gigas,North,HIOC,21,Tide,7,244,0,Alive
2022,6,M. gigas,North,HIOC,21,Tide,7,245,0,Alive
2022,6,M. gigas,North,HIOC,21,Tide,7,246,0,Alive
2022,6,M. gigas,North,HIOC,21,Tide,7,247,0,Alive
2022,6,M. gigas,North,HIOC,21,Tide,7,248,0,Alive
2022,6,M. gigas,North,HIOC,21,Tide,7,249,0,Alive
2022,6,M. gigas,North,HIOC,21,Tide,7,250,0,Alive
2022,6,M. gigas,North,HIOC,21,Tide,8,1,1,Dead
2022,6,M. gigas,North,HIOC,21,Tide,8,2,1,Dead
2022,6,M. gigas,North,HIOC,21,Tide,8,3,1,Dead
2022,6,M. gigas,North,HIOC,21,Tide,8,4,1,Dead
2022,6,M. gigas,North,HIOC,21,Tide,8,5,1,Dead
2022,6,M. gigas,North,HIOC,21,Tide,8,6,1,Dead
2022,6,M. gigas,North,HIOC,21,Tide,8,7,1,Dead
2022,6,M. gigas,North,HIOC,21,Tide,8,8,1,Dead
2022,6,M. gigas,North,HIOC,21,Tide,8,9,1,Dead
2022,6,M. gigas,North,HIOC,21,Tide,8,10,1,Dead
2022,6,M. gigas,North,HIOC,21,Tide,8,11,1,Dead
2022,6,M. gigas,North,HIOC,21,Tide,8,12,1,Dead
2022,6,M. gigas,North,HIOC,21,Tide,8,13,1,Dead
2022,6,M. gigas,North,HIOC,21,Tide,8,14,1,Dead
2022,6,M. gigas,North,HIOC,21,Tide,8,15,1,Dead
2022,6,M. gigas,North,HIOC,21,Tide,8,16,1,Dead
2022,6,M. gigas,North,HIOC,21,Tide,8,17,1,Dead
2022,6,M. gigas,North,HIOC,21,Tide,8,18,1,Dead
2022,6,M. gigas,North,HIOC,21,Tide,8,19,1,Dead
2022,6,M. gigas,North,HIOC,21,Tide,8,20,1,Dead
2022,6,M. gigas,North,HIOC,21,Tide,8,21,1,Dead
2022,6,M. gigas,North,HIOC,21,Tide,8,22,1,Dead
2022,6,M. gigas,North,HIOC,21,Tide,8,23,1,Dead
2022,6,M. gigas,North,HIOC,21,Tide,8,24,1,Dead
2022,6,M. gigas,North,HIOC,21,Tide,8,25,1,Dead
2022,6,M. gigas,North,HIOC,21,Tide,8,26,1,Dead
2022,6,M. gigas,North,HIOC,21,Tide,8,27,1,Dead
2022,6,M. gigas,North,HIOC,21,Tide,8,28,1,Dead
2022,6,M. gigas,North,HIOC,21,Tide,8,29,1,Dead
2022,6,M. gigas,North,HIOC,21,Tide,8,30,1,Dead
2022,6,M. gigas,North,HIOC,21,Tide,8,31,1,Dead
2022,6,M. gigas,North,HIOC,21,Tide,8,32,1,Dead
2022,6,M. gigas,North,HIOC,21,Tide,8,33,1,Dead
2022,6,M. gigas,North,HIOC,21,Tide,8,34,1,Dead
2022,6,M. gigas,North,HIOC,21,Tide,8,35,1,Dead
2022,6,M. gigas,North,HIOC,21,Tide,8,36,1,Dead
2022,6,M. gigas,North,HIOC,21,Tide,8,37,1,Dead
2022,6,M. gigas,North,HIOC,21,Tide,8,38,1,Dead
2022,6,M. gigas,North,HIOC,21,Tide,8,39,1,Dead
2022,6,M. gigas,North,HIOC,21,Tide,8,40,1,Dead
2022,6,M. gigas,North,HIOC,21,Tide,8,41,1,Dead
2022,6,M. gigas,North,HIOC,21,Tide,8,42,1,Dead
2022,6,M. gigas,North,HIOC,21,Tide,8,43,1,Dead
2022,6,M. gigas,North,HIOC,21,Tide,8,44,1,Dead
2022,6,M. gigas,North,HIOC,21,Tide,8,45,1,Dead
2022,6,M. gigas,North,HIOC,21,Tide,8,46,1,Dead
2022,6,M. gigas,North,HIOC,21,Tide,8,47,1,Dead
2022,6,M. gigas,North,HIOC,21,Tide,8,48,1,Dead
2022,6,M. gigas,North,HIOC,21,Tide,8,49,1,Dead
2022,6,M. gigas,North,HIOC,21,Tide,8,50,1,Dead
2022,6,M. gigas,North,HIOC,21,Tide,8,51,1,Dead
2022,6,M. gigas,North,HIOC,21,Tide,8,52,1,Dead
2022,6,M. gigas,North,HIOC,21,Tide,8,53,1,Dead
2022,6,M. gigas,North,HIOC,21,Tide,8,54,1,Dead
2022,6,M. gigas,North,HIOC,21,Tide,8,55,1,Dead
2022,6,M. gigas,North,HIOC,21,Tide,8,56,1,Dead
2022,6,M. gigas,North,HIOC,21,Tide,8,57,1,Dead
2022,6,M. gigas,North,HIOC,21,Tide,8,58,1,Dead
2022,6,M. gigas,North,HIOC,21,Tide,8,59,1,Dead
2022,6,M. gigas,North,HIOC,21,Tide,8,60,0,Alive
2022,6,M. gigas,North,HIOC,21,Tide,8,61,0,Alive
2022,6,M. gigas,North,HIOC,21,Tide,8,62,0,Alive
2022,6,M. gigas,North,HIOC,21,Tide,8,63,0,Alive
2022,6,M. gigas,North,HIOC,21,Tide,8,64,0,Alive
2022,6,M. gigas,North,HIOC,21,Tide,8,65,0,Alive
2022,6,M. gigas,North,HIOC,21,Tide,8,66,0,Alive
2022,6,M. gigas,North,HIOC,21,Tide,8,67,0,Alive
2022,6,M. gigas,North,HIOC,21,Tide,8,68,0,Alive
2022,6,M. gigas,North,HIOC,21,Tide,8,69,0,Alive
2022,6,M. gigas,North,HIOC,21,Tide,8,70,0,Alive
2022,6,M. gigas,North,HIOC,21,Tide,8,71,0,Alive
2022,6,M. gigas,North,HIOC,21,Tide,8,72,0,Alive
2022,6,M. gigas,North,HIOC,21,Tide,8,73,0,Alive
2022,6,M. gigas,North,HIOC,21,Tide,8,74,0,Alive
2022,6,M. gigas,North,HIOC,21,Tide,8,75,0,Alive
2022,6,M. gigas,North,HIOC,21,Tide,8,76,0,Alive
2022,6,M. gigas,North,HIOC,21,Tide,8,77,0,Alive
2022,6,M. gigas,North,HIOC,21,Tide,8,78,0,Alive
2022,6,M. gigas,North,HIOC,21,Tide,8,79,0,Alive
2022,6,M. gigas,North,HIOC,21,Tide,8,80,0,Alive
2022,6,M. gigas,North,HIOC,21,Tide,8,81,0,Alive
2022,6,M. gigas,North,HIOC,21,Tide,8,82,0,Alive
2022,6,M. gigas,North,HIOC,21,Tide,8,83,0,Alive
2022,6,M. gigas,North,HIOC,21,Tide,8,84,0,Alive
2022,6,M. gigas,North,HIOC,21,Tide,8,85,0,Alive
2022,6,M. gigas,North,HIOC,21,Tide,8,86,0,Alive
2022,6,M. gigas,North,HIOC,21,Tide,8,87,0,Alive
2022,6,M. gigas,North,HIOC,21,Tide,8,88,0,Alive
2022,6,M. gigas,North,HIOC,21,Tide,8,89,0,Alive
2022,6,M. gigas,North,HIOC,21,Tide,8,90,0,Alive
2022,6,M. gigas,North,HIOC,21,Tide,8,91,0,Alive
2022,6,M. gigas,North,HIOC,21,Tide,8,92,0,Alive
2022,6,M. gigas,North,HIOC,21,Tide,8,93,0,Alive
2022,6,M. gigas,North,HIOC,21,Tide,8,94,0,Alive
2022,6,M. gigas,North,HIOC,21,Tide,8,95,0,Alive
2022,6,M. gigas,North,HIOC,21,Tide,8,96,0,Alive
2022,6,M. gigas,North,HIOC,21,Tide,8,97,0,Alive
2022,6,M. gigas,North,HIOC,21,Tide,8,98,0,Alive
2022,6,M. gigas,North,HIOC,21,Tide,8,99,0,Alive
2022,6,M. gigas,North,HIOC,21,Tide,8,100,0,Alive
2022,6,M. gigas,North,HIOC,21,Tide,8,101,0,Alive
2022,6,M. gigas,North,HIOC,21,Tide,8,102,0,Alive
2022,6,M. gigas,North,HIOC,21,Tide,8,103,0,Alive
2022,6,M. gigas,North,HIOC,21,Tide,8,104,0,Alive
2022,6,M. gigas,North,HIOC,21,Tide,8,105,0,Alive
2022,6,M. gigas,North,HIOC,21,Tide,8,106,0,Alive
2022,6,M. gigas,North,HIOC,21,Tide,8,107,0,Alive
2022,6,M. gigas,North,HIOC,21,Tide,8,108,0,Alive
2022,6,M. gigas,North,HIOC,21,Tide,8,109,0,Alive
2022,6,M. gigas,North,HIOC,21,Tide,8,110,0,Alive
2022,6,M. gigas,North,HIOC,21,Tide,8,111,0,Alive
2022,6,M. gigas,North,HIOC,21,Tide,8,112,0,Alive
2022,6,M. gigas,North,HIOC,21,Tide,8,113,0,Alive
2022,6,M. gigas,North,HIOC,21,Tide,8,114,0,Alive
2022,6,M. gigas,North,HIOC,21,Tide,8,115,0,Alive
2022,6,M. gigas,North,HIOC,21,Tide,8,116,0,Alive
2022,6,M. gigas,North,HIOC,21,Tide,8,117,0,Alive
2022,6,M. gigas,North,HIOC,21,Tide,8,118,0,Alive
2022,6,M. gigas,North,HIOC,21,Tide,8,119,0,Alive
2022,6,M. gigas,North,HIOC,21,Tide,8,120,0,Alive
2022,6,M. gigas,North,HIOC,21,Tide,8,121,0,Alive
2022,6,M. gigas,North,HIOC,21,Tide,8,122,0,Alive
2022,6,M. gigas,North,HIOC,21,Tide,8,123,0,Alive
2022,6,M. gigas,North,HIOC,21,Tide,8,124,0,Alive
2022,6,M. gigas,North,HIOC,21,Tide,8,125,0,Alive
2022,6,M. gigas,North,HIOC,21,Tide,8,126,0,Alive
2022,6,M. gigas,North,HIOC,21,Tide,8,127,0,Alive
2022,6,M. gigas,North,HIOC,21,Tide,8,128,0,Alive
2022,6,M. gigas,North,HIOC,21,Tide,8,129,0,Alive
2022,6,M. gigas,North,HIOC,21,Tide,8,130,0,Alive
2022,6,M. gigas,North,HIOC,21,Tide,8,131,0,Alive
2022,6,M. gigas,North,HIOC,21,Tide,8,132,0,Alive
2022,6,M. gigas,North,HIOC,21,Tide,8,133,0,Alive
2022,6,M. gigas,North,HIOC,21,Tide,8,134,0,Alive
2022,6,M. gigas,North,HIOC,21,Tide,8,135,0,Alive
2022,6,M. gigas,North,HIOC,21,Tide,8,136,0,Alive
2022,6,M. gigas,North,HIOC,21,Tide,8,137,0,Alive
2022,6,M. gigas,North,HIOC,21,Tide,8,138,0,Alive
2022,6,M. gigas,North,HIOC,21,Tide,8,139,0,Alive
2022,6,M. gigas,North,HIOC,21,Tide,8,140,0,Alive
2022,6,M. gigas,North,HIOC,21,Tide,8,141,0,Alive
2022,6,M. gigas,North,HIOC,21,Tide,8,142,0,Alive
2022,6,M. gigas,North,HIOC,21,Tide,8,143,0,Alive
2022,6,M. gigas,North,HIOC,21,Tide,8,144,0,Alive
2022,6,M. gigas,North,HIOC,21,Tide,8,145,0,Alive
2022,6,M. gigas,North,HIOC,21,Tide,8,146,0,Alive
2022,6,M. gigas,North,HIOC,21,Tide,8,147,0,Alive
2022,6,M. gigas,North,HIOC,21,Tide,8,148,0,Alive
2022,6,M. gigas,North,HIOC,21,Tide,8,149,0,Alive
2022,6,M. gigas,North,HIOC,21,Tide,8,150,0,Alive
2022,6,M. gigas,North,HIOC,21,Tide,8,151,0,Alive
2022,6,M. gigas,North,HIOC,21,Tide,8,152,0,Alive
2022,6,M. gigas,North,HIOC,21,Tide,8,153,0,Alive
2022,6,M. gigas,North,HIOC,21,Tide,8,154,0,Alive
2022,6,M. gigas,North,HIOC,21,Tide,8,155,0,Alive
2022,6,M. gigas,North,HIOC,21,Tide,8,156,0,Alive
2022,6,M. gigas,North,HIOC,21,Tide,8,157,0,Alive
2022,6,M. gigas,North,HIOC,21,Tide,8,158,0,Alive
2022,6,M. gigas,North,HIOC,21,Tide,8,159,0,Alive
2022,6,M. gigas,North,HIOC,21,Tide,8,160,0,Alive
2022,6,M. gigas,North,HIOC,21,Tide,8,161,0,Alive
2022,6,M. gigas,North,HIOC,21,Tide,8,162,0,Alive
2022,6,M. gigas,North,HIOC,21,Tide,8,163,0,Alive
2022,6,M. gigas,North,HIOC,21,Tide,8,164,0,Alive
2022,6,M. gigas,North,HIOC,21,Tide,8,165,0,Alive
2022,6,M. gigas,North,HIOC,21,Tide,8,166,0,Alive
2022,6,M. gigas,North,HIOC,21,Tide,8,167,0,Alive
2022,6,M. gigas,North,HIOC,21,Tide,8,168,0,Alive
2022,6,M. gigas,North,HIOC,21,Tide,8,169,0,Alive
2022,6,M. gigas,North,HIOC,21,Tide,8,170,0,Alive
2022,6,M. gigas,North,HIOC,21,Tide,8,171,0,Alive
2022,6,M. gigas,North,HIOC,21,Tide,8,172,0,Alive
2022,6,M. gigas,North,HIOC,21,Tide,8,173,0,Alive
2022,6,M. gigas,North,HIOC,21,Tide,8,174,0,Alive
2022,6,M. gigas,North,HIOC,21,Tide,8,175,0,Alive
2022,6,M. gigas,North,HIOC,21,Tide,8,176,0,Alive
2022,6,M. gigas,North,HIOC,21,Tide,8,177,0,Alive
2022,6,M. gigas,North,HIOC,21,Tide,8,178,0,Alive
2022,6,M. gigas,North,HIOC,21,Tide,8,179,0,Alive
2022,6,M. gigas,North,HIOC,21,Tide,8,180,0,Alive
2022,6,M. gigas,North,HIOC,21,Tide,8,181,0,Alive
2022,6,M. gigas,North,HIOC,21,Tide,8,182,0,Alive
2022,6,M. gigas,North,HIOC,21,Tide,8,183,0,Alive
2022,6,M. gigas,North,HIOC,21,Tide,8,184,0,Alive
2022,6,M. gigas,North,HIOC,21,Tide,8,185,0,Alive
2022,6,M. gigas,North,HIOC,21,Tide,8,186,0,Alive
2022,6,M. gigas,North,HIOC,21,Tide,8,187,0,Alive
2022,6,M. gigas,North,HIOC,21,Tide,8,188,0,Alive
2022,6,M. gigas,North,HIOC,21,Tide,8,189,0,Alive
2022,6,M. gigas,North,HIOC,21,Tide,8,190,0,Alive
2022,6,M. gigas,North,HIOC,21,Tide,8,191,0,Alive
2022,6,M. gigas,North,HIOC,21,Tide,8,192,0,Alive
2022,6,M. gigas,North,HIOC,21,Tide,8,193,0,Alive
2022,6,M. gigas,North,HIOC,21,Tide,8,194,0,Alive
2022,6,M. gigas,North,HIOC,21,Tide,8,195,0,Alive
2022,6,M. gigas,North,HIOC,21,Tide,8,196,0,Alive
2022,6,M. gigas,North,HIOC,21,Tide,8,197,0,Alive
2022,6,M. gigas,North,HIOC,21,Tide,8,198,0,Alive
2022,6,M. gigas,North,HIOC,21,Tide,8,199,0,Alive
2022,6,M. gigas,North,HIOC,21,Tide,8,200,0,Alive
2022,6,M. gigas,North,HIOC,21,Tide,8,201,0,Alive
2022,6,M. gigas,North,HIOC,21,Tide,8,202,0,Alive
2022,6,M. gigas,North,HIOC,21,Tide,8,203,0,Alive
2022,6,M. gigas,North,HIOC,21,Tide,8,204,0,Alive
2022,6,M. gigas,North,HIOC,21,Tide,8,205,0,Alive
2022,6,M. gigas,North,HIOC,21,Tide,8,206,0,Alive
2022,6,M. gigas,North,HIOC,21,Tide,8,207,0,Alive
2022,6,M. gigas,North,HIOC,21,Tide,8,208,0,Alive
2022,6,M. gigas,North,HIOC,21,Tide,8,209,0,Alive
2022,6,M. gigas,North,HIOC,21,Tide,8,210,0,Alive
2022,6,M. gigas,North,HIOC,21,Tide,8,211,0,Alive
2022,6,M. gigas,North,HIOC,21,Tide,8,212,0,Alive
2022,6,M. gigas,North,HIOC,21,Tide,8,213,0,Alive
2022,6,M. gigas,North,HIOC,21,Tide,8,214,0,Alive
2022,6,M. gigas,North,HIOC,21,Tide,8,215,0,Alive
2022,6,M. gigas,North,HIOC,21,Tide,8,216,0,Alive
2022,6,M. gigas,North,HIOC,21,Tide,8,217,0,Alive
2022,6,M. gigas,North,HIOC,21,Tide,8,218,0,Alive
2022,6,M. gigas,North,HIOC,21,Tide,8,219,0,Alive
2022,6,M. gigas,North,HIOC,21,Tide,8,220,0,Alive
2022,6,M. gigas,North,HIOC,21,Tide,8,221,0,Alive
2022,6,M. gigas,North,HIOC,21,Tide,8,222,0,Alive
2022,6,M. gigas,North,HIOC,21,Tide,8,223,0,Alive
2022,6,M. gigas,North,HIOC,21,Tide,8,224,0,Alive
2022,6,M. gigas,North,HIOC,21,Tide,8,225,0,Alive
2022,6,M. gigas,North,HIOC,21,Tide,8,226,0,Alive
2022,6,M. gigas,North,HIOC,21,Tide,8,227,0,Alive
2022,6,M. gigas,North,HIOC,21,Tide,8,228,0,Alive
2022,6,M. gigas,North,HIOC,21,Tide,8,229,0,Alive
2022,6,M. gigas,North,HIOC,21,Tide,8,230,0,Alive
2022,6,M. gigas,North,HIOC,21,Tide,8,231,0,Alive
2022,6,M. gigas,North,HIOC,21,Tide,8,232,0,Alive
2022,6,M. gigas,North,HIOC,21,Tide,8,233,0,Alive
2022,6,M. gigas,North,HIOC,21,Tide,8,234,0,Alive
2022,6,M. gigas,North,HIOC,21,Tide,8,235,0,Alive
2022,6,M. gigas,North,HIOC,21,Tide,8,236,0,Alive
2022,6,M. gigas,North,HIOC,21,Tide,8,237,0,Alive
2022,6,M. gigas,North,HIOC,21,Tide,8,238,0,Alive
2022,6,M. gigas,North,HIOC,21,Tide,8,239,0,Alive
2022,6,M. gigas,North,HIOC,21,Tide,8,240,0,Alive
2022,6,M. gigas,North,HIOC,21,Tide,8,241,0,Alive
2022,6,M. gigas,North,HIOC,21,Tide,8,242,0,Alive
2022,6,M. gigas,North,HIOC,21,Tide,8,243,0,Alive
2022,6,M. gigas,North,HIOC,21,Tide,8,244,0,Alive
2022,6,M. gigas,North,HIOC,21,Tide,8,245,0,Alive
2022,6,M. gigas,North,HIOC,21,Tide,8,246,0,Alive
2022,6,M. gigas,North,HIOC,21,Tide,8,247,0,Alive
2022,6,M. gigas,North,HIOC,21,Tide,8,248,0,Alive
2022,6,M. gigas,North,HIOC,21,Tide,8,249,0,Alive
2022,6,M. gigas,North,HIOC,21,Tide,8,250,0,Alive
2022,6,M. gigas,North,HIOC,21,Tide,9,1,1,Dead
2022,6,M. gigas,North,HIOC,21,Tide,9,2,1,Dead
2022,6,M. gigas,North,HIOC,21,Tide,9,3,1,Dead
2022,6,M. gigas,North,HIOC,21,Tide,9,4,1,Dead
2022,6,M. gigas,North,HIOC,21,Tide,9,5,1,Dead
2022,6,M. gigas,North,HIOC,21,Tide,9,6,1,Dead
2022,6,M. gigas,North,HIOC,21,Tide,9,7,1,Dead
2022,6,M. gigas,North,HIOC,21,Tide,9,8,1,Dead
2022,6,M. gigas,North,HIOC,21,Tide,9,9,1,Dead
2022,6,M. gigas,North,HIOC,21,Tide,9,10,1,Dead
2022,6,M. gigas,North,HIOC,21,Tide,9,11,1,Dead
2022,6,M. gigas,North,HIOC,21,Tide,9,12,1,Dead
2022,6,M. gigas,North,HIOC,21,Tide,9,13,1,Dead
2022,6,M. gigas,North,HIOC,21,Tide,9,14,1,Dead
2022,6,M. gigas,North,HIOC,21,Tide,9,15,1,Dead
2022,6,M. gigas,North,HIOC,21,Tide,9,16,1,Dead
2022,6,M. gigas,North,HIOC,21,Tide,9,17,1,Dead
2022,6,M. gigas,North,HIOC,21,Tide,9,18,1,Dead
2022,6,M. gigas,North,HIOC,21,Tide,9,19,1,Dead
2022,6,M. gigas,North,HIOC,21,Tide,9,20,1,Dead
2022,6,M. gigas,North,HIOC,21,Tide,9,21,1,Dead
2022,6,M. gigas,North,HIOC,21,Tide,9,22,1,Dead
2022,6,M. gigas,North,HIOC,21,Tide,9,23,1,Dead
2022,6,M. gigas,North,HIOC,21,Tide,9,24,1,Dead
2022,6,M. gigas,North,HIOC,21,Tide,9,25,1,Dead
2022,6,M. gigas,North,HIOC,21,Tide,9,26,1,Dead
2022,6,M. gigas,North,HIOC,21,Tide,9,27,1,Dead
2022,6,M. gigas,North,HIOC,21,Tide,9,28,1,Dead
2022,6,M. gigas,North,HIOC,21,Tide,9,29,1,Dead
2022,6,M. gigas,North,HIOC,21,Tide,9,30,1,Dead
2022,6,M. gigas,North,HIOC,21,Tide,9,31,1,Dead
2022,6,M. gigas,North,HIOC,21,Tide,9,32,1,Dead
2022,6,M. gigas,North,HIOC,21,Tide,9,33,1,Dead
2022,6,M. gigas,North,HIOC,21,Tide,9,34,1,Dead
2022,6,M. gigas,North,HIOC,21,Tide,9,35,1,Dead
2022,6,M. gigas,North,HIOC,21,Tide,9,36,1,Dead
2022,6,M. gigas,North,HIOC,21,Tide,9,37,1,Dead
2022,6,M. gigas,North,HIOC,21,Tide,9,38,1,Dead
2022,6,M. gigas,North,HIOC,21,Tide,9,39,1,Dead
2022,6,M. gigas,North,HIOC,21,Tide,9,40,1,Dead
2022,6,M. gigas,North,HIOC,21,Tide,9,41,0,Alive
2022,6,M. gigas,North,HIOC,21,Tide,9,42,0,Alive
2022,6,M. gigas,North,HIOC,21,Tide,9,43,0,Alive
2022,6,M. gigas,North,HIOC,21,Tide,9,44,0,Alive
2022,6,M. gigas,North,HIOC,21,Tide,9,45,0,Alive
2022,6,M. gigas,North,HIOC,21,Tide,9,46,0,Alive
2022,6,M. gigas,North,HIOC,21,Tide,9,47,0,Alive
2022,6,M. gigas,North,HIOC,21,Tide,9,48,0,Alive
2022,6,M. gigas,North,HIOC,21,Tide,9,49,0,Alive
2022,6,M. gigas,North,HIOC,21,Tide,9,50,0,Alive
2022,6,M. gigas,North,HIOC,21,Tide,9,51,0,Alive
2022,6,M. gigas,North,HIOC,21,Tide,9,52,0,Alive
2022,6,M. gigas,North,HIOC,21,Tide,9,53,0,Alive
2022,6,M. gigas,North,HIOC,21,Tide,9,54,0,Alive
2022,6,M. gigas,North,HIOC,21,Tide,9,55,0,Alive
2022,6,M. gigas,North,HIOC,21,Tide,9,56,0,Alive
2022,6,M. gigas,North,HIOC,21,Tide,9,57,0,Alive
2022,6,M. gigas,North,HIOC,21,Tide,9,58,0,Alive
2022,6,M. gigas,North,HIOC,21,Tide,9,59,0,Alive
2022,6,M. gigas,North,HIOC,21,Tide,9,60,0,Alive
2022,6,M. gigas,North,HIOC,21,Tide,9,61,0,Alive
2022,6,M. gigas,North,HIOC,21,Tide,9,62,0,Alive
2022,6,M. gigas,North,HIOC,21,Tide,9,63,0,Alive
2022,6,M. gigas,North,HIOC,21,Tide,9,64,0,Alive
2022,6,M. gigas,North,HIOC,21,Tide,9,65,0,Alive
2022,6,M. gigas,North,HIOC,21,Tide,9,66,0,Alive
2022,6,M. gigas,North,HIOC,21,Tide,9,67,0,Alive
2022,6,M. gigas,North,HIOC,21,Tide,9,68,0,Alive
2022,6,M. gigas,North,HIOC,21,Tide,9,69,0,Alive
2022,6,M. gigas,North,HIOC,21,Tide,9,70,0,Alive
2022,6,M. gigas,North,HIOC,21,Tide,9,71,0,Alive
2022,6,M. gigas,North,HIOC,21,Tide,9,72,0,Alive
2022,6,M. gigas,North,HIOC,21,Tide,9,73,0,Alive
2022,6,M. gigas,North,HIOC,21,Tide,9,74,0,Alive
2022,6,M. gigas,North,HIOC,21,Tide,9,75,0,Alive
2022,6,M. gigas,North,HIOC,21,Tide,9,76,0,Alive
2022,6,M. gigas,North,HIOC,21,Tide,9,77,0,Alive
2022,6,M. gigas,North,HIOC,21,Tide,9,78,0,Alive
2022,6,M. gigas,North,HIOC,21,Tide,9,79,0,Alive
2022,6,M. gigas,North,HIOC,21,Tide,9,80,0,Alive
2022,6,M. gigas,North,HIOC,21,Tide,9,81,0,Alive
2022,6,M. gigas,North,HIOC,21,Tide,9,82,0,Alive
2022,6,M. gigas,North,HIOC,21,Tide,9,83,0,Alive
2022,6,M. gigas,North,HIOC,21,Tide,9,84,0,Alive
2022,6,M. gigas,North,HIOC,21,Tide,9,85,0,Alive
2022,6,M. gigas,North,HIOC,21,Tide,9,86,0,Alive
2022,6,M. gigas,North,HIOC,21,Tide,9,87,0,Alive
2022,6,M. gigas,North,HIOC,21,Tide,9,88,0,Alive
2022,6,M. gigas,North,HIOC,21,Tide,9,89,0,Alive
2022,6,M. gigas,North,HIOC,21,Tide,9,90,0,Alive
2022,6,M. gigas,North,HIOC,21,Tide,9,91,0,Alive
2022,6,M. gigas,North,HIOC,21,Tide,9,92,0,Alive
2022,6,M. gigas,North,HIOC,21,Tide,9,93,0,Alive
2022,6,M. gigas,North,HIOC,21,Tide,9,94,0,Alive
2022,6,M. gigas,North,HIOC,21,Tide,9,95,0,Alive
2022,6,M. gigas,North,HIOC,21,Tide,9,96,0,Alive
2022,6,M. gigas,North,HIOC,21,Tide,9,97,0,Alive
2022,6,M. gigas,North,HIOC,21,Tide,9,98,0,Alive
2022,6,M. gigas,North,HIOC,21,Tide,9,99,0,Alive
2022,6,M. gigas,North,HIOC,21,Tide,9,100,0,Alive
2022,6,M. gigas,North,HIOC,21,Tide,9,101,0,Alive
2022,6,M. gigas,North,HIOC,21,Tide,9,102,0,Alive
2022,6,M. gigas,North,HIOC,21,Tide,9,103,0,Alive
2022,6,M. gigas,North,HIOC,21,Tide,9,104,0,Alive
2022,6,M. gigas,North,HIOC,21,Tide,9,105,0,Alive
2022,6,M. gigas,North,HIOC,21,Tide,9,106,0,Alive
2022,6,M. gigas,North,HIOC,21,Tide,9,107,0,Alive
2022,6,M. gigas,North,HIOC,21,Tide,9,108,0,Alive
2022,6,M. gigas,North,HIOC,21,Tide,9,109,0,Alive
2022,6,M. gigas,North,HIOC,21,Tide,9,110,0,Alive
2022,6,M. gigas,North,HIOC,21,Tide,9,111,0,Alive
2022,6,M. gigas,North,HIOC,21,Tide,9,112,0,Alive
2022,6,M. gigas,North,HIOC,21,Tide,9,113,0,Alive
2022,6,M. gigas,North,HIOC,21,Tide,9,114,0,Alive
2022,6,M. gigas,North,HIOC,21,Tide,9,115,0,Alive
2022,6,M. gigas,North,HIOC,21,Tide,9,116,0,Alive
2022,6,M. gigas,North,HIOC,21,Tide,9,117,0,Alive
2022,6,M. gigas,North,HIOC,21,Tide,9,118,0,Alive
2022,6,M. gigas,North,HIOC,21,Tide,9,119,0,Alive
2022,6,M. gigas,North,HIOC,21,Tide,9,120,0,Alive
2022,6,M. gigas,North,HIOC,21,Tide,9,121,0,Alive
2022,6,M. gigas,North,HIOC,21,Tide,9,122,0,Alive
2022,6,M. gigas,North,HIOC,21,Tide,9,123,0,Alive
2022,6,M. gigas,North,HIOC,21,Tide,9,124,0,Alive
2022,6,M. gigas,North,HIOC,21,Tide,9,125,0,Alive
2022,6,M. gigas,North,HIOC,21,Tide,9,126,0,Alive
2022,6,M. gigas,North,HIOC,21,Tide,9,127,0,Alive
2022,6,M. gigas,North,HIOC,21,Tide,9,128,0,Alive
2022,6,M. gigas,North,HIOC,21,Tide,9,129,0,Alive
2022,6,M. gigas,North,HIOC,21,Tide,9,130,0,Alive
2022,6,M. gigas,North,HIOC,21,Tide,9,131,0,Alive
2022,6,M. gigas,North,HIOC,21,Tide,9,132,0,Alive
2022,6,M. gigas,North,HIOC,21,Tide,9,133,0,Alive
2022,6,M. gigas,North,HIOC,21,Tide,9,134,0,Alive
2022,6,M. gigas,North,HIOC,21,Tide,9,135,0,Alive
2022,6,M. gigas,North,HIOC,21,Tide,9,136,0,Alive
2022,6,M. gigas,North,HIOC,21,Tide,9,137,0,Alive
2022,6,M. gigas,North,HIOC,21,Tide,9,138,0,Alive
2022,6,M. gigas,North,HIOC,21,Tide,9,139,0,Alive
2022,6,M. gigas,North,HIOC,21,Tide,9,140,0,Alive
2022,6,M. gigas,North,HIOC,21,Tide,9,141,0,Alive
2022,6,M. gigas,North,HIOC,21,Tide,9,142,0,Alive
2022,6,M. gigas,North,HIOC,21,Tide,9,143,0,Alive
2022,6,M. gigas,North,HIOC,21,Tide,9,144,0,Alive
2022,6,M. gigas,North,HIOC,21,Tide,9,145,0,Alive
2022,6,M. gigas,North,HIOC,21,Tide,9,146,0,Alive
2022,6,M. gigas,North,HIOC,21,Tide,9,147,0,Alive
2022,6,M. gigas,North,HIOC,21,Tide,9,148,0,Alive
2022,6,M. gigas,North,HIOC,21,Tide,9,149,0,Alive
2022,6,M. gigas,North,HIOC,21,Tide,9,150,0,Alive
2022,6,M. gigas,North,HIOC,21,Tide,9,151,0,Alive
2022,6,M. gigas,North,HIOC,21,Tide,9,152,0,Alive
2022,6,M. gigas,North,HIOC,21,Tide,9,153,0,Alive
2022,6,M. gigas,North,HIOC,21,Tide,9,154,0,Alive
2022,6,M. gigas,North,HIOC,21,Tide,9,155,0,Alive
2022,6,M. gigas,North,HIOC,21,Tide,9,156,0,Alive
2022,6,M. gigas,North,HIOC,21,Tide,9,157,0,Alive
2022,6,M. gigas,North,HIOC,21,Tide,9,158,0,Alive
2022,6,M. gigas,North,HIOC,21,Tide,9,159,0,Alive
2022,6,M. gigas,North,HIOC,21,Tide,9,160,0,Alive
2022,6,M. gigas,North,HIOC,21,Tide,9,161,0,Alive
2022,6,M. gigas,North,HIOC,21,Tide,9,162,0,Alive
2022,6,M. gigas,North,HIOC,21,Tide,9,163,0,Alive
2022,6,M. gigas,North,HIOC,21,Tide,9,164,0,Alive
2022,6,M. gigas,North,HIOC,21,Tide,9,165,0,Alive
2022,6,M. gigas,North,HIOC,21,Tide,9,166,0,Alive
2022,6,M. gigas,North,HIOC,21,Tide,9,167,0,Alive
2022,6,M. gigas,North,HIOC,21,Tide,9,168,0,Alive
2022,6,M. gigas,North,HIOC,21,Tide,9,169,0,Alive
2022,6,M. gigas,North,HIOC,21,Tide,9,170,0,Alive
2022,6,M. gigas,North,HIOC,21,Tide,9,171,0,Alive
2022,6,M. gigas,North,HIOC,21,Tide,9,172,0,Alive
2022,6,M. gigas,North,HIOC,21,Tide,9,173,0,Alive
2022,6,M. gigas,North,HIOC,21,Tide,9,174,0,Alive
2022,6,M. gigas,North,HIOC,21,Tide,9,175,0,Alive
2022,6,M. gigas,North,HIOC,21,Tide,9,176,0,Alive
2022,6,M. gigas,North,HIOC,21,Tide,9,177,0,Alive
2022,6,M. gigas,North,HIOC,21,Tide,9,178,0,Alive
2022,6,M. gigas,North,HIOC,21,Tide,9,179,0,Alive
2022,6,M. gigas,North,HIOC,21,Tide,9,180,0,Alive
2022,6,M. gigas,North,HIOC,21,Tide,9,181,0,Alive
2022,6,M. gigas,North,HIOC,21,Tide,9,182,0,Alive
2022,6,M. gigas,North,HIOC,21,Tide,9,183,0,Alive
2022,6,M. gigas,North,HIOC,21,Tide,9,184,0,Alive
2022,6,M. gigas,North,HIOC,21,Tide,9,185,0,Alive
2022,6,M. gigas,North,HIOC,21,Tide,9,186,0,Alive
2022,6,M. gigas,North,HIOC,21,Tide,9,187,0,Alive
2022,6,M. gigas,North,HIOC,21,Tide,9,188,0,Alive
2022,6,M. gigas,North,HIOC,21,Tide,9,189,0,Alive
2022,6,M. gigas,North,HIOC,21,Tide,9,190,0,Alive
2022,6,M. gigas,North,HIOC,21,Tide,9,191,0,Alive
2022,6,M. gigas,North,HIOC,21,Tide,9,192,0,Alive
2022,6,M. gigas,North,HIOC,21,Tide,9,193,0,Alive
2022,6,M. gigas,North,HIOC,21,Tide,9,194,0,Alive
2022,6,M. gigas,North,HIOC,21,Tide,9,195,0,Alive
2022,6,M. gigas,North,HIOC,21,Tide,9,196,0,Alive
2022,6,M. gigas,North,HIOC,21,Tide,9,197,0,Alive
2022,6,M. gigas,North,HIOC,21,Tide,9,198,0,Alive
2022,6,M. gigas,North,HIOC,21,Tide,9,199,0,Alive
2022,6,M. gigas,North,HIOC,21,Tide,9,200,0,Alive
2022,6,M. gigas,North,HIOC,21,Tide,9,201,0,Alive
2022,6,M. gigas,North,HIOC,21,Tide,9,202,0,Alive
2022,6,M. gigas,North,HIOC,21,Tide,9,203,0,Alive
2022,6,M. gigas,North,HIOC,21,Tide,9,204,0,Alive
2022,6,M. gigas,North,HIOC,21,Tide,9,205,0,Alive
2022,6,M. gigas,North,HIOC,21,Tide,9,206,0,Alive
2022,6,M. gigas,North,HIOC,21,Tide,9,207,0,Alive
2022,6,M. gigas,North,HIOC,21,Tide,9,208,0,Alive
2022,6,M. gigas,North,HIOC,21,Tide,9,209,0,Alive
2022,6,M. gigas,North,HIOC,21,Tide,9,210,0,Alive
2022,6,M. gigas,North,HIOC,21,Tide,9,211,0,Alive
2022,6,M. gigas,North,HIOC,21,Tide,9,212,0,Alive
2022,6,M. gigas,North,HIOC,21,Tide,9,213,0,Alive
2022,6,M. gigas,North,HIOC,21,Tide,9,214,0,Alive
2022,6,M. gigas,North,HIOC,21,Tide,9,215,0,Alive
2022,6,M. gigas,North,HIOC,21,Tide,9,216,0,Alive
2022,6,M. gigas,North,HIOC,21,Tide,9,217,0,Alive
2022,6,M. gigas,North,HIOC,21,Tide,9,218,0,Alive
2022,6,M. gigas,North,HIOC,21,Tide,9,219,0,Alive
2022,6,M. gigas,North,HIOC,21,Tide,9,220,0,Alive
2022,6,M. gigas,North,HIOC,21,Tide,9,221,0,Alive
2022,6,M. gigas,North,HIOC,21,Tide,9,222,0,Alive
2022,6,M. gigas,North,HIOC,21,Tide,9,223,0,Alive
2022,6,M. gigas,North,HIOC,21,Tide,9,224,0,Alive
2022,6,M. gigas,North,HIOC,21,Tide,9,225,0,Alive
2022,6,M. gigas,North,HIOC,21,Tide,9,226,0,Alive
2022,6,M. gigas,North,HIOC,21,Tide,9,227,0,Alive
2022,6,M. gigas,North,HIOC,21,Tide,9,228,0,Alive
2022,6,M. gigas,North,HIOC,21,Tide,9,229,0,Alive
2022,6,M. gigas,North,HIOC,21,Tide,9,230,0,Alive
2022,6,M. gigas,North,HIOC,21,Tide,9,231,0,Alive
2022,6,M. gigas,North,HIOC,21,Tide,9,232,0,Alive
2022,6,M. gigas,North,HIOC,21,Tide,9,233,0,Alive
2022,6,M. gigas,North,HIOC,21,Tide,9,234,0,Alive
2022,6,M. gigas,North,HIOC,21,Tide,9,235,0,Alive
2022,6,M. gigas,North,HIOC,21,Tide,9,236,0,Alive
2022,6,M. gigas,North,HIOC,21,Tide,9,237,0,Alive
2022,6,M. gigas,North,HIOC,21,Tide,9,238,0,Alive
2022,6,M. gigas,North,HIOC,21,Tide,9,239,0,Alive
2022,6,M. gigas,North,HIOC,21,Tide,9,240,0,Alive
2022,6,M. gigas,North,HIOC,21,Tide,9,241,0,Alive
2022,6,M. gigas,North,HIOC,21,Tide,9,242,0,Alive
2022,6,M. gigas,North,HIOC,21,Tide,9,243,0,Alive
2022,6,M. gigas,North,HIOC,21,Tide,9,244,0,Alive
2022,6,M. gigas,North,HIOC,21,Tide,9,245,0,Alive
2022,6,M. gigas,North,HIOC,21,Tide,9,246,0,Alive
2022,6,M. gigas,North,HIOC,21,Tide,9,247,0,Alive
2022,6,M. gigas,North,HIOC,21,Tide,9,248,0,Alive
2022,6,M. gigas,North,HIOC,21,Tide,9,249,0,Alive
2022,6,M. gigas,North,HIOC,21,Tide,9,250,0,Alive
2022,6,M. gigas,Middle,BBOC,21,Tide,19,1,1,Dead
2022,6,M. gigas,Middle,BBOC,21,Tide,19,2,1,Dead
2022,6,M. gigas,Middle,BBOC,21,Tide,19,3,1,Dead
2022,6,M. gigas,Middle,BBOC,21,Tide,19,4,1,Dead
2022,6,M. gigas,Middle,BBOC,21,Tide,19,5,1,Dead
2022,6,M. gigas,Middle,BBOC,21,Tide,19,6,1,Dead
2022,6,M. gigas,Middle,BBOC,21,Tide,19,7,1,Dead
2022,6,M. gigas,Middle,BBOC,21,Tide,19,8,1,Dead
2022,6,M. gigas,Middle,BBOC,21,Tide,19,9,1,Dead
2022,6,M. gigas,Middle,BBOC,21,Tide,19,10,1,Dead
2022,6,M. gigas,Middle,BBOC,21,Tide,19,11,1,Dead
2022,6,M. gigas,Middle,BBOC,21,Tide,19,12,1,Dead
2022,6,M. gigas,Middle,BBOC,21,Tide,19,13,1,Dead
2022,6,M. gigas,Middle,BBOC,21,Tide,19,14,1,Dead
2022,6,M. gigas,Middle,BBOC,21,Tide,19,15,1,Dead
2022,6,M. gigas,Middle,BBOC,21,Tide,19,16,1,Dead
2022,6,M. gigas,Middle,BBOC,21,Tide,19,17,1,Dead
2022,6,M. gigas,Middle,BBOC,21,Tide,19,18,1,Dead
2022,6,M. gigas,Middle,BBOC,21,Tide,19,19,1,Dead
2022,6,M. gigas,Middle,BBOC,21,Tide,19,20,1,Dead
2022,6,M. gigas,Middle,BBOC,21,Tide,19,21,1,Dead
2022,6,M. gigas,Middle,BBOC,21,Tide,19,22,1,Dead
2022,6,M. gigas,Middle,BBOC,21,Tide,19,23,1,Dead
2022,6,M. gigas,Middle,BBOC,21,Tide,19,24,1,Dead
2022,6,M. gigas,Middle,BBOC,21,Tide,19,25,1,Dead
2022,6,M. gigas,Middle,BBOC,21,Tide,19,26,1,Dead
2022,6,M. gigas,Middle,BBOC,21,Tide,19,27,1,Dead
2022,6,M. gigas,Middle,BBOC,21,Tide,19,28,1,Dead
2022,6,M. gigas,Middle,BBOC,21,Tide,19,29,1,Dead
2022,6,M. gigas,Middle,BBOC,21,Tide,19,30,1,Dead
2022,6,M. gigas,Middle,BBOC,21,Tide,19,31,1,Dead
2022,6,M. gigas,Middle,BBOC,21,Tide,19,32,1,Dead
2022,6,M. gigas,Middle,BBOC,21,Tide,19,33,1,Dead
2022,6,M. gigas,Middle,BBOC,21,Tide,19,34,1,Dead
2022,6,M. gigas,Middle,BBOC,21,Tide,19,35,1,Dead
2022,6,M. gigas,Middle,BBOC,21,Tide,19,36,1,Dead
2022,6,M. gigas,Middle,BBOC,21,Tide,19,37,1,Dead
2022,6,M. gigas,Middle,BBOC,21,Tide,19,38,1,Dead
2022,6,M. gigas,Middle,BBOC,21,Tide,19,39,1,Dead
2022,6,M. gigas,Middle,BBOC,21,Tide,19,40,1,Dead
2022,6,M. gigas,Middle,BBOC,21,Tide,19,41,1,Dead
2022,6,M. gigas,Middle,BBOC,21,Tide,19,42,1,Dead
2022,6,M. gigas,Middle,BBOC,21,Tide,19,43,1,Dead
2022,6,M. gigas,Middle,BBOC,21,Tide,19,44,1,Dead
2022,6,M. gigas,Middle,BBOC,21,Tide,19,45,1,Dead
2022,6,M. gigas,Middle,BBOC,21,Tide,19,46,1,Dead
2022,6,M. gigas,Middle,BBOC,21,Tide,19,47,1,Dead
2022,6,M. gigas,Middle,BBOC,21,Tide,19,48,1,Dead
2022,6,M. gigas,Middle,BBOC,21,Tide,19,49,1,Dead
2022,6,M. gigas,Middle,BBOC,21,Tide,19,50,1,Dead
2022,6,M. gigas,Middle,BBOC,21,Tide,19,51,1,Dead
2022,6,M. gigas,Middle,BBOC,21,Tide,19,52,1,Dead
2022,6,M. gigas,Middle,BBOC,21,Tide,19,53,1,Dead
2022,6,M. gigas,Middle,BBOC,21,Tide,19,54,1,Dead
2022,6,M. gigas,Middle,BBOC,21,Tide,19,55,1,Dead
2022,6,M. gigas,Middle,BBOC,21,Tide,19,56,1,Dead
2022,6,M. gigas,Middle,BBOC,21,Tide,19,57,1,Dead
2022,6,M. gigas,Middle,BBOC,21,Tide,19,58,1,Dead
2022,6,M. gigas,Middle,BBOC,21,Tide,19,59,1,Dead
2022,6,M. gigas,Middle,BBOC,21,Tide,19,60,1,Dead
2022,6,M. gigas,Middle,BBOC,21,Tide,19,61,1,Dead
2022,6,M. gigas,Middle,BBOC,21,Tide,19,62,1,Dead
2022,6,M. gigas,Middle,BBOC,21,Tide,19,63,1,Dead
2022,6,M. gigas,Middle,BBOC,21,Tide,19,64,1,Dead
2022,6,M. gigas,Middle,BBOC,21,Tide,19,65,1,Dead
2022,6,M. gigas,Middle,BBOC,21,Tide,19,66,1,Dead
2022,6,M. gigas,Middle,BBOC,21,Tide,19,67,1,Dead
2022,6,M. gigas,Middle,BBOC,21,Tide,19,68,1,Dead
2022,6,M. gigas,Middle,BBOC,21,Tide,19,69,1,Dead
2022,6,M. gigas,Middle,BBOC,21,Tide,19,70,1,Dead
2022,6,M. gigas,Middle,BBOC,21,Tide,19,71,1,Dead
2022,6,M. gigas,Middle,BBOC,21,Tide,19,72,1,Dead
2022,6,M. gigas,Middle,BBOC,21,Tide,19,73,1,Dead
2022,6,M. gigas,Middle,BBOC,21,Tide,19,74,1,Dead
2022,6,M. gigas,Middle,BBOC,21,Tide,19,75,1,Dead
2022,6,M. gigas,Middle,BBOC,21,Tide,19,76,1,Dead
2022,6,M. gigas,Middle,BBOC,21,Tide,19,77,0,Alive
2022,6,M. gigas,Middle,BBOC,21,Tide,19,78,0,Alive
2022,6,M. gigas,Middle,BBOC,21,Tide,19,79,0,Alive
2022,6,M. gigas,Middle,BBOC,21,Tide,19,80,0,Alive
2022,6,M. gigas,Middle,BBOC,21,Tide,19,81,0,Alive
2022,6,M. gigas,Middle,BBOC,21,Tide,19,82,0,Alive
2022,6,M. gigas,Middle,BBOC,21,Tide,19,83,0,Alive
2022,6,M. gigas,Middle,BBOC,21,Tide,19,84,0,Alive
2022,6,M. gigas,Middle,BBOC,21,Tide,19,85,0,Alive
2022,6,M. gigas,Middle,BBOC,21,Tide,19,86,0,Alive
2022,6,M. gigas,Middle,BBOC,21,Tide,19,87,0,Alive
2022,6,M. gigas,Middle,BBOC,21,Tide,19,88,0,Alive
2022,6,M. gigas,Middle,BBOC,21,Tide,19,89,0,Alive
2022,6,M. gigas,Middle,BBOC,21,Tide,19,90,0,Alive
2022,6,M. gigas,Middle,BBOC,21,Tide,19,91,0,Alive
2022,6,M. gigas,Middle,BBOC,21,Tide,19,92,0,Alive
2022,6,M. gigas,Middle,BBOC,21,Tide,19,93,0,Alive
2022,6,M. gigas,Middle,BBOC,21,Tide,19,94,0,Alive
2022,6,M. gigas,Middle,BBOC,21,Tide,19,95,0,Alive
2022,6,M. gigas,Middle,BBOC,21,Tide,19,96,0,Alive
2022,6,M. gigas,Middle,BBOC,21,Tide,19,97,0,Alive
2022,6,M. gigas,Middle,BBOC,21,Tide,19,98,0,Alive
2022,6,M. gigas,Middle,BBOC,21,Tide,19,99,0,Alive
2022,6,M. gigas,Middle,BBOC,21,Tide,19,100,0,Alive
2022,6,M. gigas,Middle,BBOC,21,Tide,19,101,0,Alive
2022,6,M. gigas,Middle,BBOC,21,Tide,19,102,0,Alive
2022,6,M. gigas,Middle,BBOC,21,Tide,19,103,0,Alive
2022,6,M. gigas,Middle,BBOC,21,Tide,19,104,0,Alive
2022,6,M. gigas,Middle,BBOC,21,Tide,19,105,0,Alive
2022,6,M. gigas,Middle,BBOC,21,Tide,19,106,0,Alive
2022,6,M. gigas,Middle,BBOC,21,Tide,19,107,0,Alive
2022,6,M. gigas,Middle,BBOC,21,Tide,19,108,0,Alive
2022,6,M. gigas,Middle,BBOC,21,Tide,19,109,0,Alive
2022,6,M. gigas,Middle,BBOC,21,Tide,19,110,0,Alive
2022,6,M. gigas,Middle,BBOC,21,Tide,19,111,0,Alive
2022,6,M. gigas,Middle,BBOC,21,Tide,19,112,0,Alive
2022,6,M. gigas,Middle,BBOC,21,Tide,19,113,0,Alive
2022,6,M. gigas,Middle,BBOC,21,Tide,19,114,0,Alive
2022,6,M. gigas,Middle,BBOC,21,Tide,19,115,0,Alive
2022,6,M. gigas,Middle,BBOC,21,Tide,19,116,0,Alive
2022,6,M. gigas,Middle,BBOC,21,Tide,19,117,0,Alive
2022,6,M. gigas,Middle,BBOC,21,Tide,19,118,0,Alive
2022,6,M. gigas,Middle,BBOC,21,Tide,19,119,0,Alive
2022,6,M. gigas,Middle,BBOC,21,Tide,19,120,0,Alive
2022,6,M. gigas,Middle,BBOC,21,Tide,19,121,0,Alive
2022,6,M. gigas,Middle,BBOC,21,Tide,19,122,0,Alive
2022,6,M. gigas,Middle,BBOC,21,Tide,19,123,0,Alive
2022,6,M. gigas,Middle,BBOC,21,Tide,19,124,0,Alive
2022,6,M. gigas,Middle,BBOC,21,Tide,19,125,0,Alive
2022,6,M. gigas,Middle,BBOC,21,Tide,19,126,0,Alive
2022,6,M. gigas,Middle,BBOC,21,Tide,19,127,0,Alive
2022,6,M. gigas,Middle,BBOC,21,Tide,19,128,0,Alive
2022,6,M. gigas,Middle,BBOC,21,Tide,19,129,0,Alive
2022,6,M. gigas,Middle,BBOC,21,Tide,19,130,0,Alive
2022,6,M. gigas,Middle,BBOC,21,Tide,19,131,0,Alive
2022,6,M. gigas,Middle,BBOC,21,Tide,19,132,0,Alive
2022,6,M. gigas,Middle,BBOC,21,Tide,19,133,0,Alive
2022,6,M. gigas,Middle,BBOC,21,Tide,19,134,0,Alive
2022,6,M. gigas,Middle,BBOC,21,Tide,19,135,0,Alive
2022,6,M. gigas,Middle,BBOC,21,Tide,19,136,0,Alive
2022,6,M. gigas,Middle,BBOC,21,Tide,19,137,0,Alive
2022,6,M. gigas,Middle,BBOC,21,Tide,19,138,0,Alive
2022,6,M. gigas,Middle,BBOC,21,Tide,19,139,0,Alive
2022,6,M. gigas,Middle,BBOC,21,Tide,19,140,0,Alive
2022,6,M. gigas,Middle,BBOC,21,Tide,19,141,0,Alive
2022,6,M. gigas,Middle,BBOC,21,Tide,19,142,0,Alive
2022,6,M. gigas,Middle,BBOC,21,Tide,19,143,0,Alive
2022,6,M. gigas,Middle,BBOC,21,Tide,19,144,0,Alive
2022,6,M. gigas,Middle,BBOC,21,Tide,19,145,0,Alive
2022,6,M. gigas,Middle,BBOC,21,Tide,19,146,0,Alive
2022,6,M. gigas,Middle,BBOC,21,Tide,19,147,0,Alive
2022,6,M. gigas,Middle,BBOC,21,Tide,19,148,0,Alive
2022,6,M. gigas,Middle,BBOC,21,Tide,19,149,0,Alive
2022,6,M. gigas,Middle,BBOC,21,Tide,19,150,0,Alive
2022,6,M. gigas,Middle,BBOC,21,Tide,19,151,0,Alive
2022,6,M. gigas,Middle,BBOC,21,Tide,19,152,0,Alive
2022,6,M. gigas,Middle,BBOC,21,Tide,19,153,0,Alive
2022,6,M. gigas,Middle,BBOC,21,Tide,19,154,0,Alive
2022,6,M. gigas,Middle,BBOC,21,Tide,19,155,0,Alive
2022,6,M. gigas,Middle,BBOC,21,Tide,19,156,0,Alive
2022,6,M. gigas,Middle,BBOC,21,Tide,19,157,0,Alive
2022,6,M. gigas,Middle,BBOC,21,Tide,19,158,0,Alive
2022,6,M. gigas,Middle,BBOC,21,Tide,19,159,0,Alive
2022,6,M. gigas,Middle,BBOC,21,Tide,19,160,0,Alive
2022,6,M. gigas,Middle,BBOC,21,Tide,19,161,0,Alive
2022,6,M. gigas,Middle,BBOC,21,Tide,19,162,0,Alive
2022,6,M. gigas,Middle,BBOC,21,Tide,19,163,0,Alive
2022,6,M. gigas,Middle,BBOC,21,Tide,19,164,0,Alive
2022,6,M. gigas,Middle,BBOC,21,Tide,19,165,0,Alive
2022,6,M. gigas,Middle,BBOC,21,Tide,19,166,0,Alive
2022,6,M. gigas,Middle,BBOC,21,Tide,19,167,0,Alive
2022,6,M. gigas,Middle,BBOC,21,Tide,19,168,0,Alive
2022,6,M. gigas,Middle,BBOC,21,Tide,19,169,0,Alive
2022,6,M. gigas,Middle,BBOC,21,Tide,19,170,0,Alive
2022,6,M. gigas,Middle,BBOC,21,Tide,19,171,0,Alive
2022,6,M. gigas,Middle,BBOC,21,Tide,19,172,0,Alive
2022,6,M. gigas,Middle,BBOC,21,Tide,19,173,0,Alive
2022,6,M. gigas,Middle,BBOC,21,Tide,19,174,0,Alive
2022,6,M. gigas,Middle,BBOC,21,Tide,19,175,0,Alive
2022,6,M. gigas,Middle,BBOC,21,Tide,19,176,0,Alive
2022,6,M. gigas,Middle,BBOC,21,Tide,19,177,0,Alive
2022,6,M. gigas,Middle,BBOC,21,Tide,19,178,0,Alive
2022,6,M. gigas,Middle,BBOC,21,Tide,19,179,0,Alive
2022,6,M. gigas,Middle,BBOC,21,Tide,19,180,0,Alive
2022,6,M. gigas,Middle,BBOC,21,Tide,19,181,0,Alive
2022,6,M. gigas,Middle,BBOC,21,Tide,19,182,0,Alive
2022,6,M. gigas,Middle,BBOC,21,Tide,19,183,0,Alive
2022,6,M. gigas,Middle,BBOC,21,Tide,19,184,0,Alive
2022,6,M. gigas,Middle,BBOC,21,Tide,19,185,0,Alive
2022,6,M. gigas,Middle,BBOC,21,Tide,19,186,0,Alive
2022,6,M. gigas,Middle,BBOC,21,Tide,19,187,0,Alive
2022,6,M. gigas,Middle,BBOC,21,Tide,19,188,0,Alive
2022,6,M. gigas,Middle,BBOC,21,Tide,19,189,0,Alive
2022,6,M. gigas,Middle,BBOC,21,Tide,19,190,0,Alive
2022,6,M. gigas,Middle,BBOC,21,Tide,19,191,0,Alive
2022,6,M. gigas,Middle,BBOC,21,Tide,19,192,0,Alive
2022,6,M. gigas,Middle,BBOC,21,Tide,19,193,0,Alive
2022,6,M. gigas,Middle,BBOC,21,Tide,19,194,0,Alive
2022,6,M. gigas,Middle,BBOC,21,Tide,19,195,0,Alive
2022,6,M. gigas,Middle,BBOC,21,Tide,19,196,0,Alive
2022,6,M. gigas,Middle,BBOC,21,Tide,19,197,0,Alive
2022,6,M. gigas,Middle,BBOC,21,Tide,19,198,0,Alive
2022,6,M. gigas,Middle,BBOC,21,Tide,19,199,0,Alive
2022,6,M. gigas,Middle,BBOC,21,Tide,19,200,0,Alive
2022,6,M. gigas,Middle,BBOC,21,Tide,19,201,0,Alive
2022,6,M. gigas,Middle,BBOC,21,Tide,19,202,0,Alive
2022,6,M. gigas,Middle,BBOC,21,Tide,19,203,0,Alive
2022,6,M. gigas,Middle,BBOC,21,Tide,19,204,0,Alive
2022,6,M. gigas,Middle,BBOC,21,Tide,19,205,0,Alive
2022,6,M. gigas,Middle,BBOC,21,Tide,19,206,0,Alive
2022,6,M. gigas,Middle,BBOC,21,Tide,19,207,0,Alive
2022,6,M. gigas,Middle,BBOC,21,Tide,19,208,0,Alive
2022,6,M. gigas,Middle,BBOC,21,Tide,19,209,0,Alive
2022,6,M. gigas,Middle,BBOC,21,Tide,19,210,0,Alive
2022,6,M. gigas,Middle,BBOC,21,Tide,19,211,0,Alive
2022,6,M. gigas,Middle,BBOC,21,Tide,19,212,0,Alive
2022,6,M. gigas,Middle,BBOC,21,Tide,19,213,0,Alive
2022,6,M. gigas,Middle,BBOC,21,Tide,19,214,0,Alive
2022,6,M. gigas,Middle,BBOC,21,Tide,19,215,0,Alive
2022,6,M. gigas,Middle,BBOC,21,Tide,19,216,0,Alive
2022,6,M. gigas,Middle,BBOC,21,Tide,19,217,0,Alive
2022,6,M. gigas,Middle,BBOC,21,Tide,19,218,0,Alive
2022,6,M. gigas,Middle,BBOC,21,Tide,19,219,0,Alive
2022,6,M. gigas,Middle,BBOC,21,Tide,19,220,0,Alive
2022,6,M. gigas,Middle,BBOC,21,Tide,19,221,0,Alive
2022,6,M. gigas,Middle,BBOC,21,Tide,19,222,0,Alive
2022,6,M. gigas,Middle,BBOC,21,Tide,19,223,0,Alive
2022,6,M. gigas,Middle,BBOC,21,Tide,19,224,0,Alive
2022,6,M. gigas,Middle,BBOC,21,Tide,19,225,0,Alive
2022,6,M. gigas,Middle,BBOC,21,Tide,19,226,0,Alive
2022,6,M. gigas,Middle,BBOC,21,Tide,19,227,0,Alive
2022,6,M. gigas,Middle,BBOC,21,Tide,19,228,0,Alive
2022,6,M. gigas,Middle,BBOC,21,Tide,19,229,0,Alive
2022,6,M. gigas,Middle,BBOC,21,Tide,19,230,0,Alive
2022,6,M. gigas,Middle,BBOC,21,Tide,19,231,0,Alive
2022,6,M. gigas,Middle,BBOC,21,Tide,19,232,0,Alive
2022,6,M. gigas,Middle,BBOC,21,Tide,19,233,0,Alive
2022,6,M. gigas,Middle,BBOC,21,Tide,19,234,0,Alive
2022,6,M. gigas,Middle,BBOC,21,Tide,19,235,0,Alive
2022,6,M. gigas,Middle,BBOC,21,Tide,19,236,0,Alive
2022,6,M. gigas,Middle,BBOC,21,Tide,19,237,0,Alive
2022,6,M. gigas,Middle,BBOC,21,Tide,19,238,0,Alive
2022,6,M. gigas,Middle,BBOC,21,Tide,19,239,0,Alive
2022,6,M. gigas,Middle,BBOC,21,Tide,19,240,0,Alive
2022,6,M. gigas,Middle,BBOC,21,Tide,19,241,0,Alive
2022,6,M. gigas,Middle,BBOC,21,Tide,19,242,0,Alive
2022,6,M. gigas,Middle,BBOC,21,Tide,19,243,0,Alive
2022,6,M. gigas,Middle,BBOC,21,Tide,19,244,0,Alive
2022,6,M. gigas,Middle,BBOC,21,Tide,19,245,0,Alive
2022,6,M. gigas,Middle,BBOC,21,Tide,19,246,0,Alive
2022,6,M. gigas,Middle,BBOC,21,Tide,19,247,0,Alive
2022,6,M. gigas,Middle,BBOC,21,Tide,19,248,0,Alive
2022,6,M. gigas,Middle,BBOC,21,Tide,19,249,0,Alive
2022,6,M. gigas,Middle,BBOC,21,Tide,19,250,0,Alive
2022,6,M. gigas,Middle,BBOC,21,Tide,20,1,1,Dead
2022,6,M. gigas,Middle,BBOC,21,Tide,20,2,1,Dead
2022,6,M. gigas,Middle,BBOC,21,Tide,20,3,0,Alive
2022,6,M. gigas,Middle,BBOC,21,Tide,20,4,0,Alive
2022,6,M. gigas,Middle,BBOC,21,Tide,20,5,0,Alive
2022,6,M. gigas,Middle,BBOC,21,Tide,20,6,0,Alive
2022,6,M. gigas,Middle,BBOC,21,Tide,20,7,0,Alive
2022,6,M. gigas,Middle,BBOC,21,Tide,20,8,0,Alive
2022,6,M. gigas,Middle,BBOC,21,Tide,20,9,0,Alive
2022,6,M. gigas,Middle,BBOC,21,Tide,20,10,0,Alive
2022,6,M. gigas,Middle,BBOC,21,Tide,20,11,0,Alive
2022,6,M. gigas,Middle,BBOC,21,Tide,20,12,0,Alive
2022,6,M. gigas,Middle,BBOC,21,Tide,20,13,0,Alive
2022,6,M. gigas,Middle,BBOC,21,Tide,20,14,0,Alive
2022,6,M. gigas,Middle,BBOC,21,Tide,20,15,0,Alive
2022,6,M. gigas,Middle,BBOC,21,Tide,20,16,0,Alive
2022,6,M. gigas,Middle,BBOC,21,Tide,20,17,0,Alive
2022,6,M. gigas,Middle,BBOC,21,Tide,20,18,0,Alive
2022,6,M. gigas,Middle,BBOC,21,Tide,20,19,0,Alive
2022,6,M. gigas,Middle,BBOC,21,Tide,20,20,0,Alive
2022,6,M. gigas,Middle,BBOC,21,Tide,20,21,0,Alive
2022,6,M. gigas,Middle,BBOC,21,Tide,20,22,0,Alive
2022,6,M. gigas,Middle,BBOC,21,Tide,20,23,0,Alive
2022,6,M. gigas,Middle,BBOC,21,Tide,20,24,0,Alive
2022,6,M. gigas,Middle,BBOC,21,Tide,20,25,0,Alive
2022,6,M. gigas,Middle,BBOC,21,Tide,20,26,0,Alive
2022,6,M. gigas,Middle,BBOC,21,Tide,20,27,0,Alive
2022,6,M. gigas,Middle,BBOC,21,Tide,20,28,0,Alive
2022,6,M. gigas,Middle,BBOC,21,Tide,20,29,0,Alive
2022,6,M. gigas,Middle,BBOC,21,Tide,20,30,0,Alive
2022,6,M. gigas,Middle,BBOC,21,Tide,20,31,0,Alive
2022,6,M. gigas,Middle,BBOC,21,Tide,20,32,0,Alive
2022,6,M. gigas,Middle,BBOC,21,Tide,20,33,0,Alive
2022,6,M. gigas,Middle,BBOC,21,Tide,20,34,0,Alive
2022,6,M. gigas,Middle,BBOC,21,Tide,20,35,0,Alive
2022,6,M. gigas,Middle,BBOC,21,Tide,20,36,0,Alive
2022,6,M. gigas,Middle,BBOC,21,Tide,20,37,0,Alive
2022,6,M. gigas,Middle,BBOC,21,Tide,20,38,0,Alive
2022,6,M. gigas,Middle,BBOC,21,Tide,20,39,0,Alive
2022,6,M. gigas,Middle,BBOC,21,Tide,20,40,0,Alive
2022,6,M. gigas,Middle,BBOC,21,Tide,20,41,0,Alive
2022,6,M. gigas,Middle,BBOC,21,Tide,20,42,0,Alive
2022,6,M. gigas,Middle,BBOC,21,Tide,20,43,0,Alive
2022,6,M. gigas,Middle,BBOC,21,Tide,20,44,0,Alive
2022,6,M. gigas,Middle,BBOC,21,Tide,20,45,0,Alive
2022,6,M. gigas,Middle,BBOC,21,Tide,20,46,0,Alive
2022,6,M. gigas,Middle,BBOC,21,Tide,20,47,0,Alive
2022,6,M. gigas,Middle,BBOC,21,Tide,20,48,0,Alive
2022,6,M. gigas,Middle,BBOC,21,Tide,20,49,0,Alive
2022,6,M. gigas,Middle,BBOC,21,Tide,20,50,0,Alive
2022,6,M. gigas,Middle,BBOC,21,Tide,20,51,0,Alive
2022,6,M. gigas,Middle,BBOC,21,Tide,20,52,0,Alive
2022,6,M. gigas,Middle,BBOC,21,Tide,20,53,0,Alive
2022,6,M. gigas,Middle,BBOC,21,Tide,20,54,0,Alive
2022,6,M. gigas,Middle,BBOC,21,Tide,20,55,0,Alive
2022,6,M. gigas,Middle,BBOC,21,Tide,20,56,0,Alive
2022,6,M. gigas,Middle,BBOC,21,Tide,20,57,0,Alive
2022,6,M. gigas,Middle,BBOC,21,Tide,20,58,0,Alive
2022,6,M. gigas,Middle,BBOC,21,Tide,20,59,0,Alive
2022,6,M. gigas,Middle,BBOC,21,Tide,20,60,0,Alive
2022,6,M. gigas,Middle,BBOC,21,Tide,20,61,0,Alive
2022,6,M. gigas,Middle,BBOC,21,Tide,20,62,0,Alive
2022,6,M. gigas,Middle,BBOC,21,Tide,20,63,0,Alive
2022,6,M. gigas,Middle,BBOC,21,Tide,20,64,0,Alive
2022,6,M. gigas,Middle,BBOC,21,Tide,20,65,0,Alive
2022,6,M. gigas,Middle,BBOC,21,Tide,20,66,0,Alive
2022,6,M. gigas,Middle,BBOC,21,Tide,20,67,0,Alive
2022,6,M. gigas,Middle,BBOC,21,Tide,20,68,0,Alive
2022,6,M. gigas,Middle,BBOC,21,Tide,20,69,0,Alive
2022,6,M. gigas,Middle,BBOC,21,Tide,20,70,0,Alive
2022,6,M. gigas,Middle,BBOC,21,Tide,20,71,0,Alive
2022,6,M. gigas,Middle,BBOC,21,Tide,20,72,0,Alive
2022,6,M. gigas,Middle,BBOC,21,Tide,20,73,0,Alive
2022,6,M. gigas,Middle,BBOC,21,Tide,20,74,0,Alive
2022,6,M. gigas,Middle,BBOC,21,Tide,20,75,0,Alive
2022,6,M. gigas,Middle,BBOC,21,Tide,20,76,0,Alive
2022,6,M. gigas,Middle,BBOC,21,Tide,20,77,0,Alive
2022,6,M. gigas,Middle,BBOC,21,Tide,20,78,0,Alive
2022,6,M. gigas,Middle,BBOC,21,Tide,20,79,0,Alive
2022,6,M. gigas,Middle,BBOC,21,Tide,20,80,0,Alive
2022,6,M. gigas,Middle,BBOC,21,Tide,20,81,0,Alive
2022,6,M. gigas,Middle,BBOC,21,Tide,20,82,0,Alive
2022,6,M. gigas,Middle,BBOC,21,Tide,20,83,0,Alive
2022,6,M. gigas,Middle,BBOC,21,Tide,20,84,0,Alive
2022,6,M. gigas,Middle,BBOC,21,Tide,20,85,0,Alive
2022,6,M. gigas,Middle,BBOC,21,Tide,20,86,0,Alive
2022,6,M. gigas,Middle,BBOC,21,Tide,20,87,0,Alive
2022,6,M. gigas,Middle,BBOC,21,Tide,20,88,0,Alive
2022,6,M. gigas,Middle,BBOC,21,Tide,20,89,0,Alive
2022,6,M. gigas,Middle,BBOC,21,Tide,20,90,0,Alive
2022,6,M. gigas,Middle,BBOC,21,Tide,20,91,0,Alive
2022,6,M. gigas,Middle,BBOC,21,Tide,20,92,0,Alive
2022,6,M. gigas,Middle,BBOC,21,Tide,20,93,0,Alive
2022,6,M. gigas,Middle,BBOC,21,Tide,20,94,0,Alive
2022,6,M. gigas,Middle,BBOC,21,Tide,20,95,0,Alive
2022,6,M. gigas,Middle,BBOC,21,Tide,20,96,0,Alive
2022,6,M. gigas,Middle,BBOC,21,Tide,20,97,0,Alive
2022,6,M. gigas,Middle,BBOC,21,Tide,20,98,0,Alive
2022,6,M. gigas,Middle,BBOC,21,Tide,20,99,0,Alive
2022,6,M. gigas,Middle,BBOC,21,Tide,20,100,0,Alive
2022,6,M. gigas,Middle,BBOC,21,Tide,20,101,0,Alive
2022,6,M. gigas,Middle,BBOC,21,Tide,20,102,0,Alive
2022,6,M. gigas,Middle,BBOC,21,Tide,20,103,0,Alive
2022,6,M. gigas,Middle,BBOC,21,Tide,20,104,0,Alive
2022,6,M. gigas,Middle,BBOC,21,Tide,20,105,0,Alive
2022,6,M. gigas,Middle,BBOC,21,Tide,20,106,0,Alive
2022,6,M. gigas,Middle,BBOC,21,Tide,20,107,0,Alive
2022,6,M. gigas,Middle,BBOC,21,Tide,20,108,0,Alive
2022,6,M. gigas,Middle,BBOC,21,Tide,20,109,0,Alive
2022,6,M. gigas,Middle,BBOC,21,Tide,20,110,0,Alive
2022,6,M. gigas,Middle,BBOC,21,Tide,20,111,0,Alive
2022,6,M. gigas,Middle,BBOC,21,Tide,20,112,0,Alive
2022,6,M. gigas,Middle,BBOC,21,Tide,20,113,0,Alive
2022,6,M. gigas,Middle,BBOC,21,Tide,20,114,0,Alive
2022,6,M. gigas,Middle,BBOC,21,Tide,20,115,0,Alive
2022,6,M. gigas,Middle,BBOC,21,Tide,20,116,0,Alive
2022,6,M. gigas,Middle,BBOC,21,Tide,20,117,0,Alive
2022,6,M. gigas,Middle,BBOC,21,Tide,20,118,0,Alive
2022,6,M. gigas,Middle,BBOC,21,Tide,20,119,0,Alive
2022,6,M. gigas,Middle,BBOC,21,Tide,20,120,0,Alive
2022,6,M. gigas,Middle,BBOC,21,Tide,20,121,0,Alive
2022,6,M. gigas,Middle,BBOC,21,Tide,20,122,0,Alive
2022,6,M. gigas,Middle,BBOC,21,Tide,20,123,0,Alive
2022,6,M. gigas,Middle,BBOC,21,Tide,20,124,0,Alive
2022,6,M. gigas,Middle,BBOC,21,Tide,20,125,0,Alive
2022,6,M. gigas,Middle,BBOC,21,Tide,20,126,0,Alive
2022,6,M. gigas,Middle,BBOC,21,Tide,20,127,0,Alive
2022,6,M. gigas,Middle,BBOC,21,Tide,20,128,0,Alive
2022,6,M. gigas,Middle,BBOC,21,Tide,20,129,0,Alive
2022,6,M. gigas,Middle,BBOC,21,Tide,20,130,0,Alive
2022,6,M. gigas,Middle,BBOC,21,Tide,20,131,0,Alive
2022,6,M. gigas,Middle,BBOC,21,Tide,20,132,0,Alive
2022,6,M. gigas,Middle,BBOC,21,Tide,20,133,0,Alive
2022,6,M. gigas,Middle,BBOC,21,Tide,20,134,0,Alive
2022,6,M. gigas,Middle,BBOC,21,Tide,20,135,0,Alive
2022,6,M. gigas,Middle,BBOC,21,Tide,20,136,0,Alive
2022,6,M. gigas,Middle,BBOC,21,Tide,20,137,0,Alive
2022,6,M. gigas,Middle,BBOC,21,Tide,20,138,0,Alive
2022,6,M. gigas,Middle,BBOC,21,Tide,20,139,0,Alive
2022,6,M. gigas,Middle,BBOC,21,Tide,20,140,0,Alive
2022,6,M. gigas,Middle,BBOC,21,Tide,20,141,0,Alive
2022,6,M. gigas,Middle,BBOC,21,Tide,20,142,0,Alive
2022,6,M. gigas,Middle,BBOC,21,Tide,20,143,0,Alive
2022,6,M. gigas,Middle,BBOC,21,Tide,20,144,0,Alive
2022,6,M. gigas,Middle,BBOC,21,Tide,20,145,0,Alive
2022,6,M. gigas,Middle,BBOC,21,Tide,20,146,0,Alive
2022,6,M. gigas,Middle,BBOC,21,Tide,20,147,0,Alive
2022,6,M. gigas,Middle,BBOC,21,Tide,20,148,0,Alive
2022,6,M. gigas,Middle,BBOC,21,Tide,20,149,0,Alive
2022,6,M. gigas,Middle,BBOC,21,Tide,20,150,0,Alive
2022,6,M. gigas,Middle,BBOC,21,Tide,20,151,0,Alive
2022,6,M. gigas,Middle,BBOC,21,Tide,20,152,0,Alive
2022,6,M. gigas,Middle,BBOC,21,Tide,20,153,0,Alive
2022,6,M. gigas,Middle,BBOC,21,Tide,20,154,0,Alive
2022,6,M. gigas,Middle,BBOC,21,Tide,20,155,0,Alive
2022,6,M. gigas,Middle,BBOC,21,Tide,20,156,0,Alive
2022,6,M. gigas,Middle,BBOC,21,Tide,20,157,0,Alive
2022,6,M. gigas,Middle,BBOC,21,Tide,20,158,0,Alive
2022,6,M. gigas,Middle,BBOC,21,Tide,20,159,0,Alive
2022,6,M. gigas,Middle,BBOC,21,Tide,20,160,0,Alive
2022,6,M. gigas,Middle,BBOC,21,Tide,20,161,0,Alive
2022,6,M. gigas,Middle,BBOC,21,Tide,20,162,0,Alive
2022,6,M. gigas,Middle,BBOC,21,Tide,20,163,0,Alive
2022,6,M. gigas,Middle,BBOC,21,Tide,20,164,0,Alive
2022,6,M. gigas,Middle,BBOC,21,Tide,20,165,0,Alive
2022,6,M. gigas,Middle,BBOC,21,Tide,20,166,0,Alive
2022,6,M. gigas,Middle,BBOC,21,Tide,20,167,0,Alive
2022,6,M. gigas,Middle,BBOC,21,Tide,20,168,0,Alive
2022,6,M. gigas,Middle,BBOC,21,Tide,20,169,0,Alive
2022,6,M. gigas,Middle,BBOC,21,Tide,20,170,0,Alive
2022,6,M. gigas,Middle,BBOC,21,Tide,20,171,0,Alive
2022,6,M. gigas,Middle,BBOC,21,Tide,20,172,0,Alive
2022,6,M. gigas,Middle,BBOC,21,Tide,20,173,0,Alive
2022,6,M. gigas,Middle,BBOC,21,Tide,20,174,0,Alive
2022,6,M. gigas,Middle,BBOC,21,Tide,20,175,0,Alive
2022,6,M. gigas,Middle,BBOC,21,Tide,20,176,0,Alive
2022,6,M. gigas,Middle,BBOC,21,Tide,20,177,0,Alive
2022,6,M. gigas,Middle,BBOC,21,Tide,20,178,0,Alive
2022,6,M. gigas,Middle,BBOC,21,Tide,20,179,0,Alive
2022,6,M. gigas,Middle,BBOC,21,Tide,20,180,0,Alive
2022,6,M. gigas,Middle,BBOC,21,Tide,20,181,0,Alive
2022,6,M. gigas,Middle,BBOC,21,Tide,20,182,0,Alive
2022,6,M. gigas,Middle,BBOC,21,Tide,20,183,0,Alive
2022,6,M. gigas,Middle,BBOC,21,Tide,20,184,0,Alive
2022,6,M. gigas,Middle,BBOC,21,Tide,20,185,0,Alive
2022,6,M. gigas,Middle,BBOC,21,Tide,20,186,0,Alive
2022,6,M. gigas,Middle,BBOC,21,Tide,20,187,0,Alive
2022,6,M. gigas,Middle,BBOC,21,Tide,20,188,0,Alive
2022,6,M. gigas,Middle,BBOC,21,Tide,20,189,0,Alive
2022,6,M. gigas,Middle,BBOC,21,Tide,20,190,0,Alive
2022,6,M. gigas,Middle,BBOC,21,Tide,20,191,0,Alive
2022,6,M. gigas,Middle,BBOC,21,Tide,20,192,0,Alive
2022,6,M. gigas,Middle,BBOC,21,Tide,20,193,0,Alive
2022,6,M. gigas,Middle,BBOC,21,Tide,20,194,0,Alive
2022,6,M. gigas,Middle,BBOC,21,Tide,20,195,0,Alive
2022,6,M. gigas,Middle,BBOC,21,Tide,20,196,0,Alive
2022,6,M. gigas,Middle,BBOC,21,Tide,20,197,0,Alive
2022,6,M. gigas,Middle,BBOC,21,Tide,20,198,0,Alive
2022,6,M. gigas,Middle,BBOC,21,Tide,20,199,0,Alive
2022,6,M. gigas,Middle,BBOC,21,Tide,20,200,0,Alive
2022,6,M. gigas,Middle,BBOC,21,Tide,20,201,0,Alive
2022,6,M. gigas,Middle,BBOC,21,Tide,20,202,0,Alive
2022,6,M. gigas,Middle,BBOC,21,Tide,20,203,0,Alive
2022,6,M. gigas,Middle,BBOC,21,Tide,20,204,0,Alive
2022,6,M. gigas,Middle,BBOC,21,Tide,20,205,0,Alive
2022,6,M. gigas,Middle,BBOC,21,Tide,20,206,0,Alive
2022,6,M. gigas,Middle,BBOC,21,Tide,20,207,0,Alive
2022,6,M. gigas,Middle,BBOC,21,Tide,20,208,0,Alive
2022,6,M. gigas,Middle,BBOC,21,Tide,20,209,0,Alive
2022,6,M. gigas,Middle,BBOC,21,Tide,20,210,0,Alive
2022,6,M. gigas,Middle,BBOC,21,Tide,20,211,0,Alive
2022,6,M. gigas,Middle,BBOC,21,Tide,20,212,0,Alive
2022,6,M. gigas,Middle,BBOC,21,Tide,20,213,0,Alive
2022,6,M. gigas,Middle,BBOC,21,Tide,20,214,0,Alive
2022,6,M. gigas,Middle,BBOC,21,Tide,20,215,0,Alive
2022,6,M. gigas,Middle,BBOC,21,Tide,20,216,0,Alive
2022,6,M. gigas,Middle,BBOC,21,Tide,20,217,0,Alive
2022,6,M. gigas,Middle,BBOC,21,Tide,20,218,0,Alive
2022,6,M. gigas,Middle,BBOC,21,Tide,20,219,0,Alive
2022,6,M. gigas,Middle,BBOC,21,Tide,20,220,0,Alive
2022,6,M. gigas,Middle,BBOC,21,Tide,20,221,0,Alive
2022,6,M. gigas,Middle,BBOC,21,Tide,20,222,0,Alive
2022,6,M. gigas,Middle,BBOC,21,Tide,20,223,0,Alive
2022,6,M. gigas,Middle,BBOC,21,Tide,20,224,0,Alive
2022,6,M. gigas,Middle,BBOC,21,Tide,20,225,0,Alive
2022,6,M. gigas,Middle,BBOC,21,Tide,20,226,0,Alive
2022,6,M. gigas,Middle,BBOC,21,Tide,20,227,0,Alive
2022,6,M. gigas,Middle,BBOC,21,Tide,20,228,0,Alive
2022,6,M. gigas,Middle,BBOC,21,Tide,20,229,0,Alive
2022,6,M. gigas,Middle,BBOC,21,Tide,20,230,0,Alive
2022,6,M. gigas,Middle,BBOC,21,Tide,20,231,0,Alive
2022,6,M. gigas,Middle,BBOC,21,Tide,20,232,0,Alive
2022,6,M. gigas,Middle,BBOC,21,Tide,20,233,0,Alive
2022,6,M. gigas,Middle,BBOC,21,Tide,20,234,0,Alive
2022,6,M. gigas,Middle,BBOC,21,Tide,20,235,0,Alive
2022,6,M. gigas,Middle,BBOC,21,Tide,20,236,0,Alive
2022,6,M. gigas,Middle,BBOC,21,Tide,20,237,0,Alive
2022,6,M. gigas,Middle,BBOC,21,Tide,20,238,0,Alive
2022,6,M. gigas,Middle,BBOC,21,Tide,20,239,0,Alive
2022,6,M. gigas,Middle,BBOC,21,Tide,20,240,0,Alive
2022,6,M. gigas,Middle,BBOC,21,Tide,20,241,0,Alive
2022,6,M. gigas,Middle,BBOC,21,Tide,20,242,0,Alive
2022,6,M. gigas,Middle,BBOC,21,Tide,20,243,0,Alive
2022,6,M. gigas,Middle,BBOC,21,Tide,20,244,0,Alive
2022,6,M. gigas,Middle,BBOC,21,Tide,20,245,0,Alive
2022,6,M. gigas,Middle,BBOC,21,Tide,20,246,0,Alive
2022,6,M. gigas,Middle,BBOC,21,Tide,20,247,0,Alive
2022,6,M. gigas,Middle,BBOC,21,Tide,20,248,0,Alive
2022,6,M. gigas,Middle,BBOC,21,Tide,20,249,0,Alive
2022,6,M. gigas,Middle,BBOC,21,Tide,20,250,0,Alive
2022,6,M. gigas,Middle,BBOC,21,Tide,21,1,1,Dead
2022,6,M. gigas,Middle,BBOC,21,Tide,21,2,1,Dead
2022,6,M. gigas,Middle,BBOC,21,Tide,21,3,1,Dead
2022,6,M. gigas,Middle,BBOC,21,Tide,21,4,1,Dead
2022,6,M. gigas,Middle,BBOC,21,Tide,21,5,1,Dead
2022,6,M. gigas,Middle,BBOC,21,Tide,21,6,1,Dead
2022,6,M. gigas,Middle,BBOC,21,Tide,21,7,1,Dead
2022,6,M. gigas,Middle,BBOC,21,Tide,21,8,1,Dead
2022,6,M. gigas,Middle,BBOC,21,Tide,21,9,1,Dead
2022,6,M. gigas,Middle,BBOC,21,Tide,21,10,1,Dead
2022,6,M. gigas,Middle,BBOC,21,Tide,21,11,1,Dead
2022,6,M. gigas,Middle,BBOC,21,Tide,21,12,1,Dead
2022,6,M. gigas,Middle,BBOC,21,Tide,21,13,1,Dead
2022,6,M. gigas,Middle,BBOC,21,Tide,21,14,1,Dead
2022,6,M. gigas,Middle,BBOC,21,Tide,21,15,1,Dead
2022,6,M. gigas,Middle,BBOC,21,Tide,21,16,1,Dead
2022,6,M. gigas,Middle,BBOC,21,Tide,21,17,1,Dead
2022,6,M. gigas,Middle,BBOC,21,Tide,21,18,1,Dead
2022,6,M. gigas,Middle,BBOC,21,Tide,21,19,1,Dead
2022,6,M. gigas,Middle,BBOC,21,Tide,21,20,1,Dead
2022,6,M. gigas,Middle,BBOC,21,Tide,21,21,1,Dead
2022,6,M. gigas,Middle,BBOC,21,Tide,21,22,1,Dead
2022,6,M. gigas,Middle,BBOC,21,Tide,21,23,1,Dead
2022,6,M. gigas,Middle,BBOC,21,Tide,21,24,1,Dead
2022,6,M. gigas,Middle,BBOC,21,Tide,21,25,1,Dead
2022,6,M. gigas,Middle,BBOC,21,Tide,21,26,1,Dead
2022,6,M. gigas,Middle,BBOC,21,Tide,21,27,1,Dead
2022,6,M. gigas,Middle,BBOC,21,Tide,21,28,1,Dead
2022,6,M. gigas,Middle,BBOC,21,Tide,21,29,1,Dead
2022,6,M. gigas,Middle,BBOC,21,Tide,21,30,1,Dead
2022,6,M. gigas,Middle,BBOC,21,Tide,21,31,1,Dead
2022,6,M. gigas,Middle,BBOC,21,Tide,21,32,1,Dead
2022,6,M. gigas,Middle,BBOC,21,Tide,21,33,1,Dead
2022,6,M. gigas,Middle,BBOC,21,Tide,21,34,1,Dead
2022,6,M. gigas,Middle,BBOC,21,Tide,21,35,1,Dead
2022,6,M. gigas,Middle,BBOC,21,Tide,21,36,1,Dead
2022,6,M. gigas,Middle,BBOC,21,Tide,21,37,1,Dead
2022,6,M. gigas,Middle,BBOC,21,Tide,21,38,1,Dead
2022,6,M. gigas,Middle,BBOC,21,Tide,21,39,1,Dead
2022,6,M. gigas,Middle,BBOC,21,Tide,21,40,1,Dead
2022,6,M. gigas,Middle,BBOC,21,Tide,21,41,1,Dead
2022,6,M. gigas,Middle,BBOC,21,Tide,21,42,1,Dead
2022,6,M. gigas,Middle,BBOC,21,Tide,21,43,1,Dead
2022,6,M. gigas,Middle,BBOC,21,Tide,21,44,1,Dead
2022,6,M. gigas,Middle,BBOC,21,Tide,21,45,1,Dead
2022,6,M. gigas,Middle,BBOC,21,Tide,21,46,1,Dead
2022,6,M. gigas,Middle,BBOC,21,Tide,21,47,1,Dead
2022,6,M. gigas,Middle,BBOC,21,Tide,21,48,1,Dead
2022,6,M. gigas,Middle,BBOC,21,Tide,21,49,1,Dead
2022,6,M. gigas,Middle,BBOC,21,Tide,21,50,1,Dead
2022,6,M. gigas,Middle,BBOC,21,Tide,21,51,1,Dead
2022,6,M. gigas,Middle,BBOC,21,Tide,21,52,1,Dead
2022,6,M. gigas,Middle,BBOC,21,Tide,21,53,1,Dead
2022,6,M. gigas,Middle,BBOC,21,Tide,21,54,1,Dead
2022,6,M. gigas,Middle,BBOC,21,Tide,21,55,1,Dead
2022,6,M. gigas,Middle,BBOC,21,Tide,21,56,1,Dead
2022,6,M. gigas,Middle,BBOC,21,Tide,21,57,1,Dead
2022,6,M. gigas,Middle,BBOC,21,Tide,21,58,1,Dead
2022,6,M. gigas,Middle,BBOC,21,Tide,21,59,1,Dead
2022,6,M. gigas,Middle,BBOC,21,Tide,21,60,1,Dead
2022,6,M. gigas,Middle,BBOC,21,Tide,21,61,1,Dead
2022,6,M. gigas,Middle,BBOC,21,Tide,21,62,1,Dead
2022,6,M. gigas,Middle,BBOC,21,Tide,21,63,1,Dead
2022,6,M. gigas,Middle,BBOC,21,Tide,21,64,1,Dead
2022,6,M. gigas,Middle,BBOC,21,Tide,21,65,1,Dead
2022,6,M. gigas,Middle,BBOC,21,Tide,21,66,1,Dead
2022,6,M. gigas,Middle,BBOC,21,Tide,21,67,1,Dead
2022,6,M. gigas,Middle,BBOC,21,Tide,21,68,1,Dead
2022,6,M. gigas,Middle,BBOC,21,Tide,21,69,1,Dead
2022,6,M. gigas,Middle,BBOC,21,Tide,21,70,1,Dead
2022,6,M. gigas,Middle,BBOC,21,Tide,21,71,1,Dead
2022,6,M. gigas,Middle,BBOC,21,Tide,21,72,1,Dead
2022,6,M. gigas,Middle,BBOC,21,Tide,21,73,1,Dead
2022,6,M. gigas,Middle,BBOC,21,Tide,21,74,1,Dead
2022,6,M. gigas,Middle,BBOC,21,Tide,21,75,1,Dead
2022,6,M. gigas,Middle,BBOC,21,Tide,21,76,1,Dead
2022,6,M. gigas,Middle,BBOC,21,Tide,21,77,1,Dead
2022,6,M. gigas,Middle,BBOC,21,Tide,21,78,1,Dead
2022,6,M. gigas,Middle,BBOC,21,Tide,21,79,1,Dead
2022,6,M. gigas,Middle,BBOC,21,Tide,21,80,1,Dead
2022,6,M. gigas,Middle,BBOC,21,Tide,21,81,1,Dead
2022,6,M. gigas,Middle,BBOC,21,Tide,21,82,1,Dead
2022,6,M. gigas,Middle,BBOC,21,Tide,21,83,1,Dead
2022,6,M. gigas,Middle,BBOC,21,Tide,21,84,1,Dead
2022,6,M. gigas,Middle,BBOC,21,Tide,21,85,1,Dead
2022,6,M. gigas,Middle,BBOC,21,Tide,21,86,1,Dead
2022,6,M. gigas,Middle,BBOC,21,Tide,21,87,1,Dead
2022,6,M. gigas,Middle,BBOC,21,Tide,21,88,1,Dead
2022,6,M. gigas,Middle,BBOC,21,Tide,21,89,1,Dead
2022,6,M. gigas,Middle,BBOC,21,Tide,21,90,1,Dead
2022,6,M. gigas,Middle,BBOC,21,Tide,21,91,1,Dead
2022,6,M. gigas,Middle,BBOC,21,Tide,21,92,1,Dead
2022,6,M. gigas,Middle,BBOC,21,Tide,21,93,1,Dead
2022,6,M. gigas,Middle,BBOC,21,Tide,21,94,1,Dead
2022,6,M. gigas,Middle,BBOC,21,Tide,21,95,1,Dead
2022,6,M. gigas,Middle,BBOC,21,Tide,21,96,1,Dead
2022,6,M. gigas,Middle,BBOC,21,Tide,21,97,0,Alive
2022,6,M. gigas,Middle,BBOC,21,Tide,21,98,0,Alive
2022,6,M. gigas,Middle,BBOC,21,Tide,21,99,0,Alive
2022,6,M. gigas,Middle,BBOC,21,Tide,21,100,0,Alive
2022,6,M. gigas,Middle,BBOC,21,Tide,21,101,0,Alive
2022,6,M. gigas,Middle,BBOC,21,Tide,21,102,0,Alive
2022,6,M. gigas,Middle,BBOC,21,Tide,21,103,0,Alive
2022,6,M. gigas,Middle,BBOC,21,Tide,21,104,0,Alive
2022,6,M. gigas,Middle,BBOC,21,Tide,21,105,0,Alive
2022,6,M. gigas,Middle,BBOC,21,Tide,21,106,0,Alive
2022,6,M. gigas,Middle,BBOC,21,Tide,21,107,0,Alive
2022,6,M. gigas,Middle,BBOC,21,Tide,21,108,0,Alive
2022,6,M. gigas,Middle,BBOC,21,Tide,21,109,0,Alive
2022,6,M. gigas,Middle,BBOC,21,Tide,21,110,0,Alive
2022,6,M. gigas,Middle,BBOC,21,Tide,21,111,0,Alive
2022,6,M. gigas,Middle,BBOC,21,Tide,21,112,0,Alive
2022,6,M. gigas,Middle,BBOC,21,Tide,21,113,0,Alive
2022,6,M. gigas,Middle,BBOC,21,Tide,21,114,0,Alive
2022,6,M. gigas,Middle,BBOC,21,Tide,21,115,0,Alive
2022,6,M. gigas,Middle,BBOC,21,Tide,21,116,0,Alive
2022,6,M. gigas,Middle,BBOC,21,Tide,21,117,0,Alive
2022,6,M. gigas,Middle,BBOC,21,Tide,21,118,0,Alive
2022,6,M. gigas,Middle,BBOC,21,Tide,21,119,0,Alive
2022,6,M. gigas,Middle,BBOC,21,Tide,21,120,0,Alive
2022,6,M. gigas,Middle,BBOC,21,Tide,21,121,0,Alive
2022,6,M. gigas,Middle,BBOC,21,Tide,21,122,0,Alive
2022,6,M. gigas,Middle,BBOC,21,Tide,21,123,0,Alive
2022,6,M. gigas,Middle,BBOC,21,Tide,21,124,0,Alive
2022,6,M. gigas,Middle,BBOC,21,Tide,21,125,0,Alive
2022,6,M. gigas,Middle,BBOC,21,Tide,21,126,0,Alive
2022,6,M. gigas,Middle,BBOC,21,Tide,21,127,0,Alive
2022,6,M. gigas,Middle,BBOC,21,Tide,21,128,0,Alive
2022,6,M. gigas,Middle,BBOC,21,Tide,21,129,0,Alive
2022,6,M. gigas,Middle,BBOC,21,Tide,21,130,0,Alive
2022,6,M. gigas,Middle,BBOC,21,Tide,21,131,0,Alive
2022,6,M. gigas,Middle,BBOC,21,Tide,21,132,0,Alive
2022,6,M. gigas,Middle,BBOC,21,Tide,21,133,0,Alive
2022,6,M. gigas,Middle,BBOC,21,Tide,21,134,0,Alive
2022,6,M. gigas,Middle,BBOC,21,Tide,21,135,0,Alive
2022,6,M. gigas,Middle,BBOC,21,Tide,21,136,0,Alive
2022,6,M. gigas,Middle,BBOC,21,Tide,21,137,0,Alive
2022,6,M. gigas,Middle,BBOC,21,Tide,21,138,0,Alive
2022,6,M. gigas,Middle,BBOC,21,Tide,21,139,0,Alive
2022,6,M. gigas,Middle,BBOC,21,Tide,21,140,0,Alive
2022,6,M. gigas,Middle,BBOC,21,Tide,21,141,0,Alive
2022,6,M. gigas,Middle,BBOC,21,Tide,21,142,0,Alive
2022,6,M. gigas,Middle,BBOC,21,Tide,21,143,0,Alive
2022,6,M. gigas,Middle,BBOC,21,Tide,21,144,0,Alive
2022,6,M. gigas,Middle,BBOC,21,Tide,21,145,0,Alive
2022,6,M. gigas,Middle,BBOC,21,Tide,21,146,0,Alive
2022,6,M. gigas,Middle,BBOC,21,Tide,21,147,0,Alive
2022,6,M. gigas,Middle,BBOC,21,Tide,21,148,0,Alive
2022,6,M. gigas,Middle,BBOC,21,Tide,21,149,0,Alive
2022,6,M. gigas,Middle,BBOC,21,Tide,21,150,0,Alive
2022,6,M. gigas,Middle,BBOC,21,Tide,21,151,0,Alive
2022,6,M. gigas,Middle,BBOC,21,Tide,21,152,0,Alive
2022,6,M. gigas,Middle,BBOC,21,Tide,21,153,0,Alive
2022,6,M. gigas,Middle,BBOC,21,Tide,21,154,0,Alive
2022,6,M. gigas,Middle,BBOC,21,Tide,21,155,0,Alive
2022,6,M. gigas,Middle,BBOC,21,Tide,21,156,0,Alive
2022,6,M. gigas,Middle,BBOC,21,Tide,21,157,0,Alive
2022,6,M. gigas,Middle,BBOC,21,Tide,21,158,0,Alive
2022,6,M. gigas,Middle,BBOC,21,Tide,21,159,0,Alive
2022,6,M. gigas,Middle,BBOC,21,Tide,21,160,0,Alive
2022,6,M. gigas,Middle,BBOC,21,Tide,21,161,0,Alive
2022,6,M. gigas,Middle,BBOC,21,Tide,21,162,0,Alive
2022,6,M. gigas,Middle,BBOC,21,Tide,21,163,0,Alive
2022,6,M. gigas,Middle,BBOC,21,Tide,21,164,0,Alive
2022,6,M. gigas,Middle,BBOC,21,Tide,21,165,0,Alive
2022,6,M. gigas,Middle,BBOC,21,Tide,21,166,0,Alive
2022,6,M. gigas,Middle,BBOC,21,Tide,21,167,0,Alive
2022,6,M. gigas,Middle,BBOC,21,Tide,21,168,0,Alive
2022,6,M. gigas,Middle,BBOC,21,Tide,21,169,0,Alive
2022,6,M. gigas,Middle,BBOC,21,Tide,21,170,0,Alive
2022,6,M. gigas,Middle,BBOC,21,Tide,21,171,0,Alive
2022,6,M. gigas,Middle,BBOC,21,Tide,21,172,0,Alive
2022,6,M. gigas,Middle,BBOC,21,Tide,21,173,0,Alive
2022,6,M. gigas,Middle,BBOC,21,Tide,21,174,0,Alive
2022,6,M. gigas,Middle,BBOC,21,Tide,21,175,0,Alive
2022,6,M. gigas,Middle,BBOC,21,Tide,21,176,0,Alive
2022,6,M. gigas,Middle,BBOC,21,Tide,21,177,0,Alive
2022,6,M. gigas,Middle,BBOC,21,Tide,21,178,0,Alive
2022,6,M. gigas,Middle,BBOC,21,Tide,21,179,0,Alive
2022,6,M. gigas,Middle,BBOC,21,Tide,21,180,0,Alive
2022,6,M. gigas,Middle,BBOC,21,Tide,21,181,0,Alive
2022,6,M. gigas,Middle,BBOC,21,Tide,21,182,0,Alive
2022,6,M. gigas,Middle,BBOC,21,Tide,21,183,0,Alive
2022,6,M. gigas,Middle,BBOC,21,Tide,21,184,0,Alive
2022,6,M. gigas,Middle,BBOC,21,Tide,21,185,0,Alive
2022,6,M. gigas,Middle,BBOC,21,Tide,21,186,0,Alive
2022,6,M. gigas,Middle,BBOC,21,Tide,21,187,0,Alive
2022,6,M. gigas,Middle,BBOC,21,Tide,21,188,0,Alive
2022,6,M. gigas,Middle,BBOC,21,Tide,21,189,0,Alive
2022,6,M. gigas,Middle,BBOC,21,Tide,21,190,0,Alive
2022,6,M. gigas,Middle,BBOC,21,Tide,21,191,0,Alive
2022,6,M. gigas,Middle,BBOC,21,Tide,21,192,0,Alive
2022,6,M. gigas,Middle,BBOC,21,Tide,21,193,0,Alive
2022,6,M. gigas,Middle,BBOC,21,Tide,21,194,0,Alive
2022,6,M. gigas,Middle,BBOC,21,Tide,21,195,0,Alive
2022,6,M. gigas,Middle,BBOC,21,Tide,21,196,0,Alive
2022,6,M. gigas,Middle,BBOC,21,Tide,21,197,0,Alive
2022,6,M. gigas,Middle,BBOC,21,Tide,21,198,0,Alive
2022,6,M. gigas,Middle,BBOC,21,Tide,21,199,0,Alive
2022,6,M. gigas,Middle,BBOC,21,Tide,21,200,0,Alive
2022,6,M. gigas,Middle,BBOC,21,Tide,21,201,0,Alive
2022,6,M. gigas,Middle,BBOC,21,Tide,21,202,0,Alive
2022,6,M. gigas,Middle,BBOC,21,Tide,21,203,0,Alive
2022,6,M. gigas,Middle,BBOC,21,Tide,21,204,0,Alive
2022,6,M. gigas,Middle,BBOC,21,Tide,21,205,0,Alive
2022,6,M. gigas,Middle,BBOC,21,Tide,21,206,0,Alive
2022,6,M. gigas,Middle,BBOC,21,Tide,21,207,0,Alive
2022,6,M. gigas,Middle,BBOC,21,Tide,21,208,0,Alive
2022,6,M. gigas,Middle,BBOC,21,Tide,21,209,0,Alive
2022,6,M. gigas,Middle,BBOC,21,Tide,21,210,0,Alive
2022,6,M. gigas,Middle,BBOC,21,Tide,21,211,0,Alive
2022,6,M. gigas,Middle,BBOC,21,Tide,21,212,0,Alive
2022,6,M. gigas,Middle,BBOC,21,Tide,21,213,0,Alive
2022,6,M. gigas,Middle,BBOC,21,Tide,21,214,0,Alive
2022,6,M. gigas,Middle,BBOC,21,Tide,21,215,0,Alive
2022,6,M. gigas,Middle,BBOC,21,Tide,21,216,0,Alive
2022,6,M. gigas,Middle,BBOC,21,Tide,21,217,0,Alive
2022,6,M. gigas,Middle,BBOC,21,Tide,21,218,0,Alive
2022,6,M. gigas,Middle,BBOC,21,Tide,21,219,0,Alive
2022,6,M. gigas,Middle,BBOC,21,Tide,21,220,0,Alive
2022,6,M. gigas,Middle,BBOC,21,Tide,21,221,0,Alive
2022,6,M. gigas,Middle,BBOC,21,Tide,21,222,0,Alive
2022,6,M. gigas,Middle,BBOC,21,Tide,21,223,0,Alive
2022,6,M. gigas,Middle,BBOC,21,Tide,21,224,0,Alive
2022,6,M. gigas,Middle,BBOC,21,Tide,21,225,0,Alive
2022,6,M. gigas,Middle,BBOC,21,Tide,21,226,0,Alive
2022,6,M. gigas,Middle,BBOC,21,Tide,21,227,0,Alive
2022,6,M. gigas,Middle,BBOC,21,Tide,21,228,0,Alive
2022,6,M. gigas,Middle,BBOC,21,Tide,21,229,0,Alive
2022,6,M. gigas,Middle,BBOC,21,Tide,21,230,0,Alive
2022,6,M. gigas,Middle,BBOC,21,Tide,21,231,0,Alive
2022,6,M. gigas,Middle,BBOC,21,Tide,21,232,0,Alive
2022,6,M. gigas,Middle,BBOC,21,Tide,21,233,0,Alive
2022,6,M. gigas,Middle,BBOC,21,Tide,21,234,0,Alive
2022,6,M. gigas,Middle,BBOC,21,Tide,21,235,0,Alive
2022,6,M. gigas,Middle,BBOC,21,Tide,21,236,0,Alive
2022,6,M. gigas,Middle,BBOC,21,Tide,21,237,0,Alive
2022,6,M. gigas,Middle,BBOC,21,Tide,21,238,0,Alive
2022,6,M. gigas,Middle,BBOC,21,Tide,21,239,0,Alive
2022,6,M. gigas,Middle,BBOC,21,Tide,21,240,0,Alive
2022,6,M. gigas,Middle,BBOC,21,Tide,21,241,0,Alive
2022,6,M. gigas,Middle,BBOC,21,Tide,21,242,0,Alive
2022,6,M. gigas,Middle,BBOC,21,Tide,21,243,0,Alive
2022,6,M. gigas,Middle,BBOC,21,Tide,21,244,0,Alive
2022,6,M. gigas,Middle,BBOC,21,Tide,21,245,0,Alive
2022,6,M. gigas,Middle,BBOC,21,Tide,21,246,0,Alive
2022,6,M. gigas,Middle,BBOC,21,Tide,21,247,0,Alive
2022,6,M. gigas,Middle,BBOC,21,Tide,21,248,0,Alive
2022,6,M. gigas,Middle,BBOC,21,Tide,21,249,0,Alive
2022,6,M. gigas,Middle,BBOC,21,Tide,21,250,0,Alive
2022,6,M. gigas,South,TBOC,21,Tide,31,1,1,Dead
2022,6,M. gigas,South,TBOC,21,Tide,31,2,1,Dead
2022,6,M. gigas,South,TBOC,21,Tide,31,3,1,Dead
2022,6,M. gigas,South,TBOC,21,Tide,31,4,1,Dead
2022,6,M. gigas,South,TBOC,21,Tide,31,5,1,Dead
2022,6,M. gigas,South,TBOC,21,Tide,31,6,1,Dead
2022,6,M. gigas,South,TBOC,21,Tide,31,7,1,Dead
2022,6,M. gigas,South,TBOC,21,Tide,31,8,1,Dead
2022,6,M. gigas,South,TBOC,21,Tide,31,9,1,Dead
2022,6,M. gigas,South,TBOC,21,Tide,31,10,1,Dead
2022,6,M. gigas,South,TBOC,21,Tide,31,11,1,Dead
2022,6,M. gigas,South,TBOC,21,Tide,31,12,1,Dead
2022,6,M. gigas,South,TBOC,21,Tide,31,13,1,Dead
2022,6,M. gigas,South,TBOC,21,Tide,31,14,0,Alive
2022,6,M. gigas,South,TBOC,21,Tide,31,15,0,Alive
2022,6,M. gigas,South,TBOC,21,Tide,31,16,0,Alive
2022,6,M. gigas,South,TBOC,21,Tide,31,17,0,Alive
2022,6,M. gigas,South,TBOC,21,Tide,31,18,0,Alive
2022,6,M. gigas,South,TBOC,21,Tide,31,19,0,Alive
2022,6,M. gigas,South,TBOC,21,Tide,31,20,0,Alive
2022,6,M. gigas,South,TBOC,21,Tide,31,21,0,Alive
2022,6,M. gigas,South,TBOC,21,Tide,31,22,0,Alive
2022,6,M. gigas,South,TBOC,21,Tide,31,23,0,Alive
2022,6,M. gigas,South,TBOC,21,Tide,31,24,0,Alive
2022,6,M. gigas,South,TBOC,21,Tide,31,25,0,Alive
2022,6,M. gigas,South,TBOC,21,Tide,31,26,0,Alive
2022,6,M. gigas,South,TBOC,21,Tide,31,27,0,Alive
2022,6,M. gigas,South,TBOC,21,Tide,31,28,0,Alive
2022,6,M. gigas,South,TBOC,21,Tide,31,29,0,Alive
2022,6,M. gigas,South,TBOC,21,Tide,31,30,0,Alive
2022,6,M. gigas,South,TBOC,21,Tide,31,31,0,Alive
2022,6,M. gigas,South,TBOC,21,Tide,31,32,0,Alive
2022,6,M. gigas,South,TBOC,21,Tide,31,33,0,Alive
2022,6,M. gigas,South,TBOC,21,Tide,31,34,0,Alive
2022,6,M. gigas,South,TBOC,21,Tide,31,35,0,Alive
2022,6,M. gigas,South,TBOC,21,Tide,31,36,0,Alive
2022,6,M. gigas,South,TBOC,21,Tide,31,37,0,Alive
2022,6,M. gigas,South,TBOC,21,Tide,31,38,0,Alive
2022,6,M. gigas,South,TBOC,21,Tide,31,39,0,Alive
2022,6,M. gigas,South,TBOC,21,Tide,31,40,0,Alive
2022,6,M. gigas,South,TBOC,21,Tide,31,41,0,Alive
2022,6,M. gigas,South,TBOC,21,Tide,31,42,0,Alive
2022,6,M. gigas,South,TBOC,21,Tide,31,43,0,Alive
2022,6,M. gigas,South,TBOC,21,Tide,31,44,0,Alive
2022,6,M. gigas,South,TBOC,21,Tide,31,45,0,Alive
2022,6,M. gigas,South,TBOC,21,Tide,31,46,0,Alive
2022,6,M. gigas,South,TBOC,21,Tide,31,47,0,Alive
2022,6,M. gigas,South,TBOC,21,Tide,31,48,0,Alive
2022,6,M. gigas,South,TBOC,21,Tide,31,49,0,Alive
2022,6,M. gigas,South,TBOC,21,Tide,31,50,0,Alive
2022,6,M. gigas,South,TBOC,21,Tide,31,51,0,Alive
2022,6,M. gigas,South,TBOC,21,Tide,31,52,0,Alive
2022,6,M. gigas,South,TBOC,21,Tide,31,53,0,Alive
2022,6,M. gigas,South,TBOC,21,Tide,31,54,0,Alive
2022,6,M. gigas,South,TBOC,21,Tide,31,55,0,Alive
2022,6,M. gigas,South,TBOC,21,Tide,31,56,0,Alive
2022,6,M. gigas,South,TBOC,21,Tide,31,57,0,Alive
2022,6,M. gigas,South,TBOC,21,Tide,31,58,0,Alive
2022,6,M. gigas,South,TBOC,21,Tide,31,59,0,Alive
2022,6,M. gigas,South,TBOC,21,Tide,31,60,0,Alive
2022,6,M. gigas,South,TBOC,21,Tide,31,61,0,Alive
2022,6,M. gigas,South,TBOC,21,Tide,31,62,0,Alive
2022,6,M. gigas,South,TBOC,21,Tide,31,63,0,Alive
2022,6,M. gigas,South,TBOC,21,Tide,31,64,0,Alive
2022,6,M. gigas,South,TBOC,21,Tide,31,65,0,Alive
2022,6,M. gigas,South,TBOC,21,Tide,31,66,0,Alive
2022,6,M. gigas,South,TBOC,21,Tide,31,67,0,Alive
2022,6,M. gigas,South,TBOC,21,Tide,31,68,0,Alive
2022,6,M. gigas,South,TBOC,21,Tide,31,69,0,Alive
2022,6,M. gigas,South,TBOC,21,Tide,31,70,0,Alive
2022,6,M. gigas,South,TBOC,21,Tide,31,71,0,Alive
2022,6,M. gigas,South,TBOC,21,Tide,31,72,0,Alive
2022,6,M. gigas,South,TBOC,21,Tide,31,73,0,Alive
2022,6,M. gigas,South,TBOC,21,Tide,31,74,0,Alive
2022,6,M. gigas,South,TBOC,21,Tide,31,75,0,Alive
2022,6,M. gigas,South,TBOC,21,Tide,31,76,0,Alive
2022,6,M. gigas,South,TBOC,21,Tide,31,77,0,Alive
2022,6,M. gigas,South,TBOC,21,Tide,31,78,0,Alive
2022,6,M. gigas,South,TBOC,21,Tide,31,79,0,Alive
2022,6,M. gigas,South,TBOC,21,Tide,31,80,0,Alive
2022,6,M. gigas,South,TBOC,21,Tide,31,81,0,Alive
2022,6,M. gigas,South,TBOC,21,Tide,31,82,0,Alive
2022,6,M. gigas,South,TBOC,21,Tide,31,83,0,Alive
2022,6,M. gigas,South,TBOC,21,Tide,31,84,0,Alive
2022,6,M. gigas,South,TBOC,21,Tide,31,85,0,Alive
2022,6,M. gigas,South,TBOC,21,Tide,31,86,0,Alive
2022,6,M. gigas,South,TBOC,21,Tide,31,87,0,Alive
2022,6,M. gigas,South,TBOC,21,Tide,31,88,0,Alive
2022,6,M. gigas,South,TBOC,21,Tide,31,89,0,Alive
2022,6,M. gigas,South,TBOC,21,Tide,31,90,0,Alive
2022,6,M. gigas,South,TBOC,21,Tide,31,91,0,Alive
2022,6,M. gigas,South,TBOC,21,Tide,31,92,0,Alive
2022,6,M. gigas,South,TBOC,21,Tide,31,93,0,Alive
2022,6,M. gigas,South,TBOC,21,Tide,31,94,0,Alive
2022,6,M. gigas,South,TBOC,21,Tide,31,95,0,Alive
2022,6,M. gigas,South,TBOC,21,Tide,31,96,0,Alive
2022,6,M. gigas,South,TBOC,21,Tide,31,97,0,Alive
2022,6,M. gigas,South,TBOC,21,Tide,31,98,0,Alive
2022,6,M. gigas,South,TBOC,21,Tide,31,99,0,Alive
2022,6,M. gigas,South,TBOC,21,Tide,31,100,0,Alive
2022,6,M. gigas,South,TBOC,21,Tide,31,101,0,Alive
2022,6,M. gigas,South,TBOC,21,Tide,31,102,0,Alive
2022,6,M. gigas,South,TBOC,21,Tide,31,103,0,Alive
2022,6,M. gigas,South,TBOC,21,Tide,31,104,0,Alive
2022,6,M. gigas,South,TBOC,21,Tide,31,105,0,Alive
2022,6,M. gigas,South,TBOC,21,Tide,31,106,0,Alive
2022,6,M. gigas,South,TBOC,21,Tide,31,107,0,Alive
2022,6,M. gigas,South,TBOC,21,Tide,31,108,0,Alive
2022,6,M. gigas,South,TBOC,21,Tide,31,109,0,Alive
2022,6,M. gigas,South,TBOC,21,Tide,31,110,0,Alive
2022,6,M. gigas,South,TBOC,21,Tide,31,111,0,Alive
2022,6,M. gigas,South,TBOC,21,Tide,31,112,0,Alive
2022,6,M. gigas,South,TBOC,21,Tide,31,113,0,Alive
2022,6,M. gigas,South,TBOC,21,Tide,31,114,0,Alive
2022,6,M. gigas,South,TBOC,21,Tide,31,115,0,Alive
2022,6,M. gigas,South,TBOC,21,Tide,31,116,0,Alive
2022,6,M. gigas,South,TBOC,21,Tide,31,117,0,Alive
2022,6,M. gigas,South,TBOC,21,Tide,31,118,0,Alive
2022,6,M. gigas,South,TBOC,21,Tide,31,119,0,Alive
2022,6,M. gigas,South,TBOC,21,Tide,31,120,0,Alive
2022,6,M. gigas,South,TBOC,21,Tide,31,121,0,Alive
2022,6,M. gigas,South,TBOC,21,Tide,31,122,0,Alive
2022,6,M. gigas,South,TBOC,21,Tide,31,123,0,Alive
2022,6,M. gigas,South,TBOC,21,Tide,31,124,0,Alive
2022,6,M. gigas,South,TBOC,21,Tide,31,125,0,Alive
2022,6,M. gigas,South,TBOC,21,Tide,31,126,0,Alive
2022,6,M. gigas,South,TBOC,21,Tide,31,127,0,Alive
2022,6,M. gigas,South,TBOC,21,Tide,31,128,0,Alive
2022,6,M. gigas,South,TBOC,21,Tide,31,129,0,Alive
2022,6,M. gigas,South,TBOC,21,Tide,31,130,0,Alive
2022,6,M. gigas,South,TBOC,21,Tide,31,131,0,Alive
2022,6,M. gigas,South,TBOC,21,Tide,31,132,0,Alive
2022,6,M. gigas,South,TBOC,21,Tide,31,133,0,Alive
2022,6,M. gigas,South,TBOC,21,Tide,31,134,0,Alive
2022,6,M. gigas,South,TBOC,21,Tide,31,135,0,Alive
2022,6,M. gigas,South,TBOC,21,Tide,31,136,0,Alive
2022,6,M. gigas,South,TBOC,21,Tide,31,137,0,Alive
2022,6,M. gigas,South,TBOC,21,Tide,31,138,0,Alive
2022,6,M. gigas,South,TBOC,21,Tide,31,139,0,Alive
2022,6,M. gigas,South,TBOC,21,Tide,31,140,0,Alive
2022,6,M. gigas,South,TBOC,21,Tide,31,141,0,Alive
2022,6,M. gigas,South,TBOC,21,Tide,31,142,0,Alive
2022,6,M. gigas,South,TBOC,21,Tide,31,143,0,Alive
2022,6,M. gigas,South,TBOC,21,Tide,31,144,0,Alive
2022,6,M. gigas,South,TBOC,21,Tide,31,145,0,Alive
2022,6,M. gigas,South,TBOC,21,Tide,31,146,0,Alive
2022,6,M. gigas,South,TBOC,21,Tide,31,147,0,Alive
2022,6,M. gigas,South,TBOC,21,Tide,31,148,0,Alive
2022,6,M. gigas,South,TBOC,21,Tide,31,149,0,Alive
2022,6,M. gigas,South,TBOC,21,Tide,31,150,0,Alive
2022,6,M. gigas,South,TBOC,21,Tide,31,151,0,Alive
2022,6,M. gigas,South,TBOC,21,Tide,31,152,0,Alive
2022,6,M. gigas,South,TBOC,21,Tide,31,153,0,Alive
2022,6,M. gigas,South,TBOC,21,Tide,31,154,0,Alive
2022,6,M. gigas,South,TBOC,21,Tide,31,155,0,Alive
2022,6,M. gigas,South,TBOC,21,Tide,31,156,0,Alive
2022,6,M. gigas,South,TBOC,21,Tide,31,157,0,Alive
2022,6,M. gigas,South,TBOC,21,Tide,31,158,0,Alive
2022,6,M. gigas,South,TBOC,21,Tide,31,159,0,Alive
2022,6,M. gigas,South,TBOC,21,Tide,31,160,0,Alive
2022,6,M. gigas,South,TBOC,21,Tide,31,161,0,Alive
2022,6,M. gigas,South,TBOC,21,Tide,31,162,0,Alive
2022,6,M. gigas,South,TBOC,21,Tide,31,163,0,Alive
2022,6,M. gigas,South,TBOC,21,Tide,31,164,0,Alive
2022,6,M. gigas,South,TBOC,21,Tide,31,165,0,Alive
2022,6,M. gigas,South,TBOC,21,Tide,31,166,0,Alive
2022,6,M. gigas,South,TBOC,21,Tide,31,167,0,Alive
2022,6,M. gigas,South,TBOC,21,Tide,31,168,0,Alive
2022,6,M. gigas,South,TBOC,21,Tide,31,169,0,Alive
2022,6,M. gigas,South,TBOC,21,Tide,31,170,0,Alive
2022,6,M. gigas,South,TBOC,21,Tide,31,171,0,Alive
2022,6,M. gigas,South,TBOC,21,Tide,31,172,0,Alive
2022,6,M. gigas,South,TBOC,21,Tide,31,173,0,Alive
2022,6,M. gigas,South,TBOC,21,Tide,31,174,0,Alive
2022,6,M. gigas,South,TBOC,21,Tide,31,175,0,Alive
2022,6,M. gigas,South,TBOC,21,Tide,31,176,0,Alive
2022,6,M. gigas,South,TBOC,21,Tide,31,177,0,Alive
2022,6,M. gigas,South,TBOC,21,Tide,31,178,0,Alive
2022,6,M. gigas,South,TBOC,21,Tide,31,179,0,Alive
2022,6,M. gigas,South,TBOC,21,Tide,31,180,0,Alive
2022,6,M. gigas,South,TBOC,21,Tide,31,181,0,Alive
2022,6,M. gigas,South,TBOC,21,Tide,31,182,0,Alive
2022,6,M. gigas,South,TBOC,21,Tide,31,183,0,Alive
2022,6,M. gigas,South,TBOC,21,Tide,31,184,0,Alive
2022,6,M. gigas,South,TBOC,21,Tide,31,185,0,Alive
2022,6,M. gigas,South,TBOC,21,Tide,31,186,0,Alive
2022,6,M. gigas,South,TBOC,21,Tide,31,187,0,Alive
2022,6,M. gigas,South,TBOC,21,Tide,31,188,0,Alive
2022,6,M. gigas,South,TBOC,21,Tide,31,189,0,Alive
2022,6,M. gigas,South,TBOC,21,Tide,31,190,0,Alive
2022,6,M. gigas,South,TBOC,21,Tide,31,191,0,Alive
2022,6,M. gigas,South,TBOC,21,Tide,31,192,0,Alive
2022,6,M. gigas,South,TBOC,21,Tide,31,193,0,Alive
2022,6,M. gigas,South,TBOC,21,Tide,31,194,0,Alive
2022,6,M. gigas,South,TBOC,21,Tide,31,195,0,Alive
2022,6,M. gigas,South,TBOC,21,Tide,31,196,0,Alive
2022,6,M. gigas,South,TBOC,21,Tide,31,197,0,Alive
2022,6,M. gigas,South,TBOC,21,Tide,31,198,0,Alive
2022,6,M. gigas,South,TBOC,21,Tide,31,199,0,Alive
2022,6,M. gigas,South,TBOC,21,Tide,31,200,0,Alive
2022,6,M. gigas,South,TBOC,21,Tide,31,201,0,Alive
2022,6,M. gigas,South,TBOC,21,Tide,31,202,0,Alive
2022,6,M. gigas,South,TBOC,21,Tide,31,203,0,Alive
2022,6,M. gigas,South,TBOC,21,Tide,31,204,0,Alive
2022,6,M. gigas,South,TBOC,21,Tide,31,205,0,Alive
2022,6,M. gigas,South,TBOC,21,Tide,31,206,0,Alive
2022,6,M. gigas,South,TBOC,21,Tide,31,207,0,Alive
2022,6,M. gigas,South,TBOC,21,Tide,31,208,0,Alive
2022,6,M. gigas,South,TBOC,21,Tide,31,209,0,Alive
2022,6,M. gigas,South,TBOC,21,Tide,31,210,0,Alive
2022,6,M. gigas,South,TBOC,21,Tide,31,211,0,Alive
2022,6,M. gigas,South,TBOC,21,Tide,31,212,0,Alive
2022,6,M. gigas,South,TBOC,21,Tide,31,213,0,Alive
2022,6,M. gigas,South,TBOC,21,Tide,31,214,0,Alive
2022,6,M. gigas,South,TBOC,21,Tide,31,215,0,Alive
2022,6,M. gigas,South,TBOC,21,Tide,31,216,0,Alive
2022,6,M. gigas,South,TBOC,21,Tide,31,217,0,Alive
2022,6,M. gigas,South,TBOC,21,Tide,31,218,0,Alive
2022,6,M. gigas,South,TBOC,21,Tide,31,219,0,Alive
2022,6,M. gigas,South,TBOC,21,Tide,31,220,0,Alive
2022,6,M. gigas,South,TBOC,21,Tide,31,221,0,Alive
2022,6,M. gigas,South,TBOC,21,Tide,31,222,0,Alive
2022,6,M. gigas,South,TBOC,21,Tide,31,223,0,Alive
2022,6,M. gigas,South,TBOC,21,Tide,31,224,0,Alive
2022,6,M. gigas,South,TBOC,21,Tide,31,225,0,Alive
2022,6,M. gigas,South,TBOC,21,Tide,31,226,0,Alive
2022,6,M. gigas,South,TBOC,21,Tide,31,227,0,Alive
2022,6,M. gigas,South,TBOC,21,Tide,31,228,0,Alive
2022,6,M. gigas,South,TBOC,21,Tide,31,229,0,Alive
2022,6,M. gigas,South,TBOC,21,Tide,31,230,0,Alive
2022,6,M. gigas,South,TBOC,21,Tide,31,231,0,Alive
2022,6,M. gigas,South,TBOC,21,Tide,31,232,0,Alive
2022,6,M. gigas,South,TBOC,21,Tide,31,233,0,Alive
2022,6,M. gigas,South,TBOC,21,Tide,31,234,0,Alive
2022,6,M. gigas,South,TBOC,21,Tide,31,235,0,Alive
2022,6,M. gigas,South,TBOC,21,Tide,31,236,0,Alive
2022,6,M. gigas,South,TBOC,21,Tide,31,237,0,Alive
2022,6,M. gigas,South,TBOC,21,Tide,31,238,0,Alive
2022,6,M. gigas,South,TBOC,21,Tide,31,239,0,Alive
2022,6,M. gigas,South,TBOC,21,Tide,31,240,0,Alive
2022,6,M. gigas,South,TBOC,21,Tide,31,241,0,Alive
2022,6,M. gigas,South,TBOC,21,Tide,31,242,0,Alive
2022,6,M. gigas,South,TBOC,21,Tide,31,243,0,Alive
2022,6,M. gigas,South,TBOC,21,Tide,31,244,0,Alive
2022,6,M. gigas,South,TBOC,21,Tide,31,245,0,Alive
2022,6,M. gigas,South,TBOC,21,Tide,31,246,0,Alive
2022,6,M. gigas,South,TBOC,21,Tide,31,247,0,Alive
2022,6,M. gigas,South,TBOC,21,Tide,31,248,0,Alive
2022,6,M. gigas,South,TBOC,21,Tide,31,249,0,Alive
2022,6,M. gigas,South,TBOC,21,Tide,31,250,0,Alive
2022,6,M. gigas,South,TBOC,21,Tide,32,1,1,Dead
2022,6,M. gigas,South,TBOC,21,Tide,32,2,1,Dead
2022,6,M. gigas,South,TBOC,21,Tide,32,3,1,Dead
2022,6,M. gigas,South,TBOC,21,Tide,32,4,1,Dead
2022,6,M. gigas,South,TBOC,21,Tide,32,5,1,Dead
2022,6,M. gigas,South,TBOC,21,Tide,32,6,1,Dead
2022,6,M. gigas,South,TBOC,21,Tide,32,7,1,Dead
2022,6,M. gigas,South,TBOC,21,Tide,32,8,1,Dead
2022,6,M. gigas,South,TBOC,21,Tide,32,9,1,Dead
2022,6,M. gigas,South,TBOC,21,Tide,32,10,1,Dead
2022,6,M. gigas,South,TBOC,21,Tide,32,11,1,Dead
2022,6,M. gigas,South,TBOC,21,Tide,32,12,1,Dead
2022,6,M. gigas,South,TBOC,21,Tide,32,13,1,Dead
2022,6,M. gigas,South,TBOC,21,Tide,32,14,1,Dead
2022,6,M. gigas,South,TBOC,21,Tide,32,15,1,Dead
2022,6,M. gigas,South,TBOC,21,Tide,32,16,1,Dead
2022,6,M. gigas,South,TBOC,21,Tide,32,17,1,Dead
2022,6,M. gigas,South,TBOC,21,Tide,32,18,1,Dead
2022,6,M. gigas,South,TBOC,21,Tide,32,19,1,Dead
2022,6,M. gigas,South,TBOC,21,Tide,32,20,1,Dead
2022,6,M. gigas,South,TBOC,21,Tide,32,21,1,Dead
2022,6,M. gigas,South,TBOC,21,Tide,32,22,1,Dead
2022,6,M. gigas,South,TBOC,21,Tide,32,23,1,Dead
2022,6,M. gigas,South,TBOC,21,Tide,32,24,1,Dead
2022,6,M. gigas,South,TBOC,21,Tide,32,25,1,Dead
2022,6,M. gigas,South,TBOC,21,Tide,32,26,1,Dead
2022,6,M. gigas,South,TBOC,21,Tide,32,27,1,Dead
2022,6,M. gigas,South,TBOC,21,Tide,32,28,1,Dead
2022,6,M. gigas,South,TBOC,21,Tide,32,29,1,Dead
2022,6,M. gigas,South,TBOC,21,Tide,32,30,1,Dead
2022,6,M. gigas,South,TBOC,21,Tide,32,31,1,Dead
2022,6,M. gigas,South,TBOC,21,Tide,32,32,0,Alive
2022,6,M. gigas,South,TBOC,21,Tide,32,33,0,Alive
2022,6,M. gigas,South,TBOC,21,Tide,32,34,0,Alive
2022,6,M. gigas,South,TBOC,21,Tide,32,35,0,Alive
2022,6,M. gigas,South,TBOC,21,Tide,32,36,0,Alive
2022,6,M. gigas,South,TBOC,21,Tide,32,37,0,Alive
2022,6,M. gigas,South,TBOC,21,Tide,32,38,0,Alive
2022,6,M. gigas,South,TBOC,21,Tide,32,39,0,Alive
2022,6,M. gigas,South,TBOC,21,Tide,32,40,0,Alive
2022,6,M. gigas,South,TBOC,21,Tide,32,41,0,Alive
2022,6,M. gigas,South,TBOC,21,Tide,32,42,0,Alive
2022,6,M. gigas,South,TBOC,21,Tide,32,43,0,Alive
2022,6,M. gigas,South,TBOC,21,Tide,32,44,0,Alive
2022,6,M. gigas,South,TBOC,21,Tide,32,45,0,Alive
2022,6,M. gigas,South,TBOC,21,Tide,32,46,0,Alive
2022,6,M. gigas,South,TBOC,21,Tide,32,47,0,Alive
2022,6,M. gigas,South,TBOC,21,Tide,32,48,0,Alive
2022,6,M. gigas,South,TBOC,21,Tide,32,49,0,Alive
2022,6,M. gigas,South,TBOC,21,Tide,32,50,0,Alive
2022,6,M. gigas,South,TBOC,21,Tide,32,51,0,Alive
2022,6,M. gigas,South,TBOC,21,Tide,32,52,0,Alive
2022,6,M. gigas,South,TBOC,21,Tide,32,53,0,Alive
2022,6,M. gigas,South,TBOC,21,Tide,32,54,0,Alive
2022,6,M. gigas,South,TBOC,21,Tide,32,55,0,Alive
2022,6,M. gigas,South,TBOC,21,Tide,32,56,0,Alive
2022,6,M. gigas,South,TBOC,21,Tide,32,57,0,Alive
2022,6,M. gigas,South,TBOC,21,Tide,32,58,0,Alive
2022,6,M. gigas,South,TBOC,21,Tide,32,59,0,Alive
2022,6,M. gigas,South,TBOC,21,Tide,32,60,0,Alive
2022,6,M. gigas,South,TBOC,21,Tide,32,61,0,Alive
2022,6,M. gigas,South,TBOC,21,Tide,32,62,0,Alive
2022,6,M. gigas,South,TBOC,21,Tide,32,63,0,Alive
2022,6,M. gigas,South,TBOC,21,Tide,32,64,0,Alive
2022,6,M. gigas,South,TBOC,21,Tide,32,65,0,Alive
2022,6,M. gigas,South,TBOC,21,Tide,32,66,0,Alive
2022,6,M. gigas,South,TBOC,21,Tide,32,67,0,Alive
2022,6,M. gigas,South,TBOC,21,Tide,32,68,0,Alive
2022,6,M. gigas,South,TBOC,21,Tide,32,69,0,Alive
2022,6,M. gigas,South,TBOC,21,Tide,32,70,0,Alive
2022,6,M. gigas,South,TBOC,21,Tide,32,71,0,Alive
2022,6,M. gigas,South,TBOC,21,Tide,32,72,0,Alive
2022,6,M. gigas,South,TBOC,21,Tide,32,73,0,Alive
2022,6,M. gigas,South,TBOC,21,Tide,32,74,0,Alive
2022,6,M. gigas,South,TBOC,21,Tide,32,75,0,Alive
2022,6,M. gigas,South,TBOC,21,Tide,32,76,0,Alive
2022,6,M. gigas,South,TBOC,21,Tide,32,77,0,Alive
2022,6,M. gigas,South,TBOC,21,Tide,32,78,0,Alive
2022,6,M. gigas,South,TBOC,21,Tide,32,79,0,Alive
2022,6,M. gigas,South,TBOC,21,Tide,32,80,0,Alive
2022,6,M. gigas,South,TBOC,21,Tide,32,81,0,Alive
2022,6,M. gigas,South,TBOC,21,Tide,32,82,0,Alive
2022,6,M. gigas,South,TBOC,21,Tide,32,83,0,Alive
2022,6,M. gigas,South,TBOC,21,Tide,32,84,0,Alive
2022,6,M. gigas,South,TBOC,21,Tide,32,85,0,Alive
2022,6,M. gigas,South,TBOC,21,Tide,32,86,0,Alive
2022,6,M. gigas,South,TBOC,21,Tide,32,87,0,Alive
2022,6,M. gigas,South,TBOC,21,Tide,32,88,0,Alive
2022,6,M. gigas,South,TBOC,21,Tide,32,89,0,Alive
2022,6,M. gigas,South,TBOC,21,Tide,32,90,0,Alive
2022,6,M. gigas,South,TBOC,21,Tide,32,91,0,Alive
2022,6,M. gigas,South,TBOC,21,Tide,32,92,0,Alive
2022,6,M. gigas,South,TBOC,21,Tide,32,93,0,Alive
2022,6,M. gigas,South,TBOC,21,Tide,32,94,0,Alive
2022,6,M. gigas,South,TBOC,21,Tide,32,95,0,Alive
2022,6,M. gigas,South,TBOC,21,Tide,32,96,0,Alive
2022,6,M. gigas,South,TBOC,21,Tide,32,97,0,Alive
2022,6,M. gigas,South,TBOC,21,Tide,32,98,0,Alive
2022,6,M. gigas,South,TBOC,21,Tide,32,99,0,Alive
2022,6,M. gigas,South,TBOC,21,Tide,32,100,0,Alive
2022,6,M. gigas,South,TBOC,21,Tide,32,101,0,Alive
2022,6,M. gigas,South,TBOC,21,Tide,32,102,0,Alive
2022,6,M. gigas,South,TBOC,21,Tide,32,103,0,Alive
2022,6,M. gigas,South,TBOC,21,Tide,32,104,0,Alive
2022,6,M. gigas,South,TBOC,21,Tide,32,105,0,Alive
2022,6,M. gigas,South,TBOC,21,Tide,32,106,0,Alive
2022,6,M. gigas,South,TBOC,21,Tide,32,107,0,Alive
2022,6,M. gigas,South,TBOC,21,Tide,32,108,0,Alive
2022,6,M. gigas,South,TBOC,21,Tide,32,109,0,Alive
2022,6,M. gigas,South,TBOC,21,Tide,32,110,0,Alive
2022,6,M. gigas,South,TBOC,21,Tide,32,111,0,Alive
2022,6,M. gigas,South,TBOC,21,Tide,32,112,0,Alive
2022,6,M. gigas,South,TBOC,21,Tide,32,113,0,Alive
2022,6,M. gigas,South,TBOC,21,Tide,32,114,0,Alive
2022,6,M. gigas,South,TBOC,21,Tide,32,115,0,Alive
2022,6,M. gigas,South,TBOC,21,Tide,32,116,0,Alive
2022,6,M. gigas,South,TBOC,21,Tide,32,117,0,Alive
2022,6,M. gigas,South,TBOC,21,Tide,32,118,0,Alive
2022,6,M. gigas,South,TBOC,21,Tide,32,119,0,Alive
2022,6,M. gigas,South,TBOC,21,Tide,32,120,0,Alive
2022,6,M. gigas,South,TBOC,21,Tide,32,121,0,Alive
2022,6,M. gigas,South,TBOC,21,Tide,32,122,0,Alive
2022,6,M. gigas,South,TBOC,21,Tide,32,123,0,Alive
2022,6,M. gigas,South,TBOC,21,Tide,32,124,0,Alive
2022,6,M. gigas,South,TBOC,21,Tide,32,125,0,Alive
2022,6,M. gigas,South,TBOC,21,Tide,32,126,0,Alive
2022,6,M. gigas,South,TBOC,21,Tide,32,127,0,Alive
2022,6,M. gigas,South,TBOC,21,Tide,32,128,0,Alive
2022,6,M. gigas,South,TBOC,21,Tide,32,129,0,Alive
2022,6,M. gigas,South,TBOC,21,Tide,32,130,0,Alive
2022,6,M. gigas,South,TBOC,21,Tide,32,131,0,Alive
2022,6,M. gigas,South,TBOC,21,Tide,32,132,0,Alive
2022,6,M. gigas,South,TBOC,21,Tide,32,133,0,Alive
2022,6,M. gigas,South,TBOC,21,Tide,32,134,0,Alive
2022,6,M. gigas,South,TBOC,21,Tide,32,135,0,Alive
2022,6,M. gigas,South,TBOC,21,Tide,32,136,0,Alive
2022,6,M. gigas,South,TBOC,21,Tide,32,137,0,Alive
2022,6,M. gigas,South,TBOC,21,Tide,32,138,0,Alive
2022,6,M. gigas,South,TBOC,21,Tide,32,139,0,Alive
2022,6,M. gigas,South,TBOC,21,Tide,32,140,0,Alive
2022,6,M. gigas,South,TBOC,21,Tide,32,141,0,Alive
2022,6,M. gigas,South,TBOC,21,Tide,32,142,0,Alive
2022,6,M. gigas,South,TBOC,21,Tide,32,143,0,Alive
2022,6,M. gigas,South,TBOC,21,Tide,32,144,0,Alive
2022,6,M. gigas,South,TBOC,21,Tide,32,145,0,Alive
2022,6,M. gigas,South,TBOC,21,Tide,32,146,0,Alive
2022,6,M. gigas,South,TBOC,21,Tide,32,147,0,Alive
2022,6,M. gigas,South,TBOC,21,Tide,32,148,0,Alive
2022,6,M. gigas,South,TBOC,21,Tide,32,149,0,Alive
2022,6,M. gigas,South,TBOC,21,Tide,32,150,0,Alive
2022,6,M. gigas,South,TBOC,21,Tide,32,151,0,Alive
2022,6,M. gigas,South,TBOC,21,Tide,32,152,0,Alive
2022,6,M. gigas,South,TBOC,21,Tide,32,153,0,Alive
2022,6,M. gigas,South,TBOC,21,Tide,32,154,0,Alive
2022,6,M. gigas,South,TBOC,21,Tide,32,155,0,Alive
2022,6,M. gigas,South,TBOC,21,Tide,32,156,0,Alive
2022,6,M. gigas,South,TBOC,21,Tide,32,157,0,Alive
2022,6,M. gigas,South,TBOC,21,Tide,32,158,0,Alive
2022,6,M. gigas,South,TBOC,21,Tide,32,159,0,Alive
2022,6,M. gigas,South,TBOC,21,Tide,32,160,0,Alive
2022,6,M. gigas,South,TBOC,21,Tide,32,161,0,Alive
2022,6,M. gigas,South,TBOC,21,Tide,32,162,0,Alive
2022,6,M. gigas,South,TBOC,21,Tide,32,163,0,Alive
2022,6,M. gigas,South,TBOC,21,Tide,32,164,0,Alive
2022,6,M. gigas,South,TBOC,21,Tide,32,165,0,Alive
2022,6,M. gigas,South,TBOC,21,Tide,32,166,0,Alive
2022,6,M. gigas,South,TBOC,21,Tide,32,167,0,Alive
2022,6,M. gigas,South,TBOC,21,Tide,32,168,0,Alive
2022,6,M. gigas,South,TBOC,21,Tide,32,169,0,Alive
2022,6,M. gigas,South,TBOC,21,Tide,32,170,0,Alive
2022,6,M. gigas,South,TBOC,21,Tide,32,171,0,Alive
2022,6,M. gigas,South,TBOC,21,Tide,32,172,0,Alive
2022,6,M. gigas,South,TBOC,21,Tide,32,173,0,Alive
2022,6,M. gigas,South,TBOC,21,Tide,32,174,0,Alive
2022,6,M. gigas,South,TBOC,21,Tide,32,175,0,Alive
2022,6,M. gigas,South,TBOC,21,Tide,32,176,0,Alive
2022,6,M. gigas,South,TBOC,21,Tide,32,177,0,Alive
2022,6,M. gigas,South,TBOC,21,Tide,32,178,0,Alive
2022,6,M. gigas,South,TBOC,21,Tide,32,179,0,Alive
2022,6,M. gigas,South,TBOC,21,Tide,32,180,0,Alive
2022,6,M. gigas,South,TBOC,21,Tide,32,181,0,Alive
2022,6,M. gigas,South,TBOC,21,Tide,32,182,0,Alive
2022,6,M. gigas,South,TBOC,21,Tide,32,183,0,Alive
2022,6,M. gigas,South,TBOC,21,Tide,32,184,0,Alive
2022,6,M. gigas,South,TBOC,21,Tide,32,185,0,Alive
2022,6,M. gigas,South,TBOC,21,Tide,32,186,0,Alive
2022,6,M. gigas,South,TBOC,21,Tide,32,187,0,Alive
2022,6,M. gigas,South,TBOC,21,Tide,32,188,0,Alive
2022,6,M. gigas,South,TBOC,21,Tide,32,189,0,Alive
2022,6,M. gigas,South,TBOC,21,Tide,32,190,0,Alive
2022,6,M. gigas,South,TBOC,21,Tide,32,191,0,Alive
2022,6,M. gigas,South,TBOC,21,Tide,32,192,0,Alive
2022,6,M. gigas,South,TBOC,21,Tide,32,193,0,Alive
2022,6,M. gigas,South,TBOC,21,Tide,32,194,0,Alive
2022,6,M. gigas,South,TBOC,21,Tide,32,195,0,Alive
2022,6,M. gigas,South,TBOC,21,Tide,32,196,0,Alive
2022,6,M. gigas,South,TBOC,21,Tide,32,197,0,Alive
2022,6,M. gigas,South,TBOC,21,Tide,32,198,0,Alive
2022,6,M. gigas,South,TBOC,21,Tide,32,199,0,Alive
2022,6,M. gigas,South,TBOC,21,Tide,32,200,0,Alive
2022,6,M. gigas,South,TBOC,21,Tide,32,201,0,Alive
2022,6,M. gigas,South,TBOC,21,Tide,32,202,0,Alive
2022,6,M. gigas,South,TBOC,21,Tide,32,203,0,Alive
2022,6,M. gigas,South,TBOC,21,Tide,32,204,0,Alive
2022,6,M. gigas,South,TBOC,21,Tide,32,205,0,Alive
2022,6,M. gigas,South,TBOC,21,Tide,32,206,0,Alive
2022,6,M. gigas,South,TBOC,21,Tide,32,207,0,Alive
2022,6,M. gigas,South,TBOC,21,Tide,32,208,0,Alive
2022,6,M. gigas,South,TBOC,21,Tide,32,209,0,Alive
2022,6,M. gigas,South,TBOC,21,Tide,32,210,0,Alive
2022,6,M. gigas,South,TBOC,21,Tide,32,211,0,Alive
2022,6,M. gigas,South,TBOC,21,Tide,32,212,0,Alive
2022,6,M. gigas,South,TBOC,21,Tide,32,213,0,Alive
2022,6,M. gigas,South,TBOC,21,Tide,32,214,0,Alive
2022,6,M. gigas,South,TBOC,21,Tide,32,215,0,Alive
2022,6,M. gigas,South,TBOC,21,Tide,32,216,0,Alive
2022,6,M. gigas,South,TBOC,21,Tide,32,217,0,Alive
2022,6,M. gigas,South,TBOC,21,Tide,32,218,0,Alive
2022,6,M. gigas,South,TBOC,21,Tide,32,219,0,Alive
2022,6,M. gigas,South,TBOC,21,Tide,32,220,0,Alive
2022,6,M. gigas,South,TBOC,21,Tide,32,221,0,Alive
2022,6,M. gigas,South,TBOC,21,Tide,32,222,0,Alive
2022,6,M. gigas,South,TBOC,21,Tide,32,223,0,Alive
2022,6,M. gigas,South,TBOC,21,Tide,32,224,0,Alive
2022,6,M. gigas,South,TBOC,21,Tide,32,225,0,Alive
2022,6,M. gigas,South,TBOC,21,Tide,32,226,0,Alive
2022,6,M. gigas,South,TBOC,21,Tide,32,227,0,Alive
2022,6,M. gigas,South,TBOC,21,Tide,32,228,0,Alive
2022,6,M. gigas,South,TBOC,21,Tide,32,229,0,Alive
2022,6,M. gigas,South,TBOC,21,Tide,32,230,0,Alive
2022,6,M. gigas,South,TBOC,21,Tide,32,231,0,Alive
2022,6,M. gigas,South,TBOC,21,Tide,32,232,0,Alive
2022,6,M. gigas,South,TBOC,21,Tide,32,233,0,Alive
2022,6,M. gigas,South,TBOC,21,Tide,32,234,0,Alive
2022,6,M. gigas,South,TBOC,21,Tide,32,235,0,Alive
2022,6,M. gigas,South,TBOC,21,Tide,32,236,0,Alive
2022,6,M. gigas,South,TBOC,21,Tide,32,237,0,Alive
2022,6,M. gigas,South,TBOC,21,Tide,32,238,0,Alive
2022,6,M. gigas,South,TBOC,21,Tide,32,239,0,Alive
2022,6,M. gigas,South,TBOC,21,Tide,32,240,0,Alive
2022,6,M. gigas,South,TBOC,21,Tide,32,241,0,Alive
2022,6,M. gigas,South,TBOC,21,Tide,32,242,0,Alive
2022,6,M. gigas,South,TBOC,21,Tide,32,243,0,Alive
2022,6,M. gigas,South,TBOC,21,Tide,32,244,0,Alive
2022,6,M. gigas,South,TBOC,21,Tide,32,245,0,Alive
2022,6,M. gigas,South,TBOC,21,Tide,32,246,0,Alive
2022,6,M. gigas,South,TBOC,21,Tide,32,247,0,Alive
2022,6,M. gigas,South,TBOC,21,Tide,32,248,0,Alive
2022,6,M. gigas,South,TBOC,21,Tide,32,249,0,Alive
2022,6,M. gigas,South,TBOC,21,Tide,32,250,0,Alive
2022,6,M. gigas,South,TBOC,21,Tide,33,1,1,Dead
2022,6,M. gigas,South,TBOC,21,Tide,33,2,1,Dead
2022,6,M. gigas,South,TBOC,21,Tide,33,3,1,Dead
2022,6,M. gigas,South,TBOC,21,Tide,33,4,1,Dead
2022,6,M. gigas,South,TBOC,21,Tide,33,5,1,Dead
2022,6,M. gigas,South,TBOC,21,Tide,33,6,1,Dead
2022,6,M. gigas,South,TBOC,21,Tide,33,7,1,Dead
2022,6,M. gigas,South,TBOC,21,Tide,33,8,1,Dead
2022,6,M. gigas,South,TBOC,21,Tide,33,9,1,Dead
2022,6,M. gigas,South,TBOC,21,Tide,33,10,1,Dead
2022,6,M. gigas,South,TBOC,21,Tide,33,11,1,Dead
2022,6,M. gigas,South,TBOC,21,Tide,33,12,1,Dead
2022,6,M. gigas,South,TBOC,21,Tide,33,13,1,Dead
2022,6,M. gigas,South,TBOC,21,Tide,33,14,1,Dead
2022,6,M. gigas,South,TBOC,21,Tide,33,15,0,Alive
2022,6,M. gigas,South,TBOC,21,Tide,33,16,0,Alive
2022,6,M. gigas,South,TBOC,21,Tide,33,17,0,Alive
2022,6,M. gigas,South,TBOC,21,Tide,33,18,0,Alive
2022,6,M. gigas,South,TBOC,21,Tide,33,19,0,Alive
2022,6,M. gigas,South,TBOC,21,Tide,33,20,0,Alive
2022,6,M. gigas,South,TBOC,21,Tide,33,21,0,Alive
2022,6,M. gigas,South,TBOC,21,Tide,33,22,0,Alive
2022,6,M. gigas,South,TBOC,21,Tide,33,23,0,Alive
2022,6,M. gigas,South,TBOC,21,Tide,33,24,0,Alive
2022,6,M. gigas,South,TBOC,21,Tide,33,25,0,Alive
2022,6,M. gigas,South,TBOC,21,Tide,33,26,0,Alive
2022,6,M. gigas,South,TBOC,21,Tide,33,27,0,Alive
2022,6,M. gigas,South,TBOC,21,Tide,33,28,0,Alive
2022,6,M. gigas,South,TBOC,21,Tide,33,29,0,Alive
2022,6,M. gigas,South,TBOC,21,Tide,33,30,0,Alive
2022,6,M. gigas,South,TBOC,21,Tide,33,31,0,Alive
2022,6,M. gigas,South,TBOC,21,Tide,33,32,0,Alive
2022,6,M. gigas,South,TBOC,21,Tide,33,33,0,Alive
2022,6,M. gigas,South,TBOC,21,Tide,33,34,0,Alive
2022,6,M. gigas,South,TBOC,21,Tide,33,35,0,Alive
2022,6,M. gigas,South,TBOC,21,Tide,33,36,0,Alive
2022,6,M. gigas,South,TBOC,21,Tide,33,37,0,Alive
2022,6,M. gigas,South,TBOC,21,Tide,33,38,0,Alive
2022,6,M. gigas,South,TBOC,21,Tide,33,39,0,Alive
2022,6,M. gigas,South,TBOC,21,Tide,33,40,0,Alive
2022,6,M. gigas,South,TBOC,21,Tide,33,41,0,Alive
2022,6,M. gigas,South,TBOC,21,Tide,33,42,0,Alive
2022,6,M. gigas,South,TBOC,21,Tide,33,43,0,Alive
2022,6,M. gigas,South,TBOC,21,Tide,33,44,0,Alive
2022,6,M. gigas,South,TBOC,21,Tide,33,45,0,Alive
2022,6,M. gigas,South,TBOC,21,Tide,33,46,0,Alive
2022,6,M. gigas,South,TBOC,21,Tide,33,47,0,Alive
2022,6,M. gigas,South,TBOC,21,Tide,33,48,0,Alive
2022,6,M. gigas,South,TBOC,21,Tide,33,49,0,Alive
2022,6,M. gigas,South,TBOC,21,Tide,33,50,0,Alive
2022,6,M. gigas,South,TBOC,21,Tide,33,51,0,Alive
2022,6,M. gigas,South,TBOC,21,Tide,33,52,0,Alive
2022,6,M. gigas,South,TBOC,21,Tide,33,53,0,Alive
2022,6,M. gigas,South,TBOC,21,Tide,33,54,0,Alive
2022,6,M. gigas,South,TBOC,21,Tide,33,55,0,Alive
2022,6,M. gigas,South,TBOC,21,Tide,33,56,0,Alive
2022,6,M. gigas,South,TBOC,21,Tide,33,57,0,Alive
2022,6,M. gigas,South,TBOC,21,Tide,33,58,0,Alive
2022,6,M. gigas,South,TBOC,21,Tide,33,59,0,Alive
2022,6,M. gigas,South,TBOC,21,Tide,33,60,0,Alive
2022,6,M. gigas,South,TBOC,21,Tide,33,61,0,Alive
2022,6,M. gigas,South,TBOC,21,Tide,33,62,0,Alive
2022,6,M. gigas,South,TBOC,21,Tide,33,63,0,Alive
2022,6,M. gigas,South,TBOC,21,Tide,33,64,0,Alive
2022,6,M. gigas,South,TBOC,21,Tide,33,65,0,Alive
2022,6,M. gigas,South,TBOC,21,Tide,33,66,0,Alive
2022,6,M. gigas,South,TBOC,21,Tide,33,67,0,Alive
2022,6,M. gigas,South,TBOC,21,Tide,33,68,0,Alive
2022,6,M. gigas,South,TBOC,21,Tide,33,69,0,Alive
2022,6,M. gigas,South,TBOC,21,Tide,33,70,0,Alive
2022,6,M. gigas,South,TBOC,21,Tide,33,71,0,Alive
2022,6,M. gigas,South,TBOC,21,Tide,33,72,0,Alive
2022,6,M. gigas,South,TBOC,21,Tide,33,73,0,Alive
2022,6,M. gigas,South,TBOC,21,Tide,33,74,0,Alive
2022,6,M. gigas,South,TBOC,21,Tide,33,75,0,Alive
2022,6,M. gigas,South,TBOC,21,Tide,33,76,0,Alive
2022,6,M. gigas,South,TBOC,21,Tide,33,77,0,Alive
2022,6,M. gigas,South,TBOC,21,Tide,33,78,0,Alive
2022,6,M. gigas,South,TBOC,21,Tide,33,79,0,Alive
2022,6,M. gigas,South,TBOC,21,Tide,33,80,0,Alive
2022,6,M. gigas,South,TBOC,21,Tide,33,81,0,Alive
2022,6,M. gigas,South,TBOC,21,Tide,33,82,0,Alive
2022,6,M. gigas,South,TBOC,21,Tide,33,83,0,Alive
2022,6,M. gigas,South,TBOC,21,Tide,33,84,0,Alive
2022,6,M. gigas,South,TBOC,21,Tide,33,85,0,Alive
2022,6,M. gigas,South,TBOC,21,Tide,33,86,0,Alive
2022,6,M. gigas,South,TBOC,21,Tide,33,87,0,Alive
2022,6,M. gigas,South,TBOC,21,Tide,33,88,0,Alive
2022,6,M. gigas,South,TBOC,21,Tide,33,89,0,Alive
2022,6,M. gigas,South,TBOC,21,Tide,33,90,0,Alive
2022,6,M. gigas,South,TBOC,21,Tide,33,91,0,Alive
2022,6,M. gigas,South,TBOC,21,Tide,33,92,0,Alive
2022,6,M. gigas,South,TBOC,21,Tide,33,93,0,Alive
2022,6,M. gigas,South,TBOC,21,Tide,33,94,0,Alive
2022,6,M. gigas,South,TBOC,21,Tide,33,95,0,Alive
2022,6,M. gigas,South,TBOC,21,Tide,33,96,0,Alive
2022,6,M. gigas,South,TBOC,21,Tide,33,97,0,Alive
2022,6,M. gigas,South,TBOC,21,Tide,33,98,0,Alive
2022,6,M. gigas,South,TBOC,21,Tide,33,99,0,Alive
2022,6,M. gigas,South,TBOC,21,Tide,33,100,0,Alive
2022,6,M. gigas,South,TBOC,21,Tide,33,101,0,Alive
2022,6,M. gigas,South,TBOC,21,Tide,33,102,0,Alive
2022,6,M. gigas,South,TBOC,21,Tide,33,103,0,Alive
2022,6,M. gigas,South,TBOC,21,Tide,33,104,0,Alive
2022,6,M. gigas,South,TBOC,21,Tide,33,105,0,Alive
2022,6,M. gigas,South,TBOC,21,Tide,33,106,0,Alive
2022,6,M. gigas,South,TBOC,21,Tide,33,107,0,Alive
2022,6,M. gigas,South,TBOC,21,Tide,33,108,0,Alive
2022,6,M. gigas,South,TBOC,21,Tide,33,109,0,Alive
2022,6,M. gigas,South,TBOC,21,Tide,33,110,0,Alive
2022,6,M. gigas,South,TBOC,21,Tide,33,111,0,Alive
2022,6,M. gigas,South,TBOC,21,Tide,33,112,0,Alive
2022,6,M. gigas,South,TBOC,21,Tide,33,113,0,Alive
2022,6,M. gigas,South,TBOC,21,Tide,33,114,0,Alive
2022,6,M. gigas,South,TBOC,21,Tide,33,115,0,Alive
2022,6,M. gigas,South,TBOC,21,Tide,33,116,0,Alive
2022,6,M. gigas,South,TBOC,21,Tide,33,117,0,Alive
2022,6,M. gigas,South,TBOC,21,Tide,33,118,0,Alive
2022,6,M. gigas,South,TBOC,21,Tide,33,119,0,Alive
2022,6,M. gigas,South,TBOC,21,Tide,33,120,0,Alive
2022,6,M. gigas,South,TBOC,21,Tide,33,121,0,Alive
2022,6,M. gigas,South,TBOC,21,Tide,33,122,0,Alive
2022,6,M. gigas,South,TBOC,21,Tide,33,123,0,Alive
2022,6,M. gigas,South,TBOC,21,Tide,33,124,0,Alive
2022,6,M. gigas,South,TBOC,21,Tide,33,125,0,Alive
2022,6,M. gigas,South,TBOC,21,Tide,33,126,0,Alive
2022,6,M. gigas,South,TBOC,21,Tide,33,127,0,Alive
2022,6,M. gigas,South,TBOC,21,Tide,33,128,0,Alive
2022,6,M. gigas,South,TBOC,21,Tide,33,129,0,Alive
2022,6,M. gigas,South,TBOC,21,Tide,33,130,0,Alive
2022,6,M. gigas,South,TBOC,21,Tide,33,131,0,Alive
2022,6,M. gigas,South,TBOC,21,Tide,33,132,0,Alive
2022,6,M. gigas,South,TBOC,21,Tide,33,133,0,Alive
2022,6,M. gigas,South,TBOC,21,Tide,33,134,0,Alive
2022,6,M. gigas,South,TBOC,21,Tide,33,135,0,Alive
2022,6,M. gigas,South,TBOC,21,Tide,33,136,0,Alive
2022,6,M. gigas,South,TBOC,21,Tide,33,137,0,Alive
2022,6,M. gigas,South,TBOC,21,Tide,33,138,0,Alive
2022,6,M. gigas,South,TBOC,21,Tide,33,139,0,Alive
2022,6,M. gigas,South,TBOC,21,Tide,33,140,0,Alive
2022,6,M. gigas,South,TBOC,21,Tide,33,141,0,Alive
2022,6,M. gigas,South,TBOC,21,Tide,33,142,0,Alive
2022,6,M. gigas,South,TBOC,21,Tide,33,143,0,Alive
2022,6,M. gigas,South,TBOC,21,Tide,33,144,0,Alive
2022,6,M. gigas,South,TBOC,21,Tide,33,145,0,Alive
2022,6,M. gigas,South,TBOC,21,Tide,33,146,0,Alive
2022,6,M. gigas,South,TBOC,21,Tide,33,147,0,Alive
2022,6,M. gigas,South,TBOC,21,Tide,33,148,0,Alive
2022,6,M. gigas,South,TBOC,21,Tide,33,149,0,Alive
2022,6,M. gigas,South,TBOC,21,Tide,33,150,0,Alive
2022,6,M. gigas,South,TBOC,21,Tide,33,151,0,Alive
2022,6,M. gigas,South,TBOC,21,Tide,33,152,0,Alive
2022,6,M. gigas,South,TBOC,21,Tide,33,153,0,Alive
2022,6,M. gigas,South,TBOC,21,Tide,33,154,0,Alive
2022,6,M. gigas,South,TBOC,21,Tide,33,155,0,Alive
2022,6,M. gigas,South,TBOC,21,Tide,33,156,0,Alive
2022,6,M. gigas,South,TBOC,21,Tide,33,157,0,Alive
2022,6,M. gigas,South,TBOC,21,Tide,33,158,0,Alive
2022,6,M. gigas,South,TBOC,21,Tide,33,159,0,Alive
2022,6,M. gigas,South,TBOC,21,Tide,33,160,0,Alive
2022,6,M. gigas,South,TBOC,21,Tide,33,161,0,Alive
2022,6,M. gigas,South,TBOC,21,Tide,33,162,0,Alive
2022,6,M. gigas,South,TBOC,21,Tide,33,163,0,Alive
2022,6,M. gigas,South,TBOC,21,Tide,33,164,0,Alive
2022,6,M. gigas,South,TBOC,21,Tide,33,165,0,Alive
2022,6,M. gigas,South,TBOC,21,Tide,33,166,0,Alive
2022,6,M. gigas,South,TBOC,21,Tide,33,167,0,Alive
2022,6,M. gigas,South,TBOC,21,Tide,33,168,0,Alive
2022,6,M. gigas,South,TBOC,21,Tide,33,169,0,Alive
2022,6,M. gigas,South,TBOC,21,Tide,33,170,0,Alive
2022,6,M. gigas,South,TBOC,21,Tide,33,171,0,Alive
2022,6,M. gigas,South,TBOC,21,Tide,33,172,0,Alive
2022,6,M. gigas,South,TBOC,21,Tide,33,173,0,Alive
2022,6,M. gigas,South,TBOC,21,Tide,33,174,0,Alive
2022,6,M. gigas,South,TBOC,21,Tide,33,175,0,Alive
2022,6,M. gigas,South,TBOC,21,Tide,33,176,0,Alive
2022,6,M. gigas,South,TBOC,21,Tide,33,177,0,Alive
2022,6,M. gigas,South,TBOC,21,Tide,33,178,0,Alive
2022,6,M. gigas,South,TBOC,21,Tide,33,179,0,Alive
2022,6,M. gigas,South,TBOC,21,Tide,33,180,0,Alive
2022,6,M. gigas,South,TBOC,21,Tide,33,181,0,Alive
2022,6,M. gigas,South,TBOC,21,Tide,33,182,0,Alive
2022,6,M. gigas,South,TBOC,21,Tide,33,183,0,Alive
2022,6,M. gigas,South,TBOC,21,Tide,33,184,0,Alive
2022,6,M. gigas,South,TBOC,21,Tide,33,185,0,Alive
2022,6,M. gigas,South,TBOC,21,Tide,33,186,0,Alive
2022,6,M. gigas,South,TBOC,21,Tide,33,187,0,Alive
2022,6,M. gigas,South,TBOC,21,Tide,33,188,0,Alive
2022,6,M. gigas,South,TBOC,21,Tide,33,189,0,Alive
2022,6,M. gigas,South,TBOC,21,Tide,33,190,0,Alive
2022,6,M. gigas,South,TBOC,21,Tide,33,191,0,Alive
2022,6,M. gigas,South,TBOC,21,Tide,33,192,0,Alive
2022,6,M. gigas,South,TBOC,21,Tide,33,193,0,Alive
2022,6,M. gigas,South,TBOC,21,Tide,33,194,0,Alive
2022,6,M. gigas,South,TBOC,21,Tide,33,195,0,Alive
2022,6,M. gigas,South,TBOC,21,Tide,33,196,0,Alive
2022,6,M. gigas,South,TBOC,21,Tide,33,197,0,Alive
2022,6,M. gigas,South,TBOC,21,Tide,33,198,0,Alive
2022,6,M. gigas,South,TBOC,21,Tide,33,199,0,Alive
2022,6,M. gigas,South,TBOC,21,Tide,33,200,0,Alive
2022,6,M. gigas,South,TBOC,21,Tide,33,201,0,Alive
2022,6,M. gigas,South,TBOC,21,Tide,33,202,0,Alive
2022,6,M. gigas,South,TBOC,21,Tide,33,203,0,Alive
2022,6,M. gigas,South,TBOC,21,Tide,33,204,0,Alive
2022,6,M. gigas,South,TBOC,21,Tide,33,205,0,Alive
2022,6,M. gigas,South,TBOC,21,Tide,33,206,0,Alive
2022,6,M. gigas,South,TBOC,21,Tide,33,207,0,Alive
2022,6,M. gigas,South,TBOC,21,Tide,33,208,0,Alive
2022,6,M. gigas,South,TBOC,21,Tide,33,209,0,Alive
2022,6,M. gigas,South,TBOC,21,Tide,33,210,0,Alive
2022,6,M. gigas,South,TBOC,21,Tide,33,211,0,Alive
2022,6,M. gigas,South,TBOC,21,Tide,33,212,0,Alive
2022,6,M. gigas,South,TBOC,21,Tide,33,213,0,Alive
2022,6,M. gigas,South,TBOC,21,Tide,33,214,0,Alive
2022,6,M. gigas,South,TBOC,21,Tide,33,215,0,Alive
2022,6,M. gigas,South,TBOC,21,Tide,33,216,0,Alive
2022,6,M. gigas,South,TBOC,21,Tide,33,217,0,Alive
2022,6,M. gigas,South,TBOC,21,Tide,33,218,0,Alive
2022,6,M. gigas,South,TBOC,21,Tide,33,219,0,Alive
2022,6,M. gigas,South,TBOC,21,Tide,33,220,0,Alive
2022,6,M. gigas,South,TBOC,21,Tide,33,221,0,Alive
2022,6,M. gigas,South,TBOC,21,Tide,33,222,0,Alive
2022,6,M. gigas,South,TBOC,21,Tide,33,223,0,Alive
2022,6,M. gigas,South,TBOC,21,Tide,33,224,0,Alive
2022,6,M. gigas,South,TBOC,21,Tide,33,225,0,Alive
2022,6,M. gigas,South,TBOC,21,Tide,33,226,0,Alive
2022,6,M. gigas,South,TBOC,21,Tide,33,227,0,Alive
2022,6,M. gigas,South,TBOC,21,Tide,33,228,0,Alive
2022,6,M. gigas,South,TBOC,21,Tide,33,229,0,Alive
2022,6,M. gigas,South,TBOC,21,Tide,33,230,0,Alive
2022,6,M. gigas,South,TBOC,21,Tide,33,231,0,Alive
2022,6,M. gigas,South,TBOC,21,Tide,33,232,0,Alive
2022,6,M. gigas,South,TBOC,21,Tide,33,233,0,Alive
2022,6,M. gigas,South,TBOC,21,Tide,33,234,0,Alive
2022,6,M. gigas,South,TBOC,21,Tide,33,235,0,Alive
2022,6,M. gigas,South,TBOC,21,Tide,33,236,0,Alive
2022,6,M. gigas,South,TBOC,21,Tide,33,237,0,Alive
2022,6,M. gigas,South,TBOC,21,Tide,33,238,0,Alive
2022,6,M. gigas,South,TBOC,21,Tide,33,239,0,Alive
2022,6,M. gigas,South,TBOC,21,Tide,33,240,0,Alive
2022,6,M. gigas,South,TBOC,21,Tide,33,241,0,Alive
2022,6,M. gigas,South,TBOC,21,Tide,33,242,0,Alive
2022,6,M. gigas,South,TBOC,21,Tide,33,243,0,Alive
2022,6,M. gigas,South,TBOC,21,Tide,33,244,0,Alive
2022,6,M. gigas,South,TBOC,21,Tide,33,245,0,Alive
2022,6,M. gigas,South,TBOC,21,Tide,33,246,0,Alive
2022,6,M. gigas,South,TBOC,21,Tide,33,247,0,Alive
2022,6,M. gigas,South,TBOC,21,Tide,33,248,0,Alive
2022,6,M. gigas,South,TBOC,21,Tide,33,249,0,Alive
2022,6,M. gigas,South,TBOC,21,Tide,33,250,0,Alive
