#,Date-Time (PST),Ch: 1 - Temperature   (°C),Ch: 2 - Light   (lux),Host Connected,End of File
1,07/10/2021 22:43:51,20.80,0.85,,
2,07/10/2021 22:45:47,,,Logged,
3,07/10/2021 22:53:51,20.76,1.07,,
4,07/10/2021 23:03:51,20.72,1.07,,
5,07/10/2021 23:13:51,20.63,1.07,,
6,07/10/2021 23:23:51,20.46,1.07,,
7,07/10/2021 23:33:51,20.29,1.07,,
8,07/10/2021 23:43:51,20.25,1.07,,
9,07/10/2021 23:53:51,20.16,1.07,,
10,07/11/2021 00:03:51,20.12,1.07,,
11,07/11/2021 00:13:51,20.03,1.07,,
12,07/11/2021 00:23:51,19.99,1.07,,
13,07/11/2021 00:33:51,19.99,1.07,,
14,07/11/2021 00:43:51,19.90,1.07,,
15,07/11/2021 00:53:51,19.90,1.07,,
16,07/11/2021 01:03:51,19.86,0.85,,
17,07/11/2021 01:13:51,19.82,1.07,,
18,07/11/2021 01:23:51,19.77,0.85,,
19,07/11/2021 01:33:51,19.77,0.85,,
20,07/11/2021 01:43:51,19.73,0.85,,
21,07/11/2021 01:53:51,19.73,0.85,,
22,07/11/2021 02:03:51,19.65,0.85,,
23,07/11/2021 02:13:51,19.60,0.85,,
24,07/11/2021 02:23:51,19.52,1.07,,
25,07/11/2021 02:33:51,19.52,0.00,,
26,07/11/2021 02:43:51,19.47,0.00,,
27,07/11/2021 02:53:51,19.43,0.00,,
28,07/11/2021 03:03:51,19.39,0.00,,
29,07/11/2021 03:13:51,19.30,0.00,,
30,07/11/2021 03:23:51,19.26,0.00,,
31,07/11/2021 03:33:51,19.26,0.00,,
32,07/11/2021 03:43:51,19.17,0.00,,
33,07/11/2021 03:53:51,19.22,0.00,,
34,07/11/2021 04:03:51,19.13,0.00,,
35,07/11/2021 04:13:51,19.13,0.00,,
36,07/11/2021 04:23:51,19.13,0.00,,
37,07/11/2021 04:33:51,19.05,0.00,,
38,07/11/2021 04:43:51,19.00,0.00,,
39,07/11/2021 04:53:51,19.00,0.00,,
40,07/11/2021 05:03:51,19.00,0.00,,
41,07/11/2021 05:13:51,18.96,0.00,,
42,07/11/2021 05:23:51,18.96,0.00,,
43,07/11/2021 05:33:51,18.96,0.00,,
44,07/11/2021 05:43:51,18.92,0.00,,
45,07/11/2021 05:53:51,18.87,0.00,,
46,07/11/2021 06:03:51,18.87,0.00,,
47,07/11/2021 06:13:51,18.83,0.00,,
48,07/11/2021 06:23:51,18.79,0.00,,
49,07/11/2021 06:33:51,18.79,0.00,,
50,07/11/2021 06:43:51,18.74,0.00,,
51,07/11/2021 06:53:51,18.74,0.00,,
52,07/11/2021 07:03:51,18.74,0.21,,
53,07/11/2021 07:13:51,18.79,0.21,,
54,07/11/2021 07:23:51,18.79,0.42,,
55,07/11/2021 07:33:51,18.79,0.42,,
56,07/11/2021 07:43:51,18.74,0.85,,
57,07/11/2021 07:53:51,18.74,1.07,,
58,07/11/2021 08:03:51,18.74,1.28,,
59,07/11/2021 08:13:51,18.74,1.49,,
60,07/11/2021 08:23:51,18.74,1.71,,
61,07/11/2021 08:33:51,18.74,2.14,,
62,07/11/2021 08:43:51,18.74,2.78,,
63,07/11/2021 08:53:51,18.79,4.06,,
64,07/11/2021 09:03:51,18.87,3.42,,
65,07/11/2021 09:13:51,18.87,4.06,,
66,07/11/2021 09:23:51,18.96,4.49,,
67,07/11/2021 09:33:51,19.00,4.70,,
68,07/11/2021 09:43:51,19.13,5.56,,
69,07/11/2021 09:53:51,19.22,5.77,,
70,07/11/2021 10:03:51,19.26,5.35,,
71,07/11/2021 10:13:51,19.30,2.14,,
72,07/11/2021 10:23:51,18.53,8.98,,
73,07/11/2021 10:33:51,18.53,8.98,,
74,07/11/2021 10:43:51,18.74,12.22,,
75,07/11/2021 10:53:51,19.09,10.48,,
76,07/11/2021 11:03:51,19.56,9.63,,
77,07/11/2021 11:13:51,20.12,8.34,,
78,07/11/2021 11:23:51,20.68,6.20,,
79,07/11/2021 11:33:51,21.19,5.99,,
80,07/11/2021 11:43:51,21.70,7.91,,
81,07/11/2021 11:53:51,22.35,8.34,,
82,07/11/2021 12:03:51,22.99,7.06,,
83,07/11/2021 12:13:51,23.68,6.84,,
84,07/11/2021 12:23:51,24.24,6.84,,
85,07/11/2021 12:33:51,24.71,7.70,,
86,07/11/2021 12:43:51,25.14,12.86,,
87,07/11/2021 12:53:51,25.44,16.96,,
88,07/11/2021 13:03:51,25.69,17.38,,
89,07/11/2021 13:13:51,25.95,16.29,,
90,07/11/2021 13:23:51,26.25,15.67,,
91,07/11/2021 13:33:51,26.60,15.24,,
92,07/11/2021 13:43:51,26.94,15.46,,
93,07/11/2021 13:53:51,27.28,15.03,,
94,07/11/2021 14:03:51,27.58,15.46,,
95,07/11/2021 14:13:51,27.84,16.74,,
96,07/11/2021 14:23:51,28.05,15.89,,
97,07/11/2021 14:33:51,28.18,15.46,,
98,07/11/2021 14:43:51,28.27,16.10,,
99,07/11/2021 14:53:51,28.27,16.10,,
100,07/11/2021 15:03:51,28.35,17.38,,
101,07/11/2021 15:13:51,28.35,16.31,,
102,07/11/2021 15:23:51,28.40,15.67,,
103,07/11/2021 15:33:51,28.44,15.46,,
104,07/11/2021 15:43:51,28.44,13.93,,
105,07/11/2021 15:53:51,28.48,13.29,,
106,07/11/2021 16:03:51,28.53,14.15,,
107,07/11/2021 16:13:51,28.61,9.84,,
108,07/11/2021 16:23:51,28.57,11.12,,
109,07/11/2021 16:33:51,28.61,10.48,,
110,07/11/2021 16:43:51,28.57,10.27,,
111,07/11/2021 16:53:51,28.61,10.48,,
112,07/11/2021 17:03:51,28.61,10.48,,
113,07/11/2021 17:13:51,28.53,10.27,,
114,07/11/2021 17:23:51,28.53,10.27,,
115,07/11/2021 17:33:51,28.48,9.20,,
116,07/11/2021 17:43:51,28.40,10.05,,
117,07/11/2021 17:53:51,28.35,9.22,,
118,07/11/2021 18:03:51,28.27,9.20,,
119,07/11/2021 18:13:51,28.10,42.10,,
120,07/11/2021 18:23:51,28.01,42.16,,
121,07/11/2021 18:33:51,27.88,28.30,,
122,07/11/2021 18:43:51,27.75,33.49,,
123,07/11/2021 18:53:51,27.63,11.12,,
124,07/11/2021 19:03:51,27.37,10.70,,
125,07/11/2021 19:13:51,27.11,9.41,,
126,07/11/2021 19:23:51,26.81,7.49,,
127,07/11/2021 19:33:51,26.38,6.42,,
128,07/11/2021 19:43:51,25.95,5.56,,
129,07/11/2021 19:53:51,25.48,4.49,,
130,07/11/2021 20:03:51,24.97,3.42,,
131,07/11/2021 20:13:51,24.45,2.35,,
132,07/11/2021 20:23:51,23.85,1.28,,
133,07/11/2021 20:33:51,23.29,0.42,,
134,07/11/2021 20:43:51,22.69,0.00,,
135,07/11/2021 20:53:51,22.09,0.00,,
136,07/11/2021 21:03:51,21.58,0.00,,
137,07/11/2021 21:13:51,21.02,0.00,,
138,07/11/2021 21:23:51,20.50,0.00,,
139,07/11/2021 21:33:51,19.99,0.00,,
140,07/11/2021 21:43:51,19.52,0.00,,
141,07/11/2021 21:53:51,19.05,0.00,,
142,07/11/2021 22:03:51,18.62,0.00,,
143,07/11/2021 22:13:51,18.23,0.00,,
144,07/11/2021 22:23:51,17.89,0.00,,
145,07/11/2021 22:33:51,17.54,0.00,,
146,07/11/2021 22:43:51,17.24,0.00,,
147,07/11/2021 22:53:51,16.94,0.00,,
148,07/11/2021 23:03:51,16.73,0.00,,
149,07/11/2021 23:13:51,16.43,0.00,,
150,07/11/2021 23:23:51,16.17,0.00,,
151,07/11/2021 23:33:51,15.91,0.00,,
152,07/11/2021 23:43:51,15.70,0.00,,
153,07/11/2021 23:53:51,15.48,0.00,,
154,07/12/2021 00:03:51,15.27,0.00,,
155,07/12/2021 00:13:51,15.06,0.00,,
156,07/12/2021 00:23:51,14.88,0.00,,
157,07/12/2021 00:33:51,14.71,0.00,,
158,07/12/2021 00:43:51,14.50,0.00,,
159,07/12/2021 00:53:51,14.37,0.00,,
160,07/12/2021 01:03:51,14.24,0.00,,
161,07/12/2021 01:13:51,14.07,0.00,,
162,07/12/2021 01:23:51,13.98,0.00,,
163,07/12/2021 01:33:51,13.85,0.00,,
164,07/12/2021 01:43:51,13.73,0.00,,
165,07/12/2021 01:53:51,13.64,0.00,,
166,07/12/2021 02:03:51,13.51,0.00,,
167,07/12/2021 02:13:51,13.43,0.00,,
168,07/12/2021 02:23:51,13.34,0.00,,
169,07/12/2021 02:33:51,13.25,0.00,,
170,07/12/2021 02:43:51,13.17,0.00,,
171,07/12/2021 02:53:51,13.12,0.00,,
172,07/12/2021 03:03:51,13.04,0.00,,
173,07/12/2021 03:13:51,13.00,0.00,,
174,07/12/2021 03:23:51,12.95,0.00,,
175,07/12/2021 03:33:51,12.87,0.00,,
176,07/12/2021 03:43:51,12.78,0.00,,
177,07/12/2021 03:53:51,12.74,0.00,,
178,07/12/2021 04:03:51,12.70,0.00,,
179,07/12/2021 04:13:51,12.65,0.00,,
180,07/12/2021 04:23:51,12.61,0.00,,
181,07/12/2021 04:33:51,12.48,0.00,,
182,07/12/2021 04:43:51,12.52,0.00,,
183,07/12/2021 04:53:51,12.48,0.00,,
184,07/12/2021 05:03:51,12.52,0.00,,
185,07/12/2021 05:13:51,12.52,0.00,,
186,07/12/2021 05:23:51,12.61,0.00,,
187,07/12/2021 05:33:51,12.57,0.00,,
188,07/12/2021 05:43:51,12.57,0.00,,
189,07/12/2021 05:53:51,12.70,0.00,,
190,07/12/2021 06:03:51,12.87,0.64,,
191,07/12/2021 06:13:51,13.21,0.21,,
192,07/12/2021 06:23:51,13.64,0.64,,
193,07/12/2021 06:33:51,14.07,1.07,,
194,07/12/2021 06:43:51,14.37,2.35,,
195,07/12/2021 06:53:51,14.67,5.35,,
196,07/12/2021 07:03:51,14.80,5.13,,
197,07/12/2021 07:13:51,14.84,59.44,,
198,07/12/2021 07:23:51,14.33,84.40,,
199,07/12/2021 07:33:51,13.38,118.88,,
200,07/12/2021 07:43:51,12.05,239.68,,
201,07/12/2021 07:53:51,10.85,341.92,,
202,07/12/2021 08:03:51,10.68,399.68,,
203,07/12/2021 08:13:51,10.77,430.56,,
204,07/12/2021 08:23:51,10.81,487.52,,
205,07/12/2021 08:33:51,10.85,475.52,,
206,07/12/2021 08:43:51,10.98,542.72,,
207,07/12/2021 08:53:51,11.07,613.28,,
208,07/12/2021 09:03:51,11.19,624.48,,
209,07/12/2021 09:13:51,11.24,692.80,,
210,07/12/2021 09:23:51,11.37,774.72,,
211,07/12/2021 09:33:51,11.28,860.48,,
212,07/12/2021 09:43:51,11.41,979.20,,
213,07/12/2021 09:53:51,11.49,986.88,,
214,07/12/2021 10:03:51,11.67,997.12,,
215,07/12/2021 10:13:51,11.75,980.16,,
216,07/12/2021 10:23:51,11.75,1146.88,,
217,07/12/2021 10:33:51,11.88,1279.68,,
218,07/12/2021 10:43:51,12.05,1357.44,,
219,07/12/2021 10:53:51,12.31,1521.92,,
220,07/12/2021 11:03:51,12.52,1642.24,,
221,07/12/2021 11:13:51,12.70,1435.52,,
222,07/12/2021 11:23:51,12.70,1454.72,,
223,07/12/2021 11:33:51,12.44,1559.68,,
224,07/12/2021 11:43:51,12.35,1631.36,,
225,07/12/2021 11:53:51,12.31,1834.88,,
226,07/12/2021 12:03:51,12.31,1715.84,,
227,07/12/2021 12:13:51,12.35,1722.24,,
228,07/12/2021 12:23:51,12.27,1855.36,,
229,07/12/2021 12:33:51,12.10,1701.76,,
230,07/12/2021 12:43:51,12.01,1608.96,,
231,07/12/2021 12:53:51,11.79,1728.00,,
232,07/12/2021 13:03:51,11.88,1728.00,,
233,07/12/2021 13:13:51,12.05,1826.56,,
234,07/12/2021 13:23:51,12.01,1771.52,,
235,07/12/2021 13:33:51,12.18,1843.84,,
236,07/12/2021 13:43:51,12.14,1848.96,,
237,07/12/2021 13:53:51,12.05,1715.84,,
238,07/12/2021 14:03:51,12.05,1647.36,,
239,07/12/2021 14:13:51,12.05,1610.88,,
240,07/12/2021 14:23:51,11.79,1585.28,,
241,07/12/2021 14:33:51,12.05,1633.28,,
242,07/12/2021 14:43:51,12.14,1603.20,,
243,07/12/2021 14:53:51,12.31,1514.24,,
244,07/12/2021 15:03:51,12.18,1552.64,,
245,07/12/2021 15:13:51,12.27,1663.36,,
246,07/12/2021 15:23:51,12.35,1701.76,,
247,07/12/2021 15:33:51,12.48,1888.00,,
248,07/12/2021 15:43:51,12.48,1966.72,,
249,07/12/2021 15:53:51,12.40,1697.92,,
250,07/12/2021 16:03:51,12.44,2035.20,,
251,07/12/2021 16:13:51,12.52,1735.04,,
252,07/12/2021 16:23:51,12.40,1616.00,,
253,07/12/2021 16:33:51,12.35,1502.72,,
254,07/12/2021 16:43:51,12.40,1528.32,,
255,07/12/2021 16:53:51,12.44,1410.56,,
256,07/12/2021 17:03:51,12.31,1354.88,,
257,07/12/2021 17:13:51,12.40,1117.76,,
258,07/12/2021 17:23:51,12.44,1080.32,,
259,07/12/2021 17:33:51,12.35,972.48,,
260,07/12/2021 17:43:51,12.44,882.56,,
261,07/12/2021 17:53:51,12.44,772.16,,
262,07/12/2021 18:03:51,12.44,663.68,,
263,07/12/2021 18:13:51,12.27,564.00,,
264,07/12/2021 18:23:51,12.35,513.92,,
265,07/12/2021 18:33:51,12.35,429.60,,
266,07/12/2021 18:43:51,12.35,391.20,,
267,07/12/2021 18:53:51,12.22,341.12,,
268,07/12/2021 19:03:51,12.27,279.04,,
269,07/12/2021 19:13:51,12.14,216.96,,
270,07/12/2021 19:23:51,12.18,176.56,,
271,07/12/2021 19:33:51,12.18,145.40,,
272,07/12/2021 19:43:51,12.18,130.84,,
273,07/12/2021 19:53:51,12.22,100.68,,
274,07/12/2021 20:03:51,12.14,74.04,,
275,07/12/2021 20:13:51,11.97,53.34,,
276,07/12/2021 20:23:51,12.05,30.06,,
277,07/12/2021 20:33:51,11.97,11.79,,
278,07/12/2021 20:43:51,11.84,3.21,,
279,07/12/2021 20:53:51,11.84,0.21,,
280,07/12/2021 21:03:51,11.79,0.00,,
281,07/12/2021 21:13:51,11.84,0.00,,
282,07/12/2021 21:23:51,11.71,0.00,,
283,07/12/2021 21:33:51,11.67,0.00,,
284,07/12/2021 21:43:51,11.71,0.00,,
285,07/12/2021 21:53:51,11.58,0.00,,
286,07/12/2021 22:03:51,11.45,0.00,,
287,07/12/2021 22:13:51,11.37,0.00,,
288,07/12/2021 22:23:51,11.32,0.00,,
289,07/12/2021 22:33:51,11.24,0.00,,
290,07/12/2021 22:43:51,11.28,0.00,,
291,07/12/2021 22:53:51,11.28,0.00,,
292,07/12/2021 23:03:51,11.24,0.00,,
293,07/12/2021 23:13:51,11.15,0.00,,
294,07/12/2021 23:23:51,11.11,0.00,,
295,07/12/2021 23:33:51,11.28,0.00,,
296,07/12/2021 23:43:51,11.45,0.00,,
297,07/12/2021 23:53:51,11.45,0.00,,
298,07/13/2021 00:03:51,11.37,0.00,,
299,07/13/2021 00:13:51,11.49,0.00,,
300,07/13/2021 00:23:51,11.49,0.00,,
301,07/13/2021 00:33:51,11.49,0.00,,
302,07/13/2021 00:43:51,11.45,0.00,,
303,07/13/2021 00:53:51,11.37,0.00,,
304,07/13/2021 01:03:51,11.49,0.00,,
305,07/13/2021 01:13:51,11.41,0.00,,
306,07/13/2021 01:23:51,11.28,0.00,,
307,07/13/2021 01:33:51,11.45,0.00,,
308,07/13/2021 01:43:51,11.41,0.00,,
309,07/13/2021 01:53:51,11.45,0.00,,
310,07/13/2021 02:03:51,11.41,0.00,,
311,07/13/2021 02:13:51,11.32,0.00,,
312,07/13/2021 02:23:51,11.45,0.00,,
313,07/13/2021 02:33:51,11.49,0.00,,
314,07/13/2021 02:43:51,11.49,0.00,,
315,07/13/2021 02:53:51,11.62,0.00,,
316,07/13/2021 03:03:51,11.58,0.00,,
317,07/13/2021 03:13:51,11.45,0.00,,
318,07/13/2021 03:23:51,11.67,0.00,,
319,07/13/2021 03:33:51,11.49,0.00,,
320,07/13/2021 03:43:51,11.28,0.00,,
321,07/13/2021 03:53:51,11.32,0.00,,
322,07/13/2021 04:03:51,11.07,0.00,,
323,07/13/2021 04:13:51,11.07,0.00,,
324,07/13/2021 04:23:51,10.98,0.00,,
325,07/13/2021 04:33:51,10.94,0.00,,
326,07/13/2021 04:43:51,10.85,0.00,,
327,07/13/2021 04:53:51,10.98,0.00,,
328,07/13/2021 05:03:51,10.94,0.00,,
329,07/13/2021 05:13:51,11.02,0.00,,
330,07/13/2021 05:23:51,11.11,0.00,,
331,07/13/2021 05:33:51,11.19,0.00,,
332,07/13/2021 05:43:51,11.28,0.42,,
333,07/13/2021 05:53:51,11.15,3.21,,
334,07/13/2021 06:03:51,11.15,9.20,,
335,07/13/2021 06:13:51,11.15,18.67,,
336,07/13/2021 06:23:51,11.19,29.64,,
337,07/13/2021 06:33:51,11.15,42.52,,
338,07/13/2021 06:43:51,11.15,63.24,,
339,07/13/2021 06:53:51,11.19,96.40,,
340,07/13/2021 07:03:51,11.28,139.40,,
341,07/13/2021 07:13:51,11.37,171.36,,
342,07/13/2021 07:23:51,11.49,182.48,,
343,07/13/2021 07:33:51,11.37,184.24,,
344,07/13/2021 07:43:51,11.28,209.28,,
345,07/13/2021 07:53:51,11.37,252.32,,
346,07/13/2021 08:03:51,11.49,379.20,,
347,07/13/2021 08:13:51,11.62,437.44,,
348,07/13/2021 08:23:51,11.79,396.32,,
349,07/13/2021 08:33:51,11.75,405.76,,
350,07/13/2021 08:43:51,11.92,463.52,,
351,07/13/2021 08:53:51,11.97,504.96,,
352,07/13/2021 09:03:51,12.01,645.44,,
353,07/13/2021 09:13:51,12.31,657.28,,
354,07/13/2021 09:23:51,12.48,748.48,,
355,07/13/2021 09:33:51,12.70,864.96,,
356,07/13/2021 09:43:51,12.74,944.96,,
357,07/13/2021 09:53:51,13.00,1087.04,,
358,07/13/2021 10:03:51,13.21,1231.68,,
359,07/13/2021 10:13:51,13.43,1462.40,,
360,07/13/2021 10:23:51,13.55,1549.44,,
361,07/13/2021 10:33:51,13.04,1732.48,,
362,07/13/2021 10:43:51,13.30,1718.40,,
363,07/13/2021 10:53:51,13.04,1500.16,,
364,07/13/2021 11:03:51,13.00,1594.24,,
365,07/13/2021 11:13:51,13.00,1683.84,,
366,07/13/2021 11:23:51,12.87,1664.00,,
367,07/13/2021 11:33:51,13.00,1615.36,,
368,07/13/2021 11:43:51,13.08,1778.56,,
369,07/13/2021 11:53:51,13.30,1843.84,,
370,07/13/2021 12:03:51,13.38,1900.16,,
371,07/13/2021 12:13:51,13.30,1999.36,,
372,07/13/2021 12:23:51,13.51,2040.32,,
373,07/13/2021 12:33:51,13.25,1925.76,,
374,07/13/2021 12:43:51,13.08,2006.40,,
375,07/13/2021 12:53:51,12.82,1917.44,,
376,07/13/2021 13:03:51,12.78,1913.60,,
377,07/13/2021 13:13:51,12.91,1961.60,,
378,07/13/2021 13:23:51,12.91,1913.60,,
379,07/13/2021 13:33:51,13.04,2078.08,,
380,07/13/2021 13:43:51,12.91,1937.92,,
381,07/13/2021 13:53:51,12.78,2092.16,,
382,07/13/2021 14:03:51,12.74,2105.60,,
383,07/13/2021 14:13:51,12.95,2026.88,,
384,07/13/2021 14:23:51,12.95,2216.96,,
385,07/13/2021 14:33:51,13.08,2168.96,,
386,07/13/2021 14:43:51,12.95,1955.20,,
387,07/13/2021 14:53:51,12.65,1804.16,,
388,07/13/2021 15:03:51,12.91,1800.96,,
389,07/13/2021 15:13:51,12.95,1751.04,,
390,07/13/2021 15:23:51,12.82,1427.84,,
391,07/13/2021 15:33:51,12.78,1307.84,,
392,07/13/2021 15:43:51,12.74,1190.72,,
393,07/13/2021 15:53:51,12.82,1150.40,,
394,07/13/2021 16:03:51,12.70,1227.52,,
395,07/13/2021 16:13:51,12.74,1398.40,,
396,07/13/2021 16:23:51,12.74,1630.72,,
397,07/13/2021 16:33:51,12.87,1568.64,,
398,07/13/2021 16:43:51,12.95,1642.24,,
399,07/13/2021 16:53:51,12.91,1356.80,,
400,07/13/2021 17:03:51,12.61,924.48,,
401,07/13/2021 17:13:51,12.40,909.76,,
402,07/13/2021 17:23:51,12.27,726.72,,
403,07/13/2021 17:33:51,12.22,627.04,,
404,07/13/2021 17:43:51,12.10,530.24,,
405,07/13/2021 17:53:51,12.27,552.16,,
406,07/13/2021 18:03:51,12.10,422.88,,
407,07/13/2021 18:13:51,11.97,380.48,,
408,07/13/2021 18:23:51,12.10,345.28,,
409,07/13/2021 18:33:51,12.18,305.76,,
410,07/13/2021 18:43:51,12.18,285.92,,
411,07/13/2021 18:53:51,12.18,235.20,,
412,07/13/2021 19:03:51,12.10,218.72,,
413,07/13/2021 19:13:51,12.05,172.24,,
414,07/13/2021 19:23:51,12.14,136.84,,
415,07/13/2021 19:33:51,12.14,122.20,,
416,07/13/2021 19:43:51,11.97,74.90,,
417,07/13/2021 19:53:51,11.92,56.76,,
418,07/13/2021 20:03:51,11.92,43.86,,
419,07/13/2021 20:13:51,11.88,27.01,,
420,07/13/2021 20:23:51,11.84,16.29,,
421,07/13/2021 20:33:51,11.88,7.06,,
422,07/13/2021 20:43:51,11.88,2.14,,
423,07/13/2021 20:53:51,11.75,0.00,,
424,07/13/2021 21:03:51,11.79,0.00,,
425,07/13/2021 21:13:51,11.71,0.00,,
426,07/13/2021 21:23:51,11.84,0.00,,
427,07/13/2021 21:33:51,11.79,0.00,,
428,07/13/2021 21:43:51,11.75,0.00,,
429,07/13/2021 21:53:51,11.75,0.00,,
430,07/13/2021 22:03:51,11.79,0.00,,
431,07/13/2021 22:13:51,11.84,0.00,,
432,07/13/2021 22:23:51,11.92,0.00,,
433,07/13/2021 22:33:51,11.97,0.00,,
434,07/13/2021 22:43:51,11.97,0.00,,
435,07/13/2021 22:53:51,12.01,0.00,,
436,07/13/2021 23:03:51,12.05,0.00,,
437,07/13/2021 23:13:51,12.05,0.00,,
438,07/13/2021 23:23:51,11.97,0.00,,
439,07/13/2021 23:33:51,12.10,0.00,,
440,07/13/2021 23:43:51,12.10,0.00,,
441,07/13/2021 23:53:51,12.01,0.00,,
442,07/14/2021 00:03:51,12.01,0.00,,
443,07/14/2021 00:13:51,12.01,0.00,,
444,07/14/2021 00:23:51,12.05,0.00,,
445,07/14/2021 00:33:51,12.10,0.00,,
446,07/14/2021 00:43:51,12.01,0.00,,
447,07/14/2021 00:53:51,12.01,0.00,,
448,07/14/2021 01:03:51,11.97,0.00,,
449,07/14/2021 01:13:51,12.05,0.00,,
450,07/14/2021 01:23:51,12.01,0.00,,
451,07/14/2021 01:33:51,12.10,0.00,,
452,07/14/2021 01:43:51,12.22,0.00,,
453,07/14/2021 01:53:51,12.18,0.00,,
454,07/14/2021 02:03:51,12.27,0.00,,
455,07/14/2021 02:13:51,12.40,0.00,,
456,07/14/2021 02:23:51,12.10,0.00,,
457,07/14/2021 02:33:51,12.01,0.00,,
458,07/14/2021 02:43:51,12.18,0.00,,
459,07/14/2021 02:53:51,12.22,0.00,,
460,07/14/2021 03:03:51,12.14,0.00,,
461,07/14/2021 03:13:51,12.18,0.00,,
462,07/14/2021 03:23:51,12.05,0.00,,
463,07/14/2021 03:33:51,12.05,0.00,,
464,07/14/2021 03:43:51,12.14,0.00,,
465,07/14/2021 03:53:51,12.05,0.00,,
466,07/14/2021 04:03:51,12.05,0.00,,
467,07/14/2021 04:13:51,12.01,0.00,,
468,07/14/2021 04:23:51,12.10,0.00,,
469,07/14/2021 04:33:51,12.01,0.00,,
470,07/14/2021 04:43:51,11.97,0.00,,
471,07/14/2021 04:53:51,12.01,0.00,,
472,07/14/2021 05:03:51,12.01,0.00,,
473,07/14/2021 05:13:51,12.05,0.00,,
474,07/14/2021 05:23:51,12.14,0.00,,
475,07/14/2021 05:33:51,12.14,0.00,,
476,07/14/2021 05:43:51,12.10,0.21,,
477,07/14/2021 05:53:51,12.05,2.99,,
478,07/14/2021 06:03:51,12.01,9.01,,
479,07/14/2021 06:13:51,11.97,18.45,,
480,07/14/2021 06:23:51,11.97,29.21,,
481,07/14/2021 06:33:51,11.88,42.96,,
482,07/14/2021 06:43:51,11.92,64.94,,
483,07/14/2021 06:53:51,11.92,80.88,,
484,07/14/2021 07:03:51,12.05,98.96,,
485,07/14/2021 07:13:51,12.01,124.76,,
486,07/14/2021 07:23:51,12.01,152.36,,
487,07/14/2021 07:33:51,12.05,182.48,,
488,07/14/2021 07:43:51,12.01,212.72,,
489,07/14/2021 07:53:51,12.01,235.20,,
490,07/14/2021 08:03:51,12.10,273.04,,
491,07/14/2021 08:13:51,12.22,314.32,,
492,07/14/2021 08:23:51,12.22,355.04,,
493,07/14/2021 08:33:51,12.40,392.80,,
494,07/14/2021 08:43:51,12.44,448.00,,
495,07/14/2021 08:53:51,12.52,483.20,,
496,07/14/2021 09:03:51,12.61,554.72,,
497,07/14/2021 09:13:51,12.78,623.52,,
498,07/14/2021 09:23:51,12.87,662.40,,
499,07/14/2021 09:33:51,13.04,716.80,,
500,07/14/2021 09:43:51,13.38,790.72,,
501,07/14/2021 09:53:51,13.60,830.08,,
502,07/14/2021 10:03:51,13.68,863.04,,
503,07/14/2021 10:13:51,13.51,879.36,,
504,07/14/2021 10:23:51,13.43,937.28,,
505,07/14/2021 10:33:51,13.25,1033.28,,
506,07/14/2021 10:43:51,13.30,1075.20,,
507,07/14/2021 10:53:51,13.47,1115.20,,
508,07/14/2021 11:03:51,13.43,1234.24,,
509,07/14/2021 11:13:51,13.55,1509.12,,
510,07/14/2021 11:23:51,13.73,1992.32,,
511,07/14/2021 11:33:51,13.85,2024.96,,
512,07/14/2021 11:43:51,13.90,1860.48,,
513,07/14/2021 11:53:51,14.20,1925.76,,
514,07/14/2021 12:03:51,14.37,1951.36,,
515,07/14/2021 12:13:51,14.50,1922.56,,
516,07/14/2021 12:23:51,14.84,1866.24,,
517,07/14/2021 12:33:51,15.14,1917.44,,
518,07/14/2021 12:43:51,15.53,1891.84,,
519,07/14/2021 12:53:51,15.57,1671.68,,
520,07/14/2021 13:03:51,14.97,1637.12,,
521,07/14/2021 13:13:51,14.71,1567.36,,
522,07/14/2021 13:23:51,14.54,1628.80,,
523,07/14/2021 13:33:51,14.54,1912.32,,
524,07/14/2021 13:43:51,14.20,1462.40,,
525,07/14/2021 13:53:51,14.11,1582.72,,
526,07/14/2021 14:03:51,13.81,1550.08,,
527,07/14/2021 14:13:51,13.90,1714.56,,
528,07/14/2021 14:23:51,13.85,2081.92,,
529,07/14/2021 14:33:51,13.77,2377.60,,
530,07/14/2021 14:43:51,13.77,2201.60,,
531,07/14/2021 14:53:51,13.77,2581.76,,
532,07/14/2021 15:03:51,13.73,1982.08,,
533,07/14/2021 15:13:51,13.77,1939.84,,
534,07/14/2021 15:23:51,13.77,2085.12,,
535,07/14/2021 15:33:51,13.85,2140.16,,
536,07/14/2021 15:43:51,13.94,2581.76,,
537,07/14/2021 15:53:51,13.94,2024.96,,
538,07/14/2021 16:03:51,13.98,2135.04,,
539,07/14/2021 16:13:51,13.98,2227.20,,
540,07/14/2021 16:23:51,13.94,1834.88,,
541,07/14/2021 16:33:51,13.94,1735.68,,
542,07/14/2021 16:43:51,13.90,1804.16,,
543,07/14/2021 16:53:51,13.94,1874.56,,
544,07/14/2021 17:03:51,13.90,2019.84,,
545,07/14/2021 17:13:51,14.03,2690.56,,
546,07/14/2021 17:23:51,13.94,1724.80,,
547,07/14/2021 17:33:51,13.77,1177.92,,
548,07/14/2021 17:43:51,13.60,1088.64,,
549,07/14/2021 17:53:51,13.51,826.88,,
550,07/14/2021 18:03:51,13.34,684.80,,
551,07/14/2021 18:13:51,13.17,640.64,,
552,07/14/2021 18:23:51,13.12,540.96,,
553,07/14/2021 18:33:51,12.87,552.96,,
554,07/14/2021 18:43:51,12.70,412.48,,
555,07/14/2021 18:53:51,12.40,360.80,,
556,07/14/2021 19:03:51,12.10,322.88,,
557,07/14/2021 19:13:51,12.10,279.04,,
558,07/14/2021 19:23:51,11.97,226.40,,
559,07/14/2021 19:33:51,11.71,132.56,,
560,07/14/2021 19:43:51,11.79,91.24,,
561,07/14/2021 19:53:51,11.84,67.52,,
562,07/14/2021 20:03:51,11.92,44.24,,
563,07/14/2021 20:13:51,11.97,27.92,,
564,07/14/2021 20:23:51,11.97,15.86,,
565,07/14/2021 20:33:51,11.97,7.06,,
566,07/14/2021 20:43:51,11.92,2.14,,
567,07/14/2021 20:53:51,11.88,0.00,,
568,07/14/2021 21:03:51,11.79,0.00,,
569,07/14/2021 21:13:51,11.92,0.00,,
570,07/14/2021 21:23:51,12.05,0.00,,
571,07/14/2021 21:33:51,12.01,0.00,,
572,07/14/2021 21:43:51,12.14,0.00,,
573,07/14/2021 21:53:51,12.10,0.00,,
574,07/14/2021 22:03:51,12.18,0.00,,
575,07/14/2021 22:13:51,12.14,0.00,,
576,07/14/2021 22:23:51,12.14,0.00,,
577,07/14/2021 22:33:51,12.14,0.00,,
578,07/14/2021 22:43:51,12.14,0.00,,
579,07/14/2021 22:53:51,12.27,0.00,,
580,07/14/2021 23:03:51,12.10,0.00,,
581,07/14/2021 23:13:51,12.10,0.00,,
582,07/14/2021 23:23:51,12.10,0.00,,
583,07/14/2021 23:33:51,12.14,0.00,,
584,07/14/2021 23:43:51,12.14,0.00,,
585,07/14/2021 23:53:51,12.10,0.00,,
586,07/15/2021 00:03:51,12.14,0.00,,
587,07/15/2021 00:13:51,12.18,0.00,,
588,07/15/2021 00:23:51,12.18,0.00,,
589,07/15/2021 00:33:51,12.18,0.00,,
590,07/15/2021 00:43:51,12.18,0.00,,
591,07/15/2021 00:53:51,12.14,0.00,,
592,07/15/2021 01:03:51,12.10,0.00,,
593,07/15/2021 01:13:51,12.10,0.00,,
594,07/15/2021 01:23:51,12.14,0.00,,
595,07/15/2021 01:33:51,12.18,0.00,,
596,07/15/2021 01:43:51,12.14,0.00,,
597,07/15/2021 01:53:51,12.18,0.00,,
598,07/15/2021 02:03:51,12.18,0.00,,
599,07/15/2021 02:13:51,12.18,0.00,,
600,07/15/2021 02:23:51,12.18,0.00,,
601,07/15/2021 02:33:51,12.01,0.00,,
602,07/15/2021 02:43:51,12.10,0.00,,
603,07/15/2021 02:53:51,12.10,0.00,,
604,07/15/2021 03:03:51,11.97,0.00,,
605,07/15/2021 03:13:51,12.01,0.00,,
606,07/15/2021 03:23:51,11.88,0.00,,
607,07/15/2021 03:33:51,11.84,0.00,,
608,07/15/2021 03:43:51,11.79,0.00,,
609,07/15/2021 03:53:51,11.79,0.00,,
610,07/15/2021 04:03:51,11.75,0.00,,
611,07/15/2021 04:13:51,11.67,0.00,,
612,07/15/2021 04:23:51,11.49,0.00,,
613,07/15/2021 04:33:51,11.58,0.00,,
614,07/15/2021 04:43:51,11.54,0.00,,
615,07/15/2021 04:53:51,11.54,0.00,,
616,07/15/2021 05:03:51,11.45,0.00,,
617,07/15/2021 05:13:51,11.32,0.00,,
618,07/15/2021 05:23:51,11.28,0.00,,
619,07/15/2021 05:33:51,11.24,0.00,,
620,07/15/2021 05:43:51,11.15,0.21,,
621,07/15/2021 05:53:51,11.15,3.42,,
622,07/15/2021 06:03:51,11.11,10.48,,
623,07/15/2021 06:13:51,11.02,20.59,,
624,07/15/2021 06:23:51,11.15,34.77,,
625,07/15/2021 06:33:51,11.28,53.76,,
626,07/15/2021 06:43:51,11.11,91.16,,
627,07/15/2021 06:53:51,11.19,124.76,,
628,07/15/2021 07:03:51,11.28,146.36,,
629,07/15/2021 07:13:51,11.28,173.92,,
630,07/15/2021 07:23:51,11.28,210.96,,
631,07/15/2021 07:33:51,11.28,252.32,,
632,07/15/2021 07:43:51,11.45,305.76,,
633,07/15/2021 07:53:51,11.32,345.28,,
634,07/15/2021 08:03:51,11.41,363.52,,
635,07/15/2021 08:13:51,11.41,393.76,,
636,07/15/2021 08:23:51,11.49,432.16,,
637,07/15/2021 08:33:51,11.49,527.20,,
638,07/15/2021 08:43:51,11.62,616.80,,
639,07/15/2021 08:53:51,11.75,805.44,,
640,07/15/2021 09:03:51,11.84,917.44,,
641,07/15/2021 09:13:51,11.97,842.24,,
642,07/15/2021 09:23:51,12.22,869.12,,
643,07/15/2021 09:33:51,12.31,888.96,,
644,07/15/2021 09:43:51,12.31,815.68,,
645,07/15/2021 09:53:51,12.10,877.76,,
646,07/15/2021 10:03:51,12.10,992.96,,
647,07/15/2021 10:13:51,12.22,992.00,,
648,07/15/2021 10:23:51,12.14,1006.72,,
649,07/15/2021 10:33:51,12.18,997.12,,
650,07/15/2021 10:43:51,12.35,1119.68,,
651,07/15/2021 10:53:51,12.48,1284.80,,
652,07/15/2021 11:03:51,12.65,1296.64,,
653,07/15/2021 11:13:51,12.48,1360.00,,
654,07/15/2021 11:23:51,12.82,1525.76,,
655,07/15/2021 11:33:51,13.04,1592.96,,
656,07/15/2021 11:43:51,13.34,1834.88,,
657,07/15/2021 11:53:51,13.17,1841.92,,
658,07/15/2021 12:03:51,13.12,1834.88,,
659,07/15/2021 12:13:51,13.47,1862.40,,
660,07/15/2021 12:23:51,13.38,1910.40,,
661,07/15/2021 12:33:51,13.34,2013.44,,
662,07/15/2021 12:43:51,13.17,1975.68,,
663,07/15/2021 12:53:51,13.38,1925.76,,
664,07/15/2021 13:03:51,13.38,1866.24,,
665,07/15/2021 13:13:51,13.38,2035.20,,
666,07/15/2021 13:23:51,13.25,2165.76,,
667,07/15/2021 13:33:51,13.17,2117.76,,
668,07/15/2021 13:43:51,13.21,2156.80,,
669,07/15/2021 13:53:51,13.34,2113.92,,
670,07/15/2021 14:03:51,13.12,1768.32,,
671,07/15/2021 14:13:51,13.04,1955.20,,
672,07/15/2021 14:23:51,12.91,1871.36,,
673,07/15/2021 14:33:51,12.91,1804.16,,
674,07/15/2021 14:43:51,12.87,1917.44,,
675,07/15/2021 14:53:51,12.82,1840.00,,
676,07/15/2021 15:03:51,12.74,1705.60,,
677,07/15/2021 15:13:51,12.78,1632.00,,
678,07/15/2021 15:23:51,12.70,1871.36,,
679,07/15/2021 15:33:51,12.48,1617.92,,
680,07/15/2021 15:43:51,12.65,1511.68,,
681,07/15/2021 15:53:51,12.70,1252.16,,
682,07/15/2021 16:03:51,12.65,1176.00,,
683,07/15/2021 16:13:51,12.57,1159.04,,
684,07/15/2021 16:23:51,12.65,1327.36,,
685,07/15/2021 16:33:51,12.57,1053.76,,
686,07/15/2021 16:43:51,12.48,1047.68,,
687,07/15/2021 16:53:51,12.52,1104.32,,
688,07/15/2021 17:03:51,12.65,1133.44,,
689,07/15/2021 17:13:51,12.70,1029.76,,
690,07/15/2021 17:23:51,12.65,1052.80,,
691,07/15/2021 17:33:51,12.74,1029.76,,
692,07/15/2021 17:43:51,12.78,1189.76,,
693,07/15/2021 17:53:51,12.87,1098.24,,
694,07/15/2021 18:03:51,12.65,798.72,,
695,07/15/2021 18:13:51,12.65,848.32,,
696,07/15/2021 18:23:51,12.70,617.60,,
697,07/15/2021 18:33:51,12.61,552.16,,
698,07/15/2021 18:43:51,12.70,499.52,,
699,07/15/2021 18:53:51,12.65,383.84,,
700,07/15/2021 19:03:51,12.57,318.64,,
701,07/15/2021 19:13:51,12.70,282.48,,
702,07/15/2021 19:23:51,12.52,199.84,,
703,07/15/2021 19:33:51,12.48,167.04,,
704,07/15/2021 19:43:51,12.44,129.16,,
705,07/15/2021 19:53:51,12.48,92.12,,
706,07/15/2021 20:03:51,12.44,80.04,,
707,07/15/2021 20:13:51,12.40,52.06,,
708,07/15/2021 20:23:51,12.57,26.64,,
709,07/15/2021 20:33:51,12.52,11.77,,
710,07/15/2021 20:43:51,12.57,2.99,,
711,07/15/2021 20:53:51,12.44,0.21,,
712,07/15/2021 21:03:51,12.52,0.00,,
713,07/15/2021 21:13:51,12.52,0.00,,
714,07/15/2021 21:23:51,12.48,0.00,,
715,07/15/2021 21:33:51,12.48,0.00,,
716,07/15/2021 21:43:51,12.48,0.00,,
717,07/15/2021 21:53:51,12.44,0.00,,
718,07/15/2021 22:03:51,12.44,0.00,,
719,07/15/2021 22:13:51,12.31,0.00,,
720,07/15/2021 22:23:51,12.31,0.00,,
721,07/15/2021 22:33:51,12.22,0.00,,
722,07/15/2021 22:43:51,12.27,0.00,,
723,07/15/2021 22:53:51,12.18,0.00,,
724,07/15/2021 23:03:51,12.14,0.00,,
725,07/15/2021 23:13:51,12.18,0.00,,
726,07/15/2021 23:23:51,12.14,0.00,,
727,07/15/2021 23:33:51,12.14,0.00,,
728,07/15/2021 23:43:51,12.14,0.00,,
729,07/15/2021 23:53:51,12.10,0.00,,
730,07/16/2021 00:03:51,12.05,0.00,,
731,07/16/2021 00:13:51,11.97,0.00,,
732,07/16/2021 00:23:51,11.97,0.00,,
733,07/16/2021 00:33:51,12.05,0.00,,
734,07/16/2021 00:43:51,12.10,0.00,,
735,07/16/2021 00:53:51,12.01,0.00,,
736,07/16/2021 01:03:51,12.01,0.00,,
737,07/16/2021 01:13:51,12.01,0.00,,
738,07/16/2021 01:23:51,12.01,0.00,,
739,07/16/2021 01:33:51,12.10,0.00,,
740,07/16/2021 01:43:51,12.27,0.00,,
741,07/16/2021 01:53:51,12.35,0.00,,
742,07/16/2021 02:03:51,12.40,0.00,,
743,07/16/2021 02:13:51,12.48,0.00,,
744,07/16/2021 02:23:51,12.35,0.00,,
745,07/16/2021 02:33:51,12.31,0.00,,
746,07/16/2021 02:43:51,12.22,0.00,,
747,07/16/2021 02:53:51,12.31,0.00,,
748,07/16/2021 03:03:51,12.18,0.00,,
749,07/16/2021 03:13:51,12.18,0.00,,
750,07/16/2021 03:23:51,12.14,0.00,,
751,07/16/2021 03:33:51,12.10,0.00,,
752,07/16/2021 03:43:51,11.92,0.00,,
753,07/16/2021 03:53:51,11.97,0.00,,
754,07/16/2021 04:03:51,12.01,0.00,,
755,07/16/2021 04:13:51,12.01,0.00,,
756,07/16/2021 04:23:51,11.92,0.00,,
757,07/16/2021 04:33:51,12.01,0.00,,
758,07/16/2021 04:43:51,12.01,0.00,,
759,07/16/2021 04:53:51,11.97,0.00,,
760,07/16/2021 05:03:51,11.97,0.00,,
761,07/16/2021 05:13:51,11.97,0.00,,
762,07/16/2021 05:23:51,11.84,0.00,,
763,07/16/2021 05:33:51,11.84,0.00,,
764,07/16/2021 05:43:51,11.79,0.21,,
765,07/16/2021 05:53:51,11.88,2.35,,
766,07/16/2021 06:03:51,11.88,8.13,,
767,07/16/2021 06:13:51,11.75,16.72,,
768,07/16/2021 06:23:51,11.79,28.78,,
769,07/16/2021 06:33:51,11.75,44.66,,
770,07/16/2021 06:43:51,11.79,61.04,,
771,07/16/2021 06:53:51,11.84,80.04,,
772,07/16/2021 07:03:51,11.79,106.76,,
773,07/16/2021 07:13:51,11.75,129.88,,
774,07/16/2021 07:23:51,11.71,157.48,,
775,07/16/2021 07:33:51,11.75,204.16,,
776,07/16/2021 07:43:51,11.75,230.00,,
777,07/16/2021 07:53:51,11.79,257.44,,
778,07/16/2021 08:03:51,11.84,283.36,,
779,07/16/2021 08:13:51,11.75,313.52,,
780,07/16/2021 08:23:51,11.88,311.76,,
781,07/16/2021 08:33:51,11.79,352.16,,
782,07/16/2021 08:43:51,11.88,399.68,,
783,07/16/2021 08:53:51,11.97,496.80,,
784,07/16/2021 09:03:51,12.01,493.44,,
785,07/16/2021 09:13:51,12.01,526.40,,
786,07/16/2021 09:23:51,12.10,560.64,,
787,07/16/2021 09:33:51,12.14,601.28,,
788,07/16/2021 09:43:51,12.27,696.64,,
789,07/16/2021 09:53:51,12.40,855.04,,
790,07/16/2021 10:03:51,12.48,910.72,,
791,07/16/2021 10:13:51,12.70,981.76,,
792,07/16/2021 10:23:51,12.87,1037.44,,
793,07/16/2021 10:33:51,12.82,1064.00,,
794,07/16/2021 10:43:51,12.82,1158.08,,
795,07/16/2021 10:53:51,13.00,1131.52,,
796,07/16/2021 11:03:51,13.25,1333.76,,
797,07/16/2021 11:13:51,13.51,1461.76,,
798,07/16/2021 11:23:51,13.73,1804.16,,
799,07/16/2021 11:33:51,13.98,1946.24,,
800,07/16/2021 11:43:51,14.33,1943.04,,
801,07/16/2021 11:53:51,14.45,1982.08,,
802,07/16/2021 12:03:51,14.07,1955.20,,
803,07/16/2021 12:13:51,14.41,1804.16,,
804,07/16/2021 12:23:51,14.15,1811.20,,
805,07/16/2021 12:33:51,13.81,1640.96,,
806,07/16/2021 12:43:51,13.60,1770.24,,
807,07/16/2021 12:53:51,13.60,1606.40,,
808,07/16/2021 13:03:51,13.64,1539.84,,
809,07/16/2021 13:13:51,13.94,1540.48,,
810,07/16/2021 13:23:51,14.15,1506.56,,
811,07/16/2021 13:33:51,14.28,1506.56,,
812,07/16/2021 13:43:51,13.98,1456.00,,
813,07/16/2021 13:53:51,13.85,1456.64,,
814,07/16/2021 14:03:51,13.68,1481.60,,
815,07/16/2021 14:13:51,13.68,1493.76,,
816,07/16/2021 14:23:51,13.64,1547.52,,
817,07/16/2021 14:33:51,13.68,1596.16,,
818,07/16/2021 14:43:51,14.24,1608.96,,
819,07/16/2021 14:53:51,14.15,1666.56,,
820,07/16/2021 15:03:51,13.90,1747.84,,
821,07/16/2021 15:13:51,13.94,1819.52,,
822,07/16/2021 15:23:51,14.03,1944.96,,
823,07/16/2021 15:33:51,14.03,2092.16,,
824,07/16/2021 15:43:51,13.94,2275.20,,
825,07/16/2021 15:53:51,13.77,2218.88,,
826,07/16/2021 16:03:51,13.64,2644.48,,
827,07/16/2021 16:13:51,13.77,2415.36,,
828,07/16/2021 16:23:51,14.11,2561.28,,
829,07/16/2021 16:33:51,14.58,2434.56,,
830,07/16/2021 16:43:51,14.75,2949.12,,
831,07/16/2021 16:53:51,14.75,2914.56,,
832,07/16/2021 17:03:51,14.50,2993.92,,
833,07/16/2021 17:13:51,14.28,2993.92,,
834,07/16/2021 17:23:51,14.24,3243.52,,
835,07/16/2021 17:33:51,14.45,2599.04,,
836,07/16/2021 17:43:51,14.45,3626.24,,
837,07/16/2021 17:53:51,14.45,3161.60,,
838,07/16/2021 18:03:51,14.63,3471.36,,
839,07/16/2021 18:13:51,14.50,3292.16,,
840,07/16/2021 18:23:51,14.75,4026.88,,
841,07/16/2021 18:33:51,14.75,3814.40,,
842,07/16/2021 18:43:51,14.75,3526.40,,
843,07/16/2021 18:53:51,14.45,2131.20,,
844,07/16/2021 19:03:51,14.24,1700.48,,
845,07/16/2021 19:13:51,14.50,1396.48,,
846,07/16/2021 19:23:51,14.50,2716.16,,
847,07/16/2021 19:33:51,14.41,2366.08,,
848,07/16/2021 19:43:51,14.33,1884.80,,
849,07/16/2021 19:53:51,14.15,1199.36,,
850,07/16/2021 20:03:51,13.98,729.92,,
851,07/16/2021 20:13:51,13.81,324.00,,
852,07/16/2021 20:23:51,13.64,114.80,,
853,07/16/2021 20:33:51,13.51,40.44,,
854,07/16/2021 20:43:51,13.55,12.86,,
855,07/16/2021 20:53:51,13.51,2.35,,
856,07/16/2021 21:03:51,13.51,0.00,,
857,07/16/2021 21:13:51,13.47,0.00,,
858,07/16/2021 21:23:51,13.51,0.00,,
859,07/16/2021 21:33:51,13.51,0.00,,
860,07/16/2021 21:43:51,13.55,0.00,,
861,07/16/2021 21:53:51,13.38,0.00,,
862,07/16/2021 22:03:51,13.38,0.00,,
863,07/16/2021 22:13:51,13.47,0.00,,
864,07/16/2021 22:23:51,13.43,0.00,,
865,07/16/2021 22:33:51,13.43,0.00,,
866,07/16/2021 22:43:51,13.43,0.00,,
867,07/16/2021 22:53:51,13.43,0.00,,
868,07/16/2021 23:03:51,13.47,0.00,,
869,07/16/2021 23:13:51,13.55,0.00,,
870,07/16/2021 23:23:51,13.43,0.00,,
871,07/16/2021 23:33:51,13.38,0.00,,
872,07/16/2021 23:43:51,13.43,0.00,,
873,07/16/2021 23:53:51,13.38,0.00,,
874,07/17/2021 00:03:51,13.34,0.00,,
875,07/17/2021 00:13:51,13.08,0.00,,
876,07/17/2021 00:23:51,13.25,0.00,,
877,07/17/2021 00:33:51,13.25,0.00,,
878,07/17/2021 00:43:51,13.30,0.00,,
879,07/17/2021 00:53:51,13.34,0.00,,
880,07/17/2021 01:03:51,13.12,0.00,,
881,07/17/2021 01:13:51,13.17,0.00,,
882,07/17/2021 01:23:51,13.04,0.00,,
883,07/17/2021 01:33:51,13.00,0.00,,
884,07/17/2021 01:43:51,13.00,0.00,,
885,07/17/2021 01:53:51,13.12,0.00,,
886,07/17/2021 02:03:51,12.95,0.00,,
887,07/17/2021 02:13:51,13.04,0.00,,
888,07/17/2021 02:23:51,13.00,0.00,,
889,07/17/2021 02:33:51,12.95,0.00,,
890,07/17/2021 02:43:51,12.91,0.00,,
891,07/17/2021 02:53:51,12.82,0.00,,
892,07/17/2021 03:03:51,12.82,0.00,,
893,07/17/2021 03:13:51,12.91,0.00,,
894,07/17/2021 03:23:51,12.87,0.00,,
895,07/17/2021 03:33:51,12.95,0.00,,
896,07/17/2021 03:43:51,13.04,0.00,,
897,07/17/2021 03:53:51,12.91,0.00,,
898,07/17/2021 04:03:51,12.74,0.00,,
899,07/17/2021 04:13:51,12.78,0.00,,
900,07/17/2021 04:23:51,12.57,0.00,,
901,07/17/2021 04:33:51,12.44,0.00,,
902,07/17/2021 04:43:51,11.71,0.00,,
903,07/17/2021 04:53:51,11.62,0.00,,
904,07/17/2021 05:03:51,11.24,0.00,,
905,07/17/2021 05:13:51,11.07,0.00,,
906,07/17/2021 05:23:51,11.15,0.00,,
907,07/17/2021 05:33:51,11.37,0.00,,
908,07/17/2021 05:43:51,12.05,0.64,,
909,07/17/2021 05:53:51,12.01,5.35,,
910,07/17/2021 06:03:51,11.54,17.38,,
911,07/17/2021 06:13:51,11.49,33.49,,
912,07/17/2021 06:23:51,11.41,54.62,,
913,07/17/2021 06:33:51,11.58,78.32,,
914,07/17/2021 06:43:51,11.67,110.08,,
915,07/17/2021 06:53:51,11.79,132.56,,
916,07/17/2021 07:03:51,12.05,166.16,,
917,07/17/2021 07:13:51,12.01,209.28,,
918,07/17/2021 07:23:51,12.14,250.56,,
919,07/17/2021 07:33:51,12.27,297.84,,
920,07/17/2021 07:43:51,12.27,347.04,,
921,07/17/2021 07:53:51,12.44,316.96,,
922,07/17/2021 08:03:51,12.44,334.88,,
923,07/17/2021 08:13:51,12.48,367.68,,
924,07/17/2021 08:23:51,12.31,570.88,,
925,07/17/2021 08:33:51,12.40,909.76,,
926,07/17/2021 08:43:51,12.48,944.00,,
927,07/17/2021 08:53:51,12.57,999.04,,
928,07/17/2021 09:03:51,12.65,898.24,,
929,07/17/2021 09:13:51,12.91,924.48,,
930,07/17/2021 09:23:51,12.95,1018.56,,
931,07/17/2021 09:33:51,13.00,1115.20,,
932,07/17/2021 09:43:51,13.21,1181.12,,
933,07/17/2021 09:53:51,13.34,1809.28,,
934,07/17/2021 10:03:51,13.68,1811.20,,
935,07/17/2021 10:13:51,13.98,1785.60,,
936,07/17/2021 10:23:51,14.20,1775.36,,
937,07/17/2021 10:33:51,14.71,1816.32,,
938,07/17/2021 10:43:51,14.84,1771.52,,
939,07/17/2021 10:53:51,14.67,1703.04,,
940,07/17/2021 11:03:51,14.97,1674.88,,
941,07/17/2021 11:13:51,15.23,1578.88,,
942,07/17/2021 11:23:51,15.27,1555.84,,
943,07/17/2021 11:33:51,15.36,1539.84,,
944,07/17/2021 11:43:51,15.40,1514.88,,
945,07/17/2021 11:53:51,15.27,1494.40,,
946,07/17/2021 12:03:51,15.36,1509.76,,
947,07/17/2021 12:13:51,15.23,1534.72,,
948,07/17/2021 12:23:51,14.97,1532.16,,
949,07/17/2021 12:33:51,14.97,1531.52,,
950,07/17/2021 12:43:51,14.75,1535.36,,
951,07/17/2021 12:53:51,14.67,1544.96,,
952,07/17/2021 13:03:51,14.45,1541.76,,
953,07/17/2021 13:13:51,14.54,1509.12,,
954,07/17/2021 13:23:51,14.63,1471.36,,
955,07/17/2021 13:33:51,14.54,1496.32,,
956,07/17/2021 13:43:51,14.41,1468.80,,
957,07/17/2021 13:53:51,14.45,1495.04,,
958,07/17/2021 14:03:51,14.50,1501.44,,
959,07/17/2021 14:13:51,14.54,1537.28,,
960,07/17/2021 14:23:51,14.33,1598.72,,
961,07/17/2021 14:33:51,14.24,1623.04,,
962,07/17/2021 14:43:51,14.33,1641.60,,
963,07/17/2021 14:53:51,13.98,1715.84,,
964,07/17/2021 15:03:51,13.85,1752.32,,
965,07/17/2021 15:13:51,13.98,1860.48,,
966,07/17/2021 15:23:51,14.24,1999.36,,
967,07/17/2021 15:33:51,14.20,2008.32,,
968,07/17/2021 15:43:51,14.07,2108.80,,
969,07/17/2021 15:53:51,13.98,2242.56,,
970,07/17/2021 16:03:51,14.07,2232.32,,
971,07/17/2021 16:13:51,13.98,2340.48,,
972,07/17/2021 16:23:51,14.37,2401.92,,
973,07/17/2021 16:33:51,14.45,2473.60,,
974,07/17/2021 16:43:51,15.01,2604.16,,
975,07/17/2021 16:53:51,15.23,3166.72,,
976,07/17/2021 17:03:51,14.97,2908.16,,
977,07/17/2021 17:13:51,14.88,3171.84,,
978,07/17/2021 17:23:51,15.14,3056.64,,
979,07/17/2021 17:33:51,15.23,3124.48,,
980,07/17/2021 17:43:51,15.06,3322.88,,
981,07/17/2021 17:53:51,15.10,3015.68,,
982,07/17/2021 18:03:51,15.10,3064.32,,
983,07/17/2021 18:13:51,15.10,3752.96,,
984,07/17/2021 18:23:51,15.27,3495.68,,
985,07/17/2021 18:33:51,15.23,3642.88,,
986,07/17/2021 18:43:51,15.27,3735.04,,
987,07/17/2021 18:53:51,15.27,3520.00,,
988,07/17/2021 19:03:51,15.27,3344.64,,
989,07/17/2021 19:13:51,15.18,3068.16,,
990,07/17/2021 19:23:51,14.88,1300.16,,
991,07/17/2021 19:33:51,14.97,2158.72,,
992,07/17/2021 19:43:51,14.97,1642.24,,
993,07/17/2021 19:53:51,14.84,1253.12,,
994,07/17/2021 20:03:51,14.58,672.00,,
995,07/17/2021 20:13:51,14.41,281.60,,
996,07/17/2021 20:23:51,14.07,83.68,,
997,07/17/2021 20:33:51,13.94,33.11,,
998,07/17/2021 20:43:51,13.73,9.87,,
999,07/17/2021 20:53:51,13.73,1.49,,
1000,07/17/2021 21:03:51,13.68,0.00,,
1001,07/17/2021 21:13:51,13.64,0.00,,
1002,07/17/2021 21:23:51,13.60,0.00,,
1003,07/17/2021 21:33:51,13.51,0.00,,
1004,07/17/2021 21:43:51,13.55,0.00,,
1005,07/17/2021 21:53:51,13.64,0.00,,
1006,07/17/2021 22:03:51,13.64,0.00,,
1007,07/17/2021 22:13:51,13.73,0.00,,
1008,07/17/2021 22:23:51,13.55,0.00,,
1009,07/17/2021 22:33:51,13.51,0.00,,
1010,07/17/2021 22:43:51,13.43,0.00,,
1011,07/17/2021 22:53:51,13.55,0.00,,
1012,07/17/2021 23:03:51,13.55,0.00,,
1013,07/17/2021 23:13:51,13.51,0.00,,
1014,07/17/2021 23:23:51,13.38,0.00,,
1015,07/17/2021 23:33:51,13.51,0.00,,
1016,07/17/2021 23:43:51,13.38,0.00,,
1017,07/17/2021 23:53:51,13.51,0.00,,
1018,07/18/2021 00:03:51,13.47,0.00,,
1019,07/18/2021 00:13:51,13.51,0.00,,
1020,07/18/2021 00:23:51,13.43,0.00,,
1021,07/18/2021 00:33:51,13.51,0.00,,
1022,07/18/2021 00:43:51,13.51,0.00,,
1023,07/18/2021 00:53:51,13.38,0.00,,
1024,07/18/2021 01:03:51,13.38,0.00,,
1025,07/18/2021 01:13:51,13.43,0.00,,
1026,07/18/2021 01:23:51,13.30,0.00,,
1027,07/18/2021 01:33:51,13.30,0.00,,
1028,07/18/2021 01:43:51,13.12,0.00,,
1029,07/18/2021 01:53:51,13.00,0.00,,
1030,07/18/2021 02:03:51,12.95,0.00,,
1031,07/18/2021 02:13:51,13.12,0.00,,
1032,07/18/2021 02:23:51,13.17,0.00,,
1033,07/18/2021 02:33:51,13.17,0.00,,
1034,07/18/2021 02:43:51,13.12,0.00,,
1035,07/18/2021 02:53:51,13.17,0.00,,
1036,07/18/2021 03:03:51,13.21,0.00,,
1037,07/18/2021 03:13:51,13.21,0.00,,
1038,07/18/2021 03:23:51,13.17,0.00,,
1039,07/18/2021 03:33:51,13.04,0.00,,
1040,07/18/2021 03:43:51,13.00,0.00,,
1041,07/18/2021 03:53:51,12.78,0.00,,
1042,07/18/2021 04:03:51,12.87,0.00,,
1043,07/18/2021 04:13:51,12.91,0.00,,
1044,07/18/2021 04:23:51,12.87,0.00,,
1045,07/18/2021 04:33:51,12.91,0.00,,
1046,07/18/2021 04:43:51,12.87,0.00,,
1047,07/18/2021 04:53:51,12.91,0.00,,
1048,07/18/2021 05:03:51,12.91,0.00,,
1049,07/18/2021 05:13:51,12.87,0.00,,
1050,07/18/2021 05:23:51,12.78,0.00,,
1051,07/18/2021 05:33:51,12.70,0.00,,
1052,07/18/2021 05:43:51,12.61,0.21,,
1053,07/18/2021 05:53:51,12.48,3.42,,
1054,07/18/2021 06:03:51,12.44,12.41,,
1055,07/18/2021 06:13:51,12.22,27.44,,
1056,07/18/2021 06:23:51,12.22,52.00,,
1057,07/18/2021 06:33:51,12.27,87.72,,
1058,07/18/2021 06:43:51,12.40,138.56,,
1059,07/18/2021 06:53:51,12.48,210.96,,
1060,07/18/2021 07:03:51,12.57,262.80,,
1061,07/18/2021 07:13:51,12.57,940.80,,
1062,07/18/2021 07:23:51,12.65,1150.40,,
1063,07/18/2021 07:33:51,12.70,832.00,,
1064,07/18/2021 07:43:51,12.87,752.00,,
1065,07/18/2021 07:53:51,12.87,817.28,,
1066,07/18/2021 08:03:51,13.04,853.44,,
1067,07/18/2021 08:13:51,13.12,1537.28,,
1068,07/18/2021 08:23:51,13.34,1799.04,,
1069,07/18/2021 08:33:51,13.47,1862.40,,
1070,07/18/2021 08:43:51,13.60,1728.64,,
1071,07/18/2021 08:53:51,13.60,1231.04,,
1072,07/18/2021 09:03:51,13.04,844.80,,
1073,07/18/2021 09:13:51,13.04,1094.72,,
1074,07/18/2021 09:23:51,13.17,1544.32,,
1075,07/18/2021 09:33:51,13.17,1728.00,,
1076,07/18/2021 09:43:51,13.21,1436.80,,
1077,07/18/2021 09:53:51,13.25,1850.24,,
1078,07/18/2021 10:03:51,13.60,1828.48,,
1079,07/18/2021 10:13:51,13.90,1802.88,,
1080,07/18/2021 10:23:51,14.37,1715.20,,
1081,07/18/2021 10:33:51,14.58,1704.96,,
1082,07/18/2021 10:43:51,14.75,1678.72,,
1083,07/18/2021 10:53:51,15.01,1633.92,,
1084,07/18/2021 11:03:51,15.14,1600.00,,
1085,07/18/2021 11:13:51,15.23,1593.60,,
1086,07/18/2021 11:23:51,15.14,1591.68,,
1087,07/18/2021 11:33:51,15.23,1512.32,,
1088,07/18/2021 11:43:51,15.40,1459.20,,
1089,07/18/2021 11:53:51,15.40,1478.40,,
1090,07/18/2021 12:03:51,15.06,1509.12,,
1091,07/18/2021 12:13:51,15.14,1509.12,,
1092,07/18/2021 12:23:51,15.23,1520.00,,
1093,07/18/2021 12:33:51,15.01,1494.40,,
1094,07/18/2021 12:43:51,14.75,1491.20,,
1095,07/18/2021 12:53:51,14.93,1472.00,,
1096,07/18/2021 13:03:51,15.10,1491.84,,
1097,07/18/2021 13:13:51,14.93,1500.16,,
1098,07/18/2021 13:23:51,14.54,1544.96,,
1099,07/18/2021 13:33:51,14.54,1621.76,,
1100,07/18/2021 13:43:51,14.15,1520.64,,
1101,07/18/2021 13:53:51,14.15,1680.00,,
1102,07/18/2021 14:03:51,14.20,1602.56,,
1103,07/18/2021 14:13:51,14.24,1654.40,,
1104,07/18/2021 14:23:51,14.03,1710.08,,
1105,07/18/2021 14:33:51,13.94,2011.52,,
1106,07/18/2021 14:43:51,13.94,1946.24,,
1107,07/18/2021 14:53:51,13.81,2176.00,,
1108,07/18/2021 15:03:51,13.73,2268.16,,
1109,07/18/2021 15:13:51,13.85,2387.84,,
1110,07/18/2021 15:23:51,13.77,2194.56,,
1111,07/18/2021 15:33:51,13.77,2179.20,,
1112,07/18/2021 15:43:51,13.77,2330.24,,
1113,07/18/2021 15:53:51,13.77,2338.56,,
1114,07/18/2021 16:03:51,14.03,2343.68,,
1115,07/18/2021 16:13:51,14.03,2415.36,,
1116,07/18/2021 16:23:51,13.68,2791.68,,
1117,07/18/2021 16:33:51,13.47,2938.88,,
1118,07/18/2021 16:43:51,13.12,2257.92,,
1119,07/18/2021 16:53:51,13.25,2663.68,,
1120,07/18/2021 17:03:51,12.87,2800.64,,
1121,07/18/2021 17:13:51,13.12,2244.48,,
1122,07/18/2021 17:23:51,13.25,2237.44,,
1123,07/18/2021 17:33:51,12.95,1250.56,,
1124,07/18/2021 17:43:51,13.21,1358.08,,
1125,07/18/2021 17:53:51,13.00,867.20,,
1126,07/18/2021 18:03:51,12.82,778.88,,
1127,07/18/2021 18:13:51,12.70,667.20,,
1128,07/18/2021 18:23:51,12.61,483.20,,
1129,07/18/2021 18:33:51,12.52,436.48,,
1130,07/18/2021 18:43:51,12.61,469.44,,
1131,07/18/2021 18:53:51,12.74,396.32,,
1132,07/18/2021 19:03:51,12.95,585.92,,
1133,07/18/2021 19:13:51,13.25,578.24,,
1134,07/18/2021 19:23:51,13.25,375.36,,
1135,07/18/2021 19:33:51,13.34,274.80,,
1136,07/18/2021 19:43:51,13.51,232.56,,
1137,07/18/2021 19:53:51,13.51,164.40,,
1138,07/18/2021 20:03:51,13.51,118.00,,
1139,07/18/2021 20:13:51,13.43,70.62,,
1140,07/18/2021 20:23:51,13.47,33.97,,
1141,07/18/2021 20:33:51,13.55,13.10,,
1142,07/18/2021 20:43:51,13.55,3.42,,
1143,07/18/2021 20:53:51,13.47,0.00,,
1144,07/18/2021 21:03:51,13.43,0.00,,
1145,07/18/2021 21:13:51,13.43,0.00,,
1146,07/18/2021 21:23:51,13.38,0.00,,
1147,07/18/2021 21:33:51,13.30,0.00,,
1148,07/18/2021 21:43:51,13.25,0.00,,
1149,07/18/2021 21:53:51,13.21,0.00,,
1150,07/18/2021 22:03:51,13.25,0.00,,
1151,07/18/2021 22:13:51,13.34,0.00,,
1152,07/18/2021 22:23:51,13.34,0.00,,
1153,07/18/2021 22:33:51,13.25,0.00,,
1154,07/18/2021 22:43:51,13.30,0.00,,
1155,07/18/2021 22:53:51,13.38,0.00,,
1156,07/18/2021 23:03:51,13.51,0.00,,
1157,07/18/2021 23:13:51,13.60,0.00,,
1158,07/18/2021 23:23:51,13.47,0.00,,
1159,07/18/2021 23:33:51,13.55,0.00,,
1160,07/18/2021 23:43:51,13.43,0.00,,
1161,07/18/2021 23:53:51,13.34,0.00,,
1162,07/19/2021 00:03:51,13.38,0.00,,
1163,07/19/2021 00:13:51,13.43,0.00,,
1164,07/19/2021 00:23:51,13.47,0.00,,
1165,07/19/2021 00:33:51,13.64,0.00,,
1166,07/19/2021 00:43:51,13.47,0.00,,
1167,07/19/2021 00:53:51,13.51,0.00,,
1168,07/19/2021 01:03:51,13.55,0.00,,
1169,07/19/2021 01:13:51,13.51,0.00,,
1170,07/19/2021 01:23:51,13.47,0.00,,
1171,07/19/2021 01:33:51,13.47,0.00,,
1172,07/19/2021 01:43:51,13.38,0.00,,
1173,07/19/2021 01:53:51,13.55,0.00,,
1174,07/19/2021 02:03:51,13.51,0.00,,
1175,07/19/2021 02:13:51,13.64,0.00,,
1176,07/19/2021 02:23:51,13.68,0.00,,
1177,07/19/2021 02:33:51,13.60,0.00,,
1178,07/19/2021 02:43:51,13.38,0.00,,
1179,07/19/2021 02:53:51,13.38,0.00,,
1180,07/19/2021 03:03:51,13.30,0.00,,
1181,07/19/2021 03:13:51,13.34,0.00,,
1182,07/19/2021 03:23:51,13.34,0.00,,
1183,07/19/2021 03:33:51,13.30,0.00,,
1184,07/19/2021 03:43:51,13.21,0.00,,
1185,07/19/2021 03:53:51,13.21,0.00,,
1186,07/19/2021 04:03:51,13.17,0.00,,
1187,07/19/2021 04:13:51,13.21,0.00,,
1188,07/19/2021 04:23:51,13.21,0.00,,
1189,07/19/2021 04:33:51,13.25,0.00,,
1190,07/19/2021 04:43:51,13.21,0.00,,
1191,07/19/2021 04:53:51,13.21,0.00,,
1192,07/19/2021 05:03:51,13.17,0.00,,
1193,07/19/2021 05:13:51,13.12,0.00,,
1194,07/19/2021 05:23:51,13.00,0.00,,
1195,07/19/2021 05:33:51,13.08,0.00,,
1196,07/19/2021 05:43:51,13.08,0.00,,
1197,07/19/2021 05:53:51,13.34,1.71,,
1198,07/19/2021 06:03:51,13.30,8.56,,
1199,07/19/2021 06:13:51,13.38,26.21,,
1200,07/19/2021 06:23:51,13.34,54.20,,
1201,07/19/2021 06:33:51,13.34,102.48,,
1202,07/19/2021 06:43:51,13.47,182.72,,
1203,07/19/2021 06:53:51,13.68,245.68,,
1204,07/19/2021 07:03:51,13.73,305.76,,
1205,07/19/2021 07:13:51,13.73,372.80,,
1206,07/19/2021 07:23:51,13.77,428.00,,
1207,07/19/2021 07:33:51,13.85,528.96,,
1208,07/19/2021 07:43:51,13.90,529.44,,
1209,07/19/2021 07:53:51,14.07,845.76,,
1210,07/19/2021 08:03:51,14.07,814.72,,
1211,07/19/2021 08:13:51,14.33,1054.40,,
1212,07/19/2021 08:23:51,14.41,1110.08,,
1213,07/19/2021 08:33:51,14.24,928.64,,
1214,07/19/2021 08:43:51,14.07,975.68,,
1215,07/19/2021 08:53:51,13.98,1201.92,,
1216,07/19/2021 09:03:51,14.11,1850.24,,
1217,07/19/2021 09:13:51,14.28,1891.84,,
1218,07/19/2021 09:23:51,14.45,1956.48,,
1219,07/19/2021 09:33:51,14.63,1934.72,,
1220,07/19/2021 09:43:51,14.54,1784.32,,
1221,07/19/2021 09:53:51,14.37,1859.20,,
1222,07/19/2021 10:03:51,14.28,1795.84,,
1223,07/19/2021 10:13:51,14.33,1847.04,,
1224,07/19/2021 10:23:51,14.37,1840.00,,
1225,07/19/2021 10:33:51,14.41,1937.92,,
1226,07/19/2021 10:43:51,14.24,1876.48,,
1227,07/19/2021 10:53:51,14.20,1748.48,,
1228,07/19/2021 11:03:51,13.85,1797.76,,
1229,07/19/2021 11:13:51,13.77,1903.36,,
1230,07/19/2021 11:23:51,13.81,1929.60,,
1231,07/19/2021 11:33:51,14.11,1793.92,,
1232,07/19/2021 11:43:51,14.03,1539.20,,
1233,07/19/2021 11:53:51,14.28,1519.36,,
1234,07/19/2021 12:03:51,14.67,1506.56,,
1235,07/19/2021 12:13:51,15.01,1514.88,,
1236,07/19/2021 12:23:51,15.31,1512.32,,
1237,07/19/2021 12:33:51,15.40,1502.72,,
1238,07/19/2021 12:43:51,15.06,1486.08,,
1239,07/19/2021 12:53:51,14.50,1489.28,,
1240,07/19/2021 13:03:51,14.24,1491.84,,
1241,07/19/2021 13:13:51,14.33,1515.52,,
1242,07/19/2021 13:23:51,14.24,1632.00,,
1243,07/19/2021 13:33:51,14.41,1628.16,,
1244,07/19/2021 13:43:51,14.37,1760.00,,
1245,07/19/2021 13:53:51,14.28,1948.16,,
1246,07/19/2021 14:03:51,14.11,1934.72,,
1247,07/19/2021 14:13:51,14.11,1922.56,,
1248,07/19/2021 14:23:51,13.94,1821.44,,
1249,07/19/2021 14:33:51,14.15,1920.64,,
1250,07/19/2021 14:43:51,14.03,2083.20,,
1251,07/19/2021 14:53:51,14.07,2488.96,,
1252,07/19/2021 15:03:51,14.07,2382.72,,
1253,07/19/2021 15:13:51,13.73,1944.96,,
1254,07/19/2021 15:23:51,13.73,2001.28,,
1255,07/19/2021 15:33:51,13.51,1944.96,,
1256,07/19/2021 15:43:51,13.47,1857.28,,
1257,07/19/2021 15:53:51,13.60,1891.84,,
1258,07/19/2021 16:03:51,13.60,1495.04,,
1259,07/19/2021 16:13:51,13.51,1296.64,,
1260,07/19/2021 16:23:51,13.47,1272.96,,
1261,07/19/2021 16:33:51,13.38,1227.52,,
1262,07/19/2021 16:43:51,13.43,1312.64,,
1263,07/19/2021 16:53:51,13.55,1605.76,,
1264,07/19/2021 17:03:51,13.81,1797.76,,
1265,07/19/2021 17:13:51,14.03,1728.00,,
1266,07/19/2021 17:23:51,14.28,2499.20,,
1267,07/19/2021 17:33:51,14.50,2435.84,,
1268,07/19/2021 17:43:51,14.54,2856.96,,
1269,07/19/2021 17:53:51,14.67,3406.08,,
1270,07/19/2021 18:03:51,14.93,3749.12,,
1271,07/19/2021 18:13:51,14.88,3160.32,,
1272,07/19/2021 18:23:51,14.80,2456.32,,
1273,07/19/2021 18:33:51,14.71,1334.40,,
1274,07/19/2021 18:43:51,14.75,1971.84,,
1275,07/19/2021 18:53:51,14.75,2762.24,,
1276,07/19/2021 19:03:51,14.50,1166.72,,
1277,07/19/2021 19:13:51,14.37,653.92,,
1278,07/19/2021 19:23:51,14.37,347.84,,
1279,07/19/2021 19:33:51,14.33,313.52,,
1280,07/19/2021 19:43:51,14.45,207.52,,
1281,07/19/2021 19:53:51,14.45,159.32,,
1282,07/19/2021 20:03:51,14.54,111.92,,
1283,07/19/2021 20:13:51,14.45,79.28,,
1284,07/19/2021 20:23:51,14.58,46.92,,
1285,07/19/2021 20:33:51,14.54,15.91,,
1286,07/19/2021 20:43:51,14.50,3.85,,
1287,07/19/2021 20:53:51,14.45,0.21,,
1288,07/19/2021 21:03:51,14.37,0.00,,
1289,07/19/2021 21:13:51,14.15,0.00,,
1290,07/19/2021 21:23:51,14.11,0.00,,
1291,07/19/2021 21:33:51,14.15,0.00,,
1292,07/19/2021 21:43:51,14.11,0.00,,
1293,07/19/2021 21:53:51,14.11,0.00,,
1294,07/19/2021 22:03:51,14.07,0.00,,
1295,07/19/2021 22:13:51,14.07,0.00,,
1296,07/19/2021 22:23:51,13.90,0.00,,
1297,07/19/2021 22:33:51,13.81,0.00,,
1298,07/19/2021 22:43:51,13.73,0.00,,
1299,07/19/2021 22:53:51,13.77,0.00,,
1300,07/19/2021 23:03:51,13.68,0.00,,
1301,07/19/2021 23:13:51,13.77,0.00,,
1302,07/19/2021 23:23:51,13.81,0.00,,
1303,07/19/2021 23:33:51,13.81,0.00,,
1304,07/19/2021 23:43:51,13.85,0.00,,
1305,07/19/2021 23:53:51,13.85,0.00,,
1306,07/20/2021 00:03:51,13.81,0.00,,
1307,07/20/2021 00:13:51,13.90,0.00,,
1308,07/20/2021 00:23:51,13.90,0.00,,
1309,07/20/2021 00:33:51,13.77,0.00,,
1310,07/20/2021 00:43:51,13.81,0.00,,
1311,07/20/2021 00:53:51,13.85,0.00,,
1312,07/20/2021 01:03:51,13.81,0.00,,
1313,07/20/2021 01:13:51,13.60,0.00,,
1314,07/20/2021 01:23:51,13.51,0.00,,
1315,07/20/2021 01:33:51,13.43,0.00,,
1316,07/20/2021 01:43:51,13.34,0.00,,
1317,07/20/2021 01:53:51,13.34,0.00,,
1318,07/20/2021 02:03:51,13.43,0.00,,
1319,07/20/2021 02:13:51,13.34,0.00,,
1320,07/20/2021 02:23:51,13.34,0.00,,
1321,07/20/2021 02:33:51,13.34,0.00,,
1322,07/20/2021 02:43:51,13.38,0.00,,
1323,07/20/2021 02:53:51,13.38,0.00,,
1324,07/20/2021 03:03:51,13.38,0.00,,
1325,07/20/2021 03:13:51,13.34,0.00,,
1326,07/20/2021 03:23:51,13.30,0.00,,
1327,07/20/2021 03:33:51,13.34,0.00,,
1328,07/20/2021 03:43:51,13.30,0.00,,
1329,07/20/2021 03:53:51,13.34,0.00,,
1330,07/20/2021 04:03:51,13.17,0.00,,
1331,07/20/2021 04:13:51,13.12,0.00,,
1332,07/20/2021 04:23:51,13.00,0.00,,
1333,07/20/2021 04:33:51,12.82,0.00,,
1334,07/20/2021 04:43:51,12.78,0.00,,
1335,07/20/2021 04:53:51,12.87,0.00,,
1336,07/20/2021 05:03:51,12.82,0.00,,
1337,07/20/2021 05:13:51,12.74,0.00,,
1338,07/20/2021 05:23:51,12.61,0.00,,
1339,07/20/2021 05:33:51,12.78,0.00,,
1340,07/20/2021 05:43:51,12.78,0.21,,
1341,07/20/2021 05:53:51,12.52,2.99,,
1342,07/20/2021 06:03:51,12.57,9.22,,
1343,07/20/2021 06:13:51,12.40,18.67,,
1344,07/20/2021 06:23:51,12.52,30.06,,
1345,07/20/2021 06:33:51,12.52,50.34,,
1346,07/20/2021 06:43:51,12.40,80.88,,
1347,07/20/2021 06:53:51,12.48,93.84,,
1348,07/20/2021 07:03:51,12.31,132.56,,
1349,07/20/2021 07:13:51,12.18,158.48,,
1350,07/20/2021 07:23:51,12.31,191.92,,
1351,07/20/2021 07:33:51,12.31,213.52,,
1352,07/20/2021 07:43:51,12.40,260.00,,
1353,07/20/2021 07:53:51,12.35,336.00,,
1354,07/20/2021 08:03:51,12.52,447.68,,
1355,07/20/2021 08:13:51,12.57,533.28,,
1356,07/20/2021 08:23:51,12.65,453.60,,
1357,07/20/2021 08:33:51,12.48,472.00,,
1358,07/20/2021 08:43:51,12.44,677.12,,
1359,07/20/2021 08:53:51,12.57,912.32,,
1360,07/20/2021 09:03:51,12.70,889.60,,
1361,07/20/2021 09:13:51,12.82,858.56,,
1362,07/20/2021 09:23:51,12.91,859.20,,
1363,07/20/2021 09:33:51,12.82,920.96,,
1364,07/20/2021 09:43:51,12.74,850.88,,
1365,07/20/2021 09:53:51,12.70,1012.48,,
1366,07/20/2021 10:03:51,12.74,1051.84,,
1367,07/20/2021 10:13:51,12.65,1212.16,,
1368,07/20/2021 10:23:51,12.87,1486.72,,
1369,07/20/2021 10:33:51,13.00,1351.68,,
1370,07/20/2021 10:43:51,12.95,1163.20,,
1371,07/20/2021 10:53:51,12.91,1441.92,,
1372,07/20/2021 11:03:51,13.25,1823.36,,
1373,07/20/2021 11:13:51,13.17,1610.88,,
1374,07/20/2021 11:23:51,13.17,1432.96,,
1375,07/20/2021 11:33:51,13.25,1514.24,,
1376,07/20/2021 11:43:51,13.25,1629.44,,
1377,07/20/2021 11:53:51,13.12,1444.48,,
1378,07/20/2021 12:03:51,13.00,1531.52,,
1379,07/20/2021 12:13:51,13.08,1530.24,,
1380,07/20/2021 12:23:51,13.25,1528.32,,
1381,07/20/2021 12:33:51,13.34,1545.60,,
1382,07/20/2021 12:43:51,13.47,1478.40,,
1383,07/20/2021 12:53:51,13.47,1586.56,,
1384,07/20/2021 13:03:51,13.68,1625.60,,
1385,07/20/2021 13:13:51,13.85,1743.36,,
1386,07/20/2021 13:23:51,13.73,1773.44,,
1387,07/20/2021 13:33:51,13.94,1903.36,,
1388,07/20/2021 13:43:51,13.94,1763.20,,
1389,07/20/2021 13:53:51,13.94,1941.12,,
1390,07/20/2021 14:03:51,13.98,1898.24,,
1391,07/20/2021 14:13:51,14.07,1884.80,,
1392,07/20/2021 14:23:51,14.03,2097.28,,
1393,07/20/2021 14:33:51,14.07,2108.80,,
1394,07/20/2021 14:43:51,14.15,2287.36,,
1395,07/20/2021 14:53:51,14.07,1951.36,,
1396,07/20/2021 15:03:51,14.11,2013.44,,
1397,07/20/2021 15:13:51,14.37,2240.64,,
1398,07/20/2021 15:23:51,14.45,2124.16,,
1399,07/20/2021 15:33:51,14.33,2100.48,,
1400,07/20/2021 15:43:51,14.50,2270.08,,
1401,07/20/2021 15:53:51,14.71,2102.40,,
1402,07/20/2021 16:03:51,14.80,3171.84,,
1403,07/20/2021 16:13:51,14.84,2817.28,,
1404,07/20/2021 16:23:51,14.75,2282.24,,
1405,07/20/2021 16:33:51,14.63,2001.28,,
1406,07/20/2021 16:43:51,14.50,2042.24,,
1407,07/20/2021 16:53:51,14.67,2372.48,,
1408,07/20/2021 17:03:51,14.58,2138.24,,
1409,07/20/2021 17:13:51,14.54,1961.60,,
1410,07/20/2021 17:23:51,14.45,1932.80,,
1411,07/20/2021 17:33:51,14.50,1632.00,,
1412,07/20/2021 17:43:51,14.41,1575.68,,
1413,07/20/2021 17:53:51,14.71,2414.08,,
1414,07/20/2021 18:03:51,14.84,3004.16,,
1415,07/20/2021 18:13:51,15.01,3618.56,,
1416,07/20/2021 18:23:51,15.27,3343.36,,
1417,07/20/2021 18:33:51,15.48,4385.28,,
1418,07/20/2021 18:43:51,15.61,3420.16,,
1419,07/20/2021 18:53:51,15.61,2805.76,,
1420,07/20/2021 19:03:51,15.61,3710.72,,
1421,07/20/2021 19:13:51,15.14,1737.60,,
1422,07/20/2021 19:23:51,14.97,1289.92,,
1423,07/20/2021 19:33:51,15.01,744.96,,
1424,07/20/2021 19:43:51,14.93,1392.64,,
1425,07/20/2021 19:53:51,14.88,1093.12,,
1426,07/20/2021 20:03:51,14.80,738.56,,
1427,07/20/2021 20:13:51,14.58,298.96,,
1428,07/20/2021 20:23:51,14.71,98.32,,
1429,07/20/2021 20:33:51,14.80,39.96,,
1430,07/20/2021 20:43:51,15.40,10.29,,
1431,07/20/2021 20:53:51,15.96,1.28,,
1432,07/20/2021 21:03:51,16.17,0.00,,
1433,07/20/2021 21:13:51,16.00,0.00,,
1434,07/20/2021 21:23:51,15.53,0.00,,
1435,07/20/2021 21:33:51,15.40,0.00,,
1436,07/20/2021 21:43:51,14.71,0.00,,
1437,07/20/2021 21:53:51,14.11,0.00,,
1438,07/20/2021 22:03:51,13.60,0.00,,
1439,07/20/2021 22:13:51,13.43,0.00,,
1440,07/20/2021 22:23:51,13.43,0.00,,
1441,07/20/2021 22:33:51,13.47,0.00,,
1442,07/20/2021 22:43:51,13.60,0.00,,
1443,07/20/2021 22:53:51,13.60,0.00,,
1444,07/20/2021 23:03:51,13.68,0.00,,
1445,07/20/2021 23:13:51,13.55,0.00,,
1446,07/20/2021 23:23:51,13.51,0.00,,
1447,07/20/2021 23:33:51,13.51,0.00,,
1448,07/20/2021 23:43:51,13.51,0.00,,
1449,07/20/2021 23:53:51,13.38,0.00,,
1450,07/21/2021 00:03:51,13.43,0.00,,
1451,07/21/2021 00:13:51,13.30,0.00,,
1452,07/21/2021 00:23:51,13.34,0.00,,
1453,07/21/2021 00:33:51,13.34,0.00,,
1454,07/21/2021 00:43:51,13.43,0.00,,
1455,07/21/2021 00:53:51,13.30,0.00,,
1456,07/21/2021 01:03:51,13.30,0.00,,
1457,07/21/2021 01:13:51,13.34,0.00,,
1458,07/21/2021 01:23:51,13.30,0.00,,
1459,07/21/2021 01:33:51,13.21,0.00,,
1460,07/21/2021 01:43:51,13.12,0.00,,
1461,07/21/2021 01:53:51,13.08,0.00,,
1462,07/21/2021 02:03:51,13.04,0.00,,
1463,07/21/2021 02:13:51,13.12,0.00,,
1464,07/21/2021 02:23:51,13.12,0.00,,
1465,07/21/2021 02:33:51,13.04,0.00,,
1466,07/21/2021 02:43:51,13.00,0.00,,
1467,07/21/2021 02:53:51,12.87,0.00,,
1468,07/21/2021 03:03:51,12.82,0.00,,
1469,07/21/2021 03:13:51,12.82,0.00,,
1470,07/21/2021 03:23:51,12.78,0.00,,
1471,07/21/2021 03:33:51,12.74,0.00,,
1472,07/21/2021 03:43:51,12.65,0.00,,
1473,07/21/2021 03:53:51,12.57,0.00,,
1474,07/21/2021 04:03:51,12.57,0.00,,
1475,07/21/2021 04:13:51,12.57,0.00,,
1476,07/21/2021 04:23:51,12.48,0.00,,
1477,07/21/2021 04:33:51,12.48,0.00,,
1478,07/21/2021 04:43:51,12.44,0.00,,
1479,07/21/2021 04:53:51,12.48,0.00,,
1480,07/21/2021 05:03:51,12.48,0.00,,
1481,07/21/2021 05:13:51,12.44,0.00,,
1482,07/21/2021 05:23:51,12.44,0.00,,
1483,07/21/2021 05:33:51,12.44,0.00,,
1484,07/21/2021 05:43:51,12.44,0.21,,
1485,07/21/2021 05:53:51,12.35,3.63,,
1486,07/21/2021 06:03:51,12.27,16.74,,
1487,07/21/2021 06:13:51,12.22,42.16,,
1488,07/21/2021 06:23:51,12.18,91.24,,
1489,07/21/2021 06:33:51,12.14,144.64,,
1490,07/21/2021 06:43:51,12.10,213.76,,
1491,07/21/2021 06:53:51,12.01,275.60,,
1492,07/21/2021 07:03:51,11.92,418.56,,
1493,07/21/2021 07:13:51,12.10,705.60,,
1494,07/21/2021 07:23:51,12.18,615.84,,
1495,07/21/2021 07:33:51,12.22,596.96,,
1496,07/21/2021 07:43:51,12.18,825.92,,
1497,07/21/2021 07:53:51,12.35,933.12,,
1498,07/21/2021 08:03:51,12.61,1310.08,,
1499,07/21/2021 08:13:51,12.87,1871.36,,
1500,07/21/2021 08:23:51,12.91,1984.00,,
1501,07/21/2021 08:33:51,12.87,1941.12,,
1502,07/21/2021 08:43:51,12.95,1930.88,,
1503,07/21/2021 08:53:51,13.12,1923.84,,
1504,07/21/2021 09:03:51,13.12,1780.48,,
1505,07/21/2021 09:13:51,13.17,1804.16,,
1506,07/21/2021 09:23:51,13.25,1786.88,,
1507,07/21/2021 09:33:51,13.21,1829.76,,
1508,07/21/2021 09:43:51,13.38,1666.56,,
1509,07/21/2021 09:53:51,13.64,1629.44,,
1510,07/21/2021 10:03:51,13.77,1648.64,,
1511,07/21/2021 10:13:51,13.98,1714.56,,
1512,07/21/2021 10:23:51,14.07,1871.36,,
1513,07/21/2021 10:33:51,13.94,1633.92,,
1514,07/21/2021 10:43:51,13.81,1578.88,,
1515,07/21/2021 10:53:51,13.81,1544.96,,
1516,07/21/2021 11:03:51,13.73,1543.04,,
1517,07/21/2021 11:13:51,13.68,1458.56,,
1518,07/21/2021 11:23:51,13.64,1420.80,,
1519,07/21/2021 11:33:51,13.77,1405.44,,
1520,07/21/2021 11:43:51,13.85,1431.68,,
1521,07/21/2021 11:53:51,13.85,1314.56,,
1522,07/21/2021 12:03:51,14.11,1367.04,,
1523,07/21/2021 12:13:51,14.20,1363.20,,
1524,07/21/2021 12:23:51,14.20,1337.60,,
1525,07/21/2021 12:33:51,14.20,1292.48,,
1526,07/21/2021 12:43:51,14.24,1278.72,,
1527,07/21/2021 12:53:51,14.24,1286.40,,
1528,07/21/2021 13:03:51,14.41,1277.12,,
1529,07/21/2021 13:13:51,14.41,1309.76,,
1530,07/21/2021 13:23:51,14.63,1332.48,,
1531,07/21/2021 13:33:51,14.50,1341.44,,
1532,07/21/2021 13:43:51,14.50,1321.60,,
1533,07/21/2021 13:53:51,14.54,1376.00,,
1534,07/21/2021 14:03:51,14.58,1396.48,,
1535,07/21/2021 14:13:51,14.63,1428.48,,
1536,07/21/2021 14:23:51,14.71,1501.44,,
1537,07/21/2021 14:33:51,14.71,1520.64,,
1538,07/21/2021 14:43:51,14.80,1598.08,,
1539,07/21/2021 14:53:51,14.80,1632.00,,
1540,07/21/2021 15:03:51,14.93,1704.96,,
1541,07/21/2021 15:13:51,14.80,1778.56,,
1542,07/21/2021 15:23:51,14.75,1866.24,,
1543,07/21/2021 15:33:51,14.80,1958.40,,
1544,07/21/2021 15:43:51,14.75,2047.36,,
1545,07/21/2021 15:53:51,14.88,2119.04,,
1546,07/21/2021 16:03:51,14.97,2216.96,,
1547,07/21/2021 16:13:51,15.23,2444.80,,
1548,07/21/2021 16:23:51,15.27,2440.96,,
1549,07/21/2021 16:33:51,15.27,2453.12,,
1550,07/21/2021 16:43:51,15.23,2772.48,,
1551,07/21/2021 16:53:51,15.18,2605.44,,
1552,07/21/2021 17:03:51,15.31,3009.28,,
1553,07/21/2021 17:13:51,15.36,3307.52,,
1554,07/21/2021 17:23:51,15.36,3317.76,,
1555,07/21/2021 17:33:51,15.18,3124.48,,
1556,07/21/2021 17:43:51,15.44,3342.08,,
1557,07/21/2021 17:53:51,15.44,3447.04,,
1558,07/21/2021 18:03:51,15.40,3454.72,,
1559,07/21/2021 18:13:51,15.57,3489.28,,
1560,07/21/2021 18:23:51,15.53,3824.64,,
1561,07/21/2021 18:33:51,15.44,3841.28,,
1562,07/21/2021 18:43:51,15.36,3732.48,,
1563,07/21/2021 18:53:51,15.44,3516.16,,
1564,07/21/2021 19:03:51,15.44,3100.16,,
1565,07/21/2021 19:13:51,15.36,2982.40,,
1566,07/21/2021 19:23:51,15.31,2675.20,,
1567,07/21/2021 19:33:51,15.14,1968.64,,
1568,07/21/2021 19:43:51,14.97,1619.20,,
1569,07/21/2021 19:53:51,14.75,1192.32,,
1570,07/21/2021 20:03:51,14.54,779.84,,
1571,07/21/2021 20:13:51,14.45,240.96,,
1572,07/21/2021 20:23:51,14.41,75.76,,
1573,07/21/2021 20:33:51,14.33,32.69,,
1574,07/21/2021 20:43:51,14.41,8.37,,
1575,07/21/2021 20:53:51,15.53,0.21,,
1576,07/21/2021 21:03:51,17.63,0.00,,
1577,07/21/2021 21:13:51,18.40,0.00,,
1578,07/21/2021 21:23:51,18.32,0.00,,
1579,07/21/2021 21:33:51,17.89,0.00,,
1580,07/21/2021 21:43:51,17.63,0.00,,
1581,07/21/2021 21:53:51,17.46,0.00,,
1582,07/21/2021 22:03:51,17.37,0.00,,
1583,07/21/2021 22:13:51,17.41,0.00,,
1584,07/21/2021 22:23:51,17.54,0.00,,
1585,07/21/2021 22:33:51,17.63,0.00,,
1586,07/21/2021 22:43:51,16.47,0.00,,
1587,07/21/2021 22:53:51,14.11,0.00,,
1588,07/21/2021 23:03:51,13.68,0.00,,
1589,07/21/2021 23:13:51,13.43,0.00,,
1590,07/21/2021 23:23:51,13.21,0.00,,
1591,07/21/2021 23:33:51,13.25,0.00,,
1592,07/21/2021 23:43:51,13.12,0.00,,
1593,07/21/2021 23:53:51,13.00,0.00,,
1594,07/22/2021 00:03:51,12.82,0.00,,
1595,07/22/2021 00:13:51,12.74,0.00,,
1596,07/22/2021 00:23:51,12.82,0.00,,
1597,07/22/2021 00:33:51,12.61,0.00,,
1598,07/22/2021 00:43:51,12.48,0.00,,
1599,07/22/2021 00:53:51,12.52,0.00,,
1600,07/22/2021 01:03:51,12.40,0.00,,
1601,07/22/2021 01:13:51,12.35,0.00,,
1602,07/22/2021 01:23:51,12.40,0.00,,
1603,07/22/2021 01:33:51,12.48,0.00,,
1604,07/22/2021 01:43:51,12.35,0.00,,
1605,07/22/2021 01:53:51,12.22,0.00,,
1606,07/22/2021 02:03:51,12.22,0.00,,
1607,07/22/2021 02:13:51,12.22,0.00,,
1608,07/22/2021 02:23:51,12.27,0.00,,
1609,07/22/2021 02:33:51,12.31,0.00,,
1610,07/22/2021 02:43:51,12.22,0.00,,
1611,07/22/2021 02:53:51,11.88,0.00,,
1612,07/22/2021 03:03:51,11.62,0.00,,
1613,07/22/2021 03:13:51,11.84,0.00,,
1614,07/22/2021 03:23:51,11.67,0.00,,
1615,07/22/2021 03:33:51,11.71,0.00,,
1616,07/22/2021 03:43:51,11.75,0.00,,
1617,07/22/2021 03:53:51,11.62,0.00,,
1618,07/22/2021 04:03:51,11.62,0.00,,
1619,07/22/2021 04:13:51,11.67,0.00,,
1620,07/22/2021 04:23:51,11.67,0.00,,
1621,07/22/2021 04:33:51,11.37,0.00,,
1622,07/22/2021 04:43:51,11.32,0.00,,
1623,07/22/2021 04:53:51,11.49,0.00,,
1624,07/22/2021 05:03:51,11.41,0.00,,
1625,07/22/2021 05:13:51,11.45,0.00,,
1626,07/22/2021 05:23:51,11.49,0.00,,
1627,07/22/2021 05:33:51,11.28,0.00,,
1628,07/22/2021 05:43:51,11.11,0.64,,
1629,07/22/2021 05:53:51,11.02,6.42,,
1630,07/22/2021 06:03:51,10.98,24.93,,
1631,07/22/2021 06:13:51,10.59,63.24,,
1632,07/22/2021 06:23:51,11.07,123.04,,
1633,07/22/2021 06:33:51,11.07,198.16,,
1634,07/22/2021 06:43:51,10.94,282.64,,
1635,07/22/2021 06:53:51,11.41,336.80,,
1636,07/22/2021 07:03:51,11.58,328.16,,
1637,07/22/2021 07:13:51,11.49,472.00,,
1638,07/22/2021 07:23:51,11.45,508.80,,
1639,07/22/2021 07:33:51,11.58,577.28,,
1640,07/22/2021 07:43:51,11.54,484.00,,
1641,07/22/2021 07:53:51,11.54,567.52,,
1642,07/22/2021 08:03:51,11.67,655.68,,
1643,07/22/2021 08:13:51,11.92,853.76,,
1644,07/22/2021 08:23:51,12.05,2045.44,,
1645,07/22/2021 08:33:51,12.10,976.64,,
1646,07/22/2021 08:43:51,11.92,894.40,,
1647,07/22/2021 08:53:51,11.84,789.12,,
1648,07/22/2021 09:03:51,11.84,801.92,,
1649,07/22/2021 09:13:51,11.84,980.16,,
1650,07/22/2021 09:23:51,11.75,823.04,,
1651,07/22/2021 09:33:51,11.67,851.52,,
1652,07/22/2021 09:43:51,11.58,1003.20,,
1653,07/22/2021 09:53:51,11.62,1041.60,,
1654,07/22/2021 10:03:51,11.75,1116.16,,
1655,07/22/2021 10:13:51,12.05,1387.52,,
1656,07/22/2021 10:23:51,12.31,1358.08,,
1657,07/22/2021 10:33:51,12.40,1483.52,,
1658,07/22/2021 10:43:51,12.52,2338.56,,
1659,07/22/2021 10:53:51,12.61,1735.04,,
1660,07/22/2021 11:03:51,12.52,1694.08,,
1661,07/22/2021 11:13:51,12.44,1629.44,,
1662,07/22/2021 11:23:51,12.40,1771.52,,
1663,07/22/2021 11:33:51,12.57,1749.76,,
1664,07/22/2021 11:43:51,12.48,1474.56,,
1665,07/22/2021 11:53:51,12.61,1443.20,,
1666,07/22/2021 12:03:51,12.52,1380.48,,
1667,07/22/2021 12:13:51,12.57,1395.84,,
1668,07/22/2021 12:23:51,12.40,1382.40,,
1669,07/22/2021 12:33:51,12.40,1362.56,,
1670,07/22/2021 12:43:51,12.14,1346.56,,
1671,07/22/2021 12:53:51,12.35,1336.32,,
1672,07/22/2021 13:03:51,12.27,1521.92,,
1673,07/22/2021 13:13:51,12.31,1666.56,,
1674,07/22/2021 13:23:51,12.40,1639.68,,
1675,07/22/2021 13:33:51,12.48,1445.76,,
1676,07/22/2021 13:43:51,12.74,1514.88,,
1677,07/22/2021 13:53:51,13.17,1427.84,,
1678,07/22/2021 14:03:51,13.21,1492.48,,
1679,07/22/2021 14:13:51,13.34,1501.44,,
1680,07/22/2021 14:23:51,13.47,1381.12,,
1681,07/22/2021 14:33:51,13.47,1717.76,,
1682,07/22/2021 14:43:51,13.73,1679.36,,
1683,07/22/2021 14:53:51,13.77,1790.72,,
1684,07/22/2021 15:03:51,13.94,1762.56,,
1685,07/22/2021 15:13:51,13.98,1847.04,,
1686,07/22/2021 15:23:51,14.03,2021.76,,
1687,07/22/2021 15:33:51,14.03,1934.72,,
1688,07/22/2021 15:43:51,14.11,2087.04,,
1689,07/22/2021 15:53:51,14.15,2064.64,,
1690,07/22/2021 16:03:51,14.28,2232.32,,
1691,07/22/2021 16:13:51,14.07,2288.64,,
1692,07/22/2021 16:23:51,14.28,2377.60,,
1693,07/22/2021 16:33:51,14.15,2432.64,,
1694,07/22/2021 16:43:51,14.45,2836.48,,
1695,07/22/2021 16:53:51,14.37,2785.28,,
1696,07/22/2021 17:03:51,14.45,3070.72,,
1697,07/22/2021 17:13:51,14.45,3064.32,,
1698,07/22/2021 17:23:51,14.58,3073.28,,
1699,07/22/2021 17:33:51,14.45,3098.88,,
1700,07/22/2021 17:43:51,14.54,3232.00,,
1701,07/22/2021 17:53:51,14.58,3573.76,,
1702,07/22/2021 18:03:51,14.67,3479.04,,
1703,07/22/2021 18:13:51,14.71,3520.00,,
1704,07/22/2021 18:23:51,14.67,3605.76,,
1705,07/22/2021 18:33:51,14.71,4047.36,,
1706,07/22/2021 18:43:51,14.75,3680.00,,
1707,07/22/2021 18:53:51,14.80,3930.88,,
1708,07/22/2021 19:03:51,14.84,3454.72,,
1709,07/22/2021 19:13:51,14.71,3194.88,,
1710,07/22/2021 19:23:51,14.67,3060.48,,
1711,07/22/2021 19:33:51,14.58,2726.40,,
1712,07/22/2021 19:43:51,14.50,1893.12,,
1713,07/22/2021 19:53:51,14.20,1336.96,,
1714,07/22/2021 20:03:51,13.94,710.40,,
1715,07/22/2021 20:13:51,13.77,230.64,,
1716,07/22/2021 20:23:51,13.73,77.46,,
1717,07/22/2021 20:33:51,13.51,27.92,,
1718,07/22/2021 20:43:51,13.47,7.08,,
1719,07/22/2021 20:53:51,13.51,0.64,,
1720,07/22/2021 21:03:51,13.55,0.00,,
1721,07/22/2021 21:13:51,13.55,0.00,,
1722,07/22/2021 21:23:51,13.43,0.00,,
1723,07/22/2021 21:33:51,13.55,0.00,,
1724,07/22/2021 21:43:51,13.68,0.00,,
1725,07/22/2021 21:53:51,13.94,0.00,,
1726,07/22/2021 22:03:51,16.00,0.00,,
1727,07/22/2021 22:13:51,17.93,0.00,,
1728,07/22/2021 22:23:51,18.10,0.00,,
1729,07/22/2021 22:33:51,18.02,0.00,,
1730,07/22/2021 22:43:51,18.02,0.00,,
1731,07/22/2021 22:53:51,17.84,0.00,,
1732,07/22/2021 23:03:51,17.84,0.00,,
1733,07/22/2021 23:13:51,17.63,0.00,,
1734,07/22/2021 23:23:51,17.46,0.00,,
1735,07/22/2021 23:33:51,16.56,0.00,,
1736,07/22/2021 23:43:51,15.14,0.00,,
1737,07/22/2021 23:53:51,14.20,0.00,,
1738,07/23/2021 00:03:51,13.68,0.00,,
1739,07/23/2021 00:13:51,13.21,0.00,,
1740,07/23/2021 00:23:51,12.78,0.00,,
1741,07/23/2021 00:33:51,12.74,0.00,,
1742,07/23/2021 00:43:51,12.61,0.00,,
1743,07/23/2021 00:53:51,12.61,0.00,,
1744,07/23/2021 01:03:51,12.70,0.00,,
1745,07/23/2021 01:13:51,12.70,0.00,,
1746,07/23/2021 01:23:51,12.82,0.00,,
1747,07/23/2021 01:33:51,12.57,0.00,,
1748,07/23/2021 01:43:51,12.44,0.00,,
1749,07/23/2021 01:53:51,12.27,0.00,,
1750,07/23/2021 02:03:51,12.14,0.00,,
1751,07/23/2021 02:13:51,11.97,0.00,,
1752,07/23/2021 02:23:51,11.54,0.00,,
1753,07/23/2021 02:33:51,11.92,0.00,,
1754,07/23/2021 02:43:51,12.10,0.00,,
1755,07/23/2021 02:53:51,11.67,0.00,,
1756,07/23/2021 03:03:51,11.54,0.00,,
1757,07/23/2021 03:13:51,10.68,0.00,,
1758,07/23/2021 03:23:51,10.85,0.00,,
1759,07/23/2021 03:33:51,10.94,0.00,,
1760,07/23/2021 03:43:51,10.51,0.00,,
1761,07/23/2021 03:53:51,10.34,0.00,,
1762,07/23/2021 04:03:51,10.21,0.00,,
1763,07/23/2021 04:13:51,10.34,0.00,,
1764,07/23/2021 04:23:51,9.99,0.00,,
1765,07/23/2021 04:33:51,10.12,0.00,,
1766,07/23/2021 04:43:51,9.91,0.00,,
1767,07/23/2021 04:53:51,9.56,0.00,,
1768,07/23/2021 05:03:51,9.56,0.00,,
1769,07/23/2021 05:13:51,9.26,0.00,,
1770,07/23/2021 05:23:51,9.48,0.00,,
1771,07/23/2021 05:33:51,9.09,0.00,,
1772,07/23/2021 05:43:51,9.01,0.42,,
1773,07/23/2021 05:53:51,8.62,5.56,,
1774,07/23/2021 06:03:51,8.71,23.22,,
1775,07/23/2021 06:13:51,8.75,64.90,,
1776,07/23/2021 06:23:51,8.79,126.56,,
1777,07/23/2021 06:33:51,8.75,202.40,,
1778,07/23/2021 06:43:51,8.62,285.92,,
1779,07/23/2021 06:53:51,8.66,382.56,,
1780,07/23/2021 07:03:51,9.09,1078.40,,
1781,07/23/2021 07:13:51,9.48,1336.32,,
1782,07/23/2021 07:23:51,9.91,1424.00,,
1783,07/23/2021 07:33:51,10.98,1577.60,,
1784,07/23/2021 07:43:51,11.79,1710.08,,
1785,07/23/2021 07:53:51,12.27,1704.32,,
1786,07/23/2021 08:03:51,12.57,1847.04,,
1787,07/23/2021 08:13:51,13.08,1819.52,,
1788,07/23/2021 08:23:51,13.21,1866.24,,
1789,07/23/2021 08:33:51,13.47,1882.88,,
1790,07/23/2021 08:43:51,13.64,1886.72,,
1791,07/23/2021 08:53:51,14.03,1886.72,,
1792,07/23/2021 09:03:51,14.15,1893.12,,
1793,07/23/2021 09:13:51,14.37,1864.32,,
1794,07/23/2021 09:23:51,14.54,1855.36,,
1795,07/23/2021 09:33:51,14.67,1811.20,,
1796,07/23/2021 09:43:51,14.45,1795.84,,
1797,07/23/2021 09:53:51,14.45,1754.88,,
1798,07/23/2021 10:03:51,14.54,1737.60,,
1799,07/23/2021 10:13:51,14.88,1628.80,,
1800,07/23/2021 10:23:51,14.75,1662.08,,
1801,07/23/2021 10:33:51,14.71,1593.60,,
1802,07/23/2021 10:43:51,14.67,1534.72,,
1803,07/23/2021 10:53:51,14.45,1499.52,,
1804,07/23/2021 11:03:51,14.58,1321.60,,
1805,07/23/2021 11:13:51,14.33,1375.36,,
1806,07/23/2021 11:23:51,13.94,1329.92,,
1807,07/23/2021 11:33:51,13.94,1308.80,,
1808,07/23/2021 11:43:51,14.24,1267.84,,
1809,07/23/2021 11:53:51,14.37,1350.40,,
1810,07/23/2021 12:03:51,14.45,1279.68,,
1811,07/23/2021 12:13:51,14.71,1228.16,,
1812,07/23/2021 12:23:51,14.75,1224.00,,
1813,07/23/2021 12:33:51,14.88,1212.80,,
1814,07/23/2021 12:43:51,14.97,1178.56,,
1815,07/23/2021 12:53:51,15.01,1181.12,,
1816,07/23/2021 13:03:51,15.01,1211.20,,
1817,07/23/2021 13:13:51,15.01,1227.52,,
1818,07/23/2021 13:23:51,15.06,1275.52,,
1819,07/23/2021 13:33:51,15.06,1291.52,,
1820,07/23/2021 13:43:51,14.88,1349.76,,
1821,07/23/2021 13:53:51,14.88,1395.84,,
1822,07/23/2021 14:03:51,14.88,1443.84,,
1823,07/23/2021 14:13:51,15.14,1492.48,,
1824,07/23/2021 14:23:51,15.14,1591.68,,
1825,07/23/2021 14:33:51,14.88,1712.00,,
1826,07/23/2021 14:43:51,14.93,1841.92,,
1827,07/23/2021 14:53:51,15.01,1836.80,,
1828,07/23/2021 15:03:51,15.06,1953.28,,
1829,07/23/2021 15:13:51,15.01,2097.28,,
1830,07/23/2021 15:23:51,14.84,2182.40,,
1831,07/23/2021 15:33:51,14.88,2259.84,,
1832,07/23/2021 15:43:51,15.14,2369.28,,
1833,07/23/2021 15:53:51,15.18,2509.44,,
1834,07/23/2021 16:03:51,15.14,2566.40,,
1835,07/23/2021 16:13:51,15.06,2675.20,,
1836,07/23/2021 16:23:51,15.06,2821.12,,
1837,07/23/2021 16:33:51,14.84,2979.84,,
1838,07/23/2021 16:43:51,14.93,3095.04,,
1839,07/23/2021 16:53:51,14.93,3232.00,,
1840,07/23/2021 17:03:51,14.97,3299.84,,
1841,07/23/2021 17:13:51,15.01,3540.48,,
1842,07/23/2021 17:23:51,15.18,3704.32,,
1843,07/23/2021 17:33:51,14.97,3889.92,,
1844,07/23/2021 17:43:51,15.01,3947.52,,
1845,07/23/2021 17:53:51,15.06,4321.28,,
1846,07/23/2021 18:03:51,15.18,4605.44,,
1847,07/23/2021 18:13:51,15.01,4632.32,,
1848,07/23/2021 18:23:51,15.01,4636.16,,
1849,07/23/2021 18:33:51,15.01,4934.40,,
1850,07/23/2021 18:43:51,15.18,4550.40,,
1851,07/23/2021 18:53:51,15.18,4636.16,,
1852,07/23/2021 19:03:51,15.18,4358.40,,
1853,07/23/2021 19:13:51,15.10,4207.36,,
1854,07/23/2021 19:23:51,14.97,3368.96,,
1855,07/23/2021 19:33:51,14.58,3000.32,,
1856,07/23/2021 19:43:51,14.33,1915.52,,
1857,07/23/2021 19:53:51,14.15,1220.48,,
1858,07/23/2021 20:03:51,13.77,620.96,,
1859,07/23/2021 20:13:51,13.60,195.12,,
1860,07/23/2021 20:23:51,13.43,69.76,,
1861,07/23/2021 20:33:51,13.34,27.92,,
1862,07/23/2021 20:43:51,13.25,6.84,,
1863,07/23/2021 20:53:51,13.21,0.42,,
1864,07/23/2021 21:03:51,13.12,0.00,,
1865,07/23/2021 21:13:51,13.08,0.00,,
1866,07/23/2021 21:23:51,13.08,0.00,,
1867,07/23/2021 21:33:51,13.34,0.00,,
1868,07/23/2021 21:43:51,13.34,0.00,,
1869,07/23/2021 21:53:51,13.21,0.00,,
1870,07/23/2021 22:03:51,13.21,0.00,,
1871,07/23/2021 22:13:51,13.34,0.00,,
1872,07/23/2021 22:23:51,13.38,0.00,,
1873,07/23/2021 22:33:51,13.47,0.00,,
1874,07/23/2021 22:43:51,13.60,0.00,,
1875,07/23/2021 22:53:51,14.20,0.00,,
1876,07/23/2021 23:03:51,16.08,0.00,,
1877,07/23/2021 23:13:51,16.94,0.00,,
1878,07/23/2021 23:23:51,17.20,0.00,,
1879,07/23/2021 23:33:51,17.20,0.00,,
1880,07/23/2021 23:43:51,17.24,0.00,,
1881,07/23/2021 23:53:51,17.20,0.00,,
1882,07/24/2021 00:03:51,17.03,0.00,,
1883,07/24/2021 00:13:51,16.13,0.00,,
1884,07/24/2021 00:23:51,14.15,0.00,,
1885,07/24/2021 00:33:51,13.47,0.00,,
1886,07/24/2021 00:43:51,13.34,0.00,,
1887,07/24/2021 00:53:51,13.21,0.00,,
1888,07/24/2021 01:03:51,13.04,0.00,,
1889,07/24/2021 01:13:51,12.95,0.00,,
1890,07/24/2021 01:23:51,12.91,0.00,,
1891,07/24/2021 01:33:51,12.70,0.00,,
1892,07/24/2021 01:43:51,12.70,0.00,,
1893,07/24/2021 01:53:51,12.65,0.00,,
1894,07/24/2021 02:03:51,12.44,0.00,,
1895,07/24/2021 02:13:51,12.35,0.00,,
1896,07/24/2021 02:23:51,12.40,0.00,,
1897,07/24/2021 02:33:51,12.48,0.00,,
1898,07/24/2021 02:43:51,12.35,0.00,,
1899,07/24/2021 02:53:51,12.35,0.00,,
1900,07/24/2021 03:03:51,12.52,0.00,,
1901,07/24/2021 03:13:51,12.35,0.00,,
1902,07/24/2021 03:23:51,12.44,0.00,,
1903,07/24/2021 03:33:51,12.27,0.00,,
1904,07/24/2021 03:43:51,12.18,0.00,,
1905,07/24/2021 03:53:51,12.10,0.00,,
1906,07/24/2021 04:03:51,12.01,0.00,,
1907,07/24/2021 04:13:51,11.97,0.00,,
1908,07/24/2021 04:23:51,12.10,0.00,,
1909,07/24/2021 04:33:51,12.14,0.00,,
1910,07/24/2021 04:43:51,12.18,0.00,,
1911,07/24/2021 04:53:51,12.27,0.00,,
1912,07/24/2021 05:03:51,12.61,0.00,,
1913,07/24/2021 05:13:51,12.74,0.00,,
1914,07/24/2021 05:23:51,12.61,0.00,,
1915,07/24/2021 05:33:51,12.14,0.00,,
1916,07/24/2021 05:43:51,12.01,0.00,,
1917,07/24/2021 05:53:51,12.10,1.07,,
1918,07/24/2021 06:03:51,12.22,5.99,,
1919,07/24/2021 06:13:51,12.35,15.65,,
1920,07/24/2021 06:23:51,12.35,28.30,,
1921,07/24/2021 06:33:51,12.40,44.72,,
1922,07/24/2021 06:43:51,12.44,76.60,,
1923,07/24/2021 06:53:51,12.44,105.92,,
1924,07/24/2021 07:03:51,12.52,138.56,,
1925,07/24/2021 07:13:51,12.48,176.56,,
1926,07/24/2021 07:23:51,12.61,213.52,,
1927,07/24/2021 07:33:51,12.48,253.36,,
1928,07/24/2021 07:43:51,12.61,306.64,,
1929,07/24/2021 07:53:51,12.74,364.64,,
1930,07/24/2021 08:03:51,12.78,442.88,,
1931,07/24/2021 08:13:51,12.78,470.40,,
1932,07/24/2021 08:23:51,12.91,512.64,,
1933,07/24/2021 08:33:51,13.12,704.00,,
1934,07/24/2021 08:43:51,13.30,957.76,,
1935,07/24/2021 08:53:51,13.64,1809.28,,
1936,07/24/2021 09:03:51,13.85,1525.76,,
1937,07/24/2021 09:13:51,14.15,2170.88,,
1938,07/24/2021 09:23:51,14.45,1976.96,,
1939,07/24/2021 09:33:51,14.67,1923.84,,
1940,07/24/2021 09:43:51,14.71,1900.16,,
1941,07/24/2021 09:53:51,14.88,1857.28,,
1942,07/24/2021 10:03:51,15.23,1843.84,,
1943,07/24/2021 10:13:51,15.78,1771.52,,
1944,07/24/2021 10:23:51,16.13,1702.40,,
1945,07/24/2021 10:33:51,16.34,1646.08,,
1946,07/24/2021 10:43:51,16.64,1607.68,,
1947,07/24/2021 10:53:51,16.77,1587.84,,
1948,07/24/2021 11:03:51,16.81,1616.64,,
1949,07/24/2021 11:13:51,16.90,1555.84,,
1950,07/24/2021 11:23:51,17.03,1504.64,,
1951,07/24/2021 11:33:51,16.86,1457.28,,
1952,07/24/2021 11:43:51,17.07,1432.96,,
1953,07/24/2021 11:53:51,16.94,1388.16,,
1954,07/24/2021 12:03:51,16.94,1390.08,,
1955,07/24/2021 12:13:51,16.64,1377.92,,
1956,07/24/2021 12:23:51,16.77,1367.68,,
1957,07/24/2021 12:33:51,17.07,1360.00,,
1958,07/24/2021 12:43:51,17.29,1369.60,,
1959,07/24/2021 12:53:51,16.94,1417.60,,
1960,07/24/2021 13:03:51,17.07,1424.00,,
1961,07/24/2021 13:13:51,16.99,1360.00,,
1962,07/24/2021 13:23:51,16.90,1365.76,,
1963,07/24/2021 13:33:51,16.26,1439.36,,
1964,07/24/2021 13:43:51,16.00,1554.56,,
1965,07/24/2021 13:53:51,15.96,1568.64,,
1966,07/24/2021 14:03:51,16.08,1701.76,,
1967,07/24/2021 14:13:51,16.08,1714.56,,
1968,07/24/2021 14:23:51,16.00,1743.36,,
1969,07/24/2021 14:33:51,16.13,1833.60,,
1970,07/24/2021 14:43:51,16.26,1925.76,,
1971,07/24/2021 14:53:51,16.34,2003.20,,
1972,07/24/2021 15:03:51,16.56,2122.88,,
1973,07/24/2021 15:13:51,16.47,2160.64,,
1974,07/24/2021 15:23:51,16.51,2181.12,,
1975,07/24/2021 15:33:51,16.56,2386.56,,
1976,07/24/2021 15:43:51,16.43,2396.80,,
1977,07/24/2021 15:53:51,16.26,2586.88,,
1978,07/24/2021 16:03:51,16.47,2777.60,,
1979,07/24/2021 16:13:51,16.34,2790.40,,
1980,07/24/2021 16:23:51,16.30,2830.08,,
1981,07/24/2021 16:33:51,16.17,3009.28,,
1982,07/24/2021 16:43:51,16.08,3155.20,,
1983,07/24/2021 16:53:51,16.30,3299.84,,
1984,07/24/2021 17:03:51,16.17,3334.40,,
1985,07/24/2021 17:13:51,16.08,3452.16,,
1986,07/24/2021 17:23:51,15.96,3875.84,,
1987,07/24/2021 17:33:51,15.78,3920.64,,
1988,07/24/2021 17:43:51,15.66,4337.92,,
1989,07/24/2021 17:53:51,15.61,4364.80,,
1990,07/24/2021 18:03:51,15.53,4352.00,,
1991,07/24/2021 18:13:51,15.44,4632.32,,
1992,07/24/2021 18:23:51,15.14,4385.28,,
1993,07/24/2021 18:33:51,15.06,1761.28,,
1994,07/24/2021 18:43:51,14.84,1996.16,,
1995,07/24/2021 18:53:51,14.50,4270.08,,
1996,07/24/2021 19:03:51,14.67,3489.28,,
1997,07/24/2021 19:13:51,14.67,1076.80,,
1998,07/24/2021 19:23:51,14.58,1847.04,,
1999,07/24/2021 19:33:51,14.24,530.72,,
2000,07/24/2021 19:43:51,13.94,418.56,,
2001,07/24/2021 19:53:51,13.90,219.76,,
2002,07/24/2021 20:03:51,13.68,130.00,,
2003,07/24/2021 20:13:51,13.77,62.38,,
2004,07/24/2021 20:23:51,13.47,22.31,,
2005,07/24/2021 20:33:51,13.34,9.01,,
2006,07/24/2021 20:43:51,13.38,1.71,,
2007,07/24/2021 20:53:51,13.12,0.00,,
2008,07/24/2021 21:03:51,13.04,0.00,,
2009,07/24/2021 21:13:51,12.95,0.00,,
2010,07/24/2021 21:23:51,12.95,0.00,,
2011,07/24/2021 21:33:51,12.91,0.00,,
2012,07/24/2021 21:43:51,13.00,0.00,,
2013,07/24/2021 21:53:51,13.04,0.00,,
2014,07/24/2021 22:03:51,12.91,0.00,,
2015,07/24/2021 22:13:51,12.91,0.00,,
2016,07/24/2021 22:23:51,12.91,0.00,,
2017,07/24/2021 22:33:51,12.95,0.00,,
2018,07/24/2021 22:43:51,12.87,0.00,,
2019,07/24/2021 22:53:51,12.95,0.00,,
2020,07/24/2021 23:03:51,12.87,0.00,,
2021,07/24/2021 23:13:51,12.82,0.00,,
2022,07/24/2021 23:23:51,12.91,0.00,,
2023,07/24/2021 23:33:51,12.87,0.00,,
2024,07/24/2021 23:43:51,13.21,0.00,,
2025,07/24/2021 23:53:51,14.07,0.00,,
2026,07/25/2021 00:03:51,15.53,0.00,,
2027,07/25/2021 00:13:51,16.56,0.00,,
2028,07/25/2021 00:23:51,16.56,0.00,,
2029,07/25/2021 00:33:51,16.26,0.00,,
2030,07/25/2021 00:43:51,16.30,0.00,,
2031,07/25/2021 00:53:51,15.44,0.00,,
2032,07/25/2021 01:03:51,13.34,0.00,,
2033,07/25/2021 01:13:51,12.78,0.00,,
2034,07/25/2021 01:23:51,12.65,0.00,,
2035,07/25/2021 01:33:51,12.65,0.00,,
2036,07/25/2021 01:43:51,12.35,0.00,,
2037,07/25/2021 01:53:51,12.40,0.00,,
2038,07/25/2021 02:03:51,12.31,0.00,,
2039,07/25/2021 02:13:51,12.22,0.00,,
2040,07/25/2021 02:23:51,12.18,0.00,,
2041,07/25/2021 02:33:51,12.05,0.00,,
2042,07/25/2021 02:43:51,11.97,0.00,,
2043,07/25/2021 02:53:51,12.10,0.00,,
2044,07/25/2021 03:03:51,12.01,0.00,,
2045,07/25/2021 03:13:51,11.88,0.00,,
2046,07/25/2021 03:23:51,12.18,0.00,,
2047,07/25/2021 03:33:51,12.14,0.00,,
2048,07/25/2021 03:43:51,12.05,0.00,,
2049,07/25/2021 03:53:51,12.05,0.00,,
2050,07/25/2021 04:03:51,12.18,0.00,,
2051,07/25/2021 04:13:51,12.10,0.00,,
2052,07/25/2021 04:23:51,12.18,0.00,,
2053,07/25/2021 04:33:51,12.10,0.00,,
2054,07/25/2021 04:43:51,12.05,0.00,,
2055,07/25/2021 04:53:51,12.05,0.00,,
2056,07/25/2021 05:03:51,12.14,0.00,,
2057,07/25/2021 05:13:51,12.10,0.00,,
2058,07/25/2021 05:23:51,12.14,0.00,,
2059,07/25/2021 05:33:51,12.18,0.00,,
2060,07/25/2021 05:43:51,12.18,0.00,,
2061,07/25/2021 05:53:51,12.22,0.85,,
2062,07/25/2021 06:03:51,12.22,5.77,,
2063,07/25/2021 06:13:51,12.05,15.86,,
2064,07/25/2021 06:23:51,12.22,30.06,,
2065,07/25/2021 06:33:51,12.18,54.20,,
2066,07/25/2021 06:43:51,12.18,82.60,,
2067,07/25/2021 06:53:51,12.35,110.20,,
2068,07/25/2021 07:03:51,12.44,147.24,,
2069,07/25/2021 07:13:51,12.35,181.68,,
2070,07/25/2021 07:23:51,12.27,224.00,,
2071,07/25/2021 07:33:51,12.35,262.80,,
2072,07/25/2021 07:43:51,12.52,291.92,,
2073,07/25/2021 07:53:51,12.52,362.72,,
2074,07/25/2021 08:03:51,12.70,434.88,,
2075,07/25/2021 08:13:51,12.70,523.84,,
2076,07/25/2021 08:23:51,12.91,806.40,,
2077,07/25/2021 08:33:51,13.25,1159.68,,
2078,07/25/2021 08:43:51,13.43,1816.32,,
2079,07/25/2021 08:53:51,13.73,1994.24,,
2080,07/25/2021 09:03:51,13.81,1982.08,,
2081,07/25/2021 09:13:51,14.07,2064.64,,
2082,07/25/2021 09:23:51,14.28,2001.28,,
2083,07/25/2021 09:33:51,14.50,1996.16,,
2084,07/25/2021 09:43:51,14.80,1980.80,,
2085,07/25/2021 09:53:51,15.10,1948.16,,
2086,07/25/2021 10:03:51,15.23,1918.72,,
2087,07/25/2021 10:13:51,15.57,1869.44,,
2088,07/25/2021 10:23:51,15.61,1740.80,,
2089,07/25/2021 10:33:51,15.66,1691.52,,
2090,07/25/2021 10:43:51,15.74,1663.36,,
2091,07/25/2021 10:53:51,15.96,1648.64,,
2092,07/25/2021 11:03:51,16.30,1634.56,,
2093,07/25/2021 11:13:51,16.21,1612.80,,
2094,07/25/2021 11:23:51,16.17,1591.04,,
2095,07/25/2021 11:33:51,15.78,1623.68,,
2096,07/25/2021 11:43:51,15.23,1558.40,,
2097,07/25/2021 11:53:51,14.88,1557.76,,
2098,07/25/2021 12:03:51,14.80,1542.40,,
2099,07/25/2021 12:13:51,14.75,1510.40,,
2100,07/25/2021 12:23:51,14.84,1507.20,,
2101,07/25/2021 12:33:51,14.88,1454.72,,
2102,07/25/2021 12:43:51,15.40,1480.96,,
2103,07/25/2021 12:53:51,15.06,1464.32,,
2104,07/25/2021 13:03:51,15.23,1489.28,,
2105,07/25/2021 13:13:51,15.23,1486.08,,
2106,07/25/2021 13:23:51,15.27,1550.72,,
2107,07/25/2021 13:33:51,15.36,1626.24,,
2108,07/25/2021 13:43:51,15.40,1749.76,,
2109,07/25/2021 13:53:51,15.48,1799.04,,
2110,07/25/2021 14:03:51,15.53,1978.88,,
2111,07/25/2021 14:13:51,15.70,1996.16,,
2112,07/25/2021 14:23:51,15.83,2120.96,,
2113,07/25/2021 14:33:51,15.83,2160.64,,
2114,07/25/2021 14:43:51,15.70,2222.08,,
2115,07/25/2021 14:53:51,15.53,1991.04,,
2116,07/25/2021 15:03:51,15.66,2346.88,,
2117,07/25/2021 15:13:51,15.83,2331.52,,
2118,07/25/2021 15:23:51,15.87,2485.76,,
2119,07/25/2021 15:33:51,15.78,2605.44,,
2120,07/25/2021 15:43:51,15.83,2695.68,,
2121,07/25/2021 15:53:51,15.78,2790.40,,
2122,07/25/2021 16:03:51,15.74,2842.88,,
2123,07/25/2021 16:13:51,15.96,2487.68,,
2124,07/25/2021 16:23:51,15.87,2153.60,,
2125,07/25/2021 16:33:51,15.61,2229.12,,
2126,07/25/2021 16:43:51,15.31,2071.68,,
2127,07/25/2021 16:53:51,15.27,2745.60,,
2128,07/25/2021 17:03:51,15.57,3212.80,,
2129,07/25/2021 17:13:51,15.70,2625.28,,
2130,07/25/2021 17:23:51,16.13,3708.16,,
2131,07/25/2021 17:33:51,16.08,3992.32,,
2132,07/25/2021 17:43:51,16.04,4186.88,,
2133,07/25/2021 17:53:51,16.04,4057.60,,
2134,07/25/2021 18:03:51,16.04,4149.76,,
2135,07/25/2021 18:13:51,16.00,4235.52,,
2136,07/25/2021 18:23:51,15.78,4460.80,,
2137,07/25/2021 18:33:51,15.70,4399.36,,
2138,07/25/2021 18:43:51,15.66,4037.12,,
2139,07/25/2021 18:53:51,15.40,3704.32,,
2140,07/25/2021 19:03:51,15.01,3646.72,,
2141,07/25/2021 19:13:51,14.97,3063.04,,
2142,07/25/2021 19:23:51,14.50,554.72,,
2143,07/25/2021 19:33:51,14.07,511.36,,
2144,07/25/2021 19:43:51,13.94,260.88,,
2145,07/25/2021 19:53:51,13.77,152.24,,
2146,07/25/2021 20:03:51,13.51,66.22,,
2147,07/25/2021 20:13:51,13.34,29.64,,
2148,07/25/2021 20:23:51,13.08,12.01,,
2149,07/25/2021 20:33:51,12.91,2.56,,
2150,07/25/2021 20:43:51,12.87,0.21,,
2151,07/25/2021 20:53:51,12.74,0.00,,
2152,07/25/2021 21:03:51,12.57,0.00,,
2153,07/25/2021 21:13:51,12.74,0.00,,
2154,07/25/2021 21:23:51,12.91,0.00,,
2155,07/25/2021 21:33:51,12.70,0.00,,
2156,07/25/2021 21:43:51,12.70,0.00,,
2157,07/25/2021 21:53:51,12.74,0.00,,
2158,07/25/2021 22:03:51,12.65,0.00,,
2159,07/25/2021 22:13:51,12.78,0.00,,
2160,07/25/2021 22:23:51,12.74,0.00,,
2161,07/25/2021 22:33:51,12.82,0.00,,
2162,07/25/2021 22:43:51,12.87,0.00,,
2163,07/25/2021 22:53:51,12.82,0.00,,
2164,07/25/2021 23:03:51,12.78,0.00,,
2165,07/25/2021 23:13:51,12.82,0.00,,
2166,07/25/2021 23:23:51,12.91,0.00,,
2167,07/25/2021 23:33:51,12.91,0.00,,
2168,07/25/2021 23:43:51,13.00,0.00,,
2169,07/25/2021 23:53:51,12.87,0.00,,
2170,07/26/2021 00:03:51,12.95,0.00,,
2171,07/26/2021 00:13:51,13.00,0.00,,
2172,07/26/2021 00:23:51,13.00,0.00,,
2173,07/26/2021 00:33:51,13.04,0.00,,
2174,07/26/2021 00:43:51,13.25,0.00,,
2175,07/26/2021 00:53:51,13.12,0.00,,
2176,07/26/2021 01:03:51,13.12,0.00,,
2177,07/26/2021 01:13:51,13.08,0.00,,
2178,07/26/2021 01:23:51,13.08,0.00,,
2179,07/26/2021 01:33:51,12.95,0.00,,
2180,07/26/2021 01:43:51,12.82,0.00,,
2181,07/26/2021 01:53:51,12.65,0.00,,
2182,07/26/2021 02:03:51,12.61,0.00,,
2183,07/26/2021 02:13:51,12.78,0.00,,
2184,07/26/2021 02:23:51,12.78,0.00,,
2185,07/26/2021 02:33:51,12.52,0.00,,
2186,07/26/2021 02:43:51,12.48,0.00,,
2187,07/26/2021 02:53:51,12.44,0.00,,
2188,07/26/2021 03:03:51,12.44,0.00,,
2189,07/26/2021 03:13:51,12.52,0.00,,
2190,07/26/2021 03:23:51,12.61,0.00,,
2191,07/26/2021 03:33:51,12.22,0.00,,
2192,07/26/2021 03:43:51,12.22,0.00,,
2193,07/26/2021 03:53:51,12.22,0.00,,
2194,07/26/2021 04:03:51,12.18,0.00,,
2195,07/26/2021 04:13:51,12.05,0.00,,
2196,07/26/2021 04:23:51,12.05,0.00,,
2197,07/26/2021 04:33:51,12.01,0.00,,
2198,07/26/2021 04:43:51,12.01,0.00,,
2199,07/26/2021 04:53:51,12.10,0.00,,
2200,07/26/2021 05:03:51,12.05,0.00,,
2201,07/26/2021 05:13:51,12.01,0.00,,
2202,07/26/2021 05:23:51,11.84,0.00,,
2203,07/26/2021 05:33:51,11.92,0.00,,
2204,07/26/2021 05:43:51,12.01,0.00,,
2205,07/26/2021 05:53:51,11.92,0.21,,
2206,07/26/2021 06:03:51,11.97,3.85,,
2207,07/26/2021 06:13:51,12.05,11.55,,
2208,07/26/2021 06:23:51,12.10,22.73,,
2209,07/26/2021 06:33:51,12.52,42.10,,
2210,07/26/2021 06:43:51,12.52,81.74,,
2211,07/26/2021 06:53:51,12.40,98.00,,
2212,07/26/2021 07:03:51,12.61,135.12,,
2213,07/26/2021 07:13:51,12.74,177.36,,
2214,07/26/2021 07:23:51,12.65,245.44,,
2215,07/26/2021 07:33:51,12.78,277.36,,
2216,07/26/2021 07:43:51,12.87,359.20,,
2217,07/26/2021 07:53:51,13.04,443.36,,
2218,07/26/2021 08:03:51,13.12,493.44,,
2219,07/26/2021 08:13:51,13.25,540.16,,
2220,07/26/2021 08:23:51,13.34,561.44,,
2221,07/26/2021 08:33:51,13.34,384.80,,
2222,07/26/2021 08:43:51,13.55,675.20,,
2223,07/26/2021 08:53:51,13.68,824.96,,
2224,07/26/2021 09:03:51,13.73,1032.32,,
2225,07/26/2021 09:13:51,13.85,1055.36,,
2226,07/26/2021 09:23:51,13.64,564.00,,
2227,07/26/2021 09:33:51,13.77,649.28,,
2228,07/26/2021 09:43:51,13.81,822.40,,
2229,07/26/2021 09:53:51,14.07,1548.16,,
2230,07/26/2021 10:03:51,14.15,1763.20,,
2231,07/26/2021 10:13:51,14.24,1647.36,,
2232,07/26/2021 10:23:51,14.20,1577.60,,
2233,07/26/2021 10:33:51,14.54,1795.84,,
2234,07/26/2021 10:43:51,14.93,1251.52,,
2235,07/26/2021 10:53:51,15.18,1866.24,,
2236,07/26/2021 11:03:51,15.48,1975.68,,
2237,07/26/2021 11:13:51,15.74,2161.92,,
2238,07/26/2021 11:23:51,16.00,2088.32,,
2239,07/26/2021 11:33:51,15.31,1761.28,,
2240,07/26/2021 11:43:51,15.83,1720.96,,
2241,07/26/2021 11:53:51,15.91,1871.36,,
2242,07/26/2021 12:03:51,15.78,1747.20,,
2243,07/26/2021 12:13:51,15.78,1879.68,,
2244,07/26/2021 12:23:51,15.83,1699.84,,
2245,07/26/2021 12:33:51,15.61,1612.80,,
2246,07/26/2021 12:43:51,15.57,1680.00,,
2247,07/26/2021 12:53:51,15.53,1838.72,,
2248,07/26/2021 13:03:51,15.78,2019.84,,
2249,07/26/2021 13:13:51,15.78,2176.00,,
2250,07/26/2021 13:23:51,15.91,2186.24,,
2251,07/26/2021 13:33:51,15.87,2182.40,,
2252,07/26/2021 13:43:51,15.83,2135.04,,
2253,07/26/2021 13:53:51,15.74,2160.64,,
2254,07/26/2021 14:03:51,15.87,2168.96,,
2255,07/26/2021 14:13:51,15.83,2264.96,,
2256,07/26/2021 14:23:51,15.74,2590.08,,
2257,07/26/2021 14:33:51,16.04,2552.32,,
2258,07/26/2021 14:43:51,16.39,2997.76,,
2259,07/26/2021 14:53:51,16.43,2569.60,,
2260,07/26/2021 15:03:51,16.00,2186.24,,
2261,07/26/2021 15:13:51,15.78,2196.48,,
2262,07/26/2021 15:23:51,15.74,2009.60,,
2263,07/26/2021 15:33:51,15.61,1831.68,,
2264,07/26/2021 15:43:51,15.53,1704.32,,
2265,07/26/2021 15:53:51,15.36,1486.72,,
2266,07/26/2021 16:03:51,15.01,1056.96,,
2267,07/26/2021 16:13:51,15.06,1546.88,,
2268,07/26/2021 16:23:51,15.23,1198.40,,
2269,07/26/2021 16:33:51,15.27,1172.80,,
2270,07/26/2021 16:43:51,15.23,1797.76,,
2271,07/26/2021 16:53:51,15.23,1305.28,,
2272,07/26/2021 17:03:51,15.44,1707.52,,
2273,07/26/2021 17:13:51,15.27,1383.68,,
2274,07/26/2021 17:23:51,15.36,1317.76,,
2275,07/26/2021 17:33:51,15.53,1566.08,,
2276,07/26/2021 17:43:51,15.57,2597.12,,
2277,07/26/2021 17:53:51,15.70,3041.28,,
2278,07/26/2021 18:03:51,15.40,1360.64,,
2279,07/26/2021 18:13:51,15.18,1272.00,,
2280,07/26/2021 18:23:51,15.10,1262.40,,
2281,07/26/2021 18:33:51,14.84,662.72,,
2282,07/26/2021 18:43:51,14.71,430.56,,
2283,07/26/2021 18:53:51,14.71,416.00,,
2284,07/26/2021 19:03:51,14.75,421.12,,
2285,07/26/2021 19:13:51,14.54,208.40,,
2286,07/26/2021 19:23:51,14.63,180.80,,
2287,07/26/2021 19:33:51,14.63,149.68,,
2288,07/26/2021 19:43:51,14.58,191.04,,
2289,07/26/2021 19:53:51,14.63,167.04,,
2290,07/26/2021 20:03:51,14.58,82.60,,
2291,07/26/2021 20:13:51,14.45,41.68,,
2292,07/26/2021 20:23:51,14.50,22.73,,
2293,07/26/2021 20:33:51,14.45,8.13,,
2294,07/26/2021 20:43:51,14.28,0.85,,
2295,07/26/2021 20:53:51,14.11,0.00,,
2296,07/26/2021 21:03:51,14.11,0.00,,
2297,07/26/2021 21:13:51,13.94,0.00,,
2298,07/26/2021 21:23:51,13.85,0.00,,
2299,07/26/2021 21:33:51,13.98,0.00,,
2300,07/26/2021 21:43:51,13.90,0.00,,
2301,07/26/2021 21:53:51,13.94,0.00,,
2302,07/26/2021 22:03:51,14.03,0.00,,
2303,07/26/2021 22:13:51,14.07,0.00,,
2304,07/26/2021 22:23:51,13.81,0.00,,
2305,07/26/2021 22:33:51,13.77,0.00,,
2306,07/26/2021 22:43:51,13.73,0.00,,
2307,07/26/2021 22:53:51,13.68,0.00,,
2308,07/26/2021 23:03:51,13.85,0.00,,
2309,07/26/2021 23:13:51,13.73,0.00,,
2310,07/26/2021 23:23:51,13.81,0.00,,
2311,07/26/2021 23:33:51,13.85,0.00,,
2312,07/26/2021 23:43:51,13.85,0.00,,
2313,07/26/2021 23:53:51,13.85,0.00,,
2314,07/27/2021 00:03:51,13.81,0.00,,
2315,07/27/2021 00:13:51,13.85,0.00,,
2316,07/27/2021 00:23:51,13.90,0.00,,
2317,07/27/2021 00:33:51,13.85,0.00,,
2318,07/27/2021 00:43:51,13.94,0.00,,
2319,07/27/2021 00:53:51,13.94,0.00,,
2320,07/27/2021 01:03:51,13.98,0.00,,
2321,07/27/2021 01:13:51,13.98,0.00,,
2322,07/27/2021 01:23:51,13.94,0.00,,
2323,07/27/2021 01:33:51,13.77,0.00,,
2324,07/27/2021 01:43:51,13.68,0.00,,
2325,07/27/2021 01:53:51,13.81,0.00,,
2326,07/27/2021 02:03:51,13.81,0.00,,
2327,07/27/2021 02:13:51,13.73,0.00,,
2328,07/27/2021 02:23:51,13.81,0.00,,
2329,07/27/2021 02:33:51,13.85,0.00,,
2330,07/27/2021 02:43:51,13.77,0.00,,
2331,07/27/2021 02:53:51,13.64,0.00,,
2332,07/27/2021 03:03:51,13.55,0.00,,
2333,07/27/2021 03:13:51,13.64,0.00,,
2334,07/27/2021 03:23:51,13.55,0.00,,
2335,07/27/2021 03:33:51,13.68,0.00,,
2336,07/27/2021 03:43:51,13.60,0.00,,
2337,07/27/2021 03:53:51,13.60,0.00,,
2338,07/27/2021 04:03:51,13.60,0.00,,
2339,07/27/2021 04:13:51,13.55,0.00,,
2340,07/27/2021 04:23:51,13.55,0.00,,
2341,07/27/2021 04:33:51,13.47,0.00,,
2342,07/27/2021 04:43:51,13.34,0.00,,
2343,07/27/2021 04:53:51,13.43,0.00,,
2344,07/27/2021 05:03:51,13.43,0.00,,
2345,07/27/2021 05:13:51,13.43,0.00,,
2346,07/27/2021 05:23:51,13.43,0.00,,
2347,07/27/2021 05:33:51,13.51,0.00,,
2348,07/27/2021 05:43:51,13.60,0.00,,
2349,07/27/2021 05:53:51,13.60,0.00,,
2350,07/27/2021 06:03:51,13.55,3.85,,
2351,07/27/2021 06:13:51,13.55,11.58,,
2352,07/27/2021 06:23:51,13.60,28.78,,
2353,07/27/2021 06:33:51,13.55,45.58,,
2354,07/27/2021 06:43:51,13.51,73.18,,
2355,07/27/2021 06:53:51,13.60,104.12,,
2356,07/27/2021 07:03:51,13.68,142.84,,
2357,07/27/2021 07:13:51,13.55,197.28,,
2358,07/27/2021 07:23:51,13.55,265.36,,
2359,07/27/2021 07:33:51,13.60,348.96,,
2360,07/27/2021 07:43:51,13.64,472.00,,
2361,07/27/2021 07:53:51,13.85,612.00,,
2362,07/27/2021 08:03:51,13.85,620.64,,
2363,07/27/2021 08:13:51,13.85,624.48,,
2364,07/27/2021 08:23:51,13.98,694.08,,
2365,07/27/2021 08:33:51,14.11,662.40,,
2366,07/27/2021 08:43:51,14.15,658.24,,
2367,07/27/2021 08:53:51,14.37,672.00,,
2368,07/27/2021 09:03:51,14.50,656.32,,
2369,07/27/2021 09:13:51,14.54,709.12,,
2370,07/27/2021 09:23:51,14.63,789.12,,
2371,07/27/2021 09:33:51,14.63,897.28,,
2372,07/27/2021 09:43:51,14.71,1027.84,,
2373,07/27/2021 09:53:51,14.88,1025.28,,
2374,07/27/2021 10:03:51,15.01,960.32,,
2375,07/27/2021 10:13:51,15.06,960.32,,
2376,07/27/2021 10:23:51,15.14,1094.72,,
2377,07/27/2021 10:33:51,15.36,1036.48,,
2378,07/27/2021 10:43:51,15.23,943.36,,
2379,07/27/2021 10:53:51,15.31,880.64,,
2380,07/27/2021 11:03:51,15.31,947.52,,
2381,07/27/2021 11:13:51,15.31,965.44,,
2382,07/27/2021 11:23:51,15.53,897.92,,
2383,07/27/2021 11:33:51,15.57,929.60,,
2384,07/27/2021 11:43:51,15.48,1020.16,,
2385,07/27/2021 11:53:51,15.57,1188.80,,
2386,07/27/2021 12:03:51,15.74,1571.20,,
2387,07/27/2021 12:13:51,16.00,2244.48,,
2388,07/27/2021 12:23:51,16.39,1908.48,,
2389,07/27/2021 12:33:51,16.77,2009.60,,
2390,07/27/2021 12:43:51,17.41,1843.84,,
2391,07/27/2021 12:53:51,17.46,1724.80,,
2392,07/27/2021 13:03:51,17.59,1672.32,,
2393,07/27/2021 13:13:51,17.29,1664.64,,
2394,07/27/2021 13:23:51,17.16,1757.44,,
2395,07/27/2021 13:33:51,16.99,1674.24,,
2396,07/27/2021 13:43:51,16.90,1757.44,,
2397,07/27/2021 13:53:51,17.07,1747.20,,
2398,07/27/2021 14:03:51,17.11,1628.80,,
2399,07/27/2021 14:13:51,17.07,1697.28,,
2400,07/27/2021 14:23:51,16.81,1674.24,,
2401,07/27/2021 14:33:51,16.77,1758.72,,
2402,07/27/2021 14:43:51,16.86,1806.08,,
2403,07/27/2021 14:53:51,16.90,1929.60,,
2404,07/27/2021 15:03:51,17.07,1929.60,,
2405,07/27/2021 15:13:51,16.86,2131.20,,
2406,07/27/2021 15:23:51,16.56,2141.44,,
2407,07/27/2021 15:33:51,16.60,2307.84,,
2408,07/27/2021 15:43:51,16.86,2599.04,,
2409,07/27/2021 15:53:51,17.03,2087.04,,
2410,07/27/2021 16:03:51,17.29,2225.28,,
2411,07/27/2021 16:13:51,17.33,2333.44,,
2412,07/27/2021 16:23:51,17.16,2659.84,,
2413,07/27/2021 16:33:51,17.20,2635.52,,
2414,07/27/2021 16:43:51,17.33,3217.92,,
2415,07/27/2021 16:53:51,17.24,3271.68,,
2416,07/27/2021 17:03:51,17.16,3669.76,,
2417,07/27/2021 17:13:51,17.07,3284.48,,
2418,07/27/2021 17:23:51,16.69,3013.12,,
2419,07/27/2021 17:33:51,16.60,3454.72,,
2420,07/27/2021 17:43:51,16.77,3765.76,,
2421,07/27/2021 17:53:51,16.81,3769.60,,
2422,07/27/2021 18:03:51,16.64,4019.20,,
2423,07/27/2021 18:13:51,16.77,4180.48,,
2424,07/27/2021 18:23:51,16.77,4448.00,,
2425,07/27/2021 18:33:51,16.69,4282.88,,
2426,07/27/2021 18:43:51,16.60,4133.12,,
2427,07/27/2021 18:53:51,16.34,3264.00,,
2428,07/27/2021 19:03:51,15.87,1484.80,,
2429,07/27/2021 19:13:51,16.17,3872.00,,
2430,07/27/2021 19:23:51,16.04,2840.32,,
2431,07/27/2021 19:33:51,16.00,2822.40,,
2432,07/27/2021 19:43:51,15.78,2229.12,,
2433,07/27/2021 19:53:51,15.53,1365.76,,
2434,07/27/2021 20:03:51,15.10,644.16,,
2435,07/27/2021 20:13:51,14.75,110.08,,
2436,07/27/2021 20:23:51,14.54,47.72,,
2437,07/27/2021 20:33:51,14.67,16.74,,
2438,07/27/2021 20:43:51,14.93,3.21,,
2439,07/27/2021 20:53:51,14.88,0.21,,
2440,07/27/2021 21:03:51,14.75,0.00,,
2441,07/27/2021 21:13:51,14.71,0.00,,
2442,07/27/2021 21:23:51,14.54,0.00,,
2443,07/27/2021 21:33:51,14.45,0.00,,
2444,07/27/2021 21:43:51,14.45,0.00,,
2445,07/27/2021 21:53:51,14.45,0.00,,
2446,07/27/2021 22:03:51,14.63,0.00,,
2447,07/27/2021 22:13:51,14.67,0.00,,
2448,07/27/2021 22:23:51,14.80,0.00,,
2449,07/27/2021 22:33:51,14.84,0.00,,
2450,07/27/2021 22:43:51,14.88,0.00,,
2451,07/27/2021 22:53:51,15.01,0.00,,
2452,07/27/2021 23:03:51,15.10,0.00,,
2453,07/27/2021 23:13:51,15.18,0.00,,
2454,07/27/2021 23:23:51,15.23,0.00,,
2455,07/27/2021 23:33:51,15.40,0.00,,
2456,07/27/2021 23:43:51,15.23,0.00,,
2457,07/27/2021 23:53:51,15.14,0.00,,
2458,07/28/2021 00:03:51,15.06,0.00,,
2459,07/28/2021 00:13:51,15.01,0.00,,
2460,07/28/2021 00:23:51,14.71,0.00,,
2461,07/28/2021 00:33:51,14.67,0.00,,
2462,07/28/2021 00:43:51,14.41,0.00,,
2463,07/28/2021 00:53:51,14.28,0.00,,
2464,07/28/2021 01:03:51,14.28,0.00,,
2465,07/28/2021 01:13:51,14.07,0.00,,
2466,07/28/2021 01:23:51,13.94,0.00,,
2467,07/28/2021 01:33:51,13.90,0.00,,
2468,07/28/2021 01:43:51,13.90,0.00,,
2469,07/28/2021 01:53:51,13.77,0.00,,
2470,07/28/2021 02:03:51,13.73,0.00,,
2471,07/28/2021 02:13:51,13.55,0.00,,
2472,07/28/2021 02:23:51,13.81,0.00,,
2473,07/28/2021 02:33:51,13.77,0.00,,
2474,07/28/2021 02:43:51,13.73,0.00,,
2475,07/28/2021 02:53:51,13.90,0.00,,
2476,07/28/2021 03:03:51,13.81,0.00,,
2477,07/28/2021 03:13:51,13.81,0.00,,
2478,07/28/2021 03:23:51,13.77,0.00,,
2479,07/28/2021 03:33:51,13.77,0.00,,
2480,07/28/2021 03:43:51,13.64,0.00,,
2481,07/28/2021 03:53:51,13.64,0.00,,
2482,07/28/2021 04:03:51,13.64,0.00,,
2483,07/28/2021 04:13:51,13.60,0.00,,
2484,07/28/2021 04:23:51,13.73,0.00,,
2485,07/28/2021 04:33:51,13.68,0.00,,
2486,07/28/2021 04:43:51,13.51,0.00,,
2487,07/28/2021 04:53:51,13.55,0.00,,
2488,07/28/2021 05:03:51,13.47,0.00,,
2489,07/28/2021 05:13:51,13.64,0.00,,
2490,07/28/2021 05:23:51,13.47,0.00,,
2491,07/28/2021 05:33:51,13.51,0.00,,
2492,07/28/2021 05:43:51,13.51,0.00,,
2493,07/28/2021 05:53:51,13.47,0.00,,
2494,07/28/2021 06:03:51,13.43,3.63,,
2495,07/28/2021 06:13:51,13.38,15.00,,
2496,07/28/2021 06:23:51,13.30,30.06,,
2497,07/28/2021 06:33:51,13.34,51.56,,
2498,07/28/2021 06:43:51,13.25,74.78,,
2499,07/28/2021 06:53:51,13.30,103.24,,
2500,07/28/2021 07:03:51,13.38,135.88,,
2501,07/28/2021 07:13:51,13.34,209.28,,
2502,07/28/2021 07:23:51,13.25,310.08,,
2503,07/28/2021 07:33:51,13.43,301.52,,
2504,07/28/2021 07:43:51,13.55,311.76,,
2505,07/28/2021 07:53:51,13.55,329.76,,
2506,07/28/2021 08:03:51,13.51,390.24,,
2507,07/28/2021 08:13:51,13.55,448.96,,
2508,07/28/2021 08:23:51,13.55,682.24,,
2509,07/28/2021 08:33:51,13.68,632.16,,
2510,07/28/2021 08:43:51,13.98,767.04,,
2511,07/28/2021 08:53:51,14.15,819.20,,
2512,07/28/2021 09:03:51,14.15,984.32,,
2513,07/28/2021 09:13:51,14.28,1119.68,,
2514,07/28/2021 09:23:51,14.54,1021.12,,
2515,07/28/2021 09:33:51,14.67,1039.04,,
2516,07/28/2021 09:43:51,14.80,1075.84,,
2517,07/28/2021 09:53:51,15.10,1654.40,,
2518,07/28/2021 10:03:51,15.36,1316.48,,
2519,07/28/2021 10:13:51,15.53,1802.88,,
2520,07/28/2021 10:23:51,15.23,1611.52,,
2521,07/28/2021 10:33:51,15.40,1747.84,,
2522,07/28/2021 10:43:51,15.61,1946.24,,
2523,07/28/2021 10:53:51,15.40,1879.68,,
2524,07/28/2021 11:03:51,15.74,1605.76,,
2525,07/28/2021 11:13:51,15.83,1761.28,,
2526,07/28/2021 11:23:51,16.04,1706.88,,
2527,07/28/2021 11:33:51,15.83,1135.04,,
2528,07/28/2021 11:43:51,15.70,1836.80,,
2529,07/28/2021 11:53:51,15.53,1679.36,,
2530,07/28/2021 12:03:51,15.48,1737.60,,
2531,07/28/2021 12:13:51,15.87,1529.60,,
2532,07/28/2021 12:23:51,15.96,1629.44,,
2533,07/28/2021 12:33:51,15.87,1336.96,,
2534,07/28/2021 12:43:51,15.70,1516.80,,
2535,07/28/2021 12:53:51,15.70,1470.72,,
2536,07/28/2021 13:03:51,15.57,1448.32,,
2537,07/28/2021 13:13:51,15.70,1431.04,,
2538,07/28/2021 13:23:51,15.53,1431.04,,
2539,07/28/2021 13:33:51,15.44,1452.16,,
2540,07/28/2021 13:43:51,15.53,1479.04,,
2541,07/28/2021 13:53:51,15.48,1510.40,,
2542,07/28/2021 14:03:51,15.66,1585.92,,
2543,07/28/2021 14:13:51,15.61,1684.48,,
2544,07/28/2021 14:23:51,15.44,1757.44,,
2545,07/28/2021 14:33:51,15.44,1775.36,,
2546,07/28/2021 14:43:51,15.27,1893.12,,
2547,07/28/2021 14:53:51,15.10,1953.28,,
2548,07/28/2021 15:03:51,15.23,1920.64,,
2549,07/28/2021 15:13:51,15.23,2432.64,,
2550,07/28/2021 15:23:51,15.06,2240.64,,
2551,07/28/2021 15:33:51,14.80,2220.16,,
2552,07/28/2021 15:43:51,14.80,2194.56,,
2553,07/28/2021 15:53:51,14.80,2381.44,,
2554,07/28/2021 16:03:51,14.88,2444.80,,
2555,07/28/2021 16:13:51,14.97,2673.92,,
2556,07/28/2021 16:23:51,14.97,2263.04,,
2557,07/28/2021 16:33:51,14.93,2467.20,,
2558,07/28/2021 16:43:51,15.01,2547.20,,
2559,07/28/2021 16:53:51,15.31,3690.24,,
2560,07/28/2021 17:03:51,15.31,3328.00,,
2561,07/28/2021 17:13:51,15.40,3724.80,,
2562,07/28/2021 17:23:51,15.31,4084.48,,
2563,07/28/2021 17:33:51,15.31,2521.60,,
2564,07/28/2021 17:43:51,15.18,1443.20,,
2565,07/28/2021 17:53:51,14.97,1564.80,,
2566,07/28/2021 18:03:51,14.67,1030.40,,
2567,07/28/2021 18:13:51,14.63,789.12,,
2568,07/28/2021 18:23:51,14.58,570.08,,
2569,07/28/2021 18:33:51,14.45,476.32,,
2570,07/28/2021 18:43:51,14.41,423.68,,
2571,07/28/2021 18:53:51,14.50,352.16,,
2572,07/28/2021 19:03:51,14.37,280.72,,
2573,07/28/2021 19:13:51,14.20,200.72,,
2574,07/28/2021 19:23:51,14.28,162.76,,
2575,07/28/2021 19:33:51,14.20,122.28,,
2576,07/28/2021 19:43:51,14.07,98.12,,
2577,07/28/2021 19:53:51,14.03,67.94,,
2578,07/28/2021 20:03:51,13.77,48.14,,
2579,07/28/2021 20:13:51,13.81,24.45,,
2580,07/28/2021 20:23:51,13.94,12.86,,
2581,07/28/2021 20:33:51,13.94,2.99,,
2582,07/28/2021 20:43:51,13.98,0.21,,
2583,07/28/2021 20:53:51,13.85,0.00,,
2584,07/28/2021 21:03:51,13.94,0.00,,
2585,07/28/2021 21:13:51,13.85,0.00,,
2586,07/28/2021 21:23:51,13.73,0.00,,
2587,07/28/2021 21:33:51,13.73,0.00,,
2588,07/28/2021 21:43:51,13.90,0.00,,
2589,07/28/2021 21:53:51,14.11,0.00,,
2590,07/28/2021 22:03:51,13.90,0.00,,
2591,07/28/2021 22:13:51,13.90,0.00,,
2592,07/28/2021 22:23:51,13.94,0.00,,
2593,07/28/2021 22:33:51,13.94,0.00,,
2594,07/28/2021 22:43:51,13.81,0.00,,
2595,07/28/2021 22:53:51,13.77,0.00,,
2596,07/28/2021 23:03:51,13.64,0.00,,
2597,07/28/2021 23:13:51,13.47,0.00,,
2598,07/28/2021 23:23:51,13.43,0.00,,
2599,07/28/2021 23:33:51,13.21,0.00,,
2600,07/28/2021 23:43:51,13.30,0.00,,
2601,07/28/2021 23:53:51,13.30,0.00,,
2602,07/29/2021 00:03:51,13.25,0.00,,
2603,07/29/2021 00:13:51,13.12,0.00,,
2604,07/29/2021 00:23:51,13.17,0.00,,
2605,07/29/2021 00:33:51,13.17,0.00,,
2606,07/29/2021 00:43:51,13.00,0.00,,
2607,07/29/2021 00:53:51,12.95,0.00,,
2608,07/29/2021 01:03:51,13.00,0.00,,
2609,07/29/2021 01:13:51,12.78,0.00,,
2610,07/29/2021 01:23:51,12.87,0.00,,
2611,07/29/2021 01:33:51,12.91,0.00,,
2612,07/29/2021 01:43:51,13.00,0.00,,
2613,07/29/2021 01:53:51,12.82,0.00,,
2614,07/29/2021 02:03:51,12.78,0.00,,
2615,07/29/2021 02:13:51,12.74,0.00,,
2616,07/29/2021 02:23:51,12.91,0.00,,
2617,07/29/2021 02:33:51,12.87,0.00,,
2618,07/29/2021 02:43:51,12.82,0.00,,
2619,07/29/2021 02:53:51,12.87,0.00,,
2620,07/29/2021 03:03:51,12.82,0.00,,
2621,07/29/2021 03:13:51,12.91,0.00,,
2622,07/29/2021 03:23:51,13.00,0.00,,
2623,07/29/2021 03:33:51,13.12,0.00,,
2624,07/29/2021 03:43:51,13.04,0.00,,
2625,07/29/2021 03:53:51,13.12,0.00,,
2626,07/29/2021 04:03:51,13.17,0.00,,
2627,07/29/2021 04:13:51,13.12,0.00,,
2628,07/29/2021 04:23:51,13.12,0.00,,
2629,07/29/2021 04:33:51,13.04,0.00,,
2630,07/29/2021 04:43:51,13.08,0.00,,
2631,07/29/2021 04:53:51,13.12,0.00,,
2632,07/29/2021 05:03:51,13.21,0.00,,
2633,07/29/2021 05:13:51,13.21,0.00,,
2634,07/29/2021 05:23:51,13.17,0.00,,
2635,07/29/2021 05:33:51,13.25,0.00,,
2636,07/29/2021 05:43:51,13.21,0.00,,
2637,07/29/2021 05:53:51,13.30,0.00,,
2638,07/29/2021 06:03:51,13.30,1.71,,
2639,07/29/2021 06:13:51,13.43,5.99,,
2640,07/29/2021 06:23:51,13.43,13.29,,
2641,07/29/2021 06:33:51,13.47,24.45,,
2642,07/29/2021 06:43:51,13.38,31.30,,
2643,07/29/2021 06:53:51,13.38,46.38,,
2644,07/29/2021 07:03:51,13.34,77.36,,
2645,07/29/2021 07:13:51,13.43,117.92,,
2646,07/29/2021 07:23:51,13.30,128.16,,
2647,07/29/2021 07:33:51,13.30,179.12,,
2648,07/29/2021 07:43:51,13.43,262.56,,
2649,07/29/2021 07:53:51,13.34,220.40,,
2650,07/29/2021 08:03:51,13.38,457.44,,
2651,07/29/2021 08:13:51,13.51,504.64,,
2652,07/29/2021 08:23:51,13.73,552.96,,
2653,07/29/2021 08:33:51,13.90,627.84,,
2654,07/29/2021 08:43:51,14.03,596.16,,
2655,07/29/2021 08:53:51,14.11,721.92,,
2656,07/29/2021 09:03:51,14.20,729.60,,
2657,07/29/2021 09:13:51,14.28,691.52,,
2658,07/29/2021 09:23:51,14.37,852.48,,
2659,07/29/2021 09:33:51,14.45,1045.12,,
2660,07/29/2021 09:43:51,14.71,1327.36,,
2661,07/29/2021 09:53:51,14.97,1368.32,,
2662,07/29/2021 10:03:51,15.23,1819.52,,
2663,07/29/2021 10:13:51,15.31,1697.28,,
2664,07/29/2021 10:23:51,15.57,1966.72,,
2665,07/29/2021 10:33:51,15.74,1998.08,,
2666,07/29/2021 10:43:51,15.91,1771.52,,
2667,07/29/2021 10:53:51,15.96,1727.36,,
2668,07/29/2021 11:03:51,16.17,1728.64,,
2669,07/29/2021 11:13:51,16.21,1712.64,,
2670,07/29/2021 11:23:51,16.34,1644.16,,
2671,07/29/2021 11:33:51,16.21,1580.16,,
2672,07/29/2021 11:43:51,16.39,1529.60,,
2673,07/29/2021 11:53:51,16.39,1534.72,,
2674,07/29/2021 12:03:51,16.47,1560.32,,
2675,07/29/2021 12:13:51,16.39,1568.64,,
2676,07/29/2021 12:23:51,16.51,1582.72,,
2677,07/29/2021 12:33:51,16.34,1568.64,,
2678,07/29/2021 12:43:51,15.96,1493.76,,
2679,07/29/2021 12:53:51,15.66,1470.72,,
2680,07/29/2021 13:03:51,15.57,1496.32,,
2681,07/29/2021 13:13:51,15.23,1570.56,,
2682,07/29/2021 13:23:51,15.14,1643.52,,
2683,07/29/2021 13:33:51,15.23,1735.68,,
2684,07/29/2021 13:43:51,15.36,1773.44,,
2685,07/29/2021 13:53:51,15.31,1715.84,,
2686,07/29/2021 14:03:51,15.36,1235.20,,
2687,07/29/2021 14:13:51,15.36,1813.12,,
2688,07/29/2021 14:23:51,15.48,1597.44,,
2689,07/29/2021 14:33:51,15.36,1813.12,,
2690,07/29/2021 14:43:51,15.36,2030.08,,
2691,07/29/2021 14:53:51,15.36,2092.16,,
2692,07/29/2021 15:03:51,15.23,2288.64,,
2693,07/29/2021 15:13:51,15.27,2288.64,,
2694,07/29/2021 15:23:51,15.36,2597.12,,
2695,07/29/2021 15:33:51,15.44,2266.88,,
2696,07/29/2021 15:43:51,15.23,2156.80,,
2697,07/29/2021 15:53:51,15.10,2224.00,,
2698,07/29/2021 16:03:51,15.14,2268.16,,
2699,07/29/2021 16:13:51,15.06,2396.80,,
2700,07/29/2021 16:23:51,15.10,2658.56,,
2701,07/29/2021 16:33:51,15.01,2211.84,,
2702,07/29/2021 16:43:51,14.88,1989.12,,
2703,07/29/2021 16:53:51,14.75,2535.68,,
2704,07/29/2021 17:03:51,14.71,2069.76,,
2705,07/29/2021 17:13:51,14.45,1961.60,,
2706,07/29/2021 17:23:51,14.41,1831.68,,
2707,07/29/2021 17:33:51,14.28,1600.64,,
2708,07/29/2021 17:43:51,14.15,1785.60,,
2709,07/29/2021 17:53:51,13.98,1367.68,,
2710,07/29/2021 18:03:51,13.98,893.44,,
2711,07/29/2021 18:13:51,13.94,1491.20,,
2712,07/29/2021 18:23:51,13.81,727.36,,
2713,07/29/2021 18:33:51,13.64,766.08,,
2714,07/29/2021 18:43:51,13.60,431.36,,
2715,07/29/2021 18:53:51,13.47,427.04,,
2716,07/29/2021 19:03:51,13.43,311.76,,
2717,07/29/2021 19:13:51,13.43,254.00,,
2718,07/29/2021 19:23:51,13.38,183.36,,
2719,07/29/2021 19:33:51,13.47,133.32,,
2720,07/29/2021 19:43:51,13.47,105.80,,
2721,07/29/2021 19:53:51,13.25,55.84,,
2722,07/29/2021 20:03:51,13.47,33.06,,
2723,07/29/2021 20:13:51,13.38,19.74,,
2724,07/29/2021 20:23:51,13.38,7.49,,
2725,07/29/2021 20:33:51,13.30,1.71,,
2726,07/29/2021 20:43:51,13.43,0.00,,
2727,07/29/2021 20:53:51,13.43,0.00,,
2728,07/29/2021 21:03:51,13.17,0.00,,
2729,07/29/2021 21:13:51,13.17,0.00,,
2730,07/29/2021 21:23:51,13.34,0.00,,
2731,07/29/2021 21:33:51,13.17,0.00,,
2732,07/29/2021 21:43:51,13.30,0.00,,
2733,07/29/2021 21:53:51,13.21,0.00,,
2734,07/29/2021 22:03:51,13.00,0.00,,
2735,07/29/2021 22:13:51,13.12,0.00,,
2736,07/29/2021 22:23:51,13.04,0.00,,
2737,07/29/2021 22:33:51,12.95,0.00,,
2738,07/29/2021 22:43:51,12.78,0.00,,
2739,07/29/2021 22:53:51,12.78,0.00,,
2740,07/29/2021 23:03:51,12.91,0.00,,
2741,07/29/2021 23:13:51,12.91,0.00,,
2742,07/29/2021 23:23:51,12.95,0.00,,
2743,07/29/2021 23:33:51,12.52,0.00,,
2744,07/29/2021 23:43:51,12.52,0.00,,
2745,07/29/2021 23:53:51,12.57,0.00,,
2746,07/30/2021 00:03:51,12.44,0.00,,
2747,07/30/2021 00:13:51,12.44,0.00,,
2748,07/30/2021 00:23:51,12.40,0.00,,
2749,07/30/2021 00:33:51,12.35,0.00,,
2750,07/30/2021 00:43:51,12.40,0.00,,
2751,07/30/2021 00:53:51,12.52,0.00,,
2752,07/30/2021 01:03:51,12.61,0.00,,
2753,07/30/2021 01:13:51,12.65,0.00,,
2754,07/30/2021 01:23:51,12.65,0.00,,
2755,07/30/2021 01:33:51,12.57,0.00,,
2756,07/30/2021 01:43:51,12.65,0.00,,
2757,07/30/2021 01:53:51,12.65,0.00,,
2758,07/30/2021 02:03:51,12.82,0.00,,
2759,07/30/2021 02:13:51,12.74,0.00,,
2760,07/30/2021 02:23:51,12.70,0.00,,
2761,07/30/2021 02:33:51,12.65,0.00,,
2762,07/30/2021 02:43:51,12.48,0.00,,
2763,07/30/2021 02:53:51,12.35,0.00,,
2764,07/30/2021 03:03:51,12.18,0.00,,
2765,07/30/2021 03:13:51,12.22,0.00,,
2766,07/30/2021 03:23:51,12.31,0.00,,
2767,07/30/2021 03:33:51,12.27,0.00,,
2768,07/30/2021 03:43:51,12.31,0.00,,
2769,07/30/2021 03:53:51,12.31,0.00,,
2770,07/30/2021 04:03:51,12.22,0.00,,
2771,07/30/2021 04:13:51,12.18,0.00,,
2772,07/30/2021 04:23:51,12.35,0.00,,
2773,07/30/2021 04:33:51,12.31,0.00,,
2774,07/30/2021 04:43:51,12.18,0.00,,
2775,07/30/2021 04:53:51,12.31,0.00,,
2776,07/30/2021 05:03:51,12.22,0.00,,
2777,07/30/2021 05:13:51,12.18,0.00,,
2778,07/30/2021 05:23:51,12.27,0.00,,
2779,07/30/2021 05:33:51,12.31,0.00,,
2780,07/30/2021 05:43:51,12.44,0.00,,
2781,07/30/2021 05:53:51,12.31,0.00,,
2782,07/30/2021 06:03:51,12.27,1.71,,
2783,07/30/2021 06:13:51,12.35,7.49,,
2784,07/30/2021 06:23:51,12.35,18.21,,
2785,07/30/2021 06:33:51,12.27,27.87,,
2786,07/30/2021 06:43:51,12.31,47.28,,
2787,07/30/2021 06:53:51,12.44,73.08,,
2788,07/30/2021 07:03:51,12.40,92.96,,
2789,07/30/2021 07:13:51,12.57,146.28,,
2790,07/30/2021 07:23:51,12.44,175.68,,
2791,07/30/2021 07:33:51,12.70,207.52,,
2792,07/30/2021 07:43:51,12.61,242.88,,
2793,07/30/2021 07:53:51,12.70,288.48,,
2794,07/30/2021 08:03:51,12.70,302.16,,
2795,07/30/2021 08:13:51,12.87,354.72,,
2796,07/30/2021 08:23:51,12.87,430.56,,
2797,07/30/2021 08:33:51,12.91,421.92,,
2798,07/30/2021 08:43:51,12.95,545.28,,
2799,07/30/2021 08:53:51,12.95,664.96,,
2800,07/30/2021 09:03:51,12.82,676.16,,
2801,07/30/2021 09:13:51,13.12,848.32,,
2802,07/30/2021 09:23:51,13.30,851.52,,
2803,07/30/2021 09:33:51,13.04,829.44,,
2804,07/30/2021 09:43:51,13.08,908.16,,
2805,07/30/2021 09:53:51,13.12,1091.20,,
2806,07/30/2021 10:03:51,13.34,1384.96,,
2807,07/30/2021 10:13:51,13.73,1929.60,,
2808,07/30/2021 10:23:51,13.98,2057.60,,
2809,07/30/2021 10:33:51,14.20,1760.00,,
2810,07/30/2021 10:43:51,14.28,1690.24,,
2811,07/30/2021 10:53:51,14.63,1615.36,,
2812,07/30/2021 11:03:51,14.88,1591.04,,
2813,07/30/2021 11:13:51,15.10,1552.64,,
2814,07/30/2021 11:23:51,15.27,1504.64,,
2815,07/30/2021 11:33:51,15.53,1461.76,,
2816,07/30/2021 11:43:51,15.83,1443.84,,
2817,07/30/2021 11:53:51,15.96,1453.44,,
2818,07/30/2021 12:03:51,16.08,1443.20,,
2819,07/30/2021 12:13:51,16.04,1404.80,,
2820,07/30/2021 12:23:51,16.04,1362.56,,
2821,07/30/2021 12:33:51,16.00,1347.20,,
2822,07/30/2021 12:43:51,16.21,1333.76,,
2823,07/30/2021 12:53:51,16.13,1345.28,,
2824,07/30/2021 13:03:51,16.13,1319.04,,
2825,07/30/2021 13:13:51,16.08,1310.08,,
2826,07/30/2021 13:23:51,16.17,1344.64,,
2827,07/30/2021 13:33:51,16.26,1381.12,,
2828,07/30/2021 13:43:51,16.26,1415.68,,
2829,07/30/2021 13:53:51,16.13,1421.44,,
2830,07/30/2021 14:03:51,16.17,1431.04,,
2831,07/30/2021 14:13:51,16.21,1664.64,,
2832,07/30/2021 14:23:51,16.17,1562.24,,
2833,07/30/2021 14:33:51,16.13,1709.44,,
2834,07/30/2021 14:43:51,15.87,1731.84,,
2835,07/30/2021 14:53:51,16.08,1786.88,,
2836,07/30/2021 15:03:51,15.91,1934.72,,
2837,07/30/2021 15:13:51,15.70,2018.56,,
2838,07/30/2021 15:23:51,15.74,2078.08,,
2839,07/30/2021 15:33:51,15.61,2254.72,,
2840,07/30/2021 15:43:51,15.40,2444.80,,
2841,07/30/2021 15:53:51,15.40,2584.96,,
2842,07/30/2021 16:03:51,15.40,2987.52,,
2843,07/30/2021 16:13:51,15.53,3395.84,,
2844,07/30/2021 16:23:51,15.36,2314.24,,
2845,07/30/2021 16:33:51,15.27,2198.40,,
2846,07/30/2021 16:43:51,15.10,2090.24,,
2847,07/30/2021 16:53:51,15.10,1644.16,,
2848,07/30/2021 17:03:51,15.14,1592.96,,
2849,07/30/2021 17:13:51,15.01,1161.60,,
2850,07/30/2021 17:23:51,14.97,1041.60,,
2851,07/30/2021 17:33:51,14.80,1040.96,,
2852,07/30/2021 17:43:51,14.63,898.88,,
2853,07/30/2021 17:53:51,14.67,831.04,,
2854,07/30/2021 18:03:51,14.58,677.12,,
2855,07/30/2021 18:13:51,14.58,784.00,,
2856,07/30/2021 18:23:51,14.45,747.52,,
2857,07/30/2021 18:33:51,14.37,467.84,,
2858,07/30/2021 18:43:51,14.37,291.92,,
2859,07/30/2021 18:53:51,14.24,287.60,,
2860,07/30/2021 19:03:51,14.11,233.44,,
2861,07/30/2021 19:13:51,14.11,196.24,,
2862,07/30/2021 19:23:51,14.03,141.12,,
2863,07/30/2021 19:33:51,14.11,111.92,,
2864,07/30/2021 19:43:51,13.98,89.44,,
2865,07/30/2021 19:53:51,13.77,54.20,,
2866,07/30/2021 20:03:51,13.77,36.49,,
2867,07/30/2021 20:13:51,13.68,19.52,,
2868,07/30/2021 20:23:51,13.73,7.49,,
2869,07/30/2021 20:33:51,13.81,1.49,,
2870,07/30/2021 20:43:51,13.81,0.00,,
2871,07/30/2021 20:53:51,13.73,0.00,,
2872,07/30/2021 21:03:51,13.73,0.00,,
2873,07/30/2021 21:13:51,13.90,0.00,,
2874,07/30/2021 21:23:51,14.03,0.00,,
2875,07/30/2021 21:33:51,14.15,0.00,,
2876,07/30/2021 21:43:51,14.07,0.00,,
2877,07/30/2021 21:53:51,14.07,0.00,,
2878,07/30/2021 22:03:51,14.20,0.00,,
2879,07/30/2021 22:13:51,14.03,0.00,,
2880,07/30/2021 22:23:51,14.03,0.00,,
2881,07/30/2021 22:33:51,13.98,0.00,,
2882,07/30/2021 22:43:51,14.28,0.00,,
2883,07/30/2021 22:53:51,14.28,0.00,,
2884,07/30/2021 23:03:51,14.20,0.00,,
2885,07/30/2021 23:13:51,14.11,0.00,,
2886,07/30/2021 23:23:51,13.98,0.00,,
2887,07/30/2021 23:33:51,14.03,0.00,,
2888,07/30/2021 23:43:51,14.20,0.00,,
2889,07/30/2021 23:53:51,14.24,0.00,,
2890,07/31/2021 00:03:51,13.98,0.00,,
2891,07/31/2021 00:13:51,14.11,0.00,,
2892,07/31/2021 00:23:51,14.07,0.00,,
2893,07/31/2021 00:33:51,14.20,0.00,,
2894,07/31/2021 00:43:51,14.15,0.00,,
2895,07/31/2021 00:53:51,14.24,0.00,,
2896,07/31/2021 01:03:51,14.28,0.00,,
2897,07/31/2021 01:13:51,14.28,0.00,,
2898,07/31/2021 01:23:51,14.33,0.00,,
2899,07/31/2021 01:33:51,14.28,0.00,,
2900,07/31/2021 01:43:51,14.50,0.00,,
2901,07/31/2021 01:53:51,14.45,0.00,,
2902,07/31/2021 02:03:51,14.41,0.00,,
2903,07/31/2021 02:13:51,14.45,0.00,,
2904,07/31/2021 02:23:51,14.50,0.00,,
2905,07/31/2021 02:33:51,14.50,0.00,,
2906,07/31/2021 02:43:51,14.45,0.00,,
2907,07/31/2021 02:53:51,14.54,0.00,,
2908,07/31/2021 03:03:51,14.54,0.00,,
2909,07/31/2021 03:13:51,14.71,0.00,,
2910,07/31/2021 03:23:51,14.58,0.00,,
2911,07/31/2021 03:33:51,14.50,0.00,,
2912,07/31/2021 03:43:51,14.45,0.00,,
2913,07/31/2021 03:53:51,14.58,0.00,,
2914,07/31/2021 04:03:51,14.67,0.00,,
2915,07/31/2021 04:13:51,14.67,0.00,,
2916,07/31/2021 04:23:51,14.63,0.00,,
2917,07/31/2021 04:33:51,14.58,0.00,,
2918,07/31/2021 04:43:51,14.58,0.00,,
2919,07/31/2021 04:53:51,14.41,0.00,,
2920,07/31/2021 05:03:51,14.37,0.00,,
2921,07/31/2021 05:13:51,14.50,0.00,,
2922,07/31/2021 05:23:51,14.45,0.00,,
2923,07/31/2021 05:33:51,14.45,0.00,,
2924,07/31/2021 05:43:51,14.33,0.00,,
2925,07/31/2021 05:53:51,14.33,0.21,,
2926,07/31/2021 06:03:51,14.28,2.56,,
2927,07/31/2021 06:13:51,14.24,10.08,,
2928,07/31/2021 06:23:51,14.33,30.44,,
2929,07/31/2021 06:33:51,14.41,55.42,,
2930,07/31/2021 06:43:51,14.50,82.60,,
2931,07/31/2021 06:53:51,14.37,112.68,,
2932,07/31/2021 07:03:51,14.58,150.56,,
2933,07/31/2021 07:13:51,14.45,215.28,,
2934,07/31/2021 07:23:51,14.37,251.44,,
2935,07/31/2021 07:33:51,14.63,309.20,,
2936,07/31/2021 07:43:51,14.67,343.68,,
2937,07/31/2021 07:53:51,14.84,396.32,,
2938,07/31/2021 08:03:51,14.93,485.76,,
2939,07/31/2021 08:13:51,14.88,620.96,,
2940,07/31/2021 08:23:51,15.01,791.68,,
2941,07/31/2021 08:33:51,15.14,784.00,,
2942,07/31/2021 08:43:51,15.36,802.88,,
2943,07/31/2021 08:53:51,15.31,1028.80,,
2944,07/31/2021 09:03:51,15.66,1987.20,,
2945,07/31/2021 09:13:51,15.74,2309.12,,
2946,07/31/2021 09:23:51,15.91,2057.60,,
2947,07/31/2021 09:33:51,16.21,1859.20,,
2948,07/31/2021 09:43:51,16.21,1732.48,,
2949,07/31/2021 09:53:51,16.47,2211.84,,
2950,07/31/2021 10:03:51,16.69,2044.16,,
2951,07/31/2021 10:13:51,16.51,1984.00,,
2952,07/31/2021 10:23:51,16.77,1836.80,,
2953,07/31/2021 10:33:51,16.99,1744.64,,
2954,07/31/2021 10:43:51,17.07,1712.64,,
2955,07/31/2021 10:53:51,17.20,1707.52,,
2956,07/31/2021 11:03:51,17.03,1676.80,,
2957,07/31/2021 11:13:51,16.94,1688.96,,
2958,07/31/2021 11:23:51,17.07,1639.68,,
2959,07/31/2021 11:33:51,17.33,1598.72,,
2960,07/31/2021 11:43:51,17.41,1602.56,,
2961,07/31/2021 11:53:51,17.54,1621.12,,
2962,07/31/2021 12:03:51,17.59,1647.36,,
2963,07/31/2021 12:13:51,17.54,1625.60,,
2964,07/31/2021 12:23:51,17.63,1600.64,,
2965,07/31/2021 12:33:51,17.76,1568.64,,
2966,07/31/2021 12:43:51,17.80,1550.08,,
2967,07/31/2021 12:53:51,17.89,1524.48,,
2968,07/31/2021 13:03:51,17.89,1537.92,,
2969,07/31/2021 13:13:51,18.14,1534.08,,
2970,07/31/2021 13:23:51,18.40,1544.32,,
2971,07/31/2021 13:33:51,18.23,1541.76,,
2972,07/31/2021 13:43:51,18.14,1568.64,,
2973,07/31/2021 13:53:51,18.06,1575.04,,
2974,07/31/2021 14:03:51,18.14,1612.80,,
2975,07/31/2021 14:13:51,18.10,1722.88,,
2976,07/31/2021 14:23:51,17.97,1785.60,,
2977,07/31/2021 14:33:51,18.14,1824.64,,
2978,07/31/2021 14:43:51,17.84,1923.84,,
2979,07/31/2021 14:53:51,17.76,2047.36,,
2980,07/31/2021 15:03:51,17.76,2131.20,,
2981,07/31/2021 15:13:51,17.84,2174.08,,
2982,07/31/2021 15:23:51,17.93,2278.40,,
2983,07/31/2021 15:33:51,17.76,2377.60,,
2984,07/31/2021 15:43:51,17.63,2622.72,,
2985,07/31/2021 15:53:51,17.63,2831.36,,
2986,07/31/2021 16:03:51,17.20,1847.04,,
2987,07/31/2021 16:13:51,17.24,2904.32,,
2988,07/31/2021 16:23:51,17.29,1855.36,,
2989,07/31/2021 16:33:51,17.03,1369.60,,
2990,07/31/2021 16:43:51,16.90,1497.60,,
2991,07/31/2021 16:53:51,16.81,1418.24,,
2992,07/31/2021 17:03:51,16.51,901.44,,
2993,07/31/2021 17:13:51,16.60,861.12,,
2994,07/31/2021 17:23:51,16.51,756.16,,
2995,07/31/2021 17:33:51,16.39,710.40,,
2996,07/31/2021 17:43:51,16.17,662.72,,
2997,07/31/2021 17:53:51,16.04,555.52,,
2998,07/31/2021 18:03:51,16.13,569.28,,
2999,07/31/2021 18:13:51,15.96,512.32,,
3000,07/31/2021 18:23:51,15.91,449.44,,
3001,07/31/2021 18:33:51,16.13,384.80,,
3002,07/31/2021 18:43:51,15.96,286.72,,
3003,07/31/2021 18:53:51,15.96,234.96,,
3004,07/31/2021 19:03:51,15.78,201.60,,
3005,07/31/2021 19:13:51,15.78,163.48,,
3006,07/31/2021 19:23:51,15.74,121.32,,
3007,07/31/2021 19:33:51,15.83,98.12,,
3008,07/31/2021 19:43:51,15.66,64.94,,
3009,07/31/2021 19:53:51,15.61,46.86,,
3010,07/31/2021 20:03:51,15.66,27.87,,
3011,07/31/2021 20:13:51,15.40,13.50,,
3012,07/31/2021 20:23:51,15.44,4.92,,
3013,07/31/2021 20:33:51,15.31,1.07,,
3014,07/31/2021 20:43:51,15.23,0.00,,
3015,07/31/2021 20:53:51,14.97,0.00,,
3016,07/31/2021 21:03:51,14.93,0.00,,
3017,07/31/2021 21:13:51,14.97,0.00,,
3018,07/31/2021 21:23:51,14.63,0.00,,
3019,07/31/2021 21:33:51,14.63,0.00,,
3020,07/31/2021 21:43:51,14.75,0.00,,
3021,07/31/2021 21:53:51,14.67,0.00,,
3022,07/31/2021 22:03:51,14.75,0.00,,
3023,07/31/2021 22:13:51,14.88,0.00,,
3024,07/31/2021 22:23:51,14.80,0.00,,
3025,07/31/2021 22:33:51,14.80,0.00,,
3026,07/31/2021 22:43:51,14.67,0.00,,
3027,07/31/2021 22:53:51,14.67,0.00,,
3028,07/31/2021 23:03:51,14.75,0.00,,
3029,07/31/2021 23:13:51,14.75,0.00,,
3030,07/31/2021 23:23:51,14.93,0.00,,
3031,07/31/2021 23:33:51,14.97,0.00,,
3032,07/31/2021 23:43:51,14.97,0.00,,
3033,07/31/2021 23:53:51,14.84,0.00,,
3034,08/01/2021 00:03:51,14.88,0.00,,
3035,08/01/2021 00:13:51,14.84,0.00,,
3036,08/01/2021 00:23:51,14.84,0.00,,
3037,08/01/2021 00:33:51,14.71,0.00,,
3038,08/01/2021 00:43:51,14.75,0.00,,
3039,08/01/2021 00:53:51,14.75,0.00,,
3040,08/01/2021 01:03:51,14.63,0.00,,
3041,08/01/2021 01:13:51,14.58,0.00,,
3042,08/01/2021 01:23:51,14.45,0.00,,
3043,08/01/2021 01:33:51,14.33,0.00,,
3044,08/01/2021 01:43:51,14.45,0.00,,
3045,08/01/2021 01:53:51,14.41,0.00,,
3046,08/01/2021 02:03:51,14.37,0.00,,
3047,08/01/2021 02:13:51,14.45,0.00,,
3048,08/01/2021 02:23:51,14.54,0.00,,
3049,08/01/2021 02:33:51,14.41,0.00,,
3050,08/01/2021 02:43:51,14.50,0.00,,
3051,08/01/2021 02:53:51,14.33,0.00,,
3052,08/01/2021 03:03:51,14.28,0.00,,
3053,08/01/2021 03:13:51,14.15,0.00,,
3054,08/01/2021 03:23:51,14.20,0.00,,
3055,08/01/2021 03:33:51,14.33,0.00,,
3056,08/01/2021 03:43:51,14.28,0.00,,
3057,08/01/2021 03:53:51,14.37,0.00,,
3058,08/01/2021 04:03:51,14.24,0.00,,
3059,08/01/2021 04:13:51,14.28,0.00,,
3060,08/01/2021 04:23:51,14.41,0.00,,
3061,08/01/2021 04:33:51,14.45,0.00,,
3062,08/01/2021 04:43:51,14.45,0.00,,
3063,08/01/2021 04:53:51,14.45,0.00,,
3064,08/01/2021 05:03:51,14.45,0.00,,
3065,08/01/2021 05:13:51,14.28,0.00,,
3066,08/01/2021 05:23:51,14.33,0.00,,
3067,08/01/2021 05:33:51,14.41,0.00,,
3068,08/01/2021 05:43:51,14.37,0.00,,
3069,08/01/2021 05:53:51,14.15,0.00,,
3070,08/01/2021 06:03:51,14.28,0.85,,
3071,08/01/2021 06:13:51,14.33,4.70,,
3072,08/01/2021 06:23:51,14.33,13.29,,
3073,08/01/2021 06:33:51,14.33,22.31,,
3074,08/01/2021 06:43:51,14.28,36.49,,
3075,08/01/2021 06:53:51,14.20,52.86,,
3076,08/01/2021 07:03:51,14.24,80.04,,
3077,08/01/2021 07:13:51,14.28,109.36,,
3078,08/01/2021 07:23:51,14.24,120.48,,
3079,08/01/2021 07:33:51,14.33,130.84,,
3080,08/01/2021 07:43:51,14.33,158.36,,
3081,08/01/2021 07:53:51,14.28,184.24,,
3082,08/01/2021 08:03:51,14.37,199.84,,
3083,08/01/2021 08:13:51,14.50,238.56,,
3084,08/01/2021 08:23:51,14.58,271.36,,
3085,08/01/2021 08:33:51,14.71,337.60,,
3086,08/01/2021 08:43:51,14.58,378.72,,
3087,08/01/2021 08:53:51,14.58,447.68,,
3088,08/01/2021 09:03:51,14.84,508.80,,
3089,08/01/2021 09:13:51,14.80,591.52,,
3090,08/01/2021 09:23:51,14.88,647.52,,
3091,08/01/2021 09:33:51,15.10,780.48,,
3092,08/01/2021 09:43:51,15.27,836.16,,
3093,08/01/2021 09:53:51,15.36,960.32,,
3094,08/01/2021 10:03:51,15.53,1033.92,,
3095,08/01/2021 10:13:51,15.61,1233.60,,
3096,08/01/2021 10:23:51,15.78,1302.72,,
3097,08/01/2021 10:33:51,15.87,1431.04,,
3098,08/01/2021 10:43:51,15.96,1516.80,,
3099,08/01/2021 10:53:51,16.13,1578.24,,
3100,08/01/2021 11:03:51,16.30,1891.84,,
3101,08/01/2021 11:13:51,16.43,1877.76,,
3102,08/01/2021 11:23:51,16.47,1656.96,,
3103,08/01/2021 11:33:51,16.56,1763.84,,
3104,08/01/2021 11:43:51,16.60,1793.92,,
3105,08/01/2021 11:53:51,16.51,1153.92,,
3106,08/01/2021 12:03:51,16.51,1519.36,,
3107,08/01/2021 12:13:51,16.60,1385.60,,
3108,08/01/2021 12:23:51,16.60,1320.32,,
3109,08/01/2021 12:33:51,16.69,1294.08,,
3110,08/01/2021 12:43:51,16.69,1277.12,,
3111,08/01/2021 12:53:51,16.43,1266.88,,
3112,08/01/2021 13:03:51,16.60,1264.32,,
3113,08/01/2021 13:13:51,16.56,1264.32,,
3114,08/01/2021 13:23:51,16.64,1258.24,,
3115,08/01/2021 13:33:51,16.64,1287.36,,
3116,08/01/2021 13:43:51,16.86,1312.00,,
3117,08/01/2021 13:53:51,16.99,1329.92,,
3118,08/01/2021 14:03:51,16.99,1383.68,,
3119,08/01/2021 14:13:51,16.90,1448.32,,
3120,08/01/2021 14:23:51,16.94,1530.24,,
3121,08/01/2021 14:33:51,17.07,1630.72,,
3122,08/01/2021 14:43:51,17.03,1702.40,,
3123,08/01/2021 14:53:51,17.07,1749.76,,
3124,08/01/2021 15:03:51,17.16,1871.36,,
3125,08/01/2021 15:13:51,17.16,1920.64,,
3126,08/01/2021 15:23:51,17.16,2033.92,,
3127,08/01/2021 15:33:51,17.11,2189.44,,
3128,08/01/2021 15:43:51,17.20,2261.12,,
3129,08/01/2021 15:53:51,17.11,1468.80,,
3130,08/01/2021 16:03:51,17.20,2367.36,,
3131,08/01/2021 16:13:51,17.24,2468.48,,
3132,08/01/2021 16:23:51,17.33,2836.48,,
3133,08/01/2021 16:33:51,17.46,2704.64,,
3134,08/01/2021 16:43:51,17.37,2992.64,,
3135,08/01/2021 16:53:51,17.46,3116.80,,
3136,08/01/2021 17:03:51,17.46,3750.40,,
3137,08/01/2021 17:13:51,17.50,3367.68,,
3138,08/01/2021 17:23:51,17.50,4006.40,,
3139,08/01/2021 17:33:51,17.63,4259.84,,
3140,08/01/2021 17:43:51,17.41,2528.64,,
3141,08/01/2021 17:53:51,17.46,3912.96,,
3142,08/01/2021 18:03:51,17.72,4180.48,,
3143,08/01/2021 18:13:51,17.84,4121.60,,
3144,08/01/2021 18:23:51,17.93,5514.24,,
3145,08/01/2021 18:33:51,17.93,4184.32,,
3146,08/01/2021 18:43:51,18.06,4693.76,,
3147,08/01/2021 18:53:51,18.14,4628.48,,
3148,08/01/2021 19:03:51,17.63,1224.96,,
3149,08/01/2021 19:13:51,17.20,808.96,,
3150,08/01/2021 19:23:51,17.67,3776.00,,
3151,08/01/2021 19:33:51,17.24,453.28,,
3152,08/01/2021 19:43:51,16.77,252.48,,
3153,08/01/2021 19:53:51,16.81,161.04,,
3154,08/01/2021 20:03:51,16.69,84.32,,
3155,08/01/2021 20:13:51,16.60,38.25,,
3156,08/01/2021 20:23:51,16.43,15.03,,
3157,08/01/2021 20:33:51,16.39,3.85,,
3158,08/01/2021 20:43:51,16.43,0.21,,
3159,08/01/2021 20:53:51,16.34,0.00,,
3160,08/01/2021 21:03:51,16.51,0.00,,
3161,08/01/2021 21:13:51,16.51,0.00,,
3162,08/01/2021 21:23:51,16.39,0.00,,
3163,08/01/2021 21:33:51,16.47,0.00,,
3164,08/01/2021 21:43:51,16.39,0.00,,
3165,08/01/2021 21:53:51,16.43,0.00,,
3166,08/01/2021 22:03:51,16.39,0.00,,
3167,08/01/2021 22:13:51,16.34,0.00,,
3168,08/01/2021 22:23:51,16.26,0.00,,
3169,08/01/2021 22:33:51,16.43,0.00,,
3170,08/01/2021 22:43:51,16.51,0.00,,
3171,08/01/2021 22:53:51,16.56,0.00,,
3172,08/01/2021 23:03:51,16.69,0.00,,
3173,08/01/2021 23:13:51,16.60,0.00,,
3174,08/01/2021 23:23:51,16.56,0.00,,
3175,08/01/2021 23:33:51,16.69,0.00,,
3176,08/01/2021 23:43:51,16.64,0.00,,
3177,08/01/2021 23:53:51,16.60,0.00,,
3178,08/02/2021 00:03:51,16.51,0.00,,
3179,08/02/2021 00:13:51,16.51,0.00,,
3180,08/02/2021 00:23:51,16.30,0.00,,
3181,08/02/2021 00:33:51,16.39,0.00,,
3182,08/02/2021 00:43:51,16.47,0.00,,
3183,08/02/2021 00:53:51,16.47,0.00,,
3184,08/02/2021 01:03:51,16.43,0.00,,
3185,08/02/2021 01:13:51,16.43,0.00,,
3186,08/02/2021 01:23:51,16.39,0.00,,
3187,08/02/2021 01:33:51,16.30,0.00,,
3188,08/02/2021 01:43:51,16.21,0.00,,
3189,08/02/2021 01:53:51,16.30,0.00,,
3190,08/02/2021 02:03:51,16.30,0.00,,
3191,08/02/2021 02:13:51,16.17,0.00,,
3192,08/02/2021 02:23:51,16.04,0.00,,
3193,08/02/2021 02:33:51,16.08,0.00,,
3194,08/02/2021 02:43:51,16.08,0.00,,
3195,08/02/2021 02:53:51,15.96,0.00,,
3196,08/02/2021 03:03:51,15.83,0.00,,
3197,08/02/2021 03:13:51,15.78,0.00,,
3198,08/02/2021 03:23:51,15.83,0.00,,
3199,08/02/2021 03:33:51,15.70,0.00,,
3200,08/02/2021 03:43:51,15.70,0.00,,
3201,08/02/2021 03:53:51,15.57,0.00,,
3202,08/02/2021 04:03:51,15.57,0.00,,
3203,08/02/2021 04:13:51,15.53,0.00,,
3204,08/02/2021 04:23:51,15.48,0.00,,
3205,08/02/2021 04:33:51,15.48,0.00,,
3206,08/02/2021 04:43:51,15.48,0.00,,
3207,08/02/2021 04:53:51,15.36,0.00,,
3208,08/02/2021 05:03:51,15.40,0.00,,
3209,08/02/2021 05:13:51,15.44,0.00,,
3210,08/02/2021 05:23:51,15.48,0.00,,
3211,08/02/2021 05:33:51,15.44,0.00,,
3212,08/02/2021 05:43:51,15.44,0.00,,
3213,08/02/2021 05:53:51,15.40,0.00,,
3214,08/02/2021 06:03:51,15.27,2.14,,
3215,08/02/2021 06:13:51,15.27,8.77,,
3216,08/02/2021 06:23:51,15.36,22.31,,
3217,08/02/2021 06:33:51,15.40,43.38,,
3218,08/02/2021 06:43:51,15.53,67.94,,
3219,08/02/2021 06:53:51,15.40,96.40,,
3220,08/02/2021 07:03:51,15.48,131.72,,
3221,08/02/2021 07:13:51,15.44,172.24,,
3222,08/02/2021 07:23:51,15.57,204.96,,
3223,08/02/2021 07:33:51,15.44,251.44,,
3224,08/02/2021 07:43:51,15.44,301.52,,
3225,08/02/2021 07:53:51,15.48,353.92,,
3226,08/02/2021 08:03:51,15.53,391.20,,
3227,08/02/2021 08:13:51,15.61,458.40,,
3228,08/02/2021 08:23:51,15.70,496.80,,
3229,08/02/2021 08:33:51,15.57,550.40,,
3230,08/02/2021 08:43:51,15.70,636.48,,
3231,08/02/2021 08:53:51,15.61,698.24,,
3232,08/02/2021 09:03:51,15.74,767.04,,
3233,08/02/2021 09:13:51,15.83,887.68,,
3234,08/02/2021 09:23:51,15.91,969.92,,
3235,08/02/2021 09:33:51,15.91,1103.36,,
3236,08/02/2021 09:43:51,16.21,1277.12,,
3237,08/02/2021 09:53:51,16.13,1425.28,,
3238,08/02/2021 10:03:51,16.04,1531.52,,
3239,08/02/2021 10:13:51,16.17,1681.28,,
3240,08/02/2021 10:23:51,16.34,1771.52,,
3241,08/02/2021 10:33:51,16.21,1598.08,,
3242,08/02/2021 10:43:51,16.26,1640.96,,
3243,08/02/2021 10:53:51,16.17,1483.52,,
3244,08/02/2021 11:03:51,16.30,1691.52,,
3245,08/02/2021 11:13:51,16.26,1635.84,,
3246,08/02/2021 11:23:51,16.17,1016.00,,
3247,08/02/2021 11:33:51,16.26,1535.36,,
3248,08/02/2021 11:43:51,16.43,1516.80,,
3249,08/02/2021 11:53:51,16.56,1580.16,,
3250,08/02/2021 12:03:51,16.77,1585.28,,
3251,08/02/2021 12:13:51,16.99,1608.32,,
3252,08/02/2021 12:23:51,17.03,1441.28,,
3253,08/02/2021 12:33:51,16.99,1492.48,,
3254,08/02/2021 12:43:51,17.11,1452.16,,
3255,08/02/2021 12:53:51,17.03,1383.04,,
3256,08/02/2021 13:03:51,16.69,1354.24,,
3257,08/02/2021 13:13:51,16.73,1765.12,,
3258,08/02/2021 13:23:51,16.73,1362.56,,
3259,08/02/2021 13:33:51,16.47,1362.56,,
3260,08/02/2021 13:43:51,16.51,1681.28,,
3261,08/02/2021 13:53:51,16.69,1889.92,,
3262,08/02/2021 14:03:51,16.69,1970.56,,
3263,08/02/2021 14:13:51,16.86,1655.04,,
3264,08/02/2021 14:23:51,16.94,2256.00,,
3265,08/02/2021 14:33:51,17.03,2136.32,,
3266,08/02/2021 14:43:51,16.94,1724.80,,
3267,08/02/2021 14:53:51,16.69,1766.40,,
3268,08/02/2021 15:03:51,16.56,1884.80,,
3269,08/02/2021 15:13:51,16.69,1496.32,,
3270,08/02/2021 15:23:51,16.94,2078.08,,
3271,08/02/2021 15:33:51,16.94,1447.04,,
3272,08/02/2021 15:43:51,16.81,1489.92,,
3273,08/02/2021 15:53:51,16.64,1963.52,,
3274,08/02/2021 16:03:51,16.51,1519.36,,
3275,08/02/2021 16:13:51,16.64,1555.84,,
3276,08/02/2021 16:23:51,16.47,1744.64,,
3277,08/02/2021 16:33:51,16.73,2407.04,,
3278,08/02/2021 16:43:51,16.64,2990.08,,
3279,08/02/2021 16:53:51,16.64,2196.48,,
3280,08/02/2021 17:03:51,16.86,3399.68,,
3281,08/02/2021 17:13:51,16.69,3930.88,,
3282,08/02/2021 17:23:51,16.90,3912.96,,
3283,08/02/2021 17:33:51,16.86,3902.72,,
3284,08/02/2021 17:43:51,16.99,4259.84,,
3285,08/02/2021 17:53:51,17.07,4413.44,,
3286,08/02/2021 18:03:51,16.99,1676.80,,
3287,08/02/2021 18:13:51,17.11,4241.92,,
3288,08/02/2021 18:23:51,17.24,4008.96,,
3289,08/02/2021 18:33:51,17.29,4090.88,,
3290,08/02/2021 18:43:51,17.20,4759.04,,
3291,08/02/2021 18:53:51,17.11,3947.52,,
3292,08/02/2021 19:03:51,17.03,4200.96,,
3293,08/02/2021 19:13:51,16.64,1322.88,,
3294,08/02/2021 19:23:51,16.30,2643.20,,
3295,08/02/2021 19:33:51,16.39,2297.60,,
3296,08/02/2021 19:43:51,16.00,375.68,,
3297,08/02/2021 19:53:51,15.78,248.24,,
3298,08/02/2021 20:03:51,15.74,334.72,,
3299,08/02/2021 20:13:51,15.57,76.72,,
3300,08/02/2021 20:23:51,15.57,23.64,,
3301,08/02/2021 20:33:51,15.23,6.84,,
3302,08/02/2021 20:43:51,15.14,0.42,,
3303,08/02/2021 20:53:51,15.10,0.00,,
3304,08/02/2021 21:03:51,15.06,0.00,,
3305,08/02/2021 21:13:51,14.93,0.00,,
3306,08/02/2021 21:23:51,14.84,0.00,,
3307,08/02/2021 21:33:51,14.41,0.00,,
3308,08/02/2021 21:43:51,14.28,0.00,,
3309,08/02/2021 21:53:51,14.07,0.00,,
3310,08/02/2021 22:03:51,14.03,0.00,,
3311,08/02/2021 22:13:51,13.98,0.00,,
3312,08/02/2021 22:23:51,13.94,0.00,,
3313,08/02/2021 22:33:51,13.85,0.00,,
3314,08/02/2021 22:43:51,13.85,0.00,,
3315,08/02/2021 22:53:51,13.68,0.00,,
3316,08/02/2021 23:03:51,13.73,0.00,,
3317,08/02/2021 23:13:51,13.55,0.00,,
3318,08/02/2021 23:23:51,13.55,0.00,,
3319,08/02/2021 23:33:51,13.55,0.00,,
3320,08/02/2021 23:43:51,13.55,0.00,,
3321,08/02/2021 23:53:51,13.64,0.00,,
3322,08/03/2021 00:03:51,13.38,0.00,,
3323,08/03/2021 00:13:51,13.43,0.00,,
3324,08/03/2021 00:23:51,13.12,0.00,,
3325,08/03/2021 00:33:51,13.34,0.00,,
3326,08/03/2021 00:43:51,13.30,0.00,,
3327,08/03/2021 00:53:51,13.04,0.00,,
3328,08/03/2021 01:03:51,13.04,0.00,,
3329,08/03/2021 01:13:51,13.04,0.00,,
3330,08/03/2021 01:23:51,12.95,0.00,,
3331,08/03/2021 01:33:51,12.82,0.00,,
3332,08/03/2021 01:43:51,12.74,0.00,,
3333,08/03/2021 01:53:51,12.70,0.00,,
3334,08/03/2021 02:03:51,12.70,0.00,,
3335,08/03/2021 02:13:51,12.61,0.00,,
3336,08/03/2021 02:23:51,12.57,0.00,,
3337,08/03/2021 02:33:51,12.52,0.00,,
3338,08/03/2021 02:43:51,12.70,0.00,,
3339,08/03/2021 02:53:51,12.70,0.00,,
3340,08/03/2021 03:03:51,12.61,0.00,,
3341,08/03/2021 03:13:51,12.65,0.00,,
3342,08/03/2021 03:23:51,12.78,0.00,,
3343,08/03/2021 03:33:51,12.91,0.00,,
3344,08/03/2021 03:43:51,12.65,0.00,,
3345,08/03/2021 03:53:51,12.87,0.00,,
3346,08/03/2021 04:03:51,12.70,0.00,,
3347,08/03/2021 04:13:51,12.82,0.00,,
3348,08/03/2021 04:23:51,12.65,0.00,,
3349,08/03/2021 04:33:51,12.70,0.00,,
3350,08/03/2021 04:43:51,12.61,0.00,,
3351,08/03/2021 04:53:51,12.48,0.00,,
3352,08/03/2021 05:03:51,12.57,0.00,,
3353,08/03/2021 05:13:51,12.52,0.00,,
3354,08/03/2021 05:23:51,12.52,0.00,,
3355,08/03/2021 05:33:51,12.57,0.00,,
3356,08/03/2021 05:43:51,12.57,0.00,,
3357,08/03/2021 05:53:51,12.48,0.00,,
3358,08/03/2021 06:03:51,12.27,1.07,,
3359,08/03/2021 06:13:51,12.18,5.13,,
3360,08/03/2021 06:23:51,12.35,13.29,,
3361,08/03/2021 06:33:51,12.27,28.78,,
3362,08/03/2021 06:43:51,12.18,51.56,,
3363,08/03/2021 06:53:51,12.22,85.16,,
3364,08/03/2021 07:03:51,12.35,102.40,,
3365,08/03/2021 07:13:51,12.52,123.04,,
3366,08/03/2021 07:23:51,12.27,159.20,,
3367,08/03/2021 07:33:51,12.31,222.96,,
3368,08/03/2021 07:43:51,12.48,267.04,,
3369,08/03/2021 07:53:51,12.57,266.24,,
3370,08/03/2021 08:03:51,12.52,289.28,,
3371,08/03/2021 08:13:51,12.35,333.12,,
3372,08/03/2021 08:23:51,12.35,455.84,,
3373,08/03/2021 08:33:51,12.57,472.00,,
3374,08/03/2021 08:43:51,12.78,488.32,,
3375,08/03/2021 08:53:51,12.74,537.60,,
3376,08/03/2021 09:03:51,12.82,659.52,,
3377,08/03/2021 09:13:51,12.82,728.32,,
3378,08/03/2021 09:23:51,12.91,671.04,,
3379,08/03/2021 09:33:51,13.00,717.12,,
3380,08/03/2021 09:43:51,13.12,848.32,,
3381,08/03/2021 09:53:51,13.30,832.00,,
3382,08/03/2021 10:03:51,13.21,869.76,,
3383,08/03/2021 10:13:51,13.38,1029.76,,
3384,08/03/2021 10:23:51,13.51,975.04,,
3385,08/03/2021 10:33:51,13.68,1064.96,,
3386,08/03/2021 10:43:51,13.81,1098.24,,
3387,08/03/2021 10:53:51,13.90,1296.00,,
3388,08/03/2021 11:03:51,13.94,1378.56,,
3389,08/03/2021 11:13:51,13.94,1445.76,,
3390,08/03/2021 11:23:51,14.07,1443.20,,
3391,08/03/2021 11:33:51,13.98,1568.00,,
3392,08/03/2021 11:43:51,14.15,1521.92,,
3393,08/03/2021 11:53:51,14.11,1584.00,,
3394,08/03/2021 12:03:51,14.11,1896.96,,
3395,08/03/2021 12:13:51,14.11,2026.88,,
3396,08/03/2021 12:23:51,14.28,2199.68,,
3397,08/03/2021 12:33:51,14.33,2182.40,,
3398,08/03/2021 12:43:51,14.50,2328.32,,
3399,08/03/2021 12:53:51,14.45,2218.88,,
3400,08/03/2021 13:03:51,14.45,2282.24,,
3401,08/03/2021 13:13:51,14.50,2028.80,,
3402,08/03/2021 13:23:51,14.33,2156.80,,
3403,08/03/2021 13:33:51,14.45,2192.64,,
3404,08/03/2021 13:43:51,14.45,2199.68,,
3405,08/03/2021 13:53:51,14.41,2204.80,,
3406,08/03/2021 14:03:51,14.41,2177.28,,
3407,08/03/2021 14:13:51,14.67,2174.08,,
3408,08/03/2021 14:23:51,14.80,2266.88,,
3409,08/03/2021 14:33:51,14.80,2463.36,,
3410,08/03/2021 14:43:51,14.93,2341.76,,
3411,08/03/2021 14:53:51,15.06,2312.96,,
3412,08/03/2021 15:03:51,15.14,2158.72,,
3413,08/03/2021 15:13:51,15.18,2424.32,,
3414,08/03/2021 15:23:51,14.93,2168.96,,
3415,08/03/2021 15:33:51,14.80,2455.04,,
3416,08/03/2021 15:43:51,14.63,2307.84,,
3417,08/03/2021 15:53:51,14.54,2160.64,,
3418,08/03/2021 16:03:51,14.71,1866.24,,
3419,08/03/2021 16:13:51,14.54,2771.20,,
3420,08/03/2021 16:23:51,14.58,1549.44,,
3421,08/03/2021 16:33:51,14.50,1532.16,,
3422,08/03/2021 16:43:51,14.33,1151.36,,
3423,08/03/2021 16:53:51,14.33,1193.92,,
3424,08/03/2021 17:03:51,14.33,1015.04,,
3425,08/03/2021 17:13:51,14.37,922.56,,
3426,08/03/2021 17:23:51,14.07,838.08,,
3427,08/03/2021 17:33:51,14.07,761.60,,
3428,08/03/2021 17:43:51,13.90,605.12,,
3429,08/03/2021 17:53:51,13.98,539.20,,
3430,08/03/2021 18:03:51,13.94,447.68,,
3431,08/03/2021 18:13:51,13.94,376.16,,
3432,08/03/2021 18:23:51,13.77,331.36,,
3433,08/03/2021 18:33:51,13.77,258.32,,
3434,08/03/2021 18:43:51,13.98,222.08,,
3435,08/03/2021 18:53:51,13.81,167.84,,
3436,08/03/2021 19:03:51,13.98,162.64,,
3437,08/03/2021 19:13:51,14.03,117.04,,
3438,08/03/2021 19:23:51,14.07,105.80,,
3439,08/03/2021 19:33:51,14.03,73.94,,
3440,08/03/2021 19:43:51,14.15,52.42,,
3441,08/03/2021 19:53:51,14.11,35.20,,
3442,08/03/2021 20:03:51,14.03,20.17,,
3443,08/03/2021 20:13:51,14.03,9.22,,
3444,08/03/2021 20:23:51,14.11,2.56,,
3445,08/03/2021 20:33:51,13.94,0.00,,
3446,08/03/2021 20:43:51,13.81,0.00,,
3447,08/03/2021 20:53:51,13.94,0.00,,
3448,08/03/2021 21:03:51,13.94,0.00,,
3449,08/03/2021 21:13:51,14.03,0.00,,
3450,08/03/2021 21:23:51,14.03,0.00,,
3451,08/03/2021 21:33:51,14.07,0.00,,
3452,08/03/2021 21:43:51,14.03,0.00,,
3453,08/03/2021 21:53:51,13.98,0.00,,
3454,08/03/2021 22:03:51,13.81,0.00,,
3455,08/03/2021 22:13:51,13.90,0.00,,
3456,08/03/2021 22:23:51,13.77,0.00,,
3457,08/03/2021 22:33:51,13.94,0.00,,
3458,08/03/2021 22:43:51,13.81,0.00,,
3459,08/03/2021 22:53:51,14.07,0.00,,
3460,08/03/2021 23:03:51,13.81,0.00,,
3461,08/03/2021 23:13:51,13.85,0.00,,
3462,08/03/2021 23:23:51,13.81,0.00,,
3463,08/03/2021 23:33:51,13.51,0.00,,
3464,08/03/2021 23:43:51,13.64,0.00,,
3465,08/03/2021 23:53:51,13.51,0.00,,
3466,08/04/2021 00:03:51,13.55,0.00,,
3467,08/04/2021 00:13:51,13.51,0.00,,
3468,08/04/2021 00:23:51,13.30,0.00,,
3469,08/04/2021 00:33:51,13.25,0.00,,
3470,08/04/2021 00:43:51,13.17,0.00,,
3471,08/04/2021 00:53:51,13.21,0.00,,
3472,08/04/2021 01:03:51,13.30,0.00,,
3473,08/04/2021 01:13:51,13.12,0.00,,
3474,08/04/2021 01:23:51,12.95,0.00,,
3475,08/04/2021 01:33:51,13.08,0.00,,
3476,08/04/2021 01:43:51,13.04,0.00,,
3477,08/04/2021 01:53:51,13.12,0.00,,
3478,08/04/2021 02:03:51,12.95,0.00,,
3479,08/04/2021 02:13:51,12.87,0.00,,
3480,08/04/2021 02:23:51,12.82,0.00,,
3481,08/04/2021 02:33:51,12.82,0.00,,
3482,08/04/2021 02:43:51,12.87,0.00,,
3483,08/04/2021 02:53:51,13.00,0.00,,
3484,08/04/2021 03:03:51,12.87,0.00,,
3485,08/04/2021 03:13:51,12.91,0.00,,
3486,08/04/2021 03:23:51,13.00,0.00,,
3487,08/04/2021 03:33:51,13.08,0.00,,
3488,08/04/2021 03:43:51,13.12,0.00,,
3489,08/04/2021 03:53:51,13.21,0.00,,
3490,08/04/2021 04:03:51,12.95,0.00,,
3491,08/04/2021 04:13:51,12.95,0.00,,
3492,08/04/2021 04:23:51,12.87,0.00,,
3493,08/04/2021 04:33:51,12.82,0.00,,
3494,08/04/2021 04:43:51,12.70,0.00,,
3495,08/04/2021 04:53:51,12.65,0.00,,
3496,08/04/2021 05:03:51,12.70,0.00,,
3497,08/04/2021 05:13:51,12.65,0.00,,
3498,08/04/2021 05:23:51,12.74,0.00,,
3499,08/04/2021 05:33:51,12.52,0.00,,
3500,08/04/2021 05:43:51,12.48,0.00,,
3501,08/04/2021 05:53:51,12.52,0.00,,
3502,08/04/2021 06:03:51,12.61,0.42,,
3503,08/04/2021 06:13:51,12.44,3.21,,
3504,08/04/2021 06:23:51,12.48,11.34,,
3505,08/04/2021 06:33:51,12.35,19.95,,
3506,08/04/2021 06:43:51,12.40,35.63,,
3507,08/04/2021 06:53:51,12.48,50.76,,
3508,08/04/2021 07:03:51,12.65,62.80,,
3509,08/04/2021 07:13:51,12.74,86.96,,
3510,08/04/2021 07:23:51,12.78,99.92,,
3511,08/04/2021 07:33:51,12.74,144.64,,
3512,08/04/2021 07:43:51,12.82,159.20,,
3513,08/04/2021 07:53:51,12.78,176.56,,
3514,08/04/2021 08:03:51,12.78,200.72,,
3515,08/04/2021 08:13:51,12.87,214.40,,
3516,08/04/2021 08:23:51,13.00,222.08,,
3517,08/04/2021 08:33:51,12.87,281.60,,
3518,08/04/2021 08:43:51,12.82,375.36,,
3519,08/04/2021 08:53:51,12.70,488.32,,
3520,08/04/2021 09:03:51,12.78,600.48,,
3521,08/04/2021 09:13:51,12.91,646.72,,
3522,08/04/2021 09:23:51,12.87,785.60,,
3523,08/04/2021 09:33:51,12.91,729.92,,
3524,08/04/2021 09:43:51,12.91,773.76,,
3525,08/04/2021 09:53:51,13.00,820.80,,
3526,08/04/2021 10:03:51,13.12,757.76,,
3527,08/04/2021 10:13:51,13.34,803.84,,
3528,08/04/2021 10:23:51,13.34,917.44,,
3529,08/04/2021 10:33:51,13.38,1022.72,,
3530,08/04/2021 10:43:51,13.25,1042.56,,
3531,08/04/2021 10:53:51,13.38,1082.88,,
3532,08/04/2021 11:03:51,13.64,1270.40,,
3533,08/04/2021 11:13:51,14.15,1895.04,,
3534,08/04/2021 11:23:51,14.24,1676.80,,
3535,08/04/2021 11:33:51,14.11,1502.72,,
3536,08/04/2021 11:43:51,14.11,1647.36,,
3537,08/04/2021 11:53:51,14.11,1855.36,,
3538,08/04/2021 12:03:51,13.94,1881.60,,
3539,08/04/2021 12:13:51,14.07,1991.04,,
3540,08/04/2021 12:23:51,14.11,1965.44,,
3541,08/04/2021 12:33:51,14.20,1902.08,,
3542,08/04/2021 12:43:51,14.24,2047.36,,
3543,08/04/2021 12:53:51,14.33,2155.52,,
3544,08/04/2021 13:03:51,14.24,2148.48,,
3545,08/04/2021 13:13:51,14.33,2245.76,,
3546,08/04/2021 13:23:51,14.41,2145.28,,
3547,08/04/2021 13:33:51,14.58,2066.56,,
3548,08/04/2021 13:43:51,14.67,2076.80,,
3549,08/04/2021 13:53:51,14.80,2026.88,,
3550,08/04/2021 14:03:51,14.84,2199.68,,
3551,08/04/2021 14:13:51,14.71,2108.80,,
3552,08/04/2021 14:23:51,14.80,2239.36,,
3553,08/04/2021 14:33:51,14.75,2120.96,,
3554,08/04/2021 14:43:51,14.67,2136.32,,
3555,08/04/2021 14:53:51,14.63,2057.60,,
3556,08/04/2021 15:03:51,14.71,1929.60,,
3557,08/04/2021 15:13:51,14.80,1864.32,,
3558,08/04/2021 15:23:51,14.84,2078.08,,
3559,08/04/2021 15:33:51,14.75,1640.96,,
3560,08/04/2021 15:43:51,14.80,1511.68,,
3561,08/04/2021 15:53:51,14.75,1557.76,,
3562,08/04/2021 16:03:51,14.71,1893.12,,
3563,08/04/2021 16:13:51,14.63,1443.84,,
3564,08/04/2021 16:23:51,14.41,1568.64,,
3565,08/04/2021 16:33:51,14.37,1895.04,,
3566,08/04/2021 16:43:51,14.37,1566.08,,
3567,08/04/2021 16:53:51,14.41,1488.64,,
3568,08/04/2021 17:03:51,14.50,1372.80,,
3569,08/04/2021 17:13:51,14.63,1390.08,,
3570,08/04/2021 17:23:51,14.63,1375.36,,
3571,08/04/2021 17:33:51,14.50,1148.80,,
3572,08/04/2021 17:43:51,14.63,1232.64,,
3573,08/04/2021 17:53:51,14.71,1474.56,,
3574,08/04/2021 18:03:51,14.67,1395.84,,
3575,08/04/2021 18:13:51,14.84,1765.12,,
3576,08/04/2021 18:23:51,14.84,1495.04,,
3577,08/04/2021 18:33:51,14.88,1603.20,,
3578,08/04/2021 18:43:51,14.71,948.48,,
3579,08/04/2021 18:53:51,14.71,733.12,,
3580,08/04/2021 19:03:51,14.54,592.80,,
3581,08/04/2021 19:13:51,14.63,579.04,,
3582,08/04/2021 19:23:51,14.75,465.12,,
3583,08/04/2021 19:33:51,14.63,255.92,,
3584,08/04/2021 19:43:51,14.58,161.88,,
3585,08/04/2021 19:53:51,14.58,83.44,,
3586,08/04/2021 20:03:51,14.58,39.96,,
3587,08/04/2021 20:13:51,14.80,19.12,,
3588,08/04/2021 20:23:51,14.80,5.99,,
3589,08/04/2021 20:33:51,14.84,0.85,,
3590,08/04/2021 20:43:51,14.80,0.00,,
3591,08/04/2021 20:53:51,14.71,0.00,,
3592,08/04/2021 21:03:51,14.93,0.00,,
3593,08/04/2021 21:13:51,14.88,0.00,,
3594,08/04/2021 21:23:51,14.84,0.00,,
3595,08/04/2021 21:33:51,14.93,0.00,,
3596,08/04/2021 21:43:51,14.97,0.00,,
3597,08/04/2021 21:53:51,15.14,0.00,,
3598,08/04/2021 22:03:51,15.01,0.00,,
3599,08/04/2021 22:13:51,14.84,0.00,,
3600,08/04/2021 22:23:51,14.67,0.00,,
3601,08/04/2021 22:33:51,14.54,0.00,,
3602,08/04/2021 22:43:51,14.45,0.00,,
3603,08/04/2021 22:53:51,14.24,0.00,,
3604,08/04/2021 23:03:51,14.15,0.00,,
3605,08/04/2021 23:13:51,14.03,0.00,,
3606,08/04/2021 23:23:51,14.07,0.00,,
3607,08/04/2021 23:33:51,13.90,0.00,,
3608,08/04/2021 23:43:51,14.03,0.00,,
3609,08/04/2021 23:53:51,13.94,0.00,,
3610,08/05/2021 00:03:51,13.90,0.00,,
3611,08/05/2021 00:13:51,14.03,0.00,,
3612,08/05/2021 00:23:51,14.03,0.00,,
3613,08/05/2021 00:33:51,14.03,0.00,,
3614,08/05/2021 00:43:51,13.98,0.00,,
3615,08/05/2021 00:53:51,14.15,0.00,,
3616,08/05/2021 01:03:51,14.24,0.00,,
3617,08/05/2021 01:13:51,14.11,0.00,,
3618,08/05/2021 01:23:51,14.07,0.00,,
3619,08/05/2021 01:33:51,14.20,0.00,,
3620,08/05/2021 01:43:51,14.03,0.00,,
3621,08/05/2021 01:53:51,13.81,0.00,,
3622,08/05/2021 02:03:51,13.73,0.00,,
3623,08/05/2021 02:13:51,13.77,0.00,,
3624,08/05/2021 02:23:51,13.90,0.00,,
3625,08/05/2021 02:33:51,13.81,0.00,,
3626,08/05/2021 02:43:51,14.03,0.00,,
3627,08/05/2021 02:53:51,13.90,0.00,,
3628,08/05/2021 03:03:51,13.81,0.00,,
3629,08/05/2021 03:13:51,13.60,0.00,,
3630,08/05/2021 03:23:51,13.68,0.00,,
3631,08/05/2021 03:33:51,13.68,0.00,,
3632,08/05/2021 03:43:51,13.68,0.00,,
3633,08/05/2021 03:53:51,13.64,0.00,,
3634,08/05/2021 04:03:51,13.55,0.00,,
3635,08/05/2021 04:13:51,13.73,0.00,,
3636,08/05/2021 04:23:51,13.81,0.00,,
3637,08/05/2021 04:33:51,13.81,0.00,,
3638,08/05/2021 04:43:51,13.81,0.00,,
3639,08/05/2021 04:53:51,13.73,0.00,,
3640,08/05/2021 05:03:51,13.77,0.00,,
3641,08/05/2021 05:13:51,13.73,0.00,,
3642,08/05/2021 05:23:51,13.77,0.00,,
3643,08/05/2021 05:33:51,13.81,0.00,,
3644,08/05/2021 05:43:51,13.77,0.00,,
3645,08/05/2021 05:53:51,13.81,0.00,,
3646,08/05/2021 06:03:51,13.73,0.64,,
3647,08/05/2021 06:13:51,13.77,3.21,,
3648,08/05/2021 06:23:51,13.64,13.08,,
3649,08/05/2021 06:33:51,13.68,39.96,,
3650,08/05/2021 06:43:51,13.55,54.62,,
3651,08/05/2021 06:53:51,13.51,98.96,,
3652,08/05/2021 07:03:51,13.51,140.36,,
3653,08/05/2021 07:13:51,13.55,155.88,,
3654,08/05/2021 07:23:51,13.64,192.16,,
3655,08/05/2021 07:33:51,13.68,239.44,,
3656,08/05/2021 07:43:51,13.68,301.52,,
3657,08/05/2021 07:53:51,13.73,368.96,,
3658,08/05/2021 08:03:51,13.68,395.36,,
3659,08/05/2021 08:13:51,13.73,404.00,,
3660,08/05/2021 08:23:51,13.73,535.84,,
3661,08/05/2021 08:33:51,13.98,701.76,,
3662,08/05/2021 08:43:51,13.94,725.76,,
3663,08/05/2021 08:53:51,14.07,646.72,,
3664,08/05/2021 09:03:51,13.64,710.40,,
3665,08/05/2021 09:13:51,13.60,730.56,,
3666,08/05/2021 09:23:51,13.60,1048.64,,
3667,08/05/2021 09:33:51,13.85,1233.60,,
3668,08/05/2021 09:43:51,13.90,1019.52,,
3669,08/05/2021 09:53:51,13.68,742.40,,
3670,08/05/2021 10:03:51,13.81,713.92,,
3671,08/05/2021 10:13:51,13.77,704.32,,
3672,08/05/2021 10:23:51,13.94,904.32,,
3673,08/05/2021 10:33:51,14.15,1022.72,,
3674,08/05/2021 10:43:51,14.11,927.04,,
3675,08/05/2021 10:53:51,14.07,889.60,,
3676,08/05/2021 11:03:51,14.37,916.80,,
3677,08/05/2021 11:13:51,14.33,1047.68,,
3678,08/05/2021 11:23:51,14.24,1011.84,,
3679,08/05/2021 11:33:51,14.24,1226.56,,
3680,08/05/2021 11:43:51,14.33,1277.12,,
3681,08/05/2021 11:53:51,14.37,1246.40,,
3682,08/05/2021 12:03:51,14.37,1250.56,,
3683,08/05/2021 12:13:51,14.45,1223.04,,
3684,08/05/2021 12:23:51,14.41,1294.08,,
3685,08/05/2021 12:33:51,14.41,1329.28,,
3686,08/05/2021 12:43:51,14.75,1351.68,,
3687,08/05/2021 12:53:51,14.84,1524.48,,
3688,08/05/2021 13:03:51,14.97,1520.64,,
3689,08/05/2021 13:13:51,15.06,1802.88,,
3690,08/05/2021 13:23:51,14.93,1530.24,,
3691,08/05/2021 13:33:51,15.01,1623.04,,
3692,08/05/2021 13:43:51,15.18,1592.96,,
3693,08/05/2021 13:53:51,15.10,1497.60,,
3694,08/05/2021 14:03:51,15.18,1776.64,,
3695,08/05/2021 14:13:51,15.31,1771.52,,
3696,08/05/2021 14:23:51,15.40,1886.72,,
3697,08/05/2021 14:33:51,15.40,1736.96,,
3698,08/05/2021 14:43:51,15.44,1674.88,,
3699,08/05/2021 14:53:51,15.27,1591.68,,
3700,08/05/2021 15:03:51,15.40,1669.76,,
3701,08/05/2021 15:13:51,15.36,1542.40,,
3702,08/05/2021 15:23:51,15.27,1351.68,,
3703,08/05/2021 15:33:51,15.44,1532.16,,
3704,08/05/2021 15:43:51,15.48,1555.84,,
3705,08/05/2021 15:53:51,15.53,1750.40,,
3706,08/05/2021 16:03:51,15.61,1867.52,,
3707,08/05/2021 16:13:51,15.96,2382.72,,
3708,08/05/2021 16:23:51,15.96,2314.24,,
3709,08/05/2021 16:33:51,16.04,2917.12,,
3710,08/05/2021 16:43:51,15.87,2832.64,,
3711,08/05/2021 16:53:51,15.96,3223.04,,
3712,08/05/2021 17:03:51,16.13,3667.20,,
3713,08/05/2021 17:13:51,16.26,4129.28,,
3714,08/05/2021 17:23:51,16.43,3851.52,,
3715,08/05/2021 17:33:51,16.34,3796.48,,
3716,08/05/2021 17:43:51,16.60,3649.28,,
3717,08/05/2021 17:53:51,16.64,2321.28,,
3718,08/05/2021 18:03:51,16.81,2093.44,,
3719,08/05/2021 18:13:51,16.30,969.92,,
3720,08/05/2021 18:23:51,16.04,703.68,,
3721,08/05/2021 18:33:51,15.96,588.48,,
3722,08/05/2021 18:43:51,15.87,731.84,,
3723,08/05/2021 18:53:51,15.96,888.32,,
3724,08/05/2021 19:03:51,16.21,840.64,,
3725,08/05/2021 19:13:51,16.21,681.60,,
3726,08/05/2021 19:23:51,16.13,308.40,,
3727,08/05/2021 19:33:51,16.13,173.92,,
3728,08/05/2021 19:43:51,16.04,101.52,,
3729,08/05/2021 19:53:51,16.00,65.86,,
3730,08/05/2021 20:03:51,15.96,40.82,,
3731,08/05/2021 20:13:51,16.04,17.38,,
3732,08/05/2021 20:23:51,16.04,5.99,,
3733,08/05/2021 20:33:51,16.00,0.85,,
3734,08/05/2021 20:43:51,15.83,0.00,,
3735,08/05/2021 20:53:51,15.70,0.00,,
3736,08/05/2021 21:03:51,15.66,0.00,,
3737,08/05/2021 21:13:51,15.61,0.00,,
3738,08/05/2021 21:23:51,15.57,0.00,,
3739,08/05/2021 21:33:51,15.44,0.00,,
3740,08/05/2021 21:43:51,15.31,0.00,,
3741,08/05/2021 21:53:51,15.27,0.00,,
3742,08/05/2021 22:03:51,15.31,0.00,,
3743,08/05/2021 22:13:51,15.36,0.00,,
3744,08/05/2021 22:23:51,15.40,0.00,,
3745,08/05/2021 22:33:51,15.36,0.00,,
3746,08/05/2021 22:43:51,15.44,0.00,,
3747,08/05/2021 22:53:51,15.40,0.00,,
3748,08/05/2021 23:03:51,15.31,0.00,,
3749,08/05/2021 23:13:51,15.01,0.00,,
3750,08/05/2021 23:23:51,14.88,0.00,,
3751,08/05/2021 23:33:51,15.01,0.00,,
3752,08/05/2021 23:43:51,14.80,0.00,,
3753,08/05/2021 23:53:51,14.80,0.00,,
3754,08/06/2021 00:03:51,14.93,0.00,,
3755,08/06/2021 00:13:51,14.80,0.00,,
3756,08/06/2021 00:23:51,14.80,0.00,,
3757,08/06/2021 00:33:51,14.84,0.00,,
3758,08/06/2021 00:43:51,14.84,0.00,,
3759,08/06/2021 00:53:51,14.84,0.00,,
3760,08/06/2021 01:03:51,14.88,0.00,,
3761,08/06/2021 01:13:51,14.88,0.00,,
3762,08/06/2021 01:23:51,14.84,0.00,,
3763,08/06/2021 01:33:51,14.71,0.00,,
3764,08/06/2021 01:43:51,14.63,0.00,,
3765,08/06/2021 01:53:51,14.45,0.00,,
3766,08/06/2021 02:03:51,14.24,0.00,,
3767,08/06/2021 02:13:51,14.33,0.00,,
3768,08/06/2021 02:23:51,14.20,0.00,,
3769,08/06/2021 02:33:51,14.20,0.00,,
3770,08/06/2021 02:43:51,13.98,0.00,,
3771,08/06/2021 02:53:51,13.90,0.00,,
3772,08/06/2021 03:03:51,13.85,0.00,,
3773,08/06/2021 03:13:51,13.81,0.00,,
3774,08/06/2021 03:23:51,14.03,0.00,,
3775,08/06/2021 03:33:51,14.07,0.00,,
3776,08/06/2021 03:43:51,13.98,0.00,,
3777,08/06/2021 03:53:51,13.85,0.00,,
3778,08/06/2021 04:03:51,13.64,0.00,,
3779,08/06/2021 04:13:51,13.64,0.00,,
3780,08/06/2021 04:23:51,13.64,0.00,,
3781,08/06/2021 04:33:51,13.08,0.00,,
3782,08/06/2021 04:43:51,12.87,0.00,,
3783,08/06/2021 04:53:51,12.78,0.00,,
3784,08/06/2021 05:03:51,12.52,0.00,,
3785,08/06/2021 05:13:51,12.57,0.00,,
3786,08/06/2021 05:23:51,12.57,0.00,,
3787,08/06/2021 05:33:51,12.65,0.00,,
3788,08/06/2021 05:43:51,12.22,0.00,,
3789,08/06/2021 05:53:51,12.65,0.00,,
3790,08/06/2021 06:03:51,12.31,1.07,,
3791,08/06/2021 06:13:51,12.95,6.20,,
3792,08/06/2021 06:23:51,13.73,21.45,,
3793,08/06/2021 06:33:51,13.64,42.58,,
3794,08/06/2021 06:43:51,13.64,49.92,,
3795,08/06/2021 06:53:51,13.73,88.68,,
3796,08/06/2021 07:03:51,13.73,175.04,,
3797,08/06/2021 07:13:51,13.90,229.36,,
3798,08/06/2021 07:23:51,14.15,304.48,,
3799,08/06/2021 07:33:51,14.20,366.72,,
3800,08/06/2021 07:43:51,14.20,408.64,,
3801,08/06/2021 07:53:51,14.20,422.40,,
3802,08/06/2021 08:03:51,14.33,563.20,,
3803,08/06/2021 08:13:51,14.41,567.52,,
3804,08/06/2021 08:23:51,14.58,702.72,,
3805,08/06/2021 08:33:51,14.67,732.80,,
3806,08/06/2021 08:43:51,14.84,941.44,,
3807,08/06/2021 08:53:51,15.01,1113.60,,
3808,08/06/2021 09:03:51,15.14,1144.32,,
3809,08/06/2021 09:13:51,15.44,1186.24,,
3810,08/06/2021 09:23:51,15.74,1337.60,,
3811,08/06/2021 09:33:51,16.04,1361.92,,
3812,08/06/2021 09:43:51,16.34,1421.44,,
3813,08/06/2021 09:53:51,16.77,1428.48,,
3814,08/06/2021 10:03:51,17.11,1477.12,,
3815,08/06/2021 10:13:51,17.33,1505.28,,
3816,08/06/2021 10:23:51,17.46,1520.00,,
3817,08/06/2021 10:33:51,17.59,1534.72,,
3818,08/06/2021 10:43:51,17.84,1591.68,,
3819,08/06/2021 10:53:51,18.10,1606.40,,
3820,08/06/2021 11:03:51,18.19,1715.20,,
3821,08/06/2021 11:13:51,18.23,1701.76,,
3822,08/06/2021 11:23:51,18.53,1714.56,,
3823,08/06/2021 11:33:51,18.74,1729.92,,
3824,08/06/2021 11:43:51,18.87,1740.80,,
3825,08/06/2021 11:53:51,19.17,1773.44,,
3826,08/06/2021 12:03:51,19.30,1785.60,,
3827,08/06/2021 12:13:51,19.22,1802.88,,
3828,08/06/2021 12:23:51,18.62,1848.96,,
3829,08/06/2021 12:33:51,17.63,1829.76,,
3830,08/06/2021 12:43:51,17.37,1829.76,,
3831,08/06/2021 12:53:51,17.16,1831.68,,
3832,08/06/2021 13:03:51,16.99,1845.12,,
3833,08/06/2021 13:13:51,16.77,1895.04,,
3834,08/06/2021 13:23:51,16.60,1872.64,,
3835,08/06/2021 13:33:51,16.60,1850.24,,
3836,08/06/2021 13:43:51,16.26,1871.36,,
3837,08/06/2021 13:53:51,16.17,1882.88,,
3838,08/06/2021 14:03:51,16.13,1939.84,,
3839,08/06/2021 14:13:51,16.17,1980.80,,
3840,08/06/2021 14:23:51,16.13,1982.08,,
3841,08/06/2021 14:33:51,16.21,2037.12,,
3842,08/06/2021 14:43:51,16.13,2030.08,,
3843,08/06/2021 14:53:51,16.13,2042.24,,
3844,08/06/2021 15:03:51,16.17,2192.64,,
3845,08/06/2021 15:13:51,16.26,2239.36,,
3846,08/06/2021 15:23:51,16.43,2264.96,,
3847,08/06/2021 15:33:51,16.39,2182.40,,
3848,08/06/2021 15:43:51,16.51,2102.40,,
3849,08/06/2021 15:53:51,16.56,2518.40,,
3850,08/06/2021 16:03:51,16.64,2564.48,,
3851,08/06/2021 16:13:51,16.86,2536.96,,
3852,08/06/2021 16:23:51,16.81,3104.00,,
3853,08/06/2021 16:33:51,16.86,3129.60,,
3854,08/06/2021 16:43:51,16.73,3532.80,,
3855,08/06/2021 16:53:51,16.60,3124.48,,
3856,08/06/2021 17:03:51,16.51,2554.24,,
3857,08/06/2021 17:13:51,16.08,1404.80,,
3858,08/06/2021 17:23:51,15.78,1088.64,,
3859,08/06/2021 17:33:51,15.74,873.92,,
3860,08/06/2021 17:43:51,15.57,782.40,,
3861,08/06/2021 17:53:51,15.57,720.64,,
3862,08/06/2021 18:03:51,15.57,612.48,,
3863,08/06/2021 18:13:51,15.57,590.24,,
3864,08/06/2021 18:23:51,15.44,490.08,,
3865,08/06/2021 18:33:51,15.44,392.80,,
3866,08/06/2021 18:43:51,15.36,332.32,,
3867,08/06/2021 18:53:51,15.36,280.72,,
3868,08/06/2021 19:03:51,15.31,217.84,,
3869,08/06/2021 19:13:51,15.31,158.36,,
3870,08/06/2021 19:23:51,15.23,125.72,,
3871,08/06/2021 19:33:51,15.10,98.12,,
3872,08/06/2021 19:43:51,15.18,67.52,,
3873,08/06/2021 19:53:51,15.10,45.52,,
3874,08/06/2021 20:03:51,15.06,24.45,,
3875,08/06/2021 20:13:51,14.88,11.15,,
3876,08/06/2021 20:23:51,14.80,3.21,,
3877,08/06/2021 20:33:51,14.75,0.21,,
3878,08/06/2021 20:43:51,14.80,0.00,,
3879,08/06/2021 20:53:51,14.63,0.00,,
3880,08/06/2021 21:03:51,14.58,0.00,,
3881,08/06/2021 21:13:51,14.63,0.00,,
3882,08/06/2021 21:23:51,14.50,0.00,,
3883,08/06/2021 21:33:51,14.45,0.00,,
3884,08/06/2021 21:43:51,14.63,0.00,,
3885,08/06/2021 21:53:51,14.54,0.00,,
3886,08/06/2021 22:03:51,14.63,0.00,,
3887,08/06/2021 22:13:51,14.54,0.00,,
3888,08/06/2021 22:23:51,14.58,0.00,,
3889,08/06/2021 22:33:51,14.54,0.00,,
3890,08/06/2021 22:43:51,14.50,0.00,,
3891,08/06/2021 22:53:51,14.41,0.00,,
3892,08/06/2021 23:03:51,14.20,0.00,,
3893,08/06/2021 23:13:51,14.24,0.00,,
3894,08/06/2021 23:23:51,14.20,0.00,,
3895,08/06/2021 23:33:51,13.98,0.00,,
3896,08/06/2021 23:43:51,13.90,0.00,,
3897,08/06/2021 23:53:51,13.81,0.00,,
3898,08/07/2021 00:03:51,13.90,0.00,,
3899,08/07/2021 00:13:51,13.85,0.00,,
3900,08/07/2021 00:23:51,13.73,0.00,,
3901,08/07/2021 00:33:51,14.11,0.00,,
3902,08/07/2021 00:43:51,13.98,0.00,,
3903,08/07/2021 00:53:51,14.07,0.00,,
3904,08/07/2021 01:03:51,13.98,0.00,,
3905,08/07/2021 01:13:51,13.90,0.00,,
3906,08/07/2021 01:23:51,14.11,0.00,,
3907,08/07/2021 01:33:51,14.24,0.00,,
3908,08/07/2021 01:43:51,14.28,0.00,,
3909,08/07/2021 01:53:51,14.24,0.00,,
3910,08/07/2021 02:03:51,14.07,0.00,,
3911,08/07/2021 02:13:51,14.07,0.00,,
3912,08/07/2021 02:23:51,14.11,0.00,,
3913,08/07/2021 02:33:51,14.11,0.00,,
3914,08/07/2021 02:43:51,14.03,0.00,,
3915,08/07/2021 02:53:51,14.15,0.00,,
3916,08/07/2021 03:03:51,14.03,0.00,,
3917,08/07/2021 03:13:51,13.94,0.00,,
3918,08/07/2021 03:23:51,13.85,0.00,,
3919,08/07/2021 03:33:51,13.68,0.00,,
3920,08/07/2021 03:43:51,13.51,0.00,,
3921,08/07/2021 03:53:51,13.55,0.00,,
3922,08/07/2021 04:03:51,13.43,0.00,,
3923,08/07/2021 04:13:51,13.43,0.00,,
3924,08/07/2021 04:23:51,13.51,0.00,,
3925,08/07/2021 04:33:51,13.21,0.00,,
3926,08/07/2021 04:43:51,13.17,0.00,,
3927,08/07/2021 04:53:51,13.08,0.00,,
3928,08/07/2021 05:03:51,13.00,0.00,,
3929,08/07/2021 05:13:51,13.00,0.00,,
3930,08/07/2021 05:23:51,13.08,0.00,,
3931,08/07/2021 05:33:51,13.21,0.00,,
3932,08/07/2021 05:43:51,13.12,0.00,,
3933,08/07/2021 05:53:51,13.12,0.00,,
3934,08/07/2021 06:03:51,13.34,0.85,,
3935,08/07/2021 06:13:51,13.30,5.56,,
3936,08/07/2021 06:23:51,13.17,15.43,,
3937,08/07/2021 06:33:51,13.08,30.92,,
3938,08/07/2021 06:43:51,13.08,61.94,,
3939,08/07/2021 06:53:51,12.87,90.40,,
3940,08/07/2021 07:03:51,12.61,183.36,,
3941,08/07/2021 07:13:51,12.52,257.60,,
3942,08/07/2021 07:23:51,12.65,361.60,,
3943,08/07/2021 07:33:51,12.78,499.52,,
3944,08/07/2021 07:43:51,12.91,626.56,,
3945,08/07/2021 07:53:51,12.95,788.16,,
3946,08/07/2021 08:03:51,13.17,925.12,,
3947,08/07/2021 08:13:51,13.17,975.04,,
3948,08/07/2021 08:23:51,13.43,1096.32,,
3949,08/07/2021 08:33:51,13.81,1238.72,,
3950,08/07/2021 08:43:51,14.11,1342.72,,
3951,08/07/2021 08:53:51,14.33,1459.20,,
3952,08/07/2021 09:03:51,14.54,1486.72,,
3953,08/07/2021 09:13:51,14.75,1244.48,,
3954,08/07/2021 09:23:51,14.67,1600.64,,
3955,08/07/2021 09:33:51,14.67,1454.08,,
3956,08/07/2021 09:43:51,14.41,961.92,,
3957,08/07/2021 09:53:51,14.24,959.36,,
3958,08/07/2021 10:03:51,14.24,1037.44,,
3959,08/07/2021 10:13:51,14.33,1049.28,,
3960,08/07/2021 10:23:51,14.15,1050.24,,
3961,08/07/2021 10:33:51,14.07,1234.24,,
3962,08/07/2021 10:43:51,14.15,1639.04,,
3963,08/07/2021 10:53:51,14.37,1836.80,,
3964,08/07/2021 11:03:51,14.54,1823.36,,
3965,08/07/2021 11:13:51,14.75,1824.64,,
3966,08/07/2021 11:23:51,15.06,1793.92,,
3967,08/07/2021 11:33:51,15.31,1783.68,,
3968,08/07/2021 11:43:51,15.61,1840.00,,
3969,08/07/2021 11:53:51,15.96,1742.08,,
3970,08/07/2021 12:03:51,16.04,1754.88,,
3971,08/07/2021 12:13:51,16.39,1736.96,,
3972,08/07/2021 12:23:51,16.51,1765.76,,
3973,08/07/2021 12:33:51,16.39,1720.96,,
3974,08/07/2021 12:43:51,16.17,1739.52,,
3975,08/07/2021 12:53:51,16.00,1749.76,,
3976,08/07/2021 13:03:51,15.78,1728.64,,
3977,08/07/2021 13:13:51,15.70,1748.48,,
3978,08/07/2021 13:23:51,15.83,1804.16,,
3979,08/07/2021 13:33:51,15.70,1808.00,,
3980,08/07/2021 13:43:51,15.61,1821.44,,
3981,08/07/2021 13:53:51,15.70,1821.44,,
3982,08/07/2021 14:03:51,15.57,1806.08,,
3983,08/07/2021 14:13:51,15.53,1843.84,,
3984,08/07/2021 14:23:51,15.61,1808.00,,
3985,08/07/2021 14:33:51,15.61,1792.00,,
3986,08/07/2021 14:43:51,15.74,1811.20,,
3987,08/07/2021 14:53:51,15.87,1823.36,,
3988,08/07/2021 15:03:51,15.83,1903.36,,
3989,08/07/2021 15:13:51,15.78,1910.40,,
3990,08/07/2021 15:23:51,15.83,1984.00,,
3991,08/07/2021 15:33:51,15.78,2042.24,,
3992,08/07/2021 15:43:51,15.87,2126.08,,
3993,08/07/2021 15:53:51,15.96,2218.88,,
3994,08/07/2021 16:03:51,15.91,2319.36,,
3995,08/07/2021 16:13:51,15.87,2379.52,,
3996,08/07/2021 16:23:51,16.13,2440.96,,
3997,08/07/2021 16:33:51,16.21,2588.16,,
3998,08/07/2021 16:43:51,16.43,2782.72,,
3999,08/07/2021 16:53:51,16.51,2932.48,,
4000,08/07/2021 17:03:51,16.47,2990.08,,
4001,08/07/2021 17:13:51,16.64,3130.88,,
4002,08/07/2021 17:23:51,16.47,3175.68,,
4003,08/07/2021 17:33:51,16.39,3274.24,,
4004,08/07/2021 17:43:51,16.60,3550.72,,
4005,08/07/2021 17:53:51,16.56,3499.52,,
4006,08/07/2021 18:03:51,16.60,3793.92,,
4007,08/07/2021 18:13:51,16.56,4252.16,,
4008,08/07/2021 18:23:51,16.81,3902.72,,
4009,08/07/2021 18:33:51,16.77,3837.44,,
4010,08/07/2021 18:43:51,16.73,3680.00,,
4011,08/07/2021 18:53:51,16.30,3489.28,,
4012,08/07/2021 19:03:51,16.43,3180.80,,
4013,08/07/2021 19:13:51,16.64,3232.00,,
4014,08/07/2021 19:23:51,15.87,2576.64,,
4015,08/07/2021 19:33:51,15.48,1966.72,,
4016,08/07/2021 19:43:51,14.88,374.08,,
4017,08/07/2021 19:53:51,14.58,185.92,,
4018,08/07/2021 20:03:51,14.45,83.44,,
4019,08/07/2021 20:13:51,14.37,34.35,,
4020,08/07/2021 20:23:51,14.20,9.44,,
4021,08/07/2021 20:33:51,14.11,1.07,,
4022,08/07/2021 20:43:51,14.20,0.00,,
4023,08/07/2021 20:53:51,14.07,0.00,,
4024,08/07/2021 21:03:51,13.98,0.00,,
4025,08/07/2021 21:13:51,14.11,0.00,,
4026,08/07/2021 21:23:51,14.11,0.00,,
4027,08/07/2021 21:33:51,14.11,0.00,,
4028,08/07/2021 21:43:51,14.24,0.00,,
4029,08/07/2021 21:53:51,14.15,0.00,,
4030,08/07/2021 22:03:51,14.11,0.00,,
4031,08/07/2021 22:13:51,14.11,0.00,,
4032,08/07/2021 22:23:51,14.07,0.00,,
4033,08/07/2021 22:33:51,14.11,0.00,,
4034,08/07/2021 22:43:51,14.11,0.00,,
4035,08/07/2021 22:53:51,14.11,0.00,,
4036,08/07/2021 23:03:51,14.20,0.00,,
4037,08/07/2021 23:13:51,14.24,0.00,,
4038,08/07/2021 23:23:51,14.24,0.00,,
4039,08/07/2021 23:33:51,14.33,0.00,,
4040,08/07/2021 23:43:51,14.33,0.00,,
4041,08/07/2021 23:53:51,14.28,0.00,,
4042,08/08/2021 00:03:51,14.33,0.00,,
4043,08/08/2021 00:13:51,14.24,0.00,,
4044,08/08/2021 00:23:51,14.20,0.00,,
4045,08/08/2021 00:33:51,14.28,0.00,,
4046,08/08/2021 00:43:51,14.28,0.00,,
4047,08/08/2021 00:53:51,14.11,0.00,,
4048,08/08/2021 01:03:51,13.90,0.00,,
4049,08/08/2021 01:13:51,14.03,0.00,,
4050,08/08/2021 01:23:51,14.03,0.00,,
4051,08/08/2021 01:33:51,13.98,0.00,,
4052,08/08/2021 01:43:51,13.98,0.00,,
4053,08/08/2021 01:53:51,14.15,0.00,,
4054,08/08/2021 02:03:51,14.07,0.00,,
4055,08/08/2021 02:13:51,14.15,0.00,,
4056,08/08/2021 02:23:51,13.98,0.00,,
4057,08/08/2021 02:33:51,14.11,0.00,,
4058,08/08/2021 02:43:51,14.15,0.00,,
4059,08/08/2021 02:53:51,13.98,0.00,,
4060,08/08/2021 03:03:51,13.85,0.00,,
4061,08/08/2021 03:13:51,13.90,0.00,,
4062,08/08/2021 03:23:51,13.85,0.00,,
4063,08/08/2021 03:33:51,13.90,0.00,,
4064,08/08/2021 03:43:51,13.60,0.00,,
4065,08/08/2021 03:53:51,13.68,0.00,,
4066,08/08/2021 04:03:51,13.60,0.00,,
4067,08/08/2021 04:13:51,13.51,0.00,,
4068,08/08/2021 04:23:51,13.51,0.00,,
4069,08/08/2021 04:33:51,13.60,0.00,,
4070,08/08/2021 04:43:51,13.64,0.00,,
4071,08/08/2021 04:53:51,13.68,0.00,,
4072,08/08/2021 05:03:51,13.73,0.00,,
4073,08/08/2021 05:13:51,13.60,0.00,,
4074,08/08/2021 05:23:51,13.55,0.00,,
4075,08/08/2021 05:33:51,13.60,0.00,,
4076,08/08/2021 05:43:51,13.81,0.00,,
4077,08/08/2021 05:53:51,13.64,0.00,,
4078,08/08/2021 06:03:51,13.64,0.00,,
4079,08/08/2021 06:13:51,13.73,2.14,,
4080,08/08/2021 06:23:51,13.73,7.49,,
4081,08/08/2021 06:33:51,13.94,21.02,,
4082,08/08/2021 06:43:51,13.90,33.49,,
4083,08/08/2021 06:53:51,13.98,54.20,,
4084,08/08/2021 07:03:51,13.85,77.46,,
4085,08/08/2021 07:13:51,13.90,104.20,,
4086,08/08/2021 07:23:51,13.81,136.00,,
4087,08/08/2021 07:33:51,13.81,172.24,,
4088,08/08/2021 07:43:51,13.81,191.28,,
4089,08/08/2021 07:53:51,13.81,214.40,,
4090,08/08/2021 08:03:51,13.90,236.88,,
4091,08/08/2021 08:13:51,13.98,258.48,,
4092,08/08/2021 08:23:51,13.98,278.40,,
4093,08/08/2021 08:33:51,14.11,299.84,,
4094,08/08/2021 08:43:51,14.28,341.92,,
4095,08/08/2021 08:53:51,14.41,381.76,,
4096,08/08/2021 09:03:51,14.50,418.56,,
4097,08/08/2021 09:13:51,14.54,462.56,,
4098,08/08/2021 09:23:51,14.63,561.92,,
4099,08/08/2021 09:33:51,14.71,648.80,,
4100,08/08/2021 09:43:51,14.93,760.00,,
4101,08/08/2021 09:53:51,15.10,854.08,,
4102,08/08/2021 10:03:51,15.18,1002.24,,
4103,08/08/2021 10:13:51,15.36,1272.00,,
4104,08/08/2021 10:23:51,15.66,1852.16,,
4105,08/08/2021 10:33:51,16.13,2138.24,,
4106,08/08/2021 10:43:51,16.21,2136.32,,
4107,08/08/2021 10:53:51,16.26,1903.36,,
4108,08/08/2021 11:03:51,16.34,1893.12,,
4109,08/08/2021 11:13:51,16.47,1770.24,,
4110,08/08/2021 11:23:51,16.90,1730.56,,
4111,08/08/2021 11:33:51,17.03,1648.64,,
4112,08/08/2021 11:43:51,17.29,1614.08,,
4113,08/08/2021 11:53:51,17.50,1623.68,,
4114,08/08/2021 12:03:51,17.67,1638.40,,
4115,08/08/2021 12:13:51,17.72,1605.76,,
4116,08/08/2021 12:23:51,17.89,1621.76,,
4117,08/08/2021 12:33:51,18.44,1644.80,,
4118,08/08/2021 12:43:51,18.87,1624.32,,
4119,08/08/2021 12:53:51,19.09,1621.76,,
4120,08/08/2021 13:03:51,19.39,1642.24,,
4121,08/08/2021 13:13:51,18.49,1655.04,,
4122,08/08/2021 13:23:51,17.80,1730.56,,
4123,08/08/2021 13:33:51,17.20,1763.84,,
4124,08/08/2021 13:43:51,16.94,1767.68,,
4125,08/08/2021 13:53:51,16.86,1774.08,,
4126,08/08/2021 14:03:51,16.64,1828.48,,
4127,08/08/2021 14:13:51,16.30,1816.32,,
4128,08/08/2021 14:23:51,16.13,1776.00,,
4129,08/08/2021 14:33:51,16.17,1806.08,,
4130,08/08/2021 14:43:51,15.96,1843.84,,
4131,08/08/2021 14:53:51,16.17,1891.84,,
4132,08/08/2021 15:03:51,16.21,1864.32,,
4133,08/08/2021 15:13:51,16.17,1881.60,,
4134,08/08/2021 15:23:51,16.13,1859.20,,
4135,08/08/2021 15:33:51,16.04,1907.20,,
4136,08/08/2021 15:43:51,16.21,1985.92,,
4137,08/08/2021 15:53:51,16.13,2176.00,,
4138,08/08/2021 16:03:51,16.04,2252.80,,
4139,08/08/2021 16:13:51,15.87,2564.48,,
4140,08/08/2021 16:23:51,15.83,2588.16,,
4141,08/08/2021 16:33:51,15.66,2304.00,,
4142,08/08/2021 16:43:51,15.36,1647.36,,
4143,08/08/2021 16:53:51,14.93,1288.32,,
4144,08/08/2021 17:03:51,14.80,1507.20,,
4145,08/08/2021 17:13:51,14.58,1075.84,,
4146,08/08/2021 17:23:51,14.45,1113.60,,
4147,08/08/2021 17:33:51,14.84,2634.24,,
4148,08/08/2021 17:43:51,14.75,2822.40,,
4149,08/08/2021 17:53:51,15.14,2685.44,,
4150,08/08/2021 18:03:51,15.36,3642.88,,
4151,08/08/2021 18:13:51,15.40,2133.12,,
4152,08/08/2021 18:23:51,15.27,2172.16,,
4153,08/08/2021 18:33:51,14.93,858.56,,
4154,08/08/2021 18:43:51,15.18,3070.72,,
4155,08/08/2021 18:53:51,15.48,3581.44,,
4156,08/08/2021 19:03:51,15.53,3235.84,,
4157,08/08/2021 19:13:51,15.53,2721.28,,
4158,08/08/2021 19:23:51,15.44,2268.16,,
4159,08/08/2021 19:33:51,15.44,1776.64,,
4160,08/08/2021 19:43:51,15.23,954.24,,
4161,08/08/2021 19:53:51,14.97,409.92,,
4162,08/08/2021 20:03:51,14.88,116.40,,
4163,08/08/2021 20:13:51,14.75,41.72,,
4164,08/08/2021 20:23:51,14.63,12.46,,
4165,08/08/2021 20:33:51,14.63,2.14,,
4166,08/08/2021 20:43:51,14.58,0.00,,
4167,08/08/2021 20:53:51,14.50,0.00,,
4168,08/08/2021 21:03:51,14.54,0.00,,
4169,08/08/2021 21:13:51,14.58,0.00,,
4170,08/08/2021 21:23:51,14.67,0.00,,
4171,08/08/2021 21:33:51,14.58,0.00,,
4172,08/08/2021 21:43:51,14.58,0.00,,
4173,08/08/2021 21:53:51,14.67,0.00,,
4174,08/08/2021 22:03:51,14.54,0.00,,
4175,08/08/2021 22:13:51,14.54,0.00,,
4176,08/08/2021 22:23:51,14.58,0.00,,
4177,08/08/2021 22:33:51,14.71,0.00,,
4178,08/08/2021 22:43:51,14.71,0.00,,
4179,08/08/2021 22:53:51,14.67,0.00,,
4180,08/08/2021 23:03:51,14.80,0.00,,
4181,08/08/2021 23:13:51,14.71,0.00,,
4182,08/08/2021 23:23:51,14.75,0.00,,
4183,08/08/2021 23:33:51,14.84,0.00,,
4184,08/08/2021 23:43:51,14.84,0.00,,
4185,08/08/2021 23:53:51,15.01,0.00,,
4186,08/09/2021 00:03:51,15.06,0.00,,
4187,08/09/2021 00:13:51,14.97,0.00,,
4188,08/09/2021 00:23:51,14.88,0.00,,
4189,08/09/2021 00:33:51,14.71,0.00,,
4190,08/09/2021 00:43:51,14.71,0.00,,
4191,08/09/2021 00:53:51,14.75,0.00,,
4192,08/09/2021 01:03:51,14.80,0.00,,
4193,08/09/2021 01:13:51,15.01,0.00,,
4194,08/09/2021 01:23:51,14.88,0.00,,
4195,08/09/2021 01:33:51,14.88,0.00,,
4196,08/09/2021 01:43:51,14.88,0.00,,
4197,08/09/2021 01:53:51,14.88,0.00,,
4198,08/09/2021 02:03:51,14.75,0.00,,
4199,08/09/2021 02:13:51,14.67,0.00,,
4200,08/09/2021 02:23:51,14.75,0.00,,
4201,08/09/2021 02:33:51,14.80,0.00,,
4202,08/09/2021 02:43:51,14.84,0.00,,
4203,08/09/2021 02:53:51,14.84,0.00,,
4204,08/09/2021 03:03:51,14.67,0.00,,
4205,08/09/2021 03:13:51,14.58,0.00,,
4206,08/09/2021 03:23:51,14.58,0.00,,
4207,08/09/2021 03:33:51,14.54,0.00,,
4208,08/09/2021 03:43:51,14.45,0.00,,
4209,08/09/2021 03:53:51,14.37,0.00,,
4210,08/09/2021 04:03:51,14.45,0.00,,
4211,08/09/2021 04:13:51,14.24,0.00,,
4212,08/09/2021 04:23:51,14.33,0.00,,
4213,08/09/2021 04:33:51,14.20,0.00,,
4214,08/09/2021 04:43:51,14.11,0.00,,
4215,08/09/2021 04:53:51,14.11,0.00,,
4216,08/09/2021 05:03:51,14.11,0.00,,
4217,08/09/2021 05:13:51,14.11,0.00,,
4218,08/09/2021 05:23:51,14.07,0.00,,
4219,08/09/2021 05:33:51,14.15,0.00,,
4220,08/09/2021 05:43:51,14.11,0.00,,
4221,08/09/2021 05:53:51,14.07,0.00,,
4222,08/09/2021 06:03:51,14.07,0.64,,
4223,08/09/2021 06:13:51,14.03,7.06,,
4224,08/09/2021 06:23:51,14.03,21.45,,
4225,08/09/2021 06:33:51,14.03,41.68,,
4226,08/09/2021 06:43:51,14.03,72.32,,
4227,08/09/2021 06:53:51,14.11,158.56,,
4228,08/09/2021 07:03:51,14.28,274.08,,
4229,08/09/2021 07:13:51,14.37,318.88,,
4230,08/09/2021 07:23:51,14.37,256.80,,
4231,08/09/2021 07:33:51,14.45,264.48,,
4232,08/09/2021 07:43:51,14.54,273.04,,
4233,08/09/2021 07:53:51,14.71,290.40,,
4234,08/09/2021 08:03:51,14.93,336.00,,
4235,08/09/2021 08:13:51,14.88,375.68,,
4236,08/09/2021 08:23:51,15.01,466.08,,
4237,08/09/2021 08:33:51,15.06,585.12,,
4238,08/09/2021 08:43:51,15.36,804.48,,
4239,08/09/2021 08:53:51,15.53,1079.36,,
4240,08/09/2021 09:03:51,15.74,1281.28,,
4241,08/09/2021 09:13:51,15.83,2115.84,,
4242,08/09/2021 09:23:51,16.26,2003.20,,
4243,08/09/2021 09:33:51,16.60,1913.60,,
4244,08/09/2021 09:43:51,16.56,1898.24,,
4245,08/09/2021 09:53:51,16.73,1738.24,,
4246,08/09/2021 10:03:51,16.90,1781.76,,
4247,08/09/2021 10:13:51,17.20,1840.00,,
4248,08/09/2021 10:23:51,17.41,1763.20,,
4249,08/09/2021 10:33:51,17.76,1776.64,,
4250,08/09/2021 10:43:51,17.97,1797.76,,
4251,08/09/2021 10:53:51,18.06,1674.88,,
4252,08/09/2021 11:03:51,17.93,1617.92,,
4253,08/09/2021 11:13:51,18.10,1550.08,,
4254,08/09/2021 11:23:51,18.19,1537.92,,
4255,08/09/2021 11:33:51,18.23,1466.24,,
4256,08/09/2021 11:43:51,18.23,1438.72,,
4257,08/09/2021 11:53:51,18.10,1415.68,,
4258,08/09/2021 12:03:51,17.89,1468.16,,
4259,08/09/2021 12:13:51,17.72,1479.04,,
4260,08/09/2021 12:23:51,18.10,1492.48,,
4261,08/09/2021 12:33:51,18.19,1512.32,,
4262,08/09/2021 12:43:51,18.23,1524.48,,
4263,08/09/2021 12:53:51,18.19,1580.16,,
4264,08/09/2021 13:03:51,18.23,1509.12,,
4265,08/09/2021 13:13:51,18.40,1577.60,,
4266,08/09/2021 13:23:51,18.36,1653.76,,
4267,08/09/2021 13:33:51,18.40,1582.72,,
4268,08/09/2021 13:43:51,18.23,1677.44,,
4269,08/09/2021 13:53:51,18.19,1619.20,,
4270,08/09/2021 14:03:51,18.36,1623.68,,
4271,08/09/2021 14:13:51,18.32,1680.00,,
4272,08/09/2021 14:23:51,18.06,1630.72,,
4273,08/09/2021 14:33:51,18.10,1642.24,,
4274,08/09/2021 14:43:51,18.14,1651.84,,
4275,08/09/2021 14:53:51,18.06,1689.60,,
4276,08/09/2021 15:03:51,17.97,1809.28,,
4277,08/09/2021 15:13:51,17.72,1833.60,,
4278,08/09/2021 15:23:51,17.67,1994.24,,
4279,08/09/2021 15:33:51,17.54,2014.72,,
4280,08/09/2021 15:43:51,17.50,2080.00,,
4281,08/09/2021 15:53:51,17.46,2023.68,,
4282,08/09/2021 16:03:51,17.46,2165.76,,
4283,08/09/2021 16:13:51,17.46,2235.52,,
4284,08/09/2021 16:23:51,17.59,2508.16,,
4285,08/09/2021 16:33:51,17.54,2540.80,,
4286,08/09/2021 16:43:51,17.80,2468.48,,
4287,08/09/2021 16:53:51,17.67,2851.84,,
4288,08/09/2021 17:03:51,17.76,2805.76,,
4289,08/09/2021 17:13:51,17.80,2809.60,,
4290,08/09/2021 17:23:51,18.06,3220.48,,
4291,08/09/2021 17:33:51,18.10,3170.56,,
4292,08/09/2021 17:43:51,18.06,3512.32,,
4293,08/09/2021 17:53:51,18.06,3444.48,,
4294,08/09/2021 18:03:51,18.02,3560.96,,
4295,08/09/2021 18:13:51,17.80,3663.36,,
4296,08/09/2021 18:23:51,17.59,3530.24,,
4297,08/09/2021 18:33:51,17.46,3577.60,,
4298,08/09/2021 18:43:51,17.03,2499.20,,
4299,08/09/2021 18:53:51,16.43,1099.84,,
4300,08/09/2021 19:03:51,15.83,767.68,,
4301,08/09/2021 19:13:51,15.53,428.00,,
4302,08/09/2021 19:23:51,15.31,244.56,,
4303,08/09/2021 19:33:51,15.06,183.36,,
4304,08/09/2021 19:43:51,15.01,109.36,,
4305,08/09/2021 19:53:51,15.01,59.76,,
4306,08/09/2021 20:03:51,14.84,34.35,,
4307,08/09/2021 20:13:51,15.06,18.05,,
4308,08/09/2021 20:23:51,14.93,5.56,,
4309,08/09/2021 20:33:51,14.88,0.85,,
4310,08/09/2021 20:43:51,14.80,0.00,,
4311,08/09/2021 20:53:51,14.75,0.00,,
4312,08/09/2021 21:03:51,14.58,0.00,,
4313,08/09/2021 21:13:51,14.67,0.00,,
4314,08/09/2021 21:23:51,14.71,0.00,,
4315,08/09/2021 21:33:51,14.67,0.00,,
4316,08/09/2021 21:43:51,14.58,0.00,,
4317,08/09/2021 21:53:51,14.58,0.00,,
4318,08/09/2021 22:03:51,14.58,0.00,,
4319,08/09/2021 22:13:51,14.58,0.00,,
4320,08/09/2021 22:23:51,14.67,0.00,,
4321,08/09/2021 22:33:51,14.63,0.00,,
4322,08/09/2021 22:43:51,14.58,0.00,,
4323,08/09/2021 22:53:51,14.41,0.00,,
4324,08/09/2021 23:03:51,14.54,0.00,,
4325,08/09/2021 23:13:51,14.37,0.00,,
4326,08/09/2021 23:23:51,14.37,0.00,,
4327,08/09/2021 23:33:51,14.45,0.00,,
4328,08/09/2021 23:43:51,14.54,0.00,,
4329,08/09/2021 23:53:51,14.58,0.00,,
4330,08/10/2021 00:03:51,14.54,0.00,,
4331,08/10/2021 00:13:51,14.50,0.00,,
4332,08/10/2021 00:23:51,14.67,0.00,,
4333,08/10/2021 00:33:51,14.80,0.00,,
4334,08/10/2021 00:43:51,14.88,0.00,,
4335,08/10/2021 00:53:51,14.84,0.00,,
4336,08/10/2021 01:03:51,14.84,0.00,,
4337,08/10/2021 01:13:51,14.93,0.00,,
4338,08/10/2021 01:23:51,14.84,0.00,,
4339,08/10/2021 01:33:51,14.84,0.00,,
4340,08/10/2021 01:43:51,14.84,0.00,,
4341,08/10/2021 01:53:51,14.93,0.00,,
4342,08/10/2021 02:03:51,15.01,0.00,,
4343,08/10/2021 02:13:51,15.01,0.00,,
4344,08/10/2021 02:23:51,15.06,0.00,,
4345,08/10/2021 02:33:51,15.01,0.00,,
4346,08/10/2021 02:43:51,14.71,0.00,,
4347,08/10/2021 02:53:51,14.67,0.00,,
4348,08/10/2021 03:03:51,14.93,0.00,,
4349,08/10/2021 03:13:51,14.88,0.00,,
4350,08/10/2021 03:23:51,14.75,0.00,,
4351,08/10/2021 03:33:51,14.71,0.00,,
4352,08/10/2021 03:43:51,14.58,0.00,,
4353,08/10/2021 03:53:51,14.58,0.00,,
4354,08/10/2021 04:03:51,14.54,0.00,,
4355,08/10/2021 04:13:51,14.54,0.00,,
4356,08/10/2021 04:23:51,14.50,0.00,,
4357,08/10/2021 04:33:51,14.50,0.00,,
4358,08/10/2021 04:43:51,14.37,0.00,,
4359,08/10/2021 04:53:51,14.45,0.00,,
4360,08/10/2021 05:03:51,14.33,0.00,,
4361,08/10/2021 05:13:51,14.33,0.00,,
4362,08/10/2021 05:23:51,14.24,0.00,,
4363,08/10/2021 05:33:51,14.15,0.00,,
4364,08/10/2021 05:43:51,14.20,0.00,,
4365,08/10/2021 05:53:51,14.11,0.00,,
4366,08/10/2021 06:03:51,14.15,0.00,,
4367,08/10/2021 06:13:51,14.15,2.14,,
4368,08/10/2021 06:23:51,14.37,8.56,,
4369,08/10/2021 06:33:51,14.41,18.69,,
4370,08/10/2021 06:43:51,14.37,37.39,,
4371,08/10/2021 06:53:51,14.28,58.04,,
4372,08/10/2021 07:03:51,14.20,91.24,,
4373,08/10/2021 07:13:51,14.24,130.00,,
4374,08/10/2021 07:23:51,14.37,164.40,,
4375,08/10/2021 07:33:51,14.45,219.76,,
4376,08/10/2021 07:43:51,14.58,261.92,,
4377,08/10/2021 07:53:51,14.63,341.92,,
4378,08/10/2021 08:03:51,14.54,466.08,,
4379,08/10/2021 08:13:51,14.50,591.04,,
4380,08/10/2021 08:23:51,14.54,677.12,,
4381,08/10/2021 08:33:51,14.84,1148.80,,
4382,08/10/2021 08:43:51,15.01,1458.56,,
4383,08/10/2021 08:53:51,15.27,1607.68,,
4384,08/10/2021 09:03:51,15.53,1790.72,,
4385,08/10/2021 09:13:51,15.74,1841.92,,
4386,08/10/2021 09:23:51,16.04,1859.20,,
4387,08/10/2021 09:33:51,16.26,1859.20,,
4388,08/10/2021 09:43:51,16.51,1823.36,,
4389,08/10/2021 09:53:51,16.99,1768.32,,
4390,08/10/2021 10:03:51,17.46,1799.04,,
4391,08/10/2021 10:13:51,17.97,1793.92,,
4392,08/10/2021 10:23:51,18.19,1691.52,,
4393,08/10/2021 10:33:51,18.40,1653.76,,
4394,08/10/2021 10:43:51,18.32,1530.24,,
4395,08/10/2021 10:53:51,18.49,1509.76,,
4396,08/10/2021 11:03:51,18.92,1469.44,,
4397,08/10/2021 11:13:51,18.40,1506.56,,
4398,08/10/2021 11:23:51,18.19,1388.16,,
4399,08/10/2021 11:33:51,18.02,1329.92,,
4400,08/10/2021 11:43:51,17.54,1282.24,,
4401,08/10/2021 11:53:51,17.72,1329.28,,
4402,08/10/2021 12:03:51,17.76,1287.36,,
4403,08/10/2021 12:13:51,17.63,1260.80,,
4404,08/10/2021 12:23:51,17.33,1309.76,,
4405,08/10/2021 12:33:51,17.07,1235.20,,
4406,08/10/2021 12:43:51,16.90,1225.60,,
4407,08/10/2021 12:53:51,16.86,1219.84,,
4408,08/10/2021 13:03:51,16.77,1301.12,,
4409,08/10/2021 13:13:51,16.60,1272.00,,
4410,08/10/2021 13:23:51,16.64,1342.08,,
4411,08/10/2021 13:33:51,16.51,1317.76,,
4412,08/10/2021 13:43:51,16.43,1357.44,,
4413,08/10/2021 13:53:51,16.69,1388.80,,
4414,08/10/2021 14:03:51,16.51,1461.12,,
4415,08/10/2021 14:13:51,16.60,1554.56,,
4416,08/10/2021 14:23:51,16.60,1549.44,,
4417,08/10/2021 14:33:51,16.60,1614.08,,
4418,08/10/2021 14:43:51,16.69,1672.32,,
4419,08/10/2021 14:53:51,16.56,1727.36,,
4420,08/10/2021 15:03:51,16.51,1973.76,,
4421,08/10/2021 15:13:51,16.51,1946.24,,
4422,08/10/2021 15:23:51,16.51,2288.64,,
4423,08/10/2021 15:33:51,16.34,2131.20,,
4424,08/10/2021 15:43:51,16.56,2222.08,,
4425,08/10/2021 15:53:51,16.47,2338.56,,
4426,08/10/2021 16:03:51,16.51,2384.64,,
4427,08/10/2021 16:13:51,16.47,2506.24,,
4428,08/10/2021 16:23:51,16.30,2767.36,,
4429,08/10/2021 16:33:51,16.34,2882.56,,
4430,08/10/2021 16:43:51,16.34,2969.60,,
4431,08/10/2021 16:53:51,16.26,3004.16,,
4432,08/10/2021 17:03:51,16.26,2693.12,,
4433,08/10/2021 17:13:51,16.43,3509.76,,
4434,08/10/2021 17:23:51,16.34,3824.64,,
4435,08/10/2021 17:33:51,16.30,3943.68,,
4436,08/10/2021 17:43:51,16.47,3121.92,,
4437,08/10/2021 17:53:51,16.00,1283.20,,
4438,08/10/2021 18:03:51,15.74,1262.40,,
4439,08/10/2021 18:13:51,15.70,1282.24,,
4440,08/10/2021 18:23:51,15.57,1136.00,,
4441,08/10/2021 18:33:51,15.74,1656.96,,
4442,08/10/2021 18:43:51,15.96,1511.68,,
4443,08/10/2021 18:53:51,15.87,3019.52,,
4444,08/10/2021 19:03:51,15.48,319.52,,
4445,08/10/2021 19:13:51,15.23,191.92,,
4446,08/10/2021 19:23:51,15.23,127.44,,
4447,08/10/2021 19:33:51,15.18,87.72,,
4448,08/10/2021 19:43:51,15.10,58.48,,
4449,08/10/2021 19:53:51,14.88,34.35,,
4450,08/10/2021 20:03:51,14.80,16.31,,
4451,08/10/2021 20:13:51,14.88,5.77,,
4452,08/10/2021 20:23:51,14.71,1.07,,
4453,08/10/2021 20:33:51,14.75,0.00,,
4454,08/10/2021 20:43:51,14.67,0.00,,
4455,08/10/2021 20:53:51,14.58,0.00,,
4456,08/10/2021 21:03:51,14.54,0.00,,
4457,08/10/2021 21:13:51,14.67,0.00,,
4458,08/10/2021 21:23:51,14.75,0.00,,
4459,08/10/2021 21:33:51,14.67,0.00,,
4460,08/10/2021 21:43:51,14.50,0.00,,
4461,08/10/2021 21:53:51,14.54,0.00,,
4462,08/10/2021 22:03:51,14.63,0.00,,
4463,08/10/2021 22:13:51,14.67,0.00,,
4464,08/10/2021 22:23:51,14.54,0.00,,
4465,08/10/2021 22:33:51,14.54,0.00,,
4466,08/10/2021 22:43:51,14.50,0.00,,
4467,08/10/2021 22:53:51,14.37,0.00,,
4468,08/10/2021 23:03:51,14.37,0.00,,
4469,08/10/2021 23:13:51,14.45,0.00,,
4470,08/10/2021 23:23:51,14.41,0.00,,
4471,08/10/2021 23:33:51,14.41,0.00,,
4472,08/10/2021 23:43:51,14.33,0.00,,
4473,08/10/2021 23:53:51,14.41,0.00,,
4474,08/11/2021 00:03:51,14.33,0.00,,
4475,08/11/2021 00:13:51,14.33,0.00,,
4476,08/11/2021 00:23:51,14.28,0.00,,
4477,08/11/2021 00:33:51,14.33,0.00,,
4478,08/11/2021 00:43:51,14.37,0.00,,
4479,08/11/2021 00:53:51,14.50,0.00,,
4480,08/11/2021 01:03:51,14.33,0.00,,
4481,08/11/2021 01:13:51,14.37,0.00,,
4482,08/11/2021 01:23:51,14.50,0.00,,
4483,08/11/2021 01:33:51,14.37,0.00,,
4484,08/11/2021 01:43:51,14.37,0.00,,
4485,08/11/2021 01:53:51,14.28,0.00,,
4486,08/11/2021 02:03:51,14.24,0.00,,
4487,08/11/2021 02:13:51,13.94,0.00,,
4488,08/11/2021 02:23:51,13.94,0.00,,
4489,08/11/2021 02:33:51,13.94,0.00,,
4490,08/11/2021 02:43:51,14.03,0.00,,
4491,08/11/2021 02:53:51,13.94,0.00,,
4492,08/11/2021 03:03:51,14.11,0.00,,
4493,08/11/2021 03:13:51,14.07,0.00,,
4494,08/11/2021 03:23:51,13.98,0.00,,
4495,08/11/2021 03:33:51,13.81,0.00,,
4496,08/11/2021 03:43:51,13.73,0.00,,
4497,08/11/2021 03:53:51,13.73,0.00,,
4498,08/11/2021 04:03:51,13.64,0.00,,
4499,08/11/2021 04:13:51,13.47,0.00,,
4500,08/11/2021 04:23:51,13.43,0.00,,
4501,08/11/2021 04:33:51,13.30,0.00,,
4502,08/11/2021 04:43:51,13.30,0.00,,
4503,08/11/2021 04:53:51,13.43,0.00,,
4504,08/11/2021 05:03:51,13.51,0.00,,
4505,08/11/2021 05:13:51,13.73,0.00,,
4506,08/11/2021 05:23:51,13.68,0.00,,
4507,08/11/2021 05:33:51,13.73,0.00,,
4508,08/11/2021 05:43:51,13.55,0.00,,
4509,08/11/2021 05:53:51,13.55,0.00,,
4510,08/11/2021 06:03:51,13.55,0.00,,
4511,08/11/2021 06:13:51,13.55,1.49,,
4512,08/11/2021 06:23:51,13.38,8.13,,
4513,08/11/2021 06:33:51,13.43,18.67,,
4514,08/11/2021 06:43:51,13.47,34.35,,
4515,08/11/2021 06:53:51,13.38,54.20,,
4516,08/11/2021 07:03:51,13.43,87.72,,
4517,08/11/2021 07:13:51,13.43,106.68,,
4518,08/11/2021 07:23:51,13.55,133.44,,
4519,08/11/2021 07:33:51,13.47,189.36,,
4520,08/11/2021 07:43:51,13.55,228.32,,
4521,08/11/2021 07:53:51,13.51,244.56,,
4522,08/11/2021 08:03:51,13.60,306.64,,
4523,08/11/2021 08:13:51,13.55,390.24,,
4524,08/11/2021 08:23:51,13.60,422.88,,
4525,08/11/2021 08:33:51,13.64,491.68,,
4526,08/11/2021 08:43:51,13.73,529.76,,
4527,08/11/2021 08:53:51,13.85,544.32,,
4528,08/11/2021 09:03:51,13.98,648.00,,
4529,08/11/2021 09:13:51,14.11,755.84,,
4530,08/11/2021 09:23:51,14.28,904.00,,
4531,08/11/2021 09:33:51,14.28,1228.16,,
4532,08/11/2021 09:43:51,14.45,1253.12,,
4533,08/11/2021 09:53:51,14.41,1498.88,,
4534,08/11/2021 10:03:51,14.45,1646.08,,
4535,08/11/2021 10:13:51,14.67,1799.04,,
4536,08/11/2021 10:23:51,15.01,1989.12,,
4537,08/11/2021 10:33:51,15.23,1739.52,,
4538,08/11/2021 10:43:51,15.27,1699.20,,
4539,08/11/2021 10:53:51,15.36,1610.24,,
4540,08/11/2021 11:03:51,15.48,1589.12,,
4541,08/11/2021 11:13:51,15.31,1682.56,,
4542,08/11/2021 11:23:51,15.31,1866.24,,
4543,08/11/2021 11:33:51,15.18,1795.84,,
4544,08/11/2021 11:43:51,15.01,1621.12,,
4545,08/11/2021 11:53:51,15.06,1517.44,,
4546,08/11/2021 12:03:51,15.27,1806.08,,
4547,08/11/2021 12:13:51,15.36,1939.84,,
4548,08/11/2021 12:23:51,15.27,1871.36,,
4549,08/11/2021 12:33:51,15.31,2076.80,,
4550,08/11/2021 12:43:51,15.31,2128.00,,
4551,08/11/2021 12:53:51,15.40,2055.68,,
4552,08/11/2021 13:03:51,15.36,1960.32,,
4553,08/11/2021 13:13:51,15.36,2067.84,,
4554,08/11/2021 13:23:51,15.27,1968.64,,
4555,08/11/2021 13:33:51,15.27,2032.00,,
4556,08/11/2021 13:43:51,15.36,2220.16,,
4557,08/11/2021 13:53:51,15.57,2288.64,,
4558,08/11/2021 14:03:51,15.61,2328.32,,
4559,08/11/2021 14:13:51,15.57,2055.68,,
4560,08/11/2021 14:23:51,15.53,2366.08,,
4561,08/11/2021 14:33:51,15.61,2024.96,,
4562,08/11/2021 14:43:51,15.61,2209.92,,
4563,08/11/2021 14:53:51,15.74,2480.64,,
4564,08/11/2021 15:03:51,15.61,2326.40,,
4565,08/11/2021 15:13:51,15.70,2307.84,,
4566,08/11/2021 15:23:51,15.70,1786.88,,
4567,08/11/2021 15:33:51,15.53,1692.80,,
4568,08/11/2021 15:43:51,15.44,1591.68,,
4569,08/11/2021 15:53:51,15.48,1340.16,,
4570,08/11/2021 16:03:51,15.53,1354.88,,
4571,08/11/2021 16:13:51,15.48,1300.16,,
4572,08/11/2021 16:23:51,15.48,1026.24,,
4573,08/11/2021 16:33:51,15.53,891.84,,
4574,08/11/2021 16:43:51,15.57,780.48,,
4575,08/11/2021 16:53:51,15.48,711.36,,
4576,08/11/2021 17:03:51,15.53,706.88,,
4577,08/11/2021 17:13:51,15.48,683.84,,
4578,08/11/2021 17:23:51,15.53,594.88,,
4579,08/11/2021 17:33:51,15.36,559.84,,
4580,08/11/2021 17:43:51,15.53,517.44,,
4581,08/11/2021 17:53:51,15.36,472.96,,
4582,08/11/2021 18:03:51,15.31,447.68,,
4583,08/11/2021 18:13:51,15.23,383.04,,
4584,08/11/2021 18:23:51,14.93,301.28,,
4585,08/11/2021 18:33:51,14.93,236.00,,
4586,08/11/2021 18:43:51,15.18,208.40,,
4587,08/11/2021 18:53:51,15.14,166.16,,
4588,08/11/2021 19:03:51,15.10,135.12,,
4589,08/11/2021 19:13:51,14.93,115.32,,
4590,08/11/2021 19:23:51,14.84,81.74,,
4591,08/11/2021 19:33:51,14.88,61.04,,
4592,08/11/2021 19:43:51,14.80,35.20,,
4593,08/11/2021 19:53:51,14.80,20.19,,
4594,08/11/2021 20:03:51,14.80,9.44,,
4595,08/11/2021 20:13:51,14.75,2.99,,
4596,08/11/2021 20:23:51,14.75,0.42,,
4597,08/11/2021 20:33:51,14.63,0.00,,
4598,08/11/2021 20:43:51,14.54,0.00,,
4599,08/11/2021 20:53:51,14.63,0.00,,
4600,08/11/2021 21:03:51,14.45,0.00,,
4601,08/11/2021 21:13:51,14.54,0.00,,
4602,08/11/2021 21:23:51,14.33,0.00,,
4603,08/11/2021 21:33:51,14.33,0.00,,
4604,08/11/2021 21:43:51,14.37,0.00,,
4605,08/11/2021 21:53:51,14.24,0.00,,
4606,08/11/2021 22:03:51,14.37,0.00,,
4607,08/11/2021 22:13:51,14.41,0.00,,
4608,08/11/2021 22:23:51,14.24,0.00,,
4609,08/11/2021 22:33:51,14.20,0.00,,
4610,08/11/2021 22:43:51,14.20,0.00,,
4611,08/11/2021 22:53:51,14.24,0.00,,
4612,08/11/2021 23:03:51,14.20,0.00,,
4613,08/11/2021 23:13:51,14.15,0.00,,
4614,08/11/2021 23:23:51,14.11,0.00,,
4615,08/11/2021 23:33:51,14.07,0.00,,
4616,08/11/2021 23:43:51,14.07,0.00,,
4617,08/11/2021 23:53:51,14.03,0.00,,
4618,08/12/2021 00:03:51,14.03,0.00,,
4619,08/12/2021 00:13:51,13.98,0.00,,
4620,08/12/2021 00:23:51,14.11,0.00,,
4621,08/12/2021 00:33:51,13.98,0.00,,
4622,08/12/2021 00:43:51,14.03,0.00,,
4623,08/12/2021 00:53:51,14.03,0.00,,
4624,08/12/2021 01:03:51,14.15,0.00,,
4625,08/12/2021 01:13:51,13.94,0.00,,
4626,08/12/2021 01:23:51,13.98,0.00,,
4627,08/12/2021 01:33:51,13.98,0.00,,
4628,08/12/2021 01:43:51,14.03,0.00,,
4629,08/12/2021 01:53:51,14.24,0.00,,
4630,08/12/2021 02:03:51,13.98,0.00,,
4631,08/12/2021 02:13:51,14.07,0.00,,
4632,08/12/2021 02:23:51,13.90,0.00,,
4633,08/12/2021 02:33:51,13.90,0.00,,
4634,08/12/2021 02:43:51,13.90,0.00,,
4635,08/12/2021 02:53:51,13.85,0.00,,
4636,08/12/2021 03:03:51,14.11,0.00,,
4637,08/12/2021 03:13:51,13.98,0.00,,
4638,08/12/2021 03:23:51,13.94,0.00,,
4639,08/12/2021 03:33:51,14.03,0.00,,
4640,08/12/2021 03:43:51,14.03,0.00,,
4641,08/12/2021 03:53:51,13.94,0.00,,
4642,08/12/2021 04:03:51,13.98,0.00,,
4643,08/12/2021 04:13:51,13.98,0.00,,
4644,08/12/2021 04:23:51,13.85,0.00,,
4645,08/12/2021 04:33:51,13.94,0.00,,
4646,08/12/2021 04:43:51,13.77,0.00,,
4647,08/12/2021 04:53:51,13.73,0.00,,
4648,08/12/2021 05:03:51,13.60,0.00,,
4649,08/12/2021 05:13:51,13.73,0.00,,
4650,08/12/2021 05:23:51,13.77,0.00,,
4651,08/12/2021 05:33:51,13.81,0.00,,
4652,08/12/2021 05:43:51,14.07,0.00,,
4653,08/12/2021 05:53:51,13.90,0.00,,
4654,08/12/2021 06:03:51,13.77,0.00,,
4655,08/12/2021 06:13:51,13.77,0.64,,
4656,08/12/2021 06:23:51,13.90,4.06,,
4657,08/12/2021 06:33:51,13.68,14.36,,
4658,08/12/2021 06:43:51,13.68,30.06,,
4659,08/12/2021 06:53:51,13.81,41.72,,
4660,08/12/2021 07:03:51,13.85,68.42,,
4661,08/12/2021 07:13:51,13.98,71.48,,
4662,08/12/2021 07:23:51,14.03,92.96,,
4663,08/12/2021 07:33:51,14.03,77.46,,
4664,08/12/2021 07:43:51,13.90,125.72,,
4665,08/12/2021 07:53:51,13.94,230.00,,
4666,08/12/2021 08:03:51,14.03,295.52,,
4667,08/12/2021 08:13:51,13.98,269.60,,
4668,08/12/2021 08:23:51,13.90,322.24,,
4669,08/12/2021 08:33:51,14.11,354.08,,
4670,08/12/2021 08:43:51,14.11,438.72,,
4671,08/12/2021 08:53:51,14.20,670.08,,
4672,08/12/2021 09:03:51,14.41,887.68,,
4673,08/12/2021 09:13:51,14.75,1147.84,,
4674,08/12/2021 09:23:51,15.06,1382.40,,
4675,08/12/2021 09:33:51,15.10,2013.44,,
4676,08/12/2021 09:43:51,15.53,1973.76,,
4677,08/12/2021 09:53:51,15.61,1843.84,,
4678,08/12/2021 10:03:51,15.44,1321.60,,
4679,08/12/2021 10:13:51,15.31,1202.56,,
4680,08/12/2021 10:23:51,15.10,1452.16,,
4681,08/12/2021 10:33:51,15.40,1309.76,,
4682,08/12/2021 10:43:51,15.27,1799.04,,
4683,08/12/2021 10:53:51,15.36,1544.96,,
4684,08/12/2021 11:03:51,15.61,1960.32,,
4685,08/12/2021 11:13:51,15.83,1879.68,,
4686,08/12/2021 11:23:51,16.00,1891.84,,
4687,08/12/2021 11:33:51,15.78,1617.92,,
4688,08/12/2021 11:43:51,15.74,2254.72,,
4689,08/12/2021 11:53:51,15.83,1804.16,,
4690,08/12/2021 12:03:51,15.78,1390.72,,
4691,08/12/2021 12:13:51,15.44,1871.36,,
4692,08/12/2021 12:23:51,15.61,1430.40,,
4693,08/12/2021 12:33:51,15.53,2050.56,,
4694,08/12/2021 12:43:51,15.40,994.56,,
4695,08/12/2021 12:53:51,15.31,2357.12,,
4696,08/12/2021 13:03:51,15.06,867.20,,
4697,08/12/2021 13:13:51,15.18,2362.24,,
4698,08/12/2021 13:23:51,15.57,2194.56,,
4699,08/12/2021 13:33:51,15.40,1291.52,,
4700,08/12/2021 13:43:51,15.57,1902.08,,
4701,08/12/2021 13:53:51,15.61,1588.48,,
4702,08/12/2021 14:03:51,15.61,2341.76,,
4703,08/12/2021 14:13:51,15.87,2252.80,,
4704,08/12/2021 14:23:51,16.00,1710.08,,
4705,08/12/2021 14:33:51,15.78,1302.72,,
4706,08/12/2021 14:43:51,15.61,1134.08,,
4707,08/12/2021 14:53:51,15.66,1912.32,,
4708,08/12/2021 15:03:51,15.83,2107.52,,
4709,08/12/2021 15:13:51,15.70,1331.84,,
4710,08/12/2021 15:23:51,15.70,1488.64,,
4711,08/12/2021 15:33:51,15.70,1350.40,,
4712,08/12/2021 15:43:51,15.83,1320.32,,
4713,08/12/2021 15:53:51,15.78,1114.56,,
4714,08/12/2021 16:03:51,15.66,818.24,,
4715,08/12/2021 16:13:51,15.66,964.80,,
4716,08/12/2021 16:23:51,15.78,1332.48,,
4717,08/12/2021 16:33:51,15.78,748.80,,
4718,08/12/2021 16:43:51,15.61,617.60,,
4719,08/12/2021 16:53:51,15.61,499.52,,
4720,08/12/2021 17:03:51,15.53,495.20,,
4721,08/12/2021 17:13:51,15.48,432.16,,
4722,08/12/2021 17:23:51,15.53,504.64,,
4723,08/12/2021 17:33:51,15.36,381.28,,
4724,08/12/2021 17:43:51,15.36,279.92,,
4725,08/12/2021 17:53:51,15.36,312.64,,
4726,08/12/2021 18:03:51,15.23,301.28,,
4727,08/12/2021 18:13:51,15.27,266.24,,
4728,08/12/2021 18:23:51,15.27,242.88,,
4729,08/12/2021 18:33:51,15.23,206.72,,
4730,08/12/2021 18:43:51,15.18,130.00,,
4731,08/12/2021 18:53:51,15.18,168.72,,
4732,08/12/2021 19:03:51,15.14,152.36,,
4733,08/12/2021 19:13:51,15.14,142.08,,
4734,08/12/2021 19:23:51,15.14,111.92,,
4735,08/12/2021 19:33:51,14.88,66.22,,
4736,08/12/2021 19:43:51,14.93,49.00,,
4737,08/12/2021 19:53:51,14.93,22.31,,
4738,08/12/2021 20:03:51,14.88,9.63,,
4739,08/12/2021 20:13:51,14.75,2.78,,
4740,08/12/2021 20:23:51,14.75,0.42,,
4741,08/12/2021 20:33:51,14.75,0.00,,
4742,08/12/2021 20:43:51,14.63,0.00,,
4743,08/12/2021 20:53:51,14.67,0.00,,
4744,08/12/2021 21:03:51,14.50,0.00,,
4745,08/12/2021 21:13:51,14.50,0.00,,
4746,08/12/2021 21:23:51,14.63,0.00,,
4747,08/12/2021 21:33:51,14.58,0.00,,
4748,08/12/2021 21:43:51,14.63,0.00,,
4749,08/12/2021 21:53:51,14.54,0.00,,
4750,08/12/2021 22:03:51,14.54,0.00,,
4751,08/12/2021 22:13:51,14.50,0.00,,
4752,08/12/2021 22:23:51,14.54,0.00,,
4753,08/12/2021 22:33:51,14.41,0.00,,
4754,08/12/2021 22:43:51,14.37,0.00,,
4755,08/12/2021 22:53:51,14.41,0.00,,
4756,08/12/2021 23:03:51,14.37,0.00,,
4757,08/12/2021 23:13:51,14.33,0.00,,
4758,08/12/2021 23:23:51,14.37,0.00,,
4759,08/12/2021 23:33:51,14.41,0.00,,
4760,08/12/2021 23:43:51,14.37,0.00,,
4761,08/12/2021 23:53:51,14.41,0.00,,
4762,08/13/2021 00:03:51,14.50,0.00,,
4763,08/13/2021 00:13:51,14.37,0.00,,
4764,08/13/2021 00:23:51,14.45,0.00,,
4765,08/13/2021 00:33:51,14.37,0.00,,
4766,08/13/2021 00:43:51,14.37,0.00,,
4767,08/13/2021 00:53:51,14.50,0.00,,
4768,08/13/2021 01:03:51,14.41,0.00,,
4769,08/13/2021 01:13:51,14.37,0.00,,
4770,08/13/2021 01:23:51,14.28,0.00,,
4771,08/13/2021 01:33:51,14.24,0.00,,
4772,08/13/2021 01:43:51,14.28,0.00,,
4773,08/13/2021 01:53:51,14.28,0.00,,
4774,08/13/2021 02:03:51,14.28,0.00,,
4775,08/13/2021 02:13:51,14.20,0.00,,
4776,08/13/2021 02:23:51,14.28,0.00,,
4777,08/13/2021 02:33:51,14.33,0.00,,
4778,08/13/2021 02:43:51,14.24,0.00,,
4779,08/13/2021 02:53:51,14.24,0.00,,
4780,08/13/2021 03:03:51,14.24,0.00,,
4781,08/13/2021 03:13:51,14.20,0.00,,
4782,08/13/2021 03:23:51,14.15,0.00,,
4783,08/13/2021 03:33:51,14.20,0.00,,
4784,08/13/2021 03:43:51,14.15,0.00,,
4785,08/13/2021 03:53:51,14.11,0.00,,
4786,08/13/2021 04:03:51,14.15,0.00,,
4787,08/13/2021 04:13:51,14.07,0.00,,
4788,08/13/2021 04:23:51,14.11,0.00,,
4789,08/13/2021 04:33:51,14.03,0.00,,
4790,08/13/2021 04:43:51,14.03,0.00,,
4791,08/13/2021 04:53:51,13.94,0.00,,
4792,08/13/2021 05:03:51,13.94,0.00,,
4793,08/13/2021 05:13:51,13.98,0.00,,
4794,08/13/2021 05:23:51,13.85,0.00,,
4795,08/13/2021 05:33:51,14.11,0.00,,
4796,08/13/2021 05:43:51,13.98,0.00,,
4797,08/13/2021 05:53:51,13.90,0.00,,
4798,08/13/2021 06:03:51,13.98,0.00,,
4799,08/13/2021 06:13:51,13.85,0.64,,
4800,08/13/2021 06:23:51,13.90,4.92,,
4801,08/13/2021 06:33:51,13.94,14.15,,
4802,08/13/2021 06:43:51,13.90,23.16,,
4803,08/13/2021 06:53:51,13.94,36.91,,
4804,08/13/2021 07:03:51,13.94,57.18,,
4805,08/13/2021 07:13:51,13.98,68.36,,
4806,08/13/2021 07:23:51,13.90,92.96,,
4807,08/13/2021 07:33:51,13.90,111.04,,
4808,08/13/2021 07:43:51,13.90,169.68,,
4809,08/13/2021 07:53:51,13.85,176.56,,
4810,08/13/2021 08:03:51,13.85,238.56,,
4811,08/13/2021 08:13:51,13.77,233.44,,
4812,08/13/2021 08:23:51,13.90,268.80,,
4813,08/13/2021 08:33:51,13.98,322.08,,
4814,08/13/2021 08:43:51,13.94,349.60,,
4815,08/13/2021 08:53:51,13.85,416.80,,
4816,08/13/2021 09:03:51,13.98,527.20,,
4817,08/13/2021 09:13:51,14.11,467.84,,
4818,08/13/2021 09:23:51,14.15,596.16,,
4819,08/13/2021 09:33:51,14.15,620.16,,
4820,08/13/2021 09:43:51,14.11,546.08,,
4821,08/13/2021 09:53:51,14.24,638.56,,
4822,08/13/2021 10:03:51,14.24,667.52,,
4823,08/13/2021 10:13:51,14.20,807.04,,
4824,08/13/2021 10:23:51,14.28,749.44,,
4825,08/13/2021 10:33:51,14.41,793.28,,
4826,08/13/2021 10:43:51,14.41,923.52,,
4827,08/13/2021 10:53:51,14.50,896.96,,
4828,08/13/2021 11:03:51,14.37,764.16,,
4829,08/13/2021 11:13:51,14.50,775.36,,
4830,08/13/2021 11:23:51,14.50,768.64,,
4831,08/13/2021 11:33:51,14.50,854.08,,
4832,08/13/2021 11:43:51,14.67,1021.12,,
4833,08/13/2021 11:53:51,14.54,1159.68,,
4834,08/13/2021 12:03:51,14.63,1578.88,,
4835,08/13/2021 12:13:51,14.71,1220.48,,
4836,08/13/2021 12:23:51,14.80,1064.96,,
4837,08/13/2021 12:33:51,14.67,1061.44,,
4838,08/13/2021 12:43:51,14.71,1157.12,,
4839,08/13/2021 12:53:51,15.06,1179.52,,
4840,08/13/2021 13:03:51,15.14,1296.00,,
4841,08/13/2021 13:13:51,15.27,1224.00,,
4842,08/13/2021 13:23:51,15.36,951.04,,
4843,08/13/2021 13:33:51,15.14,764.16,,
4844,08/13/2021 13:43:51,15.27,1084.48,,
4845,08/13/2021 13:53:51,15.44,924.48,,
4846,08/13/2021 14:03:51,15.36,813.12,,
4847,08/13/2021 14:13:51,15.27,973.12,,
4848,08/13/2021 14:23:51,15.14,764.16,,
4849,08/13/2021 14:33:51,15.31,1277.12,,
4850,08/13/2021 14:43:51,15.44,1200.00,,
4851,08/13/2021 14:53:51,15.44,1557.76,,
4852,08/13/2021 15:03:51,15.70,1770.24,,
4853,08/13/2021 15:13:51,15.66,1525.12,,
4854,08/13/2021 15:23:51,15.74,1459.84,,
4855,08/13/2021 15:33:51,15.83,1523.20,,
4856,08/13/2021 15:43:51,15.83,1555.20,,
4857,08/13/2021 15:53:51,15.87,1448.32,,
4858,08/13/2021 16:03:51,15.87,1152.00,,
4859,08/13/2021 16:13:51,16.00,1188.80,,
4860,08/13/2021 16:23:51,15.91,1248.96,,
4861,08/13/2021 16:33:51,15.78,1076.80,,
4862,08/13/2021 16:43:51,15.78,1312.00,,
4863,08/13/2021 16:53:51,15.83,1183.04,,
4864,08/13/2021 17:03:51,15.87,834.56,,
4865,08/13/2021 17:13:51,15.78,537.12,,
4866,08/13/2021 17:23:51,15.61,430.56,,
4867,08/13/2021 17:33:51,15.74,383.84,,
4868,08/13/2021 17:43:51,15.74,364.16,,
4869,08/13/2021 17:53:51,15.78,389.44,,
4870,08/13/2021 18:03:51,15.87,416.80,,
4871,08/13/2021 18:13:51,16.00,385.12,,
4872,08/13/2021 18:23:51,15.66,396.32,,
4873,08/13/2021 18:33:51,16.00,338.56,,
4874,08/13/2021 18:43:51,16.04,250.56,,
4875,08/13/2021 18:53:51,16.00,287.60,,
4876,08/13/2021 19:03:51,15.91,275.60,,
4877,08/13/2021 19:13:51,15.70,119.60,,
4878,08/13/2021 19:23:51,15.83,100.68,,
4879,08/13/2021 19:33:51,15.74,67.52,,
4880,08/13/2021 19:43:51,15.70,57.18,,
4881,08/13/2021 19:53:51,15.66,33.06,,
4882,08/13/2021 20:03:51,15.61,9.20,,
4883,08/13/2021 20:13:51,15.53,3.21,,
4884,08/13/2021 20:23:51,15.44,0.21,,
4885,08/13/2021 20:33:51,15.40,0.00,,
4886,08/13/2021 20:43:51,15.53,0.00,,
4887,08/13/2021 20:53:51,15.48,0.00,,
4888,08/13/2021 21:03:51,15.44,0.00,,
4889,08/13/2021 21:13:51,15.48,0.00,,
4890,08/13/2021 21:23:51,15.57,0.00,,
4891,08/13/2021 21:33:51,15.53,0.00,,
4892,08/13/2021 21:43:51,15.48,0.00,,
4893,08/13/2021 21:53:51,15.44,0.00,,
4894,08/13/2021 22:03:51,15.40,0.00,,
4895,08/13/2021 22:13:51,15.36,0.00,,
4896,08/13/2021 22:23:51,15.27,0.00,,
4897,08/13/2021 22:33:51,15.27,0.00,,
4898,08/13/2021 22:43:51,15.23,0.00,,
4899,08/13/2021 22:53:51,15.14,0.00,,
4900,08/13/2021 23:03:51,15.18,0.00,,
4901,08/13/2021 23:13:51,15.23,0.00,,
4902,08/13/2021 23:23:51,15.14,0.00,,
4903,08/13/2021 23:33:51,15.10,0.00,,
4904,08/13/2021 23:43:51,15.14,0.00,,
4905,08/13/2021 23:53:51,15.14,0.00,,
4906,08/14/2021 00:03:51,15.06,0.00,,
4907,08/14/2021 00:13:51,15.06,0.00,,
4908,08/14/2021 00:23:51,15.18,0.00,,
4909,08/14/2021 00:33:51,15.14,0.00,,
4910,08/14/2021 00:43:51,15.23,0.00,,
4911,08/14/2021 00:53:51,15.06,0.00,,
4912,08/14/2021 01:03:51,15.14,0.00,,
4913,08/14/2021 01:13:51,15.01,0.00,,
4914,08/14/2021 01:23:51,15.01,0.00,,
4915,08/14/2021 01:33:51,14.88,0.00,,
4916,08/14/2021 01:43:51,14.93,0.00,,
4917,08/14/2021 01:53:51,14.84,0.00,,
4918,08/14/2021 02:03:51,14.54,0.00,,
4919,08/14/2021 02:13:51,14.45,0.00,,
4920,08/14/2021 02:23:51,14.41,0.00,,
4921,08/14/2021 02:33:51,14.41,0.00,,
4922,08/14/2021 02:43:51,14.33,0.00,,
4923,08/14/2021 02:53:51,14.15,0.00,,
4924,08/14/2021 03:03:51,14.15,0.00,,
4925,08/14/2021 03:13:51,14.11,0.00,,
4926,08/14/2021 03:23:51,13.98,0.00,,
4927,08/14/2021 03:33:51,14.11,0.00,,
4928,08/14/2021 03:43:51,14.03,0.00,,
4929,08/14/2021 03:53:51,14.07,0.00,,
4930,08/14/2021 04:03:51,14.11,0.00,,
4931,08/14/2021 04:13:51,14.03,0.00,,
4932,08/14/2021 04:23:51,13.85,0.00,,
4933,08/14/2021 04:33:51,13.90,0.00,,
4934,08/14/2021 04:43:51,13.85,0.00,,
4935,08/14/2021 04:53:51,13.68,0.00,,
4936,08/14/2021 05:03:51,13.85,0.00,,
4937,08/14/2021 05:13:51,13.81,0.00,,
4938,08/14/2021 05:23:51,13.77,0.00,,
4939,08/14/2021 05:33:51,13.77,0.00,,
4940,08/14/2021 05:43:51,13.68,0.00,,
4941,08/14/2021 05:53:51,13.68,0.00,,
4942,08/14/2021 06:03:51,13.68,0.00,,
4943,08/14/2021 06:13:51,13.73,0.42,,
4944,08/14/2021 06:23:51,13.55,3.85,,
4945,08/14/2021 06:33:51,13.64,10.94,,
4946,08/14/2021 06:43:51,13.43,27.01,,
4947,08/14/2021 06:53:51,13.51,39.96,,
4948,08/14/2021 07:03:51,13.51,57.62,,
4949,08/14/2021 07:13:51,13.51,92.12,,
4950,08/14/2021 07:23:51,13.43,111.92,,
4951,08/14/2021 07:33:51,13.55,135.12,,
4952,08/14/2021 07:43:51,13.55,163.60,,
4953,08/14/2021 07:53:51,13.51,198.16,,
4954,08/14/2021 08:03:51,13.47,242.88,,
4955,08/14/2021 08:13:51,13.47,296.16,,
4956,08/14/2021 08:23:51,13.51,379.52,,
4957,08/14/2021 08:33:51,13.51,380.80,,
4958,08/14/2021 08:43:51,13.64,364.16,,
4959,08/14/2021 08:53:51,13.73,484.96,,
4960,08/14/2021 09:03:51,13.73,550.40,,
4961,08/14/2021 09:13:51,13.90,620.16,,
4962,08/14/2021 09:23:51,13.94,698.24,,
4963,08/14/2021 09:33:51,14.24,807.04,,
4964,08/14/2021 09:43:51,14.28,901.76,,
4965,08/14/2021 09:53:51,14.50,1107.52,,
4966,08/14/2021 10:03:51,14.75,1339.52,,
4967,08/14/2021 10:13:51,15.01,1384.96,,
4968,08/14/2021 10:23:51,15.27,1502.72,,
4969,08/14/2021 10:33:51,15.44,1628.80,,
4970,08/14/2021 10:43:51,15.83,1780.48,,
4971,08/14/2021 10:53:51,15.53,1765.12,,
4972,08/14/2021 11:03:51,15.44,1872.64,,
4973,08/14/2021 11:13:51,15.53,1682.56,,
4974,08/14/2021 11:23:51,15.36,1665.92,,
4975,08/14/2021 11:33:51,15.23,1747.84,,
4976,08/14/2021 11:43:51,15.31,1978.88,,
4977,08/14/2021 11:53:51,15.18,1691.52,,
4978,08/14/2021 12:03:51,15.27,1747.20,,
4979,08/14/2021 12:13:51,15.10,2004.48,,
4980,08/14/2021 12:23:51,15.18,1848.96,,
4981,08/14/2021 12:33:51,15.23,1855.36,,
4982,08/14/2021 12:43:51,15.44,1984.00,,
4983,08/14/2021 12:53:51,15.23,1862.40,,
4984,08/14/2021 13:03:51,15.27,1633.92,,
4985,08/14/2021 13:13:51,15.01,1301.12,,
4986,08/14/2021 13:23:51,15.06,1174.40,,
4987,08/14/2021 13:33:51,14.88,1235.20,,
4988,08/14/2021 13:43:51,15.01,1309.76,,
4989,08/14/2021 13:53:51,14.93,1435.52,,
4990,08/14/2021 14:03:51,14.97,1672.32,,
4991,08/14/2021 14:13:51,15.06,1259.84,,
4992,08/14/2021 14:23:51,14.97,1271.04,,
4993,08/14/2021 14:33:51,15.06,1338.88,,
4994,08/14/2021 14:43:51,15.01,1199.36,,
4995,08/14/2021 14:53:51,14.97,977.60,,
4996,08/14/2021 15:03:51,14.97,1032.32,,
4997,08/14/2021 15:13:51,14.93,1025.28,,
4998,08/14/2021 15:23:51,14.84,1171.84,,
4999,08/14/2021 15:33:51,14.84,1136.00,,
5000,08/14/2021 15:43:51,14.93,1255.68,,
5001,08/14/2021 15:53:51,14.80,814.08,,
5002,08/14/2021 16:03:51,14.84,767.04,,
5003,08/14/2021 16:13:51,14.93,673.28,,
5004,08/14/2021 16:23:51,15.10,677.76,,
5005,08/14/2021 16:33:51,15.01,571.84,,
5006,08/14/2021 16:43:51,15.18,537.60,,
5007,08/14/2021 16:53:51,15.18,486.56,,
5008,08/14/2021 17:03:51,15.10,507.20,,
5009,08/14/2021 17:13:51,15.10,484.00,,
5010,08/14/2021 17:23:51,15.14,513.12,,
5011,08/14/2021 17:33:51,15.14,438.24,,
5012,08/14/2021 17:43:51,15.18,437.44,,
5013,08/14/2021 17:53:51,15.18,416.80,,
5014,08/14/2021 18:03:51,15.23,429.60,,
5015,08/14/2021 18:13:51,15.06,405.76,,
5016,08/14/2021 18:23:51,15.23,458.40,,
5017,08/14/2021 18:33:51,15.27,522.08,,
5018,08/14/2021 18:43:51,15.31,490.08,,
5019,08/14/2021 18:53:51,15.36,360.96,,
5020,08/14/2021 19:03:51,15.48,336.00,,
5021,08/14/2021 19:13:51,15.53,198.16,,
5022,08/14/2021 19:23:51,15.40,238.80,,
5023,08/14/2021 19:33:51,15.31,96.40,,
5024,08/14/2021 19:43:51,15.40,59.32,,
5025,08/14/2021 19:53:51,15.36,30.06,,
5026,08/14/2021 20:03:51,15.23,10.91,,
5027,08/14/2021 20:13:51,15.06,2.99,,
5028,08/14/2021 20:23:51,15.18,0.21,,
5029,08/14/2021 20:33:51,15.14,0.00,,
5030,08/14/2021 20:43:51,15.01,0.00,,
5031,08/14/2021 20:53:51,14.97,0.00,,
5032,08/14/2021 21:03:51,14.84,0.00,,
5033,08/14/2021 21:13:51,14.84,0.00,,
5034,08/14/2021 21:23:51,14.97,0.00,,
5035,08/14/2021 21:33:51,14.93,0.00,,
5036,08/14/2021 21:43:51,15.06,0.00,,
5037,08/14/2021 21:53:51,15.01,0.00,,
5038,08/14/2021 22:03:51,14.97,0.00,,
5039,08/14/2021 22:13:51,14.93,0.00,,
5040,08/14/2021 22:23:51,14.88,0.00,,
5041,08/14/2021 22:33:51,15.01,0.00,,
5042,08/14/2021 22:43:51,15.14,0.00,,
5043,08/14/2021 22:53:51,14.97,0.00,,
5044,08/14/2021 23:03:51,14.97,0.00,,
5045,08/14/2021 23:13:51,14.97,0.00,,
5046,08/14/2021 23:23:51,15.06,0.00,,
5047,08/14/2021 23:33:51,15.01,0.00,,
5048,08/14/2021 23:43:51,15.10,0.00,,
5049,08/14/2021 23:53:51,15.14,0.00,,
5050,08/15/2021 00:03:51,15.27,0.00,,
5051,08/15/2021 00:13:51,15.23,0.00,,
5052,08/15/2021 00:23:51,15.14,0.00,,
5053,08/15/2021 00:33:51,15.18,0.00,,
5054,08/15/2021 00:43:51,15.23,0.00,,
5055,08/15/2021 00:53:51,15.06,0.00,,
5056,08/15/2021 01:03:51,14.97,0.00,,
5057,08/15/2021 01:13:51,14.88,0.00,,
5058,08/15/2021 01:23:51,14.84,0.00,,
5059,08/15/2021 01:33:51,14.71,0.00,,
5060,08/15/2021 01:43:51,14.80,0.00,,
5061,08/15/2021 01:53:51,14.54,0.00,,
5062,08/15/2021 02:03:51,14.45,0.00,,
5063,08/15/2021 02:13:51,14.41,0.00,,
5064,08/15/2021 02:23:51,14.45,0.00,,
5065,08/15/2021 02:33:51,14.37,0.00,,
5066,08/15/2021 02:43:51,14.37,0.00,,
5067,08/15/2021 02:53:51,14.33,0.00,,
5068,08/15/2021 03:03:51,14.15,0.00,,
5069,08/15/2021 03:13:51,14.11,0.00,,
5070,08/15/2021 03:23:51,14.20,0.00,,
5071,08/15/2021 03:33:51,14.07,0.00,,
5072,08/15/2021 03:43:51,14.07,0.00,,
5073,08/15/2021 03:53:51,13.98,0.00,,
5074,08/15/2021 04:03:51,13.90,0.00,,
5075,08/15/2021 04:13:51,13.94,0.00,,
5076,08/15/2021 04:23:51,13.94,0.00,,
5077,08/15/2021 04:33:51,13.94,0.00,,
5078,08/15/2021 04:43:51,13.85,0.00,,
5079,08/15/2021 04:53:51,13.81,0.00,,
5080,08/15/2021 05:03:51,13.85,0.00,,
5081,08/15/2021 05:13:51,13.90,0.00,,
5082,08/15/2021 05:23:51,14.03,0.00,,
5083,08/15/2021 05:33:51,14.07,0.00,,
5084,08/15/2021 05:43:51,14.11,0.00,,
5085,08/15/2021 05:53:51,14.03,0.00,,
5086,08/15/2021 06:03:51,14.11,0.00,,
5087,08/15/2021 06:13:51,14.03,0.85,,
5088,08/15/2021 06:23:51,14.20,5.13,,
5089,08/15/2021 06:33:51,14.15,12.86,,
5090,08/15/2021 06:43:51,14.03,27.01,,
5091,08/15/2021 06:53:51,14.11,44.30,,
5092,08/15/2021 07:03:51,14.11,71.36,,
5093,08/15/2021 07:13:51,14.24,93.84,,
5094,08/15/2021 07:23:51,14.07,123.04,,
5095,08/15/2021 07:33:51,14.15,155.80,,
5096,08/15/2021 07:43:51,14.20,198.96,,
5097,08/15/2021 07:53:51,14.20,248.88,,
5098,08/15/2021 08:03:51,14.11,273.92,,
5099,08/15/2021 08:13:51,14.11,324.64,,
5100,08/15/2021 08:23:51,14.28,398.88,,
5101,08/15/2021 08:33:51,14.28,865.92,,
5102,08/15/2021 08:43:51,14.54,744.32,,
5103,08/15/2021 08:53:51,14.63,825.92,,
5104,08/15/2021 09:03:51,14.88,895.68,,
5105,08/15/2021 09:13:51,15.06,1528.32,,
5106,08/15/2021 09:23:51,15.18,1564.80,,
5107,08/15/2021 09:33:51,15.27,1644.16,,
5108,08/15/2021 09:43:51,15.36,1529.60,,
5109,08/15/2021 09:53:51,15.61,1664.00,,
5110,08/15/2021 10:03:51,15.74,1701.76,,
5111,08/15/2021 10:13:51,15.83,1680.00,,
5112,08/15/2021 10:23:51,16.00,1740.16,,
5113,08/15/2021 10:33:51,16.17,1735.04,,
5114,08/15/2021 10:43:51,16.26,1735.04,,
5115,08/15/2021 10:53:51,16.13,1734.40,,
5116,08/15/2021 11:03:51,15.70,1720.96,,
5117,08/15/2021 11:13:51,15.61,1681.28,,
5118,08/15/2021 11:23:51,15.78,1676.80,,
5119,08/15/2021 11:33:51,15.66,1643.52,,
5120,08/15/2021 11:43:51,15.66,1654.40,,
5121,08/15/2021 11:53:51,15.61,1661.44,,
5122,08/15/2021 12:03:51,15.61,1703.04,,
5123,08/15/2021 12:13:51,15.36,1673.60,,
5124,08/15/2021 12:23:51,15.44,1664.00,,
5125,08/15/2021 12:33:51,15.48,1662.08,,
5126,08/15/2021 12:43:51,15.27,1780.48,,
5127,08/15/2021 12:53:51,15.01,1628.80,,
5128,08/15/2021 13:03:51,14.84,1862.40,,
5129,08/15/2021 13:13:51,15.06,1888.00,,
5130,08/15/2021 13:23:51,15.10,1976.96,,
5131,08/15/2021 13:33:51,15.14,1902.08,,
5132,08/15/2021 13:43:51,15.14,2044.16,,
5133,08/15/2021 13:53:51,15.10,1712.00,,
5134,08/15/2021 14:03:51,15.06,1790.72,,
5135,08/15/2021 14:13:51,15.18,1895.04,,
5136,08/15/2021 14:23:51,15.40,1918.72,,
5137,08/15/2021 14:33:51,15.48,1903.36,,
5138,08/15/2021 14:43:51,15.53,2071.68,,
5139,08/15/2021 14:53:51,15.57,1834.88,,
5140,08/15/2021 15:03:51,15.66,1884.80,,
5141,08/15/2021 15:13:51,15.61,1900.16,,
5142,08/15/2021 15:23:51,15.78,1860.48,,
5143,08/15/2021 15:33:51,15.78,1668.48,,
5144,08/15/2021 15:43:51,15.66,1591.04,,
5145,08/15/2021 15:53:51,15.70,1790.72,,
5146,08/15/2021 16:03:51,15.87,1845.12,,
5147,08/15/2021 16:13:51,16.00,2018.56,,
5148,08/15/2021 16:23:51,16.21,2011.52,,
5149,08/15/2021 16:33:51,16.26,2198.40,,
5150,08/15/2021 16:43:51,16.43,2607.36,,
5151,08/15/2021 16:53:51,16.51,2896.64,,
5152,08/15/2021 17:03:51,16.43,2750.72,,
5153,08/15/2021 17:13:51,16.43,2714.88,,
5154,08/15/2021 17:23:51,16.34,2181.12,,
5155,08/15/2021 17:33:51,16.30,1740.16,,
5156,08/15/2021 17:43:51,16.34,1531.52,,
5157,08/15/2021 17:53:51,16.13,1451.52,,
5158,08/15/2021 18:03:51,16.08,1027.20,,
5159,08/15/2021 18:13:51,16.04,920.00,,
5160,08/15/2021 18:23:51,16.04,890.88,,
5161,08/15/2021 18:33:51,16.13,937.28,,
5162,08/15/2021 18:43:51,16.08,664.00,,
5163,08/15/2021 18:53:51,16.13,462.56,,
5164,08/15/2021 19:03:51,15.91,390.24,,
5165,08/15/2021 19:13:51,15.91,361.12,,
5166,08/15/2021 19:23:51,16.00,354.72,,
5167,08/15/2021 19:33:51,16.00,263.44,,
5168,08/15/2021 19:43:51,15.96,125.92,,
5169,08/15/2021 19:53:51,15.78,62.44,,
5170,08/15/2021 20:03:51,15.70,21.88,,
5171,08/15/2021 20:13:51,15.78,7.49,,
5172,08/15/2021 20:23:51,15.66,0.85,,
5173,08/15/2021 20:33:51,15.57,0.00,,
5174,08/15/2021 20:43:51,15.53,0.00,,
5175,08/15/2021 20:53:51,15.53,0.00,,
5176,08/15/2021 21:03:51,15.48,0.00,,
5177,08/15/2021 21:13:51,15.48,0.00,,
5178,08/15/2021 21:23:51,15.61,0.00,,
5179,08/15/2021 21:33:51,15.53,0.00,,
5180,08/15/2021 21:43:51,15.48,0.00,,
5181,08/15/2021 21:53:51,15.40,0.00,,
5182,08/15/2021 22:03:51,15.27,0.00,,
5183,08/15/2021 22:13:51,15.23,0.00,,
5184,08/15/2021 22:23:51,15.10,0.00,,
5185,08/15/2021 22:33:51,15.01,0.00,,
5186,08/15/2021 22:43:51,15.01,0.00,,
5187,08/15/2021 22:53:51,14.84,0.00,,
5188,08/15/2021 23:03:51,14.84,0.00,,
5189,08/15/2021 23:13:51,14.80,0.00,,
5190,08/15/2021 23:23:51,14.75,0.00,,
5191,08/15/2021 23:33:51,14.75,0.00,,
5192,08/15/2021 23:43:51,14.71,0.00,,
5193,08/15/2021 23:53:51,14.58,0.00,,
5194,08/16/2021 00:03:51,14.54,0.00,,
5195,08/16/2021 00:13:51,14.41,0.00,,
5196,08/16/2021 00:23:51,14.50,0.00,,
5197,08/16/2021 00:33:51,14.41,0.00,,
5198,08/16/2021 00:43:51,14.41,0.00,,
5199,08/16/2021 00:53:51,14.37,0.00,,
5200,08/16/2021 01:03:51,14.33,0.00,,
5201,08/16/2021 01:13:51,14.33,0.00,,
5202,08/16/2021 01:23:51,14.28,0.00,,
5203,08/16/2021 01:33:51,14.24,0.00,,
5204,08/16/2021 01:43:51,14.24,0.00,,
5205,08/16/2021 01:53:51,14.28,0.00,,
5206,08/16/2021 02:03:51,14.20,0.00,,
5207,08/16/2021 02:13:51,14.15,0.00,,
5208,08/16/2021 02:23:51,14.15,0.00,,
5209,08/16/2021 02:33:51,14.20,0.00,,
5210,08/16/2021 02:43:51,14.11,0.00,,
5211,08/16/2021 02:53:51,14.11,0.00,,
5212,08/16/2021 03:03:51,14.11,0.00,,
5213,08/16/2021 03:13:51,14.07,0.00,,
5214,08/16/2021 03:23:51,13.98,0.00,,
5215,08/16/2021 03:33:51,13.94,0.00,,
5216,08/16/2021 03:43:51,13.98,0.00,,
5217,08/16/2021 03:53:51,13.94,0.00,,
5218,08/16/2021 04:03:51,13.94,0.00,,
5219,08/16/2021 04:13:51,13.77,0.00,,
5220,08/16/2021 04:23:51,13.90,0.00,,
5221,08/16/2021 04:33:51,13.85,0.00,,
5222,08/16/2021 04:43:51,13.90,0.00,,
5223,08/16/2021 04:53:51,14.03,0.00,,
5224,08/16/2021 05:03:51,14.07,0.00,,
5225,08/16/2021 05:13:51,13.94,0.00,,
5226,08/16/2021 05:23:51,13.77,0.00,,
5227,08/16/2021 05:33:51,13.94,0.00,,
5228,08/16/2021 05:43:51,13.81,0.00,,
5229,08/16/2021 05:53:51,13.90,0.00,,
5230,08/16/2021 06:03:51,13.98,0.00,,
5231,08/16/2021 06:13:51,13.90,0.64,,
5232,08/16/2021 06:23:51,13.85,7.49,,
5233,08/16/2021 06:33:51,13.77,28.30,,
5234,08/16/2021 06:43:51,13.85,48.14,,
5235,08/16/2021 06:53:51,13.81,86.88,,
5236,08/16/2021 07:03:51,13.81,178.24,,
5237,08/16/2021 07:13:51,13.94,230.88,,
5238,08/16/2021 07:23:51,13.94,319.52,,
5239,08/16/2021 07:33:51,14.07,410.88,,
5240,08/16/2021 07:43:51,13.98,353.92,,
5241,08/16/2021 07:53:51,14.03,404.80,,
5242,08/16/2021 08:03:51,13.85,460.00,,
5243,08/16/2021 08:13:51,13.85,793.28,,
5244,08/16/2021 08:23:51,14.24,1473.92,,
5245,08/16/2021 08:33:51,14.33,749.76,,
5246,08/16/2021 08:43:51,14.37,1728.00,,
5247,08/16/2021 08:53:51,14.41,1792.00,,
5248,08/16/2021 09:03:51,14.63,1678.72,,
5249,08/16/2021 09:13:51,14.93,1791.36,,
5250,08/16/2021 09:23:51,15.27,1715.84,,
5251,08/16/2021 09:33:51,15.36,1775.36,,
5252,08/16/2021 09:43:51,15.40,1900.16,,
5253,08/16/2021 09:53:51,15.40,1710.72,,
5254,08/16/2021 10:03:51,15.18,1648.64,,
5255,08/16/2021 10:13:51,15.06,1738.24,,
5256,08/16/2021 10:23:51,15.06,1393.92,,
5257,08/16/2021 10:33:51,14.93,1207.68,,
5258,08/16/2021 10:43:51,15.10,1302.72,,
5259,08/16/2021 10:53:51,15.10,1335.04,,
5260,08/16/2021 11:03:51,15.18,1112.00,,
5261,08/16/2021 11:13:51,15.18,1201.92,,
5262,08/16/2021 11:23:51,15.48,1273.60,,
5263,08/16/2021 11:33:51,15.57,1255.68,,
5264,08/16/2021 11:43:51,15.48,1304.64,,
5265,08/16/2021 11:53:51,15.70,1308.80,,
5266,08/16/2021 12:03:51,15.70,1294.08,,
5267,08/16/2021 12:13:51,15.78,1272.00,,
5268,08/16/2021 12:23:51,15.83,1273.60,,
5269,08/16/2021 12:33:51,15.91,1306.24,,
5270,08/16/2021 12:43:51,15.96,1246.40,,
5271,08/16/2021 12:53:51,16.17,1282.24,,
5272,08/16/2021 13:03:51,16.39,1239.36,,
5273,08/16/2021 13:13:51,16.56,1298.56,,
5274,08/16/2021 13:23:51,16.77,1266.88,,
5275,08/16/2021 13:33:51,16.51,1293.44,,
5276,08/16/2021 13:43:51,16.77,1260.80,,
5277,08/16/2021 13:53:51,16.64,1335.04,,
5278,08/16/2021 14:03:51,16.90,1415.04,,
5279,08/16/2021 14:13:51,16.69,1525.12,,
5280,08/16/2021 14:23:51,16.56,1565.44,,
5281,08/16/2021 14:33:51,16.73,1795.84,,
5282,08/16/2021 14:43:51,16.94,1821.44,,
5283,08/16/2021 14:53:51,16.77,1874.56,,
5284,08/16/2021 15:03:51,16.60,1941.12,,
5285,08/16/2021 15:13:51,16.60,2033.92,,
5286,08/16/2021 15:23:51,16.51,2040.32,,
5287,08/16/2021 15:33:51,16.51,2172.16,,
5288,08/16/2021 15:43:51,16.43,2239.36,,
5289,08/16/2021 15:53:51,16.43,2316.16,,
5290,08/16/2021 16:03:51,16.34,2430.72,,
5291,08/16/2021 16:13:51,16.34,2530.56,,
5292,08/16/2021 16:23:51,16.47,2574.72,,
5293,08/16/2021 16:33:51,16.39,2649.60,,
5294,08/16/2021 16:43:51,16.51,2746.88,,
5295,08/16/2021 16:53:51,16.34,3041.28,,
5296,08/16/2021 17:03:51,16.34,3036.16,,
5297,08/16/2021 17:13:51,16.26,3106.56,,
5298,08/16/2021 17:23:51,16.26,3002.88,,
5299,08/16/2021 17:33:51,15.91,3020.80,,
5300,08/16/2021 17:43:51,15.83,3104.00,,
5301,08/16/2021 17:53:51,16.21,3334.40,,
5302,08/16/2021 18:03:51,16.34,3055.36,,
5303,08/16/2021 18:13:51,16.51,2400.00,,
5304,08/16/2021 18:23:51,16.39,2711.04,,
5305,08/16/2021 18:33:51,16.56,2928.64,,
5306,08/16/2021 18:43:51,16.60,2896.64,,
5307,08/16/2021 18:53:51,16.64,2252.80,,
5308,08/16/2021 19:03:51,16.51,1989.12,,
5309,08/16/2021 19:13:51,16.26,1829.76,,
5310,08/16/2021 19:23:51,16.26,993.60,,
5311,08/16/2021 19:33:51,15.48,785.60,,
5312,08/16/2021 19:43:51,15.36,431.84,,
5313,08/16/2021 19:53:51,15.14,103.36,,
5314,08/16/2021 20:03:51,15.23,39.54,,
5315,08/16/2021 20:13:51,15.27,12.22,,
5316,08/16/2021 20:23:51,15.31,1.92,,
5317,08/16/2021 20:33:51,15.27,0.00,,
5318,08/16/2021 20:43:51,15.23,0.00,,
5319,08/16/2021 20:53:51,15.27,0.00,,
5320,08/16/2021 21:03:51,15.27,0.00,,
5321,08/16/2021 21:13:51,15.31,0.00,,
5322,08/16/2021 21:23:51,15.40,0.00,,
5323,08/16/2021 21:33:51,15.27,0.00,,
5324,08/16/2021 21:43:51,15.27,0.00,,
5325,08/16/2021 21:53:51,15.14,0.00,,
5326,08/16/2021 22:03:51,15.10,0.00,,
5327,08/16/2021 22:13:51,15.01,0.00,,
5328,08/16/2021 22:23:51,14.84,0.00,,
5329,08/16/2021 22:33:51,14.88,0.00,,
5330,08/16/2021 22:43:51,14.71,0.00,,
5331,08/16/2021 22:53:51,14.54,0.00,,
5332,08/16/2021 23:03:51,14.45,0.00,,
5333,08/16/2021 23:13:51,14.37,0.00,,
5334,08/16/2021 23:23:51,14.41,0.00,,
5335,08/16/2021 23:33:51,14.41,0.00,,
5336,08/16/2021 23:43:51,14.33,0.00,,
5337,08/16/2021 23:53:51,14.37,0.00,,
5338,08/17/2021 00:03:51,14.37,0.00,,
5339,08/17/2021 00:13:51,14.20,0.00,,
5340,08/17/2021 00:23:51,14.11,0.00,,
5341,08/17/2021 00:33:51,14.07,0.00,,
5342,08/17/2021 00:43:51,14.11,0.00,,
5343,08/17/2021 00:53:51,14.07,0.00,,
5344,08/17/2021 01:03:51,14.03,0.00,,
5345,08/17/2021 01:13:51,13.98,0.00,,
5346,08/17/2021 01:23:51,13.90,0.00,,
5347,08/17/2021 01:33:51,13.90,0.00,,
5348,08/17/2021 01:43:51,13.90,0.00,,
5349,08/17/2021 01:53:51,13.90,0.00,,
5350,08/17/2021 02:03:51,13.90,0.00,,
5351,08/17/2021 02:13:51,13.85,0.00,,
5352,08/17/2021 02:23:51,13.85,0.00,,
5353,08/17/2021 02:33:51,13.81,0.00,,
5354,08/17/2021 02:43:51,13.77,0.00,,
5355,08/17/2021 02:53:51,13.77,0.00,,
5356,08/17/2021 03:03:51,13.73,0.00,,
5357,08/17/2021 03:13:51,13.73,0.00,,
5358,08/17/2021 03:23:51,13.64,0.00,,
5359,08/17/2021 03:33:51,13.55,0.00,,
5360,08/17/2021 03:43:51,13.51,0.00,,
5361,08/17/2021 03:53:51,13.64,0.00,,
5362,08/17/2021 04:03:51,13.64,0.00,,
5363,08/17/2021 04:13:51,13.64,0.00,,
5364,08/17/2021 04:23:51,13.55,0.00,,
5365,08/17/2021 04:33:51,13.43,0.00,,
5366,08/17/2021 04:43:51,13.43,0.00,,
5367,08/17/2021 04:53:51,13.30,0.00,,
5368,08/17/2021 05:03:51,13.34,0.00,,
5369,08/17/2021 05:13:51,13.17,0.00,,
5370,08/17/2021 05:23:51,13.12,0.00,,
5371,08/17/2021 05:33:51,13.08,0.00,,
5372,08/17/2021 05:43:51,13.17,0.00,,
5373,08/17/2021 05:53:51,13.17,0.00,,
5374,08/17/2021 06:03:51,13.17,0.00,,
5375,08/17/2021 06:13:51,13.17,0.85,,
5376,08/17/2021 06:23:51,13.30,8.13,,
5377,08/17/2021 06:33:51,13.30,25.73,,
5378,08/17/2021 06:43:51,13.30,44.66,,
5379,08/17/2021 06:53:51,13.25,69.60,,
5380,08/17/2021 07:03:51,13.30,108.40,,
5381,08/17/2021 07:13:51,13.34,181.68,,
5382,08/17/2021 07:23:51,13.43,338.56,,
5383,08/17/2021 07:33:51,13.55,644.96,,
5384,08/17/2021 07:43:51,13.51,795.20,,
5385,08/17/2021 07:53:51,13.60,1340.16,,
5386,08/17/2021 08:03:51,13.85,1481.60,,
5387,08/17/2021 08:13:51,13.98,1973.76,,
5388,08/17/2021 08:23:51,13.94,957.76,,
5389,08/17/2021 08:33:51,14.03,1504.64,,
5390,08/17/2021 08:43:51,13.94,1272.96,,
5391,08/17/2021 08:53:51,14.15,2131.20,,
5392,08/17/2021 09:03:51,14.28,1950.08,,
5393,08/17/2021 09:13:51,14.24,1999.36,,
5394,08/17/2021 09:23:51,14.41,1951.36,,
5395,08/17/2021 09:33:51,14.54,1895.04,,
5396,08/17/2021 09:43:51,14.28,1886.72,,
5397,08/17/2021 09:53:51,14.33,1850.24,,
5398,08/17/2021 10:03:51,14.24,1788.80,,
5399,08/17/2021 10:13:51,14.37,1948.16,,
5400,08/17/2021 10:23:51,14.41,1819.52,,
5401,08/17/2021 10:33:51,14.45,1723.52,,
5402,08/17/2021 10:43:51,14.50,1712.64,,
5403,08/17/2021 10:53:51,14.50,1644.80,,
5404,08/17/2021 11:03:51,14.54,1644.16,,
5405,08/17/2021 11:13:51,14.71,1573.12,,
5406,08/17/2021 11:23:51,14.71,1575.04,,
5407,08/17/2021 11:33:51,14.88,1491.84,,
5408,08/17/2021 11:43:51,15.01,1438.08,,
5409,08/17/2021 11:53:51,15.01,1435.52,,
5410,08/17/2021 12:03:51,15.27,1449.60,,
5411,08/17/2021 12:13:51,15.36,1444.48,,
5412,08/17/2021 12:23:51,15.61,1441.92,,
5413,08/17/2021 12:33:51,15.27,1489.28,,
5414,08/17/2021 12:43:51,15.06,1474.56,,
5415,08/17/2021 12:53:51,15.01,1491.20,,
5416,08/17/2021 13:03:51,15.23,1517.44,,
5417,08/17/2021 13:13:51,15.44,1576.32,,
5418,08/17/2021 13:23:51,15.57,1616.64,,
5419,08/17/2021 13:33:51,15.53,1646.72,,
5420,08/17/2021 13:43:51,15.53,1638.40,,
5421,08/17/2021 13:53:51,15.57,1647.36,,
5422,08/17/2021 14:03:51,15.66,1617.92,,
5423,08/17/2021 14:13:51,15.78,1623.68,,
5424,08/17/2021 14:23:51,15.87,1723.52,,
5425,08/17/2021 14:33:51,15.96,1710.08,,
5426,08/17/2021 14:43:51,15.83,1751.04,,
5427,08/17/2021 14:53:51,16.04,1828.48,,
5428,08/17/2021 15:03:51,16.00,1836.80,,
5429,08/17/2021 15:13:51,15.70,1895.04,,
5430,08/17/2021 15:23:51,15.78,1923.84,,
5431,08/17/2021 15:33:51,15.96,2026.88,,
5432,08/17/2021 15:43:51,15.87,2078.08,,
5433,08/17/2021 15:53:51,15.91,2196.48,,
5434,08/17/2021 16:03:51,15.96,2186.24,,
5435,08/17/2021 16:13:51,16.00,2194.56,,
5436,08/17/2021 16:23:51,15.87,2343.68,,
5437,08/17/2021 16:33:51,15.83,2376.32,,
5438,08/17/2021 16:43:51,15.87,2448.00,,
5439,08/17/2021 16:53:51,15.91,2700.80,,
5440,08/17/2021 17:03:51,15.61,2620.16,,
5441,08/17/2021 17:13:51,15.70,2746.88,,
5442,08/17/2021 17:23:51,15.78,2668.80,,
5443,08/17/2021 17:33:51,15.78,2887.68,,
5444,08/17/2021 17:43:51,15.66,2649.60,,
5445,08/17/2021 17:53:51,15.61,2709.76,,
5446,08/17/2021 18:03:51,15.70,2567.68,,
5447,08/17/2021 18:13:51,15.78,2615.68,,
5448,08/17/2021 18:23:51,15.66,2964.48,,
5449,08/17/2021 18:33:51,15.70,2714.88,,
5450,08/17/2021 18:43:51,15.78,2234.24,,
5451,08/17/2021 18:53:51,15.70,1925.76,,
5452,08/17/2021 19:03:51,15.53,1337.60,,
5453,08/17/2021 19:13:51,15.36,1374.72,,
5454,08/17/2021 19:23:51,14.58,696.64,,
5455,08/17/2021 19:33:51,14.33,301.12,,
5456,08/17/2021 19:43:51,14.37,147.32,,
5457,08/17/2021 19:53:51,14.54,72.32,,
5458,08/17/2021 20:03:51,14.63,25.30,,
5459,08/17/2021 20:13:51,14.58,6.84,,
5460,08/17/2021 20:23:51,14.24,0.64,,
5461,08/17/2021 20:33:51,14.20,0.00,,
5462,08/17/2021 20:43:51,14.41,0.00,,
5463,08/17/2021 20:53:51,14.11,0.00,,
5464,08/17/2021 21:03:51,13.77,0.00,,
5465,08/17/2021 21:13:51,13.64,0.00,,
5466,08/17/2021 21:23:51,14.15,0.00,,
5467,08/17/2021 21:33:51,14.28,0.00,,
5468,08/17/2021 21:43:51,14.33,0.00,,
5469,08/17/2021 21:53:51,14.20,0.00,,
5470,08/17/2021 22:03:51,14.15,0.00,,
5471,08/17/2021 22:13:51,14.28,0.00,,
5472,08/17/2021 22:23:51,14.24,0.00,,
5473,08/17/2021 22:33:51,14.37,0.00,,
5474,08/17/2021 22:43:51,14.45,0.00,,
5475,08/17/2021 22:53:51,14.45,0.00,,
5476,08/17/2021 23:03:51,14.67,0.00,,
5477,08/17/2021 23:13:51,14.75,0.00,,
5478,08/17/2021 23:23:51,14.71,0.00,,
5479,08/17/2021 23:33:51,14.75,0.00,,
5480,08/17/2021 23:43:51,14.75,0.00,,
5481,08/17/2021 23:53:51,14.67,0.00,,
5482,08/18/2021 00:03:51,14.50,0.00,,
5483,08/18/2021 00:13:51,14.63,0.00,,
5484,08/18/2021 00:23:51,14.63,0.00,,
5485,08/18/2021 00:33:51,14.45,0.00,,
5486,08/18/2021 00:43:51,14.33,0.00,,
5487,08/18/2021 00:53:51,14.24,0.00,,
5488,08/18/2021 01:03:51,14.33,0.00,,
5489,08/18/2021 01:13:51,14.41,0.00,,
5490,08/18/2021 01:23:51,14.33,0.00,,
5491,08/18/2021 01:33:51,14.11,0.00,,
5492,08/18/2021 01:43:51,14.37,0.00,,
5493,08/18/2021 01:53:51,14.11,0.00,,
5494,08/18/2021 02:03:51,14.45,0.00,,
5495,08/18/2021 02:13:51,14.37,0.00,,
5496,08/18/2021 02:23:51,14.33,0.00,,
5497,08/18/2021 02:33:51,14.07,0.00,,
5498,08/18/2021 02:43:51,13.47,0.00,,
5499,08/18/2021 02:53:51,13.00,0.00,,
5500,08/18/2021 03:03:51,12.65,0.00,,
5501,08/18/2021 03:13:51,12.44,0.00,,
5502,08/18/2021 03:23:51,12.44,0.00,,
5503,08/18/2021 03:33:51,12.65,0.00,,
5504,08/18/2021 03:43:51,12.35,0.00,,
5505,08/18/2021 03:53:51,11.88,0.00,,
5506,08/18/2021 04:03:51,12.10,0.00,,
5507,08/18/2021 04:13:51,11.92,0.00,,
5508,08/18/2021 04:23:51,11.54,0.00,,
5509,08/18/2021 04:33:51,11.49,0.00,,
5510,08/18/2021 04:43:51,11.37,0.00,,
5511,08/18/2021 04:53:51,11.11,0.00,,
5512,08/18/2021 05:03:51,10.98,0.00,,
5513,08/18/2021 05:13:51,10.89,0.00,,
5514,08/18/2021 05:23:51,10.81,0.00,,
5515,08/18/2021 05:33:51,10.81,0.00,,
5516,08/18/2021 05:43:51,10.64,0.00,,
5517,08/18/2021 05:53:51,10.42,0.00,,
5518,08/18/2021 06:03:51,10.51,0.00,,
5519,08/18/2021 06:13:51,10.42,0.42,,
5520,08/18/2021 06:23:51,10.38,4.49,,
5521,08/18/2021 06:33:51,10.12,14.79,,
5522,08/18/2021 06:43:51,10.34,34.83,,
5523,08/18/2021 06:53:51,10.38,64.20,,
5524,08/18/2021 07:03:51,10.21,97.36,,
5525,08/18/2021 07:13:51,10.46,136.08,,
5526,08/18/2021 07:23:51,10.38,178.48,,
5527,08/18/2021 07:33:51,10.29,229.36,,
5528,08/18/2021 07:43:51,10.77,285.44,,
5529,08/18/2021 07:53:51,11.28,320.96,,
5530,08/18/2021 08:03:51,11.84,383.84,,
5531,08/18/2021 08:13:51,12.22,433.92,,
5532,08/18/2021 08:23:51,12.31,471.68,,
5533,08/18/2021 08:33:51,12.52,573.44,,
5534,08/18/2021 08:43:51,13.08,608.96,,
5535,08/18/2021 08:53:51,13.43,678.72,,
5536,08/18/2021 09:03:51,13.85,800.32,,
5537,08/18/2021 09:13:51,14.24,926.08,,
5538,08/18/2021 09:23:51,14.58,1048.64,,
5539,08/18/2021 09:33:51,14.88,1180.48,,
5540,08/18/2021 09:43:51,15.18,1294.08,,
5541,08/18/2021 09:53:51,15.40,1383.04,,
5542,08/18/2021 10:03:51,15.83,1453.44,,
5543,08/18/2021 10:13:51,15.83,1364.48,,
5544,08/18/2021 10:23:51,15.91,1436.16,,
5545,08/18/2021 10:33:51,15.96,1441.28,,
5546,08/18/2021 10:43:51,16.08,1597.44,,
5547,08/18/2021 10:53:51,16.30,1655.04,,
5548,08/18/2021 11:03:51,16.51,1701.76,,
5549,08/18/2021 11:13:51,16.86,1735.68,,
5550,08/18/2021 11:23:51,17.33,1752.96,,
5551,08/18/2021 11:33:51,17.89,1804.16,,
5552,08/18/2021 11:43:51,18.02,1813.12,,
5553,08/18/2021 11:53:51,18.02,1819.52,,
5554,08/18/2021 12:03:51,18.14,1886.72,,
5555,08/18/2021 12:13:51,18.14,1867.52,,
5556,08/18/2021 12:23:51,18.06,1955.20,,
5557,08/18/2021 12:33:51,18.14,1936.00,,
5558,08/18/2021 12:43:51,18.19,1946.24,,
5559,08/18/2021 12:53:51,18.23,1948.16,,
5560,08/18/2021 13:03:51,18.14,1966.72,,
5561,08/18/2021 13:13:51,18.23,1910.40,,
5562,08/18/2021 13:23:51,18.23,2062.72,,
5563,08/18/2021 13:33:51,18.19,2039.04,,
5564,08/18/2021 13:43:51,18.23,2052.48,,
5565,08/18/2021 13:53:51,18.23,2092.16,,
5566,08/18/2021 14:03:51,18.19,2011.52,,
5567,08/18/2021 14:13:51,18.27,2064.64,,
5568,08/18/2021 14:23:51,18.32,2032.00,,
5569,08/18/2021 14:33:51,18.49,2055.68,,
5570,08/18/2021 14:43:51,18.40,2032.00,,
5571,08/18/2021 14:53:51,18.49,2069.76,,
5572,08/18/2021 15:03:51,18.40,2158.72,,
5573,08/18/2021 15:13:51,18.36,2062.72,,
5574,08/18/2021 15:23:51,18.23,2064.64,,
5575,08/18/2021 15:33:51,18.23,2044.16,,
5576,08/18/2021 15:43:51,18.23,1999.36,,
5577,08/18/2021 15:53:51,18.27,2040.32,,
5578,08/18/2021 16:03:51,18.36,1985.92,,
5579,08/18/2021 16:13:51,18.44,2103.68,,
5580,08/18/2021 16:23:51,18.44,2181.12,,
5581,08/18/2021 16:33:51,18.44,2179.20,,
5582,08/18/2021 16:43:51,18.44,2206.72,,
5583,08/18/2021 16:53:51,18.44,2156.80,,
5584,08/18/2021 17:03:51,18.36,2037.12,,
5585,08/18/2021 17:13:51,18.44,1980.80,,
5586,08/18/2021 17:23:51,18.36,2006.40,,
5587,08/18/2021 17:33:51,17.97,1797.76,,
5588,08/18/2021 17:43:51,17.67,1795.84,,
5589,08/18/2021 17:53:51,17.50,1547.52,,
5590,08/18/2021 18:03:51,17.37,1402.88,,
5591,08/18/2021 18:13:51,17.41,1265.92,,
5592,08/18/2021 18:23:51,17.37,1043.52,,
5593,08/18/2021 18:33:51,17.41,940.80,,
5594,08/18/2021 18:43:51,17.11,831.04,,
5595,08/18/2021 18:53:51,16.69,644.96,,
5596,08/18/2021 19:03:51,16.43,483.68,,
5597,08/18/2021 19:13:51,16.30,352.64,,
5598,08/18/2021 19:23:51,16.43,214.00,,
5599,08/18/2021 19:33:51,16.56,131.08,,
5600,08/18/2021 19:43:51,16.47,72.32,,
5601,08/18/2021 19:53:51,16.51,36.11,,
5602,08/18/2021 20:03:51,16.81,13.08,,
5603,08/18/2021 20:13:51,17.07,2.78,,
5604,08/18/2021 20:23:51,16.86,0.00,,
5605,08/18/2021 20:33:51,16.30,0.00,,
5606,08/18/2021 20:43:51,16.94,0.00,,
5607,08/18/2021 20:53:51,17.41,0.00,,
5608,08/18/2021 21:03:51,17.63,0.00,,
5609,08/18/2021 21:13:51,16.26,0.00,,
5610,08/18/2021 21:23:51,15.40,0.00,,
5611,08/18/2021 21:33:51,15.44,0.00,,
5612,08/18/2021 21:43:51,15.40,0.00,,
5613,08/18/2021 21:53:51,15.14,0.00,,
5614,08/18/2021 22:03:51,15.10,0.00,,
5615,08/18/2021 22:13:51,14.97,0.00,,
5616,08/18/2021 22:23:51,15.06,0.00,,
5617,08/18/2021 22:33:51,14.97,0.00,,
5618,08/18/2021 22:43:51,15.10,0.00,,
5619,08/18/2021 22:53:51,14.84,0.00,,
5620,08/18/2021 23:03:51,14.71,0.00,,
5621,08/18/2021 23:13:51,14.67,0.00,,
5622,08/18/2021 23:23:51,14.63,0.00,,
5623,08/18/2021 23:33:51,14.67,0.00,,
5624,08/18/2021 23:43:51,14.71,0.00,,
5625,08/18/2021 23:53:51,14.50,0.00,,
5626,08/19/2021 00:03:51,14.50,0.00,,
5627,08/19/2021 00:13:51,14.58,0.00,,
5628,08/19/2021 00:23:51,14.67,0.00,,
5629,08/19/2021 00:33:51,14.71,0.00,,
5630,08/19/2021 00:43:51,14.63,0.00,,
5631,08/19/2021 00:53:51,14.67,0.00,,
5632,08/19/2021 01:03:51,14.63,0.00,,
5633,08/19/2021 01:13:51,14.63,0.00,,
5634,08/19/2021 01:23:51,14.71,0.00,,
5635,08/19/2021 01:33:51,14.67,0.00,,
5636,08/19/2021 01:43:51,14.84,0.00,,
5637,08/19/2021 01:53:51,14.97,0.00,,
5638,08/19/2021 02:03:51,15.06,0.00,,
5639,08/19/2021 02:13:51,15.31,0.00,,
5640,08/19/2021 02:23:51,15.36,0.00,,
5641,08/19/2021 02:33:51,15.31,0.00,,
5642,08/19/2021 02:43:51,15.44,0.00,,
5643,08/19/2021 02:53:51,15.48,0.00,,
5644,08/19/2021 03:03:51,15.57,0.00,,
5645,08/19/2021 03:13:51,15.57,0.00,,
5646,08/19/2021 03:23:51,15.66,0.00,,
5647,08/19/2021 03:33:51,15.57,0.00,,
5648,08/19/2021 03:43:51,15.61,0.00,,
5649,08/19/2021 03:53:51,15.53,0.00,,
5650,08/19/2021 04:03:51,15.53,0.00,,
5651,08/19/2021 04:13:51,15.53,0.00,,
5652,08/19/2021 04:23:51,15.40,0.00,,
5653,08/19/2021 04:33:51,15.36,0.00,,
5654,08/19/2021 04:43:51,15.18,0.00,,
5655,08/19/2021 04:53:51,15.06,0.00,,
5656,08/19/2021 05:03:51,15.06,0.00,,
5657,08/19/2021 05:13:51,15.01,0.00,,
5658,08/19/2021 05:23:51,15.01,0.00,,
5659,08/19/2021 05:33:51,15.01,0.00,,
5660,08/19/2021 05:43:51,14.88,0.00,,
5661,08/19/2021 05:53:51,14.88,0.00,,
5662,08/19/2021 06:03:51,14.88,0.00,,
5663,08/19/2021 06:13:51,14.97,0.00,,
5664,08/19/2021 06:23:51,14.97,2.56,,
5665,08/19/2021 06:33:51,15.23,10.08,,
5666,08/19/2021 06:43:51,15.31,22.73,,
5667,08/19/2021 06:53:51,15.36,38.25,,
5668,08/19/2021 07:03:51,15.31,56.34,,
5669,08/19/2021 07:13:51,15.36,96.52,,
5670,08/19/2021 07:23:51,15.48,162.00,,
5671,08/19/2021 07:33:51,15.53,194.72,,
5672,08/19/2021 07:43:51,15.61,245.68,,
5673,08/19/2021 07:53:51,15.53,291.28,,
5674,08/19/2021 08:03:51,15.48,336.00,,
5675,08/19/2021 08:13:51,15.57,386.88,,
5676,08/19/2021 08:23:51,15.66,514.40,,
5677,08/19/2021 08:33:51,15.70,600.48,,
5678,08/19/2021 08:43:51,15.96,1017.60,,
5679,08/19/2021 08:53:51,16.13,952.64,,
5680,08/19/2021 09:03:51,16.26,1288.32,,
5681,08/19/2021 09:13:51,16.51,1367.68,,
5682,08/19/2021 09:23:51,16.77,1434.24,,
5683,08/19/2021 09:33:51,16.90,1491.20,,
5684,08/19/2021 09:43:51,16.99,1567.36,,
5685,08/19/2021 09:53:51,17.20,1669.76,,
5686,08/19/2021 10:03:51,17.33,1629.44,,
5687,08/19/2021 10:13:51,17.11,1651.84,,
5688,08/19/2021 10:23:51,16.86,1686.40,,
5689,08/19/2021 10:33:51,16.94,1692.80,,
5690,08/19/2021 10:43:51,17.07,1718.40,,
5691,08/19/2021 10:53:51,17.16,1712.64,,
5692,08/19/2021 11:03:51,17.24,1722.24,,
5693,08/19/2021 11:13:51,17.33,1795.84,,
5694,08/19/2021 11:23:51,17.29,1728.00,,
5695,08/19/2021 11:33:51,17.29,1786.88,,
5696,08/19/2021 11:43:51,17.29,1808.00,,
5697,08/19/2021 11:53:51,17.29,1877.76,,
5698,08/19/2021 12:03:51,17.33,1862.40,,
5699,08/19/2021 12:13:51,17.24,1936.00,,
5700,08/19/2021 12:23:51,17.24,1918.72,,
5701,08/19/2021 12:33:51,17.11,1929.60,,
5702,08/19/2021 12:43:51,17.07,1951.36,,
5703,08/19/2021 12:53:51,17.16,1946.24,,
5704,08/19/2021 13:03:51,17.07,2001.28,,
5705,08/19/2021 13:13:51,17.11,1956.48,,
5706,08/19/2021 13:23:51,17.07,1929.60,,
5707,08/19/2021 13:33:51,16.99,1917.44,,
5708,08/19/2021 13:43:51,16.90,1915.52,,
5709,08/19/2021 13:53:51,16.73,1953.28,,
5710,08/19/2021 14:03:51,16.73,1829.76,,
5711,08/19/2021 14:13:51,16.60,1900.16,,
5712,08/19/2021 14:23:51,16.51,1834.88,,
5713,08/19/2021 14:33:51,16.43,1879.68,,
5714,08/19/2021 14:43:51,16.34,1966.72,,
5715,08/19/2021 14:53:51,16.34,1792.00,,
5716,08/19/2021 15:03:51,16.34,2196.48,,
5717,08/19/2021 15:13:51,16.43,2081.92,,
5718,08/19/2021 15:23:51,16.34,1891.84,,
5719,08/19/2021 15:33:51,16.34,1869.44,,
5720,08/19/2021 15:43:51,16.30,1676.80,,
5721,08/19/2021 15:53:51,16.04,1747.20,,
5722,08/19/2021 16:03:51,16.00,1763.20,,
5723,08/19/2021 16:13:51,16.13,1521.92,,
5724,08/19/2021 16:23:51,16.00,1295.04,,
5725,08/19/2021 16:33:51,15.83,1044.16,,
5726,08/19/2021 16:43:51,15.70,957.76,,
5727,08/19/2021 16:53:51,15.78,819.84,,
5728,08/19/2021 17:03:51,15.70,723.52,,
5729,08/19/2021 17:13:51,15.57,607.36,,
5730,08/19/2021 17:23:51,15.57,513.12,,
5731,08/19/2021 17:33:51,15.44,448.96,,
5732,08/19/2021 17:43:51,15.36,413.44,,
5733,08/19/2021 17:53:51,15.23,416.00,,
5734,08/19/2021 18:03:51,15.23,343.68,,
5735,08/19/2021 18:13:51,15.06,267.04,,
5736,08/19/2021 18:23:51,15.01,242.00,,
5737,08/19/2021 18:33:51,14.88,182.48,,
5738,08/19/2021 18:43:51,14.75,152.36,,
5739,08/19/2021 18:53:51,14.63,110.20,,
5740,08/19/2021 19:03:51,14.75,93.84,,
5741,08/19/2021 19:13:51,14.75,73.94,,
5742,08/19/2021 19:23:51,14.75,49.86,,
5743,08/19/2021 19:33:51,14.58,27.01,,
5744,08/19/2021 19:43:51,14.54,17.17,,
5745,08/19/2021 19:53:51,14.58,8.98,,
5746,08/19/2021 20:03:51,14.63,3.63,,
5747,08/19/2021 20:13:51,14.45,0.64,,
5748,08/19/2021 20:23:51,14.50,0.00,,
5749,08/19/2021 20:33:51,14.63,0.00,,
5750,08/19/2021 20:43:51,14.63,0.00,,
5751,08/19/2021 20:53:51,14.58,0.00,,
5752,08/19/2021 21:03:51,14.67,0.00,,
5753,08/19/2021 21:13:51,14.58,0.00,,
5754,08/19/2021 21:23:51,14.63,0.00,,
5755,08/19/2021 21:33:51,14.88,0.00,,
5756,08/19/2021 21:43:51,15.18,0.00,,
5757,08/19/2021 21:53:51,15.53,0.00,,
5758,08/19/2021 22:03:51,15.61,0.00,,
5759,08/19/2021 22:13:51,15.10,0.00,,
5760,08/19/2021 22:23:51,14.93,0.00,,
5761,08/19/2021 22:33:51,14.84,0.00,,
5762,08/19/2021 22:43:51,14.84,0.00,,
5763,08/19/2021 22:53:51,14.88,0.00,,
5764,08/19/2021 23:03:51,14.84,0.00,,
5765,08/19/2021 23:13:51,14.75,0.00,,
5766,08/19/2021 23:23:51,14.75,0.00,,
5767,08/19/2021 23:33:51,14.63,0.00,,
5768,08/19/2021 23:43:51,14.54,0.00,,
5769,08/19/2021 23:53:51,14.58,0.00,,
5770,08/20/2021 00:03:51,14.54,0.00,,
5771,08/20/2021 00:13:51,14.75,0.00,,
5772,08/20/2021 00:23:51,14.71,0.00,,
5773,08/20/2021 00:33:51,14.71,0.00,,
5774,08/20/2021 00:43:51,14.80,0.00,,
5775,08/20/2021 00:53:51,14.71,0.00,,
5776,08/20/2021 01:03:51,14.75,0.00,,
5777,08/20/2021 01:13:51,14.75,0.00,,
5778,08/20/2021 01:23:51,14.71,0.00,,
5779,08/20/2021 01:33:51,14.63,0.00,,
5780,08/20/2021 01:43:51,14.63,0.00,,
5781,08/20/2021 01:53:51,14.54,0.00,,
5782,08/20/2021 02:03:51,14.67,0.00,,
5783,08/20/2021 02:13:51,14.75,0.00,,
5784,08/20/2021 02:23:51,14.67,0.00,,
5785,08/20/2021 02:33:51,14.58,0.00,,
5786,08/20/2021 02:43:51,14.63,0.00,,
5787,08/20/2021 02:53:51,14.58,0.00,,
5788,08/20/2021 03:03:51,14.80,0.00,,
5789,08/20/2021 03:13:51,14.84,0.00,,
5790,08/20/2021 03:23:51,14.80,0.00,,
5791,08/20/2021 03:33:51,14.71,0.00,,
5792,08/20/2021 03:43:51,14.75,0.00,,
5793,08/20/2021 03:53:51,15.01,0.00,,
5794,08/20/2021 04:03:51,14.80,0.00,,
5795,08/20/2021 04:13:51,14.80,0.00,,
5796,08/20/2021 04:23:51,14.84,0.00,,
5797,08/20/2021 04:33:51,15.14,0.00,,
5798,08/20/2021 04:43:51,15.23,0.00,,
5799,08/20/2021 04:53:51,15.23,0.00,,
5800,08/20/2021 05:03:51,15.14,0.00,,
5801,08/20/2021 05:13:51,14.97,0.00,,
5802,08/20/2021 05:23:51,14.93,0.00,,
5803,08/20/2021 05:33:51,14.97,0.00,,
5804,08/20/2021 05:43:51,15.10,0.00,,
5805,08/20/2021 05:53:51,15.18,0.00,,
5806,08/20/2021 06:03:51,15.14,0.00,,
5807,08/20/2021 06:13:51,15.06,0.00,,
5808,08/20/2021 06:23:51,15.14,1.28,,
5809,08/20/2021 06:33:51,15.14,4.92,,
5810,08/20/2021 06:43:51,15.06,10.72,,
5811,08/20/2021 06:53:51,15.14,19.98,,
5812,08/20/2021 07:03:51,15.18,30.49,,
5813,08/20/2021 07:13:51,15.18,44.30,,
5814,08/20/2021 07:23:51,15.18,59.80,,
5815,08/20/2021 07:33:51,15.23,80.04,,
5816,08/20/2021 07:43:51,15.14,92.12,,
5817,08/20/2021 07:53:51,15.18,106.76,,
5818,08/20/2021 08:03:51,15.10,126.56,,
5819,08/20/2021 08:13:51,15.10,149.92,,
5820,08/20/2021 08:23:51,15.18,175.68,,
5821,08/20/2021 08:33:51,15.23,192.16,,
5822,08/20/2021 08:43:51,15.27,239.44,,
5823,08/20/2021 08:53:51,15.27,264.48,,
5824,08/20/2021 09:03:51,15.27,282.64,,
5825,08/20/2021 09:13:51,15.31,322.24,,
5826,08/20/2021 09:23:51,15.44,367.68,,
5827,08/20/2021 09:33:51,15.48,374.88,,
5828,08/20/2021 09:43:51,15.57,401.44,,
5829,08/20/2021 09:53:51,15.61,433.92,,
5830,08/20/2021 10:03:51,15.70,489.12,,
5831,08/20/2021 10:13:51,15.74,526.40,,
5832,08/20/2021 10:23:51,15.83,568.32,,
5833,08/20/2021 10:33:51,15.83,620.96,,
5834,08/20/2021 10:43:51,15.74,669.44,,
5835,08/20/2021 10:53:51,15.78,707.84,,
5836,08/20/2021 11:03:51,15.87,847.36,,
5837,08/20/2021 11:13:51,16.00,818.24,,
5838,08/20/2021 11:23:51,16.00,862.72,,
5839,08/20/2021 11:33:51,16.04,850.88,,
5840,08/20/2021 11:43:51,16.17,949.12,,
5841,08/20/2021 11:53:51,16.21,1080.96,,
5842,08/20/2021 12:03:51,16.34,1158.08,,
5843,08/20/2021 12:13:51,16.47,1285.76,,
5844,08/20/2021 12:23:51,16.43,1195.84,,
5845,08/20/2021 12:33:51,16.39,1534.72,,
5846,08/20/2021 12:43:51,16.43,1575.04,,
5847,08/20/2021 12:53:51,16.51,1720.96,,
5848,08/20/2021 13:03:51,16.64,1603.84,,
5849,08/20/2021 13:13:51,16.77,1717.12,,
5850,08/20/2021 13:23:51,16.90,2066.56,,
5851,08/20/2021 13:33:51,16.99,1811.20,,
5852,08/20/2021 13:43:51,16.81,1717.12,,
5853,08/20/2021 13:53:51,16.86,1713.28,,
5854,08/20/2021 14:03:51,16.77,1539.84,,
5855,08/20/2021 14:13:51,16.73,1472.00,,
5856,08/20/2021 14:23:51,16.56,1441.92,,
5857,08/20/2021 14:33:51,16.64,1251.52,,
5858,08/20/2021 14:43:51,16.47,909.12,,
5859,08/20/2021 14:53:51,16.39,857.60,,
5860,08/20/2021 15:03:51,16.30,936.32,,
5861,08/20/2021 15:13:51,16.34,719.36,,
5862,08/20/2021 15:23:51,16.26,809.60,,
5863,08/20/2021 15:33:51,16.21,694.08,,
5864,08/20/2021 15:43:51,16.17,625.28,,
5865,08/20/2021 15:53:51,16.17,543.52,,
5866,08/20/2021 16:03:51,16.04,564.96,,
5867,08/20/2021 16:13:51,16.04,477.12,,
5868,08/20/2021 16:23:51,16.00,429.60,,
5869,08/20/2021 16:33:51,15.96,394.56,,
5870,08/20/2021 16:43:51,15.96,389.44,,
5871,08/20/2021 16:53:51,15.91,411.68,,
5872,08/20/2021 17:03:51,15.87,415.04,,
5873,08/20/2021 17:13:51,16.00,358.40,,
5874,08/20/2021 17:23:51,15.74,347.84,,
5875,08/20/2021 17:33:51,15.70,331.68,,
5876,08/20/2021 17:43:51,15.66,314.32,,
5877,08/20/2021 17:53:51,15.61,292.08,,
5878,08/20/2021 18:03:51,15.61,234.32,,
5879,08/20/2021 18:13:51,15.57,179.92,,
5880,08/20/2021 18:23:51,15.53,163.60,,
5881,08/20/2021 18:33:51,15.48,142.08,,
5882,08/20/2021 18:43:51,15.61,113.64,,
5883,08/20/2021 18:53:51,15.66,101.64,,
5884,08/20/2021 19:03:51,15.53,80.04,,
5885,08/20/2021 19:13:51,15.40,67.52,,
5886,08/20/2021 19:23:51,15.36,57.62,,
5887,08/20/2021 19:33:51,15.36,34.35,,
5888,08/20/2021 19:43:51,15.61,19.34,,
5889,08/20/2021 19:53:51,15.61,8.56,,
5890,08/20/2021 20:03:51,15.66,2.14,,
5891,08/20/2021 20:13:51,15.61,0.00,,
5892,08/20/2021 20:23:51,15.53,0.00,,
5893,08/20/2021 20:33:51,15.53,0.00,,
5894,08/20/2021 20:43:51,15.53,0.00,,
5895,08/20/2021 20:53:51,15.61,0.00,,
5896,08/20/2021 21:03:51,15.53,0.00,,
5897,08/20/2021 21:13:51,15.57,0.00,,
5898,08/20/2021 21:23:51,15.61,0.00,,
5899,08/20/2021 21:33:51,15.70,0.00,,
5900,08/20/2021 21:43:51,15.70,0.00,,
5901,08/20/2021 21:53:51,15.66,0.00,,
5902,08/20/2021 22:03:51,15.83,0.00,,
5903,08/20/2021 22:13:51,16.21,0.00,,
5904,08/20/2021 22:23:51,16.13,0.00,,
5905,08/20/2021 22:33:51,16.13,0.00,,
5906,08/20/2021 22:43:51,16.00,0.00,,
5907,08/20/2021 22:53:51,15.96,0.00,,
5908,08/20/2021 23:03:51,16.04,0.00,,
5909,08/20/2021 23:13:51,16.39,0.00,,
5910,08/20/2021 23:23:51,15.83,0.00,,
5911,08/20/2021 23:33:51,15.23,0.00,,
5912,08/20/2021 23:43:51,15.18,0.00,,
5913,08/20/2021 23:53:51,15.10,0.00,,
5914,08/21/2021 00:03:51,15.06,0.00,,
5915,08/21/2021 00:13:51,15.01,0.00,,
5916,08/21/2021 00:23:51,14.88,0.00,,
5917,08/21/2021 00:33:51,14.84,0.00,,
5918,08/21/2021 00:43:51,14.80,0.00,,
5919,08/21/2021 00:53:51,14.58,0.00,,
5920,08/21/2021 01:03:51,14.63,0.00,,
5921,08/21/2021 01:13:51,14.58,0.00,,
5922,08/21/2021 01:23:51,14.54,0.00,,
5923,08/21/2021 01:33:51,14.45,0.00,,
5924,08/21/2021 01:43:51,14.45,0.00,,
5925,08/21/2021 01:53:51,14.41,0.00,,
5926,08/21/2021 02:03:51,14.37,0.00,,
5927,08/21/2021 02:13:51,14.37,0.00,,
5928,08/21/2021 02:23:51,14.41,0.00,,
5929,08/21/2021 02:33:51,14.37,0.00,,
5930,08/21/2021 02:43:51,14.37,0.00,,
5931,08/21/2021 02:53:51,14.37,0.00,,
5932,08/21/2021 03:03:51,14.24,0.00,,
5933,08/21/2021 03:13:51,14.11,0.00,,
5934,08/21/2021 03:23:51,14.20,0.00,,
5935,08/21/2021 03:33:51,14.11,0.00,,
5936,08/21/2021 03:43:51,14.11,0.00,,
5937,08/21/2021 03:53:51,14.11,0.00,,
5938,08/21/2021 04:03:51,14.11,0.00,,
5939,08/21/2021 04:13:51,14.11,0.00,,
5940,08/21/2021 04:23:51,14.03,0.00,,
5941,08/21/2021 04:33:51,13.98,0.00,,
5942,08/21/2021 04:43:51,14.03,0.00,,
5943,08/21/2021 04:53:51,13.98,0.00,,
5944,08/21/2021 05:03:51,13.90,0.00,,
5945,08/21/2021 05:13:51,13.85,0.00,,
5946,08/21/2021 05:23:51,13.85,0.00,,
5947,08/21/2021 05:33:51,13.81,0.00,,
5948,08/21/2021 05:43:51,13.81,0.00,,
5949,08/21/2021 05:53:51,13.81,0.00,,
5950,08/21/2021 06:03:51,13.77,0.00,,
5951,08/21/2021 06:13:51,13.77,0.00,,
5952,08/21/2021 06:23:51,13.77,0.64,,
5953,08/21/2021 06:33:51,13.77,3.42,,
5954,08/21/2021 06:43:51,13.77,9.01,,
5955,08/21/2021 06:53:51,13.73,18.88,,
5956,08/21/2021 07:03:51,13.77,27.07,,
5957,08/21/2021 07:13:51,13.77,38.25,,
5958,08/21/2021 07:23:51,13.77,65.38,,
5959,08/21/2021 07:33:51,13.77,86.12,,
5960,08/21/2021 07:43:51,13.73,89.56,,
5961,08/21/2021 07:53:51,13.81,117.16,,
5962,08/21/2021 08:03:51,13.77,136.96,,
5963,08/21/2021 08:13:51,13.77,132.56,,
5964,08/21/2021 08:23:51,13.73,193.84,,
5965,08/21/2021 08:33:51,13.81,229.20,,
5966,08/21/2021 08:43:51,13.81,215.44,,
5967,08/21/2021 08:53:51,13.73,264.48,,
5968,08/21/2021 09:03:51,13.77,261.92,,
5969,08/21/2021 09:13:51,13.73,414.24,,
5970,08/21/2021 09:23:51,13.77,455.84,,
5971,08/21/2021 09:33:51,13.77,435.68,,
5972,08/21/2021 09:43:51,13.81,418.56,,
5973,08/21/2021 09:53:51,13.94,434.88,,
5974,08/21/2021 10:03:51,13.90,469.44,,
5975,08/21/2021 10:13:51,14.03,493.44,,
5976,08/21/2021 10:23:51,14.03,475.52,,
5977,08/21/2021 10:33:51,13.98,585.44,,
5978,08/21/2021 10:43:51,13.94,557.28,,
5979,08/21/2021 10:53:51,14.11,540.16,,
5980,08/21/2021 11:03:51,14.03,550.40,,
5981,08/21/2021 11:13:51,14.07,517.44,,
5982,08/21/2021 11:23:51,14.07,490.08,,
5983,08/21/2021 11:33:51,13.98,508.80,,
5984,08/21/2021 11:43:51,14.03,542.72,,
5985,08/21/2021 11:53:51,14.03,658.56,,
5986,08/21/2021 12:03:51,14.11,630.40,,
5987,08/21/2021 12:13:51,14.07,584.64,,
5988,08/21/2021 12:23:51,14.11,632.96,,
5989,08/21/2021 12:33:51,14.07,623.52,,
5990,08/21/2021 12:43:51,14.11,562.40,,
5991,08/21/2021 12:53:51,14.20,585.44,,
5992,08/21/2021 13:03:51,14.15,575.20,,
5993,08/21/2021 13:13:51,14.15,593.12,,
5994,08/21/2021 13:23:51,14.24,520.80,,
5995,08/21/2021 13:33:51,14.24,482.40,,
5996,08/21/2021 13:43:51,14.28,478.88,,
5997,08/21/2021 13:53:51,14.20,472.96,,
5998,08/21/2021 14:03:51,14.24,492.64,,
5999,08/21/2021 14:13:51,14.15,502.08,,
6000,08/21/2021 14:23:51,14.07,520.00,,
6001,08/21/2021 14:33:51,14.15,478.08,,
6002,08/21/2021 14:43:51,14.28,445.12,,
6003,08/21/2021 14:53:51,14.20,466.08,,
6004,08/21/2021 15:03:51,14.11,528.16,,
6005,08/21/2021 15:13:51,14.28,686.40,,
6006,08/21/2021 15:23:51,14.24,652.64,,
6007,08/21/2021 15:33:51,14.15,551.20,,
6008,08/21/2021 15:43:51,14.20,563.20,,
6009,08/21/2021 15:53:51,14.15,553.76,,
6010,08/21/2021 16:03:51,14.15,547.84,,
6011,08/21/2021 16:13:51,14.24,531.52,,
6012,08/21/2021 16:23:51,14.24,610.72,,
6013,08/21/2021 16:33:51,14.28,662.40,,
6014,08/21/2021 16:43:51,14.41,699.20,,
6015,08/21/2021 16:53:51,14.45,829.44,,
6016,08/21/2021 17:03:51,14.45,775.36,,
6017,08/21/2021 17:13:51,14.50,672.00,,
6018,08/21/2021 17:23:51,14.45,614.08,,
6019,08/21/2021 17:33:51,14.54,661.44,,
6020,08/21/2021 17:43:51,14.58,613.28,,
6021,08/21/2021 17:53:51,14.63,587.68,,
6022,08/21/2021 18:03:51,14.58,514.88,,
6023,08/21/2021 18:13:51,14.58,405.76,,
6024,08/21/2021 18:23:51,14.54,328.00,,
6025,08/21/2021 18:33:51,14.54,253.12,,
6026,08/21/2021 18:43:51,14.37,153.20,,
6027,08/21/2021 18:53:51,14.41,107.64,,
6028,08/21/2021 19:03:51,14.28,90.28,,
6029,08/21/2021 19:13:51,14.20,67.08,,
6030,08/21/2021 19:23:51,14.11,46.44,,
6031,08/21/2021 19:33:51,14.20,32.20,,
6032,08/21/2021 19:43:51,14.11,21.45,,
6033,08/21/2021 19:53:51,14.15,9.20,,
6034,08/21/2021 20:03:51,14.15,2.35,,
6035,08/21/2021 20:13:51,13.98,0.00,,
6036,08/21/2021 20:23:51,14.03,0.00,,
6037,08/21/2021 20:33:51,14.03,0.00,,
6038,08/21/2021 20:43:51,13.98,0.00,,
6039,08/21/2021 20:53:51,13.85,0.00,,
6040,08/21/2021 21:03:51,13.81,0.00,,
6041,08/21/2021 21:13:51,13.98,0.00,,
6042,08/21/2021 21:23:51,14.20,0.00,,
6043,08/21/2021 21:33:51,14.20,0.00,,
6044,08/21/2021 21:43:51,14.24,0.00,,
6045,08/21/2021 21:53:51,14.24,0.00,,
6046,08/21/2021 22:03:51,14.33,0.00,,
6047,08/21/2021 22:13:51,14.37,0.00,,
6048,08/21/2021 22:23:51,14.37,0.00,,
6049,08/21/2021 22:33:51,14.41,0.00,,
6050,08/21/2021 22:43:51,14.37,0.00,,
6051,08/21/2021 22:53:51,14.37,0.00,,
6052,08/21/2021 23:03:51,14.58,0.00,,
6053,08/21/2021 23:13:51,14.63,0.00,,
6054,08/21/2021 23:23:51,15.36,0.00,,
6055,08/21/2021 23:33:51,15.66,0.00,,
6056,08/21/2021 23:43:51,15.66,0.00,,
6057,08/21/2021 23:53:51,15.53,0.00,,
6058,08/22/2021 00:03:51,14.41,0.00,,
6059,08/22/2021 00:13:51,14.03,0.00,,
6060,08/22/2021 00:23:51,13.90,0.00,,
6061,08/22/2021 00:33:51,13.90,0.00,,
6062,08/22/2021 00:43:51,13.77,0.00,,
6063,08/22/2021 00:53:51,13.68,0.00,,
6064,08/22/2021 01:03:51,13.60,0.00,,
6065,08/22/2021 01:13:51,13.55,0.00,,
6066,08/22/2021 01:23:51,13.51,0.00,,
6067,08/22/2021 01:33:51,13.38,0.00,,
6068,08/22/2021 01:43:51,13.55,0.00,,
6069,08/22/2021 01:53:51,13.60,0.00,,
6070,08/22/2021 02:03:51,13.38,0.00,,
6071,08/22/2021 02:13:51,13.34,0.00,,
6072,08/22/2021 02:23:51,13.47,0.00,,
6073,08/22/2021 02:33:51,13.47,0.00,,
6074,08/22/2021 02:43:51,13.47,0.00,,
6075,08/22/2021 02:53:51,13.51,0.00,,
6076,08/22/2021 03:03:51,13.60,0.00,,
6077,08/22/2021 03:13:51,13.60,0.00,,
6078,08/22/2021 03:23:51,13.64,0.00,,
6079,08/22/2021 03:33:51,13.60,0.00,,
6080,08/22/2021 03:43:51,13.60,0.00,,
6081,08/22/2021 03:53:51,13.43,0.00,,
6082,08/22/2021 04:03:51,13.47,0.00,,
6083,08/22/2021 04:13:51,13.43,0.00,,
6084,08/22/2021 04:23:51,13.38,0.00,,
6085,08/22/2021 04:33:51,13.38,0.00,,
6086,08/22/2021 04:43:51,13.38,0.00,,
6087,08/22/2021 04:53:51,13.47,0.00,,
6088,08/22/2021 05:03:51,13.47,0.00,,
6089,08/22/2021 05:13:51,13.38,0.00,,
6090,08/22/2021 05:23:51,13.38,0.00,,
6091,08/22/2021 05:33:51,13.38,0.00,,
6092,08/22/2021 05:43:51,13.38,0.00,,
6093,08/22/2021 05:53:51,13.38,0.00,,
6094,08/22/2021 06:03:51,13.38,0.00,,
6095,08/22/2021 06:13:51,13.43,0.00,,
6096,08/22/2021 06:23:51,13.43,1.28,,
6097,08/22/2021 06:33:51,13.43,5.13,,
6098,08/22/2021 06:43:51,13.34,12.22,,
6099,08/22/2021 06:53:51,13.43,23.59,,
6100,08/22/2021 07:03:51,13.38,33.97,,
6101,08/22/2021 07:13:51,13.34,48.58,,
6102,08/22/2021 07:23:51,13.34,64.14,,
6103,08/22/2021 07:33:51,13.34,83.56,,
6104,08/22/2021 07:43:51,13.21,105.92,,
6105,08/22/2021 07:53:51,13.30,135.24,,
6106,08/22/2021 08:03:51,13.30,166.24,,
6107,08/22/2021 08:13:51,13.38,187.84,,
6108,08/22/2021 08:23:51,13.43,210.96,,
6109,08/22/2021 08:33:51,13.47,238.56,,
6110,08/22/2021 08:43:51,13.73,258.48,,
6111,08/22/2021 08:53:51,13.85,290.40,,
6112,08/22/2021 09:03:51,13.98,323.12,,
6113,08/22/2021 09:13:51,13.90,373.12,,
6114,08/22/2021 09:23:51,14.07,403.20,,
6115,08/22/2021 09:33:51,14.15,436.96,,
6116,08/22/2021 09:43:51,14.20,551.68,,
6117,08/22/2021 09:53:51,14.33,651.36,,
6118,08/22/2021 10:03:51,14.33,691.52,,
6119,08/22/2021 10:13:51,14.54,690.56,,
6120,08/22/2021 10:23:51,14.71,749.44,,
6121,08/22/2021 10:33:51,14.84,853.44,,
6122,08/22/2021 10:43:51,15.06,931.20,,
6123,08/22/2021 10:53:51,15.14,1105.92,,
6124,08/22/2021 11:03:51,15.36,1214.72,,
6125,08/22/2021 11:13:51,15.53,1408.00,,
6126,08/22/2021 11:23:51,15.78,1558.40,,
6127,08/22/2021 11:33:51,16.04,1690.24,,
6128,08/22/2021 11:43:51,16.17,1859.20,,
6129,08/22/2021 11:53:51,16.39,1886.72,,
6130,08/22/2021 12:03:51,16.43,1915.52,,
6131,08/22/2021 12:13:51,16.56,1903.36,,
6132,08/22/2021 12:23:51,16.47,1790.72,,
6133,08/22/2021 12:33:51,16.64,1776.64,,
6134,08/22/2021 12:43:51,16.64,1780.48,,
6135,08/22/2021 12:53:51,16.60,1747.84,,
6136,08/22/2021 13:03:51,16.60,1854.08,,
6137,08/22/2021 13:13:51,16.64,1819.52,,
6138,08/22/2021 13:23:51,16.73,1834.88,,
6139,08/22/2021 13:33:51,16.64,1785.60,,
6140,08/22/2021 13:43:51,16.69,1760.00,,
6141,08/22/2021 13:53:51,16.77,1786.88,,
6142,08/22/2021 14:03:51,16.60,1840.00,,
6143,08/22/2021 14:13:51,16.64,1934.72,,
6144,08/22/2021 14:23:51,16.64,1934.72,,
6145,08/22/2021 14:33:51,16.64,1984.00,,
6146,08/22/2021 14:43:51,16.60,2060.80,,
6147,08/22/2021 14:53:51,16.51,2222.08,,
6148,08/22/2021 15:03:51,16.56,2292.48,,
6149,08/22/2021 15:13:51,16.56,2244.48,,
6150,08/22/2021 15:23:51,16.60,2245.76,,
6151,08/22/2021 15:33:51,16.56,2456.32,,
6152,08/22/2021 15:43:51,16.60,2487.68,,
6153,08/22/2021 15:53:51,16.56,2586.88,,
6154,08/22/2021 16:03:51,16.43,2610.56,,
6155,08/22/2021 16:13:51,16.34,2675.20,,
6156,08/22/2021 16:23:51,16.21,2827.52,,
6157,08/22/2021 16:33:51,16.39,2904.32,,
6158,08/22/2021 16:43:51,16.34,2967.04,,
6159,08/22/2021 16:53:51,16.47,3069.44,,
6160,08/22/2021 17:03:51,16.47,3160.32,,
6161,08/22/2021 17:13:51,16.43,2987.52,,
6162,08/22/2021 17:23:51,16.47,3124.48,,
6163,08/22/2021 17:33:51,16.60,3055.36,,
6164,08/22/2021 17:43:51,16.73,3276.80,,
6165,08/22/2021 17:53:51,16.64,3147.52,,
6166,08/22/2021 18:03:51,16.30,1400.96,,
6167,08/22/2021 18:13:51,16.13,1562.24,,
6168,08/22/2021 18:23:51,15.83,1507.84,,
6169,08/22/2021 18:33:51,15.74,945.92,,
6170,08/22/2021 18:43:51,15.57,493.44,,
6171,08/22/2021 18:53:51,15.48,296.40,,
6172,08/22/2021 19:03:51,15.53,199.84,,
6173,08/22/2021 19:13:51,15.36,111.92,,
6174,08/22/2021 19:23:51,15.23,58.90,,
6175,08/22/2021 19:33:51,15.18,36.54,,
6176,08/22/2021 19:43:51,15.10,20.38,,
6177,08/22/2021 19:53:51,15.01,8.77,,
6178,08/22/2021 20:03:51,14.97,2.35,,
6179,08/22/2021 20:13:51,15.01,0.00,,
6180,08/22/2021 20:23:51,14.97,0.00,,
6181,08/22/2021 20:33:51,14.93,0.00,,
6182,08/22/2021 20:43:51,14.80,0.00,,
6183,08/22/2021 20:53:51,14.84,0.00,,
6184,08/22/2021 21:03:51,14.71,0.00,,
6185,08/22/2021 21:13:51,14.75,0.00,,
6186,08/22/2021 21:23:51,14.75,0.00,,
6187,08/22/2021 21:33:51,14.71,0.00,,
6188,08/22/2021 21:43:51,14.84,0.00,,
6189,08/22/2021 21:53:51,14.75,0.00,,
6190,08/22/2021 22:03:51,14.80,0.00,,
6191,08/22/2021 22:13:51,14.67,0.00,,
6192,08/22/2021 22:23:51,14.67,0.00,,
6193,08/22/2021 22:33:51,14.67,0.00,,
6194,08/22/2021 22:43:51,14.71,0.00,,
6195,08/22/2021 22:53:51,14.71,0.00,,
6196,08/22/2021 23:03:51,14.58,0.00,,
6197,08/22/2021 23:13:51,14.67,0.00,,
6198,08/22/2021 23:23:51,14.67,0.00,,
6199,08/22/2021 23:33:51,14.67,0.00,,
6200,08/22/2021 23:43:51,14.67,0.00,,
6201,08/22/2021 23:53:51,14.63,0.00,,
6202,08/23/2021 00:03:51,14.71,0.00,,
6203,08/23/2021 00:13:51,14.75,0.00,,
6204,08/23/2021 00:23:51,14.75,0.00,,
6205,08/23/2021 00:33:51,14.80,0.00,,
6206,08/23/2021 00:43:51,14.67,0.00,,
6207,08/23/2021 00:53:51,14.58,0.00,,
6208,08/23/2021 01:03:51,14.33,0.00,,
6209,08/23/2021 01:13:51,14.37,0.00,,
6210,08/23/2021 01:23:51,14.41,0.00,,
6211,08/23/2021 01:33:51,14.33,0.00,,
6212,08/23/2021 01:43:51,14.37,0.00,,
6213,08/23/2021 01:53:51,14.20,0.00,,
6214,08/23/2021 02:03:51,14.11,0.00,,
6215,08/23/2021 02:13:51,13.98,0.00,,
6216,08/23/2021 02:23:51,14.03,0.00,,
6217,08/23/2021 02:33:51,13.90,0.00,,
6218,08/23/2021 02:43:51,13.77,0.00,,
6219,08/23/2021 02:53:51,13.68,0.00,,
6220,08/23/2021 03:03:51,13.64,0.00,,
6221,08/23/2021 03:13:51,13.64,0.00,,
6222,08/23/2021 03:23:51,13.64,0.00,,
6223,08/23/2021 03:33:51,13.60,0.00,,
6224,08/23/2021 03:43:51,13.68,0.00,,
6225,08/23/2021 03:53:51,13.68,0.00,,
6226,08/23/2021 04:03:51,13.64,0.00,,
6227,08/23/2021 04:13:51,13.77,0.00,,
6228,08/23/2021 04:23:51,13.68,0.00,,
6229,08/23/2021 04:33:51,13.68,0.00,,
6230,08/23/2021 04:43:51,13.68,0.00,,
6231,08/23/2021 04:53:51,13.77,0.00,,
6232,08/23/2021 05:03:51,13.64,0.00,,
6233,08/23/2021 05:13:51,13.81,0.00,,
6234,08/23/2021 05:23:51,13.68,0.00,,
6235,08/23/2021 05:33:51,13.55,0.00,,
6236,08/23/2021 05:43:51,13.77,0.00,,
6237,08/23/2021 05:53:51,13.77,0.00,,
6238,08/23/2021 06:03:51,13.64,0.00,,
6239,08/23/2021 06:13:51,13.64,0.00,,
6240,08/23/2021 06:23:51,13.68,0.64,,
6241,08/23/2021 06:33:51,13.64,4.28,,
6242,08/23/2021 06:43:51,13.60,11.36,,
6243,08/23/2021 06:53:51,13.81,20.17,,
6244,08/23/2021 07:03:51,13.68,34.35,,
6245,08/23/2021 07:13:51,13.68,50.34,,
6246,08/23/2021 07:23:51,13.73,69.76,,
6247,08/23/2021 07:33:51,13.73,89.56,,
6248,08/23/2021 07:43:51,13.81,108.48,,
6249,08/23/2021 07:53:51,13.73,130.00,,
6250,08/23/2021 08:03:51,13.81,136.96,,
6251,08/23/2021 08:13:51,13.90,155.88,,
6252,08/23/2021 08:23:51,13.90,188.72,,
6253,08/23/2021 08:33:51,13.98,199.84,,
6254,08/23/2021 08:43:51,13.98,218.88,,
6255,08/23/2021 08:53:51,14.07,327.44,,
6256,08/23/2021 09:03:51,14.15,304.08,,
6257,08/23/2021 09:13:51,14.24,342.72,,
6258,08/23/2021 09:23:51,14.28,356.64,,
6259,08/23/2021 09:33:51,14.41,454.88,,
6260,08/23/2021 09:43:51,14.58,461.76,,
6261,08/23/2021 09:53:51,14.67,413.44,,
6262,08/23/2021 10:03:51,14.67,436.16,,
6263,08/23/2021 10:13:51,14.58,513.60,,
6264,08/23/2021 10:23:51,14.80,521.28,,
6265,08/23/2021 10:33:51,14.80,563.20,,
6266,08/23/2021 10:43:51,15.06,621.92,,
6267,08/23/2021 10:53:51,15.18,624.48,,
6268,08/23/2021 11:03:51,15.31,632.96,,
6269,08/23/2021 11:13:51,15.27,668.48,,
6270,08/23/2021 11:23:51,15.10,682.24,,
6271,08/23/2021 11:33:51,15.18,679.68,,
6272,08/23/2021 11:43:51,15.06,635.52,,
6273,08/23/2021 11:53:51,14.71,691.52,,
6274,08/23/2021 12:03:51,14.71,709.44,,
6275,08/23/2021 12:13:51,14.63,799.36,,
6276,08/23/2021 12:23:51,14.71,898.88,,
6277,08/23/2021 12:33:51,14.75,946.56,,
6278,08/23/2021 12:43:51,14.84,1236.80,,
6279,08/23/2021 12:53:51,15.01,1430.40,,
6280,08/23/2021 13:03:51,15.06,1426.56,,
6281,08/23/2021 13:13:51,15.23,1522.56,,
6282,08/23/2021 13:23:51,15.27,1674.24,,
6283,08/23/2021 13:33:51,15.18,1509.76,,
6284,08/23/2021 13:43:51,15.10,1425.28,,
6285,08/23/2021 13:53:51,15.10,1519.36,,
6286,08/23/2021 14:03:51,15.14,1506.56,,
6287,08/23/2021 14:13:51,15.14,1531.52,,
6288,08/23/2021 14:23:51,15.18,1742.08,,
6289,08/23/2021 14:33:51,15.18,1332.48,,
6290,08/23/2021 14:43:51,15.18,1178.56,,
6291,08/23/2021 14:53:51,15.01,1303.68,,
6292,08/23/2021 15:03:51,14.80,948.48,,
6293,08/23/2021 15:13:51,14.54,833.60,,
6294,08/23/2021 15:23:51,14.33,740.48,,
6295,08/23/2021 15:33:51,14.28,683.84,,
6296,08/23/2021 15:43:51,14.15,733.44,,
6297,08/23/2021 15:53:51,14.33,842.24,,
6298,08/23/2021 16:03:51,14.28,875.52,,
6299,08/23/2021 16:13:51,14.33,923.52,,
6300,08/23/2021 16:23:51,14.50,951.04,,
6301,08/23/2021 16:33:51,14.41,851.52,,
6302,08/23/2021 16:43:51,14.45,893.12,,
6303,08/23/2021 16:53:51,14.50,873.92,,
6304,08/23/2021 17:03:51,14.54,851.52,,
6305,08/23/2021 17:13:51,14.71,774.72,,
6306,08/23/2021 17:23:51,14.93,644.16,,
6307,08/23/2021 17:33:51,14.88,639.04,,
6308,08/23/2021 17:43:51,14.97,576.00,,
6309,08/23/2021 17:53:51,14.84,558.88,,
6310,08/23/2021 18:03:51,14.71,484.96,,
6311,08/23/2021 18:13:51,14.63,429.60,,
6312,08/23/2021 18:23:51,14.54,336.80,,
6313,08/23/2021 18:33:51,14.37,264.48,,
6314,08/23/2021 18:43:51,14.07,227.44,,
6315,08/23/2021 18:53:51,13.77,192.16,,
6316,08/23/2021 19:03:51,13.81,149.80,,
6317,08/23/2021 19:13:51,13.81,98.12,,
6318,08/23/2021 19:23:51,13.85,64.08,,
6319,08/23/2021 19:33:51,13.85,40.82,,
6320,08/23/2021 19:43:51,13.98,21.45,,
6321,08/23/2021 19:53:51,13.94,8.58,,
6322,08/23/2021 20:03:51,13.77,1.92,,
6323,08/23/2021 20:13:51,13.77,0.00,,
6324,08/23/2021 20:23:51,13.81,0.00,,
6325,08/23/2021 20:33:51,13.85,0.00,,
6326,08/23/2021 20:43:51,13.77,0.00,,
6327,08/23/2021 20:53:51,13.85,0.00,,
6328,08/23/2021 21:03:51,13.77,0.00,,
6329,08/23/2021 21:13:51,13.81,0.00,,
6330,08/23/2021 21:23:51,13.68,0.00,,
6331,08/23/2021 21:33:51,13.73,0.00,,
6332,08/23/2021 21:43:51,13.64,0.00,,
6333,08/23/2021 21:53:51,13.68,0.00,,
6334,08/23/2021 22:03:51,13.81,0.00,,
6335,08/23/2021 22:13:51,13.81,0.00,,
6336,08/23/2021 22:23:51,13.64,0.00,,
6337,08/23/2021 22:33:51,13.51,0.00,,
6338,08/23/2021 22:43:51,13.60,0.00,,
6339,08/23/2021 22:53:51,13.60,0.00,,
6340,08/23/2021 23:03:51,13.60,0.00,,
6341,08/23/2021 23:13:51,13.68,0.00,,
6342,08/23/2021 23:23:51,13.68,0.00,,
6343,08/23/2021 23:33:51,13.68,0.00,,
6344,08/23/2021 23:43:51,13.81,0.00,,
6345,08/23/2021 23:53:51,13.94,0.00,,
6346,08/24/2021 00:03:51,13.85,0.00,,
6347,08/24/2021 00:13:51,13.85,0.00,,
6348,08/24/2021 00:23:51,13.94,0.00,,
6349,08/24/2021 00:33:51,13.94,0.00,,
6350,08/24/2021 00:43:51,14.07,0.00,,
6351,08/24/2021 00:53:51,13.94,0.00,,
6352,08/24/2021 01:03:51,13.94,0.00,,
6353,08/24/2021 01:13:51,14.07,0.00,,
6354,08/24/2021 01:23:51,14.03,0.00,,
6355,08/24/2021 01:33:51,14.11,0.00,,
6356,08/24/2021 01:43:51,14.07,0.00,,
6357,08/24/2021 01:53:51,14.07,0.00,,
6358,08/24/2021 02:03:51,14.03,0.00,,
6359,08/24/2021 02:13:51,13.98,0.00,,
6360,08/24/2021 02:23:51,14.03,0.00,,
6361,08/24/2021 02:33:51,13.98,0.00,,
6362,08/24/2021 02:43:51,13.85,0.00,,
6363,08/24/2021 02:53:51,13.94,0.00,,
6364,08/24/2021 03:03:51,13.94,0.00,,
6365,08/24/2021 03:13:51,13.98,0.00,,
6366,08/24/2021 03:23:51,13.81,0.00,,
6367,08/24/2021 03:33:51,13.90,0.00,,
6368,08/24/2021 03:43:51,13.85,0.00,,
6369,08/24/2021 03:53:51,13.90,0.00,,
6370,08/24/2021 04:03:51,13.90,0.00,,
6371,08/24/2021 04:13:51,13.98,0.00,,
6372,08/24/2021 04:23:51,13.81,0.00,,
6373,08/24/2021 04:33:51,13.94,0.00,,
6374,08/24/2021 04:43:51,13.94,0.00,,
6375,08/24/2021 04:53:51,13.98,0.00,,
6376,08/24/2021 05:03:51,13.90,0.00,,
6377,08/24/2021 05:13:51,13.98,0.00,,
6378,08/24/2021 05:23:51,13.94,0.00,,
6379,08/24/2021 05:33:51,13.90,0.00,,
6380,08/24/2021 05:43:51,13.90,0.00,,
6381,08/24/2021 05:53:51,13.77,0.00,,
6382,08/24/2021 06:03:51,13.85,0.00,,
6383,08/24/2021 06:13:51,13.77,0.00,,
6384,08/24/2021 06:23:51,13.77,0.85,,
6385,08/24/2021 06:33:51,13.77,5.56,,
6386,08/24/2021 06:43:51,13.81,14.60,,
6387,08/24/2021 06:53:51,13.85,26.59,,
6388,08/24/2021 07:03:51,13.73,42.10,,
6389,08/24/2021 07:13:51,13.73,60.24,,
6390,08/24/2021 07:23:51,13.77,86.12,,
6391,08/24/2021 07:33:51,13.68,114.48,,
6392,08/24/2021 07:43:51,13.77,139.52,,
6393,08/24/2021 07:53:51,13.81,178.24,,
6394,08/24/2021 08:03:51,13.90,208.40,,
6395,08/24/2021 08:13:51,13.85,265.36,,
6396,08/24/2021 08:23:51,13.90,267.04,,
6397,08/24/2021 08:33:51,13.85,311.76,,
6398,08/24/2021 08:43:51,13.98,355.84,,
6399,08/24/2021 08:53:51,13.98,379.20,,
6400,08/24/2021 09:03:51,14.15,451.52,,
6401,08/24/2021 09:13:51,14.15,523.84,,
6402,08/24/2021 09:23:51,14.24,552.16,,
6403,08/24/2021 09:33:51,14.41,624.80,,
6404,08/24/2021 09:43:51,14.45,725.44,,
6405,08/24/2021 09:53:51,14.58,956.80,,
6406,08/24/2021 10:03:51,14.80,1176.00,,
6407,08/24/2021 10:13:51,14.93,1216.32,,
6408,08/24/2021 10:23:51,15.06,1431.68,,
6409,08/24/2021 10:33:51,15.31,2018.56,,
6410,08/24/2021 10:43:51,15.36,1643.52,,
6411,08/24/2021 10:53:51,15.27,1587.84,,
6412,08/24/2021 11:03:51,15.53,1559.68,,
6413,08/24/2021 11:13:51,15.61,1481.60,,
6414,08/24/2021 11:23:51,15.78,1439.36,,
6415,08/24/2021 11:33:51,16.04,1438.72,,
6416,08/24/2021 11:43:51,16.30,1446.40,,
6417,08/24/2021 11:53:51,16.56,1453.44,,
6418,08/24/2021 12:03:51,16.77,1400.96,,
6419,08/24/2021 12:13:51,16.51,1415.68,,
6420,08/24/2021 12:23:51,16.13,1428.48,,
6421,08/24/2021 12:33:51,16.04,1461.12,,
6422,08/24/2021 12:43:51,15.96,1492.48,,
6423,08/24/2021 12:53:51,15.91,1530.24,,
6424,08/24/2021 13:03:51,15.91,1589.12,,
6425,08/24/2021 13:13:51,16.00,1643.52,,
6426,08/24/2021 13:23:51,16.00,1542.40,,
6427,08/24/2021 13:33:51,16.08,1524.48,,
6428,08/24/2021 13:43:51,16.17,1590.40,,
6429,08/24/2021 13:53:51,16.21,1577.60,,
6430,08/24/2021 14:03:51,16.26,1568.64,,
6431,08/24/2021 14:13:51,16.13,1737.60,,
6432,08/24/2021 14:23:51,16.21,1715.20,,
6433,08/24/2021 14:33:51,16.08,1871.36,,
6434,08/24/2021 14:43:51,16.21,1829.76,,
6435,08/24/2021 14:53:51,16.17,1850.24,,
6436,08/24/2021 15:03:51,16.13,1937.92,,
6437,08/24/2021 15:13:51,16.30,2115.84,,
6438,08/24/2021 15:23:51,16.21,2163.84,,
6439,08/24/2021 15:33:51,16.21,2345.60,,
6440,08/24/2021 15:43:51,16.26,2465.28,,
6441,08/24/2021 15:53:51,16.21,2767.36,,
6442,08/24/2021 16:03:51,16.34,2750.72,,
6443,08/24/2021 16:13:51,16.43,2887.68,,
6444,08/24/2021 16:23:51,16.30,3141.12,,
6445,08/24/2021 16:33:51,16.34,3212.80,,
6446,08/24/2021 16:43:51,16.43,3038.72,,
6447,08/24/2021 16:53:51,16.43,3595.52,,
6448,08/24/2021 17:03:51,16.47,3363.84,,
6449,08/24/2021 17:13:51,16.39,2314.24,,
6450,08/24/2021 17:23:51,15.91,1118.72,,
6451,08/24/2021 17:33:51,15.74,726.72,,
6452,08/24/2021 17:43:51,15.57,681.28,,
6453,08/24/2021 17:53:51,15.57,587.68,,
6454,08/24/2021 18:03:51,15.53,505.44,,
6455,08/24/2021 18:13:51,15.53,428.80,,
6456,08/24/2021 18:23:51,15.40,365.92,,
6457,08/24/2021 18:33:51,15.27,324.64,,
6458,08/24/2021 18:43:51,15.18,257.44,,
6459,08/24/2021 18:53:51,15.10,233.44,,
6460,08/24/2021 19:03:51,15.01,168.80,,
6461,08/24/2021 19:13:51,14.88,99.84,,
6462,08/24/2021 19:23:51,14.93,69.28,,
6463,08/24/2021 19:33:51,14.84,42.96,,
6464,08/24/2021 19:43:51,14.58,23.16,,
6465,08/24/2021 19:53:51,14.63,8.77,,
6466,08/24/2021 20:03:51,14.58,1.49,,
6467,08/24/2021 20:13:51,14.58,0.00,,
6468,08/24/2021 20:23:51,14.58,0.00,,
6469,08/24/2021 20:33:51,14.45,0.00,,
6470,08/24/2021 20:43:51,14.45,0.00,,
6471,08/24/2021 20:53:51,14.41,0.00,,
6472,08/24/2021 21:03:51,14.33,0.00,,
6473,08/24/2021 21:13:51,14.54,0.00,,
6474,08/24/2021 21:23:51,14.33,0.00,,
6475,08/24/2021 21:33:51,14.24,0.00,,
6476,08/24/2021 21:43:51,14.37,0.00,,
6477,08/24/2021 21:53:51,14.20,0.00,,
6478,08/24/2021 22:03:51,14.20,0.00,,
6479,08/24/2021 22:13:51,14.03,0.00,,
6480,08/24/2021 22:23:51,13.90,0.00,,
6481,08/24/2021 22:33:51,13.90,0.00,,
6482,08/24/2021 22:43:51,13.85,0.00,,
6483,08/24/2021 22:53:51,13.90,0.00,,
6484,08/24/2021 23:03:51,13.98,0.00,,
6485,08/24/2021 23:13:51,13.85,0.00,,
6486,08/24/2021 23:23:51,13.81,0.00,,
6487,08/24/2021 23:33:51,13.68,0.00,,
6488,08/24/2021 23:43:51,13.68,0.00,,
6489,08/24/2021 23:53:51,13.60,0.00,,
6490,08/25/2021 00:03:51,13.64,0.00,,
6491,08/25/2021 00:13:51,13.60,0.00,,
6492,08/25/2021 00:23:51,13.68,0.00,,
6493,08/25/2021 00:33:51,13.60,0.00,,
6494,08/25/2021 00:43:51,13.38,0.00,,
6495,08/25/2021 00:53:51,13.43,0.00,,
6496,08/25/2021 01:03:51,13.55,0.00,,
6497,08/25/2021 01:13:51,13.55,0.00,,
6498,08/25/2021 01:23:51,13.60,0.00,,
6499,08/25/2021 01:33:51,13.47,0.00,,
6500,08/25/2021 01:43:51,13.43,0.00,,
6501,08/25/2021 01:53:51,13.43,0.00,,
6502,08/25/2021 02:03:51,13.47,0.00,,
6503,08/25/2021 02:13:51,13.47,0.00,,
6504,08/25/2021 02:23:51,13.43,0.00,,
6505,08/25/2021 02:33:51,13.34,0.00,,
6506,08/25/2021 02:43:51,13.34,0.00,,
6507,08/25/2021 02:53:51,13.43,0.00,,
6508,08/25/2021 03:03:51,13.34,0.00,,
6509,08/25/2021 03:13:51,13.51,0.00,,
6510,08/25/2021 03:23:51,13.51,0.00,,
6511,08/25/2021 03:33:51,13.38,0.00,,
6512,08/25/2021 03:43:51,13.38,0.00,,
6513,08/25/2021 03:53:51,13.34,0.00,,
6514,08/25/2021 04:03:51,13.30,0.00,,
6515,08/25/2021 04:13:51,13.34,0.00,,
6516,08/25/2021 04:23:51,13.25,0.00,,
6517,08/25/2021 04:33:51,13.21,0.00,,
6518,08/25/2021 04:43:51,13.25,0.00,,
6519,08/25/2021 04:53:51,13.17,0.00,,
6520,08/25/2021 05:03:51,13.30,0.00,,
6521,08/25/2021 05:13:51,13.34,0.00,,
6522,08/25/2021 05:23:51,13.17,0.00,,
6523,08/25/2021 05:33:51,13.25,0.00,,
6524,08/25/2021 05:43:51,13.21,0.00,,
6525,08/25/2021 05:53:51,13.00,0.00,,
6526,08/25/2021 06:03:51,13.08,0.00,,
6527,08/25/2021 06:13:51,13.08,0.00,,
6528,08/25/2021 06:23:51,13.21,0.42,,
6529,08/25/2021 06:33:51,13.04,3.85,,
6530,08/25/2021 06:43:51,13.08,10.51,,
6531,08/25/2021 06:53:51,13.17,21.88,,
6532,08/25/2021 07:03:51,13.08,35.20,,
6533,08/25/2021 07:13:51,13.08,52.48,,
6534,08/25/2021 07:23:51,13.12,73.18,,
6535,08/25/2021 07:33:51,13.17,100.68,,
6536,08/25/2021 07:43:51,13.25,125.72,,
6537,08/25/2021 07:53:51,13.34,155.88,,
6538,08/25/2021 08:03:51,13.43,188.72,,
6539,08/25/2021 08:13:51,13.43,241.20,,
6540,08/25/2021 08:23:51,13.60,252.48,,
6541,08/25/2021 08:33:51,13.60,261.92,,
6542,08/25/2021 08:43:51,13.73,279.04,,
6543,08/25/2021 08:53:51,13.73,310.08,,
6544,08/25/2021 09:03:51,13.73,381.76,,
6545,08/25/2021 09:13:51,13.77,460.96,,
6546,08/25/2021 09:23:51,13.85,556.00,,
6547,08/25/2021 09:33:51,13.98,560.16,,
6548,08/25/2021 09:43:51,14.11,628.32,,
6549,08/25/2021 09:53:51,14.33,706.56,,
6550,08/25/2021 10:03:51,14.45,795.20,,
6551,08/25/2021 10:13:51,14.54,859.20,,
6552,08/25/2021 10:23:51,14.67,995.52,,
6553,08/25/2021 10:33:51,14.97,1233.60,,
6554,08/25/2021 10:43:51,15.06,1527.68,,
6555,08/25/2021 10:53:51,15.18,1743.36,,
6556,08/25/2021 11:03:51,15.48,1544.96,,
6557,08/25/2021 11:13:51,15.66,1580.16,,
6558,08/25/2021 11:23:51,15.53,1605.76,,
6559,08/25/2021 11:33:51,15.53,1458.56,,
6560,08/25/2021 11:43:51,15.57,1473.28,,
6561,08/25/2021 11:53:51,15.48,1449.60,,
6562,08/25/2021 12:03:51,15.66,1510.40,,
6563,08/25/2021 12:13:51,15.83,1457.28,,
6564,08/25/2021 12:23:51,15.83,1441.92,,
6565,08/25/2021 12:33:51,15.87,1473.92,,
6566,08/25/2021 12:43:51,15.83,1489.28,,
6567,08/25/2021 12:53:51,15.74,1527.68,,
6568,08/25/2021 13:03:51,15.66,1558.40,,
6569,08/25/2021 13:13:51,15.61,1562.24,,
6570,08/25/2021 13:23:51,15.66,1571.20,,
6571,08/25/2021 13:33:51,15.66,1511.68,,
6572,08/25/2021 13:43:51,15.87,1726.08,,
6573,08/25/2021 13:53:51,15.78,1625.60,,
6574,08/25/2021 14:03:51,15.78,1674.24,,
6575,08/25/2021 14:13:51,15.74,1776.64,,
6576,08/25/2021 14:23:51,15.57,1866.24,,
6577,08/25/2021 14:33:51,15.61,1922.56,,
6578,08/25/2021 14:43:51,15.57,1934.72,,
6579,08/25/2021 14:53:51,15.53,2035.20,,
6580,08/25/2021 15:03:51,15.40,2062.72,,
6581,08/25/2021 15:13:51,15.48,1642.24,,
6582,08/25/2021 15:23:51,15.44,2030.08,,
6583,08/25/2021 15:33:51,15.48,2366.08,,
6584,08/25/2021 15:43:51,15.57,2480.64,,
6585,08/25/2021 15:53:51,15.57,2357.12,,
6586,08/25/2021 16:03:51,15.40,1799.04,,
6587,08/25/2021 16:13:51,15.27,2090.24,,
6588,08/25/2021 16:23:51,15.06,1985.92,,
6589,08/25/2021 16:33:51,14.84,1984.00,,
6590,08/25/2021 16:43:51,15.14,3399.68,,
6591,08/25/2021 16:53:51,15.01,2746.88,,
6592,08/25/2021 17:03:51,14.80,2456.32,,
6593,08/25/2021 17:13:51,14.67,1633.92,,
6594,08/25/2021 17:23:51,14.75,1517.44,,
6595,08/25/2021 17:33:51,14.71,1834.88,,
6596,08/25/2021 17:43:51,14.50,957.76,,
6597,08/25/2021 17:53:51,14.33,670.08,,
6598,08/25/2021 18:03:51,14.20,579.52,,
6599,08/25/2021 18:13:51,13.98,437.44,,
6600,08/25/2021 18:23:51,13.81,300.48,,
6601,08/25/2021 18:33:51,13.73,199.84,,
6602,08/25/2021 18:43:51,13.51,142.00,,
6603,08/25/2021 18:53:51,13.73,109.36,,
6604,08/25/2021 19:03:51,13.55,86.88,,
6605,08/25/2021 19:13:51,13.73,64.08,,
6606,08/25/2021 19:23:51,13.60,45.14,,
6607,08/25/2021 19:33:51,13.60,33.92,,
6608,08/25/2021 19:43:51,13.55,18.03,,
6609,08/25/2021 19:53:51,13.60,7.06,,
6610,08/25/2021 20:03:51,13.94,1.07,,
6611,08/25/2021 20:13:51,14.03,0.00,,
6612,08/25/2021 20:23:51,14.07,0.00,,
6613,08/25/2021 20:33:51,14.28,0.00,,
6614,08/25/2021 20:43:51,14.15,0.00,,
6615,08/25/2021 20:53:51,14.41,0.00,,
6616,08/25/2021 21:03:51,14.33,0.00,,
6617,08/25/2021 21:13:51,14.50,0.00,,
6618,08/25/2021 21:23:51,14.58,0.00,,
6619,08/25/2021 21:33:51,14.58,0.00,,
6620,08/25/2021 21:43:51,14.54,0.00,,
6621,08/25/2021 21:53:51,14.67,0.00,,
6622,08/25/2021 22:03:51,14.71,0.00,,
6623,08/25/2021 22:13:51,14.80,0.00,,
6624,08/25/2021 22:23:51,14.84,0.00,,
6625,08/25/2021 22:33:51,14.84,0.00,,
6626,08/25/2021 22:43:51,14.93,0.00,,
6627,08/25/2021 22:53:51,14.93,0.00,,
6628,08/25/2021 23:03:51,14.88,0.00,,
6629,08/25/2021 23:13:51,15.01,0.00,,
6630,08/25/2021 23:23:51,14.97,0.00,,
6631,08/25/2021 23:33:51,15.01,0.00,,
6632,08/25/2021 23:43:51,15.01,0.00,,
6633,08/25/2021 23:53:51,14.93,0.00,,
6634,08/26/2021 00:03:51,14.93,0.00,,
6635,08/26/2021 00:13:51,15.01,0.00,,
6636,08/26/2021 00:23:51,14.97,0.00,,
6637,08/26/2021 00:33:51,14.97,0.00,,
6638,08/26/2021 00:43:51,14.80,0.00,,
6639,08/26/2021 00:53:51,14.54,0.00,,
6640,08/26/2021 01:03:51,14.58,0.00,,
6641,08/26/2021 01:13:51,14.45,0.00,,
6642,08/26/2021 01:23:51,14.41,0.00,,
6643,08/26/2021 01:33:51,14.50,0.00,,
6644,08/26/2021 01:43:51,14.37,0.00,,
6645,08/26/2021 01:53:51,14.41,0.00,,
6646,08/26/2021 02:03:51,14.37,0.00,,
6647,08/26/2021 02:13:51,14.37,0.00,,
6648,08/26/2021 02:23:51,14.37,0.00,,
6649,08/26/2021 02:33:51,14.28,0.00,,
6650,08/26/2021 02:43:51,14.15,0.00,,
6651,08/26/2021 02:53:51,13.98,0.00,,
6652,08/26/2021 03:03:51,13.85,0.00,,
6653,08/26/2021 03:13:51,13.68,0.00,,
6654,08/26/2021 03:23:51,13.68,0.00,,
6655,08/26/2021 03:33:51,13.68,0.00,,
6656,08/26/2021 03:43:51,13.64,0.00,,
6657,08/26/2021 03:53:51,13.47,0.00,,
6658,08/26/2021 04:03:51,13.38,0.00,,
6659,08/26/2021 04:13:51,13.21,0.00,,
6660,08/26/2021 04:23:51,13.00,0.00,,
6661,08/26/2021 04:33:51,12.95,0.00,,
6662,08/26/2021 04:43:51,12.82,0.00,,
6663,08/26/2021 04:53:51,12.82,0.00,,
6664,08/26/2021 05:03:51,12.70,0.00,,
6665,08/26/2021 05:13:51,12.74,0.00,,
6666,08/26/2021 05:23:51,12.87,0.00,,
6667,08/26/2021 05:33:51,12.87,0.00,,
6668,08/26/2021 05:43:51,12.82,0.00,,
6669,08/26/2021 05:53:51,12.91,0.00,,
6670,08/26/2021 06:03:51,12.87,0.00,,
6671,08/26/2021 06:13:51,12.95,0.00,,
6672,08/26/2021 06:23:51,13.04,1.07,,
6673,08/26/2021 06:33:51,12.91,7.27,,
6674,08/26/2021 06:43:51,12.87,19.31,,
6675,08/26/2021 06:53:51,12.82,36.97,,
6676,08/26/2021 07:03:51,12.61,56.76,,
6677,08/26/2021 07:13:51,12.57,77.46,,
6678,08/26/2021 07:23:51,12.48,111.80,,
6679,08/26/2021 07:33:51,12.52,145.40,,
6680,08/26/2021 07:43:51,12.74,181.68,,
6681,08/26/2021 07:53:51,12.65,218.72,,
6682,08/26/2021 08:03:51,12.61,290.16,,
6683,08/26/2021 08:13:51,12.61,353.92,,
6684,08/26/2021 08:23:51,12.65,388.64,,
6685,08/26/2021 08:33:51,12.70,470.40,,
6686,08/26/2021 08:43:51,12.70,640.32,,
6687,08/26/2021 08:53:51,12.82,745.92,,
6688,08/26/2021 09:03:51,13.04,923.52,,
6689,08/26/2021 09:13:51,13.25,1644.16,,
6690,08/26/2021 09:23:51,13.51,1929.60,,
6691,08/26/2021 09:33:51,13.77,1477.12,,
6692,08/26/2021 09:43:51,13.94,1118.72,,
6693,08/26/2021 09:53:51,13.94,1431.68,,
6694,08/26/2021 10:03:51,14.24,1633.92,,
6695,08/26/2021 10:13:51,14.71,1636.48,,
6696,08/26/2021 10:23:51,15.14,1623.04,,
6697,08/26/2021 10:33:51,15.70,1639.04,,
6698,08/26/2021 10:43:51,16.00,1568.00,,
6699,08/26/2021 10:53:51,15.78,1479.04,,
6700,08/26/2021 11:03:51,16.13,1471.36,,
6701,08/26/2021 11:13:51,15.78,1441.28,,
6702,08/26/2021 11:23:51,15.96,1339.52,,
6703,08/26/2021 11:33:51,16.00,1443.20,,
6704,08/26/2021 11:43:51,16.08,1339.52,,
6705,08/26/2021 11:53:51,16.21,1388.16,,
6706,08/26/2021 12:03:51,16.43,1393.92,,
6707,08/26/2021 12:13:51,16.43,1375.36,,
6708,08/26/2021 12:23:51,16.43,1392.64,,
6709,08/26/2021 12:33:51,16.51,1425.92,,
6710,08/26/2021 12:43:51,16.64,1518.08,,
6711,08/26/2021 12:53:51,16.86,1466.24,,
6712,08/26/2021 13:03:51,16.86,1454.72,,
6713,08/26/2021 13:13:51,16.81,1482.24,,
6714,08/26/2021 13:23:51,16.99,1495.04,,
6715,08/26/2021 13:33:51,17.07,1488.64,,
6716,08/26/2021 13:43:51,17.20,1511.68,,
6717,08/26/2021 13:53:51,17.20,1487.36,,
6718,08/26/2021 14:03:51,17.24,1552.64,,
6719,08/26/2021 14:13:51,17.50,1626.24,,
6720,08/26/2021 14:23:51,17.54,1644.16,,
6721,08/26/2021 14:33:51,17.20,1788.80,,
6722,08/26/2021 14:43:51,17.16,1936.00,,
6723,08/26/2021 14:53:51,16.77,1932.80,,
6724,08/26/2021 15:03:51,16.81,1900.16,,
6725,08/26/2021 15:13:51,16.86,1932.80,,
6726,08/26/2021 15:23:51,16.99,2039.04,,
6727,08/26/2021 15:33:51,17.16,2211.84,,
6728,08/26/2021 15:43:51,17.33,2184.32,,
6729,08/26/2021 15:53:51,17.29,2305.92,,
6730,08/26/2021 16:03:51,17.59,2567.68,,
6731,08/26/2021 16:13:51,17.41,2713.60,,
6732,08/26/2021 16:23:51,17.24,2780.16,,
6733,08/26/2021 16:33:51,17.11,2924.80,,
6734,08/26/2021 16:43:51,17.16,3048.96,,
6735,08/26/2021 16:53:51,17.24,3101.44,,
6736,08/26/2021 17:03:51,17.33,3078.40,,
6737,08/26/2021 17:13:51,17.33,3505.92,,
6738,08/26/2021 17:23:51,17.33,3394.56,,
6739,08/26/2021 17:33:51,17.37,4156.16,,
6740,08/26/2021 17:43:51,17.37,3653.12,,
6741,08/26/2021 17:53:51,17.33,3841.28,,
6742,08/26/2021 18:03:51,17.41,3742.72,,
6743,08/26/2021 18:13:51,17.33,3738.88,,
6744,08/26/2021 18:23:51,17.33,3796.48,,
6745,08/26/2021 18:33:51,17.54,3532.80,,
6746,08/26/2021 18:43:51,17.46,3262.72,,
6747,08/26/2021 18:53:51,17.50,2760.96,,
6748,08/26/2021 19:03:51,17.41,2156.80,,
6749,08/26/2021 19:13:51,17.24,1564.80,,
6750,08/26/2021 19:23:51,17.03,824.96,,
6751,08/26/2021 19:33:51,16.86,338.08,,
6752,08/26/2021 19:43:51,16.60,92.24,,
6753,08/26/2021 19:53:51,16.51,31.83,,
6754,08/26/2021 20:03:51,16.51,8.34,,
6755,08/26/2021 20:13:51,16.47,1.07,,
6756,08/26/2021 20:23:51,16.47,0.00,,
6757,08/26/2021 20:33:51,16.47,0.00,,
6758,08/26/2021 20:43:51,16.43,0.00,,
6759,08/26/2021 20:53:51,16.51,0.00,,
6760,08/26/2021 21:03:51,16.43,0.00,,
6761,08/26/2021 21:13:51,16.43,0.00,,
6762,08/26/2021 21:23:51,16.39,0.00,,
6763,08/26/2021 21:33:51,16.30,0.00,,
6764,08/26/2021 21:43:51,16.30,0.00,,
6765,08/26/2021 21:53:51,16.30,0.00,,
6766,08/26/2021 22:03:51,16.17,0.00,,
6767,08/26/2021 22:13:51,16.13,0.00,,
6768,08/26/2021 22:23:51,16.21,0.00,,
6769,08/26/2021 22:33:51,16.17,0.00,,
6770,08/26/2021 22:43:51,16.21,0.00,,
6771,08/26/2021 22:53:51,16.26,0.00,,
6772,08/26/2021 23:03:51,16.00,0.00,,
6773,08/26/2021 23:13:51,15.70,0.00,,
6774,08/26/2021 23:23:51,15.70,0.00,,
6775,08/26/2021 23:33:51,15.70,0.00,,
6776,08/26/2021 23:43:51,15.74,0.00,,
6777,08/26/2021 23:53:51,15.78,0.00,,
6778,08/27/2021 00:03:51,15.87,0.00,,
6779,08/27/2021 00:13:51,15.74,0.00,,
6780,08/27/2021 00:23:51,15.70,0.00,,
6781,08/27/2021 00:33:51,15.61,0.00,,
6782,08/27/2021 00:43:51,15.44,0.00,,
6783,08/27/2021 00:53:51,15.40,0.00,,
6784,08/27/2021 01:03:51,15.31,0.00,,
6785,08/27/2021 01:13:51,15.27,0.00,,
6786,08/27/2021 01:23:51,15.18,0.00,,
6787,08/27/2021 01:33:51,15.14,0.00,,
6788,08/27/2021 01:43:51,15.14,0.00,,
6789,08/27/2021 01:53:51,15.06,0.00,,
6790,08/27/2021 02:03:51,15.10,0.00,,
6791,08/27/2021 02:13:51,15.10,0.00,,
6792,08/27/2021 02:23:51,15.06,0.00,,
6793,08/27/2021 02:33:51,15.10,0.00,,
6794,08/27/2021 02:43:51,15.10,0.00,,
6795,08/27/2021 02:53:51,15.06,0.00,,
6796,08/27/2021 03:03:51,15.10,0.00,,
6797,08/27/2021 03:13:51,15.01,0.00,,
6798,08/27/2021 03:23:51,15.14,0.00,,
6799,08/27/2021 03:33:51,15.06,0.00,,
6800,08/27/2021 03:43:51,15.14,0.00,,
6801,08/27/2021 03:53:51,15.23,0.00,,
6802,08/27/2021 04:03:51,15.23,0.00,,
6803,08/27/2021 04:13:51,15.23,0.00,,
6804,08/27/2021 04:23:51,15.23,0.00,,
6805,08/27/2021 04:33:51,15.10,0.00,,
6806,08/27/2021 04:43:51,15.06,0.00,,
6807,08/27/2021 04:53:51,15.10,0.00,,
6808,08/27/2021 05:03:51,15.10,0.00,,
6809,08/27/2021 05:13:51,15.01,0.00,,
6810,08/27/2021 05:23:51,14.54,0.00,,
6811,08/27/2021 05:33:51,14.58,0.00,,
6812,08/27/2021 05:43:51,14.54,0.00,,
6813,08/27/2021 05:53:51,13.85,0.00,,
6814,08/27/2021 06:03:51,13.47,0.00,,
6815,08/27/2021 06:13:51,13.25,0.00,,
6816,08/27/2021 06:23:51,13.12,2.78,,
6817,08/27/2021 06:33:51,13.17,15.89,,
6818,08/27/2021 06:43:51,13.00,46.44,,
6819,08/27/2021 06:53:51,13.81,96.40,,
6820,08/27/2021 07:03:51,13.60,161.88,,
6821,08/27/2021 07:13:51,12.82,234.32,,
6822,08/27/2021 07:23:51,13.00,309.20,,
6823,08/27/2021 07:33:51,13.12,517.92,,
6824,08/27/2021 07:43:51,13.43,684.16,,
6825,08/27/2021 07:53:51,13.43,797.76,,
6826,08/27/2021 08:03:51,13.81,928.64,,
6827,08/27/2021 08:13:51,14.28,981.76,,
6828,08/27/2021 08:23:51,14.67,1077.76,,
6829,08/27/2021 08:33:51,14.97,1180.48,,
6830,08/27/2021 08:43:51,15.14,1282.24,,
6831,08/27/2021 08:53:51,15.44,1332.48,,
6832,08/27/2021 09:03:51,15.78,1431.68,,
6833,08/27/2021 09:13:51,16.13,1484.16,,
6834,08/27/2021 09:23:51,16.34,1529.60,,
6835,08/27/2021 09:33:51,16.60,1588.48,,
6836,08/27/2021 09:43:51,16.81,1623.04,,
6837,08/27/2021 09:53:51,17.07,1652.48,,
6838,08/27/2021 10:03:51,17.59,1648.64,,
6839,08/27/2021 10:13:51,18.19,1635.84,,
6840,08/27/2021 10:23:51,18.53,1613.44,,
6841,08/27/2021 10:33:51,18.96,1618.56,,
6842,08/27/2021 10:43:51,18.79,1626.88,,
6843,08/27/2021 10:53:51,18.87,1605.76,,
6844,08/27/2021 11:03:51,19.09,1623.04,,
6845,08/27/2021 11:13:51,19.13,1615.36,,
6846,08/27/2021 11:23:51,19.26,1603.20,,
6847,08/27/2021 11:33:51,19.69,1623.68,,
6848,08/27/2021 11:43:51,19.90,1654.40,,
6849,08/27/2021 11:53:51,19.60,1644.16,,
6850,08/27/2021 12:03:51,19.26,1656.96,,
6851,08/27/2021 12:13:51,19.95,1669.76,,
6852,08/27/2021 12:23:51,20.59,1651.84,,
6853,08/27/2021 12:33:51,19.90,1656.32,,
6854,08/27/2021 12:43:51,19.35,1691.52,,
6855,08/27/2021 12:53:51,18.83,1760.00,,
6856,08/27/2021 13:03:51,18.83,1755.52,,
6857,08/27/2021 13:13:51,19.00,1773.44,,
6858,08/27/2021 13:23:51,19.00,1790.72,,
6859,08/27/2021 13:33:51,18.87,1872.64,,
6860,08/27/2021 13:43:51,18.79,1823.36,,
6861,08/27/2021 13:53:51,18.96,1881.60,,
6862,08/27/2021 14:03:51,18.70,1882.88,,
6863,08/27/2021 14:13:51,18.66,1912.32,,
6864,08/27/2021 14:23:51,18.66,1980.80,,
6865,08/27/2021 14:33:51,18.70,2054.40,,
6866,08/27/2021 14:43:51,18.62,2119.04,,
6867,08/27/2021 14:53:51,18.53,2186.24,,
6868,08/27/2021 15:03:51,18.49,2222.08,,
6869,08/27/2021 15:13:51,18.53,2187.52,,
6870,08/27/2021 15:23:51,18.53,2244.48,,
6871,08/27/2021 15:33:51,18.62,2366.08,,
6872,08/27/2021 15:43:51,18.70,2386.56,,
6873,08/27/2021 15:53:51,18.53,2408.96,,
6874,08/27/2021 16:03:51,18.40,2627.84,,
6875,08/27/2021 16:13:51,18.40,2909.44,,
6876,08/27/2021 16:23:51,18.36,2650.88,,
6877,08/27/2021 16:33:51,18.44,2663.68,,
6878,08/27/2021 16:43:51,18.19,3304.96,,
6879,08/27/2021 16:53:51,18.53,2979.84,,
6880,08/27/2021 17:03:51,18.53,3377.92,,
6881,08/27/2021 17:13:51,18.53,3207.68,,
6882,08/27/2021 17:23:51,18.44,3601.92,,
6883,08/27/2021 17:33:51,18.32,3831.04,,
6884,08/27/2021 17:43:51,18.40,3225.60,,
6885,08/27/2021 17:53:51,18.53,3348.48,,
6886,08/27/2021 18:03:51,18.79,3694.08,,
6887,08/27/2021 18:13:51,18.74,3110.40,,
6888,08/27/2021 18:23:51,18.44,2862.08,,
6889,08/27/2021 18:33:51,18.02,2129.92,,
6890,08/27/2021 18:43:51,17.72,1592.96,,
6891,08/27/2021 18:53:51,17.46,1140.16,,
6892,08/27/2021 19:03:51,17.33,777.28,,
6893,08/27/2021 19:13:51,17.11,440.00,,
6894,08/27/2021 19:23:51,16.90,213.36,,
6895,08/27/2021 19:33:51,16.73,100.88,,
6896,08/27/2021 19:43:51,16.64,45.58,,
6897,08/27/2021 19:53:51,16.51,15.48,,
6898,08/27/2021 20:03:51,16.64,3.42,,
6899,08/27/2021 20:13:51,16.60,0.00,,
6900,08/27/2021 20:23:51,16.64,0.00,,
6901,08/27/2021 20:33:51,16.47,0.00,,
6902,08/27/2021 20:43:51,16.43,0.00,,
6903,08/27/2021 20:53:51,16.47,0.00,,
6904,08/27/2021 21:03:51,16.30,0.00,,
6905,08/27/2021 21:13:51,16.21,0.00,,
6906,08/27/2021 21:23:51,16.30,0.00,,
6907,08/27/2021 21:33:51,16.30,0.00,,
6908,08/27/2021 21:43:51,16.30,0.00,,
6909,08/27/2021 21:53:51,16.26,0.00,,
6910,08/27/2021 22:03:51,16.30,0.00,,
6911,08/27/2021 22:13:51,16.34,0.00,,
6912,08/27/2021 22:23:51,16.47,0.00,,
6913,08/27/2021 22:33:51,16.34,0.00,,
6914,08/27/2021 22:43:51,16.21,0.00,,
6915,08/27/2021 22:53:51,16.21,0.00,,
6916,08/27/2021 23:03:51,16.13,0.00,,
6917,08/27/2021 23:13:51,16.13,0.00,,
6918,08/27/2021 23:23:51,16.08,0.00,,
6919,08/27/2021 23:33:51,16.17,0.00,,
6920,08/27/2021 23:43:51,16.17,0.00,,
6921,08/27/2021 23:53:51,16.34,0.00,,
6922,08/28/2021 00:03:51,16.34,0.00,,
6923,08/28/2021 00:13:51,16.60,0.00,,
6924,08/28/2021 00:23:51,16.64,0.00,,
6925,08/28/2021 00:33:51,16.73,0.00,,
6926,08/28/2021 00:43:51,16.73,0.00,,
6927,08/28/2021 00:53:51,16.64,0.00,,
6928,08/28/2021 01:03:51,16.51,0.00,,
6929,08/28/2021 01:13:51,16.56,0.00,,
6930,08/28/2021 01:23:51,16.34,0.00,,
6931,08/28/2021 01:33:51,16.30,0.00,,
6932,08/28/2021 01:43:51,16.21,0.00,,
6933,08/28/2021 01:53:51,16.17,0.00,,
6934,08/28/2021 02:03:51,16.08,0.00,,
6935,08/28/2021 02:13:51,15.91,0.00,,
6936,08/28/2021 02:23:51,15.87,0.00,,
6937,08/28/2021 02:33:51,15.83,0.00,,
6938,08/28/2021 02:43:51,15.78,0.00,,
6939,08/28/2021 02:53:51,15.66,0.00,,
6940,08/28/2021 03:03:51,15.70,0.00,,
6941,08/28/2021 03:13:51,15.61,0.00,,
6942,08/28/2021 03:23:51,15.48,0.00,,
6943,08/28/2021 03:33:51,15.44,0.00,,
6944,08/28/2021 03:43:51,15.48,0.00,,
6945,08/28/2021 03:53:51,15.40,0.00,,
6946,08/28/2021 04:03:51,14.93,0.00,,
6947,08/28/2021 04:13:51,14.41,0.00,,
6948,08/28/2021 04:23:51,14.93,0.00,,
6949,08/28/2021 04:33:51,14.84,0.00,,
6950,08/28/2021 04:43:51,15.23,0.00,,
6951,08/28/2021 04:53:51,14.50,0.00,,
6952,08/28/2021 05:03:51,13.64,0.00,,
6953,08/28/2021 05:13:51,13.64,0.00,,
6954,08/28/2021 05:23:51,14.33,0.00,,
6955,08/28/2021 05:33:51,12.95,0.00,,
6956,08/28/2021 05:43:51,12.61,0.00,,
6957,08/28/2021 05:53:51,12.57,0.00,,
6958,08/28/2021 06:03:51,12.44,0.00,,
6959,08/28/2021 06:13:51,12.70,0.00,,
6960,08/28/2021 06:23:51,12.65,1.92,,
6961,08/28/2021 06:33:51,12.70,12.43,,
6962,08/28/2021 06:43:51,12.52,37.39,,
6963,08/28/2021 06:53:51,12.01,78.32,,
6964,08/28/2021 07:03:51,12.10,135.24,,
6965,08/28/2021 07:13:51,12.48,207.52,,
6966,08/28/2021 07:23:51,12.35,287.84,,
6967,08/28/2021 07:33:51,12.40,505.92,,
6968,08/28/2021 07:43:51,12.61,653.12,,
6969,08/28/2021 07:53:51,13.00,762.56,,
6970,08/28/2021 08:03:51,13.47,896.00,,
6971,08/28/2021 08:13:51,13.81,974.08,,
6972,08/28/2021 08:23:51,14.33,1088.64,,
6973,08/28/2021 08:33:51,14.80,1189.76,,
6974,08/28/2021 08:43:51,15.36,1295.04,,
6975,08/28/2021 08:53:51,15.87,1367.68,,
6976,08/28/2021 09:03:51,16.13,1443.20,,
6977,08/28/2021 09:13:51,16.26,1478.40,,
6978,08/28/2021 09:23:51,16.47,1514.24,,
6979,08/28/2021 09:33:51,16.73,1594.24,,
6980,08/28/2021 09:43:51,17.16,1654.40,,
6981,08/28/2021 09:53:51,17.59,1607.68,,
6982,08/28/2021 10:03:51,17.97,1658.88,,
6983,08/28/2021 10:13:51,18.19,1639.04,,
6984,08/28/2021 10:23:51,18.44,1656.32,,
6985,08/28/2021 10:33:51,18.79,1644.16,,
6986,08/28/2021 10:43:51,18.87,1654.40,,
6987,08/28/2021 10:53:51,20.07,1572.48,,
6988,08/28/2021 11:03:51,20.29,1562.88,,
6989,08/28/2021 11:13:51,20.46,1642.24,,
6990,08/28/2021 11:23:51,20.37,1596.16,,
6991,08/28/2021 11:33:51,20.37,1575.68,,
6992,08/28/2021 11:43:51,20.46,1594.24,,
6993,08/28/2021 11:53:51,20.63,1614.08,,
6994,08/28/2021 12:03:51,20.76,1618.56,,
6995,08/28/2021 12:13:51,20.85,1634.56,,
6996,08/28/2021 12:23:51,20.59,1596.16,,
6997,08/28/2021 12:33:51,20.55,1606.40,,
6998,08/28/2021 12:43:51,20.37,1656.96,,
6999,08/28/2021 12:53:51,20.46,1673.60,,
7000,08/28/2021 13:03:51,20.50,1710.08,,
7001,08/28/2021 13:13:51,20.63,1793.92,,
7002,08/28/2021 13:23:51,20.63,1747.84,,
7003,08/28/2021 13:33:51,20.37,1797.76,,
7004,08/28/2021 13:43:51,20.12,1811.20,,
7005,08/28/2021 13:53:51,20.12,1860.48,,
7006,08/28/2021 14:03:51,20.25,1881.60,,
7007,08/28/2021 14:13:51,20.25,1953.28,,
7008,08/28/2021 14:23:51,20.25,2019.84,,
7009,08/28/2021 14:33:51,20.33,2052.48,,
7010,08/28/2021 14:43:51,20.59,2150.40,,
7011,08/28/2021 14:53:51,20.68,2278.40,,
7012,08/28/2021 15:03:51,20.76,2167.04,,
7013,08/28/2021 15:13:51,20.98,2338.56,,
7014,08/28/2021 15:23:51,20.85,2292.48,,
7015,08/28/2021 15:33:51,20.85,2465.28,,
7016,08/28/2021 15:43:51,21.02,2394.88,,
7017,08/28/2021 15:53:51,20.93,2577.92,,
7018,08/28/2021 16:03:51,20.89,2614.40,,
7019,08/28/2021 16:13:51,20.89,2564.48,,
7020,08/28/2021 16:23:51,20.89,2576.64,,
7021,08/28/2021 16:33:51,21.02,2668.80,,
7022,08/28/2021 16:43:51,21.02,3050.24,,
7023,08/28/2021 16:53:51,21.06,2922.24,,
7024,08/28/2021 17:03:51,21.19,2882.56,,
7025,08/28/2021 17:13:51,21.06,3083.52,,
7026,08/28/2021 17:23:51,21.10,2944.00,,
7027,08/28/2021 17:33:51,21.49,2867.20,,
7028,08/28/2021 17:43:51,21.49,2588.16,,
7029,08/28/2021 17:53:51,21.62,2990.08,,
7030,08/28/2021 18:03:51,21.62,2816.00,,
7031,08/28/2021 18:13:51,21.79,2649.60,,
7032,08/28/2021 18:23:51,22.05,2460.16,,
7033,08/28/2021 18:33:51,21.96,2336.64,,
7034,08/28/2021 18:43:51,22.13,1708.16,,
7035,08/28/2021 18:53:51,22.18,1286.40,,
7036,08/28/2021 19:03:51,22.09,817.28,,
7037,08/28/2021 19:13:51,20.42,426.24,,
7038,08/28/2021 19:23:51,19.26,204.80,,
7039,08/28/2021 19:33:51,18.70,93.84,,
7040,08/28/2021 19:43:51,18.57,42.10,,
7041,08/28/2021 19:53:51,18.62,14.39,,
7042,08/28/2021 20:03:51,18.40,2.78,,
7043,08/28/2021 20:13:51,18.10,0.00,,
7044,08/28/2021 20:23:51,18.02,0.00,,
7045,08/28/2021 20:33:51,18.06,0.00,,
7046,08/28/2021 20:43:51,18.10,0.00,,
7047,08/28/2021 20:53:51,18.06,0.00,,
7048,08/28/2021 21:03:51,18.10,0.00,,
7049,08/28/2021 21:13:51,17.89,0.00,,
7050,08/28/2021 21:23:51,17.63,0.00,,
7051,08/28/2021 21:33:51,17.72,0.00,,
7052,08/28/2021 21:43:51,17.72,0.00,,
7053,08/28/2021 21:53:51,17.67,0.00,,
7054,08/28/2021 22:03:51,17.54,0.00,,
7055,08/28/2021 22:13:51,17.41,0.00,,
7056,08/28/2021 22:23:51,17.29,0.00,,
7057,08/28/2021 22:33:51,17.20,0.00,,
7058,08/28/2021 22:43:51,17.11,0.00,,
7059,08/28/2021 22:53:51,17.07,0.00,,
7060,08/28/2021 23:03:51,17.11,0.00,,
7061,08/28/2021 23:13:51,17.03,0.00,,
7062,08/28/2021 23:23:51,16.90,0.00,,
7063,08/28/2021 23:33:51,16.77,0.00,,
7064,08/28/2021 23:43:51,16.69,0.00,,
7065,08/28/2021 23:53:51,16.77,0.00,,
7066,08/29/2021 00:03:51,16.60,0.00,,
7067,08/29/2021 00:13:51,16.47,0.00,,
7068,08/29/2021 00:23:51,16.39,0.00,,
7069,08/29/2021 00:33:51,16.56,0.00,,
7070,08/29/2021 00:43:51,16.51,0.00,,
7071,08/29/2021 00:53:51,16.39,0.00,,
7072,08/29/2021 01:03:51,16.60,0.00,,
7073,08/29/2021 01:13:51,16.77,0.00,,
7074,08/29/2021 01:23:51,16.99,0.00,,
7075,08/29/2021 01:33:51,17.16,0.00,,
7076,08/29/2021 01:43:51,16.90,0.00,,
7077,08/29/2021 01:53:51,16.51,0.00,,
7078,08/29/2021 02:03:51,16.30,0.00,,
7079,08/29/2021 02:13:51,16.17,0.00,,
7080,08/29/2021 02:23:51,16.08,0.00,,
7081,08/29/2021 02:33:51,16.04,0.00,,
7082,08/29/2021 02:43:51,15.96,0.00,,
7083,08/29/2021 02:53:51,15.61,0.00,,
7084,08/29/2021 03:03:51,15.83,0.00,,
7085,08/29/2021 03:13:51,15.91,0.00,,
7086,08/29/2021 03:23:51,15.87,0.00,,
7087,08/29/2021 03:33:51,16.00,0.00,,
7088,08/29/2021 03:43:51,16.04,0.00,,
7089,08/29/2021 03:53:51,16.08,0.00,,
7090,08/29/2021 04:03:51,16.00,0.00,,
7091,08/29/2021 04:13:51,15.87,0.00,,
7092,08/29/2021 04:23:51,15.96,0.00,,
7093,08/29/2021 04:33:51,15.91,0.00,,
7094,08/29/2021 04:43:51,15.74,0.00,,
7095,08/29/2021 04:53:51,15.78,0.00,,
7096,08/29/2021 05:03:51,15.57,0.00,,
7097,08/29/2021 05:13:51,15.53,0.00,,
7098,08/29/2021 05:23:51,15.40,0.00,,
7099,08/29/2021 05:33:51,15.31,0.00,,
7100,08/29/2021 05:43:51,15.18,0.00,,
7101,08/29/2021 05:53:51,15.18,0.00,,
7102,08/29/2021 06:03:51,15.06,0.00,,
7103,08/29/2021 06:13:51,15.06,0.00,,
7104,08/29/2021 06:23:51,15.10,0.42,,
7105,08/29/2021 06:33:51,15.01,3.85,,
7106,08/29/2021 06:43:51,15.01,12.22,,
7107,08/29/2021 06:53:51,14.75,28.35,,
7108,08/29/2021 07:03:51,14.71,48.58,,
7109,08/29/2021 07:13:51,14.71,73.94,,
7110,08/29/2021 07:23:51,14.67,94.68,,
7111,08/29/2021 07:33:51,14.67,124.00,,
7112,08/29/2021 07:43:51,14.63,167.84,,
7113,08/29/2021 07:53:51,14.54,190.24,,
7114,08/29/2021 08:03:51,14.71,216.08,,
7115,08/29/2021 08:13:51,14.58,277.36,,
7116,08/29/2021 08:23:51,14.50,379.52,,
7117,08/29/2021 08:33:51,14.63,431.36,,
7118,08/29/2021 08:43:51,14.75,496.00,,
7119,08/29/2021 08:53:51,14.75,558.88,,
7120,08/29/2021 09:03:51,14.84,603.04,,
7121,08/29/2021 09:13:51,14.84,767.68,,
7122,08/29/2021 09:23:51,14.97,867.20,,
7123,08/29/2021 09:33:51,15.06,1104.32,,
7124,08/29/2021 09:43:51,15.23,1089.60,,
7125,08/29/2021 09:53:51,15.61,1876.48,,
7126,08/29/2021 10:03:51,15.96,1763.20,,
7127,08/29/2021 10:13:51,16.17,1702.40,,
7128,08/29/2021 10:23:51,16.30,1697.28,,
7129,08/29/2021 10:33:51,16.43,1652.48,,
7130,08/29/2021 10:43:51,16.56,1624.32,,
7131,08/29/2021 10:53:51,16.86,1632.00,,
7132,08/29/2021 11:03:51,17.29,1555.20,,
7133,08/29/2021 11:13:51,17.63,1525.76,,
7134,08/29/2021 11:23:51,17.97,1509.12,,
7135,08/29/2021 11:33:51,18.23,1539.84,,
7136,08/29/2021 11:43:51,18.44,1619.20,,
7137,08/29/2021 11:53:51,18.40,1568.00,,
7138,08/29/2021 12:03:51,18.14,1558.40,,
7139,08/29/2021 12:13:51,18.02,1543.04,,
7140,08/29/2021 12:23:51,17.84,1550.72,,
7141,08/29/2021 12:33:51,17.76,1608.96,,
7142,08/29/2021 12:43:51,17.72,1723.52,,
7143,08/29/2021 12:53:51,17.33,1669.76,,
7144,08/29/2021 13:03:51,17.33,1723.52,,
7145,08/29/2021 13:13:51,17.03,1720.32,,
7146,08/29/2021 13:23:51,16.90,1771.52,,
7147,08/29/2021 13:33:51,16.81,1828.48,,
7148,08/29/2021 13:43:51,16.60,1818.24,,
7149,08/29/2021 13:53:51,16.56,2008.32,,
7150,08/29/2021 14:03:51,16.43,1876.48,,
7151,08/29/2021 14:13:51,16.56,2138.24,,
7152,08/29/2021 14:23:51,16.47,2021.76,,
7153,08/29/2021 14:33:51,16.56,1925.76,,
7154,08/29/2021 14:43:51,16.56,1987.20,,
7155,08/29/2021 14:53:51,16.43,1813.12,,
7156,08/29/2021 15:03:51,16.43,1742.72,,
7157,08/29/2021 15:13:51,16.51,1687.04,,
7158,08/29/2021 15:23:51,16.69,1479.04,,
7159,08/29/2021 15:33:51,16.73,1477.12,,
7160,08/29/2021 15:43:51,16.51,1408.00,,
7161,08/29/2021 15:53:51,16.47,1338.88,,
7162,08/29/2021 16:03:51,16.17,1179.52,,
7163,08/29/2021 16:13:51,16.34,866.24,,
7164,08/29/2021 16:23:51,16.26,861.12,,
7165,08/29/2021 16:33:51,16.08,803.84,,
7166,08/29/2021 16:43:51,15.83,704.32,,
7167,08/29/2021 16:53:51,16.04,730.88,,
7168,08/29/2021 17:03:51,15.74,593.12,,
7169,08/29/2021 17:13:51,15.83,593.60,,
7170,08/29/2021 17:23:51,15.83,736.64,,
7171,08/29/2021 17:33:51,15.91,831.04,,
7172,08/29/2021 17:43:51,15.87,576.96,,
7173,08/29/2021 17:53:51,15.87,426.24,,
7174,08/29/2021 18:03:51,15.78,326.32,,
7175,08/29/2021 18:13:51,15.57,211.84,,
7176,08/29/2021 18:23:51,15.40,166.16,,
7177,08/29/2021 18:33:51,15.31,134.28,,
7178,08/29/2021 18:43:51,15.14,108.48,,
7179,08/29/2021 18:53:51,15.06,97.24,,
7180,08/29/2021 19:03:51,14.88,76.60,,
7181,08/29/2021 19:13:51,14.93,49.86,,
7182,08/29/2021 19:23:51,14.80,31.35,,
7183,08/29/2021 19:33:51,14.54,18.64,,
7184,08/29/2021 19:43:51,14.33,7.27,,
7185,08/29/2021 19:53:51,14.63,1.92,,
7186,08/29/2021 20:03:51,14.54,0.00,,
7187,08/29/2021 20:13:51,14.20,0.00,,
7188,08/29/2021 20:23:51,14.33,0.00,,
7189,08/29/2021 20:33:51,14.07,0.00,,
7190,08/29/2021 20:43:51,14.03,0.00,,
7191,08/29/2021 20:53:51,13.90,0.00,,
7192,08/29/2021 21:03:51,13.85,0.00,,
7193,08/29/2021 21:13:51,13.68,0.00,,
7194,08/29/2021 21:23:51,13.77,0.00,,
7195,08/29/2021 21:33:51,13.60,0.00,,
7196,08/29/2021 21:43:51,13.68,0.00,,
7197,08/29/2021 21:53:51,13.73,0.00,,
7198,08/29/2021 22:03:51,13.55,0.00,,
7199,08/29/2021 22:13:51,13.64,0.00,,
7200,08/29/2021 22:23:51,13.47,0.00,,
7201,08/29/2021 22:33:51,13.51,0.00,,
7202,08/29/2021 22:43:51,13.68,0.00,,
7203,08/29/2021 22:53:51,13.47,0.00,,
7204,08/29/2021 23:03:51,13.38,0.00,,
7205,08/29/2021 23:13:51,13.55,0.00,,
7206,08/29/2021 23:23:51,13.47,0.00,,
7207,08/29/2021 23:33:51,13.51,0.00,,
7208,08/29/2021 23:43:51,13.55,0.00,,
7209,08/29/2021 23:53:51,13.34,0.00,,
7210,08/30/2021 00:03:51,13.38,0.00,,
7211,08/30/2021 00:13:51,13.51,0.00,,
7212,08/30/2021 00:23:51,13.21,0.00,,
7213,08/30/2021 00:33:51,13.25,0.00,,
7214,08/30/2021 00:43:51,13.34,0.00,,
7215,08/30/2021 00:53:51,13.34,0.00,,
7216,08/30/2021 01:03:51,13.34,0.00,,
7217,08/30/2021 01:13:51,13.47,0.00,,
7218,08/30/2021 01:23:51,13.47,0.00,,
7219,08/30/2021 01:33:51,13.47,0.00,,
7220,08/30/2021 01:43:51,13.43,0.00,,
7221,08/30/2021 01:53:51,13.34,0.00,,
7222,08/30/2021 02:03:51,13.30,0.00,,
7223,08/30/2021 02:13:51,13.30,0.00,,
7224,08/30/2021 02:23:51,13.43,0.00,,
7225,08/30/2021 02:33:51,13.34,0.00,,
7226,08/30/2021 02:43:51,13.55,0.00,,
7227,08/30/2021 02:53:51,13.68,0.00,,
7228,08/30/2021 03:03:51,13.68,0.00,,
7229,08/30/2021 03:13:51,13.81,0.00,,
7230,08/30/2021 03:23:51,13.64,0.00,,
7231,08/30/2021 03:33:51,13.81,0.00,,
7232,08/30/2021 03:43:51,13.94,0.00,,
7233,08/30/2021 03:53:51,13.94,0.00,,
7234,08/30/2021 04:03:51,13.90,0.00,,
7235,08/30/2021 04:13:51,14.03,0.00,,
7236,08/30/2021 04:23:51,13.94,0.00,,
7237,08/30/2021 04:33:51,13.94,0.00,,
7238,08/30/2021 04:43:51,14.03,0.00,,
7239,08/30/2021 04:53:51,13.85,0.00,,
7240,08/30/2021 05:03:51,13.85,0.00,,
7241,08/30/2021 05:13:51,13.98,0.00,,
7242,08/30/2021 05:23:51,14.03,0.00,,
7243,08/30/2021 05:33:51,13.85,0.00,,
7244,08/30/2021 05:43:51,13.68,0.00,,
7245,08/30/2021 05:53:51,13.60,0.00,,
7246,08/30/2021 06:03:51,13.68,0.00,,
7247,08/30/2021 06:13:51,13.77,0.00,,
7248,08/30/2021 06:23:51,13.77,0.00,,
7249,08/30/2021 06:33:51,13.85,2.56,,
7250,08/30/2021 06:43:51,13.73,9.22,,
7251,08/30/2021 06:53:51,13.64,19.95,,
7252,08/30/2021 07:03:51,13.73,32.63,,
7253,08/30/2021 07:13:51,13.68,52.00,,
7254,08/30/2021 07:23:51,13.55,75.76,,
7255,08/30/2021 07:33:51,13.38,105.08,,
7256,08/30/2021 07:43:51,13.43,135.12,,
7257,08/30/2021 07:53:51,13.43,164.40,,
7258,08/30/2021 08:03:51,13.55,198.96,,
7259,08/30/2021 08:13:51,13.47,257.44,,
7260,08/30/2021 08:23:51,13.68,305.76,,
7261,08/30/2021 08:33:51,13.51,345.28,,
7262,08/30/2021 08:43:51,13.47,386.88,,
7263,08/30/2021 08:53:51,13.51,430.56,,
7264,08/30/2021 09:03:51,13.38,473.76,,
7265,08/30/2021 09:13:51,13.43,537.60,,
7266,08/30/2021 09:23:51,13.47,523.84,,
7267,08/30/2021 09:33:51,13.60,495.20,,
7268,08/30/2021 09:43:51,13.68,523.84,,
7269,08/30/2021 09:53:51,13.90,582.08,,
7270,08/30/2021 10:03:51,13.85,617.60,,
7271,08/30/2021 10:13:51,14.07,667.52,,
7272,08/30/2021 10:23:51,14.28,742.40,,
7273,08/30/2021 10:33:51,14.37,843.84,,
7274,08/30/2021 10:43:51,14.33,905.60,,
7275,08/30/2021 10:53:51,14.50,906.56,,
7276,08/30/2021 11:03:51,14.58,1031.36,,
7277,08/30/2021 11:13:51,14.84,1120.32,,
7278,08/30/2021 11:23:51,14.88,1196.48,,
7279,08/30/2021 11:33:51,15.01,1621.12,,
7280,08/30/2021 11:43:51,15.14,1624.32,,
7281,08/30/2021 11:53:51,15.36,1857.28,,
7282,08/30/2021 12:03:51,15.44,1720.96,,
7283,08/30/2021 12:13:51,15.36,1515.52,,
7284,08/30/2021 12:23:51,15.36,1500.16,,
7285,08/30/2021 12:33:51,15.44,1493.76,,
7286,08/30/2021 12:43:51,15.61,1496.96,,
7287,08/30/2021 12:53:51,15.83,1514.24,,
7288,08/30/2021 13:03:51,15.91,1534.08,,
7289,08/30/2021 13:13:51,15.87,1510.40,,
7290,08/30/2021 13:23:51,15.96,1517.44,,
7291,08/30/2021 13:33:51,15.66,1502.08,,
7292,08/30/2021 13:43:51,15.70,1498.88,,
7293,08/30/2021 13:53:51,15.53,1497.60,,
7294,08/30/2021 14:03:51,15.57,1649.28,,
7295,08/30/2021 14:13:51,15.78,1664.64,,
7296,08/30/2021 14:23:51,15.96,1699.84,,
7297,08/30/2021 14:33:51,16.17,1717.76,,
7298,08/30/2021 14:43:51,15.78,1874.56,,
7299,08/30/2021 14:53:51,15.78,1867.52,,
7300,08/30/2021 15:03:51,15.78,1941.12,,
7301,08/30/2021 15:13:51,15.83,2266.88,,
7302,08/30/2021 15:23:51,15.96,2496.00,,
7303,08/30/2021 15:33:51,16.08,2503.04,,
7304,08/30/2021 15:43:51,16.34,2523.52,,
7305,08/30/2021 15:53:51,16.34,2524.80,,
7306,08/30/2021 16:03:51,16.34,2528.64,,
7307,08/30/2021 16:13:51,16.51,2718.72,,
7308,08/30/2021 16:23:51,16.56,2663.68,,
7309,08/30/2021 16:33:51,16.51,3045.12,,
7310,08/30/2021 16:43:51,16.47,3056.64,,
7311,08/30/2021 16:53:51,16.60,2977.28,,
7312,08/30/2021 17:03:51,16.60,3608.32,,
7313,08/30/2021 17:13:51,16.69,3461.12,,
7314,08/30/2021 17:23:51,16.73,3379.20,,
7315,08/30/2021 17:33:51,16.77,3859.20,,
7316,08/30/2021 17:43:51,16.99,3636.48,,
7317,08/30/2021 17:53:51,16.90,4111.36,,
7318,08/30/2021 18:03:51,17.03,3667.20,,
7319,08/30/2021 18:13:51,17.11,3649.28,,
7320,08/30/2021 18:23:51,17.11,4037.12,,
7321,08/30/2021 18:33:51,17.11,3872.00,,
7322,08/30/2021 18:43:51,17.16,3034.88,,
7323,08/30/2021 18:53:51,17.11,2705.92,,
7324,08/30/2021 19:03:51,16.90,2055.68,,
7325,08/30/2021 19:13:51,16.69,1400.32,,
7326,08/30/2021 19:23:51,16.47,582.88,,
7327,08/30/2021 19:33:51,16.34,132.76,,
7328,08/30/2021 19:43:51,16.30,51.62,,
7329,08/30/2021 19:53:51,16.17,15.70,,
7330,08/30/2021 20:03:51,16.17,2.78,,
7331,08/30/2021 20:13:51,16.26,0.00,,
7332,08/30/2021 20:23:51,16.34,0.00,,
7333,08/30/2021 20:33:51,16.30,0.00,,
7334,08/30/2021 20:43:51,16.04,0.00,,
7335,08/30/2021 20:53:51,15.91,0.00,,
7336,08/30/2021 21:03:51,15.83,0.00,,
7337,08/30/2021 21:13:51,15.83,0.00,,
7338,08/30/2021 21:23:51,15.61,0.00,,
7339,08/30/2021 21:33:51,15.74,0.00,,
7340,08/30/2021 21:43:51,15.74,0.00,,
7341,08/30/2021 21:53:51,15.78,0.00,,
7342,08/30/2021 22:03:51,15.87,0.00,,
7343,08/30/2021 22:13:51,16.00,0.00,,
7344,08/30/2021 22:23:51,15.83,0.00,,
7345,08/30/2021 22:33:51,15.70,0.00,,
7346,08/30/2021 22:43:51,15.53,0.00,,
7347,08/30/2021 22:53:51,15.44,0.00,,
7348,08/30/2021 23:03:51,15.40,0.00,,
7349,08/30/2021 23:13:51,15.44,0.00,,
7350,08/30/2021 23:23:51,15.44,0.00,,
7351,08/30/2021 23:33:51,15.48,0.00,,
7352,08/30/2021 23:43:51,15.36,0.00,,
7353,08/30/2021 23:53:51,15.36,0.00,,
7354,08/31/2021 00:03:51,15.31,0.00,,
7355,08/31/2021 00:13:51,15.23,0.00,,
7356,08/31/2021 00:23:51,15.18,0.00,,
7357,08/31/2021 00:33:51,15.18,0.00,,
7358,08/31/2021 00:43:51,15.18,0.00,,
7359,08/31/2021 00:53:51,15.06,0.00,,
7360,08/31/2021 01:03:51,15.01,0.00,,
7361,08/31/2021 01:13:51,15.01,0.00,,
7362,08/31/2021 01:23:51,14.97,0.00,,
7363,08/31/2021 01:33:51,14.88,0.00,,
7364,08/31/2021 01:43:51,14.84,0.00,,
7365,08/31/2021 01:53:51,14.88,0.00,,
7366,08/31/2021 02:03:51,14.88,0.00,,
7367,08/31/2021 02:13:51,14.75,0.00,,
7368,08/31/2021 02:23:51,14.71,0.00,,
7369,08/31/2021 02:33:51,14.67,0.00,,
7370,08/31/2021 02:43:51,14.63,0.00,,
7371,08/31/2021 02:53:51,14.58,0.00,,
7372,08/31/2021 03:03:51,14.54,0.00,,
7373,08/31/2021 03:13:51,14.45,0.00,,
7374,08/31/2021 03:23:51,14.45,0.00,,
7375,08/31/2021 03:33:51,14.45,0.00,,
7376,08/31/2021 03:43:51,14.41,0.00,,
7377,08/31/2021 03:53:51,14.24,0.00,,
7378,08/31/2021 04:03:51,14.37,0.00,,
7379,08/31/2021 04:13:51,14.37,0.00,,
7380,08/31/2021 04:23:51,14.50,0.00,,
7381,08/31/2021 04:33:51,14.50,0.00,,
7382,08/31/2021 04:43:51,14.45,0.00,,
7383,08/31/2021 04:53:51,14.41,0.00,,
7384,08/31/2021 05:03:51,14.28,0.00,,
7385,08/31/2021 05:13:51,14.15,0.00,,
7386,08/31/2021 05:23:51,13.94,0.00,,
7387,08/31/2021 05:33:51,13.73,0.00,,
7388,08/31/2021 05:43:51,13.64,0.00,,
7389,08/31/2021 05:53:51,13.90,0.00,,
7390,08/31/2021 06:03:51,14.24,0.00,,
7391,08/31/2021 06:13:51,14.24,0.00,,
7392,08/31/2021 06:23:51,14.11,1.71,,
7393,08/31/2021 06:33:51,14.15,11.82,,
7394,08/31/2021 06:43:51,14.11,43.86,,
7395,08/31/2021 06:53:51,14.15,101.52,,
7396,08/31/2021 07:03:51,14.20,173.92,,
7397,08/31/2021 07:13:51,14.24,250.56,,
7398,08/31/2021 07:23:51,14.33,365.92,,
7399,08/31/2021 07:33:51,14.54,877.44,,
7400,08/31/2021 07:43:51,14.84,1188.16,,
7401,08/31/2021 07:53:51,14.88,1441.92,,
7402,08/31/2021 08:03:51,15.06,1445.76,,
7403,08/31/2021 08:13:51,15.31,1765.76,,
7404,08/31/2021 08:23:51,15.36,1623.04,,
7405,08/31/2021 08:33:51,15.44,1696.64,,
7406,08/31/2021 08:43:51,15.53,1910.40,,
7407,08/31/2021 08:53:51,15.70,2054.40,,
7408,08/31/2021 09:03:51,15.83,1884.80,,
7409,08/31/2021 09:13:51,16.00,1895.04,,
7410,08/31/2021 09:23:51,16.04,1752.96,,
7411,08/31/2021 09:33:51,16.30,1932.80,,
7412,08/31/2021 09:43:51,16.43,1725.44,,
7413,08/31/2021 09:53:51,16.73,1631.36,,
7414,08/31/2021 10:03:51,16.90,1643.52,,
7415,08/31/2021 10:13:51,17.07,1713.28,,
7416,08/31/2021 10:23:51,17.37,1610.88,,
7417,08/31/2021 10:33:51,17.50,1511.68,,
7418,08/31/2021 10:43:51,17.59,1568.64,,
7419,08/31/2021 10:53:51,17.37,1607.68,,
7420,08/31/2021 11:03:51,17.29,1454.72,,
7421,08/31/2021 11:13:51,17.24,1416.32,,
7422,08/31/2021 11:23:51,17.29,1468.80,,
7423,08/31/2021 11:33:51,17.11,1410.56,,
7424,08/31/2021 11:43:51,17.29,1425.92,,
7425,08/31/2021 11:53:51,17.50,1341.44,,
7426,08/31/2021 12:03:51,17.41,1397.76,,
7427,08/31/2021 12:13:51,17.54,1342.08,,
7428,08/31/2021 12:23:51,17.59,1283.20,,
7429,08/31/2021 12:33:51,17.11,1354.24,,
7430,08/31/2021 12:43:51,16.73,1340.16,,
7431,08/31/2021 12:53:51,16.81,1378.56,,
7432,08/31/2021 13:03:51,16.64,1377.28,,
7433,08/31/2021 13:13:51,16.56,1431.68,,
7434,08/31/2021 13:23:51,16.51,1427.84,,
7435,08/31/2021 13:33:51,16.60,1454.72,,
7436,08/31/2021 13:43:51,16.64,1466.24,,
7437,08/31/2021 13:53:51,16.77,1473.28,,
7438,08/31/2021 14:03:51,16.73,1532.16,,
7439,08/31/2021 14:13:51,16.81,1634.56,,
7440,08/31/2021 14:23:51,16.64,1653.76,,
7441,08/31/2021 14:33:51,16.64,1768.32,,
7442,08/31/2021 14:43:51,16.64,1823.36,,
7443,08/31/2021 14:53:51,16.47,1888.00,,
7444,08/31/2021 15:03:51,16.51,1960.32,,
7445,08/31/2021 15:13:51,16.30,2003.20,,
7446,08/31/2021 15:23:51,16.26,2060.80,,
7447,08/31/2021 15:33:51,16.26,2167.04,,
7448,08/31/2021 15:43:51,16.13,2336.64,,
7449,08/31/2021 15:53:51,16.17,2432.64,,
7450,08/31/2021 16:03:51,16.13,2465.28,,
7451,08/31/2021 16:13:51,16.26,2769.92,,
7452,08/31/2021 16:23:51,16.34,2984.96,,
7453,08/31/2021 16:33:51,16.39,3207.68,,
7454,08/31/2021 16:43:51,16.47,3505.92,,
7455,08/31/2021 16:53:51,16.60,3201.28,,
7456,08/31/2021 17:03:51,16.73,3281.92,,
7457,08/31/2021 17:13:51,16.73,3496.96,,
7458,08/31/2021 17:23:51,16.73,3581.44,,
7459,08/31/2021 17:33:51,16.69,3571.20,,
7460,08/31/2021 17:43:51,16.90,3841.28,,
7461,08/31/2021 17:53:51,16.99,4800.00,,
7462,08/31/2021 18:03:51,17.07,3752.96,,
7463,08/31/2021 18:13:51,17.11,3331.84,,
7464,08/31/2021 18:23:51,16.99,4084.48,,
7465,08/31/2021 18:33:51,16.86,3445.76,,
7466,08/31/2021 18:43:51,16.81,2882.56,,
7467,08/31/2021 18:53:51,16.77,2604.16,,
7468,08/31/2021 19:03:51,16.69,1850.24,,
7469,08/31/2021 19:13:51,16.39,1172.80,,
7470,08/31/2021 19:23:51,16.13,498.56,,
7471,08/31/2021 19:33:51,16.00,115.56,,
7472,08/31/2021 19:43:51,15.87,43.44,,
7473,08/31/2021 19:53:51,15.87,11.18,,
7474,08/31/2021 20:03:51,15.78,1.71,,
7475,08/31/2021 20:13:51,15.87,0.00,,
7476,08/31/2021 20:23:51,15.61,0.00,,
7477,08/31/2021 20:33:51,15.70,0.00,,
7478,08/31/2021 20:43:51,15.74,0.00,,
7479,08/31/2021 20:53:51,15.61,0.00,,
7480,08/31/2021 21:03:51,15.57,0.00,,
7481,08/31/2021 21:13:51,15.44,0.00,,
7482,08/31/2021 21:23:51,15.31,0.00,,
7483,08/31/2021 21:33:51,15.27,0.00,,
7484,08/31/2021 21:43:51,15.27,0.00,,
7485,08/31/2021 21:53:51,15.06,0.00,,
7486,08/31/2021 22:03:51,15.18,0.00,,
7487,08/31/2021 22:13:51,15.18,0.00,,
7488,08/31/2021 22:23:51,15.18,0.00,,
7489,08/31/2021 22:33:51,15.06,0.00,,
7490,08/31/2021 22:43:51,15.01,0.00,,
7491,08/31/2021 22:53:51,15.01,0.00,,
7492,08/31/2021 23:03:51,14.84,0.00,,
7493,08/31/2021 23:13:51,14.84,0.00,,
7494,08/31/2021 23:23:51,14.88,0.00,,
7495,08/31/2021 23:33:51,14.75,0.00,,
7496,08/31/2021 23:43:51,14.71,0.00,,
7497,08/31/2021 23:53:51,14.71,0.00,,
7498,09/01/2021 00:03:51,14.63,0.00,,
7499,09/01/2021 00:13:51,14.58,0.00,,
7500,09/01/2021 00:23:51,14.58,0.00,,
7501,09/01/2021 00:33:51,14.58,0.00,,
7502,09/01/2021 00:43:51,14.54,0.00,,
7503,09/01/2021 00:53:51,14.45,0.00,,
7504,09/01/2021 01:03:51,14.41,0.00,,
7505,09/01/2021 01:13:51,14.33,0.00,,
7506,09/01/2021 01:23:51,14.50,0.00,,
7507,09/01/2021 01:33:51,14.37,0.00,,
7508,09/01/2021 01:43:51,14.33,0.00,,
7509,09/01/2021 01:53:51,14.24,0.00,,
7510,09/01/2021 02:03:51,14.11,0.00,,
7511,09/01/2021 02:13:51,14.03,0.00,,
7512,09/01/2021 02:23:51,13.90,0.00,,
7513,09/01/2021 02:33:51,13.94,0.00,,
7514,09/01/2021 02:43:51,13.90,0.00,,
7515,09/01/2021 02:53:51,13.94,0.00,,
7516,09/01/2021 03:03:51,13.81,0.00,,
7517,09/01/2021 03:13:51,13.85,0.00,,
7518,09/01/2021 03:23:51,13.73,0.00,,
7519,09/01/2021 03:33:51,13.77,0.00,,
7520,09/01/2021 03:43:51,13.77,0.00,,
7521,09/01/2021 03:53:51,13.73,0.00,,
7522,09/01/2021 04:03:51,13.81,0.00,,
7523,09/01/2021 04:13:51,13.77,0.00,,
7524,09/01/2021 04:23:51,13.81,0.00,,
7525,09/01/2021 04:33:51,13.98,0.00,,
7526,09/01/2021 04:43:51,13.94,0.00,,
7527,09/01/2021 04:53:51,13.68,0.00,,
7528,09/01/2021 05:03:51,13.47,0.00,,
7529,09/01/2021 05:13:51,13.34,0.00,,
7530,09/01/2021 05:23:51,13.21,0.00,,
7531,09/01/2021 05:33:51,13.30,0.00,,
7532,09/01/2021 05:43:51,13.38,0.00,,
7533,09/01/2021 05:53:51,13.55,0.00,,
7534,09/01/2021 06:03:51,13.51,0.00,,
7535,09/01/2021 06:13:51,13.34,0.00,,
7536,09/01/2021 06:23:51,13.21,0.00,,
7537,09/01/2021 06:33:51,13.30,2.56,,
7538,09/01/2021 06:43:51,13.38,9.87,,
7539,09/01/2021 06:53:51,13.17,23.59,,
7540,09/01/2021 07:03:51,13.17,41.24,,
7541,09/01/2021 07:13:51,13.30,58.90,,
7542,09/01/2021 07:23:51,13.25,80.88,,
7543,09/01/2021 07:33:51,13.38,91.24,,
7544,09/01/2021 07:43:51,13.30,113.64,,
7545,09/01/2021 07:53:51,13.38,148.08,,
7546,09/01/2021 08:03:51,13.55,164.40,,
7547,09/01/2021 08:13:51,13.47,188.48,,
7548,09/01/2021 08:23:51,13.55,216.96,,
7549,09/01/2021 08:33:51,13.68,251.44,,
7550,09/01/2021 08:43:51,13.90,298.72,,
7551,09/01/2021 08:53:51,13.85,332.32,,
7552,09/01/2021 09:03:51,13.85,362.40,,
7553,09/01/2021 09:13:51,14.07,397.92,,
7554,09/01/2021 09:23:51,14.15,401.44,,
7555,09/01/2021 09:33:51,14.15,488.32,,
7556,09/01/2021 09:43:51,14.24,489.12,,
7557,09/01/2021 09:53:51,14.41,554.72,,
7558,09/01/2021 10:03:51,14.45,602.24,,
7559,09/01/2021 10:13:51,14.58,605.60,,
7560,09/01/2021 10:23:51,14.67,596.96,,
7561,09/01/2021 10:33:51,14.67,689.92,,
7562,09/01/2021 10:43:51,14.80,704.32,,
7563,09/01/2021 10:53:51,14.71,728.00,,
7564,09/01/2021 11:03:51,14.71,688.00,,
7565,09/01/2021 11:13:51,14.80,712.00,,
7566,09/01/2021 11:23:51,14.84,815.68,,
7567,09/01/2021 11:33:51,14.88,916.80,,
7568,09/01/2021 11:43:51,14.84,955.20,,
7569,09/01/2021 11:53:51,14.88,931.20,,
7570,09/01/2021 12:03:51,14.93,938.88,,
7571,09/01/2021 12:13:51,14.84,1114.56,,
7572,09/01/2021 12:23:51,15.01,993.60,,
7573,09/01/2021 12:33:51,15.06,1104.96,,
7574,09/01/2021 12:43:51,14.97,1108.48,,
7575,09/01/2021 12:53:51,15.10,1139.20,,
7576,09/01/2021 13:03:51,15.10,1320.32,,
7577,09/01/2021 13:13:51,15.18,1275.52,,
7578,09/01/2021 13:23:51,15.31,1412.48,,
7579,09/01/2021 13:33:51,15.31,1382.40,,
7580,09/01/2021 13:43:51,15.36,1337.60,,
7581,09/01/2021 13:53:51,15.44,1289.92,,
7582,09/01/2021 14:03:51,15.18,1333.76,,
7583,09/01/2021 14:13:51,15.01,1532.16,,
7584,09/01/2021 14:23:51,15.18,1646.08,,
7585,09/01/2021 14:33:51,15.27,1955.20,,
7586,09/01/2021 14:43:51,15.36,2862.08,,
7587,09/01/2021 14:53:51,15.36,2140.16,,
7588,09/01/2021 15:03:51,15.31,1951.36,,
7589,09/01/2021 15:13:51,15.27,1992.32,,
7590,09/01/2021 15:23:51,15.06,1557.76,,
7591,09/01/2021 15:33:51,15.23,1841.92,,
7592,09/01/2021 15:43:51,15.18,1288.96,,
7593,09/01/2021 15:53:51,15.18,1431.68,,
7594,09/01/2021 16:03:51,15.23,1349.76,,
7595,09/01/2021 16:13:51,15.23,1087.04,,
7596,09/01/2021 16:23:51,15.23,1108.48,,
7597,09/01/2021 16:33:51,15.36,899.52,,
7598,09/01/2021 16:43:51,15.23,715.52,,
7599,09/01/2021 16:53:51,15.18,590.56,,
7600,09/01/2021 17:03:51,15.27,604.80,,
7601,09/01/2021 17:13:51,15.27,582.08,,
7602,09/01/2021 17:23:51,15.27,548.64,,
7603,09/01/2021 17:33:51,15.27,483.20,,
7604,09/01/2021 17:43:51,15.23,364.96,,
7605,09/01/2021 17:53:51,15.10,315.20,,
7606,09/01/2021 18:03:51,15.18,244.56,,
7607,09/01/2021 18:13:51,15.14,195.60,,
7608,09/01/2021 18:23:51,15.06,163.48,,
7609,09/01/2021 18:33:51,14.93,147.24,,
7610,09/01/2021 18:43:51,14.84,117.04,,
7611,09/01/2021 18:53:51,14.84,88.60,,
7612,09/01/2021 19:03:51,14.71,55.90,,
7613,09/01/2021 19:13:51,14.67,40.39,,
7614,09/01/2021 19:23:51,14.67,23.59,,
7615,09/01/2021 19:33:51,14.71,12.01,,
7616,09/01/2021 19:43:51,14.71,4.28,,
7617,09/01/2021 19:53:51,14.54,0.64,,
7618,09/01/2021 20:03:51,14.45,0.00,,
7619,09/01/2021 20:13:51,14.54,0.00,,
7620,09/01/2021 20:23:51,14.50,0.00,,
7621,09/01/2021 20:33:51,14.54,0.00,,
7622,09/01/2021 20:43:51,14.37,0.00,,
7623,09/01/2021 20:53:51,14.37,0.00,,
7624,09/01/2021 21:03:51,14.41,0.00,,
7625,09/01/2021 21:13:51,14.37,0.00,,
7626,09/01/2021 21:23:51,14.24,0.00,,
7627,09/01/2021 21:33:51,13.94,0.00,,
7628,09/01/2021 21:43:51,14.07,0.00,,
7629,09/01/2021 21:53:51,14.28,0.00,,
7630,09/01/2021 22:03:51,14.37,0.00,,
7631,09/01/2021 22:13:51,14.07,0.00,,
7632,09/01/2021 22:23:51,13.98,0.00,,
7633,09/01/2021 22:33:51,14.07,0.00,,
7634,09/01/2021 22:43:51,13.94,0.00,,
7635,09/01/2021 22:53:51,13.90,0.00,,
7636,09/01/2021 23:03:51,13.85,0.00,,
7637,09/01/2021 23:13:51,14.07,0.00,,
7638,09/01/2021 23:23:51,14.03,0.00,,
7639,09/01/2021 23:33:51,13.94,0.00,,
7640,09/01/2021 23:43:51,13.98,0.00,,
7641,09/01/2021 23:53:51,14.03,0.00,,
7642,09/02/2021 00:03:51,14.07,0.00,,
7643,09/02/2021 00:13:51,14.03,0.00,,
7644,09/02/2021 00:23:51,13.90,0.00,,
7645,09/02/2021 00:33:51,14.03,0.00,,
7646,09/02/2021 00:43:51,13.90,0.00,,
7647,09/02/2021 00:53:51,13.85,0.00,,
7648,09/02/2021 01:03:51,13.90,0.00,,
7649,09/02/2021 01:13:51,13.94,0.00,,
7650,09/02/2021 01:23:51,13.94,0.00,,
7651,09/02/2021 01:33:51,13.85,0.00,,
7652,09/02/2021 01:43:51,13.98,0.00,,
7653,09/02/2021 01:53:51,14.03,0.00,,
7654,09/02/2021 02:03:51,13.94,0.00,,
7655,09/02/2021 02:13:51,13.90,0.00,,
7656,09/02/2021 02:23:51,13.94,0.00,,
7657,09/02/2021 02:33:51,13.85,0.00,,
7658,09/02/2021 02:43:51,13.85,0.00,,
7659,09/02/2021 02:53:51,13.98,0.00,,
7660,09/02/2021 03:03:51,13.98,0.00,,
7661,09/02/2021 03:13:51,13.94,0.00,,
7662,09/02/2021 03:23:51,13.90,0.00,,
7663,09/02/2021 03:33:51,13.90,0.00,,
7664,09/02/2021 03:43:51,13.85,0.00,,
7665,09/02/2021 03:53:51,13.98,0.00,,
7666,09/02/2021 04:03:51,13.85,0.00,,
7667,09/02/2021 04:13:51,13.90,0.00,,
7668,09/02/2021 04:23:51,13.94,0.00,,
7669,09/02/2021 04:33:51,13.90,0.00,,
7670,09/02/2021 04:43:51,13.85,0.00,,
7671,09/02/2021 04:53:51,13.81,0.00,,
7672,09/02/2021 05:03:51,13.81,0.00,,
7673,09/02/2021 05:13:51,13.77,0.00,,
7674,09/02/2021 05:23:51,13.73,0.00,,
7675,09/02/2021 05:33:51,13.81,0.00,,
7676,09/02/2021 05:43:51,13.77,0.00,,
7677,09/02/2021 05:53:51,13.77,0.00,,
7678,09/02/2021 06:03:51,13.81,0.00,,
7679,09/02/2021 06:13:51,13.81,0.00,,
7680,09/02/2021 06:23:51,13.81,0.00,,
7681,09/02/2021 06:33:51,13.85,1.49,,
7682,09/02/2021 06:43:51,13.85,8.34,,
7683,09/02/2021 06:53:51,13.94,19.74,,
7684,09/02/2021 07:03:51,13.98,34.83,,
7685,09/02/2021 07:13:51,14.11,49.42,,
7686,09/02/2021 07:23:51,14.11,67.14,,
7687,09/02/2021 07:33:51,14.24,96.40,,
7688,09/02/2021 07:43:51,14.28,128.28,,
7689,09/02/2021 07:53:51,14.33,154.92,,
7690,09/02/2021 08:03:51,14.33,190.24,,
7691,09/02/2021 08:13:51,14.33,229.20,,
7692,09/02/2021 08:23:51,14.37,281.60,,
7693,09/02/2021 08:33:51,14.50,342.72,,
7694,09/02/2021 08:43:51,14.50,424.48,,
7695,09/02/2021 08:53:51,14.63,478.08,,
7696,09/02/2021 09:03:51,14.75,544.32,,
7697,09/02/2021 09:13:51,14.84,706.88,,
7698,09/02/2021 09:23:51,15.01,864.32,,
7699,09/02/2021 09:33:51,15.36,980.80,,
7700,09/02/2021 09:43:51,15.27,1338.88,,
7701,09/02/2021 09:53:51,15.44,1326.72,,
7702,09/02/2021 10:03:51,15.53,1823.36,,
7703,09/02/2021 10:13:51,15.70,1752.96,,
7704,09/02/2021 10:23:51,15.74,1745.92,,
7705,09/02/2021 10:33:51,15.83,1752.32,,
7706,09/02/2021 10:43:51,15.91,1633.92,,
7707,09/02/2021 10:53:51,15.87,1672.32,,
7708,09/02/2021 11:03:51,16.17,1562.24,,
7709,09/02/2021 11:13:51,16.08,1534.08,,
7710,09/02/2021 11:23:51,16.17,1651.20,,
7711,09/02/2021 11:33:51,16.26,1588.48,,
7712,09/02/2021 11:43:51,16.34,1677.44,,
7713,09/02/2021 11:53:51,16.47,1600.64,,
7714,09/02/2021 12:03:51,16.17,1628.80,,
7715,09/02/2021 12:13:51,16.13,1549.44,,
7716,09/02/2021 12:23:51,16.00,1586.56,,
7717,09/02/2021 12:33:51,15.83,1606.40,,
7718,09/02/2021 12:43:51,15.74,1638.40,,
7719,09/02/2021 12:53:51,15.66,1613.44,,
7720,09/02/2021 13:03:51,15.78,1636.48,,
7721,09/02/2021 13:13:51,15.78,1659.52,,
7722,09/02/2021 13:23:51,15.83,1600.64,,
7723,09/02/2021 13:33:51,15.78,1590.40,,
7724,09/02/2021 13:43:51,15.96,1598.08,,
7725,09/02/2021 13:53:51,15.78,1689.60,,
7726,09/02/2021 14:03:51,15.87,1712.64,,
7727,09/02/2021 14:13:51,15.91,1783.68,,
7728,09/02/2021 14:23:51,15.87,1804.16,,
7729,09/02/2021 14:33:51,16.08,1821.44,,
7730,09/02/2021 14:43:51,15.91,1941.12,,
7731,09/02/2021 14:53:51,16.00,2013.44,,
7732,09/02/2021 15:03:51,15.87,2081.92,,
7733,09/02/2021 15:13:51,16.08,2209.92,,
7734,09/02/2021 15:23:51,15.91,2324.48,,
7735,09/02/2021 15:33:51,15.91,2372.48,,
7736,09/02/2021 15:43:51,15.91,2316.16,,
7737,09/02/2021 15:53:51,16.04,2663.68,,
7738,09/02/2021 16:03:51,15.91,2667.52,,
7739,09/02/2021 16:13:51,15.91,2772.48,,
7740,09/02/2021 16:23:51,15.91,2781.44,,
7741,09/02/2021 16:33:51,16.13,3065.60,,
7742,09/02/2021 16:43:51,15.96,2908.16,,
7743,09/02/2021 16:53:51,16.00,3068.16,,
7744,09/02/2021 17:03:51,16.00,2936.32,,
7745,09/02/2021 17:13:51,16.13,3098.88,,
7746,09/02/2021 17:23:51,16.34,3105.28,,
7747,09/02/2021 17:33:51,16.47,3202.56,,
7748,09/02/2021 17:43:51,16.43,2956.80,,
7749,09/02/2021 17:53:51,16.64,2745.60,,
7750,09/02/2021 18:03:51,16.43,2595.20,,
7751,09/02/2021 18:13:51,16.34,2348.80,,
7752,09/02/2021 18:23:51,15.96,1077.76,,
7753,09/02/2021 18:33:51,15.57,540.16,,
7754,09/02/2021 18:43:51,15.40,279.04,,
7755,09/02/2021 18:53:51,15.10,150.64,,
7756,09/02/2021 19:03:51,15.06,90.28,,
7757,09/02/2021 19:13:51,15.06,52.42,,
7758,09/02/2021 19:23:51,14.97,30.49,,
7759,09/02/2021 19:33:51,14.84,14.36,,
7760,09/02/2021 19:43:51,14.63,4.49,,
7761,09/02/2021 19:53:51,14.71,0.42,,
7762,09/02/2021 20:03:51,14.50,0.00,,
7763,09/02/2021 20:13:51,14.63,0.00,,
7764,09/02/2021 20:23:51,14.50,0.00,,
7765,09/02/2021 20:33:51,14.54,0.00,,
7766,09/02/2021 20:43:51,14.45,0.00,,
7767,09/02/2021 20:53:51,14.63,0.00,,
7768,09/02/2021 21:03:51,14.24,0.00,,
7769,09/02/2021 21:13:51,14.54,0.00,,
7770,09/02/2021 21:23:51,14.37,0.00,,
7771,09/02/2021 21:33:51,14.15,0.00,,
7772,09/02/2021 21:43:51,14.03,0.00,,
7773,09/02/2021 21:53:51,13.94,0.00,,
7774,09/02/2021 22:03:51,14.07,0.00,,
7775,09/02/2021 22:13:51,13.68,0.00,,
7776,09/02/2021 22:23:51,13.68,0.00,,
7777,09/02/2021 22:33:51,13.60,0.00,,
7778,09/02/2021 22:43:51,13.60,0.00,,
7779,09/02/2021 22:53:51,13.68,0.00,,
7780,09/02/2021 23:03:51,13.64,0.00,,
7781,09/02/2021 23:13:51,13.73,0.00,,
7782,09/02/2021 23:23:51,13.60,0.00,,
7783,09/02/2021 23:33:51,13.68,0.00,,
7784,09/02/2021 23:43:51,13.60,0.00,,
7785,09/02/2021 23:53:51,13.60,0.00,,
7786,09/03/2021 00:03:51,13.55,0.00,,
7787,09/03/2021 00:13:51,13.34,0.00,,
7788,09/03/2021 00:23:51,13.34,0.00,,
7789,09/03/2021 00:33:51,13.38,0.00,,
7790,09/03/2021 00:43:51,13.47,0.00,,
7791,09/03/2021 00:53:51,13.43,0.00,,
7792,09/03/2021 01:03:51,13.21,0.00,,
7793,09/03/2021 01:13:51,13.30,0.00,,
7794,09/03/2021 01:23:51,13.04,0.00,,
7795,09/03/2021 01:33:51,12.95,0.00,,
7796,09/03/2021 01:43:51,13.08,0.00,,
7797,09/03/2021 01:53:51,13.17,0.00,,
7798,09/03/2021 02:03:51,13.08,0.00,,
7799,09/03/2021 02:13:51,13.00,0.00,,
7800,09/03/2021 02:23:51,13.08,0.00,,
7801,09/03/2021 02:33:51,13.12,0.00,,
7802,09/03/2021 02:43:51,13.17,0.00,,
7803,09/03/2021 02:53:51,13.21,0.00,,
7804,09/03/2021 03:03:51,13.08,0.00,,
7805,09/03/2021 03:13:51,13.17,0.00,,
7806,09/03/2021 03:23:51,12.95,0.00,,
7807,09/03/2021 03:33:51,13.17,0.00,,
7808,09/03/2021 03:43:51,12.87,0.00,,
7809,09/03/2021 03:53:51,12.78,0.00,,
7810,09/03/2021 04:03:51,12.70,0.00,,
7811,09/03/2021 04:13:51,12.70,0.00,,
7812,09/03/2021 04:23:51,12.57,0.00,,
7813,09/03/2021 04:33:51,12.65,0.00,,
7814,09/03/2021 04:43:51,12.70,0.00,,
7815,09/03/2021 04:53:51,12.61,0.00,,
7816,09/03/2021 05:03:51,12.61,0.00,,
7817,09/03/2021 05:13:51,12.61,0.00,,
7818,09/03/2021 05:23:51,12.61,0.00,,
7819,09/03/2021 05:33:51,12.74,0.00,,
7820,09/03/2021 05:43:51,12.82,0.00,,
7821,09/03/2021 05:53:51,12.74,0.00,,
7822,09/03/2021 06:03:51,12.57,0.00,,
7823,09/03/2021 06:13:51,12.74,0.00,,
7824,09/03/2021 06:23:51,12.78,0.00,,
7825,09/03/2021 06:33:51,12.65,0.64,,
7826,09/03/2021 06:43:51,12.57,4.06,,
7827,09/03/2021 06:53:51,12.61,10.51,,
7828,09/03/2021 07:03:51,12.65,19.52,,
7829,09/03/2021 07:13:51,12.61,27.50,,
7830,09/03/2021 07:23:51,12.40,44.30,,
7831,09/03/2021 07:33:51,12.31,67.14,,
7832,09/03/2021 07:43:51,12.40,85.28,,
7833,09/03/2021 07:53:51,12.40,107.64,,
7834,09/03/2021 08:03:51,12.44,123.88,,
7835,09/03/2021 08:13:51,12.61,145.52,,
7836,09/03/2021 08:23:51,12.61,159.32,,
7837,09/03/2021 08:33:51,12.78,191.28,,
7838,09/03/2021 08:43:51,12.78,232.56,,
7839,09/03/2021 08:53:51,12.74,257.60,,
7840,09/03/2021 09:03:51,12.91,289.28,,
7841,09/03/2021 09:13:51,12.91,329.76,,
7842,09/03/2021 09:23:51,12.91,379.20,,
7843,09/03/2021 09:33:51,13.00,411.68,,
7844,09/03/2021 09:43:51,13.00,454.08,,
7845,09/03/2021 09:53:51,13.04,502.88,,
7846,09/03/2021 10:03:51,13.12,603.84,,
7847,09/03/2021 10:13:51,13.21,695.68,,
7848,09/03/2021 10:23:51,13.34,767.04,,
7849,09/03/2021 10:33:51,13.47,882.88,,
7850,09/03/2021 10:43:51,13.64,938.24,,
7851,09/03/2021 10:53:51,13.85,1028.80,,
7852,09/03/2021 11:03:51,13.98,1054.40,,
7853,09/03/2021 11:13:51,14.07,1164.16,,
7854,09/03/2021 11:23:51,14.15,1280.64,,
7855,09/03/2021 11:33:51,14.37,1407.36,,
7856,09/03/2021 11:43:51,14.58,1684.48,,
7857,09/03/2021 11:53:51,14.63,1707.52,,
7858,09/03/2021 12:03:51,14.88,1780.48,,
7859,09/03/2021 12:13:51,15.01,1918.72,,
7860,09/03/2021 12:23:51,14.88,1826.56,,
7861,09/03/2021 12:33:51,14.97,1966.72,,
7862,09/03/2021 12:43:51,14.97,1821.44,,
7863,09/03/2021 12:53:51,15.06,1975.68,,
7864,09/03/2021 13:03:51,15.10,1871.36,,
7865,09/03/2021 13:13:51,15.14,1923.84,,
7866,09/03/2021 13:23:51,15.23,1881.60,,
7867,09/03/2021 13:33:51,15.14,1934.72,,
7868,09/03/2021 13:43:51,15.23,1809.28,,
7869,09/03/2021 13:53:51,15.10,1881.60,,
7870,09/03/2021 14:03:51,15.10,1879.68,,
7871,09/03/2021 14:13:51,14.97,1843.84,,
7872,09/03/2021 14:23:51,14.93,1948.16,,
7873,09/03/2021 14:33:51,15.01,1886.72,,
7874,09/03/2021 14:43:51,15.06,2032.00,,
7875,09/03/2021 14:53:51,15.10,2057.60,,
7876,09/03/2021 15:03:51,15.14,2143.36,,
7877,09/03/2021 15:13:51,15.18,2302.72,,
7878,09/03/2021 15:23:51,15.06,2319.36,,
7879,09/03/2021 15:33:51,15.01,2204.80,,
7880,09/03/2021 15:43:51,15.23,2588.16,,
7881,09/03/2021 15:53:51,15.18,2731.52,,
7882,09/03/2021 16:03:51,15.10,2837.76,,
7883,09/03/2021 16:13:51,15.01,2371.20,,
7884,09/03/2021 16:23:51,14.88,2959.36,,
7885,09/03/2021 16:33:51,15.06,2117.76,,
7886,09/03/2021 16:43:51,14.80,3009.28,,
7887,09/03/2021 16:53:51,14.67,2513.28,,
7888,09/03/2021 17:03:51,14.67,2386.56,,
7889,09/03/2021 17:13:51,14.50,839.68,,
7890,09/03/2021 17:23:51,14.15,744.96,,
7891,09/03/2021 17:33:51,13.98,640.64,,
7892,09/03/2021 17:43:51,13.73,468.64,,
7893,09/03/2021 17:53:51,13.60,306.64,,
7894,09/03/2021 18:03:51,13.55,257.44,,
7895,09/03/2021 18:13:51,13.55,223.84,,
7896,09/03/2021 18:23:51,13.60,181.68,,
7897,09/03/2021 18:33:51,13.64,158.36,,
7898,09/03/2021 18:43:51,13.60,104.96,,
7899,09/03/2021 18:53:51,13.85,89.44,,
7900,09/03/2021 19:03:51,13.47,58.04,,
7901,09/03/2021 19:13:51,13.64,36.54,,
7902,09/03/2021 19:23:51,13.55,19.52,,
7903,09/03/2021 19:33:51,13.68,9.84,,
7904,09/03/2021 19:43:51,13.77,2.99,,
7905,09/03/2021 19:53:51,13.81,0.00,,
7906,09/03/2021 20:03:51,13.55,0.00,,
7907,09/03/2021 20:13:51,13.68,0.00,,
7908,09/03/2021 20:23:51,13.73,0.00,,
7909,09/03/2021 20:33:51,13.51,0.00,,
7910,09/03/2021 20:43:51,13.51,0.00,,
7911,09/03/2021 20:53:51,13.81,0.00,,
7912,09/03/2021 21:03:51,13.73,0.00,,
7913,09/03/2021 21:13:51,13.55,0.00,,
7914,09/03/2021 21:23:51,13.55,0.00,,
7915,09/03/2021 21:33:51,13.43,0.00,,
7916,09/03/2021 21:43:51,13.51,0.00,,
7917,09/03/2021 21:53:51,13.51,0.00,,
7918,09/03/2021 22:03:51,13.47,0.00,,
7919,09/03/2021 22:13:51,13.51,0.00,,
7920,09/03/2021 22:23:51,13.47,0.00,,
7921,09/03/2021 22:33:51,13.43,0.00,,
7922,09/03/2021 22:43:51,13.34,0.00,,
7923,09/03/2021 22:53:51,13.00,0.00,,
7924,09/03/2021 23:03:51,12.91,0.00,,
7925,09/03/2021 23:13:51,12.95,0.00,,
7926,09/03/2021 23:23:51,12.91,0.00,,
7927,09/03/2021 23:33:51,12.91,0.00,,
7928,09/03/2021 23:43:51,13.00,0.00,,
7929,09/03/2021 23:53:51,12.78,0.00,,
7930,09/04/2021 00:03:51,12.61,0.00,,
7931,09/04/2021 00:13:51,12.48,0.00,,
7932,09/04/2021 00:23:51,12.40,0.00,,
7933,09/04/2021 00:33:51,12.70,0.00,,
7934,09/04/2021 00:43:51,12.48,0.00,,
7935,09/04/2021 00:53:51,12.74,0.00,,
7936,09/04/2021 01:03:51,12.57,0.00,,
7937,09/04/2021 01:13:51,12.52,0.00,,
7938,09/04/2021 01:23:51,12.61,0.00,,
7939,09/04/2021 01:33:51,12.57,0.00,,
7940,09/04/2021 01:43:51,12.31,0.00,,
7941,09/04/2021 01:53:51,12.44,0.00,,
7942,09/04/2021 02:03:51,12.44,0.00,,
7943,09/04/2021 02:13:51,12.48,0.00,,
7944,09/04/2021 02:23:51,12.65,0.00,,
7945,09/04/2021 02:33:51,12.44,0.00,,
7946,09/04/2021 02:43:51,12.48,0.00,,
7947,09/04/2021 02:53:51,12.52,0.00,,
7948,09/04/2021 03:03:51,12.44,0.00,,
7949,09/04/2021 03:13:51,12.31,0.00,,
7950,09/04/2021 03:23:51,12.31,0.00,,
7951,09/04/2021 03:33:51,12.22,0.00,,
7952,09/04/2021 03:43:51,12.14,0.00,,
7953,09/04/2021 03:53:51,12.10,0.00,,
7954,09/04/2021 04:03:51,12.18,0.00,,
7955,09/04/2021 04:13:51,12.10,0.00,,
7956,09/04/2021 04:23:51,12.05,0.00,,
7957,09/04/2021 04:33:51,12.10,0.00,,
7958,09/04/2021 04:43:51,12.22,0.00,,
7959,09/04/2021 04:53:51,12.40,0.00,,
7960,09/04/2021 05:03:51,12.22,0.00,,
7961,09/04/2021 05:13:51,12.18,0.00,,
7962,09/04/2021 05:23:51,12.27,0.00,,
7963,09/04/2021 05:33:51,12.22,0.00,,
7964,09/04/2021 05:43:51,12.22,0.00,,
7965,09/04/2021 05:53:51,12.18,0.00,,
7966,09/04/2021 06:03:51,12.22,0.00,,
7967,09/04/2021 06:13:51,12.31,0.00,,
7968,09/04/2021 06:23:51,12.22,0.00,,
7969,09/04/2021 06:33:51,12.18,0.64,,
7970,09/04/2021 06:43:51,12.22,3.63,,
7971,09/04/2021 06:53:51,12.10,10.05,,
7972,09/04/2021 07:03:51,12.14,18.24,,
7973,09/04/2021 07:13:51,12.18,30.49,,
7974,09/04/2021 07:23:51,12.27,44.30,,
7975,09/04/2021 07:33:51,12.40,53.34,,
7976,09/04/2021 07:43:51,12.35,76.60,,
7977,09/04/2021 07:53:51,12.40,102.48,,
7978,09/04/2021 08:03:51,12.44,128.28,,
7979,09/04/2021 08:13:51,12.44,148.08,,
7980,09/04/2021 08:23:51,12.48,169.68,,
7981,09/04/2021 08:33:51,12.61,201.60,,
7982,09/04/2021 08:43:51,12.70,256.56,,
7983,09/04/2021 08:53:51,12.57,290.16,,
7984,09/04/2021 09:03:51,12.65,292.72,,
7985,09/04/2021 09:13:51,12.61,372.80,,
7986,09/04/2021 09:23:51,12.52,412.48,,
7987,09/04/2021 09:33:51,12.65,500.32,,
7988,09/04/2021 09:43:51,12.61,512.32,,
7989,09/04/2021 09:53:51,12.78,572.64,,
7990,09/04/2021 10:03:51,12.78,584.64,,
7991,09/04/2021 10:13:51,12.78,664.96,,
7992,09/04/2021 10:23:51,12.95,729.60,,
7993,09/04/2021 10:33:51,12.95,782.40,,
7994,09/04/2021 10:43:51,13.12,856.00,,
7995,09/04/2021 10:53:51,13.38,901.76,,
7996,09/04/2021 11:03:51,13.43,1047.68,,
7997,09/04/2021 11:13:51,13.55,1378.56,,
7998,09/04/2021 11:23:51,13.64,1971.84,,
7999,09/04/2021 11:33:51,13.85,1543.04,,
8000,09/04/2021 11:43:51,13.85,1546.88,,
8001,09/04/2021 11:53:51,14.24,1573.12,,
8002,09/04/2021 12:03:51,14.20,1497.60,,
8003,09/04/2021 12:13:51,14.24,1491.20,,
8004,09/04/2021 12:23:51,14.33,1545.60,,
8005,09/04/2021 12:33:51,14.24,1584.00,,
8006,09/04/2021 12:43:51,14.54,1562.88,,
8007,09/04/2021 12:53:51,14.50,1534.08,,
8008,09/04/2021 13:03:51,14.37,1568.64,,
8009,09/04/2021 13:13:51,14.54,1562.88,,
8010,09/04/2021 13:23:51,14.45,1528.32,,
8011,09/04/2021 13:33:51,14.45,1536.64,,
8012,09/04/2021 13:43:51,14.71,1564.80,,
8013,09/04/2021 13:53:51,14.67,1557.76,,
8014,09/04/2021 14:03:51,14.75,1601.28,,
8015,09/04/2021 14:13:51,14.67,1588.48,,
8016,09/04/2021 14:23:51,14.93,1664.00,,
8017,09/04/2021 14:33:51,14.97,1747.20,,
8018,09/04/2021 14:43:51,14.88,1783.68,,
8019,09/04/2021 14:53:51,14.84,1922.56,,
8020,09/04/2021 15:03:51,14.54,1965.44,,
8021,09/04/2021 15:13:51,14.50,1895.04,,
8022,09/04/2021 15:23:51,14.45,2113.92,,
8023,09/04/2021 15:33:51,14.37,2182.40,,
8024,09/04/2021 15:43:51,14.41,1840.00,,
8025,09/04/2021 15:53:51,14.33,1720.32,,
8026,09/04/2021 16:03:51,14.33,1797.76,,
8027,09/04/2021 16:13:51,14.24,2184.32,,
8028,09/04/2021 16:23:51,14.28,1955.20,,
8029,09/04/2021 16:33:51,14.33,1703.04,,
8030,09/04/2021 16:43:51,14.37,2256.00,,
8031,09/04/2021 16:53:51,14.37,1521.92,,
8032,09/04/2021 17:03:51,14.54,1575.04,,
8033,09/04/2021 17:13:51,14.63,2008.32,,
8034,09/04/2021 17:23:51,14.45,1188.80,,
8035,09/04/2021 17:33:51,14.45,715.20,,
8036,09/04/2021 17:43:51,14.37,688.00,,
8037,09/04/2021 17:53:51,14.28,600.48,,
8038,09/04/2021 18:03:51,14.15,359.20,,
8039,09/04/2021 18:13:51,14.54,1063.04,,
8040,09/04/2021 18:23:51,14.28,352.16,,
8041,09/04/2021 18:33:51,14.11,252.32,,
8042,09/04/2021 18:43:51,13.98,149.80,,
8043,09/04/2021 18:53:51,13.73,103.24,,
8044,09/04/2021 19:03:51,13.90,71.36,,
8045,09/04/2021 19:13:51,13.85,43.82,,
8046,09/04/2021 19:23:51,13.94,24.45,,
8047,09/04/2021 19:33:51,13.64,9.44,,
8048,09/04/2021 19:43:51,13.60,2.56,,
8049,09/04/2021 19:53:51,13.64,0.00,,
8050,09/04/2021 20:03:51,13.60,0.00,,
8051,09/04/2021 20:13:51,13.73,0.00,,
8052,09/04/2021 20:23:51,13.47,0.00,,
8053,09/04/2021 20:33:51,13.55,0.00,,
8054,09/04/2021 20:43:51,13.55,0.00,,
8055,09/04/2021 20:53:51,13.38,0.00,,
8056,09/04/2021 21:03:51,13.38,0.00,,
8057,09/04/2021 21:13:51,13.73,0.00,,
8058,09/04/2021 21:23:51,13.47,0.00,,
8059,09/04/2021 21:33:51,13.38,0.00,,
8060,09/04/2021 21:43:51,13.60,0.00,,
8061,09/04/2021 21:53:51,13.47,0.00,,
8062,09/04/2021 22:03:51,13.51,0.00,,
8063,09/04/2021 22:13:51,13.51,0.00,,
8064,09/04/2021 22:23:51,13.60,0.00,,
8065,09/04/2021 22:33:51,13.47,0.00,,
8066,09/04/2021 22:43:51,13.73,0.00,,
8067,09/04/2021 22:53:51,13.55,0.00,,
8068,09/04/2021 23:03:51,13.68,0.00,,
8069,09/04/2021 23:13:51,13.64,0.00,,
8070,09/04/2021 23:23:51,13.60,0.00,,
8071,09/04/2021 23:33:51,13.55,0.00,,
8072,09/04/2021 23:43:51,13.77,0.00,,
8073,09/04/2021 23:53:51,13.85,0.00,,
8074,09/05/2021 00:03:51,13.64,0.00,,
8075,09/05/2021 00:13:51,13.60,0.00,,
8076,09/05/2021 00:23:51,13.68,0.00,,
8077,09/05/2021 00:33:51,13.55,0.00,,
8078,09/05/2021 00:43:51,13.60,0.00,,
8079,09/05/2021 00:53:51,13.60,0.00,,
8080,09/05/2021 01:03:51,13.47,0.00,,
8081,09/05/2021 01:13:51,13.25,0.00,,
8082,09/05/2021 01:23:51,13.34,0.00,,
8083,09/05/2021 01:33:51,13.30,0.00,,
8084,09/05/2021 01:43:51,13.25,0.00,,
8085,09/05/2021 01:53:51,13.25,0.00,,
8086,09/05/2021 02:03:51,13.21,0.00,,
8087,09/05/2021 02:13:51,12.95,0.00,,
8088,09/05/2021 02:23:51,13.08,0.00,,
8089,09/05/2021 02:33:51,12.70,0.00,,
8090,09/05/2021 02:43:51,12.74,0.00,,
8091,09/05/2021 02:53:51,12.52,0.00,,
8092,09/05/2021 03:03:51,12.65,0.00,,
8093,09/05/2021 03:13:51,12.40,0.00,,
8094,09/05/2021 03:23:51,12.27,0.00,,
8095,09/05/2021 03:33:51,12.40,0.00,,
8096,09/05/2021 03:43:51,12.22,0.00,,
8097,09/05/2021 03:53:51,12.44,0.00,,
8098,09/05/2021 04:03:51,12.40,0.00,,
8099,09/05/2021 04:13:51,12.31,0.00,,
8100,09/05/2021 04:23:51,12.35,0.00,,
8101,09/05/2021 04:33:51,12.31,0.00,,
8102,09/05/2021 04:43:51,12.35,0.00,,
8103,09/05/2021 04:53:51,12.31,0.00,,
8104,09/05/2021 05:03:51,12.22,0.00,,
8105,09/05/2021 05:13:51,12.10,0.00,,
8106,09/05/2021 05:23:51,11.97,0.00,,
8107,09/05/2021 05:33:51,11.88,0.00,,
8108,09/05/2021 05:43:51,11.88,0.00,,
8109,09/05/2021 05:53:51,11.79,0.00,,
8110,09/05/2021 06:03:51,11.67,0.00,,
8111,09/05/2021 06:13:51,11.75,0.00,,
8112,09/05/2021 06:23:51,12.05,0.00,,
8113,09/05/2021 06:33:51,11.71,0.64,,
8114,09/05/2021 06:43:51,11.32,5.13,,
8115,09/05/2021 06:53:51,11.07,14.36,,
8116,09/05/2021 07:03:51,11.15,28.78,,
8117,09/05/2021 07:13:51,11.11,48.20,,
8118,09/05/2021 07:23:51,11.11,69.76,,
8119,09/05/2021 07:33:51,11.02,96.52,,
8120,09/05/2021 07:43:51,11.19,121.44,,
8121,09/05/2021 07:53:51,11.28,149.92,,
8122,09/05/2021 08:03:51,11.32,187.84,,
8123,09/05/2021 08:13:51,11.32,222.32,,
8124,09/05/2021 08:23:51,11.41,265.36,,
8125,09/05/2021 08:33:51,11.24,378.24,,
8126,09/05/2021 08:43:51,11.15,565.28,,
8127,09/05/2021 08:53:51,11.32,677.76,,
8128,09/05/2021 09:03:51,11.41,628.64,,
8129,09/05/2021 09:13:51,11.58,552.96,,
8130,09/05/2021 09:23:51,11.71,643.68,,
8131,09/05/2021 09:33:51,11.92,738.24,,
8132,09/05/2021 09:43:51,12.05,845.76,,
8133,09/05/2021 09:53:51,12.18,947.52,,
8134,09/05/2021 10:03:51,12.44,1354.88,,
8135,09/05/2021 10:13:51,12.65,1643.52,,
8136,09/05/2021 10:23:51,12.87,1654.40,,
8137,09/05/2021 10:33:51,13.47,1656.32,,
8138,09/05/2021 10:43:51,13.73,1605.12,,
8139,09/05/2021 10:53:51,13.85,1527.68,,
8140,09/05/2021 11:03:51,14.15,1554.56,,
8141,09/05/2021 11:13:51,14.45,1552.00,,
8142,09/05/2021 11:23:51,14.67,1426.56,,
8143,09/05/2021 11:33:51,14.88,1413.76,,
8144,09/05/2021 11:43:51,15.06,1719.68,,
8145,09/05/2021 11:53:51,15.10,1449.60,,
8146,09/05/2021 12:03:51,15.18,1462.40,,
8147,09/05/2021 12:13:51,15.23,1473.28,,
8148,09/05/2021 12:23:51,15.10,1505.28,,
8149,09/05/2021 12:33:51,14.93,1487.36,,
8150,09/05/2021 12:43:51,15.10,1491.20,,
8151,09/05/2021 12:53:51,15.18,1537.28,,
8152,09/05/2021 13:03:51,15.18,1580.80,,
8153,09/05/2021 13:13:51,15.23,1588.48,,
8154,09/05/2021 13:23:51,15.27,1586.56,,
8155,09/05/2021 13:33:51,15.36,1552.00,,
8156,09/05/2021 13:43:51,15.44,1587.84,,
8157,09/05/2021 13:53:51,15.48,1568.00,,
8158,09/05/2021 14:03:51,15.57,1575.04,,
8159,09/05/2021 14:13:51,15.40,1665.92,,
8160,09/05/2021 14:23:51,15.14,1710.08,,
8161,09/05/2021 14:33:51,15.14,1965.44,,
8162,09/05/2021 14:43:51,15.27,1941.12,,
8163,09/05/2021 14:53:51,15.18,2004.48,,
8164,09/05/2021 15:03:51,15.10,1953.28,,
8165,09/05/2021 15:13:51,14.84,2199.68,,
8166,09/05/2021 15:23:51,15.01,2314.24,,
8167,09/05/2021 15:33:51,15.01,2270.08,,
8168,09/05/2021 15:43:51,15.06,2324.48,,
8169,09/05/2021 15:53:51,15.18,2650.88,,
8170,09/05/2021 16:03:51,15.01,2562.56,,
8171,09/05/2021 16:13:51,15.01,2667.52,,
8172,09/05/2021 16:23:51,14.97,2128.00,,
8173,09/05/2021 16:33:51,15.06,2997.76,,
8174,09/05/2021 16:43:51,15.14,2531.84,,
8175,09/05/2021 16:53:51,15.10,1673.60,,
8176,09/05/2021 17:03:51,15.14,1305.28,,
8177,09/05/2021 17:13:51,14.93,1657.60,,
8178,09/05/2021 17:23:51,14.88,1284.80,,
8179,09/05/2021 17:33:51,14.63,608.16,,
8180,09/05/2021 17:43:51,14.33,457.44,,
8181,09/05/2021 17:53:51,14.45,469.44,,
8182,09/05/2021 18:03:51,14.41,487.52,,
8183,09/05/2021 18:13:51,14.20,398.88,,
8184,09/05/2021 18:23:51,14.28,267.92,,
8185,09/05/2021 18:33:51,14.20,204.96,,
8186,09/05/2021 18:43:51,14.33,150.64,,
8187,09/05/2021 18:53:51,14.20,101.64,,
8188,09/05/2021 19:03:51,14.07,80.88,,
8189,09/05/2021 19:13:51,14.07,48.14,,
8190,09/05/2021 19:23:51,14.15,26.16,,
8191,09/05/2021 19:33:51,14.07,11.79,,
8192,09/05/2021 19:43:51,13.98,2.78,,
8193,09/05/2021 19:53:51,14.07,0.00,,
8194,09/05/2021 20:03:51,14.03,0.00,,
8195,09/05/2021 20:13:51,14.03,0.00,,
8196,09/05/2021 20:23:51,14.11,0.00,,
8197,09/05/2021 20:33:51,14.37,0.00,,
8198,09/05/2021 20:43:51,14.37,0.00,,
8199,09/05/2021 20:53:51,14.15,0.00,,
8200,09/05/2021 21:03:51,14.24,0.00,,
8201,09/05/2021 21:13:51,14.33,0.00,,
8202,09/05/2021 21:23:51,14.28,0.00,,
8203,09/05/2021 21:33:51,14.41,0.00,,
8204,09/05/2021 21:43:51,14.28,0.00,,
8205,09/05/2021 21:53:51,14.11,0.00,,
8206,09/05/2021 22:03:51,14.03,0.00,,
8207,09/05/2021 22:13:51,14.15,0.00,,
8208,09/05/2021 22:23:51,13.85,0.00,,
8209,09/05/2021 22:33:51,13.81,0.00,,
8210,09/05/2021 22:43:51,13.90,0.00,,
8211,09/05/2021 22:53:51,13.94,0.00,,
8212,09/05/2021 23:03:51,13.85,0.00,,
8213,09/05/2021 23:13:51,13.90,0.00,,
8214,09/05/2021 23:23:51,14.11,0.00,,
8215,09/05/2021 23:33:51,14.15,0.00,,
8216,09/05/2021 23:43:51,13.98,0.00,,
8217,09/05/2021 23:53:51,14.11,0.00,,
8218,09/06/2021 00:03:51,14.20,0.00,,
8219,09/06/2021 00:13:51,14.20,0.00,,
8220,09/06/2021 00:23:51,13.81,0.00,,
8221,09/06/2021 00:33:51,13.64,0.00,,
8222,09/06/2021 00:43:51,13.73,0.00,,
8223,09/06/2021 00:53:51,13.64,0.00,,
8224,09/06/2021 01:03:51,13.55,0.00,,
8225,09/06/2021 01:13:51,13.64,0.00,,
8226,09/06/2021 01:23:51,13.55,0.00,,
8227,09/06/2021 01:33:51,13.47,0.00,,
8228,09/06/2021 01:43:51,13.47,0.00,,
8229,09/06/2021 01:53:51,13.64,0.00,,
8230,09/06/2021 02:03:51,13.34,0.00,,
8231,09/06/2021 02:13:51,13.25,0.00,,
8232,09/06/2021 02:23:51,13.12,0.00,,
8233,09/06/2021 02:33:51,13.12,0.00,,
8234,09/06/2021 02:43:51,13.21,0.00,,
8235,09/06/2021 02:53:51,13.08,0.00,,
8236,09/06/2021 03:03:51,13.12,0.00,,
8237,09/06/2021 03:13:51,13.17,0.00,,
8238,09/06/2021 03:23:51,13.12,0.00,,
8239,09/06/2021 03:33:51,13.08,0.00,,
8240,09/06/2021 03:43:51,13.34,0.00,,
8241,09/06/2021 03:53:51,13.21,0.00,,
8242,09/06/2021 04:03:51,13.00,0.00,,
8243,09/06/2021 04:13:51,13.04,0.00,,
8244,09/06/2021 04:23:51,13.00,0.00,,
8245,09/06/2021 04:33:51,13.00,0.00,,
8246,09/06/2021 04:43:51,12.82,0.00,,
8247,09/06/2021 04:53:51,12.74,0.00,,
8248,09/06/2021 05:03:51,12.74,0.00,,
8249,09/06/2021 05:13:51,12.78,0.00,,
8250,09/06/2021 05:23:51,12.61,0.00,,
8251,09/06/2021 05:33:51,12.78,0.00,,
8252,09/06/2021 05:43:51,12.65,0.00,,
8253,09/06/2021 05:53:51,12.78,0.00,,
8254,09/06/2021 06:03:51,12.78,0.00,,
8255,09/06/2021 06:13:51,12.65,0.00,,
8256,09/06/2021 06:23:51,12.74,0.00,,
8257,09/06/2021 06:33:51,12.74,0.85,,
8258,09/06/2021 06:43:51,12.52,5.77,,
8259,09/06/2021 06:53:51,12.61,14.15,,
8260,09/06/2021 07:03:51,12.44,31.40,,
8261,09/06/2021 07:13:51,12.31,54.62,,
8262,09/06/2021 07:23:51,12.10,80.88,,
8263,09/06/2021 07:33:51,12.31,104.20,,
8264,09/06/2021 07:43:51,12.44,128.28,,
8265,09/06/2021 07:53:51,12.61,163.60,,
8266,09/06/2021 08:03:51,12.44,224.88,,
8267,09/06/2021 08:13:51,12.40,279.28,,
8268,09/06/2021 08:23:51,12.27,366.40,,
8269,09/06/2021 08:33:51,12.27,416.00,,
8270,09/06/2021 08:43:51,12.27,462.56,,
8271,09/06/2021 08:53:51,12.40,704.96,,
8272,09/06/2021 09:03:51,12.61,783.04,,
8273,09/06/2021 09:13:51,12.61,904.00,,
8274,09/06/2021 09:23:51,12.70,939.84,,
8275,09/06/2021 09:33:51,12.87,1051.20,,
8276,09/06/2021 09:43:51,13.08,1025.28,,
8277,09/06/2021 09:53:51,13.38,1082.88,,
8278,09/06/2021 10:03:51,13.81,1535.36,,
8279,09/06/2021 10:13:51,14.41,1643.52,,
8280,09/06/2021 10:23:51,14.41,1617.92,,
8281,09/06/2021 10:33:51,14.63,1624.32,,
8282,09/06/2021 10:43:51,14.80,1565.44,,
8283,09/06/2021 10:53:51,14.97,1540.48,,
8284,09/06/2021 11:03:51,15.14,1552.64,,
8285,09/06/2021 11:13:51,15.44,1367.04,,
8286,09/06/2021 11:23:51,15.57,1474.56,,
8287,09/06/2021 11:33:51,15.96,1484.80,,
8288,09/06/2021 11:43:51,16.56,1478.40,,
8289,09/06/2021 11:53:51,17.41,1434.24,,
8290,09/06/2021 12:03:51,17.54,1472.00,,
8291,09/06/2021 12:13:51,17.84,1629.44,,
8292,09/06/2021 12:23:51,17.72,1395.84,,
8293,09/06/2021 12:33:51,17.46,1429.12,,
8294,09/06/2021 12:43:51,17.16,1434.24,,
8295,09/06/2021 12:53:51,17.29,1578.24,,
8296,09/06/2021 13:03:51,17.11,1515.52,,
8297,09/06/2021 13:13:51,17.16,1512.96,,
8298,09/06/2021 13:23:51,17.16,1600.64,,
8299,09/06/2021 13:33:51,17.37,1578.88,,
8300,09/06/2021 13:43:51,17.41,1531.52,,
8301,09/06/2021 13:53:51,17.20,1549.44,,
8302,09/06/2021 14:03:51,16.81,1459.20,,
8303,09/06/2021 14:13:51,16.60,1578.88,,
8304,09/06/2021 14:23:51,16.34,1580.80,,
8305,09/06/2021 14:33:51,16.21,1628.80,,
8306,09/06/2021 14:43:51,16.30,1671.68,,
8307,09/06/2021 14:53:51,16.17,1734.40,,
8308,09/06/2021 15:03:51,15.83,1879.68,,
8309,09/06/2021 15:13:51,15.96,1742.08,,
8310,09/06/2021 15:23:51,16.13,1813.12,,
8311,09/06/2021 15:33:51,16.00,2167.04,,
8312,09/06/2021 15:43:51,16.00,2234.24,,
8313,09/06/2021 15:53:51,16.13,2372.48,,
8314,09/06/2021 16:03:51,15.66,1800.96,,
8315,09/06/2021 16:13:51,15.83,2508.16,,
8316,09/06/2021 16:23:51,16.08,2602.24,,
8317,09/06/2021 16:33:51,16.34,2607.36,,
8318,09/06/2021 16:43:51,16.60,2759.68,,
8319,09/06/2021 16:53:51,16.04,2899.20,,
8320,09/06/2021 17:03:51,15.87,3051.52,,
8321,09/06/2021 17:13:51,15.83,3468.80,,
8322,09/06/2021 17:23:51,16.04,3436.80,,
8323,09/06/2021 17:33:51,16.04,3424.00,,
8324,09/06/2021 17:43:51,16.08,3100.16,,
8325,09/06/2021 17:53:51,15.96,3287.04,,
8326,09/06/2021 18:03:51,15.74,1608.96,,
8327,09/06/2021 18:13:51,15.48,1065.60,,
8328,09/06/2021 18:23:51,15.10,686.08,,
8329,09/06/2021 18:33:51,15.18,610.24,,
8330,09/06/2021 18:43:51,15.10,465.60,,
8331,09/06/2021 18:53:51,14.93,290.56,,
8332,09/06/2021 19:03:51,14.88,93.84,,
8333,09/06/2021 19:13:51,14.75,44.66,,
8334,09/06/2021 19:23:51,14.84,25.30,,
8335,09/06/2021 19:33:51,14.84,9.63,,
8336,09/06/2021 19:43:51,14.67,2.99,,
8337,09/06/2021 19:53:51,14.63,0.00,,
8338,09/06/2021 20:03:51,14.63,0.00,,
8339,09/06/2021 20:13:51,14.71,0.00,,
8340,09/06/2021 20:23:51,14.63,0.00,,
8341,09/06/2021 20:33:51,14.50,0.00,,
8342,09/06/2021 20:43:51,14.24,0.00,,
8343,09/06/2021 20:53:51,14.15,0.00,,
8344,09/06/2021 21:03:51,14.24,0.00,,
8345,09/06/2021 21:13:51,14.24,0.00,,
8346,09/06/2021 21:23:51,14.24,0.00,,
8347,09/06/2021 21:33:51,14.37,0.00,,
8348,09/06/2021 21:43:51,14.37,0.00,,
8349,09/06/2021 21:53:51,14.28,0.00,,
8350,09/06/2021 22:03:51,14.20,0.00,,
8351,09/06/2021 22:13:51,14.07,0.00,,
8352,09/06/2021 22:23:51,14.24,0.00,,
8353,09/06/2021 22:33:51,14.33,0.00,,
8354,09/06/2021 22:43:51,14.20,0.00,,
8355,09/06/2021 22:53:51,14.41,0.00,,
8356,09/06/2021 23:03:51,14.50,0.00,,
8357,09/06/2021 23:13:51,14.80,0.00,,
8358,09/06/2021 23:23:51,14.88,0.00,,
8359,09/06/2021 23:33:51,14.93,0.00,,
8360,09/06/2021 23:43:51,15.01,0.00,,
8361,09/06/2021 23:53:51,15.01,0.00,,
8362,09/07/2021 00:03:51,15.10,0.00,,
8363,09/07/2021 00:13:51,15.10,0.00,,
8364,09/07/2021 00:23:51,15.14,0.00,,
8365,09/07/2021 00:33:51,15.14,0.00,,
8366,09/07/2021 00:43:51,15.31,0.00,,
8367,09/07/2021 00:53:51,15.27,0.00,,
8368,09/07/2021 01:03:51,15.36,0.00,,
8369,09/07/2021 01:13:51,15.27,0.00,,
8370,09/07/2021 01:23:51,15.18,0.00,,
8371,09/07/2021 01:33:51,15.10,0.00,,
8372,09/07/2021 01:43:51,15.06,0.00,,
8373,09/07/2021 01:53:51,14.97,0.00,,
8374,09/07/2021 02:03:51,14.84,0.00,,
8375,09/07/2021 02:13:51,14.80,0.00,,
8376,09/07/2021 02:23:51,14.84,0.00,,
8377,09/07/2021 02:33:51,14.84,0.00,,
8378,09/07/2021 02:43:51,14.80,0.00,,
8379,09/07/2021 02:53:51,14.67,0.00,,
8380,09/07/2021 03:03:51,14.58,0.00,,
8381,09/07/2021 03:13:51,14.71,0.00,,
8382,09/07/2021 03:23:51,14.50,0.00,,
8383,09/07/2021 03:33:51,14.45,0.00,,
8384,09/07/2021 03:43:51,14.45,0.00,,
8385,09/07/2021 03:53:51,14.41,0.00,,
8386,09/07/2021 04:03:51,14.50,0.00,,
8387,09/07/2021 04:13:51,14.50,0.00,,
8388,09/07/2021 04:23:51,14.41,0.00,,
8389,09/07/2021 04:33:51,14.50,0.00,,
8390,09/07/2021 04:43:51,14.45,0.00,,
8391,09/07/2021 04:53:51,14.28,0.00,,
8392,09/07/2021 05:03:51,14.15,0.00,,
8393,09/07/2021 05:13:51,14.33,0.00,,
8394,09/07/2021 05:23:51,14.37,0.00,,
8395,09/07/2021 05:33:51,14.33,0.00,,
8396,09/07/2021 05:43:51,14.33,0.00,,
8397,09/07/2021 05:53:51,14.33,0.00,,
8398,09/07/2021 06:03:51,14.37,0.00,,
8399,09/07/2021 06:13:51,14.45,0.00,,
8400,09/07/2021 06:23:51,14.24,0.00,,
8401,09/07/2021 06:33:51,14.15,0.64,,
8402,09/07/2021 06:43:51,14.11,5.13,,
8403,09/07/2021 06:53:51,13.94,17.14,,
8404,09/07/2021 07:03:51,13.94,27.92,,
8405,09/07/2021 07:13:51,14.03,44.30,,
8406,09/07/2021 07:23:51,14.07,70.62,,
8407,09/07/2021 07:33:51,13.98,109.36,,
8408,09/07/2021 07:43:51,14.03,134.28,,
8409,09/07/2021 07:53:51,13.94,171.36,,
8410,09/07/2021 08:03:51,14.11,191.28,,
8411,09/07/2021 08:13:51,13.98,290.40,,
8412,09/07/2021 08:23:51,14.03,421.60,,
8413,09/07/2021 08:33:51,14.15,343.04,,
8414,09/07/2021 08:43:51,14.20,357.60,,
8415,09/07/2021 08:53:51,14.41,394.56,,
8416,09/07/2021 09:03:51,14.41,392.80,,
8417,09/07/2021 09:13:51,14.37,430.08,,
8418,09/07/2021 09:23:51,14.20,497.28,,
8419,09/07/2021 09:33:51,14.20,468.64,,
8420,09/07/2021 09:43:51,14.11,635.20,,
8421,09/07/2021 09:53:51,14.24,734.08,,
8422,09/07/2021 10:03:51,14.24,801.92,,
8423,09/07/2021 10:13:51,14.28,946.56,,
8424,09/07/2021 10:23:51,14.50,975.68,,
8425,09/07/2021 10:33:51,14.71,959.36,,
8426,09/07/2021 10:43:51,14.80,1456.64,,
8427,09/07/2021 10:53:51,15.06,1435.52,,
8428,09/07/2021 11:03:51,15.14,1479.68,,
8429,09/07/2021 11:13:51,15.18,1443.20,,
8430,09/07/2021 11:23:51,15.36,1416.32,,
8431,09/07/2021 11:33:51,15.48,1465.60,,
8432,09/07/2021 11:43:51,15.44,1494.40,,
8433,09/07/2021 11:53:51,15.36,1616.64,,
8434,09/07/2021 12:03:51,15.40,2087.04,,
8435,09/07/2021 12:13:51,15.27,1351.68,,
8436,09/07/2021 12:23:51,15.23,1372.80,,
8437,09/07/2021 12:33:51,15.18,1524.48,,
8438,09/07/2021 12:43:51,14.93,1494.40,,
8439,09/07/2021 12:53:51,15.01,1515.52,,
8440,09/07/2021 13:03:51,15.14,1525.76,,
8441,09/07/2021 13:13:51,15.18,1915.52,,
8442,09/07/2021 13:23:51,15.44,1623.68,,
8443,09/07/2021 13:33:51,15.66,1783.68,,
8444,09/07/2021 13:43:51,15.57,1761.28,,
8445,09/07/2021 13:53:51,15.66,1633.28,,
8446,09/07/2021 14:03:51,15.70,1592.96,,
8447,09/07/2021 14:13:51,15.83,1656.32,,
8448,09/07/2021 14:23:51,15.74,1667.20,,
8449,09/07/2021 14:33:51,16.04,1841.92,,
8450,09/07/2021 14:43:51,16.00,2266.88,,
8451,09/07/2021 14:53:51,15.78,1971.84,,
8452,09/07/2021 15:03:51,15.74,2013.44,,
8453,09/07/2021 15:13:51,15.78,1963.52,,
8454,09/07/2021 15:23:51,15.70,2508.16,,
8455,09/07/2021 15:33:51,15.78,1920.64,,
8456,09/07/2021 15:43:51,15.91,2250.88,,
8457,09/07/2021 15:53:51,15.70,2198.40,,
8458,09/07/2021 16:03:51,15.78,1491.84,,
8459,09/07/2021 16:13:51,15.74,1491.20,,
8460,09/07/2021 16:23:51,15.83,1866.24,,
8461,09/07/2021 16:33:51,15.96,1813.12,,
8462,09/07/2021 16:43:51,16.39,2831.36,,
8463,09/07/2021 16:53:51,16.64,2133.12,,
8464,09/07/2021 17:03:51,16.77,3045.12,,
8465,09/07/2021 17:13:51,16.99,3253.76,,
8466,09/07/2021 17:23:51,17.11,3289.60,,
8467,09/07/2021 17:33:51,17.29,3310.08,,
8468,09/07/2021 17:43:51,17.33,3403.52,,
8469,09/07/2021 17:53:51,17.41,3394.56,,
8470,09/07/2021 18:03:51,17.37,3367.68,,
8471,09/07/2021 18:13:51,17.33,2323.20,,
8472,09/07/2021 18:23:51,17.11,1051.20,,
8473,09/07/2021 18:33:51,16.99,292.72,,
8474,09/07/2021 18:43:51,16.90,231.52,,
8475,09/07/2021 18:53:51,16.90,309.44,,
8476,09/07/2021 19:03:51,16.90,134.40,,
8477,09/07/2021 19:13:51,16.99,79.18,,
8478,09/07/2021 19:23:51,17.03,45.58,,
8479,09/07/2021 19:33:51,16.60,18.48,,
8480,09/07/2021 19:43:51,16.51,4.06,,
8481,09/07/2021 19:53:51,16.47,0.21,,
8482,09/07/2021 20:03:51,16.43,0.00,,
8483,09/07/2021 20:13:51,16.51,0.00,,
8484,09/07/2021 20:23:51,16.43,0.00,,
8485,09/07/2021 20:33:51,16.43,0.00,,
8486,09/07/2021 20:43:51,16.56,0.00,,
8487,09/07/2021 20:53:51,16.43,0.00,,
8488,09/07/2021 21:03:51,16.30,0.00,,
8489,09/07/2021 21:13:51,16.30,0.00,,
8490,09/07/2021 21:23:51,16.26,0.00,,
8491,09/07/2021 21:33:51,16.21,0.00,,
8492,09/07/2021 21:43:51,16.17,0.00,,
8493,09/07/2021 21:53:51,16.26,0.00,,
8494,09/07/2021 22:03:51,16.21,0.00,,
8495,09/07/2021 22:13:51,16.26,0.00,,
8496,09/07/2021 22:23:51,16.43,0.00,,
8497,09/07/2021 22:33:51,16.39,0.00,,
8498,09/07/2021 22:43:51,16.43,0.00,,
8499,09/07/2021 22:53:51,16.51,0.00,,
8500,09/07/2021 23:03:51,16.51,0.00,,
8501,09/07/2021 23:13:51,16.51,0.00,,
8502,09/07/2021 23:23:51,16.56,0.00,,
8503,09/07/2021 23:33:51,16.43,0.00,,
8504,09/07/2021 23:43:51,16.51,0.00,,
8505,09/07/2021 23:53:51,16.64,0.00,,
8506,09/08/2021 00:03:51,16.51,0.00,,
8507,09/08/2021 00:13:51,16.47,0.00,,
8508,09/08/2021 00:23:51,16.43,0.00,,
8509,09/08/2021 00:33:51,16.34,0.00,,
8510,09/08/2021 00:43:51,16.26,0.00,,
8511,09/08/2021 00:53:51,16.21,0.00,,
8512,09/08/2021 01:03:51,16.26,0.00,,
8513,09/08/2021 01:13:51,16.17,0.00,,
8514,09/08/2021 01:23:51,16.08,0.00,,
8515,09/08/2021 01:33:51,16.21,0.00,,
8516,09/08/2021 01:43:51,16.21,0.00,,
8517,09/08/2021 01:53:51,16.17,0.00,,
8518,09/08/2021 02:03:51,16.34,0.00,,
8519,09/08/2021 02:13:51,16.30,0.00,,
8520,09/08/2021 02:23:51,16.30,0.00,,
8521,09/08/2021 02:33:51,16.21,0.00,,
8522,09/08/2021 02:43:51,16.04,0.00,,
8523,09/08/2021 02:53:51,16.04,0.00,,
8524,09/08/2021 03:03:51,16.00,0.00,,
8525,09/08/2021 03:13:51,15.96,0.00,,
8526,09/08/2021 03:23:51,16.00,0.00,,
8527,09/08/2021 03:33:51,16.00,0.00,,
8528,09/08/2021 03:43:51,16.04,0.00,,
8529,09/08/2021 03:53:51,15.87,0.00,,
8530,09/08/2021 04:03:51,15.91,0.00,,
8531,09/08/2021 04:13:51,15.96,0.00,,
8532,09/08/2021 04:23:51,15.96,0.00,,
8533,09/08/2021 04:33:51,15.96,0.00,,
8534,09/08/2021 04:43:51,15.83,0.00,,
8535,09/08/2021 04:53:51,15.83,0.00,,
8536,09/08/2021 05:03:51,15.78,0.00,,
8537,09/08/2021 05:13:51,15.61,0.00,,
8538,09/08/2021 05:23:51,15.61,0.00,,
8539,09/08/2021 05:33:51,15.61,0.00,,
8540,09/08/2021 05:43:51,15.53,0.00,,
8541,09/08/2021 05:53:51,15.44,0.00,,
8542,09/08/2021 06:03:51,15.44,0.00,,
8543,09/08/2021 06:13:51,15.40,0.00,,
8544,09/08/2021 06:23:51,15.44,0.00,,
8545,09/08/2021 06:33:51,15.18,1.49,,
8546,09/08/2021 06:43:51,14.97,5.77,,
8547,09/08/2021 06:53:51,14.75,16.10,,
8548,09/08/2021 07:03:51,14.58,36.54,,
8549,09/08/2021 07:13:51,14.54,62.38,,
8550,09/08/2021 07:23:51,14.41,90.40,,
8551,09/08/2021 07:33:51,14.33,119.72,,
8552,09/08/2021 07:43:51,14.33,146.36,,
8553,09/08/2021 07:53:51,14.58,224.88,,
8554,09/08/2021 08:03:51,14.54,276.72,,
8555,09/08/2021 08:13:51,14.54,311.12,,
8556,09/08/2021 08:23:51,14.45,292.08,,
8557,09/08/2021 08:33:51,14.33,333.44,,
8558,09/08/2021 08:43:51,14.28,393.76,,
8559,09/08/2021 08:53:51,14.33,387.68,,
8560,09/08/2021 09:03:51,14.33,414.72,,
8561,09/08/2021 09:13:51,14.45,371.52,,
8562,09/08/2021 09:23:51,14.33,402.24,,
8563,09/08/2021 09:33:51,14.33,421.60,,
8564,09/08/2021 09:43:51,14.33,413.44,,
8565,09/08/2021 09:53:51,14.37,591.84,,
8566,09/08/2021 10:03:51,14.45,787.52,,
8567,09/08/2021 10:13:51,14.54,819.20,,
8568,09/08/2021 10:23:51,14.45,899.20,,
8569,09/08/2021 10:33:51,14.50,930.24,,
8570,09/08/2021 10:43:51,14.71,940.80,,
8571,09/08/2021 10:53:51,14.80,942.40,,
8572,09/08/2021 11:03:51,14.63,861.76,,
8573,09/08/2021 11:13:51,14.63,733.12,,
8574,09/08/2021 11:23:51,14.71,585.44,,
8575,09/08/2021 11:33:51,14.93,1638.40,,
8576,09/08/2021 11:43:51,14.93,1891.84,,
8577,09/08/2021 11:53:51,14.97,1430.40,,
8578,09/08/2021 12:03:51,15.06,1527.68,,
8579,09/08/2021 12:13:51,15.10,1537.92,,
8580,09/08/2021 12:23:51,15.06,1194.88,,
8581,09/08/2021 12:33:51,15.27,1639.04,,
8582,09/08/2021 12:43:51,15.40,1260.80,,
8583,09/08/2021 12:53:51,15.57,1030.40,,
8584,09/08/2021 13:03:51,15.70,1311.36,,
8585,09/08/2021 13:13:51,15.83,1512.96,,
8586,09/08/2021 13:23:51,15.83,1631.36,,
8587,09/08/2021 13:33:51,15.78,1610.24,,
8588,09/08/2021 13:43:51,15.96,1240.32,,
8589,09/08/2021 13:53:51,15.87,1511.68,,
8590,09/08/2021 14:03:51,15.70,1584.00,,
8591,09/08/2021 14:13:51,15.78,1384.96,,
8592,09/08/2021 14:23:51,15.78,1768.32,,
8593,09/08/2021 14:33:51,15.74,2105.60,,
8594,09/08/2021 14:43:51,15.66,1879.68,,
8595,09/08/2021 14:53:51,15.57,1920.64,,
8596,09/08/2021 15:03:51,15.74,1841.92,,
8597,09/08/2021 15:13:51,15.61,1956.48,,
8598,09/08/2021 15:23:51,15.78,2016.64,,
8599,09/08/2021 15:33:51,15.57,1605.76,,
8600,09/08/2021 15:43:51,15.48,1985.92,,
8601,09/08/2021 15:53:51,15.66,2266.88,,
8602,09/08/2021 16:03:51,15.70,1660.16,,
8603,09/08/2021 16:13:51,15.74,1518.08,,
8604,09/08/2021 16:23:51,15.66,1563.52,,
8605,09/08/2021 16:33:51,15.57,551.20,,
8606,09/08/2021 16:43:51,15.23,388.96,,
8607,09/08/2021 16:53:51,15.36,577.76,,
8608,09/08/2021 17:03:51,15.44,995.52,,
8609,09/08/2021 17:13:51,15.36,352.16,,
8610,09/08/2021 17:23:51,15.36,238.40,,
8611,09/08/2021 17:33:51,15.06,221.28,,
8612,09/08/2021 17:43:51,15.06,197.92,,
8613,09/08/2021 17:53:51,14.93,314.32,,
8614,09/08/2021 18:03:51,14.84,175.68,,
8615,09/08/2021 18:13:51,14.84,268.80,,
8616,09/08/2021 18:23:51,14.84,226.64,,
8617,09/08/2021 18:33:51,14.97,246.32,,
8618,09/08/2021 18:43:51,14.97,172.24,,
8619,09/08/2021 18:53:51,14.93,128.28,,
8620,09/08/2021 19:03:51,15.01,126.56,,
8621,09/08/2021 19:13:51,15.01,147.64,,
8622,09/08/2021 19:23:51,15.01,52.54,,
8623,09/08/2021 19:33:51,15.10,16.34,,
8624,09/08/2021 19:43:51,15.06,3.85,,
8625,09/08/2021 19:53:51,14.93,0.00,,
8626,09/08/2021 20:03:51,14.88,0.00,,
8627,09/08/2021 20:13:51,14.93,0.00,,
8628,09/08/2021 20:23:51,14.88,0.00,,
8629,09/08/2021 20:33:51,14.80,0.00,,
8630,09/08/2021 20:43:51,14.75,0.00,,
8631,09/08/2021 20:53:51,14.75,0.00,,
8632,09/08/2021 21:03:51,14.67,0.00,,
8633,09/08/2021 21:13:51,14.67,0.00,,
8634,09/08/2021 21:23:51,14.75,0.00,,
8635,09/08/2021 21:33:51,14.75,0.00,,
8636,09/08/2021 21:43:51,14.80,0.00,,
8637,09/08/2021 21:53:51,14.75,0.00,,
8638,09/08/2021 22:03:51,14.80,0.00,,
8639,09/08/2021 22:13:51,14.84,0.00,,
8640,09/08/2021 22:23:51,14.80,0.00,,
8641,09/08/2021 22:33:51,14.71,0.00,,
8642,09/08/2021 22:43:51,14.67,0.00,,
8643,09/08/2021 22:53:51,14.75,0.00,,
8644,09/08/2021 23:03:51,14.63,0.00,,
8645,09/08/2021 23:13:51,14.50,0.00,,
8646,09/08/2021 23:23:51,14.50,0.00,,
8647,09/08/2021 23:33:51,14.54,0.00,,
8648,09/08/2021 23:43:51,14.50,0.00,,
8649,09/08/2021 23:53:51,14.54,0.00,,
8650,09/09/2021 00:03:51,14.58,0.00,,
8651,09/09/2021 00:13:51,14.50,0.00,,
8652,09/09/2021 00:23:51,14.54,0.00,,
8653,09/09/2021 00:33:51,14.54,0.00,,
8654,09/09/2021 00:43:51,14.63,0.00,,
8655,09/09/2021 00:53:51,14.63,0.00,,
8656,09/09/2021 01:03:51,14.71,0.00,,
8657,09/09/2021 01:13:51,14.71,0.00,,
8658,09/09/2021 01:23:51,14.67,0.00,,
8659,09/09/2021 01:33:51,14.67,0.00,,
8660,09/09/2021 01:43:51,14.58,0.00,,
8661,09/09/2021 01:53:51,14.58,0.00,,
8662,09/09/2021 02:03:51,14.58,0.00,,
8663,09/09/2021 02:13:51,14.63,0.00,,
8664,09/09/2021 02:23:51,14.58,0.00,,
8665,09/09/2021 02:33:51,14.45,0.00,,
8666,09/09/2021 02:43:51,14.41,0.00,,
8667,09/09/2021 02:53:51,14.28,0.00,,
8668,09/09/2021 03:03:51,14.15,0.00,,
8669,09/09/2021 03:13:51,14.07,0.00,,
8670,09/09/2021 03:23:51,13.90,0.00,,
8671,09/09/2021 03:33:51,13.94,0.00,,
8672,09/09/2021 03:43:51,13.77,0.00,,
8673,09/09/2021 03:53:51,13.47,0.00,,
8674,09/09/2021 04:03:51,13.55,0.00,,
8675,09/09/2021 04:13:51,13.47,0.00,,
8676,09/09/2021 04:23:51,13.34,0.00,,
8677,09/09/2021 04:33:51,13.25,0.00,,
8678,09/09/2021 04:43:51,13.25,0.00,,
8679,09/09/2021 04:53:51,13.38,0.00,,
8680,09/09/2021 05:03:51,13.43,0.00,,
8681,09/09/2021 05:13:51,13.34,0.00,,
8682,09/09/2021 05:23:51,13.30,0.00,,
8683,09/09/2021 05:33:51,13.43,0.00,,
8684,09/09/2021 05:43:51,13.47,0.00,,
8685,09/09/2021 05:53:51,13.47,0.00,,
8686,09/09/2021 06:03:51,13.55,0.00,,
8687,09/09/2021 06:13:51,13.64,0.00,,
8688,09/09/2021 06:23:51,13.47,0.00,,
8689,09/09/2021 06:33:51,13.51,0.00,,
8690,09/09/2021 06:43:51,13.38,2.78,,
8691,09/09/2021 06:53:51,13.51,8.98,,
8692,09/09/2021 07:03:51,13.64,18.67,,
8693,09/09/2021 07:13:51,13.81,43.44,,
8694,09/09/2021 07:23:51,13.77,62.80,,
8695,09/09/2021 07:33:51,13.94,82.60,,
8696,09/09/2021 07:43:51,13.98,99.84,,
8697,09/09/2021 07:53:51,14.07,116.20,,
8698,09/09/2021 08:03:51,14.03,138.68,,
8699,09/09/2021 08:13:51,14.07,209.28,,
8700,09/09/2021 08:23:51,14.07,261.92,,
8701,09/09/2021 08:33:51,14.11,313.52,,
8702,09/09/2021 08:43:51,13.98,274.80,,
8703,09/09/2021 08:53:51,14.03,413.44,,
8704,09/09/2021 09:03:51,14.07,591.04,,
8705,09/09/2021 09:13:51,13.81,672.32,,
8706,09/09/2021 09:23:51,13.77,460.96,,
8707,09/09/2021 09:33:51,13.77,428.32,,
8708,09/09/2021 09:43:51,13.68,442.08,,
8709,09/09/2021 09:53:51,13.98,786.56,,
8710,09/09/2021 10:03:51,14.41,1266.88,,
8711,09/09/2021 10:13:51,14.33,1273.60,,
8712,09/09/2021 10:23:51,14.71,1585.28,,
8713,09/09/2021 10:33:51,15.23,1583.36,,
8714,09/09/2021 10:43:51,15.48,1575.68,,
8715,09/09/2021 10:53:51,15.87,1523.20,,
8716,09/09/2021 11:03:51,16.21,1557.12,,
8717,09/09/2021 11:13:51,16.60,1600.00,,
8718,09/09/2021 11:23:51,16.81,1314.56,,
8719,09/09/2021 11:33:51,16.39,1290.88,,
8720,09/09/2021 11:43:51,15.91,1626.24,,
8721,09/09/2021 11:53:51,15.91,1662.08,,
8722,09/09/2021 12:03:51,15.87,1644.16,,
8723,09/09/2021 12:13:51,15.83,1745.28,,
8724,09/09/2021 12:23:51,15.83,1920.64,,
8725,09/09/2021 12:33:51,15.66,1922.56,,
8726,09/09/2021 12:43:51,15.36,2069.76,,
8727,09/09/2021 12:53:51,15.61,1600.64,,
8728,09/09/2021 13:03:51,15.40,561.44,,
8729,09/09/2021 13:13:51,15.57,1646.72,,
8730,09/09/2021 13:23:51,15.57,1920.64,,
8731,09/09/2021 13:33:51,15.66,1631.36,,
8732,09/09/2021 13:43:51,15.40,1073.28,,
8733,09/09/2021 13:53:51,15.31,1554.56,,
8734,09/09/2021 14:03:51,15.27,966.40,,
8735,09/09/2021 14:13:51,15.44,1162.24,,
8736,09/09/2021 14:23:51,15.44,890.88,,
8737,09/09/2021 14:33:51,15.44,862.72,,
8738,09/09/2021 14:43:51,15.40,956.16,,
8739,09/09/2021 14:53:51,15.36,1013.44,,
8740,09/09/2021 15:03:51,15.40,620.96,,
8741,09/09/2021 15:13:51,15.40,588.00,,
8742,09/09/2021 15:23:51,15.36,739.20,,
8743,09/09/2021 15:33:51,15.40,651.04,,
8744,09/09/2021 15:43:51,15.36,555.52,,
8745,09/09/2021 15:53:51,15.53,492.64,,
8746,09/09/2021 16:03:51,15.40,425.44,,
8747,09/09/2021 16:13:51,15.40,486.56,,
8748,09/09/2021 16:23:51,15.48,428.00,,
8749,09/09/2021 16:33:51,15.48,434.88,,
8750,09/09/2021 16:43:51,15.48,562.40,,
8751,09/09/2021 16:53:51,15.44,780.48,,
8752,09/09/2021 17:03:51,15.48,851.52,,
8753,09/09/2021 17:13:51,15.48,754.56,,
8754,09/09/2021 17:23:51,15.48,573.44,,
8755,09/09/2021 17:33:51,15.48,371.04,,
8756,09/09/2021 17:43:51,15.57,579.52,,
8757,09/09/2021 17:53:51,15.40,374.40,,
8758,09/09/2021 18:03:51,15.44,354.72,,
8759,09/09/2021 18:13:51,15.48,540.16,,
8760,09/09/2021 18:23:51,15.44,538.40,,
8761,09/09/2021 18:33:51,15.44,171.36,,
8762,09/09/2021 18:43:51,15.40,91.24,,
8763,09/09/2021 18:53:51,15.40,58.04,,
8764,09/09/2021 19:03:51,15.31,19.77,,
8765,09/09/2021 19:13:51,15.14,13.29,,
8766,09/09/2021 19:23:51,15.18,5.56,,
8767,09/09/2021 19:33:51,15.10,2.35,,
8768,09/09/2021 19:43:51,15.10,0.00,,
8769,09/09/2021 19:53:51,15.10,0.00,,
8770,09/09/2021 20:03:51,14.97,0.00,,
8771,09/09/2021 20:13:51,14.80,0.00,,
8772,09/09/2021 20:23:51,14.75,0.00,,
8773,09/09/2021 20:33:51,14.67,0.00,,
8774,09/09/2021 20:43:51,14.54,0.00,,
8775,09/09/2021 20:53:51,14.54,0.00,,
8776,09/09/2021 21:03:51,14.67,0.00,,
8777,09/09/2021 21:13:51,14.45,0.00,,
8778,09/09/2021 21:23:51,14.37,0.00,,
8779,09/09/2021 21:33:51,14.45,0.00,,
8780,09/09/2021 21:43:51,14.45,0.00,,
8781,09/09/2021 21:53:51,14.45,0.00,,
8782,09/09/2021 22:03:51,14.37,0.00,,
8783,09/09/2021 22:13:51,14.33,0.00,,
8784,09/09/2021 22:23:51,14.41,0.00,,
8785,09/09/2021 22:33:51,14.33,0.00,,
8786,09/09/2021 22:43:51,14.45,0.00,,
8787,09/09/2021 22:53:51,14.50,0.00,,
8788,09/09/2021 23:03:51,14.37,0.00,,
8789,09/09/2021 23:13:51,14.37,0.00,,
8790,09/09/2021 23:23:51,14.28,0.00,,
8791,09/09/2021 23:33:51,14.37,0.00,,
8792,09/09/2021 23:43:51,14.37,0.00,,
8793,09/09/2021 23:53:51,14.28,0.00,,
8794,09/10/2021 00:03:51,14.28,0.00,,
8795,09/10/2021 00:13:51,14.37,0.00,,
8796,09/10/2021 00:23:51,14.58,0.00,,
8797,09/10/2021 00:33:51,14.71,0.00,,
8798,09/10/2021 00:43:51,14.71,0.00,,
8799,09/10/2021 00:53:51,14.84,0.00,,
8800,09/10/2021 01:03:51,14.93,0.00,,
8801,09/10/2021 01:13:51,14.88,0.00,,
8802,09/10/2021 01:23:51,15.06,0.00,,
8803,09/10/2021 01:33:51,15.18,0.00,,
8804,09/10/2021 01:43:51,15.27,0.00,,
8805,09/10/2021 01:53:51,15.06,0.00,,
8806,09/10/2021 02:03:51,15.01,0.00,,
8807,09/10/2021 02:13:51,15.06,0.00,,
8808,09/10/2021 02:23:51,14.93,0.00,,
8809,09/10/2021 02:33:51,15.01,0.00,,
8810,09/10/2021 02:43:51,14.93,0.00,,
8811,09/10/2021 02:53:51,14.84,0.00,,
8812,09/10/2021 03:03:51,14.80,0.00,,
8813,09/10/2021 03:13:51,14.75,0.00,,
8814,09/10/2021 03:23:51,14.63,0.00,,
8815,09/10/2021 03:33:51,14.50,0.00,,
8816,09/10/2021 03:43:51,14.37,0.00,,
8817,09/10/2021 03:53:51,14.28,0.00,,
8818,09/10/2021 04:03:51,14.28,0.00,,
8819,09/10/2021 04:13:51,14.28,0.00,,
8820,09/10/2021 04:23:51,14.45,0.00,,
8821,09/10/2021 04:33:51,14.50,0.00,,
8822,09/10/2021 04:43:51,14.50,0.00,,
8823,09/10/2021 04:53:51,14.45,0.00,,
8824,09/10/2021 05:03:51,14.41,0.00,,
8825,09/10/2021 05:13:51,14.41,0.00,,
8826,09/10/2021 05:23:51,14.41,0.00,,
8827,09/10/2021 05:33:51,14.33,0.00,,
8828,09/10/2021 05:43:51,14.24,0.00,,
8829,09/10/2021 05:53:51,14.07,0.00,,
8830,09/10/2021 06:03:51,13.98,0.00,,
8831,09/10/2021 06:13:51,13.81,0.00,,
8832,09/10/2021 06:23:51,13.81,0.00,,
8833,09/10/2021 06:33:51,13.77,0.00,,
8834,09/10/2021 06:43:51,13.64,2.78,,
8835,09/10/2021 06:53:51,13.64,9.87,,
8836,09/10/2021 07:03:51,13.55,20.38,,
8837,09/10/2021 07:13:51,13.51,29.58,,
8838,09/10/2021 07:23:51,13.64,51.14,,
8839,09/10/2021 07:33:51,13.81,72.22,,
8840,09/10/2021 07:43:51,13.60,107.64,,
8841,09/10/2021 07:53:51,13.38,161.88,,
8842,09/10/2021 08:03:51,13.51,154.08,,
8843,09/10/2021 08:13:51,13.47,196.40,,
8844,09/10/2021 08:23:51,13.47,262.80,,
8845,09/10/2021 08:33:51,13.51,287.84,,
8846,09/10/2021 08:43:51,13.73,336.00,,
8847,09/10/2021 08:53:51,13.60,396.32,,
8848,09/10/2021 09:03:51,13.77,425.76,,
8849,09/10/2021 09:13:51,13.64,554.24,,
8850,09/10/2021 09:23:51,13.68,622.24,,
8851,09/10/2021 09:33:51,13.77,602.24,,
8852,09/10/2021 09:43:51,13.68,589.28,,
8853,09/10/2021 09:53:51,13.51,784.96,,
8854,09/10/2021 10:03:51,13.55,834.56,,
8855,09/10/2021 10:13:51,13.60,794.24,,
8856,09/10/2021 10:23:51,13.60,851.52,,
8857,09/10/2021 10:33:51,13.60,931.20,,
8858,09/10/2021 10:43:51,13.60,959.36,,
8859,09/10/2021 10:53:51,13.55,1128.00,,
8860,09/10/2021 11:03:51,13.60,975.04,,
8861,09/10/2021 11:13:51,13.51,1109.44,,
8862,09/10/2021 11:23:51,13.60,1070.72,,
8863,09/10/2021 11:33:51,13.60,1147.84,,
8864,09/10/2021 11:43:51,13.85,1183.04,,
8865,09/10/2021 11:53:51,13.81,1199.36,,
8866,09/10/2021 12:03:51,13.98,1421.44,,
8867,09/10/2021 12:13:51,14.07,1400.32,,
8868,09/10/2021 12:23:51,14.20,1423.36,,
8869,09/10/2021 12:33:51,14.15,1358.08,,
8870,09/10/2021 12:43:51,14.33,1328.00,,
8871,09/10/2021 12:53:51,14.33,1342.72,,
8872,09/10/2021 13:03:51,14.28,1404.80,,
8873,09/10/2021 13:13:51,14.45,1423.36,,
8874,09/10/2021 13:23:51,14.45,1470.72,,
8875,09/10/2021 13:33:51,14.54,1498.88,,
8876,09/10/2021 13:43:51,14.54,1566.08,,
8877,09/10/2021 13:53:51,14.88,1811.20,,
8878,09/10/2021 14:03:51,14.84,1575.04,,
8879,09/10/2021 14:13:51,14.84,1669.76,,
8880,09/10/2021 14:23:51,15.06,1550.08,,
8881,09/10/2021 14:33:51,14.97,1606.40,,
8882,09/10/2021 14:43:51,14.97,1664.00,,
8883,09/10/2021 14:53:51,15.01,1497.60,,
8884,09/10/2021 15:03:51,15.01,1288.96,,
8885,09/10/2021 15:13:51,14.88,1099.84,,
8886,09/10/2021 15:23:51,14.97,1181.12,,
8887,09/10/2021 15:33:51,15.06,1079.36,,
8888,09/10/2021 15:43:51,14.93,928.64,,
8889,09/10/2021 15:53:51,15.10,950.08,,
8890,09/10/2021 16:03:51,15.31,1262.40,,
8891,09/10/2021 16:13:51,15.36,1598.72,,
8892,09/10/2021 16:23:51,15.57,2519.68,,
8893,09/10/2021 16:33:51,15.91,3251.20,,
8894,09/10/2021 16:43:51,15.96,2995.20,,
8895,09/10/2021 16:53:51,16.04,3120.64,,
8896,09/10/2021 17:03:51,16.21,3303.68,,
8897,09/10/2021 17:13:51,16.21,3322.88,,
8898,09/10/2021 17:23:51,16.30,3646.72,,
8899,09/10/2021 17:33:51,16.39,3667.20,,
8900,09/10/2021 17:43:51,16.39,3622.40,,
8901,09/10/2021 17:53:51,16.56,3649.28,,
8902,09/10/2021 18:03:51,16.43,3800.32,,
8903,09/10/2021 18:13:51,16.39,3632.64,,
8904,09/10/2021 18:23:51,16.43,3353.60,,
8905,09/10/2021 18:33:51,16.39,2540.80,,
8906,09/10/2021 18:43:51,16.26,2209.92,,
8907,09/10/2021 18:53:51,16.13,1624.32,,
8908,09/10/2021 19:03:51,15.87,658.56,,
8909,09/10/2021 19:13:51,15.66,175.04,,
8910,09/10/2021 19:23:51,15.44,69.76,,
8911,09/10/2021 19:33:51,15.31,21.45,,
8912,09/10/2021 19:43:51,15.44,3.63,,
8913,09/10/2021 19:53:51,15.27,0.21,,
8914,09/10/2021 20:03:51,15.14,0.00,,
8915,09/10/2021 20:13:51,15.06,0.00,,
8916,09/10/2021 20:23:51,14.93,0.00,,
8917,09/10/2021 20:33:51,14.80,0.00,,
8918,09/10/2021 20:43:51,14.84,0.00,,
8919,09/10/2021 20:53:51,14.84,0.00,,
8920,09/10/2021 21:03:51,14.80,0.00,,
8921,09/10/2021 21:13:51,14.75,0.00,,
8922,09/10/2021 21:23:51,14.67,0.00,,
8923,09/10/2021 21:33:51,14.54,0.00,,
8924,09/10/2021 21:43:51,14.50,0.00,,
8925,09/10/2021 21:53:51,14.41,0.00,,
8926,09/10/2021 22:03:51,14.33,0.00,,
8927,09/10/2021 22:13:51,14.28,0.00,,
8928,09/10/2021 22:23:51,14.24,0.00,,
8929,09/10/2021 22:33:51,14.20,0.00,,
8930,09/10/2021 22:43:51,14.20,0.00,,
8931,09/10/2021 22:53:51,14.15,0.00,,
8932,09/10/2021 23:03:51,14.11,0.00,,
8933,09/10/2021 23:13:51,14.11,0.00,,
8934,09/10/2021 23:23:51,14.11,0.00,,
8935,09/10/2021 23:33:51,14.11,0.00,,
8936,09/10/2021 23:43:51,14.03,0.00,,
8937,09/10/2021 23:53:51,14.03,0.00,,
8938,09/11/2021 00:03:51,13.98,0.00,,
8939,09/11/2021 00:13:51,13.94,0.00,,
8940,09/11/2021 00:23:51,13.94,0.00,,
8941,09/11/2021 00:33:51,14.03,0.00,,
8942,09/11/2021 00:43:51,14.11,0.00,,
8943,09/11/2021 00:53:51,14.11,0.00,,
8944,09/11/2021 01:03:51,14.24,0.00,,
8945,09/11/2021 01:13:51,14.24,0.00,,
8946,09/11/2021 01:23:51,14.15,0.00,,
8947,09/11/2021 01:33:51,14.20,0.00,,
8948,09/11/2021 01:43:51,14.20,0.00,,
8949,09/11/2021 01:53:51,14.11,0.00,,
8950,09/11/2021 02:03:51,14.11,0.00,,
8951,09/11/2021 02:13:51,14.15,0.00,,
8952,09/11/2021 02:23:51,14.20,0.00,,
8953,09/11/2021 02:33:51,14.15,0.00,,
8954,09/11/2021 02:43:51,14.15,0.00,,
8955,09/11/2021 02:53:51,14.07,0.00,,
8956,09/11/2021 03:03:51,13.90,0.00,,
8957,09/11/2021 03:13:51,13.77,0.00,,
8958,09/11/2021 03:23:51,13.77,0.00,,
8959,09/11/2021 03:33:51,13.81,0.00,,
8960,09/11/2021 03:43:51,13.81,0.00,,
8961,09/11/2021 03:53:51,13.85,0.00,,
8962,09/11/2021 04:03:51,13.77,0.00,,
8963,09/11/2021 04:13:51,13.81,0.00,,
8964,09/11/2021 04:23:51,13.81,0.00,,
8965,09/11/2021 04:33:51,13.77,0.00,,
8966,09/11/2021 04:43:51,13.73,0.00,,
8967,09/11/2021 04:53:51,13.64,0.00,,
8968,09/11/2021 05:03:51,13.81,0.00,,
8969,09/11/2021 05:13:51,13.64,0.00,,
8970,09/11/2021 05:23:51,13.55,0.00,,
8971,09/11/2021 05:33:51,13.51,0.00,,
8972,09/11/2021 05:43:51,13.55,0.00,,
8973,09/11/2021 05:53:51,13.64,0.00,,
8974,09/11/2021 06:03:51,13.73,0.00,,
8975,09/11/2021 06:13:51,13.77,0.00,,
8976,09/11/2021 06:23:51,13.90,0.00,,
8977,09/11/2021 06:33:51,13.85,0.00,,
8978,09/11/2021 06:43:51,13.68,4.70,,
8979,09/11/2021 06:53:51,13.73,16.50,,
8980,09/11/2021 07:03:51,13.64,37.82,,
8981,09/11/2021 07:13:51,13.60,65.80,,
8982,09/11/2021 07:23:51,13.55,85.16,,
8983,09/11/2021 07:33:51,13.47,112.76,,
8984,09/11/2021 07:43:51,13.30,164.40,,
8985,09/11/2021 07:53:51,13.12,225.76,,
8986,09/11/2021 08:03:51,13.21,278.16,,
8987,09/11/2021 08:13:51,13.25,352.16,,
8988,09/11/2021 08:23:51,13.25,440.32,,
8989,09/11/2021 08:33:51,13.38,547.84,,
8990,09/11/2021 08:43:51,13.43,533.28,,
8991,09/11/2021 08:53:51,13.43,601.28,,
8992,09/11/2021 09:03:51,13.55,810.56,,
8993,09/11/2021 09:13:51,13.68,886.40,,
8994,09/11/2021 09:23:51,13.94,908.16,,
8995,09/11/2021 09:33:51,14.15,1607.68,,
8996,09/11/2021 09:43:51,14.45,1701.76,,
8997,09/11/2021 09:53:51,14.71,1600.00,,
8998,09/11/2021 10:03:51,15.06,1539.84,,
8999,09/11/2021 10:13:51,15.40,1489.28,,
9000,09/11/2021 10:23:51,15.66,1465.60,,
9001,09/11/2021 10:33:51,16.00,1388.80,,
9002,09/11/2021 10:43:51,16.73,1372.16,,
9003,09/11/2021 10:53:51,17.29,1329.28,,
9004,09/11/2021 11:03:51,17.37,1342.08,,
9005,09/11/2021 11:13:51,17.33,1225.60,,
9006,09/11/2021 11:23:51,17.50,1317.12,,
9007,09/11/2021 11:33:51,17.59,1340.16,,
9008,09/11/2021 11:43:51,17.50,1331.84,,
9009,09/11/2021 11:53:51,17.76,1320.32,,
9010,09/11/2021 12:03:51,17.72,1337.60,,
9011,09/11/2021 12:13:51,17.33,1342.72,,
9012,09/11/2021 12:23:51,16.94,1354.88,,
9013,09/11/2021 12:33:51,16.56,1395.84,,
9014,09/11/2021 12:43:51,16.43,1423.36,,
9015,09/11/2021 12:53:51,16.47,1468.16,,
9016,09/11/2021 13:03:51,16.60,1506.56,,
9017,09/11/2021 13:13:51,16.69,1532.80,,
9018,09/11/2021 13:23:51,16.51,1617.92,,
9019,09/11/2021 13:33:51,16.47,1457.28,,
9020,09/11/2021 13:43:51,16.30,1479.68,,
9021,09/11/2021 13:53:51,16.13,1489.92,,
9022,09/11/2021 14:03:51,15.96,1679.36,,
9023,09/11/2021 14:13:51,15.66,1760.64,,
9024,09/11/2021 14:23:51,15.83,1563.52,,
9025,09/11/2021 14:33:51,15.74,1625.60,,
9026,09/11/2021 14:43:51,15.91,1610.88,,
9027,09/11/2021 14:53:51,15.91,1690.24,,
9028,09/11/2021 15:03:51,15.91,1818.24,,
9029,09/11/2021 15:13:51,15.91,1829.76,,
9030,09/11/2021 15:23:51,15.96,1831.68,,
9031,09/11/2021 15:33:51,16.13,2013.44,,
9032,09/11/2021 15:43:51,15.83,2004.48,,
9033,09/11/2021 15:53:51,15.83,2256.00,,
9034,09/11/2021 16:03:51,15.87,2440.96,,
9035,09/11/2021 16:13:51,15.96,2725.12,,
9036,09/11/2021 16:23:51,15.96,2335.36,,
9037,09/11/2021 16:33:51,16.08,2668.80,,
9038,09/11/2021 16:43:51,16.08,2956.80,,
9039,09/11/2021 16:53:51,16.17,3002.88,,
9040,09/11/2021 17:03:51,16.39,2995.20,,
9041,09/11/2021 17:13:51,16.51,3360.00,,
9042,09/11/2021 17:23:51,16.56,3334.40,,
9043,09/11/2021 17:33:51,16.60,3694.08,,
9044,09/11/2021 17:43:51,16.56,3783.68,,
9045,09/11/2021 17:53:51,16.43,3454.72,,
9046,09/11/2021 18:03:51,16.47,3669.76,,
9047,09/11/2021 18:13:51,16.47,3471.36,,
9048,09/11/2021 18:23:51,16.39,3191.04,,
9049,09/11/2021 18:33:51,16.34,2754.56,,
9050,09/11/2021 18:43:51,16.17,2004.48,,
9051,09/11/2021 18:53:51,15.53,473.28,,
9052,09/11/2021 19:03:51,15.36,220.64,,
9053,09/11/2021 19:13:51,15.27,72.32,,
9054,09/11/2021 19:23:51,15.01,36.54,,
9055,09/11/2021 19:33:51,15.01,11.39,,
9056,09/11/2021 19:43:51,14.93,1.71,,
9057,09/11/2021 19:53:51,14.80,0.00,,
9058,09/11/2021 20:03:51,14.80,0.00,,
9059,09/11/2021 20:13:51,14.71,0.00,,
9060,09/11/2021 20:23:51,14.84,0.00,,
9061,09/11/2021 20:33:51,14.71,0.00,,
9062,09/11/2021 20:43:51,14.67,0.00,,
9063,09/11/2021 20:53:51,14.63,0.00,,
9064,09/11/2021 21:03:51,14.50,0.00,,
9065,09/11/2021 21:13:51,14.54,0.00,,
9066,09/11/2021 21:23:51,14.45,0.00,,
9067,09/11/2021 21:33:51,14.45,0.00,,
9068,09/11/2021 21:43:51,14.37,0.00,,
9069,09/11/2021 21:53:51,14.28,0.00,,
9070,09/11/2021 22:03:51,14.20,0.00,,
9071,09/11/2021 22:13:51,14.24,0.00,,
9072,09/11/2021 22:23:51,14.24,0.00,,
9073,09/11/2021 22:33:51,14.33,0.00,,
9074,09/11/2021 22:43:51,14.37,0.00,,
9075,09/11/2021 22:53:51,14.45,0.00,,
9076,09/11/2021 23:03:51,14.41,0.00,,
9077,09/11/2021 23:13:51,14.33,0.00,,
9078,09/11/2021 23:23:51,14.24,0.00,,
9079,09/11/2021 23:33:51,14.15,0.00,,
9080,09/11/2021 23:43:51,14.11,0.00,,
9081,09/11/2021 23:53:51,14.15,0.00,,
9082,09/12/2021 00:03:51,14.15,0.00,,
9083,09/12/2021 00:13:51,14.20,0.00,,
9084,09/12/2021 00:23:51,14.11,0.00,,
9085,09/12/2021 00:33:51,14.20,0.00,,
9086,09/12/2021 00:43:51,14.11,0.00,,
9087,09/12/2021 00:53:51,14.03,0.00,,
9088,09/12/2021 01:03:51,13.98,0.00,,
9089,09/12/2021 01:13:51,13.90,0.00,,
9090,09/12/2021 01:23:51,14.03,0.00,,
9091,09/12/2021 01:33:51,14.07,0.00,,
9092,09/12/2021 01:43:51,14.24,0.00,,
9093,09/12/2021 01:53:51,14.20,0.00,,
9094,09/12/2021 02:03:51,14.11,0.00,,
9095,09/12/2021 02:13:51,14.07,0.00,,
9096,09/12/2021 02:23:51,13.94,0.00,,
9097,09/12/2021 02:33:51,13.64,0.00,,
9098,09/12/2021 02:43:51,13.51,0.00,,
9099,09/12/2021 02:53:51,13.51,0.00,,
9100,09/12/2021 03:03:51,13.68,0.00,,
9101,09/12/2021 03:13:51,13.51,0.00,,
9102,09/12/2021 03:23:51,13.47,0.00,,
9103,09/12/2021 03:33:51,13.34,0.00,,
9104,09/12/2021 03:43:51,13.30,0.00,,
9105,09/12/2021 03:53:51,13.17,0.00,,
9106,09/12/2021 04:03:51,13.08,0.00,,
9107,09/12/2021 04:13:51,13.08,0.00,,
9108,09/12/2021 04:23:51,13.12,0.00,,
9109,09/12/2021 04:33:51,13.25,0.00,,
9110,09/12/2021 04:43:51,13.34,0.00,,
9111,09/12/2021 04:53:51,13.25,0.00,,
9112,09/12/2021 05:03:51,13.25,0.00,,
9113,09/12/2021 05:13:51,13.25,0.00,,
9114,09/12/2021 05:23:51,13.34,0.00,,
9115,09/12/2021 05:33:51,13.38,0.00,,
9116,09/12/2021 05:43:51,13.30,0.00,,
9117,09/12/2021 05:53:51,13.17,0.00,,
9118,09/12/2021 06:03:51,13.12,0.00,,
9119,09/12/2021 06:13:51,12.82,0.00,,
9120,09/12/2021 06:23:51,12.70,0.00,,
9121,09/12/2021 06:33:51,12.52,0.21,,
9122,09/12/2021 06:43:51,12.14,4.70,,
9123,09/12/2021 06:53:51,12.01,13.05,,
9124,09/12/2021 07:03:51,12.14,29.64,,
9125,09/12/2021 07:13:51,12.22,55.04,,
9126,09/12/2021 07:23:51,12.35,76.60,,
9127,09/12/2021 07:33:51,12.48,125.72,,
9128,09/12/2021 07:43:51,12.44,157.48,,
9129,09/12/2021 07:53:51,12.52,190.24,,
9130,09/12/2021 08:03:51,12.52,254.88,,
9131,09/12/2021 08:13:51,12.65,312.64,,
9132,09/12/2021 08:23:51,12.70,341.92,,
9133,09/12/2021 08:33:51,12.78,369.28,,
9134,09/12/2021 08:43:51,12.91,410.88,,
9135,09/12/2021 08:53:51,13.04,504.64,,
9136,09/12/2021 09:03:51,13.08,657.28,,
9137,09/12/2021 09:13:51,13.17,877.76,,
9138,09/12/2021 09:23:51,13.34,1152.00,,
9139,09/12/2021 09:33:51,13.30,1210.24,,
9140,09/12/2021 09:43:51,13.55,1652.48,,
9141,09/12/2021 09:53:51,13.68,1663.36,,
9142,09/12/2021 10:03:51,13.85,1598.72,,
9143,09/12/2021 10:13:51,14.20,1520.64,,
9144,09/12/2021 10:23:51,14.58,1514.88,,
9145,09/12/2021 10:33:51,15.01,1474.56,,
9146,09/12/2021 10:43:51,15.40,1474.56,,
9147,09/12/2021 10:53:51,15.36,1443.20,,
9148,09/12/2021 11:03:51,15.44,1435.52,,
9149,09/12/2021 11:13:51,15.36,1384.96,,
9150,09/12/2021 11:23:51,15.40,1379.84,,
9151,09/12/2021 11:33:51,15.78,1380.48,,
9152,09/12/2021 11:43:51,15.44,1413.76,,
9153,09/12/2021 11:53:51,15.27,1393.92,,
9154,09/12/2021 12:03:51,15.23,1489.28,,
9155,09/12/2021 12:13:51,15.23,1491.20,,
9156,09/12/2021 12:23:51,15.23,1502.08,,
9157,09/12/2021 12:33:51,15.01,1524.48,,
9158,09/12/2021 12:43:51,14.97,1542.40,,
9159,09/12/2021 12:53:51,14.93,1637.12,,
9160,09/12/2021 13:03:51,14.93,1704.96,,
9161,09/12/2021 13:13:51,14.97,1688.96,,
9162,09/12/2021 13:23:51,14.97,1639.68,,
9163,09/12/2021 13:33:51,14.97,1677.44,,
9164,09/12/2021 13:43:51,15.01,1633.92,,
9165,09/12/2021 13:53:51,15.14,1738.24,,
9166,09/12/2021 14:03:51,15.31,1758.08,,
9167,09/12/2021 14:13:51,15.18,1888.00,,
9168,09/12/2021 14:23:51,15.48,2067.84,,
9169,09/12/2021 14:33:51,15.27,1976.96,,
9170,09/12/2021 14:43:51,15.23,1845.12,,
9171,09/12/2021 14:53:51,15.31,1735.68,,
9172,09/12/2021 15:03:51,15.23,2014.72,,
9173,09/12/2021 15:13:51,15.06,1944.96,,
9174,09/12/2021 15:23:51,15.18,2113.92,,
9175,09/12/2021 15:33:51,15.40,2556.16,,
9176,09/12/2021 15:43:51,15.36,2535.68,,
9177,09/12/2021 15:53:51,15.14,2266.88,,
9178,09/12/2021 16:03:51,14.93,1493.76,,
9179,09/12/2021 16:13:51,14.54,732.80,,
9180,09/12/2021 16:23:51,14.50,770.24,,
9181,09/12/2021 16:33:51,14.45,1336.32,,
9182,09/12/2021 16:43:51,15.01,1775.36,,
9183,09/12/2021 16:53:51,15.66,3461.12,,
9184,09/12/2021 17:03:51,15.74,3142.40,,
9185,09/12/2021 17:13:51,15.91,2679.04,,
9186,09/12/2021 17:23:51,16.08,2856.96,,
9187,09/12/2021 17:33:51,16.00,2764.80,,
9188,09/12/2021 17:43:51,16.00,2143.36,,
9189,09/12/2021 17:53:51,15.96,2557.44,,
9190,09/12/2021 18:03:51,16.00,1287.36,,
9191,09/12/2021 18:13:51,15.74,2496.00,,
9192,09/12/2021 18:23:51,15.70,1638.40,,
9193,09/12/2021 18:33:51,15.91,2165.76,,
9194,09/12/2021 18:43:51,15.91,1808.00,,
9195,09/12/2021 18:53:51,15.78,1164.16,,
9196,09/12/2021 19:03:51,15.57,597.92,,
9197,09/12/2021 19:13:51,15.36,137.04,,
9198,09/12/2021 19:23:51,15.27,49.06,,
9199,09/12/2021 19:33:51,15.23,14.39,,
9200,09/12/2021 19:43:51,15.14,2.35,,
9201,09/12/2021 19:53:51,15.06,0.00,,
9202,09/12/2021 20:03:51,14.97,0.00,,
9203,09/12/2021 20:13:51,15.23,0.00,,
9204,09/12/2021 20:23:51,15.23,0.00,,
9205,09/12/2021 20:33:51,15.36,0.00,,
9206,09/12/2021 20:43:51,15.23,0.00,,
9207,09/12/2021 20:53:51,15.14,0.00,,
9208,09/12/2021 21:03:51,15.01,0.00,,
9209,09/12/2021 21:13:51,14.97,0.00,,
9210,09/12/2021 21:23:51,14.84,0.00,,
9211,09/12/2021 21:33:51,14.75,0.00,,
9212,09/12/2021 21:43:51,14.71,0.00,,
9213,09/12/2021 21:53:51,14.75,0.00,,
9214,09/12/2021 22:03:51,14.71,0.00,,
9215,09/12/2021 22:13:51,14.67,0.00,,
9216,09/12/2021 22:23:51,14.58,0.00,,
9217,09/12/2021 22:33:51,14.63,0.00,,
9218,09/12/2021 22:43:51,14.45,0.00,,
9219,09/12/2021 22:53:51,14.50,0.00,,
9220,09/12/2021 23:03:51,14.50,0.00,,
9221,09/12/2021 23:13:51,14.54,0.00,,
9222,09/12/2021 23:23:51,14.41,0.00,,
9223,09/12/2021 23:33:51,14.37,0.00,,
9224,09/12/2021 23:43:51,14.37,0.00,,
9225,09/12/2021 23:53:51,14.28,0.00,,
9226,09/13/2021 00:03:51,14.20,0.00,,
9227,09/13/2021 00:13:51,14.11,0.00,,
9228,09/13/2021 00:23:51,14.11,0.00,,
9229,09/13/2021 00:33:51,14.07,0.00,,
9230,09/13/2021 00:43:51,14.07,0.00,,
9231,09/13/2021 00:53:51,14.03,0.00,,
9232,09/13/2021 01:03:51,13.98,0.00,,
9233,09/13/2021 01:13:51,14.03,0.00,,
9234,09/13/2021 01:23:51,14.03,0.00,,
9235,09/13/2021 01:33:51,14.11,0.00,,
9236,09/13/2021 01:43:51,14.11,0.00,,
9237,09/13/2021 01:53:51,14.11,0.00,,
9238,09/13/2021 02:03:51,14.11,0.00,,
9239,09/13/2021 02:13:51,14.07,0.00,,
9240,09/13/2021 02:23:51,14.11,0.00,,
9241,09/13/2021 02:33:51,14.07,0.00,,
9242,09/13/2021 02:43:51,14.15,0.00,,
9243,09/13/2021 02:53:51,14.15,0.00,,
9244,09/13/2021 03:03:51,14.15,0.00,,
9245,09/13/2021 03:13:51,14.11,0.00,,
9246,09/13/2021 03:23:51,14.11,0.00,,
9247,09/13/2021 03:33:51,14.03,0.00,,
9248,09/13/2021 03:43:51,13.98,0.00,,
9249,09/13/2021 03:53:51,13.90,0.00,,
9250,09/13/2021 04:03:51,13.85,0.00,,
9251,09/13/2021 04:13:51,13.81,0.00,,
9252,09/13/2021 04:23:51,13.85,0.00,,
9253,09/13/2021 04:33:51,13.73,0.00,,
9254,09/13/2021 04:43:51,13.64,0.00,,
9255,09/13/2021 04:53:51,13.60,0.00,,
9256,09/13/2021 05:03:51,13.64,0.00,,
9257,09/13/2021 05:13:51,13.51,0.00,,
9258,09/13/2021 05:23:51,13.43,0.00,,
9259,09/13/2021 05:33:51,13.34,0.00,,
9260,09/13/2021 05:43:51,13.30,0.00,,
9261,09/13/2021 05:53:51,13.34,0.00,,
9262,09/13/2021 06:03:51,13.30,0.00,,
9263,09/13/2021 06:13:51,13.21,0.00,,
9264,09/13/2021 06:23:51,13.12,0.00,,
9265,09/13/2021 06:33:51,13.12,0.85,,
9266,09/13/2021 06:43:51,13.17,9.47,,
9267,09/13/2021 06:53:51,13.08,33.97,,
9268,09/13/2021 07:03:51,13.12,88.68,,
9269,09/13/2021 07:13:51,13.08,169.68,,
9270,09/13/2021 07:23:51,13.12,262.80,,
9271,09/13/2021 07:33:51,13.21,409.92,,
9272,09/13/2021 07:43:51,13.30,523.84,,
9273,09/13/2021 07:53:51,13.43,594.40,,
9274,09/13/2021 08:03:51,13.51,752.64,,
9275,09/13/2021 08:13:51,13.64,1569.92,,
9276,09/13/2021 08:23:51,13.98,1724.80,,
9277,09/13/2021 08:33:51,14.24,1652.48,,
9278,09/13/2021 08:43:51,14.24,1674.88,,
9279,09/13/2021 08:53:51,14.50,1689.60,,
9280,09/13/2021 09:03:51,14.71,1821.44,,
9281,09/13/2021 09:13:51,14.75,1635.84,,
9282,09/13/2021 09:23:51,14.97,1666.56,,
9283,09/13/2021 09:33:51,15.36,1690.24,,
9284,09/13/2021 09:43:51,15.53,1625.60,,
9285,09/13/2021 09:53:51,15.78,1523.20,,
9286,09/13/2021 10:03:51,15.96,1514.24,,
9287,09/13/2021 10:13:51,16.21,1428.48,,
9288,09/13/2021 10:23:51,16.39,1392.64,,
9289,09/13/2021 10:33:51,16.73,1402.24,,
9290,09/13/2021 10:43:51,16.94,1370.88,,
9291,09/13/2021 10:53:51,17.16,1424.00,,
9292,09/13/2021 11:03:51,17.46,1324.16,,
9293,09/13/2021 11:13:51,17.89,1235.20,,
9294,09/13/2021 11:23:51,18.19,1272.96,,
9295,09/13/2021 11:33:51,17.67,1307.84,,
9296,09/13/2021 11:43:51,17.20,1251.52,,
9297,09/13/2021 11:53:51,16.56,1307.20,,
9298,09/13/2021 12:03:51,16.64,1274.56,,
9299,09/13/2021 12:13:51,17.03,1282.24,,
9300,09/13/2021 12:23:51,17.46,1319.68,,
9301,09/13/2021 12:33:51,17.63,1360.00,,
9302,09/13/2021 12:43:51,17.63,1390.72,,
9303,09/13/2021 12:53:51,17.54,1498.88,,
9304,09/13/2021 13:03:51,17.07,1405.44,,
9305,09/13/2021 13:13:51,16.77,1380.48,,
9306,09/13/2021 13:23:51,16.60,1425.92,,
9307,09/13/2021 13:33:51,16.73,1381.12,,
9308,09/13/2021 13:43:51,16.73,1461.76,,
9309,09/13/2021 13:53:51,16.60,1423.36,,
9310,09/13/2021 14:03:51,16.34,1424.00,,
9311,09/13/2021 14:13:51,16.60,1425.28,,
9312,09/13/2021 14:23:51,16.86,1581.44,,
9313,09/13/2021 14:33:51,16.77,1532.80,,
9314,09/13/2021 14:43:51,16.69,1731.84,,
9315,09/13/2021 14:53:51,16.43,1691.52,,
9316,09/13/2021 15:03:51,16.51,1725.44,,
9317,09/13/2021 15:13:51,16.73,1987.20,,
9318,09/13/2021 15:23:51,16.60,1874.56,,
9319,09/13/2021 15:33:51,16.56,1966.72,,
9320,09/13/2021 15:43:51,16.30,1987.20,,
9321,09/13/2021 15:53:51,16.26,2366.08,,
9322,09/13/2021 16:03:51,16.13,2220.16,,
9323,09/13/2021 16:13:51,16.39,2288.64,,
9324,09/13/2021 16:23:51,16.34,2649.60,,
9325,09/13/2021 16:33:51,16.26,2919.68,,
9326,09/13/2021 16:43:51,16.47,2617.60,,
9327,09/13/2021 16:53:51,16.56,3216.64,,
9328,09/13/2021 17:03:51,16.43,3426.56,,
9329,09/13/2021 17:13:51,16.43,3232.00,,
9330,09/13/2021 17:23:51,16.43,3532.80,,
9331,09/13/2021 17:33:51,16.47,3626.24,,
9332,09/13/2021 17:43:51,16.43,3752.96,,
9333,09/13/2021 17:53:51,16.39,3287.04,,
9334,09/13/2021 18:03:51,16.30,3413.76,,
9335,09/13/2021 18:13:51,16.13,2964.48,,
9336,09/13/2021 18:23:51,15.96,2518.40,,
9337,09/13/2021 18:33:51,15.74,1841.92,,
9338,09/13/2021 18:43:51,15.48,1133.44,,
9339,09/13/2021 18:53:51,15.18,683.84,,
9340,09/13/2021 19:03:51,14.93,287.60,,
9341,09/13/2021 19:13:51,14.67,94.80,,
9342,09/13/2021 19:23:51,14.45,35.68,,
9343,09/13/2021 19:33:51,14.37,8.80,,
9344,09/13/2021 19:43:51,14.28,0.64,,
9345,09/13/2021 19:53:51,14.15,0.00,,
9346,09/13/2021 20:03:51,14.11,0.00,,
9347,09/13/2021 20:13:51,14.11,0.00,,
9348,09/13/2021 20:23:51,14.20,0.00,,
9349,09/13/2021 20:33:51,14.11,0.00,,
9350,09/13/2021 20:43:51,14.11,0.00,,
9351,09/13/2021 20:53:51,14.11,0.00,,
9352,09/13/2021 21:03:51,14.20,0.00,,
9353,09/13/2021 21:13:51,14.15,0.00,,
9354,09/13/2021 21:23:51,14.15,0.00,,
9355,09/13/2021 21:33:51,14.20,0.00,,
9356,09/13/2021 21:43:51,14.15,0.00,,
9357,09/13/2021 21:53:51,14.24,0.00,,
9358,09/13/2021 22:03:51,14.20,0.00,,
9359,09/13/2021 22:13:51,14.07,0.00,,
9360,09/13/2021 22:23:51,13.94,0.00,,
9361,09/13/2021 22:33:51,13.85,0.00,,
9362,09/13/2021 22:43:51,13.81,0.00,,
9363,09/13/2021 22:53:51,13.77,0.00,,
9364,09/13/2021 23:03:51,13.73,0.00,,
9365,09/13/2021 23:13:51,13.68,0.00,,
9366,09/13/2021 23:23:51,13.60,0.00,,
9367,09/13/2021 23:33:51,13.73,0.00,,
9368,09/13/2021 23:43:51,13.73,0.00,,
9369,09/13/2021 23:53:51,13.85,0.00,,
9370,09/14/2021 00:03:51,13.73,0.00,,
9371,09/14/2021 00:13:51,13.68,0.00,,
9372,09/14/2021 00:23:51,13.64,0.00,,
9373,09/14/2021 00:33:51,13.68,0.00,,
9374,09/14/2021 00:43:51,13.68,0.00,,
9375,09/14/2021 00:53:51,13.47,0.00,,
9376,09/14/2021 01:03:51,13.55,0.00,,
9377,09/14/2021 01:13:51,13.64,0.00,,
9378,09/14/2021 01:23:51,13.51,0.00,,
9379,09/14/2021 01:33:51,13.38,0.00,,
9380,09/14/2021 01:43:51,13.30,0.00,,
9381,09/14/2021 01:53:51,13.17,0.00,,
9382,09/14/2021 02:03:51,13.21,0.00,,
9383,09/14/2021 02:13:51,12.91,0.00,,
9384,09/14/2021 02:23:51,12.87,0.00,,
9385,09/14/2021 02:33:51,12.95,0.00,,
9386,09/14/2021 02:43:51,12.95,0.00,,
9387,09/14/2021 02:53:51,12.95,0.00,,
9388,09/14/2021 03:03:51,12.82,0.00,,
9389,09/14/2021 03:13:51,12.82,0.00,,
9390,09/14/2021 03:23:51,12.61,0.00,,
9391,09/14/2021 03:33:51,12.35,0.00,,
9392,09/14/2021 03:43:51,12.44,0.00,,
9393,09/14/2021 03:53:51,12.05,0.00,,
9394,09/14/2021 04:03:51,11.58,0.00,,
9395,09/14/2021 04:13:51,11.32,0.00,,
9396,09/14/2021 04:23:51,11.02,0.00,,
9397,09/14/2021 04:33:51,11.24,0.00,,
9398,09/14/2021 04:43:51,10.89,0.00,,
9399,09/14/2021 04:53:51,11.07,0.00,,
9400,09/14/2021 05:03:51,10.94,0.00,,
9401,09/14/2021 05:13:51,11.15,0.00,,
9402,09/14/2021 05:23:51,11.58,0.00,,
9403,09/14/2021 05:33:51,12.18,0.00,,
9404,09/14/2021 05:43:51,12.44,0.00,,
9405,09/14/2021 05:53:51,11.37,0.00,,
9406,09/14/2021 06:03:51,11.24,0.00,,
9407,09/14/2021 06:13:51,11.54,0.00,,
9408,09/14/2021 06:23:51,12.14,0.00,,
9409,09/14/2021 06:33:51,11.92,0.64,,
9410,09/14/2021 06:43:51,10.64,7.49,,
9411,09/14/2021 06:53:51,10.59,30.06,,
9412,09/14/2021 07:03:51,10.72,74.90,,
9413,09/14/2021 07:13:51,10.77,143.68,,
9414,09/14/2021 07:23:51,10.42,215.28,,
9415,09/14/2021 07:33:51,10.68,623.20,,
9416,09/14/2021 07:43:51,10.64,875.52,,
9417,09/14/2021 07:53:51,10.94,1014.40,,
9418,09/14/2021 08:03:51,11.15,1175.36,,
9419,09/14/2021 08:13:51,11.45,1231.04,,
9420,09/14/2021 08:23:51,12.18,1307.84,,
9421,09/14/2021 08:33:51,12.57,1422.72,,
9422,09/14/2021 08:43:51,13.25,1591.04,,
9423,09/14/2021 08:53:51,13.77,1480.96,,
9424,09/14/2021 09:03:51,14.07,1507.84,,
9425,09/14/2021 09:13:51,14.24,1647.36,,
9426,09/14/2021 09:23:51,14.50,1637.12,,
9427,09/14/2021 09:33:51,14.80,1620.48,,
9428,09/14/2021 09:43:51,15.31,1621.76,,
9429,09/14/2021 09:53:51,15.57,1560.96,,
9430,09/14/2021 10:03:51,15.57,1591.04,,
9431,09/14/2021 10:13:51,15.53,1545.60,,
9432,09/14/2021 10:23:51,15.70,1523.20,,
9433,09/14/2021 10:33:51,16.08,1471.36,,
9434,09/14/2021 10:43:51,16.51,1494.40,,
9435,09/14/2021 10:53:51,16.77,1425.28,,
9436,09/14/2021 11:03:51,16.99,1400.96,,
9437,09/14/2021 11:13:51,17.63,1370.88,,
9438,09/14/2021 11:23:51,18.10,1452.16,,
9439,09/14/2021 11:33:51,18.53,1410.56,,
9440,09/14/2021 11:43:51,18.87,1448.96,,
9441,09/14/2021 11:53:51,19.05,1439.36,,
9442,09/14/2021 12:03:51,19.17,1468.16,,
9443,09/14/2021 12:13:51,19.30,1466.24,,
9444,09/14/2021 12:23:51,19.39,1489.28,,
9445,09/14/2021 12:33:51,19.65,1512.32,,
9446,09/14/2021 12:43:51,19.95,1547.52,,
9447,09/14/2021 12:53:51,19.99,1541.76,,
9448,09/14/2021 13:03:51,20.03,1569.92,,
9449,09/14/2021 13:13:51,19.22,1557.76,,
9450,09/14/2021 13:23:51,18.57,1577.60,,
9451,09/14/2021 13:33:51,18.10,1520.64,,
9452,09/14/2021 13:43:51,18.44,1519.36,,
9453,09/14/2021 13:53:51,18.57,1644.80,,
9454,09/14/2021 14:03:51,18.02,1610.24,,
9455,09/14/2021 14:13:51,18.19,1651.20,,
9456,09/14/2021 14:23:51,17.84,1766.40,,
9457,09/14/2021 14:33:51,17.67,1819.52,,
9458,09/14/2021 14:43:51,17.46,1902.08,,
9459,09/14/2021 14:53:51,17.20,1955.20,,
9460,09/14/2021 15:03:51,16.99,1999.36,,
9461,09/14/2021 15:13:51,16.86,2131.20,,
9462,09/14/2021 15:23:51,16.77,2215.04,,
9463,09/14/2021 15:33:51,16.64,2297.60,,
9464,09/14/2021 15:43:51,16.39,2366.08,,
9465,09/14/2021 15:53:51,16.21,2280.32,,
9466,09/14/2021 16:03:51,16.08,2559.36,,
9467,09/14/2021 16:13:51,16.17,2499.20,,
9468,09/14/2021 16:23:51,16.13,2569.60,,
9469,09/14/2021 16:33:51,16.08,2745.60,,
9470,09/14/2021 16:43:51,16.08,2597.12,,
9471,09/14/2021 16:53:51,15.96,2872.32,,
9472,09/14/2021 17:03:51,15.91,1392.64,,
9473,09/14/2021 17:13:51,15.57,736.64,,
9474,09/14/2021 17:23:51,15.36,576.00,,
9475,09/14/2021 17:33:51,15.40,492.64,,
9476,09/14/2021 17:43:51,15.36,382.56,,
9477,09/14/2021 17:53:51,15.23,320.32,,
9478,09/14/2021 18:03:51,15.27,328.00,,
9479,09/14/2021 18:13:51,15.48,304.08,,
9480,09/14/2021 18:23:51,15.40,262.80,,
9481,09/14/2021 18:33:51,15.31,146.36,,
9482,09/14/2021 18:43:51,15.27,155.04,,
9483,09/14/2021 18:53:51,15.31,91.24,,
9484,09/14/2021 19:03:51,15.40,88.68,,
9485,09/14/2021 19:13:51,15.23,55.90,,
9486,09/14/2021 19:23:51,15.31,22.31,,
9487,09/14/2021 19:33:51,15.23,5.35,,
9488,09/14/2021 19:43:51,15.01,0.42,,
9489,09/14/2021 19:53:51,14.88,0.00,,
9490,09/14/2021 20:03:51,14.71,0.00,,
9491,09/14/2021 20:13:51,14.71,0.00,,
9492,09/14/2021 20:23:51,14.67,0.00,,
9493,09/14/2021 20:33:51,14.54,0.00,,
9494,09/14/2021 20:43:51,14.58,0.00,,
9495,09/14/2021 20:53:51,14.58,0.00,,
9496,09/14/2021 21:03:51,14.50,0.00,,
9497,09/14/2021 21:13:51,14.67,0.00,,
9498,09/14/2021 21:23:51,14.50,0.00,,
9499,09/14/2021 21:33:51,14.45,0.00,,
9500,09/14/2021 21:43:51,14.37,0.00,,
9501,09/14/2021 21:53:51,14.37,0.00,,
9502,09/14/2021 22:03:51,14.50,0.00,,
9503,09/14/2021 22:13:51,14.37,0.00,,
9504,09/14/2021 22:23:51,14.33,0.00,,
9505,09/14/2021 22:33:51,14.20,0.00,,
9506,09/14/2021 22:43:51,14.33,0.00,,
9507,09/14/2021 22:53:51,14.24,0.00,,
9508,09/14/2021 23:03:51,14.45,0.00,,
9509,09/14/2021 23:13:51,14.45,0.00,,
9510,09/14/2021 23:23:51,14.20,0.00,,
9511,09/14/2021 23:33:51,14.37,0.00,,
9512,09/14/2021 23:43:51,14.28,0.00,,
9513,09/14/2021 23:53:51,14.41,0.00,,
9514,09/15/2021 00:03:51,14.11,0.00,,
9515,09/15/2021 00:13:51,14.15,0.00,,
9516,09/15/2021 00:23:51,14.11,0.00,,
9517,09/15/2021 00:33:51,13.98,0.00,,
9518,09/15/2021 00:43:51,13.98,0.00,,
9519,09/15/2021 00:53:51,14.03,0.00,,
9520,09/15/2021 01:03:51,13.94,0.00,,
9521,09/15/2021 01:13:51,13.90,0.00,,
9522,09/15/2021 01:23:51,13.94,0.00,,
9523,09/15/2021 01:33:51,13.77,0.00,,
9524,09/15/2021 01:43:51,13.77,0.00,,
9525,09/15/2021 01:53:51,13.81,0.00,,
9526,09/15/2021 02:03:51,13.77,0.00,,
9527,09/15/2021 02:13:51,13.77,0.00,,
9528,09/15/2021 02:23:51,13.77,0.00,,
9529,09/15/2021 02:33:51,13.64,0.00,,
9530,09/15/2021 02:43:51,13.64,0.00,,
9531,09/15/2021 02:53:51,13.73,0.00,,
9532,09/15/2021 03:03:51,13.68,0.00,,
9533,09/15/2021 03:13:51,13.55,0.00,,
9534,09/15/2021 03:23:51,13.60,0.00,,
9535,09/15/2021 03:33:51,13.55,0.00,,
9536,09/15/2021 03:43:51,13.64,0.00,,
9537,09/15/2021 03:53:51,13.60,0.00,,
9538,09/15/2021 04:03:51,13.55,0.00,,
9539,09/15/2021 04:13:51,13.43,0.00,,
9540,09/15/2021 04:23:51,13.47,0.00,,
9541,09/15/2021 04:33:51,13.47,0.00,,
9542,09/15/2021 04:43:51,13.43,0.00,,
9543,09/15/2021 04:53:51,13.55,0.00,,
9544,09/15/2021 05:03:51,13.55,0.00,,
9545,09/15/2021 05:13:51,13.55,0.00,,
9546,09/15/2021 05:23:51,13.68,0.00,,
9547,09/15/2021 05:33:51,13.73,0.00,,
9548,09/15/2021 05:43:51,13.73,0.00,,
9549,09/15/2021 05:53:51,13.68,0.00,,
9550,09/15/2021 06:03:51,13.77,0.00,,
9551,09/15/2021 06:13:51,13.68,0.00,,
9552,09/15/2021 06:23:51,13.68,0.00,,
9553,09/15/2021 06:33:51,13.81,0.00,,
9554,09/15/2021 06:43:51,13.77,0.42,,
9555,09/15/2021 06:53:51,13.81,3.42,,
9556,09/15/2021 07:03:51,13.85,9.22,,
9557,09/15/2021 07:13:51,13.81,20.17,,
9558,09/15/2021 07:23:51,13.81,32.20,,
9559,09/15/2021 07:33:51,13.77,48.14,,
9560,09/15/2021 07:43:51,13.85,58.04,,
9561,09/15/2021 07:53:51,13.85,72.32,,
9562,09/15/2021 08:03:51,13.77,103.24,,
9563,09/15/2021 08:13:51,13.85,124.76,,
9564,09/15/2021 08:23:51,13.81,138.56,,
9565,09/15/2021 08:33:51,13.90,154.92,,
9566,09/15/2021 08:43:51,13.85,181.68,,
9567,09/15/2021 08:53:51,13.94,214.40,,
9568,09/15/2021 09:03:51,13.85,241.20,,
9569,09/15/2021 09:13:51,13.85,291.92,,
9570,09/15/2021 09:23:51,13.94,291.92,,
9571,09/15/2021 09:33:51,13.94,306.64,,
9572,09/15/2021 09:43:51,14.03,364.96,,
9573,09/15/2021 09:53:51,14.07,350.56,,
9574,09/15/2021 10:03:51,14.07,395.36,,
9575,09/15/2021 10:13:51,14.07,404.80,,
9576,09/15/2021 10:23:51,14.20,407.36,,
9577,09/15/2021 10:33:51,14.28,442.56,,
9578,09/15/2021 10:43:51,14.37,467.84,,
9579,09/15/2021 10:53:51,14.41,586.72,,
9580,09/15/2021 11:03:51,14.28,634.72,,
9581,09/15/2021 11:13:51,14.45,675.20,,
9582,09/15/2021 11:23:51,14.54,650.56,,
9583,09/15/2021 11:33:51,14.71,817.28,,
9584,09/15/2021 11:43:51,14.71,919.36,,
9585,09/15/2021 11:53:51,14.75,1055.36,,
9586,09/15/2021 12:03:51,14.80,1061.44,,
9587,09/15/2021 12:13:51,14.93,1029.76,,
9588,09/15/2021 12:23:51,15.10,1173.44,,
9589,09/15/2021 12:33:51,15.18,1334.40,,
9590,09/15/2021 12:43:51,15.18,1324.16,,
9591,09/15/2021 12:53:51,15.23,1347.84,,
9592,09/15/2021 13:03:51,15.36,1305.28,,
9593,09/15/2021 13:13:51,15.31,1443.84,,
9594,09/15/2021 13:23:51,15.57,1478.40,,
9595,09/15/2021 13:33:51,15.61,1397.76,,
9596,09/15/2021 13:43:51,15.48,1488.64,,
9597,09/15/2021 13:53:51,15.44,1336.32,,
9598,09/15/2021 14:03:51,15.40,1273.60,,
9599,09/15/2021 14:13:51,15.36,1223.04,,
9600,09/15/2021 14:23:51,15.27,1078.40,,
9601,09/15/2021 14:33:51,15.23,1220.48,,
9602,09/15/2021 14:43:51,15.10,1224.96,,
9603,09/15/2021 14:53:51,15.18,1140.16,,
9604,09/15/2021 15:03:51,15.14,1024.64,,
9605,09/15/2021 15:13:51,15.06,941.44,,
9606,09/15/2021 15:23:51,15.18,878.08,,
9607,09/15/2021 15:33:51,15.31,768.64,,
9608,09/15/2021 15:43:51,15.18,753.60,,
9609,09/15/2021 15:53:51,15.18,756.16,,
9610,09/15/2021 16:03:51,15.23,632.16,,
9611,09/15/2021 16:13:51,15.06,570.08,,
9612,09/15/2021 16:23:51,15.06,562.40,,
9613,09/15/2021 16:33:51,15.01,529.76,,
9614,09/15/2021 16:43:51,15.01,433.12,,
9615,09/15/2021 16:53:51,15.06,377.92,,
9616,09/15/2021 17:03:51,15.23,339.36,,
9617,09/15/2021 17:13:51,15.14,275.60,,
9618,09/15/2021 17:23:51,15.06,236.00,,
9619,09/15/2021 17:33:51,14.93,165.28,,
9620,09/15/2021 17:43:51,14.93,142.00,,
9621,09/15/2021 17:53:51,14.80,126.56,,
9622,09/15/2021 18:03:51,14.80,109.36,,
9623,09/15/2021 18:13:51,14.80,89.44,,
9624,09/15/2021 18:23:51,14.80,69.28,,
9625,09/15/2021 18:33:51,14.80,50.72,,
9626,09/15/2021 18:43:51,14.84,36.97,,
9627,09/15/2021 18:53:51,14.88,25.73,,
9628,09/15/2021 19:03:51,14.80,15.03,,
9629,09/15/2021 19:13:51,14.80,7.27,,
9630,09/15/2021 19:23:51,14.84,2.14,,
9631,09/15/2021 19:33:51,14.75,0.00,,
9632,09/15/2021 19:43:51,14.71,0.00,,
9633,09/15/2021 19:53:51,14.75,0.00,,
9634,09/15/2021 20:03:51,14.75,0.00,,
9635,09/15/2021 20:13:51,14.75,0.00,,
9636,09/15/2021 20:23:51,14.71,0.00,,
9637,09/15/2021 20:33:51,14.67,0.00,,
9638,09/15/2021 20:43:51,14.54,0.00,,
9639,09/15/2021 20:53:51,14.54,0.00,,
9640,09/15/2021 21:03:51,14.58,0.00,,
9641,09/15/2021 21:13:51,14.50,0.00,,
9642,09/15/2021 21:23:51,14.33,0.00,,
9643,09/15/2021 21:33:51,14.28,0.00,,
9644,09/15/2021 21:43:51,14.33,0.00,,
9645,09/15/2021 21:53:51,14.24,0.00,,
9646,09/15/2021 22:03:51,14.15,0.00,,
9647,09/15/2021 22:13:51,14.15,0.00,,
9648,09/15/2021 22:23:51,14.15,0.00,,
9649,09/15/2021 22:33:51,14.03,0.00,,
9650,09/15/2021 22:43:51,14.11,0.00,,
9651,09/15/2021 22:53:51,13.98,0.00,,
9652,09/15/2021 23:03:51,13.94,0.00,,
9653,09/15/2021 23:13:51,13.94,0.00,,
9654,09/15/2021 23:23:51,13.81,0.00,,
9655,09/15/2021 23:33:51,13.90,0.00,,
9656,09/15/2021 23:43:51,13.94,0.00,,
9657,09/15/2021 23:53:51,13.90,0.00,,
9658,09/16/2021 00:03:51,13.85,0.00,,
9659,09/16/2021 00:13:51,13.85,0.00,,
9660,09/16/2021 00:23:51,13.77,0.00,,
9661,09/16/2021 00:33:51,13.81,0.00,,
9662,09/16/2021 00:43:51,13.81,0.00,,
9663,09/16/2021 00:53:51,13.81,0.00,,
9664,09/16/2021 01:03:51,13.77,0.00,,
9665,09/16/2021 01:13:51,13.68,0.00,,
9666,09/16/2021 01:23:51,13.81,0.00,,
9667,09/16/2021 01:33:51,13.77,0.00,,
9668,09/16/2021 01:43:51,13.77,0.00,,
9669,09/16/2021 01:53:51,13.73,0.00,,
9670,09/16/2021 02:03:51,13.81,0.00,,
9671,09/16/2021 02:13:51,13.68,0.00,,
9672,09/16/2021 02:23:51,13.64,0.00,,
9673,09/16/2021 02:33:51,13.64,0.00,,
9674,09/16/2021 02:43:51,13.60,0.00,,
9675,09/16/2021 02:53:51,13.47,0.00,,
9676,09/16/2021 03:03:51,13.51,0.00,,
9677,09/16/2021 03:13:51,13.38,0.00,,
9678,09/16/2021 03:23:51,13.34,0.00,,
9679,09/16/2021 03:33:51,13.34,0.00,,
9680,09/16/2021 03:43:51,13.38,0.00,,
9681,09/16/2021 03:53:51,13.38,0.00,,
9682,09/16/2021 04:03:51,13.34,0.00,,
9683,09/16/2021 04:13:51,13.38,0.00,,
9684,09/16/2021 04:23:51,13.38,0.00,,
9685,09/16/2021 04:33:51,13.47,0.00,,
9686,09/16/2021 04:43:51,13.30,0.00,,
9687,09/16/2021 04:53:51,13.25,0.00,,
9688,09/16/2021 05:03:51,13.30,0.00,,
9689,09/16/2021 05:13:51,13.25,0.00,,
9690,09/16/2021 05:23:51,13.25,0.00,,
9691,09/16/2021 05:33:51,13.12,0.00,,
9692,09/16/2021 05:43:51,13.04,0.00,,
9693,09/16/2021 05:53:51,13.08,0.00,,
9694,09/16/2021 06:03:51,13.12,0.00,,
9695,09/16/2021 06:13:51,13.04,0.00,,
9696,09/16/2021 06:23:51,13.08,0.00,,
9697,09/16/2021 06:33:51,12.95,0.00,,
9698,09/16/2021 06:43:51,12.91,0.21,,
9699,09/16/2021 06:53:51,12.95,2.78,,
9700,09/16/2021 07:03:51,13.00,7.70,,
9701,09/16/2021 07:13:51,13.08,15.00,,
9702,09/16/2021 07:23:51,13.12,26.59,,
9703,09/16/2021 07:33:51,13.12,37.82,,
9704,09/16/2021 07:43:51,13.04,52.42,,
9705,09/16/2021 07:53:51,13.12,81.74,,
9706,09/16/2021 08:03:51,13.30,108.48,,
9707,09/16/2021 08:13:51,13.34,167.04,,
9708,09/16/2021 08:23:51,13.51,231.76,,
9709,09/16/2021 08:33:51,13.51,222.08,,
9710,09/16/2021 08:43:51,13.43,266.24,,
9711,09/16/2021 08:53:51,13.38,295.28,,
9712,09/16/2021 09:03:51,13.38,325.52,,
9713,09/16/2021 09:13:51,13.47,365.92,,
9714,09/16/2021 09:23:51,13.51,398.88,,
9715,09/16/2021 09:33:51,13.55,406.56,,
9716,09/16/2021 09:43:51,13.64,411.68,,
9717,09/16/2021 09:53:51,13.85,433.92,,
9718,09/16/2021 10:03:51,13.85,452.80,,
9719,09/16/2021 10:13:51,13.94,472.96,,
9720,09/16/2021 10:23:51,13.85,478.88,,
9721,09/16/2021 10:33:51,13.90,535.04,,
9722,09/16/2021 10:43:51,14.03,552.96,,
9723,09/16/2021 10:53:51,13.94,644.96,,
9724,09/16/2021 11:03:51,13.98,714.56,,
9725,09/16/2021 11:13:51,14.03,653.60,,
9726,09/16/2021 11:23:51,14.15,669.44,,
9727,09/16/2021 11:33:51,14.28,784.00,,
9728,09/16/2021 11:43:51,14.33,828.48,,
9729,09/16/2021 11:53:51,14.33,918.40,,
9730,09/16/2021 12:03:51,14.24,794.24,,
9731,09/16/2021 12:13:51,14.07,749.44,,
9732,09/16/2021 12:23:51,14.03,876.80,,
9733,09/16/2021 12:33:51,13.98,980.80,,
9734,09/16/2021 12:43:51,14.11,1080.32,,
9735,09/16/2021 12:53:51,14.15,1388.16,,
9736,09/16/2021 13:03:51,14.20,1525.12,,
9737,09/16/2021 13:13:51,14.20,1731.84,,
9738,09/16/2021 13:23:51,14.37,1534.08,,
9739,09/16/2021 13:33:51,14.33,1312.00,,
9740,09/16/2021 13:43:51,14.20,1221.44,,
9741,09/16/2021 13:53:51,14.37,1402.24,,
9742,09/16/2021 14:03:51,14.24,1013.44,,
9743,09/16/2021 14:13:51,14.24,1040.96,,
9744,09/16/2021 14:23:51,14.20,1269.44,,
9745,09/16/2021 14:33:51,14.15,1298.56,,
9746,09/16/2021 14:43:51,14.15,1186.24,,
9747,09/16/2021 14:53:51,14.28,1037.44,,
9748,09/16/2021 15:03:51,14.20,1033.28,,
9749,09/16/2021 15:13:51,14.24,1073.28,,
9750,09/16/2021 15:23:51,14.15,1062.08,,
9751,09/16/2021 15:33:51,14.28,1341.44,,
9752,09/16/2021 15:43:51,14.50,1294.08,,
9753,09/16/2021 15:53:51,14.41,1089.60,,
9754,09/16/2021 16:03:51,14.54,1393.28,,
9755,09/16/2021 16:13:51,14.71,1800.96,,
9756,09/16/2021 16:23:51,14.88,1980.80,,
9757,09/16/2021 16:33:51,15.06,2670.08,,
9758,09/16/2021 16:43:51,14.88,1438.72,,
9759,09/16/2021 16:53:51,14.93,2321.28,,
9760,09/16/2021 17:03:51,14.54,814.72,,
9761,09/16/2021 17:13:51,14.37,614.08,,
9762,09/16/2021 17:23:51,14.33,556.32,,
9763,09/16/2021 17:33:51,14.28,448.00,,
9764,09/16/2021 17:43:51,14.24,342.72,,
9765,09/16/2021 17:53:51,14.11,231.76,,
9766,09/16/2021 18:03:51,14.15,158.36,,
9767,09/16/2021 18:13:51,14.07,117.92,,
9768,09/16/2021 18:23:51,13.94,80.88,,
9769,09/16/2021 18:33:51,13.77,61.10,,
9770,09/16/2021 18:43:51,13.60,44.30,,
9771,09/16/2021 18:53:51,13.51,28.35,,
9772,09/16/2021 19:03:51,13.64,18.24,,
9773,09/16/2021 19:13:51,13.55,7.91,,
9774,09/16/2021 19:23:51,13.43,2.35,,
9775,09/16/2021 19:33:51,13.43,0.00,,
9776,09/16/2021 19:43:51,13.30,0.00,,
9777,09/16/2021 19:53:51,13.30,0.00,,
9778,09/16/2021 20:03:51,13.38,0.00,,
9779,09/16/2021 20:13:51,13.25,0.00,,
9780,09/16/2021 20:23:51,13.25,0.00,,
9781,09/16/2021 20:33:51,13.08,0.00,,
9782,09/16/2021 20:43:51,13.08,0.00,,
9783,09/16/2021 20:53:51,13.12,0.00,,
9784,09/16/2021 21:03:51,13.25,0.00,,
9785,09/16/2021 21:13:51,13.17,0.00,,
9786,09/16/2021 21:23:51,13.12,0.00,,
9787,09/16/2021 21:33:51,13.12,0.00,,
9788,09/16/2021 21:43:51,13.25,0.00,,
9789,09/16/2021 21:53:51,13.25,0.00,,
9790,09/16/2021 22:03:51,13.34,0.00,,
9791,09/16/2021 22:13:51,13.00,0.00,,
9792,09/16/2021 22:23:51,13.12,0.00,,
9793,09/16/2021 22:33:51,13.17,0.00,,
9794,09/16/2021 22:43:51,13.30,0.00,,
9795,09/16/2021 22:53:51,13.30,0.00,,
9796,09/16/2021 23:03:51,13.51,0.00,,
9797,09/16/2021 23:13:51,13.30,0.00,,
9798,09/16/2021 23:23:51,13.38,0.00,,
9799,09/16/2021 23:33:51,13.47,0.00,,
9800,09/16/2021 23:43:51,13.43,0.00,,
9801,09/16/2021 23:53:51,13.55,0.00,,
9802,09/17/2021 00:03:51,13.60,0.00,,
9803,09/17/2021 00:13:51,13.68,0.00,,
9804,09/17/2021 00:23:51,13.68,0.00,,
9805,09/17/2021 00:33:51,13.68,0.00,,
9806,09/17/2021 00:43:51,13.64,0.00,,
9807,09/17/2021 00:53:51,13.60,0.00,,
9808,09/17/2021 01:03:51,13.60,0.00,,
9809,09/17/2021 01:13:51,13.64,0.00,,
9810,09/17/2021 01:23:51,13.60,0.00,,
9811,09/17/2021 01:33:51,13.60,0.00,,
9812,09/17/2021 01:43:51,13.47,0.00,,
9813,09/17/2021 01:53:51,13.47,0.00,,
9814,09/17/2021 02:03:51,13.38,0.00,,
9815,09/17/2021 02:13:51,13.30,0.00,,
9816,09/17/2021 02:23:51,13.34,0.00,,
9817,09/17/2021 02:33:51,13.17,0.00,,
9818,09/17/2021 02:43:51,13.30,0.00,,
9819,09/17/2021 02:53:51,13.30,0.00,,
9820,09/17/2021 03:03:51,13.21,0.00,,
9821,09/17/2021 03:13:51,13.04,0.00,,
9822,09/17/2021 03:23:51,13.12,0.00,,
9823,09/17/2021 03:33:51,13.08,0.00,,
9824,09/17/2021 03:43:51,12.91,0.00,,
9825,09/17/2021 03:53:51,12.87,0.00,,
9826,09/17/2021 04:03:51,13.00,0.00,,
9827,09/17/2021 04:13:51,12.95,0.00,,
9828,09/17/2021 04:23:51,12.91,0.00,,
9829,09/17/2021 04:33:51,12.91,0.00,,
9830,09/17/2021 04:43:51,12.91,0.00,,
9831,09/17/2021 04:53:51,12.91,0.00,,
9832,09/17/2021 05:03:51,12.95,0.00,,
9833,09/17/2021 05:13:51,12.95,0.00,,
9834,09/17/2021 05:23:51,12.95,0.00,,
9835,09/17/2021 05:33:51,13.04,0.00,,
9836,09/17/2021 05:43:51,12.95,0.00,,
9837,09/17/2021 05:53:51,13.00,0.00,,
9838,09/17/2021 06:03:51,12.95,0.00,,
9839,09/17/2021 06:13:51,13.00,0.00,,
9840,09/17/2021 06:23:51,13.00,0.00,,
9841,09/17/2021 06:33:51,13.00,0.00,,
9842,09/17/2021 06:43:51,13.00,0.42,,
9843,09/17/2021 06:53:51,13.04,4.92,,
9844,09/17/2021 07:03:51,12.95,14.58,,
9845,09/17/2021 07:13:51,13.04,27.92,,
9846,09/17/2021 07:23:51,13.12,48.58,,
9847,09/17/2021 07:33:51,13.21,68.00,,
9848,09/17/2021 07:43:51,13.25,89.56,,
9849,09/17/2021 07:53:51,13.34,107.64,,
9850,09/17/2021 08:03:51,13.30,133.44,,
9851,09/17/2021 08:13:51,13.38,171.36,,
9852,09/17/2021 08:23:51,13.43,208.40,,
9853,09/17/2021 08:33:51,13.43,251.44,,
9854,09/17/2021 08:43:51,13.34,307.52,,
9855,09/17/2021 08:53:51,13.34,351.36,,
9856,09/17/2021 09:03:51,13.30,419.36,,
9857,09/17/2021 09:13:51,13.43,459.20,,
9858,09/17/2021 09:23:51,13.47,521.28,,
9859,09/17/2021 09:33:51,13.60,564.00,,
9860,09/17/2021 09:43:51,13.77,620.16,,
9861,09/17/2021 09:53:51,13.77,667.52,,
9862,09/17/2021 10:03:51,13.90,743.36,,
9863,09/17/2021 10:13:51,14.07,872.32,,
9864,09/17/2021 10:23:51,14.24,1047.68,,
9865,09/17/2021 10:33:51,14.50,1473.92,,
9866,09/17/2021 10:43:51,14.71,1411.20,,
9867,09/17/2021 10:53:51,14.75,1376.00,,
9868,09/17/2021 11:03:51,15.06,1534.08,,
9869,09/17/2021 11:13:51,15.36,1456.00,,
9870,09/17/2021 11:23:51,15.27,1649.28,,
9871,09/17/2021 11:33:51,15.40,1553.28,,
9872,09/17/2021 11:43:51,15.57,1639.04,,
9873,09/17/2021 11:53:51,15.66,1571.20,,
9874,09/17/2021 12:03:51,15.83,1667.20,,
9875,09/17/2021 12:13:51,16.08,1549.44,,
9876,09/17/2021 12:23:51,16.26,1499.52,,
9877,09/17/2021 12:33:51,16.60,1562.24,,
9878,09/17/2021 12:43:51,16.60,1615.36,,
9879,09/17/2021 12:53:51,16.81,1577.60,,
9880,09/17/2021 13:03:51,16.90,1611.52,,
9881,09/17/2021 13:13:51,16.81,1555.20,,
9882,09/17/2021 13:23:51,16.73,1597.44,,
9883,09/17/2021 13:33:51,16.77,1610.88,,
9884,09/17/2021 13:43:51,17.07,1591.68,,
9885,09/17/2021 13:53:51,17.03,1582.72,,
9886,09/17/2021 14:03:51,17.24,1590.40,,
9887,09/17/2021 14:13:51,17.16,1633.92,,
9888,09/17/2021 14:23:51,17.16,1631.36,,
9889,09/17/2021 14:33:51,17.11,1713.28,,
9890,09/17/2021 14:43:51,16.94,1745.92,,
9891,09/17/2021 14:53:51,16.90,1808.00,,
9892,09/17/2021 15:03:51,16.90,1859.20,,
9893,09/17/2021 15:13:51,16.69,1927.68,,
9894,09/17/2021 15:23:51,16.51,2001.28,,
9895,09/17/2021 15:33:51,16.34,2115.84,,
9896,09/17/2021 15:43:51,16.30,2156.80,,
9897,09/17/2021 15:53:51,16.08,2213.76,,
9898,09/17/2021 16:03:51,15.96,2297.60,,
9899,09/17/2021 16:13:51,15.87,2396.80,,
9900,09/17/2021 16:23:51,15.78,1793.92,,
9901,09/17/2021 16:33:51,15.70,2013.44,,
9902,09/17/2021 16:43:51,15.61,1465.60,,
9903,09/17/2021 16:53:51,15.44,644.16,,
9904,09/17/2021 17:03:51,15.44,654.40,,
9905,09/17/2021 17:13:51,15.36,695.04,,
9906,09/17/2021 17:23:51,15.40,985.28,,
9907,09/17/2021 17:33:51,15.40,579.04,,
9908,09/17/2021 17:43:51,15.23,310.08,,
9909,09/17/2021 17:53:51,15.14,205.84,,
9910,09/17/2021 18:03:51,15.01,156.64,,
9911,09/17/2021 18:13:51,14.84,115.32,,
9912,09/17/2021 18:23:51,14.84,74.90,,
9913,09/17/2021 18:33:51,14.80,61.04,,
9914,09/17/2021 18:43:51,14.67,39.54,,
9915,09/17/2021 18:53:51,14.58,24.45,,
9916,09/17/2021 19:03:51,14.54,13.29,,
9917,09/17/2021 19:13:51,14.41,5.77,,
9918,09/17/2021 19:23:51,14.45,1.28,,
9919,09/17/2021 19:33:51,14.28,0.00,,
9920,09/17/2021 19:43:51,14.28,0.00,,
9921,09/17/2021 19:53:51,14.28,0.00,,
9922,09/17/2021 20:03:51,14.41,0.00,,
9923,09/17/2021 20:13:51,14.41,0.00,,
9924,09/17/2021 20:23:51,14.41,0.00,,
9925,09/17/2021 20:33:51,14.45,0.00,,
9926,09/17/2021 20:43:51,14.41,0.00,,
9927,09/17/2021 20:53:51,14.45,0.00,,
9928,09/17/2021 21:03:51,14.41,0.00,,
9929,09/17/2021 21:13:51,14.37,0.00,,
9930,09/17/2021 21:23:51,14.67,0.00,,
9931,09/17/2021 21:33:51,14.54,0.00,,
9932,09/17/2021 21:43:51,14.50,0.00,,
9933,09/17/2021 21:53:51,14.54,0.00,,
9934,09/17/2021 22:03:51,14.50,0.00,,
9935,09/17/2021 22:13:51,14.41,0.00,,
9936,09/17/2021 22:23:51,14.33,0.00,,
9937,09/17/2021 22:33:51,14.33,0.00,,
9938,09/17/2021 22:43:51,14.15,0.00,,
9939,09/17/2021 22:53:51,14.11,0.00,,
9940,09/17/2021 23:03:51,14.07,0.00,,
9941,09/17/2021 23:13:51,14.24,0.00,,
9942,09/17/2021 23:23:51,14.28,0.00,,
9943,09/17/2021 23:33:51,14.24,0.00,,
9944,09/17/2021 23:43:51,14.28,0.00,,
9945,09/17/2021 23:53:51,14.33,0.00,,
9946,09/18/2021 00:03:51,14.28,0.00,,
9947,09/18/2021 00:13:51,14.24,0.00,,
9948,09/18/2021 00:23:51,14.24,0.00,,
9949,09/18/2021 00:33:51,14.37,0.00,,
9950,09/18/2021 00:43:51,14.33,0.00,,
9951,09/18/2021 00:53:51,14.24,0.00,,
9952,09/18/2021 01:03:51,14.15,0.00,,
9953,09/18/2021 01:13:51,14.20,0.00,,
9954,09/18/2021 01:23:51,14.15,0.00,,
9955,09/18/2021 01:33:51,14.11,0.00,,
9956,09/18/2021 01:43:51,14.07,0.00,,
9957,09/18/2021 01:53:51,14.15,0.00,,
9958,09/18/2021 02:03:51,13.98,0.00,,
9959,09/18/2021 02:13:51,13.98,0.00,,
9960,09/18/2021 02:23:51,13.98,0.00,,
9961,09/18/2021 02:33:51,13.90,0.00,,
9962,09/18/2021 02:43:51,13.90,0.00,,
9963,09/18/2021 02:53:51,13.94,0.00,,
9964,09/18/2021 03:03:51,13.98,0.00,,
9965,09/18/2021 03:13:51,13.94,0.00,,
9966,09/18/2021 03:23:51,13.98,0.00,,
9967,09/18/2021 03:33:51,13.98,0.00,,
9968,09/18/2021 03:43:51,13.94,0.00,,
9969,09/18/2021 03:53:51,13.98,0.00,,
9970,09/18/2021 04:03:51,14.07,0.00,,
9971,09/18/2021 04:13:51,14.03,0.00,,
9972,09/18/2021 04:23:51,13.94,0.00,,
9973,09/18/2021 04:33:51,13.85,0.00,,
9974,09/18/2021 04:43:51,13.85,0.00,,
9975,09/18/2021 04:53:51,13.77,0.00,,
9976,09/18/2021 05:03:51,13.77,0.00,,
9977,09/18/2021 05:13:51,13.81,0.00,,
9978,09/18/2021 05:23:51,13.90,0.00,,
9979,09/18/2021 05:33:51,13.81,0.00,,
9980,09/18/2021 05:43:51,13.90,0.00,,
9981,09/18/2021 05:53:51,13.94,0.00,,
9982,09/18/2021 06:03:51,13.81,0.00,,
9983,09/18/2021 06:13:51,13.85,0.00,,
9984,09/18/2021 06:23:51,14.03,0.00,,
9985,09/18/2021 06:33:51,13.98,0.00,,
9986,09/18/2021 06:43:51,14.11,0.42,,
9987,09/18/2021 06:53:51,14.03,3.42,,
9988,09/18/2021 07:03:51,14.07,8.15,,
9989,09/18/2021 07:13:51,14.07,17.60,,
9990,09/18/2021 07:23:51,14.11,24.93,,
9991,09/18/2021 07:33:51,14.15,57.24,,
9992,09/18/2021 07:43:51,14.24,64.14,,
9993,09/18/2021 07:53:51,14.15,69.76,,
9994,09/18/2021 08:03:51,14.24,76.60,,
9995,09/18/2021 08:13:51,14.50,102.40,,
9996,09/18/2021 08:23:51,14.54,136.84,,
9997,09/18/2021 08:33:51,14.71,177.36,,
9998,09/18/2021 08:43:51,14.80,192.80,,
9999,09/18/2021 08:53:51,15.01,291.04,,
10000,09/18/2021 09:03:51,15.01,260.00,,
10001,09/18/2021 09:13:51,15.14,245.44,,
10002,09/18/2021 09:23:51,15.23,332.32,,
10003,09/18/2021 09:33:51,15.27,389.44,,
10004,09/18/2021 09:43:51,15.14,372.80,,
10005,09/18/2021 09:53:51,15.27,495.20,,
10006,09/18/2021 10:03:51,15.27,727.04,,
10007,09/18/2021 10:13:51,15.36,406.56,,
10008,09/18/2021 10:23:51,15.48,435.68,,
10009,09/18/2021 10:33:51,15.53,747.52,,
10010,09/18/2021 10:43:51,15.57,693.12,,
10011,09/18/2021 10:53:51,15.70,934.72,,
10012,09/18/2021 11:03:51,15.74,742.40,,
10013,09/18/2021 11:13:51,15.78,1012.48,,
10014,09/18/2021 11:23:51,15.91,749.76,,
10015,09/18/2021 11:33:51,15.87,734.72,,
10016,09/18/2021 11:43:51,15.87,784.96,,
10017,09/18/2021 11:53:51,15.91,1011.84,,
10018,09/18/2021 12:03:51,16.04,993.60,,
10019,09/18/2021 12:13:51,16.13,1099.84,,
10020,09/18/2021 12:23:51,16.08,1336.32,,
10021,09/18/2021 12:33:51,16.08,1502.08,,
10022,09/18/2021 12:43:51,16.17,1700.48,,
10023,09/18/2021 12:53:51,16.30,1619.20,,
10024,09/18/2021 13:03:51,16.51,2119.04,,
10025,09/18/2021 13:13:51,16.56,1960.32,,
10026,09/18/2021 13:23:51,16.51,1666.56,,
10027,09/18/2021 13:33:51,16.51,1674.24,,
10028,09/18/2021 13:43:51,16.56,1519.36,,
10029,09/18/2021 13:53:51,16.60,1537.92,,
10030,09/18/2021 14:03:51,16.56,1429.12,,
10031,09/18/2021 14:13:51,16.47,1646.08,,
10032,09/18/2021 14:23:51,16.56,1929.60,,
10033,09/18/2021 14:33:51,16.64,1685.12,,
10034,09/18/2021 14:43:51,16.60,1656.32,,
10035,09/18/2021 14:53:51,16.64,1510.40,,
10036,09/18/2021 15:03:51,16.60,1096.32,,
10037,09/18/2021 15:13:51,16.56,1273.60,,
10038,09/18/2021 15:23:51,16.51,1158.08,,
10039,09/18/2021 15:33:51,16.39,952.64,,
10040,09/18/2021 15:43:51,16.26,873.92,,
10041,09/18/2021 15:53:51,16.30,719.04,,
10042,09/18/2021 16:03:51,16.39,682.88,,
10043,09/18/2021 16:13:51,16.39,632.96,,
10044,09/18/2021 16:23:51,16.60,921.92,,
10045,09/18/2021 16:33:51,16.90,1464.32,,
10046,09/18/2021 16:43:51,16.99,898.88,,
10047,09/18/2021 16:53:51,17.20,563.20,,
10048,09/18/2021 17:03:51,17.33,650.56,,
10049,09/18/2021 17:13:51,17.29,390.24,,
10050,09/18/2021 17:23:51,17.29,248.88,,
10051,09/18/2021 17:33:51,17.37,204.16,,
10052,09/18/2021 17:43:51,17.37,285.28,,
10053,09/18/2021 17:53:51,17.37,189.36,,
10054,09/18/2021 18:03:51,17.29,163.60,,
10055,09/18/2021 18:13:51,17.37,123.04,,
10056,09/18/2021 18:23:51,17.24,73.08,,
10057,09/18/2021 18:33:51,17.11,51.56,,
10058,09/18/2021 18:43:51,17.20,39.96,,
10059,09/18/2021 18:53:51,17.16,48.10,,
10060,09/18/2021 19:03:51,17.11,22.25,,
10061,09/18/2021 19:13:51,17.07,9.84,,
10062,09/18/2021 19:23:51,16.94,2.35,,
10063,09/18/2021 19:33:51,16.90,0.00,,
10064,09/18/2021 19:43:51,16.77,0.00,,
10065,09/18/2021 19:53:51,16.69,0.00,,
10066,09/18/2021 20:03:51,16.60,0.00,,
10067,09/18/2021 20:13:51,16.60,0.00,,
10068,09/18/2021 20:23:51,16.51,0.00,,
10069,09/18/2021 20:33:51,16.51,0.00,,
10070,09/18/2021 20:43:51,16.56,0.00,,
10071,09/18/2021 20:53:51,16.60,0.00,,
10072,09/18/2021 21:03:51,16.73,0.00,,
10073,09/18/2021 21:13:51,16.73,0.00,,
10074,09/18/2021 21:23:51,16.73,0.00,,
10075,09/18/2021 21:33:51,16.77,0.00,,
10076,09/18/2021 21:43:51,16.81,0.00,,
10077,09/18/2021 21:53:51,16.77,0.00,,
10078,09/18/2021 22:03:51,16.94,0.00,,
10079,09/18/2021 22:13:51,16.90,0.00,,
10080,09/18/2021 22:23:51,16.86,0.00,,
10081,09/18/2021 22:33:51,16.90,0.00,,
10082,09/18/2021 22:43:51,16.81,0.00,,
10083,09/18/2021 22:53:51,16.81,0.00,,
10084,09/18/2021 23:03:51,16.73,0.00,,
10085,09/18/2021 23:13:51,16.69,0.00,,
10086,09/18/2021 23:23:51,16.56,0.00,,
10087,09/18/2021 23:33:51,16.34,0.00,,
10088,09/18/2021 23:43:51,15.96,0.00,,
10089,09/18/2021 23:53:51,15.78,0.00,,
10090,09/19/2021 00:03:51,15.61,0.00,,
10091,09/19/2021 00:13:51,15.36,0.00,,
10092,09/19/2021 00:23:51,15.31,0.00,,
10093,09/19/2021 00:33:51,15.18,0.00,,
10094,09/19/2021 00:43:51,15.10,0.00,,
10095,09/19/2021 00:53:51,15.06,0.00,,
10096,09/19/2021 01:03:51,14.88,0.00,,
10097,09/19/2021 01:13:51,14.88,0.00,,
10098,09/19/2021 01:23:51,14.75,0.00,,
10099,09/19/2021 01:33:51,14.67,0.00,,
10100,09/19/2021 01:43:51,14.58,0.00,,
10101,09/19/2021 01:53:51,14.50,0.00,,
10102,09/19/2021 02:03:51,14.41,0.00,,
10103,09/19/2021 02:13:51,14.45,0.00,,
10104,09/19/2021 02:23:51,14.41,0.00,,
10105,09/19/2021 02:33:51,14.45,0.00,,
10106,09/19/2021 02:43:51,14.45,0.00,,
10107,09/19/2021 02:53:51,14.54,0.00,,
10108,09/19/2021 03:03:51,14.67,0.00,,
10109,09/19/2021 03:13:51,14.67,0.00,,
10110,09/19/2021 03:23:51,14.71,0.00,,
10111,09/19/2021 03:33:51,14.71,0.00,,
10112,09/19/2021 03:43:51,14.67,0.00,,
10113,09/19/2021 03:53:51,14.63,0.00,,
10114,09/19/2021 04:03:51,14.63,0.00,,
10115,09/19/2021 04:13:51,14.54,0.00,,
10116,09/19/2021 04:23:51,14.63,0.00,,
10117,09/19/2021 04:33:51,14.71,0.00,,
10118,09/19/2021 04:43:51,14.80,0.00,,
10119,09/19/2021 04:53:51,14.84,0.00,,
10120,09/19/2021 05:03:51,14.84,0.00,,
10121,09/19/2021 05:13:51,14.71,0.00,,
10122,09/19/2021 05:23:51,14.75,0.00,,
10123,09/19/2021 05:33:51,14.80,0.00,,
10124,09/19/2021 05:43:51,14.71,0.00,,
10125,09/19/2021 05:53:51,14.75,0.00,,
10126,09/19/2021 06:03:51,14.80,0.00,,
10127,09/19/2021 06:13:51,14.71,0.00,,
10128,09/19/2021 06:23:51,14.45,0.00,,
10129,09/19/2021 06:33:51,14.41,0.00,,
10130,09/19/2021 06:43:51,14.20,2.78,,
10131,09/19/2021 06:53:51,14.11,16.96,,
10132,09/19/2021 07:03:51,14.11,52.90,,
10133,09/19/2021 07:13:51,13.60,106.76,,
10134,09/19/2021 07:23:51,13.51,172.24,,
10135,09/19/2021 07:33:51,13.60,298.96,,
10136,09/19/2021 07:43:51,13.43,1046.08,,
10137,09/19/2021 07:53:51,13.73,1235.20,,
10138,09/19/2021 08:03:51,14.20,1272.96,,
10139,09/19/2021 08:13:51,14.45,1496.32,,
10140,09/19/2021 08:23:51,14.63,1486.08,,
10141,09/19/2021 08:33:51,15.27,1439.36,,
10142,09/19/2021 08:43:51,15.48,1836.80,,
10143,09/19/2021 08:53:51,15.44,830.08,,
10144,09/19/2021 09:03:51,15.44,1269.44,,
10145,09/19/2021 09:13:51,15.48,1920.64,,
10146,09/19/2021 09:23:51,15.44,733.12,,
10147,09/19/2021 09:33:51,15.36,1027.20,,
10148,09/19/2021 09:43:51,15.36,1185.60,,
10149,09/19/2021 09:53:51,15.40,1682.56,,
10150,09/19/2021 10:03:51,15.40,1672.32,,
10151,09/19/2021 10:13:51,15.53,1565.44,,
10152,09/19/2021 10:23:51,15.61,1383.04,,
10153,09/19/2021 10:33:51,15.48,1382.40,,
10154,09/19/2021 10:43:51,15.53,1768.32,,
10155,09/19/2021 10:53:51,15.57,1385.60,,
10156,09/19/2021 11:03:51,15.31,1744.64,,
10157,09/19/2021 11:13:51,15.14,1780.48,,
10158,09/19/2021 11:23:51,15.06,1418.24,,
10159,09/19/2021 11:33:51,15.31,1515.52,,
10160,09/19/2021 11:43:51,15.27,1683.84,,
10161,09/19/2021 11:53:51,15.23,1688.96,,
10162,09/19/2021 12:03:51,15.27,1644.80,,
10163,09/19/2021 12:13:51,15.31,1194.88,,
10164,09/19/2021 12:23:51,15.31,1177.92,,
10165,09/19/2021 12:33:51,15.31,990.40,,
10166,09/19/2021 12:43:51,15.23,729.92,,
10167,09/19/2021 12:53:51,15.36,1874.56,,
10168,09/19/2021 13:03:51,15.36,1811.20,,
10169,09/19/2021 13:13:51,15.44,1429.12,,
10170,09/19/2021 13:23:51,15.14,1018.56,,
10171,09/19/2021 13:33:51,15.18,1294.08,,
10172,09/19/2021 13:43:51,15.10,1531.52,,
10173,09/19/2021 13:53:51,15.14,1311.36,,
10174,09/19/2021 14:03:51,15.10,1473.28,,
10175,09/19/2021 14:13:51,15.06,1222.40,,
10176,09/19/2021 14:23:51,15.14,1831.68,,
10177,09/19/2021 14:33:51,15.36,1720.32,,
10178,09/19/2021 14:43:51,15.27,1193.28,,
10179,09/19/2021 14:53:51,15.23,1000.64,,
10180,09/19/2021 15:03:51,15.27,1505.28,,
10181,09/19/2021 15:13:51,15.27,1539.84,,
10182,09/19/2021 15:23:51,15.57,1809.28,,
10183,09/19/2021 15:33:51,15.74,1760.00,,
10184,09/19/2021 15:43:51,15.91,1831.68,,
10185,09/19/2021 15:53:51,15.87,2776.32,,
10186,09/19/2021 16:03:51,15.57,1491.20,,
10187,09/19/2021 16:13:51,15.57,1781.76,,
10188,09/19/2021 16:23:51,15.36,1184.64,,
10189,09/19/2021 16:33:51,15.23,897.92,,
10190,09/19/2021 16:43:51,15.23,961.92,,
10191,09/19/2021 16:53:51,15.23,850.88,,
10192,09/19/2021 17:03:51,15.27,881.60,,
10193,09/19/2021 17:13:51,15.40,2740.48,,
10194,09/19/2021 17:23:51,15.23,1491.20,,
10195,09/19/2021 17:33:51,15.61,2595.20,,
10196,09/19/2021 17:43:51,15.70,3495.68,,
10197,09/19/2021 17:53:51,15.48,3059.20,,
10198,09/19/2021 18:03:51,15.61,2211.84,,
10199,09/19/2021 18:13:51,15.36,2769.92,,
10200,09/19/2021 18:23:51,15.31,2013.44,,
10201,09/19/2021 18:33:51,15.36,1730.56,,
10202,09/19/2021 18:43:51,15.44,1230.08,,
10203,09/19/2021 18:53:51,15.57,680.96,,
10204,09/19/2021 19:03:51,15.53,118.00,,
10205,09/19/2021 19:13:51,15.57,48.62,,
10206,09/19/2021 19:23:51,15.74,13.96,,
10207,09/19/2021 19:33:51,15.87,2.35,,
10208,09/19/2021 19:43:51,15.96,0.00,,
10209,09/19/2021 19:53:51,16.00,0.00,,
10210,09/19/2021 20:03:51,16.00,0.00,,
10211,09/19/2021 20:13:51,15.91,0.00,,
10212,09/19/2021 20:23:51,15.96,0.00,,
10213,09/19/2021 20:33:51,16.08,0.00,,
10214,09/19/2021 20:43:51,16.08,0.00,,
10215,09/19/2021 20:53:51,16.08,0.00,,
10216,09/19/2021 21:03:51,16.13,0.00,,
10217,09/19/2021 21:13:51,16.08,0.00,,
10218,09/19/2021 21:23:51,15.83,0.00,,
10219,09/19/2021 21:33:51,15.61,0.00,,
10220,09/19/2021 21:43:51,15.57,0.00,,
10221,09/19/2021 21:53:51,15.48,0.00,,
10222,09/19/2021 22:03:51,15.44,0.00,,
10223,09/19/2021 22:13:51,15.36,0.00,,
10224,09/19/2021 22:23:51,15.27,0.00,,
10225,09/19/2021 22:33:51,15.23,0.00,,
10226,09/19/2021 22:43:51,15.18,0.00,,
10227,09/19/2021 22:53:51,15.14,0.00,,
10228,09/19/2021 23:03:51,15.10,0.00,,
10229,09/19/2021 23:13:51,15.27,0.00,,
10230,09/19/2021 23:23:51,15.14,0.00,,
10231,09/19/2021 23:33:51,15.18,0.00,,
10232,09/19/2021 23:43:51,15.06,0.00,,
10233,09/19/2021 23:53:51,15.01,0.00,,
10234,09/20/2021 00:03:51,14.88,0.00,,
10235,09/20/2021 00:13:51,14.88,0.00,,
10236,09/20/2021 00:23:51,14.80,0.00,,
10237,09/20/2021 00:33:51,14.67,0.00,,
10238,09/20/2021 00:43:51,14.58,0.00,,
10239,09/20/2021 00:53:51,14.45,0.00,,
10240,09/20/2021 01:03:51,14.41,0.00,,
10241,09/20/2021 01:13:51,14.33,0.00,,
10242,09/20/2021 01:23:51,14.28,0.00,,
10243,09/20/2021 01:33:51,14.37,0.00,,
10244,09/20/2021 01:43:51,14.28,0.00,,
10245,09/20/2021 01:53:51,14.20,0.00,,
10246,09/20/2021 02:03:51,14.15,0.00,,
10247,09/20/2021 02:13:51,13.98,0.00,,
10248,09/20/2021 02:23:51,13.73,0.00,,
10249,09/20/2021 02:33:51,12.95,0.00,,
10250,09/20/2021 02:43:51,12.48,0.00,,
10251,09/20/2021 02:53:51,12.44,0.00,,
10252,09/20/2021 03:03:51,13.38,0.00,,
10253,09/20/2021 03:13:51,12.74,0.00,,
10254,09/20/2021 03:23:51,13.43,0.00,,
10255,09/20/2021 03:33:51,13.43,0.00,,
10256,09/20/2021 03:43:51,13.04,0.00,,
10257,09/20/2021 03:53:51,13.08,0.00,,
10258,09/20/2021 04:03:51,13.04,0.00,,
10259,09/20/2021 04:13:51,11.28,0.00,,
10260,09/20/2021 04:23:51,10.98,0.00,,
10261,09/20/2021 04:33:51,11.15,0.00,,
10262,09/20/2021 04:43:51,12.35,0.00,,
10263,09/20/2021 04:53:51,11.79,0.00,,
10264,09/20/2021 05:03:51,12.61,0.00,,
10265,09/20/2021 05:13:51,12.65,0.00,,
10266,09/20/2021 05:23:51,10.85,0.00,,
10267,09/20/2021 05:33:51,10.34,0.00,,
10268,09/20/2021 05:43:51,11.24,0.00,,
10269,09/20/2021 05:53:51,12.01,0.00,,
10270,09/20/2021 06:03:51,12.31,0.00,,
10271,09/20/2021 06:13:51,11.02,0.00,,
10272,09/20/2021 06:23:51,10.77,0.00,,
10273,09/20/2021 06:33:51,10.89,0.00,,
10274,09/20/2021 06:43:51,10.46,2.35,,
10275,09/20/2021 06:53:51,10.81,15.03,,
10276,09/20/2021 07:03:51,10.89,51.62,,
10277,09/20/2021 07:13:51,11.11,105.80,,
10278,09/20/2021 07:23:51,11.37,160.08,,
10279,09/20/2021 07:33:51,11.67,209.92,,
10280,09/20/2021 07:43:51,12.52,1189.76,,
10281,09/20/2021 07:53:51,11.49,1383.04,,
10282,09/20/2021 08:03:51,11.75,1431.04,,
10283,09/20/2021 08:13:51,12.10,1605.76,,
10284,09/20/2021 08:23:51,12.22,1598.72,,
10285,09/20/2021 08:33:51,12.95,1607.68,,
10286,09/20/2021 08:43:51,13.81,1575.68,,
10287,09/20/2021 08:53:51,14.63,1713.28,,
10288,09/20/2021 09:03:51,15.01,1692.16,,
10289,09/20/2021 09:13:51,15.48,1799.04,,
10290,09/20/2021 09:23:51,15.78,1668.48,,
10291,09/20/2021 09:33:51,16.17,1694.08,,
10292,09/20/2021 09:43:51,16.56,1616.64,,
10293,09/20/2021 09:53:51,16.69,1597.44,,
10294,09/20/2021 10:03:51,16.99,1595.52,,
10295,09/20/2021 10:13:51,17.24,1514.88,,
10296,09/20/2021 10:23:51,17.59,1550.72,,
10297,09/20/2021 10:33:51,17.80,1415.04,,
10298,09/20/2021 10:43:51,18.14,1465.60,,
10299,09/20/2021 10:53:51,18.49,1349.12,,
10300,09/20/2021 11:03:51,19.05,1409.92,,
10301,09/20/2021 11:13:51,19.13,1312.00,,
10302,09/20/2021 11:23:51,19.00,1314.56,,
10303,09/20/2021 11:33:51,19.17,1577.60,,
10304,09/20/2021 11:43:51,19.00,1404.80,,
10305,09/20/2021 11:53:51,18.87,1618.56,,
10306,09/20/2021 12:03:51,18.83,1341.44,,
10307,09/20/2021 12:13:51,18.87,1457.28,,
10308,09/20/2021 12:23:51,18.79,1349.12,,
10309,09/20/2021 12:33:51,18.92,1459.84,,
10310,09/20/2021 12:43:51,18.87,1539.84,,
10311,09/20/2021 12:53:51,18.83,1502.72,,
10312,09/20/2021 13:03:51,18.96,1505.28,,
10313,09/20/2021 13:13:51,19.17,1457.28,,
10314,09/20/2021 13:23:51,19.39,1554.56,,
10315,09/20/2021 13:33:51,19.30,1385.60,,
10316,09/20/2021 13:43:51,19.35,1355.52,,
10317,09/20/2021 13:53:51,19.56,1408.64,,
10318,09/20/2021 14:03:51,19.73,1354.24,,
10319,09/20/2021 14:13:51,19.82,1404.80,,
10320,09/20/2021 14:23:51,19.99,1430.40,,
10321,09/20/2021 14:33:51,20.03,1585.92,,
10322,09/20/2021 14:43:51,19.86,1516.80,,
10323,09/20/2021 14:53:51,20.12,1635.84,,
10324,09/20/2021 15:03:51,20.29,1602.56,,
10325,09/20/2021 15:13:51,20.72,1644.80,,
10326,09/20/2021 15:23:51,21.06,1640.96,,
10327,09/20/2021 15:33:51,21.15,1802.88,,
10328,09/20/2021 15:43:51,21.02,1907.20,,
10329,09/20/2021 15:53:51,20.98,1891.84,,
10330,09/20/2021 16:03:51,21.15,2187.52,,
10331,09/20/2021 16:13:51,21.32,2194.56,,
10332,09/20/2021 16:23:51,21.79,2350.72,,
10333,09/20/2021 16:33:51,21.66,2615.68,,
10334,09/20/2021 16:43:51,21.53,2693.12,,
10335,09/20/2021 16:53:51,21.58,2835.20,,
10336,09/20/2021 17:03:51,21.53,2969.60,,
10337,09/20/2021 17:13:51,21.49,3134.72,,
10338,09/20/2021 17:23:51,21.53,3400.96,,
10339,09/20/2021 17:33:51,21.53,3430.40,,
10340,09/20/2021 17:43:51,21.58,3385.60,,
10341,09/20/2021 17:53:51,21.75,3292.16,,
10342,09/20/2021 18:03:51,21.83,3473.92,,
10343,09/20/2021 18:13:51,21.83,3238.40,,
10344,09/20/2021 18:23:51,21.58,3015.68,,
10345,09/20/2021 18:33:51,21.45,2635.52,,
10346,09/20/2021 18:43:51,21.28,1907.20,,
10347,09/20/2021 18:53:51,20.50,801.92,,
10348,09/20/2021 19:03:51,19.13,102.48,,
10349,09/20/2021 19:13:51,18.57,43.00,,
10350,09/20/2021 19:23:51,18.36,12.43,,
10351,09/20/2021 19:33:51,18.23,1.92,,
10352,09/20/2021 19:43:51,18.19,0.00,,
10353,09/20/2021 19:53:51,17.80,0.00,,
10354,09/20/2021 20:03:51,17.67,0.00,,
10355,09/20/2021 20:13:51,17.72,0.00,,
10356,09/20/2021 20:23:51,17.54,0.00,,
10357,09/20/2021 20:33:51,17.07,0.00,,
10358,09/20/2021 20:43:51,16.94,0.00,,
10359,09/20/2021 20:53:51,16.90,0.00,,
10360,09/20/2021 21:03:51,16.56,0.00,,
10361,09/20/2021 21:13:51,16.43,0.00,,
10362,09/20/2021 21:23:51,16.26,0.00,,
10363,09/20/2021 21:33:51,16.51,0.00,,
10364,09/20/2021 21:43:51,16.26,0.00,,
10365,09/20/2021 21:53:51,15.78,0.00,,
10366,09/20/2021 22:03:51,16.73,0.00,,
10367,09/20/2021 22:13:51,16.60,0.00,,
10368,09/20/2021 22:23:51,16.39,0.00,,
10369,09/20/2021 22:33:51,16.90,0.00,,
10370,09/20/2021 22:43:51,16.56,0.00,,
10371,09/20/2021 22:53:51,16.64,0.00,,
10372,09/20/2021 23:03:51,15.48,0.00,,
10373,09/20/2021 23:13:51,14.97,0.00,,
10374,09/20/2021 23:23:51,15.23,0.00,,
10375,09/20/2021 23:33:51,13.94,0.00,,
10376,09/20/2021 23:43:51,13.90,0.00,,
10377,09/20/2021 23:53:51,14.07,0.00,,
10378,09/21/2021 00:03:51,13.77,0.00,,
10379,09/21/2021 00:13:51,14.20,0.00,,
10380,09/21/2021 00:23:51,14.03,0.00,,
10381,09/21/2021 00:33:51,13.94,0.00,,
10382,09/21/2021 00:43:51,14.63,0.00,,
10383,09/21/2021 00:53:51,14.58,0.00,,
10384,09/21/2021 01:03:51,14.37,0.00,,
10385,09/21/2021 01:13:51,14.11,0.00,,
10386,09/21/2021 01:23:51,13.90,0.00,,
10387,09/21/2021 01:33:51,13.90,0.00,,
10388,09/21/2021 01:43:51,13.77,0.00,,
10389,09/21/2021 01:53:51,14.03,0.00,,
10390,09/21/2021 02:03:51,14.03,0.00,,
10391,09/21/2021 02:13:51,15.36,0.00,,
10392,09/21/2021 02:23:51,15.61,0.00,,
10393,09/21/2021 02:33:51,14.41,0.00,,
10394,09/21/2021 02:43:51,13.90,0.00,,
10395,09/21/2021 02:53:51,14.58,0.00,,
10396,09/21/2021 03:03:51,13.81,0.00,,
10397,09/21/2021 03:13:51,13.47,0.00,,
10398,09/21/2021 03:23:51,13.51,0.00,,
10399,09/21/2021 03:33:51,13.55,0.00,,
10400,09/21/2021 03:43:51,13.77,0.00,,
10401,09/21/2021 03:53:51,14.84,0.00,,
10402,09/21/2021 04:03:51,14.54,0.00,,
10403,09/21/2021 04:13:51,13.51,0.00,,
10404,09/21/2021 04:23:51,13.47,0.00,,
10405,09/21/2021 04:33:51,13.55,0.00,,
10406,09/21/2021 04:43:51,14.71,0.00,,
10407,09/21/2021 04:53:51,14.50,0.00,,
10408,09/21/2021 05:03:51,13.34,0.00,,
10409,09/21/2021 05:13:51,13.12,0.00,,
10410,09/21/2021 05:23:51,13.55,0.00,,
10411,09/21/2021 05:33:51,13.00,0.00,,
10412,09/21/2021 05:43:51,12.65,0.00,,
10413,09/21/2021 05:53:51,12.95,0.00,,
10414,09/21/2021 06:03:51,13.34,0.00,,
10415,09/21/2021 06:13:51,12.70,0.00,,
10416,09/21/2021 06:23:51,12.40,0.00,,
10417,09/21/2021 06:33:51,12.40,0.00,,
10418,09/21/2021 06:43:51,13.43,1.71,,
10419,09/21/2021 06:53:51,13.60,11.82,,
10420,09/21/2021 07:03:51,13.43,39.54,,
10421,09/21/2021 07:13:51,13.38,86.12,,
10422,09/21/2021 07:23:51,14.15,149.80,,
10423,09/21/2021 07:33:51,13.77,217.84,,
10424,09/21/2021 07:43:51,14.15,619.68,,
10425,09/21/2021 07:53:51,14.50,853.44,,
10426,09/21/2021 08:03:51,14.80,1014.40,,
10427,09/21/2021 08:13:51,15.10,1136.00,,
10428,09/21/2021 08:23:51,15.40,1174.40,,
10429,09/21/2021 08:33:51,16.17,1248.96,,
10430,09/21/2021 08:43:51,17.16,1288.96,,
10431,09/21/2021 08:53:51,17.89,1296.64,,
10432,09/21/2021 09:03:51,18.49,1441.28,,
10433,09/21/2021 09:13:51,18.36,1478.40,,
10434,09/21/2021 09:23:51,18.62,1479.68,,
10435,09/21/2021 09:33:51,19.26,1537.28,,
10436,09/21/2021 09:43:51,20.07,1472.00,,
10437,09/21/2021 09:53:51,20.68,1608.32,,
10438,09/21/2021 10:03:51,21.10,1532.16,,
10439,09/21/2021 10:13:51,22.18,1576.32,,
10440,09/21/2021 10:23:51,22.91,1492.48,,
10441,09/21/2021 10:33:51,22.99,1475.84,,
10442,09/21/2021 10:43:51,23.64,1457.28,,
10443,09/21/2021 10:53:51,26.04,1497.60,,
10444,09/21/2021 11:03:51,26.90,1462.40,,
10445,09/21/2021 11:13:51,28.78,1402.24,,
10446,09/21/2021 11:23:51,27.07,1449.60,,
10447,09/21/2021 11:33:51,25.22,1486.08,,
10448,09/21/2021 11:43:51,24.02,1577.60,,
10449,09/21/2021 11:53:51,23.76,1647.36,,
10450,09/21/2021 12:03:51,24.02,1495.04,,
10451,09/21/2021 12:13:51,24.45,1495.04,,
10452,09/21/2021 12:23:51,25.87,1534.08,,
10453,09/21/2021 12:33:51,25.87,1504.00,,
10454,09/21/2021 12:43:51,26.12,1584.00,,
10455,09/21/2021 12:53:51,25.09,1585.92,,
10456,09/21/2021 13:03:51,25.74,1550.72,,
10457,09/21/2021 13:13:51,24.97,1677.44,,
10458,09/21/2021 13:23:51,24.71,1532.80,,
10459,09/21/2021 13:33:51,25.18,1530.24,,
10460,09/21/2021 13:43:51,25.09,1610.88,,
10461,09/21/2021 13:53:51,25.44,1611.52,,
10462,09/21/2021 14:03:51,25.35,1672.32,,
10463,09/21/2021 14:13:51,25.31,1577.60,,
10464,09/21/2021 14:23:51,25.05,1656.96,,
10465,09/21/2021 14:33:51,25.27,1729.92,,
10466,09/21/2021 14:43:51,25.78,1697.92,,
10467,09/21/2021 14:53:51,25.65,1823.36,,
10468,09/21/2021 15:03:51,25.48,1727.36,,
10469,09/21/2021 15:13:51,24.66,1898.24,,
10470,09/21/2021 15:23:51,24.45,1855.36,,
10471,09/21/2021 15:33:51,24.24,1866.24,,
10472,09/21/2021 15:43:51,25.22,1936.00,,
10473,09/21/2021 15:53:51,25.44,2080.00,,
10474,09/21/2021 16:03:51,25.48,2302.72,,
10475,09/21/2021 16:13:51,25.57,2211.84,,
10476,09/21/2021 16:23:51,25.09,2120.96,,
10477,09/21/2021 16:33:51,24.97,2851.84,,
10478,09/21/2021 16:43:51,25.14,2632.96,,
10479,09/21/2021 16:53:51,25.48,2549.12,,
10480,09/21/2021 17:03:51,25.87,2434.56,,
10481,09/21/2021 17:13:51,25.48,2754.56,,
10482,09/21/2021 17:23:51,24.24,2807.04,,
10483,09/21/2021 17:33:51,23.21,2771.20,,
10484,09/21/2021 17:43:51,22.99,2639.36,,
10485,09/21/2021 17:53:51,22.65,2513.28,,
10486,09/21/2021 18:03:51,22.31,2179.20,,
10487,09/21/2021 18:13:51,21.75,1708.16,,
10488,09/21/2021 18:23:51,21.10,1320.32,,
10489,09/21/2021 18:33:51,20.98,1298.56,,
10490,09/21/2021 18:43:51,20.50,868.80,,
10491,09/21/2021 18:53:51,19.99,254.24,,
10492,09/21/2021 19:03:51,19.65,72.44,,
10493,09/21/2021 19:13:51,19.22,24.50,,
10494,09/21/2021 19:23:51,19.00,5.99,,
10495,09/21/2021 19:33:51,18.87,0.42,,
10496,09/21/2021 19:43:51,18.66,0.00,,
10497,09/21/2021 19:53:51,18.57,0.00,,
10498,09/21/2021 20:03:51,18.40,0.00,,
10499,09/21/2021 20:13:51,18.23,0.00,,
10500,09/21/2021 20:23:51,18.06,0.00,,
10501,09/21/2021 20:33:51,17.84,0.00,,
10502,09/21/2021 20:43:51,17.76,0.00,,
10503,09/21/2021 20:53:51,17.76,0.00,,
10504,09/21/2021 21:03:51,17.89,0.00,,
10505,09/21/2021 21:13:51,17.80,0.00,,
10506,09/21/2021 21:23:51,17.89,0.00,,
10507,09/21/2021 21:33:51,18.10,0.00,,
10508,09/21/2021 21:43:51,18.02,0.00,,
10509,09/21/2021 21:53:51,17.97,0.00,,
10510,09/21/2021 22:03:51,17.89,0.00,,
10511,09/21/2021 22:13:51,17.89,0.00,,
10512,09/21/2021 22:23:51,17.72,0.00,,
10513,09/21/2021 22:33:51,17.63,0.00,,
10514,09/21/2021 22:43:51,17.46,0.00,,
10515,09/21/2021 22:53:51,17.37,0.00,,
10516,09/21/2021 23:03:51,17.41,0.00,,
10517,09/21/2021 23:13:51,17.24,0.00,,
10518,09/21/2021 23:23:51,16.81,0.00,,
10519,09/21/2021 23:33:51,16.56,0.00,,
10520,09/21/2021 23:43:51,17.03,0.00,,
10521,09/21/2021 23:53:51,17.07,0.00,,
10522,09/22/2021 00:03:51,16.47,0.00,,
10523,09/22/2021 00:13:51,16.26,0.00,,
10524,09/22/2021 00:23:51,15.91,0.00,,
10525,09/22/2021 00:33:51,15.36,0.00,,
10526,09/22/2021 00:43:51,15.78,0.00,,
10527,09/22/2021 00:53:51,15.66,0.00,,
10528,09/22/2021 01:03:51,15.36,0.00,,
10529,09/22/2021 01:13:51,15.44,0.00,,
10530,09/22/2021 01:23:51,15.70,0.00,,
10531,09/22/2021 01:33:51,15.10,0.00,,
10532,09/22/2021 01:43:51,14.88,0.00,,
10533,09/22/2021 01:53:51,14.80,0.00,,
10534,09/22/2021 02:03:51,14.67,0.00,,
10535,09/22/2021 02:13:51,14.28,0.00,,
10536,09/22/2021 02:23:51,14.24,0.00,,
10537,09/22/2021 02:33:51,14.07,0.00,,
10538,09/22/2021 02:43:51,14.11,0.00,,
10539,09/22/2021 02:53:51,13.64,0.00,,
10540,09/22/2021 03:03:51,13.94,0.00,,
10541,09/22/2021 03:13:51,14.45,0.00,,
10542,09/22/2021 03:23:51,14.15,0.00,,
10543,09/22/2021 03:33:51,13.60,0.00,,
10544,09/22/2021 03:43:51,14.15,0.00,,
10545,09/22/2021 03:53:51,14.63,0.00,,
10546,09/22/2021 04:03:51,14.80,0.00,,
10547,09/22/2021 04:13:51,14.93,0.00,,
10548,09/22/2021 04:23:51,14.84,0.00,,
10549,09/22/2021 04:33:51,14.63,0.00,,
10550,09/22/2021 04:43:51,14.50,0.00,,
10551,09/22/2021 04:53:51,14.45,0.00,,
10552,09/22/2021 05:03:51,14.41,0.00,,
10553,09/22/2021 05:13:51,14.24,0.00,,
10554,09/22/2021 05:23:51,14.11,0.00,,
10555,09/22/2021 05:33:51,14.07,0.00,,
10556,09/22/2021 05:43:51,14.11,0.00,,
10557,09/22/2021 05:53:51,14.07,0.00,,
10558,09/22/2021 06:03:51,13.94,0.00,,
10559,09/22/2021 06:13:51,13.98,0.00,,
10560,09/22/2021 06:23:51,13.94,0.00,,
10561,09/22/2021 06:33:51,13.94,0.00,,
10562,09/22/2021 06:43:51,13.90,0.00,,
10563,09/22/2021 06:53:51,13.94,3.63,,
10564,09/22/2021 07:03:51,13.55,18.45,,
10565,09/22/2021 07:13:51,13.51,34.35,,
10566,09/22/2021 07:23:51,13.60,43.44,,
10567,09/22/2021 07:33:51,13.77,62.80,,
10568,09/22/2021 07:43:51,13.77,92.96,,
10569,09/22/2021 07:53:51,13.64,121.32,,
10570,09/22/2021 08:03:51,13.77,157.60,,
10571,09/22/2021 08:13:51,13.85,164.40,,
10572,09/22/2021 08:23:51,13.73,231.76,,
10573,09/22/2021 08:33:51,13.77,300.64,,
10574,09/22/2021 08:43:51,13.68,336.00,,
10575,09/22/2021 08:53:51,13.64,396.32,,
10576,09/22/2021 09:03:51,13.85,516.16,,
10577,09/22/2021 09:13:51,13.90,504.16,,
10578,09/22/2021 09:23:51,13.94,540.96,,
10579,09/22/2021 09:33:51,13.81,609.92,,
10580,09/22/2021 09:43:51,14.03,839.36,,
10581,09/22/2021 09:53:51,14.20,1709.44,,
10582,09/22/2021 10:03:51,14.37,1633.28,,
10583,09/22/2021 10:13:51,14.33,1253.12,,
10584,09/22/2021 10:23:51,14.54,1412.48,,
10585,09/22/2021 10:33:51,14.63,1502.08,,
10586,09/22/2021 10:43:51,14.80,1190.72,,
10587,09/22/2021 10:53:51,14.71,1217.92,,
10588,09/22/2021 11:03:51,14.75,1357.44,,
10589,09/22/2021 11:13:51,14.88,1451.52,,
10590,09/22/2021 11:23:51,14.97,1563.52,,
10591,09/22/2021 11:33:51,15.01,1688.96,,
10592,09/22/2021 11:43:51,14.88,1268.48,,
10593,09/22/2021 11:53:51,14.75,1248.00,,
10594,09/22/2021 12:03:51,14.80,1535.36,,
10595,09/22/2021 12:13:51,14.88,1596.16,,
10596,09/22/2021 12:23:51,15.06,1668.48,,
10597,09/22/2021 12:33:51,15.18,1528.32,,
10598,09/22/2021 12:43:51,15.48,1530.24,,
10599,09/22/2021 12:53:51,15.53,1527.04,,
10600,09/22/2021 13:03:51,15.66,1501.44,,
10601,09/22/2021 13:13:51,15.70,1529.60,,
10602,09/22/2021 13:23:51,15.78,1568.00,,
10603,09/22/2021 13:33:51,15.70,1514.24,,
10604,09/22/2021 13:43:51,15.91,1468.16,,
10605,09/22/2021 13:53:51,15.96,1482.24,,
10606,09/22/2021 14:03:51,15.87,1560.96,,
10607,09/22/2021 14:13:51,15.78,1529.60,,
10608,09/22/2021 14:23:51,15.74,1640.96,,
10609,09/22/2021 14:33:51,15.48,1676.80,,
10610,09/22/2021 14:43:51,15.40,1775.36,,
10611,09/22/2021 14:53:51,15.48,1717.12,,
10612,09/22/2021 15:03:51,15.57,2066.56,,
10613,09/22/2021 15:13:51,15.40,2293.76,,
10614,09/22/2021 15:23:51,15.18,1655.04,,
10615,09/22/2021 15:33:51,15.14,1435.52,,
10616,09/22/2021 15:43:51,15.18,1226.56,,
10617,09/22/2021 15:53:51,15.01,1059.52,,
10618,09/22/2021 16:03:51,14.88,1379.84,,
10619,09/22/2021 16:13:51,14.80,828.48,,
10620,09/22/2021 16:23:51,14.84,833.60,,
10621,09/22/2021 16:33:51,14.93,3004.16,,
10622,09/22/2021 16:43:51,14.67,764.16,,
10623,09/22/2021 16:53:51,14.58,440.80,,
10624,09/22/2021 17:03:51,14.50,353.12,,
10625,09/22/2021 17:13:51,14.15,320.32,,
10626,09/22/2021 17:23:51,14.15,236.00,,
10627,09/22/2021 17:33:51,14.24,184.24,,
10628,09/22/2021 17:43:51,14.28,142.00,,
10629,09/22/2021 17:53:51,14.37,113.64,,
10630,09/22/2021 18:03:51,14.20,103.36,,
10631,09/22/2021 18:13:51,14.03,132.56,,
10632,09/22/2021 18:23:51,14.03,58.04,,
10633,09/22/2021 18:33:51,13.94,55.48,,
10634,09/22/2021 18:43:51,14.03,33.49,,
10635,09/22/2021 18:53:51,13.81,25.78,,
10636,09/22/2021 19:03:51,13.81,12.22,,
10637,09/22/2021 19:13:51,13.73,3.42,,
10638,09/22/2021 19:23:51,13.55,0.00,,
10639,09/22/2021 19:33:51,13.47,0.00,,
10640,09/22/2021 19:43:51,13.47,0.00,,
10641,09/22/2021 19:53:51,13.64,0.00,,
10642,09/22/2021 20:03:51,13.60,0.00,,
10643,09/22/2021 20:13:51,13.51,0.00,,
10644,09/22/2021 20:23:51,13.51,0.00,,
10645,09/22/2021 20:33:51,13.60,0.00,,
10646,09/22/2021 20:43:51,13.55,0.00,,
10647,09/22/2021 20:53:51,13.64,0.00,,
10648,09/22/2021 21:03:51,13.60,0.00,,
10649,09/22/2021 21:13:51,13.51,0.00,,
10650,09/22/2021 21:23:51,13.51,0.00,,
10651,09/22/2021 21:33:51,13.30,0.00,,
10652,09/22/2021 21:43:51,13.34,0.00,,
10653,09/22/2021 21:53:51,13.51,0.00,,
10654,09/22/2021 22:03:51,13.47,0.00,,
10655,09/22/2021 22:13:51,13.47,0.00,,
10656,09/22/2021 22:23:51,13.38,0.00,,
10657,09/22/2021 22:33:51,13.38,0.00,,
10658,09/22/2021 22:43:51,13.43,0.00,,
10659,09/22/2021 22:53:51,13.51,0.00,,
10660,09/22/2021 23:03:51,13.51,0.00,,
10661,09/22/2021 23:13:51,13.38,0.00,,
10662,09/22/2021 23:23:51,13.30,0.00,,
10663,09/22/2021 23:33:51,13.34,0.00,,
10664,09/22/2021 23:43:51,13.43,0.00,,
10665,09/22/2021 23:53:51,13.43,0.00,,
10666,09/23/2021 00:03:51,13.51,0.00,,
10667,09/23/2021 00:13:51,13.64,0.00,,
10668,09/23/2021 00:23:51,13.64,0.00,,
10669,09/23/2021 00:33:51,13.51,0.00,,
10670,09/23/2021 00:43:51,13.68,0.00,,
10671,09/23/2021 00:53:51,13.51,0.00,,
10672,09/23/2021 01:03:51,13.34,0.00,,
10673,09/23/2021 01:13:51,13.60,0.00,,
10674,09/23/2021 01:23:51,13.38,0.00,,
10675,09/23/2021 01:33:51,13.38,0.00,,
10676,09/23/2021 01:43:51,13.25,0.00,,
10677,09/23/2021 01:53:51,13.04,0.00,,
10678,09/23/2021 02:03:51,12.91,0.00,,
10679,09/23/2021 02:13:51,13.04,0.00,,
10680,09/23/2021 02:23:51,13.12,0.00,,
10681,09/23/2021 02:33:51,13.25,0.00,,
10682,09/23/2021 02:43:51,13.12,0.00,,
10683,09/23/2021 02:53:51,13.25,0.00,,
10684,09/23/2021 03:03:51,13.17,0.00,,
10685,09/23/2021 03:13:51,13.12,0.00,,
10686,09/23/2021 03:23:51,13.04,0.00,,
10687,09/23/2021 03:33:51,13.12,0.00,,
10688,09/23/2021 03:43:51,12.91,0.00,,
10689,09/23/2021 03:53:51,12.74,0.00,,
10690,09/23/2021 04:03:51,12.61,0.00,,
10691,09/23/2021 04:13:51,12.65,0.00,,
10692,09/23/2021 04:23:51,12.57,0.00,,
10693,09/23/2021 04:33:51,12.52,0.00,,
10694,09/23/2021 04:43:51,12.61,0.00,,
10695,09/23/2021 04:53:51,12.48,0.00,,
10696,09/23/2021 05:03:51,12.61,0.00,,
10697,09/23/2021 05:13:51,12.44,0.00,,
10698,09/23/2021 05:23:51,12.48,0.00,,
10699,09/23/2021 05:33:51,12.18,0.00,,
10700,09/23/2021 05:43:51,11.97,0.00,,
10701,09/23/2021 05:53:51,11.92,0.00,,
10702,09/23/2021 06:03:51,11.84,0.00,,
10703,09/23/2021 06:13:51,11.84,0.00,,
10704,09/23/2021 06:23:51,11.92,0.00,,
10705,09/23/2021 06:33:51,11.79,0.00,,
10706,09/23/2021 06:43:51,11.67,0.00,,
10707,09/23/2021 06:53:51,11.67,1.92,,
10708,09/23/2021 07:03:51,11.58,8.56,,
10709,09/23/2021 07:13:51,11.58,19.95,,
10710,09/23/2021 07:23:51,11.45,34.83,,
10711,09/23/2021 07:33:51,11.49,51.20,,
10712,09/23/2021 07:43:51,11.67,68.86,,
10713,09/23/2021 07:53:51,11.71,91.24,,
10714,09/23/2021 08:03:51,11.79,116.20,,
10715,09/23/2021 08:13:51,12.05,138.68,,
10716,09/23/2021 08:23:51,12.18,151.60,,
10717,09/23/2021 08:33:51,12.31,184.24,,
10718,09/23/2021 08:43:51,12.44,219.76,,
10719,09/23/2021 08:53:51,12.48,224.00,,
10720,09/23/2021 09:03:51,12.52,302.40,,
10721,09/23/2021 09:13:51,12.57,314.32,,
10722,09/23/2021 09:23:51,12.52,350.56,,
10723,09/23/2021 09:33:51,12.74,363.36,,
10724,09/23/2021 09:43:51,12.82,470.40,,
10725,09/23/2021 09:53:51,12.95,429.60,,
10726,09/23/2021 10:03:51,12.91,548.64,,
10727,09/23/2021 10:13:51,12.91,761.60,,
10728,09/23/2021 10:23:51,13.17,821.76,,
10729,09/23/2021 10:33:51,13.21,803.84,,
10730,09/23/2021 10:43:51,13.30,1014.40,,
10731,09/23/2021 10:53:51,13.38,1102.40,,
10732,09/23/2021 11:03:51,13.64,1363.20,,
10733,09/23/2021 11:13:51,13.73,1406.08,,
10734,09/23/2021 11:23:51,13.98,1451.52,,
10735,09/23/2021 11:33:51,14.15,1562.24,,
10736,09/23/2021 11:43:51,14.28,1642.24,,
10737,09/23/2021 11:53:51,14.37,1596.16,,
10738,09/23/2021 12:03:51,14.28,1642.24,,
10739,09/23/2021 12:13:51,14.33,1598.08,,
10740,09/23/2021 12:23:51,14.54,1548.16,,
10741,09/23/2021 12:33:51,14.63,1629.44,,
10742,09/23/2021 12:43:51,14.67,1617.92,,
10743,09/23/2021 12:53:51,14.84,1708.16,,
10744,09/23/2021 13:03:51,14.97,1692.16,,
10745,09/23/2021 13:13:51,15.10,1728.00,,
10746,09/23/2021 13:23:51,15.27,1593.60,,
10747,09/23/2021 13:33:51,15.27,1534.08,,
10748,09/23/2021 13:43:51,15.40,1545.60,,
10749,09/23/2021 13:53:51,15.36,1476.48,,
10750,09/23/2021 14:03:51,15.40,1724.80,,
10751,09/23/2021 14:13:51,15.44,2059.52,,
10752,09/23/2021 14:23:51,15.23,1806.08,,
10753,09/23/2021 14:33:51,15.18,1855.36,,
10754,09/23/2021 14:43:51,15.06,1980.80,,
10755,09/23/2021 14:53:51,14.97,2024.96,,
10756,09/23/2021 15:03:51,15.10,1587.84,,
10757,09/23/2021 15:13:51,14.97,2138.24,,
10758,09/23/2021 15:23:51,15.01,2277.12,,
10759,09/23/2021 15:33:51,14.97,2328.32,,
10760,09/23/2021 15:43:51,14.97,2456.32,,
10761,09/23/2021 15:53:51,15.01,2572.80,,
10762,09/23/2021 16:03:51,15.01,1534.72,,
10763,09/23/2021 16:13:51,15.01,2629.12,,
10764,09/23/2021 16:23:51,15.01,2225.28,,
10765,09/23/2021 16:33:51,15.14,1577.60,,
10766,09/23/2021 16:43:51,15.18,1259.20,,
10767,09/23/2021 16:53:51,15.01,1102.40,,
10768,09/23/2021 17:03:51,14.84,1590.40,,
10769,09/23/2021 17:13:51,14.80,1320.32,,
10770,09/23/2021 17:23:51,14.45,741.76,,
10771,09/23/2021 17:33:51,14.71,587.68,,
10772,09/23/2021 17:43:51,14.67,432.64,,
10773,09/23/2021 17:53:51,14.33,250.56,,
10774,09/23/2021 18:03:51,14.20,177.36,,
10775,09/23/2021 18:13:51,14.33,159.32,,
10776,09/23/2021 18:23:51,14.20,112.76,,
10777,09/23/2021 18:33:51,14.20,87.84,,
10778,09/23/2021 18:43:51,14.07,57.66,,
10779,09/23/2021 18:53:51,13.98,35.25,,
10780,09/23/2021 19:03:51,14.03,12.68,,
10781,09/23/2021 19:13:51,13.85,4.70,,
10782,09/23/2021 19:23:51,13.73,0.42,,
10783,09/23/2021 19:33:51,13.73,0.00,,
10784,09/23/2021 19:43:51,13.68,0.00,,
10785,09/23/2021 19:53:51,13.73,0.00,,
10786,09/23/2021 20:03:51,13.68,0.00,,
10787,09/23/2021 20:13:51,13.51,0.00,,
10788,09/23/2021 20:23:51,13.47,0.00,,
10789,09/23/2021 20:33:51,13.34,0.00,,
10790,09/23/2021 20:43:51,13.34,0.00,,
10791,09/23/2021 20:53:51,13.38,0.00,,
10792,09/23/2021 21:03:51,13.30,0.00,,
10793,09/23/2021 21:13:51,13.38,0.00,,
10794,09/23/2021 21:23:51,13.34,0.00,,
10795,09/23/2021 21:33:51,13.38,0.00,,
10796,09/23/2021 21:43:51,13.51,0.00,,
10797,09/23/2021 21:53:51,13.47,0.00,,
10798,09/23/2021 22:03:51,13.47,0.00,,
10799,09/23/2021 22:13:51,13.51,0.00,,
10800,09/23/2021 22:23:51,13.55,0.00,,
10801,09/23/2021 22:33:51,13.51,0.00,,
10802,09/23/2021 22:43:51,13.43,0.00,,
10803,09/23/2021 22:53:51,13.34,0.00,,
10804,09/23/2021 23:03:51,13.34,0.00,,
10805,09/23/2021 23:13:51,13.21,0.00,,
10806,09/23/2021 23:23:51,13.21,0.00,,
10807,09/23/2021 23:33:51,13.08,0.00,,
10808,09/23/2021 23:43:51,13.17,0.00,,
10809,09/23/2021 23:53:51,13.08,0.00,,
10810,09/24/2021 00:03:51,13.04,0.00,,
10811,09/24/2021 00:13:51,13.04,0.00,,
10812,09/24/2021 00:23:51,13.00,0.00,,
10813,09/24/2021 00:33:51,12.95,0.00,,
10814,09/24/2021 00:43:51,12.95,0.00,,
10815,09/24/2021 00:53:51,12.91,0.00,,
10816,09/24/2021 01:03:51,12.87,0.00,,
10817,09/24/2021 01:13:51,13.00,0.00,,
10818,09/24/2021 01:23:51,13.12,0.00,,
10819,09/24/2021 01:33:51,13.04,0.00,,
10820,09/24/2021 01:43:51,13.04,0.00,,
10821,09/24/2021 01:53:51,12.91,0.00,,
10822,09/24/2021 02:03:51,12.82,0.00,,
10823,09/24/2021 02:13:51,12.91,0.00,,
10824,09/24/2021 02:23:51,13.12,0.00,,
10825,09/24/2021 02:33:51,13.00,0.00,,
10826,09/24/2021 02:43:51,13.04,0.00,,
10827,09/24/2021 02:53:51,13.21,0.00,,
10828,09/24/2021 03:03:51,13.17,0.00,,
10829,09/24/2021 03:13:51,13.25,0.00,,
10830,09/24/2021 03:23:51,13.17,0.00,,
10831,09/24/2021 03:33:51,13.21,0.00,,
10832,09/24/2021 03:43:51,13.17,0.00,,
10833,09/24/2021 03:53:51,13.12,0.00,,
10834,09/24/2021 04:03:51,13.12,0.00,,
10835,09/24/2021 04:13:51,13.12,0.00,,
10836,09/24/2021 04:23:51,13.25,0.00,,
10837,09/24/2021 04:33:51,13.21,0.00,,
10838,09/24/2021 04:43:51,13.04,0.00,,
10839,09/24/2021 04:53:51,13.04,0.00,,
10840,09/24/2021 05:03:51,13.00,0.00,,
10841,09/24/2021 05:13:51,12.82,0.00,,
10842,09/24/2021 05:23:51,12.78,0.00,,
10843,09/24/2021 05:33:51,12.52,0.00,,
10844,09/24/2021 05:43:51,12.52,0.00,,
10845,09/24/2021 05:53:51,12.57,0.00,,
10846,09/24/2021 06:03:51,12.61,0.00,,
10847,09/24/2021 06:13:51,12.70,0.00,,
10848,09/24/2021 06:23:51,12.78,0.00,,
10849,09/24/2021 06:33:51,12.78,0.00,,
10850,09/24/2021 06:43:51,12.82,0.00,,
10851,09/24/2021 06:53:51,12.91,2.78,,
10852,09/24/2021 07:03:51,12.74,9.44,,
10853,09/24/2021 07:13:51,12.74,26.16,,
10854,09/24/2021 07:23:51,12.74,36.54,,
10855,09/24/2021 07:33:51,12.78,60.66,,
10856,09/24/2021 07:43:51,12.78,85.16,,
10857,09/24/2021 07:53:51,12.78,125.72,,
10858,09/24/2021 08:03:51,12.74,173.92,,
10859,09/24/2021 08:13:51,12.70,245.44,,
10860,09/24/2021 08:23:51,12.70,239.44,,
10861,09/24/2021 08:33:51,12.78,291.28,,
10862,09/24/2021 08:43:51,12.82,366.40,,
10863,09/24/2021 08:53:51,12.91,349.60,,
10864,09/24/2021 09:03:51,13.08,401.44,,
10865,09/24/2021 09:13:51,13.25,436.96,,
10866,09/24/2021 09:23:51,13.51,573.92,,
10867,09/24/2021 09:33:51,13.73,646.24,,
10868,09/24/2021 09:43:51,13.77,791.68,,
10869,09/24/2021 09:53:51,13.81,872.64,,
10870,09/24/2021 10:03:51,13.94,875.20,,
10871,09/24/2021 10:13:51,14.07,796.80,,
10872,09/24/2021 10:23:51,14.15,934.72,,
10873,09/24/2021 10:33:51,14.24,1016.96,,
10874,09/24/2021 10:43:51,14.45,1527.68,,
10875,09/24/2021 10:53:51,14.50,1361.92,,
10876,09/24/2021 11:03:51,14.67,1413.76,,
10877,09/24/2021 11:13:51,14.93,1436.80,,
10878,09/24/2021 11:23:51,15.14,1509.76,,
10879,09/24/2021 11:33:51,15.18,1448.96,,
10880,09/24/2021 11:43:51,15.31,1406.08,,
10881,09/24/2021 11:53:51,15.48,1530.24,,
10882,09/24/2021 12:03:51,15.91,1416.32,,
10883,09/24/2021 12:13:51,16.30,1480.96,,
10884,09/24/2021 12:23:51,16.39,1517.44,,
10885,09/24/2021 12:33:51,16.73,1549.44,,
10886,09/24/2021 12:43:51,16.73,1672.32,,
10887,09/24/2021 12:53:51,16.64,1583.36,,
10888,09/24/2021 13:03:51,16.64,1560.96,,
10889,09/24/2021 13:13:51,16.64,1576.32,,
10890,09/24/2021 13:23:51,16.56,1562.88,,
10891,09/24/2021 13:33:51,16.60,1539.84,,
10892,09/24/2021 13:43:51,16.56,1544.32,,
10893,09/24/2021 13:53:51,16.60,1607.68,,
10894,09/24/2021 14:03:51,16.56,1550.08,,
10895,09/24/2021 14:13:51,16.47,1577.60,,
10896,09/24/2021 14:23:51,16.30,1702.40,,
10897,09/24/2021 14:33:51,16.17,1765.76,,
10898,09/24/2021 14:43:51,16.21,1733.12,,
10899,09/24/2021 14:53:51,16.26,1831.68,,
10900,09/24/2021 15:03:51,16.47,1766.40,,
10901,09/24/2021 15:13:51,16.51,1915.52,,
10902,09/24/2021 15:23:51,16.69,1958.40,,
10903,09/24/2021 15:33:51,16.77,2076.80,,
10904,09/24/2021 15:43:51,16.64,2018.56,,
10905,09/24/2021 15:53:51,16.60,2254.72,,
10906,09/24/2021 16:03:51,16.56,2410.24,,
10907,09/24/2021 16:13:51,16.60,2412.16,,
10908,09/24/2021 16:23:51,16.60,2561.28,,
10909,09/24/2021 16:33:51,16.47,2740.48,,
10910,09/24/2021 16:43:51,16.39,3101.44,,
10911,09/24/2021 16:53:51,15.78,704.32,,
10912,09/24/2021 17:03:51,15.61,648.80,,
10913,09/24/2021 17:13:51,15.40,488.32,,
10914,09/24/2021 17:23:51,15.27,341.12,,
10915,09/24/2021 17:33:51,15.18,312.64,,
10916,09/24/2021 17:43:51,15.06,312.64,,
10917,09/24/2021 17:53:51,15.14,222.96,,
10918,09/24/2021 18:03:51,15.01,109.36,,
10919,09/24/2021 18:13:51,14.88,79.18,,
10920,09/24/2021 18:23:51,14.88,61.10,,
10921,09/24/2021 18:33:51,14.63,39.96,,
10922,09/24/2021 18:43:51,14.71,24.87,,
10923,09/24/2021 18:53:51,14.58,14.39,,
10924,09/24/2021 19:03:51,14.75,5.56,,
10925,09/24/2021 19:13:51,14.71,1.49,,
10926,09/24/2021 19:23:51,14.54,0.00,,
10927,09/24/2021 19:33:51,14.37,0.00,,
10928,09/24/2021 19:43:51,14.41,0.00,,
10929,09/24/2021 19:53:51,14.58,0.00,,
10930,09/24/2021 20:03:51,14.28,0.00,,
10931,09/24/2021 20:13:51,14.24,0.00,,
10932,09/24/2021 20:23:51,14.33,0.00,,
10933,09/24/2021 20:33:51,14.37,0.00,,
10934,09/24/2021 20:43:51,14.28,0.00,,
10935,09/24/2021 20:53:51,14.28,0.00,,
10936,09/24/2021 21:03:51,14.24,0.00,,
10937,09/24/2021 21:13:51,14.20,0.00,,
10938,09/24/2021 21:23:51,14.28,0.00,,
10939,09/24/2021 21:33:51,14.28,0.00,,
10940,09/24/2021 21:43:51,14.28,0.00,,
10941,09/24/2021 21:53:51,14.20,0.00,,
10942,09/24/2021 22:03:51,14.11,0.00,,
10943,09/24/2021 22:13:51,14.07,0.00,,
10944,09/24/2021 22:23:51,14.07,0.00,,
10945,09/24/2021 22:33:51,14.03,0.00,,
10946,09/24/2021 22:43:51,13.98,0.00,,
10947,09/24/2021 22:53:51,14.03,0.00,,
10948,09/24/2021 23:03:51,13.98,0.00,,
10949,09/24/2021 23:13:51,13.98,0.00,,
10950,09/24/2021 23:23:51,13.90,0.00,,
10951,09/24/2021 23:33:51,14.03,0.00,,
10952,09/24/2021 23:43:51,14.03,0.00,,
10953,09/24/2021 23:53:51,14.03,0.00,,
10954,09/25/2021 00:03:51,14.24,0.00,,
10955,09/25/2021 00:13:51,14.11,0.00,,
10956,09/25/2021 00:23:51,14.07,0.00,,
10957,09/25/2021 00:33:51,14.24,0.00,,
10958,09/25/2021 00:43:51,14.15,0.00,,
10959,09/25/2021 00:53:51,14.28,0.00,,
10960,09/25/2021 01:03:51,14.15,0.00,,
10961,09/25/2021 01:13:51,14.28,0.00,,
10962,09/25/2021 01:23:51,14.37,0.00,,
10963,09/25/2021 01:33:51,14.50,0.00,,
10964,09/25/2021 01:43:51,14.58,0.00,,
10965,09/25/2021 01:53:51,14.54,0.00,,
10966,09/25/2021 02:03:51,14.58,0.00,,
10967,09/25/2021 02:13:51,14.45,0.00,,
10968,09/25/2021 02:23:51,14.45,0.00,,
10969,09/25/2021 02:33:51,14.45,0.00,,
10970,09/25/2021 02:43:51,14.58,0.00,,
10971,09/25/2021 02:53:51,14.45,0.00,,
10972,09/25/2021 03:03:51,14.54,0.00,,
10973,09/25/2021 03:13:51,14.54,0.00,,
10974,09/25/2021 03:23:51,14.45,0.00,,
10975,09/25/2021 03:33:51,14.50,0.00,,
10976,09/25/2021 03:43:51,14.54,0.00,,
10977,09/25/2021 03:53:51,14.50,0.00,,
10978,09/25/2021 04:03:51,14.24,0.00,,
10979,09/25/2021 04:13:51,14.20,0.00,,
10980,09/25/2021 04:23:51,14.20,0.00,,
10981,09/25/2021 04:33:51,14.33,0.00,,
10982,09/25/2021 04:43:51,14.33,0.00,,
10983,09/25/2021 04:53:51,14.37,0.00,,
10984,09/25/2021 05:03:51,14.20,0.00,,
10985,09/25/2021 05:13:51,14.07,0.00,,
10986,09/25/2021 05:23:51,14.15,0.00,,
10987,09/25/2021 05:33:51,14.15,0.00,,
10988,09/25/2021 05:43:51,14.11,0.00,,
10989,09/25/2021 05:53:51,14.20,0.00,,
10990,09/25/2021 06:03:51,14.20,0.00,,
10991,09/25/2021 06:13:51,14.11,0.00,,
10992,09/25/2021 06:23:51,14.07,0.00,,
10993,09/25/2021 06:33:51,14.11,0.00,,
10994,09/25/2021 06:43:51,14.03,0.00,,
10995,09/25/2021 06:53:51,14.11,1.07,,
10996,09/25/2021 07:03:51,14.07,7.27,,
10997,09/25/2021 07:13:51,14.03,15.65,,
10998,09/25/2021 07:23:51,14.03,27.50,,
10999,09/25/2021 07:33:51,14.03,40.39,,
11000,09/25/2021 07:43:51,14.15,56.34,,
11001,09/25/2021 07:53:51,14.24,71.48,,
11002,09/25/2021 08:03:51,14.37,87.84,,
11003,09/25/2021 08:13:51,14.28,96.40,,
11004,09/25/2021 08:23:51,14.20,111.92,,
11005,09/25/2021 08:33:51,14.37,155.88,,
11006,09/25/2021 08:43:51,14.28,182.48,,
11007,09/25/2021 08:53:51,14.24,198.16,,
11008,09/25/2021 09:03:51,14.41,216.96,,
11009,09/25/2021 09:13:51,14.45,221.44,,
11010,09/25/2021 09:23:51,14.58,230.88,,
11011,09/25/2021 09:33:51,14.54,280.72,,
11012,09/25/2021 09:43:51,14.54,331.68,,
11013,09/25/2021 09:53:51,14.54,386.08,,
11014,09/25/2021 10:03:51,14.50,397.92,,
11015,09/25/2021 10:13:51,14.63,376.64,,
11016,09/25/2021 10:23:51,14.63,371.52,,
11017,09/25/2021 10:33:51,14.63,426.24,,
11018,09/25/2021 10:43:51,14.67,478.08,,
11019,09/25/2021 10:53:51,14.71,596.96,,
11020,09/25/2021 11:03:51,14.84,597.92,,
11021,09/25/2021 11:13:51,14.88,667.52,,
11022,09/25/2021 11:23:51,14.88,683.84,,
11023,09/25/2021 11:33:51,14.88,761.60,,
11024,09/25/2021 11:43:51,14.84,884.16,,
11025,09/25/2021 11:53:51,14.80,851.52,,
11026,09/25/2021 12:03:51,14.84,818.24,,
11027,09/25/2021 12:13:51,14.80,843.20,,
11028,09/25/2021 12:23:51,14.88,928.64,,
11029,09/25/2021 12:33:51,14.97,1018.56,,
11030,09/25/2021 12:43:51,15.01,1241.92,,
11031,09/25/2021 12:53:51,15.10,1446.40,,
11032,09/25/2021 13:03:51,15.18,1610.88,,
11033,09/25/2021 13:13:51,15.31,1936.00,,
11034,09/25/2021 13:23:51,15.18,1280.64,,
11035,09/25/2021 13:33:51,15.14,1069.12,,
11036,09/25/2021 13:43:51,15.18,900.80,,
11037,09/25/2021 13:53:51,15.06,843.84,,
11038,09/25/2021 14:03:51,15.06,872.96,,
11039,09/25/2021 14:13:51,15.06,751.04,,
11040,09/25/2021 14:23:51,15.18,696.64,,
11041,09/25/2021 14:33:51,15.18,659.84,,
11042,09/25/2021 14:43:51,15.14,628.64,,
11043,09/25/2021 14:53:51,15.14,573.44,,
11044,09/25/2021 15:03:51,15.18,585.12,,
11045,09/25/2021 15:13:51,15.23,723.52,,
11046,09/25/2021 15:23:51,15.31,1018.56,,
11047,09/25/2021 15:33:51,15.27,859.20,,
11048,09/25/2021 15:43:51,15.23,842.24,,
11049,09/25/2021 15:53:51,15.27,822.40,,
11050,09/25/2021 16:03:51,15.18,720.32,,
11051,09/25/2021 16:13:51,15.14,610.72,,
11052,09/25/2021 16:23:51,15.31,497.76,,
11053,09/25/2021 16:33:51,15.18,482.40,,
11054,09/25/2021 16:43:51,15.14,475.52,,
11055,09/25/2021 16:53:51,15.10,428.80,,
11056,09/25/2021 17:03:51,14.97,348.80,,
11057,09/25/2021 17:13:51,14.88,316.96,,
11058,09/25/2021 17:23:51,15.01,274.80,,
11059,09/25/2021 17:33:51,14.84,223.84,,
11060,09/25/2021 17:43:51,14.93,173.12,,
11061,09/25/2021 17:53:51,14.93,146.28,,
11062,09/25/2021 18:03:51,14.93,109.36,,
11063,09/25/2021 18:13:51,14.84,87.72,,
11064,09/25/2021 18:23:51,14.88,63.24,,
11065,09/25/2021 18:33:51,14.84,42.52,,
11066,09/25/2021 18:43:51,14.97,26.16,,
11067,09/25/2021 18:53:51,14.88,15.46,,
11068,09/25/2021 19:03:51,14.80,6.20,,
11069,09/25/2021 19:13:51,14.67,1.28,,
11070,09/25/2021 19:23:51,14.63,0.00,,
11071,09/25/2021 19:33:51,14.67,0.00,,
11072,09/25/2021 19:43:51,14.84,0.00,,
11073,09/25/2021 19:53:51,14.54,0.00,,
11074,09/25/2021 20:03:51,14.71,0.00,,
11075,09/25/2021 20:13:51,14.75,0.00,,
11076,09/25/2021 20:23:51,14.75,0.00,,
11077,09/25/2021 20:33:51,14.67,0.00,,
11078,09/25/2021 20:43:51,14.75,0.00,,
11079,09/25/2021 20:53:51,14.75,0.00,,
11080,09/25/2021 21:03:51,14.71,0.00,,
11081,09/25/2021 21:13:51,14.63,0.00,,
11082,09/25/2021 21:23:51,14.75,0.00,,
11083,09/25/2021 21:33:51,14.67,0.00,,
11084,09/25/2021 21:43:51,14.63,0.00,,
11085,09/25/2021 21:53:51,14.67,0.00,,
11086,09/25/2021 22:03:51,14.67,0.00,,
11087,09/25/2021 22:13:51,14.63,0.00,,
11088,09/25/2021 22:23:51,14.63,0.00,,
11089,09/25/2021 22:33:51,14.75,0.00,,
11090,09/25/2021 22:43:51,14.84,0.00,,
11091,09/25/2021 22:53:51,14.88,0.00,,
11092,09/25/2021 23:03:51,14.84,0.00,,
11093,09/25/2021 23:13:51,14.88,0.00,,
11094,09/25/2021 23:23:51,14.97,0.00,,
11095,09/25/2021 23:33:51,15.06,0.00,,
11096,09/25/2021 23:43:51,15.06,0.00,,
11097,09/25/2021 23:53:51,15.10,0.00,,
11098,09/26/2021 00:03:51,15.06,0.00,,
11099,09/26/2021 00:13:51,15.01,0.00,,
11100,09/26/2021 00:23:51,15.01,0.00,,
11101,09/26/2021 00:33:51,15.01,0.00,,
11102,09/26/2021 00:43:51,14.97,0.00,,
11103,09/26/2021 00:53:51,15.01,0.00,,
11104,09/26/2021 01:03:51,15.10,0.00,,
11105,09/26/2021 01:13:51,15.01,0.00,,
11106,09/26/2021 01:23:51,15.10,0.00,,
11107,09/26/2021 01:33:51,15.06,0.00,,
11108,09/26/2021 01:43:51,15.14,0.00,,
11109,09/26/2021 01:53:51,15.14,0.00,,
11110,09/26/2021 02:03:51,15.14,0.00,,
11111,09/26/2021 02:13:51,15.23,0.00,,
11112,09/26/2021 02:23:51,15.18,0.00,,
11113,09/26/2021 02:33:51,15.23,0.00,,
11114,09/26/2021 02:43:51,15.23,0.00,,
11115,09/26/2021 02:53:51,15.14,0.00,,
11116,09/26/2021 03:03:51,15.14,0.00,,
11117,09/26/2021 03:13:51,15.18,0.00,,
11118,09/26/2021 03:23:51,15.18,0.00,,
11119,09/26/2021 03:33:51,15.18,0.00,,
11120,09/26/2021 03:43:51,15.27,0.00,,
11121,09/26/2021 03:53:51,15.23,0.00,,
11122,09/26/2021 04:03:51,15.27,0.00,,
11123,09/26/2021 04:13:51,15.23,0.00,,
11124,09/26/2021 04:23:51,15.18,0.00,,
11125,09/26/2021 04:33:51,15.27,0.00,,
11126,09/26/2021 04:43:51,15.23,0.00,,
11127,09/26/2021 04:53:51,15.14,0.00,,
11128,09/26/2021 05:03:51,15.23,0.00,,
11129,09/26/2021 05:13:51,15.23,0.00,,
11130,09/26/2021 05:23:51,15.18,0.00,,
11131,09/26/2021 05:33:51,15.14,0.00,,
11132,09/26/2021 05:43:51,15.10,0.00,,
11133,09/26/2021 05:53:51,15.14,0.00,,
11134,09/26/2021 06:03:51,15.18,0.00,,
11135,09/26/2021 06:13:51,15.18,0.00,,
11136,09/26/2021 06:23:51,15.06,0.00,,
11137,09/26/2021 06:33:51,15.10,0.00,,
11138,09/26/2021 06:43:51,15.10,0.00,,
11139,09/26/2021 06:53:51,15.10,0.85,,
11140,09/26/2021 07:03:51,15.06,4.49,,
11141,09/26/2021 07:13:51,14.97,10.29,,
11142,09/26/2021 07:23:51,15.14,21.82,,
11143,09/26/2021 07:33:51,15.06,42.52,,
11144,09/26/2021 07:43:51,15.10,64.94,,
11145,09/26/2021 07:53:51,15.06,87.84,,
11146,09/26/2021 08:03:51,15.10,102.48,,
11147,09/26/2021 08:13:51,15.10,124.88,,
11148,09/26/2021 08:23:51,15.18,158.36,,
11149,09/26/2021 08:33:51,14.97,188.48,,
11150,09/26/2021 08:43:51,14.93,216.08,,
11151,09/26/2021 08:53:51,14.97,207.52,,
11152,09/26/2021 09:03:51,15.06,223.84,,
11153,09/26/2021 09:13:51,15.01,229.20,,
11154,09/26/2021 09:23:51,14.97,302.40,,
11155,09/26/2021 09:33:51,15.01,314.32,,
11156,09/26/2021 09:43:51,15.18,348.80,,
11157,09/26/2021 09:53:51,15.10,425.44,,
11158,09/26/2021 10:03:51,15.01,428.80,,
11159,09/26/2021 10:13:51,15.18,489.12,,
11160,09/26/2021 10:23:51,15.06,575.20,,
11161,09/26/2021 10:33:51,15.06,644.96,,
11162,09/26/2021 10:43:51,15.14,594.40,,
11163,09/26/2021 10:53:51,15.18,587.68,,
11164,09/26/2021 11:03:51,15.10,589.28,,
11165,09/26/2021 11:13:51,15.18,609.92,,
11166,09/26/2021 11:23:51,15.23,630.40,,
11167,09/26/2021 11:33:51,15.10,703.68,,
11168,09/26/2021 11:43:51,15.18,744.32,,
11169,09/26/2021 11:53:51,15.18,835.52,,
11170,09/26/2021 12:03:51,15.23,843.84,,
11171,09/26/2021 12:13:51,15.14,903.36,,
11172,09/26/2021 12:23:51,15.10,904.00,,
11173,09/26/2021 12:33:51,15.23,1024.64,,
11174,09/26/2021 12:43:51,15.27,1110.08,,
11175,09/26/2021 12:53:51,15.31,1207.04,,
11176,09/26/2021 13:03:51,15.36,1298.56,,
11177,09/26/2021 13:13:51,15.23,1188.80,,
11178,09/26/2021 13:23:51,15.18,1213.76,,
11179,09/26/2021 13:33:51,15.18,1160.64,,
11180,09/26/2021 13:43:51,15.31,1046.08,,
11181,09/26/2021 13:53:51,15.23,1216.32,,
11182,09/26/2021 14:03:51,15.18,1099.84,,
11183,09/26/2021 14:13:51,15.27,974.08,,
11184,09/26/2021 14:23:51,15.36,942.40,,
11185,09/26/2021 14:33:51,15.31,929.60,,
11186,09/26/2021 14:43:51,15.31,920.96,,
11187,09/26/2021 14:53:51,15.36,1165.76,,
11188,09/26/2021 15:03:51,15.53,1368.32,,
11189,09/26/2021 15:13:51,15.57,1149.44,,
11190,09/26/2021 15:23:51,15.61,1105.92,,
11191,09/26/2021 15:33:51,15.74,960.32,,
11192,09/26/2021 15:43:51,15.83,939.84,,
11193,09/26/2021 15:53:51,15.91,880.64,,
11194,09/26/2021 16:03:51,15.91,860.16,,
11195,09/26/2021 16:13:51,15.91,712.00,,
11196,09/26/2021 16:23:51,15.91,688.96,,
11197,09/26/2021 16:33:51,15.87,591.04,,
11198,09/26/2021 16:43:51,15.83,701.12,,
11199,09/26/2021 16:53:51,15.78,621.92,,
11200,09/26/2021 17:03:51,16.08,3187.20,,
11201,09/26/2021 17:13:51,16.39,3216.64,,
11202,09/26/2021 17:23:51,16.39,3230.72,,
11203,09/26/2021 17:33:51,16.60,3228.16,,
11204,09/26/2021 17:43:51,16.64,3166.72,,
11205,09/26/2021 17:53:51,16.56,3201.28,,
11206,09/26/2021 18:03:51,16.51,2446.08,,
11207,09/26/2021 18:13:51,16.47,2261.12,,
11208,09/26/2021 18:23:51,16.26,1828.48,,
11209,09/26/2021 18:33:51,16.13,1217.28,,
11210,09/26/2021 18:43:51,15.91,625.76,,
11211,09/26/2021 18:53:51,15.53,104.20,,
11212,09/26/2021 19:03:51,15.31,40.44,,
11213,09/26/2021 19:13:51,15.27,10.75,,
11214,09/26/2021 19:23:51,15.18,1.49,,
11215,09/26/2021 19:33:51,15.31,0.00,,
11216,09/26/2021 19:43:51,15.31,0.00,,
11217,09/26/2021 19:53:51,15.23,0.00,,
11218,09/26/2021 20:03:51,15.27,0.00,,
11219,09/26/2021 20:13:51,15.27,0.00,,
11220,09/26/2021 20:23:51,15.18,0.00,,
11221,09/26/2021 20:33:51,15.10,0.00,,
11222,09/26/2021 20:43:51,15.14,0.00,,
11223,09/26/2021 20:53:51,15.18,0.00,,
11224,09/26/2021 21:03:51,15.10,0.00,,
11225,09/26/2021 21:13:51,15.10,0.00,,
11226,09/26/2021 21:23:51,15.10,0.00,,
11227,09/26/2021 21:33:51,15.14,0.00,,
11228,09/26/2021 21:43:51,15.27,0.00,,
11229,09/26/2021 21:53:51,15.23,0.00,,
11230,09/26/2021 22:03:51,15.23,0.00,,
11231,09/26/2021 22:13:51,15.23,0.00,,
11232,09/26/2021 22:23:51,15.27,0.00,,
11233,09/26/2021 22:33:51,15.23,0.00,,
11234,09/26/2021 22:43:51,15.23,0.00,,
11235,09/26/2021 22:53:51,15.10,0.00,,
11236,09/26/2021 23:03:51,15.10,0.00,,
11237,09/26/2021 23:13:51,15.06,0.00,,
11238,09/26/2021 23:23:51,14.97,0.00,,
11239,09/26/2021 23:33:51,14.97,0.00,,
11240,09/26/2021 23:43:51,14.97,0.00,,
11241,09/26/2021 23:53:51,14.88,0.00,,
11242,09/27/2021 00:03:51,14.88,0.00,,
11243,09/27/2021 00:13:51,14.84,0.00,,
11244,09/27/2021 00:23:51,14.84,0.00,,
11245,09/27/2021 00:33:51,14.84,0.00,,
11246,09/27/2021 00:43:51,14.84,0.00,,
11247,09/27/2021 00:53:51,14.84,0.00,,
11248,09/27/2021 01:03:51,14.80,0.00,,
11249,09/27/2021 01:13:51,14.80,0.00,,
11250,09/27/2021 01:23:51,14.80,0.00,,
11251,09/27/2021 01:33:51,14.84,0.00,,
11252,09/27/2021 01:43:51,14.80,0.00,,
11253,09/27/2021 01:53:51,14.80,0.00,,
11254,09/27/2021 02:03:51,14.80,0.00,,
11255,09/27/2021 02:13:51,14.75,0.00,,
11256,09/27/2021 02:23:51,14.71,0.00,,
11257,09/27/2021 02:33:51,14.75,0.00,,
11258,09/27/2021 02:43:51,14.75,0.00,,
11259,09/27/2021 02:53:51,14.80,0.00,,
11260,09/27/2021 03:03:51,14.84,0.00,,
11261,09/27/2021 03:13:51,14.75,0.00,,
11262,09/27/2021 03:23:51,14.80,0.00,,
11263,09/27/2021 03:33:51,14.80,0.00,,
11264,09/27/2021 03:43:51,14.80,0.00,,
11265,09/27/2021 03:53:51,14.84,0.00,,
11266,09/27/2021 04:03:51,14.84,0.00,,
11267,09/27/2021 04:13:51,14.88,0.00,,
11268,09/27/2021 04:23:51,14.88,0.00,,
11269,09/27/2021 04:33:51,14.93,0.00,,
11270,09/27/2021 04:43:51,14.97,0.00,,
11271,09/27/2021 04:53:51,15.01,0.00,,
11272,09/27/2021 05:03:51,15.01,0.00,,
11273,09/27/2021 05:13:51,14.97,0.00,,
11274,09/27/2021 05:23:51,15.01,0.00,,
11275,09/27/2021 05:33:51,15.01,0.00,,
11276,09/27/2021 05:43:51,15.01,0.00,,
11277,09/27/2021 05:53:51,15.06,0.00,,
11278,09/27/2021 06:03:51,15.10,0.00,,
11279,09/27/2021 06:13:51,15.06,0.00,,
11280,09/27/2021 06:23:51,15.06,0.00,,
11281,09/27/2021 06:33:51,15.10,0.00,,
11282,09/27/2021 06:43:51,15.14,0.00,,
11283,09/27/2021 06:53:51,15.06,1.07,,
11284,09/27/2021 07:03:51,15.10,5.99,,
11285,09/27/2021 07:13:51,15.10,15.89,,
11286,09/27/2021 07:23:51,15.14,35.20,,
11287,09/27/2021 07:33:51,15.18,58.48,,
11288,09/27/2021 07:43:51,15.23,77.46,,
11289,09/27/2021 07:53:51,15.23,110.20,,
11290,09/27/2021 08:03:51,15.23,135.12,,
11291,09/27/2021 08:13:51,15.27,145.40,,
11292,09/27/2021 08:23:51,15.31,185.92,,
11293,09/27/2021 08:33:51,15.31,242.88,,
11294,09/27/2021 08:43:51,15.36,258.32,,
11295,09/27/2021 08:53:51,15.40,227.44,,
11296,09/27/2021 09:03:51,15.48,260.00,,
11297,09/27/2021 09:13:51,15.53,307.52,,
11298,09/27/2021 09:23:51,15.53,328.00,,
11299,09/27/2021 09:33:51,15.66,324.64,,
11300,09/27/2021 09:43:51,15.66,472.00,,
11301,09/27/2021 09:53:51,15.66,430.56,,
11302,09/27/2021 10:03:51,15.74,513.92,,
11303,09/27/2021 10:13:51,15.78,548.64,,
11304,09/27/2021 10:23:51,15.91,600.48,,
11305,09/27/2021 10:33:51,15.96,637.28,,
11306,09/27/2021 10:43:51,16.04,799.36,,
11307,09/27/2021 10:53:51,16.13,706.88,,
11308,09/27/2021 11:03:51,16.17,832.00,,
11309,09/27/2021 11:13:51,16.26,1055.36,,
11310,09/27/2021 11:23:51,16.39,951.68,,
11311,09/27/2021 11:33:51,16.39,999.68,,
11312,09/27/2021 11:43:51,16.51,1502.72,,
11313,09/27/2021 11:53:51,16.43,1023.68,,
11314,09/27/2021 12:03:51,16.56,1324.16,,
11315,09/27/2021 12:13:51,16.69,1534.08,,
11316,09/27/2021 12:23:51,16.94,1705.60,,
11317,09/27/2021 12:33:51,17.16,1686.40,,
11318,09/27/2021 12:43:51,17.24,2252.80,,
11319,09/27/2021 12:53:51,17.37,2328.32,,
11320,09/27/2021 13:03:51,17.33,1850.24,,
11321,09/27/2021 13:13:51,17.59,1932.80,,
11322,09/27/2021 13:23:51,17.46,1728.64,,
11323,09/27/2021 13:33:51,17.29,1850.24,,
11324,09/27/2021 13:43:51,17.33,1530.24,,
11325,09/27/2021 13:53:51,17.24,1677.44,,
11326,09/27/2021 14:03:51,17.20,1657.60,,
11327,09/27/2021 14:13:51,17.16,1673.60,,
11328,09/27/2021 14:23:51,17.24,1876.48,,
11329,09/27/2021 14:33:51,17.33,1689.60,,
11330,09/27/2021 14:43:51,17.16,1329.92,,
11331,09/27/2021 14:53:51,16.99,1070.08,,
11332,09/27/2021 15:03:51,16.90,852.48,,
11333,09/27/2021 15:13:51,17.03,1217.92,,
11334,09/27/2021 15:23:51,17.07,895.36,,
11335,09/27/2021 15:33:51,17.03,692.48,,
11336,09/27/2021 15:43:51,16.94,810.56,,
11337,09/27/2021 15:53:51,16.99,873.92,,
11338,09/27/2021 16:03:51,16.94,627.84,,
11339,09/27/2021 16:13:51,16.94,423.68,,
11340,09/27/2021 16:23:51,16.94,473.76,,
11341,09/27/2021 16:33:51,16.94,475.52,,
11342,09/27/2021 16:43:51,16.90,276.48,,
11343,09/27/2021 16:53:51,16.90,383.04,,
11344,09/27/2021 17:03:51,16.94,371.84,,
11345,09/27/2021 17:13:51,16.86,158.36,,
11346,09/27/2021 17:23:51,16.81,180.80,,
11347,09/27/2021 17:33:51,16.56,192.80,,
11348,09/27/2021 17:43:51,16.26,169.68,,
11349,09/27/2021 17:53:51,16.26,202.40,,
11350,09/27/2021 18:03:51,16.21,227.44,,
11351,09/27/2021 18:13:51,16.21,168.80,,
11352,09/27/2021 18:23:51,16.21,147.32,,
11353,09/27/2021 18:33:51,16.08,114.48,,
11354,09/27/2021 18:43:51,16.17,70.08,,
11355,09/27/2021 18:53:51,16.04,38.68,,
11356,09/27/2021 19:03:51,16.17,5.99,,
11357,09/27/2021 19:13:51,16.47,1.28,,
11358,09/27/2021 19:23:51,16.43,0.00,,
11359,09/27/2021 19:33:51,16.43,0.00,,
11360,09/27/2021 19:43:51,16.39,0.00,,
11361,09/27/2021 19:53:51,16.51,0.00,,
11362,09/27/2021 20:03:51,16.47,0.00,,
11363,09/27/2021 20:13:51,16.34,0.00,,
11364,09/27/2021 20:23:51,16.34,0.00,,
11365,09/27/2021 20:33:51,16.30,0.00,,
11366,09/27/2021 20:43:51,16.34,0.00,,
11367,09/27/2021 20:53:51,16.21,0.00,,
11368,09/27/2021 21:03:51,16.13,0.00,,
11369,09/27/2021 21:13:51,16.08,0.00,,
11370,09/27/2021 21:23:51,16.04,0.00,,
11371,09/27/2021 21:33:51,16.04,0.00,,
11372,09/27/2021 21:43:51,15.96,0.00,,
11373,09/27/2021 21:53:51,15.83,0.00,,
11374,09/27/2021 22:03:51,15.66,0.00,,
11375,09/27/2021 22:13:51,15.61,0.00,,
11376,09/27/2021 22:23:51,15.53,0.00,,
11377,09/27/2021 22:33:51,15.44,0.00,,
11378,09/27/2021 22:43:51,15.44,0.00,,
11379,09/27/2021 22:53:51,15.31,0.00,,
11380,09/27/2021 23:03:51,15.31,0.00,,
11381,09/27/2021 23:13:51,15.14,0.00,,
11382,09/27/2021 23:23:51,15.06,0.00,,
11383,09/27/2021 23:33:51,14.97,0.00,,
11384,09/27/2021 23:43:51,14.88,0.00,,
11385,09/27/2021 23:53:51,14.80,0.00,,
11386,09/28/2021 00:03:51,14.71,0.00,,
11387,09/28/2021 00:13:51,14.50,0.00,,
11388,09/28/2021 00:23:51,14.11,0.00,,
11389,09/28/2021 00:33:51,13.94,0.00,,
11390,09/28/2021 00:43:51,13.60,0.00,,
11391,09/28/2021 00:53:51,13.17,0.00,,
11392,09/28/2021 01:03:51,12.78,0.00,,
11393,09/28/2021 01:13:51,12.78,0.00,,
11394,09/28/2021 01:23:51,12.65,0.00,,
11395,09/28/2021 01:33:51,12.61,0.00,,
11396,09/28/2021 01:43:51,12.70,0.00,,
11397,09/28/2021 01:53:51,12.14,0.00,,
11398,09/28/2021 02:03:51,11.79,0.00,,
11399,09/28/2021 02:13:51,11.84,0.00,,
11400,09/28/2021 02:23:51,12.65,0.00,,
11401,09/28/2021 02:33:51,12.78,0.00,,
11402,09/28/2021 02:43:51,12.91,0.00,,
11403,09/28/2021 02:53:51,12.95,0.00,,
11404,09/28/2021 03:03:51,12.87,0.00,,
11405,09/28/2021 03:13:51,13.12,0.00,,
11406,09/28/2021 03:23:51,13.77,0.00,,
11407,09/28/2021 03:33:51,13.94,0.00,,
11408,09/28/2021 03:43:51,13.77,0.00,,
11409,09/28/2021 03:53:51,13.68,0.00,,
11410,09/28/2021 04:03:51,13.51,0.00,,
11411,09/28/2021 04:13:51,13.73,0.00,,
11412,09/28/2021 04:23:51,13.94,0.00,,
11413,09/28/2021 04:33:51,13.90,0.00,,
11414,09/28/2021 04:43:51,13.77,0.00,,
11415,09/28/2021 04:53:51,13.73,0.00,,
11416,09/28/2021 05:03:51,13.73,0.00,,
11417,09/28/2021 05:13:51,13.77,0.00,,
11418,09/28/2021 05:23:51,13.94,0.00,,
11419,09/28/2021 05:33:51,14.11,0.00,,
11420,09/28/2021 05:43:51,14.07,0.00,,
11421,09/28/2021 05:53:51,13.81,0.00,,
11422,09/28/2021 06:03:51,13.60,0.00,,
11423,09/28/2021 06:13:51,13.64,0.00,,
11424,09/28/2021 06:23:51,13.43,0.00,,
11425,09/28/2021 06:33:51,13.21,0.00,,
11426,09/28/2021 06:43:51,13.12,0.00,,
11427,09/28/2021 06:53:51,13.04,2.56,,
11428,09/28/2021 07:03:51,12.57,17.38,,
11429,09/28/2021 07:13:51,12.87,50.72,,
11430,09/28/2021 07:23:51,13.17,102.40,,
11431,09/28/2021 07:33:51,13.08,178.24,,
11432,09/28/2021 07:43:51,13.21,266.88,,
11433,09/28/2021 07:53:51,13.77,1060.48,,
11434,09/28/2021 08:03:51,14.15,1250.56,,
11435,09/28/2021 08:13:51,14.37,1415.68,,
11436,09/28/2021 08:23:51,14.50,1545.60,,
11437,09/28/2021 08:33:51,14.63,1552.00,,
11438,09/28/2021 08:43:51,14.67,1662.08,,
11439,09/28/2021 08:53:51,14.75,1745.92,,
11440,09/28/2021 09:03:51,14.80,1780.48,,
11441,09/28/2021 09:13:51,15.01,1684.48,,
11442,09/28/2021 09:23:51,15.06,1687.68,,
11443,09/28/2021 09:33:51,15.14,1626.88,,
11444,09/28/2021 09:43:51,15.23,1706.88,,
11445,09/28/2021 09:53:51,15.40,1560.96,,
11446,09/28/2021 10:03:51,15.48,1550.08,,
11447,09/28/2021 10:13:51,15.61,1410.56,,
11448,09/28/2021 10:23:51,15.66,1418.88,,
11449,09/28/2021 10:33:51,15.74,1392.64,,
11450,09/28/2021 10:43:51,15.87,1338.88,,
11451,09/28/2021 10:53:51,15.91,1312.64,,
11452,09/28/2021 11:03:51,15.83,1235.20,,
11453,09/28/2021 11:13:51,15.83,1322.88,,
11454,09/28/2021 11:23:51,15.83,1329.92,,
11455,09/28/2021 11:33:51,16.00,1288.32,,
11456,09/28/2021 11:43:51,16.00,1311.36,,
11457,09/28/2021 11:53:51,16.17,1332.48,,
11458,09/28/2021 12:03:51,16.17,1338.88,,
11459,09/28/2021 12:13:51,16.26,1336.32,,
11460,09/28/2021 12:23:51,16.43,1340.16,,
11461,09/28/2021 12:33:51,16.64,1504.64,,
11462,09/28/2021 12:43:51,16.81,1449.60,,
11463,09/28/2021 12:53:51,16.81,1458.56,,
11464,09/28/2021 13:03:51,16.64,1420.80,,
11465,09/28/2021 13:13:51,16.69,1544.32,,
11466,09/28/2021 13:23:51,16.69,1443.84,,
11467,09/28/2021 13:33:51,16.69,1440.64,,
11468,09/28/2021 13:43:51,16.69,1488.64,,
11469,09/28/2021 13:53:51,16.73,1531.52,,
11470,09/28/2021 14:03:51,16.64,1578.24,,
11471,09/28/2021 14:13:51,16.64,1523.20,,
11472,09/28/2021 14:23:51,16.69,1528.32,,
11473,09/28/2021 14:33:51,16.81,1649.92,,
11474,09/28/2021 14:43:51,16.94,1669.12,,
11475,09/28/2021 14:53:51,16.94,1780.48,,
11476,09/28/2021 15:03:51,16.81,1937.92,,
11477,09/28/2021 15:13:51,16.90,1828.48,,
11478,09/28/2021 15:23:51,16.90,1953.28,,
11479,09/28/2021 15:33:51,16.94,2024.96,,
11480,09/28/2021 15:43:51,16.90,2189.44,,
11481,09/28/2021 15:53:51,16.94,2264.96,,
11482,09/28/2021 16:03:51,16.94,2340.48,,
11483,09/28/2021 16:13:51,16.94,2480.64,,
11484,09/28/2021 16:23:51,16.90,2619.52,,
11485,09/28/2021 16:33:51,16.94,2658.56,,
11486,09/28/2021 16:43:51,16.99,2860.80,,
11487,09/28/2021 16:53:51,16.94,3046.40,,
11488,09/28/2021 17:03:51,16.86,2863.36,,
11489,09/28/2021 17:13:51,16.81,2629.12,,
11490,09/28/2021 17:23:51,16.69,2822.40,,
11491,09/28/2021 17:33:51,16.51,2610.56,,
11492,09/28/2021 17:43:51,16.43,1968.64,,
11493,09/28/2021 17:53:51,16.47,2468.48,,
11494,09/28/2021 18:03:51,16.17,472.96,,
11495,09/28/2021 18:13:51,16.30,1377.92,,
11496,09/28/2021 18:23:51,16.30,1509.12,,
11497,09/28/2021 18:33:51,16.08,832.00,,
11498,09/28/2021 18:43:51,15.83,298.96,,
11499,09/28/2021 18:53:51,15.66,82.80,,
11500,09/28/2021 19:03:51,15.48,20.59,,
11501,09/28/2021 19:13:51,15.44,4.70,,
11502,09/28/2021 19:23:51,15.40,0.21,,
11503,09/28/2021 19:33:51,15.44,0.00,,
11504,09/28/2021 19:43:51,15.31,0.00,,
11505,09/28/2021 19:53:51,15.23,0.00,,
11506,09/28/2021 20:03:51,15.18,0.00,,
11507,09/28/2021 20:13:51,15.23,0.00,,
11508,09/28/2021 20:23:51,15.18,0.00,,
11509,09/28/2021 20:33:51,15.14,0.00,,
11510,09/28/2021 20:43:51,14.88,0.00,,
11511,09/28/2021 20:53:51,14.88,0.00,,
11512,09/28/2021 21:03:51,14.80,0.00,,
11513,09/28/2021 21:13:51,14.88,0.00,,
11514,09/28/2021 21:23:51,14.58,0.00,,
11515,09/28/2021 21:33:51,14.41,0.00,,
11516,09/28/2021 21:43:51,14.50,0.00,,
11517,09/28/2021 21:53:51,14.54,0.00,,
11518,09/28/2021 22:03:51,14.33,0.00,,
11519,09/28/2021 22:13:51,14.28,0.00,,
11520,09/28/2021 22:23:51,14.33,0.00,,
11521,09/28/2021 22:33:51,14.15,0.00,,
11522,09/28/2021 22:43:51,14.20,0.00,,
11523,09/28/2021 22:53:51,14.24,0.00,,
11524,09/28/2021 23:03:51,14.28,0.00,,
11525,09/28/2021 23:13:51,14.24,0.00,,
11526,09/28/2021 23:23:51,14.28,0.00,,
11527,09/28/2021 23:33:51,14.20,0.00,,
11528,09/28/2021 23:43:51,14.11,0.00,,
11529,09/28/2021 23:53:51,14.11,0.00,,
11530,09/29/2021 00:03:51,13.98,0.00,,
11531,09/29/2021 00:13:51,13.85,0.00,,
11532,09/29/2021 00:23:51,13.85,0.00,,
11533,09/29/2021 00:33:51,13.77,0.00,,
11534,09/29/2021 00:43:51,13.55,0.00,,
11535,09/29/2021 00:53:51,13.30,0.00,,
11536,09/29/2021 01:03:51,13.21,0.00,,
11537,09/29/2021 01:13:51,13.38,0.00,,
11538,09/29/2021 01:23:51,13.25,0.00,,
11539,09/29/2021 01:33:51,13.38,0.00,,
11540,09/29/2021 01:43:51,13.30,0.00,,
11541,09/29/2021 01:53:51,13.30,0.00,,
11542,09/29/2021 02:03:51,13.25,0.00,,
11543,09/29/2021 02:13:51,12.87,0.00,,
11544,09/29/2021 02:23:51,12.91,0.00,,
11545,09/29/2021 02:33:51,12.91,0.00,,
11546,09/29/2021 02:43:51,12.87,0.00,,
11547,09/29/2021 02:53:51,12.91,0.00,,
11548,09/29/2021 03:03:51,12.87,0.00,,
11549,09/29/2021 03:13:51,12.78,0.00,,
11550,09/29/2021 03:23:51,12.48,0.00,,
11551,09/29/2021 03:33:51,12.44,0.00,,
11552,09/29/2021 03:43:51,12.44,0.00,,
11553,09/29/2021 03:53:51,12.44,0.00,,
11554,09/29/2021 04:03:51,12.48,0.00,,
11555,09/29/2021 04:13:51,12.35,0.00,,
11556,09/29/2021 04:23:51,12.22,0.00,,
11557,09/29/2021 04:33:51,12.14,0.00,,
11558,09/29/2021 04:43:51,10.55,0.00,,
11559,09/29/2021 04:53:51,10.25,0.00,,
11560,09/29/2021 05:03:51,9.69,0.00,,
11561,09/29/2021 05:13:51,9.52,0.00,,
11562,09/29/2021 05:23:51,9.26,0.00,,
11563,09/29/2021 05:33:51,9.69,0.00,,
11564,09/29/2021 05:43:51,9.86,0.00,,
11565,09/29/2021 05:53:51,9.56,0.00,,
11566,09/29/2021 06:03:51,9.82,0.00,,
11567,09/29/2021 06:13:51,9.78,0.00,,
11568,09/29/2021 06:23:51,9.82,0.00,,
11569,09/29/2021 06:33:51,9.26,0.00,,
11570,09/29/2021 06:43:51,9.78,0.00,,
11571,09/29/2021 06:53:51,9.35,3.42,,
11572,09/29/2021 07:03:51,9.22,21.50,,
11573,09/29/2021 07:13:51,10.12,64.14,,
11574,09/29/2021 07:23:51,11.11,145.52,,
11575,09/29/2021 07:33:51,11.15,243.12,,
11576,09/29/2021 07:43:51,11.28,327.44,,
11577,09/29/2021 07:53:51,11.54,1008.32,,
11578,09/29/2021 08:03:51,11.37,996.16,,
11579,09/29/2021 08:13:51,11.02,1117.76,,
11580,09/29/2021 08:23:51,10.46,1382.40,,
11581,09/29/2021 08:33:51,10.77,1433.60,,
11582,09/29/2021 08:43:51,12.31,1177.92,,
11583,09/29/2021 08:53:51,12.78,1360.64,,
11584,09/29/2021 09:03:51,12.95,1790.72,,
11585,09/29/2021 09:13:51,13.12,1745.92,,
11586,09/29/2021 09:23:51,13.30,1582.72,,
11587,09/29/2021 09:33:51,13.68,1704.96,,
11588,09/29/2021 09:43:51,13.81,1637.12,,
11589,09/29/2021 09:53:51,14.11,1580.16,,
11590,09/29/2021 10:03:51,14.37,1501.44,,
11591,09/29/2021 10:13:51,14.63,1489.92,,
11592,09/29/2021 10:23:51,14.93,1491.84,,
11593,09/29/2021 10:33:51,15.23,1408.64,,
11594,09/29/2021 10:43:51,15.53,1338.88,,
11595,09/29/2021 10:53:51,15.53,1307.20,,
11596,09/29/2021 11:03:51,15.44,1309.76,,
11597,09/29/2021 11:13:51,15.40,1362.56,,
11598,09/29/2021 11:23:51,15.48,1367.04,,
11599,09/29/2021 11:33:51,15.44,1294.08,,
11600,09/29/2021 11:43:51,15.48,1307.84,,
11601,09/29/2021 11:53:51,15.66,1324.16,,
11602,09/29/2021 12:03:51,15.66,1321.60,,
11603,09/29/2021 12:13:51,15.61,1362.56,,
11604,09/29/2021 12:23:51,15.53,1373.44,,
11605,09/29/2021 12:33:51,15.53,1418.88,,
11606,09/29/2021 12:43:51,15.91,1502.08,,
11607,09/29/2021 12:53:51,16.26,1420.16,,
11608,09/29/2021 13:03:51,16.21,1359.36,,
11609,09/29/2021 13:13:51,16.04,1418.24,,
11610,09/29/2021 13:23:51,16.26,1411.20,,
11611,09/29/2021 13:33:51,16.04,1436.80,,
11612,09/29/2021 13:43:51,15.87,1351.68,,
11613,09/29/2021 13:53:51,15.66,1388.80,,
11614,09/29/2021 14:03:51,15.70,1408.00,,
11615,09/29/2021 14:13:51,15.61,1355.52,,
11616,09/29/2021 14:23:51,15.66,1466.24,,
11617,09/29/2021 14:33:51,15.70,1489.92,,
11618,09/29/2021 14:43:51,15.74,1527.04,,
11619,09/29/2021 14:53:51,15.87,1697.28,,
11620,09/29/2021 15:03:51,15.87,1776.64,,
11621,09/29/2021 15:13:51,15.83,1648.64,,
11622,09/29/2021 15:23:51,15.87,1773.44,,
11623,09/29/2021 15:33:51,15.78,1984.00,,
11624,09/29/2021 15:43:51,15.83,2016.64,,
11625,09/29/2021 15:53:51,15.96,2283.52,,
11626,09/29/2021 16:03:51,16.00,2192.64,,
11627,09/29/2021 16:13:51,15.91,2407.04,,
11628,09/29/2021 16:23:51,15.83,2468.48,,
11629,09/29/2021 16:33:51,15.87,2524.80,,
11630,09/29/2021 16:43:51,15.83,2653.44,,
11631,09/29/2021 16:53:51,15.87,2846.72,,
11632,09/29/2021 17:03:51,15.91,2871.04,,
11633,09/29/2021 17:13:51,16.04,3176.96,,
11634,09/29/2021 17:23:51,16.00,3320.32,,
11635,09/29/2021 17:33:51,16.04,3024.64,,
11636,09/29/2021 17:43:51,16.04,3002.88,,
11637,09/29/2021 17:53:51,16.00,2824.96,,
11638,09/29/2021 18:03:51,15.91,2561.28,,
11639,09/29/2021 18:13:51,15.91,2080.00,,
11640,09/29/2021 18:23:51,15.83,1524.48,,
11641,09/29/2021 18:33:51,15.61,866.24,,
11642,09/29/2021 18:43:51,15.36,156.00,,
11643,09/29/2021 18:53:51,15.06,68.04,,
11644,09/29/2021 19:03:51,15.01,23.16,,
11645,09/29/2021 19:13:51,15.01,4.92,,
11646,09/29/2021 19:23:51,14.88,0.21,,
11647,09/29/2021 19:33:51,14.97,0.00,,
11648,09/29/2021 19:43:51,14.71,0.00,,
11649,09/29/2021 19:53:51,14.80,0.00,,
11650,09/29/2021 20:03:51,14.58,0.00,,
11651,09/29/2021 20:13:51,14.54,0.00,,
11652,09/29/2021 20:23:51,14.63,0.00,,
11653,09/29/2021 20:33:51,14.54,0.00,,
11654,09/29/2021 20:43:51,14.54,0.00,,
11655,09/29/2021 20:53:51,14.50,0.00,,
11656,09/29/2021 21:03:51,14.41,0.00,,
11657,09/29/2021 21:13:51,14.33,0.00,,
11658,09/29/2021 21:23:51,14.33,0.00,,
11659,09/29/2021 21:33:51,14.37,0.00,,
11660,09/29/2021 21:43:51,14.41,0.00,,
11661,09/29/2021 21:53:51,14.33,0.00,,
11662,09/29/2021 22:03:51,14.24,0.00,,
11663,09/29/2021 22:13:51,14.24,0.00,,
11664,09/29/2021 22:23:51,14.07,0.00,,
11665,09/29/2021 22:33:51,13.94,0.00,,
11666,09/29/2021 22:43:51,13.90,0.00,,
11667,09/29/2021 22:53:51,13.81,0.00,,
11668,09/29/2021 23:03:51,13.73,0.00,,
11669,09/29/2021 23:13:51,13.55,0.00,,
11670,09/29/2021 23:23:51,13.43,0.00,,
11671,09/29/2021 23:33:51,13.43,0.00,,
11672,09/29/2021 23:43:51,13.43,0.00,,
11673,09/29/2021 23:53:51,13.34,0.00,,
11674,09/30/2021 00:03:51,13.30,0.00,,
11675,09/30/2021 00:13:51,13.08,0.00,,
11676,09/30/2021 00:23:51,13.08,0.00,,
11677,09/30/2021 00:33:51,12.01,0.00,,
11678,09/30/2021 00:43:51,12.05,0.00,,
11679,09/30/2021 00:53:51,12.57,0.00,,
11680,09/30/2021 01:03:51,12.65,0.00,,
11681,09/30/2021 01:13:51,11.54,0.00,,
11682,09/30/2021 01:23:51,11.11,0.00,,
11683,09/30/2021 01:33:51,12.31,0.00,,
11684,09/30/2021 01:43:51,10.98,0.00,,
11685,09/30/2021 01:53:51,11.15,0.00,,
11686,09/30/2021 02:03:51,11.11,0.00,,
11687,09/30/2021 02:13:51,10.34,0.00,,
11688,09/30/2021 02:23:51,10.51,0.00,,
11689,09/30/2021 02:33:51,9.78,0.00,,
11690,09/30/2021 02:43:51,9.56,0.00,,
11691,09/30/2021 02:53:51,9.52,0.00,,
11692,09/30/2021 03:03:51,9.26,0.00,,
11693,09/30/2021 03:13:51,8.79,0.00,,
11694,09/30/2021 03:23:51,9.18,0.00,,
11695,09/30/2021 03:33:51,8.92,0.00,,
11696,09/30/2021 03:43:51,8.79,0.00,,
11697,09/30/2021 03:53:51,8.79,0.00,,
11698,09/30/2021 04:03:51,8.88,0.00,,
11699,09/30/2021 04:13:51,9.44,0.00,,
11700,09/30/2021 04:23:51,9.74,0.00,,
11701,09/30/2021 04:33:51,8.71,0.00,,
11702,09/30/2021 04:43:51,8.53,0.00,,
11703,09/30/2021 04:53:51,8.23,0.00,,
11704,09/30/2021 05:03:51,8.11,0.00,,
11705,09/30/2021 05:13:51,7.93,0.00,,
11706,09/30/2021 05:23:51,8.02,0.00,,
11707,09/30/2021 05:33:51,8.32,0.00,,
11708,09/30/2021 05:43:51,7.98,0.00,,
11709,09/30/2021 05:53:51,8.23,0.00,,
11710,09/30/2021 06:03:51,8.06,0.00,,
11711,09/30/2021 06:13:51,8.75,0.00,,
11712,09/30/2021 06:23:51,8.75,0.00,,
11713,09/30/2021 06:33:51,9.09,0.00,,
11714,09/30/2021 06:43:51,9.31,0.00,,
11715,09/30/2021 06:53:51,8.92,3.42,,
11716,09/30/2021 07:03:51,8.88,20.17,,
11717,09/30/2021 07:13:51,9.56,61.52,,
11718,09/30/2021 07:23:51,9.18,123.88,,
11719,09/30/2021 07:33:51,9.22,185.12,,
11720,09/30/2021 07:43:51,8.96,239.20,,
11721,09/30/2021 07:53:51,9.26,1173.44,,
11722,09/30/2021 08:03:51,9.95,1385.60,,
11723,09/30/2021 08:13:51,10.38,1506.56,,
11724,09/30/2021 08:23:51,10.38,1554.56,,
11725,09/30/2021 08:33:51,11.02,1605.12,,
11726,09/30/2021 08:43:51,11.71,1624.32,,
11727,09/30/2021 08:53:51,12.44,1623.04,,
11728,09/30/2021 09:03:51,13.34,1891.84,,
11729,09/30/2021 09:13:51,13.51,1610.88,,
11730,09/30/2021 09:23:51,13.81,1793.92,,
11731,09/30/2021 09:33:51,14.20,2050.56,,
11732,09/30/2021 09:43:51,14.54,1701.76,,
11733,09/30/2021 09:53:51,14.84,1571.20,,
11734,09/30/2021 10:03:51,15.31,1760.00,,
11735,09/30/2021 10:13:51,15.57,1466.24,,
11736,09/30/2021 10:23:51,15.91,1510.40,,
11737,09/30/2021 10:33:51,16.39,1564.80,,
11738,09/30/2021 10:43:51,16.86,1459.84,,
11739,09/30/2021 10:53:51,17.29,1342.72,,
11740,09/30/2021 11:03:51,17.89,1373.44,,
11741,09/30/2021 11:13:51,18.19,1387.52,,
11742,09/30/2021 11:23:51,17.76,1395.20,,
11743,09/30/2021 11:33:51,17.89,1324.80,,
11744,09/30/2021 11:43:51,18.96,1372.80,,
11745,09/30/2021 11:53:51,19.13,1325.44,,
11746,09/30/2021 12:03:51,17.93,1390.08,,
11747,09/30/2021 12:13:51,17.16,1354.24,,
11748,09/30/2021 12:23:51,16.77,1409.92,,
11749,09/30/2021 12:33:51,16.73,1435.52,,
11750,09/30/2021 12:43:51,16.86,1453.44,,
11751,09/30/2021 12:53:51,16.99,1486.72,,
11752,09/30/2021 13:03:51,17.16,1439.36,,
11753,09/30/2021 13:13:51,17.54,1393.28,,
11754,09/30/2021 13:23:51,17.80,1440.64,,
11755,09/30/2021 13:33:51,17.93,1425.28,,
11756,09/30/2021 13:43:51,17.97,1456.00,,
11757,09/30/2021 13:53:51,18.27,1402.24,,
11758,09/30/2021 14:03:51,18.49,1275.52,,
11759,09/30/2021 14:13:51,18.66,1346.56,,
11760,09/30/2021 14:23:51,18.79,1432.96,,
11761,09/30/2021 14:33:51,18.83,1482.24,,
11762,09/30/2021 14:43:51,18.79,1428.48,,
11763,09/30/2021 14:53:51,18.92,1521.92,,
11764,09/30/2021 15:03:51,19.13,1564.80,,
11765,09/30/2021 15:13:51,19.26,1800.32,,
11766,09/30/2021 15:23:51,19.30,1854.08,,
11767,09/30/2021 15:33:51,18.96,1806.08,,
11768,09/30/2021 15:43:51,18.27,1912.32,,
11769,09/30/2021 15:53:51,17.24,1866.24,,
11770,09/30/2021 16:03:51,16.99,1966.72,,
11771,09/30/2021 16:13:51,16.99,2316.16,,
11772,09/30/2021 16:23:51,17.20,2239.36,,
11773,09/30/2021 16:33:51,17.67,2528.64,,
11774,09/30/2021 16:43:51,17.67,3814.40,,
11775,09/30/2021 16:53:51,17.93,3220.48,,
11776,09/30/2021 17:03:51,17.89,3349.76,,
11777,09/30/2021 17:13:51,17.76,3063.04,,
11778,09/30/2021 17:23:51,18.23,3156.48,,
11779,09/30/2021 17:33:51,17.97,2983.68,,
11780,09/30/2021 17:43:51,17.54,3031.04,,
11781,09/30/2021 17:53:51,17.29,2987.52,,
11782,09/30/2021 18:03:51,17.50,2933.76,,
11783,09/30/2021 18:13:51,17.46,2617.60,,
11784,09/30/2021 18:23:51,17.03,2129.92,,
11785,09/30/2021 18:33:51,16.64,1010.88,,
11786,09/30/2021 18:43:51,16.17,149.92,,
11787,09/30/2021 18:53:51,15.70,63.28,,
11788,09/30/2021 19:03:51,15.40,20.01,,
11789,09/30/2021 19:13:51,15.23,4.06,,
11790,09/30/2021 19:23:51,15.10,0.21,,
11791,09/30/2021 19:33:51,14.97,0.00,,
11792,09/30/2021 19:43:51,15.06,0.00,,
11793,09/30/2021 19:53:51,15.01,0.00,,
11794,09/30/2021 20:03:51,14.97,0.00,,
11795,09/30/2021 20:13:51,15.01,0.00,,
11796,09/30/2021 20:23:51,15.06,0.00,,
11797,09/30/2021 20:33:51,15.18,0.00,,
11798,09/30/2021 20:43:51,14.93,0.00,,
11799,09/30/2021 20:53:51,14.84,0.00,,
11800,09/30/2021 21:03:51,14.71,0.00,,
11801,09/30/2021 21:13:51,14.67,0.00,,
11802,09/30/2021 21:23:51,14.63,0.00,,
11803,09/30/2021 21:33:51,14.54,0.00,,
11804,09/30/2021 21:43:51,14.54,0.00,,
11805,09/30/2021 21:53:51,14.50,0.00,,
11806,09/30/2021 22:03:51,14.45,0.00,,
11807,09/30/2021 22:13:51,14.45,0.00,,
11808,09/30/2021 22:23:51,14.50,0.00,,
11809,09/30/2021 22:33:51,14.54,0.00,,
11810,09/30/2021 22:43:51,14.45,0.00,,
11811,09/30/2021 22:53:51,14.45,0.00,,
11812,09/30/2021 23:03:51,14.28,0.00,,
11813,09/30/2021 23:13:51,14.24,0.00,,
11814,09/30/2021 23:23:51,14.20,0.00,,
11815,09/30/2021 23:33:51,14.03,0.00,,
11816,09/30/2021 23:43:51,14.20,0.00,,
11817,09/30/2021 23:53:51,14.24,0.00,,
11818,10/01/2021 00:03:51,13.00,0.00,,
11819,10/01/2021 00:13:51,12.70,0.00,,
11820,10/01/2021 00:23:51,12.65,0.00,,
11821,10/01/2021 00:33:51,12.18,0.00,,
11822,10/01/2021 00:43:51,12.10,0.00,,
11823,10/01/2021 00:53:51,11.58,0.00,,
11824,10/01/2021 01:03:51,11.75,0.00,,
11825,10/01/2021 01:13:51,12.22,0.00,,
11826,10/01/2021 01:23:51,11.75,0.00,,
11827,10/01/2021 01:33:51,11.58,0.00,,
11828,10/01/2021 01:43:51,12.05,0.00,,
11829,10/01/2021 01:53:51,11.24,0.00,,
11830,10/01/2021 02:03:51,11.11,0.00,,
11831,10/01/2021 02:13:51,10.72,0.00,,
11832,10/01/2021 02:23:51,10.81,0.00,,
11833,10/01/2021 02:33:51,11.54,0.00,,
11834,10/01/2021 02:43:51,11.11,0.00,,
11835,10/01/2021 02:53:51,10.46,0.00,,
11836,10/01/2021 03:03:51,10.29,0.00,,
11837,10/01/2021 03:13:51,10.68,0.00,,
11838,10/01/2021 03:23:51,10.25,0.00,,
11839,10/01/2021 03:33:51,9.78,0.00,,
11840,10/01/2021 03:43:51,9.74,0.00,,
11841,10/01/2021 03:53:51,9.61,0.00,,
11842,10/01/2021 04:03:51,9.31,0.00,,
11843,10/01/2021 04:13:51,10.29,0.00,,
11844,10/01/2021 04:23:51,10.34,0.00,,
11845,10/01/2021 04:33:51,9.82,0.00,,
11846,10/01/2021 04:43:51,9.44,0.00,,
11847,10/01/2021 04:53:51,9.52,0.00,,
11848,10/01/2021 05:03:51,9.82,0.00,,
11849,10/01/2021 05:13:51,9.01,0.00,,
11850,10/01/2021 05:23:51,9.31,0.00,,
11851,10/01/2021 05:33:51,8.58,0.00,,
11852,10/01/2021 05:43:51,8.06,0.00,,
11853,10/01/2021 05:53:51,8.11,0.00,,
11854,10/01/2021 06:03:51,8.11,0.00,,
11855,10/01/2021 06:13:51,7.93,0.00,,
11856,10/01/2021 06:23:51,8.19,0.00,,
11857,10/01/2021 06:33:51,8.41,0.00,,
11858,10/01/2021 06:43:51,8.23,0.00,,
11859,10/01/2021 06:53:51,8.28,2.78,,
11860,10/01/2021 07:03:51,8.15,17.17,,
11861,10/01/2021 07:13:51,8.79,55.96,,
11862,10/01/2021 07:23:51,8.71,117.04,,
11863,10/01/2021 07:33:51,9.18,182.48,,
11864,10/01/2021 07:43:51,8.92,239.20,,
11865,10/01/2021 07:53:51,9.09,1068.16,,
11866,10/01/2021 08:03:51,9.95,1378.56,,
11867,10/01/2021 08:13:51,10.72,1484.16,,
11868,10/01/2021 08:23:51,11.07,1592.96,,
11869,10/01/2021 08:33:51,11.92,1710.72,,
11870,10/01/2021 08:43:51,12.05,1740.80,,
11871,10/01/2021 08:53:51,12.40,1459.84,,
11872,10/01/2021 09:03:51,12.91,1642.24,,
11873,10/01/2021 09:13:51,13.30,1797.76,,
11874,10/01/2021 09:23:51,13.55,1614.08,,
11875,10/01/2021 09:33:51,13.90,1752.96,,
11876,10/01/2021 09:43:51,14.50,1679.36,,
11877,10/01/2021 09:53:51,14.63,1610.24,,
11878,10/01/2021 10:03:51,14.84,1625.60,,
11879,10/01/2021 10:13:51,15.27,1644.16,,
11880,10/01/2021 10:23:51,15.53,1473.28,,
11881,10/01/2021 10:33:51,15.87,1489.92,,
11882,10/01/2021 10:43:51,16.17,1392.64,,
11883,10/01/2021 10:53:51,16.77,1351.68,,
11884,10/01/2021 11:03:51,17.37,1608.32,,
11885,10/01/2021 11:13:51,18.02,1415.68,,
11886,10/01/2021 11:23:51,17.80,1489.92,,
11887,10/01/2021 11:33:51,17.76,1423.36,,
11888,10/01/2021 11:43:51,17.84,1308.80,,
11889,10/01/2021 11:53:51,18.19,1322.24,,
11890,10/01/2021 12:03:51,18.14,1426.56,,
11891,10/01/2021 12:13:51,18.14,1404.80,,
11892,10/01/2021 12:23:51,18.44,1404.80,,
11893,10/01/2021 12:33:51,18.36,1515.52,,
11894,10/01/2021 12:43:51,18.27,1505.28,,
11895,10/01/2021 12:53:51,18.53,1477.12,,
11896,10/01/2021 13:03:51,18.14,1478.40,,
11897,10/01/2021 13:13:51,17.37,1433.60,,
11898,10/01/2021 13:23:51,17.20,1480.96,,
11899,10/01/2021 13:33:51,17.46,1390.08,,
11900,10/01/2021 13:43:51,17.54,1381.12,,
11901,10/01/2021 13:53:51,17.07,1413.76,,
11902,10/01/2021 14:03:51,16.86,1379.84,,
11903,10/01/2021 14:13:51,16.94,1399.68,,
11904,10/01/2021 14:23:51,16.99,1449.60,,
11905,10/01/2021 14:33:51,17.37,1447.04,,
11906,10/01/2021 14:43:51,17.67,1525.12,,
11907,10/01/2021 14:53:51,17.80,1510.40,,
11908,10/01/2021 15:03:51,17.50,1591.04,,
11909,10/01/2021 15:13:51,17.16,1600.00,,
11910,10/01/2021 15:23:51,17.33,1680.00,,
11911,10/01/2021 15:33:51,17.16,1896.96,,
11912,10/01/2021 15:43:51,17.20,1838.72,,
11913,10/01/2021 15:53:51,17.16,2078.08,,
11914,10/01/2021 16:03:51,16.86,2039.04,,
11915,10/01/2021 16:13:51,16.60,2122.88,,
11916,10/01/2021 16:23:51,16.77,2304.00,,
11917,10/01/2021 16:33:51,17.11,2093.44,,
11918,10/01/2021 16:43:51,18.02,3083.52,,
11919,10/01/2021 16:53:51,17.46,2679.04,,
11920,10/01/2021 17:03:51,16.56,3005.44,,
11921,10/01/2021 17:13:51,15.87,2663.68,,
11922,10/01/2021 17:23:51,15.87,2782.72,,
11923,10/01/2021 17:33:51,15.61,3591.68,,
11924,10/01/2021 17:43:51,15.66,2832.64,,
11925,10/01/2021 17:53:51,15.83,3485.44,,
11926,10/01/2021 18:03:51,16.04,2648.32,,
11927,10/01/2021 18:13:51,16.30,2208.64,,
11928,10/01/2021 18:23:51,16.04,1727.36,,
11929,10/01/2021 18:33:51,15.74,849.92,,
11930,10/01/2021 18:43:51,15.18,125.84,,
11931,10/01/2021 18:53:51,14.97,49.92,,
11932,10/01/2021 19:03:51,14.84,13.99,,
11933,10/01/2021 19:13:51,14.63,1.92,,
11934,10/01/2021 19:23:51,14.84,0.00,,
11935,10/01/2021 19:33:51,14.71,0.00,,
11936,10/01/2021 19:43:51,14.63,0.00,,
11937,10/01/2021 19:53:51,14.58,0.00,,
11938,10/01/2021 20:03:51,14.54,0.00,,
11939,10/01/2021 20:13:51,14.54,0.00,,
11940,10/01/2021 20:23:51,14.28,0.00,,
11941,10/01/2021 20:33:51,14.33,0.00,,
11942,10/01/2021 20:43:51,14.28,0.00,,
11943,10/01/2021 20:53:51,14.24,0.00,,
11944,10/01/2021 21:03:51,14.33,0.00,,
11945,10/01/2021 21:13:51,14.24,0.00,,
11946,10/01/2021 21:23:51,14.11,0.00,,
11947,10/01/2021 21:33:51,13.85,0.00,,
11948,10/01/2021 21:43:51,13.85,0.00,,
11949,10/01/2021 21:53:51,13.85,0.00,,
11950,10/01/2021 22:03:51,13.77,0.00,,
11951,10/01/2021 22:13:51,13.68,0.00,,
11952,10/01/2021 22:23:51,13.64,0.00,,
11953,10/01/2021 22:33:51,13.60,0.00,,
11954,10/01/2021 22:43:51,13.60,0.00,,
11955,10/01/2021 22:53:51,13.51,0.00,,
11956,10/01/2021 23:03:51,13.68,0.00,,
11957,10/01/2021 23:13:51,13.68,0.00,,
11958,10/01/2021 23:23:51,13.68,0.00,,
11959,10/01/2021 23:33:51,13.60,0.00,,
11960,10/01/2021 23:43:51,13.25,0.00,,
11961,10/01/2021 23:53:51,13.38,0.00,,
11962,10/02/2021 00:03:51,13.73,0.00,,
11963,10/02/2021 00:13:51,13.77,0.00,,
11964,10/02/2021 00:23:51,13.98,0.00,,
11965,10/02/2021 00:33:51,13.81,0.00,,
11966,10/02/2021 00:43:51,13.64,0.00,,
11967,10/02/2021 00:53:51,13.55,0.00,,
11968,10/02/2021 01:03:51,13.60,0.00,,
11969,10/02/2021 01:13:51,13.68,0.00,,
11970,10/02/2021 01:23:51,13.68,0.00,,
11971,10/02/2021 01:33:51,13.60,0.00,,
11972,10/02/2021 01:43:51,13.55,0.00,,
11973,10/02/2021 01:53:51,13.51,0.00,,
11974,10/02/2021 02:03:51,12.05,0.00,,
11975,10/02/2021 02:13:51,10.81,0.00,,
11976,10/02/2021 02:23:51,10.64,0.00,,
11977,10/02/2021 02:33:51,10.64,0.00,,
11978,10/02/2021 02:43:51,10.38,0.00,,
11979,10/02/2021 02:53:51,10.55,0.00,,
11980,10/02/2021 03:03:51,10.34,0.00,,
11981,10/02/2021 03:13:51,10.16,0.00,,
11982,10/02/2021 03:23:51,10.12,0.00,,
11983,10/02/2021 03:33:51,9.99,0.00,,
11984,10/02/2021 03:43:51,9.69,0.00,,
11985,10/02/2021 03:53:51,9.39,0.00,,
11986,10/02/2021 04:03:51,9.44,0.00,,
11987,10/02/2021 04:13:51,9.35,0.00,,
11988,10/02/2021 04:23:51,9.14,0.00,,
11989,10/02/2021 04:33:51,9.26,0.00,,
11990,10/02/2021 04:43:51,9.14,0.00,,
11991,10/02/2021 04:53:51,9.26,0.00,,
11992,10/02/2021 05:03:51,9.35,0.00,,
11993,10/02/2021 05:13:51,9.18,0.00,,
11994,10/02/2021 05:23:51,9.14,0.00,,
11995,10/02/2021 05:33:51,9.35,0.00,,
11996,10/02/2021 05:43:51,8.92,0.00,,
11997,10/02/2021 05:53:51,8.49,0.00,,
11998,10/02/2021 06:03:51,8.41,0.00,,
11999,10/02/2021 06:13:51,8.32,0.00,,
12000,10/02/2021 06:23:51,8.32,0.00,,
12001,10/02/2021 06:33:51,8.32,0.00,,
12002,10/02/2021 06:43:51,8.58,0.00,,
12003,10/02/2021 06:53:51,8.32,1.92,,
12004,10/02/2021 07:03:51,8.28,13.32,,
12005,10/02/2021 07:13:51,8.11,47.28,,
12006,10/02/2021 07:23:51,8.28,104.96,,
12007,10/02/2021 07:33:51,8.28,171.36,,
12008,10/02/2021 07:43:51,8.36,240.08,,
12009,10/02/2021 07:53:51,8.75,602.56,,
12010,10/02/2021 08:03:51,9.48,1150.40,,
12011,10/02/2021 08:13:51,9.78,1302.08,,
12012,10/02/2021 08:23:51,10.42,1413.76,,
12013,10/02/2021 08:33:51,11.07,1491.84,,
12014,10/02/2021 08:43:51,11.75,1522.56,,
12015,10/02/2021 08:53:51,12.40,1676.16,,
12016,10/02/2021 09:03:51,12.95,1514.24,,
12017,10/02/2021 09:13:51,13.34,1737.60,,
12018,10/02/2021 09:23:51,13.60,1686.40,,
12019,10/02/2021 09:33:51,13.81,1625.60,,
12020,10/02/2021 09:43:51,13.98,1611.52,,
12021,10/02/2021 09:53:51,14.28,1571.20,,
12022,10/02/2021 10:03:51,14.75,1555.20,,
12023,10/02/2021 10:13:51,15.01,1531.52,,
12024,10/02/2021 10:23:51,15.31,1489.92,,
12025,10/02/2021 10:33:51,15.91,1475.84,,
12026,10/02/2021 10:43:51,15.78,1426.56,,
12027,10/02/2021 10:53:51,16.26,1249.60,,
12028,10/02/2021 11:03:51,16.39,1403.52,,
12029,10/02/2021 11:13:51,16.47,1456.64,,
12030,10/02/2021 11:23:51,16.64,1315.20,,
12031,10/02/2021 11:33:51,16.77,1429.12,,
12032,10/02/2021 11:43:51,16.81,1352.32,,
12033,10/02/2021 11:53:51,16.81,1392.64,,
12034,10/02/2021 12:03:51,16.86,1435.52,,
12035,10/02/2021 12:13:51,16.81,1447.04,,
12036,10/02/2021 12:23:51,16.73,1427.84,,
12037,10/02/2021 12:33:51,16.73,1466.88,,
12038,10/02/2021 12:43:51,16.81,1601.28,,
12039,10/02/2021 12:53:51,16.86,1615.36,,
12040,10/02/2021 13:03:51,16.94,1537.92,,
12041,10/02/2021 13:13:51,16.81,1461.12,,
12042,10/02/2021 13:23:51,16.81,1466.88,,
12043,10/02/2021 13:33:51,16.47,1434.24,,
12044,10/02/2021 13:43:51,16.51,1413.76,,
12045,10/02/2021 13:53:51,16.73,1368.32,,
12046,10/02/2021 14:03:51,16.73,1424.00,,
12047,10/02/2021 14:13:51,16.81,1436.16,,
12048,10/02/2021 14:23:51,16.77,1418.24,,
12049,10/02/2021 14:33:51,16.69,1456.64,,
12050,10/02/2021 14:43:51,16.60,1474.56,,
12051,10/02/2021 14:53:51,16.60,1515.52,,
12052,10/02/2021 15:03:51,16.56,1573.12,,
12053,10/02/2021 15:13:51,16.69,1616.64,,
12054,10/02/2021 15:23:51,16.69,1715.84,,
12055,10/02/2021 15:33:51,16.60,1788.80,,
12056,10/02/2021 15:43:51,16.60,1874.56,,
12057,10/02/2021 15:53:51,16.64,1975.68,,
12058,10/02/2021 16:03:51,16.77,2067.84,,
12059,10/02/2021 16:13:51,16.94,2133.12,,
12060,10/02/2021 16:23:51,17.03,2257.92,,
12061,10/02/2021 16:33:51,17.11,2511.36,,
12062,10/02/2021 16:43:51,17.24,2499.20,,
12063,10/02/2021 16:53:51,17.07,2583.04,,
12064,10/02/2021 17:03:51,17.07,2831.36,,
12065,10/02/2021 17:13:51,17.16,2497.92,,
12066,10/02/2021 17:23:51,17.29,3105.28,,
12067,10/02/2021 17:33:51,17.41,2703.36,,
12068,10/02/2021 17:43:51,17.46,2698.24,,
12069,10/02/2021 17:53:51,17.63,2417.28,,
12070,10/02/2021 18:03:51,17.72,2287.36,,
12071,10/02/2021 18:13:51,17.41,1976.96,,
12072,10/02/2021 18:23:51,17.07,1378.56,,
12073,10/02/2021 18:33:51,16.69,604.80,,
12074,10/02/2021 18:43:51,15.91,91.36,,
12075,10/02/2021 18:53:51,15.61,36.11,,
12076,10/02/2021 19:03:51,15.31,9.68,,
12077,10/02/2021 19:13:51,15.27,1.49,,
12078,10/02/2021 19:23:51,15.10,0.00,,
12079,10/02/2021 19:33:51,15.18,0.00,,
12080,10/02/2021 19:43:51,15.10,0.00,,
12081,10/02/2021 19:53:51,15.06,0.00,,
12082,10/02/2021 20:03:51,15.06,0.00,,
12083,10/02/2021 20:13:51,14.93,0.00,,
12084,10/02/2021 20:23:51,15.01,0.00,,
12085,10/02/2021 20:33:51,14.93,0.00,,
12086,10/02/2021 20:43:51,14.97,0.00,,
12087,10/02/2021 20:53:51,14.93,0.00,,
12088,10/02/2021 21:03:51,14.93,0.00,,
12089,10/02/2021 21:13:51,14.75,0.00,,
12090,10/02/2021 21:23:51,14.63,0.00,,
12091,10/02/2021 21:33:51,14.54,0.00,,
12092,10/02/2021 21:43:51,14.50,0.00,,
12093,10/02/2021 21:53:51,14.58,0.00,,
12094,10/02/2021 22:03:51,14.54,0.00,,
12095,10/02/2021 22:13:51,14.41,0.00,,
12096,10/02/2021 22:23:51,14.33,0.00,,
12097,10/02/2021 22:33:51,14.24,0.00,,
12098,10/02/2021 22:43:51,14.11,0.00,,
12099,10/02/2021 22:53:51,14.03,0.00,,
12100,10/02/2021 23:03:51,13.81,0.00,,
12101,10/02/2021 23:13:51,13.73,0.00,,
12102,10/02/2021 23:23:51,13.68,0.00,,
12103,10/02/2021 23:33:51,13.55,0.00,,
12104,10/02/2021 23:43:51,13.47,0.00,,
12105,10/02/2021 23:53:51,13.64,0.00,,
12106,10/03/2021 00:03:51,13.68,0.00,,
12107,10/03/2021 00:13:51,13.64,0.00,,
12108,10/03/2021 00:23:51,13.68,0.00,,
12109,10/03/2021 00:33:51,13.43,0.00,,
12110,10/03/2021 00:43:51,13.12,0.00,,
12111,10/03/2021 00:53:51,13.04,0.00,,
12112,10/03/2021 01:03:51,13.25,0.00,,
12113,10/03/2021 01:13:51,12.95,0.00,,
12114,10/03/2021 01:23:51,13.43,0.00,,
12115,10/03/2021 01:33:51,12.70,0.00,,
12116,10/03/2021 01:43:51,12.18,0.00,,
12117,10/03/2021 01:53:51,11.54,0.00,,
12118,10/03/2021 02:03:51,11.49,0.00,,
12119,10/03/2021 02:13:51,11.11,0.00,,
12120,10/03/2021 02:23:51,11.15,0.00,,
12121,10/03/2021 02:33:51,11.11,0.00,,
12122,10/03/2021 02:43:51,10.89,0.00,,
12123,10/03/2021 02:53:51,10.89,0.00,,
12124,10/03/2021 03:03:51,10.46,0.00,,
12125,10/03/2021 03:13:51,10.51,0.00,,
12126,10/03/2021 03:23:51,10.21,0.00,,
12127,10/03/2021 03:33:51,10.04,0.00,,
12128,10/03/2021 03:43:51,9.74,0.00,,
12129,10/03/2021 03:53:51,9.39,0.00,,
12130,10/03/2021 04:03:51,9.39,0.00,,
12131,10/03/2021 04:13:51,9.31,0.00,,
12132,10/03/2021 04:23:51,9.44,0.00,,
12133,10/03/2021 04:33:51,9.05,0.00,,
12134,10/03/2021 04:43:51,8.71,0.00,,
12135,10/03/2021 04:53:51,8.71,0.00,,
12136,10/03/2021 05:03:51,8.49,0.00,,
12137,10/03/2021 05:13:51,8.41,0.00,,
12138,10/03/2021 05:23:51,8.45,0.00,,
12139,10/03/2021 05:33:51,8.71,0.00,,
12140,10/03/2021 05:43:51,8.58,0.00,,
12141,10/03/2021 05:53:51,8.66,0.00,,
12142,10/03/2021 06:03:51,8.62,0.00,,
12143,10/03/2021 06:13:51,8.53,0.00,,
12144,10/03/2021 06:23:51,8.62,0.00,,
12145,10/03/2021 06:33:51,8.58,0.00,,
12146,10/03/2021 06:43:51,8.28,0.00,,
12147,10/03/2021 06:53:51,8.23,1.28,,
12148,10/03/2021 07:03:51,8.06,10.08,,
12149,10/03/2021 07:13:51,8.02,39.54,,
12150,10/03/2021 07:23:51,8.19,86.88,,
12151,10/03/2021 07:33:51,8.15,146.28,,
12152,10/03/2021 07:43:51,8.41,219.52,,
12153,10/03/2021 07:53:51,9.05,387.68,,
12154,10/03/2021 08:03:51,9.52,1194.88,,
12155,10/03/2021 08:13:51,10.08,1364.48,,
12156,10/03/2021 08:23:51,10.68,1452.16,,
12157,10/03/2021 08:33:51,11.15,1607.68,,
12158,10/03/2021 08:43:51,11.71,1509.12,,
12159,10/03/2021 08:53:51,12.91,1651.84,,
12160,10/03/2021 09:03:51,13.43,1663.36,,
12161,10/03/2021 09:13:51,13.98,1498.88,,
12162,10/03/2021 09:23:51,14.20,1418.24,,
12163,10/03/2021 09:33:51,14.58,1649.28,,
12164,10/03/2021 09:43:51,14.71,1594.24,,
12165,10/03/2021 09:53:51,14.97,1679.36,,
12166,10/03/2021 10:03:51,15.40,1612.80,,
12167,10/03/2021 10:13:51,15.74,1524.48,,
12168,10/03/2021 10:23:51,16.00,1539.20,,
12169,10/03/2021 10:33:51,16.08,1514.88,,
12170,10/03/2021 10:43:51,16.08,1488.64,,
12171,10/03/2021 10:53:51,16.64,1438.08,,
12172,10/03/2021 11:03:51,17.16,1504.64,,
12173,10/03/2021 11:13:51,17.37,1525.76,,
12174,10/03/2021 11:23:51,17.41,1400.96,,
12175,10/03/2021 11:33:51,17.29,1372.16,,
12176,10/03/2021 11:43:51,17.24,1447.04,,
12177,10/03/2021 11:53:51,17.41,1441.92,,
12178,10/03/2021 12:03:51,17.50,1495.04,,
12179,10/03/2021 12:13:51,17.46,1486.08,,
12180,10/03/2021 12:23:51,17.46,1466.24,,
12181,10/03/2021 12:33:51,17.50,1509.12,,
12182,10/03/2021 12:43:51,17.41,1628.16,,
12183,10/03/2021 12:53:51,17.63,1564.80,,
12184,10/03/2021 13:03:51,17.93,1481.60,,
12185,10/03/2021 13:13:51,18.19,1532.80,,
12186,10/03/2021 13:23:51,18.66,1589.12,,
12187,10/03/2021 13:33:51,18.87,1527.68,,
12188,10/03/2021 13:43:51,18.40,1582.72,,
12189,10/03/2021 13:53:51,17.93,1461.12,,
12190,10/03/2021 14:03:51,17.89,1470.72,,
12191,10/03/2021 14:13:51,17.76,1484.80,,
12192,10/03/2021 14:23:51,17.89,1584.00,,
12193,10/03/2021 14:33:51,18.14,1523.20,,
12194,10/03/2021 14:43:51,18.40,1542.40,,
12195,10/03/2021 14:53:51,18.70,1582.72,,
12196,10/03/2021 15:03:51,19.05,1612.80,,
12197,10/03/2021 15:13:51,19.39,1680.00,,
12198,10/03/2021 15:23:51,19.47,1714.56,,
12199,10/03/2021 15:33:51,19.56,1754.88,,
12200,10/03/2021 15:43:51,19.43,1826.56,,
12201,10/03/2021 15:53:51,19.00,1930.88,,
12202,10/03/2021 16:03:51,18.44,2064.64,,
12203,10/03/2021 16:13:51,18.19,2083.20,,
12204,10/03/2021 16:23:51,17.97,2136.32,,
12205,10/03/2021 16:33:51,17.72,2220.16,,
12206,10/03/2021 16:43:51,17.76,2449.92,,
12207,10/03/2021 16:53:51,17.72,2567.68,,
12208,10/03/2021 17:03:51,17.93,2485.76,,
12209,10/03/2021 17:13:51,18.10,2622.72,,
12210,10/03/2021 17:23:51,18.19,2705.92,,
12211,10/03/2021 17:33:51,18.10,2745.60,,
12212,10/03/2021 17:43:51,18.02,2625.28,,
12213,10/03/2021 17:53:51,18.10,2547.20,,
12214,10/03/2021 18:03:51,18.06,2439.68,,
12215,10/03/2021 18:13:51,18.32,1893.12,,
12216,10/03/2021 18:23:51,18.32,1222.40,,
12217,10/03/2021 18:33:51,17.89,593.60,,
12218,10/03/2021 18:43:51,17.16,95.64,,
12219,10/03/2021 18:53:51,16.81,37.88,,
12220,10/03/2021 19:03:51,16.60,9.87,,
12221,10/03/2021 19:13:51,16.39,1.28,,
12222,10/03/2021 19:23:51,16.17,0.00,,
12223,10/03/2021 19:33:51,15.91,0.00,,
12224,10/03/2021 19:43:51,15.74,0.00,,
12225,10/03/2021 19:53:51,15.61,0.00,,
12226,10/03/2021 20:03:51,15.61,0.00,,
12227,10/03/2021 20:13:51,15.23,0.00,,
12228,10/03/2021 20:23:51,15.18,0.00,,
12229,10/03/2021 20:33:51,15.14,0.00,,
12230,10/03/2021 20:43:51,15.14,0.00,,
12231,10/03/2021 20:53:51,15.01,0.00,,
12232,10/03/2021 21:03:51,15.01,0.00,,
12233,10/03/2021 21:13:51,15.01,0.00,,
12234,10/03/2021 21:23:51,14.71,0.00,,
12235,10/03/2021 21:33:51,14.71,0.00,,
12236,10/03/2021 21:43:51,14.67,0.00,,
12237,10/03/2021 21:53:51,14.54,0.00,,
12238,10/03/2021 22:03:51,14.37,0.00,,
12239,10/03/2021 22:13:51,14.41,0.00,,
12240,10/03/2021 22:23:51,14.33,0.00,,
12241,10/03/2021 22:33:51,14.28,0.00,,
12242,10/03/2021 22:43:51,14.33,0.00,,
12243,10/03/2021 22:53:51,14.24,0.00,,
12244,10/03/2021 23:03:51,14.03,0.00,,
12245,10/03/2021 23:13:51,13.90,0.00,,
12246,10/03/2021 23:23:51,13.73,0.00,,
12247,10/03/2021 23:33:51,13.60,0.00,,
12248,10/03/2021 23:43:51,13.47,0.00,,
12249,10/03/2021 23:53:51,13.51,0.00,,
12250,10/04/2021 00:03:51,13.51,0.00,,
12251,10/04/2021 00:13:51,13.51,0.00,,
12252,10/04/2021 00:23:51,13.43,0.00,,
12253,10/04/2021 00:33:51,13.47,0.00,,
12254,10/04/2021 00:43:51,13.55,0.00,,
12255,10/04/2021 00:53:51,13.60,0.00,,
12256,10/04/2021 01:03:51,13.47,0.00,,
12257,10/04/2021 01:13:51,13.04,0.00,,
12258,10/04/2021 01:23:51,12.82,0.00,,
12259,10/04/2021 01:33:51,13.08,0.00,,
12260,10/04/2021 01:43:51,12.52,0.00,,
12261,10/04/2021 01:53:51,11.32,0.00,,
12262,10/04/2021 02:03:51,11.24,0.00,,
12263,10/04/2021 02:13:51,10.81,0.00,,
12264,10/04/2021 02:23:51,11.28,0.00,,
12265,10/04/2021 02:33:51,10.89,0.00,,
12266,10/04/2021 02:43:51,10.85,0.00,,
12267,10/04/2021 02:53:51,11.28,0.00,,
12268,10/04/2021 03:03:51,11.62,0.00,,
12269,10/04/2021 03:13:51,11.84,0.00,,
12270,10/04/2021 03:23:51,11.75,0.00,,
12271,10/04/2021 03:33:51,11.79,0.00,,
12272,10/04/2021 03:43:51,11.67,0.00,,
12273,10/04/2021 03:53:51,11.19,0.00,,
12274,10/04/2021 04:03:51,10.68,0.00,,
12275,10/04/2021 04:13:51,10.12,0.00,,
12276,10/04/2021 04:23:51,10.04,0.00,,
12277,10/04/2021 04:33:51,9.91,0.00,,
12278,10/04/2021 04:43:51,9.78,0.00,,
12279,10/04/2021 04:53:51,9.61,0.00,,
12280,10/04/2021 05:03:51,9.56,0.00,,
12281,10/04/2021 05:13:51,9.91,0.00,,
12282,10/04/2021 05:23:51,10.29,0.00,,
12283,10/04/2021 05:33:51,10.04,0.00,,
12284,10/04/2021 05:43:51,10.25,0.00,,
12285,10/04/2021 05:53:51,9.35,0.00,,
12286,10/04/2021 06:03:51,9.18,0.00,,
12287,10/04/2021 06:13:51,9.05,0.00,,
12288,10/04/2021 06:23:51,8.23,0.00,,
12289,10/04/2021 06:33:51,8.49,0.00,,
12290,10/04/2021 06:43:51,8.19,0.00,,
12291,10/04/2021 06:53:51,7.85,0.64,,
12292,10/04/2021 07:03:51,7.63,7.70,,
12293,10/04/2021 07:13:51,7.33,26.64,,
12294,10/04/2021 07:23:51,7.08,55.04,,
12295,10/04/2021 07:33:51,7.16,89.56,,
12296,10/04/2021 07:43:51,7.55,152.56,,
12297,10/04/2021 07:53:51,7.29,198.32,,
12298,10/04/2021 08:03:51,7.55,537.60,,
12299,10/04/2021 08:13:51,7.89,1052.80,,
12300,10/04/2021 08:23:51,8.06,1231.68,,
12301,10/04/2021 08:33:51,9.26,1341.44,,
12302,10/04/2021 08:43:51,9.95,1436.16,,
12303,10/04/2021 08:53:51,10.81,1511.68,,
12304,10/04/2021 09:03:51,11.24,1592.96,,
12305,10/04/2021 09:13:51,11.58,1554.56,,
12306,10/04/2021 09:23:51,12.27,1575.04,,
12307,10/04/2021 09:33:51,12.48,1575.68,,
12308,10/04/2021 09:43:51,12.57,1595.52,,
12309,10/04/2021 09:53:51,12.65,1601.28,,
12310,10/04/2021 10:03:51,13.04,1628.16,,
12311,10/04/2021 10:13:51,13.43,1578.24,,
12312,10/04/2021 10:23:51,13.77,1580.16,,
12313,10/04/2021 10:33:51,14.03,1539.84,,
12314,10/04/2021 10:43:51,14.41,1531.52,,
12315,10/04/2021 10:53:51,15.14,1473.28,,
12316,10/04/2021 11:03:51,14.67,1514.24,,
12317,10/04/2021 11:13:51,14.37,1539.20,,
12318,10/04/2021 11:23:51,14.03,1509.76,,
12319,10/04/2021 11:33:51,13.73,1496.96,,
12320,10/04/2021 11:43:51,13.60,1580.16,,
12321,10/04/2021 11:53:51,13.85,1673.60,,
12322,10/04/2021 12:03:51,14.11,1562.24,,
12323,10/04/2021 12:13:51,14.28,1669.76,,
12324,10/04/2021 12:23:51,14.63,1713.28,,
12325,10/04/2021 12:33:51,14.63,1740.16,,
12326,10/04/2021 12:43:51,14.24,1732.48,,
12327,10/04/2021 12:53:51,14.03,1660.16,,
12328,10/04/2021 13:03:51,14.15,1659.52,,
12329,10/04/2021 13:13:51,14.15,1666.56,,
12330,10/04/2021 13:23:51,14.03,1694.08,,
12331,10/04/2021 13:33:51,13.85,1686.40,,
12332,10/04/2021 13:43:51,13.81,1676.80,,
12333,10/04/2021 13:53:51,13.85,1783.68,,
12334,10/04/2021 14:03:51,14.03,1695.36,,
12335,10/04/2021 14:13:51,14.11,1680.00,,
12336,10/04/2021 14:23:51,14.11,1709.44,,
12337,10/04/2021 14:33:51,14.07,1793.92,,
12338,10/04/2021 14:43:51,14.11,1840.00,,
12339,10/04/2021 14:53:51,14.20,1828.48,,
12340,10/04/2021 15:03:51,14.45,1847.04,,
12341,10/04/2021 15:13:51,14.58,1862.40,,
12342,10/04/2021 15:23:51,14.11,1859.20,,
12343,10/04/2021 15:33:51,13.98,1939.84,,
12344,10/04/2021 15:43:51,13.94,1891.84,,
12345,10/04/2021 15:53:51,13.98,2040.32,,
12346,10/04/2021 16:03:51,14.11,2074.88,,
12347,10/04/2021 16:13:51,14.63,2087.04,,
12348,10/04/2021 16:23:51,14.45,2032.00,,
12349,10/04/2021 16:33:51,14.20,2150.40,,
12350,10/04/2021 16:43:51,13.85,2113.92,,
12351,10/04/2021 16:53:51,13.47,1470.72,,
12352,10/04/2021 17:03:51,13.25,1809.28,,
12353,10/04/2021 17:13:51,13.00,780.48,,
12354,10/04/2021 17:23:51,12.78,533.76,,
12355,10/04/2021 17:33:51,12.57,461.76,,
12356,10/04/2021 17:43:51,12.61,290.40,,
12357,10/04/2021 17:53:51,12.44,167.12,,
12358,10/04/2021 18:03:51,12.44,116.20,,
12359,10/04/2021 18:13:51,12.48,86.96,,
12360,10/04/2021 18:23:51,12.31,58.52,,
12361,10/04/2021 18:33:51,12.27,32.69,,
12362,10/04/2021 18:43:51,12.10,19.12,,
12363,10/04/2021 18:53:51,12.10,6.84,,
12364,10/04/2021 19:03:51,11.97,0.42,,
12365,10/04/2021 19:13:51,12.01,0.00,,
12366,10/04/2021 19:23:51,12.14,0.00,,
12367,10/04/2021 19:33:51,12.22,0.00,,
12368,10/04/2021 19:43:51,12.01,0.00,,
12369,10/04/2021 19:53:51,11.97,0.00,,
12370,10/04/2021 20:03:51,12.10,0.00,,
12371,10/04/2021 20:13:51,12.05,0.00,,
12372,10/04/2021 20:23:51,11.97,0.00,,
12373,10/04/2021 20:33:51,12.01,0.00,,
12374,10/04/2021 20:43:51,12.22,0.00,,
12375,10/04/2021 20:53:51,12.18,0.00,,
12376,10/04/2021 21:03:51,12.14,0.00,,
12377,10/04/2021 21:13:51,12.14,0.00,,
12378,10/04/2021 21:23:51,12.18,0.00,,
12379,10/04/2021 21:33:51,12.22,0.00,,
12380,10/04/2021 21:43:51,12.05,0.00,,
12381,10/04/2021 21:53:51,12.01,0.00,,
12382,10/04/2021 22:03:51,12.10,0.00,,
12383,10/04/2021 22:13:51,11.92,0.00,,
12384,10/04/2021 22:23:51,12.05,0.00,,
12385,10/04/2021 22:33:51,12.22,0.00,,
12386,10/04/2021 22:43:51,12.27,0.00,,
12387,10/04/2021 22:53:51,12.22,0.00,,
12388,10/04/2021 23:03:51,12.22,0.00,,
12389,10/04/2021 23:13:51,12.14,0.00,,
12390,10/04/2021 23:23:51,12.05,0.00,,
12391,10/04/2021 23:33:51,12.01,0.00,,
12392,10/04/2021 23:43:51,11.84,0.00,,
12393,10/04/2021 23:53:51,12.01,0.00,,
12394,10/05/2021 00:03:51,11.92,0.00,,
12395,10/05/2021 00:13:51,11.88,0.00,,
12396,10/05/2021 00:23:51,12.01,0.00,,
12397,10/05/2021 00:33:51,11.75,0.00,,
12398,10/05/2021 00:43:51,11.79,0.00,,
12399,10/05/2021 00:53:51,11.54,0.00,,
12400,10/05/2021 01:03:51,11.62,0.00,,
12401,10/05/2021 01:13:51,11.75,0.00,,
12402,10/05/2021 01:23:51,11.75,0.00,,
12403,10/05/2021 01:33:51,11.62,0.00,,
12404,10/05/2021 01:43:51,11.67,0.00,,
12405,10/05/2021 01:53:51,11.79,0.00,,
12406,10/05/2021 02:03:51,11.75,0.00,,
12407,10/05/2021 02:13:51,11.84,0.00,,
12408,10/05/2021 02:23:51,11.54,0.00,,
12409,10/05/2021 02:33:51,11.84,0.00,,
12410,10/05/2021 02:43:51,12.05,0.00,,
12411,10/05/2021 02:53:51,12.10,0.00,,
12412,10/05/2021 03:03:51,12.05,0.00,,
12413,10/05/2021 03:13:51,12.10,0.00,,
12414,10/05/2021 03:23:51,12.01,0.00,,
12415,10/05/2021 03:33:51,12.01,0.00,,
12416,10/05/2021 03:43:51,12.01,0.00,,
12417,10/05/2021 03:53:51,11.92,0.00,,
12418,10/05/2021 04:03:51,12.01,0.00,,
12419,10/05/2021 04:13:51,12.01,0.00,,
12420,10/05/2021 04:23:51,11.92,0.00,,
12421,10/05/2021 04:33:51,11.97,0.00,,
12422,10/05/2021 04:43:51,12.05,0.00,,
12423,10/05/2021 04:53:51,12.05,0.00,,
12424,10/05/2021 05:03:51,11.97,0.00,,
12425,10/05/2021 05:13:51,12.18,0.00,,
12426,10/05/2021 05:23:51,12.14,0.00,,
12427,10/05/2021 05:33:51,12.22,0.00,,
12428,10/05/2021 05:43:51,12.14,0.00,,
12429,10/05/2021 05:53:51,12.18,0.00,,
12430,10/05/2021 06:03:51,12.18,0.00,,
12431,10/05/2021 06:13:51,12.18,0.00,,
12432,10/05/2021 06:23:51,12.10,0.00,,
12433,10/05/2021 06:33:51,11.97,0.00,,
12434,10/05/2021 06:43:51,12.05,0.00,,
12435,10/05/2021 06:53:51,12.10,0.00,,
12436,10/05/2021 07:03:51,12.18,0.85,,
12437,10/05/2021 07:13:51,12.18,5.77,,
12438,10/05/2021 07:23:51,12.31,11.34,,
12439,10/05/2021 07:33:51,12.31,19.98,,
12440,10/05/2021 07:43:51,12.31,39.59,,
12441,10/05/2021 07:53:51,12.40,69.70,,
12442,10/05/2021 08:03:51,12.44,70.62,,
12443,10/05/2021 08:13:51,12.44,73.18,,
12444,10/05/2021 08:23:51,12.57,128.28,,
12445,10/05/2021 08:33:51,12.65,180.80,,
12446,10/05/2021 08:43:51,12.65,175.68,,
12447,10/05/2021 08:53:51,12.74,191.28,,
12448,10/05/2021 09:03:51,12.74,186.80,,
12449,10/05/2021 09:13:51,12.95,249.76,,
12450,10/05/2021 09:23:51,12.82,321.20,,
12451,10/05/2021 09:33:51,12.78,189.36,,
12452,10/05/2021 09:43:51,12.95,185.12,,
12453,10/05/2021 09:53:51,12.87,570.08,,
12454,10/05/2021 10:03:51,12.82,476.32,,
12455,10/05/2021 10:13:51,12.95,403.20,,
12456,10/05/2021 10:23:51,13.04,310.08,,
12457,10/05/2021 10:33:51,13.21,435.68,,
12458,10/05/2021 10:43:51,13.17,718.08,,
12459,10/05/2021 10:53:51,13.25,854.08,,
12460,10/05/2021 11:03:51,13.47,1102.40,,
12461,10/05/2021 11:13:51,13.68,1086.08,,
12462,10/05/2021 11:23:51,13.90,1172.80,,
12463,10/05/2021 11:33:51,13.98,494.24,,
12464,10/05/2021 11:43:51,14.11,1488.64,,
12465,10/05/2021 11:53:51,14.20,1393.28,,
12466,10/05/2021 12:03:51,14.24,1431.04,,
12467,10/05/2021 12:13:51,14.24,1680.00,,
12468,10/05/2021 12:23:51,14.28,1903.36,,
12469,10/05/2021 12:33:51,14.54,1464.32,,
12470,10/05/2021 12:43:51,14.63,1937.92,,
12471,10/05/2021 12:53:51,14.58,1966.72,,
12472,10/05/2021 13:03:51,14.45,2014.72,,
12473,10/05/2021 13:13:51,14.54,1999.36,,
12474,10/05/2021 13:23:51,14.54,1998.08,,
12475,10/05/2021 13:33:51,14.37,1554.56,,
12476,10/05/2021 13:43:51,14.33,1669.76,,
12477,10/05/2021 13:53:51,14.03,1246.40,,
12478,10/05/2021 14:03:51,13.77,1712.00,,
12479,10/05/2021 14:13:51,13.68,1165.12,,
12480,10/05/2021 14:23:51,13.81,1149.44,,
12481,10/05/2021 14:33:51,13.77,1288.96,,
12482,10/05/2021 14:43:51,13.73,1312.00,,
12483,10/05/2021 14:53:51,13.81,1587.84,,
12484,10/05/2021 15:03:51,13.81,1809.28,,
12485,10/05/2021 15:13:51,14.07,2333.44,,
12486,10/05/2021 15:23:51,14.15,1955.20,,
12487,10/05/2021 15:33:51,13.68,1569.92,,
12488,10/05/2021 15:43:51,13.81,1176.96,,
12489,10/05/2021 15:53:51,13.98,1697.92,,
12490,10/05/2021 16:03:51,14.15,1637.12,,
12491,10/05/2021 16:13:51,14.15,1980.80,,
12492,10/05/2021 16:23:51,14.03,794.24,,
12493,10/05/2021 16:33:51,13.81,620.16,,
12494,10/05/2021 16:43:51,13.98,1298.56,,
12495,10/05/2021 16:53:51,14.03,1002.24,,
12496,10/05/2021 17:03:51,14.07,454.88,,
12497,10/05/2021 17:13:51,14.24,258.48,,
12498,10/05/2021 17:23:51,14.11,240.32,,
12499,10/05/2021 17:33:51,14.07,124.00,,
12500,10/05/2021 17:43:51,13.94,155.04,,
12501,10/05/2021 17:53:51,13.90,65.38,,
12502,10/05/2021 18:03:51,13.81,69.76,,
12503,10/05/2021 18:13:51,13.81,63.72,,
12504,10/05/2021 18:23:51,13.90,40.44,,
12505,10/05/2021 18:33:51,13.98,23.64,,
12506,10/05/2021 18:43:51,14.03,10.75,,
12507,10/05/2021 18:53:51,14.03,3.42,,
12508,10/05/2021 19:03:51,14.11,0.00,,
12509,10/05/2021 19:13:51,14.15,0.00,,
12510,10/05/2021 19:23:51,14.07,0.00,,
12511,10/05/2021 19:33:51,14.15,0.00,,
12512,10/05/2021 19:43:51,14.20,0.00,,
12513,10/05/2021 19:53:51,14.24,0.00,,
12514,10/05/2021 20:03:51,14.24,0.00,,
12515,10/05/2021 20:13:51,14.28,0.00,,
12516,10/05/2021 20:23:51,14.15,0.00,,
12517,10/05/2021 20:33:51,14.20,0.00,,
12518,10/05/2021 20:43:51,14.28,0.00,,
12519,10/05/2021 20:53:51,14.24,0.00,,
12520,10/05/2021 21:03:51,14.11,0.00,,
12521,10/05/2021 21:13:51,14.41,0.00,,
12522,10/05/2021 21:23:51,14.37,0.00,,
12523,10/05/2021 21:33:51,14.37,0.00,,
12524,10/05/2021 21:43:51,14.50,0.00,,
12525,10/05/2021 21:53:51,14.54,0.00,,
12526,10/05/2021 22:03:51,14.54,0.00,,
12527,10/05/2021 22:13:51,14.54,0.00,,
12528,10/05/2021 22:23:51,14.45,0.00,,
12529,10/05/2021 22:33:51,14.50,0.00,,
12530,10/05/2021 22:43:51,14.15,0.00,,
12531,10/05/2021 22:53:51,13.90,0.00,,
12532,10/05/2021 23:03:51,13.77,0.00,,
12533,10/05/2021 23:13:51,13.73,0.00,,
12534,10/05/2021 23:23:51,13.68,0.00,,
12535,10/05/2021 23:33:51,13.81,0.00,,
12536,10/05/2021 23:43:51,13.90,0.00,,
12537,10/05/2021 23:53:51,13.98,0.00,,
12538,10/06/2021 00:03:51,14.15,0.00,,
12539,10/06/2021 00:13:51,14.24,0.00,,
12540,10/06/2021 00:23:51,14.28,0.00,,
12541,10/06/2021 00:33:51,14.33,0.00,,
12542,10/06/2021 00:43:51,14.33,0.00,,
12543,10/06/2021 00:53:51,14.33,0.00,,
12544,10/06/2021 01:03:51,14.37,0.00,,
12545,10/06/2021 01:13:51,14.15,0.00,,
12546,10/06/2021 01:23:51,14.15,0.00,,
12547,10/06/2021 01:33:51,14.15,0.00,,
12548,10/06/2021 01:43:51,14.07,0.00,,
12549,10/06/2021 01:53:51,13.98,0.00,,
12550,10/06/2021 02:03:51,13.98,0.00,,
12551,10/06/2021 02:13:51,13.85,0.00,,
12552,10/06/2021 02:23:51,13.90,0.00,,
12553,10/06/2021 02:33:51,13.94,0.00,,
12554,10/06/2021 02:43:51,13.90,0.00,,
12555,10/06/2021 02:53:51,13.85,0.00,,
12556,10/06/2021 03:03:51,13.73,0.00,,
12557,10/06/2021 03:13:51,13.81,0.00,,
12558,10/06/2021 03:23:51,13.81,0.00,,
12559,10/06/2021 03:33:51,13.73,0.00,,
12560,10/06/2021 03:43:51,13.77,0.00,,
12561,10/06/2021 03:53:51,13.77,0.00,,
12562,10/06/2021 04:03:51,13.81,0.00,,
12563,10/06/2021 04:13:51,13.81,0.00,,
12564,10/06/2021 04:23:51,13.77,0.00,,
12565,10/06/2021 04:33:51,13.81,0.00,,
12566,10/06/2021 04:43:51,13.85,0.00,,
12567,10/06/2021 04:53:51,13.81,0.00,,
12568,10/06/2021 05:03:51,13.77,0.00,,
12569,10/06/2021 05:13:51,13.68,0.00,,
12570,10/06/2021 05:23:51,13.55,0.00,,
12571,10/06/2021 05:33:51,13.60,0.00,,
12572,10/06/2021 05:43:51,13.38,0.00,,
12573,10/06/2021 05:53:51,13.43,0.00,,
12574,10/06/2021 06:03:51,13.25,0.00,,
12575,10/06/2021 06:13:51,13.17,0.00,,
12576,10/06/2021 06:23:51,13.17,0.00,,
12577,10/06/2021 06:33:51,13.25,0.00,,
12578,10/06/2021 06:43:51,13.12,0.00,,
12579,10/06/2021 06:53:51,13.04,0.00,,
12580,10/06/2021 07:03:51,12.91,1.49,,
12581,10/06/2021 07:13:51,12.91,9.87,,
12582,10/06/2021 07:23:51,13.04,30.97,,
12583,10/06/2021 07:33:51,13.08,59.00,,
12584,10/06/2021 07:43:51,13.17,90.40,,
12585,10/06/2021 07:53:51,13.12,112.88,,
12586,10/06/2021 08:03:51,13.17,137.80,,
12587,10/06/2021 08:13:51,13.30,183.60,,
12588,10/06/2021 08:23:51,13.47,224.00,,
12589,10/06/2021 08:33:51,13.43,269.60,,
12590,10/06/2021 08:43:51,13.51,336.00,,
12591,10/06/2021 08:53:51,13.55,435.20,,
12592,10/06/2021 09:03:51,13.55,487.52,,
12593,10/06/2021 09:13:51,13.64,620.16,,
12594,10/06/2021 09:23:51,13.68,594.40,,
12595,10/06/2021 09:33:51,13.60,567.52,,
12596,10/06/2021 09:43:51,13.64,638.08,,
12597,10/06/2021 09:53:51,13.60,739.84,,
12598,10/06/2021 10:03:51,13.60,960.32,,
12599,10/06/2021 10:13:51,13.64,739.84,,
12600,10/06/2021 10:23:51,13.73,779.84,,
12601,10/06/2021 10:33:51,13.85,824.96,,
12602,10/06/2021 10:43:51,14.07,905.60,,
12603,10/06/2021 10:53:51,14.11,978.24,,
12604,10/06/2021 11:03:51,14.24,914.24,,
12605,10/06/2021 11:13:51,14.15,979.20,,
12606,10/06/2021 11:23:51,14.15,1134.08,,
12607,10/06/2021 11:33:51,14.28,1377.28,,
12608,10/06/2021 11:43:51,14.33,1339.52,,
12609,10/06/2021 11:53:51,14.41,1290.88,,
12610,10/06/2021 12:03:51,14.45,1625.60,,
12611,10/06/2021 12:13:51,14.58,1700.48,,
12612,10/06/2021 12:23:51,14.67,1263.36,,
12613,10/06/2021 12:33:51,14.63,1224.96,,
12614,10/06/2021 12:43:51,14.71,1416.32,,
12615,10/06/2021 12:53:51,14.67,1730.56,,
12616,10/06/2021 13:03:51,14.75,1415.68,,
12617,10/06/2021 13:13:51,14.71,1563.52,,
12618,10/06/2021 13:23:51,14.75,1722.88,,
12619,10/06/2021 13:33:51,14.75,1742.08,,
12620,10/06/2021 13:43:51,14.75,1324.16,,
12621,10/06/2021 13:53:51,14.84,1381.12,,
12622,10/06/2021 14:03:51,14.84,1646.72,,
12623,10/06/2021 14:13:51,14.84,1633.92,,
12624,10/06/2021 14:23:51,14.88,2016.64,,
12625,10/06/2021 14:33:51,14.88,2054.40,,
12626,10/06/2021 14:43:51,14.84,1857.28,,
12627,10/06/2021 14:53:51,14.93,2140.16,,
12628,10/06/2021 15:03:51,14.88,2328.32,,
12629,10/06/2021 15:13:51,14.97,2336.64,,
12630,10/06/2021 15:23:51,14.93,1733.12,,
12631,10/06/2021 15:33:51,14.75,1496.96,,
12632,10/06/2021 15:43:51,14.97,2196.48,,
12633,10/06/2021 15:53:51,15.14,2167.04,,
12634,10/06/2021 16:03:51,14.97,947.52,,
12635,10/06/2021 16:13:51,14.75,812.16,,
12636,10/06/2021 16:23:51,14.75,709.12,,
12637,10/06/2021 16:33:51,14.75,650.56,,
12638,10/06/2021 16:43:51,14.67,755.20,,
12639,10/06/2021 16:53:51,14.75,980.16,,
12640,10/06/2021 17:03:51,14.80,848.96,,
12641,10/06/2021 17:13:51,14.75,495.52,,
12642,10/06/2021 17:23:51,14.58,391.20,,
12643,10/06/2021 17:33:51,14.54,273.04,,
12644,10/06/2021 17:43:51,14.41,188.72,,
12645,10/06/2021 17:53:51,14.33,173.92,,
12646,10/06/2021 18:03:51,14.28,190.40,,
12647,10/06/2021 18:13:51,14.28,130.96,,
12648,10/06/2021 18:23:51,14.24,88.68,,
12649,10/06/2021 18:33:51,14.11,66.44,,
12650,10/06/2021 18:43:51,14.03,21.45,,
12651,10/06/2021 18:53:51,13.94,5.99,,
12652,10/06/2021 19:03:51,13.85,0.21,,
12653,10/06/2021 19:13:51,13.81,0.00,,
12654,10/06/2021 19:23:51,13.73,0.00,,
12655,10/06/2021 19:33:51,13.68,0.00,,
12656,10/06/2021 19:43:51,13.55,0.00,,
12657,10/06/2021 19:53:51,13.47,0.00,,
12658,10/06/2021 20:03:51,13.43,0.00,,
12659,10/06/2021 20:13:51,13.43,0.00,,
12660,10/06/2021 20:23:51,13.34,0.00,,
12661,10/06/2021 20:33:51,13.34,0.00,,
12662,10/06/2021 20:43:51,13.38,0.00,,
12663,10/06/2021 20:53:51,13.34,0.00,,
12664,10/06/2021 21:03:51,13.34,0.00,,
12665,10/06/2021 21:13:51,13.30,0.00,,
12666,10/06/2021 21:23:51,13.30,0.00,,
12667,10/06/2021 21:33:51,13.38,0.00,,
12668,10/06/2021 21:43:51,13.43,0.00,,
12669,10/06/2021 21:53:51,13.43,0.00,,
12670,10/06/2021 22:03:51,13.38,0.00,,
12671,10/06/2021 22:13:51,13.47,0.00,,
12672,10/06/2021 22:23:51,13.21,0.00,,
12673,10/06/2021 22:33:51,13.21,0.00,,
12674,10/06/2021 22:43:51,13.08,0.00,,
12675,10/06/2021 22:53:51,12.82,0.00,,
12676,10/06/2021 23:03:51,12.70,0.00,,
12677,10/06/2021 23:13:51,12.65,0.00,,
12678,10/06/2021 23:23:51,12.65,0.00,,
12679,10/06/2021 23:33:51,12.61,0.00,,
12680,10/06/2021 23:43:51,12.74,0.00,,
12681,10/06/2021 23:53:51,12.65,0.00,,
12682,10/07/2021 00:03:51,12.65,0.00,,
12683,10/07/2021 00:13:51,12.65,0.00,,
12684,10/07/2021 00:23:51,12.52,0.00,,
12685,10/07/2021 00:33:51,12.35,0.00,,
12686,10/07/2021 00:43:51,12.27,0.00,,
12687,10/07/2021 00:53:51,12.27,0.00,,
12688,10/07/2021 01:03:51,12.40,0.00,,
12689,10/07/2021 01:13:51,12.44,0.00,,
12690,10/07/2021 01:23:51,12.44,0.00,,
12691,10/07/2021 01:33:51,12.48,0.00,,
12692,10/07/2021 01:43:51,12.48,0.00,,
12693,10/07/2021 01:53:51,12.52,0.00,,
12694,10/07/2021 02:03:51,12.52,0.00,,
12695,10/07/2021 02:13:51,12.52,0.00,,
12696,10/07/2021 02:23:51,12.65,0.00,,
12697,10/07/2021 02:33:51,12.57,0.00,,
12698,10/07/2021 02:43:51,12.31,0.00,,
12699,10/07/2021 02:53:51,12.14,0.00,,
12700,10/07/2021 03:03:51,12.18,0.00,,
12701,10/07/2021 03:13:51,12.14,0.00,,
12702,10/07/2021 03:23:51,12.22,0.00,,
12703,10/07/2021 03:33:51,12.14,0.00,,
12704,10/07/2021 03:43:51,11.54,0.00,,
12705,10/07/2021 03:53:51,11.58,0.00,,
12706,10/07/2021 04:03:51,11.49,0.00,,
12707,10/07/2021 04:13:51,11.75,0.00,,
12708,10/07/2021 04:23:51,12.05,0.00,,
12709,10/07/2021 04:33:51,12.10,0.00,,
12710,10/07/2021 04:43:51,12.10,0.00,,
12711,10/07/2021 04:53:51,11.88,0.00,,
12712,10/07/2021 05:03:51,12.10,0.00,,
12713,10/07/2021 05:13:51,12.18,0.00,,
12714,10/07/2021 05:23:51,12.31,0.00,,
12715,10/07/2021 05:33:51,12.44,0.00,,
12716,10/07/2021 05:43:51,12.35,0.00,,
12717,10/07/2021 05:53:51,12.31,0.00,,
12718,10/07/2021 06:03:51,12.27,0.00,,
12719,10/07/2021 06:13:51,12.01,0.00,,
12720,10/07/2021 06:23:51,12.10,0.00,,
12721,10/07/2021 06:33:51,12.18,0.00,,
12722,10/07/2021 06:43:51,12.14,0.00,,
12723,10/07/2021 06:53:51,11.84,0.00,,
12724,10/07/2021 07:03:51,10.98,2.35,,
12725,10/07/2021 07:13:51,9.91,12.43,,
12726,10/07/2021 07:23:51,9.82,34.40,,
12727,10/07/2021 07:33:51,9.61,67.08,,
12728,10/07/2021 07:43:51,9.65,110.20,,
12729,10/07/2021 07:53:51,9.86,160.28,,
12730,10/07/2021 08:03:51,9.69,205.20,,
12731,10/07/2021 08:13:51,9.95,227.44,,
12732,10/07/2021 08:23:51,9.99,275.60,,
12733,10/07/2021 08:33:51,9.95,348.96,,
12734,10/07/2021 08:43:51,10.12,704.96,,
12735,10/07/2021 08:53:51,10.46,671.04,,
12736,10/07/2021 09:03:51,10.94,1103.36,,
12737,10/07/2021 09:13:51,11.37,881.92,,
12738,10/07/2021 09:23:51,11.71,1222.40,,
12739,10/07/2021 09:33:51,12.14,838.72,,
12740,10/07/2021 09:43:51,12.48,1760.64,,
12741,10/07/2021 09:53:51,12.65,941.44,,
12742,10/07/2021 10:03:51,12.74,880.32,,
12743,10/07/2021 10:13:51,12.91,847.36,,
12744,10/07/2021 10:23:51,12.91,808.00,,
12745,10/07/2021 10:33:51,12.91,1194.88,,
12746,10/07/2021 10:43:51,12.91,922.56,,
12747,10/07/2021 10:53:51,12.82,918.40,,
12748,10/07/2021 11:03:51,13.00,1264.32,,
12749,10/07/2021 11:13:51,13.21,1234.24,,
12750,10/07/2021 11:23:51,13.04,912.32,,
12751,10/07/2021 11:33:51,13.12,1087.04,,
12752,10/07/2021 11:43:51,13.12,797.76,,
12753,10/07/2021 11:53:51,13.21,924.48,,
12754,10/07/2021 12:03:51,13.25,1089.60,,
12755,10/07/2021 12:13:51,13.30,795.20,,
12756,10/07/2021 12:23:51,13.47,1515.52,,
12757,10/07/2021 12:33:51,13.51,1271.04,,
12758,10/07/2021 12:43:51,13.51,939.84,,
12759,10/07/2021 12:53:51,13.60,1951.36,,
12760,10/07/2021 13:03:51,13.73,1271.04,,
12761,10/07/2021 13:13:51,13.85,1712.64,,
12762,10/07/2021 13:23:51,13.81,1639.04,,
12763,10/07/2021 13:33:51,13.85,1860.48,,
12764,10/07/2021 13:43:51,13.85,1489.28,,
12765,10/07/2021 13:53:51,13.64,1316.48,,
12766,10/07/2021 14:03:51,13.55,1227.52,,
12767,10/07/2021 14:13:51,13.68,1748.48,,
12768,10/07/2021 14:23:51,13.64,1301.12,,
12769,10/07/2021 14:33:51,13.68,1181.12,,
12770,10/07/2021 14:43:51,13.64,1243.84,,
12771,10/07/2021 14:53:51,13.60,1425.92,,
12772,10/07/2021 15:03:51,13.51,992.96,,
12773,10/07/2021 15:13:51,13.55,1699.84,,
12774,10/07/2021 15:23:51,13.51,822.40,,
12775,10/07/2021 15:33:51,13.51,949.12,,
12776,10/07/2021 15:43:51,13.47,730.56,,
12777,10/07/2021 15:53:51,13.43,562.40,,
12778,10/07/2021 16:03:51,13.34,420.32,,
12779,10/07/2021 16:13:51,13.51,390.24,,
12780,10/07/2021 16:23:51,13.47,420.32,,
12781,10/07/2021 16:33:51,13.47,425.44,,
12782,10/07/2021 16:43:51,13.34,307.52,,
12783,10/07/2021 16:53:51,13.34,425.44,,
12784,10/07/2021 17:03:51,13.38,377.44,,
12785,10/07/2021 17:13:51,13.34,312.64,,
12786,10/07/2021 17:23:51,13.34,316.32,,
12787,10/07/2021 17:33:51,13.34,206.72,,
12788,10/07/2021 17:43:51,13.17,205.84,,
12789,10/07/2021 17:53:51,13.12,211.20,,
12790,10/07/2021 18:03:51,13.17,148.20,,
12791,10/07/2021 18:13:51,13.08,119.72,,
12792,10/07/2021 18:23:51,12.95,80.14,,
12793,10/07/2021 18:33:51,12.95,31.40,,
12794,10/07/2021 18:43:51,12.95,13.10,,
12795,10/07/2021 18:53:51,12.87,2.99,,
12796,10/07/2021 19:03:51,12.91,0.00,,
12797,10/07/2021 19:13:51,12.87,0.00,,
12798,10/07/2021 19:23:51,12.78,0.00,,
12799,10/07/2021 19:33:51,12.74,0.00,,
12800,10/07/2021 19:43:51,12.74,0.00,,
12801,10/07/2021 19:53:51,12.70,0.00,,
12802,10/07/2021 20:03:51,12.65,0.00,,
12803,10/07/2021 20:13:51,12.57,0.00,,
12804,10/07/2021 20:23:51,12.57,0.00,,
12805,10/07/2021 20:33:51,12.52,0.00,,
12806,10/07/2021 20:43:51,12.57,0.00,,
12807,10/07/2021 20:53:51,12.52,0.00,,
12808,10/07/2021 21:03:51,12.57,0.00,,
12809,10/07/2021 21:13:51,12.52,0.00,,
12810,10/07/2021 21:23:51,12.52,0.00,,
12811,10/07/2021 21:33:51,12.48,0.00,,
12812,10/07/2021 21:43:51,12.48,0.00,,
12813,10/07/2021 21:53:51,12.48,0.00,,
12814,10/07/2021 22:03:51,12.40,0.00,,
12815,10/07/2021 22:13:51,12.48,0.00,,
12816,10/07/2021 22:23:51,12.48,0.00,,
12817,10/07/2021 22:33:51,12.52,0.00,,
12818,10/07/2021 22:43:51,12.57,0.00,,
12819,10/07/2021 22:53:51,12.57,0.00,,
12820,10/07/2021 23:03:51,12.57,0.00,,
12821,10/07/2021 23:13:51,12.61,0.00,,
12822,10/07/2021 23:23:51,12.65,0.00,,
12823,10/07/2021 23:33:51,12.70,0.00,,
12824,10/07/2021 23:43:51,12.65,0.00,,
12825,10/07/2021 23:53:51,12.74,0.00,,
12826,10/08/2021 00:03:51,12.70,0.00,,
12827,10/08/2021 00:13:51,12.70,0.00,,
12828,10/08/2021 00:23:51,12.78,0.00,,
12829,10/08/2021 00:33:51,12.70,0.00,,
12830,10/08/2021 00:43:51,12.70,0.00,,
12831,10/08/2021 00:53:51,12.61,0.00,,
12832,10/08/2021 01:03:51,12.65,0.00,,
12833,10/08/2021 01:13:51,12.61,0.00,,
12834,10/08/2021 01:23:51,12.57,0.00,,
12835,10/08/2021 01:33:51,12.65,0.00,,
12836,10/08/2021 01:43:51,12.65,0.00,,
12837,10/08/2021 01:53:51,12.70,0.00,,
12838,10/08/2021 02:03:51,12.78,0.00,,
12839,10/08/2021 02:13:51,12.65,0.00,,
12840,10/08/2021 02:23:51,12.61,0.00,,
12841,10/08/2021 02:33:51,12.61,0.00,,
12842,10/08/2021 02:43:51,12.65,0.00,,
12843,10/08/2021 02:53:51,12.65,0.00,,
12844,10/08/2021 03:03:51,12.70,0.00,,
12845,10/08/2021 03:13:51,12.52,0.00,,
12846,10/08/2021 03:23:51,12.48,0.00,,
12847,10/08/2021 03:33:51,12.40,0.00,,
12848,10/08/2021 03:43:51,12.40,0.00,,
12849,10/08/2021 03:53:51,12.40,0.00,,
12850,10/08/2021 04:03:51,12.31,0.00,,
12851,10/08/2021 04:13:51,12.31,0.00,,
12852,10/08/2021 04:23:51,12.31,0.00,,
12853,10/08/2021 04:33:51,12.27,0.00,,
12854,10/08/2021 04:43:51,12.18,0.00,,
12855,10/08/2021 04:53:51,12.14,0.00,,
12856,10/08/2021 05:03:51,12.18,0.00,,
12857,10/08/2021 05:13:51,12.18,0.00,,
12858,10/08/2021 05:23:51,12.14,0.00,,
12859,10/08/2021 05:33:51,12.18,0.00,,
12860,10/08/2021 05:43:51,12.18,0.00,,
12861,10/08/2021 05:53:51,12.10,0.00,,
12862,10/08/2021 06:03:51,12.01,0.00,,
12863,10/08/2021 06:13:51,12.05,0.00,,
12864,10/08/2021 06:23:51,11.97,0.00,,
12865,10/08/2021 06:33:51,11.97,0.00,,
12866,10/08/2021 06:43:51,11.88,0.00,,
12867,10/08/2021 06:53:51,11.92,0.00,,
12868,10/08/2021 07:03:51,11.84,2.78,,
12869,10/08/2021 07:13:51,11.79,15.86,,
12870,10/08/2021 07:23:51,11.79,42.10,,
12871,10/08/2021 07:33:51,11.79,72.22,,
12872,10/08/2021 07:43:51,11.84,148.08,,
12873,10/08/2021 07:53:51,11.88,237.92,,
12874,10/08/2021 08:03:51,11.92,392.00,,
12875,10/08/2021 08:13:51,11.84,802.56,,
12876,10/08/2021 08:23:51,11.88,509.28,,
12877,10/08/2021 08:33:51,11.88,493.44,,
12878,10/08/2021 08:43:51,11.97,1367.04,,
12879,10/08/2021 08:53:51,12.22,1472.00,,
12880,10/08/2021 09:03:51,12.22,1499.52,,
12881,10/08/2021 09:13:51,12.40,1637.12,,
12882,10/08/2021 09:23:51,12.44,1555.20,,
12883,10/08/2021 09:33:51,12.40,1692.80,,
12884,10/08/2021 09:43:51,12.48,1661.44,,
12885,10/08/2021 09:53:51,12.44,1610.24,,
12886,10/08/2021 10:03:51,12.61,1697.92,,
12887,10/08/2021 10:13:51,12.61,1687.68,,
12888,10/08/2021 10:23:51,12.61,1486.72,,
12889,10/08/2021 10:33:51,12.78,1600.00,,
12890,10/08/2021 10:43:51,12.95,1509.76,,
12891,10/08/2021 10:53:51,12.91,1462.40,,
12892,10/08/2021 11:03:51,13.00,1488.64,,
12893,10/08/2021 11:13:51,13.04,1486.72,,
12894,10/08/2021 11:23:51,13.17,1515.52,,
12895,10/08/2021 11:33:51,13.30,1470.72,,
12896,10/08/2021 11:43:51,13.34,1472.00,,
12897,10/08/2021 11:53:51,13.43,1458.56,,
12898,10/08/2021 12:03:51,13.55,1527.68,,
12899,10/08/2021 12:13:51,13.51,1487.36,,
12900,10/08/2021 12:23:51,13.68,1542.40,,
12901,10/08/2021 12:33:51,13.68,1557.12,,
12902,10/08/2021 12:43:51,13.77,1910.40,,
12903,10/08/2021 12:53:51,13.77,1684.48,,
12904,10/08/2021 13:03:51,13.12,1869.44,,
12905,10/08/2021 13:13:51,13.21,1965.44,,
12906,10/08/2021 13:23:51,12.78,2011.52,,
12907,10/08/2021 13:33:51,12.57,2023.68,,
12908,10/08/2021 13:43:51,12.48,1946.24,,
12909,10/08/2021 13:53:51,12.61,2037.12,,
12910,10/08/2021 14:03:51,12.48,1978.88,,
12911,10/08/2021 14:13:51,12.91,2172.16,,
12912,10/08/2021 14:23:51,12.95,2215.04,,
12913,10/08/2021 14:33:51,13.17,2160.64,,
12914,10/08/2021 14:43:51,13.64,2150.40,,
12915,10/08/2021 14:53:51,13.77,2218.88,,
12916,10/08/2021 15:03:51,13.77,1841.92,,
12917,10/08/2021 15:13:51,13.98,1550.72,,
12918,10/08/2021 15:23:51,13.90,914.24,,
12919,10/08/2021 15:33:51,13.98,1987.20,,
12920,10/08/2021 15:43:51,14.07,1474.56,,
12921,10/08/2021 15:53:51,14.20,1140.16,,
12922,10/08/2021 16:03:51,14.20,909.12,,
12923,10/08/2021 16:13:51,14.20,816.64,,
12924,10/08/2021 16:23:51,14.15,664.96,,
12925,10/08/2021 16:33:51,14.15,542.72,,
12926,10/08/2021 16:43:51,14.07,535.04,,
12927,10/08/2021 16:53:51,14.15,1457.28,,
12928,10/08/2021 17:03:51,14.11,832.96,,
12929,10/08/2021 17:13:51,14.50,2754.56,,
12930,10/08/2021 17:23:51,14.54,2645.76,,
12931,10/08/2021 17:33:51,14.54,1912.32,,
12932,10/08/2021 17:43:51,14.03,424.48,,
12933,10/08/2021 17:53:51,13.77,291.92,,
12934,10/08/2021 18:03:51,13.73,198.16,,
12935,10/08/2021 18:13:51,13.73,140.28,,
12936,10/08/2021 18:23:51,13.68,84.32,,
12937,10/08/2021 18:33:51,13.55,48.58,,
12938,10/08/2021 18:43:51,13.55,24.02,,
12939,10/08/2021 18:53:51,13.51,7.70,,
12940,10/08/2021 19:03:51,13.43,0.42,,
12941,10/08/2021 19:13:51,13.38,0.00,,
12942,10/08/2021 19:23:51,13.30,0.00,,
12943,10/08/2021 19:33:51,13.21,0.00,,
12944,10/08/2021 19:43:51,13.21,0.00,,
12945,10/08/2021 19:53:51,13.21,0.00,,
12946,10/08/2021 20:03:51,13.08,0.00,,
12947,10/08/2021 20:13:51,13.00,0.00,,
12948,10/08/2021 20:23:51,12.91,0.00,,
12949,10/08/2021 20:33:51,12.95,0.00,,
12950,10/08/2021 20:43:51,12.95,0.00,,
12951,10/08/2021 20:53:51,12.87,0.00,,
12952,10/08/2021 21:03:51,12.70,0.00,,
12953,10/08/2021 21:13:51,12.61,0.00,,
12954,10/08/2021 21:23:51,12.70,0.00,,
12955,10/08/2021 21:33:51,12.57,0.00,,
12956,10/08/2021 21:43:51,12.44,0.00,,
12957,10/08/2021 21:53:51,12.40,0.00,,
12958,10/08/2021 22:03:51,12.40,0.00,,
12959,10/08/2021 22:13:51,12.44,0.00,,
12960,10/08/2021 22:23:51,12.44,0.00,,
12961,10/08/2021 22:33:51,12.18,0.00,,
12962,10/08/2021 22:43:51,12.14,0.00,,
12963,10/08/2021 22:53:51,12.05,0.00,,
12964,10/08/2021 23:03:51,11.92,0.00,,
12965,10/08/2021 23:13:51,12.01,0.00,,
12966,10/08/2021 23:23:51,12.01,0.00,,
12967,10/08/2021 23:33:51,12.10,0.00,,
12968,10/08/2021 23:43:51,12.35,0.00,,
12969,10/08/2021 23:53:51,12.82,0.00,,
12970,10/09/2021 00:03:51,12.95,0.00,,
12971,10/09/2021 00:13:51,12.87,0.00,,
12972,10/09/2021 00:23:51,12.74,0.00,,
12973,10/09/2021 00:33:51,12.48,0.00,,
12974,10/09/2021 00:43:51,12.48,0.00,,
12975,10/09/2021 00:53:51,11.97,0.00,,
12976,10/09/2021 01:03:51,11.54,0.00,,
12977,10/09/2021 01:13:51,11.67,0.00,,
12978,10/09/2021 01:23:51,11.49,0.00,,
12979,10/09/2021 01:33:51,11.75,0.00,,
12980,10/09/2021 01:43:51,11.97,0.00,,
12981,10/09/2021 01:53:51,11.58,0.00,,
12982,10/09/2021 02:03:51,11.41,0.00,,
12983,10/09/2021 02:13:51,11.24,0.00,,
12984,10/09/2021 02:23:51,11.54,0.00,,
12985,10/09/2021 02:33:51,11.67,0.00,,
12986,10/09/2021 02:43:51,11.58,0.00,,
12987,10/09/2021 02:53:51,12.18,0.00,,
12988,10/09/2021 03:03:51,12.35,0.00,,
12989,10/09/2021 03:13:51,12.18,0.00,,
12990,10/09/2021 03:23:51,12.10,0.00,,
12991,10/09/2021 03:33:51,12.14,0.00,,
12992,10/09/2021 03:43:51,12.05,0.00,,
12993,10/09/2021 03:53:51,11.32,0.00,,
12994,10/09/2021 04:03:51,11.41,0.00,,
12995,10/09/2021 04:13:51,11.62,0.00,,
12996,10/09/2021 04:23:51,10.64,0.00,,
12997,10/09/2021 04:33:51,9.82,0.00,,
12998,10/09/2021 04:43:51,10.08,0.00,,
12999,10/09/2021 04:53:51,10.21,0.00,,
13000,10/09/2021 05:03:51,10.04,0.00,,
13001,10/09/2021 05:13:51,9.86,0.00,,
13002,10/09/2021 05:23:51,9.69,0.00,,
13003,10/09/2021 05:33:51,9.91,0.00,,
13004,10/09/2021 05:43:51,9.99,0.00,,
13005,10/09/2021 05:53:51,9.65,0.00,,
13006,10/09/2021 06:03:51,9.39,0.00,,
13007,10/09/2021 06:13:51,9.31,0.00,,
13008,10/09/2021 06:23:51,9.52,0.00,,
13009,10/09/2021 06:33:51,9.26,0.00,,
13010,10/09/2021 06:43:51,9.39,0.00,,
13011,10/09/2021 06:53:51,9.48,0.21,,
13012,10/09/2021 07:03:51,9.44,4.92,,
13013,10/09/2021 07:13:51,9.48,24.93,,
13014,10/09/2021 07:23:51,9.82,71.48,,
13015,10/09/2021 07:33:51,10.42,139.40,,
13016,10/09/2021 07:43:51,10.16,209.04,,
13017,10/09/2021 07:53:51,9.95,280.56,,
13018,10/09/2021 08:03:51,9.91,1390.72,,
13019,10/09/2021 08:13:51,10.21,1602.56,,
13020,10/09/2021 08:23:51,10.59,1756.16,,
13021,10/09/2021 08:33:51,11.07,1578.24,,
13022,10/09/2021 08:43:51,11.41,1936.00,,
13023,10/09/2021 08:53:51,11.88,2055.68,,
13024,10/09/2021 09:03:51,12.05,2032.00,,
13025,10/09/2021 09:13:51,12.40,2060.80,,
13026,10/09/2021 09:23:51,12.57,1985.92,,
13027,10/09/2021 09:33:51,12.61,1795.84,,
13028,10/09/2021 09:43:51,12.87,1920.64,,
13029,10/09/2021 09:53:51,13.04,2014.72,,
13030,10/09/2021 10:03:51,13.12,2256.00,,
13031,10/09/2021 10:13:51,13.21,1898.24,,
13032,10/09/2021 10:23:51,13.64,1833.60,,
13033,10/09/2021 10:33:51,14.03,1882.88,,
13034,10/09/2021 10:43:51,14.37,1783.68,,
13035,10/09/2021 10:53:51,14.71,1742.72,,
13036,10/09/2021 11:03:51,14.93,1673.60,,
13037,10/09/2021 11:13:51,15.27,1699.20,,
13038,10/09/2021 11:23:51,15.57,1704.96,,
13039,10/09/2021 11:33:51,15.96,1760.00,,
13040,10/09/2021 11:43:51,15.78,1694.72,,
13041,10/09/2021 11:53:51,16.00,1707.52,,
13042,10/09/2021 12:03:51,16.34,1657.60,,
13043,10/09/2021 12:13:51,16.08,1758.08,,
13044,10/09/2021 12:23:51,15.78,1700.48,,
13045,10/09/2021 12:33:51,15.48,1903.36,,
13046,10/09/2021 12:43:51,15.27,1709.44,,
13047,10/09/2021 12:53:51,15.14,1823.36,,
13048,10/09/2021 13:03:51,15.06,1934.72,,
13049,10/09/2021 13:13:51,15.01,1973.76,,
13050,10/09/2021 13:23:51,14.88,1965.44,,
13051,10/09/2021 13:33:51,14.88,2307.84,,
13052,10/09/2021 13:43:51,14.93,2235.52,,
13053,10/09/2021 13:53:51,14.84,1956.48,,
13054,10/09/2021 14:03:51,14.67,2133.12,,
13055,10/09/2021 14:13:51,14.67,1889.92,,
13056,10/09/2021 14:23:51,14.37,1944.96,,
13057,10/09/2021 14:33:51,13.90,2018.56,,
13058,10/09/2021 14:43:51,13.98,2093.44,,
13059,10/09/2021 14:53:51,14.24,1866.24,,
13060,10/09/2021 15:03:51,14.28,2067.84,,
13061,10/09/2021 15:13:51,14.37,2302.72,,
13062,10/09/2021 15:23:51,14.37,2092.16,,
13063,10/09/2021 15:33:51,14.45,2044.16,,
13064,10/09/2021 15:43:51,14.54,2302.72,,
13065,10/09/2021 15:53:51,14.54,2331.52,,
13066,10/09/2021 16:03:51,14.67,2401.92,,
13067,10/09/2021 16:13:51,14.63,2490.88,,
13068,10/09/2021 16:23:51,14.67,2497.92,,
13069,10/09/2021 16:33:51,14.71,2645.76,,
13070,10/09/2021 16:43:51,14.71,2837.76,,
13071,10/09/2021 16:53:51,14.84,2752.00,,
13072,10/09/2021 17:03:51,14.84,2862.08,,
13073,10/09/2021 17:13:51,14.88,2888.96,,
13074,10/09/2021 17:23:51,14.88,2819.84,,
13075,10/09/2021 17:33:51,14.97,2583.04,,
13076,10/09/2021 17:43:51,14.93,2478.72,,
13077,10/09/2021 17:53:51,14.80,2108.80,,
13078,10/09/2021 18:03:51,14.71,1766.40,,
13079,10/09/2021 18:13:51,14.54,1256.64,,
13080,10/09/2021 18:23:51,14.24,643.20,,
13081,10/09/2021 18:33:51,14.03,105.92,,
13082,10/09/2021 18:43:51,13.94,44.72,,
13083,10/09/2021 18:53:51,13.73,12.65,,
13084,10/09/2021 19:03:51,13.60,1.92,,
13085,10/09/2021 19:13:51,13.51,0.00,,
13086,10/09/2021 19:23:51,13.60,0.00,,
13087,10/09/2021 19:33:51,13.68,0.00,,
13088,10/09/2021 19:43:51,13.68,0.00,,
13089,10/09/2021 19:53:51,13.68,0.00,,
13090,10/09/2021 20:03:51,13.68,0.00,,
13091,10/09/2021 20:13:51,13.64,0.00,,
13092,10/09/2021 20:23:51,13.55,0.00,,
13093,10/09/2021 20:33:51,13.51,0.00,,
13094,10/09/2021 20:43:51,13.55,0.00,,
13095,10/09/2021 20:53:51,13.51,0.00,,
13096,10/09/2021 21:03:51,13.34,0.00,,
13097,10/09/2021 21:13:51,13.21,0.00,,
13098,10/09/2021 21:23:51,13.12,0.00,,
13099,10/09/2021 21:33:51,13.04,0.00,,
13100,10/09/2021 21:43:51,12.95,0.00,,
13101,10/09/2021 21:53:51,12.95,0.00,,
13102,10/09/2021 22:03:51,12.87,0.00,,
13103,10/09/2021 22:13:51,12.74,0.00,,
13104,10/09/2021 22:23:51,12.78,0.00,,
13105,10/09/2021 22:33:51,12.78,0.00,,
13106,10/09/2021 22:43:51,12.82,0.00,,
13107,10/09/2021 22:53:51,12.91,0.00,,
13108,10/09/2021 23:03:51,12.78,0.00,,
13109,10/09/2021 23:13:51,12.82,0.00,,
13110,10/09/2021 23:23:51,12.78,0.00,,
13111,10/09/2021 23:33:51,12.82,0.00,,
13112,10/09/2021 23:43:51,12.74,0.00,,
13113,10/09/2021 23:53:51,12.65,0.00,,
13114,10/10/2021 00:03:51,12.48,0.00,,
13115,10/10/2021 00:13:51,12.40,0.00,,
13116,10/10/2021 00:23:51,12.48,0.00,,
13117,10/10/2021 00:33:51,12.22,0.00,,
13118,10/10/2021 00:43:51,12.40,0.00,,
13119,10/10/2021 00:53:51,12.48,0.00,,
13120,10/10/2021 01:03:51,12.48,0.00,,
13121,10/10/2021 01:13:51,12.52,0.00,,
13122,10/10/2021 01:23:51,12.40,0.00,,
13123,10/10/2021 01:33:51,12.31,0.00,,
13124,10/10/2021 01:43:51,12.22,0.00,,
13125,10/10/2021 01:53:51,11.88,0.00,,
13126,10/10/2021 02:03:51,11.75,0.00,,
13127,10/10/2021 02:13:51,11.49,0.00,,
13128,10/10/2021 02:23:51,11.41,0.00,,
13129,10/10/2021 02:33:51,11.15,0.00,,
13130,10/10/2021 02:43:51,11.11,0.00,,
13131,10/10/2021 02:53:51,11.11,0.00,,
13132,10/10/2021 03:03:51,11.11,0.00,,
13133,10/10/2021 03:13:51,11.07,0.00,,
13134,10/10/2021 03:23:51,11.02,0.00,,
13135,10/10/2021 03:33:51,10.98,0.00,,
13136,10/10/2021 03:43:51,10.98,0.00,,
13137,10/10/2021 03:53:51,11.11,0.00,,
13138,10/10/2021 04:03:51,11.02,0.00,,
13139,10/10/2021 04:13:51,10.98,0.00,,
13140,10/10/2021 04:23:51,10.98,0.00,,
13141,10/10/2021 04:33:51,10.89,0.00,,
13142,10/10/2021 04:43:51,10.72,0.00,,
13143,10/10/2021 04:53:51,10.55,0.00,,
13144,10/10/2021 05:03:51,10.55,0.00,,
13145,10/10/2021 05:13:51,10.51,0.00,,
13146,10/10/2021 05:23:51,10.51,0.00,,
13147,10/10/2021 05:33:51,10.51,0.00,,
13148,10/10/2021 05:43:51,10.34,0.00,,
13149,10/10/2021 05:53:51,9.31,0.00,,
13150,10/10/2021 06:03:51,9.31,0.00,,
13151,10/10/2021 06:13:51,9.95,0.00,,
13152,10/10/2021 06:23:51,9.05,0.00,,
13153,10/10/2021 06:33:51,8.19,0.00,,
13154,10/10/2021 06:43:51,8.06,0.00,,
13155,10/10/2021 06:53:51,7.93,0.21,,
13156,10/10/2021 07:03:51,7.98,4.92,,
13157,10/10/2021 07:13:51,9.31,23.64,,
13158,10/10/2021 07:23:51,8.53,69.66,,
13159,10/10/2021 07:33:51,8.41,137.72,,
13160,10/10/2021 07:43:51,9.86,206.72,,
13161,10/10/2021 07:53:51,8.15,296.16,,
13162,10/10/2021 08:03:51,7.76,1248.96,,
13163,10/10/2021 08:13:51,8.28,1525.12,,
13164,10/10/2021 08:23:51,8.62,1685.12,,
13165,10/10/2021 08:33:51,9.18,1806.08,,
13166,10/10/2021 08:43:51,9.69,2003.20,,
13167,10/10/2021 08:53:51,10.34,1882.88,,
13168,10/10/2021 09:03:51,10.81,2204.80,,
13169,10/10/2021 09:13:51,11.28,2151.68,,
13170,10/10/2021 09:23:51,11.88,2229.12,,
13171,10/10/2021 09:33:51,12.48,2052.48,,
13172,10/10/2021 09:43:51,12.57,1980.80,,
13173,10/10/2021 09:53:51,12.82,1934.72,,
13174,10/10/2021 10:03:51,13.12,2918.40,,
13175,10/10/2021 10:13:51,13.47,1912.32,,
13176,10/10/2021 10:23:51,13.60,1836.80,,
13177,10/10/2021 10:33:51,13.81,1864.32,,
13178,10/10/2021 10:43:51,13.98,1765.76,,
13179,10/10/2021 10:53:51,14.45,1790.72,,
13180,10/10/2021 11:03:51,14.97,1797.76,,
13181,10/10/2021 11:13:51,15.14,1728.64,,
13182,10/10/2021 11:23:51,15.44,1707.52,,
13183,10/10/2021 11:33:51,16.13,1770.24,,
13184,10/10/2021 11:43:51,16.08,1770.24,,
13185,10/10/2021 11:53:51,15.83,1637.12,,
13186,10/10/2021 12:03:51,15.10,1804.16,,
13187,10/10/2021 12:13:51,14.97,1908.48,,
13188,10/10/2021 12:23:51,14.80,1980.80,,
13189,10/10/2021 12:33:51,14.71,1876.48,,
13190,10/10/2021 12:43:51,14.75,1804.16,,
13191,10/10/2021 12:53:51,14.88,1881.60,,
13192,10/10/2021 13:03:51,15.06,1953.28,,
13193,10/10/2021 13:13:51,15.23,2030.08,,
13194,10/10/2021 13:23:51,15.44,1963.52,,
13195,10/10/2021 13:33:51,15.44,1882.88,,
13196,10/10/2021 13:43:51,15.57,2206.72,,
13197,10/10/2021 13:53:51,16.04,1970.56,,
13198,10/10/2021 14:03:51,16.43,2318.08,,
13199,10/10/2021 14:13:51,16.94,2013.44,,
13200,10/10/2021 14:23:51,16.34,2095.36,,
13201,10/10/2021 14:33:51,15.23,1948.16,,
13202,10/10/2021 14:43:51,15.14,1971.84,,
13203,10/10/2021 14:53:51,15.14,1965.44,,
13204,10/10/2021 15:03:51,15.36,1888.00,,
13205,10/10/2021 15:13:51,16.13,1968.64,,
13206,10/10/2021 15:23:51,16.34,2170.88,,
13207,10/10/2021 15:33:51,15.66,2192.64,,
13208,10/10/2021 15:43:51,15.36,2384.64,,
13209,10/10/2021 15:53:51,15.14,2215.04,,
13210,10/10/2021 16:03:51,15.18,2465.28,,
13211,10/10/2021 16:13:51,15.36,2371.20,,
13212,10/10/2021 16:23:51,15.18,2350.72,,
13213,10/10/2021 16:33:51,15.06,2540.80,,
13214,10/10/2021 16:43:51,14.97,2736.64,,
13215,10/10/2021 16:53:51,15.27,2536.96,,
13216,10/10/2021 17:03:51,15.23,2726.40,,
13217,10/10/2021 17:13:51,15.14,2721.28,,
13218,10/10/2021 17:23:51,15.31,2908.16,,
13219,10/10/2021 17:33:51,15.48,2615.68,,
13220,10/10/2021 17:43:51,15.40,2176.00,,
13221,10/10/2021 17:53:51,15.31,1728.64,,
13222,10/10/2021 18:03:51,15.18,1296.00,,
13223,10/10/2021 18:13:51,14.97,844.80,,
13224,10/10/2021 18:23:51,14.84,351.84,,
13225,10/10/2021 18:33:51,14.80,86.12,,
13226,10/10/2021 18:43:51,14.67,31.35,,
13227,10/10/2021 18:53:51,14.41,7.30,,
13228,10/10/2021 19:03:51,14.24,0.64,,
13229,10/10/2021 19:13:51,14.33,0.00,,
13230,10/10/2021 19:23:51,14.20,0.00,,
13231,10/10/2021 19:33:51,14.15,0.00,,
13232,10/10/2021 19:43:51,13.94,0.00,,
13233,10/10/2021 19:53:51,13.90,0.00,,
13234,10/10/2021 20:03:51,13.73,0.00,,
13235,10/10/2021 20:13:51,13.55,0.00,,
13236,10/10/2021 20:23:51,13.51,0.00,,
13237,10/10/2021 20:33:51,13.43,0.00,,
13238,10/10/2021 20:43:51,13.34,0.00,,
13239,10/10/2021 20:53:51,13.38,0.00,,
13240,10/10/2021 21:03:51,13.34,0.00,,
13241,10/10/2021 21:13:51,13.30,0.00,,
13242,10/10/2021 21:23:51,13.30,0.00,,
13243,10/10/2021 21:33:51,13.34,0.00,,
13244,10/10/2021 21:43:51,13.34,0.00,,
13245,10/10/2021 21:53:51,13.25,0.00,,
13246,10/10/2021 22:03:51,13.17,0.00,,
13247,10/10/2021 22:13:51,13.08,0.00,,
13248,10/10/2021 22:23:51,13.00,0.00,,
13249,10/10/2021 22:33:51,12.95,0.00,,
13250,10/10/2021 22:43:51,12.91,0.00,,
13251,10/10/2021 22:53:51,12.82,0.00,,
13252,10/10/2021 23:03:51,12.87,0.00,,
13253,10/10/2021 23:13:51,12.87,0.00,,
13254,10/10/2021 23:23:51,12.82,0.00,,
13255,10/10/2021 23:33:51,12.78,0.00,,
13256,10/10/2021 23:43:51,12.78,0.00,,
13257,10/10/2021 23:53:51,12.78,0.00,,
13258,10/11/2021 00:03:51,12.70,0.00,,
13259,10/11/2021 00:13:51,12.57,0.00,,
13260,10/11/2021 00:23:51,12.52,0.00,,
13261,10/11/2021 00:33:51,12.61,0.00,,
13262,10/11/2021 00:43:51,12.70,0.00,,
13263,10/11/2021 00:53:51,12.61,0.00,,
13264,10/11/2021 01:03:51,12.70,0.00,,
13265,10/11/2021 01:13:51,12.57,0.00,,
13266,10/11/2021 01:23:51,12.57,0.00,,
13267,10/11/2021 01:33:51,12.40,0.00,,
13268,10/11/2021 01:43:51,12.44,0.00,,
13269,10/11/2021 01:53:51,12.44,0.00,,
13270,10/11/2021 02:03:51,12.48,0.00,,
13271,10/11/2021 02:13:51,12.52,0.00,,
13272,10/11/2021 02:23:51,12.48,0.00,,
13273,10/11/2021 02:33:51,12.35,0.00,,
13274,10/11/2021 02:43:51,12.35,0.00,,
13275,10/11/2021 02:53:51,12.27,0.00,,
13276,10/11/2021 03:03:51,12.22,0.00,,
13277,10/11/2021 03:13:51,12.18,0.00,,
13278,10/11/2021 03:23:51,12.31,0.00,,
13279,10/11/2021 03:33:51,12.31,0.00,,
13280,10/11/2021 03:43:51,12.40,0.00,,
13281,10/11/2021 03:53:51,12.35,0.00,,
13282,10/11/2021 04:03:51,12.27,0.00,,
13283,10/11/2021 04:13:51,12.27,0.00,,
13284,10/11/2021 04:23:51,12.31,0.00,,
13285,10/11/2021 04:33:51,12.31,0.00,,
13286,10/11/2021 04:43:51,12.31,0.00,,
13287,10/11/2021 04:53:51,12.31,0.00,,
13288,10/11/2021 05:03:51,12.31,0.00,,
13289,10/11/2021 05:13:51,12.27,0.00,,
13290,10/11/2021 05:23:51,12.40,0.00,,
13291,10/11/2021 05:33:51,12.35,0.00,,
13292,10/11/2021 05:43:51,12.35,0.00,,
13293,10/11/2021 05:53:51,12.35,0.00,,
13294,10/11/2021 06:03:51,12.31,0.00,,
13295,10/11/2021 06:13:51,12.31,0.00,,
13296,10/11/2021 06:23:51,12.14,0.00,,
13297,10/11/2021 06:33:51,12.14,0.00,,
13298,10/11/2021 06:43:51,11.97,0.00,,
13299,10/11/2021 06:53:51,11.92,0.00,,
13300,10/11/2021 07:03:51,11.84,2.56,,
13301,10/11/2021 07:13:51,11.92,16.53,,
13302,10/11/2021 07:23:51,12.01,50.76,,
13303,10/11/2021 07:33:51,11.92,111.92,,
13304,10/11/2021 07:43:51,11.92,171.36,,
13305,10/11/2021 07:53:51,11.84,267.92,,
13306,10/11/2021 08:03:51,11.92,840.96,,
13307,10/11/2021 08:13:51,12.10,1131.52,,
13308,10/11/2021 08:23:51,12.18,1412.48,,
13309,10/11/2021 08:33:51,12.22,1504.64,,
13310,10/11/2021 08:43:51,12.35,1745.92,,
13311,10/11/2021 08:53:51,12.44,1664.00,,
13312,10/11/2021 09:03:51,12.57,1761.28,,
13313,10/11/2021 09:13:51,12.61,1804.16,,
13314,10/11/2021 09:23:51,12.65,1821.44,,
13315,10/11/2021 09:33:51,12.74,1819.52,,
13316,10/11/2021 09:43:51,12.70,1751.04,,
13317,10/11/2021 09:53:51,12.70,1743.36,,
13318,10/11/2021 10:03:51,12.78,1750.40,,
13319,10/11/2021 10:13:51,12.82,1689.60,,
13320,10/11/2021 10:23:51,12.87,1674.88,,
13321,10/11/2021 10:33:51,12.95,1628.16,,
13322,10/11/2021 10:43:51,13.00,1615.36,,
13323,10/11/2021 10:53:51,12.95,1575.04,,
13324,10/11/2021 11:03:51,13.17,1624.32,,
13325,10/11/2021 11:13:51,13.17,1660.16,,
13326,10/11/2021 11:23:51,13.21,1647.36,,
13327,10/11/2021 11:33:51,13.17,1602.56,,
13328,10/11/2021 11:43:51,13.12,1694.72,,
13329,10/11/2021 11:53:51,13.00,1718.40,,
13330,10/11/2021 12:03:51,13.00,1788.80,,
13331,10/11/2021 12:13:51,12.95,1773.44,,
13332,10/11/2021 12:23:51,13.00,1829.76,,
13333,10/11/2021 12:33:51,13.04,1927.68,,
13334,10/11/2021 12:43:51,13.08,1922.56,,
13335,10/11/2021 12:53:51,13.12,1908.48,,
13336,10/11/2021 13:03:51,13.21,1961.60,,
13337,10/11/2021 13:13:51,13.08,1943.04,,
13338,10/11/2021 13:23:51,13.21,1968.64,,
13339,10/11/2021 13:33:51,13.17,1998.08,,
13340,10/11/2021 13:43:51,13.17,2140.16,,
13341,10/11/2021 13:53:51,13.17,1951.36,,
13342,10/11/2021 14:03:51,13.25,2138.24,,
13343,10/11/2021 14:13:51,13.34,2035.20,,
13344,10/11/2021 14:23:51,13.38,1902.08,,
13345,10/11/2021 14:33:51,13.43,1998.08,,
13346,10/11/2021 14:43:51,13.51,2187.52,,
13347,10/11/2021 14:53:51,13.43,2011.52,,
13348,10/11/2021 15:03:51,13.38,1898.24,,
13349,10/11/2021 15:13:51,13.34,2133.12,,
13350,10/11/2021 15:23:51,13.34,2387.84,,
13351,10/11/2021 15:33:51,13.25,2198.40,,
13352,10/11/2021 15:43:51,13.17,2172.16,,
13353,10/11/2021 15:53:51,12.87,2321.28,,
13354,10/11/2021 16:03:51,13.00,2298.88,,
13355,10/11/2021 16:13:51,13.08,2230.40,,
13356,10/11/2021 16:23:51,13.17,2288.64,,
13357,10/11/2021 16:33:51,13.30,2492.80,,
13358,10/11/2021 16:43:51,13.34,2577.92,,
13359,10/11/2021 16:53:51,13.34,2516.48,,
13360,10/11/2021 17:03:51,13.55,2572.80,,
13361,10/11/2021 17:13:51,13.60,2230.40,,
13362,10/11/2021 17:23:51,13.51,2257.92,,
13363,10/11/2021 17:33:51,13.55,2026.88,,
13364,10/11/2021 17:43:51,13.47,1740.80,,
13365,10/11/2021 17:53:51,13.43,1428.48,,
13366,10/11/2021 18:03:51,13.38,1149.44,,
13367,10/11/2021 18:13:51,13.38,792.64,,
13368,10/11/2021 18:23:51,13.34,283.36,,
13369,10/11/2021 18:33:51,13.12,74.14,,
13370,10/11/2021 18:43:51,13.04,27.50,,
13371,10/11/2021 18:53:51,13.04,6.42,,
13372,10/11/2021 19:03:51,12.95,0.42,,
13373,10/11/2021 19:13:51,12.87,0.00,,
13374,10/11/2021 19:23:51,12.74,0.00,,
13375,10/11/2021 19:33:51,12.87,0.00,,
13376,10/11/2021 19:43:51,12.82,0.00,,
13377,10/11/2021 19:53:51,12.65,0.00,,
13378,10/11/2021 20:03:51,12.52,0.00,,
13379,10/11/2021 20:13:51,12.05,0.00,,
13380,10/11/2021 20:23:51,12.10,0.00,,
13381,10/11/2021 20:33:51,12.14,0.00,,
13382,10/11/2021 20:43:51,11.75,0.00,,
13383,10/11/2021 20:53:51,11.75,0.00,,
13384,10/11/2021 21:03:51,11.79,0.00,,
13385,10/11/2021 21:13:51,11.67,0.00,,
13386,10/11/2021 21:23:51,11.67,0.00,,
13387,10/11/2021 21:33:51,11.67,0.00,,
13388,10/11/2021 21:43:51,11.37,0.00,,
13389,10/11/2021 21:53:51,10.21,0.00,,
13390,10/11/2021 22:03:51,10.08,0.00,,
13391,10/11/2021 22:13:51,10.12,0.00,,
13392,10/11/2021 22:23:51,9.26,0.00,,
13393,10/11/2021 22:33:51,8.58,0.00,,
13394,10/11/2021 22:43:51,8.49,0.00,,
13395,10/11/2021 22:53:51,9.74,0.00,,
13396,10/11/2021 23:03:51,8.92,0.00,,
13397,10/11/2021 23:13:51,8.32,0.00,,
13398,10/11/2021 23:23:51,7.98,0.00,,
13399,10/11/2021 23:33:51,7.46,0.00,,
13400,10/11/2021 23:43:51,7.38,0.00,,
13401,10/11/2021 23:53:51,7.63,0.00,,
13402,10/12/2021 00:03:51,8.23,0.00,,
13403,10/12/2021 00:13:51,7.33,0.00,,
13404,10/12/2021 00:23:51,7.03,0.00,,
13405,10/12/2021 00:33:51,7.33,0.00,,
13406,10/12/2021 00:43:51,7.98,0.00,,
13407,10/12/2021 00:53:51,7.38,0.00,,
13408,10/12/2021 01:03:51,7.20,0.00,,
13409,10/12/2021 01:13:51,7.08,0.00,,
13410,10/12/2021 01:23:51,6.26,0.00,,
13411,10/12/2021 01:33:51,5.83,0.00,,
13412,10/12/2021 01:43:51,5.66,0.00,,
13413,10/12/2021 01:53:51,5.27,0.00,,
13414,10/12/2021 02:03:51,5.23,0.00,,
13415,10/12/2021 02:13:51,5.06,0.00,,
13416,10/12/2021 02:23:51,4.97,0.00,,
13417,10/12/2021 02:33:51,5.19,0.00,,
13418,10/12/2021 02:43:51,5.02,0.00,,
13419,10/12/2021 02:53:51,4.89,0.00,,
13420,10/12/2021 03:03:51,4.54,0.00,,
13421,10/12/2021 03:13:51,4.33,0.00,,
13422,10/12/2021 03:23:51,4.20,0.00,,
13423,10/12/2021 03:33:51,4.16,0.00,,
13424,10/12/2021 03:43:51,4.12,0.00,,
13425,10/12/2021 03:53:51,3.90,0.00,,
13426,10/12/2021 04:03:51,4.29,0.00,,
13427,10/12/2021 04:13:51,4.29,0.00,,
13428,10/12/2021 04:23:51,4.20,0.00,,
13429,10/12/2021 04:33:51,4.07,0.00,,
13430,10/12/2021 04:43:51,4.03,0.00,,
13431,10/12/2021 04:53:51,4.07,0.00,,
13432,10/12/2021 05:03:51,3.77,0.00,,
13433,10/12/2021 05:13:51,4.16,0.00,,
13434,10/12/2021 05:23:51,5.49,0.00,,
13435,10/12/2021 05:33:51,5.02,0.00,,
13436,10/12/2021 05:43:51,4.59,0.00,,
13437,10/12/2021 05:53:51,4.46,0.00,,
13438,10/12/2021 06:03:51,4.80,0.00,,
13439,10/12/2021 06:13:51,4.24,0.00,,
13440,10/12/2021 06:23:51,3.99,0.00,,
13441,10/12/2021 06:33:51,4.63,0.00,,
13442,10/12/2021 06:43:51,4.24,0.00,,
13443,10/12/2021 06:53:51,4.33,0.00,,
13444,10/12/2021 07:03:51,4.42,2.78,,
13445,10/12/2021 07:13:51,3.86,18.45,,
13446,10/12/2021 07:23:51,3.47,59.32,,
13447,10/12/2021 07:33:51,4.20,119.60,,
13448,10/12/2021 07:43:51,4.07,183.36,,
13449,10/12/2021 07:53:51,3.99,267.68,,
13450,10/12/2021 08:03:51,4.33,1344.64,,
13451,10/12/2021 08:13:51,4.93,1625.60,,
13452,10/12/2021 08:23:51,5.32,1763.20,,
13453,10/12/2021 08:33:51,6.05,1860.48,,
13454,10/12/2021 08:43:51,6.60,1823.36,,
13455,10/12/2021 08:53:51,7.12,2083.20,,
13456,10/12/2021 09:03:51,8.19,2083.20,,
13457,10/12/2021 09:13:51,9.48,2033.92,,
13458,10/12/2021 09:23:51,10.16,2047.36,,
13459,10/12/2021 09:33:51,10.94,2071.68,,
13460,10/12/2021 09:43:51,11.92,1922.56,,
13461,10/12/2021 09:53:51,12.22,1859.20,,
13462,10/12/2021 10:03:51,12.65,1797.76,,
13463,10/12/2021 10:13:51,12.78,1786.88,,
13464,10/12/2021 10:23:51,12.95,1744.64,,
13465,10/12/2021 10:33:51,13.12,1646.08,,
13466,10/12/2021 10:43:51,13.55,1624.32,,
13467,10/12/2021 10:53:51,13.81,1566.08,,
13468,10/12/2021 11:03:51,14.11,1578.88,,
13469,10/12/2021 11:13:51,14.67,1566.08,,
13470,10/12/2021 11:23:51,14.88,1521.92,,
13471,10/12/2021 11:33:51,14.33,1514.88,,
13472,10/12/2021 11:43:51,14.03,1532.80,,
13473,10/12/2021 11:53:51,13.81,1546.88,,
13474,10/12/2021 12:03:51,13.73,1544.96,,
13475,10/12/2021 12:13:51,13.47,1619.20,,
13476,10/12/2021 12:23:51,13.38,1656.32,,
13477,10/12/2021 12:33:51,13.47,1655.04,,
13478,10/12/2021 12:43:51,13.51,1766.40,,
13479,10/12/2021 12:53:51,13.43,1775.36,,
13480,10/12/2021 13:03:51,13.47,1813.12,,
13481,10/12/2021 13:13:51,13.25,1898.24,,
13482,10/12/2021 13:23:51,13.25,1869.44,,
13483,10/12/2021 13:33:51,13.04,1998.08,,
13484,10/12/2021 13:43:51,13.08,2003.20,,
13485,10/12/2021 13:53:51,13.17,1937.92,,
13486,10/12/2021 14:03:51,13.25,2179.20,,
13487,10/12/2021 14:13:51,13.30,2179.20,,
13488,10/12/2021 14:23:51,13.08,2117.76,,
13489,10/12/2021 14:33:51,13.00,2211.84,,
13490,10/12/2021 14:43:51,13.17,2124.16,,
13491,10/12/2021 14:53:51,13.17,2028.80,,
13492,10/12/2021 15:03:51,13.25,2224.00,,
13493,10/12/2021 15:13:51,13.17,2098.56,,
13494,10/12/2021 15:23:51,13.17,2156.80,,
13495,10/12/2021 15:33:51,13.21,2115.84,,
13496,10/12/2021 15:43:51,13.34,2064.64,,
13497,10/12/2021 15:53:51,13.51,2307.84,,
13498,10/12/2021 16:03:51,13.60,2216.96,,
13499,10/12/2021 16:13:51,13.55,2350.72,,
13500,10/12/2021 16:23:51,13.55,2401.92,,
13501,10/12/2021 16:33:51,13.60,2338.56,,
13502,10/12/2021 16:43:51,13.64,2759.68,,
13503,10/12/2021 16:53:51,13.64,2490.88,,
13504,10/12/2021 17:03:51,13.51,2367.36,,
13505,10/12/2021 17:13:51,13.55,2786.56,,
13506,10/12/2021 17:23:51,13.68,2245.76,,
13507,10/12/2021 17:33:51,13.60,1963.52,,
13508,10/12/2021 17:43:51,13.43,1913.60,,
13509,10/12/2021 17:53:51,13.38,1511.68,,
13510,10/12/2021 18:03:51,13.21,1070.08,,
13511,10/12/2021 18:13:51,13.04,563.68,,
13512,10/12/2021 18:23:51,12.82,176.72,,
13513,10/12/2021 18:33:51,12.70,69.02,,
13514,10/12/2021 18:43:51,12.70,23.22,,
13515,10/12/2021 18:53:51,12.65,4.49,,
13516,10/12/2021 19:03:51,12.65,0.21,,
13517,10/12/2021 19:13:51,12.65,0.00,,
13518,10/12/2021 19:23:51,12.61,0.00,,
13519,10/12/2021 19:33:51,12.65,0.00,,
13520,10/12/2021 19:43:51,12.61,0.00,,
13521,10/12/2021 19:53:51,12.52,0.00,,
13522,10/12/2021 20:03:51,12.48,0.00,,
13523,10/12/2021 20:13:51,12.35,0.00,,
13524,10/12/2021 20:23:51,12.27,0.00,,
13525,10/12/2021 20:33:51,12.27,0.00,,
13526,10/12/2021 20:43:51,12.22,0.00,,
13527,10/12/2021 20:53:51,12.14,0.00,,
13528,10/12/2021 21:03:51,12.01,0.00,,
13529,10/12/2021 21:13:51,11.92,0.00,,
13530,10/12/2021 21:23:51,11.92,0.00,,
13531,10/12/2021 21:33:51,11.97,0.00,,
13532,10/12/2021 21:43:51,11.79,0.00,,
13533,10/12/2021 21:53:51,11.84,0.00,,
13534,10/12/2021 22:03:51,11.75,0.00,,
13535,10/12/2021 22:13:51,11.62,0.00,,
13536,10/12/2021 22:23:51,11.45,0.00,,
13537,10/12/2021 22:33:51,11.37,0.00,,
13538,10/12/2021 22:43:51,11.37,0.00,,
13539,10/12/2021 22:53:51,11.28,0.00,,
13540,10/12/2021 23:03:51,11.15,0.00,,
13541,10/12/2021 23:13:51,11.02,0.00,,
13542,10/12/2021 23:23:51,10.98,0.00,,
13543,10/12/2021 23:33:51,11.15,0.00,,
13544,10/12/2021 23:43:51,11.02,0.00,,
13545,10/12/2021 23:53:51,10.77,0.00,,
13546,10/13/2021 00:03:51,10.55,0.00,,
13547,10/13/2021 00:13:51,10.38,0.00,,
13548,10/13/2021 00:23:51,10.46,0.00,,
13549,10/13/2021 00:33:51,10.77,0.00,,
13550,10/13/2021 00:43:51,10.94,0.00,,
13551,10/13/2021 00:53:51,10.98,0.00,,
13552,10/13/2021 01:03:51,10.72,0.00,,
13553,10/13/2021 01:13:51,10.72,0.00,,
13554,10/13/2021 01:23:51,10.89,0.00,,
13555,10/13/2021 01:33:51,10.85,0.00,,
13556,10/13/2021 01:43:51,10.85,0.00,,
13557,10/13/2021 01:53:51,10.94,0.00,,
13558,10/13/2021 02:03:51,10.72,0.00,,
13559,10/13/2021 02:13:51,10.55,0.00,,
13560,10/13/2021 02:23:51,10.55,0.00,,
13561,10/13/2021 02:33:51,10.77,0.00,,
13562,10/13/2021 02:43:51,10.64,0.00,,
13563,10/13/2021 02:53:51,10.89,0.00,,
13564,10/13/2021 03:03:51,10.55,0.00,,
13565,10/13/2021 03:13:51,10.34,0.00,,
13566,10/13/2021 03:23:51,10.12,0.00,,
13567,10/13/2021 03:33:51,10.08,0.00,,
13568,10/13/2021 03:43:51,10.16,0.00,,
13569,10/13/2021 03:53:51,10.42,0.00,,
13570,10/13/2021 04:03:51,10.38,0.00,,
13571,10/13/2021 04:13:51,10.42,0.00,,
13572,10/13/2021 04:23:51,10.51,0.00,,
13573,10/13/2021 04:33:51,10.85,0.00,,
13574,10/13/2021 04:43:51,11.15,0.00,,
13575,10/13/2021 04:53:51,11.41,0.00,,
13576,10/13/2021 05:03:51,11.54,0.00,,
13577,10/13/2021 05:13:51,11.67,0.00,,
13578,10/13/2021 05:23:51,11.79,0.00,,
13579,10/13/2021 05:33:51,11.71,0.00,,
13580,10/13/2021 05:43:51,11.07,0.00,,
13581,10/13/2021 05:53:51,10.94,0.00,,
13582,10/13/2021 06:03:51,10.68,0.00,,
13583,10/13/2021 06:13:51,10.42,0.00,,
13584,10/13/2021 06:23:51,10.29,0.00,,
13585,10/13/2021 06:33:51,10.64,0.00,,
13586,10/13/2021 06:43:51,10.81,0.00,,
13587,10/13/2021 06:53:51,11.02,0.00,,
13588,10/13/2021 07:03:51,11.15,1.49,,
13589,10/13/2021 07:13:51,11.32,11.34,,
13590,10/13/2021 07:23:51,11.45,31.78,,
13591,10/13/2021 07:33:51,11.11,69.76,,
13592,10/13/2021 07:43:51,11.15,117.16,,
13593,10/13/2021 07:53:51,11.07,125.72,,
13594,10/13/2021 08:03:51,11.11,156.76,,
13595,10/13/2021 08:13:51,11.11,183.36,,
13596,10/13/2021 08:23:51,11.15,212.72,,
13597,10/13/2021 08:33:51,11.11,311.76,,
13598,10/13/2021 08:43:51,11.19,352.16,,
13599,10/13/2021 08:53:51,11.41,380.80,,
13600,10/13/2021 09:03:51,11.58,424.48,,
13601,10/13/2021 09:13:51,11.79,502.88,,
13602,10/13/2021 09:23:51,12.05,662.40,,
13603,10/13/2021 09:33:51,12.27,703.68,,
13604,10/13/2021 09:43:51,12.35,583.84,,
13605,10/13/2021 09:53:51,12.27,657.28,,
13606,10/13/2021 10:03:51,12.31,923.52,,
13607,10/13/2021 10:13:51,12.35,717.12,,
13608,10/13/2021 10:23:51,12.27,786.56,,
13609,10/13/2021 10:33:51,12.35,986.88,,
13610,10/13/2021 10:43:51,12.14,1208.64,,
13611,10/13/2021 10:53:51,12.14,1233.60,,
13612,10/13/2021 11:03:51,12.22,1128.00,,
13613,10/13/2021 11:13:51,12.27,1080.96,,
13614,10/13/2021 11:23:51,11.92,1011.84,,
13615,10/13/2021 11:33:51,11.84,1184.64,,
13616,10/13/2021 11:43:51,11.92,1309.76,,
13617,10/13/2021 11:53:51,12.01,1824.64,,
13618,10/13/2021 12:03:51,12.01,1718.40,,
13619,10/13/2021 12:13:51,12.18,1687.04,,
13620,10/13/2021 12:23:51,12.27,1804.16,,
13621,10/13/2021 12:33:51,12.48,1740.80,,
13622,10/13/2021 12:43:51,12.44,1953.28,,
13623,10/13/2021 12:53:51,12.57,1710.72,,
13624,10/13/2021 13:03:51,12.31,1684.48,,
13625,10/13/2021 13:13:51,12.31,1461.76,,
13626,10/13/2021 13:23:51,12.01,1676.80,,
13627,10/13/2021 13:33:51,12.01,1402.24,,
13628,10/13/2021 13:43:51,12.10,2536.96,,
13629,10/13/2021 13:53:51,12.18,2407.04,,
13630,10/13/2021 14:03:51,12.31,2069.76,,
13631,10/13/2021 14:13:51,12.40,1900.16,,
13632,10/13/2021 14:23:51,12.57,1955.20,,
13633,10/13/2021 14:33:51,12.57,1826.56,,
13634,10/13/2021 14:43:51,12.61,1836.80,,
13635,10/13/2021 14:53:51,12.65,1920.64,,
13636,10/13/2021 15:03:51,12.82,1799.04,,
13637,10/13/2021 15:13:51,12.87,2225.28,,
13638,10/13/2021 15:23:51,13.08,1955.20,,
13639,10/13/2021 15:33:51,13.25,1951.36,,
13640,10/13/2021 15:43:51,13.21,1978.88,,
13641,10/13/2021 15:53:51,13.30,2177.28,,
13642,10/13/2021 16:03:51,13.30,2189.44,,
13643,10/13/2021 16:13:51,13.38,2360.96,,
13644,10/13/2021 16:23:51,13.60,2614.40,,
13645,10/13/2021 16:33:51,13.60,2490.88,,
13646,10/13/2021 16:43:51,13.73,2348.80,,
13647,10/13/2021 16:53:51,13.81,2835.20,,
13648,10/13/2021 17:03:51,13.77,2670.08,,
13649,10/13/2021 17:13:51,13.81,3000.32,,
13650,10/13/2021 17:23:51,13.73,2446.08,,
13651,10/13/2021 17:33:51,13.77,2346.88,,
13652,10/13/2021 17:43:51,13.73,2407.04,,
13653,10/13/2021 17:53:51,13.60,1676.80,,
13654,10/13/2021 18:03:51,13.43,1224.00,,
13655,10/13/2021 18:13:51,13.38,715.20,,
13656,10/13/2021 18:23:51,13.17,141.24,,
13657,10/13/2021 18:33:51,13.00,60.72,,
13658,10/13/2021 18:43:51,12.74,21.02,,
13659,10/13/2021 18:53:51,12.70,4.06,,
13660,10/13/2021 19:03:51,12.65,0.00,,
13661,10/13/2021 19:13:51,12.57,0.00,,
13662,10/13/2021 19:23:51,12.44,0.00,,
13663,10/13/2021 19:33:51,12.52,0.00,,
13664,10/13/2021 19:43:51,12.61,0.00,,
13665,10/13/2021 19:53:51,12.65,0.00,,
13666,10/13/2021 20:03:51,12.61,0.00,,
13667,10/13/2021 20:13:51,12.70,0.00,,
13668,10/13/2021 20:23:51,12.52,0.00,,
13669,10/13/2021 20:33:51,12.40,0.00,,
13670,10/13/2021 20:43:51,12.22,0.00,,
13671,10/13/2021 20:53:51,12.05,0.00,,
13672,10/13/2021 21:03:51,12.01,0.00,,
13673,10/13/2021 21:13:51,11.88,0.00,,
13674,10/13/2021 21:23:51,12.05,0.00,,
13675,10/13/2021 21:33:51,11.84,0.00,,
13676,10/13/2021 21:43:51,11.79,0.00,,
13677,10/13/2021 21:53:51,11.71,0.00,,
13678,10/13/2021 22:03:51,11.84,0.00,,
13679,10/13/2021 22:13:51,11.88,0.00,,
13680,10/13/2021 22:23:51,11.84,0.00,,
13681,10/13/2021 22:33:51,11.28,0.00,,
13682,10/13/2021 22:43:51,10.55,0.00,,
13683,10/13/2021 22:53:51,10.68,0.00,,
13684,10/13/2021 23:03:51,10.94,0.00,,
13685,10/13/2021 23:13:51,11.15,0.00,,
13686,10/13/2021 23:23:51,11.24,0.00,,
13687,10/13/2021 23:33:51,11.19,0.00,,
13688,10/13/2021 23:43:51,10.29,0.00,,
13689,10/13/2021 23:53:51,10.38,0.00,,
13690,10/14/2021 00:03:51,10.38,0.00,,
13691,10/14/2021 00:13:51,10.46,0.00,,
13692,10/14/2021 00:23:51,10.46,0.00,,
13693,10/14/2021 00:33:51,10.51,0.00,,
13694,10/14/2021 00:43:51,10.38,0.00,,
13695,10/14/2021 00:53:51,10.42,0.00,,
13696,10/14/2021 01:03:51,9.61,0.00,,
13697,10/14/2021 01:13:51,9.22,0.00,,
13698,10/14/2021 01:23:51,8.83,0.00,,
13699,10/14/2021 01:33:51,8.45,0.00,,
13700,10/14/2021 01:43:51,7.93,0.00,,
13701,10/14/2021 01:53:51,7.68,0.00,,
13702,10/14/2021 02:03:51,8.02,0.00,,
13703,10/14/2021 02:13:51,7.81,0.00,,
13704,10/14/2021 02:23:51,7.68,0.00,,
13705,10/14/2021 02:33:51,7.42,0.00,,
13706,10/14/2021 02:43:51,7.25,0.00,,
13707,10/14/2021 02:53:51,7.33,0.00,,
13708,10/14/2021 03:03:51,6.95,0.00,,
13709,10/14/2021 03:13:51,7.25,0.00,,
13710,10/14/2021 03:23:51,7.38,0.00,,
13711,10/14/2021 03:33:51,7.38,0.00,,
13712,10/14/2021 03:43:51,7.33,0.00,,
13713,10/14/2021 03:53:51,7.33,0.00,,
13714,10/14/2021 04:03:51,7.25,0.00,,
13715,10/14/2021 04:13:51,8.11,0.00,,
13716,10/14/2021 04:23:51,7.33,0.00,,
13717,10/14/2021 04:33:51,7.25,0.00,,
13718,10/14/2021 04:43:51,6.95,0.00,,
13719,10/14/2021 04:53:51,6.95,0.00,,
13720,10/14/2021 05:03:51,6.73,0.00,,
13721,10/14/2021 05:13:51,6.30,0.00,,
13722,10/14/2021 05:23:51,6.73,0.00,,
13723,10/14/2021 05:33:51,6.56,0.00,,
13724,10/14/2021 05:43:51,6.26,0.00,,
13725,10/14/2021 05:53:51,5.96,0.00,,
13726,10/14/2021 06:03:51,6.39,0.00,,
13727,10/14/2021 06:13:51,6.56,0.00,,
13728,10/14/2021 06:23:51,6.60,0.00,,
13729,10/14/2021 06:33:51,6.90,0.00,,
13730,10/14/2021 06:43:51,6.82,0.00,,
13731,10/14/2021 06:53:51,6.95,0.00,,
13732,10/14/2021 07:03:51,7.03,1.71,,
13733,10/14/2021 07:13:51,7.16,12.65,,
13734,10/14/2021 07:23:51,7.50,45.58,,
13735,10/14/2021 07:33:51,7.81,104.12,,
13736,10/14/2021 07:43:51,7.25,171.36,,
13737,10/14/2021 07:53:51,7.25,238.40,,
13738,10/14/2021 08:03:51,7.50,1210.24,,
13739,10/14/2021 08:13:51,7.63,1473.92,,
13740,10/14/2021 08:23:51,8.19,1539.84,,
13741,10/14/2021 08:33:51,8.53,1808.00,,
13742,10/14/2021 08:43:51,9.48,1944.96,,
13743,10/14/2021 08:53:51,10.21,1948.16,,
13744,10/14/2021 09:03:51,10.55,1869.44,,
13745,10/14/2021 09:13:51,10.81,1771.52,,
13746,10/14/2021 09:23:51,10.98,1826.56,,
13747,10/14/2021 09:33:51,11.37,1998.08,,
13748,10/14/2021 09:43:51,11.58,1963.52,,
13749,10/14/2021 09:53:51,11.75,1749.76,,
13750,10/14/2021 10:03:51,12.05,1877.76,,
13751,10/14/2021 10:13:51,12.35,1720.96,,
13752,10/14/2021 10:23:51,12.57,1747.20,,
13753,10/14/2021 10:33:51,12.82,1907.84,,
13754,10/14/2021 10:43:51,13.08,1628.16,,
13755,10/14/2021 10:53:51,13.47,1532.16,,
13756,10/14/2021 11:03:51,13.81,1517.44,,
13757,10/14/2021 11:13:51,13.94,1608.96,,
13758,10/14/2021 11:23:51,14.80,1559.68,,
13759,10/14/2021 11:33:51,15.06,1591.04,,
13760,10/14/2021 11:43:51,14.84,1560.96,,
13761,10/14/2021 11:53:51,14.75,1591.04,,
13762,10/14/2021 12:03:51,14.84,1621.76,,
13763,10/14/2021 12:13:51,14.80,1583.36,,
13764,10/14/2021 12:23:51,14.80,1690.24,,
13765,10/14/2021 12:33:51,14.84,1706.88,,
13766,10/14/2021 12:43:51,14.97,1719.68,,
13767,10/14/2021 12:53:51,15.40,1778.56,,
13768,10/14/2021 13:03:51,15.44,1781.76,,
13769,10/14/2021 13:13:51,15.36,1843.84,,
13770,10/14/2021 13:23:51,15.44,1848.96,,
13771,10/14/2021 13:33:51,15.61,1869.44,,
13772,10/14/2021 13:43:51,15.74,1884.80,,
13773,10/14/2021 13:53:51,15.44,1915.52,,
13774,10/14/2021 14:03:51,14.97,2021.76,,
13775,10/14/2021 14:13:51,15.01,1895.04,,
13776,10/14/2021 14:23:51,15.31,1918.72,,
13777,10/14/2021 14:33:51,15.53,1905.28,,
13778,10/14/2021 14:43:51,15.70,1869.44,,
13779,10/14/2021 14:53:51,15.61,1917.44,,
13780,10/14/2021 15:03:51,15.66,1877.76,,
13781,10/14/2021 15:13:51,15.57,1920.64,,
13782,10/14/2021 15:23:51,15.48,1898.24,,
13783,10/14/2021 15:33:51,15.48,1961.60,,
13784,10/14/2021 15:43:51,15.57,1976.96,,
13785,10/14/2021 15:53:51,15.14,2215.04,,
13786,10/14/2021 16:03:51,14.97,1905.28,,
13787,10/14/2021 16:13:51,14.80,2140.16,,
13788,10/14/2021 16:23:51,15.06,2304.00,,
13789,10/14/2021 16:33:51,15.01,2293.76,,
13790,10/14/2021 16:43:51,15.06,2300.80,,
13791,10/14/2021 16:53:51,14.93,2709.76,,
13792,10/14/2021 17:03:51,15.06,2924.80,,
13793,10/14/2021 17:13:51,14.97,2723.84,,
13794,10/14/2021 17:23:51,14.88,2914.56,,
13795,10/14/2021 17:33:51,14.84,2353.92,,
13796,10/14/2021 17:43:51,14.84,2458.24,,
13797,10/14/2021 17:53:51,14.75,1939.84,,
13798,10/14/2021 18:03:51,14.67,1456.00,,
13799,10/14/2021 18:13:51,14.54,682.24,,
13800,10/14/2021 18:23:51,14.11,150.00,,
13801,10/14/2021 18:33:51,13.77,61.14,,
13802,10/14/2021 18:43:51,13.60,17.84,,
13803,10/14/2021 18:53:51,13.47,2.99,,
13804,10/14/2021 19:03:51,13.34,0.00,,
13805,10/14/2021 19:13:51,13.21,0.00,,
13806,10/14/2021 19:23:51,13.08,0.00,,
13807,10/14/2021 19:33:51,13.12,0.00,,
13808,10/14/2021 19:43:51,12.87,0.00,,
13809,10/14/2021 19:53:51,12.82,0.00,,
13810,10/14/2021 20:03:51,12.61,0.00,,
13811,10/14/2021 20:13:51,12.52,0.00,,
13812,10/14/2021 20:23:51,12.57,0.00,,
13813,10/14/2021 20:33:51,12.48,0.00,,
13814,10/14/2021 20:43:51,12.52,0.00,,
13815,10/14/2021 20:53:51,12.52,0.00,,
13816,10/14/2021 21:03:51,12.57,0.00,,
13817,10/14/2021 21:13:51,12.44,0.00,,
13818,10/14/2021 21:23:51,12.31,0.00,,
13819,10/14/2021 21:33:51,12.14,0.00,,
13820,10/14/2021 21:43:51,12.01,0.00,,
13821,10/14/2021 21:53:51,11.92,0.00,,
13822,10/14/2021 22:03:51,11.84,0.00,,
13823,10/14/2021 22:13:51,11.37,0.00,,
13824,10/14/2021 22:23:51,11.07,0.00,,
13825,10/14/2021 22:33:51,10.55,0.00,,
13826,10/14/2021 22:43:51,10.21,0.00,,
13827,10/14/2021 22:53:51,10.46,0.00,,
13828,10/14/2021 23:03:51,10.46,0.00,,
13829,10/14/2021 23:13:51,9.95,0.00,,
13830,10/14/2021 23:23:51,9.91,0.00,,
13831,10/14/2021 23:33:51,9.82,0.00,,
13832,10/14/2021 23:43:51,9.65,0.00,,
13833,10/14/2021 23:53:51,9.65,0.00,,
13834,10/15/2021 00:03:51,9.26,0.00,,
13835,10/15/2021 00:13:51,9.31,0.00,,
13836,10/15/2021 00:23:51,9.18,0.00,,
13837,10/15/2021 00:33:51,9.65,0.00,,
13838,10/15/2021 00:43:51,8.88,0.00,,
13839,10/15/2021 00:53:51,9.35,0.00,,
13840,10/15/2021 01:03:51,8.62,0.00,,
13841,10/15/2021 01:13:51,8.02,0.00,,
13842,10/15/2021 01:23:51,7.76,0.00,,
13843,10/15/2021 01:33:51,7.63,0.00,,
13844,10/15/2021 01:43:51,7.46,0.00,,
13845,10/15/2021 01:53:51,7.38,0.00,,
13846,10/15/2021 02:03:51,6.99,0.00,,
13847,10/15/2021 02:13:51,7.03,0.00,,
13848,10/15/2021 02:23:51,7.38,0.00,,
13849,10/15/2021 02:33:51,7.85,0.00,,
13850,10/15/2021 02:43:51,7.12,0.00,,
13851,10/15/2021 02:53:51,7.16,0.00,,
13852,10/15/2021 03:03:51,6.90,0.00,,
13853,10/15/2021 03:13:51,6.90,0.00,,
13854,10/15/2021 03:23:51,6.95,0.00,,
13855,10/15/2021 03:33:51,6.73,0.00,,
13856,10/15/2021 03:43:51,6.39,0.00,,
13857,10/15/2021 03:53:51,6.13,0.00,,
13858,10/15/2021 04:03:51,6.13,0.00,,
13859,10/15/2021 04:13:51,6.09,0.00,,
13860,10/15/2021 04:23:51,6.52,0.00,,
13861,10/15/2021 04:33:51,6.60,0.00,,
13862,10/15/2021 04:43:51,6.43,0.00,,
13863,10/15/2021 04:53:51,6.39,0.00,,
13864,10/15/2021 05:03:51,6.17,0.00,,
13865,10/15/2021 05:13:51,6.35,0.00,,
13866,10/15/2021 05:23:51,6.05,0.00,,
13867,10/15/2021 05:33:51,6.30,0.00,,
13868,10/15/2021 05:43:51,6.52,0.00,,
13869,10/15/2021 05:53:51,6.43,0.00,,
13870,10/15/2021 06:03:51,6.48,0.00,,
13871,10/15/2021 06:13:51,6.43,0.00,,
13872,10/15/2021 06:23:51,6.65,0.00,,
13873,10/15/2021 06:33:51,8.36,0.00,,
13874,10/15/2021 06:43:51,8.02,0.00,,
13875,10/15/2021 06:53:51,7.25,0.00,,
13876,10/15/2021 07:03:51,8.06,1.28,,
13877,10/15/2021 07:13:51,7.89,11.15,,
13878,10/15/2021 07:23:51,7.72,42.16,,
13879,10/15/2021 07:33:51,7.63,102.40,,
13880,10/15/2021 07:43:51,7.72,172.88,,
13881,10/15/2021 07:53:51,8.79,237.52,,
13882,10/15/2021 08:03:51,9.26,1284.80,,
13883,10/15/2021 08:13:51,9.22,1596.16,,
13884,10/15/2021 08:23:51,9.18,1735.68,,
13885,10/15/2021 08:33:51,10.08,1758.08,,
13886,10/15/2021 08:43:51,10.25,1965.44,,
13887,10/15/2021 08:53:51,11.28,2110.72,,
13888,10/15/2021 09:03:51,11.62,2047.36,,
13889,10/15/2021 09:13:51,11.84,2032.00,,
13890,10/15/2021 09:23:51,12.22,1941.12,,
13891,10/15/2021 09:33:51,12.61,1874.56,,
13892,10/15/2021 09:43:51,12.82,1941.12,,
13893,10/15/2021 09:53:51,13.04,1937.92,,
13894,10/15/2021 10:03:51,13.25,1785.60,,
13895,10/15/2021 10:13:51,13.55,1917.44,,
13896,10/15/2021 10:23:51,13.73,1674.88,,
13897,10/15/2021 10:33:51,13.90,1624.32,,
13898,10/15/2021 10:43:51,14.15,1638.40,,
13899,10/15/2021 10:53:51,14.24,1871.36,,
13900,10/15/2021 11:03:51,14.75,1695.36,,
13901,10/15/2021 11:13:51,15.61,1605.12,,
13902,10/15/2021 11:23:51,16.30,1608.96,,
13903,10/15/2021 11:33:51,15.78,1552.64,,
13904,10/15/2021 11:43:51,15.57,1560.32,,
13905,10/15/2021 11:53:51,15.36,1665.92,,
13906,10/15/2021 12:03:51,15.83,1669.76,,
13907,10/15/2021 12:13:51,16.08,1646.72,,
13908,10/15/2021 12:23:51,16.13,1666.56,,
13909,10/15/2021 12:33:51,16.39,1712.64,,
13910,10/15/2021 12:43:51,16.77,1687.68,,
13911,10/15/2021 12:53:51,16.99,1761.28,,
13912,10/15/2021 13:03:51,17.20,1843.84,,
13913,10/15/2021 13:13:51,16.99,1889.92,,
13914,10/15/2021 13:23:51,17.03,1876.48,,
13915,10/15/2021 13:33:51,16.77,1917.44,,
13916,10/15/2021 13:43:51,16.77,1881.60,,
13917,10/15/2021 13:53:51,16.94,1866.24,,
13918,10/15/2021 14:03:51,16.13,1932.80,,
13919,10/15/2021 14:13:51,16.00,1968.64,,
13920,10/15/2021 14:23:51,16.00,1895.04,,
13921,10/15/2021 14:33:51,16.17,1905.28,,
13922,10/15/2021 14:43:51,16.39,1869.44,,
13923,10/15/2021 14:53:51,16.69,1907.20,,
13924,10/15/2021 15:03:51,17.16,1896.96,,
13925,10/15/2021 15:13:51,17.41,1869.44,,
13926,10/15/2021 15:23:51,17.37,1934.72,,
13927,10/15/2021 15:33:51,17.33,1888.00,,
13928,10/15/2021 15:43:51,17.37,1958.40,,
13929,10/15/2021 15:53:51,17.41,2016.64,,
13930,10/15/2021 16:03:51,17.50,2014.72,,
13931,10/15/2021 16:13:51,17.46,2103.68,,
13932,10/15/2021 16:23:51,17.29,2196.48,,
13933,10/15/2021 16:33:51,17.24,2307.84,,
13934,10/15/2021 16:43:51,17.11,2362.24,,
13935,10/15/2021 16:53:51,17.16,2316.16,,
13936,10/15/2021 17:03:51,17.07,2460.16,,
13937,10/15/2021 17:13:51,16.99,2544.00,,
13938,10/15/2021 17:23:51,16.94,2477.44,,
13939,10/15/2021 17:33:51,16.94,2677.76,,
13940,10/15/2021 17:43:51,16.99,2718.72,,
13941,10/15/2021 17:53:51,17.03,2249.60,,
13942,10/15/2021 18:03:51,17.29,1804.16,,
13943,10/15/2021 18:13:51,16.39,1096.32,,
13944,10/15/2021 18:23:51,15.53,126.68,,
13945,10/15/2021 18:33:51,15.18,54.68,,
13946,10/15/2021 18:43:51,15.01,15.70,,
13947,10/15/2021 18:53:51,14.75,2.78,,
13948,10/15/2021 19:03:51,14.37,0.00,,
13949,10/15/2021 19:13:51,14.15,0.00,,
13950,10/15/2021 19:23:51,14.07,0.00,,
13951,10/15/2021 19:33:51,14.03,0.00,,
13952,10/15/2021 19:43:51,14.20,0.00,,
13953,10/15/2021 19:53:51,13.94,0.00,,
13954,10/15/2021 20:03:51,13.90,0.00,,
13955,10/15/2021 20:13:51,13.60,0.00,,
13956,10/15/2021 20:23:51,13.55,0.00,,
13957,10/15/2021 20:33:51,13.30,0.00,,
13958,10/15/2021 20:43:51,13.34,0.00,,
13959,10/15/2021 20:53:51,13.34,0.00,,
13960,10/15/2021 21:03:51,12.52,0.00,,
13961,10/15/2021 21:13:51,13.34,0.00,,
13962,10/15/2021 21:23:51,13.17,0.00,,
13963,10/15/2021 21:33:51,13.51,0.00,,
13964,10/15/2021 21:43:51,13.17,0.00,,
13965,10/15/2021 21:53:51,13.17,0.00,,
13966,10/15/2021 22:03:51,11.32,0.00,,
13967,10/15/2021 22:13:51,10.77,0.00,,
13968,10/15/2021 22:23:51,10.85,0.00,,
13969,10/15/2021 22:33:51,10.38,0.00,,
13970,10/15/2021 22:43:51,10.42,0.00,,
13971,10/15/2021 22:53:51,10.59,0.00,,
13972,10/15/2021 23:03:51,10.51,0.00,,
13973,10/15/2021 23:13:51,10.51,0.00,,
13974,10/15/2021 23:23:51,10.59,0.00,,
13975,10/15/2021 23:33:51,10.25,0.00,,
13976,10/15/2021 23:43:51,10.21,0.00,,
13977,10/15/2021 23:53:51,10.08,0.00,,
13978,10/16/2021 00:03:51,9.91,0.00,,
13979,10/16/2021 00:13:51,9.82,0.00,,
13980,10/16/2021 00:23:51,9.91,0.00,,
13981,10/16/2021 00:33:51,9.78,0.00,,
13982,10/16/2021 00:43:51,9.78,0.00,,
13983,10/16/2021 00:53:51,9.52,0.00,,
13984,10/16/2021 01:03:51,9.39,0.00,,
13985,10/16/2021 01:13:51,9.44,0.00,,
13986,10/16/2021 01:23:51,9.82,0.00,,
13987,10/16/2021 01:33:51,9.61,0.00,,
13988,10/16/2021 01:43:51,9.86,0.00,,
13989,10/16/2021 01:53:51,9.78,0.00,,
13990,10/16/2021 02:03:51,9.65,0.00,,
13991,10/16/2021 02:13:51,9.69,0.00,,
13992,10/16/2021 02:23:51,9.44,0.00,,
13993,10/16/2021 02:33:51,8.92,0.00,,
13994,10/16/2021 02:43:51,8.92,0.00,,
13995,10/16/2021 02:53:51,8.53,0.00,,
13996,10/16/2021 03:03:51,8.45,0.00,,
13997,10/16/2021 03:13:51,8.58,0.00,,
13998,10/16/2021 03:23:51,8.66,0.00,,
13999,10/16/2021 03:33:51,8.36,0.00,,
14000,10/16/2021 03:43:51,7.72,0.00,,
14001,10/16/2021 03:53:51,7.85,0.00,,
14002,10/16/2021 04:03:51,7.76,0.00,,
14003,10/16/2021 04:13:51,7.63,0.00,,
14004,10/16/2021 04:23:51,7.68,0.00,,
14005,10/16/2021 04:33:51,7.25,0.00,,
14006,10/16/2021 04:43:51,7.33,0.00,,
14007,10/16/2021 04:53:51,7.72,0.00,,
14008,10/16/2021 05:03:51,7.98,0.00,,
14009,10/16/2021 05:13:51,8.45,0.00,,
14010,10/16/2021 05:23:51,7.98,0.00,,
14011,10/16/2021 05:33:51,7.76,0.00,,
14012,10/16/2021 05:43:51,7.50,0.00,,
14013,10/16/2021 05:53:51,7.29,0.00,,
14014,10/16/2021 06:03:51,7.42,0.00,,
14015,10/16/2021 06:13:51,7.46,0.00,,
14016,10/16/2021 06:23:51,7.76,0.00,,
14017,10/16/2021 06:33:51,7.38,0.00,,
14018,10/16/2021 06:43:51,7.25,0.00,,
14019,10/16/2021 06:53:51,7.33,0.00,,
14020,10/16/2021 07:03:51,7.76,1.07,,
14021,10/16/2021 07:13:51,8.15,9.41,,
14022,10/16/2021 07:23:51,8.88,36.97,,
14023,10/16/2021 07:33:51,9.22,92.12,,
14024,10/16/2021 07:43:51,10.04,162.64,,
14025,10/16/2021 07:53:51,10.38,234.08,,
14026,10/16/2021 08:03:51,10.81,1115.20,,
14027,10/16/2021 08:13:51,11.41,1572.48,,
14028,10/16/2021 08:23:51,11.58,1818.24,,
14029,10/16/2021 08:33:51,11.92,1669.76,,
14030,10/16/2021 08:43:51,11.92,1605.12,,
14031,10/16/2021 08:53:51,12.57,2124.16,,
14032,10/16/2021 09:03:51,12.95,1890.56,,
14033,10/16/2021 09:13:51,12.82,2067.84,,
14034,10/16/2021 09:23:51,12.91,1816.32,,
14035,10/16/2021 09:33:51,13.17,1781.12,,
14036,10/16/2021 09:43:51,13.81,2177.28,,
14037,10/16/2021 09:53:51,13.98,1688.96,,
14038,10/16/2021 10:03:51,14.37,1752.96,,
14039,10/16/2021 10:13:51,14.80,1802.88,,
14040,10/16/2021 10:23:51,15.01,1788.80,,
14041,10/16/2021 10:33:51,15.83,1679.36,,
14042,10/16/2021 10:43:51,16.86,1649.92,,
14043,10/16/2021 10:53:51,17.72,1639.04,,
14044,10/16/2021 11:03:51,18.57,1659.52,,
14045,10/16/2021 11:13:51,20.07,1700.48,,
14046,10/16/2021 11:23:51,23.55,1736.96,,
14047,10/16/2021 11:33:51,24.71,1642.24,,
14048,10/16/2021 11:43:51,24.97,1595.52,,
14049,10/16/2021 11:53:51,25.05,1616.00,,
14050,10/16/2021 12:03:51,24.58,1676.16,,
14051,10/16/2021 12:13:51,24.84,1669.12,,
14052,10/16/2021 12:23:51,24.36,1786.88,,
14053,10/16/2021 12:33:51,25.44,1845.12,,
14054,10/16/2021 12:43:51,25.69,1733.12,,
14055,10/16/2021 12:53:51,25.18,1818.24,,
14056,10/16/2021 13:03:51,22.61,1821.44,,
14057,10/16/2021 13:13:51,20.63,1953.28,,
14058,10/16/2021 13:23:51,21.83,1991.04,,
14059,10/16/2021 13:33:51,21.15,2035.20,,
14060,10/16/2021 13:43:51,21.92,1992.32,,
14061,10/16/2021 13:53:51,21.75,1965.44,,
14062,10/16/2021 14:03:51,21.49,1941.12,,
14063,10/16/2021 14:13:51,21.49,1956.48,,
14064,10/16/2021 14:23:51,21.58,2019.84,,
14065,10/16/2021 14:33:51,22.13,1946.24,,
14066,10/16/2021 14:43:51,22.43,1932.80,,
14067,10/16/2021 14:53:51,21.96,1902.08,,
14068,10/16/2021 15:03:51,21.49,1898.24,,
14069,10/16/2021 15:13:51,21.49,1913.60,,
14070,10/16/2021 15:23:51,21.36,1934.72,,
14071,10/16/2021 15:33:51,21.32,1968.64,,
14072,10/16/2021 15:43:51,20.72,2014.72,,
14073,10/16/2021 15:53:51,19.77,2030.08,,
14074,10/16/2021 16:03:51,19.39,2083.20,,
14075,10/16/2021 16:13:51,19.52,2155.52,,
14076,10/16/2021 16:23:51,19.43,2196.48,,
14077,10/16/2021 16:33:51,19.43,2297.60,,
14078,10/16/2021 16:43:51,19.30,2377.60,,
14079,10/16/2021 16:53:51,19.13,2475.52,,
14080,10/16/2021 17:03:51,19.05,2386.56,,
14081,10/16/2021 17:13:51,18.87,2521.60,,
14082,10/16/2021 17:23:51,18.87,2509.44,,
14083,10/16/2021 17:33:51,18.70,2148.48,,
14084,10/16/2021 17:43:51,18.49,2033.92,,
14085,10/16/2021 17:53:51,18.40,1737.60,,
14086,10/16/2021 18:03:51,18.66,1267.84,,
14087,10/16/2021 18:13:51,18.79,636.80,,
14088,10/16/2021 18:23:51,18.10,104.32,,
14089,10/16/2021 18:33:51,17.03,38.25,,
14090,10/16/2021 18:43:51,16.04,9.84,,
14091,10/16/2021 18:53:51,15.61,1.07,,
14092,10/16/2021 19:03:51,15.31,0.00,,
14093,10/16/2021 19:13:51,15.14,0.00,,
14094,10/16/2021 19:23:51,15.06,0.00,,
14095,10/16/2021 19:33:51,14.93,0.00,,
14096,10/16/2021 19:43:51,14.24,0.00,,
14097,10/16/2021 19:53:51,14.03,0.00,,
14098,10/16/2021 20:03:51,13.98,0.00,,
14099,10/16/2021 20:13:51,13.85,0.00,,
14100,10/16/2021 20:23:51,14.03,0.00,,
14101,10/16/2021 20:33:51,13.47,0.00,,
14102,10/16/2021 20:43:51,13.17,0.00,,
14103,10/16/2021 20:53:51,13.60,0.00,,
14104,10/16/2021 21:03:51,13.64,0.00,,
14105,10/16/2021 21:13:51,13.38,0.00,,
14106,10/16/2021 21:23:51,13.38,0.00,,
14107,10/16/2021 21:33:51,13.25,0.00,,
14108,10/16/2021 21:43:51,13.17,0.00,,
14109,10/16/2021 21:53:51,12.70,0.00,,
14110,10/16/2021 22:03:51,12.78,0.00,,
14111,10/16/2021 22:13:51,13.21,0.00,,
14112,10/16/2021 22:23:51,13.34,0.00,,
14113,10/16/2021 22:33:51,13.64,0.00,,
14114,10/16/2021 22:43:51,13.85,0.00,,
14115,10/16/2021 22:53:51,14.20,0.00,,
14116,10/16/2021 23:03:51,14.20,0.00,,
14117,10/16/2021 23:13:51,13.68,0.00,,
14118,10/16/2021 23:23:51,13.30,0.00,,
14119,10/16/2021 23:33:51,12.91,0.00,,
14120,10/16/2021 23:43:51,12.70,0.00,,
14121,10/16/2021 23:53:51,11.24,0.00,,
14122,10/17/2021 00:03:51,11.15,0.00,,
14123,10/17/2021 00:13:51,10.77,0.00,,
14124,10/17/2021 00:23:51,10.38,0.00,,
14125,10/17/2021 00:33:51,10.08,0.00,,
14126,10/17/2021 00:43:51,10.21,0.00,,
14127,10/17/2021 00:53:51,9.69,0.00,,
14128,10/17/2021 01:03:51,10.16,0.00,,
14129,10/17/2021 01:13:51,10.98,0.00,,
14130,10/17/2021 01:23:51,10.34,0.00,,
14131,10/17/2021 01:33:51,10.16,0.00,,
14132,10/17/2021 01:43:51,9.61,0.00,,
14133,10/17/2021 01:53:51,9.74,0.00,,
14134,10/17/2021 02:03:51,9.14,0.00,,
14135,10/17/2021 02:13:51,8.71,0.00,,
14136,10/17/2021 02:23:51,8.79,0.00,,
14137,10/17/2021 02:33:51,8.23,0.00,,
14138,10/17/2021 02:43:51,8.58,0.00,,
14139,10/17/2021 02:53:51,8.15,0.00,,
14140,10/17/2021 03:03:51,8.06,0.00,,
14141,10/17/2021 03:13:51,8.28,0.00,,
14142,10/17/2021 03:23:51,7.63,0.00,,
14143,10/17/2021 03:33:51,8.19,0.00,,
14144,10/17/2021 03:43:51,7.81,0.00,,
14145,10/17/2021 03:53:51,9.01,0.00,,
14146,10/17/2021 04:03:51,8.11,0.00,,
14147,10/17/2021 04:13:51,9.01,0.00,,
14148,10/17/2021 04:23:51,10.55,0.00,,
14149,10/17/2021 04:33:51,8.83,0.00,,
14150,10/17/2021 04:43:51,7.20,0.00,,
14151,10/17/2021 04:53:51,6.65,0.00,,
14152,10/17/2021 05:03:51,6.48,0.00,,
14153,10/17/2021 05:13:51,8.02,0.00,,
14154,10/17/2021 05:23:51,8.96,0.00,,
14155,10/17/2021 05:33:51,9.26,0.00,,
14156,10/17/2021 05:43:51,7.63,0.00,,
14157,10/17/2021 05:53:51,9.39,0.00,,
14158,10/17/2021 06:03:51,10.46,0.00,,
14159,10/17/2021 06:13:51,11.32,0.00,,
14160,10/17/2021 06:23:51,11.92,0.00,,
14161,10/17/2021 06:33:51,10.89,0.00,,
14162,10/17/2021 06:43:51,10.51,0.00,,
14163,10/17/2021 06:53:51,11.32,0.00,,
14164,10/17/2021 07:03:51,9.91,0.00,,
14165,10/17/2021 07:13:51,11.71,1.92,,
14166,10/17/2021 07:23:51,12.18,7.70,,
14167,10/17/2021 07:33:51,12.05,14.58,,
14168,10/17/2021 07:43:51,11.71,36.11,,
14169,10/17/2021 07:53:51,11.45,46.86,,
14170,10/17/2021 08:03:51,11.28,74.90,,
14171,10/17/2021 08:13:51,11.28,138.68,,
14172,10/17/2021 08:23:51,11.24,124.76,,
14173,10/17/2021 08:33:51,11.19,108.40,,
14174,10/17/2021 08:43:51,11.28,211.84,,
14175,10/17/2021 08:53:51,11.37,239.44,,
14176,10/17/2021 09:03:51,11.49,254.00,,
14177,10/17/2021 09:13:51,11.49,106.68,,
14178,10/17/2021 09:23:51,11.62,180.80,,
14179,10/17/2021 09:33:51,11.67,391.20,,
14180,10/17/2021 09:43:51,11.71,447.68,,
14181,10/17/2021 09:53:51,11.88,339.36,,
14182,10/17/2021 10:03:51,12.01,368.48,,
14183,10/17/2021 10:13:51,12.18,544.32,,
14184,10/17/2021 10:23:51,12.35,1009.28,,
14185,10/17/2021 10:33:51,12.48,772.16,,
14186,10/17/2021 10:43:51,12.70,1176.96,,
14187,10/17/2021 10:53:51,13.04,1709.44,,
14188,10/17/2021 11:03:51,13.04,1068.16,,
14189,10/17/2021 11:13:51,13.21,967.36,,
14190,10/17/2021 11:23:51,13.25,1012.48,,
14191,10/17/2021 11:33:51,13.43,1518.08,,
14192,10/17/2021 11:43:51,13.85,1281.28,,
14193,10/17/2021 11:53:51,13.85,1397.76,,
14194,10/17/2021 12:03:51,13.81,1480.96,,
14195,10/17/2021 12:13:51,13.81,1062.08,,
14196,10/17/2021 12:23:51,13.77,1120.32,,
14197,10/17/2021 12:33:51,13.77,1119.68,,
14198,10/17/2021 12:43:51,13.81,1079.36,,
14199,10/17/2021 12:53:51,13.90,1070.08,,
14200,10/17/2021 13:03:51,14.11,1021.12,,
14201,10/17/2021 13:13:51,14.15,1040.96,,
14202,10/17/2021 13:23:51,14.15,904.64,,
14203,10/17/2021 13:33:51,14.20,1265.92,,
14204,10/17/2021 13:43:51,14.58,1808.00,,
14205,10/17/2021 13:53:51,14.63,1589.12,,
14206,10/17/2021 14:03:51,14.75,1943.04,,
14207,10/17/2021 14:13:51,14.93,2350.72,,
14208,10/17/2021 14:23:51,15.10,2468.48,,
14209,10/17/2021 14:33:51,15.23,2167.04,,
14210,10/17/2021 14:43:51,15.27,2305.92,,
14211,10/17/2021 14:53:51,15.01,1591.04,,
14212,10/17/2021 15:03:51,14.97,914.24,,
14213,10/17/2021 15:13:51,14.88,612.48,,
14214,10/17/2021 15:23:51,14.67,290.40,,
14215,10/17/2021 15:33:51,14.45,223.84,,
14216,10/17/2021 15:43:51,14.15,182.48,,
14217,10/17/2021 15:53:51,13.81,138.56,,
14218,10/17/2021 16:03:51,13.47,163.60,,
14219,10/17/2021 16:13:51,13.21,97.24,,
14220,10/17/2021 16:23:51,12.44,70.62,,
14221,10/17/2021 16:33:51,12.10,87.72,,
14222,10/17/2021 16:43:51,12.14,149.80,,
14223,10/17/2021 16:53:51,12.14,100.80,,
14224,10/17/2021 17:03:51,12.10,111.92,,
14225,10/17/2021 17:13:51,12.14,66.72,,
14226,10/17/2021 17:23:51,12.22,43.86,,
14227,10/17/2021 17:33:51,12.05,39.11,,
14228,10/17/2021 17:43:51,11.84,33.06,,
14229,10/17/2021 17:53:51,11.62,35.68,,
14230,10/17/2021 18:03:51,11.67,59.06,,
14231,10/17/2021 18:13:51,11.92,82.92,,
14232,10/17/2021 18:23:51,11.97,28.94,,
14233,10/17/2021 18:33:51,12.14,27.18,,
14234,10/17/2021 18:43:51,12.14,2.78,,
14235,10/17/2021 18:53:51,12.18,0.00,,
14236,10/17/2021 19:03:51,12.14,0.00,,
14237,10/17/2021 19:13:51,12.27,0.00,,
14238,10/17/2021 19:23:51,12.18,0.00,,
14239,10/17/2021 19:33:51,12.18,0.00,,
14240,10/17/2021 19:43:51,12.14,0.00,,
14241,10/17/2021 19:53:51,12.14,0.00,,
14242,10/17/2021 20:03:51,12.14,0.00,,
14243,10/17/2021 20:13:51,12.01,0.00,,
14244,10/17/2021 20:23:51,11.84,0.00,,
14245,10/17/2021 20:33:51,11.84,0.00,,
14246,10/17/2021 20:43:51,11.84,0.00,,
14247,10/17/2021 20:53:51,11.84,0.00,,
14248,10/17/2021 21:03:51,11.79,0.00,,
14249,10/17/2021 21:13:51,11.88,0.00,,
14250,10/17/2021 21:23:51,11.84,0.00,,
14251,10/17/2021 21:33:51,11.79,0.00,,
14252,10/17/2021 21:43:51,11.84,0.00,,
14253,10/17/2021 21:53:51,12.01,0.00,,
14254,10/17/2021 22:03:51,11.92,0.00,,
14255,10/17/2021 22:13:51,11.97,0.00,,
14256,10/17/2021 22:23:51,12.01,0.00,,
14257,10/17/2021 22:33:51,11.92,0.00,,
14258,10/17/2021 22:43:51,12.05,0.00,,
14259,10/17/2021 22:53:51,12.01,0.00,,
14260,10/17/2021 23:03:51,12.05,0.00,,
14261,10/17/2021 23:13:51,11.92,0.00,,
14262,10/17/2021 23:23:51,11.75,0.00,,
14263,10/17/2021 23:33:51,11.84,0.00,,
14264,10/17/2021 23:43:51,12.05,0.00,,
14265,10/17/2021 23:53:51,12.27,0.00,,
14266,10/18/2021 00:03:51,12.44,0.00,,
14267,10/18/2021 00:13:51,12.57,0.00,,
14268,10/18/2021 00:23:51,12.61,0.00,,
14269,10/18/2021 00:33:51,12.57,0.00,,
14270,10/18/2021 00:43:51,12.57,0.00,,
14271,10/18/2021 00:53:51,12.61,0.00,,
14272,10/18/2021 01:03:51,12.61,0.00,,
14273,10/18/2021 01:13:51,12.61,0.00,,
14274,10/18/2021 01:23:51,12.57,0.00,,
14275,10/18/2021 01:33:51,12.48,0.00,,
14276,10/18/2021 01:43:51,12.31,0.00,,
14277,10/18/2021 01:53:51,12.14,0.00,,
14278,10/18/2021 02:03:51,12.05,0.00,,
14279,10/18/2021 02:13:51,11.92,0.00,,
14280,10/18/2021 02:23:51,11.79,0.00,,
14281,10/18/2021 02:33:51,11.71,0.00,,
14282,10/18/2021 02:43:51,11.75,0.00,,
14283,10/18/2021 02:53:51,11.75,0.00,,
14284,10/18/2021 03:03:51,10.81,0.00,,
14285,10/18/2021 03:13:51,10.34,0.00,,
14286,10/18/2021 03:23:51,10.42,0.00,,
14287,10/18/2021 03:33:51,10.51,0.00,,
14288,10/18/2021 03:43:51,10.46,0.00,,
14289,10/18/2021 03:53:51,10.46,0.00,,
14290,10/18/2021 04:03:51,10.55,0.00,,
14291,10/18/2021 04:13:51,10.64,0.00,,
14292,10/18/2021 04:23:51,10.55,0.00,,
14293,10/18/2021 04:33:51,10.29,0.00,,
14294,10/18/2021 04:43:51,10.25,0.00,,
14295,10/18/2021 04:53:51,10.21,0.00,,
14296,10/18/2021 05:03:51,9.69,0.00,,
14297,10/18/2021 05:13:51,9.09,0.00,,
14298,10/18/2021 05:23:51,8.71,0.00,,
14299,10/18/2021 05:33:51,8.49,0.00,,
14300,10/18/2021 05:43:51,8.19,0.00,,
14301,10/18/2021 05:53:51,8.62,0.00,,
14302,10/18/2021 06:03:51,8.88,0.00,,
14303,10/18/2021 06:13:51,8.96,0.00,,
14304,10/18/2021 06:23:51,8.96,0.00,,
14305,10/18/2021 06:33:51,8.79,0.00,,
14306,10/18/2021 06:43:51,8.66,0.00,,
14307,10/18/2021 06:53:51,8.71,0.00,,
14308,10/18/2021 07:03:51,8.92,0.21,,
14309,10/18/2021 07:13:51,8.92,5.77,,
14310,10/18/2021 07:23:51,9.01,27.92,,
14311,10/18/2021 07:33:51,9.05,74.90,,
14312,10/18/2021 07:43:51,9.22,142.00,,
14313,10/18/2021 07:53:51,9.39,227.44,,
14314,10/18/2021 08:03:51,9.52,801.28,,
14315,10/18/2021 08:13:51,9.91,748.80,,
14316,10/18/2021 08:23:51,10.21,1422.72,,
14317,10/18/2021 08:33:51,11.19,1600.00,,
14318,10/18/2021 08:43:51,11.62,801.28,,
14319,10/18/2021 08:53:51,11.58,2037.12,,
14320,10/18/2021 09:03:51,12.10,1917.44,,
14321,10/18/2021 09:13:51,12.22,1998.08,,
14322,10/18/2021 09:23:51,12.35,1956.48,,
14323,10/18/2021 09:33:51,12.22,2072.96,,
14324,10/18/2021 09:43:51,12.18,1932.80,,
14325,10/18/2021 09:53:51,12.22,1994.24,,
14326,10/18/2021 10:03:51,12.22,2032.00,,
14327,10/18/2021 10:13:51,12.31,1828.48,,
14328,10/18/2021 10:23:51,12.31,1855.36,,
14329,10/18/2021 10:33:51,12.35,1862.40,,
14330,10/18/2021 10:43:51,12.44,1860.48,,
14331,10/18/2021 10:53:51,12.48,1790.72,,
14332,10/18/2021 11:03:51,12.61,1915.52,,
14333,10/18/2021 11:13:51,12.52,1888.00,,
14334,10/18/2021 11:23:51,12.57,1761.28,,
14335,10/18/2021 11:33:51,12.82,1756.16,,
14336,10/18/2021 11:43:51,12.78,1742.72,,
14337,10/18/2021 11:53:51,12.91,1674.88,,
14338,10/18/2021 12:03:51,12.87,1824.64,,
14339,10/18/2021 12:13:51,12.74,1781.76,,
14340,10/18/2021 12:23:51,12.82,1847.04,,
14341,10/18/2021 12:33:51,12.74,1793.92,,
14342,10/18/2021 12:43:51,12.74,1836.80,,
14343,10/18/2021 12:53:51,12.91,2026.88,,
14344,10/18/2021 13:03:51,13.00,1975.68,,
14345,10/18/2021 13:13:51,12.91,1973.76,,
14346,10/18/2021 13:23:51,12.95,2078.08,,
14347,10/18/2021 13:33:51,12.91,2163.84,,
14348,10/18/2021 13:43:51,12.91,2153.60,,
14349,10/18/2021 13:53:51,13.04,2161.92,,
14350,10/18/2021 14:03:51,13.00,2174.08,,
14351,10/18/2021 14:13:51,13.00,2295.68,,
14352,10/18/2021 14:23:51,12.87,1934.72,,
14353,10/18/2021 14:33:51,12.95,2176.00,,
14354,10/18/2021 14:43:51,12.91,1603.84,,
14355,10/18/2021 14:53:51,12.91,2229.12,,
14356,10/18/2021 15:03:51,12.87,2081.92,,
14357,10/18/2021 15:13:51,12.91,1537.92,,
14358,10/18/2021 15:23:51,12.95,2069.76,,
14359,10/18/2021 15:33:51,13.04,1992.32,,
14360,10/18/2021 15:43:51,13.00,2066.56,,
14361,10/18/2021 15:53:51,13.12,2124.16,,
14362,10/18/2021 16:03:51,13.12,2213.76,,
14363,10/18/2021 16:13:51,13.12,2266.88,,
14364,10/18/2021 16:23:51,13.17,2259.84,,
14365,10/18/2021 16:33:51,13.30,2319.36,,
14366,10/18/2021 16:43:51,13.34,2348.80,,
14367,10/18/2021 16:53:51,13.17,2627.84,,
14368,10/18/2021 17:03:51,13.17,2364.16,,
14369,10/18/2021 17:13:51,13.17,2196.48,,
14370,10/18/2021 17:23:51,13.04,1930.88,,
14371,10/18/2021 17:33:51,12.87,1572.48,,
14372,10/18/2021 17:43:51,12.91,1611.52,,
14373,10/18/2021 17:48:24,,,Logged,Logged
