#,Date-Time (PST),Ch: 1 - Temperature   (°C),Ch: 2 - Light   (lux),Host Connected,End of File
1,07/10/2021 22:34:37,24.06,20.62,,
2,07/10/2021 22:44:37,23.76,0.64,,
3,07/10/2021 22:46:04,,,Logged,
4,07/10/2021 22:54:37,22.99,0.85,,
5,07/10/2021 23:04:37,22.48,0.42,,
6,07/10/2021 23:14:37,22.13,0.42,,
7,07/10/2021 23:24:37,21.79,0.64,,
8,07/10/2021 23:34:37,21.49,0.42,,
9,07/10/2021 23:44:37,21.23,0.42,,
10,07/10/2021 23:54:37,21.06,0.42,,
11,07/11/2021 00:04:37,20.98,0.42,,
12,07/11/2021 00:14:37,20.85,0.42,,
13,07/11/2021 00:24:37,20.72,0.42,,
14,07/11/2021 00:34:37,20.63,0.42,,
15,07/11/2021 00:44:37,20.55,0.42,,
16,07/11/2021 00:54:37,20.50,0.42,,
17,07/11/2021 01:04:37,20.46,0.42,,
18,07/11/2021 01:14:37,20.42,0.42,,
19,07/11/2021 01:24:37,20.33,0.42,,
20,07/11/2021 01:34:37,20.29,0.42,,
21,07/11/2021 01:44:37,20.29,0.42,,
22,07/11/2021 01:54:37,20.25,0.42,,
23,07/11/2021 02:04:37,20.12,0.42,,
24,07/11/2021 02:14:37,20.07,0.42,,
25,07/11/2021 02:24:37,20.03,0.42,,
26,07/11/2021 02:34:37,19.99,0.00,,
27,07/11/2021 02:44:37,19.95,0.00,,
28,07/11/2021 02:54:37,19.90,0.00,,
29,07/11/2021 03:04:37,19.82,0.00,,
30,07/11/2021 03:14:37,19.73,0.00,,
31,07/11/2021 03:24:37,19.73,0.00,,
32,07/11/2021 03:34:37,19.73,0.00,,
33,07/11/2021 03:44:37,19.69,0.00,,
34,07/11/2021 03:54:37,19.60,0.00,,
35,07/11/2021 04:04:37,19.56,0.00,,
36,07/11/2021 04:14:37,19.52,0.00,,
37,07/11/2021 04:24:37,19.56,0.00,,
38,07/11/2021 04:34:37,19.52,0.00,,
39,07/11/2021 04:44:37,19.47,0.00,,
40,07/11/2021 04:54:37,19.43,0.00,,
41,07/11/2021 05:04:37,19.43,0.00,,
42,07/11/2021 05:14:37,19.39,0.00,,
43,07/11/2021 05:24:37,19.43,0.00,,
44,07/11/2021 05:34:37,19.35,0.00,,
45,07/11/2021 05:44:37,19.35,0.00,,
46,07/11/2021 05:54:37,19.35,0.00,,
47,07/11/2021 06:04:37,19.30,0.00,,
48,07/11/2021 06:14:37,19.26,0.00,,
49,07/11/2021 06:24:37,19.22,0.00,,
50,07/11/2021 06:34:37,19.22,0.00,,
51,07/11/2021 06:44:37,19.17,0.00,,
52,07/11/2021 06:54:37,19.17,0.00,,
53,07/11/2021 07:04:37,19.17,0.00,,
54,07/11/2021 07:14:37,19.17,0.00,,
55,07/11/2021 07:24:37,19.13,0.00,,
56,07/11/2021 07:34:37,19.13,0.00,,
57,07/11/2021 07:44:37,19.13,0.00,,
58,07/11/2021 07:54:37,19.09,0.00,,
59,07/11/2021 08:04:37,19.05,0.00,,
60,07/11/2021 08:14:37,19.09,0.00,,
61,07/11/2021 08:24:37,19.09,0.21,,
62,07/11/2021 08:34:37,19.05,0.21,,
63,07/11/2021 08:44:37,19.05,0.42,,
64,07/11/2021 08:54:37,19.09,0.64,,
65,07/11/2021 09:04:37,19.09,0.85,,
66,07/11/2021 09:14:37,19.13,1.06,,
67,07/11/2021 09:24:37,19.17,1.28,,
68,07/11/2021 09:34:37,19.26,1.49,,
69,07/11/2021 09:44:37,19.35,1.30,,
70,07/11/2021 09:54:37,19.39,1.49,,
71,07/11/2021 10:04:37,19.43,1.28,,
72,07/11/2021 10:14:37,18.92,11.16,,
73,07/11/2021 10:24:37,18.66,4.48,,
74,07/11/2021 10:34:37,18.57,5.34,,
75,07/11/2021 10:44:37,18.53,2.35,,
76,07/11/2021 10:54:37,18.49,2.56,,
77,07/11/2021 11:04:37,18.57,1.30,,
78,07/11/2021 11:14:37,18.70,1.49,,
79,07/11/2021 11:24:37,18.92,0.85,,
80,07/11/2021 11:34:37,19.22,0.85,,
81,07/11/2021 11:44:37,19.52,1.28,,
82,07/11/2021 11:54:37,19.90,1.28,,
83,07/11/2021 12:04:37,20.25,0.00,,
84,07/11/2021 12:14:37,20.72,0.42,,
85,07/11/2021 12:24:37,21.15,0.64,,
86,07/11/2021 12:34:37,21.62,1.28,,
87,07/11/2021 12:44:37,22.05,18.11,,
88,07/11/2021 12:54:37,22.48,9.69,,
89,07/11/2021 13:04:37,22.86,10.33,,
90,07/11/2021 13:14:37,23.25,9.91,,
91,07/11/2021 13:24:37,23.59,9.67,,
92,07/11/2021 13:34:37,23.98,9.67,,
93,07/11/2021 13:44:37,24.28,9.67,,
94,07/11/2021 13:54:37,24.58,9.24,,
95,07/11/2021 14:04:37,24.92,9.45,,
96,07/11/2021 14:14:37,25.09,10.09,,
97,07/11/2021 14:24:37,25.31,4.48,,
98,07/11/2021 14:34:37,25.44,3.66,,
99,07/11/2021 14:44:37,25.57,4.70,,
100,07/11/2021 14:54:37,25.61,4.91,,
101,07/11/2021 15:04:37,25.69,4.91,,
102,07/11/2021 15:14:37,25.69,4.48,,
103,07/11/2021 15:24:37,25.69,4.27,,
104,07/11/2021 15:34:37,25.74,4.27,,
105,07/11/2021 15:44:37,25.69,3.63,,
106,07/11/2021 15:54:37,25.74,4.06,,
107,07/11/2021 16:04:37,25.74,4.27,,
108,07/11/2021 16:14:37,25.74,3.20,,
109,07/11/2021 16:24:37,25.78,3.41,,
110,07/11/2021 16:34:37,25.78,3.20,,
111,07/11/2021 16:44:37,25.78,3.41,,
112,07/11/2021 16:54:37,25.74,2.99,,
113,07/11/2021 17:04:37,25.78,2.99,,
114,07/11/2021 17:14:37,25.74,2.56,,
115,07/11/2021 17:24:37,25.74,2.77,,
116,07/11/2021 17:34:37,25.78,2.77,,
117,07/11/2021 17:44:37,25.69,2.56,,
118,07/11/2021 17:54:37,25.69,2.56,,
119,07/11/2021 18:04:37,25.65,2.35,,
120,07/11/2021 18:14:37,25.61,5.34,,
121,07/11/2021 18:24:37,25.57,5.12,,
122,07/11/2021 18:34:37,25.52,5.77,,
123,07/11/2021 18:44:37,25.44,7.96,,
124,07/11/2021 18:54:37,25.35,6.83,,
125,07/11/2021 19:04:37,25.18,5.37,,
126,07/11/2021 19:14:37,25.01,4.94,,
127,07/11/2021 19:24:37,24.84,3.66,,
128,07/11/2021 19:34:37,24.58,3.01,,
129,07/11/2021 19:44:37,24.32,2.99,,
130,07/11/2021 19:54:37,23.98,2.35,,
131,07/11/2021 20:04:37,23.64,1.70,,
132,07/11/2021 20:14:37,23.21,1.06,,
133,07/11/2021 20:24:37,22.73,0.21,,
134,07/11/2021 20:34:37,22.26,0.00,,
135,07/11/2021 20:44:37,21.66,0.00,,
136,07/11/2021 20:54:37,21.15,0.00,,
137,07/11/2021 21:04:37,20.63,0.00,,
138,07/11/2021 21:14:37,20.12,0.00,,
139,07/11/2021 21:24:37,19.60,0.00,,
140,07/11/2021 21:34:37,19.17,0.00,,
141,07/11/2021 21:44:37,18.70,0.00,,
142,07/11/2021 21:54:37,18.23,0.00,,
143,07/11/2021 22:04:37,17.89,0.00,,
144,07/11/2021 22:14:37,17.63,0.00,,
145,07/11/2021 22:24:37,17.33,0.00,,
146,07/11/2021 22:34:37,17.07,0.00,,
147,07/11/2021 22:44:37,16.73,0.00,,
148,07/11/2021 22:54:37,16.51,0.00,,
149,07/11/2021 23:04:37,16.30,0.00,,
150,07/11/2021 23:14:37,16.08,0.00,,
151,07/11/2021 23:24:37,15.83,0.00,,
152,07/11/2021 23:34:37,15.61,0.00,,
153,07/11/2021 23:44:37,15.40,0.00,,
154,07/11/2021 23:54:37,15.23,0.00,,
155,07/12/2021 00:04:37,14.97,0.00,,
156,07/12/2021 00:14:37,14.84,0.00,,
157,07/12/2021 00:24:37,14.67,0.00,,
158,07/12/2021 00:34:37,14.54,0.00,,
159,07/12/2021 00:44:37,14.33,0.00,,
160,07/12/2021 00:54:37,14.24,0.00,,
161,07/12/2021 01:04:37,14.07,0.00,,
162,07/12/2021 01:14:37,14.03,0.00,,
163,07/12/2021 01:24:37,13.85,0.00,,
164,07/12/2021 01:34:37,13.77,0.00,,
165,07/12/2021 01:44:37,13.64,0.00,,
166,07/12/2021 01:54:37,13.55,0.00,,
167,07/12/2021 02:04:37,13.43,0.00,,
168,07/12/2021 02:14:37,13.38,0.00,,
169,07/12/2021 02:24:37,13.25,0.00,,
170,07/12/2021 02:34:37,13.21,0.00,,
171,07/12/2021 02:44:37,13.17,0.00,,
172,07/12/2021 02:54:37,13.08,0.00,,
173,07/12/2021 03:04:37,13.00,0.00,,
174,07/12/2021 03:14:37,12.87,0.00,,
175,07/12/2021 03:24:37,12.87,0.00,,
176,07/12/2021 03:34:37,12.78,0.00,,
177,07/12/2021 03:44:37,12.74,0.00,,
178,07/12/2021 03:54:37,12.74,0.00,,
179,07/12/2021 04:04:37,12.61,0.00,,
180,07/12/2021 04:14:37,12.57,0.00,,
181,07/12/2021 04:24:37,12.57,0.00,,
182,07/12/2021 04:34:37,12.52,0.00,,
183,07/12/2021 04:44:37,12.48,0.00,,
184,07/12/2021 04:54:37,12.57,0.00,,
185,07/12/2021 05:04:37,12.70,0.00,,
186,07/12/2021 05:14:37,12.87,0.00,,
187,07/12/2021 05:24:37,12.95,0.00,,
188,07/12/2021 05:34:37,13.38,0.00,,
189,07/12/2021 05:44:37,14.24,0.00,,
190,07/12/2021 05:54:37,15.61,0.00,,
191,07/12/2021 06:04:37,16.81,0.00,,
192,07/12/2021 06:14:37,16.86,0.00,,
193,07/12/2021 06:24:37,16.77,0.00,,
194,07/12/2021 06:34:37,16.47,0.00,,
195,07/12/2021 06:44:37,16.26,0.00,,
196,07/12/2021 06:54:37,16.34,0.00,,
197,07/12/2021 07:04:37,15.91,0.00,,
198,07/12/2021 07:14:37,15.57,0.00,,
199,07/12/2021 07:24:37,15.06,0.00,,
200,07/12/2021 07:34:37,14.88,0.00,,
201,07/12/2021 07:44:37,14.84,0.00,,
202,07/12/2021 07:54:37,14.84,0.00,,
203,07/12/2021 08:04:37,14.84,0.00,,
204,07/12/2021 08:14:37,14.88,0.00,,
205,07/12/2021 08:24:37,14.97,0.00,,
206,07/12/2021 08:34:37,14.97,78.64,,
207,07/12/2021 08:44:37,15.57,78.22,,
208,07/12/2021 08:54:37,16.43,113.88,,
209,07/12/2021 09:04:37,16.30,48.78,,
210,07/12/2021 09:14:37,16.13,52.64,,
211,07/12/2021 09:24:37,16.34,51.16,,
212,07/12/2021 09:34:37,16.73,55.02,,
213,07/12/2021 09:44:37,17.11,67.96,,
214,07/12/2021 09:54:37,17.50,75.28,,
215,07/12/2021 10:04:37,17.97,71.38,,
216,07/12/2021 10:14:37,18.44,74.86,,
217,07/12/2021 10:24:37,18.92,77.36,,
218,07/12/2021 10:34:37,19.13,73.08,,
219,07/12/2021 10:44:37,19.65,84.72,,
220,07/12/2021 10:54:37,20.46,32.22,,
221,07/12/2021 11:04:37,20.93,90.28,,
222,07/12/2021 11:14:37,21.28,86.00,,
223,07/12/2021 11:24:37,20.16,481.92,,
224,07/12/2021 11:34:37,16.77,94.68,,
225,07/12/2021 11:44:37,16.17,93.80,,
226,07/12/2021 11:54:37,16.64,11.38,,
227,07/12/2021 12:04:37,17.76,33.36,,
228,07/12/2021 12:14:37,19.13,28.80,,
229,07/12/2021 12:24:37,20.68,24.57,,
230,07/12/2021 12:34:37,22.35,33.55,,
231,07/12/2021 12:44:37,23.98,40.50,,
232,07/12/2021 12:54:37,25.48,41.78,,
233,07/12/2021 13:04:37,26.77,37.88,,
234,07/12/2021 13:14:37,27.84,20.67,,
235,07/12/2021 13:24:37,28.74,17.63,,
236,07/12/2021 13:34:37,29.47,46.04,,
237,07/12/2021 13:44:37,30.11,47.34,,
238,07/12/2021 13:54:37,30.67,47.34,,
239,07/12/2021 14:04:37,31.10,44.34,,
240,07/12/2021 14:14:37,31.49,39.59,,
241,07/12/2021 14:24:37,31.74,42.20,,
242,07/12/2021 14:34:37,31.96,35.74,,
243,07/12/2021 14:44:37,32.00,30.99,,
244,07/12/2021 14:54:37,32.00,30.56,,
245,07/12/2021 15:04:37,32.00,33.55,,
246,07/12/2021 15:14:37,31.92,29.28,,
247,07/12/2021 15:24:37,31.79,33.12,,
248,07/12/2021 15:34:37,31.61,32.70,,
249,07/12/2021 15:44:37,31.44,28.85,,
250,07/12/2021 15:54:37,31.27,31.84,,
251,07/12/2021 16:04:37,31.06,25.80,,
252,07/12/2021 16:14:37,30.84,25.80,,
253,07/12/2021 16:24:37,30.54,27.14,,
254,07/12/2021 16:34:37,30.37,30.13,,
255,07/12/2021 16:44:37,30.11,29.70,,
256,07/12/2021 16:54:37,29.81,30.13,,
257,07/12/2021 17:04:37,29.64,30.13,,
258,07/12/2021 17:14:37,29.34,32.27,,
259,07/12/2021 17:24:37,29.08,28.85,,
260,07/12/2021 17:34:37,28.78,27.57,,
261,07/12/2021 17:44:37,28.53,24.95,,
262,07/12/2021 17:54:37,28.23,21.53,,
263,07/12/2021 18:04:37,27.88,20.25,,
264,07/12/2021 18:14:37,27.50,20.25,,
265,07/12/2021 18:24:37,27.07,16.77,,
266,07/12/2021 18:34:37,26.68,12.47,,
267,07/12/2021 18:44:37,26.12,10.98,,
268,07/12/2021 18:54:37,25.65,9.88,,
269,07/12/2021 19:04:37,25.05,7.74,,
270,07/12/2021 19:14:37,24.54,6.67,,
271,07/12/2021 19:24:37,23.94,5.79,,
272,07/12/2021 19:34:37,23.38,4.94,,
273,07/12/2021 19:44:37,22.82,3.44,,
274,07/12/2021 19:54:37,22.31,2.37,,
275,07/12/2021 20:04:37,21.75,2.35,,
276,07/12/2021 20:14:37,21.23,1.70,,
277,07/12/2021 20:24:37,20.76,1.06,,
278,07/12/2021 20:34:37,20.20,0.42,,
279,07/12/2021 20:44:37,19.73,0.00,,
280,07/12/2021 20:54:37,19.26,0.00,,
281,07/12/2021 21:04:37,18.83,0.00,,
282,07/12/2021 21:14:37,18.40,0.00,,
283,07/12/2021 21:24:37,17.93,0.00,,
284,07/12/2021 21:34:37,17.50,0.00,,
285,07/12/2021 21:44:37,17.16,0.00,,
286,07/12/2021 21:54:37,16.73,0.00,,
287,07/12/2021 22:04:37,16.39,0.00,,
288,07/12/2021 22:14:37,16.04,0.00,,
289,07/12/2021 22:24:37,15.74,0.00,,
290,07/12/2021 22:34:37,15.44,0.00,,
291,07/12/2021 22:44:37,15.14,0.00,,
292,07/12/2021 22:54:37,14.88,0.00,,
293,07/12/2021 23:04:37,14.67,0.00,,
294,07/12/2021 23:14:37,14.37,0.00,,
295,07/12/2021 23:24:37,14.15,0.00,,
296,07/12/2021 23:34:37,14.03,0.00,,
297,07/12/2021 23:44:37,13.85,0.00,,
298,07/12/2021 23:54:37,13.73,0.00,,
299,07/13/2021 00:04:37,13.64,0.00,,
300,07/13/2021 00:14:37,13.51,0.00,,
301,07/13/2021 00:24:37,13.43,0.00,,
302,07/13/2021 00:34:37,13.34,0.00,,
303,07/13/2021 00:44:37,13.30,0.00,,
304,07/13/2021 00:54:37,13.21,0.00,,
305,07/13/2021 01:04:37,13.17,0.00,,
306,07/13/2021 01:14:37,13.12,0.00,,
307,07/13/2021 01:24:37,13.08,0.00,,
308,07/13/2021 01:34:37,13.04,0.00,,
309,07/13/2021 01:44:37,13.00,0.00,,
310,07/13/2021 01:54:37,12.91,0.00,,
311,07/13/2021 02:04:37,12.82,0.00,,
312,07/13/2021 02:14:37,12.78,0.00,,
313,07/13/2021 02:24:37,12.74,0.00,,
314,07/13/2021 02:34:37,12.70,0.00,,
315,07/13/2021 02:44:37,12.65,0.00,,
316,07/13/2021 02:54:37,12.65,0.00,,
317,07/13/2021 03:04:37,12.52,0.00,,
318,07/13/2021 03:14:37,12.52,0.00,,
319,07/13/2021 03:24:37,12.48,0.00,,
320,07/13/2021 03:34:37,12.44,0.00,,
321,07/13/2021 03:44:37,12.40,0.00,,
322,07/13/2021 03:54:37,12.35,0.00,,
323,07/13/2021 04:04:37,12.31,0.00,,
324,07/13/2021 04:14:37,12.27,0.00,,
325,07/13/2021 04:24:37,12.22,0.00,,
326,07/13/2021 04:34:37,12.18,0.00,,
327,07/13/2021 04:44:37,12.18,0.00,,
328,07/13/2021 04:54:37,12.14,0.00,,
329,07/13/2021 05:04:37,12.10,0.00,,
330,07/13/2021 05:14:37,12.01,0.00,,
331,07/13/2021 05:24:37,12.10,0.00,,
332,07/13/2021 05:34:37,12.05,0.00,,
333,07/13/2021 05:44:37,12.01,0.00,,
334,07/13/2021 05:54:37,11.97,0.00,,
335,07/13/2021 06:04:37,11.92,0.00,,
336,07/13/2021 06:14:37,11.97,0.00,,
337,07/13/2021 06:24:37,11.97,0.21,,
338,07/13/2021 06:34:37,12.01,5.58,,
339,07/13/2021 06:44:37,12.01,0.64,,
340,07/13/2021 06:54:37,12.05,1.70,,
341,07/13/2021 07:04:37,12.14,2.99,,
342,07/13/2021 07:14:37,12.22,3.41,,
343,07/13/2021 07:24:37,12.18,1.49,,
344,07/13/2021 07:34:37,12.14,1.70,,
345,07/13/2021 07:44:37,12.27,2.35,,
346,07/13/2021 07:54:37,12.61,2.35,,
347,07/13/2021 08:04:37,13.12,2.56,,
348,07/13/2021 08:14:37,13.73,3.41,,
349,07/13/2021 08:24:37,14.28,4.70,,
350,07/13/2021 08:34:37,14.71,5.34,,
351,07/13/2021 08:44:37,15.06,7.93,,
352,07/13/2021 08:54:37,15.23,358.40,,
353,07/13/2021 09:04:37,14.97,295.44,,
354,07/13/2021 09:14:37,13.60,748.80,,
355,07/13/2021 09:24:37,12.57,959.04,,
356,07/13/2021 09:34:37,12.44,1227.52,,
357,07/13/2021 09:44:37,12.57,1427.20,,
358,07/13/2021 09:54:37,12.74,1774.72,,
359,07/13/2021 10:04:37,12.91,2019.20,,
360,07/13/2021 10:14:37,13.30,2253.44,,
361,07/13/2021 10:24:37,13.60,2287.36,,
362,07/13/2021 10:34:37,14.20,2401.92,,
363,07/13/2021 10:44:37,14.41,2279.04,,
364,07/13/2021 10:54:37,14.67,2229.12,,
365,07/13/2021 11:04:37,14.33,2129.92,,
366,07/13/2021 11:14:37,14.41,2111.36,,
367,07/13/2021 11:24:37,14.58,2082.56,,
368,07/13/2021 11:34:37,14.75,1996.80,,
369,07/13/2021 11:44:37,14.88,1923.20,,
370,07/13/2021 11:54:37,15.14,1843.20,,
371,07/13/2021 12:04:37,15.40,1719.04,,
372,07/13/2021 12:14:37,15.70,1656.32,,
373,07/13/2021 12:24:37,15.78,1600.00,,
374,07/13/2021 12:34:37,15.83,1543.04,,
375,07/13/2021 12:44:37,16.00,1477.76,,
376,07/13/2021 12:54:37,16.04,1457.28,,
377,07/13/2021 13:04:37,15.44,1401.60,,
378,07/13/2021 13:14:37,14.93,1395.20,,
379,07/13/2021 13:24:37,14.93,1343.36,,
380,07/13/2021 13:34:37,15.36,1396.48,,
381,07/13/2021 13:44:37,15.53,1368.32,,
382,07/13/2021 13:54:37,15.83,1374.72,,
383,07/13/2021 14:04:37,15.48,1405.44,,
384,07/13/2021 14:14:37,15.27,1405.44,,
385,07/13/2021 14:24:37,15.10,1477.12,,
386,07/13/2021 14:34:37,14.75,1493.12,,
387,07/13/2021 14:44:37,14.84,1541.12,,
388,07/13/2021 14:54:37,14.71,1629.44,,
389,07/13/2021 15:04:37,14.67,1805.44,,
390,07/13/2021 15:14:37,14.58,1665.28,,
391,07/13/2021 15:24:37,14.93,1973.12,,
392,07/13/2021 15:34:37,14.88,2320.00,,
393,07/13/2021 15:44:37,15.10,1805.44,,
394,07/13/2021 15:54:37,14.84,2238.08,,
395,07/13/2021 16:04:37,14.58,2042.88,,
396,07/13/2021 16:14:37,14.58,2263.68,,
397,07/13/2021 16:24:37,14.71,1776.00,,
398,07/13/2021 16:34:37,14.50,1489.92,,
399,07/13/2021 16:44:37,14.15,1154.88,,
400,07/13/2021 16:54:37,14.33,1296.64,,
401,07/13/2021 17:04:37,14.24,1231.04,,
402,07/13/2021 17:14:37,14.37,1401.60,,
403,07/13/2021 17:24:37,14.24,968.32,,
404,07/13/2021 17:34:37,13.94,938.56,,
405,07/13/2021 17:44:37,13.68,743.36,,
406,07/13/2021 17:54:37,13.51,624.48,,
407,07/13/2021 18:04:37,13.21,600.48,,
408,07/13/2021 18:14:37,13.08,522.24,,
409,07/13/2021 18:24:37,13.08,427.68,,
410,07/13/2021 18:34:37,13.00,375.04,,
411,07/13/2021 18:44:37,13.21,320.96,,
412,07/13/2021 18:54:37,13.04,276.08,,
413,07/13/2021 19:04:37,12.87,216.88,,
414,07/13/2021 19:14:37,12.82,196.88,,
415,07/13/2021 19:24:37,12.78,148.00,,
416,07/13/2021 19:34:37,12.61,119.56,,
417,07/13/2021 19:44:37,12.65,97.16,,
418,07/13/2021 19:54:37,12.70,66.24,,
419,07/13/2021 20:04:37,12.70,49.84,,
420,07/13/2021 20:14:37,12.57,30.53,,
421,07/13/2021 20:24:37,12.52,18.70,,
422,07/13/2021 20:34:37,12.35,8.17,,
423,07/13/2021 20:44:37,12.40,2.56,,
424,07/13/2021 20:54:37,12.35,0.00,,
425,07/13/2021 21:04:37,12.44,0.00,,
426,07/13/2021 21:14:37,12.52,0.00,,
427,07/13/2021 21:24:37,12.40,0.00,,
428,07/13/2021 21:34:37,12.27,0.00,,
429,07/13/2021 21:44:37,12.35,0.00,,
430,07/13/2021 21:54:37,12.40,0.00,,
431,07/13/2021 22:04:37,12.18,0.00,,
432,07/13/2021 22:14:37,12.31,0.00,,
433,07/13/2021 22:24:37,12.40,0.00,,
434,07/13/2021 22:34:37,12.27,0.00,,
435,07/13/2021 22:44:37,12.35,0.00,,
436,07/13/2021 22:54:37,12.31,0.00,,
437,07/13/2021 23:04:37,12.35,0.00,,
438,07/13/2021 23:14:37,12.18,0.00,,
439,07/13/2021 23:24:37,12.31,0.00,,
440,07/13/2021 23:34:37,12.44,0.00,,
441,07/13/2021 23:44:37,12.40,0.00,,
442,07/13/2021 23:54:37,12.35,0.00,,
443,07/14/2021 00:04:37,12.31,0.00,,
444,07/14/2021 00:14:37,12.27,0.00,,
445,07/14/2021 00:24:37,12.40,0.00,,
446,07/14/2021 00:34:37,12.44,0.00,,
447,07/14/2021 00:44:37,12.48,0.00,,
448,07/14/2021 00:54:37,12.61,0.00,,
449,07/14/2021 01:04:37,12.78,0.00,,
450,07/14/2021 01:14:37,12.78,0.00,,
451,07/14/2021 01:24:37,12.82,0.00,,
452,07/14/2021 01:34:37,12.78,0.00,,
453,07/14/2021 01:44:37,12.91,0.00,,
454,07/14/2021 01:54:37,13.00,0.00,,
455,07/14/2021 02:04:37,13.17,0.00,,
456,07/14/2021 02:14:37,13.25,0.00,,
457,07/14/2021 02:24:37,13.25,0.00,,
458,07/14/2021 02:34:37,13.25,0.00,,
459,07/14/2021 02:44:37,13.17,0.00,,
460,07/14/2021 02:54:37,13.21,0.00,,
461,07/14/2021 03:04:37,13.17,0.00,,
462,07/14/2021 03:14:37,13.00,0.00,,
463,07/14/2021 03:24:37,13.00,0.00,,
464,07/14/2021 03:34:37,12.91,0.00,,
465,07/14/2021 03:44:37,13.04,0.00,,
466,07/14/2021 03:54:37,12.78,0.00,,
467,07/14/2021 04:04:37,12.78,0.00,,
468,07/14/2021 04:14:37,12.82,0.00,,
469,07/14/2021 04:24:37,12.82,0.00,,
470,07/14/2021 04:34:37,12.91,0.00,,
471,07/14/2021 04:44:37,12.82,0.00,,
472,07/14/2021 04:54:37,12.82,0.00,,
473,07/14/2021 05:04:37,12.91,0.00,,
474,07/14/2021 05:14:37,12.74,0.00,,
475,07/14/2021 05:24:37,12.95,0.00,,
476,07/14/2021 05:34:37,12.87,0.00,,
477,07/14/2021 05:44:37,12.65,0.42,,
478,07/14/2021 05:54:37,12.74,3.41,,
479,07/14/2021 06:04:37,12.57,8.38,,
480,07/14/2021 06:14:37,12.82,19.55,,
481,07/14/2021 06:24:37,12.78,33.71,,
482,07/14/2021 06:34:37,12.87,55.00,,
483,07/14/2021 06:44:37,12.82,74.80,,
484,07/14/2021 06:54:37,12.65,99.32,,
485,07/14/2021 07:04:37,12.78,135.92,,
486,07/14/2021 07:14:37,12.74,180.56,,
487,07/14/2021 07:24:37,12.65,203.84,,
488,07/14/2021 07:34:37,12.78,233.12,,
489,07/14/2021 07:44:37,12.74,248.56,,
490,07/14/2021 07:54:37,12.87,303.68,,
491,07/14/2021 08:04:37,12.87,394.08,,
492,07/14/2021 08:14:37,12.95,483.36,,
493,07/14/2021 08:24:37,13.00,491.36,,
494,07/14/2021 08:34:37,12.91,530.88,,
495,07/14/2021 08:44:37,13.04,581.76,,
496,07/14/2021 08:54:37,13.34,680.32,,
497,07/14/2021 09:04:37,13.47,759.36,,
498,07/14/2021 09:14:37,13.55,805.12,,
499,07/14/2021 09:24:37,13.68,913.92,,
500,07/14/2021 09:34:37,13.68,927.36,,
501,07/14/2021 09:44:37,13.94,1059.84,,
502,07/14/2021 09:54:37,14.07,1185.60,,
503,07/14/2021 10:04:37,14.37,1377.28,,
504,07/14/2021 10:14:37,14.54,1662.72,,
505,07/14/2021 10:24:37,14.88,2181.76,,
506,07/14/2021 10:34:37,15.48,2403.84,,
507,07/14/2021 10:44:37,15.61,2348.80,,
508,07/14/2021 10:54:37,15.78,1895.68,,
509,07/14/2021 11:04:37,15.87,2184.96,,
510,07/14/2021 11:14:37,16.13,2215.68,,
511,07/14/2021 11:24:37,16.43,2159.36,,
512,07/14/2021 11:34:37,15.91,2058.24,,
513,07/14/2021 11:44:37,15.61,1962.88,,
514,07/14/2021 11:54:37,15.74,1798.40,,
515,07/14/2021 12:04:37,15.66,1729.92,,
516,07/14/2021 12:14:37,15.66,1640.96,,
517,07/14/2021 12:24:37,15.83,1611.52,,
518,07/14/2021 12:34:37,16.17,1554.56,,
519,07/14/2021 12:44:37,16.47,1460.48,,
520,07/14/2021 12:54:37,16.77,1432.32,,
521,07/14/2021 13:04:37,17.03,1395.20,,
522,07/14/2021 13:14:37,17.37,1382.40,,
523,07/14/2021 13:24:37,17.67,1363.84,,
524,07/14/2021 13:34:37,18.06,1340.16,,
525,07/14/2021 13:44:37,18.44,1300.16,,
526,07/14/2021 13:54:37,19.00,1335.68,,
527,07/14/2021 14:04:37,19.30,1353.60,,
528,07/14/2021 14:14:37,19.39,1360.00,,
529,07/14/2021 14:24:37,19.00,1452.16,,
530,07/14/2021 14:34:37,18.74,1415.68,,
531,07/14/2021 14:44:37,18.79,1443.84,,
532,07/14/2021 14:54:37,18.87,1457.92,,
533,07/14/2021 15:04:37,19.00,1464.32,,
534,07/14/2021 15:14:37,18.83,1465.60,,
535,07/14/2021 15:24:37,18.96,1584.00,,
536,07/14/2021 15:34:37,18.02,1755.52,,
537,07/14/2021 15:44:37,17.67,1500.16,,
538,07/14/2021 15:54:37,17.33,1624.32,,
539,07/14/2021 16:04:37,17.24,1701.76,,
540,07/14/2021 16:14:37,17.29,1688.96,,
541,07/14/2021 16:24:37,17.03,1816.96,,
542,07/14/2021 16:34:37,16.99,1815.68,,
543,07/14/2021 16:44:37,16.90,1984.64,,
544,07/14/2021 16:54:37,16.81,2294.40,,
545,07/14/2021 17:04:37,16.21,2092.80,,
546,07/14/2021 17:14:37,16.08,2138.88,,
547,07/14/2021 17:24:37,15.91,2070.40,,
548,07/14/2021 17:34:37,16.13,2323.20,,
549,07/14/2021 17:44:37,15.96,2670.08,,
550,07/14/2021 17:54:37,15.74,2284.16,,
551,07/14/2021 18:04:37,15.53,2277.12,,
552,07/14/2021 18:14:37,15.23,2592.00,,
553,07/14/2021 18:24:37,15.18,2424.32,,
554,07/14/2021 18:34:37,15.06,2520.32,,
555,07/14/2021 18:44:37,14.80,2427.52,,
556,07/14/2021 18:54:37,14.63,2359.04,,
557,07/14/2021 19:04:37,14.54,2171.52,,
558,07/14/2021 19:14:37,14.33,2108.16,,
559,07/14/2021 19:24:37,13.94,1736.96,,
560,07/14/2021 19:34:37,13.47,430.88,,
561,07/14/2021 19:44:37,13.08,316.48,,
562,07/14/2021 19:54:37,13.00,229.76,,
563,07/14/2021 20:04:37,13.00,155.68,,
564,07/14/2021 20:14:37,12.78,98.04,,
565,07/14/2021 20:24:37,12.78,46.18,,
566,07/14/2021 20:34:37,12.52,16.99,,
567,07/14/2021 20:44:37,12.40,4.06,,
568,07/14/2021 20:54:37,12.35,0.21,,
569,07/14/2021 21:04:37,12.35,0.00,,
570,07/14/2021 21:14:37,12.18,0.00,,
571,07/14/2021 21:24:37,12.10,0.00,,
572,07/14/2021 21:34:37,12.14,0.00,,
573,07/14/2021 21:44:37,12.10,0.00,,
574,07/14/2021 21:54:37,12.05,0.00,,
575,07/14/2021 22:04:37,11.92,0.00,,
576,07/14/2021 22:14:37,12.01,0.00,,
577,07/14/2021 22:24:37,12.10,0.00,,
578,07/14/2021 22:34:37,12.10,0.00,,
579,07/14/2021 22:44:37,12.14,0.00,,
580,07/14/2021 22:54:37,12.31,0.00,,
581,07/14/2021 23:04:37,12.27,0.00,,
582,07/14/2021 23:14:37,12.40,0.00,,
583,07/14/2021 23:24:37,12.27,0.00,,
584,07/14/2021 23:34:37,12.35,0.00,,
585,07/14/2021 23:44:37,12.44,0.00,,
586,07/14/2021 23:54:37,12.35,0.00,,
587,07/15/2021 00:04:37,12.35,0.00,,
588,07/15/2021 00:14:37,12.31,0.00,,
589,07/15/2021 00:24:37,12.22,0.00,,
590,07/15/2021 00:34:37,12.22,0.00,,
591,07/15/2021 00:44:37,12.18,0.00,,
592,07/15/2021 00:54:37,12.14,0.00,,
593,07/15/2021 01:04:37,12.14,0.00,,
594,07/15/2021 01:14:37,12.18,0.00,,
595,07/15/2021 01:24:37,12.22,0.00,,
596,07/15/2021 01:34:37,12.18,0.00,,
597,07/15/2021 01:44:37,12.35,0.00,,
598,07/15/2021 01:54:37,12.44,0.00,,
599,07/15/2021 02:04:37,12.40,0.00,,
600,07/15/2021 02:14:37,12.52,0.00,,
601,07/15/2021 02:24:37,12.44,0.00,,
602,07/15/2021 02:34:37,12.57,0.00,,
603,07/15/2021 02:44:37,12.52,0.00,,
604,07/15/2021 02:54:37,12.70,0.00,,
605,07/15/2021 03:04:37,12.61,0.00,,
606,07/15/2021 03:14:37,12.52,0.00,,
607,07/15/2021 03:24:37,12.52,0.00,,
608,07/15/2021 03:34:37,12.57,0.00,,
609,07/15/2021 03:44:37,12.70,0.00,,
610,07/15/2021 03:54:37,12.57,0.00,,
611,07/15/2021 04:04:37,12.65,0.00,,
612,07/15/2021 04:14:37,12.61,0.00,,
613,07/15/2021 04:24:37,12.61,0.00,,
614,07/15/2021 04:34:37,12.27,0.00,,
615,07/15/2021 04:44:37,12.35,0.00,,
616,07/15/2021 04:54:37,12.14,0.00,,
617,07/15/2021 05:04:37,12.14,0.00,,
618,07/15/2021 05:14:37,12.14,0.00,,
619,07/15/2021 05:24:37,12.14,0.00,,
620,07/15/2021 05:34:37,12.01,0.00,,
621,07/15/2021 05:44:37,12.10,0.21,,
622,07/15/2021 05:54:37,11.92,3.20,,
623,07/15/2021 06:04:37,11.84,9.67,,
624,07/15/2021 06:14:37,11.58,21.93,,
625,07/15/2021 06:24:37,11.54,40.39,,
626,07/15/2021 06:34:37,11.41,61.04,,
627,07/15/2021 06:44:37,11.24,85.08,,
628,07/15/2021 06:54:37,11.28,116.16,,
629,07/15/2021 07:04:37,11.28,145.44,,
630,07/15/2021 07:14:37,11.37,189.20,,
631,07/15/2021 07:24:37,11.32,234.00,,
632,07/15/2021 07:34:37,11.49,292.48,,
633,07/15/2021 07:44:37,11.62,356.80,,
634,07/15/2021 07:54:37,11.71,371.68,,
635,07/15/2021 08:04:37,11.84,383.52,,
636,07/15/2021 08:14:37,11.92,448.16,,
637,07/15/2021 08:24:37,12.05,570.24,,
638,07/15/2021 08:34:37,12.14,697.60,,
639,07/15/2021 08:44:37,12.22,767.04,,
640,07/15/2021 08:54:37,12.27,846.08,,
641,07/15/2021 09:04:37,12.40,1000.00,,
642,07/15/2021 09:14:37,12.70,1104.32,,
643,07/15/2021 09:24:37,12.91,1072.64,,
644,07/15/2021 09:34:37,12.91,1113.92,,
645,07/15/2021 09:44:37,13.00,1182.08,,
646,07/15/2021 09:54:37,13.12,1265.28,,
647,07/15/2021 10:04:37,13.43,1206.08,,
648,07/15/2021 10:14:37,13.30,1326.72,,
649,07/15/2021 10:24:37,13.43,1487.36,,
650,07/15/2021 10:34:37,13.51,1324.80,,
651,07/15/2021 10:44:37,13.30,1347.20,,
652,07/15/2021 10:54:37,13.30,1347.84,,
653,07/15/2021 11:04:37,13.47,1352.96,,
654,07/15/2021 11:14:37,13.25,1439.36,,
655,07/15/2021 11:24:37,13.25,1484.16,,
656,07/15/2021 11:34:37,13.12,1602.56,,
657,07/15/2021 11:44:37,13.17,1816.96,,
658,07/15/2021 11:54:37,13.60,2608.64,,
659,07/15/2021 12:04:37,13.85,2597.12,,
660,07/15/2021 12:14:37,13.85,2062.08,,
661,07/15/2021 12:24:37,13.81,2258.56,,
662,07/15/2021 12:34:37,13.60,2164.48,,
663,07/15/2021 12:44:37,13.43,2144.00,,
664,07/15/2021 12:54:37,13.60,2292.48,,
665,07/15/2021 13:04:37,13.68,2083.84,,
666,07/15/2021 13:14:37,13.77,2048.00,,
667,07/15/2021 13:24:37,13.55,2088.96,,
668,07/15/2021 13:34:37,13.85,2136.96,,
669,07/15/2021 13:44:37,13.77,2014.08,,
670,07/15/2021 13:54:37,13.68,1974.40,,
671,07/15/2021 14:04:37,13.64,2034.56,,
672,07/15/2021 14:14:37,13.64,1822.08,,
673,07/15/2021 14:24:37,13.60,2118.40,,
674,07/15/2021 14:34:37,13.68,1991.68,,
675,07/15/2021 14:44:37,13.68,1964.16,,
676,07/15/2021 14:54:37,13.73,1918.08,,
677,07/15/2021 15:04:37,13.68,1885.44,,
678,07/15/2021 15:14:37,13.73,2053.12,,
679,07/15/2021 15:24:37,13.64,1993.60,,
680,07/15/2021 15:34:37,13.64,1841.28,,
681,07/15/2021 15:44:37,13.43,1894.40,,
682,07/15/2021 15:54:37,13.55,1816.96,,
683,07/15/2021 16:04:37,13.30,1564.80,,
684,07/15/2021 16:14:37,13.38,1340.16,,
685,07/15/2021 16:24:37,13.34,1171.84,,
686,07/15/2021 16:34:37,13.25,1039.36,,
687,07/15/2021 16:44:37,13.21,934.40,,
688,07/15/2021 16:54:37,13.04,943.68,,
689,07/15/2021 17:04:37,13.08,867.20,,
690,07/15/2021 17:14:37,13.43,792.32,,
691,07/15/2021 17:24:37,13.21,746.56,,
692,07/15/2021 17:34:37,13.17,646.72,,
693,07/15/2021 17:44:37,13.25,557.28,,
694,07/15/2021 17:54:37,13.25,473.92,,
695,07/15/2021 18:04:37,13.17,435.36,,
696,07/15/2021 18:14:37,13.34,387.84,,
697,07/15/2021 18:24:37,13.25,358.72,,
698,07/15/2021 18:34:37,13.12,304.56,,
699,07/15/2021 18:44:37,13.04,272.72,,
700,07/15/2021 18:54:37,12.82,233.12,,
701,07/15/2021 19:04:37,13.04,189.20,,
702,07/15/2021 19:14:37,12.78,153.96,,
703,07/15/2021 19:24:37,12.82,129.92,,
704,07/15/2021 19:34:37,12.91,106.20,,
705,07/15/2021 19:44:37,12.87,80.84,,
706,07/15/2021 19:54:37,12.87,60.40,,
707,07/15/2021 20:04:37,12.87,40.60,,
708,07/15/2021 20:14:37,12.74,25.38,,
709,07/15/2021 20:24:37,12.65,13.75,,
710,07/15/2021 20:34:37,12.61,5.98,,
711,07/15/2021 20:44:37,12.61,1.06,,
712,07/15/2021 20:54:37,12.61,0.00,,
713,07/15/2021 21:04:37,12.65,0.00,,
714,07/15/2021 21:14:37,12.78,0.00,,
715,07/15/2021 21:24:37,12.70,0.00,,
716,07/15/2021 21:34:37,12.70,0.00,,
717,07/15/2021 21:44:37,12.57,0.00,,
718,07/15/2021 21:54:37,12.57,0.00,,
719,07/15/2021 22:04:37,12.70,0.00,,
720,07/15/2021 22:14:37,12.44,0.00,,
721,07/15/2021 22:24:37,12.48,0.00,,
722,07/15/2021 22:34:37,12.48,0.00,,
723,07/15/2021 22:44:37,12.52,0.00,,
724,07/15/2021 22:54:37,12.40,0.00,,
725,07/15/2021 23:04:37,12.40,0.00,,
726,07/15/2021 23:14:37,12.40,0.00,,
727,07/15/2021 23:24:37,12.40,0.00,,
728,07/15/2021 23:34:37,12.35,0.00,,
729,07/15/2021 23:44:37,12.22,0.00,,
730,07/15/2021 23:54:37,12.40,0.00,,
731,07/16/2021 00:04:37,12.18,0.00,,
732,07/16/2021 00:14:37,12.14,0.00,,
733,07/16/2021 00:24:37,12.27,0.00,,
734,07/16/2021 00:34:37,12.18,0.00,,
735,07/16/2021 00:44:37,12.18,0.00,,
736,07/16/2021 00:54:37,12.40,0.00,,
737,07/16/2021 01:04:37,12.31,0.00,,
738,07/16/2021 01:14:37,12.31,0.00,,
739,07/16/2021 01:24:37,12.44,0.00,,
740,07/16/2021 01:34:37,12.44,0.00,,
741,07/16/2021 01:44:37,12.57,0.00,,
742,07/16/2021 01:54:37,12.52,0.00,,
743,07/16/2021 02:04:37,12.61,0.00,,
744,07/16/2021 02:14:37,12.65,0.00,,
745,07/16/2021 02:24:37,12.57,0.00,,
746,07/16/2021 02:34:37,12.61,0.00,,
747,07/16/2021 02:44:37,12.74,0.00,,
748,07/16/2021 02:54:37,12.74,0.00,,
749,07/16/2021 03:04:37,12.74,0.00,,
750,07/16/2021 03:14:37,12.87,0.00,,
751,07/16/2021 03:24:37,12.82,0.00,,
752,07/16/2021 03:34:37,12.87,0.00,,
753,07/16/2021 03:44:37,12.82,0.00,,
754,07/16/2021 03:54:37,12.74,0.00,,
755,07/16/2021 04:04:37,12.70,0.00,,
756,07/16/2021 04:14:37,12.78,0.00,,
757,07/16/2021 04:24:37,12.70,0.00,,
758,07/16/2021 04:34:37,12.65,0.00,,
759,07/16/2021 04:44:37,12.57,0.00,,
760,07/16/2021 04:54:37,12.57,0.00,,
761,07/16/2021 05:04:37,12.65,0.00,,
762,07/16/2021 05:14:37,12.82,0.00,,
763,07/16/2021 05:24:37,12.70,0.00,,
764,07/16/2021 05:34:37,12.61,0.00,,
765,07/16/2021 05:44:37,12.52,0.21,,
766,07/16/2021 05:54:37,12.31,2.99,,
767,07/16/2021 06:04:37,12.18,9.24,,
768,07/16/2021 06:14:37,12.01,20.62,,
769,07/16/2021 06:24:37,12.01,35.23,,
770,07/16/2021 06:34:37,12.01,50.28,,
771,07/16/2021 06:44:37,11.97,69.24,,
772,07/16/2021 06:54:37,11.92,87.72,,
773,07/16/2021 07:04:37,11.97,113.08,,
774,07/16/2021 07:14:37,12.05,140.20,,
775,07/16/2021 07:24:37,12.05,170.32,,
776,07/16/2021 07:34:37,12.10,197.76,,
777,07/16/2021 07:44:37,12.18,214.96,,
778,07/16/2021 07:54:37,12.18,251.92,,
779,07/16/2021 08:04:37,12.14,320.80,,
780,07/16/2021 08:14:37,12.22,346.56,,
781,07/16/2021 08:24:37,12.31,344.96,,
782,07/16/2021 08:34:37,12.48,376.80,,
783,07/16/2021 08:44:37,12.48,394.88,,
784,07/16/2021 08:54:37,12.57,406.08,,
785,07/16/2021 09:04:37,12.52,469.76,,
786,07/16/2021 09:14:37,12.65,492.00,,
787,07/16/2021 09:24:37,12.78,516.32,,
788,07/16/2021 09:34:37,12.65,549.60,,
789,07/16/2021 09:44:37,12.82,640.64,,
790,07/16/2021 09:54:37,12.82,658.24,,
791,07/16/2021 10:04:37,12.78,745.92,,
792,07/16/2021 10:14:37,12.91,844.48,,
793,07/16/2021 10:24:37,13.04,942.72,,
794,07/16/2021 10:34:37,13.38,1109.44,,
795,07/16/2021 10:44:37,13.55,1254.08,,
796,07/16/2021 10:54:37,13.81,1408.64,,
797,07/16/2021 11:04:37,14.07,1614.72,,
798,07/16/2021 11:14:37,14.50,1986.56,,
799,07/16/2021 11:24:37,14.71,2142.08,,
800,07/16/2021 11:34:37,15.06,2080.64,,
801,07/16/2021 11:44:37,15.44,1914.88,,
802,07/16/2021 11:54:37,15.53,1803.52,,
803,07/16/2021 12:04:37,15.87,1726.72,,
804,07/16/2021 12:14:37,16.26,1670.40,,
805,07/16/2021 12:24:37,16.51,1612.16,,
806,07/16/2021 12:34:37,16.86,1546.88,,
807,07/16/2021 12:44:37,17.03,1452.16,,
808,07/16/2021 12:54:37,17.16,1424.64,,
809,07/16/2021 13:04:37,17.41,1369.60,,
810,07/16/2021 13:14:37,17.50,1352.96,,
811,07/16/2021 13:24:37,17.67,1328.00,,
812,07/16/2021 13:34:37,17.76,1292.48,,
813,07/16/2021 13:44:37,17.93,1314.56,,
814,07/16/2021 13:54:37,18.06,1313.92,,
815,07/16/2021 14:04:37,18.19,1317.12,,
816,07/16/2021 14:14:37,18.27,1352.32,,
817,07/16/2021 14:24:37,18.49,1380.48,,
818,07/16/2021 14:34:37,18.40,1465.60,,
819,07/16/2021 14:44:37,18.49,1477.12,,
820,07/16/2021 14:54:37,18.23,1413.76,,
821,07/16/2021 15:04:37,17.93,1537.92,,
822,07/16/2021 15:14:37,17.76,1559.68,,
823,07/16/2021 15:24:37,17.63,1490.56,,
824,07/16/2021 15:34:37,17.89,1634.56,,
825,07/16/2021 15:44:37,17.97,1646.08,,
826,07/16/2021 15:54:37,18.27,1571.20,,
827,07/16/2021 16:04:37,18.49,1564.16,,
828,07/16/2021 16:14:37,18.23,1655.68,,
829,07/16/2021 16:24:37,18.19,1691.52,,
830,07/16/2021 16:34:37,18.27,1681.28,,
831,07/16/2021 16:44:37,18.32,1863.68,,
832,07/16/2021 16:54:37,18.23,1968.00,,
833,07/16/2021 17:04:37,17.84,2213.76,,
834,07/16/2021 17:14:37,17.29,2244.48,,
835,07/16/2021 17:24:37,16.77,2124.80,,
836,07/16/2021 17:34:37,16.26,2155.52,,
837,07/16/2021 17:44:37,16.08,2218.88,,
838,07/16/2021 17:54:37,15.83,2103.04,,
839,07/16/2021 18:04:37,15.78,2048.00,,
840,07/16/2021 18:14:37,15.66,2538.88,,
841,07/16/2021 18:24:37,15.74,2554.24,,
842,07/16/2021 18:34:37,15.53,2355.84,,
843,07/16/2021 18:44:37,15.40,2831.36,,
844,07/16/2021 18:54:37,15.40,2232.96,,
845,07/16/2021 19:04:37,15.23,1596.16,,
846,07/16/2021 19:14:37,14.84,759.36,,
847,07/16/2021 19:24:37,14.63,892.48,,
848,07/16/2021 19:34:37,14.50,597.12,,
849,07/16/2021 19:44:37,14.37,477.60,,
850,07/16/2021 19:54:37,14.20,294.16,,
851,07/16/2021 20:04:37,14.07,203.04,,
852,07/16/2021 20:14:37,14.03,122.24,,
853,07/16/2021 20:24:37,14.03,61.06,,
854,07/16/2021 20:34:37,13.77,22.78,,
855,07/16/2021 20:44:37,13.77,5.15,,
856,07/16/2021 20:54:37,13.55,0.42,,
857,07/16/2021 21:04:37,13.55,0.00,,
858,07/16/2021 21:14:37,13.51,0.00,,
859,07/16/2021 21:24:37,13.55,0.00,,
860,07/16/2021 21:34:37,13.51,0.00,,
861,07/16/2021 21:44:37,13.55,0.00,,
862,07/16/2021 21:54:37,13.81,0.00,,
863,07/16/2021 22:04:37,13.77,0.00,,
864,07/16/2021 22:14:37,13.77,0.00,,
865,07/16/2021 22:24:37,13.81,0.00,,
866,07/16/2021 22:34:37,13.60,0.00,,
867,07/16/2021 22:44:37,13.43,0.00,,
868,07/16/2021 22:54:37,13.30,0.00,,
869,07/16/2021 23:04:37,12.57,0.00,,
870,07/16/2021 23:14:37,12.27,0.00,,
871,07/16/2021 23:24:37,12.31,0.00,,
872,07/16/2021 23:34:37,12.27,0.00,,
873,07/16/2021 23:44:37,12.65,0.00,,
874,07/16/2021 23:54:37,12.48,0.00,,
875,07/17/2021 00:04:37,12.27,0.00,,
876,07/17/2021 00:14:37,12.18,0.00,,
877,07/17/2021 00:24:37,12.22,0.00,,
878,07/17/2021 00:34:37,12.22,0.00,,
879,07/17/2021 00:44:37,12.10,0.00,,
880,07/17/2021 00:54:37,12.18,0.00,,
881,07/17/2021 01:04:37,12.35,0.00,,
882,07/17/2021 01:14:37,12.31,0.00,,
883,07/17/2021 01:24:37,12.22,0.00,,
884,07/17/2021 01:34:37,12.10,0.00,,
885,07/17/2021 01:44:37,12.18,0.00,,
886,07/17/2021 01:54:37,12.22,0.00,,
887,07/17/2021 02:04:37,12.14,0.00,,
888,07/17/2021 02:14:37,12.10,0.00,,
889,07/17/2021 02:24:37,12.27,0.00,,
890,07/17/2021 02:34:37,12.27,0.00,,
891,07/17/2021 02:44:37,12.27,0.00,,
892,07/17/2021 02:54:37,12.22,0.00,,
893,07/17/2021 03:04:37,12.31,0.00,,
894,07/17/2021 03:14:37,12.35,0.00,,
895,07/17/2021 03:24:37,12.40,0.00,,
896,07/17/2021 03:34:37,12.48,0.00,,
897,07/17/2021 03:44:37,12.44,0.00,,
898,07/17/2021 03:54:37,12.35,0.00,,
899,07/17/2021 04:04:37,12.31,0.00,,
900,07/17/2021 04:14:37,12.31,0.00,,
901,07/17/2021 04:24:37,12.40,0.00,,
902,07/17/2021 04:34:37,12.40,0.00,,
903,07/17/2021 04:44:37,12.35,0.00,,
904,07/17/2021 04:54:37,12.57,0.00,,
905,07/17/2021 05:04:37,12.91,0.00,,
906,07/17/2021 05:14:37,12.91,0.00,,
907,07/17/2021 05:24:37,12.87,0.00,,
908,07/17/2021 05:34:37,12.95,0.00,,
909,07/17/2021 05:44:37,12.87,0.64,,
910,07/17/2021 05:54:37,12.87,5.77,,
911,07/17/2021 06:04:37,12.91,18.27,,
912,07/17/2021 06:14:37,12.57,39.72,,
913,07/17/2021 06:24:37,12.65,57.16,,
914,07/17/2021 06:34:37,12.70,84.28,,
915,07/17/2021 06:44:37,12.65,127.24,,
916,07/17/2021 06:54:37,12.65,154.84,,
917,07/17/2021 07:04:37,12.65,212.40,,
918,07/17/2021 07:14:37,12.65,278.64,,
919,07/17/2021 07:24:37,12.70,344.00,,
920,07/17/2021 07:34:37,12.87,473.12,,
921,07/17/2021 07:44:37,13.04,564.16,,
922,07/17/2021 07:54:37,13.17,730.24,,
923,07/17/2021 08:04:37,13.34,1147.20,,
924,07/17/2021 08:14:37,13.47,1404.16,,
925,07/17/2021 08:24:37,13.51,1057.28,,
926,07/17/2021 08:34:37,13.64,1102.72,,
927,07/17/2021 08:44:37,13.77,1409.28,,
928,07/17/2021 08:54:37,13.81,1953.92,,
929,07/17/2021 09:04:37,14.11,2904.32,,
930,07/17/2021 09:14:37,14.28,2810.88,,
931,07/17/2021 09:24:37,14.50,2750.72,,
932,07/17/2021 09:34:37,14.71,2681.60,,
933,07/17/2021 09:44:37,15.06,2598.40,,
934,07/17/2021 09:54:37,15.27,2562.56,,
935,07/17/2021 10:04:37,15.48,2412.16,,
936,07/17/2021 10:14:37,15.70,2366.08,,
937,07/17/2021 10:24:37,15.91,2340.48,,
938,07/17/2021 10:34:37,16.39,2197.12,,
939,07/17/2021 10:44:37,16.64,2205.44,,
940,07/17/2021 10:54:37,16.81,2048.00,,
941,07/17/2021 11:04:37,16.86,1991.68,,
942,07/17/2021 11:14:37,17.46,1957.76,,
943,07/17/2021 11:24:37,18.14,1868.80,,
944,07/17/2021 11:34:37,18.36,1831.04,,
945,07/17/2021 11:44:37,18.44,1774.72,,
946,07/17/2021 11:54:37,18.66,1713.92,,
947,07/17/2021 12:04:37,18.79,1649.92,,
948,07/17/2021 12:14:37,18.70,1642.24,,
949,07/17/2021 12:24:37,18.83,1569.92,,
950,07/17/2021 12:34:37,18.92,1500.80,,
951,07/17/2021 12:44:37,18.87,1490.56,,
952,07/17/2021 12:54:37,19.05,1436.80,,
953,07/17/2021 13:04:37,18.92,1401.60,,
954,07/17/2021 13:14:37,18.57,1388.80,,
955,07/17/2021 13:24:37,18.92,1393.92,,
956,07/17/2021 13:34:37,19.17,1363.84,,
957,07/17/2021 13:44:37,19.30,1361.28,,
958,07/17/2021 13:54:37,19.47,1349.76,,
959,07/17/2021 14:04:37,19.73,1365.12,,
960,07/17/2021 14:14:37,19.52,1349.76,,
961,07/17/2021 14:24:37,19.35,1416.32,,
962,07/17/2021 14:34:37,19.39,1404.16,,
963,07/17/2021 14:44:37,19.39,1449.60,,
964,07/17/2021 14:54:37,19.65,1528.96,,
965,07/17/2021 15:04:37,19.95,1521.28,,
966,07/17/2021 15:14:37,19.69,1577.60,,
967,07/17/2021 15:24:37,19.65,1508.48,,
968,07/17/2021 15:34:37,19.39,1598.72,,
969,07/17/2021 15:44:37,18.92,1635.84,,
970,07/17/2021 15:54:37,18.49,1727.36,,
971,07/17/2021 16:04:37,18.53,1611.52,,
972,07/17/2021 16:14:37,18.66,1945.60,,
973,07/17/2021 16:24:37,18.83,1726.72,,
974,07/17/2021 16:34:37,19.39,1737.60,,
975,07/17/2021 16:44:37,19.00,1670.40,,
976,07/17/2021 16:54:37,18.92,1912.96,,
977,07/17/2021 17:04:37,18.70,2060.16,,
978,07/17/2021 17:14:37,18.40,2306.56,,
979,07/17/2021 17:24:37,17.84,2386.56,,
980,07/17/2021 17:34:37,17.54,2123.52,,
981,07/17/2021 17:44:37,17.59,2352.64,,
982,07/17/2021 17:54:37,17.59,2234.24,,
983,07/17/2021 18:04:37,17.50,2391.68,,
984,07/17/2021 18:14:37,17.11,2535.68,,
985,07/17/2021 18:24:37,16.73,2022.40,,
986,07/17/2021 18:34:37,16.64,2485.76,,
987,07/17/2021 18:44:37,16.86,2965.76,,
988,07/17/2021 18:54:37,17.20,2284.16,,
989,07/17/2021 19:04:37,16.90,979.52,,
990,07/17/2021 19:14:37,16.17,1571.84,,
991,07/17/2021 19:24:37,15.66,559.84,,
992,07/17/2021 19:34:37,15.14,414.56,,
993,07/17/2021 19:44:37,14.97,321.84,,
994,07/17/2021 19:54:37,14.88,244.48,,
995,07/17/2021 20:04:37,14.67,170.32,,
996,07/17/2021 20:14:37,14.58,97.60,,
997,07/17/2021 20:24:37,14.37,45.12,,
998,07/17/2021 20:34:37,14.28,15.68,,
999,07/17/2021 20:44:37,14.11,3.63,,
1000,07/17/2021 20:54:37,14.11,0.00,,
1001,07/17/2021 21:04:37,13.90,0.00,,
1002,07/17/2021 21:14:37,13.81,0.00,,
1003,07/17/2021 21:24:37,13.68,0.00,,
1004,07/17/2021 21:34:37,13.77,0.00,,
1005,07/17/2021 21:44:37,13.73,0.00,,
1006,07/17/2021 21:54:37,13.81,0.00,,
1007,07/17/2021 22:04:37,13.90,0.00,,
1008,07/17/2021 22:14:37,13.77,0.00,,
1009,07/17/2021 22:24:37,13.77,0.00,,
1010,07/17/2021 22:34:37,13.55,0.00,,
1011,07/17/2021 22:44:37,13.51,0.00,,
1012,07/17/2021 22:54:37,13.64,0.00,,
1013,07/17/2021 23:04:37,13.64,0.00,,
1014,07/17/2021 23:14:37,13.68,0.00,,
1015,07/17/2021 23:24:37,13.60,0.00,,
1016,07/17/2021 23:34:37,13.47,0.00,,
1017,07/17/2021 23:44:37,13.55,0.00,,
1018,07/17/2021 23:54:37,13.25,0.00,,
1019,07/18/2021 00:04:37,12.91,0.00,,
1020,07/18/2021 00:14:37,12.87,0.00,,
1021,07/18/2021 00:24:37,12.74,0.00,,
1022,07/18/2021 00:34:37,12.70,0.00,,
1023,07/18/2021 00:44:37,12.70,0.00,,
1024,07/18/2021 00:54:37,12.65,0.00,,
1025,07/18/2021 01:04:37,12.82,0.00,,
1026,07/18/2021 01:14:37,12.57,0.00,,
1027,07/18/2021 01:24:37,11.92,0.00,,
1028,07/18/2021 01:34:37,11.45,0.00,,
1029,07/18/2021 01:44:37,11.41,0.00,,
1030,07/18/2021 01:54:37,11.54,0.00,,
1031,07/18/2021 02:04:37,11.37,0.00,,
1032,07/18/2021 02:14:37,11.58,0.00,,
1033,07/18/2021 02:24:37,11.71,0.00,,
1034,07/18/2021 02:34:37,11.88,0.00,,
1035,07/18/2021 02:44:37,12.05,0.00,,
1036,07/18/2021 02:54:37,12.22,0.00,,
1037,07/18/2021 03:04:37,12.48,0.00,,
1038,07/18/2021 03:14:37,12.70,0.00,,
1039,07/18/2021 03:24:37,12.70,0.00,,
1040,07/18/2021 03:34:37,12.87,0.00,,
1041,07/18/2021 03:44:37,12.82,0.00,,
1042,07/18/2021 03:54:37,12.78,0.00,,
1043,07/18/2021 04:04:37,12.74,0.00,,
1044,07/18/2021 04:14:37,12.57,0.00,,
1045,07/18/2021 04:24:37,12.61,0.00,,
1046,07/18/2021 04:34:37,12.65,0.00,,
1047,07/18/2021 04:44:37,12.74,0.00,,
1048,07/18/2021 04:54:37,12.70,0.00,,
1049,07/18/2021 05:04:37,12.57,0.00,,
1050,07/18/2021 05:14:37,12.57,0.00,,
1051,07/18/2021 05:24:37,12.78,0.00,,
1052,07/18/2021 05:34:37,12.74,0.00,,
1053,07/18/2021 05:44:37,12.70,0.21,,
1054,07/18/2021 05:54:37,12.70,4.27,,
1055,07/18/2021 06:04:37,12.65,13.54,,
1056,07/18/2021 06:14:37,12.70,30.10,,
1057,07/18/2021 06:24:37,12.91,63.68,,
1058,07/18/2021 06:34:37,12.78,114.44,,
1059,07/18/2021 06:44:37,12.61,270.32,,
1060,07/18/2021 06:54:37,12.82,219.44,,
1061,07/18/2021 07:04:37,12.78,418.24,,
1062,07/18/2021 07:14:37,13.21,1868.80,,
1063,07/18/2021 07:24:37,13.51,2162.56,,
1064,07/18/2021 07:34:37,13.81,2205.44,,
1065,07/18/2021 07:44:37,14.20,2686.72,,
1066,07/18/2021 07:54:37,14.37,2661.12,,
1067,07/18/2021 08:04:37,14.58,2465.28,,
1068,07/18/2021 08:14:37,14.41,2622.72,,
1069,07/18/2021 08:24:37,14.54,2648.32,,
1070,07/18/2021 08:34:37,14.63,2654.72,,
1071,07/18/2021 08:44:37,14.84,2536.96,,
1072,07/18/2021 08:54:37,15.14,2544.00,,
1073,07/18/2021 09:04:37,15.48,2791.68,,
1074,07/18/2021 09:14:37,15.66,2540.80,,
1075,07/18/2021 09:24:37,15.70,2465.28,,
1076,07/18/2021 09:34:37,15.70,2472.32,,
1077,07/18/2021 09:44:37,15.61,2426.24,,
1078,07/18/2021 09:54:37,15.74,2360.96,,
1079,07/18/2021 10:04:37,16.26,2314.88,,
1080,07/18/2021 10:14:37,16.51,2353.92,,
1081,07/18/2021 10:24:37,16.51,2287.36,,
1082,07/18/2021 10:34:37,16.69,2063.36,,
1083,07/18/2021 10:44:37,16.90,2099.20,,
1084,07/18/2021 10:54:37,17.16,2037.76,,
1085,07/18/2021 11:04:37,17.37,1948.80,,
1086,07/18/2021 11:14:37,17.72,1959.04,,
1087,07/18/2021 11:24:37,18.66,1815.68,,
1088,07/18/2021 11:34:37,18.79,1738.88,,
1089,07/18/2021 11:44:37,18.92,1734.40,,
1090,07/18/2021 11:54:37,18.96,1720.96,,
1091,07/18/2021 12:04:37,19.05,1660.16,,
1092,07/18/2021 12:14:37,18.87,1627.52,,
1093,07/18/2021 12:24:37,18.49,1563.52,,
1094,07/18/2021 12:34:37,18.02,1535.36,,
1095,07/18/2021 12:44:37,17.93,1491.84,,
1096,07/18/2021 12:54:37,17.97,1401.60,,
1097,07/18/2021 13:04:37,18.06,1431.68,,
1098,07/18/2021 13:14:37,17.97,1424.00,,
1099,07/18/2021 13:24:37,18.10,1390.08,,
1100,07/18/2021 13:34:37,18.10,1429.76,,
1101,07/18/2021 13:44:37,18.19,1395.84,,
1102,07/18/2021 13:54:37,18.32,1424.64,,
1103,07/18/2021 14:04:37,18.19,1437.44,,
1104,07/18/2021 14:14:37,18.10,1460.48,,
1105,07/18/2021 14:24:37,17.67,1480.32,,
1106,07/18/2021 14:34:37,17.63,1500.80,,
1107,07/18/2021 14:44:37,17.50,1528.96,,
1108,07/18/2021 14:54:37,17.24,1576.96,,
1109,07/18/2021 15:04:37,16.86,1644.80,,
1110,07/18/2021 15:14:37,16.69,1634.56,,
1111,07/18/2021 15:24:37,16.94,1694.08,,
1112,07/18/2021 15:34:37,17.20,1669.12,,
1113,07/18/2021 15:44:37,17.07,1755.52,,
1114,07/18/2021 15:54:37,17.07,1767.68,,
1115,07/18/2021 16:04:37,17.07,1788.16,,
1116,07/18/2021 16:14:37,16.99,1827.84,,
1117,07/18/2021 16:24:37,17.29,1859.84,,
1118,07/18/2021 16:34:37,17.80,1989.76,,
1119,07/18/2021 16:44:37,17.84,1849.60,,
1120,07/18/2021 16:54:37,17.84,1950.72,,
1121,07/18/2021 17:04:37,17.97,1966.08,,
1122,07/18/2021 17:14:37,18.06,2192.00,,
1123,07/18/2021 17:24:37,17.89,2488.96,,
1124,07/18/2021 17:34:37,17.84,2008.96,,
1125,07/18/2021 17:44:37,17.93,2266.88,,
1126,07/18/2021 17:54:37,17.63,2455.04,,
1127,07/18/2021 18:04:37,16.86,2241.28,,
1128,07/18/2021 18:14:37,16.86,2506.24,,
1129,07/18/2021 18:24:37,17.11,2455.04,,
1130,07/18/2021 18:34:37,16.94,2205.44,,
1131,07/18/2021 18:44:37,18.23,2572.80,,
1132,07/18/2021 18:54:37,20.46,1319.04,,
1133,07/18/2021 19:04:37,21.19,1824.00,,
1134,07/18/2021 19:14:37,21.40,1161.60,,
1135,07/18/2021 19:24:37,21.40,514.24,,
1136,07/18/2021 19:34:37,21.40,243.20,,
1137,07/18/2021 19:44:37,21.23,419.84,,
1138,07/18/2021 19:54:37,21.15,180.56,,
1139,07/18/2021 20:04:37,20.93,138.36,,
1140,07/18/2021 20:14:37,20.03,122.12,,
1141,07/18/2021 20:24:37,17.07,51.80,,
1142,07/18/2021 20:34:37,15.48,24.09,,
1143,07/18/2021 20:44:37,14.67,5.58,,
1144,07/18/2021 20:54:37,14.20,0.42,,
1145,07/18/2021 21:04:37,14.03,0.00,,
1146,07/18/2021 21:14:37,13.98,0.00,,
1147,07/18/2021 21:24:37,13.85,0.00,,
1148,07/18/2021 21:34:37,13.55,0.00,,
1149,07/18/2021 21:44:37,13.34,0.00,,
1150,07/18/2021 21:54:37,13.30,0.00,,
1151,07/18/2021 22:04:37,12.87,0.00,,
1152,07/18/2021 22:14:37,12.65,0.00,,
1153,07/18/2021 22:24:37,12.48,0.00,,
1154,07/18/2021 22:34:37,12.82,0.00,,
1155,07/18/2021 22:44:37,13.04,0.00,,
1156,07/18/2021 22:54:37,13.08,0.00,,
1157,07/18/2021 23:04:37,12.91,0.00,,
1158,07/18/2021 23:14:37,12.91,0.00,,
1159,07/18/2021 23:24:37,12.52,0.00,,
1160,07/18/2021 23:34:37,12.40,0.00,,
1161,07/18/2021 23:44:37,12.31,0.00,,
1162,07/18/2021 23:54:37,12.10,0.00,,
1163,07/19/2021 00:04:37,11.92,0.00,,
1164,07/19/2021 00:14:37,11.92,0.00,,
1165,07/19/2021 00:24:37,11.71,0.00,,
1166,07/19/2021 00:34:37,12.01,0.00,,
1167,07/19/2021 00:44:37,12.48,0.00,,
1168,07/19/2021 00:54:37,12.65,0.00,,
1169,07/19/2021 01:04:37,12.52,0.00,,
1170,07/19/2021 01:14:37,12.61,0.00,,
1171,07/19/2021 01:24:37,12.61,0.00,,
1172,07/19/2021 01:34:37,12.74,0.00,,
1173,07/19/2021 01:44:37,12.82,0.00,,
1174,07/19/2021 01:54:37,12.91,0.00,,
1175,07/19/2021 02:04:37,12.95,0.00,,
1176,07/19/2021 02:14:37,12.95,0.00,,
1177,07/19/2021 02:24:37,12.91,0.00,,
1178,07/19/2021 02:34:37,12.87,0.00,,
1179,07/19/2021 02:44:37,12.91,0.00,,
1180,07/19/2021 02:54:37,12.91,0.00,,
1181,07/19/2021 03:04:37,12.82,0.00,,
1182,07/19/2021 03:14:37,12.78,0.00,,
1183,07/19/2021 03:24:37,12.70,0.00,,
1184,07/19/2021 03:34:37,12.78,0.00,,
1185,07/19/2021 03:44:37,12.74,0.00,,
1186,07/19/2021 03:54:37,12.65,0.00,,
1187,07/19/2021 04:04:37,12.70,0.00,,
1188,07/19/2021 04:14:37,12.82,0.00,,
1189,07/19/2021 04:24:37,12.82,0.00,,
1190,07/19/2021 04:34:37,12.61,0.00,,
1191,07/19/2021 04:44:37,12.52,0.00,,
1192,07/19/2021 04:54:37,12.31,0.00,,
1193,07/19/2021 05:04:37,12.05,0.00,,
1194,07/19/2021 05:14:37,12.01,0.00,,
1195,07/19/2021 05:24:37,12.05,0.00,,
1196,07/19/2021 05:34:37,12.31,0.00,,
1197,07/19/2021 05:44:37,12.61,0.00,,
1198,07/19/2021 05:54:37,12.78,2.35,,
1199,07/19/2021 06:04:37,13.04,9.40,,
1200,07/19/2021 06:14:37,13.12,25.59,,
1201,07/19/2021 06:24:37,13.34,73.62,,
1202,07/19/2021 06:34:37,13.04,222.24,,
1203,07/19/2021 06:44:37,13.17,367.52,,
1204,07/19/2021 06:54:37,13.34,988.16,,
1205,07/19/2021 07:04:37,13.64,1658.88,,
1206,07/19/2021 07:14:37,14.07,2042.88,,
1207,07/19/2021 07:24:37,14.33,1978.24,,
1208,07/19/2021 07:34:37,14.58,2027.52,,
1209,07/19/2021 07:44:37,14.63,2590.08,,
1210,07/19/2021 07:54:37,14.84,2559.36,,
1211,07/19/2021 08:04:37,15.06,2749.44,,
1212,07/19/2021 08:14:37,15.36,2762.24,,
1213,07/19/2021 08:24:37,15.53,2910.72,,
1214,07/19/2021 08:34:37,15.70,2813.44,,
1215,07/19/2021 08:44:37,15.91,2900.48,,
1216,07/19/2021 08:54:37,16.13,2670.08,,
1217,07/19/2021 09:04:37,16.30,2716.16,,
1218,07/19/2021 09:14:37,16.30,2844.16,,
1219,07/19/2021 09:24:37,16.51,2567.68,,
1220,07/19/2021 09:34:37,16.56,2603.52,,
1221,07/19/2021 09:44:37,16.94,2709.76,,
1222,07/19/2021 09:54:37,16.94,2508.16,,
1223,07/19/2021 10:04:37,17.37,2426.24,,
1224,07/19/2021 10:14:37,17.41,2468.48,,
1225,07/19/2021 10:24:37,17.41,2325.12,,
1226,07/19/2021 10:34:37,17.54,2231.04,,
1227,07/19/2021 10:44:37,17.80,2123.52,,
1228,07/19/2021 10:54:37,18.02,2053.12,,
1229,07/19/2021 11:04:37,18.19,2067.20,,
1230,07/19/2021 11:14:37,18.53,1960.96,,
1231,07/19/2021 11:24:37,18.14,1940.48,,
1232,07/19/2021 11:34:37,17.89,1849.60,,
1233,07/19/2021 11:44:37,17.80,1803.52,,
1234,07/19/2021 11:54:37,17.97,1747.20,,
1235,07/19/2021 12:04:37,18.10,1708.80,,
1236,07/19/2021 12:14:37,18.23,1699.20,,
1237,07/19/2021 12:24:37,18.40,1601.92,,
1238,07/19/2021 12:34:37,18.70,1584.64,,
1239,07/19/2021 12:44:37,19.05,1522.56,,
1240,07/19/2021 12:54:37,19.43,1553.28,,
1241,07/19/2021 13:04:37,19.60,1546.88,,
1242,07/19/2021 13:14:37,19.22,1494.40,,
1243,07/19/2021 13:24:37,18.06,1540.48,,
1244,07/19/2021 13:34:37,17.80,1475.20,,
1245,07/19/2021 13:44:37,17.37,1473.28,,
1246,07/19/2021 13:54:37,17.16,1550.72,,
1247,07/19/2021 14:04:37,16.94,1484.80,,
1248,07/19/2021 14:14:37,17.29,1601.92,,
1249,07/19/2021 14:24:37,16.90,1637.76,,
1250,07/19/2021 14:34:37,16.69,1603.84,,
1251,07/19/2021 14:44:37,16.43,1714.56,,
1252,07/19/2021 14:54:37,16.30,1648.00,,
1253,07/19/2021 15:04:37,16.08,1681.28,,
1254,07/19/2021 15:14:37,16.21,1749.12,,
1255,07/19/2021 15:24:37,15.83,1798.40,,
1256,07/19/2021 15:34:37,15.57,1779.84,,
1257,07/19/2021 15:44:37,15.44,1765.12,,
1258,07/19/2021 15:54:37,15.27,1843.20,,
1259,07/19/2021 16:04:37,15.01,1829.12,,
1260,07/19/2021 16:14:37,14.93,2055.04,,
1261,07/19/2021 16:24:37,14.75,1923.20,,
1262,07/19/2021 16:34:37,14.80,2067.20,,
1263,07/19/2021 16:44:37,14.75,2138.88,,
1264,07/19/2021 16:54:37,14.88,2360.96,,
1265,07/19/2021 17:04:37,14.67,2292.48,,
1266,07/19/2021 17:14:37,14.80,2536.96,,
1267,07/19/2021 17:24:37,15.14,2111.36,,
1268,07/19/2021 17:34:37,15.18,1815.68,,
1269,07/19/2021 17:44:37,15.36,1495.68,,
1270,07/19/2021 17:54:37,15.27,1976.32,,
1271,07/19/2021 18:04:37,15.31,2456.96,,
1272,07/19/2021 18:14:37,15.44,2395.52,,
1273,07/19/2021 18:24:37,15.31,1129.28,,
1274,07/19/2021 18:34:37,15.48,981.44,,
1275,07/19/2021 18:44:37,15.57,809.60,,
1276,07/19/2021 18:54:37,15.83,761.28,,
1277,07/19/2021 19:04:37,16.86,597.12,,
1278,07/19/2021 19:14:37,20.03,448.80,,
1279,07/19/2021 19:24:37,21.49,286.40,,
1280,07/19/2021 19:34:37,21.62,82.48,,
1281,07/19/2021 19:44:37,21.58,63.58,,
1282,07/19/2021 19:54:37,21.58,38.68,,
1283,07/19/2021 20:04:37,21.58,26.66,,
1284,07/19/2021 20:14:37,21.53,14.15,,
1285,07/19/2021 20:24:37,21.49,7.93,,
1286,07/19/2021 20:34:37,21.40,2.35,,
1287,07/19/2021 20:44:37,21.40,0.21,,
1288,07/19/2021 20:54:37,21.40,0.00,,
1289,07/19/2021 21:04:37,21.36,0.00,,
1290,07/19/2021 21:14:37,21.32,0.00,,
1291,07/19/2021 21:24:37,21.32,0.00,,
1292,07/19/2021 21:34:37,17.93,0.00,,
1293,07/19/2021 21:44:37,15.48,0.00,,
1294,07/19/2021 21:54:37,14.75,0.00,,
1295,07/19/2021 22:04:37,14.63,0.00,,
1296,07/19/2021 22:14:37,14.50,0.00,,
1297,07/19/2021 22:24:37,14.11,0.00,,
1298,07/19/2021 22:34:37,14.03,0.00,,
1299,07/19/2021 22:44:37,13.94,0.00,,
1300,07/19/2021 22:54:37,13.81,0.00,,
1301,07/19/2021 23:04:37,13.77,0.00,,
1302,07/19/2021 23:14:37,13.68,0.00,,
1303,07/19/2021 23:24:37,13.64,0.00,,
1304,07/19/2021 23:34:37,13.47,0.00,,
1305,07/19/2021 23:44:37,13.64,0.00,,
1306,07/19/2021 23:54:37,13.47,0.00,,
1307,07/20/2021 00:04:37,13.47,0.00,,
1308,07/20/2021 00:14:37,13.64,0.00,,
1309,07/20/2021 00:24:37,13.60,0.00,,
1310,07/20/2021 00:34:37,13.77,0.00,,
1311,07/20/2021 00:44:37,13.68,0.00,,
1312,07/20/2021 00:54:37,13.68,0.00,,
1313,07/20/2021 01:04:37,13.55,0.00,,
1314,07/20/2021 01:14:37,13.51,0.00,,
1315,07/20/2021 01:24:37,13.51,0.00,,
1316,07/20/2021 01:34:37,13.55,0.00,,
1317,07/20/2021 01:44:37,13.51,0.00,,
1318,07/20/2021 01:54:37,13.47,0.00,,
1319,07/20/2021 02:04:37,13.47,0.00,,
1320,07/20/2021 02:14:37,13.38,0.00,,
1321,07/20/2021 02:24:37,13.34,0.00,,
1322,07/20/2021 02:34:37,13.25,0.00,,
1323,07/20/2021 02:44:37,13.21,0.00,,
1324,07/20/2021 02:54:37,13.30,0.00,,
1325,07/20/2021 03:04:37,13.21,0.00,,
1326,07/20/2021 03:14:37,13.25,0.00,,
1327,07/20/2021 03:24:37,13.08,0.00,,
1328,07/20/2021 03:34:37,12.87,0.00,,
1329,07/20/2021 03:44:37,12.61,0.00,,
1330,07/20/2021 03:54:37,12.52,0.00,,
1331,07/20/2021 04:04:37,12.40,0.00,,
1332,07/20/2021 04:14:37,12.22,0.00,,
1333,07/20/2021 04:24:37,12.14,0.00,,
1334,07/20/2021 04:34:37,11.92,0.00,,
1335,07/20/2021 04:44:37,11.92,0.00,,
1336,07/20/2021 04:54:37,11.71,0.00,,
1337,07/20/2021 05:04:37,11.67,0.00,,
1338,07/20/2021 05:14:37,11.67,0.00,,
1339,07/20/2021 05:24:37,11.75,0.00,,
1340,07/20/2021 05:34:37,11.88,0.00,,
1341,07/20/2021 05:44:37,12.14,0.21,,
1342,07/20/2021 05:54:37,12.22,3.63,,
1343,07/20/2021 06:04:37,12.35,11.83,,
1344,07/20/2021 06:14:37,12.40,28.15,,
1345,07/20/2021 06:24:37,12.40,51.98,,
1346,07/20/2021 06:34:37,12.35,82.60,,
1347,07/20/2021 06:44:37,12.44,116.16,,
1348,07/20/2021 06:54:37,12.44,172.96,,
1349,07/20/2021 07:04:37,12.35,245.36,,
1350,07/20/2021 07:14:37,12.44,271.84,,
1351,07/20/2021 07:24:37,12.52,317.60,,
1352,07/20/2021 07:34:37,12.57,403.52,,
1353,07/20/2021 07:44:37,12.70,440.48,,
1354,07/20/2021 07:54:37,12.70,480.80,,
1355,07/20/2021 08:04:37,12.91,575.36,,
1356,07/20/2021 08:14:37,13.12,755.20,,
1357,07/20/2021 08:24:37,13.34,1270.40,,
1358,07/20/2021 08:34:37,13.77,3217.92,,
1359,07/20/2021 08:44:37,14.54,3234.56,,
1360,07/20/2021 08:54:37,14.41,2874.88,,
1361,07/20/2021 09:04:37,14.28,2846.72,,
1362,07/20/2021 09:14:37,14.41,2640.64,,
1363,07/20/2021 09:24:37,15.10,2603.52,,
1364,07/20/2021 09:34:37,14.97,2696.96,,
1365,07/20/2021 09:44:37,14.84,2513.28,,
1366,07/20/2021 09:54:37,14.45,2419.20,,
1367,07/20/2021 10:04:37,14.58,2663.68,,
1368,07/20/2021 10:14:37,14.50,2350.72,,
1369,07/20/2021 10:24:37,14.33,2684.16,,
1370,07/20/2021 10:34:37,13.94,1711.36,,
1371,07/20/2021 10:44:37,13.94,1921.28,,
1372,07/20/2021 10:54:37,13.85,1973.12,,
1373,07/20/2021 11:04:37,13.73,1759.36,,
1374,07/20/2021 11:14:37,13.81,1689.60,,
1375,07/20/2021 11:24:37,13.81,1702.40,,
1376,07/20/2021 11:34:37,13.94,2251.52,,
1377,07/20/2021 11:44:37,14.20,2025.60,,
1378,07/20/2021 11:54:37,14.33,1880.32,,
1379,07/20/2021 12:04:37,14.24,2104.32,,
1380,07/20/2021 12:14:37,13.90,1839.36,,
1381,07/20/2021 12:24:37,14.03,2147.20,,
1382,07/20/2021 12:34:37,14.20,2239.36,,
1383,07/20/2021 12:44:37,14.03,1749.12,,
1384,07/20/2021 12:54:37,14.24,1696.00,,
1385,07/20/2021 13:04:37,14.37,1806.72,,
1386,07/20/2021 13:14:37,14.54,2034.56,,
1387,07/20/2021 13:24:37,14.54,2460.16,,
1388,07/20/2021 13:34:37,14.54,2207.36,,
1389,07/20/2021 13:44:37,14.67,2138.88,,
1390,07/20/2021 13:54:37,14.67,2000.00,,
1391,07/20/2021 14:04:37,14.71,2483.84,,
1392,07/20/2021 14:14:37,14.88,1979.52,,
1393,07/20/2021 14:24:37,14.88,2040.96,,
1394,07/20/2021 14:34:37,14.97,2020.48,,
1395,07/20/2021 14:44:37,14.84,1902.72,,
1396,07/20/2021 14:54:37,14.80,1774.72,,
1397,07/20/2021 15:04:37,14.88,1945.60,,
1398,07/20/2021 15:14:37,14.88,1971.20,,
1399,07/20/2021 15:24:37,14.97,1502.08,,
1400,07/20/2021 15:34:37,15.01,1947.52,,
1401,07/20/2021 15:44:37,15.14,1834.24,,
1402,07/20/2021 15:54:37,15.23,1853.44,,
1403,07/20/2021 16:04:37,15.18,1938.56,,
1404,07/20/2021 16:14:37,15.27,2062.08,,
1405,07/20/2021 16:24:37,15.14,2000.00,,
1406,07/20/2021 16:34:37,15.18,2171.52,,
1407,07/20/2021 16:44:37,15.14,2463.36,,
1408,07/20/2021 16:54:37,15.27,2259.84,,
1409,07/20/2021 17:04:37,15.36,1414.40,,
1410,07/20/2021 17:14:37,15.23,1562.24,,
1411,07/20/2021 17:24:37,15.31,2386.56,,
1412,07/20/2021 17:34:37,15.44,1537.92,,
1413,07/20/2021 17:44:37,15.57,2414.08,,
1414,07/20/2021 17:54:37,15.57,2306.56,,
1415,07/20/2021 18:04:37,15.66,2108.16,,
1416,07/20/2021 18:14:37,15.87,2389.76,,
1417,07/20/2021 18:24:37,16.13,2259.84,,
1418,07/20/2021 18:34:37,16.13,2528.64,,
1419,07/20/2021 18:44:37,16.13,1182.08,,
1420,07/20/2021 18:54:37,16.17,2279.04,,
1421,07/20/2021 19:04:37,16.39,2345.60,,
1422,07/20/2021 19:14:37,16.56,2025.60,,
1423,07/20/2021 19:24:37,16.90,2232.96,,
1424,07/20/2021 19:34:37,19.17,1160.00,,
1425,07/20/2021 19:44:37,20.98,528.00,,
1426,07/20/2021 19:54:37,21.10,134.96,,
1427,07/20/2021 20:04:37,21.10,72.98,,
1428,07/20/2021 20:14:37,21.06,42.04,,
1429,07/20/2021 20:24:37,21.02,18.06,,
1430,07/20/2021 20:34:37,21.06,6.65,,
1431,07/20/2021 20:44:37,21.02,1.06,,
1432,07/20/2021 20:54:37,20.98,0.00,,
1433,07/20/2021 21:04:37,20.98,0.00,,
1434,07/20/2021 21:14:37,20.98,0.00,,
1435,07/20/2021 21:24:37,20.89,0.00,,
1436,07/20/2021 21:34:37,20.85,0.00,,
1437,07/20/2021 21:44:37,20.85,0.00,,
1438,07/20/2021 21:54:37,20.76,0.00,,
1439,07/20/2021 22:04:37,20.72,0.00,,
1440,07/20/2021 22:14:37,20.72,0.00,,
1441,07/20/2021 22:24:37,20.68,0.00,,
1442,07/20/2021 22:34:37,20.63,0.00,,
1443,07/20/2021 22:44:37,19.05,0.00,,
1444,07/20/2021 22:54:37,15.83,0.00,,
1445,07/20/2021 23:04:37,14.97,0.00,,
1446,07/20/2021 23:14:37,14.67,0.00,,
1447,07/20/2021 23:24:37,14.63,0.00,,
1448,07/20/2021 23:34:37,14.54,0.00,,
1449,07/20/2021 23:44:37,14.28,0.00,,
1450,07/20/2021 23:54:37,14.24,0.00,,
1451,07/21/2021 00:04:37,14.11,0.00,,
1452,07/21/2021 00:14:37,13.73,0.00,,
1453,07/21/2021 00:24:37,13.81,0.00,,
1454,07/21/2021 00:34:37,13.85,0.00,,
1455,07/21/2021 00:44:37,13.81,0.00,,
1456,07/21/2021 00:54:37,13.73,0.00,,
1457,07/21/2021 01:04:37,13.68,0.00,,
1458,07/21/2021 01:14:37,13.64,0.00,,
1459,07/21/2021 01:24:37,13.60,0.00,,
1460,07/21/2021 01:34:37,13.60,0.00,,
1461,07/21/2021 01:44:37,13.51,0.00,,
1462,07/21/2021 01:54:37,13.34,0.00,,
1463,07/21/2021 02:04:37,13.34,0.00,,
1464,07/21/2021 02:14:37,13.30,0.00,,
1465,07/21/2021 02:24:37,13.21,0.00,,
1466,07/21/2021 02:34:37,13.17,0.00,,
1467,07/21/2021 02:44:37,13.25,0.00,,
1468,07/21/2021 02:54:37,13.17,0.00,,
1469,07/21/2021 03:04:37,13.00,0.00,,
1470,07/21/2021 03:14:37,12.91,0.00,,
1471,07/21/2021 03:24:37,12.91,0.00,,
1472,07/21/2021 03:34:37,12.91,0.00,,
1473,07/21/2021 03:44:37,12.82,0.00,,
1474,07/21/2021 03:54:37,12.82,0.00,,
1475,07/21/2021 04:04:37,12.87,0.00,,
1476,07/21/2021 04:14:37,12.95,0.00,,
1477,07/21/2021 04:24:37,12.87,0.00,,
1478,07/21/2021 04:34:37,12.78,0.00,,
1479,07/21/2021 04:44:37,12.91,0.00,,
1480,07/21/2021 04:54:37,12.95,0.00,,
1481,07/21/2021 05:04:37,12.95,0.00,,
1482,07/21/2021 05:14:37,12.95,0.00,,
1483,07/21/2021 05:24:37,12.82,0.00,,
1484,07/21/2021 05:34:37,12.82,0.00,,
1485,07/21/2021 05:44:37,12.78,0.00,,
1486,07/21/2021 05:54:37,12.70,2.99,,
1487,07/21/2021 06:04:37,12.74,13.75,,
1488,07/21/2021 06:14:37,12.70,37.16,,
1489,07/21/2021 06:24:37,12.61,65.34,,
1490,07/21/2021 06:34:37,12.61,92.84,,
1491,07/21/2021 06:44:37,12.65,148.00,,
1492,07/21/2021 06:54:37,12.61,189.12,,
1493,07/21/2021 07:04:37,12.70,255.60,,
1494,07/21/2021 07:14:37,12.61,284.72,,
1495,07/21/2021 07:24:37,12.70,328.64,,
1496,07/21/2021 07:34:37,12.87,769.28,,
1497,07/21/2021 07:44:37,12.87,764.48,,
1498,07/21/2021 07:54:37,13.12,852.48,,
1499,07/21/2021 08:04:37,13.17,1024.96,,
1500,07/21/2021 08:14:37,13.51,2422.40,,
1501,07/21/2021 08:24:37,13.68,2207.36,,
1502,07/21/2021 08:34:37,13.64,1679.36,,
1503,07/21/2021 08:44:37,13.68,2727.68,,
1504,07/21/2021 08:54:37,13.90,2510.08,,
1505,07/21/2021 09:04:37,14.07,2720.00,,
1506,07/21/2021 09:14:37,14.41,2595.20,,
1507,07/21/2021 09:24:37,14.67,2695.68,,
1508,07/21/2021 09:34:37,14.71,2786.56,,
1509,07/21/2021 09:44:37,14.80,2414.08,,
1510,07/21/2021 09:54:37,14.67,2554.24,,
1511,07/21/2021 10:04:37,14.75,2289.28,,
1512,07/21/2021 10:14:37,14.80,2296.32,,
1513,07/21/2021 10:24:37,15.06,2092.80,,
1514,07/21/2021 10:34:37,15.06,1895.68,,
1515,07/21/2021 10:44:37,15.27,2088.96,,
1516,07/21/2021 10:54:37,15.53,1838.08,,
1517,07/21/2021 11:04:37,15.66,1866.88,,
1518,07/21/2021 11:14:37,15.70,1649.92,,
1519,07/21/2021 11:24:37,15.70,1858.56,,
1520,07/21/2021 11:34:37,15.61,1591.68,,
1521,07/21/2021 11:44:37,15.78,1507.84,,
1522,07/21/2021 11:54:37,15.78,1464.96,,
1523,07/21/2021 12:04:37,15.91,1555.84,,
1524,07/21/2021 12:14:37,15.96,1377.28,,
1525,07/21/2021 12:24:37,15.96,1352.32,,
1526,07/21/2021 12:34:37,16.04,1304.32,,
1527,07/21/2021 12:44:37,16.21,1236.16,,
1528,07/21/2021 12:54:37,16.08,1264.32,,
1529,07/21/2021 13:04:37,16.00,1189.76,,
1530,07/21/2021 13:14:37,16.08,1219.84,,
1531,07/21/2021 13:24:37,16.21,1179.52,,
1532,07/21/2021 13:34:37,16.13,1189.12,,
1533,07/21/2021 13:44:37,15.91,1250.56,,
1534,07/21/2021 13:54:37,16.00,1248.00,,
1535,07/21/2021 14:04:37,16.17,1257.60,,
1536,07/21/2021 14:14:37,16.13,1271.04,,
1537,07/21/2021 14:24:37,16.30,1306.24,,
1538,07/21/2021 14:34:37,16.39,1344.64,,
1539,07/21/2021 14:44:37,16.17,1397.76,,
1540,07/21/2021 14:54:37,16.30,1475.84,,
1541,07/21/2021 15:04:37,16.17,1530.88,,
1542,07/21/2021 15:14:37,16.08,1556.48,,
1543,07/21/2021 15:24:37,16.17,1571.84,,
1544,07/21/2021 15:34:37,16.17,1616.64,,
1545,07/21/2021 15:44:37,16.30,1648.64,,
1546,07/21/2021 15:54:37,16.17,1685.76,,
1547,07/21/2021 16:04:37,16.21,1795.20,,
1548,07/21/2021 16:14:37,16.47,1846.40,,
1549,07/21/2021 16:24:37,16.30,1829.12,,
1550,07/21/2021 16:34:37,16.26,1811.84,,
1551,07/21/2021 16:44:37,16.26,2075.52,,
1552,07/21/2021 16:54:37,16.17,2070.40,,
1553,07/21/2021 17:04:37,16.30,2087.68,,
1554,07/21/2021 17:14:37,16.43,2169.60,,
1555,07/21/2021 17:24:37,16.30,2138.88,,
1556,07/21/2021 17:34:37,16.34,2150.40,,
1557,07/21/2021 17:44:37,16.26,2355.84,,
1558,07/21/2021 17:54:37,16.17,2231.04,,
1559,07/21/2021 18:04:37,16.08,2467.20,,
1560,07/21/2021 18:14:37,16.21,2239.36,,
1561,07/21/2021 18:24:37,16.13,2391.68,,
1562,07/21/2021 18:34:37,16.13,2261.76,,
1563,07/21/2021 18:44:37,16.08,2232.96,,
1564,07/21/2021 18:54:37,16.04,2096.00,,
1565,07/21/2021 19:04:37,16.08,1769.60,,
1566,07/21/2021 19:14:37,15.91,1916.16,,
1567,07/21/2021 19:24:37,15.87,1994.88,,
1568,07/21/2021 19:34:37,15.70,1340.80,,
1569,07/21/2021 19:44:37,15.66,963.20,,
1570,07/21/2021 19:54:37,15.57,581.28,,
1571,07/21/2021 20:04:37,15.87,343.68,,
1572,07/21/2021 20:14:37,18.57,121.40,,
1573,07/21/2021 20:24:37,20.42,37.83,,
1574,07/21/2021 20:34:37,20.63,7.72,,
1575,07/21/2021 20:44:37,20.59,0.64,,
1576,07/21/2021 20:54:37,20.59,0.00,,
1577,07/21/2021 21:04:37,20.59,0.00,,
1578,07/21/2021 21:14:37,20.55,0.00,,
1579,07/21/2021 21:24:37,20.55,0.00,,
1580,07/21/2021 21:34:37,20.50,0.00,,
1581,07/21/2021 21:44:37,20.55,0.00,,
1582,07/21/2021 21:54:37,20.50,0.00,,
1583,07/21/2021 22:04:37,20.50,0.00,,
1584,07/21/2021 22:14:37,20.50,0.00,,
1585,07/21/2021 22:24:37,20.50,0.00,,
1586,07/21/2021 22:34:37,20.46,0.00,,
1587,07/21/2021 22:44:37,20.37,0.00,,
1588,07/21/2021 22:54:37,20.37,0.00,,
1589,07/21/2021 23:04:37,20.29,0.00,,
1590,07/21/2021 23:14:37,20.25,0.00,,
1591,07/21/2021 23:24:37,20.20,0.00,,
1592,07/21/2021 23:34:37,20.12,0.00,,
1593,07/21/2021 23:44:37,18.83,0.00,,
1594,07/21/2021 23:54:37,15.27,0.00,,
1595,07/22/2021 00:04:37,13.98,0.00,,
1596,07/22/2021 00:14:37,13.73,0.00,,
1597,07/22/2021 00:24:37,13.60,0.00,,
1598,07/22/2021 00:34:37,13.38,0.00,,
1599,07/22/2021 00:44:37,13.47,0.00,,
1600,07/22/2021 00:54:37,13.08,0.00,,
1601,07/22/2021 01:04:37,13.12,0.00,,
1602,07/22/2021 01:14:37,12.95,0.00,,
1603,07/22/2021 01:24:37,12.82,0.00,,
1604,07/22/2021 01:34:37,12.61,0.00,,
1605,07/22/2021 01:44:37,12.57,0.00,,
1606,07/22/2021 01:54:37,12.52,0.00,,
1607,07/22/2021 02:04:37,12.57,0.00,,
1608,07/22/2021 02:14:37,12.61,0.00,,
1609,07/22/2021 02:24:37,12.48,0.00,,
1610,07/22/2021 02:34:37,12.52,0.00,,
1611,07/22/2021 02:44:37,12.40,0.00,,
1612,07/22/2021 02:54:37,12.40,0.00,,
1613,07/22/2021 03:04:37,12.22,0.00,,
1614,07/22/2021 03:14:37,11.84,0.00,,
1615,07/22/2021 03:24:37,11.62,0.00,,
1616,07/22/2021 03:34:37,11.41,0.00,,
1617,07/22/2021 03:44:37,11.32,0.00,,
1618,07/22/2021 03:54:37,11.15,0.00,,
1619,07/22/2021 04:04:37,10.46,0.00,,
1620,07/22/2021 04:14:37,10.29,0.00,,
1621,07/22/2021 04:24:37,10.21,0.00,,
1622,07/22/2021 04:34:37,10.04,0.00,,
1623,07/22/2021 04:44:37,9.91,0.00,,
1624,07/22/2021 04:54:37,10.29,0.00,,
1625,07/22/2021 05:04:37,10.25,0.00,,
1626,07/22/2021 05:14:37,10.34,0.00,,
1627,07/22/2021 05:24:37,10.46,0.00,,
1628,07/22/2021 05:34:37,10.25,0.00,,
1629,07/22/2021 05:44:37,10.34,0.85,,
1630,07/22/2021 05:54:37,10.25,7.53,,
1631,07/22/2021 06:04:37,9.74,27.94,,
1632,07/22/2021 06:14:37,9.56,58.04,,
1633,07/22/2021 06:24:37,9.52,117.00,,
1634,07/22/2021 06:34:37,9.99,168.80,,
1635,07/22/2021 06:44:37,9.82,538.56,,
1636,07/22/2021 06:54:37,9.82,493.44,,
1637,07/22/2021 07:04:37,9.91,632.96,,
1638,07/22/2021 07:14:37,9.95,418.24,,
1639,07/22/2021 07:24:37,9.99,934.40,,
1640,07/22/2021 07:34:37,10.12,840.64,,
1641,07/22/2021 07:44:37,10.29,1233.60,,
1642,07/22/2021 07:54:37,10.77,889.92,,
1643,07/22/2021 08:04:37,11.07,618.40,,
1644,07/22/2021 08:14:37,11.67,1012.16,,
1645,07/22/2021 08:24:37,11.92,1520.00,,
1646,07/22/2021 08:34:37,12.44,1332.48,,
1647,07/22/2021 08:44:37,12.65,1717.12,,
1648,07/22/2021 08:54:37,12.91,2810.88,,
1649,07/22/2021 09:04:37,13.55,3142.40,,
1650,07/22/2021 09:14:37,13.77,2725.12,,
1651,07/22/2021 09:24:37,13.64,2605.44,,
1652,07/22/2021 09:34:37,13.64,2689.28,,
1653,07/22/2021 09:44:37,13.77,2744.32,,
1654,07/22/2021 09:54:37,13.90,2492.80,,
1655,07/22/2021 10:04:37,14.24,2236.16,,
1656,07/22/2021 10:14:37,14.28,2296.32,,
1657,07/22/2021 10:24:37,14.63,2135.04,,
1658,07/22/2021 10:34:37,14.75,2114.56,,
1659,07/22/2021 10:44:37,15.06,1981.44,,
1660,07/22/2021 10:54:37,15.23,2001.92,,
1661,07/22/2021 11:04:37,15.40,1887.36,,
1662,07/22/2021 11:14:37,15.91,1859.84,,
1663,07/22/2021 11:24:37,16.08,1880.32,,
1664,07/22/2021 11:34:37,16.39,1718.40,,
1665,07/22/2021 11:44:37,16.39,1576.96,,
1666,07/22/2021 11:54:37,16.43,1577.60,,
1667,07/22/2021 12:04:37,16.43,1597.44,,
1668,07/22/2021 12:14:37,16.60,1511.04,,
1669,07/22/2021 12:24:37,16.69,1431.04,,
1670,07/22/2021 12:34:37,16.56,1388.16,,
1671,07/22/2021 12:44:37,16.34,1372.80,,
1672,07/22/2021 12:54:37,16.17,1405.44,,
1673,07/22/2021 13:04:37,16.04,1301.12,,
1674,07/22/2021 13:14:37,16.08,1273.60,,
1675,07/22/2021 13:24:37,16.04,1275.52,,
1676,07/22/2021 13:34:37,15.83,1256.64,,
1677,07/22/2021 13:44:37,15.61,1208.00,,
1678,07/22/2021 13:54:37,15.10,1259.20,,
1679,07/22/2021 14:04:37,15.14,1244.48,,
1680,07/22/2021 14:14:37,14.93,1366.40,,
1681,07/22/2021 14:24:37,14.88,1369.60,,
1682,07/22/2021 14:34:37,14.84,1335.04,,
1683,07/22/2021 14:44:37,15.18,1415.68,,
1684,07/22/2021 14:54:37,15.01,1472.00,,
1685,07/22/2021 15:04:37,15.14,1497.60,,
1686,07/22/2021 15:14:37,15.14,1553.92,,
1687,07/22/2021 15:24:37,15.18,1546.88,,
1688,07/22/2021 15:34:37,15.10,1576.32,,
1689,07/22/2021 15:44:37,15.18,1660.80,,
1690,07/22/2021 15:54:37,15.23,1624.32,,
1691,07/22/2021 16:04:37,15.27,1699.20,,
1692,07/22/2021 16:14:37,15.23,1764.48,,
1693,07/22/2021 16:24:37,15.48,1805.44,,
1694,07/22/2021 16:34:37,15.40,1856.64,,
1695,07/22/2021 16:44:37,15.40,2111.36,,
1696,07/22/2021 16:54:37,15.31,1907.84,,
1697,07/22/2021 17:04:37,15.40,2099.20,,
1698,07/22/2021 17:14:37,15.40,2136.96,,
1699,07/22/2021 17:24:37,15.57,2198.40,,
1700,07/22/2021 17:34:37,15.44,2357.76,,
1701,07/22/2021 17:44:37,15.74,2316.80,,
1702,07/22/2021 17:54:37,15.66,2342.40,,
1703,07/22/2021 18:04:37,15.57,2414.08,,
1704,07/22/2021 18:14:37,15.53,2371.20,,
1705,07/22/2021 18:24:37,15.61,2473.60,,
1706,07/22/2021 18:34:37,15.48,2371.20,,
1707,07/22/2021 18:44:37,15.53,2304.64,,
1708,07/22/2021 18:54:37,15.57,2246.40,,
1709,07/22/2021 19:04:37,15.40,2131.84,,
1710,07/22/2021 19:14:37,15.31,2073.60,,
1711,07/22/2021 19:24:37,15.27,1726.72,,
1712,07/22/2021 19:34:37,15.10,1503.36,,
1713,07/22/2021 19:44:37,15.14,989.12,,
1714,07/22/2021 19:54:37,14.84,688.96,,
1715,07/22/2021 20:04:37,14.75,366.24,,
1716,07/22/2021 20:14:37,14.54,126.60,,
1717,07/22/2021 20:24:37,14.50,57.38,,
1718,07/22/2021 20:34:37,14.54,19.15,,
1719,07/22/2021 20:44:37,14.54,4.06,,
1720,07/22/2021 20:54:37,14.67,0.21,,
1721,07/22/2021 21:04:37,15.01,0.00,,
1722,07/22/2021 21:14:37,16.90,0.00,,
1723,07/22/2021 21:24:37,20.46,0.00,,
1724,07/22/2021 21:34:37,20.59,0.00,,
1725,07/22/2021 21:44:37,20.59,0.00,,
1726,07/22/2021 21:54:37,20.59,0.00,,
1727,07/22/2021 22:04:37,20.59,0.00,,
1728,07/22/2021 22:14:37,20.59,0.00,,
1729,07/22/2021 22:24:37,20.55,0.00,,
1730,07/22/2021 22:34:37,20.55,0.00,,
1731,07/22/2021 22:44:37,20.55,0.00,,
1732,07/22/2021 22:54:37,20.50,0.00,,
1733,07/22/2021 23:04:37,20.46,0.00,,
1734,07/22/2021 23:14:37,20.50,0.00,,
1735,07/22/2021 23:24:37,20.50,0.00,,
1736,07/22/2021 23:34:37,20.42,0.00,,
1737,07/22/2021 23:44:37,20.42,0.00,,
1738,07/22/2021 23:54:37,20.42,0.00,,
1739,07/23/2021 00:04:37,20.42,0.00,,
1740,07/23/2021 00:14:37,20.33,0.00,,
1741,07/23/2021 00:24:37,18.44,0.00,,
1742,07/23/2021 00:34:37,14.50,0.00,,
1743,07/23/2021 00:44:37,13.17,0.00,,
1744,07/23/2021 00:54:37,13.00,0.00,,
1745,07/23/2021 01:04:37,13.00,0.00,,
1746,07/23/2021 01:14:37,13.00,0.00,,
1747,07/23/2021 01:24:37,12.61,0.00,,
1748,07/23/2021 01:34:37,12.95,0.00,,
1749,07/23/2021 01:44:37,12.78,0.00,,
1750,07/23/2021 01:54:37,12.78,0.00,,
1751,07/23/2021 02:04:37,12.22,0.00,,
1752,07/23/2021 02:14:37,12.40,0.00,,
1753,07/23/2021 02:24:37,12.65,0.00,,
1754,07/23/2021 02:34:37,12.27,0.00,,
1755,07/23/2021 02:44:37,12.10,0.00,,
1756,07/23/2021 02:54:37,12.10,0.00,,
1757,07/23/2021 03:04:37,12.31,0.00,,
1758,07/23/2021 03:14:37,12.22,0.00,,
1759,07/23/2021 03:24:37,12.27,0.00,,
1760,07/23/2021 03:34:37,12.10,0.00,,
1761,07/23/2021 03:44:37,11.88,0.00,,
1762,07/23/2021 03:54:37,11.58,0.00,,
1763,07/23/2021 04:04:37,11.67,0.00,,
1764,07/23/2021 04:14:37,10.89,0.00,,
1765,07/23/2021 04:24:37,10.81,0.00,,
1766,07/23/2021 04:34:37,10.64,0.00,,
1767,07/23/2021 04:44:37,10.55,0.00,,
1768,07/23/2021 04:54:37,10.46,0.00,,
1769,07/23/2021 05:04:37,10.29,0.00,,
1770,07/23/2021 05:14:37,9.86,0.00,,
1771,07/23/2021 05:24:37,9.86,0.00,,
1772,07/23/2021 05:34:37,9.91,0.00,,
1773,07/23/2021 05:44:37,9.56,0.21,,
1774,07/23/2021 05:54:37,9.65,3.87,,
1775,07/23/2021 06:04:37,9.82,15.49,,
1776,07/23/2021 06:14:37,9.74,40.63,,
1777,07/23/2021 06:24:37,10.08,77.90,,
1778,07/23/2021 06:34:37,10.16,217.20,,
1779,07/23/2021 06:44:37,10.68,485.28,,
1780,07/23/2021 06:54:37,10.89,676.48,,
1781,07/23/2021 07:04:37,11.02,830.40,,
1782,07/23/2021 07:14:37,11.24,929.92,,
1783,07/23/2021 07:24:37,11.41,1035.20,,
1784,07/23/2021 07:34:37,11.75,1130.88,,
1785,07/23/2021 07:44:37,12.05,1601.28,,
1786,07/23/2021 07:54:37,12.48,1633.28,,
1787,07/23/2021 08:04:37,12.87,1392.64,,
1788,07/23/2021 08:14:37,13.21,1387.52,,
1789,07/23/2021 08:24:37,13.64,1494.40,,
1790,07/23/2021 08:34:37,13.98,1421.44,,
1791,07/23/2021 08:44:37,14.33,1410.56,,
1792,07/23/2021 08:54:37,14.75,1413.76,,
1793,07/23/2021 09:04:37,15.23,1418.88,,
1794,07/23/2021 09:14:37,15.61,1431.68,,
1795,07/23/2021 09:24:37,15.78,1512.96,,
1796,07/23/2021 09:34:37,16.17,1605.12,,
1797,07/23/2021 09:44:37,16.43,1514.88,,
1798,07/23/2021 09:54:37,16.26,1559.68,,
1799,07/23/2021 10:04:37,16.21,1480.32,,
1800,07/23/2021 10:14:37,16.51,1434.24,,
1801,07/23/2021 10:24:37,16.60,1528.96,,
1802,07/23/2021 10:34:37,16.86,1351.04,,
1803,07/23/2021 10:44:37,17.11,1317.76,,
1804,07/23/2021 10:54:37,17.50,1262.72,,
1805,07/23/2021 11:04:37,17.80,1261.76,,
1806,07/23/2021 11:14:37,18.19,1153.92,,
1807,07/23/2021 11:24:37,18.79,1118.08,,
1808,07/23/2021 11:34:37,19.05,1070.08,,
1809,07/23/2021 11:44:37,19.13,1143.04,,
1810,07/23/2021 11:54:37,19.35,1053.12,,
1811,07/23/2021 12:04:37,19.47,1031.68,,
1812,07/23/2021 12:14:37,19.39,999.36,,
1813,07/23/2021 12:24:37,19.65,961.60,,
1814,07/23/2021 12:34:37,19.90,943.68,,
1815,07/23/2021 12:44:37,19.90,914.56,,
1816,07/23/2021 12:54:37,19.86,864.32,,
1817,07/23/2021 13:04:37,19.90,880.32,,
1818,07/23/2021 13:14:37,20.07,866.24,,
1819,07/23/2021 13:24:37,20.16,926.72,,
1820,07/23/2021 13:34:37,20.63,863.68,,
1821,07/23/2021 13:44:37,20.72,894.08,,
1822,07/23/2021 13:54:37,20.89,864.32,,
1823,07/23/2021 14:04:37,20.55,880.32,,
1824,07/23/2021 14:14:37,19.99,920.64,,
1825,07/23/2021 14:24:37,20.12,966.72,,
1826,07/23/2021 14:34:37,20.20,970.24,,
1827,07/23/2021 14:44:37,20.50,1061.76,,
1828,07/23/2021 14:54:37,20.42,1088.96,,
1829,07/23/2021 15:04:37,20.37,1125.76,,
1830,07/23/2021 15:14:37,20.93,1184.64,,
1831,07/23/2021 15:24:37,21.15,1198.40,,
1832,07/23/2021 15:34:37,20.72,1206.08,,
1833,07/23/2021 15:44:37,20.33,1227.52,,
1834,07/23/2021 15:54:37,20.68,1248.96,,
1835,07/23/2021 16:04:37,20.68,1352.32,,
1836,07/23/2021 16:14:37,21.15,1402.88,,
1837,07/23/2021 16:24:37,21.83,1422.08,,
1838,07/23/2021 16:34:37,22.01,1441.28,,
1839,07/23/2021 16:44:37,22.31,1543.68,,
1840,07/23/2021 16:54:37,21.36,1551.36,,
1841,07/23/2021 17:04:37,21.45,1602.56,,
1842,07/23/2021 17:14:37,21.79,1709.44,,
1843,07/23/2021 17:24:37,21.58,1902.72,,
1844,07/23/2021 17:34:37,20.98,1920.00,,
1845,07/23/2021 17:44:37,20.37,1872.00,,
1846,07/23/2021 17:54:37,20.07,1955.84,,
1847,07/23/2021 18:04:37,19.73,1899.52,,
1848,07/23/2021 18:14:37,19.22,2200.32,,
1849,07/23/2021 18:24:37,18.79,2005.12,,
1850,07/23/2021 18:34:37,18.36,2082.56,,
1851,07/23/2021 18:44:37,18.14,1988.48,,
1852,07/23/2021 18:54:37,18.44,1957.76,,
1853,07/23/2021 19:04:37,17.84,1966.08,,
1854,07/23/2021 19:14:37,17.20,1690.88,,
1855,07/23/2021 19:24:37,16.99,1538.56,,
1856,07/23/2021 19:34:37,16.64,1243.84,,
1857,07/23/2021 19:44:37,16.34,945.28,,
1858,07/23/2021 19:54:37,16.26,474.88,,
1859,07/23/2021 20:04:37,15.87,159.20,,
1860,07/23/2021 20:14:37,15.36,94.20,,
1861,07/23/2021 20:24:37,15.01,44.50,,
1862,07/23/2021 20:34:37,14.58,14.85,,
1863,07/23/2021 20:44:37,14.24,3.20,,
1864,07/23/2021 20:54:37,14.11,0.00,,
1865,07/23/2021 21:04:37,13.85,0.00,,
1866,07/23/2021 21:14:37,14.20,0.00,,
1867,07/23/2021 21:24:37,13.98,0.00,,
1868,07/23/2021 21:34:37,13.98,0.00,,
1869,07/23/2021 21:44:37,13.94,0.00,,
1870,07/23/2021 21:54:37,13.77,0.00,,
1871,07/23/2021 22:04:37,13.51,0.00,,
1872,07/23/2021 22:14:37,16.21,0.00,,
1873,07/23/2021 22:24:37,20.72,0.00,,
1874,07/23/2021 22:34:37,20.89,0.00,,
1875,07/23/2021 22:44:37,20.89,0.00,,
1876,07/23/2021 22:54:37,20.89,0.00,,
1877,07/23/2021 23:04:37,20.80,0.00,,
1878,07/23/2021 23:14:37,20.80,0.00,,
1879,07/23/2021 23:24:37,20.76,0.00,,
1880,07/23/2021 23:34:37,20.76,0.00,,
1881,07/23/2021 23:44:37,20.76,0.00,,
1882,07/23/2021 23:54:37,20.76,0.00,,
1883,07/24/2021 00:04:37,20.76,0.00,,
1884,07/24/2021 00:14:37,20.72,0.00,,
1885,07/24/2021 00:24:37,20.76,0.00,,
1886,07/24/2021 00:34:37,20.76,0.00,,
1887,07/24/2021 00:44:37,20.68,0.00,,
1888,07/24/2021 00:54:37,20.72,0.00,,
1889,07/24/2021 01:04:37,20.76,0.00,,
1890,07/24/2021 01:14:37,18.83,0.00,,
1891,07/24/2021 01:24:37,15.23,0.00,,
1892,07/24/2021 01:34:37,14.07,0.00,,
1893,07/24/2021 01:44:37,13.73,0.00,,
1894,07/24/2021 01:54:37,13.60,0.00,,
1895,07/24/2021 02:04:37,13.25,0.00,,
1896,07/24/2021 02:14:37,13.12,0.00,,
1897,07/24/2021 02:24:37,13.17,0.00,,
1898,07/24/2021 02:34:37,13.00,0.00,,
1899,07/24/2021 02:44:37,13.00,0.00,,
1900,07/24/2021 02:54:37,12.95,0.00,,
1901,07/24/2021 03:04:37,12.87,0.00,,
1902,07/24/2021 03:14:37,12.70,0.00,,
1903,07/24/2021 03:24:37,12.52,0.00,,
1904,07/24/2021 03:34:37,12.57,0.00,,
1905,07/24/2021 03:44:37,12.70,0.00,,
1906,07/24/2021 03:54:37,12.48,0.00,,
1907,07/24/2021 04:04:37,12.40,0.00,,
1908,07/24/2021 04:14:37,12.61,0.00,,
1909,07/24/2021 04:24:37,12.40,0.00,,
1910,07/24/2021 04:34:37,12.48,0.00,,
1911,07/24/2021 04:44:37,12.44,0.00,,
1912,07/24/2021 04:54:37,12.31,0.00,,
1913,07/24/2021 05:04:37,12.61,0.00,,
1914,07/24/2021 05:14:37,12.95,0.00,,
1915,07/24/2021 05:24:37,12.87,0.00,,
1916,07/24/2021 05:34:37,12.65,0.00,,
1917,07/24/2021 05:44:37,12.40,0.00,,
1918,07/24/2021 05:54:37,12.31,2.56,,
1919,07/24/2021 06:04:37,12.31,8.60,,
1920,07/24/2021 06:14:37,12.52,25.14,,
1921,07/24/2021 06:24:37,12.61,36.94,,
1922,07/24/2021 06:34:37,12.78,56.10,,
1923,07/24/2021 06:44:37,12.91,77.42,,
1924,07/24/2021 06:54:37,12.95,105.84,,
1925,07/24/2021 07:04:37,13.08,115.28,,
1926,07/24/2021 07:14:37,13.08,135.92,,
1927,07/24/2021 07:24:37,13.12,197.04,,
1928,07/24/2021 07:34:37,13.12,248.72,,
1929,07/24/2021 07:44:37,13.17,217.76,,
1930,07/24/2021 07:54:37,13.17,239.36,,
1931,07/24/2021 08:04:37,13.34,314.16,,
1932,07/24/2021 08:14:37,13.77,1424.00,,
1933,07/24/2021 08:24:37,13.73,480.96,,
1934,07/24/2021 08:34:37,13.90,546.72,,
1935,07/24/2021 08:44:37,14.15,807.68,,
1936,07/24/2021 08:54:37,14.28,1143.68,,
1937,07/24/2021 09:04:37,14.24,2118.40,,
1938,07/24/2021 09:14:37,14.58,1508.48,,
1939,07/24/2021 09:24:37,14.88,1892.48,,
1940,07/24/2021 09:34:37,14.97,1861.76,,
1941,07/24/2021 09:44:37,15.23,1839.36,,
1942,07/24/2021 09:54:37,15.48,1839.36,,
1943,07/24/2021 10:04:37,15.70,1734.40,,
1944,07/24/2021 10:14:37,16.13,1744.00,,
1945,07/24/2021 10:24:37,16.39,1683.20,,
1946,07/24/2021 10:34:37,16.73,1628.16,,
1947,07/24/2021 10:44:37,16.77,1582.08,,
1948,07/24/2021 10:54:37,17.07,1484.16,,
1949,07/24/2021 11:04:37,17.46,1436.16,,
1950,07/24/2021 11:14:37,17.76,1416.32,,
1951,07/24/2021 11:24:37,18.02,1351.04,,
1952,07/24/2021 11:34:37,18.40,1283.84,,
1953,07/24/2021 11:44:37,18.57,1252.16,,
1954,07/24/2021 11:54:37,18.92,1215.68,,
1955,07/24/2021 12:04:37,19.22,1279.68,,
1956,07/24/2021 12:14:37,19.39,1200.32,,
1957,07/24/2021 12:24:37,19.69,1175.36,,
1958,07/24/2021 12:34:37,20.07,1128.32,,
1959,07/24/2021 12:44:37,20.20,1120.64,,
1960,07/24/2021 12:54:37,20.42,1137.60,,
1961,07/24/2021 13:04:37,20.55,1075.20,,
1962,07/24/2021 13:14:37,20.68,1022.40,,
1963,07/24/2021 13:24:37,20.93,1011.20,,
1964,07/24/2021 13:34:37,21.32,1005.12,,
1965,07/24/2021 13:44:37,21.53,967.68,,
1966,07/24/2021 13:54:37,21.83,1025.60,,
1967,07/24/2021 14:04:37,21.92,1012.16,,
1968,07/24/2021 14:14:37,21.96,1077.76,,
1969,07/24/2021 14:24:37,22.09,1129.92,,
1970,07/24/2021 14:34:37,22.26,1083.84,,
1971,07/24/2021 14:44:37,22.43,1204.48,,
1972,07/24/2021 14:54:37,22.52,1222.40,,
1973,07/24/2021 15:04:37,22.56,1224.96,,
1974,07/24/2021 15:14:37,22.73,1257.60,,
1975,07/24/2021 15:24:37,23.12,1352.32,,
1976,07/24/2021 15:34:37,23.16,1440.00,,
1977,07/24/2021 15:44:37,22.65,1392.64,,
1978,07/24/2021 15:54:37,22.52,1487.36,,
1979,07/24/2021 16:04:37,22.56,1545.60,,
1980,07/24/2021 16:14:37,22.69,1462.40,,
1981,07/24/2021 16:24:37,22.48,1510.40,,
1982,07/24/2021 16:34:37,22.56,1512.32,,
1983,07/24/2021 16:44:37,22.52,1800.96,,
1984,07/24/2021 16:54:37,22.48,1604.48,,
1985,07/24/2021 17:04:37,22.18,1801.60,,
1986,07/24/2021 17:14:37,22.01,1699.84,,
1987,07/24/2021 17:24:37,21.66,1953.92,,
1988,07/24/2021 17:34:37,21.58,1827.84,,
1989,07/24/2021 17:44:37,21.58,2017.28,,
1990,07/24/2021 17:54:37,21.36,2088.96,,
1991,07/24/2021 18:04:37,20.59,2070.40,,
1992,07/24/2021 18:14:37,20.07,2104.32,,
1993,07/24/2021 18:24:37,19.69,2338.56,,
1994,07/24/2021 18:34:37,19.39,2239.36,,
1995,07/24/2021 18:44:37,19.00,2218.88,,
1996,07/24/2021 18:54:37,18.70,2068.48,,
1997,07/24/2021 19:04:37,18.27,2136.96,,
1998,07/24/2021 19:14:37,18.02,1848.32,,
1999,07/24/2021 19:24:37,17.54,1864.96,,
2000,07/24/2021 19:34:37,17.20,1497.60,,
2001,07/24/2021 19:44:37,16.86,1162.56,,
2002,07/24/2021 19:54:37,16.47,802.56,,
2003,07/24/2021 20:04:37,16.13,197.04,,
2004,07/24/2021 20:14:37,15.70,116.16,,
2005,07/24/2021 20:24:37,15.40,53.34,,
2006,07/24/2021 20:34:37,15.18,18.30,,
2007,07/24/2021 20:44:37,15.06,3.66,,
2008,07/24/2021 20:54:37,14.75,0.00,,
2009,07/24/2021 21:04:37,13.77,0.00,,
2010,07/24/2021 21:14:37,13.55,0.00,,
2011,07/24/2021 21:24:37,13.25,0.00,,
2012,07/24/2021 21:34:37,13.30,0.00,,
2013,07/24/2021 21:44:37,13.12,0.00,,
2014,07/24/2021 21:54:37,13.12,0.00,,
2015,07/24/2021 22:04:37,13.00,0.00,,
2016,07/24/2021 22:14:37,13.04,0.00,,
2017,07/24/2021 22:24:37,12.95,0.00,,
2018,07/24/2021 22:34:37,13.04,0.00,,
2019,07/24/2021 22:44:37,13.04,0.00,,
2020,07/24/2021 22:54:37,13.30,0.00,,
2021,07/24/2021 23:04:37,13.68,0.00,,
2022,07/24/2021 23:14:37,18.19,0.00,,
2023,07/24/2021 23:24:37,21.62,0.00,,
2024,07/24/2021 23:34:37,21.66,0.00,,
2025,07/24/2021 23:44:37,21.62,0.00,,
2026,07/24/2021 23:54:37,21.62,0.00,,
2027,07/25/2021 00:04:37,21.62,0.00,,
2028,07/25/2021 00:14:37,21.58,0.00,,
2029,07/25/2021 00:24:37,21.49,0.00,,
2030,07/25/2021 00:34:37,21.49,0.00,,
2031,07/25/2021 00:44:37,21.40,0.00,,
2032,07/25/2021 00:54:37,21.40,0.00,,
2033,07/25/2021 01:04:37,21.36,0.00,,
2034,07/25/2021 01:14:37,21.45,0.00,,
2035,07/25/2021 01:24:37,21.49,0.00,,
2036,07/25/2021 01:34:37,21.53,0.00,,
2037,07/25/2021 01:44:37,21.53,0.00,,
2038,07/25/2021 01:54:37,20.25,0.00,,
2039,07/25/2021 02:04:37,15.53,0.00,,
2040,07/25/2021 02:14:37,14.11,0.00,,
2041,07/25/2021 02:24:37,13.64,0.00,,
2042,07/25/2021 02:34:37,13.77,0.00,,
2043,07/25/2021 02:44:37,13.55,0.00,,
2044,07/25/2021 02:54:37,13.38,0.00,,
2045,07/25/2021 03:04:37,13.17,0.00,,
2046,07/25/2021 03:14:37,13.21,0.00,,
2047,07/25/2021 03:24:37,13.21,0.00,,
2048,07/25/2021 03:34:37,13.08,0.00,,
2049,07/25/2021 03:44:37,12.87,0.00,,
2050,07/25/2021 03:54:37,12.87,0.00,,
2051,07/25/2021 04:04:37,12.82,0.00,,
2052,07/25/2021 04:14:37,12.95,0.00,,
2053,07/25/2021 04:24:37,12.82,0.00,,
2054,07/25/2021 04:34:37,12.61,0.00,,
2055,07/25/2021 04:44:37,12.57,0.00,,
2056,07/25/2021 04:54:37,12.70,0.00,,
2057,07/25/2021 05:04:37,12.65,0.00,,
2058,07/25/2021 05:14:37,12.40,0.00,,
2059,07/25/2021 05:24:37,12.48,0.00,,
2060,07/25/2021 05:34:37,12.48,0.00,,
2061,07/25/2021 05:44:37,12.65,0.00,,
2062,07/25/2021 05:54:37,12.65,0.42,,
2063,07/25/2021 06:04:37,12.52,3.84,,
2064,07/25/2021 06:14:37,12.52,12.23,,
2065,07/25/2021 06:24:37,12.82,25.56,,
2066,07/25/2021 06:34:37,12.74,45.32,,
2067,07/25/2021 06:44:37,12.61,62.54,,
2068,07/25/2021 06:54:37,12.52,124.80,,
2069,07/25/2021 07:04:37,12.87,148.00,,
2070,07/25/2021 07:14:37,12.70,186.64,,
2071,07/25/2021 07:24:37,12.82,221.20,,
2072,07/25/2021 07:34:37,12.87,284.88,,
2073,07/25/2021 07:44:37,13.04,290.88,,
2074,07/25/2021 07:54:37,13.08,321.84,,
2075,07/25/2021 08:04:37,13.17,464.80,,
2076,07/25/2021 08:14:37,13.25,524.80,,
2077,07/25/2021 08:24:37,13.38,895.04,,
2078,07/25/2021 08:34:37,13.64,979.52,,
2079,07/25/2021 08:44:37,13.73,1088.32,,
2080,07/25/2021 08:54:37,14.15,1699.20,,
2081,07/25/2021 09:04:37,14.41,1680.64,,
2082,07/25/2021 09:14:37,14.88,1648.00,,
2083,07/25/2021 09:24:37,15.01,1686.40,,
2084,07/25/2021 09:34:37,15.44,1720.96,,
2085,07/25/2021 09:44:37,15.78,1732.48,,
2086,07/25/2021 09:54:37,16.00,1697.28,,
2087,07/25/2021 10:04:37,16.26,1635.20,,
2088,07/25/2021 10:14:37,16.34,1582.08,,
2089,07/25/2021 10:24:37,16.34,1573.76,,
2090,07/25/2021 10:34:37,16.47,1560.96,,
2091,07/25/2021 10:44:37,16.73,1589.12,,
2092,07/25/2021 10:54:37,17.03,1515.52,,
2093,07/25/2021 11:04:37,17.29,1457.92,,
2094,07/25/2021 11:14:37,17.84,1444.48,,
2095,07/25/2021 11:24:37,18.14,1368.32,,
2096,07/25/2021 11:34:37,18.23,1333.12,,
2097,07/25/2021 11:44:37,18.40,1281.28,,
2098,07/25/2021 11:54:37,18.62,1166.08,,
2099,07/25/2021 12:04:37,18.96,1208.64,,
2100,07/25/2021 12:14:37,19.22,1176.96,,
2101,07/25/2021 12:24:37,19.22,1140.48,,
2102,07/25/2021 12:34:37,19.43,1083.84,,
2103,07/25/2021 12:44:37,19.65,1083.20,,
2104,07/25/2021 12:54:37,19.86,1016.32,,
2105,07/25/2021 13:04:37,20.12,940.16,,
2106,07/25/2021 13:14:37,20.46,1041.28,,
2107,07/25/2021 13:24:37,20.59,1101.12,,
2108,07/25/2021 13:34:37,20.80,1083.20,,
2109,07/25/2021 13:44:37,20.93,1076.16,,
2110,07/25/2021 13:54:37,21.32,1096.00,,
2111,07/25/2021 14:04:37,21.40,1067.52,,
2112,07/25/2021 14:14:37,21.10,1041.28,,
2113,07/25/2021 14:24:37,20.76,1172.80,,
2114,07/25/2021 14:34:37,20.89,1219.84,,
2115,07/25/2021 14:44:37,21.23,1379.84,,
2116,07/25/2021 14:54:37,21.36,1217.28,,
2117,07/25/2021 15:04:37,21.45,1303.68,,
2118,07/25/2021 15:14:37,21.62,1276.16,,
2119,07/25/2021 15:24:37,21.49,1313.92,,
2120,07/25/2021 15:34:37,21.40,1378.56,,
2121,07/25/2021 15:44:37,21.53,1470.72,,
2122,07/25/2021 15:54:37,21.45,1434.24,,
2123,07/25/2021 16:04:37,21.19,1406.08,,
2124,07/25/2021 16:14:37,21.28,1456.64,,
2125,07/25/2021 16:24:37,20.93,1523.20,,
2126,07/25/2021 16:34:37,20.76,1674.24,,
2127,07/25/2021 16:44:37,20.46,1754.24,,
2128,07/25/2021 16:54:37,20.20,1626.88,,
2129,07/25/2021 17:04:37,20.16,1676.16,,
2130,07/25/2021 17:14:37,20.12,1634.56,,
2131,07/25/2021 17:24:37,20.37,1597.44,,
2132,07/25/2021 17:34:37,20.33,1698.56,,
2133,07/25/2021 17:44:37,20.63,1811.84,,
2134,07/25/2021 17:54:37,20.46,1911.04,,
2135,07/25/2021 18:04:37,20.63,1784.96,,
2136,07/25/2021 18:14:37,20.50,1783.04,,
2137,07/25/2021 18:24:37,20.33,1808.64,,
2138,07/25/2021 18:34:37,20.20,1723.52,,
2139,07/25/2021 18:44:37,20.16,1754.24,,
2140,07/25/2021 18:54:37,19.56,1719.68,,
2141,07/25/2021 19:04:37,19.09,1625.60,,
2142,07/25/2021 19:14:37,18.92,1469.44,,
2143,07/25/2021 19:24:37,18.70,1236.16,,
2144,07/25/2021 19:34:37,18.27,1012.16,,
2145,07/25/2021 19:44:37,17.76,644.96,,
2146,07/25/2021 19:54:37,16.99,350.88,,
2147,07/25/2021 20:04:37,16.51,125.64,,
2148,07/25/2021 20:14:37,16.13,64.10,,
2149,07/25/2021 20:24:37,15.87,26.87,,
2150,07/25/2021 20:34:37,15.44,8.57,,
2151,07/25/2021 20:44:37,15.23,1.06,,
2152,07/25/2021 20:54:37,15.10,0.00,,
2153,07/25/2021 21:04:37,14.45,0.00,,
2154,07/25/2021 21:14:37,13.98,0.00,,
2155,07/25/2021 21:24:37,13.90,0.00,,
2156,07/25/2021 21:34:37,13.90,0.00,,
2157,07/25/2021 21:44:37,14.15,0.00,,
2158,07/25/2021 21:54:37,14.11,0.00,,
2159,07/25/2021 22:04:37,13.90,0.00,,
2160,07/25/2021 22:14:37,13.81,0.00,,
2161,07/25/2021 22:24:37,13.73,0.00,,
2162,07/25/2021 22:34:37,13.68,0.00,,
2163,07/25/2021 22:44:37,13.64,0.00,,
2164,07/25/2021 22:54:37,13.73,0.00,,
2165,07/25/2021 23:04:37,13.85,0.00,,
2166,07/25/2021 23:14:37,14.11,0.00,,
2167,07/25/2021 23:24:37,14.15,0.00,,
2168,07/25/2021 23:34:37,14.24,0.00,,
2169,07/25/2021 23:44:37,14.28,0.00,,
2170,07/25/2021 23:54:37,14.33,0.00,,
2171,07/26/2021 00:04:37,14.50,0.00,,
2172,07/26/2021 00:14:37,15.10,0.00,,
2173,07/26/2021 00:24:37,16.51,0.00,,
2174,07/26/2021 00:34:37,21.10,0.00,,
2175,07/26/2021 00:44:37,21.62,0.00,,
2176,07/26/2021 00:54:37,21.62,0.00,,
2177,07/26/2021 01:04:37,21.62,0.00,,
2178,07/26/2021 01:14:37,21.58,0.00,,
2179,07/26/2021 01:24:37,21.58,0.00,,
2180,07/26/2021 01:34:37,21.58,0.00,,
2181,07/26/2021 01:44:37,21.53,0.00,,
2182,07/26/2021 01:54:37,21.62,0.00,,
2183,07/26/2021 02:04:37,21.53,0.00,,
2184,07/26/2021 02:14:37,21.53,0.00,,
2185,07/26/2021 02:24:37,20.89,0.00,,
2186,07/26/2021 02:34:37,16.04,0.00,,
2187,07/26/2021 02:44:37,14.45,0.00,,
2188,07/26/2021 02:54:37,13.98,0.00,,
2189,07/26/2021 03:04:37,13.94,0.00,,
2190,07/26/2021 03:14:37,13.68,0.00,,
2191,07/26/2021 03:24:37,13.64,0.00,,
2192,07/26/2021 03:34:37,13.51,0.00,,
2193,07/26/2021 03:44:37,13.60,0.00,,
2194,07/26/2021 03:54:37,13.47,0.00,,
2195,07/26/2021 04:04:37,13.38,0.00,,
2196,07/26/2021 04:14:37,13.51,0.00,,
2197,07/26/2021 04:24:37,13.30,0.00,,
2198,07/26/2021 04:34:37,13.30,0.00,,
2199,07/26/2021 04:44:37,13.34,0.00,,
2200,07/26/2021 04:54:37,13.17,0.00,,
2201,07/26/2021 05:04:37,13.25,0.00,,
2202,07/26/2021 05:14:37,13.08,0.00,,
2203,07/26/2021 05:24:37,13.17,0.00,,
2204,07/26/2021 05:34:37,13.17,0.00,,
2205,07/26/2021 05:44:37,13.17,0.00,,
2206,07/26/2021 05:54:37,13.17,0.21,,
2207,07/26/2021 06:04:37,13.12,4.06,,
2208,07/26/2021 06:14:37,13.00,12.87,,
2209,07/26/2021 06:24:37,13.08,23.21,,
2210,07/26/2021 06:34:37,13.17,34.81,,
2211,07/26/2021 06:44:37,13.25,61.04,,
2212,07/26/2021 06:54:37,13.34,96.80,,
2213,07/26/2021 07:04:37,13.30,135.92,,
2214,07/26/2021 07:14:37,13.25,185.84,,
2215,07/26/2021 07:24:37,13.25,291.68,,
2216,07/26/2021 07:34:37,13.47,360.48,,
2217,07/26/2021 07:44:37,13.47,441.44,,
2218,07/26/2021 07:54:37,13.60,868.48,,
2219,07/26/2021 08:04:37,13.77,1322.24,,
2220,07/26/2021 08:14:37,13.94,962.56,,
2221,07/26/2021 08:24:37,13.90,691.52,,
2222,07/26/2021 08:34:37,13.85,650.56,,
2223,07/26/2021 08:44:37,14.07,1074.56,,
2224,07/26/2021 08:54:37,14.11,807.36,,
2225,07/26/2021 09:04:37,14.54,900.80,,
2226,07/26/2021 09:14:37,14.80,817.92,,
2227,07/26/2021 09:24:37,15.27,2515.20,,
2228,07/26/2021 09:34:37,16.94,8179.20,,
2229,07/26/2021 09:44:37,17.67,2330.24,,
2230,07/26/2021 09:54:37,16.81,503.52,,
2231,07/26/2021 10:04:37,16.51,751.36,,
2232,07/26/2021 10:14:37,15.74,1713.28,,
2233,07/26/2021 10:24:37,15.78,1690.88,,
2234,07/26/2021 10:34:37,16.13,1836.16,,
2235,07/26/2021 10:44:37,16.60,1843.20,,
2236,07/26/2021 10:54:37,16.47,1198.40,,
2237,07/26/2021 11:04:37,16.69,1846.40,,
2238,07/26/2021 11:14:37,16.86,1581.44,,
2239,07/26/2021 11:24:37,16.69,1683.84,,
2240,07/26/2021 11:34:37,16.00,1582.72,,
2241,07/26/2021 11:44:37,16.00,1563.52,,
2242,07/26/2021 11:54:37,16.17,1553.28,,
2243,07/26/2021 12:04:37,16.30,1514.88,,
2244,07/26/2021 12:14:37,16.34,1499.52,,
2245,07/26/2021 12:24:37,16.30,1606.40,,
2246,07/26/2021 12:34:37,15.83,1704.32,,
2247,07/26/2021 12:44:37,15.91,1737.60,,
2248,07/26/2021 12:54:37,16.43,1818.88,,
2249,07/26/2021 13:04:37,16.47,1942.40,,
2250,07/26/2021 13:14:37,16.51,2007.04,,
2251,07/26/2021 13:24:37,16.77,2030.72,,
2252,07/26/2021 13:34:37,16.73,2149.12,,
2253,07/26/2021 13:44:37,16.51,1887.36,,
2254,07/26/2021 13:54:37,16.60,1936.64,,
2255,07/26/2021 14:04:37,17.07,2478.72,,
2256,07/26/2021 14:14:37,17.59,2097.92,,
2257,07/26/2021 14:24:37,18.27,2508.16,,
2258,07/26/2021 14:34:37,18.14,1815.68,,
2259,07/26/2021 14:44:37,17.84,1864.96,,
2260,07/26/2021 14:54:37,17.80,1816.96,,
2261,07/26/2021 15:04:37,17.50,1763.20,,
2262,07/26/2021 15:14:37,17.97,1651.20,,
2263,07/26/2021 15:24:37,17.89,1580.16,,
2264,07/26/2021 15:34:37,17.59,1589.76,,
2265,07/26/2021 15:44:37,17.46,1822.08,,
2266,07/26/2021 15:54:37,17.29,2056.96,,
2267,07/26/2021 16:04:37,17.63,2316.80,,
2268,07/26/2021 16:14:37,17.41,2046.08,,
2269,07/26/2021 16:24:37,16.94,1790.08,,
2270,07/26/2021 16:34:37,16.51,1575.04,,
2271,07/26/2021 16:44:37,16.34,1505.28,,
2272,07/26/2021 16:54:37,16.30,1526.40,,
2273,07/26/2021 17:04:37,16.21,1507.84,,
2274,07/26/2021 17:14:37,16.04,1681.92,,
2275,07/26/2021 17:24:37,16.04,1795.20,,
2276,07/26/2021 17:34:37,15.87,1670.40,,
2277,07/26/2021 17:44:37,15.91,1620.48,,
2278,07/26/2021 17:54:37,16.04,1834.24,,
2279,07/26/2021 18:04:37,15.91,1472.64,,
2280,07/26/2021 18:14:37,15.74,1459.20,,
2281,07/26/2021 18:24:37,15.78,1683.20,,
2282,07/26/2021 18:34:37,15.74,1736.32,,
2283,07/26/2021 18:44:37,15.53,1884.16,,
2284,07/26/2021 18:54:37,15.40,1374.72,,
2285,07/26/2021 19:04:37,15.10,1166.72,,
2286,07/26/2021 19:14:37,15.01,513.76,,
2287,07/26/2021 19:24:37,14.88,478.40,,
2288,07/26/2021 19:34:37,14.71,355.20,,
2289,07/26/2021 19:44:37,14.80,288.16,,
2290,07/26/2021 19:54:37,14.97,197.04,,
2291,07/26/2021 20:04:37,14.71,108.84,,
2292,07/26/2021 20:14:37,14.58,46.18,,
2293,07/26/2021 20:24:37,14.41,19.77,,
2294,07/26/2021 20:34:37,14.33,6.01,,
2295,07/26/2021 20:44:37,14.33,0.64,,
2296,07/26/2021 20:54:37,14.33,0.00,,
2297,07/26/2021 21:04:37,14.33,0.00,,
2298,07/26/2021 21:14:37,14.24,0.00,,
2299,07/26/2021 21:24:37,14.24,0.00,,
2300,07/26/2021 21:34:37,14.20,0.00,,
2301,07/26/2021 21:44:37,14.11,0.00,,
2302,07/26/2021 21:54:37,14.20,0.00,,
2303,07/26/2021 22:04:37,14.24,0.00,,
2304,07/26/2021 22:14:37,14.20,0.00,,
2305,07/26/2021 22:24:37,14.07,0.00,,
2306,07/26/2021 22:34:37,13.98,0.00,,
2307,07/26/2021 22:44:37,14.03,0.00,,
2308,07/26/2021 22:54:37,13.98,0.00,,
2309,07/26/2021 23:04:37,14.03,0.00,,
2310,07/26/2021 23:14:37,14.03,0.00,,
2311,07/26/2021 23:24:37,14.33,0.00,,
2312,07/26/2021 23:34:37,14.20,0.00,,
2313,07/26/2021 23:44:37,14.11,0.00,,
2314,07/26/2021 23:54:37,14.15,0.00,,
2315,07/27/2021 00:04:37,14.11,0.00,,
2316,07/27/2021 00:14:37,13.94,0.00,,
2317,07/27/2021 00:24:37,13.77,0.00,,
2318,07/27/2021 00:34:37,13.73,0.00,,
2319,07/27/2021 00:44:37,13.55,0.00,,
2320,07/27/2021 00:54:37,13.08,0.00,,
2321,07/27/2021 01:04:37,12.87,0.00,,
2322,07/27/2021 01:14:37,12.78,0.00,,
2323,07/27/2021 01:24:37,14.07,0.00,,
2324,07/27/2021 01:34:37,13.25,0.00,,
2325,07/27/2021 01:44:37,13.04,0.00,,
2326,07/27/2021 01:54:37,13.00,0.00,,
2327,07/27/2021 02:04:37,12.82,0.00,,
2328,07/27/2021 02:14:37,12.61,0.00,,
2329,07/27/2021 02:24:37,13.12,0.00,,
2330,07/27/2021 02:34:37,12.91,0.00,,
2331,07/27/2021 02:44:37,12.82,0.00,,
2332,07/27/2021 02:54:37,13.08,0.00,,
2333,07/27/2021 03:04:37,12.82,0.00,,
2334,07/27/2021 03:14:37,12.48,0.00,,
2335,07/27/2021 03:24:37,12.40,0.00,,
2336,07/27/2021 03:34:37,12.61,0.00,,
2337,07/27/2021 03:44:37,12.31,0.00,,
2338,07/27/2021 03:54:37,12.31,0.00,,
2339,07/27/2021 04:04:37,12.57,0.00,,
2340,07/27/2021 04:14:37,12.52,0.00,,
2341,07/27/2021 04:24:37,12.44,0.00,,
2342,07/27/2021 04:34:37,12.35,0.00,,
2343,07/27/2021 04:44:37,12.61,0.00,,
2344,07/27/2021 04:54:37,12.61,0.00,,
2345,07/27/2021 05:04:37,12.65,0.00,,
2346,07/27/2021 05:14:37,12.65,0.00,,
2347,07/27/2021 05:24:37,12.70,0.00,,
2348,07/27/2021 05:34:37,12.61,0.00,,
2349,07/27/2021 05:44:37,12.57,0.00,,
2350,07/27/2021 05:54:37,12.52,0.64,,
2351,07/27/2021 06:04:37,12.70,4.91,,
2352,07/27/2021 06:14:37,12.78,13.75,,
2353,07/27/2021 06:24:37,13.00,33.98,,
2354,07/27/2021 06:34:37,13.12,62.98,,
2355,07/27/2021 06:44:37,13.25,92.48,,
2356,07/27/2021 06:54:37,13.30,110.92,,
2357,07/27/2021 07:04:37,13.43,138.48,,
2358,07/27/2021 07:14:37,13.60,199.60,,
2359,07/27/2021 07:24:37,13.85,254.72,,
2360,07/27/2021 07:34:37,13.90,250.48,,
2361,07/27/2021 07:44:37,13.94,298.56,,
2362,07/27/2021 07:54:37,13.94,424.96,,
2363,07/27/2021 08:04:37,14.11,503.20,,
2364,07/27/2021 08:14:37,14.33,480.96,,
2365,07/27/2021 08:24:37,14.41,469.76,,
2366,07/27/2021 08:34:37,14.50,472.32,,
2367,07/27/2021 08:44:37,14.71,582.56,,
2368,07/27/2021 08:54:37,14.71,720.00,,
2369,07/27/2021 09:04:37,14.88,650.56,,
2370,07/27/2021 09:14:37,15.10,715.84,,
2371,07/27/2021 09:24:37,15.31,742.40,,
2372,07/27/2021 09:34:37,15.48,746.56,,
2373,07/27/2021 09:44:37,15.70,826.56,,
2374,07/27/2021 09:54:37,15.83,867.20,,
2375,07/27/2021 10:04:37,16.04,1166.08,,
2376,07/27/2021 10:14:37,16.21,879.68,,
2377,07/27/2021 10:24:37,16.43,770.88,,
2378,07/27/2021 10:34:37,16.51,716.80,,
2379,07/27/2021 10:44:37,16.64,724.48,,
2380,07/27/2021 10:54:37,16.86,749.12,,
2381,07/27/2021 11:04:37,16.90,753.60,,
2382,07/27/2021 11:14:37,16.86,747.52,,
2383,07/27/2021 11:24:37,16.73,812.80,,
2384,07/27/2021 11:34:37,16.69,1028.48,,
2385,07/27/2021 11:44:37,16.81,1330.56,,
2386,07/27/2021 11:54:37,17.24,1839.36,,
2387,07/27/2021 12:04:37,17.41,1478.40,,
2388,07/27/2021 12:14:37,17.54,1523.20,,
2389,07/27/2021 12:24:37,17.93,1457.28,,
2390,07/27/2021 12:34:37,18.40,1298.56,,
2391,07/27/2021 12:44:37,18.66,1260.16,,
2392,07/27/2021 12:54:37,18.92,1555.84,,
2393,07/27/2021 13:04:37,18.92,1607.68,,
2394,07/27/2021 13:14:37,18.62,1568.64,,
2395,07/27/2021 13:24:37,18.87,1304.32,,
2396,07/27/2021 13:34:37,18.92,1304.32,,
2397,07/27/2021 13:44:37,19.17,1379.84,,
2398,07/27/2021 13:54:37,19.35,1406.72,,
2399,07/27/2021 14:04:37,19.13,1372.16,,
2400,07/27/2021 14:14:37,19.26,1342.08,,
2401,07/27/2021 14:24:37,19.60,1390.08,,
2402,07/27/2021 14:34:37,20.42,1159.04,,
2403,07/27/2021 14:44:37,20.55,1477.76,,
2404,07/27/2021 14:54:37,19.86,1620.48,,
2405,07/27/2021 15:04:37,19.95,1660.16,,
2406,07/27/2021 15:14:37,19.86,1783.04,,
2407,07/27/2021 15:24:37,19.69,1803.52,,
2408,07/27/2021 15:34:37,19.65,1251.52,,
2409,07/27/2021 15:44:37,19.39,1180.48,,
2410,07/27/2021 15:54:37,19.22,1342.08,,
2411,07/27/2021 16:04:37,19.09,1966.08,,
2412,07/27/2021 16:14:37,19.17,2065.28,,
2413,07/27/2021 16:24:37,19.22,1591.68,,
2414,07/27/2021 16:34:37,19.13,1692.16,,
2415,07/27/2021 16:44:37,18.83,1770.24,,
2416,07/27/2021 16:54:37,19.00,2272.00,,
2417,07/27/2021 17:04:37,19.39,2369.28,,
2418,07/27/2021 17:14:37,18.87,2483.84,,
2419,07/27/2021 17:24:37,18.70,2504.32,,
2420,07/27/2021 17:34:37,18.70,2572.80,,
2421,07/27/2021 17:44:37,18.66,2659.84,,
2422,07/27/2021 17:54:37,18.62,3070.72,,
2423,07/27/2021 18:04:37,18.32,2837.76,,
2424,07/27/2021 18:14:37,18.02,3111.68,,
2425,07/27/2021 18:24:37,17.63,3256.32,,
2426,07/27/2021 18:34:37,17.33,3197.44,,
2427,07/27/2021 18:44:37,17.11,3029.76,,
2428,07/27/2021 18:54:37,17.11,3055.36,,
2429,07/27/2021 19:04:37,17.03,2796.80,,
2430,07/27/2021 19:14:37,16.94,2679.04,,
2431,07/27/2021 19:24:37,16.73,2309.76,,
2432,07/27/2021 19:34:37,16.43,1884.16,,
2433,07/27/2021 19:44:37,16.39,1446.40,,
2434,07/27/2021 19:54:37,16.21,995.84,,
2435,07/27/2021 20:04:37,15.83,410.08,,
2436,07/27/2021 20:14:37,15.53,81.26,,
2437,07/27/2021 20:24:37,15.31,33.95,,
2438,07/27/2021 20:34:37,15.18,10.74,,
2439,07/27/2021 20:44:37,15.14,1.70,,
2440,07/27/2021 20:54:37,15.10,0.00,,
2441,07/27/2021 21:04:37,15.01,0.00,,
2442,07/27/2021 21:14:37,14.41,0.00,,
2443,07/27/2021 21:24:37,13.77,0.00,,
2444,07/27/2021 21:34:37,13.64,0.00,,
2445,07/27/2021 21:44:37,13.73,0.00,,
2446,07/27/2021 21:54:37,13.64,0.00,,
2447,07/27/2021 22:04:37,13.55,0.00,,
2448,07/27/2021 22:14:37,13.30,0.00,,
2449,07/27/2021 22:24:37,13.34,0.00,,
2450,07/27/2021 22:34:37,13.17,0.00,,
2451,07/27/2021 22:44:37,13.17,0.00,,
2452,07/27/2021 22:54:37,13.30,0.00,,
2453,07/27/2021 23:04:37,13.25,0.00,,
2454,07/27/2021 23:14:37,13.08,0.00,,
2455,07/27/2021 23:24:37,13.08,0.00,,
2456,07/27/2021 23:34:37,13.30,0.00,,
2457,07/27/2021 23:44:37,13.43,0.00,,
2458,07/27/2021 23:54:37,13.64,0.00,,
2459,07/28/2021 00:04:37,13.38,0.00,,
2460,07/28/2021 00:14:37,13.17,0.00,,
2461,07/28/2021 00:24:37,12.61,0.00,,
2462,07/28/2021 00:34:37,12.31,0.00,,
2463,07/28/2021 00:44:37,12.31,0.00,,
2464,07/28/2021 00:54:37,12.35,0.00,,
2465,07/28/2021 01:04:37,12.82,0.00,,
2466,07/28/2021 01:14:37,13.04,0.00,,
2467,07/28/2021 01:24:37,12.65,0.00,,
2468,07/28/2021 01:34:37,13.21,0.00,,
2469,07/28/2021 01:44:37,13.21,0.00,,
2470,07/28/2021 01:54:37,13.12,0.00,,
2471,07/28/2021 02:04:37,13.00,0.00,,
2472,07/28/2021 02:14:37,12.91,0.00,,
2473,07/28/2021 02:24:37,13.17,0.00,,
2474,07/28/2021 02:34:37,13.34,0.00,,
2475,07/28/2021 02:44:37,13.47,0.00,,
2476,07/28/2021 02:54:37,13.51,0.00,,
2477,07/28/2021 03:04:37,13.43,0.00,,
2478,07/28/2021 03:14:37,13.43,0.00,,
2479,07/28/2021 03:24:37,13.17,0.00,,
2480,07/28/2021 03:34:37,13.12,0.00,,
2481,07/28/2021 03:44:37,14.07,0.00,,
2482,07/28/2021 03:54:37,14.03,0.00,,
2483,07/28/2021 04:04:37,13.90,0.00,,
2484,07/28/2021 04:14:37,13.90,0.00,,
2485,07/28/2021 04:24:37,13.90,0.00,,
2486,07/28/2021 04:34:37,13.90,0.00,,
2487,07/28/2021 04:44:37,13.90,0.00,,
2488,07/28/2021 04:54:37,14.03,0.00,,
2489,07/28/2021 05:04:37,14.03,0.00,,
2490,07/28/2021 05:14:37,13.98,0.00,,
2491,07/28/2021 05:24:37,14.07,0.00,,
2492,07/28/2021 05:34:37,13.90,0.00,,
2493,07/28/2021 05:44:37,13.85,0.00,,
2494,07/28/2021 05:54:37,13.77,0.00,,
2495,07/28/2021 06:04:37,13.77,2.99,,
2496,07/28/2021 06:14:37,13.64,10.92,,
2497,07/28/2021 06:24:37,13.55,25.59,,
2498,07/28/2021 06:34:37,13.43,42.10,,
2499,07/28/2021 06:44:37,13.38,62.98,,
2500,07/28/2021 06:54:37,13.34,105.72,,
2501,07/28/2021 07:04:37,13.30,154.84,,
2502,07/28/2021 07:14:37,13.21,210.72,,
2503,07/28/2021 07:24:37,13.34,290.72,,
2504,07/28/2021 07:34:37,13.43,290.72,,
2505,07/28/2021 07:44:37,13.51,300.24,,
2506,07/28/2021 07:54:37,13.60,326.96,,
2507,07/28/2021 08:04:37,13.73,381.92,,
2508,07/28/2021 08:14:37,13.77,417.12,,
2509,07/28/2021 08:24:37,13.81,567.52,,
2510,07/28/2021 08:34:37,14.03,773.44,,
2511,07/28/2021 08:44:37,14.33,1097.60,,
2512,07/28/2021 08:54:37,14.63,1023.04,,
2513,07/28/2021 09:04:37,14.67,1920.00,,
2514,07/28/2021 09:14:37,14.84,1806.72,,
2515,07/28/2021 09:24:37,15.18,1674.24,,
2516,07/28/2021 09:34:37,15.53,1541.76,,
2517,07/28/2021 09:44:37,15.83,1499.52,,
2518,07/28/2021 09:54:37,16.13,1472.00,,
2519,07/28/2021 10:04:37,16.34,1490.56,,
2520,07/28/2021 10:14:37,16.90,1401.60,,
2521,07/28/2021 10:24:37,17.54,1396.48,,
2522,07/28/2021 10:34:37,17.89,1406.72,,
2523,07/28/2021 10:44:37,17.76,1390.72,,
2524,07/28/2021 10:54:37,17.76,1420.80,,
2525,07/28/2021 11:04:37,17.93,1307.84,,
2526,07/28/2021 11:14:37,18.10,1351.04,,
2527,07/28/2021 11:24:37,18.36,1489.28,,
2528,07/28/2021 11:34:37,18.66,1536.00,,
2529,07/28/2021 11:44:37,18.74,1500.16,,
2530,07/28/2021 11:54:37,18.62,1352.96,,
2531,07/28/2021 12:04:37,18.70,1362.56,,
2532,07/28/2021 12:14:37,18.96,1374.72,,
2533,07/28/2021 12:24:37,19.26,1342.08,,
2534,07/28/2021 12:34:37,19.43,1429.76,,
2535,07/28/2021 12:44:37,19.86,1347.20,,
2536,07/28/2021 12:54:37,19.99,1276.16,,
2537,07/28/2021 13:04:37,20.07,1261.76,,
2538,07/28/2021 13:14:37,20.07,1363.20,,
2539,07/28/2021 13:24:37,19.86,1278.72,,
2540,07/28/2021 13:34:37,19.90,1295.04,,
2541,07/28/2021 13:44:37,19.99,1272.00,,
2542,07/28/2021 13:54:37,20.07,1321.60,,
2543,07/28/2021 14:04:37,20.29,1545.60,,
2544,07/28/2021 14:14:37,20.20,1543.04,,
2545,07/28/2021 14:24:37,20.20,1553.92,,
2546,07/28/2021 14:34:37,20.20,1622.40,,
2547,07/28/2021 14:44:37,19.60,1773.44,,
2548,07/28/2021 14:54:37,19.82,1760.00,,
2549,07/28/2021 15:04:37,20.07,1832.96,,
2550,07/28/2021 15:14:37,19.30,1866.88,,
2551,07/28/2021 15:24:37,18.96,1943.68,,
2552,07/28/2021 15:34:37,18.32,1994.88,,
2553,07/28/2021 15:44:37,18.27,2101.12,,
2554,07/28/2021 15:54:37,17.97,2131.84,,
2555,07/28/2021 16:04:37,17.93,2000.00,,
2556,07/28/2021 16:14:37,18.06,2113.28,,
2557,07/28/2021 16:24:37,17.97,2195.20,,
2558,07/28/2021 16:34:37,17.80,2284.16,,
2559,07/28/2021 16:44:37,17.89,2198.40,,
2560,07/28/2021 16:54:37,17.93,2218.88,,
2561,07/28/2021 17:04:37,18.19,2345.60,,
2562,07/28/2021 17:14:37,18.53,2345.60,,
2563,07/28/2021 17:24:37,19.09,2813.44,,
2564,07/28/2021 17:34:37,19.26,2635.52,,
2565,07/28/2021 17:44:37,18.49,2864.64,,
2566,07/28/2021 17:54:37,18.40,2923.52,,
2567,07/28/2021 18:04:37,18.40,3037.44,,
2568,07/28/2021 18:14:37,18.02,2882.56,,
2569,07/28/2021 18:24:37,18.14,3052.80,,
2570,07/28/2021 18:34:37,18.10,3032.32,,
2571,07/28/2021 18:44:37,17.97,3015.68,,
2572,07/28/2021 18:54:37,17.84,2836.48,,
2573,07/28/2021 19:04:37,17.72,2494.08,,
2574,07/28/2021 19:14:37,17.54,2332.16,,
2575,07/28/2021 19:24:37,17.11,2029.44,,
2576,07/28/2021 19:34:37,17.11,1716.48,,
2577,07/28/2021 19:44:37,16.77,625.28,,
2578,07/28/2021 19:54:37,16.56,270.96,,
2579,07/28/2021 20:04:37,16.60,168.56,,
2580,07/28/2021 20:14:37,16.64,86.08,,
2581,07/28/2021 20:24:37,16.43,36.14,,
2582,07/28/2021 20:34:37,16.04,10.31,,
2583,07/28/2021 20:44:37,15.83,1.49,,
2584,07/28/2021 20:54:37,15.70,0.00,,
2585,07/28/2021 21:04:37,15.91,0.00,,
2586,07/28/2021 21:14:37,15.91,0.00,,
2587,07/28/2021 21:24:37,15.53,0.00,,
2588,07/28/2021 21:34:37,15.31,0.00,,
2589,07/28/2021 21:44:37,15.31,0.00,,
2590,07/28/2021 21:54:37,14.97,0.00,,
2591,07/28/2021 22:04:37,14.58,0.00,,
2592,07/28/2021 22:14:37,14.67,0.00,,
2593,07/28/2021 22:24:37,14.67,0.00,,
2594,07/28/2021 22:34:37,14.58,0.00,,
2595,07/28/2021 22:44:37,14.50,0.00,,
2596,07/28/2021 22:54:37,14.54,0.00,,
2597,07/28/2021 23:04:37,14.54,0.00,,
2598,07/28/2021 23:14:37,14.71,0.00,,
2599,07/28/2021 23:24:37,14.71,0.00,,
2600,07/28/2021 23:34:37,14.71,0.00,,
2601,07/28/2021 23:44:37,14.63,0.00,,
2602,07/28/2021 23:54:37,14.67,0.00,,
2603,07/29/2021 00:04:37,14.75,0.00,,
2604,07/29/2021 00:14:37,14.58,0.00,,
2605,07/29/2021 00:24:37,14.37,0.00,,
2606,07/29/2021 00:34:37,14.28,0.00,,
2607,07/29/2021 00:44:37,14.33,0.00,,
2608,07/29/2021 00:54:37,14.37,0.00,,
2609,07/29/2021 01:04:37,14.41,0.00,,
2610,07/29/2021 01:14:37,14.37,0.00,,
2611,07/29/2021 01:24:37,14.24,0.00,,
2612,07/29/2021 01:34:37,14.20,0.00,,
2613,07/29/2021 01:44:37,14.11,0.00,,
2614,07/29/2021 01:54:37,13.98,0.00,,
2615,07/29/2021 02:04:37,13.90,0.00,,
2616,07/29/2021 02:14:37,13.94,0.00,,
2617,07/29/2021 02:24:37,13.85,0.00,,
2618,07/29/2021 02:34:37,13.81,0.00,,
2619,07/29/2021 02:44:37,14.11,0.00,,
2620,07/29/2021 02:54:37,14.28,0.00,,
2621,07/29/2021 03:04:37,14.37,0.00,,
2622,07/29/2021 03:14:37,14.41,0.00,,
2623,07/29/2021 03:24:37,14.33,0.00,,
2624,07/29/2021 03:34:37,14.28,0.00,,
2625,07/29/2021 03:44:37,14.28,0.00,,
2626,07/29/2021 03:54:37,14.24,0.00,,
2627,07/29/2021 04:04:37,14.03,0.00,,
2628,07/29/2021 04:14:37,14.03,0.00,,
2629,07/29/2021 04:24:37,14.11,0.00,,
2630,07/29/2021 04:34:37,14.15,0.00,,
2631,07/29/2021 04:44:37,14.15,0.00,,
2632,07/29/2021 04:54:37,14.11,0.00,,
2633,07/29/2021 05:04:37,14.24,0.00,,
2634,07/29/2021 05:14:37,14.20,0.00,,
2635,07/29/2021 05:24:37,14.28,0.00,,
2636,07/29/2021 05:34:37,14.28,0.00,,
2637,07/29/2021 05:44:37,14.24,0.00,,
2638,07/29/2021 05:54:37,14.20,0.00,,
2639,07/29/2021 06:04:37,14.20,2.13,,
2640,07/29/2021 06:14:37,14.15,6.65,,
2641,07/29/2021 06:24:37,14.24,15.46,,
2642,07/29/2021 06:34:37,14.07,27.09,,
2643,07/29/2021 06:44:37,14.11,34.59,,
2644,07/29/2021 06:54:37,14.11,52.84,,
2645,07/29/2021 07:04:37,14.15,76.50,,
2646,07/29/2021 07:14:37,14.20,107.44,,
2647,07/29/2021 07:24:37,14.11,102.32,,
2648,07/29/2021 07:34:37,14.11,160.80,,
2649,07/29/2021 07:44:37,14.24,297.68,,
2650,07/29/2021 07:54:37,14.45,361.12,,
2651,07/29/2021 08:04:37,14.50,432.80,,
2652,07/29/2021 08:14:37,14.63,551.36,,
2653,07/29/2021 08:24:37,14.80,803.52,,
2654,07/29/2021 08:34:37,14.88,611.68,,
2655,07/29/2021 08:44:37,15.06,935.04,,
2656,07/29/2021 08:54:37,15.40,1513.60,,
2657,07/29/2021 09:04:37,15.57,1525.76,,
2658,07/29/2021 09:14:37,15.74,2104.32,,
2659,07/29/2021 09:24:37,15.83,1849.60,,
2660,07/29/2021 09:34:37,15.87,1717.12,,
2661,07/29/2021 09:44:37,16.00,1768.32,,
2662,07/29/2021 09:54:37,16.17,1836.16,,
2663,07/29/2021 10:04:37,16.47,1786.24,,
2664,07/29/2021 10:14:37,16.73,1553.92,,
2665,07/29/2021 10:24:37,17.07,1518.72,,
2666,07/29/2021 10:34:37,17.54,1527.68,,
2667,07/29/2021 10:44:37,17.72,1578.88,,
2668,07/29/2021 10:54:37,18.02,1568.64,,
2669,07/29/2021 11:04:37,18.44,1484.80,,
2670,07/29/2021 11:14:37,18.74,1439.36,,
2671,07/29/2021 11:24:37,18.92,1388.16,,
2672,07/29/2021 11:34:37,19.05,1365.76,,
2673,07/29/2021 11:44:37,19.26,1335.68,,
2674,07/29/2021 11:54:37,19.47,1272.00,,
2675,07/29/2021 12:04:37,19.73,1243.84,,
2676,07/29/2021 12:14:37,19.86,1244.48,,
2677,07/29/2021 12:24:37,19.82,1297.60,,
2678,07/29/2021 12:34:37,19.77,1328.00,,
2679,07/29/2021 12:44:37,19.65,1335.04,,
2680,07/29/2021 12:54:37,19.77,1360.00,,
2681,07/29/2021 13:04:37,19.82,1429.12,,
2682,07/29/2021 13:14:37,19.60,1577.60,,
2683,07/29/2021 13:24:37,19.00,1699.20,,
2684,07/29/2021 13:34:37,18.79,1686.40,,
2685,07/29/2021 13:44:37,18.57,1306.24,,
2686,07/29/2021 13:54:37,18.83,1263.36,,
2687,07/29/2021 14:04:37,18.92,1704.32,,
2688,07/29/2021 14:14:37,18.96,1895.68,,
2689,07/29/2021 14:24:37,19.65,1447.04,,
2690,07/29/2021 14:34:37,19.65,1739.52,,
2691,07/29/2021 14:44:37,19.26,1765.76,,
2692,07/29/2021 14:54:37,19.00,1810.56,,
2693,07/29/2021 15:04:37,18.83,1786.24,,
2694,07/29/2021 15:14:37,18.23,1811.84,,
2695,07/29/2021 15:24:37,18.19,1854.72,,
2696,07/29/2021 15:34:37,18.02,1921.28,,
2697,07/29/2021 15:44:37,17.97,1983.36,,
2698,07/29/2021 15:54:37,18.02,1988.48,,
2699,07/29/2021 16:04:37,17.93,2222.72,,
2700,07/29/2021 16:14:37,17.67,2159.36,,
2701,07/29/2021 16:24:37,17.54,2133.76,,
2702,07/29/2021 16:34:37,17.29,2215.68,,
2703,07/29/2021 16:44:37,17.24,2210.56,,
2704,07/29/2021 16:54:37,16.77,2352.64,,
2705,07/29/2021 17:04:37,16.73,2318.08,,
2706,07/29/2021 17:14:37,16.77,2627.84,,
2707,07/29/2021 17:24:37,16.90,2727.68,,
2708,07/29/2021 17:34:37,16.86,3015.68,,
2709,07/29/2021 17:44:37,16.77,2757.12,,
2710,07/29/2021 17:54:37,16.56,2970.88,,
2711,07/29/2021 18:04:37,16.60,3169.28,,
2712,07/29/2021 18:14:37,16.47,3114.24,,
2713,07/29/2021 18:24:37,16.30,3215.36,,
2714,07/29/2021 18:34:37,16.00,2841.60,,
2715,07/29/2021 18:44:37,15.78,2803.20,,
2716,07/29/2021 18:54:37,15.66,2897.92,,
2717,07/29/2021 19:04:37,15.40,1023.04,,
2718,07/29/2021 19:14:37,15.10,1497.60,,
2719,07/29/2021 19:24:37,14.84,726.08,,
2720,07/29/2021 19:34:37,14.54,388.00,,
2721,07/29/2021 19:44:37,14.54,271.84,,
2722,07/29/2021 19:54:37,14.37,164.24,,
2723,07/29/2021 20:04:37,14.45,87.24,,
2724,07/29/2021 20:14:37,14.45,42.54,,
2725,07/29/2021 20:24:37,14.20,12.90,,
2726,07/29/2021 20:34:37,14.07,2.56,,
2727,07/29/2021 20:44:37,14.03,0.00,,
2728,07/29/2021 20:54:37,13.98,0.00,,
2729,07/29/2021 21:04:37,14.03,0.00,,
2730,07/29/2021 21:14:37,14.15,0.00,,
2731,07/29/2021 21:24:37,14.03,0.00,,
2732,07/29/2021 21:34:37,14.07,0.00,,
2733,07/29/2021 21:44:37,13.85,0.00,,
2734,07/29/2021 21:54:37,13.98,0.00,,
2735,07/29/2021 22:04:37,14.03,0.00,,
2736,07/29/2021 22:14:37,13.94,0.00,,
2737,07/29/2021 22:24:37,14.03,0.00,,
2738,07/29/2021 22:34:37,13.81,0.00,,
2739,07/29/2021 22:44:37,13.64,0.00,,
2740,07/29/2021 22:54:37,13.47,0.00,,
2741,07/29/2021 23:04:37,13.55,0.00,,
2742,07/29/2021 23:14:37,13.47,0.00,,
2743,07/29/2021 23:24:37,13.68,0.00,,
2744,07/29/2021 23:34:37,13.55,0.00,,
2745,07/29/2021 23:44:37,13.51,0.00,,
2746,07/29/2021 23:54:37,13.73,0.00,,
2747,07/30/2021 00:04:37,13.77,0.00,,
2748,07/30/2021 00:14:37,13.77,0.00,,
2749,07/30/2021 00:24:37,13.77,0.00,,
2750,07/30/2021 00:34:37,13.94,0.00,,
2751,07/30/2021 00:44:37,13.85,0.00,,
2752,07/30/2021 00:54:37,13.85,0.00,,
2753,07/30/2021 01:04:37,13.81,0.00,,
2754,07/30/2021 01:14:37,13.81,0.00,,
2755,07/30/2021 01:24:37,13.85,0.00,,
2756,07/30/2021 01:34:37,13.98,0.00,,
2757,07/30/2021 01:44:37,13.85,0.00,,
2758,07/30/2021 01:54:37,13.68,0.00,,
2759,07/30/2021 02:04:37,13.51,0.00,,
2760,07/30/2021 02:14:37,13.73,0.00,,
2761,07/30/2021 02:24:37,13.60,0.00,,
2762,07/30/2021 02:34:37,13.77,0.00,,
2763,07/30/2021 02:44:37,13.55,0.00,,
2764,07/30/2021 02:54:37,13.51,0.00,,
2765,07/30/2021 03:04:37,13.43,0.00,,
2766,07/30/2021 03:14:37,13.60,0.00,,
2767,07/30/2021 03:24:37,13.38,0.00,,
2768,07/30/2021 03:34:37,13.30,0.00,,
2769,07/30/2021 03:44:37,13.17,0.00,,
2770,07/30/2021 03:54:37,13.00,0.00,,
2771,07/30/2021 04:04:37,13.12,0.00,,
2772,07/30/2021 04:14:37,13.43,0.00,,
2773,07/30/2021 04:24:37,13.25,0.00,,
2774,07/30/2021 04:34:37,13.21,0.00,,
2775,07/30/2021 04:44:37,12.95,0.00,,
2776,07/30/2021 04:54:37,12.91,0.00,,
2777,07/30/2021 05:04:37,12.91,0.00,,
2778,07/30/2021 05:14:37,12.91,0.00,,
2779,07/30/2021 05:24:37,13.08,0.00,,
2780,07/30/2021 05:34:37,13.17,0.00,,
2781,07/30/2021 05:44:37,13.12,0.00,,
2782,07/30/2021 05:54:37,13.17,0.00,,
2783,07/30/2021 06:04:37,13.12,1.49,,
2784,07/30/2021 06:14:37,13.12,7.05,,
2785,07/30/2021 06:24:37,13.04,16.11,,
2786,07/30/2021 06:34:37,13.17,27.70,,
2787,07/30/2021 06:44:37,13.17,52.64,,
2788,07/30/2021 06:54:37,13.17,77.84,,
2789,07/30/2021 07:04:37,13.25,106.64,,
2790,07/30/2021 07:14:37,13.30,135.92,,
2791,07/30/2021 07:24:37,13.34,183.12,,
2792,07/30/2021 07:34:37,13.38,203.84,,
2793,07/30/2021 07:44:37,13.34,251.28,,
2794,07/30/2021 07:54:37,13.43,311.36,,
2795,07/30/2021 08:04:37,13.55,355.20,,
2796,07/30/2021 08:14:37,13.64,411.20,,
2797,07/30/2021 08:24:37,13.68,484.16,,
2798,07/30/2021 08:34:37,13.94,594.56,,
2799,07/30/2021 08:44:37,14.15,787.20,,
2800,07/30/2021 08:54:37,14.24,1008.64,,
2801,07/30/2021 09:04:37,14.37,1297.60,,
2802,07/30/2021 09:14:37,14.71,1352.96,,
2803,07/30/2021 09:24:37,14.63,1489.28,,
2804,07/30/2021 09:34:37,14.63,1858.56,,
2805,07/30/2021 09:44:37,14.75,2094.08,,
2806,07/30/2021 09:54:37,14.84,1834.24,,
2807,07/30/2021 10:04:37,14.97,1637.12,,
2808,07/30/2021 10:14:37,15.18,1558.40,,
2809,07/30/2021 10:24:37,15.44,1550.72,,
2810,07/30/2021 10:34:37,15.78,1499.52,,
2811,07/30/2021 10:44:37,16.17,1423.36,,
2812,07/30/2021 10:54:37,16.43,1400.96,,
2813,07/30/2021 11:04:37,16.60,1335.04,,
2814,07/30/2021 11:14:37,16.90,1269.44,,
2815,07/30/2021 11:24:37,17.07,1310.08,,
2816,07/30/2021 11:34:37,17.16,1253.12,,
2817,07/30/2021 11:44:37,17.59,1190.72,,
2818,07/30/2021 11:54:37,18.02,1209.60,,
2819,07/30/2021 12:04:37,18.40,1175.36,,
2820,07/30/2021 12:14:37,18.74,1205.44,,
2821,07/30/2021 12:24:37,19.17,1264.32,,
2822,07/30/2021 12:34:37,19.56,1175.36,,
2823,07/30/2021 12:44:37,19.77,1161.60,,
2824,07/30/2021 12:54:37,19.95,1203.52,,
2825,07/30/2021 13:04:37,20.29,1245.44,,
2826,07/30/2021 13:14:37,20.46,1271.04,,
2827,07/30/2021 13:24:37,20.59,1260.16,,
2828,07/30/2021 13:34:37,20.80,1334.40,,
2829,07/30/2021 13:44:37,20.89,1340.80,,
2830,07/30/2021 13:54:37,20.89,1347.20,,
2831,07/30/2021 14:04:37,20.98,1497.60,,
2832,07/30/2021 14:14:37,21.10,1451.52,,
2833,07/30/2021 14:24:37,21.10,1513.60,,
2834,07/30/2021 14:34:37,20.98,1559.04,,
2835,07/30/2021 14:44:37,20.85,1635.84,,
2836,07/30/2021 14:54:37,20.68,1662.72,,
2837,07/30/2021 15:04:37,20.72,1702.40,,
2838,07/30/2021 15:14:37,20.80,1868.80,,
2839,07/30/2021 15:24:37,20.89,1779.84,,
2840,07/30/2021 15:34:37,20.55,1863.68,,
2841,07/30/2021 15:44:37,20.50,1921.28,,
2842,07/30/2021 15:54:37,20.50,1971.20,,
2843,07/30/2021 16:04:37,20.42,1989.76,,
2844,07/30/2021 16:14:37,20.85,2027.52,,
2845,07/30/2021 16:24:37,20.68,2198.40,,
2846,07/30/2021 16:34:37,20.12,2147.20,,
2847,07/30/2021 16:44:37,19.52,2407.04,,
2848,07/30/2021 16:54:37,19.35,2184.96,,
2849,07/30/2021 17:04:37,19.30,2473.60,,
2850,07/30/2021 17:14:37,19.35,2492.80,,
2851,07/30/2021 17:24:37,19.35,2483.84,,
2852,07/30/2021 17:34:37,19.00,2680.32,,
2853,07/30/2021 17:44:37,18.57,2795.52,,
2854,07/30/2021 17:54:37,18.10,2635.52,,
2855,07/30/2021 18:04:37,17.93,2791.68,,
2856,07/30/2021 18:14:37,17.72,3011.84,,
2857,07/30/2021 18:24:37,17.37,3102.72,,
2858,07/30/2021 18:34:37,17.03,3029.76,,
2859,07/30/2021 18:44:37,16.90,3249.92,,
2860,07/30/2021 18:54:37,16.94,3289.60,,
2861,07/30/2021 19:04:37,16.81,3294.72,,
2862,07/30/2021 19:14:37,16.86,2805.76,,
2863,07/30/2021 19:24:37,16.56,2407.04,,
2864,07/30/2021 19:34:37,16.56,1938.56,,
2865,07/30/2021 19:44:37,16.04,337.12,,
2866,07/30/2021 19:54:37,15.87,232.08,,
2867,07/30/2021 20:04:37,15.78,153.12,,
2868,07/30/2021 20:14:37,15.31,83.00,,
2869,07/30/2021 20:24:37,15.23,30.77,,
2870,07/30/2021 20:34:37,15.18,7.07,,
2871,07/30/2021 20:44:37,14.84,0.85,,
2872,07/30/2021 20:54:37,14.50,0.00,,
2873,07/30/2021 21:04:37,14.20,0.00,,
2874,07/30/2021 21:14:37,14.20,0.00,,
2875,07/30/2021 21:24:37,13.98,0.00,,
2876,07/30/2021 21:34:37,13.85,0.00,,
2877,07/30/2021 21:44:37,13.85,0.00,,
2878,07/30/2021 21:54:37,13.90,0.00,,
2879,07/30/2021 22:04:37,13.85,0.00,,
2880,07/30/2021 22:14:37,13.98,0.00,,
2881,07/30/2021 22:24:37,14.28,0.00,,
2882,07/30/2021 22:34:37,14.71,0.00,,
2883,07/30/2021 22:44:37,14.84,0.00,,
2884,07/30/2021 22:54:37,14.58,0.00,,
2885,07/30/2021 23:04:37,14.63,0.00,,
2886,07/30/2021 23:14:37,14.45,0.00,,
2887,07/30/2021 23:24:37,14.50,0.00,,
2888,07/30/2021 23:34:37,14.24,0.00,,
2889,07/30/2021 23:44:37,14.37,0.00,,
2890,07/30/2021 23:54:37,14.24,0.00,,
2891,07/31/2021 00:04:37,14.24,0.00,,
2892,07/31/2021 00:14:37,14.28,0.00,,
2893,07/31/2021 00:24:37,14.20,0.00,,
2894,07/31/2021 00:34:37,14.20,0.00,,
2895,07/31/2021 00:44:37,14.28,0.00,,
2896,07/31/2021 00:54:37,14.37,0.00,,
2897,07/31/2021 01:04:37,14.33,0.00,,
2898,07/31/2021 01:14:37,14.58,0.00,,
2899,07/31/2021 01:24:37,14.50,0.00,,
2900,07/31/2021 01:34:37,14.54,0.00,,
2901,07/31/2021 01:44:37,14.50,0.00,,
2902,07/31/2021 01:54:37,14.58,0.00,,
2903,07/31/2021 02:04:37,14.80,0.00,,
2904,07/31/2021 02:14:37,14.58,0.00,,
2905,07/31/2021 02:24:37,14.58,0.00,,
2906,07/31/2021 02:34:37,14.67,0.00,,
2907,07/31/2021 02:44:37,14.58,0.00,,
2908,07/31/2021 02:54:37,14.71,0.00,,
2909,07/31/2021 03:04:37,14.71,0.00,,
2910,07/31/2021 03:14:37,14.63,0.00,,
2911,07/31/2021 03:24:37,14.67,0.00,,
2912,07/31/2021 03:34:37,14.71,0.00,,
2913,07/31/2021 03:44:37,14.75,0.00,,
2914,07/31/2021 03:54:37,14.97,0.00,,
2915,07/31/2021 04:04:37,14.97,0.00,,
2916,07/31/2021 04:14:37,14.97,0.00,,
2917,07/31/2021 04:24:37,14.88,0.00,,
2918,07/31/2021 04:34:37,14.88,0.00,,
2919,07/31/2021 04:44:37,14.93,0.00,,
2920,07/31/2021 04:54:37,14.84,0.00,,
2921,07/31/2021 05:04:37,14.80,0.00,,
2922,07/31/2021 05:14:37,14.71,0.00,,
2923,07/31/2021 05:24:37,14.80,0.00,,
2924,07/31/2021 05:34:37,14.88,0.00,,
2925,07/31/2021 05:44:37,14.84,0.00,,
2926,07/31/2021 05:54:37,14.80,0.00,,
2927,07/31/2021 06:04:37,14.75,3.20,,
2928,07/31/2021 06:14:37,14.80,13.91,,
2929,07/31/2021 06:24:37,14.80,36.97,,
2930,07/31/2021 06:34:37,14.80,67.48,,
2931,07/31/2021 06:44:37,14.80,114.44,,
2932,07/31/2021 06:54:37,14.80,190.08,,
2933,07/31/2021 07:04:37,14.88,257.28,,
2934,07/31/2021 07:14:37,14.88,258.80,,
2935,07/31/2021 07:24:37,14.97,309.68,,
2936,07/31/2021 07:34:37,14.97,455.84,,
2937,07/31/2021 07:44:37,15.01,626.08,,
2938,07/31/2021 07:54:37,15.06,802.56,,
2939,07/31/2021 08:04:37,15.27,751.68,,
2940,07/31/2021 08:14:37,15.48,921.60,,
2941,07/31/2021 08:24:37,15.78,861.76,,
2942,07/31/2021 08:34:37,16.21,2129.92,,
2943,07/31/2021 08:44:37,16.34,1986.56,,
2944,07/31/2021 08:54:37,16.47,1968.00,,
2945,07/31/2021 09:04:37,16.51,1979.52,,
2946,07/31/2021 09:14:37,16.47,1880.32,,
2947,07/31/2021 09:24:37,16.51,1808.64,,
2948,07/31/2021 09:34:37,16.73,1728.64,,
2949,07/31/2021 09:44:37,17.03,1726.72,,
2950,07/31/2021 09:54:37,16.99,1754.24,,
2951,07/31/2021 10:04:37,16.86,1537.92,,
2952,07/31/2021 10:14:37,16.90,1704.32,,
2953,07/31/2021 10:24:37,17.07,1603.84,,
2954,07/31/2021 10:34:37,17.11,1528.96,,
2955,07/31/2021 10:44:37,17.50,1459.20,,
2956,07/31/2021 10:54:37,17.46,1464.96,,
2957,07/31/2021 11:04:37,17.80,1495.68,,
2958,07/31/2021 11:14:37,18.14,1522.56,,
2959,07/31/2021 11:24:37,18.06,1522.56,,
2960,07/31/2021 11:34:37,18.27,1475.84,,
2961,07/31/2021 11:44:37,18.62,1452.16,,
2962,07/31/2021 11:54:37,18.57,1172.80,,
2963,07/31/2021 12:04:37,18.70,999.36,,
2964,07/31/2021 12:14:37,18.87,1340.80,,
2965,07/31/2021 12:24:37,19.05,1321.60,,
2966,07/31/2021 12:34:37,18.83,1339.52,,
2967,07/31/2021 12:44:37,19.22,1348.48,,
2968,07/31/2021 12:54:37,19.52,1344.64,,
2969,07/31/2021 13:04:37,19.65,1378.56,,
2970,07/31/2021 13:14:37,19.86,1373.44,,
2971,07/31/2021 13:24:37,19.90,1436.80,,
2972,07/31/2021 13:34:37,20.25,1445.12,,
2973,07/31/2021 13:44:37,20.50,1479.68,,
2974,07/31/2021 13:54:37,20.42,1484.16,,
2975,07/31/2021 14:04:37,20.76,1523.84,,
2976,07/31/2021 14:14:37,21.06,1600.00,,
2977,07/31/2021 14:24:37,20.80,1665.92,,
2978,07/31/2021 14:34:37,20.89,1718.40,,
2979,07/31/2021 14:44:37,20.89,1776.00,,
2980,07/31/2021 14:54:37,20.59,1806.72,,
2981,07/31/2021 15:04:37,20.55,1866.88,,
2982,07/31/2021 15:14:37,20.76,1933.44,,
2983,07/31/2021 15:24:37,20.68,2072.32,,
2984,07/31/2021 15:34:37,20.68,1841.28,,
2985,07/31/2021 15:44:37,20.59,2140.16,,
2986,07/31/2021 15:54:37,20.55,2167.68,,
2987,07/31/2021 16:04:37,20.63,2172.80,,
2988,07/31/2021 16:14:37,20.59,2286.08,,
2989,07/31/2021 16:24:37,20.59,1623.04,,
2990,07/31/2021 16:34:37,19.99,2239.36,,
2991,07/31/2021 16:44:37,19.69,2343.68,,
2992,07/31/2021 16:54:37,19.60,2347.52,,
2993,07/31/2021 17:04:37,19.43,2424.32,,
2994,07/31/2021 17:14:37,18.83,2624.00,,
2995,07/31/2021 17:24:37,18.74,2684.16,,
2996,07/31/2021 17:34:37,18.79,2610.56,,
2997,07/31/2021 17:44:37,18.57,2690.56,,
2998,07/31/2021 17:54:37,18.79,2661.12,,
2999,07/31/2021 18:04:37,19.05,3258.88,,
3000,07/31/2021 18:14:37,19.09,3073.28,,
3001,07/31/2021 18:24:37,19.17,3631.36,,
3002,07/31/2021 18:34:37,19.22,3065.60,,
3003,07/31/2021 18:44:37,19.05,3463.68,,
3004,07/31/2021 18:54:37,18.62,3194.88,,
3005,07/31/2021 19:04:37,18.36,2933.76,,
3006,07/31/2021 19:14:37,17.80,2516.48,,
3007,07/31/2021 19:24:37,17.67,2389.76,,
3008,07/31/2021 19:34:37,17.50,2193.28,,
3009,07/31/2021 19:44:37,16.73,329.44,,
3010,07/31/2021 19:54:37,16.30,226.32,,
3011,07/31/2021 20:04:37,16.21,116.24,,
3012,07/31/2021 20:14:37,16.00,55.02,,
3013,07/31/2021 20:24:37,15.83,19.12,,
3014,07/31/2021 20:34:37,15.40,3.20,,
3015,07/31/2021 20:44:37,15.10,0.00,,
3016,07/31/2021 20:54:37,15.06,0.00,,
3017,07/31/2021 21:04:37,15.14,0.00,,
3018,07/31/2021 21:14:37,15.18,0.00,,
3019,07/31/2021 21:24:37,15.31,0.00,,
3020,07/31/2021 21:34:37,15.23,0.00,,
3021,07/31/2021 21:44:37,15.31,0.00,,
3022,07/31/2021 21:54:37,15.66,0.00,,
3023,07/31/2021 22:04:37,15.57,0.00,,
3024,07/31/2021 22:14:37,15.36,0.00,,
3025,07/31/2021 22:24:37,15.10,0.00,,
3026,07/31/2021 22:34:37,14.97,0.00,,
3027,07/31/2021 22:44:37,14.97,0.00,,
3028,07/31/2021 22:54:37,15.06,0.00,,
3029,07/31/2021 23:04:37,15.06,0.00,,
3030,07/31/2021 23:14:37,15.06,0.00,,
3031,07/31/2021 23:24:37,15.27,0.00,,
3032,07/31/2021 23:34:37,15.36,0.00,,
3033,07/31/2021 23:44:37,15.27,0.00,,
3034,07/31/2021 23:54:37,15.14,0.00,,
3035,08/01/2021 00:04:37,15.14,0.00,,
3036,08/01/2021 00:14:37,15.18,0.00,,
3037,08/01/2021 00:24:37,14.97,0.00,,
3038,08/01/2021 00:34:37,14.84,0.00,,
3039,08/01/2021 00:44:37,14.84,0.00,,
3040,08/01/2021 00:54:37,14.80,0.00,,
3041,08/01/2021 01:04:37,14.63,0.00,,
3042,08/01/2021 01:14:37,14.75,0.00,,
3043,08/01/2021 01:24:37,14.71,0.00,,
3044,08/01/2021 01:34:37,14.54,0.00,,
3045,08/01/2021 01:44:37,14.50,0.00,,
3046,08/01/2021 01:54:37,14.50,0.00,,
3047,08/01/2021 02:04:37,14.50,0.00,,
3048,08/01/2021 02:14:37,14.50,0.00,,
3049,08/01/2021 02:24:37,14.50,0.00,,
3050,08/01/2021 02:34:37,14.41,0.00,,
3051,08/01/2021 02:44:37,14.24,0.00,,
3052,08/01/2021 02:54:37,14.15,0.00,,
3053,08/01/2021 03:04:37,14.20,0.00,,
3054,08/01/2021 03:14:37,14.24,0.00,,
3055,08/01/2021 03:24:37,14.33,0.00,,
3056,08/01/2021 03:34:37,14.41,0.00,,
3057,08/01/2021 03:44:37,14.58,0.00,,
3058,08/01/2021 03:54:37,14.58,0.00,,
3059,08/01/2021 04:04:37,14.50,0.00,,
3060,08/01/2021 04:14:37,14.54,0.00,,
3061,08/01/2021 04:24:37,14.58,0.00,,
3062,08/01/2021 04:34:37,14.75,0.00,,
3063,08/01/2021 04:44:37,14.80,0.00,,
3064,08/01/2021 04:54:37,14.75,0.00,,
3065,08/01/2021 05:04:37,14.63,0.00,,
3066,08/01/2021 05:14:37,14.50,0.00,,
3067,08/01/2021 05:24:37,14.41,0.00,,
3068,08/01/2021 05:34:37,14.28,0.00,,
3069,08/01/2021 05:44:37,14.37,0.00,,
3070,08/01/2021 05:54:37,14.33,0.00,,
3071,08/01/2021 06:04:37,14.28,0.64,,
3072,08/01/2021 06:14:37,14.41,4.48,,
3073,08/01/2021 06:24:37,14.33,13.27,,
3074,08/01/2021 06:34:37,14.41,24.92,,
3075,08/01/2021 06:44:37,14.41,45.54,,
3076,08/01/2021 06:54:37,14.33,66.20,,
3077,08/01/2021 07:04:37,14.41,94.20,,
3078,08/01/2021 07:14:37,14.45,107.96,,
3079,08/01/2021 07:24:37,14.50,123.84,,
3080,08/01/2021 07:34:37,14.50,177.28,,
3081,08/01/2021 07:44:37,14.63,234.88,,
3082,08/01/2021 07:54:37,14.54,257.28,,
3083,08/01/2021 08:04:37,14.63,318.24,,
3084,08/01/2021 08:14:37,14.58,339.68,,
3085,08/01/2021 08:24:37,14.67,391.20,,
3086,08/01/2021 08:34:37,14.75,436.96,,
3087,08/01/2021 08:44:37,14.93,472.32,,
3088,08/01/2021 08:54:37,14.93,586.88,,
3089,08/01/2021 09:04:37,15.06,612.48,,
3090,08/01/2021 09:14:37,15.27,629.60,,
3091,08/01/2021 09:24:37,15.40,730.24,,
3092,08/01/2021 09:34:37,15.44,881.28,,
3093,08/01/2021 09:44:37,15.53,947.84,,
3094,08/01/2021 09:54:37,15.66,1057.28,,
3095,08/01/2021 10:04:37,15.78,1189.76,,
3096,08/01/2021 10:14:37,15.91,1411.84,,
3097,08/01/2021 10:24:37,16.21,1337.60,,
3098,08/01/2021 10:34:37,16.26,1564.80,,
3099,08/01/2021 10:44:37,16.43,1716.48,,
3100,08/01/2021 10:54:37,16.60,1568.64,,
3101,08/01/2021 11:04:37,16.81,1653.76,,
3102,08/01/2021 11:14:37,16.86,1627.52,,
3103,08/01/2021 11:24:37,17.24,1535.36,,
3104,08/01/2021 11:34:37,17.24,1311.36,,
3105,08/01/2021 11:44:37,17.24,1187.20,,
3106,08/01/2021 11:54:37,17.33,1111.36,,
3107,08/01/2021 12:04:37,17.59,1138.56,,
3108,08/01/2021 12:14:37,17.72,1086.40,,
3109,08/01/2021 12:24:37,18.14,1168.64,,
3110,08/01/2021 12:34:37,18.44,1152.32,,
3111,08/01/2021 12:44:37,18.36,1177.92,,
3112,08/01/2021 12:54:37,18.66,1208.64,,
3113,08/01/2021 13:04:37,18.70,1212.16,,
3114,08/01/2021 13:14:37,18.96,1236.80,,
3115,08/01/2021 13:24:37,19.00,1283.20,,
3116,08/01/2021 13:34:37,19.35,1292.48,,
3117,08/01/2021 13:44:37,19.39,1267.84,,
3118,08/01/2021 13:54:37,19.43,1312.64,,
3119,08/01/2021 14:04:37,19.56,1411.84,,
3120,08/01/2021 14:14:37,19.35,1400.96,,
3121,08/01/2021 14:24:37,19.47,1491.84,,
3122,08/01/2021 14:34:37,19.26,1574.40,,
3123,08/01/2021 14:44:37,19.47,1535.36,,
3124,08/01/2021 14:54:37,19.73,1619.20,,
3125,08/01/2021 15:04:37,19.99,1744.00,,
3126,08/01/2021 15:14:37,19.86,1798.40,,
3127,08/01/2021 15:24:37,19.82,1879.04,,
3128,08/01/2021 15:34:37,19.90,1988.48,,
3129,08/01/2021 15:44:37,19.69,1983.36,,
3130,08/01/2021 15:54:37,19.30,2015.36,,
3131,08/01/2021 16:04:37,19.17,2138.88,,
3132,08/01/2021 16:14:37,19.05,2220.80,,
3133,08/01/2021 16:24:37,19.00,2328.32,,
3134,08/01/2021 16:34:37,19.17,2231.04,,
3135,08/01/2021 16:44:37,19.22,2383.36,,
3136,08/01/2021 16:54:37,19.30,2275.20,,
3137,08/01/2021 17:04:37,19.00,2384.64,,
3138,08/01/2021 17:14:37,18.92,1411.20,,
3139,08/01/2021 17:24:37,19.09,2807.04,,
3140,08/01/2021 17:34:37,19.17,2816.00,,
3141,08/01/2021 17:44:37,19.13,3219.20,,
3142,08/01/2021 17:54:37,19.09,2837.76,,
3143,08/01/2021 18:04:37,19.00,2653.44,,
3144,08/01/2021 18:14:37,19.22,3284.48,,
3145,08/01/2021 18:24:37,19.35,3271.68,,
3146,08/01/2021 18:34:37,19.39,3658.24,,
3147,08/01/2021 18:44:37,19.22,3443.20,,
3148,08/01/2021 18:54:37,19.22,3162.88,,
3149,08/01/2021 19:04:37,19.26,3713.28,,
3150,08/01/2021 19:14:37,19.05,2818.56,,
3151,08/01/2021 19:24:37,18.87,2583.04,,
3152,08/01/2021 19:34:37,18.57,2686.72,,
3153,08/01/2021 19:44:37,18.14,2060.16,,
3154,08/01/2021 19:54:37,18.14,1072.64,,
3155,08/01/2021 20:04:37,17.33,131.76,,
3156,08/01/2021 20:14:37,17.16,65.12,,
3157,08/01/2021 20:24:37,17.03,25.59,,
3158,08/01/2021 20:34:37,16.99,5.37,,
3159,08/01/2021 20:44:37,16.90,0.21,,
3160,08/01/2021 20:54:37,16.99,0.00,,
3161,08/01/2021 21:04:37,16.94,0.00,,
3162,08/01/2021 21:14:37,16.81,0.00,,
3163,08/01/2021 21:24:37,16.81,0.00,,
3164,08/01/2021 21:34:37,16.94,0.00,,
3165,08/01/2021 21:44:37,16.94,0.00,,
3166,08/01/2021 21:54:37,16.86,0.00,,
3167,08/01/2021 22:04:37,16.99,0.00,,
3168,08/01/2021 22:14:37,16.99,0.00,,
3169,08/01/2021 22:24:37,16.94,0.00,,
3170,08/01/2021 22:34:37,16.90,0.00,,
3171,08/01/2021 22:44:37,16.94,0.00,,
3172,08/01/2021 22:54:37,16.86,0.00,,
3173,08/01/2021 23:04:37,16.86,0.00,,
3174,08/01/2021 23:14:37,16.73,0.00,,
3175,08/01/2021 23:24:37,16.77,0.00,,
3176,08/01/2021 23:34:37,16.73,0.00,,
3177,08/01/2021 23:44:37,16.64,0.00,,
3178,08/01/2021 23:54:37,16.64,0.00,,
3179,08/02/2021 00:04:37,16.73,0.00,,
3180,08/02/2021 00:14:37,16.69,0.00,,
3181,08/02/2021 00:24:37,16.64,0.00,,
3182,08/02/2021 00:34:37,16.51,0.00,,
3183,08/02/2021 00:44:37,16.73,0.00,,
3184,08/02/2021 00:54:37,16.56,0.00,,
3185,08/02/2021 01:04:37,16.60,0.00,,
3186,08/02/2021 01:14:37,16.47,0.00,,
3187,08/02/2021 01:24:37,16.39,0.00,,
3188,08/02/2021 01:34:37,16.39,0.00,,
3189,08/02/2021 01:44:37,16.39,0.00,,
3190,08/02/2021 01:54:37,16.47,0.00,,
3191,08/02/2021 02:04:37,16.34,0.00,,
3192,08/02/2021 02:14:37,16.26,0.00,,
3193,08/02/2021 02:24:37,16.21,0.00,,
3194,08/02/2021 02:34:37,16.17,0.00,,
3195,08/02/2021 02:44:37,16.17,0.00,,
3196,08/02/2021 02:54:37,16.13,0.00,,
3197,08/02/2021 03:04:37,16.04,0.00,,
3198,08/02/2021 03:14:37,15.91,0.00,,
3199,08/02/2021 03:24:37,16.00,0.00,,
3200,08/02/2021 03:34:37,16.04,0.00,,
3201,08/02/2021 03:44:37,15.96,0.00,,
3202,08/02/2021 03:54:37,15.87,0.00,,
3203,08/02/2021 04:04:37,15.83,0.00,,
3204,08/02/2021 04:14:37,15.66,0.00,,
3205,08/02/2021 04:24:37,15.66,0.00,,
3206,08/02/2021 04:34:37,15.66,0.00,,
3207,08/02/2021 04:44:37,15.74,0.00,,
3208,08/02/2021 04:54:37,15.66,0.00,,
3209,08/02/2021 05:04:37,15.78,0.00,,
3210,08/02/2021 05:14:37,15.48,0.00,,
3211,08/02/2021 05:24:37,15.61,0.00,,
3212,08/02/2021 05:34:37,15.66,0.00,,
3213,08/02/2021 05:44:37,15.61,0.00,,
3214,08/02/2021 05:54:37,15.53,0.00,,
3215,08/02/2021 06:04:37,15.57,1.92,,
3216,08/02/2021 06:14:37,15.70,9.00,,
3217,08/02/2021 06:24:37,15.57,22.36,,
3218,08/02/2021 06:34:37,15.44,42.80,,
3219,08/02/2021 06:44:37,15.40,67.52,,
3220,08/02/2021 06:54:37,15.44,105.40,,
3221,08/02/2021 07:04:37,15.44,142.88,,
3222,08/02/2021 07:14:37,15.44,182.40,,
3223,08/02/2021 07:24:37,15.61,219.44,,
3224,08/02/2021 07:34:37,15.70,264.96,,
3225,08/02/2021 07:44:37,15.61,298.56,,
3226,08/02/2021 07:54:37,15.66,353.60,,
3227,08/02/2021 08:04:37,15.78,406.08,,
3228,08/02/2021 08:14:37,15.70,456.96,,
3229,08/02/2021 08:24:37,15.74,529.12,,
3230,08/02/2021 08:34:37,15.74,627.04,,
3231,08/02/2021 08:44:37,15.91,749.12,,
3232,08/02/2021 08:54:37,15.78,873.60,,
3233,08/02/2021 09:04:37,15.91,1160.96,,
3234,08/02/2021 09:14:37,16.30,1873.92,,
3235,08/02/2021 09:24:37,16.51,2244.48,,
3236,08/02/2021 09:34:37,16.56,2280.96,,
3237,08/02/2021 09:44:37,16.51,2186.88,,
3238,08/02/2021 09:54:37,16.77,1868.80,,
3239,08/02/2021 10:04:37,16.73,1689.60,,
3240,08/02/2021 10:14:37,16.73,1467.52,,
3241,08/02/2021 10:24:37,16.86,1614.08,,
3242,08/02/2021 10:34:37,17.11,1637.12,,
3243,08/02/2021 10:44:37,17.11,1569.28,,
3244,08/02/2021 10:54:37,17.20,1466.88,,
3245,08/02/2021 11:04:37,17.29,1451.52,,
3246,08/02/2021 11:14:37,17.50,1482.24,,
3247,08/02/2021 11:24:37,17.54,1313.92,,
3248,08/02/2021 11:34:37,17.80,1278.08,,
3249,08/02/2021 11:44:37,18.02,1226.56,,
3250,08/02/2021 11:54:37,18.10,1334.40,,
3251,08/02/2021 12:04:37,18.27,1336.96,,
3252,08/02/2021 12:14:37,18.36,1322.88,,
3253,08/02/2021 12:24:37,18.44,1335.68,,
3254,08/02/2021 12:34:37,18.53,1424.00,,
3255,08/02/2021 12:44:37,18.44,1442.56,,
3256,08/02/2021 12:54:37,18.44,1475.84,,
3257,08/02/2021 13:04:37,18.66,1653.12,,
3258,08/02/2021 13:14:37,18.70,1706.88,,
3259,08/02/2021 13:24:37,18.66,1810.56,,
3260,08/02/2021 13:34:37,18.62,1726.72,,
3261,08/02/2021 13:44:37,18.14,1512.32,,
3262,08/02/2021 13:54:37,18.10,1648.00,,
3263,08/02/2021 14:04:37,18.19,1931.52,,
3264,08/02/2021 14:14:37,18.19,1196.80,,
3265,08/02/2021 14:24:37,18.36,1882.24,,
3266,08/02/2021 14:34:37,18.57,1392.64,,
3267,08/02/2021 14:44:37,18.62,1494.40,,
3268,08/02/2021 14:54:37,17.97,1203.52,,
3269,08/02/2021 15:04:37,17.72,2046.08,,
3270,08/02/2021 15:14:37,17.63,1952.64,,
3271,08/02/2021 15:24:37,17.67,1537.92,,
3272,08/02/2021 15:34:37,17.80,2135.04,,
3273,08/02/2021 15:44:37,17.67,2118.40,,
3274,08/02/2021 15:54:37,17.46,1221.44,,
3275,08/02/2021 16:04:37,17.41,1350.40,,
3276,08/02/2021 16:14:37,17.24,1316.48,,
3277,08/02/2021 16:24:37,17.50,2408.96,,
3278,08/02/2021 16:34:37,17.59,1887.36,,
3279,08/02/2021 16:44:37,17.50,2675.20,,
3280,08/02/2021 16:54:37,17.59,2574.72,,
3281,08/02/2021 17:04:37,17.41,1747.84,,
3282,08/02/2021 17:14:37,17.46,2767.36,,
3283,08/02/2021 17:24:37,17.50,3083.52,,
3284,08/02/2021 17:34:37,17.59,2968.32,,
3285,08/02/2021 17:44:37,17.59,2868.48,,
3286,08/02/2021 17:54:37,17.41,3297.28,,
3287,08/02/2021 18:04:37,17.63,3015.68,,
3288,08/02/2021 18:14:37,17.72,3443.20,,
3289,08/02/2021 18:24:37,17.72,3208.96,,
3290,08/02/2021 18:34:37,17.72,3514.88,,
3291,08/02/2021 18:44:37,17.46,3402.24,,
3292,08/02/2021 18:54:37,17.50,3234.56,,
3293,08/02/2021 19:04:37,17.41,3134.72,,
3294,08/02/2021 19:14:37,17.24,2648.32,,
3295,08/02/2021 19:24:37,17.11,2067.20,,
3296,08/02/2021 19:34:37,16.64,636.00,,
3297,08/02/2021 19:44:37,16.21,248.56,,
3298,08/02/2021 19:54:37,16.04,154.84,,
3299,08/02/2021 20:04:37,15.83,94.68,,
3300,08/02/2021 20:14:37,15.57,46.42,,
3301,08/02/2021 20:24:37,15.44,13.11,,
3302,08/02/2021 20:34:37,15.36,1.49,,
3303,08/02/2021 20:44:37,15.53,0.00,,
3304,08/02/2021 20:54:37,15.27,0.00,,
3305,08/02/2021 21:04:37,15.14,0.00,,
3306,08/02/2021 21:14:37,14.93,0.00,,
3307,08/02/2021 21:24:37,14.80,0.00,,
3308,08/02/2021 21:34:37,14.67,0.00,,
3309,08/02/2021 21:44:37,14.75,0.00,,
3310,08/02/2021 21:54:37,14.41,0.00,,
3311,08/02/2021 22:04:37,14.15,0.00,,
3312,08/02/2021 22:14:37,14.07,0.00,,
3313,08/02/2021 22:24:37,14.03,0.00,,
3314,08/02/2021 22:34:37,13.60,0.00,,
3315,08/02/2021 22:44:37,13.55,0.00,,
3316,08/02/2021 22:54:37,13.55,0.00,,
3317,08/02/2021 23:04:37,13.55,0.00,,
3318,08/02/2021 23:14:37,13.47,0.00,,
3319,08/02/2021 23:24:37,13.25,0.00,,
3320,08/02/2021 23:34:37,13.34,0.00,,
3321,08/02/2021 23:44:37,13.43,0.00,,
3322,08/02/2021 23:54:37,13.30,0.00,,
3323,08/03/2021 00:04:37,13.47,0.00,,
3324,08/03/2021 00:14:37,13.21,0.00,,
3325,08/03/2021 00:24:37,13.21,0.00,,
3326,08/03/2021 00:34:37,13.08,0.00,,
3327,08/03/2021 00:44:37,12.95,0.00,,
3328,08/03/2021 00:54:37,12.91,0.00,,
3329,08/03/2021 01:04:37,12.74,0.00,,
3330,08/03/2021 01:14:37,12.61,0.00,,
3331,08/03/2021 01:24:37,12.70,0.00,,
3332,08/03/2021 01:34:37,12.78,0.00,,
3333,08/03/2021 01:44:37,12.78,0.00,,
3334,08/03/2021 01:54:37,12.57,0.00,,
3335,08/03/2021 02:04:37,12.65,0.00,,
3336,08/03/2021 02:14:37,12.48,0.00,,
3337,08/03/2021 02:24:37,12.18,0.00,,
3338,08/03/2021 02:34:37,12.44,0.00,,
3339,08/03/2021 02:44:37,12.44,0.00,,
3340,08/03/2021 02:54:37,12.48,0.00,,
3341,08/03/2021 03:04:37,12.44,0.00,,
3342,08/03/2021 03:14:37,12.52,0.00,,
3343,08/03/2021 03:24:37,12.65,0.00,,
3344,08/03/2021 03:34:37,12.57,0.00,,
3345,08/03/2021 03:44:37,12.40,0.00,,
3346,08/03/2021 03:54:37,12.48,0.00,,
3347,08/03/2021 04:04:37,12.40,0.00,,
3348,08/03/2021 04:14:37,12.44,0.00,,
3349,08/03/2021 04:24:37,12.44,0.00,,
3350,08/03/2021 04:34:37,12.35,0.00,,
3351,08/03/2021 04:44:37,12.44,0.00,,
3352,08/03/2021 04:54:37,12.35,0.00,,
3353,08/03/2021 05:04:37,12.31,0.00,,
3354,08/03/2021 05:14:37,12.35,0.00,,
3355,08/03/2021 05:24:37,12.44,0.00,,
3356,08/03/2021 05:34:37,12.27,0.00,,
3357,08/03/2021 05:44:37,12.27,0.00,,
3358,08/03/2021 05:54:37,12.14,0.00,,
3359,08/03/2021 06:04:37,12.40,0.85,,
3360,08/03/2021 06:14:37,12.14,5.77,,
3361,08/03/2021 06:24:37,12.18,15.89,,
3362,08/03/2021 06:34:37,12.22,32.00,,
3363,08/03/2021 06:44:37,12.18,54.18,,
3364,08/03/2021 06:54:37,12.31,76.14,,
3365,08/03/2021 07:04:37,12.27,115.28,,
3366,08/03/2021 07:14:37,12.31,129.08,,
3367,08/03/2021 07:24:37,12.22,168.56,,
3368,08/03/2021 07:34:37,12.40,198.72,,
3369,08/03/2021 07:44:37,12.31,233.12,,
3370,08/03/2021 07:54:37,12.65,290.72,,
3371,08/03/2021 08:04:37,12.44,387.04,,
3372,08/03/2021 08:14:37,12.35,454.24,,
3373,08/03/2021 08:24:37,12.57,473.12,,
3374,08/03/2021 08:34:37,12.65,625.28,,
3375,08/03/2021 08:44:37,12.70,690.56,,
3376,08/03/2021 08:54:37,12.82,701.76,,
3377,08/03/2021 09:04:37,13.08,712.96,,
3378,08/03/2021 09:14:37,13.30,744.00,,
3379,08/03/2021 09:24:37,13.25,801.92,,
3380,08/03/2021 09:34:37,13.51,774.08,,
3381,08/03/2021 09:44:37,13.64,865.60,,
3382,08/03/2021 09:54:37,13.94,929.92,,
3383,08/03/2021 10:04:37,14.07,995.84,,
3384,08/03/2021 10:14:37,14.03,1093.44,,
3385,08/03/2021 10:24:37,14.45,1253.12,,
3386,08/03/2021 10:34:37,14.88,1450.24,,
3387,08/03/2021 10:44:37,14.93,1607.04,,
3388,08/03/2021 10:54:37,15.18,1900.80,,
3389,08/03/2021 11:04:37,14.93,1373.44,,
3390,08/03/2021 11:14:37,15.23,1272.96,,
3391,08/03/2021 11:24:37,15.44,1117.12,,
3392,08/03/2021 11:34:37,15.57,1217.28,,
3393,08/03/2021 11:44:37,15.57,1119.68,,
3394,08/03/2021 11:54:37,15.96,1192.32,,
3395,08/03/2021 12:04:37,16.04,1104.32,,
3396,08/03/2021 12:14:37,16.39,1223.36,,
3397,08/03/2021 12:24:37,16.47,1108.80,,
3398,08/03/2021 12:34:37,16.90,1192.32,,
3399,08/03/2021 12:44:37,17.11,1242.88,,
3400,08/03/2021 12:54:37,17.54,1201.92,,
3401,08/03/2021 13:04:37,17.59,1257.60,,
3402,08/03/2021 13:14:37,17.63,1292.48,,
3403,08/03/2021 13:24:37,17.54,1305.28,,
3404,08/03/2021 13:34:37,17.46,1321.60,,
3405,08/03/2021 13:44:37,17.11,1340.80,,
3406,08/03/2021 13:54:37,16.73,1370.88,,
3407,08/03/2021 14:04:37,16.90,1459.84,,
3408,08/03/2021 14:14:37,16.77,1510.40,,
3409,08/03/2021 14:24:37,16.90,1537.92,,
3410,08/03/2021 14:34:37,16.90,1559.04,,
3411,08/03/2021 14:44:37,16.73,1733.76,,
3412,08/03/2021 14:54:37,16.64,1674.24,,
3413,08/03/2021 15:04:37,16.73,1736.96,,
3414,08/03/2021 15:14:37,16.90,1816.96,,
3415,08/03/2021 15:24:37,16.99,1885.44,,
3416,08/03/2021 15:34:37,17.07,1976.32,,
3417,08/03/2021 15:44:37,17.20,1952.64,,
3418,08/03/2021 15:54:37,16.99,2111.36,,
3419,08/03/2021 16:04:37,16.86,2138.88,,
3420,08/03/2021 16:14:37,16.64,2249.60,,
3421,08/03/2021 16:24:37,16.30,2147.20,,
3422,08/03/2021 16:34:37,16.30,2171.52,,
3423,08/03/2021 16:44:37,16.21,2499.20,,
3424,08/03/2021 16:54:37,16.04,3169.28,,
3425,08/03/2021 17:04:37,15.91,2735.36,,
3426,08/03/2021 17:14:37,15.83,3214.08,,
3427,08/03/2021 17:24:37,15.36,1355.52,,
3428,08/03/2021 17:34:37,15.23,951.36,,
3429,08/03/2021 17:44:37,14.80,837.76,,
3430,08/03/2021 17:54:37,14.80,483.36,,
3431,08/03/2021 18:04:37,14.58,442.08,,
3432,08/03/2021 18:14:37,14.28,367.36,,
3433,08/03/2021 18:24:37,14.28,294.16,,
3434,08/03/2021 18:34:37,14.28,302.80,,
3435,08/03/2021 18:44:37,14.28,204.72,,
3436,08/03/2021 18:54:37,13.94,148.84,,
3437,08/03/2021 19:04:37,14.15,130.80,,
3438,08/03/2021 19:14:37,14.11,123.08,,
3439,08/03/2021 19:24:37,14.24,98.08,,
3440,08/03/2021 19:34:37,14.41,70.94,,
3441,08/03/2021 19:44:37,14.28,54.60,,
3442,08/03/2021 19:54:37,14.20,32.70,,
3443,08/03/2021 20:04:37,14.20,16.96,,
3444,08/03/2021 20:14:37,14.45,7.07,,
3445,08/03/2021 20:24:37,14.03,2.13,,
3446,08/03/2021 20:34:37,14.28,0.00,,
3447,08/03/2021 20:44:37,14.15,0.00,,
3448,08/03/2021 20:54:37,14.24,0.00,,
3449,08/03/2021 21:04:37,14.15,0.00,,
3450,08/03/2021 21:14:37,14.20,0.00,,
3451,08/03/2021 21:24:37,13.90,0.00,,
3452,08/03/2021 21:34:37,14.15,0.00,,
3453,08/03/2021 21:44:37,14.11,0.00,,
3454,08/03/2021 21:54:37,13.94,0.00,,
3455,08/03/2021 22:04:37,14.03,0.00,,
3456,08/03/2021 22:14:37,14.11,0.00,,
3457,08/03/2021 22:24:37,13.98,0.00,,
3458,08/03/2021 22:34:37,13.94,0.00,,
3459,08/03/2021 22:44:37,13.85,0.00,,
3460,08/03/2021 22:54:37,13.85,0.00,,
3461,08/03/2021 23:04:37,13.64,0.00,,
3462,08/03/2021 23:14:37,13.55,0.00,,
3463,08/03/2021 23:24:37,13.34,0.00,,
3464,08/03/2021 23:34:37,13.30,0.00,,
3465,08/03/2021 23:44:37,13.43,0.00,,
3466,08/03/2021 23:54:37,13.30,0.00,,
3467,08/04/2021 00:04:37,13.34,0.00,,
3468,08/04/2021 00:14:37,13.47,0.00,,
3469,08/04/2021 00:24:37,13.17,0.00,,
3470,08/04/2021 00:34:37,13.30,0.00,,
3471,08/04/2021 00:44:37,13.25,0.00,,
3472,08/04/2021 00:54:37,13.00,0.00,,
3473,08/04/2021 01:04:37,13.12,0.00,,
3474,08/04/2021 01:14:37,12.95,0.00,,
3475,08/04/2021 01:24:37,13.08,0.00,,
3476,08/04/2021 01:34:37,12.82,0.00,,
3477,08/04/2021 01:44:37,12.91,0.00,,
3478,08/04/2021 01:54:37,12.74,0.00,,
3479,08/04/2021 02:04:37,12.78,0.00,,
3480,08/04/2021 02:14:37,12.74,0.00,,
3481,08/04/2021 02:24:37,12.78,0.00,,
3482,08/04/2021 02:34:37,12.87,0.00,,
3483,08/04/2021 02:44:37,12.82,0.00,,
3484,08/04/2021 02:54:37,12.87,0.00,,
3485,08/04/2021 03:04:37,12.74,0.00,,
3486,08/04/2021 03:14:37,12.65,0.00,,
3487,08/04/2021 03:24:37,12.87,0.00,,
3488,08/04/2021 03:34:37,12.87,0.00,,
3489,08/04/2021 03:44:37,12.82,0.00,,
3490,08/04/2021 03:54:37,12.78,0.00,,
3491,08/04/2021 04:04:37,12.87,0.00,,
3492,08/04/2021 04:14:37,12.87,0.00,,
3493,08/04/2021 04:24:37,12.91,0.00,,
3494,08/04/2021 04:34:37,12.95,0.00,,
3495,08/04/2021 04:44:37,12.82,0.00,,
3496,08/04/2021 04:54:37,12.74,0.00,,
3497,08/04/2021 05:04:37,12.82,0.00,,
3498,08/04/2021 05:14:37,12.65,0.00,,
3499,08/04/2021 05:24:37,12.65,0.00,,
3500,08/04/2021 05:34:37,12.57,0.00,,
3501,08/04/2021 05:44:37,12.61,0.00,,
3502,08/04/2021 05:54:37,12.74,0.00,,
3503,08/04/2021 06:04:37,12.52,0.42,,
3504,08/04/2021 06:14:37,12.61,3.63,,
3505,08/04/2021 06:24:37,12.52,9.88,,
3506,08/04/2021 06:34:37,12.65,19.34,,
3507,08/04/2021 06:44:37,12.65,35.66,,
3508,08/04/2021 06:54:37,12.61,52.68,,
3509,08/04/2021 07:04:37,12.44,74.42,,
3510,08/04/2021 07:14:37,12.57,94.60,,
3511,08/04/2021 07:24:37,12.48,116.16,,
3512,08/04/2021 07:34:37,12.52,151.40,,
3513,08/04/2021 07:44:37,12.61,192.64,,
3514,08/04/2021 07:54:37,12.65,189.20,,
3515,08/04/2021 08:04:37,12.70,219.44,,
3516,08/04/2021 08:14:37,12.87,245.12,,
3517,08/04/2021 08:24:37,12.87,275.28,,
3518,08/04/2021 08:34:37,12.91,352.64,,
3519,08/04/2021 08:44:37,12.91,461.12,,
3520,08/04/2021 08:54:37,13.00,504.96,,
3521,08/04/2021 09:04:37,12.95,578.72,,
3522,08/04/2021 09:14:37,13.17,604.80,,
3523,08/04/2021 09:24:37,13.21,629.60,,
3524,08/04/2021 09:34:37,13.38,702.72,,
3525,08/04/2021 09:44:37,13.38,720.00,,
3526,08/04/2021 09:54:37,13.55,771.52,,
3527,08/04/2021 10:04:37,13.64,846.08,,
3528,08/04/2021 10:14:37,13.73,890.56,,
3529,08/04/2021 10:24:37,13.73,1085.76,,
3530,08/04/2021 10:34:37,13.55,799.36,,
3531,08/04/2021 10:44:37,13.73,765.44,,
3532,08/04/2021 10:54:37,13.60,899.20,,
3533,08/04/2021 11:04:37,13.77,802.56,,
3534,08/04/2021 11:14:37,14.03,971.84,,
3535,08/04/2021 11:24:37,14.33,1173.76,,
3536,08/04/2021 11:34:37,14.45,1454.08,,
3537,08/04/2021 11:44:37,14.67,1492.48,,
3538,08/04/2021 11:54:37,14.80,1551.36,,
3539,08/04/2021 12:04:37,15.06,1783.04,,
3540,08/04/2021 12:14:37,14.75,1694.72,,
3541,08/04/2021 12:24:37,15.06,1128.32,,
3542,08/04/2021 12:34:37,15.40,1395.84,,
3543,08/04/2021 12:44:37,15.36,1786.24,,
3544,08/04/2021 12:54:37,15.36,1900.80,,
3545,08/04/2021 13:04:37,15.27,1889.28,,
3546,08/04/2021 13:14:37,15.57,1811.84,,
3547,08/04/2021 13:24:37,15.57,1629.44,,
3548,08/04/2021 13:34:37,15.40,2155.52,,
3549,08/04/2021 13:44:37,15.44,2135.04,,
3550,08/04/2021 13:54:37,15.57,1736.32,,
3551,08/04/2021 14:04:37,15.66,1892.48,,
3552,08/04/2021 14:14:37,15.66,1688.96,,
3553,08/04/2021 14:24:37,15.96,1968.00,,
3554,08/04/2021 14:34:37,15.96,1921.28,,
3555,08/04/2021 14:44:37,16.08,1772.80,,
3556,08/04/2021 14:54:37,16.13,1974.40,,
3557,08/04/2021 15:04:37,16.08,1793.28,,
3558,08/04/2021 15:14:37,15.87,1838.08,,
3559,08/04/2021 15:24:37,16.00,2405.76,,
3560,08/04/2021 15:34:37,15.83,1856.64,,
3561,08/04/2021 15:44:37,15.96,1959.04,,
3562,08/04/2021 15:54:37,15.66,1197.76,,
3563,08/04/2021 16:04:37,15.57,1948.80,,
3564,08/04/2021 16:14:37,15.87,1790.08,,
3565,08/04/2021 16:24:37,15.53,1953.92,,
3566,08/04/2021 16:34:37,15.23,1642.24,,
3567,08/04/2021 16:44:37,15.27,1297.60,,
3568,08/04/2021 16:54:37,15.31,1717.12,,
3569,08/04/2021 17:04:37,15.36,1409.28,,
3570,08/04/2021 17:14:37,15.40,1440.00,,
3571,08/04/2021 17:24:37,15.70,1320.32,,
3572,08/04/2021 17:34:37,15.61,1272.00,,
3573,08/04/2021 17:44:37,15.70,1647.36,,
3574,08/04/2021 17:54:37,15.91,1379.84,,
3575,08/04/2021 18:04:37,15.83,2113.28,,
3576,08/04/2021 18:14:37,16.00,1183.04,,
3577,08/04/2021 18:24:37,16.04,1858.56,,
3578,08/04/2021 18:34:37,15.74,637.76,,
3579,08/04/2021 18:44:37,15.61,880.32,,
3580,08/04/2021 18:54:37,15.74,1165.12,,
3581,08/04/2021 19:04:37,15.66,717.44,,
3582,08/04/2021 19:14:37,16.00,996.80,,
3583,08/04/2021 19:24:37,15.83,390.56,,
3584,08/04/2021 19:34:37,15.66,243.44,,
3585,08/04/2021 19:44:37,15.44,152.28,,
3586,08/04/2021 19:54:37,15.18,91.60,,
3587,08/04/2021 20:04:37,15.31,39.78,,
3588,08/04/2021 20:14:37,15.53,16.96,,
3589,08/04/2021 20:24:37,15.40,7.50,,
3590,08/04/2021 20:34:37,15.27,0.64,,
3591,08/04/2021 20:44:37,15.27,0.00,,
3592,08/04/2021 20:54:37,15.31,0.00,,
3593,08/04/2021 21:04:37,15.31,0.00,,
3594,08/04/2021 21:14:37,15.48,0.00,,
3595,08/04/2021 21:24:37,15.31,0.00,,
3596,08/04/2021 21:34:37,15.48,0.00,,
3597,08/04/2021 21:44:37,15.44,0.00,,
3598,08/04/2021 21:54:37,15.53,0.00,,
3599,08/04/2021 22:04:37,15.44,0.00,,
3600,08/04/2021 22:14:37,15.36,0.00,,
3601,08/04/2021 22:24:37,15.27,0.00,,
3602,08/04/2021 22:34:37,15.27,0.00,,
3603,08/04/2021 22:44:37,15.36,0.00,,
3604,08/04/2021 22:54:37,15.06,0.00,,
3605,08/04/2021 23:04:37,14.93,0.00,,
3606,08/04/2021 23:14:37,14.54,0.00,,
3607,08/04/2021 23:24:37,14.33,0.00,,
3608,08/04/2021 23:34:37,14.33,0.00,,
3609,08/04/2021 23:44:37,14.28,0.00,,
3610,08/04/2021 23:54:37,14.20,0.00,,
3611,08/05/2021 00:04:37,14.07,0.00,,
3612,08/05/2021 00:14:37,14.20,0.00,,
3613,08/05/2021 00:24:37,14.33,0.00,,
3614,08/05/2021 00:34:37,14.20,0.00,,
3615,08/05/2021 00:44:37,14.15,0.00,,
3616,08/05/2021 00:54:37,14.11,0.00,,
3617,08/05/2021 01:04:37,14.11,0.00,,
3618,08/05/2021 01:14:37,14.28,0.00,,
3619,08/05/2021 01:24:37,14.41,0.00,,
3620,08/05/2021 01:34:37,14.24,0.00,,
3621,08/05/2021 01:44:37,14.24,0.00,,
3622,08/05/2021 01:54:37,14.20,0.00,,
3623,08/05/2021 02:04:37,14.20,0.00,,
3624,08/05/2021 02:14:37,13.94,0.00,,
3625,08/05/2021 02:24:37,13.90,0.00,,
3626,08/05/2021 02:34:37,13.90,0.00,,
3627,08/05/2021 02:44:37,13.64,0.00,,
3628,08/05/2021 02:54:37,13.55,0.00,,
3629,08/05/2021 03:04:37,13.55,0.00,,
3630,08/05/2021 03:14:37,13.64,0.00,,
3631,08/05/2021 03:24:37,13.68,0.00,,
3632,08/05/2021 03:34:37,13.64,0.00,,
3633,08/05/2021 03:44:37,13.68,0.00,,
3634,08/05/2021 03:54:37,13.81,0.00,,
3635,08/05/2021 04:04:37,13.68,0.00,,
3636,08/05/2021 04:14:37,13.90,0.00,,
3637,08/05/2021 04:24:37,13.98,0.00,,
3638,08/05/2021 04:34:37,13.85,0.00,,
3639,08/05/2021 04:44:37,13.90,0.00,,
3640,08/05/2021 04:54:37,13.98,0.00,,
3641,08/05/2021 05:04:37,14.11,0.00,,
3642,08/05/2021 05:14:37,13.94,0.00,,
3643,08/05/2021 05:24:37,13.90,0.00,,
3644,08/05/2021 05:34:37,13.85,0.00,,
3645,08/05/2021 05:44:37,13.94,0.00,,
3646,08/05/2021 05:54:37,13.90,0.00,,
3647,08/05/2021 06:04:37,13.90,1.06,,
3648,08/05/2021 06:14:37,13.94,4.91,,
3649,08/05/2021 06:24:37,14.11,13.75,,
3650,08/05/2021 06:34:37,14.03,32.24,,
3651,08/05/2021 06:44:37,14.15,46.42,,
3652,08/05/2021 06:54:37,14.11,71.80,,
3653,08/05/2021 07:04:37,14.07,106.64,,
3654,08/05/2021 07:14:37,14.15,158.24,,
3655,08/05/2021 07:24:37,14.11,208.96,,
3656,08/05/2021 07:34:37,14.24,205.60,,
3657,08/05/2021 07:44:37,14.15,250.48,,
3658,08/05/2021 07:54:37,14.24,320.96,,
3659,08/05/2021 08:04:37,14.33,343.20,,
3660,08/05/2021 08:14:37,14.28,272.72,,
3661,08/05/2021 08:24:37,14.07,406.88,,
3662,08/05/2021 08:34:37,13.98,444.64,,
3663,08/05/2021 08:44:37,14.03,479.04,,
3664,08/05/2021 08:54:37,14.03,664.00,,
3665,08/05/2021 09:04:37,14.41,518.08,,
3666,08/05/2021 09:14:37,14.41,731.20,,
3667,08/05/2021 09:24:37,14.37,787.52,,
3668,08/05/2021 09:34:37,14.45,872.32,,
3669,08/05/2021 09:44:37,14.11,942.72,,
3670,08/05/2021 09:54:37,14.07,1234.24,,
3671,08/05/2021 10:04:37,14.33,1017.28,,
3672,08/05/2021 10:14:37,14.54,931.84,,
3673,08/05/2021 10:24:37,14.67,1029.12,,
3674,08/05/2021 10:34:37,14.50,824.96,,
3675,08/05/2021 10:44:37,14.37,778.24,,
3676,08/05/2021 10:54:37,14.63,894.08,,
3677,08/05/2021 11:04:37,14.45,725.12,,
3678,08/05/2021 11:14:37,14.37,739.84,,
3679,08/05/2021 11:24:37,14.45,871.36,,
3680,08/05/2021 11:34:37,14.41,957.44,,
3681,08/05/2021 11:44:37,14.41,1014.72,,
3682,08/05/2021 11:54:37,14.50,1136.00,,
3683,08/05/2021 12:04:37,14.67,1160.96,,
3684,08/05/2021 12:14:37,14.88,1222.40,,
3685,08/05/2021 12:24:37,14.75,1269.44,,
3686,08/05/2021 12:34:37,14.93,1197.76,,
3687,08/05/2021 12:44:37,14.88,1300.16,,
3688,08/05/2021 12:54:37,14.93,1225.92,,
3689,08/05/2021 13:04:37,15.10,1118.08,,
3690,08/05/2021 13:14:37,15.14,1137.60,,
3691,08/05/2021 13:24:37,15.18,1091.52,,
3692,08/05/2021 13:34:37,15.10,1097.60,,
3693,08/05/2021 13:44:37,15.36,1231.68,,
3694,08/05/2021 13:54:37,15.31,1219.84,,
3695,08/05/2021 14:04:37,15.53,1324.80,,
3696,08/05/2021 14:14:37,15.44,1416.96,,
3697,08/05/2021 14:24:37,15.57,1556.48,,
3698,08/05/2021 14:34:37,15.87,1762.56,,
3699,08/05/2021 14:44:37,15.96,1675.52,,
3700,08/05/2021 14:54:37,15.83,1518.72,,
3701,08/05/2021 15:04:37,15.74,1614.72,,
3702,08/05/2021 15:14:37,15.70,1421.44,,
3703,08/05/2021 15:24:37,15.70,1370.24,,
3704,08/05/2021 15:34:37,15.70,1256.64,,
3705,08/05/2021 15:44:37,15.48,1124.80,,
3706,08/05/2021 15:54:37,15.40,1113.92,,
3707,08/05/2021 16:04:37,15.44,1092.48,,
3708,08/05/2021 16:14:37,15.57,1051.52,,
3709,08/05/2021 16:24:37,15.70,1108.80,,
3710,08/05/2021 16:34:37,15.78,1058.24,,
3711,08/05/2021 16:44:37,15.70,1074.56,,
3712,08/05/2021 16:54:37,15.78,1025.60,,
3713,08/05/2021 17:04:37,15.66,951.36,,
3714,08/05/2021 17:14:37,15.83,1141.12,,
3715,08/05/2021 17:24:37,16.08,1123.20,,
3716,08/05/2021 17:34:37,16.17,1212.16,,
3717,08/05/2021 17:44:37,16.30,1813.76,,
3718,08/05/2021 17:54:37,16.73,3104.00,,
3719,08/05/2021 18:04:37,17.07,3091.20,,
3720,08/05/2021 18:14:37,17.24,1658.88,,
3721,08/05/2021 18:24:37,16.60,665.92,,
3722,08/05/2021 18:34:37,16.26,375.84,,
3723,08/05/2021 18:44:37,16.21,315.04,,
3724,08/05/2021 18:54:37,16.21,261.60,,
3725,08/05/2021 19:04:37,16.34,223.76,,
3726,08/05/2021 19:14:37,16.34,254.72,,
3727,08/05/2021 19:24:37,16.26,200.32,,
3728,08/05/2021 19:34:37,16.39,129.08,,
3729,08/05/2021 19:44:37,16.34,73.56,,
3730,08/05/2021 19:54:37,16.26,46.00,,
3731,08/05/2021 20:04:37,16.26,23.21,,
3732,08/05/2021 20:14:37,16.43,10.31,,
3733,08/05/2021 20:24:37,16.51,2.99,,
3734,08/05/2021 20:34:37,16.51,0.00,,
3735,08/05/2021 20:44:37,16.43,0.00,,
3736,08/05/2021 20:54:37,16.60,0.00,,
3737,08/05/2021 21:04:37,16.64,0.00,,
3738,08/05/2021 21:14:37,16.64,0.00,,
3739,08/05/2021 21:24:37,16.69,0.00,,
3740,08/05/2021 21:34:37,16.47,0.00,,
3741,08/05/2021 21:44:37,16.51,0.00,,
3742,08/05/2021 21:54:37,16.60,0.00,,
3743,08/05/2021 22:04:37,16.64,0.00,,
3744,08/05/2021 22:14:37,16.56,0.00,,
3745,08/05/2021 22:24:37,16.51,0.00,,
3746,08/05/2021 22:34:37,16.39,0.00,,
3747,08/05/2021 22:44:37,16.13,0.00,,
3748,08/05/2021 22:54:37,16.08,0.00,,
3749,08/05/2021 23:04:37,16.08,0.00,,
3750,08/05/2021 23:14:37,16.17,0.00,,
3751,08/05/2021 23:24:37,15.96,0.00,,
3752,08/05/2021 23:34:37,15.96,0.00,,
3753,08/05/2021 23:44:37,15.91,0.00,,
3754,08/05/2021 23:54:37,15.74,0.00,,
3755,08/06/2021 00:04:37,15.83,0.00,,
3756,08/06/2021 00:14:37,15.70,0.00,,
3757,08/06/2021 00:24:37,15.78,0.00,,
3758,08/06/2021 00:34:37,15.57,0.00,,
3759,08/06/2021 00:44:37,15.48,0.00,,
3760,08/06/2021 00:54:37,15.57,0.00,,
3761,08/06/2021 01:04:37,15.40,0.00,,
3762,08/06/2021 01:14:37,15.27,0.00,,
3763,08/06/2021 01:24:37,15.36,0.00,,
3764,08/06/2021 01:34:37,15.36,0.00,,
3765,08/06/2021 01:44:37,15.23,0.00,,
3766,08/06/2021 01:54:37,15.18,0.00,,
3767,08/06/2021 02:04:37,15.01,0.00,,
3768,08/06/2021 02:14:37,14.97,0.00,,
3769,08/06/2021 02:24:37,14.97,0.00,,
3770,08/06/2021 02:34:37,14.84,0.00,,
3771,08/06/2021 02:44:37,14.71,0.00,,
3772,08/06/2021 02:54:37,14.63,0.00,,
3773,08/06/2021 03:04:37,14.45,0.00,,
3774,08/06/2021 03:14:37,14.41,0.00,,
3775,08/06/2021 03:24:37,14.41,0.00,,
3776,08/06/2021 03:34:37,14.24,0.00,,
3777,08/06/2021 03:44:37,14.20,0.00,,
3778,08/06/2021 03:54:37,13.94,0.00,,
3779,08/06/2021 04:04:37,13.85,0.00,,
3780,08/06/2021 04:14:37,13.81,0.00,,
3781,08/06/2021 04:24:37,13.68,0.00,,
3782,08/06/2021 04:34:37,13.55,0.00,,
3783,08/06/2021 04:44:37,13.60,0.00,,
3784,08/06/2021 04:54:37,13.55,0.00,,
3785,08/06/2021 05:04:37,13.55,0.00,,
3786,08/06/2021 05:14:37,13.55,0.00,,
3787,08/06/2021 05:24:37,13.38,0.00,,
3788,08/06/2021 05:34:37,13.34,0.00,,
3789,08/06/2021 05:44:37,13.21,0.00,,
3790,08/06/2021 05:54:37,13.00,0.00,,
3791,08/06/2021 06:04:37,13.00,0.85,,
3792,08/06/2021 06:14:37,12.35,5.58,,
3793,08/06/2021 06:24:37,12.18,15.89,,
3794,08/06/2021 06:34:37,12.18,30.96,,
3795,08/06/2021 06:44:37,12.31,50.96,,
3796,08/06/2021 06:54:37,12.10,73.14,,
3797,08/06/2021 07:04:37,12.27,107.96,,
3798,08/06/2021 07:14:37,12.57,148.96,,
3799,08/06/2021 07:24:37,12.78,198.80,,
3800,08/06/2021 07:34:37,13.04,247.92,,
3801,08/06/2021 07:44:37,13.30,292.64,,
3802,08/06/2021 07:54:37,13.55,304.72,,
3803,08/06/2021 08:04:37,13.55,311.60,,
3804,08/06/2021 08:14:37,13.51,379.68,,
3805,08/06/2021 08:24:37,13.64,479.52,,
3806,08/06/2021 08:34:37,13.81,561.12,,
3807,08/06/2021 08:44:37,14.07,635.20,,
3808,08/06/2021 08:54:37,14.11,919.68,,
3809,08/06/2021 09:04:37,14.54,1051.52,,
3810,08/06/2021 09:14:37,14.88,1097.60,,
3811,08/06/2021 09:24:37,15.23,1124.16,,
3812,08/06/2021 09:34:37,15.40,1177.92,,
3813,08/06/2021 09:44:37,15.70,1272.00,,
3814,08/06/2021 09:54:37,16.04,1319.68,,
3815,08/06/2021 10:04:37,16.64,1352.96,,
3816,08/06/2021 10:14:37,17.07,1405.44,,
3817,08/06/2021 10:24:37,17.50,1416.32,,
3818,08/06/2021 10:34:37,18.06,1459.20,,
3819,08/06/2021 10:44:37,18.62,1479.68,,
3820,08/06/2021 10:54:37,19.09,1512.96,,
3821,08/06/2021 11:04:37,19.52,1559.68,,
3822,08/06/2021 11:14:37,19.77,1548.80,,
3823,08/06/2021 11:24:37,19.99,1540.48,,
3824,08/06/2021 11:34:37,20.03,1569.92,,
3825,08/06/2021 11:44:37,19.99,1592.32,,
3826,08/06/2021 11:54:37,20.20,1603.84,,
3827,08/06/2021 12:04:37,20.55,1630.72,,
3828,08/06/2021 12:14:37,21.02,1638.40,,
3829,08/06/2021 12:24:37,21.32,1660.16,,
3830,08/06/2021 12:34:37,21.36,1704.32,,
3831,08/06/2021 12:44:37,21.06,1762.56,,
3832,08/06/2021 12:54:37,20.98,1779.84,,
3833,08/06/2021 13:04:37,20.80,1784.96,,
3834,08/06/2021 13:14:37,20.42,1800.32,,
3835,08/06/2021 13:24:37,19.86,1818.88,,
3836,08/06/2021 13:34:37,19.39,1770.88,,
3837,08/06/2021 13:44:37,18.70,1818.88,,
3838,08/06/2021 13:54:37,18.19,1856.64,,
3839,08/06/2021 14:04:37,18.06,1859.84,,
3840,08/06/2021 14:14:37,17.97,1957.76,,
3841,08/06/2021 14:24:37,17.97,1960.96,,
3842,08/06/2021 14:34:37,17.80,2001.92,,
3843,08/06/2021 14:44:37,17.72,2014.08,,
3844,08/06/2021 14:54:37,17.54,2029.44,,
3845,08/06/2021 15:04:37,17.46,2101.12,,
3846,08/06/2021 15:14:37,17.50,2135.04,,
3847,08/06/2021 15:24:37,17.59,2159.36,,
3848,08/06/2021 15:34:37,17.29,2207.36,,
3849,08/06/2021 15:44:37,17.24,2264.96,,
3850,08/06/2021 15:54:37,17.29,2264.96,,
3851,08/06/2021 16:04:37,17.46,2328.32,,
3852,08/06/2021 16:14:37,17.41,2376.32,,
3853,08/06/2021 16:24:37,17.37,2379.52,,
3854,08/06/2021 16:34:37,17.37,2528.64,,
3855,08/06/2021 16:44:37,17.29,2455.04,,
3856,08/06/2021 16:54:37,17.11,2663.68,,
3857,08/06/2021 17:04:37,16.90,3016.96,,
3858,08/06/2021 17:14:37,16.73,1540.48,,
3859,08/06/2021 17:24:37,16.51,1466.88,,
3860,08/06/2021 17:34:37,16.43,1248.00,,
3861,08/06/2021 17:44:37,16.34,856.96,,
3862,08/06/2021 17:54:37,16.13,762.88,,
3863,08/06/2021 18:04:37,15.96,706.88,,
3864,08/06/2021 18:14:37,16.17,620.96,,
3865,08/06/2021 18:24:37,16.04,485.12,,
3866,08/06/2021 18:34:37,15.96,445.60,,
3867,08/06/2021 18:44:37,16.13,365.44,,
3868,08/06/2021 18:54:37,16.04,288.08,,
3869,08/06/2021 19:04:37,15.96,270.96,,
3870,08/06/2021 19:14:37,15.87,246.16,,
3871,08/06/2021 19:24:37,15.70,197.04,,
3872,08/06/2021 19:34:37,15.66,138.60,,
3873,08/06/2021 19:44:37,15.57,79.12,,
3874,08/06/2021 19:54:37,15.57,48.34,,
3875,08/06/2021 20:04:37,15.57,25.38,,
3876,08/06/2021 20:14:37,15.57,10.09,,
3877,08/06/2021 20:24:37,15.44,2.56,,
3878,08/06/2021 20:34:37,15.48,0.00,,
3879,08/06/2021 20:44:37,15.48,0.00,,
3880,08/06/2021 20:54:37,15.53,0.00,,
3881,08/06/2021 21:04:37,15.40,0.00,,
3882,08/06/2021 21:14:37,15.36,0.00,,
3883,08/06/2021 21:24:37,15.40,0.00,,
3884,08/06/2021 21:34:37,15.40,0.00,,
3885,08/06/2021 21:44:37,15.40,0.00,,
3886,08/06/2021 21:54:37,15.31,0.00,,
3887,08/06/2021 22:04:37,15.36,0.00,,
3888,08/06/2021 22:14:37,15.40,0.00,,
3889,08/06/2021 22:24:37,15.27,0.00,,
3890,08/06/2021 22:34:37,15.36,0.00,,
3891,08/06/2021 22:44:37,15.23,0.00,,
3892,08/06/2021 22:54:37,15.23,0.00,,
3893,08/06/2021 23:04:37,14.97,0.00,,
3894,08/06/2021 23:14:37,14.80,0.00,,
3895,08/06/2021 23:24:37,14.80,0.00,,
3896,08/06/2021 23:34:37,14.71,0.00,,
3897,08/06/2021 23:44:37,14.71,0.00,,
3898,08/06/2021 23:54:37,14.50,0.00,,
3899,08/07/2021 00:04:37,14.28,0.00,,
3900,08/07/2021 00:14:37,14.28,0.00,,
3901,08/07/2021 00:24:37,14.45,0.00,,
3902,08/07/2021 00:34:37,14.33,0.00,,
3903,08/07/2021 00:44:37,14.37,0.00,,
3904,08/07/2021 00:54:37,14.07,0.00,,
3905,08/07/2021 01:04:37,14.07,0.00,,
3906,08/07/2021 01:14:37,14.07,0.00,,
3907,08/07/2021 01:24:37,14.07,0.00,,
3908,08/07/2021 01:34:37,14.11,0.00,,
3909,08/07/2021 01:44:37,14.11,0.00,,
3910,08/07/2021 01:54:37,13.90,0.00,,
3911,08/07/2021 02:04:37,13.85,0.00,,
3912,08/07/2021 02:14:37,13.73,0.00,,
3913,08/07/2021 02:24:37,13.64,0.00,,
3914,08/07/2021 02:34:37,13.55,0.00,,
3915,08/07/2021 02:44:37,13.43,0.00,,
3916,08/07/2021 02:54:37,13.51,0.00,,
3917,08/07/2021 03:04:37,13.51,0.00,,
3918,08/07/2021 03:14:37,13.43,0.00,,
3919,08/07/2021 03:24:37,13.34,0.00,,
3920,08/07/2021 03:34:37,13.25,0.00,,
3921,08/07/2021 03:44:37,13.04,0.00,,
3922,08/07/2021 03:54:37,13.04,0.00,,
3923,08/07/2021 04:04:37,13.00,0.00,,
3924,08/07/2021 04:14:37,12.74,0.00,,
3925,08/07/2021 04:24:37,12.74,0.00,,
3926,08/07/2021 04:34:37,12.70,0.00,,
3927,08/07/2021 04:44:37,12.78,0.00,,
3928,08/07/2021 04:54:37,12.74,0.00,,
3929,08/07/2021 05:04:37,12.61,0.00,,
3930,08/07/2021 05:14:37,12.70,0.00,,
3931,08/07/2021 05:24:37,12.70,0.00,,
3932,08/07/2021 05:34:37,12.78,0.00,,
3933,08/07/2021 05:44:37,12.87,0.00,,
3934,08/07/2021 05:54:37,12.87,0.00,,
3935,08/07/2021 06:04:37,12.82,0.42,,
3936,08/07/2021 06:14:37,12.74,5.58,,
3937,08/07/2021 06:24:37,12.61,16.32,,
3938,08/07/2021 06:34:37,12.48,36.73,,
3939,08/07/2021 06:44:37,12.44,52.22,,
3940,08/07/2021 06:54:37,12.52,75.28,,
3941,08/07/2021 07:04:37,12.65,115.28,,
3942,08/07/2021 07:14:37,12.61,173.84,,
3943,08/07/2021 07:24:37,12.87,368.80,,
3944,08/07/2021 07:34:37,13.08,480.00,,
3945,08/07/2021 07:44:37,13.21,610.72,,
3946,08/07/2021 07:54:37,13.55,715.84,,
3947,08/07/2021 08:04:37,13.73,806.08,,
3948,08/07/2021 08:14:37,13.85,917.12,,
3949,08/07/2021 08:24:37,14.28,1057.28,,
3950,08/07/2021 08:34:37,14.45,1171.84,,
3951,08/07/2021 08:44:37,14.84,1254.08,,
3952,08/07/2021 08:54:37,14.84,1342.08,,
3953,08/07/2021 09:04:37,14.84,1410.56,,
3954,08/07/2021 09:14:37,15.18,1569.28,,
3955,08/07/2021 09:24:37,15.44,1711.36,,
3956,08/07/2021 09:34:37,15.70,1765.76,,
3957,08/07/2021 09:44:37,15.96,1747.84,,
3958,08/07/2021 09:54:37,16.08,1736.96,,
3959,08/07/2021 10:04:37,16.04,1717.12,,
3960,08/07/2021 10:14:37,16.04,1737.60,,
3961,08/07/2021 10:24:37,16.08,1731.20,,
3962,08/07/2021 10:34:37,16.13,1758.08,,
3963,08/07/2021 10:44:37,16.30,1701.76,,
3964,08/07/2021 10:54:37,16.47,1691.52,,
3965,08/07/2021 11:04:37,16.69,1622.40,,
3966,08/07/2021 11:14:37,16.99,1619.84,,
3967,08/07/2021 11:24:37,17.37,1528.96,,
3968,08/07/2021 11:34:37,17.67,1525.76,,
3969,08/07/2021 11:44:37,18.14,1548.80,,
3970,08/07/2021 11:54:37,18.44,1518.08,,
3971,08/07/2021 12:04:37,18.83,1503.36,,
3972,08/07/2021 12:14:37,19.09,1489.92,,
3973,08/07/2021 12:24:37,19.30,1544.32,,
3974,08/07/2021 12:34:37,19.56,1510.40,,
3975,08/07/2021 12:44:37,20.20,1508.48,,
3976,08/07/2021 12:54:37,20.50,1608.96,,
3977,08/07/2021 13:04:37,20.68,1634.56,,
3978,08/07/2021 13:14:37,20.68,1626.88,,
3979,08/07/2021 13:24:37,20.63,1620.48,,
3980,08/07/2021 13:34:37,20.59,1610.24,,
3981,08/07/2021 13:44:37,20.37,1676.80,,
3982,08/07/2021 13:54:37,20.42,1621.76,,
3983,08/07/2021 14:04:37,20.55,1652.48,,
3984,08/07/2021 14:14:37,20.89,1665.28,,
3985,08/07/2021 14:24:37,21.15,1693.44,,
3986,08/07/2021 14:34:37,21.19,1856.64,,
3987,08/07/2021 14:44:37,20.93,1777.28,,
3988,08/07/2021 14:54:37,20.85,1795.20,,
3989,08/07/2021 15:04:37,20.50,1803.52,,
3990,08/07/2021 15:14:37,20.25,1902.72,,
3991,08/07/2021 15:24:37,20.33,1952.64,,
3992,08/07/2021 15:34:37,20.42,1911.04,,
3993,08/07/2021 15:44:37,20.68,1979.52,,
3994,08/07/2021 15:54:37,20.42,2042.88,,
3995,08/07/2021 16:04:37,20.50,2167.68,,
3996,08/07/2021 16:14:37,20.50,2138.88,,
3997,08/07/2021 16:24:37,20.20,2144.00,,
3998,08/07/2021 16:34:37,20.12,2251.52,,
3999,08/07/2021 16:44:37,20.29,2264.96,,
4000,08/07/2021 16:54:37,20.07,2429.44,,
4001,08/07/2021 17:04:37,19.99,2475.52,,
4002,08/07/2021 17:14:37,19.99,2590.08,,
4003,08/07/2021 17:24:37,20.03,2627.84,,
4004,08/07/2021 17:34:37,19.86,2908.16,,
4005,08/07/2021 17:44:37,19.35,3068.16,,
4006,08/07/2021 17:54:37,19.22,2981.12,,
4007,08/07/2021 18:04:37,19.17,3287.04,,
4008,08/07/2021 18:14:37,19.35,3562.24,,
4009,08/07/2021 18:24:37,19.35,3610.88,,
4010,08/07/2021 18:34:37,19.35,3610.88,,
4011,08/07/2021 18:44:37,19.52,3500.80,,
4012,08/07/2021 18:54:37,19.52,3431.68,,
4013,08/07/2021 19:04:37,19.47,3672.32,,
4014,08/07/2021 19:14:37,18.96,3072.00,,
4015,08/07/2021 19:24:37,18.27,2564.48,,
4016,08/07/2021 19:34:37,17.72,1918.08,,
4017,08/07/2021 19:44:37,17.24,1286.40,,
4018,08/07/2021 19:54:37,16.69,363.84,,
4019,08/07/2021 20:04:37,16.04,100.24,,
4020,08/07/2021 20:14:37,15.70,43.22,,
4021,08/07/2021 20:24:37,15.40,13.33,,
4022,08/07/2021 20:34:37,15.27,2.35,,
4023,08/07/2021 20:44:37,15.06,0.00,,
4024,08/07/2021 20:54:37,14.58,0.00,,
4025,08/07/2021 21:04:37,14.58,0.00,,
4026,08/07/2021 21:14:37,14.50,0.00,,
4027,08/07/2021 21:24:37,13.98,0.00,,
4028,08/07/2021 21:34:37,13.51,0.00,,
4029,08/07/2021 21:44:37,13.38,0.00,,
4030,08/07/2021 21:54:37,13.12,0.00,,
4031,08/07/2021 22:04:37,13.04,0.00,,
4032,08/07/2021 22:14:37,13.08,0.00,,
4033,08/07/2021 22:24:37,13.38,0.00,,
4034,08/07/2021 22:34:37,13.64,0.00,,
4035,08/07/2021 22:44:37,13.94,0.00,,
4036,08/07/2021 22:54:37,14.07,0.00,,
4037,08/07/2021 23:04:37,14.41,0.00,,
4038,08/07/2021 23:14:37,14.54,0.00,,
4039,08/07/2021 23:24:37,14.41,0.00,,
4040,08/07/2021 23:34:37,14.63,0.00,,
4041,08/07/2021 23:44:37,14.71,0.00,,
4042,08/07/2021 23:54:37,14.58,0.00,,
4043,08/08/2021 00:04:37,14.41,0.00,,
4044,08/08/2021 00:14:37,14.50,0.00,,
4045,08/08/2021 00:24:37,14.41,0.00,,
4046,08/08/2021 00:34:37,14.28,0.00,,
4047,08/08/2021 00:44:37,14.37,0.00,,
4048,08/08/2021 00:54:37,14.28,0.00,,
4049,08/08/2021 01:04:37,14.20,0.00,,
4050,08/08/2021 01:14:37,14.28,0.00,,
4051,08/08/2021 01:24:37,14.28,0.00,,
4052,08/08/2021 01:34:37,14.15,0.00,,
4053,08/08/2021 01:44:37,14.11,0.00,,
4054,08/08/2021 01:54:37,14.03,0.00,,
4055,08/08/2021 02:04:37,14.07,0.00,,
4056,08/08/2021 02:14:37,14.11,0.00,,
4057,08/08/2021 02:24:37,14.03,0.00,,
4058,08/08/2021 02:34:37,13.85,0.00,,
4059,08/08/2021 02:44:37,13.64,0.00,,
4060,08/08/2021 02:54:37,13.51,0.00,,
4061,08/08/2021 03:04:37,13.64,0.00,,
4062,08/08/2021 03:14:37,13.77,0.00,,
4063,08/08/2021 03:24:37,13.85,0.00,,
4064,08/08/2021 03:34:37,13.90,0.00,,
4065,08/08/2021 03:44:37,13.77,0.00,,
4066,08/08/2021 03:54:37,13.73,0.00,,
4067,08/08/2021 04:04:37,13.77,0.00,,
4068,08/08/2021 04:14:37,13.81,0.00,,
4069,08/08/2021 04:24:37,13.85,0.00,,
4070,08/08/2021 04:34:37,13.94,0.00,,
4071,08/08/2021 04:44:37,14.15,0.00,,
4072,08/08/2021 04:54:37,13.85,0.00,,
4073,08/08/2021 05:04:37,13.77,0.00,,
4074,08/08/2021 05:14:37,13.73,0.00,,
4075,08/08/2021 05:24:37,13.77,0.00,,
4076,08/08/2021 05:34:37,13.81,0.00,,
4077,08/08/2021 05:44:37,13.85,0.00,,
4078,08/08/2021 05:54:37,13.85,0.00,,
4079,08/08/2021 06:04:37,13.90,0.21,,
4080,08/08/2021 06:14:37,14.07,3.63,,
4081,08/08/2021 06:24:37,14.03,10.68,,
4082,08/08/2021 06:34:37,14.03,19.55,,
4083,08/08/2021 06:44:37,14.03,35.93,,
4084,08/08/2021 06:54:37,14.03,63.66,,
4085,08/08/2021 07:04:37,14.15,88.64,,
4086,08/08/2021 07:14:37,14.33,115.28,,
4087,08/08/2021 07:24:37,14.50,148.84,,
4088,08/08/2021 07:34:37,14.54,203.04,,
4089,08/08/2021 07:44:37,14.54,252.16,,
4090,08/08/2021 07:54:37,14.67,289.12,,
4091,08/08/2021 08:04:37,14.84,326.08,,
4092,08/08/2021 08:14:37,14.80,354.56,,
4093,08/08/2021 08:24:37,14.84,408.80,,
4094,08/08/2021 08:34:37,15.01,486.24,,
4095,08/08/2021 08:44:37,15.14,522.24,,
4096,08/08/2021 08:54:37,15.31,545.44,,
4097,08/08/2021 09:04:37,15.48,612.96,,
4098,08/08/2021 09:14:37,15.57,681.60,,
4099,08/08/2021 09:24:37,15.66,809.92,,
4100,08/08/2021 09:34:37,15.70,900.16,,
4101,08/08/2021 09:44:37,15.87,1005.12,,
4102,08/08/2021 09:54:37,16.08,1375.36,,
4103,08/08/2021 10:04:37,16.30,1784.96,,
4104,08/08/2021 10:14:37,16.47,1754.24,,
4105,08/08/2021 10:24:37,16.47,1731.20,,
4106,08/08/2021 10:34:37,16.60,1693.44,,
4107,08/08/2021 10:44:37,16.81,1662.72,,
4108,08/08/2021 10:54:37,17.03,1612.16,,
4109,08/08/2021 11:04:37,17.37,1545.60,,
4110,08/08/2021 11:14:37,17.59,1510.40,,
4111,08/08/2021 11:24:37,18.23,1472.64,,
4112,08/08/2021 11:34:37,18.57,1370.88,,
4113,08/08/2021 11:44:37,18.87,1344.64,,
4114,08/08/2021 11:54:37,19.05,1281.28,,
4115,08/08/2021 12:04:37,19.22,1264.32,,
4116,08/08/2021 12:14:37,19.82,1257.60,,
4117,08/08/2021 12:24:37,20.20,1305.28,,
4118,08/08/2021 12:34:37,20.29,1275.52,,
4119,08/08/2021 12:44:37,20.29,1278.72,,
4120,08/08/2021 12:54:37,20.46,1300.16,,
4121,08/08/2021 13:04:37,20.85,1306.88,,
4122,08/08/2021 13:14:37,20.93,1330.56,,
4123,08/08/2021 13:24:37,21.32,1322.24,,
4124,08/08/2021 13:34:37,21.62,1358.08,,
4125,08/08/2021 13:44:37,22.13,1363.84,,
4126,08/08/2021 13:54:37,22.31,1397.76,,
4127,08/08/2021 14:04:37,22.56,1401.60,,
4128,08/08/2021 14:14:37,22.48,1428.48,,
4129,08/08/2021 14:24:37,22.65,1452.16,,
4130,08/08/2021 14:34:37,22.56,1494.40,,
4131,08/08/2021 14:44:37,21.88,1485.44,,
4132,08/08/2021 14:54:37,21.58,1582.08,,
4133,08/08/2021 15:04:37,21.45,1564.16,,
4134,08/08/2021 15:14:37,21.75,1648.64,,
4135,08/08/2021 15:24:37,22.31,1648.64,,
4136,08/08/2021 15:34:37,20.98,1667.84,,
4137,08/08/2021 15:44:37,20.42,1703.68,,
4138,08/08/2021 15:54:37,19.90,1848.32,,
4139,08/08/2021 16:04:37,19.77,1831.04,,
4140,08/08/2021 16:14:37,19.69,2022.40,,
4141,08/08/2021 16:24:37,19.39,1989.76,,
4142,08/08/2021 16:34:37,19.52,2108.16,,
4143,08/08/2021 16:44:37,19.17,2231.04,,
4144,08/08/2021 16:54:37,19.17,2357.76,,
4145,08/08/2021 17:04:37,18.19,2456.96,,
4146,08/08/2021 17:14:37,17.50,2679.04,,
4147,08/08/2021 17:24:37,17.07,2848.00,,
4148,08/08/2021 17:34:37,16.90,2961.92,,
4149,08/08/2021 17:44:37,16.81,3057.92,,
4150,08/08/2021 17:54:37,16.69,1592.32,,
4151,08/08/2021 18:04:37,16.73,3165.44,,
4152,08/08/2021 18:14:37,16.81,3183.36,,
4153,08/08/2021 18:24:37,17.03,3251.20,,
4154,08/08/2021 18:34:37,17.11,3436.80,,
4155,08/08/2021 18:44:37,16.90,3402.24,,
4156,08/08/2021 18:54:37,16.47,2085.76,,
4157,08/08/2021 19:04:37,16.26,2899.20,,
4158,08/08/2021 19:14:37,16.60,2526.72,,
4159,08/08/2021 19:24:37,16.30,2012.16,,
4160,08/08/2021 19:34:37,15.83,1290.88,,
4161,08/08/2021 19:44:37,15.48,684.16,,
4162,08/08/2021 19:54:37,15.36,266.40,,
4163,08/08/2021 20:04:37,15.06,83.92,,
4164,08/08/2021 20:14:37,15.06,31.84,,
4165,08/08/2021 20:24:37,15.10,8.57,,
4166,08/08/2021 20:34:37,14.97,0.85,,
4167,08/08/2021 20:44:37,14.88,0.00,,
4168,08/08/2021 20:54:37,14.88,0.00,,
4169,08/08/2021 21:04:37,14.80,0.00,,
4170,08/08/2021 21:14:37,14.75,0.00,,
4171,08/08/2021 21:24:37,14.93,0.00,,
4172,08/08/2021 21:34:37,14.75,0.00,,
4173,08/08/2021 21:44:37,14.84,0.00,,
4174,08/08/2021 21:54:37,15.01,0.00,,
4175,08/08/2021 22:04:37,14.97,0.00,,
4176,08/08/2021 22:14:37,14.84,0.00,,
4177,08/08/2021 22:24:37,14.88,0.00,,
4178,08/08/2021 22:34:37,14.93,0.00,,
4179,08/08/2021 22:44:37,15.06,0.00,,
4180,08/08/2021 22:54:37,15.10,0.00,,
4181,08/08/2021 23:04:37,14.97,0.00,,
4182,08/08/2021 23:14:37,15.14,0.00,,
4183,08/08/2021 23:24:37,15.10,0.00,,
4184,08/08/2021 23:34:37,15.10,0.00,,
4185,08/08/2021 23:44:37,14.75,0.00,,
4186,08/08/2021 23:54:37,13.90,0.00,,
4187,08/09/2021 00:04:37,13.43,0.00,,
4188,08/09/2021 00:14:37,13.43,0.00,,
4189,08/09/2021 00:24:37,13.38,0.00,,
4190,08/09/2021 00:34:37,13.43,0.00,,
4191,08/09/2021 00:44:37,13.43,0.00,,
4192,08/09/2021 00:54:37,13.64,0.00,,
4193,08/09/2021 01:04:37,13.55,0.00,,
4194,08/09/2021 01:14:37,13.73,0.00,,
4195,08/09/2021 01:24:37,13.68,0.00,,
4196,08/09/2021 01:34:37,13.81,0.00,,
4197,08/09/2021 01:44:37,13.77,0.00,,
4198,08/09/2021 01:54:37,14.15,0.00,,
4199,08/09/2021 02:04:37,14.03,0.00,,
4200,08/09/2021 02:14:37,14.07,0.00,,
4201,08/09/2021 02:24:37,13.81,0.00,,
4202,08/09/2021 02:34:37,13.68,0.00,,
4203,08/09/2021 02:44:37,13.55,0.00,,
4204,08/09/2021 02:54:37,13.43,0.00,,
4205,08/09/2021 03:04:37,13.38,0.00,,
4206,08/09/2021 03:14:37,13.43,0.00,,
4207,08/09/2021 03:24:37,13.47,0.00,,
4208,08/09/2021 03:34:37,13.47,0.00,,
4209,08/09/2021 03:44:37,13.43,0.00,,
4210,08/09/2021 03:54:37,13.55,0.00,,
4211,08/09/2021 04:04:37,13.68,0.00,,
4212,08/09/2021 04:14:37,13.73,0.00,,
4213,08/09/2021 04:24:37,13.64,0.00,,
4214,08/09/2021 04:34:37,13.55,0.00,,
4215,08/09/2021 04:44:37,13.47,0.00,,
4216,08/09/2021 04:54:37,13.43,0.00,,
4217,08/09/2021 05:04:37,13.25,0.00,,
4218,08/09/2021 05:14:37,13.21,0.00,,
4219,08/09/2021 05:24:37,13.17,0.00,,
4220,08/09/2021 05:34:37,13.17,0.00,,
4221,08/09/2021 05:44:37,13.12,0.00,,
4222,08/09/2021 05:54:37,13.08,0.00,,
4223,08/09/2021 06:04:37,13.08,2.35,,
4224,08/09/2021 06:14:37,13.00,12.47,,
4225,08/09/2021 06:24:37,13.12,39.75,,
4226,08/09/2021 06:34:37,13.12,79.56,,
4227,08/09/2021 06:44:37,13.25,123.00,,
4228,08/09/2021 06:54:37,13.43,172.96,,
4229,08/09/2021 07:04:37,13.64,250.48,,
4230,08/09/2021 07:14:37,14.03,291.68,,
4231,08/09/2021 07:24:37,14.24,390.56,,
4232,08/09/2021 07:34:37,14.58,394.88,,
4233,08/09/2021 07:44:37,14.75,423.36,,
4234,08/09/2021 07:54:37,14.93,445.60,,
4235,08/09/2021 08:04:37,14.97,473.12,,
4236,08/09/2021 08:14:37,15.06,448.16,,
4237,08/09/2021 08:24:37,15.06,518.08,,
4238,08/09/2021 08:34:37,15.27,615.84,,
4239,08/09/2021 08:44:37,15.70,1507.20,,
4240,08/09/2021 08:54:37,15.70,857.28,,
4241,08/09/2021 09:04:37,16.00,2003.84,,
4242,08/09/2021 09:14:37,16.34,2138.88,,
4243,08/09/2021 09:24:37,16.21,1315.20,,
4244,08/09/2021 09:34:37,16.30,1445.12,,
4245,08/09/2021 09:44:37,16.64,1788.16,,
4246,08/09/2021 09:54:37,16.90,1665.28,,
4247,08/09/2021 10:04:37,17.03,1619.20,,
4248,08/09/2021 10:14:37,17.16,1585.28,,
4249,08/09/2021 10:24:37,17.41,1872.00,,
4250,08/09/2021 10:34:37,17.72,1493.12,,
4251,08/09/2021 10:44:37,17.76,1649.92,,
4252,08/09/2021 10:54:37,18.14,1550.72,,
4253,08/09/2021 11:04:37,18.27,1457.92,,
4254,08/09/2021 11:14:37,18.79,1360.00,,
4255,08/09/2021 11:24:37,19.00,1246.40,,
4256,08/09/2021 11:34:37,19.26,1231.68,,
4257,08/09/2021 11:44:37,19.35,1262.72,,
4258,08/09/2021 11:54:37,19.43,1125.76,,
4259,08/09/2021 12:04:37,19.56,1085.76,,
4260,08/09/2021 12:14:37,19.69,1065.92,,
4261,08/09/2021 12:24:37,19.69,1061.76,,
4262,08/09/2021 12:34:37,19.82,1077.12,,
4263,08/09/2021 12:44:37,19.90,1083.84,,
4264,08/09/2021 12:54:37,19.99,1091.52,,
4265,08/09/2021 13:04:37,20.16,1112.96,,
4266,08/09/2021 13:14:37,20.33,1143.68,,
4267,08/09/2021 13:24:37,20.63,1185.60,,
4268,08/09/2021 13:34:37,20.85,1193.28,,
4269,08/09/2021 13:44:37,20.93,1208.00,,
4270,08/09/2021 13:54:37,21.15,1259.20,,
4271,08/09/2021 14:04:37,21.49,1287.36,,
4272,08/09/2021 14:14:37,21.75,1272.96,,
4273,08/09/2021 14:24:37,21.83,1315.20,,
4274,08/09/2021 14:34:37,22.09,1377.92,,
4275,08/09/2021 14:44:37,22.48,1370.88,,
4276,08/09/2021 14:54:37,22.48,1459.84,,
4277,08/09/2021 15:04:37,22.56,1514.88,,
4278,08/09/2021 15:14:37,22.82,1541.76,,
4279,08/09/2021 15:24:37,22.61,1632.64,,
4280,08/09/2021 15:34:37,22.52,1674.24,,
4281,08/09/2021 15:44:37,22.52,1745.28,,
4282,08/09/2021 15:54:37,22.26,1752.96,,
4283,08/09/2021 16:04:37,22.22,1895.68,,
4284,08/09/2021 16:14:37,22.09,1926.40,,
4285,08/09/2021 16:24:37,21.96,1978.24,,
4286,08/09/2021 16:34:37,21.70,2097.92,,
4287,08/09/2021 16:44:37,21.62,2207.36,,
4288,08/09/2021 16:54:37,21.70,2268.80,,
4289,08/09/2021 17:04:37,21.62,2468.48,,
4290,08/09/2021 17:14:37,21.66,2557.44,,
4291,08/09/2021 17:24:37,21.53,2595.20,,
4292,08/09/2021 17:34:37,21.28,2766.08,,
4293,08/09/2021 17:44:37,21.28,2818.56,,
4294,08/09/2021 17:54:37,21.15,3004.16,,
4295,08/09/2021 18:04:37,21.15,3225.60,,
4296,08/09/2021 18:14:37,21.28,3225.60,,
4297,08/09/2021 18:24:37,21.32,3203.84,,
4298,08/09/2021 18:34:37,21.19,3525.12,,
4299,08/09/2021 18:44:37,21.06,3603.20,,
4300,08/09/2021 18:54:37,19.56,3367.68,,
4301,08/09/2021 19:04:37,19.09,3057.92,,
4302,08/09/2021 19:14:37,18.74,2746.88,,
4303,08/09/2021 19:24:37,18.36,2231.04,,
4304,08/09/2021 19:34:37,17.84,1717.12,,
4305,08/09/2021 19:44:37,17.20,553.12,,
4306,08/09/2021 19:54:37,16.77,161.68,,
4307,08/09/2021 20:04:37,16.64,84.72,,
4308,08/09/2021 20:14:37,16.08,33.12,,
4309,08/09/2021 20:24:37,15.70,8.81,,
4310,08/09/2021 20:34:37,15.23,1.06,,
4311,08/09/2021 20:44:37,15.18,0.00,,
4312,08/09/2021 20:54:37,14.80,0.00,,
4313,08/09/2021 21:04:37,14.41,0.00,,
4314,08/09/2021 21:14:37,13.98,0.00,,
4315,08/09/2021 21:24:37,13.98,0.00,,
4316,08/09/2021 21:34:37,13.85,0.00,,
4317,08/09/2021 21:44:37,13.64,0.00,,
4318,08/09/2021 21:54:37,13.51,0.00,,
4319,08/09/2021 22:04:37,13.60,0.00,,
4320,08/09/2021 22:14:37,13.47,0.00,,
4321,08/09/2021 22:24:37,13.34,0.00,,
4322,08/09/2021 22:34:37,13.21,0.00,,
4323,08/09/2021 22:44:37,13.38,0.00,,
4324,08/09/2021 22:54:37,13.34,0.00,,
4325,08/09/2021 23:04:37,13.34,0.00,,
4326,08/09/2021 23:14:37,13.34,0.00,,
4327,08/09/2021 23:24:37,13.25,0.00,,
4328,08/09/2021 23:34:37,13.30,0.00,,
4329,08/09/2021 23:44:37,13.17,0.00,,
4330,08/09/2021 23:54:37,13.12,0.00,,
4331,08/10/2021 00:04:37,13.08,0.00,,
4332,08/10/2021 00:14:37,13.17,0.00,,
4333,08/10/2021 00:24:37,13.30,0.00,,
4334,08/10/2021 00:34:37,13.51,0.00,,
4335,08/10/2021 00:44:37,13.55,0.00,,
4336,08/10/2021 00:54:37,13.51,0.00,,
4337,08/10/2021 01:04:37,13.64,0.00,,
4338,08/10/2021 01:14:37,13.73,0.00,,
4339,08/10/2021 01:24:37,14.03,0.00,,
4340,08/10/2021 01:34:37,14.11,0.00,,
4341,08/10/2021 01:44:37,14.15,0.00,,
4342,08/10/2021 01:54:37,14.11,0.00,,
4343,08/10/2021 02:04:37,14.28,0.00,,
4344,08/10/2021 02:14:37,14.28,0.00,,
4345,08/10/2021 02:24:37,14.37,0.00,,
4346,08/10/2021 02:34:37,14.80,0.00,,
4347,08/10/2021 02:44:37,14.71,0.00,,
4348,08/10/2021 02:54:37,14.75,0.00,,
4349,08/10/2021 03:04:37,14.71,0.00,,
4350,08/10/2021 03:14:37,14.80,0.00,,
4351,08/10/2021 03:24:37,14.80,0.00,,
4352,08/10/2021 03:34:37,14.67,0.00,,
4353,08/10/2021 03:44:37,14.58,0.00,,
4354,08/10/2021 03:54:37,14.45,0.00,,
4355,08/10/2021 04:04:37,14.50,0.00,,
4356,08/10/2021 04:14:37,14.50,0.00,,
4357,08/10/2021 04:24:37,14.63,0.00,,
4358,08/10/2021 04:34:37,14.63,0.00,,
4359,08/10/2021 04:44:37,14.58,0.00,,
4360,08/10/2021 04:54:37,14.50,0.00,,
4361,08/10/2021 05:04:37,14.45,0.00,,
4362,08/10/2021 05:14:37,14.45,0.00,,
4363,08/10/2021 05:24:37,14.33,0.00,,
4364,08/10/2021 05:34:37,14.37,0.00,,
4365,08/10/2021 05:44:37,14.37,0.00,,
4366,08/10/2021 05:54:37,14.37,0.00,,
4367,08/10/2021 06:04:37,14.33,0.00,,
4368,08/10/2021 06:14:37,14.11,3.41,,
4369,08/10/2021 06:24:37,14.24,11.78,,
4370,08/10/2021 06:34:37,14.24,24.71,,
4371,08/10/2021 06:44:37,14.33,45.54,,
4372,08/10/2021 06:54:37,14.33,70.94,,
4373,08/10/2021 07:04:37,14.37,99.36,,
4374,08/10/2021 07:14:37,14.33,140.28,,
4375,08/10/2021 07:24:37,14.33,191.92,,
4376,08/10/2021 07:34:37,14.45,241.68,,
4377,08/10/2021 07:44:37,14.54,332.96,,
4378,08/10/2021 07:54:37,14.63,403.52,,
4379,08/10/2021 08:04:37,14.97,532.48,,
4380,08/10/2021 08:14:37,14.97,731.20,,
4381,08/10/2021 08:24:37,15.14,985.60,,
4382,08/10/2021 08:34:37,15.61,2253.44,,
4383,08/10/2021 08:44:37,16.00,1890.56,,
4384,08/10/2021 08:54:37,16.13,1863.68,,
4385,08/10/2021 09:04:37,16.39,1851.52,,
4386,08/10/2021 09:14:37,16.69,1912.96,,
4387,08/10/2021 09:24:37,16.81,2072.32,,
4388,08/10/2021 09:34:37,17.03,1822.08,,
4389,08/10/2021 09:44:37,17.20,1690.88,,
4390,08/10/2021 09:54:37,17.46,1637.12,,
4391,08/10/2021 10:04:37,17.89,1585.28,,
4392,08/10/2021 10:14:37,18.06,1541.12,,
4393,08/10/2021 10:24:37,18.27,1520.64,,
4394,08/10/2021 10:34:37,18.53,1494.40,,
4395,08/10/2021 10:44:37,19.00,1564.80,,
4396,08/10/2021 10:54:37,19.22,1572.48,,
4397,08/10/2021 11:04:37,19.65,1416.96,,
4398,08/10/2021 11:14:37,20.25,1377.28,,
4399,08/10/2021 11:24:37,20.59,1317.76,,
4400,08/10/2021 11:34:37,20.89,1205.44,,
4401,08/10/2021 11:44:37,21.06,1134.40,,
4402,08/10/2021 11:54:37,21.36,1087.36,,
4403,08/10/2021 12:04:37,21.70,1054.72,,
4404,08/10/2021 12:14:37,22.18,1041.28,,
4405,08/10/2021 12:24:37,22.18,1066.88,,
4406,08/10/2021 12:34:37,22.13,1121.60,,
4407,08/10/2021 12:44:37,22.09,1065.92,,
4408,08/10/2021 12:54:37,21.66,1067.52,,
4409,08/10/2021 13:04:37,21.28,1171.84,,
4410,08/10/2021 13:14:37,20.50,1248.00,,
4411,08/10/2021 13:24:37,20.20,1139.52,,
4412,08/10/2021 13:34:37,20.33,1110.40,,
4413,08/10/2021 13:44:37,20.59,1174.40,,
4414,08/10/2021 13:54:37,20.50,1143.04,,
4415,08/10/2021 14:04:37,20.37,1153.92,,
4416,08/10/2021 14:14:37,19.95,1193.28,,
4417,08/10/2021 14:24:37,19.90,1294.08,,
4418,08/10/2021 14:34:37,19.99,1347.84,,
4419,08/10/2021 14:44:37,19.95,1428.48,,
4420,08/10/2021 14:54:37,19.99,1416.96,,
4421,08/10/2021 15:04:37,19.82,1443.84,,
4422,08/10/2021 15:14:37,19.77,1445.12,,
4423,08/10/2021 15:24:37,19.95,1594.24,,
4424,08/10/2021 15:34:37,19.47,1601.28,,
4425,08/10/2021 15:44:37,19.22,1803.52,,
4426,08/10/2021 15:54:37,19.13,1801.60,,
4427,08/10/2021 16:04:37,19.17,1822.08,,
4428,08/10/2021 16:14:37,19.17,1928.32,,
4429,08/10/2021 16:24:37,18.96,2135.04,,
4430,08/10/2021 16:34:37,18.70,2172.80,,
4431,08/10/2021 16:44:37,18.66,2332.16,,
4432,08/10/2021 16:54:37,18.57,2337.28,,
4433,08/10/2021 17:04:37,18.66,2383.36,,
4434,08/10/2021 17:14:37,18.92,2659.84,,
4435,08/10/2021 17:24:37,18.70,2760.96,,
4436,08/10/2021 17:34:37,18.57,2882.56,,
4437,08/10/2021 17:44:37,18.92,2974.72,,
4438,08/10/2021 17:54:37,18.79,2969.60,,
4439,08/10/2021 18:04:37,18.74,3041.28,,
4440,08/10/2021 18:14:37,18.74,3114.24,,
4441,08/10/2021 18:24:37,18.57,3311.36,,
4442,08/10/2021 18:34:37,18.40,3169.28,,
4443,08/10/2021 18:44:37,18.10,3080.96,,
4444,08/10/2021 18:54:37,18.14,2954.24,,
4445,08/10/2021 19:04:37,17.67,2709.76,,
4446,08/10/2021 19:14:37,17.63,2436.48,,
4447,08/10/2021 19:24:37,17.50,2022.40,,
4448,08/10/2021 19:34:37,17.16,1327.36,,
4449,08/10/2021 19:44:37,16.26,218.40,,
4450,08/10/2021 19:54:37,16.00,130.68,,
4451,08/10/2021 20:04:37,15.96,65.82,,
4452,08/10/2021 20:14:37,15.83,23.67,,
4453,08/10/2021 20:24:37,15.78,4.94,,
4454,08/10/2021 20:34:37,15.66,0.21,,
4455,08/10/2021 20:44:37,15.44,0.00,,
4456,08/10/2021 20:54:37,15.31,0.00,,
4457,08/10/2021 21:04:37,15.23,0.00,,
4458,08/10/2021 21:14:37,15.36,0.00,,
4459,08/10/2021 21:24:37,15.31,0.00,,
4460,08/10/2021 21:34:37,15.18,0.00,,
4461,08/10/2021 21:44:37,15.23,0.00,,
4462,08/10/2021 21:54:37,15.06,0.00,,
4463,08/10/2021 22:04:37,15.01,0.00,,
4464,08/10/2021 22:14:37,15.23,0.00,,
4465,08/10/2021 22:24:37,15.27,0.00,,
4466,08/10/2021 22:34:37,14.93,0.00,,
4467,08/10/2021 22:44:37,14.80,0.00,,
4468,08/10/2021 22:54:37,14.75,0.00,,
4469,08/10/2021 23:04:37,14.58,0.00,,
4470,08/10/2021 23:14:37,14.37,0.00,,
4471,08/10/2021 23:24:37,14.37,0.00,,
4472,08/10/2021 23:34:37,14.15,0.00,,
4473,08/10/2021 23:44:37,14.20,0.00,,
4474,08/10/2021 23:54:37,14.20,0.00,,
4475,08/11/2021 00:04:37,14.45,0.00,,
4476,08/11/2021 00:14:37,14.33,0.00,,
4477,08/11/2021 00:24:37,14.15,0.00,,
4478,08/11/2021 00:34:37,13.98,0.00,,
4479,08/11/2021 00:44:37,14.15,0.00,,
4480,08/11/2021 00:54:37,14.20,0.00,,
4481,08/11/2021 01:04:37,14.15,0.00,,
4482,08/11/2021 01:14:37,14.24,0.00,,
4483,08/11/2021 01:24:37,14.20,0.00,,
4484,08/11/2021 01:34:37,14.20,0.00,,
4485,08/11/2021 01:44:37,14.28,0.00,,
4486,08/11/2021 01:54:37,14.33,0.00,,
4487,08/11/2021 02:04:37,14.75,0.00,,
4488,08/11/2021 02:14:37,14.67,0.00,,
4489,08/11/2021 02:24:37,14.63,0.00,,
4490,08/11/2021 02:34:37,14.45,0.00,,
4491,08/11/2021 02:44:37,14.33,0.00,,
4492,08/11/2021 02:54:37,14.20,0.00,,
4493,08/11/2021 03:04:37,14.03,0.00,,
4494,08/11/2021 03:14:37,13.90,0.00,,
4495,08/11/2021 03:24:37,13.85,0.00,,
4496,08/11/2021 03:34:37,13.85,0.00,,
4497,08/11/2021 03:44:37,13.90,0.00,,
4498,08/11/2021 03:54:37,13.81,0.00,,
4499,08/11/2021 04:04:37,13.85,0.00,,
4500,08/11/2021 04:14:37,13.94,0.00,,
4501,08/11/2021 04:24:37,13.85,0.00,,
4502,08/11/2021 04:34:37,13.98,0.00,,
4503,08/11/2021 04:44:37,14.11,0.00,,
4504,08/11/2021 04:54:37,14.15,0.00,,
4505,08/11/2021 05:04:37,14.03,0.00,,
4506,08/11/2021 05:14:37,14.03,0.00,,
4507,08/11/2021 05:24:37,13.90,0.00,,
4508,08/11/2021 05:34:37,13.85,0.00,,
4509,08/11/2021 05:44:37,13.60,0.00,,
4510,08/11/2021 05:54:37,13.60,0.00,,
4511,08/11/2021 06:04:37,13.64,0.00,,
4512,08/11/2021 06:14:37,13.68,2.13,,
4513,08/11/2021 06:24:37,13.77,10.04,,
4514,08/11/2021 06:34:37,13.85,21.48,,
4515,08/11/2021 06:44:37,13.81,37.18,,
4516,08/11/2021 06:54:37,13.81,59.12,,
4517,08/11/2021 07:04:37,13.85,84.72,,
4518,08/11/2021 07:14:37,14.03,122.12,,
4519,08/11/2021 07:24:37,13.94,166.00,,
4520,08/11/2021 07:34:37,14.03,212.40,,
4521,08/11/2021 07:44:37,13.90,258.16,,
4522,08/11/2021 07:54:37,14.03,302.80,,
4523,08/11/2021 08:04:37,14.20,354.56,,
4524,08/11/2021 08:14:37,14.28,396.64,,
4525,08/11/2021 08:24:37,14.33,434.40,,
4526,08/11/2021 08:34:37,14.41,549.60,,
4527,08/11/2021 08:44:37,14.58,771.84,,
4528,08/11/2021 08:54:37,14.75,1072.00,,
4529,08/11/2021 09:04:37,15.06,1784.96,,
4530,08/11/2021 09:14:37,15.23,1832.96,,
4531,08/11/2021 09:24:37,15.48,2010.24,,
4532,08/11/2021 09:34:37,15.66,1928.32,,
4533,08/11/2021 09:44:37,16.04,1701.76,,
4534,08/11/2021 09:54:37,16.43,1650.56,,
4535,08/11/2021 10:04:37,16.86,1597.44,,
4536,08/11/2021 10:14:37,17.07,1552.00,,
4537,08/11/2021 10:24:37,17.29,1528.32,,
4538,08/11/2021 10:34:37,17.67,1477.76,,
4539,08/11/2021 10:44:37,17.72,1443.84,,
4540,08/11/2021 10:54:37,17.63,1510.40,,
4541,08/11/2021 11:04:37,17.63,1472.00,,
4542,08/11/2021 11:14:37,17.72,1360.64,,
4543,08/11/2021 11:24:37,17.93,1358.08,,
4544,08/11/2021 11:34:37,18.14,1269.44,,
4545,08/11/2021 11:44:37,18.57,1271.04,,
4546,08/11/2021 11:54:37,19.00,1215.68,,
4547,08/11/2021 12:04:37,19.00,1162.56,,
4548,08/11/2021 12:14:37,19.00,1214.72,,
4549,08/11/2021 12:24:37,19.00,1151.36,,
4550,08/11/2021 12:34:37,19.35,1171.20,,
4551,08/11/2021 12:44:37,19.30,1117.12,,
4552,08/11/2021 12:54:37,19.13,1230.08,,
4553,08/11/2021 13:04:37,19.05,1216.32,,
4554,08/11/2021 13:14:37,19.00,1213.12,,
4555,08/11/2021 13:24:37,18.87,1255.04,,
4556,08/11/2021 13:34:37,18.74,1240.32,,
4557,08/11/2021 13:44:37,18.32,1244.48,,
4558,08/11/2021 13:54:37,17.93,1335.04,,
4559,08/11/2021 14:04:37,17.84,1322.88,,
4560,08/11/2021 14:14:37,17.76,1292.48,,
4561,08/11/2021 14:24:37,17.89,1267.84,,
4562,08/11/2021 14:34:37,17.80,1335.04,,
4563,08/11/2021 14:44:37,18.02,1513.60,,
4564,08/11/2021 14:54:37,17.97,1444.48,,
4565,08/11/2021 15:04:37,18.10,1536.00,,
4566,08/11/2021 15:14:37,18.10,1589.12,,
4567,08/11/2021 15:24:37,18.10,1729.92,,
4568,08/11/2021 15:34:37,18.10,1749.12,,
4569,08/11/2021 15:44:37,17.97,1816.96,,
4570,08/11/2021 15:54:37,17.97,1890.56,,
4571,08/11/2021 16:04:37,17.80,1931.52,,
4572,08/11/2021 16:14:37,17.76,2068.48,,
4573,08/11/2021 16:24:37,17.72,2040.96,,
4574,08/11/2021 16:34:37,17.54,2395.52,,
4575,08/11/2021 16:44:37,17.46,2282.24,,
4576,08/11/2021 16:54:37,17.37,2400.64,,
4577,08/11/2021 17:04:37,17.29,2659.84,,
4578,08/11/2021 17:14:37,17.03,2862.08,,
4579,08/11/2021 17:24:37,16.73,1602.56,,
4580,08/11/2021 17:34:37,16.47,1002.56,,
4581,08/11/2021 17:44:37,16.26,729.92,,
4582,08/11/2021 17:54:37,16.17,643.20,,
4583,08/11/2021 18:04:37,16.13,503.20,,
4584,08/11/2021 18:14:37,16.04,389.60,,
4585,08/11/2021 18:24:37,15.83,305.28,,
4586,08/11/2021 18:34:37,15.91,344.00,,
4587,08/11/2021 18:44:37,15.74,287.44,,
4588,08/11/2021 18:54:37,15.70,286.56,,
4589,08/11/2021 19:04:37,15.61,169.44,,
4590,08/11/2021 19:14:37,15.61,112.20,,
4591,08/11/2021 19:24:37,15.44,85.16,,
4592,08/11/2021 19:34:37,15.40,55.64,,
4593,08/11/2021 19:44:37,15.31,34.19,,
4594,08/11/2021 19:54:37,15.27,19.28,,
4595,08/11/2021 20:04:37,15.14,7.93,,
4596,08/11/2021 20:14:37,15.27,2.35,,
4597,08/11/2021 20:24:37,15.18,0.00,,
4598,08/11/2021 20:34:37,15.18,0.00,,
4599,08/11/2021 20:44:37,15.18,0.00,,
4600,08/11/2021 20:54:37,15.10,0.00,,
4601,08/11/2021 21:04:37,15.01,0.00,,
4602,08/11/2021 21:14:37,15.01,0.00,,
4603,08/11/2021 21:24:37,14.93,0.00,,
4604,08/11/2021 21:34:37,14.88,0.00,,
4605,08/11/2021 21:44:37,14.71,0.00,,
4606,08/11/2021 21:54:37,14.75,0.00,,
4607,08/11/2021 22:04:37,14.58,0.00,,
4608,08/11/2021 22:14:37,14.75,0.00,,
4609,08/11/2021 22:24:37,14.71,0.00,,
4610,08/11/2021 22:34:37,14.71,0.00,,
4611,08/11/2021 22:44:37,14.67,0.00,,
4612,08/11/2021 22:54:37,14.80,0.00,,
4613,08/11/2021 23:04:37,14.67,0.00,,
4614,08/11/2021 23:14:37,14.45,0.00,,
4615,08/11/2021 23:24:37,14.54,0.00,,
4616,08/11/2021 23:34:37,14.58,0.00,,
4617,08/11/2021 23:44:37,14.67,0.00,,
4618,08/11/2021 23:54:37,14.63,0.00,,
4619,08/12/2021 00:04:37,14.58,0.00,,
4620,08/12/2021 00:14:37,14.71,0.00,,
4621,08/12/2021 00:24:37,14.63,0.00,,
4622,08/12/2021 00:34:37,14.54,0.00,,
4623,08/12/2021 00:44:37,14.50,0.00,,
4624,08/12/2021 00:54:37,14.41,0.00,,
4625,08/12/2021 01:04:37,14.58,0.00,,
4626,08/12/2021 01:14:37,14.58,0.00,,
4627,08/12/2021 01:24:37,14.37,0.00,,
4628,08/12/2021 01:34:37,14.41,0.00,,
4629,08/12/2021 01:44:37,14.67,0.00,,
4630,08/12/2021 01:54:37,14.63,0.00,,
4631,08/12/2021 02:04:37,14.71,0.00,,
4632,08/12/2021 02:14:37,14.33,0.00,,
4633,08/12/2021 02:24:37,14.24,0.00,,
4634,08/12/2021 02:34:37,14.45,0.00,,
4635,08/12/2021 02:44:37,14.50,0.00,,
4636,08/12/2021 02:54:37,14.20,0.00,,
4637,08/12/2021 03:04:37,14.41,0.00,,
4638,08/12/2021 03:14:37,14.24,0.00,,
4639,08/12/2021 03:24:37,14.20,0.00,,
4640,08/12/2021 03:34:37,14.45,0.00,,
4641,08/12/2021 03:44:37,14.54,0.00,,
4642,08/12/2021 03:54:37,14.24,0.00,,
4643,08/12/2021 04:04:37,14.41,0.00,,
4644,08/12/2021 04:14:37,14.24,0.00,,
4645,08/12/2021 04:24:37,14.20,0.00,,
4646,08/12/2021 04:34:37,14.15,0.00,,
4647,08/12/2021 04:44:37,14.11,0.00,,
4648,08/12/2021 04:54:37,13.90,0.00,,
4649,08/12/2021 05:04:37,13.81,0.00,,
4650,08/12/2021 05:14:37,13.81,0.00,,
4651,08/12/2021 05:24:37,14.15,0.00,,
4652,08/12/2021 05:34:37,14.03,0.00,,
4653,08/12/2021 05:44:37,14.07,0.00,,
4654,08/12/2021 05:54:37,13.90,0.00,,
4655,08/12/2021 06:04:37,13.98,0.00,,
4656,08/12/2021 06:14:37,13.98,0.85,,
4657,08/12/2021 06:24:37,13.98,4.27,,
4658,08/12/2021 06:34:37,13.81,9.45,,
4659,08/12/2021 06:44:37,13.98,22.36,,
4660,08/12/2021 06:54:37,14.11,35.07,,
4661,08/12/2021 07:04:37,14.24,47.52,,
4662,08/12/2021 07:14:37,14.45,44.92,,
4663,08/12/2021 07:24:37,13.98,57.20,,
4664,08/12/2021 07:34:37,14.20,186.64,,
4665,08/12/2021 07:44:37,14.24,126.52,,
4666,08/12/2021 07:54:37,14.37,205.60,,
4667,08/12/2021 08:04:37,14.37,241.68,,
4668,08/12/2021 08:14:37,14.63,301.12,,
4669,08/12/2021 08:24:37,14.80,420.80,,
4670,08/12/2021 08:34:37,14.93,673.60,,
4671,08/12/2021 08:44:37,15.14,512.00,,
4672,08/12/2021 08:54:37,14.84,574.88,,
4673,08/12/2021 09:04:37,14.84,959.04,,
4674,08/12/2021 09:14:37,15.10,1287.36,,
4675,08/12/2021 09:24:37,15.14,1319.04,,
4676,08/12/2021 09:34:37,15.66,1909.76,,
4677,08/12/2021 09:44:37,15.91,1793.28,,
4678,08/12/2021 09:54:37,16.17,1437.44,,
4679,08/12/2021 10:04:37,16.56,1243.84,,
4680,08/12/2021 10:14:37,16.69,1617.92,,
4681,08/12/2021 10:24:37,16.60,1675.52,,
4682,08/12/2021 10:34:37,16.77,1781.12,,
4683,08/12/2021 10:44:37,16.86,1741.44,,
4684,08/12/2021 10:54:37,17.03,1769.60,,
4685,08/12/2021 11:04:37,17.07,1894.40,,
4686,08/12/2021 11:14:37,17.67,1905.92,,
4687,08/12/2021 11:24:37,17.54,1808.64,,
4688,08/12/2021 11:34:37,17.41,1853.44,,
4689,08/12/2021 11:44:37,17.46,1769.60,,
4690,08/12/2021 11:54:37,17.24,1761.92,,
4691,08/12/2021 12:04:37,17.07,1713.92,,
4692,08/12/2021 12:14:37,16.90,1742.08,,
4693,08/12/2021 12:24:37,16.90,1800.32,,
4694,08/12/2021 12:34:37,16.99,1671.04,,
4695,08/12/2021 12:44:37,17.07,1827.84,,
4696,08/12/2021 12:54:37,16.94,1319.68,,
4697,08/12/2021 13:04:37,16.90,1918.08,,
4698,08/12/2021 13:14:37,16.86,1904.64,,
4699,08/12/2021 13:24:37,17.20,1923.20,,
4700,08/12/2021 13:34:37,17.67,2032.64,,
4701,08/12/2021 13:44:37,17.76,2010.24,,
4702,08/12/2021 13:54:37,18.40,1969.28,,
4703,08/12/2021 14:04:37,18.62,2118.40,,
4704,08/12/2021 14:14:37,18.57,1836.16,,
4705,08/12/2021 14:24:37,18.49,1769.60,,
4706,08/12/2021 14:34:37,18.06,1849.60,,
4707,08/12/2021 14:44:37,17.97,2327.04,,
4708,08/12/2021 14:54:37,18.06,1938.56,,
4709,08/12/2021 15:04:37,18.06,1912.96,,
4710,08/12/2021 15:14:37,17.41,1536.00,,
4711,08/12/2021 15:24:37,17.50,2118.40,,
4712,08/12/2021 15:34:37,17.29,1603.84,,
4713,08/12/2021 15:44:37,17.07,1464.96,,
4714,08/12/2021 15:54:37,17.11,2032.64,,
4715,08/12/2021 16:04:37,16.81,1195.84,,
4716,08/12/2021 16:14:37,16.64,905.28,,
4717,08/12/2021 16:24:37,16.73,786.24,,
4718,08/12/2021 16:34:37,16.64,806.08,,
4719,08/12/2021 16:44:37,16.64,688.00,,
4720,08/12/2021 16:54:37,16.34,640.64,,
4721,08/12/2021 17:04:37,16.39,552.16,,
4722,08/12/2021 17:14:37,16.30,598.88,,
4723,08/12/2021 17:24:37,16.13,484.16,,
4724,08/12/2021 17:34:37,16.00,489.44,,
4725,08/12/2021 17:44:37,16.00,586.88,,
4726,08/12/2021 17:54:37,15.78,417.92,,
4727,08/12/2021 18:04:37,15.74,306.24,,
4728,08/12/2021 18:14:37,15.48,463.68,,
4729,08/12/2021 18:24:37,15.61,265.84,,
4730,08/12/2021 18:34:37,15.66,218.64,,
4731,08/12/2021 18:44:37,15.53,199.52,,
4732,08/12/2021 18:54:37,15.61,167.76,,
4733,08/12/2021 19:04:37,15.36,157.52,,
4734,08/12/2021 19:14:37,15.40,117.00,,
4735,08/12/2021 19:24:37,15.40,96.76,,
4736,08/12/2021 19:34:37,15.36,63.20,,
4737,08/12/2021 19:44:37,15.27,41.70,,
4738,08/12/2021 19:54:37,15.27,18.70,,
4739,08/12/2021 20:04:37,15.18,8.36,,
4740,08/12/2021 20:14:37,15.01,2.56,,
4741,08/12/2021 20:24:37,14.93,0.00,,
4742,08/12/2021 20:34:37,14.88,0.00,,
4743,08/12/2021 20:44:37,14.88,0.00,,
4744,08/12/2021 20:54:37,14.88,0.00,,
4745,08/12/2021 21:04:37,14.88,0.00,,
4746,08/12/2021 21:14:37,14.75,0.00,,
4747,08/12/2021 21:24:37,14.97,0.00,,
4748,08/12/2021 21:34:37,14.97,0.00,,
4749,08/12/2021 21:44:37,15.06,0.00,,
4750,08/12/2021 21:54:37,14.97,0.00,,
4751,08/12/2021 22:04:37,14.93,0.00,,
4752,08/12/2021 22:14:37,14.84,0.00,,
4753,08/12/2021 22:24:37,14.80,0.00,,
4754,08/12/2021 22:34:37,14.84,0.00,,
4755,08/12/2021 22:44:37,14.93,0.00,,
4756,08/12/2021 22:54:37,14.71,0.00,,
4757,08/12/2021 23:04:37,14.75,0.00,,
4758,08/12/2021 23:14:37,14.67,0.00,,
4759,08/12/2021 23:24:37,14.80,0.00,,
4760,08/12/2021 23:34:37,14.67,0.00,,
4761,08/12/2021 23:44:37,14.67,0.00,,
4762,08/12/2021 23:54:37,14.84,0.00,,
4763,08/13/2021 00:04:37,14.71,0.00,,
4764,08/13/2021 00:14:37,14.88,0.00,,
4765,08/13/2021 00:24:37,14.88,0.00,,
4766,08/13/2021 00:34:37,14.84,0.00,,
4767,08/13/2021 00:44:37,14.71,0.00,,
4768,08/13/2021 00:54:37,14.88,0.00,,
4769,08/13/2021 01:04:37,14.80,0.00,,
4770,08/13/2021 01:14:37,14.75,0.00,,
4771,08/13/2021 01:24:37,14.88,0.00,,
4772,08/13/2021 01:34:37,14.71,0.00,,
4773,08/13/2021 01:44:37,14.75,0.00,,
4774,08/13/2021 01:54:37,14.71,0.00,,
4775,08/13/2021 02:04:37,14.71,0.00,,
4776,08/13/2021 02:14:37,14.75,0.00,,
4777,08/13/2021 02:24:37,14.80,0.00,,
4778,08/13/2021 02:34:37,14.80,0.00,,
4779,08/13/2021 02:44:37,14.58,0.00,,
4780,08/13/2021 02:54:37,14.75,0.00,,
4781,08/13/2021 03:04:37,14.71,0.00,,
4782,08/13/2021 03:14:37,14.80,0.00,,
4783,08/13/2021 03:24:37,14.71,0.00,,
4784,08/13/2021 03:34:37,14.75,0.00,,
4785,08/13/2021 03:44:37,14.75,0.00,,
4786,08/13/2021 03:54:37,14.71,0.00,,
4787,08/13/2021 04:04:37,14.33,0.00,,
4788,08/13/2021 04:14:37,14.54,0.00,,
4789,08/13/2021 04:24:37,14.54,0.00,,
4790,08/13/2021 04:34:37,14.54,0.00,,
4791,08/13/2021 04:44:37,14.50,0.00,,
4792,08/13/2021 04:54:37,14.37,0.00,,
4793,08/13/2021 05:04:37,14.33,0.00,,
4794,08/13/2021 05:14:37,14.15,0.00,,
4795,08/13/2021 05:24:37,14.20,0.00,,
4796,08/13/2021 05:34:37,14.07,0.00,,
4797,08/13/2021 05:44:37,14.24,0.00,,
4798,08/13/2021 05:54:37,14.37,0.00,,
4799,08/13/2021 06:04:37,14.28,0.00,,
4800,08/13/2021 06:14:37,14.20,0.64,,
4801,08/13/2021 06:24:37,14.07,6.41,,
4802,08/13/2021 06:34:37,14.11,15.68,,
4803,08/13/2021 06:44:37,14.03,27.30,,
4804,08/13/2021 06:54:37,14.15,45.54,,
4805,08/13/2021 07:04:37,14.11,50.92,,
4806,08/13/2021 07:14:37,14.07,84.28,,
4807,08/13/2021 07:24:37,13.98,117.84,,
4808,08/13/2021 07:34:37,13.98,149.72,,
4809,08/13/2021 07:44:37,14.11,139.32,,
4810,08/13/2021 07:54:37,14.11,217.76,,
4811,08/13/2021 08:04:37,14.11,223.76,,
4812,08/13/2021 08:14:37,14.24,352.00,,
4813,08/13/2021 08:24:37,14.28,311.36,,
4814,08/13/2021 08:34:37,14.15,337.12,,
4815,08/13/2021 08:44:37,14.28,473.12,,
4816,08/13/2021 08:54:37,14.50,566.72,,
4817,08/13/2021 09:04:37,14.41,564.16,,
4818,08/13/2021 09:14:37,14.54,734.72,,
4819,08/13/2021 09:24:37,14.63,872.64,,
4820,08/13/2021 09:34:37,14.67,741.44,,
4821,08/13/2021 09:44:37,14.84,821.44,,
4822,08/13/2021 09:54:37,15.01,962.56,,
4823,08/13/2021 10:04:37,15.36,1776.00,,
4824,08/13/2021 10:14:37,15.36,1300.16,,
4825,08/13/2021 10:24:37,15.31,1439.36,,
4826,08/13/2021 10:34:37,15.36,1113.92,,
4827,08/13/2021 10:44:37,15.53,1257.60,,
4828,08/13/2021 10:54:37,15.44,1285.76,,
4829,08/13/2021 11:04:37,15.74,1890.56,,
4830,08/13/2021 11:14:37,16.04,1993.60,,
4831,08/13/2021 11:24:37,16.13,1357.44,,
4832,08/13/2021 11:34:37,16.21,1765.12,,
4833,08/13/2021 11:44:37,16.17,1615.36,,
4834,08/13/2021 11:54:37,16.00,1666.56,,
4835,08/13/2021 12:04:37,15.87,1598.72,,
4836,08/13/2021 12:14:37,15.61,872.32,,
4837,08/13/2021 12:24:37,15.91,1689.60,,
4838,08/13/2021 12:34:37,16.08,1806.72,,
4839,08/13/2021 12:44:37,16.08,2119.68,,
4840,08/13/2021 12:54:37,16.13,1810.56,,
4841,08/13/2021 13:04:37,16.08,1710.72,,
4842,08/13/2021 13:14:37,16.00,1587.20,,
4843,08/13/2021 13:24:37,16.21,1502.08,,
4844,08/13/2021 13:34:37,16.17,1449.60,,
4845,08/13/2021 13:44:37,16.34,1207.04,,
4846,08/13/2021 13:54:37,16.21,1218.88,,
4847,08/13/2021 14:04:37,16.56,1365.12,,
4848,08/13/2021 14:14:37,16.47,1237.76,,
4849,08/13/2021 14:24:37,16.51,1295.04,,
4850,08/13/2021 14:34:37,16.34,1057.28,,
4851,08/13/2021 14:44:37,16.51,1488.00,,
4852,08/13/2021 14:54:37,16.51,1485.44,,
4853,08/13/2021 15:04:37,16.64,1362.56,,
4854,08/13/2021 15:14:37,16.90,1662.72,,
4855,08/13/2021 15:24:37,16.90,1863.68,,
4856,08/13/2021 15:34:37,16.99,2075.52,,
4857,08/13/2021 15:44:37,17.20,2186.88,,
4858,08/13/2021 15:54:37,17.29,1923.20,,
4859,08/13/2021 16:04:37,17.37,1685.76,,
4860,08/13/2021 16:14:37,17.37,2750.72,,
4861,08/13/2021 16:24:37,17.24,1736.96,,
4862,08/13/2021 16:34:37,16.99,1283.84,,
4863,08/13/2021 16:44:37,16.86,975.36,,
4864,08/13/2021 16:54:37,16.86,1080.32,,
4865,08/13/2021 17:04:37,16.51,485.92,,
4866,08/13/2021 17:14:37,16.47,366.40,,
4867,08/13/2021 17:24:37,16.51,410.24,,
4868,08/13/2021 17:34:37,16.30,295.84,,
4869,08/13/2021 17:44:37,16.34,251.12,,
4870,08/13/2021 17:54:37,16.64,341.44,,
4871,08/13/2021 18:04:37,16.64,342.40,,
4872,08/13/2021 18:14:37,16.73,390.40,,
4873,08/13/2021 18:24:37,16.51,363.04,,
4874,08/13/2021 18:34:37,16.86,509.44,,
4875,08/13/2021 18:44:37,16.51,386.08,,
4876,08/13/2021 18:54:37,16.56,369.92,,
4877,08/13/2021 19:04:37,16.56,183.20,,
4878,08/13/2021 19:14:37,16.43,146.28,,
4879,08/13/2021 19:24:37,16.47,95.88,,
4880,08/13/2021 19:34:37,16.34,63.42,,
4881,08/13/2021 19:44:37,16.43,46.86,,
4882,08/13/2021 19:54:37,16.26,24.31,,
4883,08/13/2021 20:04:37,16.13,9.64,,
4884,08/13/2021 20:14:37,16.04,2.35,,
4885,08/13/2021 20:24:37,15.83,0.00,,
4886,08/13/2021 20:34:37,15.91,0.00,,
4887,08/13/2021 20:44:37,15.87,0.00,,
4888,08/13/2021 20:54:37,15.78,0.00,,
4889,08/13/2021 21:04:37,15.74,0.00,,
4890,08/13/2021 21:14:37,15.74,0.00,,
4891,08/13/2021 21:24:37,15.61,0.00,,
4892,08/13/2021 21:34:37,15.74,0.00,,
4893,08/13/2021 21:44:37,15.70,0.00,,
4894,08/13/2021 21:54:37,15.70,0.00,,
4895,08/13/2021 22:04:37,15.61,0.00,,
4896,08/13/2021 22:14:37,15.66,0.00,,
4897,08/13/2021 22:24:37,15.61,0.00,,
4898,08/13/2021 22:34:37,15.48,0.00,,
4899,08/13/2021 22:44:37,15.53,0.00,,
4900,08/13/2021 22:54:37,15.40,0.00,,
4901,08/13/2021 23:04:37,15.31,0.00,,
4902,08/13/2021 23:14:37,15.31,0.00,,
4903,08/13/2021 23:24:37,15.27,0.00,,
4904,08/13/2021 23:34:37,15.31,0.00,,
4905,08/13/2021 23:44:37,15.44,0.00,,
4906,08/13/2021 23:54:37,15.44,0.00,,
4907,08/14/2021 00:04:37,15.40,0.00,,
4908,08/14/2021 00:14:37,15.27,0.00,,
4909,08/14/2021 00:24:37,15.27,0.00,,
4910,08/14/2021 00:34:37,15.31,0.00,,
4911,08/14/2021 00:44:37,15.27,0.00,,
4912,08/14/2021 00:54:37,15.36,0.00,,
4913,08/14/2021 01:04:37,15.48,0.00,,
4914,08/14/2021 01:14:37,15.14,0.00,,
4915,08/14/2021 01:24:37,15.23,0.00,,
4916,08/14/2021 01:34:37,15.27,0.00,,
4917,08/14/2021 01:44:37,15.18,0.00,,
4918,08/14/2021 01:54:37,15.06,0.00,,
4919,08/14/2021 02:04:37,14.93,0.00,,
4920,08/14/2021 02:14:37,14.88,0.00,,
4921,08/14/2021 02:24:37,14.80,0.00,,
4922,08/14/2021 02:34:37,14.75,0.00,,
4923,08/14/2021 02:44:37,14.84,0.00,,
4924,08/14/2021 02:54:37,14.50,0.00,,
4925,08/14/2021 03:04:37,14.63,0.00,,
4926,08/14/2021 03:14:37,14.45,0.00,,
4927,08/14/2021 03:24:37,14.45,0.00,,
4928,08/14/2021 03:34:37,14.50,0.00,,
4929,08/14/2021 03:44:37,14.41,0.00,,
4930,08/14/2021 03:54:37,14.45,0.00,,
4931,08/14/2021 04:04:37,14.54,0.00,,
4932,08/14/2021 04:14:37,14.58,0.00,,
4933,08/14/2021 04:24:37,14.63,0.00,,
4934,08/14/2021 04:34:37,14.41,0.00,,
4935,08/14/2021 04:44:37,14.28,0.00,,
4936,08/14/2021 04:54:37,14.11,0.00,,
4937,08/14/2021 05:04:37,14.15,0.00,,
4938,08/14/2021 05:14:37,14.11,0.00,,
4939,08/14/2021 05:24:37,14.15,0.00,,
4940,08/14/2021 05:34:37,13.94,0.00,,
4941,08/14/2021 05:44:37,13.94,0.00,,
4942,08/14/2021 05:54:37,13.98,0.00,,
4943,08/14/2021 06:04:37,14.07,0.00,,
4944,08/14/2021 06:14:37,13.98,0.42,,
4945,08/14/2021 06:24:37,14.15,3.63,,
4946,08/14/2021 06:34:37,14.11,11.32,,
4947,08/14/2021 06:44:37,14.07,20.41,,
4948,08/14/2021 06:54:37,14.03,38.87,,
4949,08/14/2021 07:04:37,13.94,52.86,,
4950,08/14/2021 07:14:37,13.85,75.66,,
4951,08/14/2021 07:24:37,13.85,95.48,,
4952,08/14/2021 07:34:37,13.90,107.08,,
4953,08/14/2021 07:44:37,13.90,138.48,,
4954,08/14/2021 07:54:37,13.90,172.88,,
4955,08/14/2021 08:04:37,13.90,231.44,,
4956,08/14/2021 08:14:37,13.90,273.52,,
4957,08/14/2021 08:24:37,14.03,290.72,,
4958,08/14/2021 08:34:37,13.90,338.08,,
4959,08/14/2021 08:44:37,14.07,395.68,,
4960,08/14/2021 08:54:37,14.15,498.08,,
4961,08/14/2021 09:04:37,14.20,566.72,,
4962,08/14/2021 09:14:37,14.28,721.92,,
4963,08/14/2021 09:24:37,14.45,1006.08,,
4964,08/14/2021 09:34:37,14.71,1474.56,,
4965,08/14/2021 09:44:37,15.01,1572.48,,
4966,08/14/2021 09:54:37,15.23,1863.68,,
4967,08/14/2021 10:04:37,15.40,1933.44,,
4968,08/14/2021 10:14:37,15.83,1744.64,,
4969,08/14/2021 10:24:37,15.91,1846.40,,
4970,08/14/2021 10:34:37,16.26,1688.32,,
4971,08/14/2021 10:44:37,17.16,1663.36,,
4972,08/14/2021 10:54:37,17.50,1634.56,,
4973,08/14/2021 11:04:37,17.76,1648.00,,
4974,08/14/2021 11:14:37,17.97,1569.28,,
4975,08/14/2021 11:24:37,17.93,1530.24,,
4976,08/14/2021 11:34:37,17.84,1475.84,,
4977,08/14/2021 11:44:37,17.63,1470.08,,
4978,08/14/2021 11:54:37,17.80,1464.96,,
4979,08/14/2021 12:04:37,17.84,1377.92,,
4980,08/14/2021 12:14:37,17.76,1396.48,,
4981,08/14/2021 12:24:37,17.76,1408.64,,
4982,08/14/2021 12:34:37,17.72,1431.04,,
4983,08/14/2021 12:44:37,17.59,1464.32,,
4984,08/14/2021 12:54:37,17.37,1438.72,,
4985,08/14/2021 13:04:37,16.99,1454.08,,
4986,08/14/2021 13:14:37,16.81,1516.16,,
4987,08/14/2021 13:24:37,16.86,1525.12,,
4988,08/14/2021 13:34:37,16.56,1528.96,,
4989,08/14/2021 13:44:37,16.34,1562.24,,
4990,08/14/2021 13:54:37,16.47,1684.48,,
4991,08/14/2021 14:04:37,16.56,1974.40,,
4992,08/14/2021 14:14:37,16.64,1805.44,,
4993,08/14/2021 14:24:37,16.69,1734.40,,
4994,08/14/2021 14:34:37,16.90,1825.92,,
4995,08/14/2021 14:44:37,16.90,1933.44,,
4996,08/14/2021 14:54:37,16.86,1953.92,,
4997,08/14/2021 15:04:37,17.11,1736.96,,
4998,08/14/2021 15:14:37,16.94,1441.92,,
4999,08/14/2021 15:24:37,16.69,1448.96,,
5000,08/14/2021 15:34:37,16.60,2138.88,,
5001,08/14/2021 15:44:37,16.73,2166.40,,
5002,08/14/2021 15:54:37,16.86,2246.40,,
5003,08/14/2021 16:04:37,16.69,1507.84,,
5004,08/14/2021 16:14:37,16.47,1202.88,,
5005,08/14/2021 16:24:37,16.17,820.48,,
5006,08/14/2021 16:34:37,16.00,664.00,,
5007,08/14/2021 16:44:37,15.96,667.52,,
5008,08/14/2021 16:54:37,15.83,522.24,,
5009,08/14/2021 17:04:37,16.00,537.60,,
5010,08/14/2021 17:14:37,15.87,548.00,,
5011,08/14/2021 17:24:37,15.83,511.20,,
5012,08/14/2021 17:34:37,15.83,609.12,,
5013,08/14/2021 17:44:37,15.83,698.24,,
5014,08/14/2021 17:54:37,15.87,729.60,,
5015,08/14/2021 18:04:37,15.96,518.88,,
5016,08/14/2021 18:14:37,15.87,604.00,,
5017,08/14/2021 18:24:37,15.83,655.68,,
5018,08/14/2021 18:34:37,16.30,1305.28,,
5019,08/14/2021 18:44:37,16.39,1469.44,,
5020,08/14/2021 18:54:37,15.96,528.32,,
5021,08/14/2021 19:04:37,16.00,383.84,,
5022,08/14/2021 19:14:37,16.08,322.08,,
5023,08/14/2021 19:24:37,15.96,221.20,,
5024,08/14/2021 19:34:37,15.91,113.56,,
5025,08/14/2021 19:44:37,15.61,66.68,,
5026,08/14/2021 19:54:37,15.70,32.88,,
5027,08/14/2021 20:04:37,15.66,9.43,,
5028,08/14/2021 20:14:37,15.53,2.13,,
5029,08/14/2021 20:24:37,15.48,0.00,,
5030,08/14/2021 20:34:37,15.57,0.00,,
5031,08/14/2021 20:44:37,15.48,0.00,,
5032,08/14/2021 20:54:37,15.53,0.00,,
5033,08/14/2021 21:04:37,15.53,0.00,,
5034,08/14/2021 21:14:37,15.66,0.00,,
5035,08/14/2021 21:24:37,15.40,0.00,,
5036,08/14/2021 21:34:37,15.36,0.00,,
5037,08/14/2021 21:44:37,15.44,0.00,,
5038,08/14/2021 21:54:37,15.44,0.00,,
5039,08/14/2021 22:04:37,15.48,0.00,,
5040,08/14/2021 22:14:37,15.44,0.00,,
5041,08/14/2021 22:24:37,15.40,0.00,,
5042,08/14/2021 22:34:37,15.53,0.00,,
5043,08/14/2021 22:44:37,15.53,0.00,,
5044,08/14/2021 22:54:37,15.44,0.00,,
5045,08/14/2021 23:04:37,15.57,0.00,,
5046,08/14/2021 23:14:37,15.61,0.00,,
5047,08/14/2021 23:24:37,15.40,0.00,,
5048,08/14/2021 23:34:37,15.10,0.00,,
5049,08/14/2021 23:44:37,14.97,0.00,,
5050,08/14/2021 23:54:37,14.93,0.00,,
5051,08/15/2021 00:04:37,14.71,0.00,,
5052,08/15/2021 00:14:37,14.41,0.00,,
5053,08/15/2021 00:24:37,14.37,0.00,,
5054,08/15/2021 00:34:37,14.41,0.00,,
5055,08/15/2021 00:44:37,14.41,0.00,,
5056,08/15/2021 00:54:37,14.50,0.00,,
5057,08/15/2021 01:04:37,14.71,0.00,,
5058,08/15/2021 01:14:37,14.67,0.00,,
5059,08/15/2021 01:24:37,14.71,0.00,,
5060,08/15/2021 01:34:37,14.75,0.00,,
5061,08/15/2021 01:44:37,14.67,0.00,,
5062,08/15/2021 01:54:37,14.80,0.00,,
5063,08/15/2021 02:04:37,14.80,0.00,,
5064,08/15/2021 02:14:37,14.80,0.00,,
5065,08/15/2021 02:24:37,15.06,0.00,,
5066,08/15/2021 02:34:37,15.01,0.00,,
5067,08/15/2021 02:44:37,15.06,0.00,,
5068,08/15/2021 02:54:37,15.01,0.00,,
5069,08/15/2021 03:04:37,15.06,0.00,,
5070,08/15/2021 03:14:37,15.06,0.00,,
5071,08/15/2021 03:24:37,15.10,0.00,,
5072,08/15/2021 03:34:37,15.06,0.00,,
5073,08/15/2021 03:44:37,15.10,0.00,,
5074,08/15/2021 03:54:37,15.01,0.00,,
5075,08/15/2021 04:04:37,14.97,0.00,,
5076,08/15/2021 04:14:37,14.97,0.00,,
5077,08/15/2021 04:24:37,15.01,0.00,,
5078,08/15/2021 04:34:37,15.01,0.00,,
5079,08/15/2021 04:44:37,14.93,0.00,,
5080,08/15/2021 04:54:37,14.88,0.00,,
5081,08/15/2021 05:04:37,14.75,0.00,,
5082,08/15/2021 05:14:37,14.63,0.00,,
5083,08/15/2021 05:24:37,14.71,0.00,,
5084,08/15/2021 05:34:37,14.63,0.00,,
5085,08/15/2021 05:44:37,14.54,0.00,,
5086,08/15/2021 05:54:37,14.50,0.00,,
5087,08/15/2021 06:04:37,14.41,0.00,,
5088,08/15/2021 06:14:37,14.33,0.64,,
5089,08/15/2021 06:24:37,14.24,5.55,,
5090,08/15/2021 06:34:37,14.20,16.56,,
5091,08/15/2021 06:44:37,14.15,37.85,,
5092,08/15/2021 06:54:37,14.11,63.86,,
5093,08/15/2021 07:04:37,14.28,91.20,,
5094,08/15/2021 07:14:37,14.37,122.12,,
5095,08/15/2021 07:24:37,14.45,156.64,,
5096,08/15/2021 07:34:37,14.50,197.04,,
5097,08/15/2021 07:44:37,14.50,244.48,,
5098,08/15/2021 07:54:37,14.58,310.72,,
5099,08/15/2021 08:04:37,14.84,709.44,,
5100,08/15/2021 08:14:37,15.18,1252.16,,
5101,08/15/2021 08:24:37,15.23,936.96,,
5102,08/15/2021 08:34:37,15.44,1455.36,,
5103,08/15/2021 08:44:37,15.48,1521.28,,
5104,08/15/2021 08:54:37,15.70,1611.52,,
5105,08/15/2021 09:04:37,15.91,1698.56,,
5106,08/15/2021 09:14:37,15.96,1721.60,,
5107,08/15/2021 09:24:37,16.30,1752.32,,
5108,08/15/2021 09:34:37,16.47,1798.40,,
5109,08/15/2021 09:44:37,16.73,1752.32,,
5110,08/15/2021 09:54:37,16.94,1764.48,,
5111,08/15/2021 10:04:37,17.33,1719.68,,
5112,08/15/2021 10:14:37,17.46,1738.88,,
5113,08/15/2021 10:24:37,17.80,1694.72,,
5114,08/15/2021 10:34:37,18.10,1651.20,,
5115,08/15/2021 10:44:37,18.53,1648.64,,
5116,08/15/2021 10:54:37,19.22,1592.96,,
5117,08/15/2021 11:04:37,19.39,1576.96,,
5118,08/15/2021 11:14:37,19.47,1578.88,,
5119,08/15/2021 11:24:37,19.30,1484.80,,
5120,08/15/2021 11:34:37,19.13,1484.16,,
5121,08/15/2021 11:44:37,19.13,1465.60,,
5122,08/15/2021 11:54:37,19.35,1454.08,,
5123,08/15/2021 12:04:37,19.30,1459.20,,
5124,08/15/2021 12:14:37,19.00,1460.48,,
5125,08/15/2021 12:24:37,18.70,1441.92,,
5126,08/15/2021 12:34:37,18.36,1527.68,,
5127,08/15/2021 12:44:37,17.72,1494.40,,
5128,08/15/2021 12:54:37,17.41,1523.20,,
5129,08/15/2021 13:04:37,17.16,1467.52,,
5130,08/15/2021 13:14:37,17.11,1541.76,,
5131,08/15/2021 13:24:37,16.86,1414.40,,
5132,08/15/2021 13:34:37,16.60,1690.88,,
5133,08/15/2021 13:44:37,16.69,1424.00,,
5134,08/15/2021 13:54:37,16.47,1693.44,,
5135,08/15/2021 14:04:37,16.30,1786.24,,
5136,08/15/2021 14:14:37,16.34,1754.24,,
5137,08/15/2021 14:24:37,16.56,1707.52,,
5138,08/15/2021 14:34:37,16.64,1721.60,,
5139,08/15/2021 14:44:37,16.69,1841.28,,
5140,08/15/2021 14:54:37,16.60,1790.08,,
5141,08/15/2021 15:04:37,16.69,1755.52,,
5142,08/15/2021 15:14:37,16.69,1798.40,,
5143,08/15/2021 15:24:37,16.64,2202.24,,
5144,08/15/2021 15:34:37,16.81,1947.52,,
5145,08/15/2021 15:44:37,16.64,1813.76,,
5146,08/15/2021 15:54:37,16.60,2197.12,,
5147,08/15/2021 16:04:37,16.69,1596.16,,
5148,08/15/2021 16:14:37,16.81,1868.80,,
5149,08/15/2021 16:24:37,16.69,1363.84,,
5150,08/15/2021 16:34:37,16.90,1411.84,,
5151,08/15/2021 16:44:37,16.90,1342.72,,
5152,08/15/2021 16:54:37,17.03,1741.44,,
5153,08/15/2021 17:04:37,17.33,1520.00,,
5154,08/15/2021 17:14:37,17.33,1670.40,,
5155,08/15/2021 17:24:37,17.33,1248.00,,
5156,08/15/2021 17:34:37,17.20,1754.24,,
5157,08/15/2021 17:44:37,17.37,1080.32,,
5158,08/15/2021 17:54:37,17.20,1026.56,,
5159,08/15/2021 18:04:37,16.99,818.56,,
5160,08/15/2021 18:14:37,16.94,758.08,,
5161,08/15/2021 18:24:37,16.86,886.40,,
5162,08/15/2021 18:34:37,16.69,636.00,,
5163,08/15/2021 18:44:37,16.77,491.36,,
5164,08/15/2021 18:54:37,16.69,438.08,,
5165,08/15/2021 19:04:37,16.69,325.28,,
5166,08/15/2021 19:14:37,16.56,241.04,,
5167,08/15/2021 19:24:37,16.47,204.00,,
5168,08/15/2021 19:34:37,16.30,167.84,,
5169,08/15/2021 19:44:37,16.43,96.00,,
5170,08/15/2021 19:54:37,16.30,48.82,,
5171,08/15/2021 20:04:37,16.26,19.52,,
5172,08/15/2021 20:14:37,16.17,5.15,,
5173,08/15/2021 20:24:37,16.17,0.42,,
5174,08/15/2021 20:34:37,16.17,0.00,,
5175,08/15/2021 20:44:37,16.13,0.00,,
5176,08/15/2021 20:54:37,16.04,0.00,,
5177,08/15/2021 21:04:37,16.17,0.00,,
5178,08/15/2021 21:14:37,16.08,0.00,,
5179,08/15/2021 21:24:37,15.87,0.00,,
5180,08/15/2021 21:34:37,15.87,0.00,,
5181,08/15/2021 21:44:37,15.83,0.00,,
5182,08/15/2021 21:54:37,15.74,0.00,,
5183,08/15/2021 22:04:37,15.53,0.00,,
5184,08/15/2021 22:14:37,15.48,0.00,,
5185,08/15/2021 22:24:37,15.53,0.00,,
5186,08/15/2021 22:34:37,15.48,0.00,,
5187,08/15/2021 22:44:37,15.27,0.00,,
5188,08/15/2021 22:54:37,15.31,0.00,,
5189,08/15/2021 23:04:37,15.14,0.00,,
5190,08/15/2021 23:14:37,15.06,0.00,,
5191,08/15/2021 23:24:37,15.01,0.00,,
5192,08/15/2021 23:34:37,15.06,0.00,,
5193,08/15/2021 23:44:37,15.06,0.00,,
5194,08/15/2021 23:54:37,14.88,0.00,,
5195,08/16/2021 00:04:37,14.80,0.00,,
5196,08/16/2021 00:14:37,14.84,0.00,,
5197,08/16/2021 00:24:37,14.80,0.00,,
5198,08/16/2021 00:34:37,15.01,0.00,,
5199,08/16/2021 00:44:37,14.84,0.00,,
5200,08/16/2021 00:54:37,15.01,0.00,,
5201,08/16/2021 01:04:37,14.71,0.00,,
5202,08/16/2021 01:14:37,14.84,0.00,,
5203,08/16/2021 01:24:37,14.71,0.00,,
5204,08/16/2021 01:34:37,14.80,0.00,,
5205,08/16/2021 01:44:37,14.80,0.00,,
5206,08/16/2021 01:54:37,14.75,0.00,,
5207,08/16/2021 02:04:37,14.71,0.00,,
5208,08/16/2021 02:14:37,14.80,0.00,,
5209,08/16/2021 02:24:37,14.80,0.00,,
5210,08/16/2021 02:34:37,14.71,0.00,,
5211,08/16/2021 02:44:37,14.75,0.00,,
5212,08/16/2021 02:54:37,14.71,0.00,,
5213,08/16/2021 03:04:37,14.71,0.00,,
5214,08/16/2021 03:14:37,14.67,0.00,,
5215,08/16/2021 03:24:37,14.63,0.00,,
5216,08/16/2021 03:34:37,14.50,0.00,,
5217,08/16/2021 03:44:37,14.54,0.00,,
5218,08/16/2021 03:54:37,14.50,0.00,,
5219,08/16/2021 04:04:37,14.58,0.00,,
5220,08/16/2021 04:14:37,14.37,0.00,,
5221,08/16/2021 04:24:37,14.15,0.00,,
5222,08/16/2021 04:34:37,14.20,0.00,,
5223,08/16/2021 04:44:37,14.11,0.00,,
5224,08/16/2021 04:54:37,13.94,0.00,,
5225,08/16/2021 05:04:37,13.90,0.00,,
5226,08/16/2021 05:14:37,13.85,0.00,,
5227,08/16/2021 05:24:37,13.98,0.00,,
5228,08/16/2021 05:34:37,13.94,0.00,,
5229,08/16/2021 05:44:37,13.90,0.00,,
5230,08/16/2021 05:54:37,14.03,0.00,,
5231,08/16/2021 06:04:37,14.11,0.00,,
5232,08/16/2021 06:14:37,14.11,0.42,,
5233,08/16/2021 06:24:37,14.28,5.12,,
5234,08/16/2021 06:34:37,14.33,13.54,,
5235,08/16/2021 06:44:37,14.24,28.58,,
5236,08/16/2021 06:54:37,14.37,55.64,,
5237,08/16/2021 07:04:37,14.50,81.26,,
5238,08/16/2021 07:14:37,14.45,125.56,,
5239,08/16/2021 07:24:37,14.37,178.00,,
5240,08/16/2021 07:34:37,14.45,276.08,,
5241,08/16/2021 07:44:37,14.63,421.60,,
5242,08/16/2021 07:54:37,14.71,597.92,,
5243,08/16/2021 08:04:37,14.63,727.04,,
5244,08/16/2021 08:14:37,15.01,702.72,,
5245,08/16/2021 08:24:37,15.06,792.64,,
5246,08/16/2021 08:34:37,15.31,1495.68,,
5247,08/16/2021 08:44:37,15.31,2094.08,,
5248,08/16/2021 08:54:37,15.27,1122.24,,
5249,08/16/2021 09:04:37,15.44,1752.96,,
5250,08/16/2021 09:14:37,15.44,1735.04,,
5251,08/16/2021 09:24:37,15.44,1691.52,,
5252,08/16/2021 09:34:37,15.61,1658.24,,
5253,08/16/2021 09:44:37,15.74,1620.48,,
5254,08/16/2021 09:54:37,15.74,1745.28,,
5255,08/16/2021 10:04:37,15.78,1575.04,,
5256,08/16/2021 10:14:37,15.96,1494.40,,
5257,08/16/2021 10:24:37,15.91,1520.00,,
5258,08/16/2021 10:34:37,15.91,1447.68,,
5259,08/16/2021 10:44:37,15.78,1355.52,,
5260,08/16/2021 10:54:37,15.74,1289.92,,
5261,08/16/2021 11:04:37,16.17,1311.36,,
5262,08/16/2021 11:14:37,16.08,1265.28,,
5263,08/16/2021 11:24:37,16.30,1200.96,,
5264,08/16/2021 11:34:37,16.51,1163.52,,
5265,08/16/2021 11:44:37,16.64,1110.40,,
5266,08/16/2021 11:54:37,16.60,1048.00,,
5267,08/16/2021 12:04:37,16.81,1049.60,,
5268,08/16/2021 12:14:37,17.07,1107.84,,
5269,08/16/2021 12:24:37,17.24,1157.44,,
5270,08/16/2021 12:34:37,17.29,1097.60,,
5271,08/16/2021 12:44:37,17.37,1153.28,,
5272,08/16/2021 12:54:37,17.59,1165.12,,
5273,08/16/2021 13:04:37,17.80,1171.20,,
5274,08/16/2021 13:14:37,18.27,1148.80,,
5275,08/16/2021 13:24:37,18.27,1172.80,,
5276,08/16/2021 13:34:37,18.27,1218.88,,
5277,08/16/2021 13:44:37,18.27,1235.20,,
5278,08/16/2021 13:54:37,18.32,1259.20,,
5279,08/16/2021 14:04:37,18.06,1236.80,,
5280,08/16/2021 14:14:37,18.19,1320.32,,
5281,08/16/2021 14:24:37,17.93,1285.76,,
5282,08/16/2021 14:34:37,17.97,1410.56,,
5283,08/16/2021 14:44:37,17.84,1454.72,,
5284,08/16/2021 14:54:37,17.97,1507.20,,
5285,08/16/2021 15:04:37,18.06,1485.44,,
5286,08/16/2021 15:14:37,17.76,1559.04,,
5287,08/16/2021 15:24:37,17.63,1639.68,,
5288,08/16/2021 15:34:37,17.67,1750.40,,
5289,08/16/2021 15:44:37,17.84,1665.28,,
5290,08/16/2021 15:54:37,17.93,1859.84,,
5291,08/16/2021 16:04:37,17.89,1966.08,,
5292,08/16/2021 16:14:37,17.97,1978.24,,
5293,08/16/2021 16:24:37,17.80,2001.92,,
5294,08/16/2021 16:34:37,18.02,2248.32,,
5295,08/16/2021 16:44:37,18.10,2065.28,,
5296,08/16/2021 16:54:37,18.10,2467.20,,
5297,08/16/2021 17:04:37,18.10,2444.80,,
5298,08/16/2021 17:14:37,18.19,2369.28,,
5299,08/16/2021 17:24:37,18.10,2419.20,,
5300,08/16/2021 17:34:37,17.37,2984.96,,
5301,08/16/2021 17:44:37,17.76,2808.32,,
5302,08/16/2021 17:54:37,17.80,2572.80,,
5303,08/16/2021 18:04:37,18.02,2635.52,,
5304,08/16/2021 18:14:37,18.19,3326.72,,
5305,08/16/2021 18:24:37,18.49,2460.16,,
5306,08/16/2021 18:34:37,18.49,2448.00,,
5307,08/16/2021 18:44:37,18.27,2863.36,,
5308,08/16/2021 18:54:37,18.57,2217.60,,
5309,08/16/2021 19:04:37,18.19,1843.20,,
5310,08/16/2021 19:14:37,17.89,1683.84,,
5311,08/16/2021 19:24:37,17.33,405.12,,
5312,08/16/2021 19:34:37,16.94,306.32,,
5313,08/16/2021 19:44:37,16.43,365.60,,
5314,08/16/2021 19:54:37,16.43,84.72,,
5315,08/16/2021 20:04:37,16.34,32.46,,
5316,08/16/2021 20:14:37,16.26,8.78,,
5317,08/16/2021 20:24:37,16.13,0.85,,
5318,08/16/2021 20:34:37,16.08,0.00,,
5319,08/16/2021 20:44:37,16.26,0.00,,
5320,08/16/2021 20:54:37,16.08,0.00,,
5321,08/16/2021 21:04:37,15.96,0.00,,
5322,08/16/2021 21:14:37,15.91,0.00,,
5323,08/16/2021 21:24:37,15.87,0.00,,
5324,08/16/2021 21:34:37,16.00,0.00,,
5325,08/16/2021 21:44:37,15.91,0.00,,
5326,08/16/2021 21:54:37,16.04,0.00,,
5327,08/16/2021 22:04:37,16.04,0.00,,
5328,08/16/2021 22:14:37,15.83,0.00,,
5329,08/16/2021 22:24:37,15.61,0.00,,
5330,08/16/2021 22:34:37,15.57,0.00,,
5331,08/16/2021 22:44:37,15.53,0.00,,
5332,08/16/2021 22:54:37,15.48,0.00,,
5333,08/16/2021 23:04:37,15.27,0.00,,
5334,08/16/2021 23:14:37,15.06,0.00,,
5335,08/16/2021 23:24:37,15.10,0.00,,
5336,08/16/2021 23:34:37,14.93,0.00,,
5337,08/16/2021 23:44:37,14.97,0.00,,
5338,08/16/2021 23:54:37,14.97,0.00,,
5339,08/17/2021 00:04:37,14.97,0.00,,
5340,08/17/2021 00:14:37,14.84,0.00,,
5341,08/17/2021 00:24:37,14.80,0.00,,
5342,08/17/2021 00:34:37,14.63,0.00,,
5343,08/17/2021 00:44:37,14.75,0.00,,
5344,08/17/2021 00:54:37,14.84,0.00,,
5345,08/17/2021 01:04:37,14.93,0.00,,
5346,08/17/2021 01:14:37,14.80,0.00,,
5347,08/17/2021 01:24:37,14.84,0.00,,
5348,08/17/2021 01:34:37,15.01,0.00,,
5349,08/17/2021 01:44:37,14.93,0.00,,
5350,08/17/2021 01:54:37,14.75,0.00,,
5351,08/17/2021 02:04:37,14.75,0.00,,
5352,08/17/2021 02:14:37,14.67,0.00,,
5353,08/17/2021 02:24:37,14.71,0.00,,
5354,08/17/2021 02:34:37,14.67,0.00,,
5355,08/17/2021 02:44:37,14.67,0.00,,
5356,08/17/2021 02:54:37,14.67,0.00,,
5357,08/17/2021 03:04:37,14.71,0.00,,
5358,08/17/2021 03:14:37,14.67,0.00,,
5359,08/17/2021 03:24:37,14.75,0.00,,
5360,08/17/2021 03:34:37,14.80,0.00,,
5361,08/17/2021 03:44:37,14.71,0.00,,
5362,08/17/2021 03:54:37,14.84,0.00,,
5363,08/17/2021 04:04:37,14.67,0.00,,
5364,08/17/2021 04:14:37,14.54,0.00,,
5365,08/17/2021 04:24:37,14.50,0.00,,
5366,08/17/2021 04:34:37,14.33,0.00,,
5367,08/17/2021 04:44:37,14.20,0.00,,
5368,08/17/2021 04:54:37,14.15,0.00,,
5369,08/17/2021 05:04:37,13.90,0.00,,
5370,08/17/2021 05:14:37,13.77,0.00,,
5371,08/17/2021 05:24:37,13.73,0.00,,
5372,08/17/2021 05:34:37,13.55,0.00,,
5373,08/17/2021 05:44:37,13.55,0.00,,
5374,08/17/2021 05:54:37,13.51,0.00,,
5375,08/17/2021 06:04:37,13.81,0.00,,
5376,08/17/2021 06:14:37,14.03,0.85,,
5377,08/17/2021 06:24:37,14.15,7.07,,
5378,08/17/2021 06:34:37,14.28,26.63,,
5379,08/17/2021 06:44:37,14.24,47.66,,
5380,08/17/2021 06:54:37,14.37,63.78,,
5381,08/17/2021 07:04:37,14.45,80.78,,
5382,08/17/2021 07:14:37,14.37,99.76,,
5383,08/17/2021 07:24:37,14.33,199.52,,
5384,08/17/2021 07:34:37,14.33,373.28,,
5385,08/17/2021 07:44:37,14.37,648.80,,
5386,08/17/2021 07:54:37,14.50,798.40,,
5387,08/17/2021 08:04:37,14.58,1161.60,,
5388,08/17/2021 08:14:37,14.84,1740.16,,
5389,08/17/2021 08:24:37,15.36,1557.12,,
5390,08/17/2021 08:34:37,15.31,991.68,,
5391,08/17/2021 08:44:37,15.23,2302.72,,
5392,08/17/2021 08:54:37,15.14,2171.52,,
5393,08/17/2021 09:04:37,15.06,2292.48,,
5394,08/17/2021 09:14:37,15.18,1964.16,,
5395,08/17/2021 09:24:37,15.36,2078.72,,
5396,08/17/2021 09:34:37,15.44,2040.96,,
5397,08/17/2021 09:44:37,15.40,1935.36,,
5398,08/17/2021 09:54:37,15.44,1882.24,,
5399,08/17/2021 10:04:37,15.70,1989.76,,
5400,08/17/2021 10:14:37,15.78,1841.28,,
5401,08/17/2021 10:24:37,16.04,1750.40,,
5402,08/17/2021 10:34:37,16.17,1566.72,,
5403,08/17/2021 10:44:37,16.26,1561.60,,
5404,08/17/2021 10:54:37,16.26,1550.72,,
5405,08/17/2021 11:04:37,16.60,1637.76,,
5406,08/17/2021 11:14:37,16.64,1584.00,,
5407,08/17/2021 11:24:37,16.81,1449.60,,
5408,08/17/2021 11:34:37,16.60,1296.64,,
5409,08/17/2021 11:44:37,16.86,1402.88,,
5410,08/17/2021 11:54:37,16.86,1319.04,,
5411,08/17/2021 12:04:37,17.03,1327.36,,
5412,08/17/2021 12:14:37,16.99,1255.68,,
5413,08/17/2021 12:24:37,16.99,1141.12,,
5414,08/17/2021 12:34:37,17.07,1147.20,,
5415,08/17/2021 12:44:37,17.29,1171.20,,
5416,08/17/2021 12:54:37,16.94,1140.48,,
5417,08/17/2021 13:04:37,16.64,1176.96,,
5418,08/17/2021 13:14:37,16.77,1363.84,,
5419,08/17/2021 13:24:37,16.77,1305.28,,
5420,08/17/2021 13:34:37,16.94,1155.84,,
5421,08/17/2021 13:44:37,16.99,1236.16,,
5422,08/17/2021 13:54:37,17.11,1381.12,,
5423,08/17/2021 14:04:37,17.24,1322.88,,
5424,08/17/2021 14:14:37,17.24,1485.44,,
5425,08/17/2021 14:24:37,17.50,1434.88,,
5426,08/17/2021 14:34:37,17.20,1520.64,,
5427,08/17/2021 14:44:37,17.29,1517.44,,
5428,08/17/2021 14:54:37,17.41,1556.48,,
5429,08/17/2021 15:04:37,17.37,1767.68,,
5430,08/17/2021 15:14:37,17.46,1731.20,,
5431,08/17/2021 15:24:37,17.37,1788.16,,
5432,08/17/2021 15:34:37,17.33,1873.92,,
5433,08/17/2021 15:44:37,17.33,2092.80,,
5434,08/17/2021 15:54:37,17.29,1981.44,,
5435,08/17/2021 16:04:37,17.24,2169.60,,
5436,08/17/2021 16:14:37,17.37,2150.40,,
5437,08/17/2021 16:24:37,17.29,2224.00,,
5438,08/17/2021 16:34:37,17.16,2330.24,,
5439,08/17/2021 16:44:37,16.94,2381.44,,
5440,08/17/2021 16:54:37,16.90,2441.60,,
5441,08/17/2021 17:04:37,16.99,2670.08,,
5442,08/17/2021 17:14:37,16.94,2386.56,,
5443,08/17/2021 17:24:37,16.94,2421.12,,
5444,08/17/2021 17:34:37,16.86,2391.68,,
5445,08/17/2021 17:44:37,17.03,2353.92,,
5446,08/17/2021 17:54:37,16.77,2520.32,,
5447,08/17/2021 18:04:37,16.86,2207.36,,
5448,08/17/2021 18:14:37,16.86,2164.48,,
5449,08/17/2021 18:24:37,16.90,2181.76,,
5450,08/17/2021 18:34:37,16.77,2000.00,,
5451,08/17/2021 18:44:37,16.90,1849.60,,
5452,08/17/2021 18:54:37,16.26,1596.16,,
5453,08/17/2021 19:04:37,16.13,924.16,,
5454,08/17/2021 19:14:37,16.04,724.48,,
5455,08/17/2021 19:24:37,15.91,503.84,,
5456,08/17/2021 19:34:37,16.77,250.64,,
5457,08/17/2021 19:44:37,17.59,77.90,,
5458,08/17/2021 19:54:37,16.17,61.30,,
5459,08/17/2021 20:04:37,15.27,21.50,,
5460,08/17/2021 20:14:37,15.36,4.72,,
5461,08/17/2021 20:24:37,15.31,0.21,,
5462,08/17/2021 20:34:37,15.10,0.00,,
5463,08/17/2021 20:44:37,15.01,0.00,,
5464,08/17/2021 20:54:37,15.14,0.00,,
5465,08/17/2021 21:04:37,14.88,0.00,,
5466,08/17/2021 21:14:37,14.75,0.00,,
5467,08/17/2021 21:24:37,14.54,0.00,,
5468,08/17/2021 21:34:37,13.43,0.00,,
5469,08/17/2021 21:44:37,12.87,0.00,,
5470,08/17/2021 21:54:37,12.82,0.00,,
5471,08/17/2021 22:04:37,12.70,0.00,,
5472,08/17/2021 22:14:37,12.70,0.00,,
5473,08/17/2021 22:24:37,12.65,0.00,,
5474,08/17/2021 22:34:37,12.70,0.00,,
5475,08/17/2021 22:44:37,12.95,0.00,,
5476,08/17/2021 22:54:37,13.08,0.00,,
5477,08/17/2021 23:04:37,13.12,0.00,,
5478,08/17/2021 23:14:37,13.21,0.00,,
5479,08/17/2021 23:24:37,13.25,0.00,,
5480,08/17/2021 23:34:37,13.21,0.00,,
5481,08/17/2021 23:44:37,13.25,0.00,,
5482,08/17/2021 23:54:37,13.17,0.00,,
5483,08/18/2021 00:04:37,13.12,0.00,,
5484,08/18/2021 00:14:37,13.12,0.00,,
5485,08/18/2021 00:24:37,13.08,0.00,,
5486,08/18/2021 00:34:37,13.25,0.00,,
5487,08/18/2021 00:44:37,13.21,0.00,,
5488,08/18/2021 00:54:37,13.17,0.00,,
5489,08/18/2021 01:04:37,13.21,0.00,,
5490,08/18/2021 01:14:37,13.17,0.00,,
5491,08/18/2021 01:24:37,13.25,0.00,,
5492,08/18/2021 01:34:37,13.25,0.00,,
5493,08/18/2021 01:44:37,13.21,0.00,,
5494,08/18/2021 01:54:37,13.25,0.00,,
5495,08/18/2021 02:04:37,13.17,0.00,,
5496,08/18/2021 02:14:37,13.04,0.00,,
5497,08/18/2021 02:24:37,13.04,0.00,,
5498,08/18/2021 02:34:37,13.08,0.00,,
5499,08/18/2021 02:44:37,13.00,0.00,,
5500,08/18/2021 02:54:37,13.21,0.00,,
5501,08/18/2021 03:04:37,13.43,0.00,,
5502,08/18/2021 03:14:37,13.51,0.00,,
5503,08/18/2021 03:24:37,13.47,0.00,,
5504,08/18/2021 03:34:37,13.17,0.00,,
5505,08/18/2021 03:44:37,12.87,0.00,,
5506,08/18/2021 03:54:37,12.65,0.00,,
5507,08/18/2021 04:04:37,12.61,0.00,,
5508,08/18/2021 04:14:37,12.40,0.00,,
5509,08/18/2021 04:24:37,12.22,0.00,,
5510,08/18/2021 04:34:37,12.31,0.00,,
5511,08/18/2021 04:44:37,12.48,0.00,,
5512,08/18/2021 04:54:37,12.10,0.00,,
5513,08/18/2021 05:04:37,12.18,0.00,,
5514,08/18/2021 05:14:37,12.01,0.00,,
5515,08/18/2021 05:24:37,12.18,0.00,,
5516,08/18/2021 05:34:37,12.48,0.00,,
5517,08/18/2021 05:44:37,12.48,0.00,,
5518,08/18/2021 05:54:37,12.52,0.00,,
5519,08/18/2021 06:04:37,12.18,0.00,,
5520,08/18/2021 06:14:37,12.40,0.42,,
5521,08/18/2021 06:24:37,12.40,5.37,,
5522,08/18/2021 06:34:37,12.48,16.99,,
5523,08/18/2021 06:44:37,12.44,40.84,,
5524,08/18/2021 06:54:37,12.18,69.72,,
5525,08/18/2021 07:04:37,11.84,108.04,,
5526,08/18/2021 07:14:37,11.75,148.20,,
5527,08/18/2021 07:24:37,12.05,198.08,,
5528,08/18/2021 07:34:37,12.31,250.64,,
5529,08/18/2021 07:44:37,12.70,306.00,,
5530,08/18/2021 07:54:37,13.12,349.76,,
5531,08/18/2021 08:04:37,13.64,406.72,,
5532,08/18/2021 08:14:37,13.98,459.20,,
5533,08/18/2021 08:24:37,14.20,495.36,,
5534,08/18/2021 08:34:37,14.63,605.60,,
5535,08/18/2021 08:44:37,15.14,696.64,,
5536,08/18/2021 08:54:37,15.57,790.72,,
5537,08/18/2021 09:04:37,15.91,885.44,,
5538,08/18/2021 09:14:37,16.17,913.92,,
5539,08/18/2021 09:24:37,16.47,996.80,,
5540,08/18/2021 09:34:37,16.60,1092.48,,
5541,08/18/2021 09:44:37,16.86,1214.72,,
5542,08/18/2021 09:54:37,17.11,1353.60,,
5543,08/18/2021 10:04:37,17.24,1444.48,,
5544,08/18/2021 10:14:37,17.37,1414.40,,
5545,08/18/2021 10:24:37,17.54,1486.72,,
5546,08/18/2021 10:34:37,17.63,1455.36,,
5547,08/18/2021 10:44:37,17.89,1503.36,,
5548,08/18/2021 10:54:37,18.19,1615.36,,
5549,08/18/2021 11:04:37,18.57,1622.40,,
5550,08/18/2021 11:14:37,18.79,1671.68,,
5551,08/18/2021 11:24:37,19.00,1637.12,,
5552,08/18/2021 11:34:37,19.17,1691.52,,
5553,08/18/2021 11:44:37,19.17,1713.92,,
5554,08/18/2021 11:54:37,19.17,1713.28,,
5555,08/18/2021 12:04:37,19.26,1729.28,,
5556,08/18/2021 12:14:37,19.26,1708.80,,
5557,08/18/2021 12:24:37,19.35,1726.72,,
5558,08/18/2021 12:34:37,19.60,1736.32,,
5559,08/18/2021 12:44:37,19.82,1701.12,,
5560,08/18/2021 12:54:37,19.69,1713.28,,
5561,08/18/2021 13:04:37,19.82,1711.36,,
5562,08/18/2021 13:14:37,20.16,1723.52,,
5563,08/18/2021 13:24:37,20.16,1747.20,,
5564,08/18/2021 13:34:37,20.07,1651.20,,
5565,08/18/2021 13:44:37,20.07,1788.16,,
5566,08/18/2021 13:54:37,20.20,1816.96,,
5567,08/18/2021 14:04:37,20.07,1555.84,,
5568,08/18/2021 14:14:37,20.16,1504.64,,
5569,08/18/2021 14:24:37,20.20,1811.84,,
5570,08/18/2021 14:34:37,19.86,1796.48,,
5571,08/18/2021 14:44:37,19.99,1786.24,,
5572,08/18/2021 14:54:37,20.12,1816.96,,
5573,08/18/2021 15:04:37,20.16,1974.40,,
5574,08/18/2021 15:14:37,20.12,1978.24,,
5575,08/18/2021 15:24:37,19.86,1945.60,,
5576,08/18/2021 15:34:37,20.03,1978.24,,
5577,08/18/2021 15:44:37,20.33,1989.76,,
5578,08/18/2021 15:54:37,20.25,1920.00,,
5579,08/18/2021 16:04:37,20.16,1870.08,,
5580,08/18/2021 16:14:37,20.37,1591.68,,
5581,08/18/2021 16:24:37,20.29,1559.04,,
5582,08/18/2021 16:34:37,20.12,1735.04,,
5583,08/18/2021 16:44:37,20.25,2040.96,,
5584,08/18/2021 16:54:37,19.99,1996.80,,
5585,08/18/2021 17:04:37,19.99,1994.88,,
5586,08/18/2021 17:14:37,19.86,1776.00,,
5587,08/18/2021 17:24:37,20.07,1779.84,,
5588,08/18/2021 17:34:37,20.03,1647.36,,
5589,08/18/2021 17:44:37,20.03,1592.32,,
5590,08/18/2021 17:54:37,19.90,1332.48,,
5591,08/18/2021 18:04:37,19.69,1320.32,,
5592,08/18/2021 18:14:37,19.56,1220.80,,
5593,08/18/2021 18:24:37,19.35,1067.52,,
5594,08/18/2021 18:34:37,19.30,911.04,,
5595,08/18/2021 18:44:37,19.13,718.08,,
5596,08/18/2021 18:54:37,18.96,565.92,,
5597,08/18/2021 19:04:37,18.74,457.28,,
5598,08/18/2021 19:14:37,18.66,340.00,,
5599,08/18/2021 19:24:37,18.44,233.76,,
5600,08/18/2021 19:34:37,18.23,136.24,,
5601,08/18/2021 19:44:37,18.02,69.78,,
5602,08/18/2021 19:54:37,17.84,31.84,,
5603,08/18/2021 20:04:37,17.50,11.16,,
5604,08/18/2021 20:14:37,17.29,2.13,,
5605,08/18/2021 20:24:37,17.16,0.00,,
5606,08/18/2021 20:34:37,17.11,0.00,,
5607,08/18/2021 20:44:37,17.29,0.00,,
5608,08/18/2021 20:54:37,17.50,0.00,,
5609,08/18/2021 21:04:37,17.76,0.00,,
5610,08/18/2021 21:14:37,17.41,0.00,,
5611,08/18/2021 21:24:37,17.67,0.00,,
5612,08/18/2021 21:34:37,17.67,0.00,,
5613,08/18/2021 21:44:37,17.16,0.00,,
5614,08/18/2021 21:54:37,17.07,0.00,,
5615,08/18/2021 22:04:37,16.90,0.00,,
5616,08/18/2021 22:14:37,17.46,0.00,,
5617,08/18/2021 22:24:37,17.54,0.00,,
5618,08/18/2021 22:34:37,17.72,0.00,,
5619,08/18/2021 22:44:37,16.86,0.00,,
5620,08/18/2021 22:54:37,15.83,0.00,,
5621,08/18/2021 23:04:37,14.93,0.00,,
5622,08/18/2021 23:14:37,16.04,0.00,,
5623,08/18/2021 23:24:37,15.44,0.00,,
5624,08/18/2021 23:34:37,15.23,0.00,,
5625,08/18/2021 23:44:37,15.06,0.00,,
5626,08/18/2021 23:54:37,14.80,0.00,,
5627,08/19/2021 00:04:37,14.75,0.00,,
5628,08/19/2021 00:14:37,14.45,0.00,,
5629,08/19/2021 00:24:37,14.80,0.00,,
5630,08/19/2021 00:34:37,14.93,0.00,,
5631,08/19/2021 00:44:37,14.11,0.00,,
5632,08/19/2021 00:54:37,13.94,0.00,,
5633,08/19/2021 01:04:37,13.85,0.00,,
5634,08/19/2021 01:14:37,13.94,0.00,,
5635,08/19/2021 01:24:37,13.94,0.00,,
5636,08/19/2021 01:34:37,13.85,0.00,,
5637,08/19/2021 01:44:37,14.11,0.00,,
5638,08/19/2021 01:54:37,14.03,0.00,,
5639,08/19/2021 02:04:37,13.60,0.00,,
5640,08/19/2021 02:14:37,14.37,0.00,,
5641,08/19/2021 02:24:37,15.40,0.00,,
5642,08/19/2021 02:34:37,15.27,0.00,,
5643,08/19/2021 02:44:37,15.18,0.00,,
5644,08/19/2021 02:54:37,15.14,0.00,,
5645,08/19/2021 03:04:37,15.40,0.00,,
5646,08/19/2021 03:14:37,15.40,0.00,,
5647,08/19/2021 03:24:37,15.27,0.00,,
5648,08/19/2021 03:34:37,15.23,0.00,,
5649,08/19/2021 03:44:37,14.97,0.00,,
5650,08/19/2021 03:54:37,14.93,0.00,,
5651,08/19/2021 04:04:37,14.97,0.00,,
5652,08/19/2021 04:14:37,14.88,0.00,,
5653,08/19/2021 04:24:37,14.75,0.00,,
5654,08/19/2021 04:34:37,14.63,0.00,,
5655,08/19/2021 04:44:37,14.45,0.00,,
5656,08/19/2021 04:54:37,14.45,0.00,,
5657,08/19/2021 05:04:37,14.88,0.00,,
5658,08/19/2021 05:14:37,14.93,0.00,,
5659,08/19/2021 05:24:37,14.63,0.00,,
5660,08/19/2021 05:34:37,14.54,0.00,,
5661,08/19/2021 05:44:37,14.50,0.00,,
5662,08/19/2021 05:54:37,14.50,0.00,,
5663,08/19/2021 06:04:37,14.45,0.00,,
5664,08/19/2021 06:14:37,14.58,0.21,,
5665,08/19/2021 06:24:37,14.58,4.70,,
5666,08/19/2021 06:34:37,14.41,13.06,,
5667,08/19/2021 06:44:37,14.54,29.25,,
5668,08/19/2021 06:54:37,14.45,60.70,,
5669,08/19/2021 07:04:37,14.37,104.12,,
5670,08/19/2021 07:14:37,14.20,151.52,,
5671,08/19/2021 07:24:37,14.20,253.36,,
5672,08/19/2021 07:34:37,14.58,366.08,,
5673,08/19/2021 07:44:37,15.01,518.08,,
5674,08/19/2021 07:54:37,15.44,651.36,,
5675,08/19/2021 08:04:37,15.78,784.64,,
5676,08/19/2021 08:14:37,16.13,988.16,,
5677,08/19/2021 08:24:37,16.34,1053.12,,
5678,08/19/2021 08:34:37,16.47,1132.48,,
5679,08/19/2021 08:44:37,16.56,1239.36,,
5680,08/19/2021 08:54:37,16.90,1278.72,,
5681,08/19/2021 09:04:37,17.29,1351.04,,
5682,08/19/2021 09:14:37,17.50,1441.92,,
5683,08/19/2021 09:24:37,17.50,1555.84,,
5684,08/19/2021 09:34:37,17.41,1566.08,,
5685,08/19/2021 09:44:37,17.41,1632.00,,
5686,08/19/2021 09:54:37,17.72,1779.84,,
5687,08/19/2021 10:04:37,17.89,1839.36,,
5688,08/19/2021 10:14:37,17.97,1854.72,,
5689,08/19/2021 10:24:37,18.10,1884.16,,
5690,08/19/2021 10:34:37,18.23,1767.04,,
5691,08/19/2021 10:44:37,18.49,1710.72,,
5692,08/19/2021 10:54:37,19.00,1853.44,,
5693,08/19/2021 11:04:37,19.09,1795.20,,
5694,08/19/2021 11:14:37,19.39,1844.48,,
5695,08/19/2021 11:24:37,19.35,1788.16,,
5696,08/19/2021 11:34:37,19.39,1803.52,,
5697,08/19/2021 11:44:37,19.52,1801.60,,
5698,08/19/2021 11:54:37,19.56,1735.04,,
5699,08/19/2021 12:04:37,19.56,1820.80,,
5700,08/19/2021 12:14:37,19.43,1765.76,,
5701,08/19/2021 12:24:37,19.43,1795.20,,
5702,08/19/2021 12:34:37,19.47,1760.00,,
5703,08/19/2021 12:44:37,19.43,1858.56,,
5704,08/19/2021 12:54:37,19.30,1786.24,,
5705,08/19/2021 13:04:37,19.17,1831.04,,
5706,08/19/2021 13:14:37,19.26,1836.16,,
5707,08/19/2021 13:24:37,19.26,1884.16,,
5708,08/19/2021 13:34:37,19.30,1815.68,,
5709,08/19/2021 13:44:37,19.30,1800.32,,
5710,08/19/2021 13:54:37,19.17,1853.44,,
5711,08/19/2021 14:04:37,19.00,1844.48,,
5712,08/19/2021 14:14:37,19.00,1859.84,,
5713,08/19/2021 14:24:37,19.05,1834.24,,
5714,08/19/2021 14:34:37,18.96,1825.92,,
5715,08/19/2021 14:44:37,18.79,1820.80,,
5716,08/19/2021 14:54:37,18.70,1820.80,,
5717,08/19/2021 15:04:37,18.87,1952.64,,
5718,08/19/2021 15:14:37,18.87,1933.44,,
5719,08/19/2021 15:24:37,18.79,1884.16,,
5720,08/19/2021 15:34:37,18.70,1948.80,,
5721,08/19/2021 15:44:37,18.36,1950.72,,
5722,08/19/2021 15:54:37,18.23,1993.60,,
5723,08/19/2021 16:04:37,18.02,2169.60,,
5724,08/19/2021 16:14:37,17.80,2097.92,,
5725,08/19/2021 16:24:37,17.80,1998.72,,
5726,08/19/2021 16:34:37,17.76,1940.48,,
5727,08/19/2021 16:44:37,17.59,1820.80,,
5728,08/19/2021 16:54:37,17.41,1538.56,,
5729,08/19/2021 17:04:37,16.90,1191.68,,
5730,08/19/2021 17:14:37,16.94,1013.76,,
5731,08/19/2021 17:24:37,16.81,939.52,,
5732,08/19/2021 17:34:37,16.60,728.64,,
5733,08/19/2021 17:44:37,16.43,707.84,,
5734,08/19/2021 17:54:37,16.47,607.36,,
5735,08/19/2021 18:04:37,16.34,535.04,,
5736,08/19/2021 18:14:37,16.26,480.80,,
5737,08/19/2021 18:24:37,16.17,364.48,,
5738,08/19/2021 18:34:37,16.08,294.16,,
5739,08/19/2021 18:44:37,16.04,228.00,,
5740,08/19/2021 18:54:37,15.91,243.44,,
5741,08/19/2021 19:04:37,15.91,254.72,,
5742,08/19/2021 19:14:37,15.87,215.20,,
5743,08/19/2021 19:24:37,15.87,145.44,,
5744,08/19/2021 19:34:37,15.91,72.34,,
5745,08/19/2021 19:44:37,15.96,43.00,,
5746,08/19/2021 19:54:37,16.04,20.01,,
5747,08/19/2021 20:04:37,15.87,6.22,,
5748,08/19/2021 20:14:37,15.91,0.85,,
5749,08/19/2021 20:24:37,15.83,0.00,,
5750,08/19/2021 20:34:37,15.87,0.00,,
5751,08/19/2021 20:44:37,15.87,0.00,,
5752,08/19/2021 20:54:37,15.74,0.00,,
5753,08/19/2021 21:04:37,15.70,0.00,,
5754,08/19/2021 21:14:37,15.70,0.00,,
5755,08/19/2021 21:24:37,16.04,0.00,,
5756,08/19/2021 21:34:37,16.30,0.00,,
5757,08/19/2021 21:44:37,17.11,0.00,,
5758,08/19/2021 21:54:37,17.03,0.00,,
5759,08/19/2021 22:04:37,17.16,0.00,,
5760,08/19/2021 22:14:37,17.46,0.00,,
5761,08/19/2021 22:24:37,16.90,0.00,,
5762,08/19/2021 22:34:37,16.13,0.00,,
5763,08/19/2021 22:44:37,15.53,0.00,,
5764,08/19/2021 22:54:37,15.23,0.00,,
5765,08/19/2021 23:04:37,15.27,0.00,,
5766,08/19/2021 23:14:37,15.27,0.00,,
5767,08/19/2021 23:24:37,15.27,0.00,,
5768,08/19/2021 23:34:37,15.27,0.00,,
5769,08/19/2021 23:44:37,15.27,0.00,,
5770,08/19/2021 23:54:37,15.36,0.00,,
5771,08/20/2021 00:04:37,15.23,0.00,,
5772,08/20/2021 00:14:37,15.27,0.00,,
5773,08/20/2021 00:24:37,15.27,0.00,,
5774,08/20/2021 00:34:37,15.18,0.00,,
5775,08/20/2021 00:44:37,15.10,0.00,,
5776,08/20/2021 00:54:37,15.10,0.00,,
5777,08/20/2021 01:04:37,14.97,0.00,,
5778,08/20/2021 01:14:37,14.93,0.00,,
5779,08/20/2021 01:24:37,15.01,0.00,,
5780,08/20/2021 01:34:37,15.18,0.00,,
5781,08/20/2021 01:44:37,15.06,0.00,,
5782,08/20/2021 01:54:37,15.06,0.00,,
5783,08/20/2021 02:04:37,15.01,0.00,,
5784,08/20/2021 02:14:37,15.18,0.00,,
5785,08/20/2021 02:24:37,15.18,0.00,,
5786,08/20/2021 02:34:37,15.23,0.00,,
5787,08/20/2021 02:44:37,15.23,0.00,,
5788,08/20/2021 02:54:37,15.27,0.00,,
5789,08/20/2021 03:04:37,15.10,0.00,,
5790,08/20/2021 03:14:37,15.01,0.00,,
5791,08/20/2021 03:24:37,15.06,0.00,,
5792,08/20/2021 03:34:37,15.06,0.00,,
5793,08/20/2021 03:44:37,15.10,0.00,,
5794,08/20/2021 03:54:37,15.18,0.00,,
5795,08/20/2021 04:04:37,15.31,0.00,,
5796,08/20/2021 04:14:37,15.36,0.00,,
5797,08/20/2021 04:24:37,15.40,0.00,,
5798,08/20/2021 04:34:37,15.44,0.00,,
5799,08/20/2021 04:44:37,15.36,0.00,,
5800,08/20/2021 04:54:37,15.36,0.00,,
5801,08/20/2021 05:04:37,15.31,0.00,,
5802,08/20/2021 05:14:37,15.27,0.00,,
5803,08/20/2021 05:24:37,15.27,0.00,,
5804,08/20/2021 05:34:37,15.18,0.00,,
5805,08/20/2021 05:44:37,15.14,0.00,,
5806,08/20/2021 05:54:37,15.14,0.00,,
5807,08/20/2021 06:04:37,15.23,0.00,,
5808,08/20/2021 06:14:37,15.18,0.00,,
5809,08/20/2021 06:24:37,15.23,1.28,,
5810,08/20/2021 06:34:37,15.18,5.34,,
5811,08/20/2021 06:44:37,15.23,11.35,,
5812,08/20/2021 06:54:37,15.14,19.12,,
5813,08/20/2021 07:04:37,15.18,29.04,,
5814,08/20/2021 07:14:37,15.27,39.16,,
5815,08/20/2021 07:24:37,15.27,55.48,,
5816,08/20/2021 07:34:37,15.31,63.86,,
5817,08/20/2021 07:44:37,15.36,83.00,,
5818,08/20/2021 07:54:37,15.40,93.40,,
5819,08/20/2021 08:04:37,15.44,110.60,,
5820,08/20/2021 08:14:37,15.44,133.36,,
5821,08/20/2021 08:24:37,15.44,167.76,,
5822,08/20/2021 08:34:37,15.53,191.76,,
5823,08/20/2021 08:44:37,15.66,211.76,,
5824,08/20/2021 08:54:37,15.66,234.00,,
5825,08/20/2021 09:04:37,15.66,264.16,,
5826,08/20/2021 09:14:37,15.66,305.36,,
5827,08/20/2021 09:24:37,15.83,347.68,,
5828,08/20/2021 09:34:37,15.91,428.48,,
5829,08/20/2021 09:44:37,15.91,447.52,,
5830,08/20/2021 09:54:37,16.08,503.20,,
5831,08/20/2021 10:04:37,16.08,594.56,,
5832,08/20/2021 10:14:37,16.21,647.04,,
5833,08/20/2021 10:24:37,16.21,805.12,,
5834,08/20/2021 10:34:37,16.34,792.32,,
5835,08/20/2021 10:44:37,16.39,858.56,,
5836,08/20/2021 10:54:37,16.51,944.64,,
5837,08/20/2021 11:04:37,16.51,925.76,,
5838,08/20/2021 11:14:37,16.69,1176.96,,
5839,08/20/2021 11:24:37,17.03,1450.24,,
5840,08/20/2021 11:34:37,17.16,1569.92,,
5841,08/20/2021 11:44:37,17.29,1678.08,,
5842,08/20/2021 11:54:37,17.46,1793.28,,
5843,08/20/2021 12:04:37,17.63,1793.28,,
5844,08/20/2021 12:14:37,17.59,1907.84,,
5845,08/20/2021 12:24:37,17.67,1928.32,,
5846,08/20/2021 12:34:37,17.67,1936.64,,
5847,08/20/2021 12:44:37,17.76,1907.84,,
5848,08/20/2021 12:54:37,17.89,1938.56,,
5849,08/20/2021 13:04:37,18.06,1978.24,,
5850,08/20/2021 13:14:37,18.06,1988.48,,
5851,08/20/2021 13:24:37,18.27,1986.56,,
5852,08/20/2021 13:34:37,18.53,2010.24,,
5853,08/20/2021 13:44:37,18.70,1952.64,,
5854,08/20/2021 13:54:37,18.66,1964.16,,
5855,08/20/2021 14:04:37,18.49,2025.60,,
5856,08/20/2021 14:14:37,18.44,2010.24,,
5857,08/20/2021 14:24:37,18.32,1940.48,,
5858,08/20/2021 14:34:37,18.32,1918.08,,
5859,08/20/2021 14:44:37,18.36,1761.92,,
5860,08/20/2021 14:54:37,18.27,1938.56,,
5861,08/20/2021 15:04:37,18.32,1861.76,,
5862,08/20/2021 15:14:37,18.14,1561.60,,
5863,08/20/2021 15:24:37,18.06,1634.56,,
5864,08/20/2021 15:34:37,18.02,1676.80,,
5865,08/20/2021 15:44:37,18.14,1726.08,,
5866,08/20/2021 15:54:37,17.97,1681.92,,
5867,08/20/2021 16:04:37,17.89,1626.88,,
5868,08/20/2021 16:14:37,17.97,1463.04,,
5869,08/20/2021 16:24:37,17.93,1358.72,,
5870,08/20/2021 16:34:37,17.67,1099.20,,
5871,08/20/2021 16:44:37,17.46,1158.40,,
5872,08/20/2021 16:54:37,17.37,936.96,,
5873,08/20/2021 17:04:37,17.33,807.36,,
5874,08/20/2021 17:14:37,17.46,774.08,,
5875,08/20/2021 17:24:37,17.33,692.80,,
5876,08/20/2021 17:34:37,17.20,560.32,,
5877,08/20/2021 17:44:37,16.99,494.72,,
5878,08/20/2021 17:54:37,16.99,410.24,,
5879,08/20/2021 18:04:37,16.81,367.36,,
5880,08/20/2021 18:14:37,16.81,304.56,,
5881,08/20/2021 18:24:37,16.73,268.40,,
5882,08/20/2021 18:34:37,16.60,240.80,,
5883,08/20/2021 18:44:37,16.73,216.88,,
5884,08/20/2021 18:54:37,16.47,150.56,,
5885,08/20/2021 19:04:37,16.43,96.80,,
5886,08/20/2021 19:14:37,16.26,76.98,,
5887,08/20/2021 19:24:37,16.34,50.94,,
5888,08/20/2021 19:34:37,16.51,38.92,,
5889,08/20/2021 19:44:37,16.39,25.80,,
5890,08/20/2021 19:54:37,16.30,10.52,,
5891,08/20/2021 20:04:37,16.26,3.20,,
5892,08/20/2021 20:14:37,16.13,0.00,,
5893,08/20/2021 20:24:37,16.26,0.00,,
5894,08/20/2021 20:34:37,16.26,0.00,,
5895,08/20/2021 20:44:37,16.17,0.00,,
5896,08/20/2021 20:54:37,16.13,0.00,,
5897,08/20/2021 21:04:37,16.26,0.00,,
5898,08/20/2021 21:14:37,16.30,0.00,,
5899,08/20/2021 21:24:37,16.21,0.00,,
5900,08/20/2021 21:34:37,16.34,0.00,,
5901,08/20/2021 21:44:37,16.56,0.00,,
5902,08/20/2021 21:54:37,16.60,0.00,,
5903,08/20/2021 22:04:37,16.60,0.00,,
5904,08/20/2021 22:14:37,16.90,0.00,,
5905,08/20/2021 22:24:37,17.89,0.00,,
5906,08/20/2021 22:34:37,20.93,0.00,,
5907,08/20/2021 22:44:37,21.53,0.00,,
5908,08/20/2021 22:54:37,21.58,0.00,,
5909,08/20/2021 23:04:37,21.53,0.00,,
5910,08/20/2021 23:14:37,21.19,0.00,,
5911,08/20/2021 23:24:37,18.44,0.00,,
5912,08/20/2021 23:34:37,17.16,0.00,,
5913,08/20/2021 23:44:37,16.26,0.00,,
5914,08/20/2021 23:54:37,15.91,0.00,,
5915,08/21/2021 00:04:37,15.70,0.00,,
5916,08/21/2021 00:14:37,15.87,0.00,,
5917,08/21/2021 00:24:37,15.78,0.00,,
5918,08/21/2021 00:34:37,15.74,0.00,,
5919,08/21/2021 00:44:37,15.83,0.00,,
5920,08/21/2021 00:54:37,15.83,0.00,,
5921,08/21/2021 01:04:37,15.87,0.00,,
5922,08/21/2021 01:14:37,15.70,0.00,,
5923,08/21/2021 01:24:37,15.66,0.00,,
5924,08/21/2021 01:34:37,15.53,0.00,,
5925,08/21/2021 01:44:37,15.70,0.00,,
5926,08/21/2021 01:54:37,15.57,0.00,,
5927,08/21/2021 02:04:37,15.70,0.00,,
5928,08/21/2021 02:14:37,15.57,0.00,,
5929,08/21/2021 02:24:37,15.66,0.00,,
5930,08/21/2021 02:34:37,15.66,0.00,,
5931,08/21/2021 02:44:37,15.57,0.00,,
5932,08/21/2021 02:54:37,15.53,0.00,,
5933,08/21/2021 03:04:37,15.53,0.00,,
5934,08/21/2021 03:14:37,15.57,0.00,,
5935,08/21/2021 03:24:37,15.31,0.00,,
5936,08/21/2021 03:34:37,15.23,0.00,,
5937,08/21/2021 03:44:37,15.10,0.00,,
5938,08/21/2021 03:54:37,15.01,0.00,,
5939,08/21/2021 04:04:37,14.93,0.00,,
5940,08/21/2021 04:14:37,14.97,0.00,,
5941,08/21/2021 04:24:37,14.93,0.00,,
5942,08/21/2021 04:34:37,14.93,0.00,,
5943,08/21/2021 04:44:37,14.88,0.00,,
5944,08/21/2021 04:54:37,14.93,0.00,,
5945,08/21/2021 05:04:37,15.01,0.00,,
5946,08/21/2021 05:14:37,15.01,0.00,,
5947,08/21/2021 05:24:37,15.06,0.00,,
5948,08/21/2021 05:34:37,15.06,0.00,,
5949,08/21/2021 05:44:37,14.88,0.00,,
5950,08/21/2021 05:54:37,14.80,0.00,,
5951,08/21/2021 06:04:37,14.84,0.00,,
5952,08/21/2021 06:14:37,14.88,0.00,,
5953,08/21/2021 06:24:37,14.71,0.64,,
5954,08/21/2021 06:34:37,14.67,3.20,,
5955,08/21/2021 06:44:37,14.58,6.01,,
5956,08/21/2021 06:54:37,14.58,12.90,,
5957,08/21/2021 07:04:37,14.50,22.57,,
5958,08/21/2021 07:14:37,14.41,35.05,,
5959,08/21/2021 07:24:37,14.41,47.70,,
5960,08/21/2021 07:34:37,14.37,87.28,,
5961,08/21/2021 07:44:37,14.28,90.32,,
5962,08/21/2021 07:54:37,14.28,122.12,,
5963,08/21/2021 08:04:37,14.33,149.72,,
5964,08/21/2021 08:14:37,14.28,137.64,,
5965,08/21/2021 08:24:37,14.28,151.40,,
5966,08/21/2021 08:34:37,14.24,179.68,,
5967,08/21/2021 08:44:37,14.28,219.44,,
5968,08/21/2021 08:54:37,14.41,272.72,,
5969,08/21/2021 09:04:37,14.41,282.96,,
5970,08/21/2021 09:14:37,14.33,337.12,,
5971,08/21/2021 09:24:37,14.33,366.40,,
5972,08/21/2021 09:34:37,14.41,423.04,,
5973,08/21/2021 09:44:37,14.45,517.60,,
5974,08/21/2021 09:54:37,14.54,495.52,,
5975,08/21/2021 10:04:37,14.63,577.92,,
5976,08/21/2021 10:14:37,14.63,446.40,,
5977,08/21/2021 10:24:37,14.67,492.80,,
5978,08/21/2021 10:34:37,14.80,417.92,,
5979,08/21/2021 10:44:37,14.84,416.32,,
5980,08/21/2021 10:54:37,14.88,415.36,,
5981,08/21/2021 11:04:37,15.01,553.92,,
5982,08/21/2021 11:14:37,14.97,589.44,,
5983,08/21/2021 11:24:37,15.18,859.84,,
5984,08/21/2021 11:34:37,15.40,755.20,,
5985,08/21/2021 11:44:37,15.53,720.00,,
5986,08/21/2021 11:54:37,15.78,1109.44,,
5987,08/21/2021 12:04:37,16.13,1249.60,,
5988,08/21/2021 12:14:37,16.26,1370.88,,
5989,08/21/2021 12:24:37,16.30,1347.20,,
5990,08/21/2021 12:34:37,16.51,1234.24,,
5991,08/21/2021 12:44:37,16.73,1275.52,,
5992,08/21/2021 12:54:37,16.69,1296.00,,
5993,08/21/2021 13:04:37,16.51,1330.56,,
5994,08/21/2021 13:14:37,16.51,1331.84,,
5995,08/21/2021 13:24:37,16.26,1064.96,,
5996,08/21/2021 13:34:37,15.91,859.84,,
5997,08/21/2021 13:44:37,15.78,801.92,,
5998,08/21/2021 13:54:37,16.00,794.88,,
5999,08/21/2021 14:04:37,16.04,938.56,,
6000,08/21/2021 14:14:37,15.96,848.00,,
6001,08/21/2021 14:24:37,15.87,941.12,,
6002,08/21/2021 14:34:37,16.04,722.56,,
6003,08/21/2021 14:44:37,15.96,620.96,,
6004,08/21/2021 14:54:37,15.66,474.88,,
6005,08/21/2021 15:04:37,15.01,474.88,,
6006,08/21/2021 15:14:37,14.80,435.36,,
6007,08/21/2021 15:24:37,14.88,482.56,,
6008,08/21/2021 15:34:37,14.84,585.60,,
6009,08/21/2021 15:44:37,14.80,546.24,,
6010,08/21/2021 15:54:37,14.84,400.00,,
6011,08/21/2021 16:04:37,14.93,405.12,,
6012,08/21/2021 16:14:37,15.10,334.56,,
6013,08/21/2021 16:24:37,15.06,326.08,,
6014,08/21/2021 16:34:37,14.97,289.92,,
6015,08/21/2021 16:44:37,14.80,301.12,,
6016,08/21/2021 16:54:37,14.63,310.48,,
6017,08/21/2021 17:04:37,14.75,333.76,,
6018,08/21/2021 17:14:37,14.84,351.68,,
6019,08/21/2021 17:24:37,14.84,326.96,,
6020,08/21/2021 17:34:37,14.97,258.16,,
6021,08/21/2021 17:44:37,14.97,232.32,,
6022,08/21/2021 17:54:37,15.01,225.44,,
6023,08/21/2021 18:04:37,15.06,230.56,,
6024,08/21/2021 18:14:37,15.14,222.88,,
6025,08/21/2021 18:24:37,15.14,184.96,,
6026,08/21/2021 18:34:37,15.10,152.28,,
6027,08/21/2021 18:44:37,15.14,137.64,,
6028,08/21/2021 18:54:37,15.01,101.08,,
6029,08/21/2021 19:04:37,15.10,76.56,,
6030,08/21/2021 19:14:37,14.93,60.18,,
6031,08/21/2021 19:24:37,14.93,49.42,,
6032,08/21/2021 19:34:37,14.97,29.22,,
6033,08/21/2021 19:44:37,14.88,16.99,,
6034,08/21/2021 19:54:37,14.88,7.29,,
6035,08/21/2021 20:04:37,14.88,1.92,,
6036,08/21/2021 20:14:37,14.88,0.00,,
6037,08/21/2021 20:24:37,14.75,0.00,,
6038,08/21/2021 20:34:37,14.54,0.00,,
6039,08/21/2021 20:44:37,14.58,0.00,,
6040,08/21/2021 20:54:37,14.63,0.00,,
6041,08/21/2021 21:04:37,14.71,0.00,,
6042,08/21/2021 21:14:37,14.41,0.00,,
6043,08/21/2021 21:24:37,14.41,0.00,,
6044,08/21/2021 21:34:37,14.28,0.00,,
6045,08/21/2021 21:44:37,14.33,0.00,,
6046,08/21/2021 21:54:37,14.58,0.00,,
6047,08/21/2021 22:04:37,14.71,0.00,,
6048,08/21/2021 22:14:37,14.75,0.00,,
6049,08/21/2021 22:24:37,14.84,0.00,,
6050,08/21/2021 22:34:37,15.10,0.00,,
6051,08/21/2021 22:44:37,15.31,0.00,,
6052,08/21/2021 22:54:37,15.40,0.00,,
6053,08/21/2021 23:04:37,15.53,0.00,,
6054,08/21/2021 23:14:37,16.47,0.00,,
6055,08/21/2021 23:24:37,20.16,0.00,,
6056,08/21/2021 23:34:37,20.55,0.00,,
6057,08/21/2021 23:44:37,20.72,0.00,,
6058,08/21/2021 23:54:37,20.72,0.00,,
6059,08/22/2021 00:04:37,20.20,0.00,,
6060,08/22/2021 00:14:37,16.86,0.00,,
6061,08/22/2021 00:24:37,15.48,0.00,,
6062,08/22/2021 00:34:37,15.14,0.00,,
6063,08/22/2021 00:44:37,14.84,0.00,,
6064,08/22/2021 00:54:37,14.20,0.00,,
6065,08/22/2021 01:04:37,14.11,0.00,,
6066,08/22/2021 01:14:37,13.94,0.00,,
6067,08/22/2021 01:24:37,13.90,0.00,,
6068,08/22/2021 01:34:37,13.68,0.00,,
6069,08/22/2021 01:44:37,13.85,0.00,,
6070,08/22/2021 01:54:37,13.98,0.00,,
6071,08/22/2021 02:04:37,13.81,0.00,,
6072,08/22/2021 02:14:37,13.81,0.00,,
6073,08/22/2021 02:24:37,13.90,0.00,,
6074,08/22/2021 02:34:37,13.94,0.00,,
6075,08/22/2021 02:44:37,14.03,0.00,,
6076,08/22/2021 02:54:37,13.94,0.00,,
6077,08/22/2021 03:04:37,13.94,0.00,,
6078,08/22/2021 03:14:37,13.98,0.00,,
6079,08/22/2021 03:24:37,13.98,0.00,,
6080,08/22/2021 03:34:37,13.94,0.00,,
6081,08/22/2021 03:44:37,13.94,0.00,,
6082,08/22/2021 03:54:37,13.94,0.00,,
6083,08/22/2021 04:04:37,13.81,0.00,,
6084,08/22/2021 04:14:37,13.85,0.00,,
6085,08/22/2021 04:24:37,13.77,0.00,,
6086,08/22/2021 04:34:37,13.60,0.00,,
6087,08/22/2021 04:44:37,13.64,0.00,,
6088,08/22/2021 04:54:37,13.51,0.00,,
6089,08/22/2021 05:04:37,13.43,0.00,,
6090,08/22/2021 05:14:37,13.38,0.00,,
6091,08/22/2021 05:24:37,13.30,0.00,,
6092,08/22/2021 05:34:37,13.34,0.00,,
6093,08/22/2021 05:44:37,13.38,0.00,,
6094,08/22/2021 05:54:37,13.38,0.00,,
6095,08/22/2021 06:04:37,13.38,0.00,,
6096,08/22/2021 06:14:37,13.38,0.00,,
6097,08/22/2021 06:24:37,13.34,1.28,,
6098,08/22/2021 06:34:37,13.25,6.01,,
6099,08/22/2021 06:44:37,13.30,14.82,,
6100,08/22/2021 06:54:37,13.43,26.87,,
6101,08/22/2021 07:04:37,13.38,43.20,,
6102,08/22/2021 07:14:37,13.43,56.76,,
6103,08/22/2021 07:24:37,13.47,76.98,,
6104,08/22/2021 07:34:37,13.51,93.32,,
6105,08/22/2021 07:44:37,13.60,112.72,,
6106,08/22/2021 07:54:37,13.64,141.16,,
6107,08/22/2021 08:04:37,13.64,164.32,,
6108,08/22/2021 08:14:37,13.68,194.48,,
6109,08/22/2021 08:24:37,13.77,229.76,,
6110,08/22/2021 08:34:37,13.90,249.60,,
6111,08/22/2021 08:44:37,14.15,307.12,,
6112,08/22/2021 08:54:37,14.24,352.64,,
6113,08/22/2021 09:04:37,14.33,403.52,,
6114,08/22/2021 09:14:37,14.54,447.52,,
6115,08/22/2021 09:24:37,14.63,503.20,,
6116,08/22/2021 09:34:37,14.80,524.00,,
6117,08/22/2021 09:44:37,14.88,576.64,,
6118,08/22/2021 09:54:37,15.14,642.88,,
6119,08/22/2021 10:04:37,15.23,690.56,,
6120,08/22/2021 10:14:37,15.31,748.48,,
6121,08/22/2021 10:24:37,15.27,792.32,,
6122,08/22/2021 10:34:37,15.44,858.56,,
6123,08/22/2021 10:44:37,15.57,893.12,,
6124,08/22/2021 10:54:37,15.83,1018.88,,
6125,08/22/2021 11:04:37,16.04,1153.92,,
6126,08/22/2021 11:14:37,16.17,1376.00,,
6127,08/22/2021 11:24:37,16.51,1520.64,,
6128,08/22/2021 11:34:37,16.60,1711.36,,
6129,08/22/2021 11:44:37,16.81,1879.04,,
6130,08/22/2021 11:54:37,16.90,1928.32,,
6131,08/22/2021 12:04:37,17.16,1824.00,,
6132,08/22/2021 12:14:37,17.46,1709.44,,
6133,08/22/2021 12:24:37,17.76,1678.72,,
6134,08/22/2021 12:34:37,18.06,1671.68,,
6135,08/22/2021 12:44:37,18.40,1607.04,,
6136,08/22/2021 12:54:37,18.66,1587.20,,
6137,08/22/2021 13:04:37,18.87,1572.48,,
6138,08/22/2021 13:14:37,19.05,1548.80,,
6139,08/22/2021 13:24:37,19.30,1559.68,,
6140,08/22/2021 13:34:37,19.52,1609.60,,
6141,08/22/2021 13:44:37,19.69,1575.04,,
6142,08/22/2021 13:54:37,19.82,1587.20,,
6143,08/22/2021 14:04:37,19.90,1611.52,,
6144,08/22/2021 14:14:37,19.95,1687.04,,
6145,08/22/2021 14:24:37,20.07,1729.92,,
6146,08/22/2021 14:34:37,19.99,1749.12,,
6147,08/22/2021 14:44:37,19.95,1808.64,,
6148,08/22/2021 14:54:37,19.95,1851.52,,
6149,08/22/2021 15:04:37,19.99,1926.40,,
6150,08/22/2021 15:14:37,19.90,1935.36,,
6151,08/22/2021 15:24:37,19.69,1991.68,,
6152,08/22/2021 15:34:37,19.65,2068.48,,
6153,08/22/2021 15:44:37,19.52,2099.20,,
6154,08/22/2021 15:54:37,19.39,2140.16,,
6155,08/22/2021 16:04:37,19.26,2169.60,,
6156,08/22/2021 16:14:37,19.30,2207.36,,
6157,08/22/2021 16:24:37,19.09,2272.00,,
6158,08/22/2021 16:34:37,18.92,2225.92,,
6159,08/22/2021 16:44:37,18.87,2318.08,,
6160,08/22/2021 16:54:37,18.70,2398.72,,
6161,08/22/2021 17:04:37,18.49,2426.24,,
6162,08/22/2021 17:14:37,18.23,2515.20,,
6163,08/22/2021 17:24:37,18.06,2431.36,,
6164,08/22/2021 17:34:37,18.14,2403.84,,
6165,08/22/2021 17:44:37,18.06,2318.08,,
6166,08/22/2021 17:54:37,17.76,2393.60,,
6167,08/22/2021 18:04:37,17.46,2195.20,,
6168,08/22/2021 18:14:37,17.29,2169.60,,
6169,08/22/2021 18:24:37,17.20,1887.36,,
6170,08/22/2021 18:34:37,16.86,1696.00,,
6171,08/22/2021 18:44:37,16.69,1374.72,,
6172,08/22/2021 18:54:37,16.39,840.96,,
6173,08/22/2021 19:04:37,16.08,429.12,,
6174,08/22/2021 19:14:37,16.04,313.04,,
6175,08/22/2021 19:24:37,15.91,210.72,,
6176,08/22/2021 19:34:37,15.83,129.92,,
6177,08/22/2021 19:44:37,15.61,64.54,,
6178,08/22/2021 19:54:37,15.48,24.92,,
6179,08/22/2021 20:04:37,15.57,6.01,,
6180,08/22/2021 20:14:37,15.48,0.21,,
6181,08/22/2021 20:24:37,15.40,0.00,,
6182,08/22/2021 20:34:37,15.27,0.00,,
6183,08/22/2021 20:44:37,15.01,0.00,,
6184,08/22/2021 20:54:37,15.27,0.00,,
6185,08/22/2021 21:04:37,15.23,0.00,,
6186,08/22/2021 21:14:37,15.14,0.00,,
6187,08/22/2021 21:24:37,15.10,0.00,,
6188,08/22/2021 21:34:37,15.06,0.00,,
6189,08/22/2021 21:44:37,15.23,0.00,,
6190,08/22/2021 21:54:37,15.18,0.00,,
6191,08/22/2021 22:04:37,15.27,0.00,,
6192,08/22/2021 22:14:37,15.10,0.00,,
6193,08/22/2021 22:24:37,15.10,0.00,,
6194,08/22/2021 22:34:37,15.10,0.00,,
6195,08/22/2021 22:44:37,14.93,0.00,,
6196,08/22/2021 22:54:37,15.14,0.00,,
6197,08/22/2021 23:04:37,15.36,0.00,,
6198,08/22/2021 23:14:37,15.31,0.00,,
6199,08/22/2021 23:24:37,15.44,0.00,,
6200,08/22/2021 23:34:37,15.23,0.00,,
6201,08/22/2021 23:44:37,15.44,0.00,,
6202,08/22/2021 23:54:37,15.53,0.00,,
6203,08/23/2021 00:04:37,15.61,0.00,,
6204,08/23/2021 00:14:37,15.48,0.00,,
6205,08/23/2021 00:24:37,15.70,0.00,,
6206,08/23/2021 00:34:37,15.70,0.00,,
6207,08/23/2021 00:44:37,15.78,0.00,,
6208,08/23/2021 00:54:37,15.53,0.00,,
6209,08/23/2021 01:04:37,15.44,0.00,,
6210,08/23/2021 01:14:37,15.27,0.00,,
6211,08/23/2021 01:24:37,15.01,0.00,,
6212,08/23/2021 01:34:37,14.71,0.00,,
6213,08/23/2021 01:44:37,14.67,0.00,,
6214,08/23/2021 01:54:37,14.50,0.00,,
6215,08/23/2021 02:04:37,14.54,0.00,,
6216,08/23/2021 02:14:37,14.41,0.00,,
6217,08/23/2021 02:24:37,14.54,0.00,,
6218,08/23/2021 02:34:37,14.54,0.00,,
6219,08/23/2021 02:44:37,14.41,0.00,,
6220,08/23/2021 02:54:37,14.37,0.00,,
6221,08/23/2021 03:04:37,14.33,0.00,,
6222,08/23/2021 03:14:37,14.33,0.00,,
6223,08/23/2021 03:24:37,14.33,0.00,,
6224,08/23/2021 03:34:37,14.33,0.00,,
6225,08/23/2021 03:44:37,14.28,0.00,,
6226,08/23/2021 03:54:37,14.28,0.00,,
6227,08/23/2021 04:04:37,14.15,0.00,,
6228,08/23/2021 04:14:37,14.03,0.00,,
6229,08/23/2021 04:24:37,13.98,0.00,,
6230,08/23/2021 04:34:37,13.90,0.00,,
6231,08/23/2021 04:44:37,14.03,0.00,,
6232,08/23/2021 04:54:37,13.90,0.00,,
6233,08/23/2021 05:04:37,13.98,0.00,,
6234,08/23/2021 05:14:37,13.85,0.00,,
6235,08/23/2021 05:24:37,14.07,0.00,,
6236,08/23/2021 05:34:37,13.98,0.00,,
6237,08/23/2021 05:44:37,13.94,0.00,,
6238,08/23/2021 05:54:37,13.94,0.00,,
6239,08/23/2021 06:04:37,14.07,0.00,,
6240,08/23/2021 06:14:37,14.07,0.00,,
6241,08/23/2021 06:24:37,14.07,0.64,,
6242,08/23/2021 06:34:37,14.07,4.70,,
6243,08/23/2021 06:44:37,14.15,14.18,,
6244,08/23/2021 06:54:37,14.11,22.57,,
6245,08/23/2021 07:04:37,14.11,34.19,,
6246,08/23/2021 07:14:37,14.03,47.50,,
6247,08/23/2021 07:24:37,14.07,61.92,,
6248,08/23/2021 07:34:37,14.07,76.56,,
6249,08/23/2021 07:44:37,14.24,95.08,,
6250,08/23/2021 07:54:37,14.24,122.24,,
6251,08/23/2021 08:04:37,14.28,134.20,,
6252,08/23/2021 08:14:37,14.33,166.00,,
6253,08/23/2021 08:24:37,14.37,208.96,,
6254,08/23/2021 08:34:37,14.41,225.44,,
6255,08/23/2021 08:44:37,14.54,240.80,,
6256,08/23/2021 08:54:37,14.54,294.24,,
6257,08/23/2021 09:04:37,14.54,363.84,,
6258,08/23/2021 09:14:37,14.67,427.68,,
6259,08/23/2021 09:24:37,14.67,467.20,,
6260,08/23/2021 09:34:37,14.80,501.60,,
6261,08/23/2021 09:44:37,14.84,615.04,,
6262,08/23/2021 09:54:37,14.93,651.36,,
6263,08/23/2021 10:04:37,15.06,670.08,,
6264,08/23/2021 10:14:37,15.14,677.76,,
6265,08/23/2021 10:24:37,15.36,610.72,,
6266,08/23/2021 10:34:37,15.48,642.40,,
6267,08/23/2021 10:44:37,15.48,768.96,,
6268,08/23/2021 10:54:37,15.61,738.88,,
6269,08/23/2021 11:04:37,15.66,855.68,,
6270,08/23/2021 11:14:37,15.83,911.04,,
6271,08/23/2021 11:24:37,15.87,880.32,,
6272,08/23/2021 11:34:37,15.87,924.16,,
6273,08/23/2021 11:44:37,15.96,996.80,,
6274,08/23/2021 11:54:37,16.04,1072.00,,
6275,08/23/2021 12:04:37,16.21,1231.68,,
6276,08/23/2021 12:14:37,16.34,1233.60,,
6277,08/23/2021 12:24:37,16.34,1366.40,,
6278,08/23/2021 12:34:37,16.64,1655.68,,
6279,08/23/2021 12:44:37,16.86,1880.32,,
6280,08/23/2021 12:54:37,17.20,1822.08,,
6281,08/23/2021 13:04:37,17.46,2174.72,,
6282,08/23/2021 13:14:37,17.67,1827.84,,
6283,08/23/2021 13:24:37,17.80,1838.08,,
6284,08/23/2021 13:34:37,17.80,1879.04,,
6285,08/23/2021 13:44:37,17.63,1800.32,,
6286,08/23/2021 13:54:37,17.76,1805.44,,
6287,08/23/2021 14:04:37,17.72,1879.04,,
6288,08/23/2021 14:14:37,17.59,1829.12,,
6289,08/23/2021 14:24:37,17.50,1960.96,,
6290,08/23/2021 14:34:37,17.37,1983.36,,
6291,08/23/2021 14:44:37,17.20,1781.12,,
6292,08/23/2021 14:54:37,17.24,1589.76,,
6293,08/23/2021 15:04:37,17.11,1337.60,,
6294,08/23/2021 15:14:37,16.86,1176.96,,
6295,08/23/2021 15:24:37,16.77,1019.84,,
6296,08/23/2021 15:34:37,16.39,992.32,,
6297,08/23/2021 15:44:37,16.34,1033.60,,
6298,08/23/2021 15:54:37,16.17,973.76,,
6299,08/23/2021 16:04:37,16.34,996.80,,
6300,08/23/2021 16:14:37,16.17,1050.56,,
6301,08/23/2021 16:24:37,16.17,1233.60,,
6302,08/23/2021 16:34:37,16.26,1157.44,,
6303,08/23/2021 16:44:37,16.51,1101.76,,
6304,08/23/2021 16:54:37,16.34,1319.04,,
6305,08/23/2021 17:04:37,16.43,1086.40,,
6306,08/23/2021 17:14:37,16.34,1398.40,,
6307,08/23/2021 17:24:37,15.91,1064.96,,
6308,08/23/2021 17:34:37,16.26,2470.40,,
6309,08/23/2021 17:44:37,16.17,1808.64,,
6310,08/23/2021 17:54:37,15.83,1467.52,,
6311,08/23/2021 18:04:37,15.61,815.36,,
6312,08/23/2021 18:14:37,15.40,690.56,,
6313,08/23/2021 18:24:37,15.14,556.48,,
6314,08/23/2021 18:34:37,15.01,366.40,,
6315,08/23/2021 18:44:37,14.84,242.56,,
6316,08/23/2021 18:54:37,14.67,197.84,,
6317,08/23/2021 19:04:37,14.33,146.28,,
6318,08/23/2021 19:14:37,14.11,101.08,,
6319,08/23/2021 19:24:37,13.98,65.34,,
6320,08/23/2021 19:34:37,14.11,44.04,,
6321,08/23/2021 19:44:37,14.11,25.59,,
6322,08/23/2021 19:54:37,13.90,10.09,,
6323,08/23/2021 20:04:37,13.90,2.35,,
6324,08/23/2021 20:14:37,13.90,0.00,,
6325,08/23/2021 20:24:37,13.98,0.00,,
6326,08/23/2021 20:34:37,13.94,0.00,,
6327,08/23/2021 20:44:37,14.03,0.00,,
6328,08/23/2021 20:54:37,14.11,0.00,,
6329,08/23/2021 21:04:37,14.07,0.00,,
6330,08/23/2021 21:14:37,13.98,0.00,,
6331,08/23/2021 21:24:37,13.98,0.00,,
6332,08/23/2021 21:34:37,14.03,0.00,,
6333,08/23/2021 21:44:37,13.98,0.00,,
6334,08/23/2021 21:54:37,13.94,0.00,,
6335,08/23/2021 22:04:37,13.94,0.00,,
6336,08/23/2021 22:14:37,14.07,0.00,,
6337,08/23/2021 22:24:37,14.03,0.00,,
6338,08/23/2021 22:34:37,13.90,0.00,,
6339,08/23/2021 22:44:37,13.94,0.00,,
6340,08/23/2021 22:54:37,14.07,0.00,,
6341,08/23/2021 23:04:37,13.94,0.00,,
6342,08/23/2021 23:14:37,14.03,0.00,,
6343,08/23/2021 23:24:37,13.94,0.00,,
6344,08/23/2021 23:34:37,13.90,0.00,,
6345,08/23/2021 23:44:37,13.98,0.00,,
6346,08/23/2021 23:54:37,14.07,0.00,,
6347,08/24/2021 00:04:37,14.20,0.00,,
6348,08/24/2021 00:14:37,14.37,0.00,,
6349,08/24/2021 00:24:37,14.37,0.00,,
6350,08/24/2021 00:34:37,14.45,0.00,,
6351,08/24/2021 00:44:37,14.37,0.00,,
6352,08/24/2021 00:54:37,14.28,0.00,,
6353,08/24/2021 01:04:37,14.37,0.00,,
6354,08/24/2021 01:14:37,14.20,0.00,,
6355,08/24/2021 01:24:37,14.28,0.00,,
6356,08/24/2021 01:34:37,14.11,0.00,,
6357,08/24/2021 01:44:37,14.24,0.00,,
6358,08/24/2021 01:54:37,14.41,0.00,,
6359,08/24/2021 02:04:37,14.33,0.00,,
6360,08/24/2021 02:14:37,14.24,0.00,,
6361,08/24/2021 02:24:37,14.20,0.00,,
6362,08/24/2021 02:34:37,14.07,0.00,,
6363,08/24/2021 02:44:37,14.03,0.00,,
6364,08/24/2021 02:54:37,13.98,0.00,,
6365,08/24/2021 03:04:37,13.94,0.00,,
6366,08/24/2021 03:14:37,14.03,0.00,,
6367,08/24/2021 03:24:37,13.98,0.00,,
6368,08/24/2021 03:34:37,13.90,0.00,,
6369,08/24/2021 03:44:37,13.90,0.00,,
6370,08/24/2021 03:54:37,13.81,0.00,,
6371,08/24/2021 04:04:37,13.90,0.00,,
6372,08/24/2021 04:14:37,13.90,0.00,,
6373,08/24/2021 04:24:37,13.90,0.00,,
6374,08/24/2021 04:34:37,13.85,0.00,,
6375,08/24/2021 04:44:37,13.94,0.00,,
6376,08/24/2021 04:54:37,13.98,0.00,,
6377,08/24/2021 05:04:37,13.85,0.00,,
6378,08/24/2021 05:14:37,13.81,0.00,,
6379,08/24/2021 05:24:37,13.77,0.00,,
6380,08/24/2021 05:34:37,13.73,0.00,,
6381,08/24/2021 05:44:37,13.73,0.00,,
6382,08/24/2021 05:54:37,13.68,0.00,,
6383,08/24/2021 06:04:37,13.68,0.00,,
6384,08/24/2021 06:14:37,13.68,0.00,,
6385,08/24/2021 06:24:37,13.60,0.85,,
6386,08/24/2021 06:34:37,13.68,5.98,,
6387,08/24/2021 06:44:37,13.68,13.11,,
6388,08/24/2021 06:54:37,13.64,26.87,,
6389,08/24/2021 07:04:37,13.60,43.20,,
6390,08/24/2021 07:14:37,13.64,60.42,,
6391,08/24/2021 07:24:37,13.77,83.00,,
6392,08/24/2021 07:34:37,13.73,107.92,,
6393,08/24/2021 07:44:37,13.77,131.64,,
6394,08/24/2021 07:54:37,13.81,177.28,,
6395,08/24/2021 08:04:37,13.85,193.60,,
6396,08/24/2021 08:14:37,13.90,234.00,,
6397,08/24/2021 08:24:37,13.98,275.44,,
6398,08/24/2021 08:34:37,13.98,321.84,,
6399,08/24/2021 08:44:37,14.11,340.80,,
6400,08/24/2021 08:54:37,14.20,381.28,,
6401,08/24/2021 09:04:37,14.41,458.56,,
6402,08/24/2021 09:14:37,14.54,556.48,,
6403,08/24/2021 09:24:37,14.71,664.00,,
6404,08/24/2021 09:34:37,14.67,709.12,,
6405,08/24/2021 09:44:37,14.88,856.00,,
6406,08/24/2021 09:54:37,14.97,1023.04,,
6407,08/24/2021 10:04:37,15.06,1319.04,,
6408,08/24/2021 10:14:37,15.23,1273.60,,
6409,08/24/2021 10:24:37,15.31,1387.52,,
6410,08/24/2021 10:34:37,15.70,2342.40,,
6411,08/24/2021 10:44:37,15.96,2128.64,,
6412,08/24/2021 10:54:37,16.13,1900.80,,
6413,08/24/2021 11:04:37,16.17,1936.64,,
6414,08/24/2021 11:14:37,16.51,1688.32,,
6415,08/24/2021 11:24:37,16.73,1665.28,,
6416,08/24/2021 11:34:37,17.07,1745.28,,
6417,08/24/2021 11:44:37,17.37,1577.60,,
6418,08/24/2021 11:54:37,17.50,1567.36,,
6419,08/24/2021 12:04:37,17.41,1441.92,,
6420,08/24/2021 12:14:37,17.76,1451.52,,
6421,08/24/2021 12:24:37,17.97,1396.48,,
6422,08/24/2021 12:34:37,18.32,1431.68,,
6423,08/24/2021 12:44:37,18.49,1363.84,,
6424,08/24/2021 12:54:37,18.70,1315.20,,
6425,08/24/2021 13:04:37,18.62,1330.56,,
6426,08/24/2021 13:14:37,18.66,1320.32,,
6427,08/24/2021 13:24:37,18.53,1269.44,,
6428,08/24/2021 13:34:37,18.49,1388.16,,
6429,08/24/2021 13:44:37,18.62,1264.32,,
6430,08/24/2021 13:54:37,18.70,1309.44,,
6431,08/24/2021 14:04:37,18.79,1378.56,,
6432,08/24/2021 14:14:37,18.79,1395.20,,
6433,08/24/2021 14:24:37,19.13,1406.08,,
6434,08/24/2021 14:34:37,19.26,1477.76,,
6435,08/24/2021 14:44:37,19.35,1545.60,,
6436,08/24/2021 14:54:37,19.30,1597.44,,
6437,08/24/2021 15:04:37,19.22,1744.64,,
6438,08/24/2021 15:14:37,19.00,1704.32,,
6439,08/24/2021 15:24:37,19.00,1808.64,,
6440,08/24/2021 15:34:37,18.92,1875.20,,
6441,08/24/2021 15:44:37,18.96,1926.40,,
6442,08/24/2021 15:54:37,18.92,2019.20,,
6443,08/24/2021 16:04:37,18.49,2121.60,,
6444,08/24/2021 16:14:37,18.36,2200.32,,
6445,08/24/2021 16:24:37,18.06,2266.88,,
6446,08/24/2021 16:34:37,18.02,2468.48,,
6447,08/24/2021 16:44:37,18.36,2453.12,,
6448,08/24/2021 16:54:37,18.06,2627.84,,
6449,08/24/2021 17:04:37,17.50,2680.32,,
6450,08/24/2021 17:14:37,17.33,2668.80,,
6451,08/24/2021 17:24:37,17.07,2817.28,,
6452,08/24/2021 17:34:37,16.81,2762.24,,
6453,08/24/2021 17:44:37,16.73,2726.40,,
6454,08/24/2021 17:54:37,16.60,2757.12,,
6455,08/24/2021 18:04:37,16.64,2800.64,,
6456,08/24/2021 18:14:37,16.13,698.24,,
6457,08/24/2021 18:24:37,15.78,622.72,,
6458,08/24/2021 18:34:37,15.70,394.72,,
6459,08/24/2021 18:44:37,15.66,375.04,,
6460,08/24/2021 18:54:37,15.74,291.60,,
6461,08/24/2021 19:04:37,15.61,170.32,,
6462,08/24/2021 19:14:37,15.61,130.80,,
6463,08/24/2021 19:24:37,15.44,79.98,,
6464,08/24/2021 19:34:37,15.36,44.68,,
6465,08/24/2021 19:44:37,15.14,21.05,,
6466,08/24/2021 19:54:37,15.10,7.72,,
6467,08/24/2021 20:04:37,15.01,1.28,,
6468,08/24/2021 20:14:37,14.93,0.00,,
6469,08/24/2021 20:24:37,14.88,0.00,,
6470,08/24/2021 20:34:37,14.71,0.00,,
6471,08/24/2021 20:44:37,14.58,0.00,,
6472,08/24/2021 20:54:37,14.63,0.00,,
6473,08/24/2021 21:04:37,14.50,0.00,,
6474,08/24/2021 21:14:37,14.63,0.00,,
6475,08/24/2021 21:24:37,14.58,0.00,,
6476,08/24/2021 21:34:37,14.75,0.00,,
6477,08/24/2021 21:44:37,14.63,0.00,,
6478,08/24/2021 21:54:37,14.50,0.00,,
6479,08/24/2021 22:04:37,14.41,0.00,,
6480,08/24/2021 22:14:37,14.37,0.00,,
6481,08/24/2021 22:24:37,14.45,0.00,,
6482,08/24/2021 22:34:37,14.37,0.00,,
6483,08/24/2021 22:44:37,14.33,0.00,,
6484,08/24/2021 22:54:37,14.33,0.00,,
6485,08/24/2021 23:04:37,14.37,0.00,,
6486,08/24/2021 23:14:37,14.20,0.00,,
6487,08/24/2021 23:24:37,14.24,0.00,,
6488,08/24/2021 23:34:37,14.37,0.00,,
6489,08/24/2021 23:44:37,14.24,0.00,,
6490,08/24/2021 23:54:37,14.41,0.00,,
6491,08/25/2021 00:04:37,14.37,0.00,,
6492,08/25/2021 00:14:37,14.15,0.00,,
6493,08/25/2021 00:24:37,14.33,0.00,,
6494,08/25/2021 00:34:37,14.28,0.00,,
6495,08/25/2021 00:44:37,14.37,0.00,,
6496,08/25/2021 00:54:37,14.20,0.00,,
6497,08/25/2021 01:04:37,14.20,0.00,,
6498,08/25/2021 01:14:37,14.20,0.00,,
6499,08/25/2021 01:24:37,14.20,0.00,,
6500,08/25/2021 01:34:37,14.07,0.00,,
6501,08/25/2021 01:44:37,13.98,0.00,,
6502,08/25/2021 01:54:37,14.11,0.00,,
6503,08/25/2021 02:04:37,14.24,0.00,,
6504,08/25/2021 02:14:37,14.24,0.00,,
6505,08/25/2021 02:24:37,14.33,0.00,,
6506,08/25/2021 02:34:37,14.03,0.00,,
6507,08/25/2021 02:44:37,13.94,0.00,,
6508,08/25/2021 02:54:37,13.81,0.00,,
6509,08/25/2021 03:04:37,13.90,0.00,,
6510,08/25/2021 03:14:37,14.11,0.00,,
6511,08/25/2021 03:24:37,13.98,0.00,,
6512,08/25/2021 03:34:37,13.98,0.00,,
6513,08/25/2021 03:44:37,13.85,0.00,,
6514,08/25/2021 03:54:37,13.90,0.00,,
6515,08/25/2021 04:04:37,13.77,0.00,,
6516,08/25/2021 04:14:37,13.68,0.00,,
6517,08/25/2021 04:24:37,13.60,0.00,,
6518,08/25/2021 04:34:37,13.68,0.00,,
6519,08/25/2021 04:44:37,13.51,0.00,,
6520,08/25/2021 04:54:37,13.47,0.00,,
6521,08/25/2021 05:04:37,13.25,0.00,,
6522,08/25/2021 05:14:37,13.30,0.00,,
6523,08/25/2021 05:24:37,13.25,0.00,,
6524,08/25/2021 05:34:37,13.30,0.00,,
6525,08/25/2021 05:44:37,13.25,0.00,,
6526,08/25/2021 05:54:37,13.34,0.00,,
6527,08/25/2021 06:04:37,13.25,0.00,,
6528,08/25/2021 06:14:37,13.34,0.00,,
6529,08/25/2021 06:24:37,13.25,0.85,,
6530,08/25/2021 06:34:37,13.25,4.91,,
6531,08/25/2021 06:44:37,13.25,13.09,,
6532,08/25/2021 06:54:37,13.21,25.38,,
6533,08/25/2021 07:04:37,13.25,40.39,,
6534,08/25/2021 07:14:37,13.25,59.32,,
6535,08/25/2021 07:24:37,13.34,83.44,,
6536,08/25/2021 07:34:37,13.30,110.52,,
6537,08/25/2021 07:44:37,13.51,141.16,,
6538,08/25/2021 07:54:37,13.51,190.96,,
6539,08/25/2021 08:04:37,13.55,234.88,,
6540,08/25/2021 08:14:37,13.60,283.92,,
6541,08/25/2021 08:24:37,13.64,318.40,,
6542,08/25/2021 08:34:37,13.77,339.04,,
6543,08/25/2021 08:44:37,13.90,360.48,,
6544,08/25/2021 08:54:37,13.77,385.44,,
6545,08/25/2021 09:04:37,13.98,425.92,,
6546,08/25/2021 09:14:37,14.07,494.72,,
6547,08/25/2021 09:24:37,14.15,627.52,,
6548,08/25/2021 09:34:37,14.37,723.52,,
6549,08/25/2021 09:44:37,14.54,860.48,,
6550,08/25/2021 09:54:37,14.71,1017.28,,
6551,08/25/2021 10:04:37,14.93,1187.20,,
6552,08/25/2021 10:14:37,15.10,1450.24,,
6553,08/25/2021 10:24:37,15.27,1576.96,,
6554,08/25/2021 10:34:37,15.48,1630.08,,
6555,08/25/2021 10:44:37,15.70,2133.76,,
6556,08/25/2021 10:54:37,15.74,1884.16,,
6557,08/25/2021 11:04:37,15.91,1853.44,,
6558,08/25/2021 11:14:37,16.13,1793.28,,
6559,08/25/2021 11:24:37,16.43,1689.60,,
6560,08/25/2021 11:34:37,16.73,1701.76,,
6561,08/25/2021 11:44:37,16.99,1578.88,,
6562,08/25/2021 11:54:37,17.24,1598.72,,
6563,08/25/2021 12:04:37,17.46,1681.28,,
6564,08/25/2021 12:14:37,17.72,1460.48,,
6565,08/25/2021 12:24:37,18.02,1418.88,,
6566,08/25/2021 12:34:37,18.19,1535.36,,
6567,08/25/2021 12:44:37,18.10,1416.32,,
6568,08/25/2021 12:54:37,17.72,1231.68,,
6569,08/25/2021 13:04:37,17.50,1294.08,,
6570,08/25/2021 13:14:37,17.37,1355.52,,
6571,08/25/2021 13:24:37,17.41,1324.16,,
6572,08/25/2021 13:34:37,17.29,1335.04,,
6573,08/25/2021 13:44:37,17.41,1321.60,,
6574,08/25/2021 13:54:37,17.33,1322.88,,
6575,08/25/2021 14:04:37,17.41,1515.52,,
6576,08/25/2021 14:14:37,17.37,1585.28,,
6577,08/25/2021 14:24:37,17.37,1468.16,,
6578,08/25/2021 14:34:37,17.29,1640.96,,
6579,08/25/2021 14:44:37,17.16,1560.96,,
6580,08/25/2021 14:54:37,17.16,1624.32,,
6581,08/25/2021 15:04:37,17.03,1713.92,,
6582,08/25/2021 15:14:37,16.99,1692.16,,
6583,08/25/2021 15:24:37,16.81,1747.20,,
6584,08/25/2021 15:34:37,16.77,1882.24,,
6585,08/25/2021 15:44:37,16.60,1952.64,,
6586,08/25/2021 15:54:37,16.51,2019.20,,
6587,08/25/2021 16:04:37,16.51,2121.60,,
6588,08/25/2021 16:14:37,16.43,2094.08,,
6589,08/25/2021 16:24:37,16.34,2333.44,,
6590,08/25/2021 16:34:37,16.26,2330.24,,
6591,08/25/2021 16:44:37,16.04,2615.68,,
6592,08/25/2021 16:54:37,15.87,2595.20,,
6593,08/25/2021 17:04:37,16.00,2684.16,,
6594,08/25/2021 17:14:37,15.96,2810.88,,
6595,08/25/2021 17:24:37,15.87,2894.08,,
6596,08/25/2021 17:34:37,15.70,2648.32,,
6597,08/25/2021 17:44:37,15.66,2894.08,,
6598,08/25/2021 17:54:37,15.74,2941.44,,
6599,08/25/2021 18:04:37,15.70,2993.92,,
6600,08/25/2021 18:14:37,15.57,2759.68,,
6601,08/25/2021 18:24:37,15.40,2600.32,,
6602,08/25/2021 18:34:37,14.67,562.40,,
6603,08/25/2021 18:44:37,14.37,265.84,,
6604,08/25/2021 18:54:37,13.85,132.48,,
6605,08/25/2021 19:04:37,13.85,95.88,,
6606,08/25/2021 19:14:37,13.77,64.06,,
6607,08/25/2021 19:24:37,13.68,42.76,,
6608,08/25/2021 19:34:37,13.47,25.35,,
6609,08/25/2021 19:44:37,13.51,13.54,,
6610,08/25/2021 19:54:37,13.51,4.70,,
6611,08/25/2021 20:04:37,13.43,0.64,,
6612,08/25/2021 20:14:37,13.68,0.00,,
6613,08/25/2021 20:24:37,14.03,0.00,,
6614,08/25/2021 20:34:37,14.11,0.00,,
6615,08/25/2021 20:44:37,14.28,0.00,,
6616,08/25/2021 20:54:37,14.41,0.00,,
6617,08/25/2021 21:04:37,14.45,0.00,,
6618,08/25/2021 21:14:37,14.58,0.00,,
6619,08/25/2021 21:24:37,14.58,0.00,,
6620,08/25/2021 21:34:37,14.58,0.00,,
6621,08/25/2021 21:44:37,14.63,0.00,,
6622,08/25/2021 21:54:37,14.67,0.00,,
6623,08/25/2021 22:04:37,14.63,0.00,,
6624,08/25/2021 22:14:37,14.71,0.00,,
6625,08/25/2021 22:24:37,14.67,0.00,,
6626,08/25/2021 22:34:37,14.71,0.00,,
6627,08/25/2021 22:44:37,14.67,0.00,,
6628,08/25/2021 22:54:37,14.67,0.00,,
6629,08/25/2021 23:04:37,14.11,0.00,,
6630,08/25/2021 23:14:37,13.94,0.00,,
6631,08/25/2021 23:24:37,13.68,0.00,,
6632,08/25/2021 23:34:37,13.60,0.00,,
6633,08/25/2021 23:44:37,13.43,0.00,,
6634,08/25/2021 23:54:37,13.34,0.00,,
6635,08/26/2021 00:04:37,13.60,0.00,,
6636,08/26/2021 00:14:37,13.55,0.00,,
6637,08/26/2021 00:24:37,13.43,0.00,,
6638,08/26/2021 00:34:37,13.34,0.00,,
6639,08/26/2021 00:44:37,13.21,0.00,,
6640,08/26/2021 00:54:37,13.12,0.00,,
6641,08/26/2021 01:04:37,13.21,0.00,,
6642,08/26/2021 01:14:37,13.12,0.00,,
6643,08/26/2021 01:24:37,13.04,0.00,,
6644,08/26/2021 01:34:37,13.04,0.00,,
6645,08/26/2021 01:44:37,13.17,0.00,,
6646,08/26/2021 01:54:37,13.25,0.00,,
6647,08/26/2021 02:04:37,13.08,0.00,,
6648,08/26/2021 02:14:37,13.08,0.00,,
6649,08/26/2021 02:24:37,13.08,0.00,,
6650,08/26/2021 02:34:37,13.04,0.00,,
6651,08/26/2021 02:44:37,13.00,0.00,,
6652,08/26/2021 02:54:37,12.87,0.00,,
6653,08/26/2021 03:04:37,12.78,0.00,,
6654,08/26/2021 03:14:37,12.78,0.00,,
6655,08/26/2021 03:24:37,12.82,0.00,,
6656,08/26/2021 03:34:37,12.82,0.00,,
6657,08/26/2021 03:44:37,12.87,0.00,,
6658,08/26/2021 03:54:37,12.82,0.00,,
6659,08/26/2021 04:04:37,12.82,0.00,,
6660,08/26/2021 04:14:37,12.82,0.00,,
6661,08/26/2021 04:24:37,12.78,0.00,,
6662,08/26/2021 04:34:37,12.78,0.00,,
6663,08/26/2021 04:44:37,12.70,0.00,,
6664,08/26/2021 04:54:37,12.74,0.00,,
6665,08/26/2021 05:04:37,12.74,0.00,,
6666,08/26/2021 05:14:37,12.74,0.00,,
6667,08/26/2021 05:24:37,12.40,0.00,,
6668,08/26/2021 05:34:37,12.22,0.00,,
6669,08/26/2021 05:44:37,12.22,0.00,,
6670,08/26/2021 05:54:37,12.14,0.00,,
6671,08/26/2021 06:04:37,12.10,0.00,,
6672,08/26/2021 06:14:37,12.22,0.00,,
6673,08/26/2021 06:24:37,12.35,1.06,,
6674,08/26/2021 06:34:37,12.27,6.22,,
6675,08/26/2021 06:44:37,12.27,17.20,,
6676,08/26/2021 06:54:37,12.27,35.88,,
6677,08/26/2021 07:04:37,12.18,60.86,,
6678,08/26/2021 07:14:37,12.14,87.28,,
6679,08/26/2021 07:24:37,12.10,126.40,,
6680,08/26/2021 07:34:37,11.92,149.72,,
6681,08/26/2021 07:44:37,12.01,230.56,,
6682,08/26/2021 07:54:37,11.97,243.44,,
6683,08/26/2021 08:04:37,11.92,337.12,,
6684,08/26/2021 08:14:37,12.05,477.44,,
6685,08/26/2021 08:24:37,12.22,611.68,,
6686,08/26/2021 08:34:37,12.22,781.12,,
6687,08/26/2021 08:44:37,12.31,897.60,,
6688,08/26/2021 08:54:37,12.74,1998.72,,
6689,08/26/2021 09:04:37,13.04,1624.32,,
6690,08/26/2021 09:14:37,13.43,1564.16,,
6691,08/26/2021 09:24:37,13.60,1943.68,,
6692,08/26/2021 09:34:37,14.03,1882.24,,
6693,08/26/2021 09:44:37,14.54,2217.60,,
6694,08/26/2021 09:54:37,15.18,2145.28,,
6695,08/26/2021 10:04:37,15.74,2078.72,,
6696,08/26/2021 10:14:37,16.34,2077.44,,
6697,08/26/2021 10:24:37,16.77,2040.96,,
6698,08/26/2021 10:34:37,17.16,1945.60,,
6699,08/26/2021 10:44:37,17.54,1795.20,,
6700,08/26/2021 10:54:37,17.72,1736.96,,
6701,08/26/2021 11:04:37,18.14,1640.96,,
6702,08/26/2021 11:14:37,18.32,1642.88,,
6703,08/26/2021 11:24:37,18.36,1734.40,,
6704,08/26/2021 11:34:37,18.44,1614.72,,
6705,08/26/2021 11:44:37,18.66,1386.24,,
6706,08/26/2021 11:54:37,18.87,1505.92,,
6707,08/26/2021 12:04:37,19.00,1441.28,,
6708,08/26/2021 12:14:37,19.30,1520.00,,
6709,08/26/2021 12:24:37,19.56,1413.76,,
6710,08/26/2021 12:34:37,19.73,1377.28,,
6711,08/26/2021 12:44:37,19.52,1265.92,,
6712,08/26/2021 12:54:37,19.22,1241.92,,
6713,08/26/2021 13:04:37,19.47,1208.00,,
6714,08/26/2021 13:14:37,19.56,1242.88,,
6715,08/26/2021 13:24:37,19.73,1198.40,,
6716,08/26/2021 13:34:37,19.60,1270.40,,
6717,08/26/2021 13:44:37,19.60,1267.84,,
6718,08/26/2021 13:54:37,19.69,1360.64,,
6719,08/26/2021 14:04:37,19.82,1441.92,,
6720,08/26/2021 14:14:37,19.60,1347.20,,
6721,08/26/2021 14:24:37,19.60,1500.80,,
6722,08/26/2021 14:34:37,19.52,1441.28,,
6723,08/26/2021 14:44:37,19.22,1533.44,,
6724,08/26/2021 14:54:37,18.74,1635.20,,
6725,08/26/2021 15:04:37,18.62,1637.12,,
6726,08/26/2021 15:14:37,18.62,1866.88,,
6727,08/26/2021 15:24:37,18.53,1736.32,,
6728,08/26/2021 15:34:37,18.66,1839.36,,
6729,08/26/2021 15:44:37,18.70,1953.92,,
6730,08/26/2021 15:54:37,18.79,1947.52,,
6731,08/26/2021 16:04:37,18.96,2225.92,,
6732,08/26/2021 16:14:37,18.92,2068.48,,
6733,08/26/2021 16:24:37,18.96,2157.44,,
6734,08/26/2021 16:34:37,18.74,2254.72,,
6735,08/26/2021 16:44:37,18.57,2374.40,,
6736,08/26/2021 16:54:37,18.49,2873.60,,
6737,08/26/2021 17:04:37,18.36,2559.36,,
6738,08/26/2021 17:14:37,18.27,2775.04,,
6739,08/26/2021 17:24:37,18.27,2874.88,,
6740,08/26/2021 17:34:37,18.23,2800.64,,
6741,08/26/2021 17:44:37,18.19,2668.80,,
6742,08/26/2021 17:54:37,18.06,2869.76,,
6743,08/26/2021 18:04:37,17.93,2694.40,,
6744,08/26/2021 18:14:37,17.76,2584.96,,
6745,08/26/2021 18:24:37,17.63,2597.12,,
6746,08/26/2021 18:34:37,17.50,2296.32,,
6747,08/26/2021 18:44:37,17.41,2114.56,,
6748,08/26/2021 18:54:37,17.41,1755.52,,
6749,08/26/2021 19:04:37,17.11,1367.68,,
6750,08/26/2021 19:14:37,16.99,947.84,,
6751,08/26/2021 19:24:37,16.81,475.04,,
6752,08/26/2021 19:34:37,16.64,182.80,,
6753,08/26/2021 19:44:37,16.47,65.88,,
6754,08/26/2021 19:54:37,16.43,21.93,,
6755,08/26/2021 20:04:37,16.39,4.51,,
6756,08/26/2021 20:14:37,16.26,0.00,,
6757,08/26/2021 20:24:37,16.34,0.00,,
6758,08/26/2021 20:34:37,16.30,0.00,,
6759,08/26/2021 20:44:37,16.26,0.00,,
6760,08/26/2021 20:54:37,16.30,0.00,,
6761,08/26/2021 21:04:37,16.30,0.00,,
6762,08/26/2021 21:14:37,14.93,0.00,,
6763,08/26/2021 21:24:37,14.28,0.00,,
6764,08/26/2021 21:34:37,15.83,0.00,,
6765,08/26/2021 21:44:37,14.54,0.00,,
6766,08/26/2021 21:54:37,14.20,0.00,,
6767,08/26/2021 22:04:37,14.20,0.00,,
6768,08/26/2021 22:14:37,13.81,0.00,,
6769,08/26/2021 22:24:37,13.68,0.00,,
6770,08/26/2021 22:34:37,13.17,0.00,,
6771,08/26/2021 22:44:37,13.08,0.00,,
6772,08/26/2021 22:54:37,13.08,0.00,,
6773,08/26/2021 23:04:37,13.25,0.00,,
6774,08/26/2021 23:14:37,13.17,0.00,,
6775,08/26/2021 23:24:37,13.51,0.00,,
6776,08/26/2021 23:34:37,13.34,0.00,,
6777,08/26/2021 23:44:37,12.87,0.00,,
6778,08/26/2021 23:54:37,13.04,0.00,,
6779,08/27/2021 00:04:37,12.78,0.00,,
6780,08/27/2021 00:14:37,13.12,0.00,,
6781,08/27/2021 00:24:37,12.87,0.00,,
6782,08/27/2021 00:34:37,12.65,0.00,,
6783,08/27/2021 00:44:37,12.61,0.00,,
6784,08/27/2021 00:54:37,12.48,0.00,,
6785,08/27/2021 01:04:37,12.40,0.00,,
6786,08/27/2021 01:14:37,12.78,0.00,,
6787,08/27/2021 01:24:37,12.87,0.00,,
6788,08/27/2021 01:34:37,12.78,0.00,,
6789,08/27/2021 01:44:37,12.22,0.00,,
6790,08/27/2021 01:54:37,12.01,0.00,,
6791,08/27/2021 02:04:37,12.27,0.00,,
6792,08/27/2021 02:14:37,12.22,0.00,,
6793,08/27/2021 02:24:37,12.40,0.00,,
6794,08/27/2021 02:34:37,12.10,0.00,,
6795,08/27/2021 02:44:37,12.27,0.00,,
6796,08/27/2021 02:54:37,11.84,0.00,,
6797,08/27/2021 03:04:37,11.97,0.00,,
6798,08/27/2021 03:14:37,12.05,0.00,,
6799,08/27/2021 03:24:37,11.67,0.00,,
6800,08/27/2021 03:34:37,11.62,0.00,,
6801,08/27/2021 03:44:37,11.71,0.00,,
6802,08/27/2021 03:54:37,11.62,0.00,,
6803,08/27/2021 04:04:37,11.97,0.00,,
6804,08/27/2021 04:14:37,11.75,0.00,,
6805,08/27/2021 04:24:37,11.84,0.00,,
6806,08/27/2021 04:34:37,11.97,0.00,,
6807,08/27/2021 04:44:37,11.71,0.00,,
6808,08/27/2021 04:54:37,11.75,0.00,,
6809,08/27/2021 05:04:37,11.71,0.00,,
6810,08/27/2021 05:14:37,11.75,0.00,,
6811,08/27/2021 05:24:37,11.75,0.00,,
6812,08/27/2021 05:34:37,11.58,0.00,,
6813,08/27/2021 05:44:37,11.49,0.00,,
6814,08/27/2021 05:54:37,11.67,0.00,,
6815,08/27/2021 06:04:37,11.84,0.00,,
6816,08/27/2021 06:14:37,11.79,0.00,,
6817,08/27/2021 06:24:37,11.49,3.66,,
6818,08/27/2021 06:34:37,11.19,18.51,,
6819,08/27/2021 06:44:37,11.24,50.76,,
6820,08/27/2021 06:54:37,11.28,106.68,,
6821,08/27/2021 07:04:37,11.32,183.20,,
6822,08/27/2021 07:14:37,11.24,381.92,,
6823,08/27/2021 07:24:37,11.58,713.60,,
6824,08/27/2021 07:34:37,12.05,808.32,,
6825,08/27/2021 07:44:37,13.00,989.76,,
6826,08/27/2021 07:54:37,13.17,1042.88,,
6827,08/27/2021 08:04:37,13.64,1249.60,,
6828,08/27/2021 08:14:37,13.94,1307.84,,
6829,08/27/2021 08:24:37,14.28,1350.40,,
6830,08/27/2021 08:34:37,14.63,1411.84,,
6831,08/27/2021 08:44:37,14.88,1535.36,,
6832,08/27/2021 08:54:37,15.14,1628.16,,
6833,08/27/2021 09:04:37,15.53,1752.32,,
6834,08/27/2021 09:14:37,15.83,1790.08,,
6835,08/27/2021 09:24:37,16.30,1838.08,,
6836,08/27/2021 09:34:37,17.07,1918.08,,
6837,08/27/2021 09:44:37,17.80,1838.08,,
6838,08/27/2021 09:54:37,19.00,1926.40,,
6839,08/27/2021 10:04:37,19.60,1861.76,,
6840,08/27/2021 10:14:37,20.07,1887.36,,
6841,08/27/2021 10:24:37,20.37,1851.52,,
6842,08/27/2021 10:34:37,20.33,1800.32,,
6843,08/27/2021 10:44:37,20.33,1806.72,,
6844,08/27/2021 10:54:37,20.42,1861.76,,
6845,08/27/2021 11:04:37,19.95,1831.04,,
6846,08/27/2021 11:14:37,19.99,1776.00,,
6847,08/27/2021 11:24:37,20.20,1824.00,,
6848,08/27/2021 11:34:37,20.80,1813.76,,
6849,08/27/2021 11:44:37,21.36,1759.36,,
6850,08/27/2021 11:54:37,21.96,1719.68,,
6851,08/27/2021 12:04:37,22.61,1727.36,,
6852,08/27/2021 12:14:37,23.34,1645.44,,
6853,08/27/2021 12:24:37,23.76,1678.08,,
6854,08/27/2021 12:34:37,23.76,1609.60,,
6855,08/27/2021 12:44:37,22.78,1633.28,,
6856,08/27/2021 12:54:37,22.05,1561.60,,
6857,08/27/2021 13:04:37,22.01,1622.40,,
6858,08/27/2021 13:14:37,21.96,1592.32,,
6859,08/27/2021 13:24:37,21.96,1607.68,,
6860,08/27/2021 13:34:37,21.58,1665.28,,
6861,08/27/2021 13:44:37,21.83,1590.40,,
6862,08/27/2021 13:54:37,21.62,1666.56,,
6863,08/27/2021 14:04:37,21.62,1656.32,,
6864,08/27/2021 14:14:37,21.49,1735.04,,
6865,08/27/2021 14:24:37,21.36,1736.32,,
6866,08/27/2021 14:34:37,21.10,1739.52,,
6867,08/27/2021 14:44:37,20.98,1740.16,,
6868,08/27/2021 14:54:37,20.80,1765.76,,
6869,08/27/2021 15:04:37,20.63,1813.76,,
6870,08/27/2021 15:14:37,20.50,1848.32,,
6871,08/27/2021 15:24:37,20.59,1849.60,,
6872,08/27/2021 15:34:37,20.59,2070.40,,
6873,08/27/2021 15:44:37,20.46,1909.76,,
6874,08/27/2021 15:54:37,20.46,1968.00,,
6875,08/27/2021 16:04:37,20.93,1928.32,,
6876,08/27/2021 16:14:37,20.80,2131.84,,
6877,08/27/2021 16:24:37,20.72,2097.92,,
6878,08/27/2021 16:34:37,20.68,2164.48,,
6879,08/27/2021 16:44:37,20.46,2261.76,,
6880,08/27/2021 16:54:37,20.29,2270.08,,
6881,08/27/2021 17:04:37,19.99,2292.48,,
6882,08/27/2021 17:14:37,19.77,2673.92,,
6883,08/27/2021 17:24:37,19.69,2762.24,,
6884,08/27/2021 17:34:37,19.77,2627.84,,
6885,08/27/2021 17:44:37,19.69,2689.28,,
6886,08/27/2021 17:54:37,19.73,2540.80,,
6887,08/27/2021 18:04:37,19.69,2453.12,,
6888,08/27/2021 18:14:37,19.60,2378.24,,
6889,08/27/2021 18:24:37,19.43,1973.12,,
6890,08/27/2021 18:34:37,19.09,1808.64,,
6891,08/27/2021 18:44:37,18.79,1580.16,,
6892,08/27/2021 18:54:37,18.57,1236.80,,
6893,08/27/2021 19:04:37,18.44,676.80,,
6894,08/27/2021 19:14:37,18.19,368.32,,
6895,08/27/2021 19:24:37,17.89,198.40,,
6896,08/27/2021 19:34:37,17.72,87.76,,
6897,08/27/2021 19:44:37,17.41,39.59,,
6898,08/27/2021 19:54:37,17.24,13.11,,
6899,08/27/2021 20:04:37,17.07,2.35,,
6900,08/27/2021 20:14:37,16.90,0.00,,
6901,08/27/2021 20:24:37,16.73,0.00,,
6902,08/27/2021 20:34:37,16.73,0.00,,
6903,08/27/2021 20:44:37,16.21,0.00,,
6904,08/27/2021 20:54:37,15.27,0.00,,
6905,08/27/2021 21:04:37,14.50,0.00,,
6906,08/27/2021 21:14:37,14.07,0.00,,
6907,08/27/2021 21:24:37,13.73,0.00,,
6908,08/27/2021 21:34:37,13.94,0.00,,
6909,08/27/2021 21:44:37,13.77,0.00,,
6910,08/27/2021 21:54:37,13.55,0.00,,
6911,08/27/2021 22:04:37,13.43,0.00,,
6912,08/27/2021 22:14:37,13.85,0.00,,
6913,08/27/2021 22:24:37,13.30,0.00,,
6914,08/27/2021 22:34:37,13.55,0.00,,
6915,08/27/2021 22:44:37,13.30,0.00,,
6916,08/27/2021 22:54:37,13.68,0.00,,
6917,08/27/2021 23:04:37,13.30,0.00,,
6918,08/27/2021 23:14:37,13.08,0.00,,
6919,08/27/2021 23:24:37,12.65,0.00,,
6920,08/27/2021 23:34:37,12.74,0.00,,
6921,08/27/2021 23:44:37,12.35,0.00,,
6922,08/27/2021 23:54:37,12.35,0.00,,
6923,08/28/2021 00:04:37,12.52,0.00,,
6924,08/28/2021 00:14:37,12.70,0.00,,
6925,08/28/2021 00:24:37,12.91,0.00,,
6926,08/28/2021 00:34:37,12.82,0.00,,
6927,08/28/2021 00:44:37,12.95,0.00,,
6928,08/28/2021 00:54:37,12.91,0.00,,
6929,08/28/2021 01:04:37,13.17,0.00,,
6930,08/28/2021 01:14:37,12.70,0.00,,
6931,08/28/2021 01:24:37,12.31,0.00,,
6932,08/28/2021 01:34:37,12.52,0.00,,
6933,08/28/2021 01:44:37,12.22,0.00,,
6934,08/28/2021 01:54:37,12.74,0.00,,
6935,08/28/2021 02:04:37,12.52,0.00,,
6936,08/28/2021 02:14:37,12.61,0.00,,
6937,08/28/2021 02:24:37,12.74,0.00,,
6938,08/28/2021 02:34:37,12.95,0.00,,
6939,08/28/2021 02:44:37,12.52,0.00,,
6940,08/28/2021 02:54:37,12.52,0.00,,
6941,08/28/2021 03:04:37,12.10,0.00,,
6942,08/28/2021 03:14:37,11.92,0.00,,
6943,08/28/2021 03:24:37,12.48,0.00,,
6944,08/28/2021 03:34:37,11.79,0.00,,
6945,08/28/2021 03:44:37,11.62,0.00,,
6946,08/28/2021 03:54:37,11.49,0.00,,
6947,08/28/2021 04:04:37,11.67,0.00,,
6948,08/28/2021 04:14:37,12.48,0.00,,
6949,08/28/2021 04:24:37,12.35,0.00,,
6950,08/28/2021 04:34:37,12.18,0.00,,
6951,08/28/2021 04:44:37,11.84,0.00,,
6952,08/28/2021 04:54:37,11.75,0.00,,
6953,08/28/2021 05:04:37,11.79,0.00,,
6954,08/28/2021 05:14:37,11.58,0.00,,
6955,08/28/2021 05:24:37,11.58,0.00,,
6956,08/28/2021 05:34:37,11.67,0.00,,
6957,08/28/2021 05:44:37,11.71,0.00,,
6958,08/28/2021 05:54:37,11.19,0.00,,
6959,08/28/2021 06:04:37,11.92,0.00,,
6960,08/28/2021 06:14:37,11.88,0.00,,
6961,08/28/2021 06:24:37,11.75,2.56,,
6962,08/28/2021 06:34:37,11.92,13.54,,
6963,08/28/2021 06:44:37,11.88,39.78,,
6964,08/28/2021 06:54:37,11.02,82.20,,
6965,08/28/2021 07:04:37,11.45,146.40,,
6966,08/28/2021 07:14:37,10.85,272.24,,
6967,08/28/2021 07:24:37,11.32,471.68,,
6968,08/28/2021 07:34:37,11.79,656.96,,
6969,08/28/2021 07:44:37,12.48,831.36,,
6970,08/28/2021 07:54:37,13.60,992.32,,
6971,08/28/2021 08:04:37,14.33,1125.76,,
6972,08/28/2021 08:14:37,15.06,1281.28,,
6973,08/28/2021 08:24:37,15.48,1355.52,,
6974,08/28/2021 08:34:37,15.83,1452.80,,
6975,08/28/2021 08:44:37,16.30,1589.12,,
6976,08/28/2021 08:54:37,16.34,1637.12,,
6977,08/28/2021 09:04:37,16.56,1762.56,,
6978,08/28/2021 09:14:37,16.73,1786.24,,
6979,08/28/2021 09:24:37,17.03,1756.80,,
6980,08/28/2021 09:34:37,17.37,1841.28,,
6981,08/28/2021 09:44:37,17.80,1904.64,,
6982,08/28/2021 09:54:37,18.19,1907.84,,
6983,08/28/2021 10:04:37,18.57,1930.24,,
6984,08/28/2021 10:14:37,19.09,1942.40,,
6985,08/28/2021 10:24:37,19.52,1926.40,,
6986,08/28/2021 10:34:37,19.90,1916.16,,
6987,08/28/2021 10:44:37,20.55,1897.60,,
6988,08/28/2021 10:54:37,21.19,1900.80,,
6989,08/28/2021 11:04:37,21.58,1806.72,,
6990,08/28/2021 11:14:37,21.62,1746.56,,
6991,08/28/2021 11:24:37,21.70,1669.12,,
6992,08/28/2021 11:34:37,21.53,1808.64,,
6993,08/28/2021 11:44:37,21.70,1601.92,,
6994,08/28/2021 11:54:37,22.18,1629.44,,
6995,08/28/2021 12:04:37,22.26,1601.92,,
6996,08/28/2021 12:14:37,22.52,1560.96,,
6997,08/28/2021 12:24:37,22.82,1562.24,,
6998,08/28/2021 12:34:37,22.69,1489.28,,
6999,08/28/2021 12:44:37,22.52,1427.20,,
7000,08/28/2021 12:54:37,22.31,1451.52,,
7001,08/28/2021 13:04:37,22.26,1415.68,,
7002,08/28/2021 13:14:37,22.18,1424.64,,
7003,08/28/2021 13:24:37,22.05,1473.28,,
7004,08/28/2021 13:34:37,22.05,1518.72,,
7005,08/28/2021 13:44:37,22.01,1520.00,,
7006,08/28/2021 13:54:37,22.31,1472.64,,
7007,08/28/2021 14:04:37,22.31,1567.36,,
7008,08/28/2021 14:14:37,22.39,1584.64,,
7009,08/28/2021 14:24:37,22.86,1612.80,,
7010,08/28/2021 14:34:37,23.08,1667.84,,
7011,08/28/2021 14:44:37,23.21,1655.68,,
7012,08/28/2021 14:54:37,23.38,1749.12,,
7013,08/28/2021 15:04:37,23.68,1772.80,,
7014,08/28/2021 15:14:37,23.76,1851.52,,
7015,08/28/2021 15:24:37,24.02,1885.44,,
7016,08/28/2021 15:34:37,24.58,1938.56,,
7017,08/28/2021 15:44:37,24.66,1945.60,,
7018,08/28/2021 15:54:37,24.58,2027.52,,
7019,08/28/2021 16:04:37,24.28,1991.68,,
7020,08/28/2021 16:14:37,23.85,2051.20,,
7021,08/28/2021 16:24:37,23.42,2200.32,,
7022,08/28/2021 16:34:37,23.08,2162.56,,
7023,08/28/2021 16:44:37,22.73,2162.56,,
7024,08/28/2021 16:54:37,22.48,2277.12,,
7025,08/28/2021 17:04:37,21.92,2383.36,,
7026,08/28/2021 17:14:37,21.58,2462.08,,
7027,08/28/2021 17:24:37,21.32,2316.80,,
7028,08/28/2021 17:34:37,21.10,2246.40,,
7029,08/28/2021 17:44:37,20.98,2391.68,,
7030,08/28/2021 17:54:37,21.06,2051.20,,
7031,08/28/2021 18:04:37,21.02,2094.08,,
7032,08/28/2021 18:14:37,21.06,1825.92,,
7033,08/28/2021 18:24:37,21.02,1733.76,,
7034,08/28/2021 18:34:37,20.98,1500.16,,
7035,08/28/2021 18:44:37,21.06,1303.68,,
7036,08/28/2021 18:54:37,21.28,1043.84,,
7037,08/28/2021 19:04:37,21.49,714.88,,
7038,08/28/2021 19:14:37,21.49,463.68,,
7039,08/28/2021 19:24:37,21.53,202.08,,
7040,08/28/2021 19:34:37,21.23,81.74,,
7041,08/28/2021 19:44:37,21.15,32.27,,
7042,08/28/2021 19:54:37,20.50,10.12,,
7043,08/28/2021 20:04:37,19.73,1.09,,
7044,08/28/2021 20:14:37,19.17,0.00,,
7045,08/28/2021 20:24:37,18.83,0.00,,
7046,08/28/2021 20:34:37,18.40,0.00,,
7047,08/28/2021 20:44:37,18.27,0.00,,
7048,08/28/2021 20:54:37,18.06,0.00,,
7049,08/28/2021 21:04:37,17.89,0.00,,
7050,08/28/2021 21:14:37,17.89,0.00,,
7051,08/28/2021 21:24:37,16.94,0.00,,
7052,08/28/2021 21:34:37,16.13,0.00,,
7053,08/28/2021 21:44:37,16.17,0.00,,
7054,08/28/2021 21:54:37,15.66,0.00,,
7055,08/28/2021 22:04:37,15.31,0.00,,
7056,08/28/2021 22:14:37,15.01,0.00,,
7057,08/28/2021 22:24:37,14.71,0.00,,
7058,08/28/2021 22:34:37,14.24,0.00,,
7059,08/28/2021 22:44:37,14.24,0.00,,
7060,08/28/2021 22:54:37,15.87,0.00,,
7061,08/28/2021 23:04:37,15.06,0.00,,
7062,08/28/2021 23:14:37,14.20,0.00,,
7063,08/28/2021 23:24:37,13.98,0.00,,
7064,08/28/2021 23:34:37,14.11,0.00,,
7065,08/28/2021 23:44:37,14.11,0.00,,
7066,08/28/2021 23:54:37,14.24,0.00,,
7067,08/29/2021 00:04:37,13.68,0.00,,
7068,08/29/2021 00:14:37,13.98,0.00,,
7069,08/29/2021 00:24:37,13.47,0.00,,
7070,08/29/2021 00:34:37,13.08,0.00,,
7071,08/29/2021 00:44:37,13.08,0.00,,
7072,08/29/2021 00:54:37,13.12,0.00,,
7073,08/29/2021 01:04:37,12.95,0.00,,
7074,08/29/2021 01:14:37,13.00,0.00,,
7075,08/29/2021 01:24:37,13.68,0.00,,
7076,08/29/2021 01:34:37,13.00,0.00,,
7077,08/29/2021 01:44:37,13.08,0.00,,
7078,08/29/2021 01:54:37,12.82,0.00,,
7079,08/29/2021 02:04:37,12.61,0.00,,
7080,08/29/2021 02:14:37,12.27,0.00,,
7081,08/29/2021 02:24:37,12.31,0.00,,
7082,08/29/2021 02:34:37,12.05,0.00,,
7083,08/29/2021 02:44:37,11.88,0.00,,
7084,08/29/2021 02:54:37,12.14,0.00,,
7085,08/29/2021 03:04:37,11.92,0.00,,
7086,08/29/2021 03:14:37,12.10,0.00,,
7087,08/29/2021 03:24:37,11.62,0.00,,
7088,08/29/2021 03:34:37,11.88,0.00,,
7089,08/29/2021 03:44:37,11.84,0.00,,
7090,08/29/2021 03:54:37,11.62,0.00,,
7091,08/29/2021 04:04:37,11.49,0.00,,
7092,08/29/2021 04:14:37,11.67,0.00,,
7093,08/29/2021 04:24:37,11.62,0.00,,
7094,08/29/2021 04:34:37,11.79,0.00,,
7095,08/29/2021 04:44:37,11.58,0.00,,
7096,08/29/2021 04:54:37,11.92,0.00,,
7097,08/29/2021 05:04:37,11.84,0.00,,
7098,08/29/2021 05:14:37,11.92,0.00,,
7099,08/29/2021 05:24:37,12.14,0.00,,
7100,08/29/2021 05:34:37,12.40,0.00,,
7101,08/29/2021 05:44:37,12.18,0.00,,
7102,08/29/2021 05:54:37,12.31,0.00,,
7103,08/29/2021 06:04:37,12.65,0.00,,
7104,08/29/2021 06:14:37,12.91,0.00,,
7105,08/29/2021 06:24:37,13.25,0.42,,
7106,08/29/2021 06:34:37,13.60,4.70,,
7107,08/29/2021 06:44:37,13.73,14.40,,
7108,08/29/2021 06:54:37,14.03,29.44,,
7109,08/29/2021 07:04:37,14.28,48.14,,
7110,08/29/2021 07:14:37,14.37,68.38,,
7111,08/29/2021 07:24:37,14.41,97.60,,
7112,08/29/2021 07:34:37,14.37,134.20,,
7113,08/29/2021 07:44:37,14.33,173.76,,
7114,08/29/2021 07:54:37,14.33,228.00,,
7115,08/29/2021 08:04:37,14.33,247.92,,
7116,08/29/2021 08:14:37,14.28,259.84,,
7117,08/29/2021 08:24:37,14.33,312.24,,
7118,08/29/2021 08:34:37,14.41,438.72,,
7119,08/29/2021 08:44:37,14.63,513.76,,
7120,08/29/2021 08:54:37,14.84,620.16,,
7121,08/29/2021 09:04:37,14.88,783.68,,
7122,08/29/2021 09:14:37,15.31,1765.76,,
7123,08/29/2021 09:24:37,15.44,1423.36,,
7124,08/29/2021 09:34:37,15.53,1973.12,,
7125,08/29/2021 09:44:37,15.78,1969.28,,
7126,08/29/2021 09:54:37,16.00,1998.72,,
7127,08/29/2021 10:04:37,16.26,2000.00,,
7128,08/29/2021 10:14:37,16.51,1973.12,,
7129,08/29/2021 10:24:37,16.81,1962.88,,
7130,08/29/2021 10:34:37,17.37,1851.52,,
7131,08/29/2021 10:44:37,17.67,1923.20,,
7132,08/29/2021 10:54:37,18.23,1905.92,,
7133,08/29/2021 11:04:37,19.00,1798.40,,
7134,08/29/2021 11:14:37,19.65,1719.04,,
7135,08/29/2021 11:24:37,20.37,1717.12,,
7136,08/29/2021 11:34:37,20.63,1711.36,,
7137,08/29/2021 11:44:37,20.93,1617.92,,
7138,08/29/2021 11:54:37,21.23,1632.64,,
7139,08/29/2021 12:04:37,21.49,1548.80,,
7140,08/29/2021 12:14:37,22.01,1645.44,,
7141,08/29/2021 12:24:37,22.39,1511.04,,
7142,08/29/2021 12:34:37,22.48,1470.08,,
7143,08/29/2021 12:44:37,22.35,1475.84,,
7144,08/29/2021 12:54:37,22.13,1461.76,,
7145,08/29/2021 13:04:37,21.88,1502.08,,
7146,08/29/2021 13:14:37,21.53,1642.88,,
7147,08/29/2021 13:24:37,20.85,1423.36,,
7148,08/29/2021 13:34:37,19.95,1472.00,,
7149,08/29/2021 13:44:37,19.60,1521.28,,
7150,08/29/2021 13:54:37,19.26,1642.24,,
7151,08/29/2021 14:04:37,19.00,1513.60,,
7152,08/29/2021 14:14:37,18.83,1621.76,,
7153,08/29/2021 14:24:37,18.70,1674.24,,
7154,08/29/2021 14:34:37,18.49,1720.96,,
7155,08/29/2021 14:44:37,18.53,1760.64,,
7156,08/29/2021 14:54:37,18.57,1822.08,,
7157,08/29/2021 15:04:37,18.53,1815.68,,
7158,08/29/2021 15:14:37,18.44,1844.48,,
7159,08/29/2021 15:24:37,18.32,1959.04,,
7160,08/29/2021 15:34:37,18.36,1960.96,,
7161,08/29/2021 15:44:37,18.06,2133.76,,
7162,08/29/2021 15:54:37,18.14,2012.16,,
7163,08/29/2021 16:04:37,18.06,2147.20,,
7164,08/29/2021 16:14:37,17.89,2152.32,,
7165,08/29/2021 16:24:37,17.76,2131.84,,
7166,08/29/2021 16:34:37,17.76,2167.68,,
7167,08/29/2021 16:44:37,17.67,2150.40,,
7168,08/29/2021 16:54:37,17.54,2147.20,,
7169,08/29/2021 17:04:37,17.41,2286.08,,
7170,08/29/2021 17:14:37,17.20,1258.24,,
7171,08/29/2021 17:24:37,16.77,1339.52,,
7172,08/29/2021 17:34:37,16.69,781.76,,
7173,08/29/2021 17:44:37,16.69,2025.60,,
7174,08/29/2021 17:54:37,16.81,1914.88,,
7175,08/29/2021 18:04:37,16.94,1747.20,,
7176,08/29/2021 18:14:37,17.11,1733.76,,
7177,08/29/2021 18:24:37,16.77,558.24,,
7178,08/29/2021 18:34:37,16.08,211.52,,
7179,08/29/2021 18:44:37,15.70,128.20,,
7180,08/29/2021 18:54:37,15.74,86.88,,
7181,08/29/2021 19:04:37,15.48,64.06,,
7182,08/29/2021 19:14:37,15.31,42.36,,
7183,08/29/2021 19:24:37,15.06,25.14,,
7184,08/29/2021 19:34:37,14.88,14.40,,
7185,08/29/2021 19:44:37,14.63,6.41,,
7186,08/29/2021 19:54:37,14.97,1.06,,
7187,08/29/2021 20:04:37,14.50,0.00,,
7188,08/29/2021 20:14:37,14.63,0.00,,
7189,08/29/2021 20:24:37,14.58,0.00,,
7190,08/29/2021 20:34:37,14.67,0.00,,
7191,08/29/2021 20:44:37,14.37,0.00,,
7192,08/29/2021 20:54:37,14.15,0.00,,
7193,08/29/2021 21:04:37,14.24,0.00,,
7194,08/29/2021 21:14:37,14.20,0.00,,
7195,08/29/2021 21:24:37,13.90,0.00,,
7196,08/29/2021 21:34:37,13.64,0.00,,
7197,08/29/2021 21:44:37,13.85,0.00,,
7198,08/29/2021 21:54:37,13.81,0.00,,
7199,08/29/2021 22:04:37,13.73,0.00,,
7200,08/29/2021 22:14:37,13.68,0.00,,
7201,08/29/2021 22:24:37,13.55,0.00,,
7202,08/29/2021 22:34:37,13.55,0.00,,
7203,08/29/2021 22:44:37,13.68,0.00,,
7204,08/29/2021 22:54:37,13.47,0.00,,
7205,08/29/2021 23:04:37,13.60,0.00,,
7206,08/29/2021 23:14:37,13.51,0.00,,
7207,08/29/2021 23:24:37,13.51,0.00,,
7208,08/29/2021 23:34:37,13.55,0.00,,
7209,08/29/2021 23:44:37,13.81,0.00,,
7210,08/29/2021 23:54:37,13.60,0.00,,
7211,08/30/2021 00:04:37,13.38,0.00,,
7212,08/30/2021 00:14:37,13.55,0.00,,
7213,08/30/2021 00:24:37,13.64,0.00,,
7214,08/30/2021 00:34:37,13.81,0.00,,
7215,08/30/2021 00:44:37,13.81,0.00,,
7216,08/30/2021 00:54:37,13.81,0.00,,
7217,08/30/2021 01:04:37,13.77,0.00,,
7218,08/30/2021 01:14:37,13.60,0.00,,
7219,08/30/2021 01:24:37,13.47,0.00,,
7220,08/30/2021 01:34:37,13.38,0.00,,
7221,08/30/2021 01:44:37,13.30,0.00,,
7222,08/30/2021 01:54:37,13.30,0.00,,
7223,08/30/2021 02:04:37,13.25,0.00,,
7224,08/30/2021 02:14:37,13.12,0.00,,
7225,08/30/2021 02:24:37,13.12,0.00,,
7226,08/30/2021 02:34:37,13.12,0.00,,
7227,08/30/2021 02:44:37,13.08,0.00,,
7228,08/30/2021 02:54:37,13.12,0.00,,
7229,08/30/2021 03:04:37,13.12,0.00,,
7230,08/30/2021 03:14:37,13.17,0.00,,
7231,08/30/2021 03:24:37,13.12,0.00,,
7232,08/30/2021 03:34:37,13.21,0.00,,
7233,08/30/2021 03:44:37,13.38,0.00,,
7234,08/30/2021 03:54:37,13.38,0.00,,
7235,08/30/2021 04:04:37,13.60,0.00,,
7236,08/30/2021 04:14:37,13.55,0.00,,
7237,08/30/2021 04:24:37,13.51,0.00,,
7238,08/30/2021 04:34:37,13.60,0.00,,
7239,08/30/2021 04:44:37,13.60,0.00,,
7240,08/30/2021 04:54:37,13.68,0.00,,
7241,08/30/2021 05:04:37,13.73,0.00,,
7242,08/30/2021 05:14:37,13.73,0.00,,
7243,08/30/2021 05:24:37,13.73,0.00,,
7244,08/30/2021 05:34:37,13.68,0.00,,
7245,08/30/2021 05:44:37,13.73,0.00,,
7246,08/30/2021 05:54:37,13.68,0.00,,
7247,08/30/2021 06:04:37,13.81,0.00,,
7248,08/30/2021 06:14:37,13.90,0.00,,
7249,08/30/2021 06:24:37,13.90,0.00,,
7250,08/30/2021 06:34:37,13.90,2.99,,
7251,08/30/2021 06:44:37,13.85,10.90,,
7252,08/30/2021 06:54:37,13.90,21.69,,
7253,08/30/2021 07:04:37,13.85,38.68,,
7254,08/30/2021 07:14:37,13.90,56.76,,
7255,08/30/2021 07:24:37,13.98,86.88,,
7256,08/30/2021 07:34:37,14.03,122.12,,
7257,08/30/2021 07:44:37,14.07,154.84,,
7258,08/30/2021 07:54:37,14.15,191.76,,
7259,08/30/2021 08:04:37,14.24,216.88,,
7260,08/30/2021 08:14:37,14.20,260.72,,
7261,08/30/2021 08:24:37,14.24,302.80,,
7262,08/30/2021 08:34:37,14.24,385.28,,
7263,08/30/2021 08:44:37,14.33,456.96,,
7264,08/30/2021 08:54:37,14.37,526.56,,
7265,08/30/2021 09:04:37,14.45,658.24,,
7266,08/30/2021 09:14:37,14.67,748.48,,
7267,08/30/2021 09:24:37,14.67,980.48,,
7268,08/30/2021 09:34:37,15.01,1317.76,,
7269,08/30/2021 09:44:37,15.14,1189.12,,
7270,08/30/2021 09:54:37,15.23,2249.60,,
7271,08/30/2021 10:04:37,15.31,2077.44,,
7272,08/30/2021 10:14:37,15.40,2015.36,,
7273,08/30/2021 10:24:37,15.48,1960.96,,
7274,08/30/2021 10:34:37,15.66,1933.44,,
7275,08/30/2021 10:44:37,15.78,1820.80,,
7276,08/30/2021 10:54:37,15.96,1993.60,,
7277,08/30/2021 11:04:37,16.08,1727.36,,
7278,08/30/2021 11:14:37,16.51,1665.28,,
7279,08/30/2021 11:24:37,16.86,1763.20,,
7280,08/30/2021 11:34:37,17.29,1472.00,,
7281,08/30/2021 11:44:37,17.29,1572.48,,
7282,08/30/2021 11:54:37,17.72,1490.56,,
7283,08/30/2021 12:04:37,18.19,1434.88,,
7284,08/30/2021 12:14:37,18.57,1373.44,,
7285,08/30/2021 12:24:37,18.87,1514.88,,
7286,08/30/2021 12:34:37,19.17,1406.72,,
7287,08/30/2021 12:44:37,19.56,1324.16,,
7288,08/30/2021 12:54:37,19.95,1230.08,,
7289,08/30/2021 13:04:37,20.37,1265.92,,
7290,08/30/2021 13:14:37,20.63,1334.40,,
7291,08/30/2021 13:24:37,20.76,1256.64,,
7292,08/30/2021 13:34:37,20.89,1230.08,,
7293,08/30/2021 13:44:37,20.68,1315.20,,
7294,08/30/2021 13:54:37,19.77,1301.76,,
7295,08/30/2021 14:04:37,18.92,1345.92,,
7296,08/30/2021 14:14:37,18.57,1416.32,,
7297,08/30/2021 14:24:37,18.62,1457.92,,
7298,08/30/2021 14:34:37,18.49,1464.96,,
7299,08/30/2021 14:44:37,18.66,1555.84,,
7300,08/30/2021 14:54:37,19.05,1617.28,,
7301,08/30/2021 15:04:37,18.74,1536.00,,
7302,08/30/2021 15:14:37,18.57,1676.80,,
7303,08/30/2021 15:24:37,18.23,1724.16,,
7304,08/30/2021 15:34:37,18.02,1926.40,,
7305,08/30/2021 15:44:37,17.89,1831.04,,
7306,08/30/2021 15:54:37,18.06,2025.60,,
7307,08/30/2021 16:04:37,17.97,2027.52,,
7308,08/30/2021 16:14:37,18.10,1923.20,,
7309,08/30/2021 16:24:37,18.02,2145.28,,
7310,08/30/2021 16:34:37,18.10,2217.60,,
7311,08/30/2021 16:44:37,18.14,2499.20,,
7312,08/30/2021 16:54:37,17.97,2236.16,,
7313,08/30/2021 17:04:37,18.14,2458.24,,
7314,08/30/2021 17:14:37,17.93,2562.56,,
7315,08/30/2021 17:24:37,18.06,2634.24,,
7316,08/30/2021 17:34:37,17.97,2894.08,,
7317,08/30/2021 17:44:37,17.80,2856.96,,
7318,08/30/2021 17:54:37,17.89,2979.84,,
7319,08/30/2021 18:04:37,17.84,2787.84,,
7320,08/30/2021 18:14:37,17.80,2752.00,,
7321,08/30/2021 18:24:37,17.76,2600.32,,
7322,08/30/2021 18:34:37,17.72,2263.68,,
7323,08/30/2021 18:44:37,17.59,2140.16,,
7324,08/30/2021 18:54:37,17.41,1701.76,,
7325,08/30/2021 19:04:37,17.46,1343.36,,
7326,08/30/2021 19:14:37,16.99,818.56,,
7327,08/30/2021 19:24:37,16.90,379.36,,
7328,08/30/2021 19:34:37,16.64,95.52,,
7329,08/30/2021 19:44:37,16.64,37.43,,
7330,08/30/2021 19:54:37,16.86,10.31,,
7331,08/30/2021 20:04:37,16.86,1.28,,
7332,08/30/2021 20:14:37,16.90,0.00,,
7333,08/30/2021 20:24:37,16.77,0.00,,
7334,08/30/2021 20:34:37,16.77,0.00,,
7335,08/30/2021 20:44:37,16.77,0.00,,
7336,08/30/2021 20:54:37,16.30,0.00,,
7337,08/30/2021 21:04:37,15.74,0.00,,
7338,08/30/2021 21:14:37,14.80,0.00,,
7339,08/30/2021 21:24:37,14.07,0.00,,
7340,08/30/2021 21:34:37,13.51,0.00,,
7341,08/30/2021 21:44:37,13.47,0.00,,
7342,08/30/2021 21:54:37,13.30,0.00,,
7343,08/30/2021 22:04:37,13.17,0.00,,
7344,08/30/2021 22:14:37,13.17,0.00,,
7345,08/30/2021 22:24:37,13.12,0.00,,
7346,08/30/2021 22:34:37,12.74,0.00,,
7347,08/30/2021 22:44:37,12.65,0.00,,
7348,08/30/2021 22:54:37,12.40,0.00,,
7349,08/30/2021 23:04:37,12.27,0.00,,
7350,08/30/2021 23:14:37,12.22,0.00,,
7351,08/30/2021 23:24:37,12.01,0.00,,
7352,08/30/2021 23:34:37,12.22,0.00,,
7353,08/30/2021 23:44:37,12.27,0.00,,
7354,08/30/2021 23:54:37,12.22,0.00,,
7355,08/31/2021 00:04:37,12.10,0.00,,
7356,08/31/2021 00:14:37,12.14,0.00,,
7357,08/31/2021 00:24:37,11.41,0.00,,
7358,08/31/2021 00:34:37,11.75,0.00,,
7359,08/31/2021 00:44:37,11.37,0.00,,
7360,08/31/2021 00:54:37,10.68,0.00,,
7361,08/31/2021 01:04:37,11.67,0.00,,
7362,08/31/2021 01:14:37,10.98,0.00,,
7363,08/31/2021 01:24:37,11.28,0.00,,
7364,08/31/2021 01:34:37,11.11,0.00,,
7365,08/31/2021 01:44:37,11.11,0.00,,
7366,08/31/2021 01:54:37,11.28,0.00,,
7367,08/31/2021 02:04:37,11.45,0.00,,
7368,08/31/2021 02:14:37,10.98,0.00,,
7369,08/31/2021 02:24:37,11.02,0.00,,
7370,08/31/2021 02:34:37,10.68,0.00,,
7371,08/31/2021 02:44:37,10.34,0.00,,
7372,08/31/2021 02:54:37,11.11,0.00,,
7373,08/31/2021 03:04:37,10.77,0.00,,
7374,08/31/2021 03:14:37,11.07,0.00,,
7375,08/31/2021 03:24:37,11.15,0.00,,
7376,08/31/2021 03:34:37,11.37,0.00,,
7377,08/31/2021 03:44:37,11.02,0.00,,
7378,08/31/2021 03:54:37,10.68,0.00,,
7379,08/31/2021 04:04:37,10.55,0.00,,
7380,08/31/2021 04:14:37,9.48,0.00,,
7381,08/31/2021 04:24:37,10.42,0.00,,
7382,08/31/2021 04:34:37,10.51,0.00,,
7383,08/31/2021 04:44:37,10.29,0.00,,
7384,08/31/2021 04:54:37,10.38,0.00,,
7385,08/31/2021 05:04:37,10.38,0.00,,
7386,08/31/2021 05:14:37,10.04,0.00,,
7387,08/31/2021 05:24:37,10.34,0.00,,
7388,08/31/2021 05:34:37,10.04,0.00,,
7389,08/31/2021 05:44:37,9.99,0.00,,
7390,08/31/2021 05:54:37,8.66,0.00,,
7391,08/31/2021 06:04:37,9.61,0.00,,
7392,08/31/2021 06:14:37,10.08,0.00,,
7393,08/31/2021 06:24:37,9.14,2.56,,
7394,08/31/2021 06:34:37,9.09,14.64,,
7395,08/31/2021 06:44:37,9.01,48.16,,
7396,08/31/2021 06:54:37,8.83,104.08,,
7397,08/31/2021 07:04:37,9.82,184.96,,
7398,08/31/2021 07:14:37,9.99,306.24,,
7399,08/31/2021 07:24:37,9.91,1004.48,,
7400,08/31/2021 07:34:37,10.38,1296.00,,
7401,08/31/2021 07:44:37,10.94,1441.28,,
7402,08/31/2021 07:54:37,11.88,1616.64,,
7403,08/31/2021 08:04:37,12.40,1772.16,,
7404,08/31/2021 08:14:37,13.25,1754.24,,
7405,08/31/2021 08:24:37,13.81,1598.72,,
7406,08/31/2021 08:34:37,14.50,1884.16,,
7407,08/31/2021 08:44:37,14.93,2124.80,,
7408,08/31/2021 08:54:37,15.44,2078.72,,
7409,08/31/2021 09:04:37,15.70,2044.80,,
7410,08/31/2021 09:14:37,15.91,2145.28,,
7411,08/31/2021 09:24:37,16.39,2138.88,,
7412,08/31/2021 09:34:37,16.64,2088.96,,
7413,08/31/2021 09:44:37,16.90,1996.80,,
7414,08/31/2021 09:54:37,17.20,1926.40,,
7415,08/31/2021 10:04:37,17.54,1926.40,,
7416,08/31/2021 10:14:37,17.89,1811.84,,
7417,08/31/2021 10:24:37,18.19,1844.48,,
7418,08/31/2021 10:34:37,18.40,1829.12,,
7419,08/31/2021 10:44:37,18.57,1736.96,,
7420,08/31/2021 10:54:37,18.66,1656.32,,
7421,08/31/2021 11:04:37,18.66,1676.80,,
7422,08/31/2021 11:14:37,18.87,1617.28,,
7423,08/31/2021 11:24:37,19.05,1553.92,,
7424,08/31/2021 11:34:37,19.52,1459.20,,
7425,08/31/2021 11:44:37,20.16,1671.68,,
7426,08/31/2021 11:54:37,20.29,1444.48,,
7427,08/31/2021 12:04:37,20.42,1390.08,,
7428,08/31/2021 12:14:37,20.59,1390.08,,
7429,08/31/2021 12:24:37,20.46,1329.28,,
7430,08/31/2021 12:34:37,20.68,1333.12,,
7431,08/31/2021 12:44:37,20.59,1431.68,,
7432,08/31/2021 12:54:37,20.29,1327.36,,
7433,08/31/2021 13:04:37,19.90,1189.76,,
7434,08/31/2021 13:14:37,19.73,1245.44,,
7435,08/31/2021 13:24:37,19.65,1226.56,,
7436,08/31/2021 13:34:37,19.39,1400.32,,
7437,08/31/2021 13:44:37,19.35,1274.56,,
7438,08/31/2021 13:54:37,19.43,1297.60,,
7439,08/31/2021 14:04:37,19.47,1261.76,,
7440,08/31/2021 14:14:37,19.30,1367.68,,
7441,08/31/2021 14:24:37,19.30,1436.16,,
7442,08/31/2021 14:34:37,19.22,1474.56,,
7443,08/31/2021 14:44:37,19.26,1557.12,,
7444,08/31/2021 14:54:37,19.22,1594.88,,
7445,08/31/2021 15:04:37,19.22,1637.12,,
7446,08/31/2021 15:14:37,18.92,1726.72,,
7447,08/31/2021 15:24:37,18.74,1798.40,,
7448,08/31/2021 15:34:37,18.87,1909.76,,
7449,08/31/2021 15:44:37,18.70,1856.64,,
7450,08/31/2021 15:54:37,18.23,1950.72,,
7451,08/31/2021 16:04:37,18.23,2073.60,,
7452,08/31/2021 16:14:37,17.93,2106.24,,
7453,08/31/2021 16:24:37,17.89,2126.72,,
7454,08/31/2021 16:34:37,17.89,2492.80,,
7455,08/31/2021 16:44:37,17.72,2590.08,,
7456,08/31/2021 16:54:37,17.63,2790.40,,
7457,08/31/2021 17:04:37,17.54,2629.12,,
7458,08/31/2021 17:14:37,17.50,2707.20,,
7459,08/31/2021 17:24:37,17.46,2909.44,,
7460,08/31/2021 17:34:37,17.41,2545.92,,
7461,08/31/2021 17:44:37,17.63,3123.20,,
7462,08/31/2021 17:54:37,17.59,2681.60,,
7463,08/31/2021 18:04:37,17.46,3029.76,,
7464,08/31/2021 18:14:37,17.54,2874.88,,
7465,08/31/2021 18:24:37,17.41,2559.36,,
7466,08/31/2021 18:34:37,17.11,2316.80,,
7467,08/31/2021 18:44:37,17.16,2195.20,,
7468,08/31/2021 18:54:37,16.99,1521.28,,
7469,08/31/2021 19:04:37,16.77,1177.92,,
7470,08/31/2021 19:14:37,16.51,671.68,,
7471,08/31/2021 19:24:37,16.34,302.64,,
7472,08/31/2021 19:34:37,16.13,85.20,,
7473,08/31/2021 19:44:37,16.13,30.77,,
7474,08/31/2021 19:54:37,15.83,7.50,,
7475,08/31/2021 20:04:37,15.78,0.64,,
7476,08/31/2021 20:14:37,15.74,0.00,,
7477,08/31/2021 20:24:37,15.70,0.00,,
7478,08/31/2021 20:34:37,15.61,0.00,,
7479,08/31/2021 20:44:37,15.61,0.00,,
7480,08/31/2021 20:54:37,15.44,0.00,,
7481,08/31/2021 21:04:37,15.48,0.00,,
7482,08/31/2021 21:14:37,15.31,0.00,,
7483,08/31/2021 21:24:37,15.27,0.00,,
7484,08/31/2021 21:34:37,15.40,0.00,,
7485,08/31/2021 21:44:37,15.23,0.00,,
7486,08/31/2021 21:54:37,15.01,0.00,,
7487,08/31/2021 22:04:37,15.01,0.00,,
7488,08/31/2021 22:14:37,14.97,0.00,,
7489,08/31/2021 22:24:37,14.93,0.00,,
7490,08/31/2021 22:34:37,14.93,0.00,,
7491,08/31/2021 22:44:37,14.80,0.00,,
7492,08/31/2021 22:54:37,14.84,0.00,,
7493,08/31/2021 23:04:37,14.75,0.00,,
7494,08/31/2021 23:14:37,14.80,0.00,,
7495,08/31/2021 23:24:37,14.80,0.00,,
7496,08/31/2021 23:34:37,14.75,0.00,,
7497,08/31/2021 23:44:37,14.75,0.00,,
7498,08/31/2021 23:54:37,14.67,0.00,,
7499,09/01/2021 00:04:37,14.58,0.00,,
7500,09/01/2021 00:14:37,14.58,0.00,,
7501,09/01/2021 00:24:37,14.63,0.00,,
7502,09/01/2021 00:34:37,14.50,0.00,,
7503,09/01/2021 00:44:37,14.50,0.00,,
7504,09/01/2021 00:54:37,14.50,0.00,,
7505,09/01/2021 01:04:37,14.37,0.00,,
7506,09/01/2021 01:14:37,14.37,0.00,,
7507,09/01/2021 01:24:37,14.28,0.00,,
7508,09/01/2021 01:34:37,14.28,0.00,,
7509,09/01/2021 01:44:37,14.28,0.00,,
7510,09/01/2021 01:54:37,14.15,0.00,,
7511,09/01/2021 02:04:37,14.24,0.00,,
7512,09/01/2021 02:14:37,14.03,0.00,,
7513,09/01/2021 02:24:37,14.03,0.00,,
7514,09/01/2021 02:34:37,13.94,0.00,,
7515,09/01/2021 02:44:37,13.90,0.00,,
7516,09/01/2021 02:54:37,13.98,0.00,,
7517,09/01/2021 03:04:37,13.73,0.00,,
7518,09/01/2021 03:14:37,13.77,0.00,,
7519,09/01/2021 03:24:37,13.77,0.00,,
7520,09/01/2021 03:34:37,13.77,0.00,,
7521,09/01/2021 03:44:37,13.73,0.00,,
7522,09/01/2021 03:54:37,13.77,0.00,,
7523,09/01/2021 04:04:37,13.73,0.00,,
7524,09/01/2021 04:14:37,13.68,0.00,,
7525,09/01/2021 04:24:37,13.68,0.00,,
7526,09/01/2021 04:34:37,13.55,0.00,,
7527,09/01/2021 04:44:37,13.64,0.00,,
7528,09/01/2021 04:54:37,13.68,0.00,,
7529,09/01/2021 05:04:37,13.64,0.00,,
7530,09/01/2021 05:14:37,13.68,0.00,,
7531,09/01/2021 05:24:37,13.60,0.00,,
7532,09/01/2021 05:34:37,13.60,0.00,,
7533,09/01/2021 05:44:37,13.43,0.00,,
7534,09/01/2021 05:54:37,13.47,0.00,,
7535,09/01/2021 06:04:37,13.55,0.00,,
7536,09/01/2021 06:14:37,13.38,0.00,,
7537,09/01/2021 06:24:37,13.43,0.00,,
7538,09/01/2021 06:34:37,13.60,2.35,,
7539,09/01/2021 06:44:37,13.51,8.60,,
7540,09/01/2021 06:54:37,13.51,19.77,,
7541,09/01/2021 07:04:37,13.51,35.66,,
7542,09/01/2021 07:14:37,13.38,50.30,,
7543,09/01/2021 07:24:37,13.38,67.96,,
7544,09/01/2021 07:34:37,13.38,87.72,,
7545,09/01/2021 07:44:37,13.43,106.20,,
7546,09/01/2021 07:54:37,13.47,126.52,,
7547,09/01/2021 08:04:37,13.51,154.84,,
7548,09/01/2021 08:14:37,13.68,191.76,,
7549,09/01/2021 08:24:37,13.85,225.44,,
7550,09/01/2021 08:34:37,13.85,248.56,,
7551,09/01/2021 08:44:37,13.98,296.72,,
7552,09/01/2021 08:54:37,14.15,329.44,,
7553,09/01/2021 09:04:37,14.07,374.24,,
7554,09/01/2021 09:14:37,14.11,394.88,,
7555,09/01/2021 09:24:37,14.20,495.52,,
7556,09/01/2021 09:34:37,14.37,497.28,,
7557,09/01/2021 09:44:37,14.41,559.04,,
7558,09/01/2021 09:54:37,14.50,639.04,,
7559,09/01/2021 10:04:37,14.54,688.00,,
7560,09/01/2021 10:14:37,14.54,637.28,,
7561,09/01/2021 10:24:37,14.71,742.40,,
7562,09/01/2021 10:34:37,14.75,726.08,,
7563,09/01/2021 10:44:37,14.67,737.92,,
7564,09/01/2021 10:54:37,14.67,821.44,,
7565,09/01/2021 11:04:37,14.88,875.20,,
7566,09/01/2021 11:14:37,14.84,972.80,,
7567,09/01/2021 11:24:37,14.80,965.76,,
7568,09/01/2021 11:34:37,14.75,975.36,,
7569,09/01/2021 11:44:37,14.93,959.04,,
7570,09/01/2021 11:54:37,14.88,1047.04,,
7571,09/01/2021 12:04:37,14.93,1000.00,,
7572,09/01/2021 12:14:37,15.06,1079.68,,
7573,09/01/2021 12:24:37,15.14,1167.68,,
7574,09/01/2021 12:34:37,15.23,1070.08,,
7575,09/01/2021 12:44:37,15.27,1319.68,,
7576,09/01/2021 12:54:37,15.48,1262.72,,
7577,09/01/2021 13:04:37,15.40,1523.20,,
7578,09/01/2021 13:14:37,15.48,1567.36,,
7579,09/01/2021 13:24:37,15.70,1477.76,,
7580,09/01/2021 13:34:37,15.78,1429.76,,
7581,09/01/2021 13:44:37,15.83,1468.16,,
7582,09/01/2021 13:54:37,15.74,1363.84,,
7583,09/01/2021 14:04:37,15.66,1340.16,,
7584,09/01/2021 14:14:37,15.57,1147.20,,
7585,09/01/2021 14:24:37,15.40,1214.72,,
7586,09/01/2021 14:34:37,15.61,1386.24,,
7587,09/01/2021 14:44:37,15.91,1387.52,,
7588,09/01/2021 14:54:37,15.70,1957.76,,
7589,09/01/2021 15:04:37,15.83,1304.32,,
7590,09/01/2021 15:14:37,15.83,1426.56,,
7591,09/01/2021 15:24:37,15.91,1227.52,,
7592,09/01/2021 15:34:37,16.04,2231.04,,
7593,09/01/2021 15:44:37,15.78,1461.76,,
7594,09/01/2021 15:54:37,15.96,2096.00,,
7595,09/01/2021 16:04:37,15.96,1036.80,,
7596,09/01/2021 16:14:37,15.91,823.04,,
7597,09/01/2021 16:24:37,15.87,876.16,,
7598,09/01/2021 16:34:37,15.78,737.28,,
7599,09/01/2021 16:44:37,15.66,615.04,,
7600,09/01/2021 16:54:37,15.70,503.20,,
7601,09/01/2021 17:04:37,15.53,476.48,,
7602,09/01/2021 17:14:37,15.48,389.76,,
7603,09/01/2021 17:24:37,15.57,394.08,,
7604,09/01/2021 17:34:37,15.44,379.36,,
7605,09/01/2021 17:44:37,15.31,351.04,,
7606,09/01/2021 17:54:37,15.18,264.16,,
7607,09/01/2021 18:04:37,15.18,225.44,,
7608,09/01/2021 18:14:37,15.27,175.52,,
7609,09/01/2021 18:24:37,15.10,139.32,,
7610,09/01/2021 18:34:37,15.01,121.28,,
7611,09/01/2021 18:44:37,14.88,95.88,,
7612,09/01/2021 18:54:37,14.88,73.14,,
7613,09/01/2021 19:04:37,14.88,50.30,,
7614,09/01/2021 19:14:37,14.58,33.10,,
7615,09/01/2021 19:24:37,14.93,19.34,,
7616,09/01/2021 19:34:37,14.63,9.43,,
7617,09/01/2021 19:44:37,14.50,2.99,,
7618,09/01/2021 19:54:37,14.41,0.00,,
7619,09/01/2021 20:04:37,14.54,0.00,,
7620,09/01/2021 20:14:37,14.41,0.00,,
7621,09/01/2021 20:24:37,14.33,0.00,,
7622,09/01/2021 20:34:37,14.54,0.00,,
7623,09/01/2021 20:44:37,14.37,0.00,,
7624,09/01/2021 20:54:37,14.41,0.00,,
7625,09/01/2021 21:04:37,14.20,0.00,,
7626,09/01/2021 21:14:37,14.24,0.00,,
7627,09/01/2021 21:24:37,14.24,0.00,,
7628,09/01/2021 21:34:37,14.24,0.00,,
7629,09/01/2021 21:44:37,14.28,0.00,,
7630,09/01/2021 21:54:37,14.24,0.00,,
7631,09/01/2021 22:04:37,14.11,0.00,,
7632,09/01/2021 22:14:37,14.11,0.00,,
7633,09/01/2021 22:24:37,13.94,0.00,,
7634,09/01/2021 22:34:37,14.20,0.00,,
7635,09/01/2021 22:44:37,14.03,0.00,,
7636,09/01/2021 22:54:37,13.94,0.00,,
7637,09/01/2021 23:04:37,13.81,0.00,,
7638,09/01/2021 23:14:37,13.85,0.00,,
7639,09/01/2021 23:24:37,13.81,0.00,,
7640,09/01/2021 23:34:37,13.85,0.00,,
7641,09/01/2021 23:44:37,13.85,0.00,,
7642,09/01/2021 23:54:37,13.85,0.00,,
7643,09/02/2021 00:04:37,13.68,0.00,,
7644,09/02/2021 00:14:37,13.73,0.00,,
7645,09/02/2021 00:24:37,13.85,0.00,,
7646,09/02/2021 00:34:37,13.81,0.00,,
7647,09/02/2021 00:44:37,13.90,0.00,,
7648,09/02/2021 00:54:37,13.98,0.00,,
7649,09/02/2021 01:04:37,13.98,0.00,,
7650,09/02/2021 01:14:37,14.03,0.00,,
7651,09/02/2021 01:24:37,13.94,0.00,,
7652,09/02/2021 01:34:37,13.85,0.00,,
7653,09/02/2021 01:44:37,13.81,0.00,,
7654,09/02/2021 01:54:37,13.90,0.00,,
7655,09/02/2021 02:04:37,13.94,0.00,,
7656,09/02/2021 02:14:37,13.94,0.00,,
7657,09/02/2021 02:24:37,13.85,0.00,,
7658,09/02/2021 02:34:37,13.81,0.00,,
7659,09/02/2021 02:44:37,13.81,0.00,,
7660,09/02/2021 02:54:37,13.85,0.00,,
7661,09/02/2021 03:04:37,13.85,0.00,,
7662,09/02/2021 03:14:37,13.85,0.00,,
7663,09/02/2021 03:24:37,13.81,0.00,,
7664,09/02/2021 03:34:37,13.77,0.00,,
7665,09/02/2021 03:44:37,13.81,0.00,,
7666,09/02/2021 03:54:37,13.77,0.00,,
7667,09/02/2021 04:04:37,13.73,0.00,,
7668,09/02/2021 04:14:37,13.77,0.00,,
7669,09/02/2021 04:24:37,13.68,0.00,,
7670,09/02/2021 04:34:37,13.73,0.00,,
7671,09/02/2021 04:44:37,13.68,0.00,,
7672,09/02/2021 04:54:37,13.68,0.00,,
7673,09/02/2021 05:04:37,13.64,0.00,,
7674,09/02/2021 05:14:37,13.64,0.00,,
7675,09/02/2021 05:24:37,13.68,0.00,,
7676,09/02/2021 05:34:37,13.68,0.00,,
7677,09/02/2021 05:44:37,13.73,0.00,,
7678,09/02/2021 05:54:37,13.77,0.00,,
7679,09/02/2021 06:04:37,13.73,0.00,,
7680,09/02/2021 06:14:37,13.77,0.00,,
7681,09/02/2021 06:24:37,13.81,0.00,,
7682,09/02/2021 06:34:37,13.90,1.70,,
7683,09/02/2021 06:44:37,13.90,7.50,,
7684,09/02/2021 06:54:37,13.90,19.36,,
7685,09/02/2021 07:04:37,13.85,37.18,,
7686,09/02/2021 07:14:37,13.94,59.60,,
7687,09/02/2021 07:24:37,14.07,79.18,,
7688,09/02/2021 07:34:37,14.15,119.56,,
7689,09/02/2021 07:44:37,14.28,177.28,,
7690,09/02/2021 07:54:37,14.41,223.76,,
7691,09/02/2021 08:04:37,14.58,283.76,,
7692,09/02/2021 08:14:37,14.67,346.56,,
7693,09/02/2021 08:24:37,14.75,432.80,,
7694,09/02/2021 08:34:37,14.80,499.84,,
7695,09/02/2021 08:44:37,14.88,549.60,,
7696,09/02/2021 08:54:37,15.01,597.12,,
7697,09/02/2021 09:04:37,15.01,671.68,,
7698,09/02/2021 09:14:37,15.23,783.36,,
7699,09/02/2021 09:24:37,15.31,1049.60,,
7700,09/02/2021 09:34:37,15.66,1064.96,,
7701,09/02/2021 09:44:37,15.87,1815.68,,
7702,09/02/2021 09:54:37,15.96,1294.08,,
7703,09/02/2021 10:04:37,16.17,1801.60,,
7704,09/02/2021 10:14:37,16.13,1658.24,,
7705,09/02/2021 10:24:37,16.34,1918.08,,
7706,09/02/2021 10:34:37,16.47,1942.40,,
7707,09/02/2021 10:44:37,16.73,1890.56,,
7708,09/02/2021 10:54:37,16.86,1856.64,,
7709,09/02/2021 11:04:37,16.90,1750.40,,
7710,09/02/2021 11:14:37,17.07,1763.20,,
7711,09/02/2021 11:24:37,17.33,1656.32,,
7712,09/02/2021 11:34:37,17.72,1709.44,,
7713,09/02/2021 11:44:37,18.02,1672.96,,
7714,09/02/2021 11:54:37,18.06,1622.40,,
7715,09/02/2021 12:04:37,18.06,1562.24,,
7716,09/02/2021 12:14:37,18.10,1548.16,,
7717,09/02/2021 12:24:37,18.06,1411.84,,
7718,09/02/2021 12:34:37,18.06,1537.92,,
7719,09/02/2021 12:44:37,18.10,1367.68,,
7720,09/02/2021 12:54:37,18.27,1368.32,,
7721,09/02/2021 13:04:37,18.27,1365.76,,
7722,09/02/2021 13:14:37,18.32,1422.08,,
7723,09/02/2021 13:24:37,18.44,1385.60,,
7724,09/02/2021 13:34:37,18.44,1462.40,,
7725,09/02/2021 13:44:37,18.49,1594.24,,
7726,09/02/2021 13:54:37,18.27,1459.84,,
7727,09/02/2021 14:04:37,18.19,1513.60,,
7728,09/02/2021 14:14:37,18.27,1541.12,,
7729,09/02/2021 14:24:37,18.06,1599.36,,
7730,09/02/2021 14:34:37,18.02,1658.88,,
7731,09/02/2021 14:44:37,17.76,1841.28,,
7732,09/02/2021 14:54:37,17.89,1844.48,,
7733,09/02/2021 15:04:37,17.76,1923.20,,
7734,09/02/2021 15:14:37,17.67,1950.72,,
7735,09/02/2021 15:24:37,17.76,1931.52,,
7736,09/02/2021 15:34:37,17.46,2048.00,,
7737,09/02/2021 15:44:37,17.46,2101.12,,
7738,09/02/2021 15:54:37,17.37,2128.64,,
7739,09/02/2021 16:04:37,17.46,2138.88,,
7740,09/02/2021 16:14:37,17.46,2152.32,,
7741,09/02/2021 16:24:37,17.46,2176.64,,
7742,09/02/2021 16:34:37,17.41,2264.96,,
7743,09/02/2021 16:44:37,17.63,2338.56,,
7744,09/02/2021 16:54:37,17.63,2280.96,,
7745,09/02/2021 17:04:37,17.76,2448.00,,
7746,09/02/2021 17:14:37,17.59,2340.48,,
7747,09/02/2021 17:24:37,17.29,2398.72,,
7748,09/02/2021 17:34:37,17.33,2417.28,,
7749,09/02/2021 17:44:37,17.41,2193.28,,
7750,09/02/2021 17:54:37,17.50,2157.44,,
7751,09/02/2021 18:04:37,17.11,2096.00,,
7752,09/02/2021 18:14:37,17.03,1892.48,,
7753,09/02/2021 18:24:37,16.77,1660.16,,
7754,09/02/2021 18:34:37,16.43,665.92,,
7755,09/02/2021 18:44:37,16.43,1009.60,,
7756,09/02/2021 18:54:37,16.43,508.16,,
7757,09/02/2021 19:04:37,16.08,214.56,,
7758,09/02/2021 19:14:37,15.91,86.00,,
7759,09/02/2021 19:24:37,15.61,44.26,,
7760,09/02/2021 19:34:37,15.57,17.84,,
7761,09/02/2021 19:44:37,15.40,5.55,,
7762,09/02/2021 19:54:37,15.44,0.42,,
7763,09/02/2021 20:04:37,15.31,0.00,,
7764,09/02/2021 20:14:37,15.40,0.00,,
7765,09/02/2021 20:24:37,15.31,0.00,,
7766,09/02/2021 20:34:37,15.27,0.00,,
7767,09/02/2021 20:44:37,15.14,0.00,,
7768,09/02/2021 20:54:37,14.88,0.00,,
7769,09/02/2021 21:04:37,15.06,0.00,,
7770,09/02/2021 21:14:37,14.80,0.00,,
7771,09/02/2021 21:24:37,14.45,0.00,,
7772,09/02/2021 21:34:37,14.58,0.00,,
7773,09/02/2021 21:44:37,14.54,0.00,,
7774,09/02/2021 21:54:37,14.45,0.00,,
7775,09/02/2021 22:04:37,14.15,0.00,,
7776,09/02/2021 22:14:37,14.24,0.00,,
7777,09/02/2021 22:24:37,14.11,0.00,,
7778,09/02/2021 22:34:37,13.90,0.00,,
7779,09/02/2021 22:44:37,13.90,0.00,,
7780,09/02/2021 22:54:37,13.73,0.00,,
7781,09/02/2021 23:04:37,13.73,0.00,,
7782,09/02/2021 23:14:37,13.60,0.00,,
7783,09/02/2021 23:24:37,13.60,0.00,,
7784,09/02/2021 23:34:37,13.60,0.00,,
7785,09/02/2021 23:44:37,13.51,0.00,,
7786,09/02/2021 23:54:37,13.25,0.00,,
7787,09/03/2021 00:04:37,13.30,0.00,,
7788,09/03/2021 00:14:37,13.21,0.00,,
7789,09/03/2021 00:24:37,13.21,0.00,,
7790,09/03/2021 00:34:37,13.17,0.00,,
7791,09/03/2021 00:44:37,13.25,0.00,,
7792,09/03/2021 00:54:37,13.17,0.00,,
7793,09/03/2021 01:04:37,13.08,0.00,,
7794,09/03/2021 01:14:37,13.08,0.00,,
7795,09/03/2021 01:24:37,13.12,0.00,,
7796,09/03/2021 01:34:37,13.00,0.00,,
7797,09/03/2021 01:44:37,13.00,0.00,,
7798,09/03/2021 01:54:37,13.00,0.00,,
7799,09/03/2021 02:04:37,12.95,0.00,,
7800,09/03/2021 02:14:37,13.00,0.00,,
7801,09/03/2021 02:24:37,12.78,0.00,,
7802,09/03/2021 02:34:37,12.78,0.00,,
7803,09/03/2021 02:44:37,12.91,0.00,,
7804,09/03/2021 02:54:37,12.91,0.00,,
7805,09/03/2021 03:04:37,12.78,0.00,,
7806,09/03/2021 03:14:37,12.65,0.00,,
7807,09/03/2021 03:24:37,12.61,0.00,,
7808,09/03/2021 03:34:37,12.52,0.00,,
7809,09/03/2021 03:44:37,12.57,0.00,,
7810,09/03/2021 03:54:37,12.57,0.00,,
7811,09/03/2021 04:04:37,12.48,0.00,,
7812,09/03/2021 04:14:37,12.65,0.00,,
7813,09/03/2021 04:24:37,12.74,0.00,,
7814,09/03/2021 04:34:37,12.65,0.00,,
7815,09/03/2021 04:44:37,12.52,0.00,,
7816,09/03/2021 04:54:37,12.48,0.00,,
7817,09/03/2021 05:04:37,12.48,0.00,,
7818,09/03/2021 05:14:37,12.57,0.00,,
7819,09/03/2021 05:24:37,12.57,0.00,,
7820,09/03/2021 05:34:37,12.52,0.00,,
7821,09/03/2021 05:44:37,12.48,0.00,,
7822,09/03/2021 05:54:37,12.44,0.00,,
7823,09/03/2021 06:04:37,12.35,0.00,,
7824,09/03/2021 06:14:37,12.40,0.00,,
7825,09/03/2021 06:24:37,12.40,0.00,,
7826,09/03/2021 06:34:37,12.48,0.64,,
7827,09/03/2021 06:44:37,12.40,4.30,,
7828,09/03/2021 06:54:37,12.22,11.59,,
7829,09/03/2021 07:04:37,12.22,21.05,,
7830,09/03/2021 07:14:37,12.35,34.81,,
7831,09/03/2021 07:24:37,12.35,49.22,,
7832,09/03/2021 07:34:37,12.44,65.40,,
7833,09/03/2021 07:44:37,12.61,78.26,,
7834,09/03/2021 07:54:37,12.57,95.88,,
7835,09/03/2021 08:04:37,12.70,122.12,,
7836,09/03/2021 08:14:37,12.78,148.00,,
7837,09/03/2021 08:24:37,12.70,181.52,,
7838,09/03/2021 08:34:37,12.74,206.40,,
7839,09/03/2021 08:44:37,12.87,243.44,,
7840,09/03/2021 08:54:37,12.87,276.96,,
7841,09/03/2021 09:04:37,12.87,315.04,,
7842,09/03/2021 09:14:37,13.00,358.72,,
7843,09/03/2021 09:24:37,13.25,407.68,,
7844,09/03/2021 09:34:37,13.43,460.32,,
7845,09/03/2021 09:44:37,13.47,532.48,,
7846,09/03/2021 09:54:37,13.55,600.48,,
7847,09/03/2021 10:04:37,13.81,677.76,,
7848,09/03/2021 10:14:37,13.90,753.60,,
7849,09/03/2021 10:24:37,13.98,836.80,,
7850,09/03/2021 10:34:37,14.11,938.56,,
7851,09/03/2021 10:44:37,14.50,1049.60,,
7852,09/03/2021 10:54:37,14.75,1139.52,,
7853,09/03/2021 11:04:37,14.84,1296.00,,
7854,09/03/2021 11:14:37,15.01,1560.96,,
7855,09/03/2021 11:24:37,15.14,1940.48,,
7856,09/03/2021 11:34:37,15.18,1861.76,,
7857,09/03/2021 11:44:37,15.48,1778.56,,
7858,09/03/2021 11:54:37,15.83,1709.44,,
7859,09/03/2021 12:04:37,16.13,1872.00,,
7860,09/03/2021 12:14:37,16.30,1634.56,,
7861,09/03/2021 12:24:37,16.69,1720.96,,
7862,09/03/2021 12:34:37,16.94,1614.72,,
7863,09/03/2021 12:44:37,17.03,1571.20,,
7864,09/03/2021 12:54:37,17.16,1551.36,,
7865,09/03/2021 13:04:37,17.29,1582.72,,
7866,09/03/2021 13:14:37,17.54,1454.08,,
7867,09/03/2021 13:24:37,17.50,1530.88,,
7868,09/03/2021 13:34:37,17.54,1465.60,,
7869,09/03/2021 13:44:37,17.50,1577.60,,
7870,09/03/2021 13:54:37,17.37,1594.88,,
7871,09/03/2021 14:04:37,17.50,1521.28,,
7872,09/03/2021 14:14:37,17.54,1577.60,,
7873,09/03/2021 14:24:37,17.29,1701.12,,
7874,09/03/2021 14:34:37,17.37,1744.64,,
7875,09/03/2021 14:44:37,17.20,1815.68,,
7876,09/03/2021 14:54:37,17.11,1904.64,,
7877,09/03/2021 15:04:37,17.29,1918.08,,
7878,09/03/2021 15:14:37,17.50,1885.44,,
7879,09/03/2021 15:24:37,17.59,2017.28,,
7880,09/03/2021 15:34:37,17.46,2082.56,,
7881,09/03/2021 15:44:37,17.37,2149.12,,
7882,09/03/2021 15:54:37,17.11,2203.52,,
7883,09/03/2021 16:04:37,17.11,2266.88,,
7884,09/03/2021 16:14:37,17.11,2256.64,,
7885,09/03/2021 16:24:37,17.20,2306.56,,
7886,09/03/2021 16:34:37,16.77,2439.68,,
7887,09/03/2021 16:44:37,16.90,2465.28,,
7888,09/03/2021 16:54:37,16.77,2422.40,,
7889,09/03/2021 17:04:37,16.73,2526.72,,
7890,09/03/2021 17:14:37,16.39,2629.12,,
7891,09/03/2021 17:24:37,16.08,2595.20,,
7892,09/03/2021 17:34:37,15.96,2629.12,,
7893,09/03/2021 17:44:37,15.66,2572.80,,
7894,09/03/2021 17:54:37,15.44,2749.44,,
7895,09/03/2021 18:04:37,15.57,2506.24,,
7896,09/03/2021 18:14:37,15.36,2366.08,,
7897,09/03/2021 18:24:37,15.31,1994.88,,
7898,09/03/2021 18:34:37,14.80,390.40,,
7899,09/03/2021 18:44:37,14.54,234.00,,
7900,09/03/2021 18:54:37,14.50,150.44,,
7901,09/03/2021 19:04:37,14.15,81.26,,
7902,09/03/2021 19:14:37,14.37,45.54,,
7903,09/03/2021 19:24:37,14.24,23.85,,
7904,09/03/2021 19:34:37,14.11,10.47,,
7905,09/03/2021 19:44:37,14.07,2.77,,
7906,09/03/2021 19:54:37,14.07,0.00,,
7907,09/03/2021 20:04:37,13.85,0.00,,
7908,09/03/2021 20:14:37,13.90,0.00,,
7909,09/03/2021 20:24:37,14.15,0.00,,
7910,09/03/2021 20:34:37,14.11,0.00,,
7911,09/03/2021 20:44:37,14.11,0.00,,
7912,09/03/2021 20:54:37,13.94,0.00,,
7913,09/03/2021 21:04:37,13.90,0.00,,
7914,09/03/2021 21:14:37,13.85,0.00,,
7915,09/03/2021 21:24:37,13.55,0.00,,
7916,09/03/2021 21:34:37,13.64,0.00,,
7917,09/03/2021 21:44:37,13.73,0.00,,
7918,09/03/2021 21:54:37,13.77,0.00,,
7919,09/03/2021 22:04:37,13.73,0.00,,
7920,09/03/2021 22:14:37,13.60,0.00,,
7921,09/03/2021 22:24:37,13.55,0.00,,
7922,09/03/2021 22:34:37,13.60,0.00,,
7923,09/03/2021 22:44:37,13.17,0.00,,
7924,09/03/2021 22:54:37,13.08,0.00,,
7925,09/03/2021 23:04:37,13.12,0.00,,
7926,09/03/2021 23:14:37,12.95,0.00,,
7927,09/03/2021 23:24:37,12.91,0.00,,
7928,09/03/2021 23:34:37,12.87,0.00,,
7929,09/03/2021 23:44:37,12.95,0.00,,
7930,09/03/2021 23:54:37,12.95,0.00,,
7931,09/04/2021 00:04:37,12.95,0.00,,
7932,09/04/2021 00:14:37,12.95,0.00,,
7933,09/04/2021 00:24:37,13.00,0.00,,
7934,09/04/2021 00:34:37,13.00,0.00,,
7935,09/04/2021 00:44:37,12.74,0.00,,
7936,09/04/2021 00:54:37,12.87,0.00,,
7937,09/04/2021 01:04:37,12.74,0.00,,
7938,09/04/2021 01:14:37,13.04,0.00,,
7939,09/04/2021 01:24:37,12.61,0.00,,
7940,09/04/2021 01:34:37,12.61,0.00,,
7941,09/04/2021 01:44:37,12.52,0.00,,
7942,09/04/2021 01:54:37,12.40,0.00,,
7943,09/04/2021 02:04:37,12.44,0.00,,
7944,09/04/2021 02:14:37,12.35,0.00,,
7945,09/04/2021 02:24:37,12.52,0.00,,
7946,09/04/2021 02:34:37,12.65,0.00,,
7947,09/04/2021 02:44:37,12.57,0.00,,
7948,09/04/2021 02:54:37,12.70,0.00,,
7949,09/04/2021 03:04:37,12.44,0.00,,
7950,09/04/2021 03:14:37,12.35,0.00,,
7951,09/04/2021 03:24:37,12.48,0.00,,
7952,09/04/2021 03:34:37,12.40,0.00,,
7953,09/04/2021 03:44:37,12.52,0.00,,
7954,09/04/2021 03:54:37,12.57,0.00,,
7955,09/04/2021 04:04:37,12.61,0.00,,
7956,09/04/2021 04:14:37,12.35,0.00,,
7957,09/04/2021 04:24:37,12.22,0.00,,
7958,09/04/2021 04:34:37,12.18,0.00,,
7959,09/04/2021 04:44:37,12.35,0.00,,
7960,09/04/2021 04:54:37,12.35,0.00,,
7961,09/04/2021 05:04:37,12.31,0.00,,
7962,09/04/2021 05:14:37,12.18,0.00,,
7963,09/04/2021 05:24:37,11.97,0.00,,
7964,09/04/2021 05:34:37,12.01,0.00,,
7965,09/04/2021 05:44:37,11.97,0.00,,
7966,09/04/2021 05:54:37,11.97,0.00,,
7967,09/04/2021 06:04:37,11.92,0.00,,
7968,09/04/2021 06:14:37,11.88,0.00,,
7969,09/04/2021 06:24:37,11.84,0.00,,
7970,09/04/2021 06:34:37,11.84,0.85,,
7971,09/04/2021 06:44:37,11.84,4.30,,
7972,09/04/2021 06:54:37,11.92,10.31,,
7973,09/04/2021 07:04:37,11.79,21.07,,
7974,09/04/2021 07:14:37,11.84,34.17,,
7975,09/04/2021 07:24:37,11.88,48.38,,
7976,09/04/2021 07:34:37,11.88,64.96,,
7977,09/04/2021 07:44:37,11.84,94.60,,
7978,09/04/2021 07:54:37,11.75,125.64,,
7979,09/04/2021 08:04:37,11.71,153.12,,
7980,09/04/2021 08:14:37,11.79,184.08,,
7981,09/04/2021 08:24:37,11.88,237.44,,
7982,09/04/2021 08:34:37,11.84,262.40,,
7983,09/04/2021 08:44:37,11.97,292.48,,
7984,09/04/2021 08:54:37,12.10,328.64,,
7985,09/04/2021 09:04:37,12.14,361.28,,
7986,09/04/2021 09:14:37,12.22,375.04,,
7987,09/04/2021 09:24:37,12.44,434.40,,
7988,09/04/2021 09:34:37,12.57,495.52,,
7989,09/04/2021 09:44:37,12.74,585.12,,
7990,09/04/2021 09:54:37,12.87,685.44,,
7991,09/04/2021 10:04:37,13.04,731.20,,
7992,09/04/2021 10:14:37,13.12,997.44,,
7993,09/04/2021 10:24:37,13.64,2208.64,,
7994,09/04/2021 10:34:37,13.98,1643.52,,
7995,09/04/2021 10:44:37,14.33,2032.64,,
7996,09/04/2021 10:54:37,14.54,1755.52,,
7997,09/04/2021 11:04:37,14.71,1854.72,,
7998,09/04/2021 11:14:37,14.80,1756.80,,
7999,09/04/2021 11:24:37,15.23,1614.08,,
8000,09/04/2021 11:34:37,15.57,1549.44,,
8001,09/04/2021 11:44:37,15.96,1602.56,,
8002,09/04/2021 11:54:37,16.43,1566.08,,
8003,09/04/2021 12:04:37,16.56,1428.48,,
8004,09/04/2021 12:14:37,16.64,1533.44,,
8005,09/04/2021 12:24:37,16.69,1370.88,,
8006,09/04/2021 12:34:37,16.73,1374.72,,
8007,09/04/2021 12:44:37,16.90,1361.28,,
8008,09/04/2021 12:54:37,17.24,1307.84,,
8009,09/04/2021 13:04:37,17.33,1366.40,,
8010,09/04/2021 13:14:37,17.24,1218.24,,
8011,09/04/2021 13:24:37,17.20,1299.20,,
8012,09/04/2021 13:34:37,17.41,1305.28,,
8013,09/04/2021 13:44:37,17.72,1288.96,,
8014,09/04/2021 13:54:37,17.67,1376.00,,
8015,09/04/2021 14:04:37,17.46,1410.56,,
8016,09/04/2021 14:14:37,17.41,1452.80,,
8017,09/04/2021 14:24:37,17.46,1544.32,,
8018,09/04/2021 14:34:37,17.33,1552.00,,
8019,09/04/2021 14:44:37,17.54,1552.00,,
8020,09/04/2021 14:54:37,17.11,1681.92,,
8021,09/04/2021 15:04:37,16.64,1698.56,,
8022,09/04/2021 15:14:37,16.47,1790.08,,
8023,09/04/2021 15:24:37,16.43,1834.24,,
8024,09/04/2021 15:34:37,16.56,1911.04,,
8025,09/04/2021 15:44:37,16.56,2048.00,,
8026,09/04/2021 15:54:37,16.21,1976.32,,
8027,09/04/2021 16:04:37,15.78,2049.92,,
8028,09/04/2021 16:14:37,15.61,2231.04,,
8029,09/04/2021 16:24:37,15.70,2149.12,,
8030,09/04/2021 16:34:37,15.66,2200.32,,
8031,09/04/2021 16:44:37,15.53,2340.48,,
8032,09/04/2021 16:54:37,15.48,2422.40,,
8033,09/04/2021 17:04:37,15.57,2620.16,,
8034,09/04/2021 17:14:37,15.53,2624.00,,
8035,09/04/2021 17:24:37,15.53,2561.28,,
8036,09/04/2021 17:34:37,15.66,2694.40,,
8037,09/04/2021 17:44:37,15.61,2730.24,,
8038,09/04/2021 17:54:37,15.44,2658.56,,
8039,09/04/2021 18:04:37,15.27,2851.84,,
8040,09/04/2021 18:14:37,14.88,1072.00,,
8041,09/04/2021 18:24:37,14.63,406.08,,
8042,09/04/2021 18:34:37,14.63,737.60,,
8043,09/04/2021 18:44:37,14.88,1584.64,,
8044,09/04/2021 18:54:37,15.14,1153.28,,
8045,09/04/2021 19:04:37,14.54,231.68,,
8046,09/04/2021 19:14:37,14.20,99.40,,
8047,09/04/2021 19:24:37,13.98,39.75,,
8048,09/04/2021 19:34:37,14.07,14.18,,
8049,09/04/2021 19:44:37,13.90,2.56,,
8050,09/04/2021 19:54:37,14.07,0.00,,
8051,09/04/2021 20:04:37,13.90,0.00,,
8052,09/04/2021 20:14:37,13.81,0.00,,
8053,09/04/2021 20:24:37,13.90,0.00,,
8054,09/04/2021 20:34:37,13.85,0.00,,
8055,09/04/2021 20:44:37,13.85,0.00,,
8056,09/04/2021 20:54:37,13.77,0.00,,
8057,09/04/2021 21:04:37,13.81,0.00,,
8058,09/04/2021 21:14:37,13.77,0.00,,
8059,09/04/2021 21:24:37,13.85,0.00,,
8060,09/04/2021 21:34:37,13.68,0.00,,
8061,09/04/2021 21:44:37,13.90,0.00,,
8062,09/04/2021 21:54:37,13.64,0.00,,
8063,09/04/2021 22:04:37,13.55,0.00,,
8064,09/04/2021 22:14:37,13.51,0.00,,
8065,09/04/2021 22:24:37,13.51,0.00,,
8066,09/04/2021 22:34:37,13.60,0.00,,
8067,09/04/2021 22:44:37,13.43,0.00,,
8068,09/04/2021 22:54:37,13.38,0.00,,
8069,09/04/2021 23:04:37,13.38,0.00,,
8070,09/04/2021 23:14:37,13.30,0.00,,
8071,09/04/2021 23:24:37,13.30,0.00,,
8072,09/04/2021 23:34:37,13.30,0.00,,
8073,09/04/2021 23:44:37,13.12,0.00,,
8074,09/04/2021 23:54:37,13.00,0.00,,
8075,09/05/2021 00:04:37,13.00,0.00,,
8076,09/05/2021 00:14:37,13.12,0.00,,
8077,09/05/2021 00:24:37,12.91,0.00,,
8078,09/05/2021 00:34:37,12.78,0.00,,
8079,09/05/2021 00:44:37,12.91,0.00,,
8080,09/05/2021 00:54:37,12.87,0.00,,
8081,09/05/2021 01:04:37,12.78,0.00,,
8082,09/05/2021 01:14:37,12.82,0.00,,
8083,09/05/2021 01:24:37,12.65,0.00,,
8084,09/05/2021 01:34:37,12.65,0.00,,
8085,09/05/2021 01:44:37,12.65,0.00,,
8086,09/05/2021 01:54:37,12.70,0.00,,
8087,09/05/2021 02:04:37,12.61,0.00,,
8088,09/05/2021 02:14:37,12.48,0.00,,
8089,09/05/2021 02:24:37,12.35,0.00,,
8090,09/05/2021 02:34:37,12.31,0.00,,
8091,09/05/2021 02:44:37,12.18,0.00,,
8092,09/05/2021 02:54:37,12.10,0.00,,
8093,09/05/2021 03:04:37,11.97,0.00,,
8094,09/05/2021 03:14:37,11.92,0.00,,
8095,09/05/2021 03:24:37,11.79,0.00,,
8096,09/05/2021 03:34:37,11.62,0.00,,
8097,09/05/2021 03:44:37,11.32,0.00,,
8098,09/05/2021 03:54:37,11.28,0.00,,
8099,09/05/2021 04:04:37,11.24,0.00,,
8100,09/05/2021 04:14:37,11.32,0.00,,
8101,09/05/2021 04:24:37,11.07,0.00,,
8102,09/05/2021 04:34:37,10.98,0.00,,
8103,09/05/2021 04:44:37,10.98,0.00,,
8104,09/05/2021 04:54:37,10.94,0.00,,
8105,09/05/2021 05:04:37,10.72,0.00,,
8106,09/05/2021 05:14:37,10.72,0.00,,
8107,09/05/2021 05:24:37,10.68,0.00,,
8108,09/05/2021 05:34:37,10.72,0.00,,
8109,09/05/2021 05:44:37,10.59,0.00,,
8110,09/05/2021 05:54:37,10.34,0.00,,
8111,09/05/2021 06:04:37,9.99,0.00,,
8112,09/05/2021 06:14:37,9.95,0.00,,
8113,09/05/2021 06:24:37,9.95,0.00,,
8114,09/05/2021 06:34:37,9.61,1.28,,
8115,09/05/2021 06:44:37,9.78,6.86,,
8116,09/05/2021 06:54:37,9.95,17.20,,
8117,09/05/2021 07:04:37,9.91,33.95,,
8118,09/05/2021 07:14:37,9.86,53.12,,
8119,09/05/2021 07:24:37,9.82,78.76,,
8120,09/05/2021 07:34:37,9.95,107.12,,
8121,09/05/2021 07:44:37,10.04,149.72,,
8122,09/05/2021 07:54:37,10.08,185.84,,
8123,09/05/2021 08:04:37,10.25,219.44,,
8124,09/05/2021 08:14:37,10.51,256.40,,
8125,09/05/2021 08:24:37,10.55,338.88,,
8126,09/05/2021 08:34:37,10.64,410.56,,
8127,09/05/2021 08:44:37,10.72,544.48,,
8128,09/05/2021 08:54:37,10.77,605.60,,
8129,09/05/2021 09:04:37,10.98,887.36,,
8130,09/05/2021 09:14:37,11.37,1301.76,,
8131,09/05/2021 09:24:37,11.75,2075.52,,
8132,09/05/2021 09:34:37,12.05,2058.24,,
8133,09/05/2021 09:44:37,12.31,2037.76,,
8134,09/05/2021 09:54:37,12.61,1953.92,,
8135,09/05/2021 10:04:37,13.17,1968.00,,
8136,09/05/2021 10:14:37,13.73,1993.60,,
8137,09/05/2021 10:24:37,14.20,1811.84,,
8138,09/05/2021 10:34:37,14.93,1788.16,,
8139,09/05/2021 10:44:37,15.61,1770.88,,
8140,09/05/2021 10:54:37,16.30,1710.72,,
8141,09/05/2021 11:04:37,16.81,1829.12,,
8142,09/05/2021 11:14:37,17.37,1791.36,,
8143,09/05/2021 11:24:37,17.59,1500.16,,
8144,09/05/2021 11:34:37,17.67,1642.24,,
8145,09/05/2021 11:44:37,17.89,1456.64,,
8146,09/05/2021 11:54:37,17.93,1422.08,,
8147,09/05/2021 12:04:37,17.97,1482.88,,
8148,09/05/2021 12:14:37,18.06,1271.04,,
8149,09/05/2021 12:24:37,18.10,1288.32,,
8150,09/05/2021 12:34:37,18.10,1334.40,,
8151,09/05/2021 12:44:37,18.06,1272.96,,
8152,09/05/2021 12:54:37,18.14,1172.80,,
8153,09/05/2021 13:04:37,18.36,1203.52,,
8154,09/05/2021 13:14:37,18.44,1161.60,,
8155,09/05/2021 13:24:37,18.27,1283.20,,
8156,09/05/2021 13:34:37,18.19,1296.64,,
8157,09/05/2021 13:44:37,18.02,1224.00,,
8158,09/05/2021 13:54:37,17.80,1279.68,,
8159,09/05/2021 14:04:37,17.93,1379.84,,
8160,09/05/2021 14:14:37,18.23,1355.52,,
8161,09/05/2021 14:24:37,17.97,1441.28,,
8162,09/05/2021 14:34:37,17.89,1571.20,,
8163,09/05/2021 14:44:37,17.54,1523.20,,
8164,09/05/2021 14:54:37,17.41,1638.40,,
8165,09/05/2021 15:04:37,17.24,1646.08,,
8166,09/05/2021 15:14:37,17.16,1791.36,,
8167,09/05/2021 15:24:37,17.20,1890.56,,
8168,09/05/2021 15:34:37,17.24,1853.44,,
8169,09/05/2021 15:44:37,17.20,1991.68,,
8170,09/05/2021 15:54:37,17.16,2060.16,,
8171,09/05/2021 16:04:37,17.07,2129.92,,
8172,09/05/2021 16:14:37,17.33,2164.48,,
8173,09/05/2021 16:24:37,17.07,2244.48,,
8174,09/05/2021 16:34:37,16.90,2244.48,,
8175,09/05/2021 16:44:37,16.77,2234.24,,
8176,09/05/2021 16:54:37,16.56,2446.72,,
8177,09/05/2021 17:04:37,16.64,2528.64,,
8178,09/05/2021 17:14:37,16.34,2561.28,,
8179,09/05/2021 17:24:37,16.30,2448.00,,
8180,09/05/2021 17:34:37,16.30,2536.96,,
8181,09/05/2021 17:44:37,16.26,2561.28,,
8182,09/05/2021 17:54:37,16.08,2311.68,,
8183,09/05/2021 18:04:37,16.13,2316.80,,
8184,09/05/2021 18:14:37,15.91,2239.36,,
8185,09/05/2021 18:24:37,15.70,1959.04,,
8186,09/05/2021 18:34:37,15.66,1662.72,,
8187,09/05/2021 18:44:37,15.31,1278.72,,
8188,09/05/2021 18:54:37,14.88,248.88,,
8189,09/05/2021 19:04:37,14.58,103.68,,
8190,09/05/2021 19:14:37,14.24,48.34,,
8191,09/05/2021 19:24:37,14.20,28.15,,
8192,09/05/2021 19:34:37,14.11,10.71,,
8193,09/05/2021 19:44:37,14.07,2.35,,
8194,09/05/2021 19:54:37,14.11,0.00,,
8195,09/05/2021 20:04:37,14.03,0.00,,
8196,09/05/2021 20:14:37,14.07,0.00,,
8197,09/05/2021 20:24:37,13.90,0.00,,
8198,09/05/2021 20:34:37,14.03,0.00,,
8199,09/05/2021 20:44:37,13.98,0.00,,
8200,09/05/2021 20:54:37,13.85,0.00,,
8201,09/05/2021 21:04:37,14.07,0.00,,
8202,09/05/2021 21:14:37,14.11,0.00,,
8203,09/05/2021 21:24:37,14.15,0.00,,
8204,09/05/2021 21:34:37,14.03,0.00,,
8205,09/05/2021 21:44:37,13.94,0.00,,
8206,09/05/2021 21:54:37,13.90,0.00,,
8207,09/05/2021 22:04:37,14.07,0.00,,
8208,09/05/2021 22:14:37,13.94,0.00,,
8209,09/05/2021 22:24:37,13.90,0.00,,
8210,09/05/2021 22:34:37,13.90,0.00,,
8211,09/05/2021 22:44:37,13.73,0.00,,
8212,09/05/2021 22:54:37,13.55,0.00,,
8213,09/05/2021 23:04:37,13.47,0.00,,
8214,09/05/2021 23:14:37,13.30,0.00,,
8215,09/05/2021 23:24:37,13.38,0.00,,
8216,09/05/2021 23:34:37,13.47,0.00,,
8217,09/05/2021 23:44:37,13.43,0.00,,
8218,09/05/2021 23:54:37,13.30,0.00,,
8219,09/06/2021 00:04:37,13.25,0.00,,
8220,09/06/2021 00:14:37,13.25,0.00,,
8221,09/06/2021 00:24:37,13.17,0.00,,
8222,09/06/2021 00:34:37,12.95,0.00,,
8223,09/06/2021 00:44:37,13.00,0.00,,
8224,09/06/2021 00:54:37,12.82,0.00,,
8225,09/06/2021 01:04:37,12.91,0.00,,
8226,09/06/2021 01:14:37,13.04,0.00,,
8227,09/06/2021 01:24:37,12.87,0.00,,
8228,09/06/2021 01:34:37,12.82,0.00,,
8229,09/06/2021 01:44:37,12.87,0.00,,
8230,09/06/2021 01:54:37,12.65,0.00,,
8231,09/06/2021 02:04:37,12.74,0.00,,
8232,09/06/2021 02:14:37,12.78,0.00,,
8233,09/06/2021 02:24:37,12.91,0.00,,
8234,09/06/2021 02:34:37,13.04,0.00,,
8235,09/06/2021 02:44:37,13.04,0.00,,
8236,09/06/2021 02:54:37,13.08,0.00,,
8237,09/06/2021 03:04:37,12.91,0.00,,
8238,09/06/2021 03:14:37,12.82,0.00,,
8239,09/06/2021 03:24:37,12.74,0.00,,
8240,09/06/2021 03:34:37,12.87,0.00,,
8241,09/06/2021 03:44:37,12.61,0.00,,
8242,09/06/2021 03:54:37,12.57,0.00,,
8243,09/06/2021 04:04:37,12.57,0.00,,
8244,09/06/2021 04:14:37,12.57,0.00,,
8245,09/06/2021 04:24:37,12.35,0.00,,
8246,09/06/2021 04:34:37,12.22,0.00,,
8247,09/06/2021 04:44:37,12.18,0.00,,
8248,09/06/2021 04:54:37,12.10,0.00,,
8249,09/06/2021 05:04:37,12.14,0.00,,
8250,09/06/2021 05:14:37,11.97,0.00,,
8251,09/06/2021 05:24:37,11.97,0.00,,
8252,09/06/2021 05:34:37,11.71,0.00,,
8253,09/06/2021 05:44:37,11.54,0.00,,
8254,09/06/2021 05:54:37,11.45,0.00,,
8255,09/06/2021 06:04:37,11.45,0.00,,
8256,09/06/2021 06:14:37,11.32,0.00,,
8257,09/06/2021 06:24:37,11.11,0.00,,
8258,09/06/2021 06:34:37,10.85,1.92,,
8259,09/06/2021 06:44:37,10.42,9.03,,
8260,09/06/2021 06:54:37,10.04,25.59,,
8261,09/06/2021 07:04:37,10.04,51.60,,
8262,09/06/2021 07:14:37,10.04,69.72,,
8263,09/06/2021 07:24:37,10.21,108.84,,
8264,09/06/2021 07:34:37,10.25,138.48,,
8265,09/06/2021 07:44:37,10.51,206.56,,
8266,09/06/2021 07:54:37,10.51,356.48,,
8267,09/06/2021 08:04:37,10.55,367.52,,
8268,09/06/2021 08:14:37,10.72,436.32,,
8269,09/06/2021 08:24:37,10.72,582.56,,
8270,09/06/2021 08:34:37,10.85,1038.72,,
8271,09/06/2021 08:44:37,11.41,1625.60,,
8272,09/06/2021 08:54:37,11.62,1482.24,,
8273,09/06/2021 09:04:37,12.01,1959.04,,
8274,09/06/2021 09:14:37,12.14,1948.80,,
8275,09/06/2021 09:24:37,12.91,1790.08,,
8276,09/06/2021 09:34:37,13.85,1692.16,,
8277,09/06/2021 09:44:37,14.37,1887.36,,
8278,09/06/2021 09:54:37,14.71,1950.72,,
8279,09/06/2021 10:04:37,14.88,1971.20,,
8280,09/06/2021 10:14:37,14.97,1816.96,,
8281,09/06/2021 10:24:37,15.23,1856.64,,
8282,09/06/2021 10:34:37,15.74,1772.16,,
8283,09/06/2021 10:44:37,16.04,1827.84,,
8284,09/06/2021 10:54:37,16.34,1784.96,,
8285,09/06/2021 11:04:37,16.69,1675.52,,
8286,09/06/2021 11:14:37,17.24,1784.96,,
8287,09/06/2021 11:24:37,17.89,1724.16,,
8288,09/06/2021 11:34:37,18.49,1550.72,,
8289,09/06/2021 11:44:37,19.09,1601.28,,
8290,09/06/2021 11:54:37,20.03,1592.32,,
8291,09/06/2021 12:04:37,20.68,1436.80,,
8292,09/06/2021 12:14:37,20.93,1340.16,,
8293,09/06/2021 12:24:37,21.15,1287.36,,
8294,09/06/2021 12:34:37,21.23,1296.64,,
8295,09/06/2021 12:44:37,21.23,1287.36,,
8296,09/06/2021 12:54:37,20.72,1378.56,,
8297,09/06/2021 13:04:37,20.07,1251.52,,
8298,09/06/2021 13:14:37,19.86,1445.12,,
8299,09/06/2021 13:24:37,19.86,1254.08,,
8300,09/06/2021 13:34:37,19.82,1308.80,,
8301,09/06/2021 13:44:37,19.82,1296.64,,
8302,09/06/2021 13:54:37,19.82,1340.16,,
8303,09/06/2021 14:04:37,19.09,1360.00,,
8304,09/06/2021 14:14:37,19.00,1459.20,,
8305,09/06/2021 14:24:37,18.66,1373.44,,
8306,09/06/2021 14:34:37,18.70,1384.96,,
8307,09/06/2021 14:44:37,18.57,1592.96,,
8308,09/06/2021 14:54:37,18.40,1655.04,,
8309,09/06/2021 15:04:37,18.19,1283.20,,
8310,09/06/2021 15:14:37,18.19,1693.44,,
8311,09/06/2021 15:24:37,18.14,1624.96,,
8312,09/06/2021 15:34:37,18.10,1822.08,,
8313,09/06/2021 15:44:37,18.14,1938.56,,
8314,09/06/2021 15:54:37,18.06,2027.52,,
8315,09/06/2021 16:04:37,17.89,1795.20,,
8316,09/06/2021 16:14:37,18.06,2039.68,,
8317,09/06/2021 16:24:37,17.41,2014.08,,
8318,09/06/2021 16:34:37,17.54,2292.48,,
8319,09/06/2021 16:44:37,17.80,2224.00,,
8320,09/06/2021 16:54:37,18.10,2224.00,,
8321,09/06/2021 17:04:37,18.53,2421.12,,
8322,09/06/2021 17:14:37,19.00,2441.60,,
8323,09/06/2021 17:24:37,19.26,2598.40,,
8324,09/06/2021 17:34:37,18.62,2749.44,,
8325,09/06/2021 17:44:37,18.27,2656.00,,
8326,09/06/2021 17:54:37,18.19,2750.72,,
8327,09/06/2021 18:04:37,18.19,2755.84,,
8328,09/06/2021 18:14:37,18.44,2473.60,,
8329,09/06/2021 18:24:37,18.49,2475.52,,
8330,09/06/2021 18:34:37,18.10,2205.44,,
8331,09/06/2021 18:44:37,17.72,1920.00,,
8332,09/06/2021 18:54:37,17.41,1213.76,,
8333,09/06/2021 19:04:37,17.11,915.52,,
8334,09/06/2021 19:14:37,16.64,160.16,,
8335,09/06/2021 19:24:37,16.34,74.00,,
8336,09/06/2021 19:34:37,16.08,26.44,,
8337,09/06/2021 19:44:37,16.00,9.24,,
8338,09/06/2021 19:54:37,15.61,0.64,,
8339,09/06/2021 20:04:37,15.44,0.00,,
8340,09/06/2021 20:14:37,15.36,0.00,,
8341,09/06/2021 20:24:37,15.31,0.00,,
8342,09/06/2021 20:34:37,15.14,0.00,,
8343,09/06/2021 20:44:37,15.06,0.00,,
8344,09/06/2021 20:54:37,14.88,0.00,,
8345,09/06/2021 21:04:37,14.37,0.00,,
8346,09/06/2021 21:14:37,14.07,0.00,,
8347,09/06/2021 21:24:37,13.98,0.00,,
8348,09/06/2021 21:34:37,13.77,0.00,,
8349,09/06/2021 21:44:37,13.90,0.00,,
8350,09/06/2021 21:54:37,13.68,0.00,,
8351,09/06/2021 22:04:37,13.73,0.00,,
8352,09/06/2021 22:14:37,13.73,0.00,,
8353,09/06/2021 22:24:37,13.55,0.00,,
8354,09/06/2021 22:34:37,13.90,0.00,,
8355,09/06/2021 22:44:37,13.73,0.00,,
8356,09/06/2021 22:54:37,13.55,0.00,,
8357,09/06/2021 23:04:37,13.60,0.00,,
8358,09/06/2021 23:14:37,13.94,0.00,,
8359,09/06/2021 23:24:37,14.75,0.00,,
8360,09/06/2021 23:34:37,14.75,0.00,,
8361,09/06/2021 23:44:37,14.80,0.00,,
8362,09/06/2021 23:54:37,14.84,0.00,,
8363,09/07/2021 00:04:37,14.80,0.00,,
8364,09/07/2021 00:14:37,14.71,0.00,,
8365,09/07/2021 00:24:37,13.98,0.00,,
8366,09/07/2021 00:34:37,13.85,0.00,,
8367,09/07/2021 00:44:37,13.68,0.00,,
8368,09/07/2021 00:54:37,13.77,0.00,,
8369,09/07/2021 01:04:37,13.60,0.00,,
8370,09/07/2021 01:14:37,13.94,0.00,,
8371,09/07/2021 01:24:37,14.75,0.00,,
8372,09/07/2021 01:34:37,15.06,0.00,,
8373,09/07/2021 01:44:37,15.10,0.00,,
8374,09/07/2021 01:54:37,15.10,0.00,,
8375,09/07/2021 02:04:37,14.75,0.00,,
8376,09/07/2021 02:14:37,14.63,0.00,,
8377,09/07/2021 02:24:37,14.67,0.00,,
8378,09/07/2021 02:34:37,14.67,0.00,,
8379,09/07/2021 02:44:37,14.71,0.00,,
8380,09/07/2021 02:54:37,14.71,0.00,,
8381,09/07/2021 03:04:37,14.67,0.00,,
8382,09/07/2021 03:14:37,14.63,0.00,,
8383,09/07/2021 03:24:37,14.54,0.00,,
8384,09/07/2021 03:34:37,14.45,0.00,,
8385,09/07/2021 03:44:37,14.33,0.00,,
8386,09/07/2021 03:54:37,14.28,0.00,,
8387,09/07/2021 04:04:37,14.15,0.00,,
8388,09/07/2021 04:14:37,14.15,0.00,,
8389,09/07/2021 04:24:37,14.11,0.00,,
8390,09/07/2021 04:34:37,14.11,0.00,,
8391,09/07/2021 04:44:37,14.15,0.00,,
8392,09/07/2021 04:54:37,14.11,0.00,,
8393,09/07/2021 05:04:37,13.98,0.00,,
8394,09/07/2021 05:14:37,13.94,0.00,,
8395,09/07/2021 05:24:37,13.81,0.00,,
8396,09/07/2021 05:34:37,13.64,0.00,,
8397,09/07/2021 05:44:37,13.55,0.00,,
8398,09/07/2021 05:54:37,13.34,0.00,,
8399,09/07/2021 06:04:37,13.17,0.00,,
8400,09/07/2021 06:14:37,13.08,0.00,,
8401,09/07/2021 06:24:37,12.91,0.00,,
8402,09/07/2021 06:34:37,12.70,1.28,,
8403,09/07/2021 06:44:37,12.61,7.74,,
8404,09/07/2021 06:54:37,12.40,21.07,,
8405,09/07/2021 07:04:37,12.44,44.68,,
8406,09/07/2021 07:14:37,12.48,83.92,,
8407,09/07/2021 07:24:37,12.48,92.92,,
8408,09/07/2021 07:34:37,12.65,123.96,,
8409,09/07/2021 07:44:37,13.00,162.64,,
8410,09/07/2021 07:54:37,13.30,190.16,,
8411,09/07/2021 08:04:37,13.85,190.96,,
8412,09/07/2021 08:14:37,14.07,335.68,,
8413,09/07/2021 08:24:37,14.11,315.04,,
8414,09/07/2021 08:34:37,14.15,433.60,,
8415,09/07/2021 08:44:37,14.33,463.68,,
8416,09/07/2021 08:54:37,14.54,505.76,,
8417,09/07/2021 09:04:37,14.80,702.08,,
8418,09/07/2021 09:14:37,15.10,2171.52,,
8419,09/07/2021 09:24:37,15.10,1162.56,,
8420,09/07/2021 09:34:37,15.14,1589.12,,
8421,09/07/2021 09:44:37,15.06,897.60,,
8422,09/07/2021 09:54:37,14.88,1038.72,,
8423,09/07/2021 10:04:37,15.01,1306.24,,
8424,09/07/2021 10:14:37,15.14,2348.80,,
8425,09/07/2021 10:24:37,15.10,1054.72,,
8426,09/07/2021 10:34:37,15.31,1816.96,,
8427,09/07/2021 10:44:37,15.53,1786.24,,
8428,09/07/2021 10:54:37,15.74,1714.56,,
8429,09/07/2021 11:04:37,16.26,1672.96,,
8430,09/07/2021 11:14:37,16.77,1704.32,,
8431,09/07/2021 11:24:37,17.24,1746.56,,
8432,09/07/2021 11:34:37,17.84,1447.68,,
8433,09/07/2021 11:44:37,18.44,1489.92,,
8434,09/07/2021 11:54:37,18.92,1360.64,,
8435,09/07/2021 12:04:37,18.44,1528.32,,
8436,09/07/2021 12:14:37,18.02,1487.36,,
8437,09/07/2021 12:24:37,17.89,1647.36,,
8438,09/07/2021 12:34:37,17.46,1292.48,,
8439,09/07/2021 12:44:37,16.69,1361.28,,
8440,09/07/2021 12:54:37,16.43,1127.36,,
8441,09/07/2021 13:04:37,16.43,1413.12,,
8442,09/07/2021 13:14:37,16.60,1201.92,,
8443,09/07/2021 13:24:37,16.60,1283.84,,
8444,09/07/2021 13:34:37,16.43,1279.68,,
8445,09/07/2021 13:44:37,16.64,1329.28,,
8446,09/07/2021 13:54:37,16.77,1310.08,,
8447,09/07/2021 14:04:37,16.90,1312.00,,
8448,09/07/2021 14:14:37,17.54,1363.20,,
8449,09/07/2021 14:24:37,18.06,1411.20,,
8450,09/07/2021 14:34:37,18.32,1505.92,,
8451,09/07/2021 14:44:37,18.36,1460.48,,
8452,09/07/2021 14:54:37,17.63,1575.04,,
8453,09/07/2021 15:04:37,17.63,1697.28,,
8454,09/07/2021 15:14:37,17.46,1742.72,,
8455,09/07/2021 15:24:37,17.72,1736.32,,
8456,09/07/2021 15:34:37,17.59,1936.64,,
8457,09/07/2021 15:44:37,17.46,1993.60,,
8458,09/07/2021 15:54:37,17.07,2147.20,,
8459,09/07/2021 16:04:37,17.11,2123.52,,
8460,09/07/2021 16:14:37,16.99,2087.68,,
8461,09/07/2021 16:24:37,17.20,2210.56,,
8462,09/07/2021 16:34:37,17.11,2174.72,,
8463,09/07/2021 16:44:37,17.20,2439.68,,
8464,09/07/2021 16:54:37,17.72,2600.32,,
8465,09/07/2021 17:04:37,17.50,2526.72,,
8466,09/07/2021 17:14:37,17.37,2588.16,,
8467,09/07/2021 17:24:37,17.67,2686.72,,
8468,09/07/2021 17:34:37,18.19,2699.52,,
8469,09/07/2021 17:44:37,18.36,2644.48,,
8470,09/07/2021 17:54:37,18.49,2676.48,,
8471,09/07/2021 18:04:37,18.40,2556.16,,
8472,09/07/2021 18:14:37,18.27,2131.84,,
8473,09/07/2021 18:24:37,18.36,2362.88,,
8474,09/07/2021 18:34:37,17.93,423.36,,
8475,09/07/2021 18:44:37,17.93,212.32,,
8476,09/07/2021 18:54:37,17.50,149.60,,
8477,09/07/2021 19:04:37,17.33,108.76,,
8478,09/07/2021 19:14:37,17.59,71.80,,
8479,09/07/2021 19:24:37,17.37,38.47,,
8480,09/07/2021 19:34:37,16.99,13.78,,
8481,09/07/2021 19:44:37,17.03,2.77,,
8482,09/07/2021 19:54:37,16.90,0.00,,
8483,09/07/2021 20:04:37,16.77,0.00,,
8484,09/07/2021 20:14:37,16.64,0.00,,
8485,09/07/2021 20:24:37,16.64,0.00,,
8486,09/07/2021 20:34:37,16.69,0.00,,
8487,09/07/2021 20:44:37,16.73,0.00,,
8488,09/07/2021 20:54:37,16.73,0.00,,
8489,09/07/2021 21:04:37,16.64,0.00,,
8490,09/07/2021 21:14:37,16.56,0.00,,
8491,09/07/2021 21:24:37,16.51,0.00,,
8492,09/07/2021 21:34:37,16.51,0.00,,
8493,09/07/2021 21:44:37,16.47,0.00,,
8494,09/07/2021 21:54:37,16.39,0.00,,
8495,09/07/2021 22:04:37,16.30,0.00,,
8496,09/07/2021 22:14:37,16.34,0.00,,
8497,09/07/2021 22:24:37,15.61,0.00,,
8498,09/07/2021 22:34:37,15.06,0.00,,
8499,09/07/2021 22:44:37,14.75,0.00,,
8500,09/07/2021 22:54:37,14.54,0.00,,
8501,09/07/2021 23:04:37,14.63,0.00,,
8502,09/07/2021 23:14:37,14.54,0.00,,
8503,09/07/2021 23:24:37,14.45,0.00,,
8504,09/07/2021 23:34:37,14.58,0.00,,
8505,09/07/2021 23:44:37,14.24,0.00,,
8506,09/07/2021 23:54:37,14.45,0.00,,
8507,09/08/2021 00:04:37,14.11,0.00,,
8508,09/08/2021 00:14:37,14.20,0.00,,
8509,09/08/2021 00:24:37,14.11,0.00,,
8510,09/08/2021 00:34:37,14.33,0.00,,
8511,09/08/2021 00:44:37,14.33,0.00,,
8512,09/08/2021 00:54:37,14.37,0.00,,
8513,09/08/2021 01:04:37,14.24,0.00,,
8514,09/08/2021 01:14:37,14.20,0.00,,
8515,09/08/2021 01:24:37,14.20,0.00,,
8516,09/08/2021 01:34:37,14.20,0.00,,
8517,09/08/2021 01:44:37,14.15,0.00,,
8518,09/08/2021 01:54:37,14.11,0.00,,
8519,09/08/2021 02:04:37,14.07,0.00,,
8520,09/08/2021 02:14:37,14.03,0.00,,
8521,09/08/2021 02:24:37,14.03,0.00,,
8522,09/08/2021 02:34:37,14.07,0.00,,
8523,09/08/2021 02:44:37,14.11,0.00,,
8524,09/08/2021 02:54:37,14.07,0.00,,
8525,09/08/2021 03:04:37,14.20,0.00,,
8526,09/08/2021 03:14:37,14.11,0.00,,
8527,09/08/2021 03:24:37,14.11,0.00,,
8528,09/08/2021 03:34:37,14.03,0.00,,
8529,09/08/2021 03:44:37,14.07,0.00,,
8530,09/08/2021 03:54:37,13.90,0.00,,
8531,09/08/2021 04:04:37,13.77,0.00,,
8532,09/08/2021 04:14:37,13.73,0.00,,
8533,09/08/2021 04:24:37,13.77,0.00,,
8534,09/08/2021 04:34:37,13.73,0.00,,
8535,09/08/2021 04:44:37,14.11,0.00,,
8536,09/08/2021 04:54:37,15.10,0.00,,
8537,09/08/2021 05:04:37,15.83,0.00,,
8538,09/08/2021 05:14:37,15.78,0.00,,
8539,09/08/2021 05:24:37,15.83,0.00,,
8540,09/08/2021 05:34:37,15.66,0.00,,
8541,09/08/2021 05:44:37,15.70,0.00,,
8542,09/08/2021 05:54:37,15.61,0.00,,
8543,09/08/2021 06:04:37,15.53,0.00,,
8544,09/08/2021 06:14:37,15.48,0.00,,
8545,09/08/2021 06:24:37,15.44,0.00,,
8546,09/08/2021 06:34:37,15.40,1.92,,
8547,09/08/2021 06:44:37,15.44,11.78,,
8548,09/08/2021 06:54:37,15.31,36.78,,
8549,09/08/2021 07:04:37,15.18,54.38,,
8550,09/08/2021 07:14:37,15.14,73.14,,
8551,09/08/2021 07:24:37,14.97,103.64,,
8552,09/08/2021 07:34:37,14.97,125.64,,
8553,09/08/2021 07:44:37,15.01,149.72,,
8554,09/08/2021 07:54:37,14.84,172.96,,
8555,09/08/2021 08:04:37,14.71,197.04,,
8556,09/08/2021 08:14:37,14.88,252.16,,
8557,09/08/2021 08:24:37,14.63,330.56,,
8558,09/08/2021 08:34:37,14.80,367.36,,
8559,09/08/2021 08:44:37,14.80,352.80,,
8560,09/08/2021 08:54:37,14.80,472.48,,
8561,09/08/2021 09:04:37,14.80,552.16,,
8562,09/08/2021 09:14:37,14.80,481.92,,
8563,09/08/2021 09:24:37,14.88,481.92,,
8564,09/08/2021 09:34:37,15.10,458.56,,
8565,09/08/2021 09:44:37,15.06,625.28,,
8566,09/08/2021 09:54:37,15.01,829.12,,
8567,09/08/2021 10:04:37,15.06,778.24,,
8568,09/08/2021 10:14:37,15.06,984.00,,
8569,09/08/2021 10:24:37,15.31,1024.00,,
8570,09/08/2021 10:34:37,15.40,1201.92,,
8571,09/08/2021 10:44:37,15.44,1227.52,,
8572,09/08/2021 10:54:37,15.53,1250.56,,
8573,09/08/2021 11:04:37,15.66,1431.04,,
8574,09/08/2021 11:14:37,15.70,1616.64,,
8575,09/08/2021 11:24:37,15.66,1635.20,,
8576,09/08/2021 11:34:37,15.78,1653.12,,
8577,09/08/2021 11:44:37,15.96,1648.00,,
8578,09/08/2021 11:54:37,15.96,1380.48,,
8579,09/08/2021 12:04:37,16.13,1467.52,,
8580,09/08/2021 12:14:37,16.43,1293.44,,
8581,09/08/2021 12:24:37,16.56,850.88,,
8582,09/08/2021 12:34:37,16.56,1208.00,,
8583,09/08/2021 12:44:37,16.56,1132.48,,
8584,09/08/2021 12:54:37,16.81,1094.08,,
8585,09/08/2021 13:04:37,17.07,1176.96,,
8586,09/08/2021 13:14:37,17.29,1395.20,,
8587,09/08/2021 13:24:37,17.54,1553.92,,
8588,09/08/2021 13:34:37,17.54,1559.04,,
8589,09/08/2021 13:44:37,17.72,1436.80,,
8590,09/08/2021 13:54:37,17.72,1436.16,,
8591,09/08/2021 14:04:37,17.67,1399.04,,
8592,09/08/2021 14:14:37,18.06,1520.00,,
8593,09/08/2021 14:24:37,17.67,1530.24,,
8594,09/08/2021 14:34:37,17.76,1553.92,,
8595,09/08/2021 14:44:37,17.41,1523.20,,
8596,09/08/2021 14:54:37,17.24,1630.72,,
8597,09/08/2021 15:04:37,17.24,1681.28,,
8598,09/08/2021 15:14:37,17.07,1820.80,,
8599,09/08/2021 15:24:37,16.86,1994.88,,
8600,09/08/2021 15:34:37,16.94,2070.40,,
8601,09/08/2021 15:44:37,16.64,1923.20,,
8602,09/08/2021 15:54:37,16.77,2065.28,,
8603,09/08/2021 16:04:37,16.99,2218.88,,
8604,09/08/2021 16:14:37,17.29,2348.80,,
8605,09/08/2021 16:24:37,17.07,2446.72,,
8606,09/08/2021 16:34:37,16.81,1457.92,,
8607,09/08/2021 16:44:37,16.51,1870.08,,
8608,09/08/2021 16:54:37,16.21,1356.16,,
8609,09/08/2021 17:04:37,15.91,2600.32,,
8610,09/08/2021 17:14:37,15.91,847.04,,
8611,09/08/2021 17:24:37,15.96,481.60,,
8612,09/08/2021 17:34:37,15.91,557.28,,
8613,09/08/2021 17:44:37,15.53,524.80,,
8614,09/08/2021 17:54:37,15.36,410.24,,
8615,09/08/2021 18:04:37,15.36,295.84,,
8616,09/08/2021 18:14:37,15.31,296.72,,
8617,09/08/2021 18:24:37,15.31,297.60,,
8618,09/08/2021 18:34:37,15.27,291.60,,
8619,09/08/2021 18:44:37,15.23,228.88,,
8620,09/08/2021 18:54:37,15.31,154.08,,
8621,09/08/2021 19:04:37,15.31,104.60,,
8622,09/08/2021 19:14:37,15.27,74.48,,
8623,09/08/2021 19:24:37,15.23,35.74,,
8624,09/08/2021 19:34:37,15.23,12.26,,
8625,09/08/2021 19:44:37,15.18,2.35,,
8626,09/08/2021 19:54:37,15.23,0.00,,
8627,09/08/2021 20:04:37,15.31,0.00,,
8628,09/08/2021 20:14:37,15.31,0.00,,
8629,09/08/2021 20:24:37,15.27,0.00,,
8630,09/08/2021 20:34:37,15.23,0.00,,
8631,09/08/2021 20:44:37,15.23,0.00,,
8632,09/08/2021 20:54:37,15.23,0.00,,
8633,09/08/2021 21:04:37,15.23,0.00,,
8634,09/08/2021 21:14:37,15.23,0.00,,
8635,09/08/2021 21:24:37,15.18,0.00,,
8636,09/08/2021 21:34:37,15.10,0.00,,
8637,09/08/2021 21:44:37,15.18,0.00,,
8638,09/08/2021 21:54:37,15.10,0.00,,
8639,09/08/2021 22:04:37,15.14,0.00,,
8640,09/08/2021 22:14:37,15.06,0.00,,
8641,09/08/2021 22:24:37,15.18,0.00,,
8642,09/08/2021 22:34:37,15.06,0.00,,
8643,09/08/2021 22:44:37,14.97,0.00,,
8644,09/08/2021 22:54:37,14.97,0.00,,
8645,09/08/2021 23:04:37,15.10,0.00,,
8646,09/08/2021 23:14:37,15.14,0.00,,
8647,09/08/2021 23:24:37,15.01,0.00,,
8648,09/08/2021 23:34:37,14.97,0.00,,
8649,09/08/2021 23:44:37,14.97,0.00,,
8650,09/08/2021 23:54:37,15.06,0.00,,
8651,09/09/2021 00:04:37,14.97,0.00,,
8652,09/09/2021 00:14:37,15.01,0.00,,
8653,09/09/2021 00:24:37,15.06,0.00,,
8654,09/09/2021 00:34:37,15.06,0.00,,
8655,09/09/2021 00:44:37,15.18,0.00,,
8656,09/09/2021 00:54:37,15.10,0.00,,
8657,09/09/2021 01:04:37,15.14,0.00,,
8658,09/09/2021 01:14:37,14.97,0.00,,
8659,09/09/2021 01:24:37,14.97,0.00,,
8660,09/09/2021 01:34:37,15.10,0.00,,
8661,09/09/2021 01:44:37,15.23,0.00,,
8662,09/09/2021 01:54:37,15.18,0.00,,
8663,09/09/2021 02:04:37,15.27,0.00,,
8664,09/09/2021 02:14:37,15.31,0.00,,
8665,09/09/2021 02:24:37,15.23,0.00,,
8666,09/09/2021 02:34:37,15.10,0.00,,
8667,09/09/2021 02:44:37,15.01,0.00,,
8668,09/09/2021 02:54:37,14.75,0.00,,
8669,09/09/2021 03:04:37,14.75,0.00,,
8670,09/09/2021 03:14:37,14.80,0.00,,
8671,09/09/2021 03:24:37,14.75,0.00,,
8672,09/09/2021 03:34:37,14.50,0.00,,
8673,09/09/2021 03:44:37,14.37,0.00,,
8674,09/09/2021 03:54:37,14.20,0.00,,
8675,09/09/2021 04:04:37,13.94,0.00,,
8676,09/09/2021 04:14:37,14.03,0.00,,
8677,09/09/2021 04:24:37,13.94,0.00,,
8678,09/09/2021 04:34:37,13.90,0.00,,
8679,09/09/2021 04:44:37,13.90,0.00,,
8680,09/09/2021 04:54:37,13.98,0.00,,
8681,09/09/2021 05:04:37,14.07,0.00,,
8682,09/09/2021 05:14:37,13.98,0.00,,
8683,09/09/2021 05:24:37,13.98,0.00,,
8684,09/09/2021 05:34:37,13.94,0.00,,
8685,09/09/2021 05:44:37,13.81,0.00,,
8686,09/09/2021 05:54:37,13.85,0.00,,
8687,09/09/2021 06:04:37,14.07,0.00,,
8688,09/09/2021 06:14:37,14.11,0.00,,
8689,09/09/2021 06:24:37,14.15,0.00,,
8690,09/09/2021 06:34:37,14.15,0.00,,
8691,09/09/2021 06:44:37,14.24,2.77,,
8692,09/09/2021 06:54:37,14.07,9.61,,
8693,09/09/2021 07:04:37,14.11,23.43,,
8694,09/09/2021 07:14:37,14.24,43.62,,
8695,09/09/2021 07:24:37,14.24,61.70,,
8696,09/09/2021 07:34:37,14.33,92.04,,
8697,09/09/2021 07:44:37,14.37,99.36,,
8698,09/09/2021 07:54:37,14.45,126.52,,
8699,09/09/2021 08:04:37,14.58,197.84,,
8700,09/09/2021 08:14:37,14.71,240.80,,
8701,09/09/2021 08:24:37,14.75,234.00,,
8702,09/09/2021 08:34:37,14.80,274.48,,
8703,09/09/2021 08:44:37,14.71,349.12,,
8704,09/09/2021 08:54:37,14.84,355.20,,
8705,09/09/2021 09:04:37,14.63,459.52,,
8706,09/09/2021 09:14:37,14.84,390.56,,
8707,09/09/2021 09:24:37,14.84,473.92,,
8708,09/09/2021 09:34:37,14.67,503.20,,
8709,09/09/2021 09:44:37,14.88,697.60,,
8710,09/09/2021 09:54:37,15.10,632.96,,
8711,09/09/2021 10:04:37,15.10,2236.16,,
8712,09/09/2021 10:14:37,15.44,1909.76,,
8713,09/09/2021 10:24:37,15.87,1861.76,,
8714,09/09/2021 10:34:37,16.04,2056.96,,
8715,09/09/2021 10:44:37,16.39,1971.20,,
8716,09/09/2021 10:54:37,16.69,1480.32,,
8717,09/09/2021 11:04:37,17.07,1964.16,,
8718,09/09/2021 11:14:37,17.67,1856.64,,
8719,09/09/2021 11:24:37,18.10,2040.96,,
8720,09/09/2021 11:34:37,18.32,1735.04,,
8721,09/09/2021 11:44:37,17.80,1712.00,,
8722,09/09/2021 11:54:37,17.03,1457.28,,
8723,09/09/2021 12:04:37,16.86,1644.80,,
8724,09/09/2021 12:14:37,16.69,1669.12,,
8725,09/09/2021 12:24:37,16.69,1630.08,,
8726,09/09/2021 12:34:37,17.03,1249.60,,
8727,09/09/2021 12:44:37,17.72,1710.72,,
8728,09/09/2021 12:54:37,18.06,1602.56,,
8729,09/09/2021 13:04:37,16.86,1507.84,,
8730,09/09/2021 13:14:37,16.81,1719.04,,
8731,09/09/2021 13:24:37,16.56,1464.96,,
8732,09/09/2021 13:34:37,16.51,1722.24,,
8733,09/09/2021 13:44:37,16.60,1241.92,,
8734,09/09/2021 13:54:37,16.39,1214.72,,
8735,09/09/2021 14:04:37,16.43,1143.68,,
8736,09/09/2021 14:14:37,16.39,1085.76,,
8737,09/09/2021 14:24:37,16.30,1003.52,,
8738,09/09/2021 14:34:37,16.13,939.52,,
8739,09/09/2021 14:44:37,16.26,1076.16,,
8740,09/09/2021 14:54:37,16.30,978.88,,
8741,09/09/2021 15:04:37,16.47,817.28,,
8742,09/09/2021 15:14:37,16.30,882.24,,
8743,09/09/2021 15:24:37,16.21,774.72,,
8744,09/09/2021 15:34:37,16.13,756.80,,
8745,09/09/2021 15:44:37,16.30,724.48,,
8746,09/09/2021 15:54:37,16.39,765.44,,
8747,09/09/2021 16:04:37,16.13,803.52,,
8748,09/09/2021 16:14:37,16.34,669.12,,
8749,09/09/2021 16:24:37,16.21,563.36,,
8750,09/09/2021 16:34:37,16.13,1062.40,,
8751,09/09/2021 16:44:37,16.30,781.76,,
8752,09/09/2021 16:54:37,16.26,912.96,,
8753,09/09/2021 17:04:37,16.34,1026.56,,
8754,09/09/2021 17:14:37,16.26,890.56,,
8755,09/09/2021 17:24:37,16.30,627.04,,
8756,09/09/2021 17:34:37,16.08,484.16,,
8757,09/09/2021 17:44:37,15.96,368.16,,
8758,09/09/2021 17:54:37,15.87,342.40,,
8759,09/09/2021 18:04:37,15.78,361.92,,
8760,09/09/2021 18:14:37,15.87,396.64,,
8761,09/09/2021 18:24:37,15.87,302.00,,
8762,09/09/2021 18:34:37,15.96,179.84,,
8763,09/09/2021 18:44:37,15.87,85.16,,
8764,09/09/2021 18:54:37,15.74,38.92,,
8765,09/09/2021 19:04:37,15.61,26.23,,
8766,09/09/2021 19:14:37,15.53,16.08,,
8767,09/09/2021 19:24:37,15.44,6.19,,
8768,09/09/2021 19:34:37,15.23,1.70,,
8769,09/09/2021 19:44:37,15.27,0.00,,
8770,09/09/2021 19:54:37,15.23,0.00,,
8771,09/09/2021 20:04:37,15.23,0.00,,
8772,09/09/2021 20:14:37,15.14,0.00,,
8773,09/09/2021 20:24:37,15.01,0.00,,
8774,09/09/2021 20:34:37,14.97,0.00,,
8775,09/09/2021 20:44:37,15.06,0.00,,
8776,09/09/2021 20:54:37,14.75,0.00,,
8777,09/09/2021 21:04:37,14.88,0.00,,
8778,09/09/2021 21:14:37,14.97,0.00,,
8779,09/09/2021 21:24:37,14.80,0.00,,
8780,09/09/2021 21:34:37,14.75,0.00,,
8781,09/09/2021 21:44:37,14.75,0.00,,
8782,09/09/2021 21:54:37,14.71,0.00,,
8783,09/09/2021 22:04:37,14.67,0.00,,
8784,09/09/2021 22:14:37,14.75,0.00,,
8785,09/09/2021 22:24:37,14.67,0.00,,
8786,09/09/2021 22:34:37,14.75,0.00,,
8787,09/09/2021 22:44:37,14.84,0.00,,
8788,09/09/2021 22:54:37,14.80,0.00,,
8789,09/09/2021 23:04:37,14.84,0.00,,
8790,09/09/2021 23:14:37,14.71,0.00,,
8791,09/09/2021 23:24:37,14.63,0.00,,
8792,09/09/2021 23:34:37,14.75,0.00,,
8793,09/09/2021 23:44:37,14.88,0.00,,
8794,09/09/2021 23:54:37,14.80,0.00,,
8795,09/10/2021 00:04:37,14.45,0.00,,
8796,09/10/2021 00:14:37,14.71,0.00,,
8797,09/10/2021 00:24:37,14.80,0.00,,
8798,09/10/2021 00:34:37,14.88,0.00,,
8799,09/10/2021 00:44:37,14.84,0.00,,
8800,09/10/2021 00:54:37,15.06,0.00,,
8801,09/10/2021 01:04:37,15.23,0.00,,
8802,09/10/2021 01:14:37,15.23,0.00,,
8803,09/10/2021 01:24:37,15.31,0.00,,
8804,09/10/2021 01:34:37,15.53,0.00,,
8805,09/10/2021 01:44:37,15.57,0.00,,
8806,09/10/2021 01:54:37,15.57,0.00,,
8807,09/10/2021 02:04:37,15.57,0.00,,
8808,09/10/2021 02:14:37,15.61,0.00,,
8809,09/10/2021 02:24:37,15.48,0.00,,
8810,09/10/2021 02:34:37,15.57,0.00,,
8811,09/10/2021 02:44:37,15.31,0.00,,
8812,09/10/2021 02:54:37,15.10,0.00,,
8813,09/10/2021 03:04:37,15.40,0.00,,
8814,09/10/2021 03:14:37,15.23,0.00,,
8815,09/10/2021 03:24:37,15.06,0.00,,
8816,09/10/2021 03:34:37,14.88,0.00,,
8817,09/10/2021 03:44:37,14.93,0.00,,
8818,09/10/2021 03:54:37,14.88,0.00,,
8819,09/10/2021 04:04:37,14.84,0.00,,
8820,09/10/2021 04:14:37,14.84,0.00,,
8821,09/10/2021 04:24:37,14.75,0.00,,
8822,09/10/2021 04:34:37,14.67,0.00,,
8823,09/10/2021 04:44:37,14.75,0.00,,
8824,09/10/2021 04:54:37,14.75,0.00,,
8825,09/10/2021 05:04:37,14.75,0.00,,
8826,09/10/2021 05:14:37,14.67,0.00,,
8827,09/10/2021 05:24:37,14.88,0.00,,
8828,09/10/2021 05:34:37,14.67,0.00,,
8829,09/10/2021 05:44:37,14.50,0.00,,
8830,09/10/2021 05:54:37,14.11,0.00,,
8831,09/10/2021 06:04:37,14.45,0.00,,
8832,09/10/2021 06:14:37,14.33,0.00,,
8833,09/10/2021 06:24:37,14.20,0.00,,
8834,09/10/2021 06:34:37,14.20,0.00,,
8835,09/10/2021 06:44:37,14.15,2.56,,
8836,09/10/2021 06:54:37,13.85,8.14,,
8837,09/10/2021 07:04:37,13.85,17.17,,
8838,09/10/2021 07:14:37,13.94,34.81,,
8839,09/10/2021 07:24:37,13.90,47.68,,
8840,09/10/2021 07:34:37,13.77,82.96,,
8841,09/10/2021 07:44:37,13.94,85.16,,
8842,09/10/2021 07:54:37,13.90,110.48,,
8843,09/10/2021 08:04:37,13.90,174.56,,
8844,09/10/2021 08:14:37,13.85,200.48,,
8845,09/10/2021 08:24:37,13.85,247.68,,
8846,09/10/2021 08:34:37,13.90,274.40,,
8847,09/10/2021 08:44:37,13.90,295.12,,
8848,09/10/2021 08:54:37,13.85,372.48,,
8849,09/10/2021 09:04:37,13.85,474.88,,
8850,09/10/2021 09:14:37,13.85,680.32,,
8851,09/10/2021 09:24:37,13.94,624.48,,
8852,09/10/2021 09:34:37,14.15,661.44,,
8853,09/10/2021 09:44:37,14.28,798.40,,
8854,09/10/2021 09:54:37,14.33,793.28,,
8855,09/10/2021 10:04:37,14.28,1043.84,,
8856,09/10/2021 10:14:37,14.20,988.16,,
8857,09/10/2021 10:24:37,14.20,777.92,,
8858,09/10/2021 10:34:37,14.11,856.00,,
8859,09/10/2021 10:44:37,14.20,971.84,,
8860,09/10/2021 10:54:37,14.33,1144.64,,
8861,09/10/2021 11:04:37,14.45,1005.12,,
8862,09/10/2021 11:14:37,14.58,1143.04,,
8863,09/10/2021 11:24:37,14.67,1073.60,,
8864,09/10/2021 11:34:37,14.50,1107.84,,
8865,09/10/2021 11:44:37,14.58,1218.88,,
8866,09/10/2021 11:54:37,14.71,1212.16,,
8867,09/10/2021 12:04:37,15.01,1347.20,,
8868,09/10/2021 12:14:37,15.27,1503.36,,
8869,09/10/2021 12:24:37,15.48,1490.56,,
8870,09/10/2021 12:34:37,15.57,1523.84,,
8871,09/10/2021 12:44:37,15.57,1603.84,,
8872,09/10/2021 12:54:37,15.70,1550.72,,
8873,09/10/2021 13:04:37,15.74,1675.52,,
8874,09/10/2021 13:14:37,15.70,1502.08,,
8875,09/10/2021 13:24:37,15.74,1596.16,,
8876,09/10/2021 13:34:37,15.78,1516.16,,
8877,09/10/2021 13:44:37,15.87,1701.12,,
8878,09/10/2021 13:54:37,15.87,1868.80,,
8879,09/10/2021 14:04:37,15.91,1418.24,,
8880,09/10/2021 14:14:37,16.13,1322.24,,
8881,09/10/2021 14:24:37,16.34,1218.24,,
8882,09/10/2021 14:34:37,16.39,1460.48,,
8883,09/10/2021 14:44:37,16.56,1569.28,,
8884,09/10/2021 14:54:37,16.86,1419.52,,
8885,09/10/2021 15:04:37,16.81,1520.64,,
8886,09/10/2021 15:14:37,16.86,1480.96,,
8887,09/10/2021 15:24:37,16.73,1462.40,,
8888,09/10/2021 15:34:37,16.39,2574.72,,
8889,09/10/2021 15:44:37,16.51,1979.52,,
8890,09/10/2021 15:54:37,16.39,1590.40,,
8891,09/10/2021 16:04:37,16.21,1354.88,,
8892,09/10/2021 16:14:37,16.17,1580.16,,
8893,09/10/2021 16:24:37,16.43,1500.16,,
8894,09/10/2021 16:34:37,16.73,2576.64,,
8895,09/10/2021 16:44:37,16.90,2579.84,,
8896,09/10/2021 16:54:37,17.03,2762.24,,
8897,09/10/2021 17:04:37,17.16,2897.92,,
8898,09/10/2021 17:14:37,17.07,2386.56,,
8899,09/10/2021 17:24:37,17.03,2741.76,,
8900,09/10/2021 17:34:37,17.07,3047.68,,
8901,09/10/2021 17:44:37,17.03,2775.04,,
8902,09/10/2021 17:54:37,17.03,2988.80,,
8903,09/10/2021 18:04:37,17.03,2754.56,,
8904,09/10/2021 18:14:37,16.94,2593.28,,
8905,09/10/2021 18:24:37,16.94,2405.76,,
8906,09/10/2021 18:34:37,16.64,1569.92,,
8907,09/10/2021 18:44:37,16.26,991.68,,
8908,09/10/2021 18:54:37,16.04,354.56,,
8909,09/10/2021 19:04:37,16.00,438.72,,
8910,09/10/2021 19:14:37,15.78,115.40,,
8911,09/10/2021 19:24:37,15.83,47.94,,
8912,09/10/2021 19:34:37,15.57,14.80,,
8913,09/10/2021 19:44:37,15.57,1.70,,
8914,09/10/2021 19:54:37,15.70,0.00,,
8915,09/10/2021 20:04:37,15.44,0.00,,
8916,09/10/2021 20:14:37,15.44,0.00,,
8917,09/10/2021 20:24:37,15.40,0.00,,
8918,09/10/2021 20:34:37,15.36,0.00,,
8919,09/10/2021 20:44:37,15.36,0.00,,
8920,09/10/2021 20:54:37,15.27,0.00,,
8921,09/10/2021 21:04:37,15.14,0.00,,
8922,09/10/2021 21:14:37,15.23,0.00,,
8923,09/10/2021 21:24:37,15.10,0.00,,
8924,09/10/2021 21:34:37,15.06,0.00,,
8925,09/10/2021 21:44:37,15.10,0.00,,
8926,09/10/2021 21:54:37,15.06,0.00,,
8927,09/10/2021 22:04:37,14.97,0.00,,
8928,09/10/2021 22:14:37,14.97,0.00,,
8929,09/10/2021 22:24:37,14.93,0.00,,
8930,09/10/2021 22:34:37,15.01,0.00,,
8931,09/10/2021 22:44:37,14.88,0.00,,
8932,09/10/2021 22:54:37,14.80,0.00,,
8933,09/10/2021 23:04:37,14.88,0.00,,
8934,09/10/2021 23:14:37,14.80,0.00,,
8935,09/10/2021 23:24:37,14.80,0.00,,
8936,09/10/2021 23:34:37,14.67,0.00,,
8937,09/10/2021 23:44:37,14.75,0.00,,
8938,09/10/2021 23:54:37,14.80,0.00,,
8939,09/11/2021 00:04:37,14.58,0.00,,
8940,09/11/2021 00:14:37,14.63,0.00,,
8941,09/11/2021 00:24:37,14.80,0.00,,
8942,09/11/2021 00:34:37,14.50,0.00,,
8943,09/11/2021 00:44:37,14.50,0.00,,
8944,09/11/2021 00:54:37,14.58,0.00,,
8945,09/11/2021 01:04:37,14.45,0.00,,
8946,09/11/2021 01:14:37,14.50,0.00,,
8947,09/11/2021 01:24:37,14.50,0.00,,
8948,09/11/2021 01:34:37,14.45,0.00,,
8949,09/11/2021 01:44:37,13.98,0.00,,
8950,09/11/2021 01:54:37,12.65,0.00,,
8951,09/11/2021 02:04:37,12.31,0.00,,
8952,09/11/2021 02:14:37,12.01,0.00,,
8953,09/11/2021 02:24:37,12.14,0.00,,
8954,09/11/2021 02:34:37,12.27,0.00,,
8955,09/11/2021 02:44:37,12.22,0.00,,
8956,09/11/2021 02:54:37,12.05,0.00,,
8957,09/11/2021 03:04:37,12.01,0.00,,
8958,09/11/2021 03:14:37,12.05,0.00,,
8959,09/11/2021 03:24:37,11.92,0.00,,
8960,09/11/2021 03:34:37,12.05,0.00,,
8961,09/11/2021 03:44:37,12.18,0.00,,
8962,09/11/2021 03:54:37,12.10,0.00,,
8963,09/11/2021 04:04:37,12.70,0.00,,
8964,09/11/2021 04:14:37,13.00,0.00,,
8965,09/11/2021 04:24:37,12.18,0.00,,
8966,09/11/2021 04:34:37,12.44,0.00,,
8967,09/11/2021 04:44:37,12.10,0.00,,
8968,09/11/2021 04:54:37,12.14,0.00,,
8969,09/11/2021 05:04:37,12.22,0.00,,
8970,09/11/2021 05:14:37,12.35,0.00,,
8971,09/11/2021 05:24:37,12.70,0.00,,
8972,09/11/2021 05:34:37,12.74,0.00,,
8973,09/11/2021 05:44:37,13.12,0.00,,
8974,09/11/2021 05:54:37,13.34,0.00,,
8975,09/11/2021 06:04:37,13.43,0.00,,
8976,09/11/2021 06:14:37,13.43,0.00,,
8977,09/11/2021 06:24:37,13.43,0.00,,
8978,09/11/2021 06:34:37,13.17,0.00,,
8979,09/11/2021 06:44:37,13.00,3.41,,
8980,09/11/2021 06:54:37,12.78,12.23,,
8981,09/11/2021 07:04:37,12.82,25.35,,
8982,09/11/2021 07:14:37,12.57,49.66,,
8983,09/11/2021 07:24:37,12.44,71.44,,
8984,09/11/2021 07:34:37,12.40,104.08,,
8985,09/11/2021 07:44:37,12.44,124.80,,
8986,09/11/2021 07:54:37,12.52,180.64,,
8987,09/11/2021 08:04:37,12.52,225.44,,
8988,09/11/2021 08:14:37,12.57,268.40,,
8989,09/11/2021 08:24:37,12.70,355.36,,
8990,09/11/2021 08:34:37,12.78,401.76,,
8991,09/11/2021 08:44:37,13.00,467.20,,
8992,09/11/2021 08:54:37,13.17,549.60,,
8993,09/11/2021 09:04:37,13.43,699.20,,
8994,09/11/2021 09:14:37,13.64,1108.80,,
8995,09/11/2021 09:24:37,13.85,1694.72,,
8996,09/11/2021 09:34:37,14.11,1645.44,,
8997,09/11/2021 09:44:37,14.33,1969.28,,
8998,09/11/2021 09:54:37,14.50,1974.40,,
8999,09/11/2021 10:04:37,14.84,2008.96,,
9000,09/11/2021 10:14:37,15.23,1943.68,,
9001,09/11/2021 10:24:37,15.74,1849.60,,
9002,09/11/2021 10:34:37,16.34,1818.88,,
9003,09/11/2021 10:44:37,16.90,1853.44,,
9004,09/11/2021 10:54:37,17.41,1676.16,,
9005,09/11/2021 11:04:37,18.23,1702.40,,
9006,09/11/2021 11:14:37,18.66,1614.08,,
9007,09/11/2021 11:24:37,18.79,1545.60,,
9008,09/11/2021 11:34:37,19.05,1400.96,,
9009,09/11/2021 11:44:37,19.17,1427.20,,
9010,09/11/2021 11:54:37,19.26,1431.68,,
9011,09/11/2021 12:04:37,19.30,1294.08,,
9012,09/11/2021 12:14:37,19.35,1379.84,,
9013,09/11/2021 12:24:37,19.60,1217.28,,
9014,09/11/2021 12:34:37,20.03,1255.04,,
9015,09/11/2021 12:44:37,20.33,1225.92,,
9016,09/11/2021 12:54:37,20.33,1310.08,,
9017,09/11/2021 13:04:37,20.29,1219.84,,
9018,09/11/2021 13:14:37,20.29,1290.88,,
9019,09/11/2021 13:24:37,20.03,1148.80,,
9020,09/11/2021 13:34:37,19.86,1195.84,,
9021,09/11/2021 13:44:37,19.60,1194.88,,
9022,09/11/2021 13:54:37,19.77,1190.72,,
9023,09/11/2021 14:04:37,19.22,1242.88,,
9024,09/11/2021 14:14:37,18.27,1419.52,,
9025,09/11/2021 14:24:37,17.76,1241.28,,
9026,09/11/2021 14:34:37,17.59,1343.36,,
9027,09/11/2021 14:44:37,17.63,1467.52,,
9028,09/11/2021 14:54:37,17.76,1387.52,,
9029,09/11/2021 15:04:37,18.06,1454.08,,
9030,09/11/2021 15:14:37,18.23,1493.12,,
9031,09/11/2021 15:24:37,18.06,1731.84,,
9032,09/11/2021 15:34:37,17.80,1928.32,,
9033,09/11/2021 15:44:37,17.50,1973.12,,
9034,09/11/2021 15:54:37,17.33,1729.28,,
9035,09/11/2021 16:04:37,17.37,1872.00,,
9036,09/11/2021 16:14:37,17.50,2067.20,,
9037,09/11/2021 16:24:37,17.50,2359.04,,
9038,09/11/2021 16:34:37,17.67,2307.84,,
9039,09/11/2021 16:44:37,17.67,2302.72,,
9040,09/11/2021 16:54:37,17.59,2473.60,,
9041,09/11/2021 17:04:37,17.72,2431.36,,
9042,09/11/2021 17:14:37,17.72,2610.56,,
9043,09/11/2021 17:24:37,17.76,2648.32,,
9044,09/11/2021 17:34:37,17.59,2821.12,,
9045,09/11/2021 17:44:37,17.46,2549.12,,
9046,09/11/2021 17:54:37,17.46,2740.48,,
9047,09/11/2021 18:04:37,17.37,2680.32,,
9048,09/11/2021 18:14:37,17.16,2345.60,,
9049,09/11/2021 18:24:37,16.90,2332.16,,
9050,09/11/2021 18:34:37,16.81,1933.44,,
9051,09/11/2021 18:44:37,16.51,1329.92,,
9052,09/11/2021 18:54:37,15.96,734.72,,
9053,09/11/2021 19:04:37,15.70,162.64,,
9054,09/11/2021 19:14:37,15.48,59.94,,
9055,09/11/2021 19:24:37,15.27,22.36,,
9056,09/11/2021 19:34:37,15.31,5.58,,
9057,09/11/2021 19:44:37,15.14,0.21,,
9058,09/11/2021 19:54:37,14.97,0.00,,
9059,09/11/2021 20:04:37,15.01,0.00,,
9060,09/11/2021 20:14:37,14.84,0.00,,
9061,09/11/2021 20:24:37,14.84,0.00,,
9062,09/11/2021 20:34:37,14.80,0.00,,
9063,09/11/2021 20:44:37,14.67,0.00,,
9064,09/11/2021 20:54:37,14.67,0.00,,
9065,09/11/2021 21:04:37,14.54,0.00,,
9066,09/11/2021 21:14:37,14.50,0.00,,
9067,09/11/2021 21:24:37,14.58,0.00,,
9068,09/11/2021 21:34:37,14.58,0.00,,
9069,09/11/2021 21:44:37,14.41,0.00,,
9070,09/11/2021 21:54:37,14.33,0.00,,
9071,09/11/2021 22:04:37,14.28,0.00,,
9072,09/11/2021 22:14:37,14.33,0.00,,
9073,09/11/2021 22:24:37,14.24,0.00,,
9074,09/11/2021 22:34:37,14.15,0.00,,
9075,09/11/2021 22:44:37,13.55,0.00,,
9076,09/11/2021 22:54:37,13.47,0.00,,
9077,09/11/2021 23:04:37,13.43,0.00,,
9078,09/11/2021 23:14:37,13.51,0.00,,
9079,09/11/2021 23:24:37,13.77,0.00,,
9080,09/11/2021 23:34:37,13.60,0.00,,
9081,09/11/2021 23:44:37,13.17,0.00,,
9082,09/11/2021 23:54:37,12.91,0.00,,
9083,09/12/2021 00:04:37,12.78,0.00,,
9084,09/12/2021 00:14:37,12.61,0.00,,
9085,09/12/2021 00:24:37,12.35,0.00,,
9086,09/12/2021 00:34:37,12.35,0.00,,
9087,09/12/2021 00:44:37,12.44,0.00,,
9088,09/12/2021 00:54:37,12.57,0.00,,
9089,09/12/2021 01:04:37,12.82,0.00,,
9090,09/12/2021 01:14:37,13.12,0.00,,
9091,09/12/2021 01:24:37,13.25,0.00,,
9092,09/12/2021 01:34:37,13.30,0.00,,
9093,09/12/2021 01:44:37,13.30,0.00,,
9094,09/12/2021 01:54:37,13.21,0.00,,
9095,09/12/2021 02:04:37,13.25,0.00,,
9096,09/12/2021 02:14:37,13.12,0.00,,
9097,09/12/2021 02:24:37,13.04,0.00,,
9098,09/12/2021 02:34:37,12.95,0.00,,
9099,09/12/2021 02:44:37,12.70,0.00,,
9100,09/12/2021 02:54:37,12.65,0.00,,
9101,09/12/2021 03:04:37,12.65,0.00,,
9102,09/12/2021 03:14:37,12.48,0.00,,
9103,09/12/2021 03:24:37,12.48,0.00,,
9104,09/12/2021 03:34:37,12.40,0.00,,
9105,09/12/2021 03:44:37,12.31,0.00,,
9106,09/12/2021 03:54:37,12.35,0.00,,
9107,09/12/2021 04:04:37,12.35,0.00,,
9108,09/12/2021 04:14:37,12.10,0.00,,
9109,09/12/2021 04:24:37,11.92,0.00,,
9110,09/12/2021 04:34:37,11.84,0.00,,
9111,09/12/2021 04:44:37,11.71,0.00,,
9112,09/12/2021 04:54:37,11.62,0.00,,
9113,09/12/2021 05:04:37,11.62,0.00,,
9114,09/12/2021 05:14:37,11.54,0.00,,
9115,09/12/2021 05:24:37,11.54,0.00,,
9116,09/12/2021 05:34:37,11.49,0.00,,
9117,09/12/2021 05:44:37,11.45,0.00,,
9118,09/12/2021 05:54:37,11.58,0.00,,
9119,09/12/2021 06:04:37,11.71,0.00,,
9120,09/12/2021 06:14:37,11.79,0.00,,
9121,09/12/2021 06:24:37,11.92,0.00,,
9122,09/12/2021 06:34:37,12.05,0.00,,
9123,09/12/2021 06:44:37,12.10,3.41,,
9124,09/12/2021 06:54:37,12.05,11.80,,
9125,09/12/2021 07:04:37,12.22,25.35,,
9126,09/12/2021 07:14:37,12.31,42.34,,
9127,09/12/2021 07:24:37,12.31,64.48,,
9128,09/12/2021 07:34:37,12.35,86.88,,
9129,09/12/2021 07:44:37,12.27,124.68,,
9130,09/12/2021 07:54:37,12.48,160.92,,
9131,09/12/2021 08:04:37,12.65,189.20,,
9132,09/12/2021 08:14:37,12.78,255.60,,
9133,09/12/2021 08:24:37,12.82,329.44,,
9134,09/12/2021 08:34:37,12.91,382.72,,
9135,09/12/2021 08:44:37,13.17,441.28,,
9136,09/12/2021 08:54:37,13.30,496.48,,
9137,09/12/2021 09:04:37,13.51,562.40,,
9138,09/12/2021 09:14:37,13.51,720.96,,
9139,09/12/2021 09:24:37,13.51,965.76,,
9140,09/12/2021 09:34:37,13.81,1295.04,,
9141,09/12/2021 09:44:37,14.11,2003.84,,
9142,09/12/2021 09:54:37,14.37,2073.60,,
9143,09/12/2021 10:04:37,14.75,2080.64,,
9144,09/12/2021 10:14:37,15.14,1979.52,,
9145,09/12/2021 10:24:37,15.66,1884.16,,
9146,09/12/2021 10:34:37,16.00,1854.72,,
9147,09/12/2021 10:44:37,16.73,1863.68,,
9148,09/12/2021 10:54:37,17.29,1854.72,,
9149,09/12/2021 11:04:37,17.37,1673.60,,
9150,09/12/2021 11:14:37,17.84,1637.76,,
9151,09/12/2021 11:24:37,18.19,1621.76,,
9152,09/12/2021 11:34:37,18.36,1473.28,,
9153,09/12/2021 11:44:37,18.49,1408.00,,
9154,09/12/2021 11:54:37,18.23,1509.76,,
9155,09/12/2021 12:04:37,18.10,1446.40,,
9156,09/12/2021 12:14:37,18.36,1462.40,,
9157,09/12/2021 12:24:37,18.32,1286.40,,
9158,09/12/2021 12:34:37,18.10,1280.64,,
9159,09/12/2021 12:44:37,18.27,1321.60,,
9160,09/12/2021 12:54:37,18.19,1316.48,,
9161,09/12/2021 13:04:37,18.14,1482.88,,
9162,09/12/2021 13:14:37,18.40,1265.28,,
9163,09/12/2021 13:24:37,18.53,1388.16,,
9164,09/12/2021 13:34:37,18.19,1344.64,,
9165,09/12/2021 13:44:37,17.97,1276.16,,
9166,09/12/2021 13:54:37,17.72,1261.76,,
9167,09/12/2021 14:04:37,17.50,1310.08,,
9168,09/12/2021 14:14:37,17.24,1315.20,,
9169,09/12/2021 14:24:37,17.07,1382.40,,
9170,09/12/2021 14:34:37,16.99,1452.16,,
9171,09/12/2021 14:44:37,17.03,1457.92,,
9172,09/12/2021 14:54:37,17.20,1573.76,,
9173,09/12/2021 15:04:37,17.24,1571.20,,
9174,09/12/2021 15:14:37,17.03,1585.28,,
9175,09/12/2021 15:24:37,17.03,1724.16,,
9176,09/12/2021 15:34:37,17.16,1760.64,,
9177,09/12/2021 15:44:37,17.29,1731.84,,
9178,09/12/2021 15:54:37,17.50,1798.40,,
9179,09/12/2021 16:04:37,18.02,1964.16,,
9180,09/12/2021 16:14:37,17.03,2353.92,,
9181,09/12/2021 16:24:37,16.60,2096.00,,
9182,09/12/2021 16:34:37,16.34,2629.12,,
9183,09/12/2021 16:44:37,15.91,1069.44,,
9184,09/12/2021 16:54:37,16.51,2412.16,,
9185,09/12/2021 17:04:37,16.60,2656.00,,
9186,09/12/2021 17:14:37,16.77,2649.60,,
9187,09/12/2021 17:24:37,16.69,2328.32,,
9188,09/12/2021 17:34:37,16.86,2714.88,,
9189,09/12/2021 17:44:37,16.81,2759.68,,
9190,09/12/2021 17:54:37,16.81,2266.88,,
9191,09/12/2021 18:04:37,16.69,2183.04,,
9192,09/12/2021 18:14:37,16.69,2155.52,,
9193,09/12/2021 18:24:37,16.69,1959.04,,
9194,09/12/2021 18:34:37,16.60,1573.76,,
9195,09/12/2021 18:44:37,16.47,1017.92,,
9196,09/12/2021 18:54:37,16.30,715.52,,
9197,09/12/2021 19:04:37,16.13,210.88,,
9198,09/12/2021 19:14:37,15.91,96.84,,
9199,09/12/2021 19:24:37,15.87,35.72,,
9200,09/12/2021 19:34:37,15.70,9.03,,
9201,09/12/2021 19:44:37,15.66,1.06,,
9202,09/12/2021 19:54:37,15.48,0.00,,
9203,09/12/2021 20:04:37,15.44,0.00,,
9204,09/12/2021 20:14:37,15.40,0.00,,
9205,09/12/2021 20:24:37,15.44,0.00,,
9206,09/12/2021 20:34:37,15.40,0.00,,
9207,09/12/2021 20:44:37,15.40,0.00,,
9208,09/12/2021 20:54:37,15.23,0.00,,
9209,09/12/2021 21:04:37,15.18,0.00,,
9210,09/12/2021 21:14:37,15.18,0.00,,
9211,09/12/2021 21:24:37,13.85,0.00,,
9212,09/12/2021 21:34:37,13.12,0.00,,
9213,09/12/2021 21:44:37,12.40,0.00,,
9214,09/12/2021 21:54:37,12.10,0.00,,
9215,09/12/2021 22:04:37,12.01,0.00,,
9216,09/12/2021 22:14:37,11.88,0.00,,
9217,09/12/2021 22:24:37,11.88,0.00,,
9218,09/12/2021 22:34:37,11.92,0.00,,
9219,09/12/2021 22:44:37,12.31,0.00,,
9220,09/12/2021 22:54:37,11.97,0.00,,
9221,09/12/2021 23:04:37,12.18,0.00,,
9222,09/12/2021 23:14:37,11.62,0.00,,
9223,09/12/2021 23:24:37,11.67,0.00,,
9224,09/12/2021 23:34:37,11.62,0.00,,
9225,09/12/2021 23:44:37,11.92,0.00,,
9226,09/12/2021 23:54:37,12.10,0.00,,
9227,09/13/2021 00:04:37,11.88,0.00,,
9228,09/13/2021 00:14:37,11.92,0.00,,
9229,09/13/2021 00:24:37,14.07,0.00,,
9230,09/13/2021 00:34:37,14.50,0.00,,
9231,09/13/2021 00:44:37,14.50,0.00,,
9232,09/13/2021 00:54:37,14.54,0.00,,
9233,09/13/2021 01:04:37,14.11,0.00,,
9234,09/13/2021 01:14:37,12.35,0.00,,
9235,09/13/2021 01:24:37,11.67,0.00,,
9236,09/13/2021 01:34:37,11.75,0.00,,
9237,09/13/2021 01:44:37,11.11,0.00,,
9238,09/13/2021 01:54:37,11.15,0.00,,
9239,09/13/2021 02:04:37,11.19,0.00,,
9240,09/13/2021 02:14:37,11.07,0.00,,
9241,09/13/2021 02:24:37,10.94,0.00,,
9242,09/13/2021 02:34:37,10.98,0.00,,
9243,09/13/2021 02:44:37,10.81,0.00,,
9244,09/13/2021 02:54:37,10.59,0.00,,
9245,09/13/2021 03:04:37,10.59,0.00,,
9246,09/13/2021 03:14:37,10.72,0.00,,
9247,09/13/2021 03:24:37,10.77,0.00,,
9248,09/13/2021 03:34:37,10.72,0.00,,
9249,09/13/2021 03:44:37,10.81,0.00,,
9250,09/13/2021 03:54:37,10.59,0.00,,
9251,09/13/2021 04:04:37,10.25,0.00,,
9252,09/13/2021 04:14:37,10.25,0.00,,
9253,09/13/2021 04:24:37,10.16,0.00,,
9254,09/13/2021 04:34:37,10.12,0.00,,
9255,09/13/2021 04:44:37,10.04,0.00,,
9256,09/13/2021 04:54:37,10.29,0.00,,
9257,09/13/2021 05:04:37,10.29,0.00,,
9258,09/13/2021 05:14:37,10.38,0.00,,
9259,09/13/2021 05:24:37,10.46,0.00,,
9260,09/13/2021 05:34:37,10.51,0.00,,
9261,09/13/2021 05:44:37,10.21,0.00,,
9262,09/13/2021 05:54:37,10.08,0.00,,
9263,09/13/2021 06:04:37,9.99,0.00,,
9264,09/13/2021 06:14:37,10.08,0.00,,
9265,09/13/2021 06:24:37,10.29,0.00,,
9266,09/13/2021 06:34:37,10.34,1.06,,
9267,09/13/2021 06:44:37,10.46,9.05,,
9268,09/13/2021 06:54:37,10.59,31.60,,
9269,09/13/2021 07:04:37,10.64,73.56,,
9270,09/13/2021 07:14:37,10.77,140.28,,
9271,09/13/2021 07:24:37,10.16,283.12,,
9272,09/13/2021 07:34:37,10.64,609.44,,
9273,09/13/2021 07:44:37,11.32,1174.40,,
9274,09/13/2021 07:54:37,11.75,1133.44,,
9275,09/13/2021 08:04:37,11.75,1137.60,,
9276,09/13/2021 08:14:37,12.10,659.84,,
9277,09/13/2021 08:24:37,12.01,1128.32,,
9278,09/13/2021 08:34:37,12.48,1978.24,,
9279,09/13/2021 08:44:37,12.82,1988.48,,
9280,09/13/2021 08:54:37,13.21,1991.68,,
9281,09/13/2021 09:04:37,13.60,1895.68,,
9282,09/13/2021 09:14:37,14.07,1971.20,,
9283,09/13/2021 09:24:37,14.63,2094.08,,
9284,09/13/2021 09:34:37,14.97,1931.52,,
9285,09/13/2021 09:44:37,15.31,1940.48,,
9286,09/13/2021 09:54:37,15.61,1892.48,,
9287,09/13/2021 10:04:37,16.00,1770.88,,
9288,09/13/2021 10:14:37,16.51,1699.20,,
9289,09/13/2021 10:24:37,16.86,1839.36,,
9290,09/13/2021 10:34:37,17.03,1831.04,,
9291,09/13/2021 10:44:37,17.16,1742.72,,
9292,09/13/2021 10:54:37,17.67,1646.08,,
9293,09/13/2021 11:04:37,18.10,1735.04,,
9294,09/13/2021 11:14:37,18.66,1637.12,,
9295,09/13/2021 11:24:37,19.39,1585.28,,
9296,09/13/2021 11:34:37,19.60,1543.04,,
9297,09/13/2021 11:44:37,19.82,1418.88,,
9298,09/13/2021 11:54:37,19.82,1573.76,,
9299,09/13/2021 12:04:37,19.73,1549.44,,
9300,09/13/2021 12:14:37,19.77,1356.16,,
9301,09/13/2021 12:24:37,19.69,1279.68,,
9302,09/13/2021 12:34:37,19.95,1442.56,,
9303,09/13/2021 12:44:37,19.86,1169.28,,
9304,09/13/2021 12:54:37,19.95,1214.72,,
9305,09/13/2021 13:04:37,20.16,1156.48,,
9306,09/13/2021 13:14:37,20.25,1240.32,,
9307,09/13/2021 13:24:37,19.65,1213.12,,
9308,09/13/2021 13:34:37,19.30,1203.52,,
9309,09/13/2021 13:44:37,19.22,1144.64,,
9310,09/13/2021 13:54:37,19.09,1180.48,,
9311,09/13/2021 14:04:37,19.22,1184.00,,
9312,09/13/2021 14:14:37,18.92,1296.64,,
9313,09/13/2021 14:24:37,18.70,1276.16,,
9314,09/13/2021 14:34:37,18.74,1327.36,,
9315,09/13/2021 14:44:37,18.79,1399.04,,
9316,09/13/2021 14:54:37,18.57,1352.96,,
9317,09/13/2021 15:04:37,18.40,1553.92,,
9318,09/13/2021 15:14:37,18.19,1596.80,,
9319,09/13/2021 15:24:37,18.06,1635.20,,
9320,09/13/2021 15:34:37,17.97,1882.24,,
9321,09/13/2021 15:44:37,17.76,1665.92,,
9322,09/13/2021 15:54:37,17.93,1925.12,,
9323,09/13/2021 16:04:37,17.97,1813.76,,
9324,09/13/2021 16:14:37,17.84,2157.44,,
9325,09/13/2021 16:24:37,17.93,2099.20,,
9326,09/13/2021 16:34:37,17.93,2121.60,,
9327,09/13/2021 16:44:37,17.84,2261.76,,
9328,09/13/2021 16:54:37,17.63,2272.00,,
9329,09/13/2021 17:04:37,17.63,2396.80,,
9330,09/13/2021 17:14:37,17.59,2954.24,,
9331,09/13/2021 17:24:37,17.54,2603.52,,
9332,09/13/2021 17:34:37,17.63,2437.76,,
9333,09/13/2021 17:44:37,17.46,2523.52,,
9334,09/13/2021 17:54:37,17.29,2210.56,,
9335,09/13/2021 18:04:37,17.07,2510.08,,
9336,09/13/2021 18:14:37,16.94,2133.76,,
9337,09/13/2021 18:24:37,16.69,1844.48,,
9338,09/13/2021 18:34:37,16.60,1644.80,,
9339,09/13/2021 18:44:37,16.26,1064.96,,
9340,09/13/2021 18:54:37,15.96,497.44,,
9341,09/13/2021 19:04:37,15.53,142.88,,
9342,09/13/2021 19:14:37,15.23,70.14,,
9343,09/13/2021 19:24:37,14.97,25.62,,
9344,09/13/2021 19:34:37,14.80,5.79,,
9345,09/13/2021 19:44:37,14.58,0.21,,
9346,09/13/2021 19:54:37,14.63,0.00,,
9347,09/13/2021 20:04:37,14.50,0.00,,
9348,09/13/2021 20:14:37,14.45,0.00,,
9349,09/13/2021 20:24:37,14.41,0.00,,
9350,09/13/2021 20:34:37,14.41,0.00,,
9351,09/13/2021 20:44:37,14.33,0.00,,
9352,09/13/2021 20:54:37,14.41,0.00,,
9353,09/13/2021 21:04:37,14.45,0.00,,
9354,09/13/2021 21:14:37,14.33,0.00,,
9355,09/13/2021 21:24:37,14.45,0.00,,
9356,09/13/2021 21:34:37,13.81,0.00,,
9357,09/13/2021 21:44:37,12.91,0.00,,
9358,09/13/2021 21:54:37,12.52,0.00,,
9359,09/13/2021 22:04:37,12.22,0.00,,
9360,09/13/2021 22:14:37,12.14,0.00,,
9361,09/13/2021 22:24:37,11.88,0.00,,
9362,09/13/2021 22:34:37,11.92,0.00,,
9363,09/13/2021 22:44:37,11.97,0.00,,
9364,09/13/2021 22:54:37,12.10,0.00,,
9365,09/13/2021 23:04:37,11.37,0.00,,
9366,09/13/2021 23:14:37,11.67,0.00,,
9367,09/13/2021 23:24:37,11.71,0.00,,
9368,09/13/2021 23:34:37,11.41,0.00,,
9369,09/13/2021 23:44:37,11.32,0.00,,
9370,09/13/2021 23:54:37,11.32,0.00,,
9371,09/14/2021 00:04:37,10.46,0.00,,
9372,09/14/2021 00:14:37,10.25,0.00,,
9373,09/14/2021 00:24:37,10.42,0.00,,
9374,09/14/2021 00:34:37,10.16,0.00,,
9375,09/14/2021 00:44:37,10.08,0.00,,
9376,09/14/2021 00:54:37,10.04,0.00,,
9377,09/14/2021 01:04:37,10.38,0.00,,
9378,09/14/2021 01:14:37,10.55,0.00,,
9379,09/14/2021 01:24:37,10.81,0.00,,
9380,09/14/2021 01:34:37,10.64,0.00,,
9381,09/14/2021 01:44:37,10.59,0.00,,
9382,09/14/2021 01:54:37,10.55,0.00,,
9383,09/14/2021 02:04:37,10.55,0.00,,
9384,09/14/2021 02:14:37,10.68,0.00,,
9385,09/14/2021 02:24:37,10.55,0.00,,
9386,09/14/2021 02:34:37,10.42,0.00,,
9387,09/14/2021 02:44:37,10.42,0.00,,
9388,09/14/2021 02:54:37,10.38,0.00,,
9389,09/14/2021 03:04:37,10.25,0.00,,
9390,09/14/2021 03:14:37,10.21,0.00,,
9391,09/14/2021 03:24:37,10.21,0.00,,
9392,09/14/2021 03:34:37,10.16,0.00,,
9393,09/14/2021 03:44:37,10.38,0.00,,
9394,09/14/2021 03:54:37,10.08,0.00,,
9395,09/14/2021 04:04:37,9.91,0.00,,
9396,09/14/2021 04:14:37,9.99,0.00,,
9397,09/14/2021 04:24:37,10.08,0.00,,
9398,09/14/2021 04:34:37,10.16,0.00,,
9399,09/14/2021 04:44:37,9.78,0.00,,
9400,09/14/2021 04:54:37,9.69,0.00,,
9401,09/14/2021 05:04:37,9.91,0.00,,
9402,09/14/2021 05:14:37,9.99,0.00,,
9403,09/14/2021 05:24:37,10.04,0.00,,
9404,09/14/2021 05:34:37,10.16,0.00,,
9405,09/14/2021 05:44:37,10.46,0.00,,
9406,09/14/2021 05:54:37,10.68,0.00,,
9407,09/14/2021 06:04:37,10.85,0.00,,
9408,09/14/2021 06:14:37,10.46,0.00,,
9409,09/14/2021 06:24:37,9.05,0.00,,
9410,09/14/2021 06:34:37,9.52,1.06,,
9411,09/14/2021 06:44:37,9.91,9.24,,
9412,09/14/2021 06:54:37,8.88,35.23,,
9413,09/14/2021 07:04:37,8.66,83.40,,
9414,09/14/2021 07:14:37,9.09,154.84,,
9415,09/14/2021 07:24:37,9.39,235.68,,
9416,09/14/2021 07:34:37,9.74,659.84,,
9417,09/14/2021 07:44:37,10.94,1233.60,,
9418,09/14/2021 07:54:37,11.79,1335.04,,
9419,09/14/2021 08:04:37,12.22,1520.64,,
9420,09/14/2021 08:14:37,12.70,1599.36,,
9421,09/14/2021 08:24:37,13.04,1701.12,,
9422,09/14/2021 08:34:37,13.47,1735.04,,
9423,09/14/2021 08:44:37,13.68,1897.60,,
9424,09/14/2021 08:54:37,13.98,1877.12,,
9425,09/14/2021 09:04:37,14.41,1880.32,,
9426,09/14/2021 09:14:37,14.71,1849.60,,
9427,09/14/2021 09:24:37,14.97,1904.64,,
9428,09/14/2021 09:34:37,15.18,1950.72,,
9429,09/14/2021 09:44:37,15.40,1933.44,,
9430,09/14/2021 09:54:37,15.66,1933.44,,
9431,09/14/2021 10:04:37,16.13,1872.00,,
9432,09/14/2021 10:14:37,16.51,1880.32,,
9433,09/14/2021 10:24:37,16.94,1836.16,,
9434,09/14/2021 10:34:37,17.33,1777.28,,
9435,09/14/2021 10:44:37,17.67,1760.64,,
9436,09/14/2021 10:54:37,18.02,1642.24,,
9437,09/14/2021 11:04:37,18.32,1851.52,,
9438,09/14/2021 11:14:37,18.83,1647.36,,
9439,09/14/2021 11:24:37,19.17,1601.92,,
9440,09/14/2021 11:34:37,19.60,1666.56,,
9441,09/14/2021 11:44:37,19.95,1597.44,,
9442,09/14/2021 11:54:37,20.20,1499.52,,
9443,09/14/2021 12:04:37,20.50,1526.40,,
9444,09/14/2021 12:14:37,20.93,1526.40,,
9445,09/14/2021 12:24:37,21.28,1445.12,,
9446,09/14/2021 12:34:37,21.49,1441.28,,
9447,09/14/2021 12:44:37,21.75,1283.84,,
9448,09/14/2021 12:54:37,22.22,1411.20,,
9449,09/14/2021 13:04:37,22.65,1316.48,,
9450,09/14/2021 13:14:37,22.95,1332.48,,
9451,09/14/2021 13:24:37,23.12,1373.44,,
9452,09/14/2021 13:34:37,23.46,1366.40,,
9453,09/14/2021 13:44:37,23.46,1396.48,,
9454,09/14/2021 13:54:37,23.16,1332.48,,
9455,09/14/2021 14:04:37,22.69,1384.96,,
9456,09/14/2021 14:14:37,22.56,1424.00,,
9457,09/14/2021 14:24:37,22.52,1484.16,,
9458,09/14/2021 14:34:37,22.73,1467.52,,
9459,09/14/2021 14:44:37,22.91,1488.00,,
9460,09/14/2021 14:54:37,22.65,1594.24,,
9461,09/14/2021 15:04:37,22.35,1647.36,,
9462,09/14/2021 15:14:37,22.31,1671.04,,
9463,09/14/2021 15:24:37,21.83,1707.52,,
9464,09/14/2021 15:34:37,21.70,1774.72,,
9465,09/14/2021 15:44:37,21.19,2055.04,,
9466,09/14/2021 15:54:37,20.76,1806.72,,
9467,09/14/2021 16:04:37,20.33,1991.68,,
9468,09/14/2021 16:14:37,20.29,2088.96,,
9469,09/14/2021 16:24:37,20.72,2162.56,,
9470,09/14/2021 16:34:37,20.42,2012.16,,
9471,09/14/2021 16:44:37,19.56,2246.40,,
9472,09/14/2021 16:54:37,19.13,2530.56,,
9473,09/14/2021 17:04:37,18.96,2426.24,,
9474,09/14/2021 17:14:37,18.27,2088.96,,
9475,09/14/2021 17:24:37,18.06,2094.08,,
9476,09/14/2021 17:34:37,17.97,2613.76,,
9477,09/14/2021 17:44:37,17.84,2227.84,,
9478,09/14/2021 17:54:37,17.63,2072.32,,
9479,09/14/2021 18:04:37,17.50,1621.76,,
9480,09/14/2021 18:14:37,17.46,1569.92,,
9481,09/14/2021 18:24:37,17.11,1410.56,,
9482,09/14/2021 18:34:37,16.94,930.88,,
9483,09/14/2021 18:44:37,16.81,649.60,,
9484,09/14/2021 18:54:37,16.43,213.44,,
9485,09/14/2021 19:04:37,15.74,112.72,,
9486,09/14/2021 19:14:37,15.40,52.70,,
9487,09/14/2021 19:24:37,15.01,18.48,,
9488,09/14/2021 19:34:37,14.71,4.06,,
9489,09/14/2021 19:44:37,14.54,0.00,,
9490,09/14/2021 19:54:37,14.33,0.00,,
9491,09/14/2021 20:04:37,14.33,0.00,,
9492,09/14/2021 20:14:37,14.24,0.00,,
9493,09/14/2021 20:24:37,14.07,0.00,,
9494,09/14/2021 20:34:37,14.03,0.00,,
9495,09/14/2021 20:44:37,13.90,0.00,,
9496,09/14/2021 20:54:37,13.94,0.00,,
9497,09/14/2021 21:04:37,14.07,0.00,,
9498,09/14/2021 21:14:37,13.90,0.00,,
9499,09/14/2021 21:24:37,13.47,0.00,,
9500,09/14/2021 21:34:37,13.43,0.00,,
9501,09/14/2021 21:44:37,13.08,0.00,,
9502,09/14/2021 21:54:37,12.95,0.00,,
9503,09/14/2021 22:04:37,12.87,0.00,,
9504,09/14/2021 22:14:37,13.17,0.00,,
9505,09/14/2021 22:24:37,13.30,0.00,,
9506,09/14/2021 22:34:37,13.30,0.00,,
9507,09/14/2021 22:44:37,13.12,0.00,,
9508,09/14/2021 22:54:37,13.04,0.00,,
9509,09/14/2021 23:04:37,12.95,0.00,,
9510,09/14/2021 23:14:37,13.08,0.00,,
9511,09/14/2021 23:24:37,13.04,0.00,,
9512,09/14/2021 23:34:37,13.12,0.00,,
9513,09/14/2021 23:44:37,13.08,0.00,,
9514,09/14/2021 23:54:37,13.12,0.00,,
9515,09/15/2021 00:04:37,12.95,0.00,,
9516,09/15/2021 00:14:37,13.00,0.00,,
9517,09/15/2021 00:24:37,12.82,0.00,,
9518,09/15/2021 00:34:37,13.17,0.00,,
9519,09/15/2021 00:44:37,13.43,0.00,,
9520,09/15/2021 00:54:37,13.38,0.00,,
9521,09/15/2021 01:04:37,13.34,0.00,,
9522,09/15/2021 01:14:37,13.21,0.00,,
9523,09/15/2021 01:24:37,13.51,0.00,,
9524,09/15/2021 01:34:37,13.68,0.00,,
9525,09/15/2021 01:44:37,13.85,0.00,,
9526,09/15/2021 01:54:37,13.94,0.00,,
9527,09/15/2021 02:04:37,13.90,0.00,,
9528,09/15/2021 02:14:37,13.94,0.00,,
9529,09/15/2021 02:24:37,13.77,0.00,,
9530,09/15/2021 02:34:37,13.73,0.00,,
9531,09/15/2021 02:44:37,13.81,0.00,,
9532,09/15/2021 02:54:37,13.81,0.00,,
9533,09/15/2021 03:04:37,13.81,0.00,,
9534,09/15/2021 03:14:37,13.68,0.00,,
9535,09/15/2021 03:24:37,13.73,0.00,,
9536,09/15/2021 03:34:37,13.73,0.00,,
9537,09/15/2021 03:44:37,13.68,0.00,,
9538,09/15/2021 03:54:37,13.77,0.00,,
9539,09/15/2021 04:04:37,13.81,0.00,,
9540,09/15/2021 04:14:37,13.81,0.00,,
9541,09/15/2021 04:24:37,13.85,0.00,,
9542,09/15/2021 04:34:37,13.68,0.00,,
9543,09/15/2021 04:44:37,13.68,0.00,,
9544,09/15/2021 04:54:37,13.68,0.00,,
9545,09/15/2021 05:04:37,13.55,0.00,,
9546,09/15/2021 05:14:37,13.43,0.00,,
9547,09/15/2021 05:24:37,13.55,0.00,,
9548,09/15/2021 05:34:37,13.55,0.00,,
9549,09/15/2021 05:44:37,13.55,0.00,,
9550,09/15/2021 05:54:37,13.64,0.00,,
9551,09/15/2021 06:04:37,13.68,0.00,,
9552,09/15/2021 06:14:37,13.81,0.00,,
9553,09/15/2021 06:24:37,13.81,0.00,,
9554,09/15/2021 06:34:37,13.73,0.00,,
9555,09/15/2021 06:44:37,13.77,1.28,,
9556,09/15/2021 06:54:37,13.85,6.22,,
9557,09/15/2021 07:04:37,13.77,16.75,,
9558,09/15/2021 07:14:37,13.77,30.75,,
9559,09/15/2021 07:24:37,13.81,49.44,,
9560,09/15/2021 07:34:37,13.81,71.80,,
9561,09/15/2021 07:44:37,13.90,88.64,,
9562,09/15/2021 07:54:37,13.94,102.80,,
9563,09/15/2021 08:04:37,13.94,123.84,,
9564,09/15/2021 08:14:37,14.03,147.12,,
9565,09/15/2021 08:24:37,14.20,161.76,,
9566,09/15/2021 08:34:37,14.33,197.04,,
9567,09/15/2021 08:44:37,14.28,234.88,,
9568,09/15/2021 08:54:37,14.24,258.16,,
9569,09/15/2021 09:04:37,14.20,243.44,,
9570,09/15/2021 09:14:37,14.20,251.28,,
9571,09/15/2021 09:24:37,14.28,300.24,,
9572,09/15/2021 09:34:37,14.41,363.04,,
9573,09/15/2021 09:44:37,14.37,387.04,,
9574,09/15/2021 09:54:37,14.45,406.88,,
9575,09/15/2021 10:04:37,14.54,555.68,,
9576,09/15/2021 10:14:37,14.63,540.16,,
9577,09/15/2021 10:24:37,14.54,531.68,,
9578,09/15/2021 10:34:37,14.71,590.24,,
9579,09/15/2021 10:44:37,14.71,632.16,,
9580,09/15/2021 10:54:37,14.84,645.44,,
9581,09/15/2021 11:04:37,14.88,819.84,,
9582,09/15/2021 11:14:37,15.01,946.24,,
9583,09/15/2021 11:24:37,15.06,895.68,,
9584,09/15/2021 11:34:37,15.01,1004.48,,
9585,09/15/2021 11:44:37,15.18,1119.68,,
9586,09/15/2021 11:54:37,15.40,1151.36,,
9587,09/15/2021 12:04:37,15.74,1315.20,,
9588,09/15/2021 12:14:37,15.61,1297.60,,
9589,09/15/2021 12:24:37,15.70,1284.80,,
9590,09/15/2021 12:34:37,15.91,1358.72,,
9591,09/15/2021 12:44:37,15.87,1339.52,,
9592,09/15/2021 12:54:37,15.96,1762.56,,
9593,09/15/2021 13:04:37,15.96,1742.72,,
9594,09/15/2021 13:14:37,16.08,1650.56,,
9595,09/15/2021 13:24:37,16.13,1423.36,,
9596,09/15/2021 13:34:37,16.30,1513.60,,
9597,09/15/2021 13:44:37,16.47,1667.84,,
9598,09/15/2021 13:54:37,16.60,1674.24,,
9599,09/15/2021 14:04:37,16.73,1696.64,,
9600,09/15/2021 14:14:37,16.81,1687.04,,
9601,09/15/2021 14:24:37,17.07,1726.72,,
9602,09/15/2021 14:34:37,17.16,1750.40,,
9603,09/15/2021 14:44:37,17.11,1742.08,,
9604,09/15/2021 14:54:37,16.94,1858.56,,
9605,09/15/2021 15:04:37,16.86,1877.12,,
9606,09/15/2021 15:14:37,16.99,1813.76,,
9607,09/15/2021 15:24:37,16.77,1864.96,,
9608,09/15/2021 15:34:37,16.77,1863.68,,
9609,09/15/2021 15:44:37,16.47,1957.76,,
9610,09/15/2021 15:54:37,16.34,1895.68,,
9611,09/15/2021 16:04:37,16.26,1968.00,,
9612,09/15/2021 16:14:37,16.17,1921.28,,
9613,09/15/2021 16:24:37,16.30,1979.52,,
9614,09/15/2021 16:34:37,16.43,1892.48,,
9615,09/15/2021 16:44:37,16.39,1854.72,,
9616,09/15/2021 16:54:37,15.96,684.80,,
9617,09/15/2021 17:04:37,15.74,479.04,,
9618,09/15/2021 17:14:37,15.66,359.36,,
9619,09/15/2021 17:24:37,15.40,278.64,,
9620,09/15/2021 17:34:37,15.40,248.72,,
9621,09/15/2021 17:44:37,15.57,203.04,,
9622,09/15/2021 17:54:37,15.48,153.96,,
9623,09/15/2021 18:04:37,15.36,114.44,,
9624,09/15/2021 18:14:37,15.27,95.04,,
9625,09/15/2021 18:24:37,15.31,73.14,,
9626,09/15/2021 18:34:37,15.10,53.94,,
9627,09/15/2021 18:44:37,15.18,41.02,,
9628,09/15/2021 18:54:37,15.14,24.07,,
9629,09/15/2021 19:04:37,14.88,13.06,,
9630,09/15/2021 19:14:37,14.88,5.77,,
9631,09/15/2021 19:24:37,15.10,1.49,,
9632,09/15/2021 19:34:37,15.01,0.00,,
9633,09/15/2021 19:44:37,15.01,0.00,,
9634,09/15/2021 19:54:37,15.01,0.00,,
9635,09/15/2021 20:04:37,15.06,0.00,,
9636,09/15/2021 20:14:37,15.01,0.00,,
9637,09/15/2021 20:24:37,15.14,0.00,,
9638,09/15/2021 20:34:37,14.97,0.00,,
9639,09/15/2021 20:44:37,14.88,0.00,,
9640,09/15/2021 20:54:37,14.93,0.00,,
9641,09/15/2021 21:04:37,14.67,0.00,,
9642,09/15/2021 21:14:37,14.63,0.00,,
9643,09/15/2021 21:24:37,14.54,0.00,,
9644,09/15/2021 21:34:37,14.50,0.00,,
9645,09/15/2021 21:44:37,14.58,0.00,,
9646,09/15/2021 21:54:37,14.58,0.00,,
9647,09/15/2021 22:04:37,14.50,0.00,,
9648,09/15/2021 22:14:37,14.33,0.00,,
9649,09/15/2021 22:24:37,14.41,0.00,,
9650,09/15/2021 22:34:37,14.28,0.00,,
9651,09/15/2021 22:44:37,14.28,0.00,,
9652,09/15/2021 22:54:37,14.33,0.00,,
9653,09/15/2021 23:04:37,14.33,0.00,,
9654,09/15/2021 23:14:37,14.28,0.00,,
9655,09/15/2021 23:24:37,14.41,0.00,,
9656,09/15/2021 23:34:37,14.24,0.00,,
9657,09/15/2021 23:44:37,14.24,0.00,,
9658,09/15/2021 23:54:37,14.24,0.00,,
9659,09/16/2021 00:04:37,14.07,0.00,,
9660,09/16/2021 00:14:37,14.15,0.00,,
9661,09/16/2021 00:24:37,13.94,0.00,,
9662,09/16/2021 00:34:37,13.94,0.00,,
9663,09/16/2021 00:44:37,13.90,0.00,,
9664,09/16/2021 00:54:37,13.94,0.00,,
9665,09/16/2021 01:04:37,14.03,0.00,,
9666,09/16/2021 01:14:37,14.07,0.00,,
9667,09/16/2021 01:24:37,14.07,0.00,,
9668,09/16/2021 01:34:37,13.98,0.00,,
9669,09/16/2021 01:44:37,13.90,0.00,,
9670,09/16/2021 01:54:37,13.94,0.00,,
9671,09/16/2021 02:04:37,13.85,0.00,,
9672,09/16/2021 02:14:37,13.68,0.00,,
9673,09/16/2021 02:24:37,13.77,0.00,,
9674,09/16/2021 02:34:37,13.85,0.00,,
9675,09/16/2021 02:44:37,13.68,0.00,,
9676,09/16/2021 02:54:37,13.64,0.00,,
9677,09/16/2021 03:04:37,13.55,0.00,,
9678,09/16/2021 03:14:37,13.64,0.00,,
9679,09/16/2021 03:24:37,13.51,0.00,,
9680,09/16/2021 03:34:37,13.64,0.00,,
9681,09/16/2021 03:44:37,13.55,0.00,,
9682,09/16/2021 03:54:37,13.60,0.00,,
9683,09/16/2021 04:04:37,13.60,0.00,,
9684,09/16/2021 04:14:37,13.64,0.00,,
9685,09/16/2021 04:24:37,13.64,0.00,,
9686,09/16/2021 04:34:37,13.55,0.00,,
9687,09/16/2021 04:44:37,13.60,0.00,,
9688,09/16/2021 04:54:37,13.64,0.00,,
9689,09/16/2021 05:04:37,13.60,0.00,,
9690,09/16/2021 05:14:37,13.60,0.00,,
9691,09/16/2021 05:24:37,13.60,0.00,,
9692,09/16/2021 05:34:37,13.55,0.00,,
9693,09/16/2021 05:44:37,13.64,0.00,,
9694,09/16/2021 05:54:37,13.55,0.00,,
9695,09/16/2021 06:04:37,13.64,0.00,,
9696,09/16/2021 06:14:37,13.68,0.00,,
9697,09/16/2021 06:24:37,13.64,0.00,,
9698,09/16/2021 06:34:37,13.60,0.00,,
9699,09/16/2021 06:44:37,13.60,0.42,,
9700,09/16/2021 06:54:37,13.68,4.48,,
9701,09/16/2021 07:04:37,13.60,11.59,,
9702,09/16/2021 07:14:37,13.60,18.06,,
9703,09/16/2021 07:24:37,13.68,27.09,,
9704,09/16/2021 07:34:37,13.81,42.98,,
9705,09/16/2021 07:44:37,13.81,64.48,,
9706,09/16/2021 07:54:37,13.81,86.44,,
9707,09/16/2021 08:04:37,13.81,113.56,,
9708,09/16/2021 08:14:37,13.94,141.04,,
9709,09/16/2021 08:24:37,14.07,191.76,,
9710,09/16/2021 08:34:37,14.03,240.80,,
9711,09/16/2021 08:44:37,14.11,273.52,,
9712,09/16/2021 08:54:37,14.20,292.48,,
9713,09/16/2021 09:04:37,14.37,303.68,,
9714,09/16/2021 09:14:37,14.37,359.36,,
9715,09/16/2021 09:24:37,14.37,436.16,,
9716,09/16/2021 09:34:37,14.54,471.36,,
9717,09/16/2021 09:44:37,14.50,451.68,,
9718,09/16/2021 09:54:37,14.54,474.88,,
9719,09/16/2021 10:04:37,14.54,472.32,,
9720,09/16/2021 10:14:37,14.54,564.96,,
9721,09/16/2021 10:24:37,14.71,589.44,,
9722,09/16/2021 10:34:37,14.93,624.48,,
9723,09/16/2021 10:44:37,14.93,695.04,,
9724,09/16/2021 10:54:37,15.06,747.52,,
9725,09/16/2021 11:04:37,15.14,884.80,,
9726,09/16/2021 11:14:37,15.27,1056.64,,
9727,09/16/2021 11:24:37,15.40,1119.68,,
9728,09/16/2021 11:34:37,15.61,1365.76,,
9729,09/16/2021 11:44:37,15.74,1360.64,,
9730,09/16/2021 11:54:37,15.87,1356.16,,
9731,09/16/2021 12:04:37,16.00,1838.08,,
9732,09/16/2021 12:14:37,15.87,1582.72,,
9733,09/16/2021 12:24:37,16.17,1733.76,,
9734,09/16/2021 12:34:37,16.30,1851.52,,
9735,09/16/2021 12:44:37,16.43,1237.76,,
9736,09/16/2021 12:54:37,16.69,1841.28,,
9737,09/16/2021 13:04:37,16.94,1905.92,,
9738,09/16/2021 13:14:37,16.94,1642.88,,
9739,09/16/2021 13:24:37,17.07,1776.00,,
9740,09/16/2021 13:34:37,17.07,1800.32,,
9741,09/16/2021 13:44:37,16.94,1731.20,,
9742,09/16/2021 13:54:37,16.99,1690.88,,
9743,09/16/2021 14:04:37,17.07,1388.16,,
9744,09/16/2021 14:14:37,16.94,1548.16,,
9745,09/16/2021 14:24:37,16.90,1512.96,,
9746,09/16/2021 14:34:37,16.99,1533.44,,
9747,09/16/2021 14:44:37,17.03,1640.96,,
9748,09/16/2021 14:54:37,17.33,1650.56,,
9749,09/16/2021 15:04:37,17.59,1707.52,,
9750,09/16/2021 15:14:37,17.59,1742.08,,
9751,09/16/2021 15:24:37,17.59,1861.76,,
9752,09/16/2021 15:34:37,17.54,1856.64,,
9753,09/16/2021 15:44:37,17.50,1900.80,,
9754,09/16/2021 15:54:37,17.54,2055.04,,
9755,09/16/2021 16:04:37,17.54,2077.44,,
9756,09/16/2021 16:14:37,17.63,2140.16,,
9757,09/16/2021 16:24:37,17.59,2184.96,,
9758,09/16/2021 16:34:37,17.76,2299.52,,
9759,09/16/2021 16:44:37,17.72,2190.08,,
9760,09/16/2021 16:54:37,17.46,2353.92,,
9761,09/16/2021 17:04:37,16.94,2379.52,,
9762,09/16/2021 17:14:37,16.60,2347.52,,
9763,09/16/2021 17:24:37,16.13,2320.00,,
9764,09/16/2021 17:34:37,16.34,2478.72,,
9765,09/16/2021 17:44:37,16.00,2176.64,,
9766,09/16/2021 17:54:37,15.78,2083.84,,
9767,09/16/2021 18:04:37,15.53,1866.88,,
9768,09/16/2021 18:14:37,15.23,480.00,,
9769,09/16/2021 18:24:37,14.80,338.24,,
9770,09/16/2021 18:34:37,14.58,191.92,,
9771,09/16/2021 18:44:37,14.50,85.60,,
9772,09/16/2021 18:54:37,14.50,46.18,,
9773,09/16/2021 19:04:37,14.41,22.57,,
9774,09/16/2021 19:14:37,14.37,10.47,,
9775,09/16/2021 19:24:37,14.20,2.56,,
9776,09/16/2021 19:34:37,14.20,0.00,,
9777,09/16/2021 19:44:37,14.41,0.00,,
9778,09/16/2021 19:54:37,14.45,0.00,,
9779,09/16/2021 20:04:37,14.24,0.00,,
9780,09/16/2021 20:14:37,14.37,0.00,,
9781,09/16/2021 20:24:37,14.28,0.00,,
9782,09/16/2021 20:34:37,14.11,0.00,,
9783,09/16/2021 20:44:37,13.90,0.00,,
9784,09/16/2021 20:54:37,14.15,0.00,,
9785,09/16/2021 21:04:37,13.98,0.00,,
9786,09/16/2021 21:14:37,13.73,0.00,,
9787,09/16/2021 21:24:37,13.64,0.00,,
9788,09/16/2021 21:34:37,13.68,0.00,,
9789,09/16/2021 21:44:37,13.51,0.00,,
9790,09/16/2021 21:54:37,13.30,0.00,,
9791,09/16/2021 22:04:37,13.30,0.00,,
9792,09/16/2021 22:14:37,13.25,0.00,,
9793,09/16/2021 22:24:37,13.21,0.00,,
9794,09/16/2021 22:34:37,13.12,0.00,,
9795,09/16/2021 22:44:37,13.08,0.00,,
9796,09/16/2021 22:54:37,13.00,0.00,,
9797,09/16/2021 23:04:37,13.21,0.00,,
9798,09/16/2021 23:14:37,13.30,0.00,,
9799,09/16/2021 23:24:37,13.34,0.00,,
9800,09/16/2021 23:34:37,13.30,0.00,,
9801,09/16/2021 23:44:37,13.30,0.00,,
9802,09/16/2021 23:54:37,13.34,0.00,,
9803,09/17/2021 00:04:37,13.34,0.00,,
9804,09/17/2021 00:14:37,13.34,0.00,,
9805,09/17/2021 00:24:37,13.30,0.00,,
9806,09/17/2021 00:34:37,13.25,0.00,,
9807,09/17/2021 00:44:37,13.21,0.00,,
9808,09/17/2021 00:54:37,13.17,0.00,,
9809,09/17/2021 01:04:37,13.21,0.00,,
9810,09/17/2021 01:14:37,13.25,0.00,,
9811,09/17/2021 01:24:37,13.21,0.00,,
9812,09/17/2021 01:34:37,13.25,0.00,,
9813,09/17/2021 01:44:37,13.34,0.00,,
9814,09/17/2021 01:54:37,13.30,0.00,,
9815,09/17/2021 02:04:37,13.21,0.00,,
9816,09/17/2021 02:14:37,13.21,0.00,,
9817,09/17/2021 02:24:37,13.30,0.00,,
9818,09/17/2021 02:34:37,13.25,0.00,,
9819,09/17/2021 02:44:37,13.08,0.00,,
9820,09/17/2021 02:54:37,13.04,0.00,,
9821,09/17/2021 03:04:37,13.04,0.00,,
9822,09/17/2021 03:14:37,13.04,0.00,,
9823,09/17/2021 03:24:37,13.04,0.00,,
9824,09/17/2021 03:34:37,13.00,0.00,,
9825,09/17/2021 03:44:37,12.95,0.00,,
9826,09/17/2021 03:54:37,12.91,0.00,,
9827,09/17/2021 04:04:37,12.87,0.00,,
9828,09/17/2021 04:14:37,12.87,0.00,,
9829,09/17/2021 04:24:37,12.91,0.00,,
9830,09/17/2021 04:34:37,12.91,0.00,,
9831,09/17/2021 04:44:37,12.95,0.00,,
9832,09/17/2021 04:54:37,13.00,0.00,,
9833,09/17/2021 05:04:37,13.17,0.00,,
9834,09/17/2021 05:14:37,13.17,0.00,,
9835,09/17/2021 05:24:37,13.08,0.00,,
9836,09/17/2021 05:34:37,13.12,0.00,,
9837,09/17/2021 05:44:37,13.12,0.00,,
9838,09/17/2021 05:54:37,13.17,0.00,,
9839,09/17/2021 06:04:37,13.12,0.00,,
9840,09/17/2021 06:14:37,13.12,0.00,,
9841,09/17/2021 06:24:37,13.21,0.00,,
9842,09/17/2021 06:34:37,13.25,0.00,,
9843,09/17/2021 06:44:37,13.25,0.64,,
9844,09/17/2021 06:54:37,13.21,5.77,,
9845,09/17/2021 07:04:37,13.30,14.61,,
9846,09/17/2021 07:14:37,13.43,27.73,,
9847,09/17/2021 07:24:37,13.25,51.98,,
9848,09/17/2021 07:34:37,13.17,80.84,,
9849,09/17/2021 07:44:37,13.17,104.48,,
9850,09/17/2021 07:54:37,13.25,128.20,,
9851,09/17/2021 08:04:37,13.34,156.52,,
9852,09/17/2021 08:14:37,13.38,190.08,,
9853,09/17/2021 08:24:37,13.38,240.80,,
9854,09/17/2021 08:34:37,13.55,269.28,,
9855,09/17/2021 08:44:37,13.73,302.00,,
9856,09/17/2021 08:54:37,13.81,328.64,,
9857,09/17/2021 09:04:37,13.90,352.64,,
9858,09/17/2021 09:14:37,14.15,414.56,,
9859,09/17/2021 09:24:37,14.28,508.64,,
9860,09/17/2021 09:34:37,14.37,552.16,,
9861,09/17/2021 09:44:37,14.71,561.60,,
9862,09/17/2021 09:54:37,14.88,577.44,,
9863,09/17/2021 10:04:37,14.84,621.92,,
9864,09/17/2021 10:14:37,14.93,717.44,,
9865,09/17/2021 10:24:37,15.06,839.36,,
9866,09/17/2021 10:34:37,15.10,882.88,,
9867,09/17/2021 10:44:37,15.31,1015.36,,
9868,09/17/2021 10:54:37,15.61,1288.32,,
9869,09/17/2021 11:04:37,15.96,1442.56,,
9870,09/17/2021 11:14:37,16.04,1596.80,,
9871,09/17/2021 11:24:37,16.00,1863.68,,
9872,09/17/2021 11:34:37,16.17,1749.12,,
9873,09/17/2021 11:44:37,16.26,1706.24,,
9874,09/17/2021 11:54:37,16.34,1655.04,,
9875,09/17/2021 12:04:37,16.64,1564.80,,
9876,09/17/2021 12:14:37,17.16,1517.44,,
9877,09/17/2021 12:24:37,17.29,1488.00,,
9878,09/17/2021 12:34:37,17.46,1489.92,,
9879,09/17/2021 12:44:37,17.59,1441.28,,
9880,09/17/2021 12:54:37,18.02,1380.48,,
9881,09/17/2021 13:04:37,18.36,1384.96,,
9882,09/17/2021 13:14:37,18.44,1383.04,,
9883,09/17/2021 13:24:37,18.57,1408.00,,
9884,09/17/2021 13:34:37,18.79,1421.44,,
9885,09/17/2021 13:44:37,18.79,1449.60,,
9886,09/17/2021 13:54:37,18.70,1441.28,,
9887,09/17/2021 14:04:37,18.62,1444.48,,
9888,09/17/2021 14:14:37,18.49,1493.12,,
9889,09/17/2021 14:24:37,18.44,1490.56,,
9890,09/17/2021 14:34:37,18.44,1566.08,,
9891,09/17/2021 14:44:37,18.40,1623.04,,
9892,09/17/2021 14:54:37,18.53,1693.44,,
9893,09/17/2021 15:04:37,18.23,1738.88,,
9894,09/17/2021 15:14:37,18.02,1803.52,,
9895,09/17/2021 15:24:37,17.84,1890.56,,
9896,09/17/2021 15:34:37,17.89,1926.40,,
9897,09/17/2021 15:44:37,17.59,1904.64,,
9898,09/17/2021 15:54:37,17.29,1993.60,,
9899,09/17/2021 16:04:37,16.99,2044.80,,
9900,09/17/2021 16:14:37,16.90,2042.88,,
9901,09/17/2021 16:24:37,16.81,2147.20,,
9902,09/17/2021 16:34:37,16.73,2225.92,,
9903,09/17/2021 16:44:37,16.73,2238.08,,
9904,09/17/2021 16:54:37,16.64,2421.12,,
9905,09/17/2021 17:04:37,16.60,2287.36,,
9906,09/17/2021 17:14:37,16.17,823.04,,
9907,09/17/2021 17:24:37,15.66,597.12,,
9908,09/17/2021 17:34:37,15.57,460.32,,
9909,09/17/2021 17:44:37,15.36,377.60,,
9910,09/17/2021 17:54:37,15.27,303.68,,
9911,09/17/2021 18:04:37,15.27,216.08,,
9912,09/17/2021 18:14:37,15.14,129.08,,
9913,09/17/2021 18:24:37,15.01,87.72,,
9914,09/17/2021 18:34:37,14.84,59.08,,
9915,09/17/2021 18:44:37,14.80,41.48,,
9916,09/17/2021 18:54:37,14.84,25.80,,
9917,09/17/2021 19:04:37,14.63,15.46,,
9918,09/17/2021 19:14:37,14.63,6.01,,
9919,09/17/2021 19:24:37,14.45,1.06,,
9920,09/17/2021 19:34:37,14.54,0.00,,
9921,09/17/2021 19:44:37,14.58,0.00,,
9922,09/17/2021 19:54:37,14.50,0.00,,
9923,09/17/2021 20:04:37,14.41,0.00,,
9924,09/17/2021 20:14:37,14.41,0.00,,
9925,09/17/2021 20:24:37,14.58,0.00,,
9926,09/17/2021 20:34:37,14.63,0.00,,
9927,09/17/2021 20:44:37,14.58,0.00,,
9928,09/17/2021 20:54:37,14.75,0.00,,
9929,09/17/2021 21:04:37,14.63,0.00,,
9930,09/17/2021 21:14:37,14.75,0.00,,
9931,09/17/2021 21:24:37,14.88,0.00,,
9932,09/17/2021 21:34:37,14.93,0.00,,
9933,09/17/2021 21:44:37,14.80,0.00,,
9934,09/17/2021 21:54:37,14.97,0.00,,
9935,09/17/2021 22:04:37,15.01,0.00,,
9936,09/17/2021 22:14:37,14.88,0.00,,
9937,09/17/2021 22:24:37,14.63,0.00,,
9938,09/17/2021 22:34:37,14.45,0.00,,
9939,09/17/2021 22:44:37,14.58,0.00,,
9940,09/17/2021 22:54:37,14.50,0.00,,
9941,09/17/2021 23:04:37,14.37,0.00,,
9942,09/17/2021 23:14:37,14.24,0.00,,
9943,09/17/2021 23:24:37,14.20,0.00,,
9944,09/17/2021 23:34:37,14.37,0.00,,
9945,09/17/2021 23:44:37,14.41,0.00,,
9946,09/17/2021 23:54:37,14.41,0.00,,
9947,09/18/2021 00:04:37,14.24,0.00,,
9948,09/18/2021 00:14:37,14.24,0.00,,
9949,09/18/2021 00:24:37,14.33,0.00,,
9950,09/18/2021 00:34:37,14.20,0.00,,
9951,09/18/2021 00:44:37,14.24,0.00,,
9952,09/18/2021 00:54:37,14.24,0.00,,
9953,09/18/2021 01:04:37,14.33,0.00,,
9954,09/18/2021 01:14:37,14.33,0.00,,
9955,09/18/2021 01:24:37,14.20,0.00,,
9956,09/18/2021 01:34:37,14.15,0.00,,
9957,09/18/2021 01:44:37,14.15,0.00,,
9958,09/18/2021 01:54:37,14.15,0.00,,
9959,09/18/2021 02:04:37,14.15,0.00,,
9960,09/18/2021 02:14:37,14.20,0.00,,
9961,09/18/2021 02:24:37,14.28,0.00,,
9962,09/18/2021 02:34:37,14.11,0.00,,
9963,09/18/2021 02:44:37,13.94,0.00,,
9964,09/18/2021 02:54:37,13.81,0.00,,
9965,09/18/2021 03:04:37,13.60,0.00,,
9966,09/18/2021 03:14:37,13.64,0.00,,
9967,09/18/2021 03:24:37,13.77,0.00,,
9968,09/18/2021 03:34:37,13.81,0.00,,
9969,09/18/2021 03:44:37,13.90,0.00,,
9970,09/18/2021 03:54:37,13.98,0.00,,
9971,09/18/2021 04:04:37,14.07,0.00,,
9972,09/18/2021 04:14:37,14.07,0.00,,
9973,09/18/2021 04:24:37,14.15,0.00,,
9974,09/18/2021 04:34:37,14.11,0.00,,
9975,09/18/2021 04:44:37,14.20,0.00,,
9976,09/18/2021 04:54:37,14.11,0.00,,
9977,09/18/2021 05:04:37,13.90,0.00,,
9978,09/18/2021 05:14:37,13.90,0.00,,
9979,09/18/2021 05:24:37,13.85,0.00,,
9980,09/18/2021 05:34:37,13.81,0.00,,
9981,09/18/2021 05:44:37,13.77,0.00,,
9982,09/18/2021 05:54:37,13.77,0.00,,
9983,09/18/2021 06:04:37,13.68,0.00,,
9984,09/18/2021 06:14:37,13.64,0.00,,
9985,09/18/2021 06:24:37,13.64,0.00,,
9986,09/18/2021 06:34:37,13.60,0.00,,
9987,09/18/2021 06:44:37,13.60,0.64,,
9988,09/18/2021 06:54:37,13.64,6.01,,
9989,09/18/2021 07:04:37,13.81,14.82,,
9990,09/18/2021 07:14:37,13.85,25.80,,
9991,09/18/2021 07:24:37,13.98,47.06,,
9992,09/18/2021 07:34:37,14.20,65.40,,
9993,09/18/2021 07:44:37,14.33,75.28,,
9994,09/18/2021 07:54:37,14.45,125.64,,
9995,09/18/2021 08:04:37,14.50,161.76,,
9996,09/18/2021 08:14:37,14.71,264.16,,
9997,09/18/2021 08:24:37,14.80,291.60,,
9998,09/18/2021 08:34:37,14.88,245.12,,
9999,09/18/2021 08:44:37,15.01,218.64,,
10000,09/18/2021 08:54:37,15.14,272.72,,
10001,09/18/2021 09:04:37,15.23,319.28,,
10002,09/18/2021 09:14:37,15.27,399.20,,
10003,09/18/2021 09:24:37,15.31,374.24,,
10004,09/18/2021 09:34:37,15.31,329.44,,
10005,09/18/2021 09:44:37,15.48,397.44,,
10006,09/18/2021 09:54:37,15.53,350.88,,
10007,09/18/2021 10:04:37,15.61,453.28,,
10008,09/18/2021 10:14:37,15.83,645.44,,
10009,09/18/2021 10:24:37,15.91,700.16,,
10010,09/18/2021 10:34:37,15.91,693.12,,
10011,09/18/2021 10:44:37,16.17,992.32,,
10012,09/18/2021 10:54:37,16.21,817.28,,
10013,09/18/2021 11:04:37,16.26,741.44,,
10014,09/18/2021 11:14:37,16.17,744.96,,
10015,09/18/2021 11:24:37,16.21,1111.36,,
10016,09/18/2021 11:34:37,16.17,776.64,,
10017,09/18/2021 11:44:37,16.21,1031.04,,
10018,09/18/2021 11:54:37,16.34,986.56,,
10019,09/18/2021 12:04:37,16.43,1139.52,,
10020,09/18/2021 12:14:37,16.56,981.44,,
10021,09/18/2021 12:24:37,16.69,1008.64,,
10022,09/18/2021 12:34:37,16.90,1035.20,,
10023,09/18/2021 12:44:37,17.11,1119.68,,
10024,09/18/2021 12:54:37,17.24,1234.24,,
10025,09/18/2021 13:04:37,17.54,1372.16,,
10026,09/18/2021 13:14:37,17.63,1444.48,,
10027,09/18/2021 13:24:37,17.93,1974.40,,
10028,09/18/2021 13:34:37,17.84,1713.92,,
10029,09/18/2021 13:44:37,17.93,1981.44,,
10030,09/18/2021 13:54:37,18.10,1948.80,,
10031,09/18/2021 14:04:37,18.32,1943.68,,
10032,09/18/2021 14:14:37,18.02,2174.72,,
10033,09/18/2021 14:24:37,18.02,1719.68,,
10034,09/18/2021 14:34:37,17.97,1973.12,,
10035,09/18/2021 14:44:37,17.54,1236.16,,
10036,09/18/2021 14:54:37,17.37,1272.96,,
10037,09/18/2021 15:04:37,17.33,1096.64,,
10038,09/18/2021 15:14:37,17.46,1202.88,,
10039,09/18/2021 15:24:37,17.41,1107.84,,
10040,09/18/2021 15:34:37,17.07,705.28,,
10041,09/18/2021 15:44:37,16.86,611.68,,
10042,09/18/2021 15:54:37,16.64,469.76,,
10043,09/18/2021 16:04:37,16.73,492.00,,
10044,09/18/2021 16:14:37,16.73,541.92,,
10045,09/18/2021 16:24:37,16.99,723.52,,
10046,09/18/2021 16:34:37,17.16,623.52,,
10047,09/18/2021 16:44:37,17.29,787.20,,
10048,09/18/2021 16:54:37,17.29,454.08,,
10049,09/18/2021 17:04:37,17.33,453.28,,
10050,09/18/2021 17:14:37,17.33,338.08,,
10051,09/18/2021 17:24:37,17.33,339.68,,
10052,09/18/2021 17:34:37,17.29,299.28,,
10053,09/18/2021 17:44:37,17.20,240.00,,
10054,09/18/2021 17:54:37,17.29,274.40,,
10055,09/18/2021 18:04:37,17.41,141.16,,
10056,09/18/2021 18:14:37,17.37,146.28,,
10057,09/18/2021 18:24:37,17.41,124.80,,
10058,09/18/2021 18:34:37,17.33,66.68,,
10059,09/18/2021 18:44:37,17.37,34.41,,
10060,09/18/2021 18:54:37,17.29,16.08,,
10061,09/18/2021 19:04:37,17.29,20.99,,
10062,09/18/2021 19:14:37,17.29,9.21,,
10063,09/18/2021 19:24:37,17.29,1.73,,
10064,09/18/2021 19:34:37,17.33,0.00,,
10065,09/18/2021 19:44:37,17.03,0.00,,
10066,09/18/2021 19:54:37,17.20,0.00,,
10067,09/18/2021 20:04:37,17.29,0.00,,
10068,09/18/2021 20:14:37,17.24,0.00,,
10069,09/18/2021 20:24:37,17.33,0.00,,
10070,09/18/2021 20:34:37,17.37,0.00,,
10071,09/18/2021 20:44:37,17.41,0.00,,
10072,09/18/2021 20:54:37,17.37,0.00,,
10073,09/18/2021 21:04:37,17.29,0.00,,
10074,09/18/2021 21:14:37,17.33,0.00,,
10075,09/18/2021 21:24:37,17.33,0.00,,
10076,09/18/2021 21:34:37,17.41,0.00,,
10077,09/18/2021 21:44:37,17.59,0.00,,
10078,09/18/2021 21:54:37,17.63,0.00,,
10079,09/18/2021 22:04:37,17.67,0.00,,
10080,09/18/2021 22:14:37,17.84,0.00,,
10081,09/18/2021 22:24:37,17.67,0.00,,
10082,09/18/2021 22:34:37,17.63,0.00,,
10083,09/18/2021 22:44:37,17.67,0.00,,
10084,09/18/2021 22:54:37,17.80,0.00,,
10085,09/18/2021 23:04:37,17.67,0.00,,
10086,09/18/2021 23:14:37,17.46,0.00,,
10087,09/18/2021 23:24:37,17.37,0.00,,
10088,09/18/2021 23:34:37,17.37,0.00,,
10089,09/18/2021 23:44:37,17.07,0.00,,
10090,09/18/2021 23:54:37,16.99,0.00,,
10091,09/19/2021 00:04:37,16.90,0.00,,
10092,09/19/2021 00:14:37,16.94,0.00,,
10093,09/19/2021 00:24:37,16.90,0.00,,
10094,09/19/2021 00:34:37,16.99,0.00,,
10095,09/19/2021 00:44:37,16.47,0.00,,
10096,09/19/2021 00:54:37,16.21,0.00,,
10097,09/19/2021 01:04:37,15.83,0.00,,
10098,09/19/2021 01:14:37,15.61,0.00,,
10099,09/19/2021 01:24:37,15.57,0.00,,
10100,09/19/2021 01:34:37,15.66,0.00,,
10101,09/19/2021 01:44:37,15.31,0.00,,
10102,09/19/2021 01:54:37,15.23,0.00,,
10103,09/19/2021 02:04:37,15.18,0.00,,
10104,09/19/2021 02:14:37,15.18,0.00,,
10105,09/19/2021 02:24:37,15.23,0.00,,
10106,09/19/2021 02:34:37,14.97,0.00,,
10107,09/19/2021 02:44:37,14.97,0.00,,
10108,09/19/2021 02:54:37,14.88,0.00,,
10109,09/19/2021 03:04:37,14.84,0.00,,
10110,09/19/2021 03:14:37,14.84,0.00,,
10111,09/19/2021 03:24:37,14.80,0.00,,
10112,09/19/2021 03:34:37,14.97,0.00,,
10113,09/19/2021 03:44:37,14.93,0.00,,
10114,09/19/2021 03:54:37,14.84,0.00,,
10115,09/19/2021 04:04:37,14.88,0.00,,
10116,09/19/2021 04:14:37,14.88,0.00,,
10117,09/19/2021 04:24:37,15.10,0.00,,
10118,09/19/2021 04:34:37,14.93,0.00,,
10119,09/19/2021 04:44:37,15.18,0.00,,
10120,09/19/2021 04:54:37,15.18,0.00,,
10121,09/19/2021 05:04:37,15.31,0.00,,
10122,09/19/2021 05:14:37,15.27,0.00,,
10123,09/19/2021 05:24:37,15.23,0.00,,
10124,09/19/2021 05:34:37,15.40,0.00,,
10125,09/19/2021 05:44:37,15.36,0.00,,
10126,09/19/2021 05:54:37,15.27,0.00,,
10127,09/19/2021 06:04:37,15.36,0.00,,
10128,09/19/2021 06:14:37,15.44,0.00,,
10129,09/19/2021 06:24:37,15.40,0.00,,
10130,09/19/2021 06:34:37,14.75,0.00,,
10131,09/19/2021 06:44:37,14.50,4.06,,
10132,09/19/2021 06:54:37,14.54,18.94,,
10133,09/19/2021 07:04:37,13.85,56.54,,
10134,09/19/2021 07:14:37,13.47,113.08,,
10135,09/19/2021 07:24:37,13.25,174.56,,
10136,09/19/2021 07:34:37,13.17,240.00,,
10137,09/19/2021 07:44:37,13.51,891.52,,
10138,09/19/2021 07:54:37,14.28,1180.48,,
10139,09/19/2021 08:04:37,14.28,1338.24,,
10140,09/19/2021 08:14:37,15.18,1488.00,,
10141,09/19/2021 08:24:37,15.53,1952.64,,
10142,09/19/2021 08:34:37,15.91,2000.00,,
10143,09/19/2021 08:44:37,16.34,837.76,,
10144,09/19/2021 08:54:37,16.13,2077.44,,
10145,09/19/2021 09:04:37,16.04,1012.80,,
10146,09/19/2021 09:14:37,16.04,1046.40,,
10147,09/19/2021 09:24:37,16.21,2012.16,,
10148,09/19/2021 09:34:37,16.39,960.64,,
10149,09/19/2021 09:44:37,16.34,1953.92,,
10150,09/19/2021 09:54:37,16.43,2277.12,,
10151,09/19/2021 10:04:37,16.43,2092.80,,
10152,09/19/2021 10:14:37,16.69,1829.12,,
10153,09/19/2021 10:24:37,16.73,1933.44,,
10154,09/19/2021 10:34:37,16.94,1912.96,,
10155,09/19/2021 10:44:37,17.37,1709.44,,
10156,09/19/2021 10:54:37,17.46,1702.40,,
10157,09/19/2021 11:04:37,17.11,1813.76,,
10158,09/19/2021 11:14:37,16.90,1589.12,,
10159,09/19/2021 11:24:37,16.64,1220.80,,
10160,09/19/2021 11:34:37,16.60,1116.48,,
10161,09/19/2021 11:44:37,16.77,1528.32,,
10162,09/19/2021 11:54:37,16.86,1129.92,,
10163,09/19/2021 12:04:37,16.86,1208.64,,
10164,09/19/2021 12:14:37,16.86,1475.20,,
10165,09/19/2021 12:24:37,16.73,1470.72,,
10166,09/19/2021 12:34:37,16.39,1084.80,,
10167,09/19/2021 12:44:37,16.34,983.04,,
10168,09/19/2021 12:54:37,16.51,727.68,,
10169,09/19/2021 13:04:37,16.39,710.40,,
10170,09/19/2021 13:14:37,16.39,1255.68,,
10171,09/19/2021 13:24:37,16.51,1315.20,,
10172,09/19/2021 13:34:37,16.69,1289.92,,
10173,09/19/2021 13:44:37,16.77,1926.40,,
10174,09/19/2021 13:54:37,16.73,1702.40,,
10175,09/19/2021 14:04:37,16.64,1589.76,,
10176,09/19/2021 14:14:37,16.64,1776.00,,
10177,09/19/2021 14:24:37,16.39,1844.48,,
10178,09/19/2021 14:34:37,16.56,1831.04,,
10179,09/19/2021 14:44:37,16.47,2068.48,,
10180,09/19/2021 14:54:37,16.39,1224.96,,
10181,09/19/2021 15:04:37,16.34,1450.24,,
10182,09/19/2021 15:14:37,16.43,1558.40,,
10183,09/19/2021 15:24:37,16.51,1348.48,,
10184,09/19/2021 15:34:37,16.60,2172.80,,
10185,09/19/2021 15:44:37,16.60,2318.08,,
10186,09/19/2021 15:54:37,16.69,2325.12,,
10187,09/19/2021 16:04:37,16.51,2318.08,,
10188,09/19/2021 16:14:37,16.39,1273.60,,
10189,09/19/2021 16:24:37,16.43,2468.48,,
10190,09/19/2021 16:34:37,16.17,1085.76,,
10191,09/19/2021 16:44:37,15.96,2557.44,,
10192,09/19/2021 16:54:37,16.26,1436.80,,
10193,09/19/2021 17:04:37,15.78,1046.40,,
10194,09/19/2021 17:14:37,15.70,633.92,,
10195,09/19/2021 17:24:37,15.70,1128.32,,
10196,09/19/2021 17:34:37,15.91,2253.44,,
10197,09/19/2021 17:44:37,15.87,2453.12,,
10198,09/19/2021 17:54:37,15.96,2408.96,,
10199,09/19/2021 18:04:37,15.87,1897.60,,
10200,09/19/2021 18:14:37,15.96,1880.32,,
10201,09/19/2021 18:24:37,15.74,1153.92,,
10202,09/19/2021 18:34:37,15.40,257.12,,
10203,09/19/2021 18:44:37,15.40,189.12,,
10204,09/19/2021 18:54:37,15.66,148.96,,
10205,09/19/2021 19:04:37,15.74,85.20,,
10206,09/19/2021 19:14:37,15.83,33.76,,
10207,09/19/2021 19:24:37,16.08,8.38,,
10208,09/19/2021 19:34:37,16.21,0.85,,
10209,09/19/2021 19:44:37,16.47,0.00,,
10210,09/19/2021 19:54:37,16.34,0.00,,
10211,09/19/2021 20:04:37,16.43,0.00,,
10212,09/19/2021 20:14:37,16.64,0.00,,
10213,09/19/2021 20:24:37,16.56,0.00,,
10214,09/19/2021 20:34:37,16.47,0.00,,
10215,09/19/2021 20:44:37,16.34,0.00,,
10216,09/19/2021 20:54:37,16.51,0.00,,
10217,09/19/2021 21:04:37,16.56,0.00,,
10218,09/19/2021 21:14:37,16.43,0.00,,
10219,09/19/2021 21:24:37,16.30,0.00,,
10220,09/19/2021 21:34:37,15.91,0.00,,
10221,09/19/2021 21:44:37,14.84,0.00,,
10222,09/19/2021 21:54:37,14.67,0.00,,
10223,09/19/2021 22:04:37,13.98,0.00,,
10224,09/19/2021 22:14:37,13.55,0.00,,
10225,09/19/2021 22:24:37,13.38,0.00,,
10226,09/19/2021 22:34:37,13.30,0.00,,
10227,09/19/2021 22:44:37,13.21,0.00,,
10228,09/19/2021 22:54:37,12.95,0.00,,
10229,09/19/2021 23:04:37,13.04,0.00,,
10230,09/19/2021 23:14:37,13.17,0.00,,
10231,09/19/2021 23:24:37,12.74,0.00,,
10232,09/19/2021 23:34:37,12.61,0.00,,
10233,09/19/2021 23:44:37,12.74,0.00,,
10234,09/19/2021 23:54:37,12.57,0.00,,
10235,09/20/2021 00:04:37,12.48,0.00,,
10236,09/20/2021 00:14:37,12.22,0.00,,
10237,09/20/2021 00:24:37,12.31,0.00,,
10238,09/20/2021 00:34:37,12.44,0.00,,
10239,09/20/2021 00:44:37,12.31,0.00,,
10240,09/20/2021 00:54:37,12.10,0.00,,
10241,09/20/2021 01:04:37,11.67,0.00,,
10242,09/20/2021 01:14:37,11.58,0.00,,
10243,09/20/2021 01:24:37,11.45,0.00,,
10244,09/20/2021 01:34:37,11.71,0.00,,
10245,09/20/2021 01:44:37,11.79,0.00,,
10246,09/20/2021 01:54:37,11.84,0.00,,
10247,09/20/2021 02:04:37,11.54,0.00,,
10248,09/20/2021 02:14:37,11.32,0.00,,
10249,09/20/2021 02:24:37,11.58,0.00,,
10250,09/20/2021 02:34:37,11.11,0.00,,
10251,09/20/2021 02:44:37,11.02,0.00,,
10252,09/20/2021 02:54:37,11.41,0.00,,
10253,09/20/2021 03:04:37,11.67,0.00,,
10254,09/20/2021 03:14:37,11.37,0.00,,
10255,09/20/2021 03:24:37,11.79,0.00,,
10256,09/20/2021 03:34:37,11.88,0.00,,
10257,09/20/2021 03:44:37,11.41,0.00,,
10258,09/20/2021 03:54:37,10.85,0.00,,
10259,09/20/2021 04:04:37,11.07,0.00,,
10260,09/20/2021 04:14:37,11.11,0.00,,
10261,09/20/2021 04:24:37,11.49,0.00,,
10262,09/20/2021 04:34:37,10.98,0.00,,
10263,09/20/2021 04:44:37,10.89,0.00,,
10264,09/20/2021 04:54:37,10.29,0.00,,
10265,09/20/2021 05:04:37,10.21,0.00,,
10266,09/20/2021 05:14:37,10.77,0.00,,
10267,09/20/2021 05:24:37,10.64,0.00,,
10268,09/20/2021 05:34:37,10.68,0.00,,
10269,09/20/2021 05:44:37,10.16,0.00,,
10270,09/20/2021 05:54:37,10.77,0.00,,
10271,09/20/2021 06:04:37,10.98,0.00,,
10272,09/20/2021 06:14:37,10.77,0.00,,
10273,09/20/2021 06:24:37,10.55,0.00,,
10274,09/20/2021 06:34:37,10.89,0.00,,
10275,09/20/2021 06:44:37,10.72,2.80,,
10276,09/20/2021 06:54:37,10.38,17.41,,
10277,09/20/2021 07:04:37,10.16,53.54,,
10278,09/20/2021 07:14:37,10.42,104.00,,
10279,09/20/2021 07:24:37,10.34,157.28,,
10280,09/20/2021 07:34:37,10.55,201.92,,
10281,09/20/2021 07:44:37,11.11,1006.08,,
10282,09/20/2021 07:54:37,10.68,1284.80,,
10283,09/20/2021 08:04:37,11.75,1675.52,,
10284,09/20/2021 08:14:37,12.31,1707.52,,
10285,09/20/2021 08:24:37,12.61,1658.88,,
10286,09/20/2021 08:34:37,12.78,1681.28,,
10287,09/20/2021 08:44:37,13.34,2212.48,,
10288,09/20/2021 08:54:37,13.77,2238.08,,
10289,09/20/2021 09:04:37,14.28,2292.48,,
10290,09/20/2021 09:14:37,15.06,2037.76,,
10291,09/20/2021 09:24:37,15.40,2128.64,,
10292,09/20/2021 09:34:37,16.04,1991.68,,
10293,09/20/2021 09:44:37,16.56,2162.56,,
10294,09/20/2021 09:54:37,17.20,2188.16,,
10295,09/20/2021 10:04:37,17.59,1902.72,,
10296,09/20/2021 10:14:37,17.76,1973.12,,
10297,09/20/2021 10:24:37,18.23,1825.92,,
10298,09/20/2021 10:34:37,18.92,1882.24,,
10299,09/20/2021 10:44:37,19.43,1808.64,,
10300,09/20/2021 10:54:37,19.73,1724.80,,
10301,09/20/2021 11:04:37,20.12,1676.16,,
10302,09/20/2021 11:14:37,20.80,1625.60,,
10303,09/20/2021 11:24:37,20.80,1548.16,,
10304,09/20/2021 11:34:37,20.89,1444.48,,
10305,09/20/2021 11:44:37,21.40,1401.60,,
10306,09/20/2021 11:54:37,21.83,1444.48,,
10307,09/20/2021 12:04:37,22.48,1425.92,,
10308,09/20/2021 12:14:37,22.43,1408.00,,
10309,09/20/2021 12:24:37,22.82,1277.12,,
10310,09/20/2021 12:34:37,22.73,1306.88,,
10311,09/20/2021 12:44:37,22.86,1104.32,,
10312,09/20/2021 12:54:37,22.52,1322.24,,
10313,09/20/2021 13:04:37,22.52,1142.08,,
10314,09/20/2021 13:14:37,22.43,1099.20,,
10315,09/20/2021 13:24:37,22.48,1188.16,,
10316,09/20/2021 13:34:37,22.52,1143.68,,
10317,09/20/2021 13:44:37,22.73,1195.84,,
10318,09/20/2021 13:54:37,22.91,1210.56,,
10319,09/20/2021 14:04:37,23.12,1167.68,,
10320,09/20/2021 14:14:37,23.29,1213.12,,
10321,09/20/2021 14:24:37,22.86,1194.24,,
10322,09/20/2021 14:34:37,23.34,1416.32,,
10323,09/20/2021 14:44:37,23.68,1411.84,,
10324,09/20/2021 14:54:37,23.72,1470.72,,
10325,09/20/2021 15:04:37,23.64,1502.08,,
10326,09/20/2021 15:14:37,23.68,1628.16,,
10327,09/20/2021 15:24:37,23.68,1623.04,,
10328,09/20/2021 15:34:37,23.81,1838.08,,
10329,09/20/2021 15:44:37,23.89,1880.32,,
10330,09/20/2021 15:54:37,23.89,2020.48,,
10331,09/20/2021 16:04:37,23.72,1952.64,,
10332,09/20/2021 16:14:37,23.21,2092.80,,
10333,09/20/2021 16:24:37,22.48,2224.00,,
10334,09/20/2021 16:34:37,22.48,2116.48,,
10335,09/20/2021 16:44:37,22.43,2373.12,,
10336,09/20/2021 16:54:37,22.31,2496.00,,
10337,09/20/2021 17:04:37,22.39,2853.12,,
10338,09/20/2021 17:14:37,22.65,2691.84,,
10339,09/20/2021 17:24:37,22.61,2868.48,,
10340,09/20/2021 17:34:37,22.56,2803.20,,
10341,09/20/2021 17:44:37,22.65,2960.64,,
10342,09/20/2021 17:54:37,22.73,2883.84,,
10343,09/20/2021 18:04:37,22.43,2863.36,,
10344,09/20/2021 18:14:37,22.18,2684.16,,
10345,09/20/2021 18:24:37,22.26,2383.36,,
10346,09/20/2021 18:34:37,21.92,1887.36,,
10347,09/20/2021 18:44:37,21.66,1224.96,,
10348,09/20/2021 18:54:37,21.10,157.40,,
10349,09/20/2021 19:04:37,20.93,84.28,,
10350,09/20/2021 19:14:37,20.68,31.84,,
10351,09/20/2021 19:24:37,19.17,8.14,,
10352,09/20/2021 19:34:37,17.84,0.85,,
10353,09/20/2021 19:44:37,17.29,0.00,,
10354,09/20/2021 19:54:37,16.43,0.00,,
10355,09/20/2021 20:04:37,15.61,0.00,,
10356,09/20/2021 20:14:37,15.57,0.00,,
10357,09/20/2021 20:24:37,15.57,0.00,,
10358,09/20/2021 20:34:37,15.61,0.00,,
10359,09/20/2021 20:44:37,14.84,0.00,,
10360,09/20/2021 20:54:37,14.67,0.00,,
10361,09/20/2021 21:04:37,14.93,0.00,,
10362,09/20/2021 21:14:37,14.93,0.00,,
10363,09/20/2021 21:24:37,14.84,0.00,,
10364,09/20/2021 21:34:37,14.15,0.00,,
10365,09/20/2021 21:44:37,14.24,0.00,,
10366,09/20/2021 21:54:37,14.33,0.00,,
10367,09/20/2021 22:04:37,14.93,0.00,,
10368,09/20/2021 22:14:37,13.85,0.00,,
10369,09/20/2021 22:24:37,13.98,0.00,,
10370,09/20/2021 22:34:37,15.01,0.00,,
10371,09/20/2021 22:44:37,14.03,0.00,,
10372,09/20/2021 22:54:37,13.68,0.00,,
10373,09/20/2021 23:04:37,14.37,0.00,,
10374,09/20/2021 23:14:37,14.58,0.00,,
10375,09/20/2021 23:24:37,14.28,0.00,,
10376,09/20/2021 23:34:37,14.50,0.00,,
10377,09/20/2021 23:44:37,14.54,0.00,,
10378,09/20/2021 23:54:37,14.11,0.00,,
10379,09/21/2021 00:04:37,14.07,0.00,,
10380,09/21/2021 00:14:37,14.07,0.00,,
10381,09/21/2021 00:24:37,14.50,0.00,,
10382,09/21/2021 00:34:37,13.98,0.00,,
10383,09/21/2021 00:44:37,13.25,0.00,,
10384,09/21/2021 00:54:37,13.81,0.00,,
10385,09/21/2021 01:04:37,13.30,0.00,,
10386,09/21/2021 01:14:37,12.65,0.00,,
10387,09/21/2021 01:24:37,12.87,0.00,,
10388,09/21/2021 01:34:37,12.57,0.00,,
10389,09/21/2021 01:44:37,12.70,0.00,,
10390,09/21/2021 01:54:37,12.91,0.00,,
10391,09/21/2021 02:04:37,13.00,0.00,,
10392,09/21/2021 02:14:37,13.04,0.00,,
10393,09/21/2021 02:24:37,11.41,0.00,,
10394,09/21/2021 02:34:37,11.67,0.00,,
10395,09/21/2021 02:44:37,11.54,0.00,,
10396,09/21/2021 02:54:37,10.85,0.00,,
10397,09/21/2021 03:04:37,10.77,0.00,,
10398,09/21/2021 03:14:37,11.11,0.00,,
10399,09/21/2021 03:24:37,12.40,0.00,,
10400,09/21/2021 03:34:37,12.01,0.00,,
10401,09/21/2021 03:44:37,11.49,0.00,,
10402,09/21/2021 03:54:37,10.51,0.00,,
10403,09/21/2021 04:04:37,11.79,0.00,,
10404,09/21/2021 04:14:37,12.22,0.00,,
10405,09/21/2021 04:24:37,11.41,0.00,,
10406,09/21/2021 04:34:37,12.05,0.00,,
10407,09/21/2021 04:44:37,12.14,0.00,,
10408,09/21/2021 04:54:37,12.35,0.00,,
10409,09/21/2021 05:04:37,12.22,0.00,,
10410,09/21/2021 05:14:37,12.27,0.00,,
10411,09/21/2021 05:24:37,12.14,0.00,,
10412,09/21/2021 05:34:37,12.10,0.00,,
10413,09/21/2021 05:44:37,12.18,0.00,,
10414,09/21/2021 05:54:37,12.40,0.00,,
10415,09/21/2021 06:04:37,11.97,0.00,,
10416,09/21/2021 06:14:37,11.79,0.00,,
10417,09/21/2021 06:24:37,11.97,0.00,,
10418,09/21/2021 06:34:37,11.84,0.00,,
10419,09/21/2021 06:44:37,12.31,2.35,,
10420,09/21/2021 06:54:37,12.18,13.33,,
10421,09/21/2021 07:04:37,12.31,40.84,,
10422,09/21/2021 07:14:37,12.40,86.48,,
10423,09/21/2021 07:24:37,12.48,149.72,,
10424,09/21/2021 07:34:37,12.78,219.44,,
10425,09/21/2021 07:44:37,13.43,557.28,,
10426,09/21/2021 07:54:37,13.73,754.88,,
10427,09/21/2021 08:04:37,14.11,1031.04,,
10428,09/21/2021 08:14:37,14.75,1104.32,,
10429,09/21/2021 08:24:37,15.44,1203.52,,
10430,09/21/2021 08:34:37,16.26,1248.00,,
10431,09/21/2021 08:44:37,17.07,1329.92,,
10432,09/21/2021 08:54:37,18.19,1645.44,,
10433,09/21/2021 09:04:37,19.65,1752.32,,
10434,09/21/2021 09:14:37,19.99,1732.48,,
10435,09/21/2021 09:24:37,20.07,1731.84,,
10436,09/21/2021 09:34:37,21.19,1777.92,,
10437,09/21/2021 09:44:37,22.26,1744.00,,
10438,09/21/2021 09:54:37,23.08,1800.32,,
10439,09/21/2021 10:04:37,23.68,1803.52,,
10440,09/21/2021 10:14:37,25.52,1805.44,,
10441,09/21/2021 10:24:37,26.94,1829.12,,
10442,09/21/2021 10:34:37,27.50,1784.96,,
10443,09/21/2021 10:44:37,27.71,1759.36,,
10444,09/21/2021 10:54:37,27.88,1843.20,,
10445,09/21/2021 11:04:37,28.74,1722.24,,
10446,09/21/2021 11:14:37,29.26,1621.76,,
10447,09/21/2021 11:24:37,29.81,1652.48,,
10448,09/21/2021 11:34:37,29.94,1688.32,,
10449,09/21/2021 11:44:37,29.60,1553.92,,
10450,09/21/2021 11:54:37,29.68,1587.20,,
10451,09/21/2021 12:04:37,29.68,1439.36,,
10452,09/21/2021 12:14:37,30.16,1548.80,,
10453,09/21/2021 12:24:37,30.03,1443.84,,
10454,09/21/2021 12:34:37,30.11,1398.40,,
10455,09/21/2021 12:44:37,29.98,1486.72,,
10456,09/21/2021 12:54:37,29.94,1388.80,,
10457,09/21/2021 13:04:37,29.98,1421.44,,
10458,09/21/2021 13:14:37,30.28,1404.16,,
10459,09/21/2021 13:24:37,29.94,1314.56,,
10460,09/21/2021 13:34:37,29.98,1358.08,,
10461,09/21/2021 13:44:37,30.63,1338.24,,
10462,09/21/2021 13:54:37,30.89,1352.96,,
10463,09/21/2021 14:04:37,30.97,1423.36,,
10464,09/21/2021 14:14:37,31.06,1433.60,,
10465,09/21/2021 14:24:37,31.27,1457.28,,
10466,09/21/2021 14:34:37,31.40,1497.60,,
10467,09/21/2021 14:44:37,30.59,1523.20,,
10468,09/21/2021 14:54:37,29.17,1571.84,,
10469,09/21/2021 15:04:37,29.13,1537.92,,
10470,09/21/2021 15:14:37,28.31,1594.88,,
10471,09/21/2021 15:24:37,28.78,1933.44,,
10472,09/21/2021 15:34:37,28.95,1676.80,,
10473,09/21/2021 15:44:37,28.35,1781.12,,
10474,09/21/2021 15:54:37,27.02,1918.08,,
10475,09/21/2021 16:04:37,27.45,2019.20,,
10476,09/21/2021 16:14:37,27.37,2094.08,,
10477,09/21/2021 16:24:37,28.01,2049.92,,
10478,09/21/2021 16:34:37,28.31,2008.96,,
10479,09/21/2021 16:44:37,28.78,1887.36,,
10480,09/21/2021 16:54:37,28.57,1931.52,,
10481,09/21/2021 17:04:37,28.78,2224.00,,
10482,09/21/2021 17:14:37,29.30,2312.96,,
10483,09/21/2021 17:24:37,29.04,2368.00,,
10484,09/21/2021 17:34:37,28.70,2347.52,,
10485,09/21/2021 17:44:37,28.48,2140.16,,
10486,09/21/2021 17:54:37,28.40,2119.68,,
10487,09/21/2021 18:04:37,28.10,1933.44,,
10488,09/21/2021 18:14:37,28.05,1531.52,,
10489,09/21/2021 18:24:37,26.60,1141.12,,
10490,09/21/2021 18:34:37,25.18,885.44,,
10491,09/21/2021 18:44:37,23.59,621.92,,
10492,09/21/2021 18:54:37,22.61,137.84,,
10493,09/21/2021 19:04:37,22.43,60.32,,
10494,09/21/2021 19:14:37,21.58,18.11,,
10495,09/21/2021 19:24:37,21.10,3.87,,
10496,09/21/2021 19:34:37,20.55,0.00,,
10497,09/21/2021 19:44:37,20.16,0.00,,
10498,09/21/2021 19:54:37,19.99,0.00,,
10499,09/21/2021 20:04:37,19.65,0.00,,
10500,09/21/2021 20:14:37,19.39,0.00,,
10501,09/21/2021 20:24:37,19.05,0.00,,
10502,09/21/2021 20:34:37,18.53,0.00,,
10503,09/21/2021 20:44:37,18.53,0.00,,
10504,09/21/2021 20:54:37,18.70,0.00,,
10505,09/21/2021 21:04:37,18.44,0.00,,
10506,09/21/2021 21:14:37,18.19,0.00,,
10507,09/21/2021 21:24:37,18.10,0.00,,
10508,09/21/2021 21:34:37,18.14,0.00,,
10509,09/21/2021 21:44:37,16.64,0.00,,
10510,09/21/2021 21:54:37,16.21,0.00,,
10511,09/21/2021 22:04:37,15.31,0.00,,
10512,09/21/2021 22:14:37,14.84,0.00,,
10513,09/21/2021 22:24:37,14.45,0.00,,
10514,09/21/2021 22:34:37,14.67,0.00,,
10515,09/21/2021 22:44:37,14.80,0.00,,
10516,09/21/2021 22:54:37,14.75,0.00,,
10517,09/21/2021 23:04:37,14.54,0.00,,
10518,09/21/2021 23:14:37,14.11,0.00,,
10519,09/21/2021 23:24:37,14.28,0.00,,
10520,09/21/2021 23:34:37,14.50,0.00,,
10521,09/21/2021 23:44:37,14.15,0.00,,
10522,09/21/2021 23:54:37,14.33,0.00,,
10523,09/22/2021 00:04:37,14.41,0.00,,
10524,09/22/2021 00:14:37,14.58,0.00,,
10525,09/22/2021 00:24:37,14.80,0.00,,
10526,09/22/2021 00:34:37,14.75,0.00,,
10527,09/22/2021 00:44:37,13.98,0.00,,
10528,09/22/2021 00:54:37,13.77,0.00,,
10529,09/22/2021 01:04:37,14.33,0.00,,
10530,09/22/2021 01:14:37,13.77,0.00,,
10531,09/22/2021 01:24:37,14.33,0.00,,
10532,09/22/2021 01:34:37,13.77,0.00,,
10533,09/22/2021 01:44:37,13.43,0.00,,
10534,09/22/2021 01:54:37,13.47,0.00,,
10535,09/22/2021 02:04:37,13.21,0.00,,
10536,09/22/2021 02:14:37,13.04,0.00,,
10537,09/22/2021 02:24:37,13.43,0.00,,
10538,09/22/2021 02:34:37,13.43,0.00,,
10539,09/22/2021 02:44:37,13.17,0.00,,
10540,09/22/2021 02:54:37,13.38,0.00,,
10541,09/22/2021 03:04:37,13.12,0.00,,
10542,09/22/2021 03:14:37,12.44,0.00,,
10543,09/22/2021 03:24:37,12.57,0.00,,
10544,09/22/2021 03:34:37,12.65,0.00,,
10545,09/22/2021 03:44:37,12.10,0.00,,
10546,09/22/2021 03:54:37,11.88,0.00,,
10547,09/22/2021 04:04:37,12.18,0.00,,
10548,09/22/2021 04:14:37,12.27,0.00,,
10549,09/22/2021 04:24:37,12.52,0.00,,
10550,09/22/2021 04:34:37,12.61,0.00,,
10551,09/22/2021 04:44:37,14.50,0.00,,
10552,09/22/2021 04:54:37,14.97,0.00,,
10553,09/22/2021 05:04:37,14.93,0.00,,
10554,09/22/2021 05:14:37,14.67,0.00,,
10555,09/22/2021 05:24:37,14.50,0.00,,
10556,09/22/2021 05:34:37,14.41,0.00,,
10557,09/22/2021 05:44:37,14.15,0.00,,
10558,09/22/2021 05:54:37,13.17,0.00,,
10559,09/22/2021 06:04:37,13.43,0.00,,
10560,09/22/2021 06:14:37,13.51,0.00,,
10561,09/22/2021 06:24:37,13.43,0.00,,
10562,09/22/2021 06:34:37,13.60,0.00,,
10563,09/22/2021 06:44:37,13.51,0.21,,
10564,09/22/2021 06:54:37,13.38,4.06,,
10565,09/22/2021 07:04:37,13.21,13.75,,
10566,09/22/2021 07:14:37,13.08,33.10,,
10567,09/22/2021 07:24:37,12.87,71.00,,
10568,09/22/2021 07:34:37,12.78,121.40,,
10569,09/22/2021 07:44:37,12.82,161.76,,
10570,09/22/2021 07:54:37,12.95,184.96,,
10571,09/22/2021 08:04:37,12.82,234.88,,
10572,09/22/2021 08:14:37,12.74,343.20,,
10573,09/22/2021 08:24:37,12.95,890.56,,
10574,09/22/2021 08:34:37,13.43,1525.12,,
10575,09/22/2021 08:44:37,14.11,1594.24,,
10576,09/22/2021 08:54:37,14.28,2113.28,,
10577,09/22/2021 09:04:37,14.58,1978.24,,
10578,09/22/2021 09:14:37,14.93,1968.00,,
10579,09/22/2021 09:24:37,15.53,2034.56,,
10580,09/22/2021 09:34:37,15.44,1895.68,,
10581,09/22/2021 09:44:37,15.44,1854.72,,
10582,09/22/2021 09:54:37,15.74,1808.64,,
10583,09/22/2021 10:04:37,16.04,1856.64,,
10584,09/22/2021 10:14:37,16.51,1897.60,,
10585,09/22/2021 10:24:37,16.73,1838.08,,
10586,09/22/2021 10:34:37,17.24,1816.96,,
10587,09/22/2021 10:44:37,18.06,1767.68,,
10588,09/22/2021 10:54:37,17.84,1706.88,,
10589,09/22/2021 11:04:37,17.59,1702.40,,
10590,09/22/2021 11:14:37,17.72,1587.20,,
10591,09/22/2021 11:24:37,17.84,1504.64,,
10592,09/22/2021 11:34:37,18.06,1569.92,,
10593,09/22/2021 11:44:37,17.89,1378.56,,
10594,09/22/2021 11:54:37,17.24,1450.24,,
10595,09/22/2021 12:04:37,17.03,1338.24,,
10596,09/22/2021 12:14:37,17.33,1470.08,,
10597,09/22/2021 12:24:37,17.72,1472.00,,
10598,09/22/2021 12:34:37,17.97,1375.36,,
10599,09/22/2021 12:44:37,18.10,1256.64,,
10600,09/22/2021 12:54:37,18.27,1363.84,,
10601,09/22/2021 13:04:37,18.66,1166.08,,
10602,09/22/2021 13:14:37,18.66,1248.00,,
10603,09/22/2021 13:24:37,19.05,1138.56,,
10604,09/22/2021 13:34:37,19.05,1124.16,,
10605,09/22/2021 13:44:37,19.17,1168.64,,
10606,09/22/2021 13:54:37,19.52,1498.24,,
10607,09/22/2021 14:04:37,19.82,1175.36,,
10608,09/22/2021 14:14:37,19.73,1260.16,,
10609,09/22/2021 14:24:37,19.73,1251.52,,
10610,09/22/2021 14:34:37,19.35,1355.52,,
10611,09/22/2021 14:44:37,19.05,1339.52,,
10612,09/22/2021 14:54:37,18.87,1497.60,,
10613,09/22/2021 15:04:37,18.70,1710.72,,
10614,09/22/2021 15:14:37,18.49,1627.52,,
10615,09/22/2021 15:24:37,18.36,1729.92,,
10616,09/22/2021 15:34:37,17.97,1769.60,,
10617,09/22/2021 15:44:37,17.67,1843.20,,
10618,09/22/2021 15:54:37,17.54,1909.76,,
10619,09/22/2021 16:04:37,16.81,1938.56,,
10620,09/22/2021 16:14:37,16.69,2014.08,,
10621,09/22/2021 16:24:37,16.47,2109.44,,
10622,09/22/2021 16:34:37,16.51,2371.20,,
10623,09/22/2021 16:44:37,16.60,2776.32,,
10624,09/22/2021 16:54:37,16.77,2899.20,,
10625,09/22/2021 17:04:37,17.16,2654.72,,
10626,09/22/2021 17:14:37,16.30,2060.16,,
10627,09/22/2021 17:24:37,15.18,361.12,,
10628,09/22/2021 17:34:37,14.97,242.56,,
10629,09/22/2021 17:44:37,14.54,160.92,,
10630,09/22/2021 17:54:37,14.41,130.80,,
10631,09/22/2021 18:04:37,14.37,123.84,,
10632,09/22/2021 18:14:37,14.41,119.56,,
10633,09/22/2021 18:24:37,14.33,77.84,,
10634,09/22/2021 18:34:37,14.24,83.48,,
10635,09/22/2021 18:44:37,14.41,52.68,,
10636,09/22/2021 18:54:37,14.20,25.16,,
10637,09/22/2021 19:04:37,14.28,12.26,,
10638,09/22/2021 19:14:37,14.07,3.84,,
10639,09/22/2021 19:24:37,13.94,0.64,,
10640,09/22/2021 19:34:37,13.98,0.00,,
10641,09/22/2021 19:44:37,13.90,0.00,,
10642,09/22/2021 19:54:37,13.55,0.00,,
10643,09/22/2021 20:04:37,13.77,0.00,,
10644,09/22/2021 20:14:37,13.81,0.00,,
10645,09/22/2021 20:24:37,13.81,0.00,,
10646,09/22/2021 20:34:37,13.55,0.00,,
10647,09/22/2021 20:44:37,13.68,0.00,,
10648,09/22/2021 20:54:37,13.60,0.00,,
10649,09/22/2021 21:04:37,13.68,0.00,,
10650,09/22/2021 21:14:37,13.68,0.00,,
10651,09/22/2021 21:24:37,13.55,0.00,,
10652,09/22/2021 21:34:37,13.68,0.00,,
10653,09/22/2021 21:44:37,13.73,0.00,,
10654,09/22/2021 21:54:37,13.64,0.00,,
10655,09/22/2021 22:04:37,13.55,0.00,,
10656,09/22/2021 22:14:37,13.55,0.00,,
10657,09/22/2021 22:24:37,13.60,0.00,,
10658,09/22/2021 22:34:37,13.38,0.00,,
10659,09/22/2021 22:44:37,13.47,0.00,,
10660,09/22/2021 22:54:37,13.43,0.00,,
10661,09/22/2021 23:04:37,13.55,0.00,,
10662,09/22/2021 23:14:37,13.43,0.00,,
10663,09/22/2021 23:24:37,13.38,0.00,,
10664,09/22/2021 23:34:37,13.47,0.00,,
10665,09/22/2021 23:44:37,13.47,0.00,,
10666,09/22/2021 23:54:37,13.38,0.00,,
10667,09/23/2021 00:04:37,13.38,0.00,,
10668,09/23/2021 00:14:37,13.34,0.00,,
10669,09/23/2021 00:24:37,13.17,0.00,,
10670,09/23/2021 00:34:37,13.00,0.00,,
10671,09/23/2021 00:44:37,13.00,0.00,,
10672,09/23/2021 00:54:37,12.87,0.00,,
10673,09/23/2021 01:04:37,12.70,0.00,,
10674,09/23/2021 01:14:37,12.82,0.00,,
10675,09/23/2021 01:24:37,12.87,0.00,,
10676,09/23/2021 01:34:37,12.70,0.00,,
10677,09/23/2021 01:44:37,12.74,0.00,,
10678,09/23/2021 01:54:37,12.70,0.00,,
10679,09/23/2021 02:04:37,12.65,0.00,,
10680,09/23/2021 02:14:37,12.70,0.00,,
10681,09/23/2021 02:24:37,12.70,0.00,,
10682,09/23/2021 02:34:37,12.61,0.00,,
10683,09/23/2021 02:44:37,12.40,0.00,,
10684,09/23/2021 02:54:37,12.35,0.00,,
10685,09/23/2021 03:04:37,12.31,0.00,,
10686,09/23/2021 03:14:37,11.97,0.00,,
10687,09/23/2021 03:24:37,12.01,0.00,,
10688,09/23/2021 03:34:37,11.88,0.00,,
10689,09/23/2021 03:44:37,11.84,0.00,,
10690,09/23/2021 03:54:37,11.97,0.00,,
10691,09/23/2021 04:04:37,12.01,0.00,,
10692,09/23/2021 04:14:37,12.05,0.00,,
10693,09/23/2021 04:24:37,11.97,0.00,,
10694,09/23/2021 04:34:37,12.05,0.00,,
10695,09/23/2021 04:44:37,11.84,0.00,,
10696,09/23/2021 04:54:37,11.62,0.00,,
10697,09/23/2021 05:04:37,11.62,0.00,,
10698,09/23/2021 05:14:37,11.54,0.00,,
10699,09/23/2021 05:24:37,11.45,0.00,,
10700,09/23/2021 05:34:37,11.37,0.00,,
10701,09/23/2021 05:44:37,11.37,0.00,,
10702,09/23/2021 05:54:37,11.45,0.00,,
10703,09/23/2021 06:04:37,11.24,0.00,,
10704,09/23/2021 06:14:37,10.94,0.00,,
10705,09/23/2021 06:24:37,10.89,0.00,,
10706,09/23/2021 06:34:37,10.89,0.00,,
10707,09/23/2021 06:44:37,10.89,0.00,,
10708,09/23/2021 06:54:37,10.85,2.35,,
10709,09/23/2021 07:04:37,10.81,8.60,,
10710,09/23/2021 07:14:37,10.72,20.19,,
10711,09/23/2021 07:24:37,10.55,36.52,,
10712,09/23/2021 07:34:37,10.68,59.14,,
10713,09/23/2021 07:44:37,10.81,78.26,,
10714,09/23/2021 07:54:37,10.94,122.24,,
10715,09/23/2021 08:04:37,11.02,149.72,,
10716,09/23/2021 08:14:37,11.07,144.56,,
10717,09/23/2021 08:24:37,11.24,186.64,,
10718,09/23/2021 08:34:37,11.54,197.84,,
10719,09/23/2021 08:44:37,11.84,242.56,,
10720,09/23/2021 08:54:37,12.05,285.60,,
10721,09/23/2021 09:04:37,12.18,312.40,,
10722,09/23/2021 09:14:37,12.40,330.40,,
10723,09/23/2021 09:24:37,12.40,383.52,,
10724,09/23/2021 09:34:37,12.40,504.16,,
10725,09/23/2021 09:44:37,12.44,694.08,,
10726,09/23/2021 09:54:37,12.65,777.92,,
10727,09/23/2021 10:04:37,13.00,900.80,,
10728,09/23/2021 10:14:37,13.21,803.52,,
10729,09/23/2021 10:24:37,13.43,1049.60,,
10730,09/23/2021 10:34:37,13.73,1213.76,,
10731,09/23/2021 10:44:37,14.03,1885.44,,
10732,09/23/2021 10:54:37,14.50,1844.48,,
10733,09/23/2021 11:04:37,14.84,1733.76,,
10734,09/23/2021 11:14:37,15.23,1675.52,,
10735,09/23/2021 11:24:37,15.66,1581.44,,
10736,09/23/2021 11:34:37,16.00,1713.92,,
10737,09/23/2021 11:44:37,16.51,1504.64,,
10738,09/23/2021 11:54:37,16.64,1787.52,,
10739,09/23/2021 12:04:37,16.47,1615.36,,
10740,09/23/2021 12:14:37,16.64,1410.56,,
10741,09/23/2021 12:24:37,16.90,1535.36,,
10742,09/23/2021 12:34:37,16.94,1360.64,,
10743,09/23/2021 12:44:37,16.90,1456.64,,
10744,09/23/2021 12:54:37,16.86,1372.16,,
10745,09/23/2021 13:04:37,17.03,1343.36,,
10746,09/23/2021 13:14:37,17.11,1329.28,,
10747,09/23/2021 13:24:37,17.54,1283.84,,
10748,09/23/2021 13:34:37,17.72,1317.76,,
10749,09/23/2021 13:44:37,17.76,1385.60,,
10750,09/23/2021 13:54:37,17.63,1274.56,,
10751,09/23/2021 14:04:37,17.63,1332.48,,
10752,09/23/2021 14:14:37,17.72,1393.92,,
10753,09/23/2021 14:24:37,17.76,1466.88,,
10754,09/23/2021 14:34:37,17.63,1498.24,,
10755,09/23/2021 14:44:37,17.46,1504.64,,
10756,09/23/2021 14:54:37,17.59,1573.76,,
10757,09/23/2021 15:04:37,17.37,1607.68,,
10758,09/23/2021 15:14:37,17.16,1783.04,,
10759,09/23/2021 15:24:37,16.90,1702.40,,
10760,09/23/2021 15:34:37,16.81,1829.12,,
10761,09/23/2021 15:44:37,16.81,1986.56,,
10762,09/23/2021 15:54:37,16.73,1853.44,,
10763,09/23/2021 16:04:37,16.69,1877.12,,
10764,09/23/2021 16:14:37,16.81,2338.56,,
10765,09/23/2021 16:24:37,16.86,2039.68,,
10766,09/23/2021 16:34:37,16.90,1988.48,,
10767,09/23/2021 16:44:37,16.73,1991.68,,
10768,09/23/2021 16:54:37,16.81,2292.48,,
10769,09/23/2021 17:04:37,16.73,2391.68,,
10770,09/23/2021 17:14:37,16.73,1994.88,,
10771,09/23/2021 17:24:37,16.64,2085.76,,
10772,09/23/2021 17:34:37,16.60,1892.48,,
10773,09/23/2021 17:44:37,16.43,1926.40,,
10774,09/23/2021 17:54:37,16.13,1710.72,,
10775,09/23/2021 18:04:37,16.00,1457.92,,
10776,09/23/2021 18:14:37,15.91,1298.56,,
10777,09/23/2021 18:24:37,15.70,1026.56,,
10778,09/23/2021 18:34:37,15.57,829.44,,
10779,09/23/2021 18:44:37,15.48,522.24,,
10780,09/23/2021 18:54:37,15.23,117.20,,
10781,09/23/2021 19:04:37,14.97,43.92,,
10782,09/23/2021 19:14:37,14.75,11.22,,
10783,09/23/2021 19:24:37,14.63,2.13,,
10784,09/23/2021 19:34:37,14.58,0.00,,
10785,09/23/2021 19:44:37,14.58,0.00,,
10786,09/23/2021 19:54:37,14.50,0.00,,
10787,09/23/2021 20:04:37,13.73,0.00,,
10788,09/23/2021 20:14:37,13.55,0.00,,
10789,09/23/2021 20:24:37,13.08,0.00,,
10790,09/23/2021 20:34:37,13.04,0.00,,
10791,09/23/2021 20:44:37,13.08,0.00,,
10792,09/23/2021 20:54:37,12.52,0.00,,
10793,09/23/2021 21:04:37,12.65,0.00,,
10794,09/23/2021 21:14:37,12.10,0.00,,
10795,09/23/2021 21:24:37,11.62,0.00,,
10796,09/23/2021 21:34:37,11.88,0.00,,
10797,09/23/2021 21:44:37,11.97,0.00,,
10798,09/23/2021 21:54:37,11.58,0.00,,
10799,09/23/2021 22:04:37,11.92,0.00,,
10800,09/23/2021 22:14:37,12.35,0.00,,
10801,09/23/2021 22:24:37,12.05,0.00,,
10802,09/23/2021 22:34:37,12.14,0.00,,
10803,09/23/2021 22:44:37,11.97,0.00,,
10804,09/23/2021 22:54:37,11.75,0.00,,
10805,09/23/2021 23:04:37,11.79,0.00,,
10806,09/23/2021 23:14:37,11.79,0.00,,
10807,09/23/2021 23:24:37,12.01,0.00,,
10808,09/23/2021 23:34:37,12.14,0.00,,
10809,09/23/2021 23:44:37,11.71,0.00,,
10810,09/23/2021 23:54:37,11.75,0.00,,
10811,09/24/2021 00:04:37,11.49,0.00,,
10812,09/24/2021 00:14:37,11.24,0.00,,
10813,09/24/2021 00:24:37,11.32,0.00,,
10814,09/24/2021 00:34:37,11.32,0.00,,
10815,09/24/2021 00:44:37,11.75,0.00,,
10816,09/24/2021 00:54:37,11.75,0.00,,
10817,09/24/2021 01:04:37,12.18,0.00,,
10818,09/24/2021 01:14:37,12.14,0.00,,
10819,09/24/2021 01:24:37,12.57,0.00,,
10820,09/24/2021 01:34:37,12.31,0.00,,
10821,09/24/2021 01:44:37,12.35,0.00,,
10822,09/24/2021 01:54:37,12.48,0.00,,
10823,09/24/2021 02:04:37,13.04,0.00,,
10824,09/24/2021 02:14:37,12.44,0.00,,
10825,09/24/2021 02:24:37,12.52,0.00,,
10826,09/24/2021 02:34:37,12.91,0.00,,
10827,09/24/2021 02:44:37,12.82,0.00,,
10828,09/24/2021 02:54:37,12.82,0.00,,
10829,09/24/2021 03:04:37,12.91,0.00,,
10830,09/24/2021 03:14:37,12.61,0.00,,
10831,09/24/2021 03:24:37,12.44,0.00,,
10832,09/24/2021 03:34:37,12.27,0.00,,
10833,09/24/2021 03:44:37,12.01,0.00,,
10834,09/24/2021 03:54:37,11.71,0.00,,
10835,09/24/2021 04:04:37,11.62,0.00,,
10836,09/24/2021 04:14:37,11.54,0.00,,
10837,09/24/2021 04:24:37,11.28,0.00,,
10838,09/24/2021 04:34:37,11.07,0.00,,
10839,09/24/2021 04:44:37,11.49,0.00,,
10840,09/24/2021 04:54:37,11.37,0.00,,
10841,09/24/2021 05:04:37,11.84,0.00,,
10842,09/24/2021 05:14:37,12.31,0.00,,
10843,09/24/2021 05:24:37,12.40,0.00,,
10844,09/24/2021 05:34:37,12.40,0.00,,
10845,09/24/2021 05:44:37,12.01,0.00,,
10846,09/24/2021 05:54:37,12.01,0.00,,
10847,09/24/2021 06:04:37,12.14,0.00,,
10848,09/24/2021 06:14:37,12.27,0.00,,
10849,09/24/2021 06:24:37,12.27,0.00,,
10850,09/24/2021 06:34:37,12.27,0.00,,
10851,09/24/2021 06:44:37,12.27,0.00,,
10852,09/24/2021 06:54:37,12.14,3.01,,
10853,09/24/2021 07:04:37,12.01,12.04,,
10854,09/24/2021 07:14:37,12.05,30.96,,
10855,09/24/2021 07:24:37,12.01,75.70,,
10856,09/24/2021 07:34:37,11.88,113.56,,
10857,09/24/2021 07:44:37,11.71,151.52,,
10858,09/24/2021 07:54:37,11.62,145.44,,
10859,09/24/2021 08:04:37,11.71,172.00,,
10860,09/24/2021 08:14:37,11.88,208.16,,
10861,09/24/2021 08:24:37,12.01,274.48,,
10862,09/24/2021 08:34:37,12.31,365.60,,
10863,09/24/2021 08:44:37,12.57,450.88,,
10864,09/24/2021 08:54:37,12.52,490.40,,
10865,09/24/2021 09:04:37,12.65,519.68,,
10866,09/24/2021 09:14:37,12.74,528.32,,
10867,09/24/2021 09:24:37,12.87,1187.20,,
10868,09/24/2021 09:34:37,13.25,1433.60,,
10869,09/24/2021 09:44:37,13.43,1257.60,,
10870,09/24/2021 09:54:37,13.68,1887.36,,
10871,09/24/2021 10:04:37,13.98,1800.32,,
10872,09/24/2021 10:14:37,14.33,1678.72,,
10873,09/24/2021 10:24:37,14.71,1749.76,,
10874,09/24/2021 10:34:37,15.06,1742.08,,
10875,09/24/2021 10:44:37,15.74,1790.08,,
10876,09/24/2021 10:54:37,16.43,1843.20,,
10877,09/24/2021 11:04:37,17.11,1762.56,,
10878,09/24/2021 11:14:37,17.63,1544.32,,
10879,09/24/2021 11:24:37,17.97,1574.40,,
10880,09/24/2021 11:34:37,18.27,1502.08,,
10881,09/24/2021 11:44:37,18.53,1604.48,,
10882,09/24/2021 11:54:37,18.74,1664.00,,
10883,09/24/2021 12:04:37,19.09,1533.44,,
10884,09/24/2021 12:14:37,19.26,1502.72,,
10885,09/24/2021 12:24:37,19.60,1499.52,,
10886,09/24/2021 12:34:37,19.99,1370.24,,
10887,09/24/2021 12:44:37,19.99,1306.88,,
10888,09/24/2021 12:54:37,20.03,1275.52,,
10889,09/24/2021 13:04:37,19.99,1218.24,,
10890,09/24/2021 13:14:37,19.82,1244.48,,
10891,09/24/2021 13:24:37,19.82,1369.60,,
10892,09/24/2021 13:34:37,19.86,1189.76,,
10893,09/24/2021 13:44:37,19.77,1239.36,,
10894,09/24/2021 13:54:37,19.39,1241.28,,
10895,09/24/2021 14:04:37,19.47,1295.04,,
10896,09/24/2021 14:14:37,19.39,1248.00,,
10897,09/24/2021 14:24:37,19.43,1304.32,,
10898,09/24/2021 14:34:37,19.35,1313.92,,
10899,09/24/2021 14:44:37,19.35,1441.92,,
10900,09/24/2021 14:54:37,19.30,1450.24,,
10901,09/24/2021 15:04:37,19.39,1621.76,,
10902,09/24/2021 15:14:37,19.35,1575.04,,
10903,09/24/2021 15:24:37,19.22,1620.48,,
10904,09/24/2021 15:34:37,19.52,1800.32,,
10905,09/24/2021 15:44:37,19.77,1688.96,,
10906,09/24/2021 15:54:37,20.07,1948.80,,
10907,09/24/2021 16:04:37,20.50,1923.20,,
10908,09/24/2021 16:14:37,20.29,2088.96,,
10909,09/24/2021 16:24:37,19.95,2215.68,,
10910,09/24/2021 16:34:37,19.86,2412.16,,
10911,09/24/2021 16:44:37,19.43,2034.56,,
10912,09/24/2021 16:54:37,19.00,2501.12,,
10913,09/24/2021 17:04:37,17.89,2531.84,,
10914,09/24/2021 17:14:37,17.37,2629.12,,
10915,09/24/2021 17:24:37,16.77,2477.44,,
10916,09/24/2021 17:34:37,16.64,2520.32,,
10917,09/24/2021 17:44:37,16.69,2800.64,,
10918,09/24/2021 17:54:37,17.03,2569.60,,
10919,09/24/2021 18:04:37,16.94,2325.12,,
10920,09/24/2021 18:14:37,16.60,1260.16,,
10921,09/24/2021 18:24:37,15.91,225.20,,
10922,09/24/2021 18:34:37,15.53,172.80,,
10923,09/24/2021 18:44:37,15.40,129.84,,
10924,09/24/2021 18:54:37,15.48,75.66,,
10925,09/24/2021 19:04:37,15.27,35.05,,
10926,09/24/2021 19:14:37,15.40,9.88,,
10927,09/24/2021 19:24:37,15.06,1.06,,
10928,09/24/2021 19:34:37,15.31,0.00,,
10929,09/24/2021 19:44:37,15.14,0.00,,
10930,09/24/2021 19:54:37,15.14,0.00,,
10931,09/24/2021 20:04:37,15.23,0.00,,
10932,09/24/2021 20:14:37,14.63,0.00,,
10933,09/24/2021 20:24:37,13.77,0.00,,
10934,09/24/2021 20:34:37,13.30,0.00,,
10935,09/24/2021 20:44:37,13.08,0.00,,
10936,09/24/2021 20:54:37,13.04,0.00,,
10937,09/24/2021 21:04:37,13.17,0.00,,
10938,09/24/2021 21:14:37,13.68,0.00,,
10939,09/24/2021 21:24:37,13.81,0.00,,
10940,09/24/2021 21:34:37,14.03,0.00,,
10941,09/24/2021 21:44:37,13.98,0.00,,
10942,09/24/2021 21:54:37,13.94,0.00,,
10943,09/24/2021 22:04:37,13.90,0.00,,
10944,09/24/2021 22:14:37,13.90,0.00,,
10945,09/24/2021 22:24:37,13.94,0.00,,
10946,09/24/2021 22:34:37,13.98,0.00,,
10947,09/24/2021 22:44:37,13.98,0.00,,
10948,09/24/2021 22:54:37,13.94,0.00,,
10949,09/24/2021 23:04:37,13.81,0.00,,
10950,09/24/2021 23:14:37,13.73,0.00,,
10951,09/24/2021 23:24:37,13.73,0.00,,
10952,09/24/2021 23:34:37,13.73,0.00,,
10953,09/24/2021 23:44:37,13.60,0.00,,
10954,09/24/2021 23:54:37,13.43,0.00,,
10955,09/25/2021 00:04:37,13.25,0.00,,
10956,09/25/2021 00:14:37,13.12,0.00,,
10957,09/25/2021 00:24:37,13.04,0.00,,
10958,09/25/2021 00:34:37,13.08,0.00,,
10959,09/25/2021 00:44:37,13.04,0.00,,
10960,09/25/2021 00:54:37,12.87,0.00,,
10961,09/25/2021 01:04:37,13.08,0.00,,
10962,09/25/2021 01:14:37,13.00,0.00,,
10963,09/25/2021 01:24:37,13.08,0.00,,
10964,09/25/2021 01:34:37,13.12,0.00,,
10965,09/25/2021 01:44:37,13.55,0.00,,
10966,09/25/2021 01:54:37,13.60,0.00,,
10967,09/25/2021 02:04:37,14.07,0.00,,
10968,09/25/2021 02:14:37,14.20,0.00,,
10969,09/25/2021 02:24:37,14.07,0.00,,
10970,09/25/2021 02:34:37,13.68,0.00,,
10971,09/25/2021 02:44:37,13.55,0.00,,
10972,09/25/2021 02:54:37,13.55,0.00,,
10973,09/25/2021 03:04:37,13.64,0.00,,
10974,09/25/2021 03:14:37,13.64,0.00,,
10975,09/25/2021 03:24:37,13.68,0.00,,
10976,09/25/2021 03:34:37,13.94,0.00,,
10977,09/25/2021 03:44:37,13.90,0.00,,
10978,09/25/2021 03:54:37,14.03,0.00,,
10979,09/25/2021 04:04:37,14.24,0.00,,
10980,09/25/2021 04:14:37,14.28,0.00,,
10981,09/25/2021 04:24:37,14.28,0.00,,
10982,09/25/2021 04:34:37,14.37,0.00,,
10983,09/25/2021 04:44:37,14.33,0.00,,
10984,09/25/2021 04:54:37,14.33,0.00,,
10985,09/25/2021 05:04:37,14.20,0.00,,
10986,09/25/2021 05:14:37,14.28,0.00,,
10987,09/25/2021 05:24:37,14.20,0.00,,
10988,09/25/2021 05:34:37,14.15,0.00,,
10989,09/25/2021 05:44:37,14.20,0.00,,
10990,09/25/2021 05:54:37,14.24,0.00,,
10991,09/25/2021 06:04:37,14.20,0.00,,
10992,09/25/2021 06:14:37,14.37,0.00,,
10993,09/25/2021 06:24:37,14.28,0.00,,
10994,09/25/2021 06:34:37,14.24,0.00,,
10995,09/25/2021 06:44:37,14.20,0.00,,
10996,09/25/2021 06:54:37,14.03,1.92,,
10997,09/25/2021 07:04:37,14.03,7.72,,
10998,09/25/2021 07:14:37,13.90,17.63,,
10999,09/25/2021 07:24:37,13.85,33.34,,
11000,09/25/2021 07:34:37,14.03,50.08,,
11001,09/25/2021 07:44:37,14.28,77.84,,
11002,09/25/2021 07:54:37,14.28,92.04,,
11003,09/25/2021 08:04:37,14.20,117.00,,
11004,09/25/2021 08:14:37,14.28,140.28,,
11005,09/25/2021 08:24:37,14.37,190.96,,
11006,09/25/2021 08:34:37,14.45,215.20,,
11007,09/25/2021 08:44:37,14.50,228.88,,
11008,09/25/2021 08:54:37,14.63,276.24,,
11009,09/25/2021 09:04:37,14.63,320.96,,
11010,09/25/2021 09:14:37,14.71,363.84,,
11011,09/25/2021 09:24:37,14.75,380.32,,
11012,09/25/2021 09:34:37,14.97,389.76,,
11013,09/25/2021 09:44:37,15.01,414.72,,
11014,09/25/2021 09:54:37,15.14,434.40,,
11015,09/25/2021 10:04:37,15.06,429.28,,
11016,09/25/2021 10:14:37,15.18,456.96,,
11017,09/25/2021 10:24:37,15.23,537.60,,
11018,09/25/2021 10:34:37,15.14,537.60,,
11019,09/25/2021 10:44:37,15.27,551.36,,
11020,09/25/2021 10:54:37,15.23,620.16,,
11021,09/25/2021 11:04:37,15.27,647.04,,
11022,09/25/2021 11:14:37,15.27,660.80,,
11023,09/25/2021 11:24:37,15.27,661.44,,
11024,09/25/2021 11:34:37,15.36,720.96,,
11025,09/25/2021 11:44:37,15.48,786.24,,
11026,09/25/2021 11:54:37,15.66,824.00,,
11027,09/25/2021 12:04:37,15.83,942.08,,
11028,09/25/2021 12:14:37,15.78,1013.76,,
11029,09/25/2021 12:24:37,16.17,1166.72,,
11030,09/25/2021 12:34:37,16.47,1337.60,,
11031,09/25/2021 12:44:37,16.51,1536.00,,
11032,09/25/2021 12:54:37,16.60,1421.44,,
11033,09/25/2021 13:04:37,16.51,1562.24,,
11034,09/25/2021 13:14:37,16.43,1642.88,,
11035,09/25/2021 13:24:37,16.51,1516.16,,
11036,09/25/2021 13:34:37,16.60,1278.08,,
11037,09/25/2021 13:44:37,16.60,1535.36,,
11038,09/25/2021 13:54:37,16.47,1271.04,,
11039,09/25/2021 14:04:37,16.47,1143.04,,
11040,09/25/2021 14:14:37,16.51,1077.12,,
11041,09/25/2021 14:24:37,16.60,1158.40,,
11042,09/25/2021 14:34:37,16.69,1178.88,,
11043,09/25/2021 14:44:37,16.56,1080.32,,
11044,09/25/2021 14:54:37,16.73,1577.60,,
11045,09/25/2021 15:04:37,16.73,1337.60,,
11046,09/25/2021 15:14:37,16.90,1383.04,,
11047,09/25/2021 15:24:37,16.47,903.36,,
11048,09/25/2021 15:34:37,16.26,730.24,,
11049,09/25/2021 15:44:37,16.17,788.80,,
11050,09/25/2021 15:54:37,15.96,693.12,,
11051,09/25/2021 16:04:37,15.91,645.44,,
11052,09/25/2021 16:14:37,16.13,629.60,,
11053,09/25/2021 16:24:37,15.87,683.84,,
11054,09/25/2021 16:34:37,15.78,529.92,,
11055,09/25/2021 16:44:37,15.66,487.04,,
11056,09/25/2021 16:54:37,15.66,432.80,,
11057,09/25/2021 17:04:37,15.53,420.80,,
11058,09/25/2021 17:14:37,15.36,321.84,,
11059,09/25/2021 17:24:37,15.66,279.52,,
11060,09/25/2021 17:34:37,15.53,186.64,,
11061,09/25/2021 17:44:37,15.40,157.52,,
11062,09/25/2021 17:54:37,15.48,116.16,,
11063,09/25/2021 18:04:37,15.31,89.92,,
11064,09/25/2021 18:14:37,15.23,75.28,,
11065,09/25/2021 18:24:37,15.36,56.70,,
11066,09/25/2021 18:34:37,15.10,40.39,,
11067,09/25/2021 18:44:37,15.27,24.07,,
11068,09/25/2021 18:54:37,15.14,13.91,,
11069,09/25/2021 19:04:37,15.01,4.91,,
11070,09/25/2021 19:14:37,14.97,0.64,,
11071,09/25/2021 19:24:37,14.93,0.00,,
11072,09/25/2021 19:34:37,14.84,0.00,,
11073,09/25/2021 19:44:37,14.80,0.00,,
11074,09/25/2021 19:54:37,14.88,0.00,,
11075,09/25/2021 20:04:37,14.75,0.00,,
11076,09/25/2021 20:14:37,14.88,0.00,,
11077,09/25/2021 20:24:37,14.84,0.00,,
11078,09/25/2021 20:34:37,14.88,0.00,,
11079,09/25/2021 20:44:37,14.84,0.00,,
11080,09/25/2021 20:54:37,14.97,0.00,,
11081,09/25/2021 21:04:37,15.01,0.00,,
11082,09/25/2021 21:14:37,15.01,0.00,,
11083,09/25/2021 21:24:37,14.93,0.00,,
11084,09/25/2021 21:34:37,15.06,0.00,,
11085,09/25/2021 21:44:37,14.97,0.00,,
11086,09/25/2021 21:54:37,15.06,0.00,,
11087,09/25/2021 22:04:37,15.01,0.00,,
11088,09/25/2021 22:14:37,15.18,0.00,,
11089,09/25/2021 22:24:37,15.14,0.00,,
11090,09/25/2021 22:34:37,15.10,0.00,,
11091,09/25/2021 22:44:37,14.97,0.00,,
11092,09/25/2021 22:54:37,15.06,0.00,,
11093,09/25/2021 23:04:37,15.06,0.00,,
11094,09/25/2021 23:14:37,15.06,0.00,,
11095,09/25/2021 23:24:37,15.14,0.00,,
11096,09/25/2021 23:34:37,15.27,0.00,,
11097,09/25/2021 23:44:37,15.31,0.00,,
11098,09/25/2021 23:54:37,15.48,0.00,,
11099,09/26/2021 00:04:37,15.44,0.00,,
11100,09/26/2021 00:14:37,15.40,0.00,,
11101,09/26/2021 00:24:37,15.48,0.00,,
11102,09/26/2021 00:34:37,15.53,0.00,,
11103,09/26/2021 00:44:37,15.61,0.00,,
11104,09/26/2021 00:54:37,15.53,0.00,,
11105,09/26/2021 01:04:37,15.53,0.00,,
11106,09/26/2021 01:14:37,15.48,0.00,,
11107,09/26/2021 01:24:37,15.44,0.00,,
11108,09/26/2021 01:34:37,15.44,0.00,,
11109,09/26/2021 01:44:37,15.48,0.00,,
11110,09/26/2021 01:54:37,15.40,0.00,,
11111,09/26/2021 02:04:37,15.48,0.00,,
11112,09/26/2021 02:14:37,15.44,0.00,,
11113,09/26/2021 02:24:37,15.40,0.00,,
11114,09/26/2021 02:34:37,15.48,0.00,,
11115,09/26/2021 02:44:37,15.44,0.00,,
11116,09/26/2021 02:54:37,15.48,0.00,,
11117,09/26/2021 03:04:37,15.66,0.00,,
11118,09/26/2021 03:14:37,15.53,0.00,,
11119,09/26/2021 03:24:37,15.57,0.00,,
11120,09/26/2021 03:34:37,15.48,0.00,,
11121,09/26/2021 03:44:37,15.53,0.00,,
11122,09/26/2021 03:54:37,15.44,0.00,,
11123,09/26/2021 04:04:37,15.48,0.00,,
11124,09/26/2021 04:14:37,15.57,0.00,,
11125,09/26/2021 04:24:37,15.48,0.00,,
11126,09/26/2021 04:34:37,15.61,0.00,,
11127,09/26/2021 04:44:37,15.53,0.00,,
11128,09/26/2021 04:54:37,15.48,0.00,,
11129,09/26/2021 05:04:37,15.53,0.00,,
11130,09/26/2021 05:14:37,15.44,0.00,,
11131,09/26/2021 05:24:37,15.57,0.00,,
11132,09/26/2021 05:34:37,15.61,0.00,,
11133,09/26/2021 05:44:37,15.53,0.00,,
11134,09/26/2021 05:54:37,15.57,0.00,,
11135,09/26/2021 06:04:37,15.57,0.00,,
11136,09/26/2021 06:14:37,15.66,0.00,,
11137,09/26/2021 06:24:37,15.61,0.00,,
11138,09/26/2021 06:34:37,15.70,0.00,,
11139,09/26/2021 06:44:37,15.57,0.00,,
11140,09/26/2021 06:54:37,15.61,0.64,,
11141,09/26/2021 07:04:37,15.57,5.34,,
11142,09/26/2021 07:14:37,15.61,11.59,,
11143,09/26/2021 07:24:37,15.48,21.48,,
11144,09/26/2021 07:34:37,15.57,43.84,,
11145,09/26/2021 07:44:37,15.53,64.92,,
11146,09/26/2021 07:54:37,15.48,82.16,,
11147,09/26/2021 08:04:37,15.40,113.04,,
11148,09/26/2021 08:14:37,15.48,141.04,,
11149,09/26/2021 08:24:37,15.53,154.84,,
11150,09/26/2021 08:34:37,15.31,180.64,,
11151,09/26/2021 08:44:37,15.48,204.72,,
11152,09/26/2021 08:54:37,15.40,228.88,,
11153,09/26/2021 09:04:37,15.36,267.52,,
11154,09/26/2021 09:14:37,15.48,296.80,,
11155,09/26/2021 09:24:37,15.53,314.16,,
11156,09/26/2021 09:34:37,15.53,354.24,,
11157,09/26/2021 09:44:37,15.44,313.28,,
11158,09/26/2021 09:54:37,15.40,377.60,,
11159,09/26/2021 10:04:37,15.40,442.08,,
11160,09/26/2021 10:14:37,15.44,539.36,,
11161,09/26/2021 10:24:37,15.44,570.56,,
11162,09/26/2021 10:34:37,15.48,680.32,,
11163,09/26/2021 10:44:37,15.53,742.40,,
11164,09/26/2021 10:54:37,15.53,756.80,,
11165,09/26/2021 11:04:37,15.66,742.40,,
11166,09/26/2021 11:14:37,15.53,670.08,,
11167,09/26/2021 11:24:37,15.61,698.24,,
11168,09/26/2021 11:34:37,15.57,699.20,,
11169,09/26/2021 11:44:37,15.48,764.48,,
11170,09/26/2021 11:54:37,15.61,734.72,,
11171,09/26/2021 12:04:37,15.61,766.40,,
11172,09/26/2021 12:14:37,15.70,844.80,,
11173,09/26/2021 12:24:37,15.70,835.20,,
11174,09/26/2021 12:34:37,15.44,960.00,,
11175,09/26/2021 12:44:37,15.61,1106.24,,
11176,09/26/2021 12:54:37,15.61,1431.04,,
11177,09/26/2021 13:04:37,15.74,1080.32,,
11178,09/26/2021 13:14:37,15.66,1216.32,,
11179,09/26/2021 13:24:37,15.91,1105.28,,
11180,09/26/2021 13:34:37,15.87,1000.96,,
11181,09/26/2021 13:44:37,15.78,996.80,,
11182,09/26/2021 13:54:37,15.61,906.88,,
11183,09/26/2021 14:04:37,15.83,820.48,,
11184,09/26/2021 14:14:37,15.74,846.72,,
11185,09/26/2021 14:24:37,15.83,892.48,,
11186,09/26/2021 14:34:37,15.78,894.08,,
11187,09/26/2021 14:44:37,15.87,837.76,,
11188,09/26/2021 14:54:37,15.87,809.60,,
11189,09/26/2021 15:04:37,15.74,831.68,,
11190,09/26/2021 15:14:37,15.91,776.96,,
11191,09/26/2021 15:24:37,15.91,772.80,,
11192,09/26/2021 15:34:37,15.83,668.48,,
11193,09/26/2021 15:44:37,16.00,620.16,,
11194,09/26/2021 15:54:37,16.00,632.16,,
11195,09/26/2021 16:04:37,16.04,553.92,,
11196,09/26/2021 16:14:37,16.08,560.80,,
11197,09/26/2021 16:24:37,16.04,520.64,,
11198,09/26/2021 16:34:37,16.04,524.80,,
11199,09/26/2021 16:44:37,16.08,487.84,,
11200,09/26/2021 16:54:37,15.96,447.20,,
11201,09/26/2021 17:04:37,16.08,535.04,,
11202,09/26/2021 17:14:37,16.08,476.48,,
11203,09/26/2021 17:24:37,16.39,2827.52,,
11204,09/26/2021 17:34:37,16.86,2755.84,,
11205,09/26/2021 17:44:37,16.77,2456.96,,
11206,09/26/2021 17:54:37,16.69,2417.28,,
11207,09/26/2021 18:04:37,16.30,737.28,,
11208,09/26/2021 18:14:37,16.30,612.00,,
11209,09/26/2021 18:24:37,16.39,1050.56,,
11210,09/26/2021 18:34:37,16.13,511.20,,
11211,09/26/2021 18:44:37,16.00,155.04,,
11212,09/26/2021 18:54:37,15.83,77.04,,
11213,09/26/2021 19:04:37,15.74,28.18,,
11214,09/26/2021 19:14:37,15.61,6.86,,
11215,09/26/2021 19:24:37,15.57,0.42,,
11216,09/26/2021 19:34:37,15.40,0.00,,
11217,09/26/2021 19:44:37,15.40,0.00,,
11218,09/26/2021 19:54:37,15.44,0.00,,
11219,09/26/2021 20:04:37,15.40,0.00,,
11220,09/26/2021 20:14:37,15.31,0.00,,
11221,09/26/2021 20:24:37,15.27,0.00,,
11222,09/26/2021 20:34:37,15.31,0.00,,
11223,09/26/2021 20:44:37,15.18,0.00,,
11224,09/26/2021 20:54:37,15.14,0.00,,
11225,09/26/2021 21:04:37,15.36,0.00,,
11226,09/26/2021 21:14:37,15.40,0.00,,
11227,09/26/2021 21:24:37,15.48,0.00,,
11228,09/26/2021 21:34:37,15.53,0.00,,
11229,09/26/2021 21:44:37,15.57,0.00,,
11230,09/26/2021 21:54:37,15.48,0.00,,
11231,09/26/2021 22:04:37,15.48,0.00,,
11232,09/26/2021 22:14:37,15.40,0.00,,
11233,09/26/2021 22:24:37,15.36,0.00,,
11234,09/26/2021 22:34:37,15.40,0.00,,
11235,09/26/2021 22:44:37,15.27,0.00,,
11236,09/26/2021 22:54:37,15.23,0.00,,
11237,09/26/2021 23:04:37,15.23,0.00,,
11238,09/26/2021 23:14:37,15.27,0.00,,
11239,09/26/2021 23:24:37,15.23,0.00,,
11240,09/26/2021 23:34:37,15.14,0.00,,
11241,09/26/2021 23:44:37,15.06,0.00,,
11242,09/26/2021 23:54:37,15.10,0.00,,
11243,09/27/2021 00:04:37,15.14,0.00,,
11244,09/27/2021 00:14:37,15.01,0.00,,
11245,09/27/2021 00:24:37,15.01,0.00,,
11246,09/27/2021 00:34:37,15.01,0.00,,
11247,09/27/2021 00:44:37,15.10,0.00,,
11248,09/27/2021 00:54:37,14.97,0.00,,
11249,09/27/2021 01:04:37,14.97,0.00,,
11250,09/27/2021 01:14:37,14.97,0.00,,
11251,09/27/2021 01:24:37,15.01,0.00,,
11252,09/27/2021 01:34:37,14.93,0.00,,
11253,09/27/2021 01:44:37,14.93,0.00,,
11254,09/27/2021 01:54:37,14.97,0.00,,
11255,09/27/2021 02:04:37,14.97,0.00,,
11256,09/27/2021 02:14:37,15.01,0.00,,
11257,09/27/2021 02:24:37,14.97,0.00,,
11258,09/27/2021 02:34:37,15.01,0.00,,
11259,09/27/2021 02:44:37,15.06,0.00,,
11260,09/27/2021 02:54:37,15.10,0.00,,
11261,09/27/2021 03:04:37,15.10,0.00,,
11262,09/27/2021 03:14:37,15.14,0.00,,
11263,09/27/2021 03:24:37,15.14,0.00,,
11264,09/27/2021 03:34:37,15.10,0.00,,
11265,09/27/2021 03:44:37,15.14,0.00,,
11266,09/27/2021 03:54:37,15.18,0.00,,
11267,09/27/2021 04:04:37,15.27,0.00,,
11268,09/27/2021 04:14:37,15.23,0.00,,
11269,09/27/2021 04:24:37,15.31,0.00,,
11270,09/27/2021 04:34:37,15.31,0.00,,
11271,09/27/2021 04:44:37,15.27,0.00,,
11272,09/27/2021 04:54:37,15.23,0.00,,
11273,09/27/2021 05:04:37,15.36,0.00,,
11274,09/27/2021 05:14:37,15.31,0.00,,
11275,09/27/2021 05:24:37,15.44,0.00,,
11276,09/27/2021 05:34:37,15.40,0.00,,
11277,09/27/2021 05:44:37,15.40,0.00,,
11278,09/27/2021 05:54:37,15.48,0.00,,
11279,09/27/2021 06:04:37,15.48,0.00,,
11280,09/27/2021 06:14:37,15.61,0.00,,
11281,09/27/2021 06:24:37,15.57,0.00,,
11282,09/27/2021 06:34:37,15.53,0.00,,
11283,09/27/2021 06:44:37,15.57,0.00,,
11284,09/27/2021 06:54:37,15.53,1.06,,
11285,09/27/2021 07:04:37,15.57,5.55,,
11286,09/27/2021 07:14:37,15.66,15.20,,
11287,09/27/2021 07:24:37,15.57,33.74,,
11288,09/27/2021 07:34:37,15.57,53.94,,
11289,09/27/2021 07:44:37,15.61,77.42,,
11290,09/27/2021 07:54:37,15.70,81.74,,
11291,09/27/2021 08:04:37,15.74,117.00,,
11292,09/27/2021 08:14:37,15.78,155.68,,
11293,09/27/2021 08:24:37,15.83,160.92,,
11294,09/27/2021 08:34:37,15.83,180.64,,
11295,09/27/2021 08:44:37,15.91,272.72,,
11296,09/27/2021 08:54:37,16.04,248.72,,
11297,09/27/2021 09:04:37,16.00,275.28,,
11298,09/27/2021 09:14:37,16.08,265.84,,
11299,09/27/2021 09:24:37,16.17,313.92,,
11300,09/27/2021 09:34:37,16.21,346.88,,
11301,09/27/2021 09:44:37,16.26,379.36,,
11302,09/27/2021 09:54:37,16.39,454.24,,
11303,09/27/2021 10:04:37,16.47,499.04,,
11304,09/27/2021 10:14:37,16.43,610.72,,
11305,09/27/2021 10:24:37,16.56,642.88,,
11306,09/27/2021 10:34:37,16.81,596.16,,
11307,09/27/2021 10:44:37,17.03,712.96,,
11308,09/27/2021 10:54:37,17.07,1012.16,,
11309,09/27/2021 11:04:37,17.24,996.80,,
11310,09/27/2021 11:14:37,17.24,989.12,,
11311,09/27/2021 11:24:37,17.41,1414.40,,
11312,09/27/2021 11:34:37,17.63,1066.88,,
11313,09/27/2021 11:44:37,17.63,949.76,,
11314,09/27/2021 11:54:37,17.54,710.40,,
11315,09/27/2021 12:04:37,17.72,1024.00,,
11316,09/27/2021 12:14:37,17.97,992.32,,
11317,09/27/2021 12:24:37,18.10,1375.36,,
11318,09/27/2021 12:34:37,18.36,1576.96,,
11319,09/27/2021 12:44:37,18.49,1411.84,,
11320,09/27/2021 12:54:37,18.70,1139.52,,
11321,09/27/2021 13:04:37,18.57,822.40,,
11322,09/27/2021 13:14:37,18.49,1402.88,,
11323,09/27/2021 13:24:37,18.44,942.72,,
11324,09/27/2021 13:34:37,18.62,1468.16,,
11325,09/27/2021 13:44:37,18.74,1679.36,,
11326,09/27/2021 13:54:37,18.53,663.36,,
11327,09/27/2021 14:04:37,18.57,674.24,,
11328,09/27/2021 14:14:37,18.57,814.72,,
11329,09/27/2021 14:24:37,18.62,1219.84,,
11330,09/27/2021 14:34:37,18.66,867.20,,
11331,09/27/2021 14:44:37,18.66,779.20,,
11332,09/27/2021 14:54:37,18.53,747.52,,
11333,09/27/2021 15:04:37,18.32,626.08,,
11334,09/27/2021 15:14:37,18.06,623.52,,
11335,09/27/2021 15:24:37,17.97,592.80,,
11336,09/27/2021 15:34:37,17.93,750.08,,
11337,09/27/2021 15:44:37,17.93,710.40,,
11338,09/27/2021 15:54:37,17.80,815.36,,
11339,09/27/2021 16:04:37,17.84,681.92,,
11340,09/27/2021 16:14:37,17.84,564.16,,
11341,09/27/2021 16:24:37,17.84,428.48,,
11342,09/27/2021 16:34:37,17.76,405.12,,
11343,09/27/2021 16:44:37,17.67,489.60,,
11344,09/27/2021 16:54:37,17.59,398.24,,
11345,09/27/2021 17:04:37,17.50,256.40,,
11346,09/27/2021 17:14:37,17.41,229.76,,
11347,09/27/2021 17:24:37,17.37,141.04,,
11348,09/27/2021 17:34:37,17.29,158.24,,
11349,09/27/2021 17:44:37,17.20,128.12,,
11350,09/27/2021 17:54:37,16.81,121.28,,
11351,09/27/2021 18:04:37,16.73,59.94,,
11352,09/27/2021 18:14:37,16.64,98.08,,
11353,09/27/2021 18:24:37,16.51,86.08,,
11354,09/27/2021 18:34:37,16.73,84.36,,
11355,09/27/2021 18:44:37,16.47,51.58,,
11356,09/27/2021 18:54:37,16.60,31.60,,
11357,09/27/2021 19:04:37,16.69,12.02,,
11358,09/27/2021 19:14:37,16.73,0.42,,
11359,09/27/2021 19:24:37,16.64,0.00,,
11360,09/27/2021 19:34:37,16.73,0.00,,
11361,09/27/2021 19:44:37,16.81,0.00,,
11362,09/27/2021 19:54:37,16.81,0.00,,
11363,09/27/2021 20:04:37,16.69,0.00,,
11364,09/27/2021 20:14:37,16.56,0.00,,
11365,09/27/2021 20:24:37,16.56,0.00,,
11366,09/27/2021 20:34:37,16.73,0.00,,
11367,09/27/2021 20:44:37,16.77,0.00,,
11368,09/27/2021 20:54:37,16.73,0.00,,
11369,09/27/2021 21:04:37,16.90,0.00,,
11370,09/27/2021 21:14:37,16.81,0.00,,
11371,09/27/2021 21:24:37,16.64,0.00,,
11372,09/27/2021 21:34:37,16.56,0.00,,
11373,09/27/2021 21:44:37,16.34,0.00,,
11374,09/27/2021 21:54:37,16.39,0.00,,
11375,09/27/2021 22:04:37,16.26,0.00,,
11376,09/27/2021 22:14:37,16.17,0.00,,
11377,09/27/2021 22:24:37,16.04,0.00,,
11378,09/27/2021 22:34:37,16.00,0.00,,
11379,09/27/2021 22:44:37,15.96,0.00,,
11380,09/27/2021 22:54:37,15.91,0.00,,
11381,09/27/2021 23:04:37,15.96,0.00,,
11382,09/27/2021 23:14:37,15.83,0.00,,
11383,09/27/2021 23:24:37,15.70,0.00,,
11384,09/27/2021 23:34:37,15.66,0.00,,
11385,09/27/2021 23:44:37,15.53,0.00,,
11386,09/27/2021 23:54:37,15.61,0.00,,
11387,09/28/2021 00:04:37,15.48,0.00,,
11388,09/28/2021 00:14:37,15.36,0.00,,
11389,09/28/2021 00:24:37,13.98,0.00,,
11390,09/28/2021 00:34:37,13.55,0.00,,
11391,09/28/2021 00:44:37,13.34,0.00,,
11392,09/28/2021 00:54:37,13.60,0.00,,
11393,09/28/2021 01:04:37,12.40,0.00,,
11394,09/28/2021 01:14:37,13.85,0.00,,
11395,09/28/2021 01:24:37,13.25,0.00,,
11396,09/28/2021 01:34:37,13.00,0.00,,
11397,09/28/2021 01:44:37,12.61,0.00,,
11398,09/28/2021 01:54:37,12.40,0.00,,
11399,09/28/2021 02:04:37,11.62,0.00,,
11400,09/28/2021 02:14:37,12.65,0.00,,
11401,09/28/2021 02:24:37,14.20,0.00,,
11402,09/28/2021 02:34:37,13.43,0.00,,
11403,09/28/2021 02:44:37,11.75,0.00,,
11404,09/28/2021 02:54:37,13.68,0.00,,
11405,09/28/2021 03:04:37,13.98,0.00,,
11406,09/28/2021 03:14:37,14.41,0.00,,
11407,09/28/2021 03:24:37,14.97,0.00,,
11408,09/28/2021 03:34:37,14.88,0.00,,
11409,09/28/2021 03:44:37,14.67,0.00,,
11410,09/28/2021 03:54:37,15.27,0.00,,
11411,09/28/2021 04:04:37,14.88,0.00,,
11412,09/28/2021 04:14:37,14.50,0.00,,
11413,09/28/2021 04:24:37,14.50,0.00,,
11414,09/28/2021 04:34:37,14.63,0.00,,
11415,09/28/2021 04:44:37,14.58,0.00,,
11416,09/28/2021 04:54:37,14.71,0.00,,
11417,09/28/2021 05:04:37,14.58,0.00,,
11418,09/28/2021 05:14:37,14.93,0.00,,
11419,09/28/2021 05:24:37,14.88,0.00,,
11420,09/28/2021 05:34:37,14.88,0.00,,
11421,09/28/2021 05:44:37,14.71,0.00,,
11422,09/28/2021 05:54:37,14.75,0.00,,
11423,09/28/2021 06:04:37,14.11,0.00,,
11424,09/28/2021 06:14:37,14.24,0.00,,
11425,09/28/2021 06:24:37,14.11,0.00,,
11426,09/28/2021 06:34:37,14.71,0.00,,
11427,09/28/2021 06:44:37,14.71,0.00,,
11428,09/28/2021 06:54:37,14.54,3.20,,
11429,09/28/2021 07:04:37,12.65,18.48,,
11430,09/28/2021 07:14:37,11.84,50.94,,
11431,09/28/2021 07:24:37,11.75,100.56,,
11432,09/28/2021 07:34:37,11.67,159.00,,
11433,09/28/2021 07:44:37,11.84,277.84,,
11434,09/28/2021 07:54:37,12.57,1155.84,,
11435,09/28/2021 08:04:37,13.47,1363.20,,
11436,09/28/2021 08:14:37,13.47,1571.84,,
11437,09/28/2021 08:24:37,13.94,1658.24,,
11438,09/28/2021 08:34:37,14.41,1925.12,,
11439,09/28/2021 08:44:37,14.80,1873.92,,
11440,09/28/2021 08:54:37,15.27,1877.12,,
11441,09/28/2021 09:04:37,15.36,1856.64,,
11442,09/28/2021 09:14:37,15.53,1926.40,,
11443,09/28/2021 09:24:37,15.70,1813.76,,
11444,09/28/2021 09:34:37,15.83,1848.32,,
11445,09/28/2021 09:44:37,16.00,1793.28,,
11446,09/28/2021 09:54:37,16.17,1790.08,,
11447,09/28/2021 10:04:37,16.08,1880.32,,
11448,09/28/2021 10:14:37,16.13,1838.08,,
11449,09/28/2021 10:24:37,16.26,1818.88,,
11450,09/28/2021 10:34:37,16.39,1868.80,,
11451,09/28/2021 10:44:37,16.47,1722.24,,
11452,09/28/2021 10:54:37,16.64,1671.04,,
11453,09/28/2021 11:04:37,16.77,1694.08,,
11454,09/28/2021 11:14:37,16.81,1599.36,,
11455,09/28/2021 11:24:37,16.94,1660.80,,
11456,09/28/2021 11:34:37,16.99,1367.68,,
11457,09/28/2021 11:44:37,16.99,1531.52,,
11458,09/28/2021 11:54:37,16.94,1462.40,,
11459,09/28/2021 12:04:37,17.20,1354.88,,
11460,09/28/2021 12:14:37,17.33,1521.28,,
11461,09/28/2021 12:24:37,17.37,1352.96,,
11462,09/28/2021 12:34:37,17.37,1199.36,,
11463,09/28/2021 12:44:37,17.46,1271.04,,
11464,09/28/2021 12:54:37,17.59,1180.48,,
11465,09/28/2021 13:04:37,17.72,1206.08,,
11466,09/28/2021 13:14:37,17.80,1188.16,,
11467,09/28/2021 13:24:37,17.67,1199.36,,
11468,09/28/2021 13:34:37,17.72,1222.40,,
11469,09/28/2021 13:44:37,17.89,1213.76,,
11470,09/28/2021 13:54:37,17.72,1157.44,,
11471,09/28/2021 14:04:37,17.63,1224.96,,
11472,09/28/2021 14:14:37,17.54,1242.88,,
11473,09/28/2021 14:24:37,17.50,1239.36,,
11474,09/28/2021 14:34:37,17.50,1433.60,,
11475,09/28/2021 14:44:37,17.46,1527.68,,
11476,09/28/2021 14:54:37,17.54,1482.88,,
11477,09/28/2021 15:04:37,17.63,1716.48,,
11478,09/28/2021 15:14:37,17.76,1694.72,,
11479,09/28/2021 15:24:37,17.72,1742.08,,
11480,09/28/2021 15:34:37,17.67,1760.64,,
11481,09/28/2021 15:44:37,17.72,1800.32,,
11482,09/28/2021 15:54:37,17.72,2025.60,,
11483,09/28/2021 16:04:37,17.80,2082.56,,
11484,09/28/2021 16:14:37,17.76,2126.72,,
11485,09/28/2021 16:24:37,17.76,2268.80,,
11486,09/28/2021 16:34:37,17.67,2362.88,,
11487,09/28/2021 16:44:37,17.67,2318.08,,
11488,09/28/2021 16:54:37,17.63,2463.36,,
11489,09/28/2021 17:04:37,17.59,2458.24,,
11490,09/28/2021 17:14:37,17.54,2629.12,,
11491,09/28/2021 17:24:37,17.50,2231.04,,
11492,09/28/2021 17:34:37,17.50,2040.96,,
11493,09/28/2021 17:44:37,17.37,1769.60,,
11494,09/28/2021 17:54:37,17.11,1390.08,,
11495,09/28/2021 18:04:37,17.16,446.56,,
11496,09/28/2021 18:14:37,17.07,1305.28,,
11497,09/28/2021 18:24:37,17.11,1294.08,,
11498,09/28/2021 18:34:37,16.90,660.80,,
11499,09/28/2021 18:44:37,16.73,136.12,,
11500,09/28/2021 18:54:37,16.56,59.16,,
11501,09/28/2021 19:04:37,16.51,14.15,,
11502,09/28/2021 19:14:37,16.39,2.35,,
11503,09/28/2021 19:24:37,16.30,0.00,,
11504,09/28/2021 19:34:37,16.30,0.00,,
11505,09/28/2021 19:44:37,16.30,0.00,,
11506,09/28/2021 19:54:37,16.17,0.00,,
11507,09/28/2021 20:04:37,16.08,0.00,,
11508,09/28/2021 20:14:37,15.87,0.00,,
11509,09/28/2021 20:24:37,15.83,0.00,,
11510,09/28/2021 20:34:37,15.78,0.00,,
11511,09/28/2021 20:44:37,15.61,0.00,,
11512,09/28/2021 20:54:37,15.48,0.00,,
11513,09/28/2021 21:04:37,15.40,0.00,,
11514,09/28/2021 21:14:37,15.40,0.00,,
11515,09/28/2021 21:24:37,15.36,0.00,,
11516,09/28/2021 21:34:37,15.36,0.00,,
11517,09/28/2021 21:44:37,15.18,0.00,,
11518,09/28/2021 21:54:37,15.18,0.00,,
11519,09/28/2021 22:04:37,15.23,0.00,,
11520,09/28/2021 22:14:37,15.27,0.00,,
11521,09/28/2021 22:24:37,15.27,0.00,,
11522,09/28/2021 22:34:37,14.84,0.00,,
11523,09/28/2021 22:44:37,13.73,0.00,,
11524,09/28/2021 22:54:37,13.34,0.00,,
11525,09/28/2021 23:04:37,13.38,0.00,,
11526,09/28/2021 23:14:37,12.91,0.00,,
11527,09/28/2021 23:24:37,13.38,0.00,,
11528,09/28/2021 23:34:37,14.63,0.00,,
11529,09/28/2021 23:44:37,14.71,0.00,,
11530,09/28/2021 23:54:37,13.68,0.00,,
11531,09/29/2021 00:04:37,14.33,0.00,,
11532,09/29/2021 00:14:37,14.50,0.00,,
11533,09/29/2021 00:24:37,14.24,0.00,,
11534,09/29/2021 00:34:37,13.04,0.00,,
11535,09/29/2021 00:44:37,12.35,0.00,,
11536,09/29/2021 00:54:37,12.61,0.00,,
11537,09/29/2021 01:04:37,13.30,0.00,,
11538,09/29/2021 01:14:37,14.24,0.00,,
11539,09/29/2021 01:24:37,14.28,0.00,,
11540,09/29/2021 01:34:37,12.44,0.00,,
11541,09/29/2021 01:44:37,11.28,0.00,,
11542,09/29/2021 01:54:37,11.84,0.00,,
11543,09/29/2021 02:04:37,11.75,0.00,,
11544,09/29/2021 02:14:37,11.24,0.00,,
11545,09/29/2021 02:24:37,10.68,0.00,,
11546,09/29/2021 02:34:37,10.98,0.00,,
11547,09/29/2021 02:44:37,11.07,0.00,,
11548,09/29/2021 02:54:37,11.49,0.00,,
11549,09/29/2021 03:04:37,10.29,0.00,,
11550,09/29/2021 03:14:37,10.34,0.00,,
11551,09/29/2021 03:24:37,10.42,0.00,,
11552,09/29/2021 03:34:37,10.08,0.00,,
11553,09/29/2021 03:44:37,9.86,0.00,,
11554,09/29/2021 03:54:37,9.65,0.00,,
11555,09/29/2021 04:04:37,9.86,0.00,,
11556,09/29/2021 04:14:37,9.65,0.00,,
11557,09/29/2021 04:24:37,9.39,0.00,,
11558,09/29/2021 04:34:37,9.14,0.00,,
11559,09/29/2021 04:44:37,9.05,0.00,,
11560,09/29/2021 04:54:37,8.53,0.00,,
11561,09/29/2021 05:04:37,8.75,0.00,,
11562,09/29/2021 05:14:37,8.83,0.00,,
11563,09/29/2021 05:24:37,8.92,0.00,,
11564,09/29/2021 05:34:37,8.96,0.00,,
11565,09/29/2021 05:44:37,8.96,0.00,,
11566,09/29/2021 05:54:37,8.71,0.00,,
11567,09/29/2021 06:04:37,8.19,0.00,,
11568,09/29/2021 06:14:37,8.19,0.00,,
11569,09/29/2021 06:24:37,7.98,0.00,,
11570,09/29/2021 06:34:37,8.41,0.00,,
11571,09/29/2021 06:44:37,8.96,0.00,,
11572,09/29/2021 06:54:37,8.92,4.51,,
11573,09/29/2021 07:04:37,8.19,26.68,,
11574,09/29/2021 07:14:37,8.23,72.72,,
11575,09/29/2021 07:24:37,8.96,156.64,,
11576,09/29/2021 07:34:37,8.06,265.92,,
11577,09/29/2021 07:44:37,8.23,467.52,,
11578,09/29/2021 07:54:37,8.88,1095.04,,
11579,09/29/2021 08:04:37,9.82,991.68,,
11580,09/29/2021 08:14:37,10.46,1408.64,,
11581,09/29/2021 08:24:37,10.72,1244.48,,
11582,09/29/2021 08:34:37,11.02,1589.12,,
11583,09/29/2021 08:44:37,11.15,1930.24,,
11584,09/29/2021 08:54:37,11.41,1577.60,,
11585,09/29/2021 09:04:37,11.71,1617.92,,
11586,09/29/2021 09:14:37,12.10,1935.36,,
11587,09/29/2021 09:24:37,12.57,1964.16,,
11588,09/29/2021 09:34:37,12.87,1938.56,,
11589,09/29/2021 09:44:37,13.25,1996.80,,
11590,09/29/2021 09:54:37,13.85,1863.68,,
11591,09/29/2021 10:04:37,14.37,1933.44,,
11592,09/29/2021 10:14:37,14.80,1968.00,,
11593,09/29/2021 10:24:37,15.36,1856.00,,
11594,09/29/2021 10:34:37,15.96,1744.00,,
11595,09/29/2021 10:44:37,16.51,1795.20,,
11596,09/29/2021 10:54:37,16.99,1729.92,,
11597,09/29/2021 11:04:37,16.99,1719.68,,
11598,09/29/2021 11:14:37,16.86,1576.96,,
11599,09/29/2021 11:24:37,17.37,1416.96,,
11600,09/29/2021 11:34:37,17.33,1466.88,,
11601,09/29/2021 11:44:37,17.41,1342.08,,
11602,09/29/2021 11:54:37,17.50,1380.48,,
11603,09/29/2021 12:04:37,17.67,1494.40,,
11604,09/29/2021 12:14:37,17.76,1413.12,,
11605,09/29/2021 12:24:37,17.50,1204.48,,
11606,09/29/2021 12:34:37,17.46,1340.80,,
11607,09/29/2021 12:44:37,17.72,1231.04,,
11608,09/29/2021 12:54:37,17.72,1146.24,,
11609,09/29/2021 13:04:37,17.84,1199.36,,
11610,09/29/2021 13:14:37,18.02,1195.84,,
11611,09/29/2021 13:24:37,17.72,1153.92,,
11612,09/29/2021 13:34:37,17.76,1186.56,,
11613,09/29/2021 13:44:37,17.72,1141.12,,
11614,09/29/2021 13:54:37,17.67,1180.48,,
11615,09/29/2021 14:04:37,17.54,1238.72,,
11616,09/29/2021 14:14:37,17.37,1231.04,,
11617,09/29/2021 14:24:37,17.46,1424.00,,
11618,09/29/2021 14:34:37,17.54,1278.08,,
11619,09/29/2021 14:44:37,17.67,1454.08,,
11620,09/29/2021 14:54:37,17.59,1437.44,,
11621,09/29/2021 15:04:37,17.54,1478.40,,
11622,09/29/2021 15:14:37,17.50,1648.00,,
11623,09/29/2021 15:24:37,17.37,1596.80,,
11624,09/29/2021 15:34:37,17.41,1646.08,,
11625,09/29/2021 15:44:37,17.33,2259.84,,
11626,09/29/2021 15:54:37,17.33,1986.56,,
11627,09/29/2021 16:04:37,17.24,1889.28,,
11628,09/29/2021 16:14:37,17.24,2325.12,,
11629,09/29/2021 16:24:37,17.46,2468.48,,
11630,09/29/2021 16:34:37,17.41,2279.04,,
11631,09/29/2021 16:44:37,17.16,2449.92,,
11632,09/29/2021 16:54:37,17.20,2545.92,,
11633,09/29/2021 17:04:37,17.29,2709.76,,
11634,09/29/2021 17:14:37,17.24,2530.56,,
11635,09/29/2021 17:24:37,17.29,2592.00,,
11636,09/29/2021 17:34:37,17.24,2615.68,,
11637,09/29/2021 17:44:37,17.20,2238.08,,
11638,09/29/2021 17:54:37,17.07,2272.00,,
11639,09/29/2021 18:04:37,16.99,2072.32,,
11640,09/29/2021 18:14:37,16.77,1543.04,,
11641,09/29/2021 18:24:37,16.56,1147.20,,
11642,09/29/2021 18:34:37,16.17,644.16,,
11643,09/29/2021 18:44:37,15.78,111.88,,
11644,09/29/2021 18:54:37,15.74,50.54,,
11645,09/29/2021 19:04:37,15.48,15.44,,
11646,09/29/2021 19:14:37,15.31,2.56,,
11647,09/29/2021 19:24:37,15.27,0.00,,
11648,09/29/2021 19:34:37,15.18,0.00,,
11649,09/29/2021 19:44:37,15.18,0.00,,
11650,09/29/2021 19:54:37,15.23,0.00,,
11651,09/29/2021 20:04:37,15.01,0.00,,
11652,09/29/2021 20:14:37,15.06,0.00,,
11653,09/29/2021 20:24:37,14.97,0.00,,
11654,09/29/2021 20:34:37,13.73,0.00,,
11655,09/29/2021 20:44:37,12.95,0.00,,
11656,09/29/2021 20:54:37,12.74,0.00,,
11657,09/29/2021 21:04:37,12.14,0.00,,
11658,09/29/2021 21:14:37,11.54,0.00,,
11659,09/29/2021 21:24:37,11.49,0.00,,
11660,09/29/2021 21:34:37,11.67,0.00,,
11661,09/29/2021 21:44:37,11.75,0.00,,
11662,09/29/2021 21:54:37,11.49,0.00,,
11663,09/29/2021 22:04:37,11.37,0.00,,
11664,09/29/2021 22:14:37,11.11,0.00,,
11665,09/29/2021 22:24:37,11.15,0.00,,
11666,09/29/2021 22:34:37,11.62,0.00,,
11667,09/29/2021 22:44:37,11.58,0.00,,
11668,09/29/2021 22:54:37,11.32,0.00,,
11669,09/29/2021 23:04:37,11.15,0.00,,
11670,09/29/2021 23:14:37,11.41,0.00,,
11671,09/29/2021 23:24:37,11.71,0.00,,
11672,09/29/2021 23:34:37,11.67,0.00,,
11673,09/29/2021 23:44:37,11.62,0.00,,
11674,09/29/2021 23:54:37,11.45,0.00,,
11675,09/30/2021 00:04:37,11.11,0.00,,
11676,09/30/2021 00:14:37,11.11,0.00,,
11677,09/30/2021 00:24:37,11.07,0.00,,
11678,09/30/2021 00:34:37,11.02,0.00,,
11679,09/30/2021 00:44:37,10.98,0.00,,
11680,09/30/2021 00:54:37,9.74,0.00,,
11681,09/30/2021 01:04:37,9.65,0.00,,
11682,09/30/2021 01:14:37,9.86,0.00,,
11683,09/30/2021 01:24:37,9.18,0.00,,
11684,09/30/2021 01:34:37,9.48,0.00,,
11685,09/30/2021 01:44:37,9.35,0.00,,
11686,09/30/2021 01:54:37,8.79,0.00,,
11687,09/30/2021 02:04:37,9.09,0.00,,
11688,09/30/2021 02:14:37,9.01,0.00,,
11689,09/30/2021 02:24:37,8.96,0.00,,
11690,09/30/2021 02:34:37,9.39,0.00,,
11691,09/30/2021 02:44:37,9.22,0.00,,
11692,09/30/2021 02:54:37,9.01,0.00,,
11693,09/30/2021 03:04:37,8.75,0.00,,
11694,09/30/2021 03:14:37,8.71,0.00,,
11695,09/30/2021 03:24:37,8.53,0.00,,
11696,09/30/2021 03:34:37,8.66,0.00,,
11697,09/30/2021 03:44:37,8.71,0.00,,
11698,09/30/2021 03:54:37,8.58,0.00,,
11699,09/30/2021 04:04:37,8.32,0.00,,
11700,09/30/2021 04:14:37,8.66,0.00,,
11701,09/30/2021 04:24:37,8.19,0.00,,
11702,09/30/2021 04:34:37,8.28,0.00,,
11703,09/30/2021 04:44:37,8.06,0.00,,
11704,09/30/2021 04:54:37,8.02,0.00,,
11705,09/30/2021 05:04:37,7.85,0.00,,
11706,09/30/2021 05:14:37,8.11,0.00,,
11707,09/30/2021 05:24:37,7.93,0.00,,
11708,09/30/2021 05:34:37,8.06,0.00,,
11709,09/30/2021 05:44:37,7.98,0.00,,
11710,09/30/2021 05:54:37,7.68,0.00,,
11711,09/30/2021 06:04:37,7.81,0.00,,
11712,09/30/2021 06:14:37,8.75,0.00,,
11713,09/30/2021 06:24:37,8.83,0.00,,
11714,09/30/2021 06:34:37,8.53,0.00,,
11715,09/30/2021 06:44:37,7.93,0.21,,
11716,09/30/2021 06:54:37,8.15,4.51,,
11717,09/30/2021 07:04:37,8.28,23.43,,
11718,09/30/2021 07:14:37,8.06,65.40,,
11719,09/30/2021 07:24:37,7.98,125.56,,
11720,09/30/2021 07:34:37,7.89,186.56,,
11721,09/30/2021 07:44:37,8.23,323.52,,
11722,09/30/2021 07:54:37,9.26,1360.64,,
11723,09/30/2021 08:04:37,9.74,1670.40,,
11724,09/30/2021 08:14:37,9.82,1772.80,,
11725,09/30/2021 08:24:37,11.07,1810.56,,
11726,09/30/2021 08:34:37,11.75,1902.72,,
11727,09/30/2021 08:44:37,12.14,1877.12,,
11728,09/30/2021 08:54:37,12.65,2088.96,,
11729,09/30/2021 09:04:37,13.38,2171.52,,
11730,09/30/2021 09:14:37,14.03,1864.96,,
11731,09/30/2021 09:24:37,14.67,1873.92,,
11732,09/30/2021 09:34:37,15.31,1962.88,,
11733,09/30/2021 09:44:37,15.18,2022.40,,
11734,09/30/2021 09:54:37,15.48,1912.96,,
11735,09/30/2021 10:04:37,15.91,1981.44,,
11736,09/30/2021 10:14:37,16.39,1882.24,,
11737,09/30/2021 10:24:37,17.03,1859.84,,
11738,09/30/2021 10:34:37,17.59,1839.36,,
11739,09/30/2021 10:44:37,18.14,1822.08,,
11740,09/30/2021 10:54:37,19.00,1798.40,,
11741,09/30/2021 11:04:37,19.17,1790.08,,
11742,09/30/2021 11:14:37,20.07,1546.88,,
11743,09/30/2021 11:24:37,20.76,1619.84,,
11744,09/30/2021 11:34:37,20.33,1564.80,,
11745,09/30/2021 11:44:37,20.33,1661.44,,
11746,09/30/2021 11:54:37,20.76,1342.72,,
11747,09/30/2021 12:04:37,21.88,1422.08,,
11748,09/30/2021 12:14:37,21.06,1248.96,,
11749,09/30/2021 12:24:37,19.65,1174.40,,
11750,09/30/2021 12:34:37,19.17,1134.40,,
11751,09/30/2021 12:44:37,19.05,1251.52,,
11752,09/30/2021 12:54:37,18.87,1180.48,,
11753,09/30/2021 13:04:37,19.00,1234.24,,
11754,09/30/2021 13:14:37,19.17,1174.40,,
11755,09/30/2021 13:24:37,19.47,1238.72,,
11756,09/30/2021 13:34:37,19.56,1161.60,,
11757,09/30/2021 13:44:37,19.69,1173.76,,
11758,09/30/2021 13:54:37,19.65,1246.40,,
11759,09/30/2021 14:04:37,19.73,1292.48,,
11760,09/30/2021 14:14:37,20.12,1245.44,,
11761,09/30/2021 14:24:37,20.46,1334.40,,
11762,09/30/2021 14:34:37,20.33,1308.80,,
11763,09/30/2021 14:44:37,20.29,1397.76,,
11764,09/30/2021 14:54:37,20.33,1424.00,,
11765,09/30/2021 15:04:37,20.25,1428.48,,
11766,09/30/2021 15:14:37,20.37,1690.88,,
11767,09/30/2021 15:24:37,20.29,1976.32,,
11768,09/30/2021 15:34:37,20.33,1652.48,,
11769,09/30/2021 15:44:37,20.25,1841.28,,
11770,09/30/2021 15:54:37,20.03,1966.08,,
11771,09/30/2021 16:04:37,19.22,1864.96,,
11772,09/30/2021 16:14:37,18.66,2073.60,,
11773,09/30/2021 16:24:37,18.44,2131.84,,
11774,09/30/2021 16:34:37,18.66,2551.04,,
11775,09/30/2021 16:44:37,19.05,2279.04,,
11776,09/30/2021 16:54:37,19.17,2480.64,,
11777,09/30/2021 17:04:37,19.17,2627.84,,
11778,09/30/2021 17:14:37,19.26,2795.52,,
11779,09/30/2021 17:24:37,19.39,2732.80,,
11780,09/30/2021 17:34:37,19.26,2787.84,,
11781,09/30/2021 17:44:37,18.92,2795.52,,
11782,09/30/2021 17:54:37,18.87,2503.04,,
11783,09/30/2021 18:04:37,18.40,1916.16,,
11784,09/30/2021 18:14:37,17.89,1718.40,,
11785,09/30/2021 18:24:37,17.46,1324.16,,
11786,09/30/2021 18:34:37,17.03,639.36,,
11787,09/30/2021 18:44:37,16.51,98.08,,
11788,09/30/2021 18:54:37,16.30,43.44,,
11789,09/30/2021 19:04:37,16.08,12.26,,
11790,09/30/2021 19:14:37,15.83,1.92,,
11791,09/30/2021 19:24:37,15.78,0.00,,
11792,09/30/2021 19:34:37,15.61,0.00,,
11793,09/30/2021 19:44:37,15.66,0.00,,
11794,09/30/2021 19:54:37,14.67,0.00,,
11795,09/30/2021 20:04:37,14.11,0.00,,
11796,09/30/2021 20:14:37,14.07,0.00,,
11797,09/30/2021 20:24:37,13.51,0.00,,
11798,09/30/2021 20:34:37,13.17,0.00,,
11799,09/30/2021 20:44:37,12.82,0.00,,
11800,09/30/2021 20:54:37,12.61,0.00,,
11801,09/30/2021 21:04:37,12.27,0.00,,
11802,09/30/2021 21:14:37,12.14,0.00,,
11803,09/30/2021 21:24:37,12.10,0.00,,
11804,09/30/2021 21:34:37,12.14,0.00,,
11805,09/30/2021 21:44:37,12.27,0.00,,
11806,09/30/2021 21:54:37,12.48,0.00,,
11807,09/30/2021 22:04:37,12.31,0.00,,
11808,09/30/2021 22:14:37,12.10,0.00,,
11809,09/30/2021 22:24:37,11.97,0.00,,
11810,09/30/2021 22:34:37,11.88,0.00,,
11811,09/30/2021 22:44:37,11.84,0.00,,
11812,09/30/2021 22:54:37,12.14,0.00,,
11813,09/30/2021 23:04:37,12.14,0.00,,
11814,09/30/2021 23:14:37,11.11,0.00,,
11815,09/30/2021 23:24:37,10.89,0.00,,
11816,09/30/2021 23:34:37,10.51,0.00,,
11817,09/30/2021 23:44:37,10.77,0.00,,
11818,09/30/2021 23:54:37,10.16,0.00,,
11819,10/01/2021 00:04:37,10.64,0.00,,
11820,10/01/2021 00:14:37,10.72,0.00,,
11821,10/01/2021 00:24:37,10.46,0.00,,
11822,10/01/2021 00:34:37,11.07,0.00,,
11823,10/01/2021 00:44:37,11.07,0.00,,
11824,10/01/2021 00:54:37,11.15,0.00,,
11825,10/01/2021 01:04:37,11.02,0.00,,
11826,10/01/2021 01:14:37,10.68,0.00,,
11827,10/01/2021 01:24:37,10.55,0.00,,
11828,10/01/2021 01:34:37,10.51,0.00,,
11829,10/01/2021 01:44:37,10.64,0.00,,
11830,10/01/2021 01:54:37,10.38,0.00,,
11831,10/01/2021 02:04:37,9.95,0.00,,
11832,10/01/2021 02:14:37,9.99,0.00,,
11833,10/01/2021 02:24:37,10.08,0.00,,
11834,10/01/2021 02:34:37,8.96,0.00,,
11835,10/01/2021 02:44:37,9.01,0.00,,
11836,10/01/2021 02:54:37,9.14,0.00,,
11837,10/01/2021 03:04:37,9.31,0.00,,
11838,10/01/2021 03:14:37,8.96,0.00,,
11839,10/01/2021 03:24:37,8.83,0.00,,
11840,10/01/2021 03:34:37,9.31,0.00,,
11841,10/01/2021 03:44:37,9.31,0.00,,
11842,10/01/2021 03:54:37,9.05,0.00,,
11843,10/01/2021 04:04:37,8.96,0.00,,
11844,10/01/2021 04:14:37,8.96,0.00,,
11845,10/01/2021 04:24:37,8.79,0.00,,
11846,10/01/2021 04:34:37,8.79,0.00,,
11847,10/01/2021 04:44:37,9.01,0.00,,
11848,10/01/2021 04:54:37,8.88,0.00,,
11849,10/01/2021 05:04:37,8.66,0.00,,
11850,10/01/2021 05:14:37,8.79,0.00,,
11851,10/01/2021 05:24:37,8.53,0.00,,
11852,10/01/2021 05:34:37,7.89,0.00,,
11853,10/01/2021 05:44:37,7.42,0.00,,
11854,10/01/2021 05:54:37,7.68,0.00,,
11855,10/01/2021 06:04:37,7.42,0.00,,
11856,10/01/2021 06:14:37,7.59,0.00,,
11857,10/01/2021 06:24:37,7.76,0.00,,
11858,10/01/2021 06:34:37,7.46,0.00,,
11859,10/01/2021 06:44:37,7.68,0.00,,
11860,10/01/2021 06:54:37,7.81,3.66,,
11861,10/01/2021 07:04:37,7.81,20.83,,
11862,10/01/2021 07:14:37,8.23,61.04,,
11863,10/01/2021 07:24:37,8.36,119.56,,
11864,10/01/2021 07:34:37,7.93,182.24,,
11865,10/01/2021 07:44:37,8.23,239.12,,
11866,10/01/2021 07:54:37,9.31,1395.84,,
11867,10/01/2021 08:04:37,10.12,1317.76,,
11868,10/01/2021 08:14:37,10.72,1484.80,,
11869,10/01/2021 08:24:37,10.89,1710.72,,
11870,10/01/2021 08:34:37,11.37,2048.00,,
11871,10/01/2021 08:44:37,12.10,1926.40,,
11872,10/01/2021 08:54:37,12.52,2010.24,,
11873,10/01/2021 09:04:37,12.82,2048.00,,
11874,10/01/2021 09:14:37,13.25,1955.84,,
11875,10/01/2021 09:24:37,13.73,1940.48,,
11876,10/01/2021 09:34:37,14.15,1885.44,,
11877,10/01/2021 09:44:37,14.63,1983.36,,
11878,10/01/2021 09:54:37,15.27,1889.28,,
11879,10/01/2021 10:04:37,15.78,1950.72,,
11880,10/01/2021 10:14:37,16.64,1890.56,,
11881,10/01/2021 10:24:37,17.63,1868.80,,
11882,10/01/2021 10:34:37,18.14,1815.68,,
11883,10/01/2021 10:44:37,18.49,1786.24,,
11884,10/01/2021 10:54:37,18.83,1879.04,,
11885,10/01/2021 11:04:37,19.09,1717.12,,
11886,10/01/2021 11:14:37,19.43,1495.04,,
11887,10/01/2021 11:24:37,19.82,1601.28,,
11888,10/01/2021 11:34:37,19.95,1510.40,,
11889,10/01/2021 11:44:37,19.77,1582.72,,
11890,10/01/2021 11:54:37,20.25,1411.84,,
11891,10/01/2021 12:04:37,19.99,1289.92,,
11892,10/01/2021 12:14:37,20.20,1345.92,,
11893,10/01/2021 12:24:37,20.25,1416.96,,
11894,10/01/2021 12:34:37,20.68,1404.16,,
11895,10/01/2021 12:44:37,21.83,1189.76,,
11896,10/01/2021 12:54:37,21.06,1169.28,,
11897,10/01/2021 13:04:37,21.06,1163.52,,
11898,10/01/2021 13:14:37,20.55,1222.40,,
11899,10/01/2021 13:24:37,19.56,1163.52,,
11900,10/01/2021 13:34:37,19.22,1203.52,,
11901,10/01/2021 13:44:37,19.22,1201.92,,
11902,10/01/2021 13:54:37,19.52,1168.64,,
11903,10/01/2021 14:04:37,19.22,1248.96,,
11904,10/01/2021 14:14:37,18.62,1272.00,,
11905,10/01/2021 14:24:37,18.57,1292.48,,
11906,10/01/2021 14:34:37,18.49,1324.80,,
11907,10/01/2021 14:44:37,18.62,1475.84,,
11908,10/01/2021 14:54:37,18.83,1503.36,,
11909,10/01/2021 15:04:37,19.05,1533.44,,
11910,10/01/2021 15:14:37,19.30,1489.28,,
11911,10/01/2021 15:24:37,19.09,1544.32,,
11912,10/01/2021 15:34:37,19.13,1707.52,,
11913,10/01/2021 15:44:37,18.96,1902.72,,
11914,10/01/2021 15:54:37,18.96,1962.88,,
11915,10/01/2021 16:04:37,18.87,1904.64,,
11916,10/01/2021 16:14:37,18.96,2000.00,,
11917,10/01/2021 16:24:37,18.79,2213.76,,
11918,10/01/2021 16:34:37,18.87,2842.88,,
11919,10/01/2021 16:44:37,18.92,2475.52,,
11920,10/01/2021 16:54:37,19.22,2291.20,,
11921,10/01/2021 17:04:37,19.69,2554.24,,
11922,10/01/2021 17:14:37,19.95,2654.72,,
11923,10/01/2021 17:24:37,18.57,2681.60,,
11924,10/01/2021 17:34:37,17.84,2796.80,,
11925,10/01/2021 17:44:37,17.50,2501.12,,
11926,10/01/2021 17:54:37,17.29,2186.88,,
11927,10/01/2021 18:04:37,17.37,2077.44,,
11928,10/01/2021 18:14:37,16.94,1591.68,,
11929,10/01/2021 18:24:37,16.56,1064.32,,
11930,10/01/2021 18:34:37,16.39,408.16,,
11931,10/01/2021 18:44:37,15.96,85.16,,
11932,10/01/2021 18:54:37,15.70,33.98,,
11933,10/01/2021 19:04:37,15.57,9.03,,
11934,10/01/2021 19:14:37,15.57,0.85,,
11935,10/01/2021 19:24:37,15.44,0.00,,
11936,10/01/2021 19:34:37,15.27,0.00,,
11937,10/01/2021 19:44:37,14.67,0.00,,
11938,10/01/2021 19:54:37,14.03,0.00,,
11939,10/01/2021 20:04:37,13.64,0.00,,
11940,10/01/2021 20:14:37,13.04,0.00,,
11941,10/01/2021 20:24:37,13.12,0.00,,
11942,10/01/2021 20:34:37,12.48,0.00,,
11943,10/01/2021 20:44:37,12.48,0.00,,
11944,10/01/2021 20:54:37,12.48,0.00,,
11945,10/01/2021 21:04:37,12.14,0.00,,
11946,10/01/2021 21:14:37,12.14,0.00,,
11947,10/01/2021 21:24:37,11.92,0.00,,
11948,10/01/2021 21:34:37,12.10,0.00,,
11949,10/01/2021 21:44:37,11.67,0.00,,
11950,10/01/2021 21:54:37,12.10,0.00,,
11951,10/01/2021 22:04:37,11.71,0.00,,
11952,10/01/2021 22:14:37,11.67,0.00,,
11953,10/01/2021 22:24:37,11.37,0.00,,
11954,10/01/2021 22:34:37,11.49,0.00,,
11955,10/01/2021 22:44:37,11.24,0.00,,
11956,10/01/2021 22:54:37,11.28,0.00,,
11957,10/01/2021 23:04:37,11.71,0.00,,
11958,10/01/2021 23:14:37,11.62,0.00,,
11959,10/01/2021 23:24:37,11.37,0.00,,
11960,10/01/2021 23:34:37,11.54,0.00,,
11961,10/01/2021 23:44:37,12.01,0.00,,
11962,10/01/2021 23:54:37,11.75,0.00,,
11963,10/02/2021 00:04:37,10.55,0.00,,
11964,10/02/2021 00:14:37,10.98,0.00,,
11965,10/02/2021 00:24:37,11.41,0.00,,
11966,10/02/2021 00:34:37,11.32,0.00,,
11967,10/02/2021 00:44:37,10.85,0.00,,
11968,10/02/2021 00:54:37,10.64,0.00,,
11969,10/02/2021 01:04:37,9.78,0.00,,
11970,10/02/2021 01:14:37,9.61,0.00,,
11971,10/02/2021 01:24:37,10.55,0.00,,
11972,10/02/2021 01:34:37,10.89,0.00,,
11973,10/02/2021 01:44:37,9.91,0.00,,
11974,10/02/2021 01:54:37,9.99,0.00,,
11975,10/02/2021 02:04:37,9.69,0.00,,
11976,10/02/2021 02:14:37,9.56,0.00,,
11977,10/02/2021 02:24:37,9.26,0.00,,
11978,10/02/2021 02:34:37,10.16,0.00,,
11979,10/02/2021 02:44:37,10.59,0.00,,
11980,10/02/2021 02:54:37,10.25,0.00,,
11981,10/02/2021 03:04:37,10.08,0.00,,
11982,10/02/2021 03:14:37,10.08,0.00,,
11983,10/02/2021 03:24:37,9.69,0.00,,
11984,10/02/2021 03:34:37,9.95,0.00,,
11985,10/02/2021 03:44:37,9.65,0.00,,
11986,10/02/2021 03:54:37,9.69,0.00,,
11987,10/02/2021 04:04:37,9.48,0.00,,
11988,10/02/2021 04:14:37,9.39,0.00,,
11989,10/02/2021 04:24:37,9.26,0.00,,
11990,10/02/2021 04:34:37,9.14,0.00,,
11991,10/02/2021 04:44:37,9.05,0.00,,
11992,10/02/2021 04:54:37,8.96,0.00,,
11993,10/02/2021 05:04:37,8.96,0.00,,
11994,10/02/2021 05:14:37,9.01,0.00,,
11995,10/02/2021 05:24:37,9.01,0.00,,
11996,10/02/2021 05:34:37,8.75,0.00,,
11997,10/02/2021 05:44:37,8.41,0.00,,
11998,10/02/2021 05:54:37,7.85,0.00,,
11999,10/02/2021 06:04:37,8.32,0.00,,
12000,10/02/2021 06:14:37,8.32,0.00,,
12001,10/02/2021 06:24:37,8.32,0.00,,
12002,10/02/2021 06:34:37,8.15,0.00,,
12003,10/02/2021 06:44:37,7.50,0.00,,
12004,10/02/2021 06:54:37,7.20,2.59,,
12005,10/02/2021 07:04:37,7.16,17.17,,
12006,10/02/2021 07:14:37,7.29,52.68,,
12007,10/02/2021 07:24:37,7.59,110.04,,
12008,10/02/2021 07:34:37,7.93,175.44,,
12009,10/02/2021 07:44:37,8.36,241.68,,
12010,10/02/2021 07:54:37,8.92,899.20,,
12011,10/02/2021 08:04:37,9.35,1306.88,,
12012,10/02/2021 08:14:37,10.34,1464.96,,
12013,10/02/2021 08:24:37,10.42,1611.52,,
12014,10/02/2021 08:34:37,11.19,1701.12,,
12015,10/02/2021 08:44:37,12.31,1760.64,,
12016,10/02/2021 08:54:37,12.74,1859.84,,
12017,10/02/2021 09:04:37,12.87,1887.36,,
12018,10/02/2021 09:14:37,13.17,1981.44,,
12019,10/02/2021 09:24:37,13.51,1894.40,,
12020,10/02/2021 09:34:37,13.94,1918.08,,
12021,10/02/2021 09:44:37,14.63,1868.80,,
12022,10/02/2021 09:54:37,15.61,1760.64,,
12023,10/02/2021 10:04:37,16.43,1777.92,,
12024,10/02/2021 10:14:37,16.94,2063.36,,
12025,10/02/2021 10:24:37,17.11,1678.72,,
12026,10/02/2021 10:34:37,17.46,1829.12,,
12027,10/02/2021 10:44:37,17.80,2051.20,,
12028,10/02/2021 10:54:37,18.19,1676.80,,
12029,10/02/2021 11:04:37,18.57,1719.68,,
12030,10/02/2021 11:14:37,18.87,1567.36,,
12031,10/02/2021 11:24:37,19.13,1343.36,,
12032,10/02/2021 11:34:37,19.35,1624.32,,
12033,10/02/2021 11:44:37,19.43,1630.08,,
12034,10/02/2021 11:54:37,19.52,1604.48,,
12035,10/02/2021 12:04:37,19.69,1441.92,,
12036,10/02/2021 12:14:37,19.82,1507.84,,
12037,10/02/2021 12:24:37,19.13,1304.32,,
12038,10/02/2021 12:34:37,19.05,1244.48,,
12039,10/02/2021 12:44:37,19.35,1223.36,,
12040,10/02/2021 12:54:37,19.30,1373.44,,
12041,10/02/2021 13:04:37,19.22,1184.00,,
12042,10/02/2021 13:14:37,19.26,1288.96,,
12043,10/02/2021 13:24:37,19.22,1148.16,,
12044,10/02/2021 13:34:37,18.92,1182.08,,
12045,10/02/2021 13:44:37,18.74,1233.60,,
12046,10/02/2021 13:54:37,18.53,1205.44,,
12047,10/02/2021 14:04:37,18.32,1242.88,,
12048,10/02/2021 14:14:37,18.23,1307.84,,
12049,10/02/2021 14:24:37,18.23,1272.96,,
12050,10/02/2021 14:34:37,18.49,1320.32,,
12051,10/02/2021 14:44:37,18.66,1415.68,,
12052,10/02/2021 14:54:37,18.79,1559.04,,
12053,10/02/2021 15:04:37,18.79,1474.56,,
12054,10/02/2021 15:14:37,18.62,1652.48,,
12055,10/02/2021 15:24:37,18.49,1742.72,,
12056,10/02/2021 15:34:37,18.40,1742.08,,
12057,10/02/2021 15:44:37,18.40,1729.92,,
12058,10/02/2021 15:54:37,18.32,1868.80,,
12059,10/02/2021 16:04:37,18.57,1952.64,,
12060,10/02/2021 16:14:37,18.62,2035.84,,
12061,10/02/2021 16:24:37,19.00,2030.72,,
12062,10/02/2021 16:34:37,19.13,2147.20,,
12063,10/02/2021 16:44:37,19.17,2332.16,,
12064,10/02/2021 16:54:37,19.22,2374.40,,
12065,10/02/2021 17:04:37,19.26,2791.68,,
12066,10/02/2021 17:14:37,19.22,2465.28,,
12067,10/02/2021 17:24:37,19.13,2566.40,,
12068,10/02/2021 17:34:37,18.96,2535.68,,
12069,10/02/2021 17:44:37,18.79,2572.80,,
12070,10/02/2021 17:54:37,18.74,2236.16,,
12071,10/02/2021 18:04:37,18.66,1984.64,,
12072,10/02/2021 18:14:37,18.62,1563.52,,
12073,10/02/2021 18:24:37,18.49,935.04,,
12074,10/02/2021 18:34:37,18.19,184.40,,
12075,10/02/2021 18:44:37,17.89,67.10,,
12076,10/02/2021 18:54:37,17.54,23.02,,
12077,10/02/2021 19:04:37,17.16,5.79,,
12078,10/02/2021 19:14:37,17.07,0.21,,
12079,10/02/2021 19:24:37,16.47,0.00,,
12080,10/02/2021 19:34:37,15.27,0.00,,
12081,10/02/2021 19:44:37,14.54,0.00,,
12082,10/02/2021 19:54:37,14.11,0.00,,
12083,10/02/2021 20:04:37,14.11,0.00,,
12084,10/02/2021 20:14:37,13.43,0.00,,
12085,10/02/2021 20:24:37,13.08,0.00,,
12086,10/02/2021 20:34:37,12.78,0.00,,
12087,10/02/2021 20:44:37,13.25,0.00,,
12088,10/02/2021 20:54:37,12.65,0.00,,
12089,10/02/2021 21:04:37,12.61,0.00,,
12090,10/02/2021 21:14:37,12.91,0.00,,
12091,10/02/2021 21:24:37,12.52,0.00,,
12092,10/02/2021 21:34:37,12.44,0.00,,
12093,10/02/2021 21:44:37,12.48,0.00,,
12094,10/02/2021 21:54:37,12.52,0.00,,
12095,10/02/2021 22:04:37,12.31,0.00,,
12096,10/02/2021 22:14:37,12.48,0.00,,
12097,10/02/2021 22:24:37,12.65,0.00,,
12098,10/02/2021 22:34:37,12.61,0.00,,
12099,10/02/2021 22:44:37,12.78,0.00,,
12100,10/02/2021 22:54:37,12.61,0.00,,
12101,10/02/2021 23:04:37,12.18,0.00,,
12102,10/02/2021 23:14:37,12.01,0.00,,
12103,10/02/2021 23:24:37,12.10,0.00,,
12104,10/02/2021 23:34:37,11.92,0.00,,
12105,10/02/2021 23:44:37,11.54,0.00,,
12106,10/02/2021 23:54:37,11.71,0.00,,
12107,10/03/2021 00:04:37,11.88,0.00,,
12108,10/03/2021 00:14:37,11.58,0.00,,
12109,10/03/2021 00:24:37,11.49,0.00,,
12110,10/03/2021 00:34:37,11.71,0.00,,
12111,10/03/2021 00:44:37,10.68,0.00,,
12112,10/03/2021 00:54:37,10.64,0.00,,
12113,10/03/2021 01:04:37,9.52,0.00,,
12114,10/03/2021 01:14:37,9.31,0.00,,
12115,10/03/2021 01:24:37,9.35,0.00,,
12116,10/03/2021 01:34:37,9.31,0.00,,
12117,10/03/2021 01:44:37,9.22,0.00,,
12118,10/03/2021 01:54:37,9.22,0.00,,
12119,10/03/2021 02:04:37,10.16,0.00,,
12120,10/03/2021 02:14:37,9.48,0.00,,
12121,10/03/2021 02:24:37,9.18,0.00,,
12122,10/03/2021 02:34:37,8.88,0.00,,
12123,10/03/2021 02:44:37,9.26,0.00,,
12124,10/03/2021 02:54:37,8.79,0.00,,
12125,10/03/2021 03:04:37,9.91,0.00,,
12126,10/03/2021 03:14:37,10.55,0.00,,
12127,10/03/2021 03:24:37,9.69,0.00,,
12128,10/03/2021 03:34:37,9.01,0.00,,
12129,10/03/2021 03:44:37,9.18,0.00,,
12130,10/03/2021 03:54:37,9.22,0.00,,
12131,10/03/2021 04:04:37,8.88,0.00,,
12132,10/03/2021 04:14:37,8.49,0.00,,
12133,10/03/2021 04:24:37,8.36,0.00,,
12134,10/03/2021 04:34:37,8.75,0.00,,
12135,10/03/2021 04:44:37,9.14,0.00,,
12136,10/03/2021 04:54:37,9.18,0.00,,
12137,10/03/2021 05:04:37,9.26,0.00,,
12138,10/03/2021 05:14:37,9.31,0.00,,
12139,10/03/2021 05:24:37,8.96,0.00,,
12140,10/03/2021 05:34:37,7.98,0.00,,
12141,10/03/2021 05:44:37,8.79,0.00,,
12142,10/03/2021 05:54:37,8.58,0.00,,
12143,10/03/2021 06:04:37,8.02,0.00,,
12144,10/03/2021 06:14:37,8.92,0.00,,
12145,10/03/2021 06:24:37,8.75,0.00,,
12146,10/03/2021 06:34:37,8.53,0.00,,
12147,10/03/2021 06:44:37,8.19,0.00,,
12148,10/03/2021 06:54:37,8.36,2.13,,
12149,10/03/2021 07:04:37,8.75,13.97,,
12150,10/03/2021 07:14:37,7.93,44.28,,
12151,10/03/2021 07:24:37,8.15,91.08,,
12152,10/03/2021 07:34:37,8.02,147.88,,
12153,10/03/2021 07:44:37,8.45,213.12,,
12154,10/03/2021 07:54:37,8.71,655.68,,
12155,10/03/2021 08:04:37,9.69,1188.16,,
12156,10/03/2021 08:14:37,10.38,1480.32,,
12157,10/03/2021 08:24:37,11.11,1608.96,,
12158,10/03/2021 08:34:37,11.41,1801.60,,
12159,10/03/2021 08:44:37,12.01,1851.52,,
12160,10/03/2021 08:54:37,12.91,1844.48,,
12161,10/03/2021 09:04:37,13.60,1890.56,,
12162,10/03/2021 09:14:37,13.94,1877.12,,
12163,10/03/2021 09:24:37,14.37,1851.52,,
12164,10/03/2021 09:34:37,15.06,1959.04,,
12165,10/03/2021 09:44:37,15.74,1973.12,,
12166,10/03/2021 09:54:37,16.47,1994.88,,
12167,10/03/2021 10:04:37,16.51,1952.64,,
12168,10/03/2021 10:14:37,16.73,1991.68,,
12169,10/03/2021 10:24:37,16.94,2010.24,,
12170,10/03/2021 10:34:37,17.37,1911.04,,
12171,10/03/2021 10:44:37,17.80,1866.88,,
12172,10/03/2021 10:54:37,18.19,1940.48,,
12173,10/03/2021 11:04:37,18.62,1782.40,,
12174,10/03/2021 11:14:37,18.87,1692.16,,
12175,10/03/2021 11:24:37,19.30,1625.60,,
12176,10/03/2021 11:34:37,19.95,1510.40,,
12177,10/03/2021 11:44:37,19.90,1635.20,,
12178,10/03/2021 11:54:37,19.95,1388.16,,
12179,10/03/2021 12:04:37,19.99,1310.08,,
12180,10/03/2021 12:14:37,20.16,1495.04,,
12181,10/03/2021 12:24:37,20.46,1566.72,,
12182,10/03/2021 12:34:37,20.85,1358.72,,
12183,10/03/2021 12:44:37,21.06,1243.84,,
12184,10/03/2021 12:54:37,20.80,1447.68,,
12185,10/03/2021 13:04:37,20.72,1212.16,,
12186,10/03/2021 13:14:37,21.02,1437.44,,
12187,10/03/2021 13:24:37,20.98,1301.12,,
12188,10/03/2021 13:34:37,21.58,1288.32,,
12189,10/03/2021 13:44:37,21.53,1288.32,,
12190,10/03/2021 13:54:37,21.32,1232.64,,
12191,10/03/2021 14:04:37,21.32,1292.48,,
12192,10/03/2021 14:14:37,20.72,1367.68,,
12193,10/03/2021 14:24:37,20.33,1448.96,,
12194,10/03/2021 14:34:37,20.25,1425.92,,
12195,10/03/2021 14:44:37,20.12,1390.08,,
12196,10/03/2021 14:54:37,20.37,1490.56,,
12197,10/03/2021 15:04:37,20.29,1504.64,,
12198,10/03/2021 15:14:37,20.25,1628.16,,
12199,10/03/2021 15:24:37,20.16,1726.72,,
12200,10/03/2021 15:34:37,20.20,1701.12,,
12201,10/03/2021 15:44:37,20.16,1761.92,,
12202,10/03/2021 15:54:37,20.20,1900.80,,
12203,10/03/2021 16:04:37,20.29,2070.40,,
12204,10/03/2021 16:14:37,20.16,2232.96,,
12205,10/03/2021 16:24:37,20.29,2138.88,,
12206,10/03/2021 16:34:37,20.16,2335.36,,
12207,10/03/2021 16:44:37,19.99,2463.36,,
12208,10/03/2021 16:54:37,19.77,2622.72,,
12209,10/03/2021 17:04:37,19.69,2630.40,,
12210,10/03/2021 17:14:37,19.65,2727.68,,
12211,10/03/2021 17:24:37,19.60,2730.24,,
12212,10/03/2021 17:34:37,19.82,2673.92,,
12213,10/03/2021 17:44:37,19.43,2386.56,,
12214,10/03/2021 17:54:37,19.39,2275.20,,
12215,10/03/2021 18:04:37,19.22,1962.88,,
12216,10/03/2021 18:14:37,19.09,1478.40,,
12217,10/03/2021 18:24:37,18.96,986.56,,
12218,10/03/2021 18:34:37,18.57,138.48,,
12219,10/03/2021 18:44:37,18.27,68.44,,
12220,10/03/2021 18:54:37,18.23,24.52,,
12221,10/03/2021 19:04:37,18.02,5.37,,
12222,10/03/2021 19:14:37,17.59,0.21,,
12223,10/03/2021 19:24:37,17.46,0.00,,
12224,10/03/2021 19:34:37,17.29,0.00,,
12225,10/03/2021 19:44:37,16.30,0.00,,
12226,10/03/2021 19:54:37,15.53,0.00,,
12227,10/03/2021 20:04:37,14.33,0.00,,
12228,10/03/2021 20:14:37,13.68,0.00,,
12229,10/03/2021 20:24:37,13.94,0.00,,
12230,10/03/2021 20:34:37,13.34,0.00,,
12231,10/03/2021 20:44:37,13.08,0.00,,
12232,10/03/2021 20:54:37,12.48,0.00,,
12233,10/03/2021 21:04:37,12.31,0.00,,
12234,10/03/2021 21:14:37,12.22,0.00,,
12235,10/03/2021 21:24:37,12.31,0.00,,
12236,10/03/2021 21:34:37,12.35,0.00,,
12237,10/03/2021 21:44:37,12.61,0.00,,
12238,10/03/2021 21:54:37,12.35,0.00,,
12239,10/03/2021 22:04:37,12.40,0.00,,
12240,10/03/2021 22:14:37,11.97,0.00,,
12241,10/03/2021 22:24:37,11.54,0.00,,
12242,10/03/2021 22:34:37,11.54,0.00,,
12243,10/03/2021 22:44:37,11.41,0.00,,
12244,10/03/2021 22:54:37,11.71,0.00,,
12245,10/03/2021 23:04:37,11.37,0.00,,
12246,10/03/2021 23:14:37,11.58,0.00,,
12247,10/03/2021 23:24:37,11.19,0.00,,
12248,10/03/2021 23:34:37,12.05,0.00,,
12249,10/03/2021 23:44:37,11.32,0.00,,
12250,10/03/2021 23:54:37,11.28,0.00,,
12251,10/04/2021 00:04:37,11.41,0.00,,
12252,10/04/2021 00:14:37,11.15,0.00,,
12253,10/04/2021 00:24:37,10.94,0.00,,
12254,10/04/2021 00:34:37,10.55,0.00,,
12255,10/04/2021 00:44:37,10.08,0.00,,
12256,10/04/2021 00:54:37,10.42,0.00,,
12257,10/04/2021 01:04:37,10.94,0.00,,
12258,10/04/2021 01:14:37,11.41,0.00,,
12259,10/04/2021 01:24:37,10.04,0.00,,
12260,10/04/2021 01:34:37,10.29,0.00,,
12261,10/04/2021 01:44:37,9.44,0.00,,
12262,10/04/2021 01:54:37,9.48,0.00,,
12263,10/04/2021 02:04:37,10.12,0.00,,
12264,10/04/2021 02:14:37,9.09,0.00,,
12265,10/04/2021 02:24:37,9.65,0.00,,
12266,10/04/2021 02:34:37,10.34,0.00,,
12267,10/04/2021 02:44:37,9.14,0.00,,
12268,10/04/2021 02:54:37,8.79,0.00,,
12269,10/04/2021 03:04:37,9.14,0.00,,
12270,10/04/2021 03:14:37,8.83,0.00,,
12271,10/04/2021 03:24:37,9.14,0.00,,
12272,10/04/2021 03:34:37,9.09,0.00,,
12273,10/04/2021 03:44:37,8.75,0.00,,
12274,10/04/2021 03:54:37,9.65,0.00,,
12275,10/04/2021 04:04:37,9.69,0.00,,
12276,10/04/2021 04:14:37,9.56,0.00,,
12277,10/04/2021 04:24:37,9.39,0.00,,
12278,10/04/2021 04:34:37,9.22,0.00,,
12279,10/04/2021 04:44:37,9.09,0.00,,
12280,10/04/2021 04:54:37,9.18,0.00,,
12281,10/04/2021 05:04:37,8.88,0.00,,
12282,10/04/2021 05:14:37,8.71,0.00,,
12283,10/04/2021 05:24:37,8.79,0.00,,
12284,10/04/2021 05:34:37,8.23,0.00,,
12285,10/04/2021 05:44:37,8.49,0.00,,
12286,10/04/2021 05:54:37,8.66,0.00,,
12287,10/04/2021 06:04:37,8.19,0.00,,
12288,10/04/2021 06:14:37,7.85,0.00,,
12289,10/04/2021 06:24:37,7.38,0.00,,
12290,10/04/2021 06:34:37,7.16,0.00,,
12291,10/04/2021 06:44:37,7.42,0.00,,
12292,10/04/2021 06:54:37,6.82,1.06,,
12293,10/04/2021 07:04:37,7.03,9.45,,
12294,10/04/2021 07:14:37,7.98,34.19,,
12295,10/04/2021 07:24:37,7.50,81.32,,
12296,10/04/2021 07:34:37,7.85,148.00,,
12297,10/04/2021 07:44:37,6.99,221.20,,
12298,10/04/2021 07:54:37,7.85,546.24,,
12299,10/04/2021 08:04:37,8.96,982.08,,
12300,10/04/2021 08:14:37,9.86,1124.16,,
12301,10/04/2021 08:24:37,10.46,1322.88,,
12302,10/04/2021 08:34:37,10.85,1502.08,,
12303,10/04/2021 08:44:37,11.49,1546.88,,
12304,10/04/2021 08:54:37,11.84,1605.12,,
12305,10/04/2021 09:04:37,12.18,1709.44,,
12306,10/04/2021 09:14:37,12.74,1760.64,,
12307,10/04/2021 09:24:37,13.43,1761.92,,
12308,10/04/2021 09:34:37,13.68,1942.40,,
12309,10/04/2021 09:44:37,14.20,1861.76,,
12310,10/04/2021 09:54:37,14.58,1827.84,,
12311,10/04/2021 10:04:37,14.75,1984.64,,
12312,10/04/2021 10:14:37,15.18,1851.52,,
12313,10/04/2021 10:24:37,15.78,1764.48,,
12314,10/04/2021 10:34:37,16.43,1885.44,,
12315,10/04/2021 10:44:37,16.81,1738.88,,
12316,10/04/2021 10:54:37,18.10,1680.64,,
12317,10/04/2021 11:04:37,18.49,1484.16,,
12318,10/04/2021 11:14:37,18.32,1619.20,,
12319,10/04/2021 11:24:37,18.14,1655.04,,
12320,10/04/2021 11:34:37,17.33,1569.28,,
12321,10/04/2021 11:44:37,17.03,1668.48,,
12322,10/04/2021 11:54:37,16.94,1728.64,,
12323,10/04/2021 12:04:37,16.94,1408.64,,
12324,10/04/2021 12:14:37,16.90,1578.88,,
12325,10/04/2021 12:24:37,17.33,1475.84,,
12326,10/04/2021 12:34:37,17.59,1425.92,,
12327,10/04/2021 12:44:37,17.59,1500.80,,
12328,10/04/2021 12:54:37,17.41,1428.48,,
12329,10/04/2021 13:04:37,17.24,1507.84,,
12330,10/04/2021 13:14:37,16.90,1441.92,,
12331,10/04/2021 13:24:37,16.73,1419.52,,
12332,10/04/2021 13:34:37,16.56,1402.88,,
12333,10/04/2021 13:44:37,16.56,1421.44,,
12334,10/04/2021 13:54:37,16.69,1447.04,,
12335,10/04/2021 14:04:37,16.73,1498.24,,
12336,10/04/2021 14:14:37,16.43,1475.84,,
12337,10/04/2021 14:24:37,16.56,1463.04,,
12338,10/04/2021 14:34:37,16.69,1556.48,,
12339,10/04/2021 14:44:37,16.73,1496.96,,
12340,10/04/2021 14:54:37,16.73,1638.40,,
12341,10/04/2021 15:04:37,16.56,1612.16,,
12342,10/04/2021 15:14:37,16.60,1701.76,,
12343,10/04/2021 15:24:37,16.64,1635.84,,
12344,10/04/2021 15:34:37,16.69,1728.64,,
12345,10/04/2021 15:44:37,16.64,1806.72,,
12346,10/04/2021 15:54:37,16.39,1846.40,,
12347,10/04/2021 16:04:37,16.34,1796.48,,
12348,10/04/2021 16:14:37,16.00,1818.88,,
12349,10/04/2021 16:24:37,16.21,1854.72,,
12350,10/04/2021 16:34:37,16.30,1849.60,,
12351,10/04/2021 16:44:37,16.21,1816.96,,
12352,10/04/2021 16:54:37,16.13,1738.88,,
12353,10/04/2021 17:04:37,15.87,1796.48,,
12354,10/04/2021 17:14:37,15.61,1731.84,,
12355,10/04/2021 17:24:37,15.48,1701.12,,
12356,10/04/2021 17:34:37,15.18,1278.72,,
12357,10/04/2021 17:44:37,14.67,1124.16,,
12358,10/04/2021 17:54:37,14.37,1016.32,,
12359,10/04/2021 18:04:37,13.98,825.60,,
12360,10/04/2021 18:14:37,13.68,553.44,,
12361,10/04/2021 18:24:37,13.25,186.00,,
12362,10/04/2021 18:34:37,13.00,85.76,,
12363,10/04/2021 18:44:37,12.91,36.78,,
12364,10/04/2021 18:54:37,12.70,10.76,,
12365,10/04/2021 19:04:37,12.70,1.06,,
12366,10/04/2021 19:14:37,12.52,0.00,,
12367,10/04/2021 19:24:37,12.57,0.00,,
12368,10/04/2021 19:34:37,12.40,0.00,,
12369,10/04/2021 19:44:37,12.44,0.00,,
12370,10/04/2021 19:54:37,12.57,0.00,,
12371,10/04/2021 20:04:37,12.48,0.00,,
12372,10/04/2021 20:14:37,12.22,0.00,,
12373,10/04/2021 20:24:37,12.40,0.00,,
12374,10/04/2021 20:34:37,12.22,0.00,,
12375,10/04/2021 20:44:37,12.40,0.00,,
12376,10/04/2021 20:54:37,12.40,0.00,,
12377,10/04/2021 21:04:37,12.40,0.00,,
12378,10/04/2021 21:14:37,12.57,0.00,,
12379,10/04/2021 21:24:37,12.57,0.00,,
12380,10/04/2021 21:34:37,12.65,0.00,,
12381,10/04/2021 21:44:37,12.95,0.00,,
12382,10/04/2021 21:54:37,12.91,0.00,,
12383,10/04/2021 22:04:37,12.91,0.00,,
12384,10/04/2021 22:14:37,12.82,0.00,,
12385,10/04/2021 22:24:37,12.61,0.00,,
12386,10/04/2021 22:34:37,12.48,0.00,,
12387,10/04/2021 22:44:37,12.44,0.00,,
12388,10/04/2021 22:54:37,12.48,0.00,,
12389,10/04/2021 23:04:37,12.44,0.00,,
12390,10/04/2021 23:14:37,12.48,0.00,,
12391,10/04/2021 23:24:37,12.44,0.00,,
12392,10/04/2021 23:34:37,12.27,0.00,,
12393,10/04/2021 23:44:37,12.48,0.00,,
12394,10/04/2021 23:54:37,12.44,0.00,,
12395,10/05/2021 00:04:37,12.44,0.00,,
12396,10/05/2021 00:14:37,12.14,0.00,,
12397,10/05/2021 00:24:37,12.22,0.00,,
12398,10/05/2021 00:34:37,12.35,0.00,,
12399,10/05/2021 00:44:37,12.40,0.00,,
12400,10/05/2021 00:54:37,12.40,0.00,,
12401,10/05/2021 01:04:37,12.48,0.00,,
12402,10/05/2021 01:14:37,12.40,0.00,,
12403,10/05/2021 01:24:37,12.31,0.00,,
12404,10/05/2021 01:34:37,12.22,0.00,,
12405,10/05/2021 01:44:37,12.10,0.00,,
12406,10/05/2021 01:54:37,12.01,0.00,,
12407,10/05/2021 02:04:37,11.92,0.00,,
12408,10/05/2021 02:14:37,11.67,0.00,,
12409,10/05/2021 02:24:37,11.71,0.00,,
12410,10/05/2021 02:34:37,11.67,0.00,,
12411,10/05/2021 02:44:37,11.84,0.00,,
12412,10/05/2021 02:54:37,11.84,0.00,,
12413,10/05/2021 03:04:37,11.79,0.00,,
12414,10/05/2021 03:14:37,11.79,0.00,,
12415,10/05/2021 03:24:37,11.92,0.00,,
12416,10/05/2021 03:34:37,12.14,0.00,,
12417,10/05/2021 03:44:37,11.97,0.00,,
12418,10/05/2021 03:54:37,11.97,0.00,,
12419,10/05/2021 04:04:37,11.71,0.00,,
12420,10/05/2021 04:14:37,11.54,0.00,,
12421,10/05/2021 04:24:37,11.45,0.00,,
12422,10/05/2021 04:34:37,11.45,0.00,,
12423,10/05/2021 04:44:37,12.05,0.00,,
12424,10/05/2021 04:54:37,12.31,0.00,,
12425,10/05/2021 05:04:37,12.40,0.00,,
12426,10/05/2021 05:14:37,12.52,0.00,,
12427,10/05/2021 05:24:37,12.52,0.00,,
12428,10/05/2021 05:34:37,12.48,0.00,,
12429,10/05/2021 05:44:37,12.35,0.00,,
12430,10/05/2021 05:54:37,12.31,0.00,,
12431,10/05/2021 06:04:37,12.35,0.00,,
12432,10/05/2021 06:14:37,12.31,0.00,,
12433,10/05/2021 06:24:37,12.40,0.00,,
12434,10/05/2021 06:34:37,12.27,0.00,,
12435,10/05/2021 06:44:37,12.27,0.00,,
12436,10/05/2021 06:54:37,12.48,0.00,,
12437,10/05/2021 07:04:37,12.44,2.13,,
12438,10/05/2021 07:14:37,12.40,12.26,,
12439,10/05/2021 07:24:37,12.27,28.61,,
12440,10/05/2021 07:34:37,12.27,54.20,,
12441,10/05/2021 07:44:37,12.35,69.24,,
12442,10/05/2021 07:54:37,12.70,111.40,,
12443,10/05/2021 08:04:37,12.65,168.72,,
12444,10/05/2021 08:14:37,12.82,196.16,,
12445,10/05/2021 08:24:37,13.04,162.64,,
12446,10/05/2021 08:34:37,12.95,129.92,,
12447,10/05/2021 08:44:37,12.95,113.04,,
12448,10/05/2021 08:54:37,13.12,129.84,,
12449,10/05/2021 09:04:37,13.12,216.88,,
12450,10/05/2021 09:14:37,13.25,222.88,,
12451,10/05/2021 09:24:37,13.30,158.24,,
12452,10/05/2021 09:34:37,13.30,208.16,,
12453,10/05/2021 09:44:37,13.25,264.96,,
12454,10/05/2021 09:54:37,13.34,418.24,,
12455,10/05/2021 10:04:37,13.47,436.96,,
12456,10/05/2021 10:14:37,13.43,406.88,,
12457,10/05/2021 10:24:37,13.64,298.56,,
12458,10/05/2021 10:34:37,13.77,415.36,,
12459,10/05/2021 10:44:37,13.94,761.92,,
12460,10/05/2021 10:54:37,14.20,1137.60,,
12461,10/05/2021 11:04:37,14.37,1322.24,,
12462,10/05/2021 11:14:37,14.75,2241.28,,
12463,10/05/2021 11:24:37,14.84,1935.36,,
12464,10/05/2021 11:34:37,14.88,1832.96,,
12465,10/05/2021 11:44:37,14.93,1670.40,,
12466,10/05/2021 11:54:37,15.23,796.16,,
12467,10/05/2021 12:04:37,15.57,1473.28,,
12468,10/05/2021 12:14:37,15.91,1811.84,,
12469,10/05/2021 12:24:37,16.30,1560.96,,
12470,10/05/2021 12:34:37,16.21,1363.20,,
12471,10/05/2021 12:44:37,16.39,1449.60,,
12472,10/05/2021 12:54:37,16.30,1098.56,,
12473,10/05/2021 13:04:37,16.13,1688.32,,
12474,10/05/2021 13:14:37,15.91,1380.48,,
12475,10/05/2021 13:24:37,15.87,1470.08,,
12476,10/05/2021 13:34:37,16.04,1496.96,,
12477,10/05/2021 13:44:37,15.53,1536.00,,
12478,10/05/2021 13:54:37,15.31,1153.28,,
12479,10/05/2021 14:04:37,15.01,1256.64,,
12480,10/05/2021 14:14:37,14.97,1772.80,,
12481,10/05/2021 14:24:37,15.14,981.44,,
12482,10/05/2021 14:34:37,14.80,1075.20,,
12483,10/05/2021 14:44:37,14.54,1327.36,,
12484,10/05/2021 14:54:37,14.41,1527.68,,
12485,10/05/2021 15:04:37,14.63,1388.80,,
12486,10/05/2021 15:14:37,15.01,2042.88,,
12487,10/05/2021 15:24:37,15.23,1013.76,,
12488,10/05/2021 15:34:37,15.44,1109.44,,
12489,10/05/2021 15:44:37,15.01,1470.72,,
12490,10/05/2021 15:54:37,15.10,2483.84,,
12491,10/05/2021 16:04:37,15.27,1091.52,,
12492,10/05/2021 16:14:37,15.31,1882.24,,
12493,10/05/2021 16:24:37,15.27,1190.72,,
12494,10/05/2021 16:34:37,14.71,794.88,,
12495,10/05/2021 16:44:37,14.41,1754.24,,
12496,10/05/2021 16:54:37,14.88,2846.72,,
12497,10/05/2021 17:04:37,15.14,2895.36,,
12498,10/05/2021 17:14:37,15.14,2393.60,,
12499,10/05/2021 17:24:37,14.54,439.84,,
12500,10/05/2021 17:34:37,14.20,180.64,,
12501,10/05/2021 17:44:37,14.37,101.92,,
12502,10/05/2021 17:54:37,14.20,108.36,,
12503,10/05/2021 18:04:37,14.15,97.24,,
12504,10/05/2021 18:14:37,14.37,76.62,,
12505,10/05/2021 18:24:37,14.20,51.40,,
12506,10/05/2021 18:34:37,14.20,25.38,,
12507,10/05/2021 18:44:37,14.33,9.03,,
12508,10/05/2021 18:54:37,14.45,2.99,,
12509,10/05/2021 19:04:37,14.45,0.00,,
12510,10/05/2021 19:14:37,14.50,0.00,,
12511,10/05/2021 19:24:37,14.58,0.00,,
12512,10/05/2021 19:34:37,14.63,0.00,,
12513,10/05/2021 19:44:37,14.67,0.00,,
12514,10/05/2021 19:54:37,14.75,0.00,,
12515,10/05/2021 20:04:37,14.93,0.00,,
12516,10/05/2021 20:14:37,14.97,0.00,,
12517,10/05/2021 20:24:37,15.01,0.00,,
12518,10/05/2021 20:34:37,15.01,0.00,,
12519,10/05/2021 20:44:37,14.88,0.00,,
12520,10/05/2021 20:54:37,15.06,0.00,,
12521,10/05/2021 21:04:37,15.06,0.00,,
12522,10/05/2021 21:14:37,14.93,0.00,,
12523,10/05/2021 21:24:37,14.88,0.00,,
12524,10/05/2021 21:34:37,15.01,0.00,,
12525,10/05/2021 21:44:37,14.93,0.00,,
12526,10/05/2021 21:54:37,14.84,0.00,,
12527,10/05/2021 22:04:37,14.67,0.00,,
12528,10/05/2021 22:14:37,14.80,0.00,,
12529,10/05/2021 22:24:37,14.71,0.00,,
12530,10/05/2021 22:34:37,14.67,0.00,,
12531,10/05/2021 22:44:37,14.75,0.00,,
12532,10/05/2021 22:54:37,15.01,0.00,,
12533,10/05/2021 23:04:37,14.63,0.00,,
12534,10/05/2021 23:14:37,14.33,0.00,,
12535,10/05/2021 23:24:37,14.41,0.00,,
12536,10/05/2021 23:34:37,14.33,0.00,,
12537,10/05/2021 23:44:37,14.24,0.00,,
12538,10/05/2021 23:54:37,14.50,0.00,,
12539,10/06/2021 00:04:37,14.63,0.00,,
12540,10/06/2021 00:14:37,14.71,0.00,,
12541,10/06/2021 00:24:37,14.75,0.00,,
12542,10/06/2021 00:34:37,14.97,0.00,,
12543,10/06/2021 00:44:37,15.10,0.00,,
12544,10/06/2021 00:54:37,15.01,0.00,,
12545,10/06/2021 01:04:37,14.88,0.00,,
12546,10/06/2021 01:14:37,14.93,0.00,,
12547,10/06/2021 01:24:37,14.80,0.00,,
12548,10/06/2021 01:34:37,14.67,0.00,,
12549,10/06/2021 01:44:37,14.54,0.00,,
12550,10/06/2021 01:54:37,14.41,0.00,,
12551,10/06/2021 02:04:37,14.33,0.00,,
12552,10/06/2021 02:14:37,14.20,0.00,,
12553,10/06/2021 02:24:37,14.11,0.00,,
12554,10/06/2021 02:34:37,14.11,0.00,,
12555,10/06/2021 02:44:37,14.11,0.00,,
12556,10/06/2021 02:54:37,13.98,0.00,,
12557,10/06/2021 03:04:37,13.94,0.00,,
12558,10/06/2021 03:14:37,13.85,0.00,,
12559,10/06/2021 03:24:37,13.85,0.00,,
12560,10/06/2021 03:34:37,13.81,0.00,,
12561,10/06/2021 03:44:37,13.81,0.00,,
12562,10/06/2021 03:54:37,13.85,0.00,,
12563,10/06/2021 04:04:37,13.81,0.00,,
12564,10/06/2021 04:14:37,13.85,0.00,,
12565,10/06/2021 04:24:37,13.85,0.00,,
12566,10/06/2021 04:34:37,13.85,0.00,,
12567,10/06/2021 04:44:37,13.90,0.00,,
12568,10/06/2021 04:54:37,13.85,0.00,,
12569,10/06/2021 05:04:37,13.85,0.00,,
12570,10/06/2021 05:14:37,13.90,0.00,,
12571,10/06/2021 05:24:37,13.73,0.00,,
12572,10/06/2021 05:34:37,13.81,0.00,,
12573,10/06/2021 05:44:37,13.68,0.00,,
12574,10/06/2021 05:54:37,13.47,0.00,,
12575,10/06/2021 06:04:37,13.38,0.00,,
12576,10/06/2021 06:14:37,13.64,0.00,,
12577,10/06/2021 06:24:37,13.60,0.00,,
12578,10/06/2021 06:34:37,13.64,0.00,,
12579,10/06/2021 06:44:37,13.60,0.00,,
12580,10/06/2021 06:54:37,13.60,0.00,,
12581,10/06/2021 07:04:37,13.47,2.35,,
12582,10/06/2021 07:14:37,13.43,9.67,,
12583,10/06/2021 07:24:37,13.38,25.40,,
12584,10/06/2021 07:34:37,13.55,60.48,,
12585,10/06/2021 07:44:37,13.51,85.64,,
12586,10/06/2021 07:54:37,13.60,103.64,,
12587,10/06/2021 08:04:37,13.64,118.80,,
12588,10/06/2021 08:14:37,13.64,136.04,,
12589,10/06/2021 08:24:37,13.64,186.64,,
12590,10/06/2021 08:34:37,13.77,192.72,,
12591,10/06/2021 08:44:37,13.85,257.28,,
12592,10/06/2021 08:54:37,13.94,329.44,,
12593,10/06/2021 09:04:37,14.07,383.84,,
12594,10/06/2021 09:14:37,14.24,487.84,,
12595,10/06/2021 09:24:37,14.20,502.40,,
12596,10/06/2021 09:34:37,14.41,511.20,,
12597,10/06/2021 09:44:37,14.45,587.68,,
12598,10/06/2021 09:54:37,14.50,789.76,,
12599,10/06/2021 10:04:37,14.67,835.20,,
12600,10/06/2021 10:14:37,14.71,682.88,,
12601,10/06/2021 10:24:37,14.84,913.92,,
12602,10/06/2021 10:34:37,14.80,717.44,,
12603,10/06/2021 10:44:37,14.88,779.52,,
12604,10/06/2021 10:54:37,14.93,872.64,,
12605,10/06/2021 11:04:37,14.97,877.12,,
12606,10/06/2021 11:14:37,15.01,892.48,,
12607,10/06/2021 11:24:37,14.97,1062.40,,
12608,10/06/2021 11:34:37,15.10,1271.04,,
12609,10/06/2021 11:44:37,15.18,1169.28,,
12610,10/06/2021 11:54:37,15.44,1526.40,,
12611,10/06/2021 12:04:37,15.61,1195.84,,
12612,10/06/2021 12:14:37,15.70,1320.32,,
12613,10/06/2021 12:24:37,15.74,1405.44,,
12614,10/06/2021 12:34:37,15.78,1844.48,,
12615,10/06/2021 12:44:37,15.83,1425.92,,
12616,10/06/2021 12:54:37,15.78,1446.40,,
12617,10/06/2021 13:04:37,15.83,1189.76,,
12618,10/06/2021 13:14:37,15.78,1463.04,,
12619,10/06/2021 13:24:37,15.66,1347.20,,
12620,10/06/2021 13:34:37,15.74,1680.64,,
12621,10/06/2021 13:44:37,15.74,1135.04,,
12622,10/06/2021 13:54:37,15.44,986.56,,
12623,10/06/2021 14:04:37,15.40,1540.48,,
12624,10/06/2021 14:14:37,15.48,1179.52,,
12625,10/06/2021 14:24:37,15.53,1124.16,,
12626,10/06/2021 14:34:37,15.44,1208.00,,
12627,10/06/2021 14:44:37,15.53,1742.08,,
12628,10/06/2021 14:54:37,15.61,1537.92,,
12629,10/06/2021 15:04:37,15.61,1796.48,,
12630,10/06/2021 15:14:37,15.48,1676.80,,
12631,10/06/2021 15:24:37,15.48,1449.60,,
12632,10/06/2021 15:34:37,15.48,1244.48,,
12633,10/06/2021 15:44:37,15.23,2205.44,,
12634,10/06/2021 15:54:37,15.44,1948.80,,
12635,10/06/2021 16:04:37,15.66,2063.36,,
12636,10/06/2021 16:14:37,15.83,2307.84,,
12637,10/06/2021 16:24:37,15.83,2273.92,,
12638,10/06/2021 16:34:37,15.18,933.44,,
12639,10/06/2021 16:44:37,14.93,715.84,,
12640,10/06/2021 16:54:37,14.93,1020.48,,
12641,10/06/2021 17:04:37,14.93,643.68,,
12642,10/06/2021 17:14:37,14.93,511.20,,
12643,10/06/2021 17:24:37,14.71,449.12,,
12644,10/06/2021 17:34:37,14.67,322.72,,
12645,10/06/2021 17:44:37,14.67,234.88,,
12646,10/06/2021 17:54:37,14.58,226.32,,
12647,10/06/2021 18:04:37,14.54,238.48,,
12648,10/06/2021 18:14:37,14.63,186.80,,
12649,10/06/2021 18:24:37,14.54,115.40,,
12650,10/06/2021 18:34:37,14.45,68.06,,
12651,10/06/2021 18:44:37,14.37,23.45,,
12652,10/06/2021 18:54:37,14.28,5.79,,
12653,10/06/2021 19:04:37,14.24,0.21,,
12654,10/06/2021 19:14:37,14.24,0.00,,
12655,10/06/2021 19:24:37,14.07,0.00,,
12656,10/06/2021 19:34:37,14.03,0.00,,
12657,10/06/2021 19:44:37,13.98,0.00,,
12658,10/06/2021 19:54:37,13.90,0.00,,
12659,10/06/2021 20:04:37,13.85,0.00,,
12660,10/06/2021 20:14:37,13.77,0.00,,
12661,10/06/2021 20:24:37,13.85,0.00,,
12662,10/06/2021 20:34:37,13.85,0.00,,
12663,10/06/2021 20:44:37,13.77,0.00,,
12664,10/06/2021 20:54:37,13.77,0.00,,
12665,10/06/2021 21:04:37,13.81,0.00,,
12666,10/06/2021 21:14:37,13.90,0.00,,
12667,10/06/2021 21:24:37,13.85,0.00,,
12668,10/06/2021 21:34:37,13.77,0.00,,
12669,10/06/2021 21:44:37,13.68,0.00,,
12670,10/06/2021 21:54:37,13.64,0.00,,
12671,10/06/2021 22:04:37,13.68,0.00,,
12672,10/06/2021 22:14:37,13.60,0.00,,
12673,10/06/2021 22:24:37,13.64,0.00,,
12674,10/06/2021 22:34:37,13.60,0.00,,
12675,10/06/2021 22:44:37,13.51,0.00,,
12676,10/06/2021 22:54:37,13.51,0.00,,
12677,10/06/2021 23:04:37,13.38,0.00,,
12678,10/06/2021 23:14:37,13.38,0.00,,
12679,10/06/2021 23:24:37,13.43,0.00,,
12680,10/06/2021 23:34:37,13.55,0.00,,
12681,10/06/2021 23:44:37,13.47,0.00,,
12682,10/06/2021 23:54:37,13.47,0.00,,
12683,10/07/2021 00:04:37,13.43,0.00,,
12684,10/07/2021 00:14:37,13.34,0.00,,
12685,10/07/2021 00:24:37,13.25,0.00,,
12686,10/07/2021 00:34:37,13.43,0.00,,
12687,10/07/2021 00:44:37,11.79,0.00,,
12688,10/07/2021 00:54:37,11.41,0.00,,
12689,10/07/2021 01:04:37,10.98,0.00,,
12690,10/07/2021 01:14:37,10.51,0.00,,
12691,10/07/2021 01:24:37,10.51,0.00,,
12692,10/07/2021 01:34:37,11.41,0.00,,
12693,10/07/2021 01:44:37,10.55,0.00,,
12694,10/07/2021 01:54:37,10.34,0.00,,
12695,10/07/2021 02:04:37,10.55,0.00,,
12696,10/07/2021 02:14:37,10.29,0.00,,
12697,10/07/2021 02:24:37,10.29,0.00,,
12698,10/07/2021 02:34:37,12.31,0.00,,
12699,10/07/2021 02:44:37,12.48,0.00,,
12700,10/07/2021 02:54:37,11.88,0.00,,
12701,10/07/2021 03:04:37,10.46,0.00,,
12702,10/07/2021 03:14:37,9.99,0.00,,
12703,10/07/2021 03:24:37,10.21,0.00,,
12704,10/07/2021 03:34:37,9.95,0.00,,
12705,10/07/2021 03:44:37,9.69,0.00,,
12706,10/07/2021 03:54:37,9.52,0.00,,
12707,10/07/2021 04:04:37,9.39,0.00,,
12708,10/07/2021 04:14:37,9.74,0.00,,
12709,10/07/2021 04:24:37,9.65,0.00,,
12710,10/07/2021 04:34:37,9.48,0.00,,
12711,10/07/2021 04:44:37,9.22,0.00,,
12712,10/07/2021 04:54:37,9.31,0.00,,
12713,10/07/2021 05:04:37,9.52,0.00,,
12714,10/07/2021 05:14:37,9.78,0.00,,
12715,10/07/2021 05:24:37,9.44,0.00,,
12716,10/07/2021 05:34:37,9.74,0.00,,
12717,10/07/2021 05:44:37,9.56,0.00,,
12718,10/07/2021 05:54:37,9.65,0.00,,
12719,10/07/2021 06:04:37,9.69,0.00,,
12720,10/07/2021 06:14:37,9.61,0.00,,
12721,10/07/2021 06:24:37,9.56,0.00,,
12722,10/07/2021 06:34:37,9.61,0.00,,
12723,10/07/2021 06:44:37,9.18,0.00,,
12724,10/07/2021 06:54:37,9.56,0.00,,
12725,10/07/2021 07:04:37,9.26,2.99,,
12726,10/07/2021 07:14:37,10.08,12.90,,
12727,10/07/2021 07:24:37,9.95,34.59,,
12728,10/07/2021 07:34:37,9.99,62.40,,
12729,10/07/2021 07:44:37,9.39,105.84,,
12730,10/07/2021 07:54:37,10.04,166.88,,
12731,10/07/2021 08:04:37,11.54,201.44,,
12732,10/07/2021 08:14:37,11.84,228.00,,
12733,10/07/2021 08:24:37,11.97,264.16,,
12734,10/07/2021 08:34:37,11.97,347.68,,
12735,10/07/2021 08:44:37,11.97,404.32,,
12736,10/07/2021 08:54:37,12.05,439.52,,
12737,10/07/2021 09:04:37,12.22,586.88,,
12738,10/07/2021 09:14:37,12.22,611.68,,
12739,10/07/2021 09:24:37,12.31,1375.36,,
12740,10/07/2021 09:34:37,12.48,783.04,,
12741,10/07/2021 09:44:37,12.70,554.72,,
12742,10/07/2021 09:54:37,13.08,555.68,,
12743,10/07/2021 10:04:37,13.34,655.68,,
12744,10/07/2021 10:14:37,13.47,789.76,,
12745,10/07/2021 10:24:37,13.51,653.92,,
12746,10/07/2021 10:34:37,13.47,845.76,,
12747,10/07/2021 10:44:37,13.60,1019.84,,
12748,10/07/2021 10:54:37,13.77,874.56,,
12749,10/07/2021 11:04:37,13.77,1094.08,,
12750,10/07/2021 11:14:37,13.81,1207.04,,
12751,10/07/2021 11:24:37,14.03,1564.80,,
12752,10/07/2021 11:34:37,14.20,2217.60,,
12753,10/07/2021 11:44:37,14.07,1472.00,,
12754,10/07/2021 11:54:37,14.15,1290.88,,
12755,10/07/2021 12:04:37,14.20,984.64,,
12756,10/07/2021 12:14:37,14.28,2072.32,,
12757,10/07/2021 12:24:37,14.58,1756.80,,
12758,10/07/2021 12:34:37,14.37,999.36,,
12759,10/07/2021 12:44:37,14.50,1239.36,,
12760,10/07/2021 12:54:37,14.84,1731.84,,
12761,10/07/2021 13:04:37,14.84,1630.72,,
12762,10/07/2021 13:14:37,14.71,1030.08,,
12763,10/07/2021 13:24:37,14.71,1489.28,,
12764,10/07/2021 13:34:37,14.80,1204.48,,
12765,10/07/2021 13:44:37,14.58,1175.36,,
12766,10/07/2021 13:54:37,14.75,1201.92,,
12767,10/07/2021 14:04:37,14.58,1073.60,,
12768,10/07/2021 14:14:37,14.63,1422.08,,
12769,10/07/2021 14:24:37,14.41,1472.00,,
12770,10/07/2021 14:34:37,14.41,1176.96,,
12771,10/07/2021 14:44:37,14.41,1813.76,,
12772,10/07/2021 14:54:37,14.54,2116.48,,
12773,10/07/2021 15:04:37,14.54,1234.24,,
12774,10/07/2021 15:14:37,14.63,1423.36,,
12775,10/07/2021 15:24:37,14.33,1106.24,,
12776,10/07/2021 15:34:37,14.24,792.32,,
12777,10/07/2021 15:44:37,14.07,537.60,,
12778,10/07/2021 15:54:37,14.07,450.72,,
12779,10/07/2021 16:04:37,13.94,371.68,,
12780,10/07/2021 16:14:37,13.85,385.44,,
12781,10/07/2021 16:24:37,13.77,327.84,,
12782,10/07/2021 16:34:37,13.90,355.36,,
12783,10/07/2021 16:44:37,13.77,320.96,,
12784,10/07/2021 16:54:37,13.73,248.72,,
12785,10/07/2021 17:04:37,13.60,250.48,,
12786,10/07/2021 17:14:37,13.60,208.24,,
12787,10/07/2021 17:24:37,13.60,152.28,,
12788,10/07/2021 17:34:37,13.43,128.20,,
12789,10/07/2021 17:44:37,13.55,107.96,,
12790,10/07/2021 17:54:37,13.43,79.18,,
12791,10/07/2021 18:04:37,13.38,69.72,,
12792,10/07/2021 18:14:37,13.43,56.78,,
12793,10/07/2021 18:24:37,13.34,38.92,,
12794,10/07/2021 18:34:37,13.38,22.60,,
12795,10/07/2021 18:44:37,13.25,8.78,,
12796,10/07/2021 18:54:37,13.30,1.49,,
12797,10/07/2021 19:04:37,13.30,0.00,,
12798,10/07/2021 19:14:37,13.34,0.00,,
12799,10/07/2021 19:24:37,13.38,0.00,,
12800,10/07/2021 19:34:37,13.25,0.00,,
12801,10/07/2021 19:44:37,13.17,0.00,,
12802,10/07/2021 19:54:37,13.25,0.00,,
12803,10/07/2021 20:04:37,13.30,0.00,,
12804,10/07/2021 20:14:37,13.30,0.00,,
12805,10/07/2021 20:24:37,13.21,0.00,,
12806,10/07/2021 20:34:37,13.12,0.00,,
12807,10/07/2021 20:44:37,13.12,0.00,,
12808,10/07/2021 20:54:37,13.21,0.00,,
12809,10/07/2021 21:04:37,13.21,0.00,,
12810,10/07/2021 21:14:37,13.25,0.00,,
12811,10/07/2021 21:24:37,13.21,0.00,,
12812,10/07/2021 21:34:37,13.17,0.00,,
12813,10/07/2021 21:44:37,13.30,0.00,,
12814,10/07/2021 21:54:37,13.34,0.00,,
12815,10/07/2021 22:04:37,13.25,0.00,,
12816,10/07/2021 22:14:37,13.21,0.00,,
12817,10/07/2021 22:24:37,13.30,0.00,,
12818,10/07/2021 22:34:37,13.34,0.00,,
12819,10/07/2021 22:44:37,13.38,0.00,,
12820,10/07/2021 22:54:37,13.30,0.00,,
12821,10/07/2021 23:04:37,13.47,0.00,,
12822,10/07/2021 23:14:37,13.34,0.00,,
12823,10/07/2021 23:24:37,13.25,0.00,,
12824,10/07/2021 23:34:37,13.30,0.00,,
12825,10/07/2021 23:44:37,13.38,0.00,,
12826,10/07/2021 23:54:37,13.30,0.00,,
12827,10/08/2021 00:04:37,13.34,0.00,,
12828,10/08/2021 00:14:37,13.21,0.00,,
12829,10/08/2021 00:24:37,13.21,0.00,,
12830,10/08/2021 00:34:37,13.25,0.00,,
12831,10/08/2021 00:44:37,13.21,0.00,,
12832,10/08/2021 00:54:37,13.21,0.00,,
12833,10/08/2021 01:04:37,13.21,0.00,,
12834,10/08/2021 01:14:37,13.34,0.00,,
12835,10/08/2021 01:24:37,13.25,0.00,,
12836,10/08/2021 01:34:37,13.25,0.00,,
12837,10/08/2021 01:44:37,13.25,0.00,,
12838,10/08/2021 01:54:37,13.17,0.00,,
12839,10/08/2021 02:04:37,13.21,0.00,,
12840,10/08/2021 02:14:37,13.30,0.00,,
12841,10/08/2021 02:24:37,13.34,0.00,,
12842,10/08/2021 02:34:37,13.34,0.00,,
12843,10/08/2021 02:44:37,13.25,0.00,,
12844,10/08/2021 02:54:37,13.21,0.00,,
12845,10/08/2021 03:04:37,13.08,0.00,,
12846,10/08/2021 03:14:37,13.25,0.00,,
12847,10/08/2021 03:24:37,13.08,0.00,,
12848,10/08/2021 03:34:37,13.12,0.00,,
12849,10/08/2021 03:44:37,13.04,0.00,,
12850,10/08/2021 03:54:37,13.08,0.00,,
12851,10/08/2021 04:04:37,13.00,0.00,,
12852,10/08/2021 04:14:37,13.04,0.00,,
12853,10/08/2021 04:24:37,13.00,0.00,,
12854,10/08/2021 04:34:37,13.08,0.00,,
12855,10/08/2021 04:44:37,13.04,0.00,,
12856,10/08/2021 04:54:37,13.08,0.00,,
12857,10/08/2021 05:04:37,13.08,0.00,,
12858,10/08/2021 05:14:37,13.08,0.00,,
12859,10/08/2021 05:24:37,13.00,0.00,,
12860,10/08/2021 05:34:37,13.08,0.00,,
12861,10/08/2021 05:44:37,12.91,0.00,,
12862,10/08/2021 05:54:37,12.82,0.00,,
12863,10/08/2021 06:04:37,12.91,0.00,,
12864,10/08/2021 06:14:37,12.91,0.00,,
12865,10/08/2021 06:24:37,12.78,0.00,,
12866,10/08/2021 06:34:37,12.82,0.00,,
12867,10/08/2021 06:44:37,12.87,0.00,,
12868,10/08/2021 06:54:37,12.87,0.00,,
12869,10/08/2021 07:04:37,12.82,2.13,,
12870,10/08/2021 07:14:37,12.82,10.74,,
12871,10/08/2021 07:24:37,12.78,26.66,,
12872,10/08/2021 07:34:37,12.87,48.14,,
12873,10/08/2021 07:44:37,12.87,82.60,,
12874,10/08/2021 07:54:37,12.78,134.32,,
12875,10/08/2021 08:04:37,12.78,194.48,,
12876,10/08/2021 08:14:37,12.78,284.72,,
12877,10/08/2021 08:24:37,12.65,346.56,,
12878,10/08/2021 08:34:37,12.91,1477.12,,
12879,10/08/2021 08:44:37,13.00,521.44,,
12880,10/08/2021 08:54:37,12.95,700.48,,
12881,10/08/2021 09:04:37,12.95,539.36,,
12882,10/08/2021 09:14:37,13.17,605.60,,
12883,10/08/2021 09:24:37,13.25,821.44,,
12884,10/08/2021 09:34:37,13.12,1426.56,,
12885,10/08/2021 09:44:37,13.25,1861.76,,
12886,10/08/2021 09:54:37,13.34,1296.00,,
12887,10/08/2021 10:04:37,13.47,1880.32,,
12888,10/08/2021 10:14:37,13.55,1810.56,,
12889,10/08/2021 10:24:37,13.47,1666.56,,
12890,10/08/2021 10:34:37,13.73,1769.60,,
12891,10/08/2021 10:44:37,13.77,1448.96,,
12892,10/08/2021 10:54:37,13.73,1517.44,,
12893,10/08/2021 11:04:37,13.77,1533.44,,
12894,10/08/2021 11:14:37,13.94,1470.72,,
12895,10/08/2021 11:24:37,14.24,1464.32,,
12896,10/08/2021 11:34:37,14.07,1402.88,,
12897,10/08/2021 11:44:37,14.20,1390.72,,
12898,10/08/2021 11:54:37,14.41,1688.96,,
12899,10/08/2021 12:04:37,14.45,1413.76,,
12900,10/08/2021 12:14:37,14.58,1399.04,,
12901,10/08/2021 12:24:37,14.54,1246.40,,
12902,10/08/2021 12:34:37,14.58,1260.80,,
12903,10/08/2021 12:44:37,14.80,1172.80,,
12904,10/08/2021 12:54:37,14.80,1374.72,,
12905,10/08/2021 13:04:37,14.50,1293.44,,
12906,10/08/2021 13:14:37,13.73,1500.80,,
12907,10/08/2021 13:24:37,13.85,1365.76,,
12908,10/08/2021 13:34:37,14.07,1472.00,,
12909,10/08/2021 13:44:37,14.50,1443.84,,
12910,10/08/2021 13:54:37,14.41,1482.88,,
12911,10/08/2021 14:04:37,13.90,1464.96,,
12912,10/08/2021 14:14:37,13.77,1577.60,,
12913,10/08/2021 14:24:37,14.11,1495.68,,
12914,10/08/2021 14:34:37,14.33,1638.40,,
12915,10/08/2021 14:44:37,14.24,1783.68,,
12916,10/08/2021 14:54:37,14.63,2106.24,,
12917,10/08/2021 15:04:37,14.80,2005.12,,
12918,10/08/2021 15:14:37,14.93,1923.20,,
12919,10/08/2021 15:24:37,14.80,1375.36,,
12920,10/08/2021 15:34:37,14.75,1010.24,,
12921,10/08/2021 15:44:37,14.75,988.16,,
12922,10/08/2021 15:54:37,14.84,1979.52,,
12923,10/08/2021 16:04:37,14.80,1224.00,,
12924,10/08/2021 16:14:37,14.80,863.04,,
12925,10/08/2021 16:24:37,14.71,677.76,,
12926,10/08/2021 16:34:37,14.58,521.92,,
12927,10/08/2021 16:44:37,14.45,460.16,,
12928,10/08/2021 16:54:37,14.50,465.28,,
12929,10/08/2021 17:04:37,14.33,500.48,,
12930,10/08/2021 17:14:37,14.58,1440.00,,
12931,10/08/2021 17:24:37,14.88,3183.36,,
12932,10/08/2021 17:34:37,14.58,481.60,,
12933,10/08/2021 17:44:37,14.41,806.40,,
12934,10/08/2021 17:54:37,14.07,287.20,,
12935,10/08/2021 18:04:37,14.11,207.28,,
12936,10/08/2021 18:14:37,13.94,135.92,,
12937,10/08/2021 18:24:37,13.94,83.44,,
12938,10/08/2021 18:34:37,13.73,44.04,,
12939,10/08/2021 18:44:37,13.73,20.19,,
12940,10/08/2021 18:54:37,13.77,5.79,,
12941,10/08/2021 19:04:37,13.68,0.21,,
12942,10/08/2021 19:14:37,13.55,0.00,,
12943,10/08/2021 19:24:37,13.51,0.00,,
12944,10/08/2021 19:34:37,13.47,0.00,,
12945,10/08/2021 19:44:37,13.55,0.00,,
12946,10/08/2021 19:54:37,13.47,0.00,,
12947,10/08/2021 20:04:37,13.64,0.00,,
12948,10/08/2021 20:14:37,13.51,0.00,,
12949,10/08/2021 20:24:37,13.47,0.00,,
12950,10/08/2021 20:34:37,13.55,0.00,,
12951,10/08/2021 20:44:37,13.68,0.00,,
12952,10/08/2021 20:54:37,13.51,0.00,,
12953,10/08/2021 21:04:37,13.55,0.00,,
12954,10/08/2021 21:14:37,13.60,0.00,,
12955,10/08/2021 21:24:37,13.60,0.00,,
12956,10/08/2021 21:34:37,12.91,0.00,,
12957,10/08/2021 21:44:37,13.17,0.00,,
12958,10/08/2021 21:54:37,13.38,0.00,,
12959,10/08/2021 22:04:37,13.25,0.00,,
12960,10/08/2021 22:14:37,13.08,0.00,,
12961,10/08/2021 22:24:37,12.65,0.00,,
12962,10/08/2021 22:34:37,12.27,0.00,,
12963,10/08/2021 22:44:37,12.87,0.00,,
12964,10/08/2021 22:54:37,13.04,0.00,,
12965,10/08/2021 23:04:37,13.08,0.00,,
12966,10/08/2021 23:14:37,13.08,0.00,,
12967,10/08/2021 23:24:37,13.25,0.00,,
12968,10/08/2021 23:34:37,13.25,0.00,,
12969,10/08/2021 23:44:37,13.34,0.00,,
12970,10/08/2021 23:54:37,12.57,0.00,,
12971,10/09/2021 00:04:37,11.28,0.00,,
12972,10/09/2021 00:14:37,10.51,0.00,,
12973,10/09/2021 00:24:37,10.29,0.00,,
12974,10/09/2021 00:34:37,10.29,0.00,,
12975,10/09/2021 00:44:37,10.34,0.00,,
12976,10/09/2021 00:54:37,10.46,0.00,,
12977,10/09/2021 01:04:37,10.51,0.00,,
12978,10/09/2021 01:14:37,10.46,0.00,,
12979,10/09/2021 01:24:37,10.38,0.00,,
12980,10/09/2021 01:34:37,10.21,0.00,,
12981,10/09/2021 01:44:37,10.04,0.00,,
12982,10/09/2021 01:54:37,10.21,0.00,,
12983,10/09/2021 02:04:37,10.38,0.00,,
12984,10/09/2021 02:14:37,10.46,0.00,,
12985,10/09/2021 02:24:37,10.72,0.00,,
12986,10/09/2021 02:34:37,10.59,0.00,,
12987,10/09/2021 02:44:37,10.64,0.00,,
12988,10/09/2021 02:54:37,10.94,0.00,,
12989,10/09/2021 03:04:37,10.98,0.00,,
12990,10/09/2021 03:14:37,10.77,0.00,,
12991,10/09/2021 03:24:37,10.25,0.00,,
12992,10/09/2021 03:34:37,10.38,0.00,,
12993,10/09/2021 03:44:37,10.25,0.00,,
12994,10/09/2021 03:54:37,9.86,0.00,,
12995,10/09/2021 04:04:37,9.78,0.00,,
12996,10/09/2021 04:14:37,10.29,0.00,,
12997,10/09/2021 04:24:37,10.64,0.00,,
12998,10/09/2021 04:34:37,10.25,0.00,,
12999,10/09/2021 04:44:37,9.52,0.00,,
13000,10/09/2021 04:54:37,9.39,0.00,,
13001,10/09/2021 05:04:37,9.48,0.00,,
13002,10/09/2021 05:14:37,9.22,0.00,,
13003,10/09/2021 05:24:37,9.69,0.00,,
13004,10/09/2021 05:34:37,9.48,0.00,,
13005,10/09/2021 05:44:37,9.35,0.00,,
13006,10/09/2021 05:54:37,9.05,0.00,,
13007,10/09/2021 06:04:37,9.14,0.00,,
13008,10/09/2021 06:14:37,9.18,0.00,,
13009,10/09/2021 06:24:37,8.96,0.00,,
13010,10/09/2021 06:34:37,9.39,0.00,,
13011,10/09/2021 06:44:37,8.88,0.00,,
13012,10/09/2021 06:54:37,8.88,0.42,,
13013,10/09/2021 07:04:37,8.88,6.25,,
13014,10/09/2021 07:14:37,8.83,31.60,,
13015,10/09/2021 07:24:37,8.41,84.68,,
13016,10/09/2021 07:34:37,8.49,156.44,,
13017,10/09/2021 07:44:37,8.53,227.76,,
13018,10/09/2021 07:54:37,8.62,459.52,,
13019,10/09/2021 08:04:37,9.39,1490.56,,
13020,10/09/2021 08:14:37,10.16,1863.68,,
13021,10/09/2021 08:24:37,10.81,1844.48,,
13022,10/09/2021 08:34:37,11.02,2075.52,,
13023,10/09/2021 08:44:37,11.15,2131.84,,
13024,10/09/2021 08:54:37,11.41,2169.60,,
13025,10/09/2021 09:04:37,11.62,2246.40,,
13026,10/09/2021 09:14:37,11.97,2202.24,,
13027,10/09/2021 09:24:37,12.52,2244.48,,
13028,10/09/2021 09:34:37,13.04,2343.68,,
13029,10/09/2021 09:44:37,13.38,2325.12,,
13030,10/09/2021 09:54:37,13.98,2400.64,,
13031,10/09/2021 10:04:37,14.41,2286.08,,
13032,10/09/2021 10:14:37,14.93,2268.80,,
13033,10/09/2021 10:24:37,15.27,2053.12,,
13034,10/09/2021 10:34:37,15.57,2138.88,,
13035,10/09/2021 10:44:37,15.70,2176.64,,
13036,10/09/2021 10:54:37,15.91,2155.52,,
13037,10/09/2021 11:04:37,15.87,1989.76,,
13038,10/09/2021 11:14:37,15.96,1998.72,,
13039,10/09/2021 11:24:37,16.30,1879.04,,
13040,10/09/2021 11:34:37,16.69,1863.68,,
13041,10/09/2021 11:44:37,16.99,1872.00,,
13042,10/09/2021 11:54:37,17.24,1904.64,,
13043,10/09/2021 12:04:37,17.41,1793.28,,
13044,10/09/2021 12:14:37,17.76,2015.36,,
13045,10/09/2021 12:24:37,18.02,1686.40,,
13046,10/09/2021 12:34:37,18.14,1707.52,,
13047,10/09/2021 12:44:37,18.02,1500.16,,
13048,10/09/2021 12:54:37,17.24,1494.40,,
13049,10/09/2021 13:04:37,17.16,1479.68,,
13050,10/09/2021 13:14:37,16.94,1411.84,,
13051,10/09/2021 13:24:37,16.69,1395.84,,
13052,10/09/2021 13:34:37,16.77,1489.28,,
13053,10/09/2021 13:44:37,16.30,1513.60,,
13054,10/09/2021 13:54:37,15.96,1431.68,,
13055,10/09/2021 14:04:37,16.13,1546.88,,
13056,10/09/2021 14:14:37,15.66,1650.56,,
13057,10/09/2021 14:24:37,15.57,1541.12,,
13058,10/09/2021 14:34:37,15.61,1609.60,,
13059,10/09/2021 14:44:37,15.53,1684.48,,
13060,10/09/2021 14:54:37,15.31,1658.24,,
13061,10/09/2021 15:04:37,15.36,1742.08,,
13062,10/09/2021 15:14:37,15.78,1784.96,,
13063,10/09/2021 15:24:37,16.04,1723.52,,
13064,10/09/2021 15:34:37,16.30,1907.84,,
13065,10/09/2021 15:44:37,16.34,1795.20,,
13066,10/09/2021 15:54:37,16.30,2203.52,,
13067,10/09/2021 16:04:37,16.43,1981.44,,
13068,10/09/2021 16:14:37,16.43,2401.92,,
13069,10/09/2021 16:24:37,16.43,2472.32,,
13070,10/09/2021 16:34:37,16.34,2892.80,,
13071,10/09/2021 16:44:37,16.43,2936.32,,
13072,10/09/2021 16:54:37,16.43,3139.84,,
13073,10/09/2021 17:04:37,16.43,2721.28,,
13074,10/09/2021 17:14:37,16.34,3473.92,,
13075,10/09/2021 17:24:37,16.39,3436.80,,
13076,10/09/2021 17:34:37,16.30,2956.80,,
13077,10/09/2021 17:44:37,16.08,2714.88,,
13078,10/09/2021 17:54:37,15.96,2503.04,,
13079,10/09/2021 18:04:37,15.70,1793.28,,
13080,10/09/2021 18:14:37,15.44,1226.56,,
13081,10/09/2021 18:24:37,15.27,238.48,,
13082,10/09/2021 18:34:37,14.75,95.96,,
13083,10/09/2021 18:44:37,14.67,37.67,,
13084,10/09/2021 18:54:37,14.41,9.85,,
13085,10/09/2021 19:04:37,14.33,1.06,,
13086,10/09/2021 19:14:37,13.98,0.00,,
13087,10/09/2021 19:24:37,12.91,0.00,,
13088,10/09/2021 19:34:37,12.35,0.00,,
13089,10/09/2021 19:44:37,12.01,0.00,,
13090,10/09/2021 19:54:37,11.84,0.00,,
13091,10/09/2021 20:04:37,12.27,0.00,,
13092,10/09/2021 20:14:37,14.11,0.00,,
13093,10/09/2021 20:24:37,14.24,0.00,,
13094,10/09/2021 20:34:37,14.45,0.00,,
13095,10/09/2021 20:44:37,13.90,0.00,,
13096,10/09/2021 20:54:37,11.62,0.00,,
13097,10/09/2021 21:04:37,10.98,0.00,,
13098,10/09/2021 21:14:37,10.89,0.00,,
13099,10/09/2021 21:24:37,10.98,0.00,,
13100,10/09/2021 21:34:37,10.94,0.00,,
13101,10/09/2021 21:44:37,10.55,0.00,,
13102,10/09/2021 21:54:37,9.99,0.00,,
13103,10/09/2021 22:04:37,10.46,0.00,,
13104,10/09/2021 22:14:37,10.46,0.00,,
13105,10/09/2021 22:24:37,10.29,0.00,,
13106,10/09/2021 22:34:37,10.16,0.00,,
13107,10/09/2021 22:44:37,9.95,0.00,,
13108,10/09/2021 22:54:37,9.56,0.00,,
13109,10/09/2021 23:04:37,9.35,0.00,,
13110,10/09/2021 23:14:37,9.48,0.00,,
13111,10/09/2021 23:24:37,8.66,0.00,,
13112,10/09/2021 23:34:37,8.66,0.00,,
13113,10/09/2021 23:44:37,8.71,0.00,,
13114,10/09/2021 23:54:37,8.88,0.00,,
13115,10/10/2021 00:04:37,8.49,0.00,,
13116,10/10/2021 00:14:37,8.28,0.00,,
13117,10/10/2021 00:24:37,8.49,0.00,,
13118,10/10/2021 00:34:37,7.93,0.00,,
13119,10/10/2021 00:44:37,8.45,0.00,,
13120,10/10/2021 00:54:37,7.81,0.00,,
13121,10/10/2021 01:04:37,7.98,0.00,,
13122,10/10/2021 01:14:37,7.98,0.00,,
13123,10/10/2021 01:24:37,8.28,0.00,,
13124,10/10/2021 01:34:37,8.06,0.00,,
13125,10/10/2021 01:44:37,7.63,0.00,,
13126,10/10/2021 01:54:37,7.76,0.00,,
13127,10/10/2021 02:04:37,8.06,0.00,,
13128,10/10/2021 02:14:37,7.68,0.00,,
13129,10/10/2021 02:24:37,7.68,0.00,,
13130,10/10/2021 02:34:37,8.19,0.00,,
13131,10/10/2021 02:44:37,7.85,0.00,,
13132,10/10/2021 02:54:37,8.02,0.00,,
13133,10/10/2021 03:04:37,8.36,0.00,,
13134,10/10/2021 03:14:37,8.36,0.00,,
13135,10/10/2021 03:24:37,7.85,0.00,,
13136,10/10/2021 03:34:37,7.29,0.00,,
13137,10/10/2021 03:44:37,7.55,0.00,,
13138,10/10/2021 03:54:37,7.33,0.00,,
13139,10/10/2021 04:04:37,7.38,0.00,,
13140,10/10/2021 04:14:37,7.76,0.00,,
13141,10/10/2021 04:24:37,8.11,0.00,,
13142,10/10/2021 04:34:37,8.02,0.00,,
13143,10/10/2021 04:44:37,7.03,0.00,,
13144,10/10/2021 04:54:37,6.90,0.00,,
13145,10/10/2021 05:04:37,6.13,0.00,,
13146,10/10/2021 05:14:37,6.52,0.00,,
13147,10/10/2021 05:24:37,6.73,0.00,,
13148,10/10/2021 05:34:37,6.43,0.00,,
13149,10/10/2021 05:44:37,7.63,0.00,,
13150,10/10/2021 05:54:37,7.55,0.00,,
13151,10/10/2021 06:04:37,7.42,0.00,,
13152,10/10/2021 06:14:37,7.03,0.00,,
13153,10/10/2021 06:24:37,6.73,0.00,,
13154,10/10/2021 06:34:37,6.90,0.00,,
13155,10/10/2021 06:44:37,6.99,0.00,,
13156,10/10/2021 06:54:37,7.08,0.42,,
13157,10/10/2021 07:04:37,6.95,6.25,,
13158,10/10/2021 07:14:37,6.56,30.53,,
13159,10/10/2021 07:24:37,6.95,81.26,,
13160,10/10/2021 07:34:37,7.33,154.72,,
13161,10/10/2021 07:44:37,7.46,227.76,,
13162,10/10/2021 07:54:37,7.33,360.32,,
13163,10/10/2021 08:04:37,7.42,1463.04,,
13164,10/10/2021 08:14:37,8.19,1697.28,,
13165,10/10/2021 08:24:37,8.49,1872.00,,
13166,10/10/2021 08:34:37,8.79,2118.40,,
13167,10/10/2021 08:44:37,9.26,2056.96,,
13168,10/10/2021 08:54:37,9.74,2053.12,,
13169,10/10/2021 09:04:37,10.42,2174.72,,
13170,10/10/2021 09:14:37,10.59,2239.36,,
13171,10/10/2021 09:24:37,10.89,2212.48,,
13172,10/10/2021 09:34:37,11.62,2176.64,,
13173,10/10/2021 09:44:37,12.18,2177.92,,
13174,10/10/2021 09:54:37,12.61,2280.96,,
13175,10/10/2021 10:04:37,13.43,2287.36,,
13176,10/10/2021 10:14:37,14.28,2314.88,,
13177,10/10/2021 10:24:37,14.58,2348.80,,
13178,10/10/2021 10:34:37,15.36,2323.20,,
13179,10/10/2021 10:44:37,16.30,2249.60,,
13180,10/10/2021 10:54:37,16.99,2218.88,,
13181,10/10/2021 11:04:37,17.16,2128.64,,
13182,10/10/2021 11:14:37,16.77,2103.04,,
13183,10/10/2021 11:24:37,16.94,2067.20,,
13184,10/10/2021 11:34:37,17.50,2248.32,,
13185,10/10/2021 11:44:37,17.76,2072.32,,
13186,10/10/2021 11:54:37,18.23,1993.60,,
13187,10/10/2021 12:04:37,18.40,2005.12,,
13188,10/10/2021 12:14:37,18.62,1783.68,,
13189,10/10/2021 12:24:37,18.44,1811.84,,
13190,10/10/2021 12:34:37,17.89,1973.12,,
13191,10/10/2021 12:44:37,17.54,1788.16,,
13192,10/10/2021 12:54:37,16.81,1749.12,,
13193,10/10/2021 13:04:37,16.77,1931.52,,
13194,10/10/2021 13:14:37,16.90,1863.68,,
13195,10/10/2021 13:24:37,17.07,1709.44,,
13196,10/10/2021 13:34:37,16.90,1591.68,,
13197,10/10/2021 13:44:37,16.90,1862.40,,
13198,10/10/2021 13:54:37,16.99,1706.24,,
13199,10/10/2021 14:04:37,17.24,1663.36,,
13200,10/10/2021 14:14:37,17.59,1720.96,,
13201,10/10/2021 14:24:37,17.93,1719.04,,
13202,10/10/2021 14:34:37,18.57,1818.88,,
13203,10/10/2021 14:44:37,17.24,1930.24,,
13204,10/10/2021 14:54:37,16.56,1877.12,,
13205,10/10/2021 15:04:37,16.69,1996.80,,
13206,10/10/2021 15:14:37,16.99,1907.84,,
13207,10/10/2021 15:24:37,17.33,2203.52,,
13208,10/10/2021 15:34:37,17.97,1784.96,,
13209,10/10/2021 15:44:37,17.03,2504.32,,
13210,10/10/2021 15:54:37,16.60,2205.44,,
13211,10/10/2021 16:04:37,16.39,2366.08,,
13212,10/10/2021 16:14:37,16.51,2492.80,,
13213,10/10/2021 16:24:37,16.56,2883.84,,
13214,10/10/2021 16:34:37,16.47,2427.52,,
13215,10/10/2021 16:44:37,16.69,2872.32,,
13216,10/10/2021 16:54:37,16.56,2760.96,,
13217,10/10/2021 17:04:37,16.08,2764.80,,
13218,10/10/2021 17:14:37,16.08,2909.44,,
13219,10/10/2021 17:24:37,16.08,2675.20,,
13220,10/10/2021 17:34:37,15.96,1793.28,,
13221,10/10/2021 17:44:37,16.04,1627.52,,
13222,10/10/2021 17:54:37,16.04,1673.60,,
13223,10/10/2021 18:04:37,16.08,1117.12,,
13224,10/10/2021 18:14:37,15.66,592.80,,
13225,10/10/2021 18:24:37,15.48,173.92,,
13226,10/10/2021 18:34:37,15.40,76.18,,
13227,10/10/2021 18:44:37,15.18,26.02,,
13228,10/10/2021 18:54:37,15.36,4.94,,
13229,10/10/2021 19:04:37,15.14,0.00,,
13230,10/10/2021 19:14:37,15.10,0.00,,
13231,10/10/2021 19:24:37,15.10,0.00,,
13232,10/10/2021 19:34:37,15.01,0.00,,
13233,10/10/2021 19:44:37,15.18,0.00,,
13234,10/10/2021 19:54:37,14.97,0.00,,
13235,10/10/2021 20:04:37,14.88,0.00,,
13236,10/10/2021 20:14:37,14.80,0.00,,
13237,10/10/2021 20:24:37,14.67,0.00,,
13238,10/10/2021 20:34:37,14.54,0.00,,
13239,10/10/2021 20:44:37,14.41,0.00,,
13240,10/10/2021 20:54:37,14.37,0.00,,
13241,10/10/2021 21:04:37,14.41,0.00,,
13242,10/10/2021 21:14:37,14.37,0.00,,
13243,10/10/2021 21:24:37,14.50,0.00,,
13244,10/10/2021 21:34:37,14.45,0.00,,
13245,10/10/2021 21:44:37,14.71,0.00,,
13246,10/10/2021 21:54:37,14.63,0.00,,
13247,10/10/2021 22:04:37,14.45,0.00,,
13248,10/10/2021 22:14:37,14.50,0.00,,
13249,10/10/2021 22:24:37,14.63,0.00,,
13250,10/10/2021 22:34:37,14.58,0.00,,
13251,10/10/2021 22:44:37,14.37,0.00,,
13252,10/10/2021 22:54:37,14.37,0.00,,
13253,10/10/2021 23:04:37,14.28,0.00,,
13254,10/10/2021 23:14:37,14.28,0.00,,
13255,10/10/2021 23:24:37,14.28,0.00,,
13256,10/10/2021 23:34:37,14.37,0.00,,
13257,10/10/2021 23:44:37,14.28,0.00,,
13258,10/10/2021 23:54:37,14.37,0.00,,
13259,10/11/2021 00:04:37,14.41,0.00,,
13260,10/11/2021 00:14:37,14.45,0.00,,
13261,10/11/2021 00:24:37,14.28,0.00,,
13262,10/11/2021 00:34:37,14.33,0.00,,
13263,10/11/2021 00:44:37,14.37,0.00,,
13264,10/11/2021 00:54:37,14.41,0.00,,
13265,10/11/2021 01:04:37,14.28,0.00,,
13266,10/11/2021 01:14:37,14.28,0.00,,
13267,10/11/2021 01:24:37,13.98,0.00,,
13268,10/11/2021 01:34:37,13.90,0.00,,
13269,10/11/2021 01:44:37,13.90,0.00,,
13270,10/11/2021 01:54:37,13.85,0.00,,
13271,10/11/2021 02:04:37,13.77,0.00,,
13272,10/11/2021 02:14:37,13.90,0.00,,
13273,10/11/2021 02:24:37,13.81,0.00,,
13274,10/11/2021 02:34:37,14.03,0.00,,
13275,10/11/2021 02:44:37,14.15,0.00,,
13276,10/11/2021 02:54:37,14.15,0.00,,
13277,10/11/2021 03:04:37,13.90,0.00,,
13278,10/11/2021 03:14:37,13.77,0.00,,
13279,10/11/2021 03:24:37,13.98,0.00,,
13280,10/11/2021 03:34:37,14.07,0.00,,
13281,10/11/2021 03:44:37,14.15,0.00,,
13282,10/11/2021 03:54:37,14.11,0.00,,
13283,10/11/2021 04:04:37,14.03,0.00,,
13284,10/11/2021 04:14:37,13.94,0.00,,
13285,10/11/2021 04:24:37,13.85,0.00,,
13286,10/11/2021 04:34:37,13.73,0.00,,
13287,10/11/2021 04:44:37,13.55,0.00,,
13288,10/11/2021 04:54:37,13.34,0.00,,
13289,10/11/2021 05:04:37,13.34,0.00,,
13290,10/11/2021 05:14:37,13.43,0.00,,
13291,10/11/2021 05:24:37,13.55,0.00,,
13292,10/11/2021 05:34:37,13.47,0.00,,
13293,10/11/2021 05:44:37,13.60,0.00,,
13294,10/11/2021 05:54:37,13.55,0.00,,
13295,10/11/2021 06:04:37,13.38,0.00,,
13296,10/11/2021 06:14:37,13.43,0.00,,
13297,10/11/2021 06:24:37,13.34,0.00,,
13298,10/11/2021 06:34:37,13.43,0.00,,
13299,10/11/2021 06:44:37,13.30,0.00,,
13300,10/11/2021 06:54:37,13.30,0.00,,
13301,10/11/2021 07:04:37,13.30,3.84,,
13302,10/11/2021 07:14:37,13.25,21.29,,
13303,10/11/2021 07:24:37,13.25,64.96,,
13304,10/11/2021 07:34:37,13.17,131.64,,
13305,10/11/2021 07:44:37,12.95,204.64,,
13306,10/11/2021 07:54:37,13.04,291.52,,
13307,10/11/2021 08:04:37,13.25,1017.92,,
13308,10/11/2021 08:14:37,13.38,1199.36,,
13309,10/11/2021 08:24:37,13.43,1424.00,,
13310,10/11/2021 08:34:37,13.55,1694.72,,
13311,10/11/2021 08:44:37,13.43,1757.44,,
13312,10/11/2021 08:54:37,13.47,1841.28,,
13313,10/11/2021 09:04:37,13.43,1945.60,,
13314,10/11/2021 09:14:37,13.51,1989.76,,
13315,10/11/2021 09:24:37,13.55,1968.00,,
13316,10/11/2021 09:34:37,13.55,2024.32,,
13317,10/11/2021 09:44:37,13.73,1904.64,,
13318,10/11/2021 09:54:37,13.85,2133.76,,
13319,10/11/2021 10:04:37,13.90,2113.28,,
13320,10/11/2021 10:14:37,13.94,2167.68,,
13321,10/11/2021 10:24:37,14.11,2192.00,,
13322,10/11/2021 10:34:37,14.15,1968.00,,
13323,10/11/2021 10:44:37,14.15,2020.48,,
13324,10/11/2021 10:54:37,14.45,2136.96,,
13325,10/11/2021 11:04:37,14.54,2239.36,,
13326,10/11/2021 11:14:37,14.50,2251.52,,
13327,10/11/2021 11:24:37,14.67,2104.32,,
13328,10/11/2021 11:34:37,14.63,2046.08,,
13329,10/11/2021 11:44:37,14.50,2000.00,,
13330,10/11/2021 11:54:37,14.63,1918.08,,
13331,10/11/2021 12:04:37,14.67,2215.68,,
13332,10/11/2021 12:14:37,14.67,2003.84,,
13333,10/11/2021 12:24:37,14.63,1926.40,,
13334,10/11/2021 12:34:37,14.58,1858.56,,
13335,10/11/2021 12:44:37,14.58,1885.44,,
13336,10/11/2021 12:54:37,14.75,2019.20,,
13337,10/11/2021 13:04:37,14.80,1900.80,,
13338,10/11/2021 13:14:37,14.71,1783.04,,
13339,10/11/2021 13:24:37,14.54,2007.04,,
13340,10/11/2021 13:34:37,14.54,2056.96,,
13341,10/11/2021 13:44:37,14.63,1839.36,,
13342,10/11/2021 13:54:37,14.54,1887.36,,
13343,10/11/2021 14:04:37,14.67,1872.00,,
13344,10/11/2021 14:14:37,14.58,2222.72,,
13345,10/11/2021 14:24:37,14.41,1945.60,,
13346,10/11/2021 14:34:37,14.20,1950.72,,
13347,10/11/2021 14:44:37,14.28,2220.80,,
13348,10/11/2021 14:54:37,13.64,2302.72,,
13349,10/11/2021 15:04:37,13.38,2314.88,,
13350,10/11/2021 15:14:37,13.47,2504.32,,
13351,10/11/2021 15:24:37,13.60,2378.24,,
13352,10/11/2021 15:34:37,14.15,2287.36,,
13353,10/11/2021 15:44:37,14.45,2964.48,,
13354,10/11/2021 15:54:37,14.93,3178.24,,
13355,10/11/2021 16:04:37,15.18,3617.28,,
13356,10/11/2021 16:14:37,14.80,3696.64,,
13357,10/11/2021 16:24:37,14.54,4427.52,,
13358,10/11/2021 16:34:37,13.90,4424.96,,
13359,10/11/2021 16:44:37,13.25,4192.00,,
13360,10/11/2021 16:54:37,13.08,4343.04,,
13361,10/11/2021 17:04:37,13.04,3394.56,,
13362,10/11/2021 17:14:37,13.21,4099.84,,
13363,10/11/2021 17:24:37,13.34,3623.68,,
13364,10/11/2021 17:34:37,12.78,3055.36,,
13365,10/11/2021 17:44:37,13.60,2510.08,,
13366,10/11/2021 17:54:37,13.60,2007.04,,
13367,10/11/2021 18:04:37,13.64,1283.84,,
13368,10/11/2021 18:14:37,13.90,943.68,,
13369,10/11/2021 18:24:37,13.94,161.88,,
13370,10/11/2021 18:34:37,13.81,75.34,,
13371,10/11/2021 18:44:37,13.81,26.90,,
13372,10/11/2021 18:54:37,13.73,5.58,,
13373,10/11/2021 19:04:37,13.60,0.21,,
13374,10/11/2021 19:14:37,13.43,0.00,,
13375,10/11/2021 19:24:37,13.30,0.00,,
13376,10/11/2021 19:34:37,13.38,0.00,,
13377,10/11/2021 19:44:37,13.55,0.00,,
13378,10/11/2021 19:54:37,13.21,0.00,,
13379,10/11/2021 20:04:37,13.17,0.00,,
13380,10/11/2021 20:14:37,12.91,0.00,,
13381,10/11/2021 20:24:37,12.65,0.00,,
13382,10/11/2021 20:34:37,12.74,0.00,,
13383,10/11/2021 20:44:37,12.87,0.00,,
13384,10/11/2021 20:54:37,12.78,0.00,,
13385,10/11/2021 21:04:37,12.70,0.00,,
13386,10/11/2021 21:14:37,12.61,0.00,,
13387,10/11/2021 21:24:37,12.48,0.00,,
13388,10/11/2021 21:34:37,11.97,0.00,,
13389,10/11/2021 21:44:37,10.21,0.00,,
13390,10/11/2021 21:54:37,9.35,0.00,,
13391,10/11/2021 22:04:37,8.53,0.00,,
13392,10/11/2021 22:14:37,8.62,0.00,,
13393,10/11/2021 22:24:37,8.62,0.00,,
13394,10/11/2021 22:34:37,8.96,0.00,,
13395,10/11/2021 22:44:37,7.98,0.00,,
13396,10/11/2021 22:54:37,7.03,0.00,,
13397,10/11/2021 23:04:37,6.52,0.00,,
13398,10/11/2021 23:14:37,7.08,0.00,,
13399,10/11/2021 23:24:37,6.90,0.00,,
13400,10/11/2021 23:34:37,7.08,0.00,,
13401,10/11/2021 23:44:37,6.99,0.00,,
13402,10/11/2021 23:54:37,7.25,0.00,,
13403,10/12/2021 00:04:37,7.16,0.00,,
13404,10/12/2021 00:14:37,7.59,0.00,,
13405,10/12/2021 00:24:37,6.82,0.00,,
13406,10/12/2021 00:34:37,6.99,0.00,,
13407,10/12/2021 00:44:37,6.73,0.00,,
13408,10/12/2021 00:54:37,6.05,0.00,,
13409,10/12/2021 01:04:37,6.60,0.00,,
13410,10/12/2021 01:14:37,6.00,0.00,,
13411,10/12/2021 01:24:37,6.30,0.00,,
13412,10/12/2021 01:34:37,5.62,0.00,,
13413,10/12/2021 01:44:37,6.48,0.00,,
13414,10/12/2021 01:54:37,6.39,0.00,,
13415,10/12/2021 02:04:37,5.36,0.00,,
13416,10/12/2021 02:14:37,4.50,0.00,,
13417,10/12/2021 02:24:37,4.59,0.00,,
13418,10/12/2021 02:34:37,5.15,0.00,,
13419,10/12/2021 02:44:37,4.42,0.00,,
13420,10/12/2021 02:54:37,4.33,0.00,,
13421,10/12/2021 03:04:37,4.20,0.00,,
13422,10/12/2021 03:14:37,3.77,0.00,,
13423,10/12/2021 03:24:37,3.60,0.00,,
13424,10/12/2021 03:34:37,3.47,0.00,,
13425,10/12/2021 03:44:37,3.56,0.00,,
13426,10/12/2021 03:54:37,3.82,0.00,,
13427,10/12/2021 04:04:37,3.21,0.00,,
13428,10/12/2021 04:14:37,4.46,0.00,,
13429,10/12/2021 04:24:37,4.33,0.00,,
13430,10/12/2021 04:34:37,3.86,0.00,,
13431,10/12/2021 04:44:37,4.50,0.00,,
13432,10/12/2021 04:54:37,4.93,0.00,,
13433,10/12/2021 05:04:37,4.93,0.00,,
13434,10/12/2021 05:14:37,4.20,0.00,,
13435,10/12/2021 05:24:37,3.69,0.00,,
13436,10/12/2021 05:34:37,2.87,0.00,,
13437,10/12/2021 05:44:37,2.70,0.00,,
13438,10/12/2021 05:54:37,2.87,0.00,,
13439,10/12/2021 06:04:37,2.36,0.00,,
13440,10/12/2021 06:14:37,3.00,0.00,,
13441,10/12/2021 06:24:37,3.73,0.00,,
13442,10/12/2021 06:34:37,3.39,0.00,,
13443,10/12/2021 06:44:37,3.47,0.00,,
13444,10/12/2021 06:54:37,4.12,0.00,,
13445,10/12/2021 07:04:37,3.56,3.87,,
13446,10/12/2021 07:14:37,3.30,24.09,,
13447,10/12/2021 07:24:37,2.83,74.80,,
13448,10/12/2021 07:34:37,3.60,148.72,,
13449,10/12/2021 07:44:37,3.86,224.40,,
13450,10/12/2021 07:54:37,4.54,269.92,,
13451,10/12/2021 08:04:37,4.50,1308.80,,
13452,10/12/2021 08:14:37,4.54,1617.92,,
13453,10/12/2021 08:24:37,4.97,1607.68,,
13454,10/12/2021 08:34:37,5.75,2118.40,,
13455,10/12/2021 08:44:37,7.42,1741.44,,
13456,10/12/2021 08:54:37,8.45,2000.00,,
13457,10/12/2021 09:04:37,10.46,1936.64,,
13458,10/12/2021 09:14:37,11.88,1948.80,,
13459,10/12/2021 09:24:37,12.57,1973.12,,
13460,10/12/2021 09:34:37,12.95,2037.76,,
13461,10/12/2021 09:44:37,13.17,2088.96,,
13462,10/12/2021 09:54:37,13.51,2046.08,,
13463,10/12/2021 10:04:37,13.85,1754.24,,
13464,10/12/2021 10:14:37,14.20,1853.44,,
13465,10/12/2021 10:24:37,14.67,1948.80,,
13466,10/12/2021 10:34:37,14.80,1916.16,,
13467,10/12/2021 10:44:37,15.27,1868.80,,
13468,10/12/2021 10:54:37,15.48,1953.92,,
13469,10/12/2021 11:04:37,15.96,1953.92,,
13470,10/12/2021 11:14:37,16.17,1986.56,,
13471,10/12/2021 11:24:37,16.30,2104.32,,
13472,10/12/2021 11:34:37,16.73,2048.00,,
13473,10/12/2021 11:44:37,16.39,2094.08,,
13474,10/12/2021 11:54:37,16.47,2142.08,,
13475,10/12/2021 12:04:37,16.60,2254.72,,
13476,10/12/2021 12:14:37,16.04,1864.96,,
13477,10/12/2021 12:24:37,15.40,2067.20,,
13478,10/12/2021 12:34:37,15.18,2001.92,,
13479,10/12/2021 12:44:37,15.53,2116.48,,
13480,10/12/2021 12:54:37,15.44,2104.32,,
13481,10/12/2021 13:04:37,15.44,2369.28,,
13482,10/12/2021 13:14:37,15.31,1979.52,,
13483,10/12/2021 13:24:37,15.14,1991.68,,
13484,10/12/2021 13:34:37,15.27,2244.48,,
13485,10/12/2021 13:44:37,15.40,2540.80,,
13486,10/12/2021 13:54:37,15.78,2304.64,,
13487,10/12/2021 14:04:37,15.87,2328.32,,
13488,10/12/2021 14:14:37,15.87,2238.08,,
13489,10/12/2021 14:24:37,15.48,2388.48,,
13490,10/12/2021 14:34:37,15.14,2625.28,,
13491,10/12/2021 14:44:37,14.84,2501.12,,
13492,10/12/2021 14:54:37,14.71,2661.12,,
13493,10/12/2021 15:04:37,14.71,3019.52,,
13494,10/12/2021 15:14:37,14.93,3133.44,,
13495,10/12/2021 15:24:37,15.14,3322.88,,
13496,10/12/2021 15:34:37,14.97,3340.80,,
13497,10/12/2021 15:44:37,15.06,3498.24,,
13498,10/12/2021 15:54:37,15.18,3581.44,,
13499,10/12/2021 16:04:37,15.18,3918.08,,
13500,10/12/2021 16:14:37,15.10,4263.68,,
13501,10/12/2021 16:24:37,14.97,3880.96,,
13502,10/12/2021 16:34:37,15.23,3600.64,,
13503,10/12/2021 16:44:37,15.57,4236.80,,
13504,10/12/2021 16:54:37,15.36,4554.24,,
13505,10/12/2021 17:04:37,15.10,3770.88,,
13506,10/12/2021 17:14:37,15.18,3969.28,,
13507,10/12/2021 17:24:37,15.10,3918.08,,
13508,10/12/2021 17:34:37,15.10,3289.60,,
13509,10/12/2021 17:44:37,15.01,2988.80,,
13510,10/12/2021 17:54:37,14.80,2229.12,,
13511,10/12/2021 18:04:37,14.28,1312.64,,
13512,10/12/2021 18:14:37,13.90,784.64,,
13513,10/12/2021 18:24:37,13.34,173.84,,
13514,10/12/2021 18:34:37,13.04,74.10,,
13515,10/12/2021 18:44:37,13.00,21.96,,
13516,10/12/2021 18:54:37,12.78,3.87,,
13517,10/12/2021 19:04:37,12.87,0.00,,
13518,10/12/2021 19:14:37,12.82,0.00,,
13519,10/12/2021 19:24:37,12.65,0.00,,
13520,10/12/2021 19:34:37,12.48,0.00,,
13521,10/12/2021 19:44:37,12.57,0.00,,
13522,10/12/2021 19:54:37,12.70,0.00,,
13523,10/12/2021 20:04:37,12.65,0.00,,
13524,10/12/2021 20:14:37,12.61,0.00,,
13525,10/12/2021 20:24:37,12.57,0.00,,
13526,10/12/2021 20:34:37,12.40,0.00,,
13527,10/12/2021 20:44:37,12.44,0.00,,
13528,10/12/2021 20:54:37,12.40,0.00,,
13529,10/12/2021 21:04:37,12.65,0.00,,
13530,10/12/2021 21:14:37,12.27,0.00,,
13531,10/12/2021 21:24:37,12.44,0.00,,
13532,10/12/2021 21:34:37,12.31,0.00,,
13533,10/12/2021 21:44:37,12.01,0.00,,
13534,10/12/2021 21:54:37,12.10,0.00,,
13535,10/12/2021 22:04:37,12.65,0.00,,
13536,10/12/2021 22:14:37,12.61,0.00,,
13537,10/12/2021 22:24:37,12.44,0.00,,
13538,10/12/2021 22:34:37,12.48,0.00,,
13539,10/12/2021 22:44:37,12.18,0.00,,
13540,10/12/2021 22:54:37,12.31,0.00,,
13541,10/12/2021 23:04:37,12.27,0.00,,
13542,10/12/2021 23:14:37,12.14,0.00,,
13543,10/12/2021 23:24:37,12.05,0.00,,
13544,10/12/2021 23:34:37,11.97,0.00,,
13545,10/12/2021 23:44:37,12.05,0.00,,
13546,10/12/2021 23:54:37,11.97,0.00,,
13547,10/13/2021 00:04:37,11.79,0.00,,
13548,10/13/2021 00:14:37,9.05,0.00,,
13549,10/13/2021 00:24:37,11.28,0.00,,
13550,10/13/2021 00:34:37,11.24,0.00,,
13551,10/13/2021 00:44:37,10.81,0.00,,
13552,10/13/2021 00:54:37,11.02,0.00,,
13553,10/13/2021 01:04:37,8.15,0.00,,
13554,10/13/2021 01:14:37,8.06,0.00,,
13555,10/13/2021 01:24:37,8.36,0.00,,
13556,10/13/2021 01:34:37,7.89,0.00,,
13557,10/13/2021 01:44:37,7.59,0.00,,
13558,10/13/2021 01:54:37,7.72,0.00,,
13559,10/13/2021 02:04:37,7.85,0.00,,
13560,10/13/2021 02:14:37,7.81,0.00,,
13561,10/13/2021 02:24:37,7.63,0.00,,
13562,10/13/2021 02:34:37,7.46,0.00,,
13563,10/13/2021 02:44:37,6.73,0.00,,
13564,10/13/2021 02:54:37,6.69,0.00,,
13565,10/13/2021 03:04:37,6.60,0.00,,
13566,10/13/2021 03:14:37,6.60,0.00,,
13567,10/13/2021 03:24:37,6.56,0.00,,
13568,10/13/2021 03:34:37,6.48,0.00,,
13569,10/13/2021 03:44:37,6.65,0.00,,
13570,10/13/2021 03:54:37,6.35,0.00,,
13571,10/13/2021 04:04:37,5.96,0.00,,
13572,10/13/2021 04:14:37,5.92,0.00,,
13573,10/13/2021 04:24:37,6.60,0.00,,
13574,10/13/2021 04:34:37,6.56,0.00,,
13575,10/13/2021 04:44:37,6.39,0.00,,
13576,10/13/2021 04:54:37,6.48,0.00,,
13577,10/13/2021 05:04:37,7.03,0.00,,
13578,10/13/2021 05:14:37,7.12,0.00,,
13579,10/13/2021 05:24:37,7.33,0.00,,
13580,10/13/2021 05:34:37,7.42,0.00,,
13581,10/13/2021 05:44:37,7.38,0.00,,
13582,10/13/2021 05:54:37,7.46,0.00,,
13583,10/13/2021 06:04:37,7.59,0.00,,
13584,10/13/2021 06:14:37,7.68,0.00,,
13585,10/13/2021 06:24:37,7.38,0.00,,
13586,10/13/2021 06:34:37,7.16,0.00,,
13587,10/13/2021 06:44:37,7.20,0.00,,
13588,10/13/2021 06:54:37,7.20,0.00,,
13589,10/13/2021 07:04:37,7.68,2.35,,
13590,10/13/2021 07:14:37,7.68,12.90,,
13591,10/13/2021 07:24:37,7.46,36.30,,
13592,10/13/2021 07:34:37,7.63,79.98,,
13593,10/13/2021 07:44:37,8.06,141.04,,
13594,10/13/2021 07:54:37,8.36,175.44,,
13595,10/13/2021 08:04:37,8.66,202.16,,
13596,10/13/2021 08:14:37,8.92,228.00,,
13597,10/13/2021 08:24:37,9.22,246.80,,
13598,10/13/2021 08:34:37,9.39,372.48,,
13599,10/13/2021 08:44:37,9.44,346.56,,
13600,10/13/2021 08:54:37,9.69,435.36,,
13601,10/13/2021 09:04:37,10.04,524.00,,
13602,10/13/2021 09:14:37,10.29,606.56,,
13603,10/13/2021 09:24:37,10.81,804.48,,
13604,10/13/2021 09:34:37,11.28,1036.16,,
13605,10/13/2021 09:44:37,11.79,1123.20,,
13606,10/13/2021 09:54:37,12.18,960.00,,
13607,10/13/2021 10:04:37,12.95,1383.68,,
13608,10/13/2021 10:14:37,12.87,872.32,,
13609,10/13/2021 10:24:37,12.91,748.48,,
13610,10/13/2021 10:34:37,12.91,1377.28,,
13611,10/13/2021 10:44:37,13.12,1102.72,,
13612,10/13/2021 10:54:37,13.21,1200.96,,
13613,10/13/2021 11:04:37,13.21,1109.44,,
13614,10/13/2021 11:14:37,13.00,1167.68,,
13615,10/13/2021 11:24:37,13.17,1193.28,,
13616,10/13/2021 11:34:37,13.00,1228.48,,
13617,10/13/2021 11:44:37,12.70,1139.52,,
13618,10/13/2021 11:54:37,12.65,1405.44,,
13619,10/13/2021 12:04:37,12.78,1537.92,,
13620,10/13/2021 12:14:37,12.82,1324.80,,
13621,10/13/2021 12:24:37,13.00,1594.88,,
13622,10/13/2021 12:34:37,13.21,1657.60,,
13623,10/13/2021 12:44:37,13.34,2393.60,,
13624,10/13/2021 12:54:37,13.38,2284.16,,
13625,10/13/2021 13:04:37,13.21,2328.32,,
13626,10/13/2021 13:14:37,13.04,2903.04,,
13627,10/13/2021 13:24:37,12.74,1726.08,,
13628,10/13/2021 13:34:37,12.61,1838.08,,
13629,10/13/2021 13:44:37,12.61,1540.48,,
13630,10/13/2021 13:54:37,12.40,1457.92,,
13631,10/13/2021 14:04:37,12.52,2060.16,,
13632,10/13/2021 14:14:37,12.61,1839.36,,
13633,10/13/2021 14:24:37,12.91,2714.88,,
13634,10/13/2021 14:34:37,13.30,2787.84,,
13635,10/13/2021 14:44:37,13.43,2648.32,,
13636,10/13/2021 14:54:37,13.43,2842.88,,
13637,10/13/2021 15:04:37,13.47,2700.80,,
13638,10/13/2021 15:14:37,13.60,3015.68,,
13639,10/13/2021 15:24:37,13.81,2704.64,,
13640,10/13/2021 15:34:37,13.98,3133.44,,
13641,10/13/2021 15:44:37,14.20,3530.24,,
13642,10/13/2021 15:54:37,14.11,3477.76,,
13643,10/13/2021 16:04:37,14.37,3531.52,,
13644,10/13/2021 16:14:37,14.54,3860.48,,
13645,10/13/2021 16:24:37,14.71,4177.92,,
13646,10/13/2021 16:34:37,14.97,4134.40,,
13647,10/13/2021 16:44:37,15.10,3770.88,,
13648,10/13/2021 16:54:37,15.18,5565.44,,
13649,10/13/2021 17:04:37,15.18,4366.08,,
13650,10/13/2021 17:14:37,15.27,4410.88,,
13651,10/13/2021 17:24:37,15.10,3774.72,,
13652,10/13/2021 17:34:37,14.88,3866.88,,
13653,10/13/2021 17:44:37,14.75,3102.72,,
13654,10/13/2021 17:54:37,14.58,2649.60,,
13655,10/13/2021 18:04:37,14.45,1488.00,,
13656,10/13/2021 18:14:37,14.03,864.32,,
13657,10/13/2021 18:24:37,13.47,142.88,,
13658,10/13/2021 18:34:37,13.21,60.44,,
13659,10/13/2021 18:44:37,13.08,18.08,,
13660,10/13/2021 18:54:37,13.00,2.99,,
13661,10/13/2021 19:04:37,12.87,0.00,,
13662,10/13/2021 19:14:37,13.00,0.00,,
13663,10/13/2021 19:24:37,12.65,0.00,,
13664,10/13/2021 19:34:37,11.84,0.00,,
13665,10/13/2021 19:44:37,11.11,0.00,,
13666,10/13/2021 19:54:37,10.46,0.00,,
13667,10/13/2021 20:04:37,10.16,0.00,,
13668,10/13/2021 20:14:37,10.04,0.00,,
13669,10/13/2021 20:24:37,9.95,0.00,,
13670,10/13/2021 20:34:37,9.99,0.00,,
13671,10/13/2021 20:44:37,9.78,0.00,,
13672,10/13/2021 20:54:37,9.39,0.00,,
13673,10/13/2021 21:04:37,9.44,0.00,,
13674,10/13/2021 21:14:37,9.05,0.00,,
13675,10/13/2021 21:24:37,9.01,0.00,,
13676,10/13/2021 21:34:37,9.44,0.00,,
13677,10/13/2021 21:44:37,9.01,0.00,,
13678,10/13/2021 21:54:37,8.88,0.00,,
13679,10/13/2021 22:04:37,8.96,0.00,,
13680,10/13/2021 22:14:37,8.75,0.00,,
13681,10/13/2021 22:24:37,8.75,0.00,,
13682,10/13/2021 22:34:37,8.66,0.00,,
13683,10/13/2021 22:44:37,8.71,0.00,,
13684,10/13/2021 22:54:37,8.71,0.00,,
13685,10/13/2021 23:04:37,7.98,0.00,,
13686,10/13/2021 23:14:37,7.81,0.00,,
13687,10/13/2021 23:24:37,7.98,0.00,,
13688,10/13/2021 23:34:37,8.36,0.00,,
13689,10/13/2021 23:44:37,8.19,0.00,,
13690,10/13/2021 23:54:37,7.81,0.00,,
13691,10/14/2021 00:04:37,7.72,0.00,,
13692,10/14/2021 00:14:37,6.82,0.00,,
13693,10/14/2021 00:24:37,7.38,0.00,,
13694,10/14/2021 00:34:37,7.16,0.00,,
13695,10/14/2021 00:44:37,7.08,0.00,,
13696,10/14/2021 00:54:37,7.42,0.00,,
13697,10/14/2021 01:04:37,7.59,0.00,,
13698,10/14/2021 01:14:37,7.29,0.00,,
13699,10/14/2021 01:24:37,7.12,0.00,,
13700,10/14/2021 01:34:37,6.78,0.00,,
13701,10/14/2021 01:44:37,6.69,0.00,,
13702,10/14/2021 01:54:37,6.82,0.00,,
13703,10/14/2021 02:04:37,7.16,0.00,,
13704,10/14/2021 02:14:37,7.08,0.00,,
13705,10/14/2021 02:24:37,7.08,0.00,,
13706,10/14/2021 02:34:37,7.29,0.00,,
13707,10/14/2021 02:44:37,7.38,0.00,,
13708,10/14/2021 02:54:37,7.29,0.00,,
13709,10/14/2021 03:04:37,6.05,0.00,,
13710,10/14/2021 03:14:37,6.39,0.00,,
13711,10/14/2021 03:24:37,5.87,0.00,,
13712,10/14/2021 03:34:37,5.83,0.00,,
13713,10/14/2021 03:44:37,5.57,0.00,,
13714,10/14/2021 03:54:37,5.87,0.00,,
13715,10/14/2021 04:04:37,6.26,0.00,,
13716,10/14/2021 04:14:37,5.96,0.00,,
13717,10/14/2021 04:24:37,6.13,0.00,,
13718,10/14/2021 04:34:37,6.17,0.00,,
13719,10/14/2021 04:44:37,6.65,0.00,,
13720,10/14/2021 04:54:37,6.52,0.00,,
13721,10/14/2021 05:04:37,5.79,0.00,,
13722,10/14/2021 05:14:37,5.40,0.00,,
13723,10/14/2021 05:24:37,5.70,0.00,,
13724,10/14/2021 05:34:37,5.40,0.00,,
13725,10/14/2021 05:44:37,5.45,0.00,,
13726,10/14/2021 05:54:37,5.36,0.00,,
13727,10/14/2021 06:04:37,5.57,0.00,,
13728,10/14/2021 06:14:37,5.53,0.00,,
13729,10/14/2021 06:24:37,5.75,0.00,,
13730,10/14/2021 06:34:37,5.62,0.00,,
13731,10/14/2021 06:44:37,5.53,0.00,,
13732,10/14/2021 06:54:37,5.15,0.00,,
13733,10/14/2021 07:04:37,5.36,2.16,,
13734,10/14/2021 07:14:37,5.70,16.75,,
13735,10/14/2021 07:24:37,5.87,56.94,,
13736,10/14/2021 07:34:37,5.23,125.56,,
13737,10/14/2021 07:44:37,5.06,203.76,,
13738,10/14/2021 07:54:37,5.45,273.36,,
13739,10/14/2021 08:04:37,6.26,1013.76,,
13740,10/14/2021 08:14:37,7.42,1264.32,,
13741,10/14/2021 08:24:37,7.50,1478.40,,
13742,10/14/2021 08:34:37,8.23,1694.08,,
13743,10/14/2021 08:44:37,8.75,1798.40,,
13744,10/14/2021 08:54:37,9.09,1698.56,,
13745,10/14/2021 09:04:37,9.48,1803.52,,
13746,10/14/2021 09:14:37,9.91,1762.56,,
13747,10/14/2021 09:24:37,10.29,1988.48,,
13748,10/14/2021 09:34:37,10.85,1834.24,,
13749,10/14/2021 09:44:37,11.37,1885.44,,
13750,10/14/2021 09:54:37,11.97,1983.36,,
13751,10/14/2021 10:04:37,12.74,1962.88,,
13752,10/14/2021 10:14:37,13.38,1904.64,,
13753,10/14/2021 10:24:37,14.03,1969.28,,
13754,10/14/2021 10:34:37,14.84,1960.96,,
13755,10/14/2021 10:44:37,15.48,1928.32,,
13756,10/14/2021 10:54:37,16.17,1959.04,,
13757,10/14/2021 11:04:37,16.77,1984.64,,
13758,10/14/2021 11:14:37,16.60,1998.72,,
13759,10/14/2021 11:24:37,16.30,1905.92,,
13760,10/14/2021 11:34:37,16.60,2116.48,,
13761,10/14/2021 11:44:37,16.64,2131.84,,
13762,10/14/2021 11:54:37,17.07,2202.24,,
13763,10/14/2021 12:04:37,17.46,2044.80,,
13764,10/14/2021 12:14:37,17.16,2048.00,,
13765,10/14/2021 12:24:37,16.64,1991.68,,
13766,10/14/2021 12:34:37,16.60,2024.32,,
13767,10/14/2021 12:44:37,16.30,2019.20,,
13768,10/14/2021 12:54:37,16.34,2017.28,,
13769,10/14/2021 13:04:37,16.43,2097.92,,
13770,10/14/2021 13:14:37,16.47,2099.20,,
13771,10/14/2021 13:24:37,16.60,2282.24,,
13772,10/14/2021 13:34:37,16.69,2131.84,,
13773,10/14/2021 13:44:37,16.90,2289.28,,
13774,10/14/2021 13:54:37,17.20,2179.84,,
13775,10/14/2021 14:04:37,17.37,2147.20,,
13776,10/14/2021 14:14:37,17.67,2263.68,,
13777,10/14/2021 14:24:37,17.16,2248.32,,
13778,10/14/2021 14:34:37,16.90,2542.08,,
13779,10/14/2021 14:44:37,16.51,2393.60,,
13780,10/14/2021 14:54:37,16.21,2645.76,,
13781,10/14/2021 15:04:37,16.47,2407.04,,
13782,10/14/2021 15:14:37,16.86,2731.52,,
13783,10/14/2021 15:24:37,16.86,2924.80,,
13784,10/14/2021 15:34:37,17.03,3208.96,,
13785,10/14/2021 15:44:37,16.99,3024.64,,
13786,10/14/2021 15:54:37,17.16,3321.60,,
13787,10/14/2021 16:04:37,17.33,3477.76,,
13788,10/14/2021 16:14:37,17.20,4085.76,,
13789,10/14/2021 16:24:37,17.16,3717.12,,
13790,10/14/2021 16:34:37,17.72,4075.52,,
13791,10/14/2021 16:44:37,17.76,4503.04,,
13792,10/14/2021 16:54:37,17.54,4065.28,,
13793,10/14/2021 17:04:37,17.46,4171.52,,
13794,10/14/2021 17:14:37,17.50,4226.56,,
13795,10/14/2021 17:24:37,17.07,3976.96,,
13796,10/14/2021 17:34:37,16.69,3549.44,,
13797,10/14/2021 17:44:37,16.30,2914.56,,
13798,10/14/2021 17:54:37,16.04,2521.60,,
13799,10/14/2021 18:04:37,15.83,1827.84,,
13800,10/14/2021 18:14:37,15.48,691.52,,
13801,10/14/2021 18:24:37,14.93,139.44,,
13802,10/14/2021 18:34:37,14.58,58.76,,
13803,10/14/2021 18:44:37,14.37,15.52,,
13804,10/14/2021 18:54:37,14.11,2.13,,
13805,10/14/2021 19:04:37,13.90,0.00,,
13806,10/14/2021 19:14:37,12.95,0.00,,
13807,10/14/2021 19:24:37,11.88,0.00,,
13808,10/14/2021 19:34:37,11.28,0.00,,
13809,10/14/2021 19:44:37,11.02,0.00,,
13810,10/14/2021 19:54:37,10.94,0.00,,
13811,10/14/2021 20:04:37,10.85,0.00,,
13812,10/14/2021 20:14:37,10.46,0.00,,
13813,10/14/2021 20:24:37,10.29,0.00,,
13814,10/14/2021 20:34:37,10.04,0.00,,
13815,10/14/2021 20:44:37,9.99,0.00,,
13816,10/14/2021 20:54:37,10.16,0.00,,
13817,10/14/2021 21:04:37,9.78,0.00,,
13818,10/14/2021 21:14:37,9.74,0.00,,
13819,10/14/2021 21:24:37,10.34,0.00,,
13820,10/14/2021 21:34:37,9.91,0.00,,
13821,10/14/2021 21:44:37,9.99,0.00,,
13822,10/14/2021 21:54:37,10.16,0.00,,
13823,10/14/2021 22:04:37,10.21,0.00,,
13824,10/14/2021 22:14:37,9.95,0.00,,
13825,10/14/2021 22:24:37,9.44,0.00,,
13826,10/14/2021 22:34:37,9.39,0.00,,
13827,10/14/2021 22:44:37,9.56,0.00,,
13828,10/14/2021 22:54:37,9.39,0.00,,
13829,10/14/2021 23:04:37,9.44,0.00,,
13830,10/14/2021 23:14:37,8.66,0.00,,
13831,10/14/2021 23:24:37,8.53,0.00,,
13832,10/14/2021 23:34:37,8.83,0.00,,
13833,10/14/2021 23:44:37,8.45,0.00,,
13834,10/14/2021 23:54:37,8.41,0.00,,
13835,10/15/2021 00:04:37,8.45,0.00,,
13836,10/15/2021 00:14:37,7.81,0.00,,
13837,10/15/2021 00:24:37,6.99,0.00,,
13838,10/15/2021 00:34:37,6.43,0.00,,
13839,10/15/2021 00:44:37,7.12,0.00,,
13840,10/15/2021 00:54:37,7.42,0.00,,
13841,10/15/2021 01:04:37,7.85,0.00,,
13842,10/15/2021 01:14:37,7.72,0.00,,
13843,10/15/2021 01:24:37,7.81,0.00,,
13844,10/15/2021 01:34:37,7.59,0.00,,
13845,10/15/2021 01:44:37,7.81,0.00,,
13846,10/15/2021 01:54:37,7.63,0.00,,
13847,10/15/2021 02:04:37,6.73,0.00,,
13848,10/15/2021 02:14:37,6.82,0.00,,
13849,10/15/2021 02:24:37,7.76,0.00,,
13850,10/15/2021 02:34:37,7.63,0.00,,
13851,10/15/2021 02:44:37,7.33,0.00,,
13852,10/15/2021 02:54:37,6.82,0.00,,
13853,10/15/2021 03:04:37,6.13,0.00,,
13854,10/15/2021 03:14:37,6.09,0.00,,
13855,10/15/2021 03:24:37,6.05,0.00,,
13856,10/15/2021 03:34:37,6.22,0.00,,
13857,10/15/2021 03:44:37,6.52,0.00,,
13858,10/15/2021 03:54:37,5.66,0.00,,
13859,10/15/2021 04:04:37,6.00,0.00,,
13860,10/15/2021 04:14:37,5.75,0.00,,
13861,10/15/2021 04:24:37,5.53,0.00,,
13862,10/15/2021 04:34:37,5.92,0.00,,
13863,10/15/2021 04:44:37,5.87,0.00,,
13864,10/15/2021 04:54:37,5.19,0.00,,
13865,10/15/2021 05:04:37,5.57,0.00,,
13866,10/15/2021 05:14:37,5.66,0.00,,
13867,10/15/2021 05:24:37,5.53,0.00,,
13868,10/15/2021 05:34:37,5.45,0.00,,
13869,10/15/2021 05:44:37,5.23,0.00,,
13870,10/15/2021 05:54:37,5.36,0.00,,
13871,10/15/2021 06:04:37,5.45,0.00,,
13872,10/15/2021 06:14:37,5.45,0.00,,
13873,10/15/2021 06:24:37,5.27,0.00,,
13874,10/15/2021 06:34:37,5.53,0.00,,
13875,10/15/2021 06:44:37,5.06,0.00,,
13876,10/15/2021 06:54:37,5.19,0.00,,
13877,10/15/2021 07:04:37,5.27,1.92,,
13878,10/15/2021 07:14:37,5.27,14.18,,
13879,10/15/2021 07:24:37,5.53,52.04,,
13880,10/15/2021 07:34:37,5.23,119.56,,
13881,10/15/2021 07:44:37,5.10,197.68,,
13882,10/15/2021 07:54:37,5.45,263.92,,
13883,10/15/2021 08:04:37,6.43,884.80,,
13884,10/15/2021 08:14:37,7.33,1574.40,,
13885,10/15/2021 08:24:37,7.76,1825.92,,
13886,10/15/2021 08:34:37,8.92,1436.80,,
13887,10/15/2021 08:44:37,9.56,1696.00,,
13888,10/15/2021 08:54:37,10.21,1822.08,,
13889,10/15/2021 09:04:37,10.81,1790.08,,
13890,10/15/2021 09:14:37,11.24,1851.52,,
13891,10/15/2021 09:24:37,11.79,1989.76,,
13892,10/15/2021 09:34:37,12.61,1959.04,,
13893,10/15/2021 09:44:37,13.30,1841.28,,
13894,10/15/2021 09:54:37,13.98,1863.68,,
13895,10/15/2021 10:04:37,14.88,1940.48,,
13896,10/15/2021 10:14:37,15.83,1879.04,,
13897,10/15/2021 10:24:37,16.99,1676.16,,
13898,10/15/2021 10:34:37,17.80,1818.88,,
13899,10/15/2021 10:44:37,16.34,1952.64,,
13900,10/15/2021 10:54:37,16.08,2017.28,,
13901,10/15/2021 11:04:37,16.17,2014.08,,
13902,10/15/2021 11:14:37,16.39,1950.72,,
13903,10/15/2021 11:24:37,16.60,1747.20,,
13904,10/15/2021 11:34:37,17.16,2398.72,,
13905,10/15/2021 11:44:37,17.72,2147.20,,
13906,10/15/2021 11:54:37,18.06,2044.80,,
13907,10/15/2021 12:04:37,17.89,2239.36,,
13908,10/15/2021 12:14:37,17.41,2000.00,,
13909,10/15/2021 12:24:37,17.54,2116.48,,
13910,10/15/2021 12:34:37,17.33,1976.32,,
13911,10/15/2021 12:44:37,17.24,1870.08,,
13912,10/15/2021 12:54:37,17.67,1829.12,,
13913,10/15/2021 13:04:37,18.10,1991.68,,
13914,10/15/2021 13:14:37,18.19,2039.68,,
13915,10/15/2021 13:24:37,18.36,2063.36,,
13916,10/15/2021 13:34:37,17.93,2051.20,,
13917,10/15/2021 13:44:37,17.93,2291.20,,
13918,10/15/2021 13:54:37,18.32,2291.20,,
13919,10/15/2021 14:04:37,18.02,2162.56,,
13920,10/15/2021 14:14:37,17.59,2405.76,,
13921,10/15/2021 14:24:37,17.80,2421.12,,
13922,10/15/2021 14:34:37,17.84,2629.12,,
13923,10/15/2021 14:44:37,17.63,2448.00,,
13924,10/15/2021 14:54:37,17.63,2813.44,,
13925,10/15/2021 15:04:37,17.54,2608.64,,
13926,10/15/2021 15:14:37,17.63,2656.00,,
13927,10/15/2021 15:24:37,17.41,2970.88,,
13928,10/15/2021 15:34:37,17.67,3114.24,,
13929,10/15/2021 15:44:37,17.89,2837.76,,
13930,10/15/2021 15:54:37,17.97,3097.60,,
13931,10/15/2021 16:04:37,17.97,3799.04,,
13932,10/15/2021 16:14:37,17.97,3439.36,,
13933,10/15/2021 16:24:37,18.10,3856.64,,
13934,10/15/2021 16:34:37,18.10,3987.20,,
13935,10/15/2021 16:44:37,18.19,4024.32,,
13936,10/15/2021 16:54:37,18.32,4113.92,,
13937,10/15/2021 17:04:37,18.19,4339.20,,
13938,10/15/2021 17:14:37,18.23,4400.64,,
13939,10/15/2021 17:24:37,18.10,3962.88,,
13940,10/15/2021 17:34:37,18.06,3623.68,,
13941,10/15/2021 17:44:37,17.76,3091.20,,
13942,10/15/2021 17:54:37,17.54,2602.24,,
13943,10/15/2021 18:04:37,17.37,1800.32,,
13944,10/15/2021 18:14:37,17.16,314.40,,
13945,10/15/2021 18:24:37,16.73,120.40,,
13946,10/15/2021 18:34:37,16.60,50.32,,
13947,10/15/2021 18:44:37,16.43,14.15,,
13948,10/15/2021 18:54:37,15.27,1.92,,
13949,10/15/2021 19:04:37,14.11,0.00,,
13950,10/15/2021 19:14:37,13.94,0.00,,
13951,10/15/2021 19:24:37,13.21,0.00,,
13952,10/15/2021 19:34:37,12.22,0.00,,
13953,10/15/2021 19:44:37,11.79,0.00,,
13954,10/15/2021 19:54:37,11.67,0.00,,
13955,10/15/2021 20:04:37,10.98,0.00,,
13956,10/15/2021 20:14:37,11.49,0.00,,
13957,10/15/2021 20:24:37,11.41,0.00,,
13958,10/15/2021 20:34:37,10.98,0.00,,
13959,10/15/2021 20:44:37,10.85,0.00,,
13960,10/15/2021 20:54:37,11.24,0.00,,
13961,10/15/2021 21:04:37,11.32,0.00,,
13962,10/15/2021 21:14:37,11.41,0.00,,
13963,10/15/2021 21:24:37,11.07,0.00,,
13964,10/15/2021 21:34:37,10.89,0.00,,
13965,10/15/2021 21:44:37,10.72,0.00,,
13966,10/15/2021 21:54:37,10.51,0.00,,
13967,10/15/2021 22:04:37,10.46,0.00,,
13968,10/15/2021 22:14:37,10.81,0.00,,
13969,10/15/2021 22:24:37,10.21,0.00,,
13970,10/15/2021 22:34:37,10.64,0.00,,
13971,10/15/2021 22:44:37,10.77,0.00,,
13972,10/15/2021 22:54:37,11.07,0.00,,
13973,10/15/2021 23:04:37,11.07,0.00,,
13974,10/15/2021 23:14:37,11.15,0.00,,
13975,10/15/2021 23:24:37,10.85,0.00,,
13976,10/15/2021 23:34:37,9.95,0.00,,
13977,10/15/2021 23:44:37,9.82,0.00,,
13978,10/15/2021 23:54:37,9.05,0.00,,
13979,10/16/2021 00:04:37,9.91,0.00,,
13980,10/16/2021 00:14:37,10.08,0.00,,
13981,10/16/2021 00:24:37,9.48,0.00,,
13982,10/16/2021 00:34:37,7.85,0.00,,
13983,10/16/2021 00:44:37,8.83,0.00,,
13984,10/16/2021 00:54:37,9.14,0.00,,
13985,10/16/2021 01:04:37,9.09,0.00,,
13986,10/16/2021 01:14:37,8.71,0.00,,
13987,10/16/2021 01:24:37,7.46,0.00,,
13988,10/16/2021 01:34:37,7.03,0.00,,
13989,10/16/2021 01:44:37,7.03,0.00,,
13990,10/16/2021 01:54:37,6.95,0.00,,
13991,10/16/2021 02:04:37,6.99,0.00,,
13992,10/16/2021 02:14:37,7.33,0.00,,
13993,10/16/2021 02:24:37,8.32,0.00,,
13994,10/16/2021 02:34:37,8.15,0.00,,
13995,10/16/2021 02:44:37,8.45,0.00,,
13996,10/16/2021 02:54:37,8.66,0.00,,
13997,10/16/2021 03:04:37,7.72,0.00,,
13998,10/16/2021 03:14:37,6.95,0.00,,
13999,10/16/2021 03:24:37,6.82,0.00,,
14000,10/16/2021 03:34:37,7.29,0.00,,
14001,10/16/2021 03:44:37,7.50,0.00,,
14002,10/16/2021 03:54:37,6.56,0.00,,
14003,10/16/2021 04:04:37,6.39,0.00,,
14004,10/16/2021 04:14:37,7.08,0.00,,
14005,10/16/2021 04:24:37,7.38,0.00,,
14006,10/16/2021 04:34:37,7.08,0.00,,
14007,10/16/2021 04:44:37,6.86,0.00,,
14008,10/16/2021 04:54:37,7.12,0.00,,
14009,10/16/2021 05:04:37,7.63,0.00,,
14010,10/16/2021 05:14:37,7.72,0.00,,
14011,10/16/2021 05:24:37,7.63,0.00,,
14012,10/16/2021 05:34:37,7.72,0.00,,
14013,10/16/2021 05:44:37,7.59,0.00,,
14014,10/16/2021 05:54:37,7.68,0.00,,
14015,10/16/2021 06:04:37,7.68,0.00,,
14016,10/16/2021 06:14:37,7.46,0.00,,
14017,10/16/2021 06:24:37,7.59,0.00,,
14018,10/16/2021 06:34:37,7.50,0.00,,
14019,10/16/2021 06:44:37,7.55,0.00,,
14020,10/16/2021 06:54:37,7.63,0.00,,
14021,10/16/2021 07:04:37,7.76,1.49,,
14022,10/16/2021 07:14:37,7.98,11.40,,
14023,10/16/2021 07:24:37,7.89,44.28,,
14024,10/16/2021 07:34:37,7.81,103.20,,
14025,10/16/2021 07:44:37,7.89,176.16,,
14026,10/16/2021 07:54:37,8.71,242.56,,
14027,10/16/2021 08:04:37,9.22,751.68,,
14028,10/16/2021 08:14:37,9.65,980.48,,
14029,10/16/2021 08:24:37,9.82,1391.36,,
14030,10/16/2021 08:34:37,10.51,1560.96,,
14031,10/16/2021 08:44:37,10.94,1656.32,,
14032,10/16/2021 08:54:37,11.71,1764.48,,
14033,10/16/2021 09:04:37,12.27,1806.72,,
14034,10/16/2021 09:14:37,12.70,1844.48,,
14035,10/16/2021 09:24:37,13.60,1921.28,,
14036,10/16/2021 09:34:37,14.33,1827.84,,
14037,10/16/2021 09:44:37,15.57,1864.96,,
14038,10/16/2021 09:54:37,16.64,1856.64,,
14039,10/16/2021 10:04:37,17.67,1935.36,,
14040,10/16/2021 10:14:37,18.27,1890.56,,
14041,10/16/2021 10:24:37,18.96,1815.68,,
14042,10/16/2021 10:34:37,20.16,1866.88,,
14043,10/16/2021 10:44:37,21.32,1976.32,,
14044,10/16/2021 10:54:37,22.48,2094.08,,
14045,10/16/2021 11:04:37,23.03,2040.96,,
14046,10/16/2021 11:14:37,23.68,1866.88,,
14047,10/16/2021 11:24:37,25.22,2118.40,,
14048,10/16/2021 11:34:37,26.21,2171.52,,
14049,10/16/2021 11:44:37,26.77,2124.80,,
14050,10/16/2021 11:54:37,26.98,2075.52,,
14051,10/16/2021 12:04:37,27.11,2238.08,,
14052,10/16/2021 12:14:37,27.15,2025.60,,
14053,10/16/2021 12:24:37,27.24,2015.36,,
14054,10/16/2021 12:34:37,27.32,2008.96,,
14055,10/16/2021 12:44:37,27.50,2092.80,,
14056,10/16/2021 12:54:37,27.50,2003.84,,
14057,10/16/2021 13:04:37,27.63,2092.80,,
14058,10/16/2021 13:14:37,26.47,2090.88,,
14059,10/16/2021 13:24:37,27.11,2039.68,,
14060,10/16/2021 13:34:37,26.42,2046.08,,
14061,10/16/2021 13:44:37,25.14,2181.76,,
14062,10/16/2021 13:54:37,23.34,2229.12,,
14063,10/16/2021 14:04:37,24.11,2225.92,,
14064,10/16/2021 14:14:37,23.76,2272.00,,
14065,10/16/2021 14:24:37,24.66,2208.64,,
14066,10/16/2021 14:34:37,23.94,2518.40,,
14067,10/16/2021 14:44:37,23.68,2333.44,,
14068,10/16/2021 14:54:37,23.76,2566.40,,
14069,10/16/2021 15:04:37,22.78,2944.00,,
14070,10/16/2021 15:14:37,22.39,2638.08,,
14071,10/16/2021 15:24:37,22.09,2576.64,,
14072,10/16/2021 15:34:37,21.06,3037.44,,
14073,10/16/2021 15:44:37,21.40,3015.68,,
14074,10/16/2021 15:54:37,21.45,3276.80,,
14075,10/16/2021 16:04:37,21.88,3144.96,,
14076,10/16/2021 16:14:37,22.65,3566.08,,
14077,10/16/2021 16:24:37,21.32,3952.64,,
14078,10/16/2021 16:34:37,20.33,3979.52,,
14079,10/16/2021 16:44:37,19.65,4154.88,,
14080,10/16/2021 16:54:37,19.17,4055.04,,
14081,10/16/2021 17:04:37,19.22,4294.40,,
14082,10/16/2021 17:14:37,19.52,3895.04,,
14083,10/16/2021 17:24:37,19.82,3832.32,,
14084,10/16/2021 17:34:37,19.65,3484.16,,
14085,10/16/2021 17:44:37,19.30,3051.52,,
14086,10/16/2021 17:54:37,18.83,2056.96,,
14087,10/16/2021 18:04:37,18.62,1368.32,,
14088,10/16/2021 18:14:37,18.19,213.44,,
14089,10/16/2021 18:24:37,17.93,97.64,,
14090,10/16/2021 18:34:37,17.80,34.83,,
14091,10/16/2021 18:44:37,16.34,7.93,,
14092,10/16/2021 18:54:37,15.66,0.42,,
14093,10/16/2021 19:04:37,15.53,0.00,,
14094,10/16/2021 19:14:37,15.78,0.00,,
14095,10/16/2021 19:24:37,14.67,0.00,,
14096,10/16/2021 19:34:37,14.15,0.00,,
14097,10/16/2021 19:44:37,13.30,0.00,,
14098,10/16/2021 19:54:37,13.30,0.00,,
14099,10/16/2021 20:04:37,12.95,0.00,,
14100,10/16/2021 20:14:37,12.82,0.00,,
14101,10/16/2021 20:24:37,12.74,0.00,,
14102,10/16/2021 20:34:37,12.44,0.00,,
14103,10/16/2021 20:44:37,12.10,0.00,,
14104,10/16/2021 20:54:37,12.40,0.00,,
14105,10/16/2021 21:04:37,12.52,0.00,,
14106,10/16/2021 21:14:37,12.18,0.00,,
14107,10/16/2021 21:24:37,11.88,0.00,,
14108,10/16/2021 21:34:37,11.75,0.00,,
14109,10/16/2021 21:44:37,12.14,0.00,,
14110,10/16/2021 21:54:37,11.58,0.00,,
14111,10/16/2021 22:04:37,9.78,0.00,,
14112,10/16/2021 22:14:37,9.44,0.00,,
14113,10/16/2021 22:24:37,9.69,0.00,,
14114,10/16/2021 22:34:37,9.61,0.00,,
14115,10/16/2021 22:44:37,9.95,0.00,,
14116,10/16/2021 22:54:37,10.34,0.00,,
14117,10/16/2021 23:04:37,10.42,0.00,,
14118,10/16/2021 23:14:37,10.42,0.00,,
14119,10/16/2021 23:24:37,10.25,0.00,,
14120,10/16/2021 23:34:37,10.29,0.00,,
14121,10/16/2021 23:44:37,10.25,0.00,,
14122,10/16/2021 23:54:37,10.04,0.00,,
14123,10/17/2021 00:04:37,10.16,0.00,,
14124,10/17/2021 00:14:37,9.86,0.00,,
14125,10/17/2021 00:24:37,9.91,0.00,,
14126,10/17/2021 00:34:37,9.31,0.00,,
14127,10/17/2021 00:44:37,8.45,0.00,,
14128,10/17/2021 00:54:37,8.66,0.00,,
14129,10/17/2021 01:04:37,7.50,0.00,,
14130,10/17/2021 01:14:37,6.99,0.00,,
14131,10/17/2021 01:24:37,7.08,0.00,,
14132,10/17/2021 01:34:37,8.36,0.00,,
14133,10/17/2021 01:44:37,8.36,0.00,,
14134,10/17/2021 01:54:37,7.72,0.00,,
14135,10/17/2021 02:04:37,7.42,0.00,,
14136,10/17/2021 02:14:37,7.55,0.00,,
14137,10/17/2021 02:24:37,8.75,0.00,,
14138,10/17/2021 02:34:37,9.52,0.00,,
14139,10/17/2021 02:44:37,9.56,0.00,,
14140,10/17/2021 02:54:37,8.92,0.00,,
14141,10/17/2021 03:04:37,8.53,0.00,,
14142,10/17/2021 03:14:37,9.18,0.00,,
14143,10/17/2021 03:24:37,7.46,0.00,,
14144,10/17/2021 03:34:37,6.60,0.00,,
14145,10/17/2021 03:44:37,6.60,0.00,,
14146,10/17/2021 03:54:37,6.05,0.00,,
14147,10/17/2021 04:04:37,6.95,0.00,,
14148,10/17/2021 04:14:37,8.83,0.00,,
14149,10/17/2021 04:24:37,8.36,0.00,,
14150,10/17/2021 04:34:37,8.53,0.00,,
14151,10/17/2021 04:44:37,7.85,0.00,,
14152,10/17/2021 04:54:37,8.06,0.00,,
14153,10/17/2021 05:04:37,7.89,0.00,,
14154,10/17/2021 05:14:37,8.23,0.00,,
14155,10/17/2021 05:24:37,8.41,0.00,,
14156,10/17/2021 05:34:37,8.32,0.00,,
14157,10/17/2021 05:44:37,9.22,0.00,,
14158,10/17/2021 05:54:37,9.18,0.00,,
14159,10/17/2021 06:04:37,8.06,0.00,,
14160,10/17/2021 06:14:37,8.15,0.00,,
14161,10/17/2021 06:24:37,8.36,0.00,,
14162,10/17/2021 06:34:37,8.92,0.00,,
14163,10/17/2021 06:44:37,8.92,0.00,,
14164,10/17/2021 06:54:37,7.85,0.00,,
14165,10/17/2021 07:04:37,7.42,0.42,,
14166,10/17/2021 07:14:37,7.12,6.65,,
14167,10/17/2021 07:24:37,7.25,26.42,,
14168,10/17/2021 07:34:37,7.85,50.70,,
14169,10/17/2021 07:44:37,7.81,115.28,,
14170,10/17/2021 07:54:37,8.71,197.04,,
14171,10/17/2021 08:04:37,9.01,289.04,,
14172,10/17/2021 08:14:37,10.04,353.60,,
14173,10/17/2021 08:24:37,11.41,475.04,,
14174,10/17/2021 08:34:37,11.45,379.36,,
14175,10/17/2021 08:44:37,11.88,402.56,,
14176,10/17/2021 08:54:37,11.92,344.96,,
14177,10/17/2021 09:04:37,12.10,509.44,,
14178,10/17/2021 09:14:37,12.14,500.64,,
14179,10/17/2021 09:24:37,11.97,436.16,,
14180,10/17/2021 09:34:37,11.88,230.56,,
14181,10/17/2021 09:44:37,12.22,597.92,,
14182,10/17/2021 09:54:37,12.44,481.60,,
14183,10/17/2021 10:04:37,12.52,627.04,,
14184,10/17/2021 10:14:37,12.65,696.64,,
14185,10/17/2021 10:24:37,12.78,879.68,,
14186,10/17/2021 10:34:37,13.00,1096.00,,
14187,10/17/2021 10:44:37,13.17,1290.88,,
14188,10/17/2021 10:54:37,13.60,1535.36,,
14189,10/17/2021 11:04:37,13.81,1224.00,,
14190,10/17/2021 11:14:37,13.85,930.88,,
14191,10/17/2021 11:24:37,14.07,777.28,,
14192,10/17/2021 11:34:37,14.24,960.64,,
14193,10/17/2021 11:44:37,14.45,1200.32,,
14194,10/17/2021 11:54:37,14.71,1272.96,,
14195,10/17/2021 12:04:37,14.58,2964.48,,
14196,10/17/2021 12:14:37,14.75,1300.16,,
14197,10/17/2021 12:24:37,14.71,1255.04,,
14198,10/17/2021 12:34:37,14.80,1197.76,,
14199,10/17/2021 12:44:37,14.63,1006.08,,
14200,10/17/2021 12:54:37,14.88,1406.08,,
14201,10/17/2021 13:04:37,14.84,1563.52,,
14202,10/17/2021 13:14:37,15.14,1157.44,,
14203,10/17/2021 13:24:37,15.01,1409.28,,
14204,10/17/2021 13:34:37,15.01,2342.40,,
14205,10/17/2021 13:44:37,15.10,2017.28,,
14206,10/17/2021 13:54:37,15.44,2640.64,,
14207,10/17/2021 14:04:37,15.48,2080.64,,
14208,10/17/2021 14:14:37,15.44,2422.40,,
14209,10/17/2021 14:24:37,15.78,2702.08,,
14210,10/17/2021 14:34:37,15.87,2263.68,,
14211,10/17/2021 14:44:37,16.00,2976.00,,
14212,10/17/2021 14:54:37,16.13,2936.32,,
14213,10/17/2021 15:04:37,16.26,2883.84,,
14214,10/17/2021 15:14:37,15.66,1129.92,,
14215,10/17/2021 15:24:37,15.06,685.44,,
14216,10/17/2021 15:34:37,14.84,677.76,,
14217,10/17/2021 15:44:37,14.63,477.44,,
14218,10/17/2021 15:54:37,14.37,356.80,,
14219,10/17/2021 16:04:37,13.77,319.04,,
14220,10/17/2021 16:14:37,13.55,218.40,,
14221,10/17/2021 16:24:37,13.55,232.32,,
14222,10/17/2021 16:34:37,13.08,97.60,,
14223,10/17/2021 16:44:37,12.91,190.96,,
14224,10/17/2021 16:54:37,12.70,75.70,,
14225,10/17/2021 17:04:37,12.52,142.76,,
14226,10/17/2021 17:14:37,12.35,113.56,,
14227,10/17/2021 17:24:37,12.22,53.54,,
14228,10/17/2021 17:34:37,12.52,49.88,,
14229,10/17/2021 17:44:37,12.44,35.45,,
14230,10/17/2021 17:54:37,12.27,33.07,,
14231,10/17/2021 18:04:37,12.10,35.72,,
14232,10/17/2021 18:14:37,12.22,37.26,,
14233,10/17/2021 18:24:37,12.14,19.26,,
14234,10/17/2021 18:34:37,12.22,9.11,,
14235,10/17/2021 18:44:37,12.22,1.70,,
14236,10/17/2021 18:54:37,12.14,0.00,,
14237,10/17/2021 19:04:37,12.27,0.00,,
14238,10/17/2021 19:14:37,12.22,0.00,,
14239,10/17/2021 19:24:37,12.18,0.00,,
14240,10/17/2021 19:34:37,12.31,0.00,,
14241,10/17/2021 19:44:37,12.31,0.00,,
14242,10/17/2021 19:54:37,12.14,0.00,,
14243,10/17/2021 20:04:37,12.18,0.00,,
14244,10/17/2021 20:14:37,12.27,0.00,,
14245,10/17/2021 20:24:37,12.18,0.00,,
14246,10/17/2021 20:34:37,12.10,0.00,,
14247,10/17/2021 20:44:37,12.05,0.00,,
14248,10/17/2021 20:54:37,12.05,0.00,,
14249,10/17/2021 21:04:37,12.10,0.00,,
14250,10/17/2021 21:14:37,12.18,0.00,,
14251,10/17/2021 21:24:37,12.14,0.00,,
14252,10/17/2021 21:34:37,12.18,0.00,,
14253,10/17/2021 21:44:37,12.18,0.00,,
14254,10/17/2021 21:54:37,12.22,0.00,,
14255,10/17/2021 22:04:37,12.18,0.00,,
14256,10/17/2021 22:14:37,12.14,0.00,,
14257,10/17/2021 22:24:37,11.92,0.00,,
14258,10/17/2021 22:34:37,11.84,0.00,,
14259,10/17/2021 22:44:37,11.79,0.00,,
14260,10/17/2021 22:54:37,11.67,0.00,,
14261,10/17/2021 23:04:37,11.71,0.00,,
14262,10/17/2021 23:14:37,11.67,0.00,,
14263,10/17/2021 23:24:37,11.71,0.00,,
14264,10/17/2021 23:34:37,11.92,0.00,,
14265,10/17/2021 23:44:37,12.05,0.00,,
14266,10/17/2021 23:54:37,12.22,0.00,,
14267,10/18/2021 00:04:37,12.10,0.00,,
14268,10/18/2021 00:14:37,12.31,0.00,,
14269,10/18/2021 00:24:37,12.40,0.00,,
14270,10/18/2021 00:34:37,12.52,0.00,,
14271,10/18/2021 00:44:37,12.65,0.00,,
14272,10/18/2021 00:54:37,12.70,0.00,,
14273,10/18/2021 01:04:37,12.57,0.00,,
14274,10/18/2021 01:14:37,12.48,0.00,,
14275,10/18/2021 01:24:37,12.70,0.00,,
14276,10/18/2021 01:34:37,12.57,0.00,,
14277,10/18/2021 01:44:37,12.57,0.00,,
14278,10/18/2021 01:54:37,12.57,0.00,,
14279,10/18/2021 02:04:37,12.52,0.00,,
14280,10/18/2021 02:14:37,12.40,0.00,,
14281,10/18/2021 02:24:37,12.27,0.00,,
14282,10/18/2021 02:34:37,12.10,0.00,,
14283,10/18/2021 02:44:37,11.97,0.00,,
14284,10/18/2021 02:54:37,11.71,0.00,,
14285,10/18/2021 03:04:37,11.62,0.00,,
14286,10/18/2021 03:14:37,11.62,0.00,,
14287,10/18/2021 03:24:37,11.49,0.00,,
14288,10/18/2021 03:34:37,11.41,0.00,,
14289,10/18/2021 03:44:37,10.16,0.00,,
14290,10/18/2021 03:54:37,10.85,0.00,,
14291,10/18/2021 04:04:37,11.28,0.00,,
14292,10/18/2021 04:14:37,11.32,0.00,,
14293,10/18/2021 04:24:37,11.28,0.00,,
14294,10/18/2021 04:34:37,11.32,0.00,,
14295,10/18/2021 04:44:37,11.19,0.00,,
14296,10/18/2021 04:54:37,11.15,0.00,,
14297,10/18/2021 05:04:37,11.15,0.00,,
14298,10/18/2021 05:14:37,11.24,0.00,,
14299,10/18/2021 05:24:37,11.19,0.00,,
14300,10/18/2021 05:34:37,10.68,0.00,,
14301,10/18/2021 05:44:37,10.46,0.00,,
14302,10/18/2021 05:54:37,10.72,0.00,,
14303,10/18/2021 06:04:37,9.31,0.00,,
14304,10/18/2021 06:14:37,9.39,0.00,,
14305,10/18/2021 06:24:37,9.01,0.00,,
14306,10/18/2021 06:34:37,9.14,0.00,,
14307,10/18/2021 06:44:37,8.75,0.00,,
14308,10/18/2021 06:54:37,8.32,0.00,,
14309,10/18/2021 07:04:37,8.28,0.42,,
14310,10/18/2021 07:14:37,8.53,7.32,,
14311,10/18/2021 07:24:37,8.41,35.47,,
14312,10/18/2021 07:34:37,7.89,91.56,,
14313,10/18/2021 07:44:37,8.49,166.80,,
14314,10/18/2021 07:54:37,8.79,237.44,,
14315,10/18/2021 08:04:37,8.62,560.32,,
14316,10/18/2021 08:14:37,9.18,1111.36,,
14317,10/18/2021 08:24:37,9.99,1623.04,,
14318,10/18/2021 08:34:37,10.89,1642.24,,
14319,10/18/2021 08:44:37,11.49,1721.60,,
14320,10/18/2021 08:54:37,11.84,1976.32,,
14321,10/18/2021 09:04:37,12.05,1890.56,,
14322,10/18/2021 09:14:37,12.14,1007.04,,
14323,10/18/2021 09:24:37,12.40,1470.72,,
14324,10/18/2021 09:34:37,12.65,1805.44,,
14325,10/18/2021 09:44:37,12.74,1879.04,,
14326,10/18/2021 09:54:37,12.91,1811.84,,
14327,10/18/2021 10:04:37,12.87,1923.20,,
14328,10/18/2021 10:14:37,13.04,1832.96,,
14329,10/18/2021 10:24:37,13.08,1829.12,,
14330,10/18/2021 10:34:37,13.08,1885.44,,
14331,10/18/2021 10:44:37,13.17,1051.52,,
14332,10/18/2021 10:54:37,13.21,2284.16,,
14333,10/18/2021 11:04:37,13.43,2533.76,,
14334,10/18/2021 11:14:37,13.55,2311.68,,
14335,10/18/2021 11:24:37,13.64,2144.00,,
14336,10/18/2021 11:34:37,13.68,2379.52,,
14337,10/18/2021 11:44:37,13.68,1962.88,,
14338,10/18/2021 11:54:37,13.77,2138.88,,
14339,10/18/2021 12:04:37,13.68,2029.44,,
14340,10/18/2021 12:14:37,13.77,2101.12,,
14341,10/18/2021 12:24:37,13.94,2053.12,,
14342,10/18/2021 12:34:37,13.60,1620.48,,
14343,10/18/2021 12:44:37,13.55,2234.24,,
14344,10/18/2021 12:54:37,13.55,1986.56,,
14345,10/18/2021 13:04:37,13.77,2082.56,,
14346,10/18/2021 13:14:37,13.68,2306.56,,
14347,10/18/2021 13:24:37,13.73,1986.56,,
14348,10/18/2021 13:34:37,13.68,2203.52,,
14349,10/18/2021 13:44:37,13.73,2160.64,,
14350,10/18/2021 13:54:37,13.94,2490.88,,
14351,10/18/2021 14:04:37,13.94,2490.88,,
14352,10/18/2021 14:14:37,13.81,2277.12,,
14353,10/18/2021 14:24:37,13.73,2383.36,,
14354,10/18/2021 14:34:37,13.98,2981.12,,
14355,10/18/2021 14:44:37,13.98,2656.00,,
14356,10/18/2021 14:54:37,13.73,1690.88,,
14357,10/18/2021 15:04:37,13.73,3408.64,,
14358,10/18/2021 15:14:37,13.73,3051.52,,
14359,10/18/2021 15:24:37,13.73,2878.72,,
14360,10/18/2021 15:34:37,13.94,3230.72,,
14361,10/18/2021 15:44:37,14.11,3384.32,,
14362,10/18/2021 15:54:37,14.24,3662.08,,
14363,10/18/2021 16:04:37,14.03,3866.88,,
14364,10/18/2021 16:14:37,14.20,3494.40,,
14365,10/18/2021 16:24:37,14.20,4110.08,,
14366,10/18/2021 16:34:37,14.20,4318.72,,
14367,10/18/2021 16:44:37,14.11,4288.00,,
14368,10/18/2021 16:54:37,14.11,4270.08,,
14369,10/18/2021 17:04:37,14.15,4407.04,,
14370,10/18/2021 17:14:37,14.07,3539.20,,
14371,10/18/2021 17:24:37,13.90,3029.76,,
14372,10/18/2021 17:34:37,14.03,3699.20,,
14373,10/18/2021 17:44:37,13.81,2019.20,,
14374,10/18/2021 17:54:37,13.21,624.00,,
14375,10/18/2021 18:04:37,13.04,1213.12,,
14376,10/18/2021 18:14:37,12.65,182.40,,
14377,10/18/2021 18:19:54,,,Logged,Logged
