Obs_Numb,Date_Time,WaterTemp_C
3,7/10/2021 22:48,24.58
4,7/10/2021 22:58,23.72
5,7/10/2021 23:08,22.91
6,7/10/2021 23:18,22.39
7,7/10/2021 23:28,22.01
8,7/10/2021 23:38,21.83
9,7/10/2021 23:48,21.66
10,7/10/2021 23:58,21.53
11,7/11/2021 0:08,21.45
12,7/11/2021 0:18,21.36
13,7/11/2021 0:28,21.28
14,7/11/2021 0:38,21.23
15,7/11/2021 0:48,21.15
16,7/11/2021 0:58,21.06
17,7/11/2021 1:08,21.02
18,7/11/2021 1:18,20.98
19,7/11/2021 1:28,20.98
20,7/11/2021 1:38,20.93
21,7/11/2021 1:48,20.89
22,7/11/2021 1:58,20.85
23,7/11/2021 2:08,20.8
24,7/11/2021 2:18,20.8
25,7/11/2021 2:28,20.76
26,7/11/2021 2:38,20.76
27,7/11/2021 2:48,20.76
28,7/11/2021 2:58,20.72
29,7/11/2021 3:08,20.68
30,7/11/2021 3:18,20.68
31,7/11/2021 3:28,20.63
32,7/11/2021 3:38,20.59
33,7/11/2021 3:48,20.5
34,7/11/2021 3:58,20.55
35,7/11/2021 4:08,20.46
36,7/11/2021 4:18,20.5
37,7/11/2021 4:28,20.46
38,7/11/2021 4:38,20.42
39,7/11/2021 4:48,20.37
40,7/11/2021 4:58,20.37
41,7/11/2021 5:08,20.37
42,7/11/2021 5:18,20.37
43,7/11/2021 5:28,20.33
44,7/11/2021 5:38,20.29
45,7/11/2021 5:48,20.29
46,7/11/2021 5:58,20.25
47,7/11/2021 6:08,20.2
48,7/11/2021 6:18,20.25
49,7/11/2021 6:28,20.16
50,7/11/2021 6:38,20.2
51,7/11/2021 6:48,20.16
52,7/11/2021 6:58,20.16
53,7/11/2021 7:08,20.16
54,7/11/2021 7:18,20.12
55,7/11/2021 7:28,20.03
56,7/11/2021 7:38,20.07
57,7/11/2021 7:48,20.03
58,7/11/2021 7:58,20.03
59,7/11/2021 8:08,20.03
60,7/11/2021 8:18,19.95
61,7/11/2021 8:28,19.9
62,7/11/2021 8:38,19.9
63,7/11/2021 8:48,19.9
64,7/11/2021 8:58,19.9
65,7/11/2021 9:08,19.9
66,7/11/2021 9:18,19.9
67,7/11/2021 9:28,19.9
68,7/11/2021 9:38,19.9
69,7/11/2021 9:48,19.99
70,7/11/2021 9:58,19.95
71,7/11/2021 10:08,19.95
72,7/11/2021 10:18,19.95
73,7/11/2021 10:28,19.9
74,7/11/2021 10:38,19.95
75,7/11/2021 10:48,20.16
76,7/11/2021 10:58,20.55
77,7/11/2021 11:08,21.06
78,7/11/2021 11:18,21.62
79,7/11/2021 11:28,22.13
80,7/11/2021 11:38,22.65
81,7/11/2021 11:48,23.16
82,7/11/2021 11:58,23.85
83,7/11/2021 12:08,24.54
84,7/11/2021 12:18,25.18
85,7/11/2021 12:28,25.74
86,7/11/2021 12:38,26.21
87,7/11/2021 12:48,26.51
88,7/11/2021 12:58,26.81
89,7/11/2021 13:08,26.98
90,7/11/2021 13:18,27.28
91,7/11/2021 13:28,27.54
92,7/11/2021 13:38,27.8
93,7/11/2021 13:48,28.1
94,7/11/2021 13:58,28.27
95,7/11/2021 14:08,28.53
96,7/11/2021 14:18,28.65
97,7/11/2021 14:28,28.74
98,7/11/2021 14:38,28.7
99,7/11/2021 14:48,28.7
100,7/11/2021 14:58,28.7
101,7/11/2021 15:08,28.65
102,7/11/2021 15:18,28.65
103,7/11/2021 15:28,28.7
104,7/11/2021 15:38,28.78
105,7/11/2021 15:48,28.87
106,7/11/2021 15:58,29
107,7/11/2021 16:08,29.13
108,7/11/2021 16:18,29.3
109,7/11/2021 16:28,29.47
110,7/11/2021 16:38,29.64
111,7/11/2021 16:48,29.81
112,7/11/2021 16:58,29.94
113,7/11/2021 17:08,30.03
114,7/11/2021 17:18,30.11
115,7/11/2021 17:28,30.11
116,7/11/2021 17:38,30.03
117,7/11/2021 17:48,29.9
118,7/11/2021 17:58,29.77
119,7/11/2021 18:08,29.56
120,7/11/2021 18:18,29.3
121,7/11/2021 18:28,28.87
122,7/11/2021 18:38,28.44
123,7/11/2021 18:48,28.05
124,7/11/2021 18:58,27.54
125,7/11/2021 19:08,26.98
126,7/11/2021 19:18,26.47
127,7/11/2021 19:28,25.91
128,7/11/2021 19:38,25.31
129,7/11/2021 19:48,24.66
130,7/11/2021 19:58,23.98
131,7/11/2021 20:08,23.29
132,7/11/2021 20:18,22.61
133,7/11/2021 20:28,21.96
134,7/11/2021 20:38,21.28
135,7/11/2021 20:48,20.63
136,7/11/2021 20:58,20.07
137,7/11/2021 21:08,19.47
138,7/11/2021 21:18,18.92
139,7/11/2021 21:28,18.44
140,7/11/2021 21:38,17.89
141,7/11/2021 21:48,17.46
142,7/11/2021 21:58,17.07
143,7/11/2021 22:08,16.73
144,7/11/2021 22:18,16.34
145,7/11/2021 22:28,16.13
146,7/11/2021 22:38,15.91
147,7/11/2021 22:48,15.66
148,7/11/2021 22:58,15.48
149,7/11/2021 23:08,15.23
150,7/11/2021 23:18,14.97
151,7/11/2021 23:28,14.75
152,7/11/2021 23:38,14.58
153,7/11/2021 23:48,14.41
154,7/11/2021 23:58,14.24
155,7/12/2021 0:08,14.07
156,7/12/2021 0:18,13.9
157,7/12/2021 0:28,13.77
158,7/12/2021 0:38,13.64
159,7/12/2021 0:48,13.55
160,7/12/2021 0:58,13.38
161,7/12/2021 1:08,13.34
162,7/12/2021 1:18,13.17
163,7/12/2021 1:28,13.12
164,7/12/2021 1:38,13.04
165,7/12/2021 1:48,13
166,7/12/2021 1:58,12.87
167,7/12/2021 2:08,12.87
168,7/12/2021 2:18,12.78
169,7/12/2021 2:28,12.7
170,7/12/2021 2:38,12.65
171,7/12/2021 2:48,12.65
172,7/12/2021 2:58,12.52
173,7/12/2021 3:08,12.48
174,7/12/2021 3:18,12.44
175,7/12/2021 3:28,12.4
176,7/12/2021 3:38,12.35
177,7/12/2021 3:48,12.31
178,7/12/2021 3:58,12.22
179,7/12/2021 4:08,12.22
180,7/12/2021 4:18,12.14
181,7/12/2021 4:28,12.14
182,7/12/2021 4:38,12.1
183,7/12/2021 4:48,13.85
184,7/12/2021 4:58,13.9
185,7/12/2021 5:08,13.81
186,7/12/2021 5:18,13.73
187,7/12/2021 5:28,13.6
188,7/12/2021 5:38,13.64
189,7/12/2021 5:48,13.81
190,7/12/2021 5:58,13.94
191,7/12/2021 6:08,14.28
192,7/12/2021 6:18,14.45
193,7/12/2021 6:28,14.58
194,7/12/2021 6:38,14.75
195,7/12/2021 6:48,14.8
196,7/12/2021 6:58,14.8
197,7/12/2021 7:08,14.75
198,7/12/2021 7:18,14.71
199,7/12/2021 7:28,14.15
200,7/12/2021 7:38,14.28
201,7/12/2021 7:48,14.2
202,7/12/2021 7:58,14.11
203,7/12/2021 8:08,14.11
204,7/12/2021 8:18,14.28
205,7/12/2021 8:28,14.41
206,7/12/2021 8:38,14.67
207,7/12/2021 8:48,15.06
208,7/12/2021 8:58,15.4
209,7/12/2021 9:08,15.53
210,7/12/2021 9:18,15.78
211,7/12/2021 9:28,16.26
212,7/12/2021 9:38,16.26
213,7/12/2021 9:48,16.21
214,7/12/2021 9:58,16.3
215,7/12/2021 10:08,16.51
216,7/12/2021 10:18,17.2
217,7/12/2021 10:28,16.9
218,7/12/2021 10:38,18.36
219,7/12/2021 10:48,20.07
220,7/12/2021 10:58,20.98
221,7/12/2021 11:08,19.17
222,7/12/2021 11:18,18.1
223,7/12/2021 11:28,18.49
224,7/12/2021 11:38,18.4
225,7/12/2021 11:48,18.62
226,7/12/2021 11:58,19.99
227,7/12/2021 12:08,19
228,7/12/2021 12:18,19.22
229,7/12/2021 12:28,19.43
230,7/12/2021 12:38,19.39
231,7/12/2021 12:48,19.86
232,7/12/2021 12:58,19
233,7/12/2021 13:08,19.26
234,7/12/2021 13:18,21.02
235,7/12/2021 13:28,20.25
236,7/12/2021 13:38,18.87
237,7/12/2021 13:48,18.4
238,7/12/2021 13:58,18.06
239,7/12/2021 14:08,17.54
240,7/12/2021 14:18,17.2
241,7/12/2021 14:28,16.94
242,7/12/2021 14:38,16.73
243,7/12/2021 14:48,16.69
244,7/12/2021 14:58,16.64
245,7/12/2021 15:08,16.56
246,7/12/2021 15:18,16.51
247,7/12/2021 15:28,16.56
248,7/12/2021 15:38,16.47
249,7/12/2021 15:48,16.51
250,7/12/2021 15:58,16.6
251,7/12/2021 16:08,16.69
252,7/12/2021 16:18,16.94
253,7/12/2021 16:28,16.99
254,7/12/2021 16:38,16.81
255,7/12/2021 16:48,16.9
256,7/12/2021 16:58,17.11
257,7/12/2021 17:08,17.46
258,7/12/2021 17:18,17.29
259,7/12/2021 17:28,17.63
260,7/12/2021 17:38,17.5
261,7/12/2021 17:48,17.54
262,7/12/2021 17:58,17.33
263,7/12/2021 18:08,17.16
264,7/12/2021 18:18,17.16
265,7/12/2021 18:28,17.24
266,7/12/2021 18:38,17.07
267,7/12/2021 18:48,17.16
268,7/12/2021 18:58,17.03
269,7/12/2021 19:08,16.9
270,7/12/2021 19:18,16.77
271,7/12/2021 19:28,16.51
272,7/12/2021 19:38,16.34
273,7/12/2021 19:48,16.21
274,7/12/2021 19:58,16.08
275,7/12/2021 20:08,15.96
276,7/12/2021 20:18,15.91
277,7/12/2021 20:28,15.91
278,7/12/2021 20:38,15.87
279,7/12/2021 20:48,16
280,7/12/2021 20:58,16
281,7/12/2021 21:08,15.91
282,7/12/2021 21:18,15.91
283,7/12/2021 21:28,15.87
284,7/12/2021 21:38,15.87
285,7/12/2021 21:48,15.91
286,7/12/2021 21:58,15.91
287,7/12/2021 22:08,15.87
288,7/12/2021 22:18,15.78
289,7/12/2021 22:28,15.78
290,7/12/2021 22:38,15.61
291,7/12/2021 22:48,15.27
292,7/12/2021 22:58,15.1
293,7/12/2021 23:08,15.01
294,7/12/2021 23:18,14.93
295,7/12/2021 23:28,14.8
296,7/12/2021 23:38,14.75
297,7/12/2021 23:48,14.88
298,7/12/2021 23:58,14.97
299,7/13/2021 0:08,15.01
300,7/13/2021 0:18,14.93
301,7/13/2021 0:28,14.8
302,7/13/2021 0:38,14.84
303,7/13/2021 0:48,14.84
304,7/13/2021 0:58,14.8
305,7/13/2021 1:08,14.8
306,7/13/2021 1:18,14.88
307,7/13/2021 1:28,14.88
308,7/13/2021 1:38,14.75
309,7/13/2021 1:48,14.67
310,7/13/2021 1:58,14.5
311,7/13/2021 2:08,14.88
312,7/13/2021 2:18,14.88
313,7/13/2021 2:28,14.8
314,7/13/2021 2:38,14.8
315,7/13/2021 2:48,14.71
316,7/13/2021 2:58,14.54
317,7/13/2021 3:08,14.67
318,7/13/2021 3:18,14.67
319,7/13/2021 3:28,14.71
320,7/13/2021 3:38,14.58
321,7/13/2021 3:48,14.58
322,7/13/2021 3:58,14.58
323,7/13/2021 4:08,14.63
324,7/13/2021 4:18,14.58
325,7/13/2021 4:28,14.54
326,7/13/2021 4:38,14.58
327,7/13/2021 4:48,14.54
328,7/13/2021 4:58,14.41
329,7/13/2021 5:08,14.45
330,7/13/2021 5:18,14.37
331,7/13/2021 5:28,14.28
332,7/13/2021 5:38,14.28
333,7/13/2021 5:48,13.77
334,7/13/2021 5:58,12.1
335,7/13/2021 6:08,11.67
336,7/13/2021 6:18,11.54
337,7/13/2021 6:28,11.67
338,7/13/2021 6:38,11.67
339,7/13/2021 6:48,11.75
340,7/13/2021 6:58,11.88
341,7/13/2021 7:08,11.97
342,7/13/2021 7:18,11.97
343,7/13/2021 7:28,12.1
344,7/13/2021 7:38,12.22
345,7/13/2021 7:48,12.4
346,7/13/2021 7:58,12.44
347,7/13/2021 8:08,12.61
348,7/13/2021 8:18,13
349,7/13/2021 8:28,13.17
350,7/13/2021 8:38,13.25
351,7/13/2021 8:48,13.34
352,7/13/2021 8:58,13.6
353,7/13/2021 9:08,13.77
354,7/13/2021 9:18,14.54
355,7/13/2021 9:28,14.97
356,7/13/2021 9:38,15.44
357,7/13/2021 9:48,15.96
358,7/13/2021 9:58,16.39
359,7/13/2021 10:08,16.94
360,7/13/2021 10:18,17.37
361,7/13/2021 10:28,17.5
362,7/13/2021 10:38,18.79
363,7/13/2021 10:48,19.69
364,7/13/2021 10:58,19.52
365,7/13/2021 11:08,18.83
366,7/13/2021 11:18,18.96
367,7/13/2021 11:28,19.77
368,7/13/2021 11:38,20.2
369,7/13/2021 11:48,20.2
370,7/13/2021 11:58,21.36
371,7/13/2021 12:08,21.66
372,7/13/2021 12:18,21.83
373,7/13/2021 12:28,24.24
374,7/13/2021 12:38,23.85
375,7/13/2021 12:48,24.28
376,7/13/2021 12:58,23.59
377,7/13/2021 13:08,22.22
378,7/13/2021 13:18,21.88
379,7/13/2021 13:28,19.82
380,7/13/2021 13:38,21.75
381,7/13/2021 13:48,23.21
382,7/13/2021 13:58,21.15
383,7/13/2021 14:08,19.95
384,7/13/2021 14:18,18.87
385,7/13/2021 14:28,18.1
386,7/13/2021 14:38,17.59
387,7/13/2021 14:48,17.16
388,7/13/2021 14:58,16.94
389,7/13/2021 15:08,16.77
390,7/13/2021 15:18,16.69
391,7/13/2021 15:28,16.6
392,7/13/2021 15:38,16.64
393,7/13/2021 15:48,16.73
394,7/13/2021 15:58,16.73
395,7/13/2021 16:08,16.69
396,7/13/2021 16:18,16.6
397,7/13/2021 16:28,16.56
398,7/13/2021 16:38,16.99
399,7/13/2021 16:48,17.11
400,7/13/2021 16:58,17.24
401,7/13/2021 17:08,17.29
402,7/13/2021 17:18,17.33
403,7/13/2021 17:28,17.37
404,7/13/2021 17:38,17.29
405,7/13/2021 17:48,17.37
406,7/13/2021 17:58,17.59
407,7/13/2021 18:08,17.72
408,7/13/2021 18:18,17.84
409,7/13/2021 18:28,17.97
410,7/13/2021 18:38,18.06
411,7/13/2021 18:48,18.02
412,7/13/2021 18:58,17.97
413,7/13/2021 19:08,18.06
414,7/13/2021 19:18,17.93
415,7/13/2021 19:28,17.84
416,7/13/2021 19:38,17.76
417,7/13/2021 19:48,17.63
418,7/13/2021 19:58,17.5
419,7/13/2021 20:08,17.41
420,7/13/2021 20:18,17.24
421,7/13/2021 20:28,17.07
422,7/13/2021 20:38,16.77
423,7/13/2021 20:48,15.1
424,7/13/2021 20:58,15.66
425,7/13/2021 21:08,16.64
426,7/13/2021 21:18,17.29
427,7/13/2021 21:28,17.41
428,7/13/2021 21:38,17.33
429,7/13/2021 21:48,17.33
430,7/13/2021 21:58,17.2
431,7/13/2021 22:08,17.11
432,7/13/2021 22:18,17.11
433,7/13/2021 22:28,17.07
434,7/13/2021 22:38,17.03
435,7/13/2021 22:48,16.9
436,7/13/2021 22:58,16.81
437,7/13/2021 23:08,16.73
438,7/13/2021 23:18,16.69
439,7/13/2021 23:28,16.47
440,7/13/2021 23:38,16.34
441,7/13/2021 23:48,16
442,7/13/2021 23:58,15.7
443,7/14/2021 0:08,15.4
444,7/14/2021 0:18,15.1
445,7/14/2021 0:28,14.93
446,7/14/2021 0:38,14.84
447,7/14/2021 0:48,14.71
448,7/14/2021 0:58,14.58
449,7/14/2021 1:08,14.58
450,7/14/2021 1:18,14.63
451,7/14/2021 1:28,14.63
452,7/14/2021 1:38,14.75
453,7/14/2021 1:48,14.67
454,7/14/2021 1:58,14.75
455,7/14/2021 2:08,14.84
456,7/14/2021 2:18,14.8
457,7/14/2021 2:28,14.8
458,7/14/2021 2:38,14.75
459,7/14/2021 2:48,14.71
460,7/14/2021 2:58,14.63
461,7/14/2021 3:08,14.5
462,7/14/2021 3:18,14.54
463,7/14/2021 3:28,14.45
464,7/14/2021 3:38,14.63
465,7/14/2021 3:48,14.75
466,7/14/2021 3:58,14.88
467,7/14/2021 4:08,14.97
468,7/14/2021 4:18,15.1
469,7/14/2021 4:28,15.06
470,7/14/2021 4:38,14.97
471,7/14/2021 4:48,15.01
472,7/14/2021 4:58,15.01
473,7/14/2021 5:08,14.97
474,7/14/2021 5:18,14.93
475,7/14/2021 5:28,14.88
476,7/14/2021 5:38,14.88
477,7/14/2021 5:48,14.84
478,7/14/2021 5:58,14.63
479,7/14/2021 6:08,14.58
480,7/14/2021 6:18,14.45
481,7/14/2021 6:28,13.94
482,7/14/2021 6:38,12.65
483,7/14/2021 6:48,12.27
484,7/14/2021 6:58,12.18
485,7/14/2021 7:08,12.18
486,7/14/2021 7:18,12.27
487,7/14/2021 7:28,12.31
488,7/14/2021 7:38,12.31
489,7/14/2021 7:48,12.35
490,7/14/2021 7:58,12.52
491,7/14/2021 8:08,12.52
492,7/14/2021 8:18,12.65
493,7/14/2021 8:28,12.82
494,7/14/2021 8:38,13.21
495,7/14/2021 8:48,13.17
496,7/14/2021 8:58,13.38
497,7/14/2021 9:08,13.47
498,7/14/2021 9:18,13.77
499,7/14/2021 9:28,13.98
500,7/14/2021 9:38,14.33
501,7/14/2021 9:48,15.48
502,7/14/2021 9:58,15.53
503,7/14/2021 10:08,16.69
504,7/14/2021 10:18,16.51
505,7/14/2021 10:28,16.04
506,7/14/2021 10:38,15.87
507,7/14/2021 10:48,16
508,7/14/2021 10:58,16.43
509,7/14/2021 11:08,16.3
510,7/14/2021 11:18,16.64
511,7/14/2021 11:28,17.72
512,7/14/2021 11:38,19.47
513,7/14/2021 11:48,19.52
514,7/14/2021 11:58,19.17
515,7/14/2021 12:08,19.3
516,7/14/2021 12:18,19.3
517,7/14/2021 12:28,20.2
518,7/14/2021 12:38,21.83
519,7/14/2021 12:48,20.59
520,7/14/2021 12:58,20.33
521,7/14/2021 13:08,21.53
522,7/14/2021 13:18,21.4
523,7/14/2021 13:28,21.66
524,7/14/2021 13:38,20.8
525,7/14/2021 13:48,18.32
526,7/14/2021 13:58,18.14
527,7/14/2021 14:08,22.99
528,7/14/2021 14:18,21.83
529,7/14/2021 14:28,20.16
530,7/14/2021 14:38,19.26
531,7/14/2021 14:48,18.66
532,7/14/2021 14:58,18.23
533,7/14/2021 15:08,17.63
534,7/14/2021 15:18,17.16
535,7/14/2021 15:28,16.9
536,7/14/2021 15:38,16.86
537,7/14/2021 15:48,16.86
538,7/14/2021 15:58,16.77
539,7/14/2021 16:08,16.73
540,7/14/2021 16:18,16.47
541,7/14/2021 16:28,16.47
542,7/14/2021 16:38,16.43
543,7/14/2021 16:48,16.51
544,7/14/2021 16:58,16.26
545,7/14/2021 17:08,16.13
546,7/14/2021 17:18,16.13
547,7/14/2021 17:28,16.64
548,7/14/2021 17:38,16.94
549,7/14/2021 17:48,17.2
550,7/14/2021 17:58,17.76
551,7/14/2021 18:08,17.89
552,7/14/2021 18:18,17.84
553,7/14/2021 18:28,17.67
554,7/14/2021 18:38,17.5
555,7/14/2021 18:48,17.89
556,7/14/2021 18:58,17.8
557,7/14/2021 19:08,17.93
558,7/14/2021 19:18,18.23
559,7/14/2021 19:28,18.27
560,7/14/2021 19:38,18.14
561,7/14/2021 19:48,18.23
562,7/14/2021 19:58,18.27
563,7/14/2021 20:08,18.27
564,7/14/2021 20:18,18.1
565,7/14/2021 20:28,18.02
566,7/14/2021 20:38,17.89
567,7/14/2021 20:48,17.76
568,7/14/2021 20:58,17.29
569,7/14/2021 21:08,15.31
570,7/14/2021 21:18,13.98
571,7/14/2021 21:28,13.38
572,7/14/2021 21:38,13.3
573,7/14/2021 21:48,13.12
574,7/14/2021 21:58,13.08
575,7/14/2021 22:08,13.08
576,7/14/2021 22:18,13.12
577,7/14/2021 22:28,13.21
578,7/14/2021 22:38,13.47
579,7/14/2021 22:48,14.93
580,7/14/2021 22:58,16.13
581,7/14/2021 23:08,16.34
582,7/14/2021 23:18,16.43
583,7/14/2021 23:28,16.56
584,7/14/2021 23:38,16.64
585,7/14/2021 23:48,16.56
586,7/14/2021 23:58,16.51
587,7/15/2021 0:08,16.51
588,7/15/2021 0:18,16.47
589,7/15/2021 0:28,16.34
590,7/15/2021 0:38,16.34
591,7/15/2021 0:48,16.21
592,7/15/2021 0:58,16.13
593,7/15/2021 1:08,15.87
594,7/15/2021 1:18,15.57
595,7/15/2021 1:28,15.53
596,7/15/2021 1:38,15.44
597,7/15/2021 1:48,15.27
598,7/15/2021 1:58,15.06
599,7/15/2021 2:08,14.97
600,7/15/2021 2:18,15.01
601,7/15/2021 2:28,14.88
602,7/15/2021 2:38,14.75
603,7/15/2021 2:48,14.75
604,7/15/2021 2:58,14.88
605,7/15/2021 3:08,14.88
606,7/15/2021 3:18,14.71
607,7/15/2021 3:28,14.84
608,7/15/2021 3:38,14.97
609,7/15/2021 3:48,14.97
610,7/15/2021 3:58,14.97
611,7/15/2021 4:08,15.1
612,7/15/2021 4:18,14.93
613,7/15/2021 4:28,14.93
614,7/15/2021 4:38,15.06
615,7/15/2021 4:48,15.18
616,7/15/2021 4:58,15.18
617,7/15/2021 5:08,15.23
618,7/15/2021 5:18,15.23
619,7/15/2021 5:28,15.27
620,7/15/2021 5:38,15.31
621,7/15/2021 5:48,15.23
622,7/15/2021 5:58,15.18
623,7/15/2021 6:08,15.1
624,7/15/2021 6:18,15.1
625,7/15/2021 6:28,15.01
626,7/15/2021 6:38,14.93
627,7/15/2021 6:48,14.93
628,7/15/2021 6:58,14.58
629,7/15/2021 7:08,12.74
630,7/15/2021 7:18,12.4
631,7/15/2021 7:28,12.57
632,7/15/2021 7:38,12.4
633,7/15/2021 7:48,12.74
634,7/15/2021 7:58,12.78
635,7/15/2021 8:08,12.95
636,7/15/2021 8:18,12.95
637,7/15/2021 8:28,13.43
638,7/15/2021 8:38,13.47
639,7/15/2021 8:48,13.6
640,7/15/2021 8:58,14.37
641,7/15/2021 9:08,14.75
642,7/15/2021 9:18,15.23
643,7/15/2021 9:28,14.71
644,7/15/2021 9:38,14.71
645,7/15/2021 9:48,14.58
646,7/15/2021 9:58,14.63
647,7/15/2021 10:08,14.8
648,7/15/2021 10:18,14.93
649,7/15/2021 10:28,15.27
650,7/15/2021 10:38,15.53
651,7/15/2021 10:48,15.7
652,7/15/2021 10:58,15.83
653,7/15/2021 11:08,16.26
654,7/15/2021 11:18,16.64
655,7/15/2021 11:28,17.76
656,7/15/2021 11:38,18.36
657,7/15/2021 11:48,18.92
658,7/15/2021 11:58,20.59
659,7/15/2021 12:08,23.29
660,7/15/2021 12:18,22.09
661,7/15/2021 12:28,20.98
662,7/15/2021 12:38,20.8
663,7/15/2021 12:48,20.8
664,7/15/2021 12:58,20.59
665,7/15/2021 13:08,20.59
666,7/15/2021 13:18,21.06
667,7/15/2021 13:28,20.8
668,7/15/2021 13:38,20.29
669,7/15/2021 13:48,19.99
670,7/15/2021 13:58,19.09
671,7/15/2021 14:08,19.05
672,7/15/2021 14:18,18.49
673,7/15/2021 14:28,21.83
674,7/15/2021 14:38,21.75
675,7/15/2021 14:48,20.25
676,7/15/2021 14:58,19.13
677,7/15/2021 15:08,18.32
678,7/15/2021 15:18,17.89
679,7/15/2021 15:28,17.37
680,7/15/2021 15:38,17.16
681,7/15/2021 15:48,16.9
682,7/15/2021 15:58,16.9
683,7/15/2021 16:08,16.94
684,7/15/2021 16:18,17.03
685,7/15/2021 16:28,17.03
686,7/15/2021 16:38,17.03
687,7/15/2021 16:48,16.99
688,7/15/2021 16:58,16.99
689,7/15/2021 17:08,16.73
690,7/15/2021 17:18,16.47
691,7/15/2021 17:28,16.17
692,7/15/2021 17:38,16.21
693,7/15/2021 17:48,16.26
694,7/15/2021 17:58,16.21
695,7/15/2021 18:08,16.43
696,7/15/2021 18:18,16.73
697,7/15/2021 18:28,16.77
698,7/15/2021 18:38,16.9
699,7/15/2021 18:48,16.77
700,7/15/2021 18:58,17.03
701,7/15/2021 19:08,17.33
702,7/15/2021 19:18,17.5
703,7/15/2021 19:28,17.46
704,7/15/2021 19:38,17.46
705,7/15/2021 19:48,17.46
706,7/15/2021 19:58,17.54
707,7/15/2021 20:08,17.63
708,7/15/2021 20:18,17.37
709,7/15/2021 20:28,17.2
710,7/15/2021 20:38,17.03
711,7/15/2021 20:48,16.9
712,7/15/2021 20:58,16.73
713,7/15/2021 21:08,16.77
714,7/15/2021 21:18,16.43
715,7/15/2021 21:28,15.53
716,7/15/2021 21:38,13.51
717,7/15/2021 21:48,12.65
718,7/15/2021 21:58,12.4
719,7/15/2021 22:08,12.4
720,7/15/2021 22:18,12.27
721,7/15/2021 22:28,12.22
722,7/15/2021 22:38,12.27
723,7/15/2021 22:48,12.48
724,7/15/2021 22:58,12.4
725,7/15/2021 23:08,12.48
726,7/15/2021 23:18,12.74
727,7/15/2021 23:28,12.4
728,7/15/2021 23:38,12.52
729,7/15/2021 23:48,12.7
730,7/15/2021 23:58,12.65
731,7/16/2021 0:08,12.57
732,7/16/2021 0:18,12.48
733,7/16/2021 0:28,12.65
734,7/16/2021 0:38,12.78
735,7/16/2021 0:48,12.87
736,7/16/2021 0:58,14.03
737,7/16/2021 1:08,15.18
738,7/16/2021 1:18,15.53
739,7/16/2021 1:28,15.61
740,7/16/2021 1:38,15.66
741,7/16/2021 1:48,15.66
742,7/16/2021 1:58,15.61
743,7/16/2021 2:08,15.61
744,7/16/2021 2:18,15.53
745,7/16/2021 2:28,15.57
746,7/16/2021 2:38,15.57
747,7/16/2021 2:48,15.48
748,7/16/2021 2:58,15.44
749,7/16/2021 3:08,15.31
750,7/16/2021 3:18,15.31
751,7/16/2021 3:28,15.23
752,7/16/2021 3:38,15.18
753,7/16/2021 3:48,15.14
754,7/16/2021 3:58,15.14
755,7/16/2021 4:08,15.1
756,7/16/2021 4:18,15.1
757,7/16/2021 4:28,15.1
758,7/16/2021 4:38,15.06
759,7/16/2021 4:48,15.1
760,7/16/2021 4:58,15.06
761,7/16/2021 5:08,15.1
762,7/16/2021 5:18,15.1
763,7/16/2021 5:28,15.06
764,7/16/2021 5:38,15.14
765,7/16/2021 5:48,15.18
766,7/16/2021 5:58,15.06
767,7/16/2021 6:08,15.06
768,7/16/2021 6:18,15.06
769,7/16/2021 6:28,15.01
770,7/16/2021 6:38,15.06
771,7/16/2021 6:48,14.97
772,7/16/2021 6:58,14.97
773,7/16/2021 7:08,14.84
774,7/16/2021 7:18,14.84
775,7/16/2021 7:28,14.8
776,7/16/2021 7:38,14.24
777,7/16/2021 7:48,13
778,7/16/2021 7:58,12.52
779,7/16/2021 8:08,12.48
780,7/16/2021 8:18,12.44
781,7/16/2021 8:28,12.91
782,7/16/2021 8:38,12.7
783,7/16/2021 8:48,12.65
784,7/16/2021 8:58,12.78
785,7/16/2021 9:08,13
786,7/16/2021 9:18,13.17
787,7/16/2021 9:28,13.51
788,7/16/2021 9:38,13.3
789,7/16/2021 9:48,13.38
790,7/16/2021 9:58,13.6
791,7/16/2021 10:08,13.68
792,7/16/2021 10:18,13.68
793,7/16/2021 10:28,14.28
794,7/16/2021 10:38,14.37
795,7/16/2021 10:48,14.88
796,7/16/2021 10:58,15.18
797,7/16/2021 11:08,15.44
798,7/16/2021 11:18,16.13
799,7/16/2021 11:28,16.9
800,7/16/2021 11:38,18.19
801,7/16/2021 11:48,18.92
802,7/16/2021 11:58,19.6
803,7/16/2021 12:08,19.99
804,7/16/2021 12:18,19.47
805,7/16/2021 12:28,19
806,7/16/2021 12:38,18.53
807,7/16/2021 12:48,18.79
808,7/16/2021 12:58,18.19
809,7/16/2021 13:08,18.49
810,7/16/2021 13:18,18.66
811,7/16/2021 13:28,18.83
812,7/16/2021 13:38,18.7
813,7/16/2021 13:48,18.74
814,7/16/2021 13:58,19
815,7/16/2021 14:08,18.83
816,7/16/2021 14:18,18.57
817,7/16/2021 14:28,18.1
818,7/16/2021 14:38,22.31
819,7/16/2021 14:48,23.89
820,7/16/2021 14:58,21.79
821,7/16/2021 15:08,20.29
822,7/16/2021 15:18,19.6
823,7/16/2021 15:28,18.92
824,7/16/2021 15:38,18.4
825,7/16/2021 15:48,18.06
826,7/16/2021 15:58,17.8
827,7/16/2021 16:08,17.63
828,7/16/2021 16:18,17.72
829,7/16/2021 16:28,18.19
830,7/16/2021 16:38,18.32
831,7/16/2021 16:48,18.36
832,7/16/2021 16:58,18.06
833,7/16/2021 17:08,18.02
834,7/16/2021 17:18,18.19
835,7/16/2021 17:28,17.8
836,7/16/2021 17:38,17.89
837,7/16/2021 17:48,17.8
838,7/16/2021 17:58,17.67
839,7/16/2021 18:08,17.5
840,7/16/2021 18:18,17.2
841,7/16/2021 18:28,17.07
842,7/16/2021 18:38,17.11
843,7/16/2021 18:48,17.11
844,7/16/2021 18:58,17.41
845,7/16/2021 19:08,17.8
846,7/16/2021 19:18,18.06
847,7/16/2021 19:28,18.23
848,7/16/2021 19:38,18.23
849,7/16/2021 19:48,18.44
850,7/16/2021 19:58,18.66
851,7/16/2021 20:08,19.05
852,7/16/2021 20:18,19.39
853,7/16/2021 20:28,19.65
854,7/16/2021 20:38,19.6
855,7/16/2021 20:48,19.35
856,7/16/2021 20:58,19.39
857,7/16/2021 21:08,19.6
858,7/16/2021 21:18,19.65
859,7/16/2021 21:28,19.52
860,7/16/2021 21:38,19.3
861,7/16/2021 21:48,18.96
862,7/16/2021 21:58,18.53
863,7/16/2021 22:08,18.23
864,7/16/2021 22:18,17.63
865,7/16/2021 22:28,16.17
866,7/16/2021 22:38,15.27
867,7/16/2021 22:48,14.5
868,7/16/2021 22:58,14.15
869,7/16/2021 23:08,13.98
870,7/16/2021 23:18,13.9
871,7/16/2021 23:28,13.85
872,7/16/2021 23:38,13.81
873,7/16/2021 23:48,13.73
874,7/16/2021 23:58,13.64
875,7/17/2021 0:08,13.6
876,7/17/2021 0:18,13.55
877,7/17/2021 0:28,13.51
878,7/17/2021 0:38,13.47
879,7/17/2021 0:48,13.38
880,7/17/2021 0:58,13.38
881,7/17/2021 1:08,13.38
882,7/17/2021 1:18,13.43
883,7/17/2021 1:28,13.43
884,7/17/2021 1:38,13.43
885,7/17/2021 1:48,13.47
886,7/17/2021 1:58,13.47
887,7/17/2021 2:08,13.51
888,7/17/2021 2:18,13.55
889,7/17/2021 2:28,13.55
890,7/17/2021 2:38,13.55
891,7/17/2021 2:48,13.6
892,7/17/2021 2:58,13.81
893,7/17/2021 3:08,14.8
894,7/17/2021 3:18,15.48
895,7/17/2021 3:28,16.13
896,7/17/2021 3:38,16.56
897,7/17/2021 3:48,16.73
898,7/17/2021 3:58,16.9
899,7/17/2021 4:08,16.9
900,7/17/2021 4:18,16.86
901,7/17/2021 4:28,16.77
902,7/17/2021 4:38,16.6
903,7/17/2021 4:48,16.56
904,7/17/2021 4:58,16.51
905,7/17/2021 5:08,16.39
906,7/17/2021 5:18,16.3
907,7/17/2021 5:28,16.26
908,7/17/2021 5:38,16.21
909,7/17/2021 5:48,16.21
910,7/17/2021 5:58,16.13
911,7/17/2021 6:08,16.08
912,7/17/2021 6:18,16
913,7/17/2021 6:28,16
914,7/17/2021 6:38,15.87
915,7/17/2021 6:48,15.78
916,7/17/2021 6:58,15.96
917,7/17/2021 7:08,15.96
918,7/17/2021 7:18,15.83
919,7/17/2021 7:28,15.83
920,7/17/2021 7:38,15.87
921,7/17/2021 7:48,15.74
922,7/17/2021 7:58,15.61
923,7/17/2021 8:08,15.57
924,7/17/2021 8:18,15.66
925,7/17/2021 8:28,15.66
926,7/17/2021 8:38,15.36
927,7/17/2021 8:48,14.84
928,7/17/2021 8:58,14.63
929,7/17/2021 9:08,14.37
930,7/17/2021 9:18,14.37
931,7/17/2021 9:28,14.37
932,7/17/2021 9:38,14.45
933,7/17/2021 9:48,14.63
934,7/17/2021 9:58,14.93
935,7/17/2021 10:08,16.43
936,7/17/2021 10:18,16.08
937,7/17/2021 10:28,15.74
938,7/17/2021 10:38,15.53
939,7/17/2021 10:48,15.53
940,7/17/2021 10:58,16.39
941,7/17/2021 11:08,16.81
942,7/17/2021 11:18,17.33
943,7/17/2021 11:28,17.33
944,7/17/2021 11:38,17.46
945,7/17/2021 11:48,17.59
946,7/17/2021 11:58,17.72
947,7/17/2021 12:08,17.89
948,7/17/2021 12:18,17.76
949,7/17/2021 12:28,17.37
950,7/17/2021 12:38,17.24
951,7/17/2021 12:48,17.29
952,7/17/2021 12:58,17.24
953,7/17/2021 13:08,17.37
954,7/17/2021 13:18,18.14
955,7/17/2021 13:28,18.74
956,7/17/2021 13:38,19.3
957,7/17/2021 13:48,19.26
958,7/17/2021 13:58,19.43
959,7/17/2021 14:08,19.56
960,7/17/2021 14:18,19.52
961,7/17/2021 14:28,19.26
962,7/17/2021 14:38,19.35
963,7/17/2021 14:48,21.92
964,7/17/2021 14:58,27.67
965,7/17/2021 15:08,24.71
966,7/17/2021 15:18,23.03
967,7/17/2021 15:28,21.45
968,7/17/2021 15:38,20.29
969,7/17/2021 15:48,19.43
970,7/17/2021 15:58,19.05
971,7/17/2021 16:08,18.83
972,7/17/2021 16:18,18.66
973,7/17/2021 16:28,18.83
974,7/17/2021 16:38,18.92
975,7/17/2021 16:48,19
976,7/17/2021 16:58,19.09
977,7/17/2021 17:08,19.05
978,7/17/2021 17:18,18.87
979,7/17/2021 17:28,18.96
980,7/17/2021 17:38,18.92
981,7/17/2021 17:48,18.79
982,7/17/2021 17:58,18.62
983,7/17/2021 18:08,18.44
984,7/17/2021 18:18,18.49
985,7/17/2021 18:28,17.93
986,7/17/2021 18:38,17.5
987,7/17/2021 18:48,17.41
988,7/17/2021 18:58,17.11
989,7/17/2021 19:08,17.16
990,7/17/2021 19:18,17.29
991,7/17/2021 19:28,17.76
992,7/17/2021 19:38,18.19
993,7/17/2021 19:48,18.23
994,7/17/2021 19:58,18.23
995,7/17/2021 20:08,18.4
996,7/17/2021 20:18,18.66
997,7/17/2021 20:28,19.26
998,7/17/2021 20:38,19.43
999,7/17/2021 20:48,19.3
1000,7/17/2021 20:58,19.73
1001,7/17/2021 21:08,19.77
1002,7/17/2021 21:18,19.9
1003,7/17/2021 21:28,19.9
1004,7/17/2021 21:38,19.9
1005,7/17/2021 21:48,19.86
1006,7/17/2021 21:58,19.82
1007,7/17/2021 22:08,19.73
1008,7/17/2021 22:18,19.56
1009,7/17/2021 22:28,19.3
1010,7/17/2021 22:38,19.17
1011,7/17/2021 22:48,18.92
1012,7/17/2021 22:58,18.66
1013,7/17/2021 23:08,17.07
1014,7/17/2021 23:18,15.1
1015,7/17/2021 23:28,14.41
1016,7/17/2021 23:38,14.28
1017,7/17/2021 23:48,13.98
1018,7/17/2021 23:58,13.85
1019,7/18/2021 0:08,13.85
1020,7/18/2021 0:18,13.85
1021,7/18/2021 0:28,13.77
1022,7/18/2021 0:38,13.64
1023,7/18/2021 0:48,13.68
1024,7/18/2021 0:58,13.68
1025,7/18/2021 1:08,13.47
1026,7/18/2021 1:18,13.51
1027,7/18/2021 1:28,13.51
1028,7/18/2021 1:38,13.43
1029,7/18/2021 1:48,13.43
1030,7/18/2021 1:58,13.43
1031,7/18/2021 2:08,13.51
1032,7/18/2021 2:18,13.51
1033,7/18/2021 2:28,13.68
1034,7/18/2021 2:38,13.51
1035,7/18/2021 2:48,13.6
1036,7/18/2021 2:58,13.64
1037,7/18/2021 3:08,13.77
1038,7/18/2021 3:18,13.77
1039,7/18/2021 3:28,13.68
1040,7/18/2021 3:38,13.6
1041,7/18/2021 3:48,13.6
1042,7/18/2021 3:58,13.6
1043,7/18/2021 4:08,13.64
1044,7/18/2021 4:18,13.6
1045,7/18/2021 4:28,13.64
1046,7/18/2021 4:38,13.73
1047,7/18/2021 4:48,13.77
1048,7/18/2021 4:58,13.73
1049,7/18/2021 5:08,13.81
1050,7/18/2021 5:18,15.1
1051,7/18/2021 5:28,16.56
1052,7/18/2021 5:38,17.07
1053,7/18/2021 5:48,17.24
1054,7/18/2021 5:58,17.33
1055,7/18/2021 6:08,17.37
1056,7/18/2021 6:18,17.16
1057,7/18/2021 6:28,17.07
1058,7/18/2021 6:38,16.94
1059,7/18/2021 6:48,16.81
1060,7/18/2021 6:58,16.81
1061,7/18/2021 7:08,16.9
1062,7/18/2021 7:18,16.86
1063,7/18/2021 7:28,16.73
1064,7/18/2021 7:38,16.69
1065,7/18/2021 7:48,16.64
1066,7/18/2021 7:58,16.6
1067,7/18/2021 8:08,16.69
1068,7/18/2021 8:18,16.81
1069,7/18/2021 8:28,16.94
1070,7/18/2021 8:38,16.99
1071,7/18/2021 8:48,16.99
1072,7/18/2021 8:58,17.2
1073,7/18/2021 9:08,17.24
1074,7/18/2021 9:18,17.29
1075,7/18/2021 9:28,17.46
1076,7/18/2021 9:38,17.72
1077,7/18/2021 9:48,16.77
1078,7/18/2021 9:58,16.34
1079,7/18/2021 10:08,16.43
1080,7/18/2021 10:18,16.73
1081,7/18/2021 10:28,16.9
1082,7/18/2021 10:38,17.03
1083,7/18/2021 10:48,17.2
1084,7/18/2021 10:58,17.29
1085,7/18/2021 11:08,17.54
1086,7/18/2021 11:18,17.5
1087,7/18/2021 11:28,17.54
1088,7/18/2021 11:38,17.54
1089,7/18/2021 11:48,17.76
1090,7/18/2021 11:58,17.63
1091,7/18/2021 12:08,17.84
1092,7/18/2021 12:18,17.97
1093,7/18/2021 12:28,17.84
1094,7/18/2021 12:38,17.8
1095,7/18/2021 12:48,18.23
1096,7/18/2021 12:58,17.93
1097,7/18/2021 13:08,17.76
1098,7/18/2021 13:18,18.1
1099,7/18/2021 13:28,18.32
1100,7/18/2021 13:38,17.93
1101,7/18/2021 13:48,17.59
1102,7/18/2021 13:58,17.41
1103,7/18/2021 14:08,17.37
1104,7/18/2021 14:18,17.84
1105,7/18/2021 14:28,18.87
1106,7/18/2021 14:38,19.22
1107,7/18/2021 14:48,19.09
1108,7/18/2021 14:58,20.25
1109,7/18/2021 15:08,26.64
1110,7/18/2021 15:18,25.91
1111,7/18/2021 15:28,24.24
1112,7/18/2021 15:38,23.59
1113,7/18/2021 15:48,22.13
1114,7/18/2021 15:58,20.72
1115,7/18/2021 16:08,19.9
1116,7/18/2021 16:18,19.47
1117,7/18/2021 16:28,19.39
1118,7/18/2021 16:38,19.3
1119,7/18/2021 16:48,19.43
1120,7/18/2021 16:58,19.3
1121,7/18/2021 17:08,19.26
1122,7/18/2021 17:18,19.3
1123,7/18/2021 17:28,19.35
1124,7/18/2021 17:38,19.39
1125,7/18/2021 17:48,19.43
1126,7/18/2021 17:58,19.43
1127,7/18/2021 18:08,19.47
1128,7/18/2021 18:18,19.22
1129,7/18/2021 18:28,18.92
1130,7/18/2021 18:38,18.79
1131,7/18/2021 18:48,18.7
1132,7/18/2021 18:58,18.36
1133,7/18/2021 19:08,18.36
1134,7/18/2021 19:18,18.32
1135,7/18/2021 19:28,18.32
1136,7/18/2021 19:38,17.97
1137,7/18/2021 19:48,17.89
1138,7/18/2021 19:58,17.93
1139,7/18/2021 20:08,17.84
1140,7/18/2021 20:18,17.8
1141,7/18/2021 20:28,17.84
1142,7/18/2021 20:38,18.19
1143,7/18/2021 20:48,18.49
1144,7/18/2021 20:58,18.83
1145,7/18/2021 21:08,19.17
1146,7/18/2021 21:18,19.39
1147,7/18/2021 21:28,19.47
1148,7/18/2021 21:38,19.3
1149,7/18/2021 21:48,19.43
1150,7/18/2021 21:58,19.6
1151,7/18/2021 22:08,19.56
1152,7/18/2021 22:18,19.56
1153,7/18/2021 22:28,19.56
1154,7/18/2021 22:38,19.56
1155,7/18/2021 22:48,19.43
1156,7/18/2021 22:58,19.3
1157,7/18/2021 23:08,19.22
1158,7/18/2021 23:18,18.96
1159,7/18/2021 23:28,18.83
1160,7/18/2021 23:38,18.7
1161,7/18/2021 23:48,18.62
1162,7/18/2021 23:58,18.44
1163,7/19/2021 0:08,18.06
1164,7/19/2021 0:18,17.8
1165,7/19/2021 0:28,17.5
1166,7/19/2021 0:38,17.33
1167,7/19/2021 0:48,16.9
1168,7/19/2021 0:58,16.64
1169,7/19/2021 1:08,16.34
1170,7/19/2021 1:18,16.08
1171,7/19/2021 1:28,15.74
1172,7/19/2021 1:38,15.27
1173,7/19/2021 1:48,14.97
1174,7/19/2021 1:58,14.75
1175,7/19/2021 2:08,14.58
1176,7/19/2021 2:18,14.58
1177,7/19/2021 2:28,14.54
1178,7/19/2021 2:38,14.58
1179,7/19/2021 2:48,14.71
1180,7/19/2021 2:58,14.67
1181,7/19/2021 3:08,14.54
1182,7/19/2021 3:18,14.54
1183,7/19/2021 3:28,14.67
1184,7/19/2021 3:38,14.8
1185,7/19/2021 3:48,14.75
1186,7/19/2021 3:58,14.45
1187,7/19/2021 4:08,14.2
1188,7/19/2021 4:18,14.2
1189,7/19/2021 4:28,14.15
1190,7/19/2021 4:38,14.2
1191,7/19/2021 4:48,14.15
1192,7/19/2021 4:58,14.2
1193,7/19/2021 5:08,14.07
1194,7/19/2021 5:18,14.07
1195,7/19/2021 5:28,14.07
1196,7/19/2021 5:38,14.2
1197,7/19/2021 5:48,14.33
1198,7/19/2021 5:58,14.45
1199,7/19/2021 6:08,14.58
1200,7/19/2021 6:18,14.54
1201,7/19/2021 6:28,14.67
1202,7/19/2021 6:38,14.67
1203,7/19/2021 6:48,14.5
1204,7/19/2021 6:58,14.67
1205,7/19/2021 7:08,15.27
1206,7/19/2021 7:18,15.83
1207,7/19/2021 7:28,16.39
1208,7/19/2021 7:38,16.94
1209,7/19/2021 7:48,17.29
1210,7/19/2021 7:58,17.46
1211,7/19/2021 8:08,17.41
1212,7/19/2021 8:18,17.41
1213,7/19/2021 8:28,17.41
1214,7/19/2021 8:38,17.37
1215,7/19/2021 8:48,17.41
1216,7/19/2021 8:58,17.46
1217,7/19/2021 9:08,17.41
1218,7/19/2021 9:18,17.59
1219,7/19/2021 9:28,17.76
1220,7/19/2021 9:38,17.97
1221,7/19/2021 9:48,18.14
1222,7/19/2021 9:58,18.27
1223,7/19/2021 10:08,18.62
1224,7/19/2021 10:18,18.92
1225,7/19/2021 10:28,19.13
1226,7/19/2021 10:38,19.35
1227,7/19/2021 10:48,19.69
1228,7/19/2021 10:58,19.86
1229,7/19/2021 11:08,20.25
1230,7/19/2021 11:18,20.55
1231,7/19/2021 11:28,20.55
1232,7/19/2021 11:38,20.46
1233,7/19/2021 11:48,20.5
1234,7/19/2021 11:58,20.16
1235,7/19/2021 12:08,19.17
1236,7/19/2021 12:18,18.92
1237,7/19/2021 12:28,18.66
1238,7/19/2021 12:38,18.74
1239,7/19/2021 12:48,18.74
1240,7/19/2021 12:58,18.27
1241,7/19/2021 13:08,18.23
1242,7/19/2021 13:18,18.1
1243,7/19/2021 13:28,18.06
1244,7/19/2021 13:38,18.36
1245,7/19/2021 13:48,18.27
1246,7/19/2021 13:58,17.93
1247,7/19/2021 14:08,17.72
1248,7/19/2021 14:18,17.54
1249,7/19/2021 14:28,17.37
1250,7/19/2021 14:38,17.33
1251,7/19/2021 14:48,16.94
1252,7/19/2021 14:58,16.21
1253,7/19/2021 15:08,16.6
1254,7/19/2021 15:18,17.84
1255,7/19/2021 15:28,23.89
1256,7/19/2021 15:38,24.02
1257,7/19/2021 15:48,23.21
1258,7/19/2021 15:58,22.22
1259,7/19/2021 16:08,21.66
1260,7/19/2021 16:18,21.28
1261,7/19/2021 16:28,20.29
1262,7/19/2021 16:38,19.56
1263,7/19/2021 16:48,18.92
1264,7/19/2021 16:58,18.7
1265,7/19/2021 17:08,18.62
1266,7/19/2021 17:18,18.74
1267,7/19/2021 17:28,18.87
1268,7/19/2021 17:38,18.92
1269,7/19/2021 17:48,18.87
1270,7/19/2021 17:58,19.05
1271,7/19/2021 18:08,19.35
1272,7/19/2021 18:18,19.39
1273,7/19/2021 18:28,19.26
1274,7/19/2021 18:38,19.22
1275,7/19/2021 18:48,18.87
1276,7/19/2021 18:58,18.79
1277,7/19/2021 19:08,18.53
1278,7/19/2021 19:18,18.32
1279,7/19/2021 19:28,18.06
1280,7/19/2021 19:38,17.76
1281,7/19/2021 19:48,17.59
1282,7/19/2021 19:58,17.37
1283,7/19/2021 20:08,17.24
1284,7/19/2021 20:18,17.2
1285,7/19/2021 20:28,17.07
1286,7/19/2021 20:38,17.07
1287,7/19/2021 20:48,17.11
1288,7/19/2021 20:58,17.16
1289,7/19/2021 21:08,17.33
1290,7/19/2021 21:18,17.59
1291,7/19/2021 21:28,17.67
1292,7/19/2021 21:38,17.72
1293,7/19/2021 21:48,18.23
1294,7/19/2021 21:58,18.44
1295,7/19/2021 22:08,18.49
1296,7/19/2021 22:18,18.1
1297,7/19/2021 22:28,18.14
1298,7/19/2021 22:38,18.27
1299,7/19/2021 22:48,18.27
1300,7/19/2021 22:58,18.32
1301,7/19/2021 23:08,18.27
1302,7/19/2021 23:18,18.23
1303,7/19/2021 23:28,18.23
1304,7/19/2021 23:38,18.1
1305,7/19/2021 23:48,18.06
1306,7/19/2021 23:58,17.93
1307,7/20/2021 0:08,17.72
1308,7/20/2021 0:18,17.46
1309,7/20/2021 0:28,17.24
1310,7/20/2021 0:38,16.6
1311,7/20/2021 0:48,14.5
1312,7/20/2021 0:58,14.03
1313,7/20/2021 1:08,13.68
1314,7/20/2021 1:18,13.64
1315,7/20/2021 1:28,13.51
1316,7/20/2021 1:38,13.34
1317,7/20/2021 1:48,13.21
1318,7/20/2021 1:58,13.3
1319,7/20/2021 2:08,13.34
1320,7/20/2021 2:18,13.43
1321,7/20/2021 2:28,13.47
1322,7/20/2021 2:38,13.38
1323,7/20/2021 2:48,13.34
1324,7/20/2021 2:58,13.17
1325,7/20/2021 3:08,13.17
1326,7/20/2021 3:18,13.04
1327,7/20/2021 3:28,13
1328,7/20/2021 3:38,13
1329,7/20/2021 3:48,13
1330,7/20/2021 3:58,13
1331,7/20/2021 4:08,12.82
1332,7/20/2021 4:18,12.74
1333,7/20/2021 4:28,12.48
1334,7/20/2021 4:38,12.31
1335,7/20/2021 4:48,12.22
1336,7/20/2021 4:58,12.22
1337,7/20/2021 5:08,12.48
1338,7/20/2021 5:18,12.22
1339,7/20/2021 5:28,12.31
1340,7/20/2021 5:38,12.44
1341,7/20/2021 5:48,12.48
1342,7/20/2021 5:58,12.65
1343,7/20/2021 6:08,12.87
1344,7/20/2021 6:18,12.7
1345,7/20/2021 6:28,12.78
1346,7/20/2021 6:38,12.95
1347,7/20/2021 6:48,13.08
1348,7/20/2021 6:58,13.34
1349,7/20/2021 7:08,13.47
1350,7/20/2021 7:18,13.38
1351,7/20/2021 7:28,13.34
1352,7/20/2021 7:38,13.9
1353,7/20/2021 7:48,14.2
1354,7/20/2021 7:58,14.88
1355,7/20/2021 8:08,14.63
1356,7/20/2021 8:18,15.14
1357,7/20/2021 8:28,15.4
1358,7/20/2021 8:38,16.43
1359,7/20/2021 8:48,16.81
1360,7/20/2021 8:58,17.07
1361,7/20/2021 9:08,17.33
1362,7/20/2021 9:18,17.37
1363,7/20/2021 9:28,17.41
1364,7/20/2021 9:38,17.46
1365,7/20/2021 9:48,17.5
1366,7/20/2021 9:58,17.5
1367,7/20/2021 10:08,17.5
1368,7/20/2021 10:18,17.63
1369,7/20/2021 10:28,17.67
1370,7/20/2021 10:38,17.76
1371,7/20/2021 10:48,17.97
1372,7/20/2021 10:58,18.02
1373,7/20/2021 11:08,18.14
1374,7/20/2021 11:18,18.23
1375,7/20/2021 11:28,18.36
1376,7/20/2021 11:38,18.4
1377,7/20/2021 11:48,18.53
1378,7/20/2021 11:58,18.57
1379,7/20/2021 12:08,18.7
1380,7/20/2021 12:18,18.96
1381,7/20/2021 12:28,19.05
1382,7/20/2021 12:38,19.17
1383,7/20/2021 12:48,19.26
1384,7/20/2021 12:58,19.43
1385,7/20/2021 13:08,19.22
1386,7/20/2021 13:18,18.49
1387,7/20/2021 13:28,18.27
1388,7/20/2021 13:38,18.74
1389,7/20/2021 13:48,18.87
1390,7/20/2021 13:58,18.87
1391,7/20/2021 14:08,18.87
1392,7/20/2021 14:18,19.09
1393,7/20/2021 14:28,19
1394,7/20/2021 14:38,19.09
1395,7/20/2021 14:48,19
1396,7/20/2021 14:58,18.53
1397,7/20/2021 15:08,18.27
1398,7/20/2021 15:18,18.49
1399,7/20/2021 15:28,18.49
1400,7/20/2021 15:38,18.32
1401,7/20/2021 15:48,19.6
1402,7/20/2021 15:58,21.23
1403,7/20/2021 16:08,21.06
1404,7/20/2021 16:18,20.5
1405,7/20/2021 16:28,20.12
1406,7/20/2021 16:38,19.69
1407,7/20/2021 16:48,19.43
1408,7/20/2021 16:58,19.17
1409,7/20/2021 17:08,18.96
1410,7/20/2021 17:18,18.74
1411,7/20/2021 17:28,18.57
1412,7/20/2021 17:38,18.53
1413,7/20/2021 17:48,18.4
1414,7/20/2021 17:58,18.53
1415,7/20/2021 18:08,18.57
1416,7/20/2021 18:18,18.49
1417,7/20/2021 18:28,18.4
1418,7/20/2021 18:38,18.14
1419,7/20/2021 18:48,17.93
1420,7/20/2021 18:58,17.72
1421,7/20/2021 19:08,17.63
1422,7/20/2021 19:18,17.41
1423,7/20/2021 19:28,17.2
1424,7/20/2021 19:38,17.03
1425,7/20/2021 19:48,16.69
1426,7/20/2021 19:58,16.51
1427,7/20/2021 20:08,16.56
1428,7/20/2021 20:18,16.26
1429,7/20/2021 20:28,16.04
1430,7/20/2021 20:38,15.91
1431,7/20/2021 20:48,15.87
1432,7/20/2021 20:58,15.74
1433,7/20/2021 21:08,15.78
1434,7/20/2021 21:18,15.78
1435,7/20/2021 21:28,15.78
1436,7/20/2021 21:38,15.83
1437,7/20/2021 21:48,16
1438,7/20/2021 21:58,16.51
1439,7/20/2021 22:08,16.64
1440,7/20/2021 22:18,16.34
1441,7/20/2021 22:28,16.34
1442,7/20/2021 22:38,16.6
1443,7/20/2021 22:48,16.6
1444,7/20/2021 22:58,16.6
1445,7/20/2021 23:08,16.6
1446,7/20/2021 23:18,16.73
1447,7/20/2021 23:28,16.64
1448,7/20/2021 23:38,16.56
1449,7/20/2021 23:48,16.51
1450,7/20/2021 23:58,16.3
1451,7/21/2021 0:08,16.3
1452,7/21/2021 0:18,16.17
1453,7/21/2021 0:28,16
1454,7/21/2021 0:38,15.87
1455,7/21/2021 0:48,15.83
1456,7/21/2021 0:58,15.61
1457,7/21/2021 1:08,15.48
1458,7/21/2021 1:18,15.31
1459,7/21/2021 1:28,15.01
1460,7/21/2021 1:38,13.25
1461,7/21/2021 1:48,12.57
1462,7/21/2021 1:58,12.35
1463,7/21/2021 2:08,12.18
1464,7/21/2021 2:18,12.14
1465,7/21/2021 2:28,12.01
1466,7/21/2021 2:38,12.01
1467,7/21/2021 2:48,11.92
1468,7/21/2021 2:58,11.88
1469,7/21/2021 3:08,11.88
1470,7/21/2021 3:18,11.84
1471,7/21/2021 3:28,11.88
1472,7/21/2021 3:38,11.84
1473,7/21/2021 3:48,11.75
1474,7/21/2021 3:58,11.75
1475,7/21/2021 4:08,11.71
1476,7/21/2021 4:18,11.67
1477,7/21/2021 4:28,11.71
1478,7/21/2021 4:38,11.67
1479,7/21/2021 4:48,11.75
1480,7/21/2021 4:58,11.84
1481,7/21/2021 5:08,11.71
1482,7/21/2021 5:18,11.71
1483,7/21/2021 5:28,11.75
1484,7/21/2021 5:38,11.79
1485,7/21/2021 5:48,11.67
1486,7/21/2021 5:58,11.58
1487,7/21/2021 6:08,11.58
1488,7/21/2021 6:18,11.67
1489,7/21/2021 6:28,11.71
1490,7/21/2021 6:38,12.27
1491,7/21/2021 6:48,12.91
1492,7/21/2021 6:58,15.48
1493,7/21/2021 7:08,19.52
1494,7/21/2021 7:18,21.02
1495,7/21/2021 7:28,21.15
1496,7/21/2021 7:38,21.7
1497,7/21/2021 7:48,23.38
1498,7/21/2021 7:58,26.21
1499,7/21/2021 8:08,28.57
1500,7/21/2021 8:18,28.61
1501,7/21/2021 8:28,29.34
1502,7/21/2021 8:38,29.21
1503,7/21/2021 8:48,29
1504,7/21/2021 8:58,28.65
1505,7/21/2021 9:08,28.7
1506,7/21/2021 9:18,27.63
1507,7/21/2021 9:28,27.93
1508,7/21/2021 9:38,21.15
1509,7/21/2021 9:48,18.27
1510,7/21/2021 9:58,17.84
1511,7/21/2021 10:08,17.76
1512,7/21/2021 10:18,17.63
1513,7/21/2021 10:28,17.54
1514,7/21/2021 10:38,17.59
1515,7/21/2021 10:48,17.59
1516,7/21/2021 10:58,17.54
1517,7/21/2021 11:08,17.33
1518,7/21/2021 11:18,17.24
1519,7/21/2021 11:28,17.29
1520,7/21/2021 11:38,17.41
1521,7/21/2021 11:48,17.59
1522,7/21/2021 11:58,17.67
1523,7/21/2021 12:08,17.72
1524,7/21/2021 12:18,18.06
1525,7/21/2021 12:28,18.79
1526,7/21/2021 12:38,19.22
1527,7/21/2021 12:48,19.43
1528,7/21/2021 12:58,19.35
1529,7/21/2021 13:08,19.99
1530,7/21/2021 13:18,20.07
1531,7/21/2021 13:28,19.99
1532,7/21/2021 13:38,19.99
1533,7/21/2021 13:48,19.99
1534,7/21/2021 13:58,20.76
1535,7/21/2021 14:08,20.93
1536,7/21/2021 14:18,21.06
1537,7/21/2021 14:28,21.19
1538,7/21/2021 14:38,21.28
1539,7/21/2021 14:48,20.55
1540,7/21/2021 14:58,18.23
1541,7/21/2021 15:08,17.76
1542,7/21/2021 15:18,17.46
1543,7/21/2021 15:28,16.47
1544,7/21/2021 15:38,16.17
1545,7/21/2021 15:48,16
1546,7/21/2021 15:58,16.86
1547,7/21/2021 16:08,20.63
1548,7/21/2021 16:18,21.06
1549,7/21/2021 16:28,22.09
1550,7/21/2021 16:38,22.05
1551,7/21/2021 16:48,21.79
1552,7/21/2021 16:58,21.53
1553,7/21/2021 17:08,21.06
1554,7/21/2021 17:18,20.68
1555,7/21/2021 17:28,20.42
1556,7/21/2021 17:38,20.16
1557,7/21/2021 17:48,19.9
1558,7/21/2021 17:58,19.69
1559,7/21/2021 18:08,19.35
1560,7/21/2021 18:18,18.87
1561,7/21/2021 18:28,18.74
1562,7/21/2021 18:38,18.79
1563,7/21/2021 18:48,18.92
1564,7/21/2021 18:58,18.96
1565,7/21/2021 19:08,18.74
1566,7/21/2021 19:18,18.57
1567,7/21/2021 19:28,18.57
1568,7/21/2021 19:38,18.66
1569,7/21/2021 19:48,18.57
1570,7/21/2021 19:58,18.53
1571,7/21/2021 20:08,18.32
1572,7/21/2021 20:18,18.06
1573,7/21/2021 20:28,17.8
1574,7/21/2021 20:38,17.46
1575,7/21/2021 20:48,17.29
1576,7/21/2021 20:58,17.11
1577,7/21/2021 21:08,16.77
1578,7/21/2021 21:18,16.56
1579,7/21/2021 21:28,16.6
1580,7/21/2021 21:38,16.47
1581,7/21/2021 21:48,16.47
1582,7/21/2021 21:58,16.43
1583,7/21/2021 22:08,16.43
1584,7/21/2021 22:18,16.47
1585,7/21/2021 22:28,16.47
1586,7/21/2021 22:38,16.86
1587,7/21/2021 22:48,17.03
1588,7/21/2021 22:58,16.9
1589,7/21/2021 23:08,16.77
1590,7/21/2021 23:18,17.16
1591,7/21/2021 23:28,17.07
1592,7/21/2021 23:38,16.99
1593,7/21/2021 23:48,17.16
1594,7/21/2021 23:58,17.07
1595,7/22/2021 0:08,17.16
1596,7/22/2021 0:18,17.16
1597,7/22/2021 0:28,17.2
1598,7/22/2021 0:38,17.07
1599,7/22/2021 0:48,16.99
1600,7/22/2021 0:58,16.94
1601,7/22/2021 1:08,16.73
1602,7/22/2021 1:18,16.69
1603,7/22/2021 1:28,16.6
1604,7/22/2021 1:38,16.51
1605,7/22/2021 1:48,16.39
1606,7/22/2021 1:58,16.17
1607,7/22/2021 2:08,16.08
1608,7/22/2021 2:18,15.91
1609,7/22/2021 2:28,14.71
1610,7/22/2021 2:38,12.61
1611,7/22/2021 2:48,12.27
1612,7/22/2021 2:58,12.1
1613,7/22/2021 3:08,12.05
1614,7/22/2021 3:18,12.01
1615,7/22/2021 3:28,12.1
1616,7/22/2021 3:38,12.05
1617,7/22/2021 3:48,11.97
1618,7/22/2021 3:58,11.92
1619,7/22/2021 4:08,11.62
1620,7/22/2021 4:18,11.62
1621,7/22/2021 4:28,11.41
1622,7/22/2021 4:38,11.37
1623,7/22/2021 4:48,11.32
1624,7/22/2021 4:58,11.28
1625,7/22/2021 5:08,11.32
1626,7/22/2021 5:18,11.32
1627,7/22/2021 5:28,11.41
1628,7/22/2021 5:38,11.32
1629,7/22/2021 5:48,11.24
1630,7/22/2021 5:58,11.11
1631,7/22/2021 6:08,11.02
1632,7/22/2021 6:18,11.02
1633,7/22/2021 6:28,11.02
1634,7/22/2021 6:38,11.67
1635,7/22/2021 6:48,11.84
1636,7/22/2021 6:58,11.62
1637,7/22/2021 7:08,12.1
1638,7/22/2021 7:18,11.84
1639,7/22/2021 7:28,11.71
1640,7/22/2021 7:38,11.92
1641,7/22/2021 7:48,12.22
1642,7/22/2021 7:58,12.48
1643,7/22/2021 8:08,12.57
1644,7/22/2021 8:18,12.78
1645,7/22/2021 8:28,12.82
1646,7/22/2021 8:38,13.51
1647,7/22/2021 8:48,13.6
1648,7/22/2021 8:58,14.45
1649,7/22/2021 9:08,13.94
1650,7/22/2021 9:18,13.55
1651,7/22/2021 9:28,13.81
1652,7/22/2021 9:38,13.94
1653,7/22/2021 9:48,14.54
1654,7/22/2021 9:58,14.41
1655,7/22/2021 10:08,14.24
1656,7/22/2021 10:18,14.54
1657,7/22/2021 10:28,16.3
1658,7/22/2021 10:38,18.1
1659,7/22/2021 10:48,17.97
1660,7/22/2021 10:58,17.89
1661,7/22/2021 11:08,17.72
1662,7/22/2021 11:18,17.8
1663,7/22/2021 11:28,17.89
1664,7/22/2021 11:38,17.84
1665,7/22/2021 11:48,17.89
1666,7/22/2021 11:58,17.89
1667,7/22/2021 12:08,17.93
1668,7/22/2021 12:18,17.93
1669,7/22/2021 12:28,17.76
1670,7/22/2021 12:38,17.84
1671,7/22/2021 12:48,18.1
1672,7/22/2021 12:58,18.02
1673,7/22/2021 13:08,18.96
1674,7/22/2021 13:18,19.22
1675,7/22/2021 13:28,19.47
1676,7/22/2021 13:38,20.42
1677,7/22/2021 13:48,20.2
1678,7/22/2021 13:58,20.5
1679,7/22/2021 14:08,20.98
1680,7/22/2021 14:18,21.15
1681,7/22/2021 14:28,21.66
1682,7/22/2021 14:38,21.96
1683,7/22/2021 14:48,21.88
1684,7/22/2021 14:58,21.7
1685,7/22/2021 15:08,21.66
1686,7/22/2021 15:18,22.99
1687,7/22/2021 15:28,23.03
1688,7/22/2021 15:38,22.99
1689,7/22/2021 15:48,20.98
1690,7/22/2021 15:58,18.02
1691,7/22/2021 16:08,16.47
1692,7/22/2021 16:18,16.3
1693,7/22/2021 16:28,16.73
1694,7/22/2021 16:38,17.37
1695,7/22/2021 16:48,17.29
1696,7/22/2021 16:58,16.56
1697,7/22/2021 17:08,16.51
1698,7/22/2021 17:18,17.89
1699,7/22/2021 17:28,21.96
1700,7/22/2021 17:38,22.48
1701,7/22/2021 17:48,22.09
1702,7/22/2021 17:58,21.62
1703,7/22/2021 18:08,21.15
1704,7/22/2021 18:18,20.76
1705,7/22/2021 18:28,20.33
1706,7/22/2021 18:38,19.86
1707,7/22/2021 18:48,19.35
1708,7/22/2021 18:58,19
1709,7/22/2021 19:08,18.62
1710,7/22/2021 19:18,18.4
1711,7/22/2021 19:28,18.06
1712,7/22/2021 19:38,17.63
1713,7/22/2021 19:48,17.5
1714,7/22/2021 19:58,17.67
1715,7/22/2021 20:08,18.02
1716,7/22/2021 20:18,18.1
1717,7/22/2021 20:28,18.02
1718,7/22/2021 20:38,18.02
1719,7/22/2021 20:48,17.89
1720,7/22/2021 20:58,17.67
1721,7/22/2021 21:08,17.5
1722,7/22/2021 21:18,17.11
1723,7/22/2021 21:28,16.73
1724,7/22/2021 21:38,16.47
1725,7/22/2021 21:48,15.91
1726,7/22/2021 21:58,15.66
1727,7/22/2021 22:08,15.31
1728,7/22/2021 22:18,15.27
1729,7/22/2021 22:28,15.18
1730,7/22/2021 22:38,15.14
1731,7/22/2021 22:48,15.18
1732,7/22/2021 22:58,15.18
1733,7/22/2021 23:08,15.23
1734,7/22/2021 23:18,15.27
1735,7/22/2021 23:28,15.7
1736,7/22/2021 23:38,15.91
1737,7/22/2021 23:48,16.3
1738,7/22/2021 23:58,16.69
1739,7/23/2021 0:08,16.69
1740,7/23/2021 0:18,16.56
1741,7/23/2021 0:28,16.73
1742,7/23/2021 0:38,16.69
1743,7/23/2021 0:48,16.64
1744,7/23/2021 0:58,16.64
1745,7/23/2021 1:08,16.56
1746,7/23/2021 1:18,16.51
1747,7/23/2021 1:28,16.43
1748,7/23/2021 1:38,16.3
1749,7/23/2021 1:48,16.3
1750,7/23/2021 1:58,16.21
1751,7/23/2021 2:08,16.17
1752,7/23/2021 2:18,16.08
1753,7/23/2021 2:28,16
1754,7/23/2021 2:38,15.87
1755,7/23/2021 2:48,15.74
1756,7/23/2021 2:58,15.61
1757,7/23/2021 3:08,15.53
1758,7/23/2021 3:18,15.14
1759,7/23/2021 3:28,14.8
1760,7/23/2021 3:38,14.28
1761,7/23/2021 3:48,13.77
1762,7/23/2021 3:58,13.34
1763,7/23/2021 4:08,12.82
1764,7/23/2021 4:18,12.44
1765,7/23/2021 4:28,12.18
1766,7/23/2021 4:38,11.97
1767,7/23/2021 4:48,11.67
1768,7/23/2021 4:58,11.49
1769,7/23/2021 5:08,11.37
1770,7/23/2021 5:18,11.07
1771,7/23/2021 5:28,10.94
1772,7/23/2021 5:38,10.89
1773,7/23/2021 5:48,10.85
1774,7/23/2021 5:58,10.68
1775,7/23/2021 6:08,10.59
1776,7/23/2021 6:18,10.64
1777,7/23/2021 6:28,10.38
1778,7/23/2021 6:38,10.38
1779,7/23/2021 6:48,10.55
1780,7/23/2021 6:58,11.02
1781,7/23/2021 7:08,12.1
1782,7/23/2021 7:18,13.73
1783,7/23/2021 7:28,15.01
1784,7/23/2021 7:38,16.17
1785,7/23/2021 7:48,17.67
1786,7/23/2021 7:58,19.65
1787,7/23/2021 8:08,21.32
1788,7/23/2021 8:18,21.19
1789,7/23/2021 8:28,20.72
1790,7/23/2021 8:38,20.68
1791,7/23/2021 8:48,21.23
1792,7/23/2021 8:58,21.23
1793,7/23/2021 9:08,18.1
1794,7/23/2021 9:18,16.56
1795,7/23/2021 9:28,15.74
1796,7/23/2021 9:38,15.53
1797,7/23/2021 9:48,15.61
1798,7/23/2021 9:58,15.74
1799,7/23/2021 10:08,16.94
1800,7/23/2021 10:18,17.54
1801,7/23/2021 10:28,17.89
1802,7/23/2021 10:38,18.32
1803,7/23/2021 10:48,18.57
1804,7/23/2021 10:58,18.66
1805,7/23/2021 11:08,18.27
1806,7/23/2021 11:18,20.76
1807,7/23/2021 11:28,22.61
1808,7/23/2021 11:38,21.49
1809,7/23/2021 11:48,20.42
1810,7/23/2021 11:58,19.56
1811,7/23/2021 12:08,18.96
1812,7/23/2021 12:18,18.44
1813,7/23/2021 12:28,18.02
1814,7/23/2021 12:38,17.72
1815,7/23/2021 12:48,17.76
1816,7/23/2021 12:58,17.8
1817,7/23/2021 13:08,17.89
1818,7/23/2021 13:18,17.93
1819,7/23/2021 13:28,17.97
1820,7/23/2021 13:38,18.06
1821,7/23/2021 13:48,18.19
1822,7/23/2021 13:58,18.57
1823,7/23/2021 14:08,19
1824,7/23/2021 14:18,19.22
1825,7/23/2021 14:28,19.6
1826,7/23/2021 14:38,19.86
1827,7/23/2021 14:48,20.25
1828,7/23/2021 14:58,20.68
1829,7/23/2021 15:08,21.02
1830,7/23/2021 15:18,21.7
1831,7/23/2021 15:28,22.35
1832,7/23/2021 15:38,22.78
1833,7/23/2021 15:48,23.21
1834,7/23/2021 15:58,23.38
1835,7/23/2021 16:08,23.64
1836,7/23/2021 16:18,23.72
1837,7/23/2021 16:28,23.42
1838,7/23/2021 16:38,22.99
1839,7/23/2021 16:48,22.35
1840,7/23/2021 16:58,21.7
1841,7/23/2021 17:08,20.07
1842,7/23/2021 17:18,19.17
1843,7/23/2021 17:28,18.4
1844,7/23/2021 17:38,17.93
1845,7/23/2021 17:48,18.02
1846,7/23/2021 17:58,16.81
1847,7/23/2021 18:08,15.74
1848,7/23/2021 18:18,17.72
1849,7/23/2021 18:28,20.85
1850,7/23/2021 18:38,23.64
1851,7/23/2021 18:48,24.06
1852,7/23/2021 18:58,23.38
1853,7/23/2021 19:08,22.52
1854,7/23/2021 19:18,21.79
1855,7/23/2021 19:28,20.85
1856,7/23/2021 19:38,20.2
1857,7/23/2021 19:48,19.86
1858,7/23/2021 19:58,19.43
1859,7/23/2021 20:08,18.96
1860,7/23/2021 20:18,18.62
1861,7/23/2021 20:28,17.93
1862,7/23/2021 20:38,17.63
1863,7/23/2021 20:48,17.63
1864,7/23/2021 20:58,17.76
1865,7/23/2021 21:08,17.89
1866,7/23/2021 21:18,18.02
1867,7/23/2021 21:28,17.89
1868,7/23/2021 21:38,17.84
1869,7/23/2021 21:48,17.59
1870,7/23/2021 21:58,17.54
1871,7/23/2021 22:08,17.5
1872,7/23/2021 22:18,17.11
1873,7/23/2021 22:28,16.9
1874,7/23/2021 22:38,16.64
1875,7/23/2021 22:48,16.34
1876,7/23/2021 22:58,16.13
1877,7/23/2021 23:08,15.91
1878,7/23/2021 23:18,15.87
1879,7/23/2021 23:28,15.7
1880,7/23/2021 23:38,15.7
1881,7/23/2021 23:48,15.78
1882,7/23/2021 23:58,15.87
1883,7/24/2021 0:08,15.91
1884,7/24/2021 0:18,16.13
1885,7/24/2021 0:28,16.39
1886,7/24/2021 0:38,16.51
1887,7/24/2021 0:48,16.64
1888,7/24/2021 0:58,16.73
1889,7/24/2021 1:08,16.94
1890,7/24/2021 1:18,17.2
1891,7/24/2021 1:28,17.24
1892,7/24/2021 1:38,17.2
1893,7/24/2021 1:48,17.33
1894,7/24/2021 1:58,17.24
1895,7/24/2021 2:08,17.29
1896,7/24/2021 2:18,17.33
1897,7/24/2021 2:28,17.29
1898,7/24/2021 2:38,17.29
1899,7/24/2021 2:48,17.24
1900,7/24/2021 2:58,17.16
1901,7/24/2021 3:08,17.07
1902,7/24/2021 3:18,17.03
1903,7/24/2021 3:28,16.81
1904,7/24/2021 3:38,16.56
1905,7/24/2021 3:48,16.39
1906,7/24/2021 3:58,14.33
1907,7/24/2021 4:08,13.17
1908,7/24/2021 4:18,12.78
1909,7/24/2021 4:28,12.78
1910,7/24/2021 4:38,12.95
1911,7/24/2021 4:48,12.87
1912,7/24/2021 4:58,12.78
1913,7/24/2021 5:08,13.04
1914,7/24/2021 5:18,13
1915,7/24/2021 5:28,12.87
1916,7/24/2021 5:38,12.87
1917,7/24/2021 5:48,12.7
1918,7/24/2021 5:58,12.57
1919,7/24/2021 6:08,12.7
1920,7/24/2021 6:18,12.65
1921,7/24/2021 6:28,12.65
1922,7/24/2021 6:38,12.65
1923,7/24/2021 6:48,12.65
1924,7/24/2021 6:58,12.7
1925,7/24/2021 7:08,12.87
1926,7/24/2021 7:18,13
1927,7/24/2021 7:28,13.04
1928,7/24/2021 7:38,13.04
1929,7/24/2021 7:48,13.08
1930,7/24/2021 7:58,13.25
1931,7/24/2021 8:08,13.34
1932,7/24/2021 8:18,13.73
1933,7/24/2021 8:28,13.9
1934,7/24/2021 8:38,14.33
1935,7/24/2021 8:48,14.88
1936,7/24/2021 8:58,15.7
1937,7/24/2021 9:08,16.3
1938,7/24/2021 9:18,18.19
1939,7/24/2021 9:28,21.19
1940,7/24/2021 9:38,22.82
1941,7/24/2021 9:48,23.72
1942,7/24/2021 9:58,26.68
1943,7/24/2021 10:08,26.81
1944,7/24/2021 10:18,26.12
1945,7/24/2021 10:28,26.38
1946,7/24/2021 10:38,25.57
1947,7/24/2021 10:48,22.39
1948,7/24/2021 10:58,21.23
1949,7/24/2021 11:08,21.06
1950,7/24/2021 11:18,20.93
1951,7/24/2021 11:28,20.85
1952,7/24/2021 11:38,20.42
1953,7/24/2021 11:48,21.19
1954,7/24/2021 11:58,24.41
1955,7/24/2021 12:08,21.88
1956,7/24/2021 12:18,20.5
1957,7/24/2021 12:28,19.82
1958,7/24/2021 12:38,19.39
1959,7/24/2021 12:48,18.74
1960,7/24/2021 12:58,18.27
1961,7/24/2021 13:08,18.14
1962,7/24/2021 13:18,17.89
1963,7/24/2021 13:28,17.84
1964,7/24/2021 13:38,18.02
1965,7/24/2021 13:48,18.32
1966,7/24/2021 13:58,18.57
1967,7/24/2021 14:08,18.7
1968,7/24/2021 14:18,18.66
1969,7/24/2021 14:28,18.74
1970,7/24/2021 14:38,18.7
1971,7/24/2021 14:48,19.39
1972,7/24/2021 14:58,19.95
1973,7/24/2021 15:08,20.07
1974,7/24/2021 15:18,20.33
1975,7/24/2021 15:28,20.72
1976,7/24/2021 15:38,21.15
1977,7/24/2021 15:48,21.66
1978,7/24/2021 15:58,22.13
1979,7/24/2021 16:08,22.39
1980,7/24/2021 16:18,22.78
1981,7/24/2021 16:28,23.12
1982,7/24/2021 16:38,23.34
1983,7/24/2021 16:48,23.64
1984,7/24/2021 16:58,23.64
1985,7/24/2021 17:08,23.68
1986,7/24/2021 17:18,23.59
1987,7/24/2021 17:28,21.88
1988,7/24/2021 17:38,19.17
1989,7/24/2021 17:48,18.19
1990,7/24/2021 17:58,17.5
1991,7/24/2021 18:08,17.5
1992,7/24/2021 18:18,17.16
1993,7/24/2021 18:28,16.94
1994,7/24/2021 18:38,16.9
1995,7/24/2021 18:48,16.34
1996,7/24/2021 18:58,16.13
1997,7/24/2021 19:08,15.96
1998,7/24/2021 19:18,16.08
1999,7/24/2021 19:28,17.84
2000,7/24/2021 19:38,20.29
2001,7/24/2021 19:48,20.63
2002,7/24/2021 19:58,20.63
2003,7/24/2021 20:08,20.68
2004,7/24/2021 20:18,20.55
2005,7/24/2021 20:28,20.33
2006,7/24/2021 20:38,19.95
2007,7/24/2021 20:48,19.65
2008,7/24/2021 20:58,19.3
2009,7/24/2021 21:08,18.96
2010,7/24/2021 21:18,18.32
2011,7/24/2021 21:28,17.89
2012,7/24/2021 21:38,17.59
2013,7/24/2021 21:48,17.54
2014,7/24/2021 21:58,17.67
2015,7/24/2021 22:08,17.8
2016,7/24/2021 22:18,17.84
2017,7/24/2021 22:28,17.63
2018,7/24/2021 22:38,17.29
2019,7/24/2021 22:48,17.03
2020,7/24/2021 22:58,16.99
2021,7/24/2021 23:08,16.77
2022,7/24/2021 23:18,16.64
2023,7/24/2021 23:28,16.43
2024,7/24/2021 23:38,16.21
2025,7/24/2021 23:48,16.17
2026,7/24/2021 23:58,16.17
2027,7/25/2021 0:08,16.13
2028,7/25/2021 0:18,16.08
2029,7/25/2021 0:28,16.08
2030,7/25/2021 0:38,16.13
2031,7/25/2021 0:48,16.04
2032,7/25/2021 0:58,16.04
2033,7/25/2021 1:08,16.13
2034,7/25/2021 1:18,16.26
2035,7/25/2021 1:28,16.34
2036,7/25/2021 1:38,16.34
2037,7/25/2021 1:48,16.6
2038,7/25/2021 1:58,16.6
2039,7/25/2021 2:08,16.81
2040,7/25/2021 2:18,16.81
2041,7/25/2021 2:28,16.86
2042,7/25/2021 2:38,16.9
2043,7/25/2021 2:48,16.94
2044,7/25/2021 2:58,16.9
2045,7/25/2021 3:08,16.9
2046,7/25/2021 3:18,16.9
2047,7/25/2021 3:28,16.94
2048,7/25/2021 3:38,16.86
2049,7/25/2021 3:48,16.81
2050,7/25/2021 3:58,16.86
2051,7/25/2021 4:08,16.73
2052,7/25/2021 4:18,16.43
2053,7/25/2021 4:28,16.21
2054,7/25/2021 4:38,15.87
2055,7/25/2021 4:48,13.25
2056,7/25/2021 4:58,12.91
2057,7/25/2021 5:08,13.04
2058,7/25/2021 5:18,12.91
2059,7/25/2021 5:28,12.87
2060,7/25/2021 5:38,12.91
2061,7/25/2021 5:48,12.82
2062,7/25/2021 5:58,12.87
2063,7/25/2021 6:08,12.65
2064,7/25/2021 6:18,12.65
2065,7/25/2021 6:28,12.78
2066,7/25/2021 6:38,12.91
2067,7/25/2021 6:48,13
2068,7/25/2021 6:58,13.08
2069,7/25/2021 7:08,13.25
2070,7/25/2021 7:18,13.38
2071,7/25/2021 7:28,13.51
2072,7/25/2021 7:38,13.68
2073,7/25/2021 7:48,13.9
2074,7/25/2021 7:58,14.15
2075,7/25/2021 8:08,14.45
2076,7/25/2021 8:18,14.63
2077,7/25/2021 8:28,15.14
2078,7/25/2021 8:38,17.41
2079,7/25/2021 8:48,19.77
2080,7/25/2021 8:58,25.95
2081,7/25/2021 9:08,29.77
2082,7/25/2021 9:18,28.18
2083,7/25/2021 9:28,29.17
2084,7/25/2021 9:38,29.21
2085,7/25/2021 9:48,28.01
2086,7/25/2021 9:58,27.63
2087,7/25/2021 10:08,27.28
2088,7/25/2021 10:18,26.81
2089,7/25/2021 10:28,26.85
2090,7/25/2021 10:38,26.38
2091,7/25/2021 10:48,26.3
2092,7/25/2021 10:58,26.3
2093,7/25/2021 11:08,25.99
2094,7/25/2021 11:18,25.87
2095,7/25/2021 11:28,25.65
2096,7/25/2021 11:38,25.57
2097,7/25/2021 11:48,25.31
2098,7/25/2021 11:58,25.35
2099,7/25/2021 12:08,25.05
2100,7/25/2021 12:18,24.71
2101,7/25/2021 12:28,25.44
2102,7/25/2021 12:38,22.05
2103,7/25/2021 12:48,20.5
2104,7/25/2021 12:58,20.07
2105,7/25/2021 13:08,19.3
2106,7/25/2021 13:18,19.09
2107,7/25/2021 13:28,19
2108,7/25/2021 13:38,18.62
2109,7/25/2021 13:48,18.44
2110,7/25/2021 13:58,18.57
2111,7/25/2021 14:08,18.74
2112,7/25/2021 14:18,19
2113,7/25/2021 14:28,19.17
2114,7/25/2021 14:38,19.17
2115,7/25/2021 14:48,19.13
2116,7/25/2021 14:58,19.22
2117,7/25/2021 15:08,19.17
2118,7/25/2021 15:18,19.13
2119,7/25/2021 15:28,19.35
2120,7/25/2021 15:38,19.47
2121,7/25/2021 15:48,19.65
2122,7/25/2021 15:58,20.16
2123,7/25/2021 16:08,20.2
2124,7/25/2021 16:18,20.42
2125,7/25/2021 16:28,20.89
2126,7/25/2021 16:38,21.7
2127,7/25/2021 16:48,21.96
2128,7/25/2021 16:58,22.01
2129,7/25/2021 17:08,21.96
2130,7/25/2021 17:18,22.01
2131,7/25/2021 17:28,22.09
2132,7/25/2021 17:38,21.92
2133,7/25/2021 17:48,21.79
2134,7/25/2021 17:58,21.83
2135,7/25/2021 18:08,21.83
2136,7/25/2021 18:18,20.98
2137,7/25/2021 18:28,17.03
2138,7/25/2021 18:38,15.66
2139,7/25/2021 18:48,15.61
2140,7/25/2021 18:58,15.18
2141,7/25/2021 19:08,14.71
2142,7/25/2021 19:18,14.45
2143,7/25/2021 19:28,14.15
2144,7/25/2021 19:38,14.03
2145,7/25/2021 19:48,14.11
2146,7/25/2021 19:58,13.9
2147,7/25/2021 20:08,14.03
2148,7/25/2021 20:18,14.45
2149,7/25/2021 20:28,16.94
2150,7/25/2021 20:38,18.74
2151,7/25/2021 20:48,19.35
2152,7/25/2021 20:58,19.56
2153,7/25/2021 21:08,19.65
2154,7/25/2021 21:18,19.65
2155,7/25/2021 21:28,19.6
2156,7/25/2021 21:38,19.43
2157,7/25/2021 21:48,19.22
2158,7/25/2021 21:58,18.96
2159,7/25/2021 22:08,18.57
2160,7/25/2021 22:18,18.1
2161,7/25/2021 22:28,17.89
2162,7/25/2021 22:38,17.54
2163,7/25/2021 22:48,17.46
2164,7/25/2021 22:58,17.5
2165,7/25/2021 23:08,17.59
2166,7/25/2021 23:18,17.72
2167,7/25/2021 23:28,17.67
2168,7/25/2021 23:38,17.54
2169,7/25/2021 23:48,17.41
2170,7/25/2021 23:58,17.16
2171,7/26/2021 0:08,17.03
2172,7/26/2021 0:18,16.99
2173,7/26/2021 0:28,16.94
2174,7/26/2021 0:38,16.9
2175,7/26/2021 0:48,16.86
2176,7/26/2021 0:58,16.69
2177,7/26/2021 1:08,16.69
2178,7/26/2021 1:18,16.64
2179,7/26/2021 1:28,16.64
2180,7/26/2021 1:38,16.73
2181,7/26/2021 1:48,16.77
2182,7/26/2021 1:58,16.81
2183,7/26/2021 2:08,16.86
2184,7/26/2021 2:18,16.94
2185,7/26/2021 2:28,16.99
2186,7/26/2021 2:38,16.86
2187,7/26/2021 2:48,17.11
2188,7/26/2021 2:58,17.11
2189,7/26/2021 3:08,17.07
2190,7/26/2021 3:18,17.11
2191,7/26/2021 3:28,17.11
2192,7/26/2021 3:38,17.11
2193,7/26/2021 3:48,17.03
2194,7/26/2021 3:58,16.9
2195,7/26/2021 4:08,16.99
2196,7/26/2021 4:18,16.99
2197,7/26/2021 4:28,16.86
2198,7/26/2021 4:38,16.86
2199,7/26/2021 4:48,16.73
2200,7/26/2021 4:58,16.56
2201,7/26/2021 5:08,16.43
2202,7/26/2021 5:18,16.26
2203,7/26/2021 5:28,14.5
2204,7/26/2021 5:38,13.47
2205,7/26/2021 5:48,13.3
2206,7/26/2021 5:58,13.21
2207,7/26/2021 6:08,13.08
2208,7/26/2021 6:18,13.17
2209,7/26/2021 6:28,13.21
2210,7/26/2021 6:38,13.12
2211,7/26/2021 6:48,13.21
2212,7/26/2021 6:58,13.12
2213,7/26/2021 7:08,13.21
2214,7/26/2021 7:18,13.38
2215,7/26/2021 7:28,13.55
2216,7/26/2021 7:38,13.68
2217,7/26/2021 7:48,13.85
2218,7/26/2021 7:58,13.94
2219,7/26/2021 8:08,14.15
2220,7/26/2021 8:18,14.37
2221,7/26/2021 8:28,14.58
2222,7/26/2021 8:38,14.5
2223,7/26/2021 8:48,15.06
2224,7/26/2021 8:58,15.57
2225,7/26/2021 9:08,16.26
2226,7/26/2021 9:18,17.07
2227,7/26/2021 9:28,15.66
2228,7/26/2021 9:38,16.04
2229,7/26/2021 9:48,16.86
2230,7/26/2021 9:58,19.47
2231,7/26/2021 10:08,21.32
2232,7/26/2021 10:18,21.45
2233,7/26/2021 10:28,20.29
2234,7/26/2021 10:38,20.07
2235,7/26/2021 10:48,20.25
2236,7/26/2021 10:58,22.18
2237,7/26/2021 11:08,22.91
2238,7/26/2021 11:18,22.73
2239,7/26/2021 11:28,22.09
2240,7/26/2021 11:38,23.42
2241,7/26/2021 11:48,22.35
2242,7/26/2021 11:58,21.4
2243,7/26/2021 12:08,20.89
2244,7/26/2021 12:18,20.42
2245,7/26/2021 12:28,19.3
2246,7/26/2021 12:38,19.43
2247,7/26/2021 12:48,20.16
2248,7/26/2021 12:58,21.53
2249,7/26/2021 13:08,20.25
2250,7/26/2021 13:18,19.69
2251,7/26/2021 13:28,19.3
2252,7/26/2021 13:38,18.79
2253,7/26/2021 13:48,18.44
2254,7/26/2021 13:58,18.32
2255,7/26/2021 14:08,18.06
2256,7/26/2021 14:18,18.02
2257,7/26/2021 14:28,18.06
2258,7/26/2021 14:38,18.02
2259,7/26/2021 14:48,18.19
2260,7/26/2021 14:58,18.36
2261,7/26/2021 15:08,18.32
2262,7/26/2021 15:18,18.23
2263,7/26/2021 15:28,18.27
2264,7/26/2021 15:38,18.19
2265,7/26/2021 15:48,18.4
2266,7/26/2021 15:58,18.36
2267,7/26/2021 16:08,18.4
2268,7/26/2021 16:18,18.4
2269,7/26/2021 16:28,18.53
2270,7/26/2021 16:38,18.62
2271,7/26/2021 16:48,18.79
2272,7/26/2021 16:58,19.05
2273,7/26/2021 17:08,19.47
2274,7/26/2021 17:18,19.6
2275,7/26/2021 17:28,19.65
2276,7/26/2021 17:38,19.82
2277,7/26/2021 17:48,19.86
2278,7/26/2021 17:58,19.77
2279,7/26/2021 18:08,19.65
2280,7/26/2021 18:18,19.86
2281,7/26/2021 18:28,19.56
2282,7/26/2021 18:38,19.22
2283,7/26/2021 18:48,18.92
2284,7/26/2021 18:58,18.49
2285,7/26/2021 19:08,16.69
2286,7/26/2021 19:18,15.78
2287,7/26/2021 19:28,15.57
2288,7/26/2021 19:38,15.23
2289,7/26/2021 19:48,14.97
2290,7/26/2021 19:58,14.88
2291,7/26/2021 20:08,14.88
2292,7/26/2021 20:18,14.58
2293,7/26/2021 20:28,14.41
2294,7/26/2021 20:38,14.45
2295,7/26/2021 20:48,14.5
2296,7/26/2021 20:58,14.67
2297,7/26/2021 21:08,14.41
2298,7/26/2021 21:18,14.5
2299,7/26/2021 21:28,14.75
2300,7/26/2021 21:38,16.77
2301,7/26/2021 21:48,17.76
2302,7/26/2021 21:58,18.14
2303,7/26/2021 22:08,18.36
2304,7/26/2021 22:18,18.53
2305,7/26/2021 22:28,18.62
2306,7/26/2021 22:38,18.7
2307,7/26/2021 22:48,18.7
2308,7/26/2021 22:58,18.62
2309,7/26/2021 23:08,18.4
2310,7/26/2021 23:18,18.19
2311,7/26/2021 23:28,17.97
2312,7/26/2021 23:38,17.72
2313,7/26/2021 23:48,17.46
2314,7/26/2021 23:58,17.24
2315,7/27/2021 0:08,17.2
2316,7/27/2021 0:18,17.16
2317,7/27/2021 0:28,17.11
2318,7/27/2021 0:38,17.07
2319,7/27/2021 0:48,17.07
2320,7/27/2021 0:58,16.99
2321,7/27/2021 1:08,16.99
2322,7/27/2021 1:18,16.9
2323,7/27/2021 1:28,16.77
2324,7/27/2021 1:38,16.73
2325,7/27/2021 1:48,16.69
2326,7/27/2021 1:58,16.6
2327,7/27/2021 2:08,16.56
2328,7/27/2021 2:18,16.51
2329,7/27/2021 2:28,16.64
2330,7/27/2021 2:38,16.81
2331,7/27/2021 2:48,16.9
2332,7/27/2021 2:58,16.94
2333,7/27/2021 3:08,16.81
2334,7/27/2021 3:18,16.73
2335,7/27/2021 3:28,16.81
2336,7/27/2021 3:38,16.9
2337,7/27/2021 3:48,16.9
2338,7/27/2021 3:58,16.99
2339,7/27/2021 4:08,16.94
2340,7/27/2021 4:18,17.03
2341,7/27/2021 4:28,16.94
2342,7/27/2021 4:38,16.81
2343,7/27/2021 4:48,16.94
2344,7/27/2021 4:58,16.73
2345,7/27/2021 5:08,16.69
2346,7/27/2021 5:18,16.69
2347,7/27/2021 5:28,16.56
2348,7/27/2021 5:38,16.47
2349,7/27/2021 5:48,16.43
2350,7/27/2021 5:58,15.06
2351,7/27/2021 6:08,13.94
2352,7/27/2021 6:18,13.68
2353,7/27/2021 6:28,13.68
2354,7/27/2021 6:38,13.64
2355,7/27/2021 6:48,13.68
2356,7/27/2021 6:58,13.73
2357,7/27/2021 7:08,13.68
2358,7/27/2021 7:18,14.07
2359,7/27/2021 7:28,14.07
2360,7/27/2021 7:38,14.15
2361,7/27/2021 7:48,14.33
2362,7/27/2021 7:58,14.67
2363,7/27/2021 8:08,15.27
2364,7/27/2021 8:18,14.88
2365,7/27/2021 8:28,14.97
2366,7/27/2021 8:38,14.97
2367,7/27/2021 8:48,14.67
2368,7/27/2021 8:58,14.67
2369,7/27/2021 9:08,14.71
2370,7/27/2021 9:18,14.8
2371,7/27/2021 9:28,14.75
2372,7/27/2021 9:38,14.88
2373,7/27/2021 9:48,15.06
2374,7/27/2021 9:58,15.31
2375,7/27/2021 10:08,15.31
2376,7/27/2021 10:18,15.36
2377,7/27/2021 10:28,15.36
2378,7/27/2021 10:38,15.31
2379,7/27/2021 10:48,15.23
2380,7/27/2021 10:58,15.27
2381,7/27/2021 11:08,15.23
2382,7/27/2021 11:18,15.57
2383,7/27/2021 11:28,15.36
2384,7/27/2021 11:38,15.4
2385,7/27/2021 11:48,15.48
2386,7/27/2021 11:58,15.53
2387,7/27/2021 12:08,15.91
2388,7/27/2021 12:18,16.56
2389,7/27/2021 12:28,17.07
2390,7/27/2021 12:38,17.89
2391,7/27/2021 12:48,18.19
2392,7/27/2021 12:58,18.14
2393,7/27/2021 13:08,18.06
2394,7/27/2021 13:18,19.26
2395,7/27/2021 13:28,22.05
2396,7/27/2021 13:38,20.98
2397,7/27/2021 13:48,20.25
2398,7/27/2021 13:58,19.86
2399,7/27/2021 14:08,19.35
2400,7/27/2021 14:18,18.96
2401,7/27/2021 14:28,18.62
2402,7/27/2021 14:38,18.4
2403,7/27/2021 14:48,18.32
2404,7/27/2021 14:58,18.44
2405,7/27/2021 15:08,18.49
2406,7/27/2021 15:18,18.53
2407,7/27/2021 15:28,18.62
2408,7/27/2021 15:38,18.66
2409,7/27/2021 15:48,18.53
2410,7/27/2021 15:58,18.49
2411,7/27/2021 16:08,18.4
2412,7/27/2021 16:18,18.49
2413,7/27/2021 16:28,18.36
2414,7/27/2021 16:38,18.7
2415,7/27/2021 16:48,19.05
2416,7/27/2021 16:58,19.52
2417,7/27/2021 17:08,19.9
2418,7/27/2021 17:18,19.9
2419,7/27/2021 17:28,19.9
2420,7/27/2021 17:38,19.9
2421,7/27/2021 17:48,20.12
2422,7/27/2021 17:58,20.37
2423,7/27/2021 18:08,20.76
2424,7/27/2021 18:18,20.93
2425,7/27/2021 18:28,21.15
2426,7/27/2021 18:38,21.15
2427,7/27/2021 18:48,21.19
2428,7/27/2021 18:58,21.15
2429,7/27/2021 19:08,21.06
2430,7/27/2021 19:18,20.8
2431,7/27/2021 19:28,20.68
2432,7/27/2021 19:38,20.37
2433,7/27/2021 19:48,19.05
2434,7/27/2021 19:58,16.39
2435,7/27/2021 20:08,15.23
2436,7/27/2021 20:18,14.88
2437,7/27/2021 20:28,14.67
2438,7/27/2021 20:38,14.63
2439,7/27/2021 20:48,14.67
2440,7/27/2021 20:58,14.37
2441,7/27/2021 21:08,14.33
2442,7/27/2021 21:18,14.5
2443,7/27/2021 21:28,14.37
2444,7/27/2021 21:38,14.84
2445,7/27/2021 21:48,14.75
2446,7/27/2021 21:58,14.88
2447,7/27/2021 22:08,14.84
2448,7/27/2021 22:18,14.75
2449,7/27/2021 22:28,14.54
2450,7/27/2021 22:38,14.33
2451,7/27/2021 22:48,15.1
2452,7/27/2021 22:58,17.5
2453,7/27/2021 23:08,18.23
2454,7/27/2021 23:18,18.44
2455,7/27/2021 23:28,18.57
2456,7/27/2021 23:38,18.53
2457,7/27/2021 23:48,18.44
2458,7/27/2021 23:58,18.44
2459,7/28/2021 0:08,18.36
2460,7/28/2021 0:18,18.23
2461,7/28/2021 0:28,18.06
2462,7/28/2021 0:38,17.76
2463,7/28/2021 0:48,17.54
2464,7/28/2021 0:58,17.46
2465,7/28/2021 1:08,17.29
2466,7/28/2021 1:18,17.2
2467,7/28/2021 1:28,17.2
2468,7/28/2021 1:38,17.16
2469,7/28/2021 1:48,17.07
2470,7/28/2021 1:58,17.07
2471,7/28/2021 2:08,17.03
2472,7/28/2021 2:18,17.03
2473,7/28/2021 2:28,17.07
2474,7/28/2021 2:38,17.03
2475,7/28/2021 2:48,17.03
2476,7/28/2021 2:58,17.03
2477,7/28/2021 3:08,17.03
2478,7/28/2021 3:18,17.03
2479,7/28/2021 3:28,16.99
2480,7/28/2021 3:38,16.99
2481,7/28/2021 3:48,16.94
2482,7/28/2021 3:58,16.94
2483,7/28/2021 4:08,16.9
2484,7/28/2021 4:18,16.9
2485,7/28/2021 4:28,17.03
2486,7/28/2021 4:38,17.16
2487,7/28/2021 4:48,17.11
2488,7/28/2021 4:58,17.07
2489,7/28/2021 5:08,17.07
2490,7/28/2021 5:18,17.03
2491,7/28/2021 5:28,16.94
2492,7/28/2021 5:38,16.9
2493,7/28/2021 5:48,16.73
2494,7/28/2021 5:58,16.69
2495,7/28/2021 6:08,16.69
2496,7/28/2021 6:18,16.6
2497,7/28/2021 6:28,15.27
2498,7/28/2021 6:38,14.41
2499,7/28/2021 6:48,14.5
2500,7/28/2021 6:58,14.71
2501,7/28/2021 7:08,14.2
2502,7/28/2021 7:18,14.28
2503,7/28/2021 7:28,14.84
2504,7/28/2021 7:38,15.27
2505,7/28/2021 7:48,15.61
2506,7/28/2021 7:58,15.61
2507,7/28/2021 8:08,15.83
2508,7/28/2021 8:18,15.78
2509,7/28/2021 8:28,16.39
2510,7/28/2021 8:38,16.13
2511,7/28/2021 8:48,16.34
2512,7/28/2021 8:58,16.17
2513,7/28/2021 9:08,16.43
2514,7/28/2021 9:18,17.8
2515,7/28/2021 9:28,17.29
2516,7/28/2021 9:38,17.07
2517,7/28/2021 9:48,18.06
2518,7/28/2021 9:58,19.35
2519,7/28/2021 10:08,19.95
2520,7/28/2021 10:18,20.33
2521,7/28/2021 10:28,21.15
2522,7/28/2021 10:38,23.25
2523,7/28/2021 10:48,24.97
2524,7/28/2021 10:58,26.25
2525,7/28/2021 11:08,27.02
2526,7/28/2021 11:18,27.58
2527,7/28/2021 11:28,28.35
2528,7/28/2021 11:38,25.78
2529,7/28/2021 11:48,26.64
2530,7/28/2021 11:58,27.45
2531,7/28/2021 12:08,27.71
2532,7/28/2021 12:18,26.12
2533,7/28/2021 12:28,25.22
2534,7/28/2021 12:38,24.92
2535,7/28/2021 12:48,24.06
2536,7/28/2021 12:58,23.29
2537,7/28/2021 13:08,22.48
2538,7/28/2021 13:18,21.62
2539,7/28/2021 13:28,21.32
2540,7/28/2021 13:38,25.74
2541,7/28/2021 13:48,24.36
2542,7/28/2021 13:58,22.99
2543,7/28/2021 14:08,22.39
2544,7/28/2021 14:18,21.83
2545,7/28/2021 14:28,21.15
2546,7/28/2021 14:38,20.59
2547,7/28/2021 14:48,20.2
2548,7/28/2021 14:58,19.95
2549,7/28/2021 15:08,19.95
2550,7/28/2021 15:18,19.9
2551,7/28/2021 15:28,20.03
2552,7/28/2021 15:38,20.07
2553,7/28/2021 15:48,19.99
2554,7/28/2021 15:58,19.86
2555,7/28/2021 16:08,19.73
2556,7/28/2021 16:18,19.73
2557,7/28/2021 16:28,19.73
2558,7/28/2021 16:38,19.65
2559,7/28/2021 16:48,19.6
2560,7/28/2021 16:58,19.95
2561,7/28/2021 17:08,20.03
2562,7/28/2021 17:18,20.29
2563,7/28/2021 17:28,20.46
2564,7/28/2021 17:38,20.5
2565,7/28/2021 17:48,20.5
2566,7/28/2021 17:58,20.68
2567,7/28/2021 18:08,20.63
2568,7/28/2021 18:18,20.76
2569,7/28/2021 18:28,20.98
2570,7/28/2021 18:38,21.1
2571,7/28/2021 18:48,21.32
2572,7/28/2021 18:58,21.49
2573,7/28/2021 19:08,21.66
2574,7/28/2021 19:18,21.79
2575,7/28/2021 19:28,21.79
2576,7/28/2021 19:38,21.66
2577,7/28/2021 19:48,21.4
2578,7/28/2021 19:58,21.28
2579,7/28/2021 20:08,20.98
2580,7/28/2021 20:18,20.72
2581,7/28/2021 20:28,19.77
2582,7/28/2021 20:38,16.69
2583,7/28/2021 20:48,15.4
2584,7/28/2021 20:58,15.01
2585,7/28/2021 21:08,14.8
2586,7/28/2021 21:18,14.75
2587,7/28/2021 21:28,14.63
2588,7/28/2021 21:38,14.5
2589,7/28/2021 21:48,14.37
2590,7/28/2021 21:58,14.2
2591,7/28/2021 22:08,14.33
2592,7/28/2021 22:18,14.41
2593,7/28/2021 22:28,14.2
2594,7/28/2021 22:38,14.03
2595,7/28/2021 22:48,13.94
2596,7/28/2021 22:58,13.9
2597,7/28/2021 23:08,13.85
2598,7/28/2021 23:18,13.85
2599,7/28/2021 23:28,13.81
2600,7/28/2021 23:38,13.94
2601,7/28/2021 23:48,13.77
2602,7/28/2021 23:58,13.9
2603,7/29/2021 0:08,16.6
2604,7/29/2021 0:18,18.83
2605,7/29/2021 0:28,18.96
2606,7/29/2021 0:38,19.13
2607,7/29/2021 0:48,19.39
2608,7/29/2021 0:58,19.35
2609,7/29/2021 1:08,19.47
2610,7/29/2021 1:18,19.26
2611,7/29/2021 1:28,19.3
2612,7/29/2021 1:38,19.13
2613,7/29/2021 1:48,19
2614,7/29/2021 1:58,18.74
2615,7/29/2021 2:08,18.57
2616,7/29/2021 2:18,18.36
2617,7/29/2021 2:28,18.19
2618,7/29/2021 2:38,18.02
2619,7/29/2021 2:48,17.93
2620,7/29/2021 2:58,17.8
2621,7/29/2021 3:08,17.76
2622,7/29/2021 3:18,17.76
2623,7/29/2021 3:28,17.67
2624,7/29/2021 3:38,17.76
2625,7/29/2021 3:48,17.76
2626,7/29/2021 3:58,17.72
2627,7/29/2021 4:08,17.67
2628,7/29/2021 4:18,17.76
2629,7/29/2021 4:28,17.72
2630,7/29/2021 4:38,17.76
2631,7/29/2021 4:48,17.8
2632,7/29/2021 4:58,17.8
2633,7/29/2021 5:08,17.89
2634,7/29/2021 5:18,17.84
2635,7/29/2021 5:28,17.76
2636,7/29/2021 5:38,17.84
2637,7/29/2021 5:48,17.76
2638,7/29/2021 5:58,17.8
2639,7/29/2021 6:08,17.76
2640,7/29/2021 6:18,17.59
2641,7/29/2021 6:28,17.59
2642,7/29/2021 6:38,17.54
2643,7/29/2021 6:48,17.46
2644,7/29/2021 6:58,17.16
2645,7/29/2021 7:08,15.23
2646,7/29/2021 7:18,14.37
2647,7/29/2021 7:28,14.33
2648,7/29/2021 7:38,14.5
2649,7/29/2021 7:48,14.67
2650,7/29/2021 7:58,14.93
2651,7/29/2021 8:08,15.44
2652,7/29/2021 8:18,15.74
2653,7/29/2021 8:28,15.96
2654,7/29/2021 8:38,16.17
2655,7/29/2021 8:48,16.13
2656,7/29/2021 8:58,16.34
2657,7/29/2021 9:08,16.51
2658,7/29/2021 9:18,17.11
2659,7/29/2021 9:28,18.1
2660,7/29/2021 9:38,18.4
2661,7/29/2021 9:48,18.87
2662,7/29/2021 9:58,18.92
2663,7/29/2021 10:08,19.6
2664,7/29/2021 10:18,20.42
2665,7/29/2021 10:28,20.8
2666,7/29/2021 10:38,22.73
2667,7/29/2021 10:48,23.89
2668,7/29/2021 10:58,26.21
2669,7/29/2021 11:08,25.78
2670,7/29/2021 11:18,25.48
2671,7/29/2021 11:28,26.68
2672,7/29/2021 11:38,27.32
2673,7/29/2021 11:48,27.54
2674,7/29/2021 11:58,27.93
2675,7/29/2021 12:08,27.88
2676,7/29/2021 12:18,27.45
2677,7/29/2021 12:28,27.63
2678,7/29/2021 12:38,28.53
2679,7/29/2021 12:48,27.8
2680,7/29/2021 12:58,27.8
2681,7/29/2021 13:08,27.45
2682,7/29/2021 13:18,27.97
2683,7/29/2021 13:28,28.01
2684,7/29/2021 13:38,26.98
2685,7/29/2021 13:48,28.78
2686,7/29/2021 13:58,26.51
2687,7/29/2021 14:08,23.89
2688,7/29/2021 14:18,22.09
2689,7/29/2021 14:28,21.83
2690,7/29/2021 14:38,21.1
2691,7/29/2021 14:48,20.59
2692,7/29/2021 14:58,20.25
2693,7/29/2021 15:08,20.25
2694,7/29/2021 15:18,20.16
2695,7/29/2021 15:28,19.99
2696,7/29/2021 15:38,20.12
2697,7/29/2021 15:48,19.9
2698,7/29/2021 15:58,19.86
2699,7/29/2021 16:08,20.03
2700,7/29/2021 16:18,19.99
2701,7/29/2021 16:28,19.86
2702,7/29/2021 16:38,19.65
2703,7/29/2021 16:48,19.69
2704,7/29/2021 16:58,19.56
2705,7/29/2021 17:08,19.56
2706,7/29/2021 17:18,19.52
2707,7/29/2021 17:28,19.56
2708,7/29/2021 17:38,19.69
2709,7/29/2021 17:48,19.65
2710,7/29/2021 17:58,19.56
2711,7/29/2021 18:08,19.73
2712,7/29/2021 18:18,19.86
2713,7/29/2021 18:28,19.65
2714,7/29/2021 18:38,19.77
2715,7/29/2021 18:48,20.07
2716,7/29/2021 18:58,20.25
2717,7/29/2021 19:08,20.33
2718,7/29/2021 19:18,20.63
2719,7/29/2021 19:28,21.06
2720,7/29/2021 19:38,20.98
2721,7/29/2021 19:48,20.93
2722,7/29/2021 19:58,21.02
2723,7/29/2021 20:08,21.15
2724,7/29/2021 20:18,21.06
2725,7/29/2021 20:28,21.15
2726,7/29/2021 20:38,20.85
2727,7/29/2021 20:48,20.37
2728,7/29/2021 20:58,20.33
2729,7/29/2021 21:08,20.2
2730,7/29/2021 21:18,19.82
2731,7/29/2021 21:28,19.56
2732,7/29/2021 21:38,16.08
2733,7/29/2021 21:48,14.71
2734,7/29/2021 21:58,14.2
2735,7/29/2021 22:08,13.94
2736,7/29/2021 22:18,13.55
2737,7/29/2021 22:28,13.64
2738,7/29/2021 22:38,13.6
2739,7/29/2021 22:48,13.47
2740,7/29/2021 22:58,13.64
2741,7/29/2021 23:08,13.6
2742,7/29/2021 23:18,13.43
2743,7/29/2021 23:28,13.34
2744,7/29/2021 23:38,13.34
2745,7/29/2021 23:48,13.43
2746,7/29/2021 23:58,13.55
2747,7/30/2021 0:08,13.3
2748,7/30/2021 0:18,13.51
2749,7/30/2021 0:28,13.6
2750,7/30/2021 0:38,13.55
2751,7/30/2021 0:48,13.73
2752,7/30/2021 0:58,13.51
2753,7/30/2021 1:08,13.43
2754,7/30/2021 1:18,13.9
2755,7/30/2021 1:28,16.3
2756,7/30/2021 1:38,17.84
2757,7/30/2021 1:48,18.36
2758,7/30/2021 1:58,18.44
2759,7/30/2021 2:08,18.66
2760,7/30/2021 2:18,19.05
2761,7/30/2021 2:28,19.05
2762,7/30/2021 2:38,19.17
2763,7/30/2021 2:48,19.09
2764,7/30/2021 2:58,18.96
2765,7/30/2021 3:08,18.83
2766,7/30/2021 3:18,18.74
2767,7/30/2021 3:28,18.66
2768,7/30/2021 3:38,18.62
2769,7/30/2021 3:48,18.49
2770,7/30/2021 3:58,18.36
2771,7/30/2021 4:08,18.36
2772,7/30/2021 4:18,18.27
2773,7/30/2021 4:28,18.27
2774,7/30/2021 4:38,18.27
2775,7/30/2021 4:48,18.1
2776,7/30/2021 4:58,18.06
2777,7/30/2021 5:08,18.06
2778,7/30/2021 5:18,18.02
2779,7/30/2021 5:28,17.97
2780,7/30/2021 5:38,17.97
2781,7/30/2021 5:48,17.93
2782,7/30/2021 5:58,17.89
2783,7/30/2021 6:08,17.76
2784,7/30/2021 6:18,17.76
2785,7/30/2021 6:28,17.63
2786,7/30/2021 6:38,17.5
2787,7/30/2021 6:48,17.41
2788,7/30/2021 6:58,17.24
2789,7/30/2021 7:08,17.29
2790,7/30/2021 7:18,17.29
2791,7/30/2021 7:28,17.24
2792,7/30/2021 7:38,17.07
2793,7/30/2021 7:48,16.94
2794,7/30/2021 7:58,14.75
2795,7/30/2021 8:08,14.03
2796,7/30/2021 8:18,14.07
2797,7/30/2021 8:28,14.15
2798,7/30/2021 8:38,14.28
2799,7/30/2021 8:48,14.41
2800,7/30/2021 8:58,14.71
2801,7/30/2021 9:08,14.88
2802,7/30/2021 9:18,15.18
2803,7/30/2021 9:28,15.31
2804,7/30/2021 9:38,15.44
2805,7/30/2021 9:48,16.51
2806,7/30/2021 9:58,16.73
2807,7/30/2021 10:08,17.5
2808,7/30/2021 10:18,17.72
2809,7/30/2021 10:28,17.97
2810,7/30/2021 10:38,20.72
2811,7/30/2021 10:48,22.82
2812,7/30/2021 10:58,23.25
2813,7/30/2021 11:08,23.03
2814,7/30/2021 11:18,22.91
2815,7/30/2021 11:28,23.03
2816,7/30/2021 11:38,23.03
2817,7/30/2021 11:48,22.86
2818,7/30/2021 11:58,22.56
2819,7/30/2021 12:08,22.69
2820,7/30/2021 12:18,22.48
2821,7/30/2021 12:28,22.78
2822,7/30/2021 12:38,22.31
2823,7/30/2021 12:48,22.05
2824,7/30/2021 12:58,22.52
2825,7/30/2021 13:08,22.43
2826,7/30/2021 13:18,22.26
2827,7/30/2021 13:28,21.79
2828,7/30/2021 13:38,22.61
2829,7/30/2021 13:48,26.17
2830,7/30/2021 13:58,24.79
2831,7/30/2021 14:08,24.24
2832,7/30/2021 14:18,23.34
2833,7/30/2021 14:28,22.78
2834,7/30/2021 14:38,22.22
2835,7/30/2021 14:48,21.66
2836,7/30/2021 14:58,21.15
2837,7/30/2021 15:08,21.06
2838,7/30/2021 15:18,20.93
2839,7/30/2021 15:28,20.63
2840,7/30/2021 15:38,20.59
2841,7/30/2021 15:48,20.59
2842,7/30/2021 15:58,20.72
2843,7/30/2021 16:08,20.85
2844,7/30/2021 16:18,21.02
2845,7/30/2021 16:28,20.5
2846,7/30/2021 16:38,20.25
2847,7/30/2021 16:48,20.46
2848,7/30/2021 16:58,20.42
2849,7/30/2021 17:08,20.25
2850,7/30/2021 17:18,20.03
2851,7/30/2021 17:28,19.95
2852,7/30/2021 17:38,19.77
2853,7/30/2021 17:48,19.82
2854,7/30/2021 17:58,19.73
2855,7/30/2021 18:08,19.69
2856,7/30/2021 18:18,19.69
2857,7/30/2021 18:28,20.03
2858,7/30/2021 18:38,19.95
2859,7/30/2021 18:48,19.95
2860,7/30/2021 18:58,20.03
2861,7/30/2021 19:08,19.99
2862,7/30/2021 19:18,20.07
2863,7/30/2021 19:28,20.29
2864,7/30/2021 19:38,20.72
2865,7/30/2021 19:48,20.68
2866,7/30/2021 19:58,20.85
2867,7/30/2021 20:08,20.93
2868,7/30/2021 20:18,20.89
2869,7/30/2021 20:28,21.02
2870,7/30/2021 20:38,21.15
2871,7/30/2021 20:48,21.02
2872,7/30/2021 20:58,20.89
2873,7/30/2021 21:08,20.68
2874,7/30/2021 21:18,20.42
2875,7/30/2021 21:28,20.25
2876,7/30/2021 21:38,20.07
2877,7/30/2021 21:48,19.95
2878,7/30/2021 21:58,19.6
2879,7/30/2021 22:08,18.66
2880,7/30/2021 22:18,15.61
2881,7/30/2021 22:28,15.01
2882,7/30/2021 22:38,14.71
2883,7/30/2021 22:48,14.88
2884,7/30/2021 22:58,14.71
2885,7/30/2021 23:08,14.71
2886,7/30/2021 23:18,14.63
2887,7/30/2021 23:28,14.5
2888,7/30/2021 23:38,14.63
2889,7/30/2021 23:48,14.67
2890,7/30/2021 23:58,14.54
2891,7/31/2021 0:08,14.45
2892,7/31/2021 0:18,14.54
2893,7/31/2021 0:28,14.54
2894,7/31/2021 0:38,14.71
2895,7/31/2021 0:48,14.67
2896,7/31/2021 0:58,14.63
2897,7/31/2021 1:08,14.71
2898,7/31/2021 1:18,14.71
2899,7/31/2021 1:28,14.71
2900,7/31/2021 1:38,14.71
2901,7/31/2021 1:48,14.71
2902,7/31/2021 1:58,14.8
2903,7/31/2021 2:08,14.88
2904,7/31/2021 2:18,14.93
2905,7/31/2021 2:28,14.97
2906,7/31/2021 2:38,14.8
2907,7/31/2021 2:48,14.8
2908,7/31/2021 2:58,14.93
2909,7/31/2021 3:08,14.97
2910,7/31/2021 3:18,14.93
2911,7/31/2021 3:28,15.06
2912,7/31/2021 3:38,15.14
2913,7/31/2021 3:48,16.08
2914,7/31/2021 3:58,18.1
2915,7/31/2021 4:08,18.7
2916,7/31/2021 4:18,18.66
2917,7/31/2021 4:28,18.62
2918,7/31/2021 4:38,18.62
2919,7/31/2021 4:48,18.83
2920,7/31/2021 4:58,18.79
2921,7/31/2021 5:08,18.79
2922,7/31/2021 5:18,18.79
2923,7/31/2021 5:28,18.83
2924,7/31/2021 5:38,18.83
2925,7/31/2021 5:48,18.7
2926,7/31/2021 5:58,18.57
2927,7/31/2021 6:08,18.57
2928,7/31/2021 6:18,18.53
2929,7/31/2021 6:28,18.27
2930,7/31/2021 6:38,18.27
2931,7/31/2021 6:48,18.27
2932,7/31/2021 6:58,18.32
2933,7/31/2021 7:08,18.14
2934,7/31/2021 7:18,17.93
2935,7/31/2021 7:28,17.8
2936,7/31/2021 7:38,17.89
2937,7/31/2021 7:48,17.97
2938,7/31/2021 7:58,18.02
2939,7/31/2021 8:08,17.93
2940,7/31/2021 8:18,17.97
2941,7/31/2021 8:28,18.14
2942,7/31/2021 8:38,18.19
2943,7/31/2021 8:48,19.65
2944,7/31/2021 8:58,21.96
2945,7/31/2021 9:08,21.83
2946,7/31/2021 9:18,23.16
2947,7/31/2021 9:28,24.41
2948,7/31/2021 9:38,22.09
2949,7/31/2021 9:48,23.38
2950,7/31/2021 9:58,23.55
2951,7/31/2021 10:08,25.39
2952,7/31/2021 10:18,26.25
2953,7/31/2021 10:28,26.77
2954,7/31/2021 10:38,27.37
2955,7/31/2021 10:48,25.95
2956,7/31/2021 10:58,26.68
2957,7/31/2021 11:08,27.32
2958,7/31/2021 11:18,27.45
2959,7/31/2021 11:28,27.71
2960,7/31/2021 11:38,27.75
2961,7/31/2021 11:48,28.14
2962,7/31/2021 11:58,28.05
2963,7/31/2021 12:08,28.44
2964,7/31/2021 12:18,27.41
2965,7/31/2021 12:28,28.18
2966,7/31/2021 12:38,27.58
2967,7/31/2021 12:48,27.58
2968,7/31/2021 12:58,27.02
2969,7/31/2021 13:08,26.21
2970,7/31/2021 13:18,25.95
2971,7/31/2021 13:28,25.87
2972,7/31/2021 13:38,25.61
2973,7/31/2021 13:48,25.18
2974,7/31/2021 13:58,25.57
2975,7/31/2021 14:08,27.24
2976,7/31/2021 14:18,25.52
2977,7/31/2021 14:28,24.88
2978,7/31/2021 14:38,24.32
2979,7/31/2021 14:48,24.32
2980,7/31/2021 14:58,23.94
2981,7/31/2021 15:08,23.25
2982,7/31/2021 15:18,22.78
2983,7/31/2021 15:28,22.35
2984,7/31/2021 15:38,21.79
2985,7/31/2021 15:48,21.28
2986,7/31/2021 15:58,20.89
2987,7/31/2021 16:08,20.63
2988,7/31/2021 16:18,20.37
2989,7/31/2021 16:28,20.12
2990,7/31/2021 16:38,19.99
2991,7/31/2021 16:48,19.9
2992,7/31/2021 16:58,19.9
2993,7/31/2021 17:08,19.95
2994,7/31/2021 17:18,19.95
2995,7/31/2021 17:28,20.03
2996,7/31/2021 17:38,20.12
2997,7/31/2021 17:48,20.2
2998,7/31/2021 17:58,20.29
2999,7/31/2021 18:08,20.29
3000,7/31/2021 18:18,20.16
3001,7/31/2021 18:28,20.12
3002,7/31/2021 18:38,20.07
3003,7/31/2021 18:48,20.07
3004,7/31/2021 18:58,20.07
3005,7/31/2021 19:08,20.12
3006,7/31/2021 19:18,20.03
3007,7/31/2021 19:28,19.9
3008,7/31/2021 19:38,19.82
3009,7/31/2021 19:48,19.77
3010,7/31/2021 19:58,19.86
3011,7/31/2021 20:08,20.03
3012,7/31/2021 20:18,20.12
3013,7/31/2021 20:28,20.42
3014,7/31/2021 20:38,20.55
3015,7/31/2021 20:48,20.59
3016,7/31/2021 20:58,20.63
3017,7/31/2021 21:08,20.68
3018,7/31/2021 21:18,20.76
3019,7/31/2021 21:28,20.8
3020,7/31/2021 21:38,20.72
3021,7/31/2021 21:48,20.55
3022,7/31/2021 21:58,20.42
3023,7/31/2021 22:08,20.07
3024,7/31/2021 22:18,19.82
3025,7/31/2021 22:28,19.73
3026,7/31/2021 22:38,19.52
3027,7/31/2021 22:48,17.11
3028,7/31/2021 22:58,15.66
3029,7/31/2021 23:08,15.48
3030,7/31/2021 23:18,15.7
3031,7/31/2021 23:28,15.36
3032,7/31/2021 23:38,15.44
3033,7/31/2021 23:48,15.4
3034,7/31/2021 23:58,15.27
3035,8/1/2021 0:08,15.36
3036,8/1/2021 0:18,15.18
3037,8/1/2021 0:28,15.01
3038,8/1/2021 0:38,14.88
3039,8/1/2021 0:48,14.88
3040,8/1/2021 0:58,15.06
3041,8/1/2021 1:08,15.06
3042,8/1/2021 1:18,14.93
3043,8/1/2021 1:28,14.93
3044,8/1/2021 1:38,14.67
3045,8/1/2021 1:48,14.71
3046,8/1/2021 1:58,14.75
3047,8/1/2021 2:08,14.8
3048,8/1/2021 2:18,14.67
3049,8/1/2021 2:28,14.75
3050,8/1/2021 2:38,14.8
3051,8/1/2021 2:48,14.75
3052,8/1/2021 2:58,14.58
3053,8/1/2021 3:08,14.67
3054,8/1/2021 3:18,14.58
3055,8/1/2021 3:28,14.5
3056,8/1/2021 3:38,14.71
3057,8/1/2021 3:48,14.75
3058,8/1/2021 3:58,14.75
3059,8/1/2021 4:08,14.5
3060,8/1/2021 4:18,14.54
3061,8/1/2021 4:28,14.37
3062,8/1/2021 4:38,14.41
3063,8/1/2021 4:48,14.63
3064,8/1/2021 4:58,14.54
3065,8/1/2021 5:08,14.45
3066,8/1/2021 5:18,14.58
3067,8/1/2021 5:28,14.63
3068,8/1/2021 5:38,14.54
3069,8/1/2021 5:48,14.8
3070,8/1/2021 5:58,17.29
3071,8/1/2021 6:08,17.84
3072,8/1/2021 6:18,18.1
3073,8/1/2021 6:28,18.27
3074,8/1/2021 6:38,18.23
3075,8/1/2021 6:48,18.36
3076,8/1/2021 6:58,18.57
3077,8/1/2021 7:08,18.49
3078,8/1/2021 7:18,18.57
3079,8/1/2021 7:28,18.53
3080,8/1/2021 7:38,18.49
3081,8/1/2021 7:48,18.44
3082,8/1/2021 7:58,18.4
3083,8/1/2021 8:08,18.4
3084,8/1/2021 8:18,18.23
3085,8/1/2021 8:28,18.32
3086,8/1/2021 8:38,18.32
3087,8/1/2021 8:48,18.32
3088,8/1/2021 8:58,18.27
3089,8/1/2021 9:08,18.32
3090,8/1/2021 9:18,18.36
3091,8/1/2021 9:28,18.36
3092,8/1/2021 9:38,18.4
3093,8/1/2021 9:48,18.44
3094,8/1/2021 9:58,18.44
3095,8/1/2021 10:08,18.53
3096,8/1/2021 10:18,18.1
3097,8/1/2021 10:28,18.4
3098,8/1/2021 10:38,19.65
3099,8/1/2021 10:48,20.63
3100,8/1/2021 10:58,21.36
3101,8/1/2021 11:08,21.36
3102,8/1/2021 11:18,21.92
3103,8/1/2021 11:28,22.78
3104,8/1/2021 11:38,23.42
3105,8/1/2021 11:48,25.65
3106,8/1/2021 11:58,26.9
3107,8/1/2021 12:08,27.32
3108,8/1/2021 12:18,26.08
3109,8/1/2021 12:28,25.78
3110,8/1/2021 12:38,25.87
3111,8/1/2021 12:48,25.27
3112,8/1/2021 12:58,25.52
3113,8/1/2021 13:08,24.88
3114,8/1/2021 13:18,24.75
3115,8/1/2021 13:28,24.84
3116,8/1/2021 13:38,24.84
3117,8/1/2021 13:48,25.01
3118,8/1/2021 13:58,25.57
3119,8/1/2021 14:08,27.54
3120,8/1/2021 14:18,26.38
3121,8/1/2021 14:28,26.21
3122,8/1/2021 14:38,25.57
3123,8/1/2021 14:48,25.18
3124,8/1/2021 14:58,24.88
3125,8/1/2021 15:08,24.32
3126,8/1/2021 15:18,23.89
3127,8/1/2021 15:28,23.38
3128,8/1/2021 15:38,23.25
3129,8/1/2021 15:48,22.91
3130,8/1/2021 15:58,22.69
3131,8/1/2021 16:08,22.56
3132,8/1/2021 16:18,22.31
3133,8/1/2021 16:28,21.7
3134,8/1/2021 16:38,21.62
3135,8/1/2021 16:48,21.58
3136,8/1/2021 16:58,21.36
3137,8/1/2021 17:08,21.36
3138,8/1/2021 17:18,21.4
3139,8/1/2021 17:28,21.28
3140,8/1/2021 17:38,21.06
3141,8/1/2021 17:48,21.15
3142,8/1/2021 17:58,21.23
3143,8/1/2021 18:08,21.32
3144,8/1/2021 18:18,21.32
3145,8/1/2021 18:28,20.89
3146,8/1/2021 18:38,20.85
3147,8/1/2021 18:48,20.89
3148,8/1/2021 18:58,20.72
3149,8/1/2021 19:08,20.59
3150,8/1/2021 19:18,20.68
3151,8/1/2021 19:28,20.59
3152,8/1/2021 19:38,20.55
3153,8/1/2021 19:48,20.68
3154,8/1/2021 19:58,20.8
3155,8/1/2021 20:08,20.59
3156,8/1/2021 20:18,20.55
3157,8/1/2021 20:28,20.68
3158,8/1/2021 20:38,20.68
3159,8/1/2021 20:48,20.8
3160,8/1/2021 20:58,20.89
3161,8/1/2021 21:08,21.19
3162,8/1/2021 21:18,21.15
3163,8/1/2021 21:28,21.19
3164,8/1/2021 21:38,21.28
3165,8/1/2021 21:48,21.49
3166,8/1/2021 21:58,21.62
3167,8/1/2021 22:08,21.58
3168,8/1/2021 22:18,21.4
3169,8/1/2021 22:28,21.36
3170,8/1/2021 22:38,21.19
3171,8/1/2021 22:48,20.93
3172,8/1/2021 22:58,20.8
3173,8/1/2021 23:08,20.72
3174,8/1/2021 23:18,20.55
3175,8/1/2021 23:28,18.1
3176,8/1/2021 23:38,16
3177,8/1/2021 23:48,15.7
3178,8/1/2021 23:58,15.66
3179,8/2/2021 0:08,15.61
3180,8/2/2021 0:18,15.44
3181,8/2/2021 0:28,15.61
3182,8/2/2021 0:38,15.48
3183,8/2/2021 0:48,15.48
3184,8/2/2021 0:58,15.44
3185,8/2/2021 1:08,15.4
3186,8/2/2021 1:18,15.66
3187,8/2/2021 1:28,15.57
3188,8/2/2021 1:38,15.57
3189,8/2/2021 1:48,15.61
3190,8/2/2021 1:58,15.61
3191,8/2/2021 2:08,15.66
3192,8/2/2021 2:18,15.78
3193,8/2/2021 2:28,15.61
3194,8/2/2021 2:38,15.74
3195,8/2/2021 2:48,15.7
3196,8/2/2021 2:58,15.7
3197,8/2/2021 3:08,15.7
3198,8/2/2021 3:18,15.57
3199,8/2/2021 3:28,15.48
3200,8/2/2021 3:38,15.61
3201,8/2/2021 3:48,15.44
3202,8/2/2021 3:58,15.4
3203,8/2/2021 4:08,15.61
3204,8/2/2021 4:18,15.44
3205,8/2/2021 4:28,15.23
3206,8/2/2021 4:38,15.27
3207,8/2/2021 4:48,15.18
3208,8/2/2021 4:58,15.23
3209,8/2/2021 5:08,15.23
3210,8/2/2021 5:18,15.44
3211,8/2/2021 5:28,15.23
3212,8/2/2021 5:38,15.27
3213,8/2/2021 5:48,15.27
3214,8/2/2021 5:58,15.14
3215,8/2/2021 6:08,15.23
3216,8/2/2021 6:18,15.23
3217,8/2/2021 6:28,15.36
3218,8/2/2021 6:38,15.36
3219,8/2/2021 6:48,15.4
3220,8/2/2021 6:58,15.44
3221,8/2/2021 7:08,15.78
3222,8/2/2021 7:18,16.3
3223,8/2/2021 7:28,17.46
3224,8/2/2021 7:38,18.14
3225,8/2/2021 7:48,18.62
3226,8/2/2021 7:58,19
3227,8/2/2021 8:08,19.17
3228,8/2/2021 8:18,19.26
3229,8/2/2021 8:28,19.22
3230,8/2/2021 8:38,19.35
3231,8/2/2021 8:48,19.3
3232,8/2/2021 8:58,19.3
3233,8/2/2021 9:08,19.39
3234,8/2/2021 9:18,19.43
3235,8/2/2021 9:28,19.47
3236,8/2/2021 9:38,19.47
3237,8/2/2021 9:48,19.6
3238,8/2/2021 9:58,19.6
3239,8/2/2021 10:08,19.95
3240,8/2/2021 10:18,20.25
3241,8/2/2021 10:28,21.19
3242,8/2/2021 10:38,21.7
3243,8/2/2021 10:48,22.13
3244,8/2/2021 10:58,22.18
3245,8/2/2021 11:08,22.18
3246,8/2/2021 11:18,22.99
3247,8/2/2021 11:28,22.65
3248,8/2/2021 11:38,23.81
3249,8/2/2021 11:48,25.35
3250,8/2/2021 11:58,26.04
3251,8/2/2021 12:08,26.98
3252,8/2/2021 12:18,26.08
3253,8/2/2021 12:28,25.78
3254,8/2/2021 12:38,26.55
3255,8/2/2021 12:48,25.01
3256,8/2/2021 12:58,23.46
3257,8/2/2021 13:08,21.7
3258,8/2/2021 13:18,23.98
3259,8/2/2021 13:28,21.83
3260,8/2/2021 13:38,21.96
3261,8/2/2021 13:48,23.42
3262,8/2/2021 13:58,26.64
3263,8/2/2021 14:08,26.98
3264,8/2/2021 14:18,25.87
3265,8/2/2021 14:28,26.51
3266,8/2/2021 14:38,25.78
3267,8/2/2021 14:48,25.14
3268,8/2/2021 14:58,24.54
3269,8/2/2021 15:08,24.79
3270,8/2/2021 15:18,24.45
3271,8/2/2021 15:28,24.28
3272,8/2/2021 15:38,23.64
3273,8/2/2021 15:48,23.21
3274,8/2/2021 15:58,23.08
3275,8/2/2021 16:08,22.73
3276,8/2/2021 16:18,22.43
3277,8/2/2021 16:28,22.26
3278,8/2/2021 16:38,22.01
3279,8/2/2021 16:48,21.83
3280,8/2/2021 16:58,21.49
3281,8/2/2021 17:08,21.36
3282,8/2/2021 17:18,21.28
3283,8/2/2021 17:28,21.06
3284,8/2/2021 17:38,21.19
3285,8/2/2021 17:48,21.06
3286,8/2/2021 17:58,21.19
3287,8/2/2021 18:08,21.15
3288,8/2/2021 18:18,21.06
3289,8/2/2021 18:28,21.1
3290,8/2/2021 18:38,21.02
3291,8/2/2021 18:48,20.76
3292,8/2/2021 18:58,20.85
3293,8/2/2021 19:08,20.76
3294,8/2/2021 19:18,20.68
3295,8/2/2021 19:28,20.59
3296,8/2/2021 19:38,19.99
3297,8/2/2021 19:48,19.65
3298,8/2/2021 19:58,19.73
3299,8/2/2021 20:08,19.86
3300,8/2/2021 20:18,19.69
3301,8/2/2021 20:28,19.69
3302,8/2/2021 20:38,19.77
3303,8/2/2021 20:48,20.12
3304,8/2/2021 20:58,19.86
3305,8/2/2021 21:08,20.16
3306,8/2/2021 21:18,20.33
3307,8/2/2021 21:28,20.25
3308,8/2/2021 21:38,19.9
3309,8/2/2021 21:48,19.77
3310,8/2/2021 21:58,19.86
3311,8/2/2021 22:08,19.82
3312,8/2/2021 22:18,19.82
3313,8/2/2021 22:28,19.69
3314,8/2/2021 22:38,19.69
3315,8/2/2021 22:48,19.6
3316,8/2/2021 22:58,19.43
3317,8/2/2021 23:08,19.3
3318,8/2/2021 23:18,19.17
3319,8/2/2021 23:28,19.09
3320,8/2/2021 23:38,18.96
3321,8/2/2021 23:48,18.87
3322,8/2/2021 23:58,18.74
3323,8/3/2021 0:08,18.23
3324,8/3/2021 0:18,15.06
3325,8/3/2021 0:28,14.03
3326,8/3/2021 0:38,13.81
3327,8/3/2021 0:48,13.64
3328,8/3/2021 0:58,13.47
3329,8/3/2021 1:08,13.55
3330,8/3/2021 1:18,13.51
3331,8/3/2021 1:28,13.38
3332,8/3/2021 1:38,13.3
3333,8/3/2021 1:48,13.25
3334,8/3/2021 1:58,13.25
3335,8/3/2021 2:08,13.3
3336,8/3/2021 2:18,13.12
3337,8/3/2021 2:28,13.12
3338,8/3/2021 2:38,13.12
3339,8/3/2021 2:48,13.17
3340,8/3/2021 2:58,13.12
3341,8/3/2021 3:08,13.12
3342,8/3/2021 3:18,13.17
3343,8/3/2021 3:28,13
3344,8/3/2021 3:38,13.17
3345,8/3/2021 3:48,13.12
3346,8/3/2021 3:58,13.17
3347,8/3/2021 4:08,13.12
3348,8/3/2021 4:18,13
3349,8/3/2021 4:28,13.04
3350,8/3/2021 4:38,13.04
3351,8/3/2021 4:48,13
3352,8/3/2021 4:58,12.87
3353,8/3/2021 5:08,12.91
3354,8/3/2021 5:18,12.95
3355,8/3/2021 5:28,13
3356,8/3/2021 5:38,12.91
3357,8/3/2021 5:48,12.87
3358,8/3/2021 5:58,12.87
3359,8/3/2021 6:08,12.87
3360,8/3/2021 6:18,12.91
3361,8/3/2021 6:28,13
3362,8/3/2021 6:38,12.82
3363,8/3/2021 6:48,13.08
3364,8/3/2021 6:58,12.91
3365,8/3/2021 7:08,13
3366,8/3/2021 7:18,13.3
3367,8/3/2021 7:28,13.25
3368,8/3/2021 7:38,13.38
3369,8/3/2021 7:48,13.47
3370,8/3/2021 7:58,13.47
3371,8/3/2021 8:08,13.73
3372,8/3/2021 8:18,14.41
3373,8/3/2021 8:28,16.43
3374,8/3/2021 8:38,17.76
3375,8/3/2021 8:48,18.23
3376,8/3/2021 8:58,18.27
3377,8/3/2021 9:08,18.49
3378,8/3/2021 9:18,18.53
3379,8/3/2021 9:28,18.66
3380,8/3/2021 9:38,18.62
3381,8/3/2021 9:48,18.74
3382,8/3/2021 9:58,18.83
3383,8/3/2021 10:08,18.87
3384,8/3/2021 10:18,18.87
3385,8/3/2021 10:28,18.92
3386,8/3/2021 10:38,18.96
3387,8/3/2021 10:48,18.87
3388,8/3/2021 10:58,19.13
3389,8/3/2021 11:08,19.17
3390,8/3/2021 11:18,19.22
3391,8/3/2021 11:28,19.26
3392,8/3/2021 11:38,19.39
3393,8/3/2021 11:48,19.52
3394,8/3/2021 11:58,19.69
3395,8/3/2021 12:08,20.07
3396,8/3/2021 12:18,20.29
3397,8/3/2021 12:28,20.37
3398,8/3/2021 12:38,20.72
3399,8/3/2021 12:48,21.23
3400,8/3/2021 12:58,21.36
3401,8/3/2021 13:08,21.53
3402,8/3/2021 13:18,21.75
3403,8/3/2021 13:28,22.22
3404,8/3/2021 13:38,22.48
3405,8/3/2021 13:48,23.08
3406,8/3/2021 13:58,23.85
3407,8/3/2021 14:08,23.38
3408,8/3/2021 14:18,23.64
3409,8/3/2021 14:28,23.64
3410,8/3/2021 14:38,23.85
3411,8/3/2021 14:48,24.28
3412,8/3/2021 14:58,24.11
3413,8/3/2021 15:08,23.98
3414,8/3/2021 15:18,23.46
3415,8/3/2021 15:28,23.03
3416,8/3/2021 15:38,23.16
3417,8/3/2021 15:48,22.82
3418,8/3/2021 15:58,22.48
3419,8/3/2021 16:08,22.35
3420,8/3/2021 16:18,22.05
3421,8/3/2021 16:28,21.79
3422,8/3/2021 16:38,21.53
3423,8/3/2021 16:48,21.23
3424,8/3/2021 16:58,21.06
3425,8/3/2021 17:08,20.76
3426,8/3/2021 17:18,20.55
3427,8/3/2021 17:28,20.33
3428,8/3/2021 17:38,20.12
3429,8/3/2021 17:48,19.9
3430,8/3/2021 17:58,19.69
3431,8/3/2021 18:08,19.6
3432,8/3/2021 18:18,19.52
3433,8/3/2021 18:28,19.43
3434,8/3/2021 18:38,19.39
3435,8/3/2021 18:48,19.47
3436,8/3/2021 18:58,19.56
3437,8/3/2021 19:08,19.65
3438,8/3/2021 19:18,19.69
3439,8/3/2021 19:28,19.56
3440,8/3/2021 19:38,19.52
3441,8/3/2021 19:48,19.65
3442,8/3/2021 19:58,19.77
3443,8/3/2021 20:08,19.52
3444,8/3/2021 20:18,19.22
3445,8/3/2021 20:28,19
3446,8/3/2021 20:38,19
3447,8/3/2021 20:48,19.05
3448,8/3/2021 20:58,19.09
3449,8/3/2021 21:08,19.09
3450,8/3/2021 21:18,18.96
3451,8/3/2021 21:28,18.96
3452,8/3/2021 21:38,19.05
3453,8/3/2021 21:48,19.05
3454,8/3/2021 21:58,19.13
3455,8/3/2021 22:08,19
3456,8/3/2021 22:18,18.96
3457,8/3/2021 22:28,18.96
3458,8/3/2021 22:38,18.79
3459,8/3/2021 22:48,18.74
3460,8/3/2021 22:58,18.7
3461,8/3/2021 23:08,18.62
3462,8/3/2021 23:18,18.53
3463,8/3/2021 23:28,18.44
3464,8/3/2021 23:38,18.44
3465,8/3/2021 23:48,18.32
3466,8/3/2021 23:58,18.23
3467,8/4/2021 0:08,18.19
3468,8/4/2021 0:18,18.1
3469,8/4/2021 0:28,18.02
3470,8/4/2021 0:38,17.93
3471,8/4/2021 0:48,17.89
3472,8/4/2021 0:58,15.23
3473,8/4/2021 1:08,13.64
3474,8/4/2021 1:18,13.43
3475,8/4/2021 1:28,13.17
3476,8/4/2021 1:38,13.3
3477,8/4/2021 1:48,13.04
3478,8/4/2021 1:58,13.08
3479,8/4/2021 2:08,13
3480,8/4/2021 2:18,13.04
3481,8/4/2021 2:28,12.91
3482,8/4/2021 2:38,13.08
3483,8/4/2021 2:48,13.3
3484,8/4/2021 2:58,13.21
3485,8/4/2021 3:08,13.21
3486,8/4/2021 3:18,13.34
3487,8/4/2021 3:28,13.51
3488,8/4/2021 3:38,13.43
3489,8/4/2021 3:48,13.38
3490,8/4/2021 3:58,13.3
3491,8/4/2021 4:08,13.21
3492,8/4/2021 4:18,13.17
3493,8/4/2021 4:28,13.12
3494,8/4/2021 4:38,12.91
3495,8/4/2021 4:48,12.95
3496,8/4/2021 4:58,13
3497,8/4/2021 5:08,12.91
3498,8/4/2021 5:18,12.95
3499,8/4/2021 5:28,12.82
3500,8/4/2021 5:38,12.74
3501,8/4/2021 5:48,12.91
3502,8/4/2021 5:58,13
3503,8/4/2021 6:08,12.91
3504,8/4/2021 6:18,12.91
3505,8/4/2021 6:28,12.78
3506,8/4/2021 6:38,12.95
3507,8/4/2021 6:48,13.04
3508,8/4/2021 6:58,13.08
3509,8/4/2021 7:08,13.08
3510,8/4/2021 7:18,13.21
3511,8/4/2021 7:28,13.21
3512,8/4/2021 7:38,13.34
3513,8/4/2021 7:48,13.38
3514,8/4/2021 7:58,13.51
3515,8/4/2021 8:08,13.77
3516,8/4/2021 8:18,13.68
3517,8/4/2021 8:28,13.55
3518,8/4/2021 8:38,13.68
3519,8/4/2021 8:48,13.9
3520,8/4/2021 8:58,14.58
3521,8/4/2021 9:08,14.97
3522,8/4/2021 9:18,16.47
3523,8/4/2021 9:28,17.54
3524,8/4/2021 9:38,17.93
3525,8/4/2021 9:48,18.06
3526,8/4/2021 9:58,18.14
3527,8/4/2021 10:08,18.19
3528,8/4/2021 10:18,18.27
3529,8/4/2021 10:28,18.32
3530,8/4/2021 10:38,18.36
3531,8/4/2021 10:48,18.49
3532,8/4/2021 10:58,18.57
3533,8/4/2021 11:08,18.83
3534,8/4/2021 11:18,18.74
3535,8/4/2021 11:28,18.83
3536,8/4/2021 11:38,18.96
3537,8/4/2021 11:48,19.17
3538,8/4/2021 11:58,19.22
3539,8/4/2021 12:08,19.43
3540,8/4/2021 12:18,19.82
3541,8/4/2021 12:28,19.99
3542,8/4/2021 12:38,19.95
3543,8/4/2021 12:48,20.16
3544,8/4/2021 12:58,20.33
3545,8/4/2021 13:08,20.55
3546,8/4/2021 13:18,20.85
3547,8/4/2021 13:28,20.93
3548,8/4/2021 13:38,21.1
3549,8/4/2021 13:48,21.23
3550,8/4/2021 13:58,21.53
3551,8/4/2021 14:08,21.75
3552,8/4/2021 14:18,22.22
3553,8/4/2021 14:28,22.35
3554,8/4/2021 14:38,22.26
3555,8/4/2021 14:48,22.65
3556,8/4/2021 14:58,22.31
3557,8/4/2021 15:08,22.52
3558,8/4/2021 15:18,22.69
3559,8/4/2021 15:28,22.09
3560,8/4/2021 15:38,21.75
3561,8/4/2021 15:48,22.01
3562,8/4/2021 15:58,22.05
3563,8/4/2021 16:08,21.79
3564,8/4/2021 16:18,21.58
3565,8/4/2021 16:28,21.49
3566,8/4/2021 16:38,21.32
3567,8/4/2021 16:48,21.1
3568,8/4/2021 16:58,20.93
3569,8/4/2021 17:08,20.85
3570,8/4/2021 17:18,20.68
3571,8/4/2021 17:28,20.42
3572,8/4/2021 17:38,20.2
3573,8/4/2021 17:48,20.07
3574,8/4/2021 17:58,19.99
3575,8/4/2021 18:08,19.69
3576,8/4/2021 18:18,19.82
3577,8/4/2021 18:28,19.47
3578,8/4/2021 18:38,19.3
3579,8/4/2021 18:48,19.26
3580,8/4/2021 18:58,19.13
3581,8/4/2021 19:08,19.17
3582,8/4/2021 19:18,19.3
3583,8/4/2021 19:28,19.17
3584,8/4/2021 19:38,19.26
3585,8/4/2021 19:48,19.43
3586,8/4/2021 19:58,19.22
3587,8/4/2021 20:08,19.35
3588,8/4/2021 20:18,19.22
3589,8/4/2021 20:28,19.09
3590,8/4/2021 20:38,18.92
3591,8/4/2021 20:48,18.7
3592,8/4/2021 20:58,18.57
3593,8/4/2021 21:08,18.62
3594,8/4/2021 21:18,18.49
3595,8/4/2021 21:28,18.53
3596,8/4/2021 21:38,18.7
3597,8/4/2021 21:48,18.62
3598,8/4/2021 21:58,18.62
3599,8/4/2021 22:08,18.66
3600,8/4/2021 22:18,18.62
3601,8/4/2021 22:28,18.44
3602,8/4/2021 22:38,18.53
3603,8/4/2021 22:48,18.66
3604,8/4/2021 22:58,18.57
3605,8/4/2021 23:08,18.7
3606,8/4/2021 23:18,18.62
3607,8/4/2021 23:28,18.62
3608,8/4/2021 23:38,18.53
3609,8/4/2021 23:48,18.57
3610,8/4/2021 23:58,18.44
3611,8/5/2021 0:08,18.36
3612,8/5/2021 0:18,18.32
3613,8/5/2021 0:28,18.19
3614,8/5/2021 0:38,18.1
3615,8/5/2021 0:48,18.06
3616,8/5/2021 0:58,17.97
3617,8/5/2021 1:08,17.89
3618,8/5/2021 1:18,17.84
3619,8/5/2021 1:28,17.54
3620,8/5/2021 1:38,14.58
3621,8/5/2021 1:48,14.03
3622,8/5/2021 1:58,13.81
3623,8/5/2021 2:08,13.77
3624,8/5/2021 2:18,13.68
3625,8/5/2021 2:28,13.77
3626,8/5/2021 2:38,13.77
3627,8/5/2021 2:48,13.81
3628,8/5/2021 2:58,13.77
3629,8/5/2021 3:08,13.6
3630,8/5/2021 3:18,13.6
3631,8/5/2021 3:28,13.6
3632,8/5/2021 3:38,13.47
3633,8/5/2021 3:48,13.47
3634,8/5/2021 3:58,13.47
3635,8/5/2021 4:08,13.43
3636,8/5/2021 4:18,13.47
3637,8/5/2021 4:28,13.55
3638,8/5/2021 4:38,13.68
3639,8/5/2021 4:48,13.47
3640,8/5/2021 4:58,13.6
3641,8/5/2021 5:08,13.55
3642,8/5/2021 5:18,13.55
3643,8/5/2021 5:28,13.51
3644,8/5/2021 5:38,13.6
3645,8/5/2021 5:48,13.6
3646,8/5/2021 5:58,13.64
3647,8/5/2021 6:08,13.55
3648,8/5/2021 6:18,13.43
3649,8/5/2021 6:28,13.3
3650,8/5/2021 6:38,13.25
3651,8/5/2021 6:48,13.3
3652,8/5/2021 6:58,13.51
3653,8/5/2021 7:08,13.68
3654,8/5/2021 7:18,13.9
3655,8/5/2021 7:28,14.11
3656,8/5/2021 7:38,14.24
3657,8/5/2021 7:48,14.37
3658,8/5/2021 7:58,14.58
3659,8/5/2021 8:08,14.71
3660,8/5/2021 8:18,15.01
3661,8/5/2021 8:28,15.44
3662,8/5/2021 8:38,15.53
3663,8/5/2021 8:48,15.53
3664,8/5/2021 8:58,15.4
3665,8/5/2021 9:08,15.7
3666,8/5/2021 9:18,16.51
3667,8/5/2021 9:28,17.16
3668,8/5/2021 9:38,16.56
3669,8/5/2021 9:48,16.39
3670,8/5/2021 9:58,18.02
3671,8/5/2021 10:08,18.44
3672,8/5/2021 10:18,18.44
3673,8/5/2021 10:28,18.53
3674,8/5/2021 10:38,18.49
3675,8/5/2021 10:48,18.44
3676,8/5/2021 10:58,18.53
3677,8/5/2021 11:08,18.57
3678,8/5/2021 11:18,18.57
3679,8/5/2021 11:28,18.57
3680,8/5/2021 11:38,18.62
3681,8/5/2021 11:48,18.57
3682,8/5/2021 11:58,18.7
3683,8/5/2021 12:08,18.7
3684,8/5/2021 12:18,18.83
3685,8/5/2021 12:28,18.96
3686,8/5/2021 12:38,19.17
3687,8/5/2021 12:48,19.3
3688,8/5/2021 12:58,19.3
3689,8/5/2021 13:08,19.65
3690,8/5/2021 13:18,19.77
3691,8/5/2021 13:28,19.9
3692,8/5/2021 13:38,20.03
3693,8/5/2021 13:48,20.16
3694,8/5/2021 13:58,20.5
3695,8/5/2021 14:08,20.46
3696,8/5/2021 14:18,20.59
3697,8/5/2021 14:28,20.76
3698,8/5/2021 14:38,20.63
3699,8/5/2021 14:48,20.8
3700,8/5/2021 14:58,21.02
3701,8/5/2021 15:08,21.1
3702,8/5/2021 15:18,21.19
3703,8/5/2021 15:28,21.15
3704,8/5/2021 15:38,21.23
3705,8/5/2021 15:48,21.23
3706,8/5/2021 15:58,21.28
3707,8/5/2021 16:08,21.28
3708,8/5/2021 16:18,21.36
3709,8/5/2021 16:28,21.23
3710,8/5/2021 16:38,21.15
3711,8/5/2021 16:48,21.1
3712,8/5/2021 16:58,21.15
3713,8/5/2021 17:08,21.19
3714,8/5/2021 17:18,21.1
3715,8/5/2021 17:28,20.89
3716,8/5/2021 17:38,20.68
3717,8/5/2021 17:48,20.5
3718,8/5/2021 17:58,20.29
3719,8/5/2021 18:08,19.95
3720,8/5/2021 18:18,19.69
3721,8/5/2021 18:28,19.56
3722,8/5/2021 18:38,19.35
3723,8/5/2021 18:48,19.13
3724,8/5/2021 18:58,19
3725,8/5/2021 19:08,19
3726,8/5/2021 19:18,19.05
3727,8/5/2021 19:28,19.13
3728,8/5/2021 19:38,19.22
3729,8/5/2021 19:48,19.22
3730,8/5/2021 19:58,19.22
3731,8/5/2021 20:08,19.17
3732,8/5/2021 20:18,19.09
3733,8/5/2021 20:28,18.87
3734,8/5/2021 20:38,18.87
3735,8/5/2021 20:48,18.79
3736,8/5/2021 20:58,18.7
3737,8/5/2021 21:08,18.7
3738,8/5/2021 21:18,18.66
3739,8/5/2021 21:28,18.53
3740,8/5/2021 21:38,18.36
3741,8/5/2021 21:48,18.14
3742,8/5/2021 21:58,18.1
3743,8/5/2021 22:08,18.02
3744,8/5/2021 22:18,18.19
3745,8/5/2021 22:28,18.32
3746,8/5/2021 22:38,18.36
3747,8/5/2021 22:48,18.49
3748,8/5/2021 22:58,18.49
3749,8/5/2021 23:08,18.36
3750,8/5/2021 23:18,18.27
3751,8/5/2021 23:28,18.23
3752,8/5/2021 23:38,18.14
3753,8/5/2021 23:48,18.14
3754,8/5/2021 23:58,17.93
3755,8/6/2021 0:08,17.84
3756,8/6/2021 0:18,17.67
3757,8/6/2021 0:28,17.5
3758,8/6/2021 0:38,17.46
3759,8/6/2021 0:48,17.29
3760,8/6/2021 0:58,17.07
3761,8/6/2021 1:08,16.99
3762,8/6/2021 1:18,16.9
3763,8/6/2021 1:28,16.81
3764,8/6/2021 1:38,16.64
3765,8/6/2021 1:48,16.56
3766,8/6/2021 1:58,16.34
3767,8/6/2021 2:08,16.17
3768,8/6/2021 2:18,14.2
3769,8/6/2021 2:28,13.55
3770,8/6/2021 2:38,13.25
3771,8/6/2021 2:48,13.3
3772,8/6/2021 2:58,13.3
3773,8/6/2021 3:08,12.18
3774,8/6/2021 3:18,11.79
3775,8/6/2021 3:28,11.97
3776,8/6/2021 3:38,12.65
3777,8/6/2021 3:48,13.43
3778,8/6/2021 3:58,13.6
3779,8/6/2021 4:08,13.51
3780,8/6/2021 4:18,13.43
3781,8/6/2021 4:28,13.21
3782,8/6/2021 4:38,13.12
3783,8/6/2021 4:48,13.38
3784,8/6/2021 4:58,13.55
3785,8/6/2021 5:08,13.51
3786,8/6/2021 5:18,13.47
3787,8/6/2021 5:28,13.51
3788,8/6/2021 5:38,13.21
3789,8/6/2021 5:48,12.91
3790,8/6/2021 5:58,13.21
3791,8/6/2021 6:08,13.12
3792,8/6/2021 6:18,13.47
3793,8/6/2021 6:28,13.47
3794,8/6/2021 6:38,13.55
3795,8/6/2021 6:48,13.77
3796,8/6/2021 6:58,13.9
3797,8/6/2021 7:08,14.24
3798,8/6/2021 7:18,15.01
3799,8/6/2021 7:28,15.66
3800,8/6/2021 7:38,16.3
3801,8/6/2021 7:48,16.99
3802,8/6/2021 7:58,17.24
3803,8/6/2021 8:08,17.63
3804,8/6/2021 8:18,18.53
3805,8/6/2021 8:28,18.96
3806,8/6/2021 8:38,19.77
3807,8/6/2021 8:48,20.76
3808,8/6/2021 8:58,20.98
3809,8/6/2021 9:08,21.58
3810,8/6/2021 9:18,22.39
3811,8/6/2021 9:28,22.95
3812,8/6/2021 9:38,23.55
3813,8/6/2021 9:48,24.41
3814,8/6/2021 9:58,24.54
3815,8/6/2021 10:08,24.66
3816,8/6/2021 10:18,24.49
3817,8/6/2021 10:28,24.84
3818,8/6/2021 10:38,25.39
3819,8/6/2021 10:48,22.09
3820,8/6/2021 10:58,21.1
3821,8/6/2021 11:08,20.85
3822,8/6/2021 11:18,20.63
3823,8/6/2021 11:28,20.16
3824,8/6/2021 11:38,20.07
3825,8/6/2021 11:48,20.07
3826,8/6/2021 11:58,20.29
3827,8/6/2021 12:08,20.16
3828,8/6/2021 12:18,19.86
3829,8/6/2021 12:28,19.77
3830,8/6/2021 12:38,19.95
3831,8/6/2021 12:48,19.86
3832,8/6/2021 12:58,20.2
3833,8/6/2021 13:08,20.33
3834,8/6/2021 13:18,20.37
3835,8/6/2021 13:28,20.76
3836,8/6/2021 13:38,20.85
3837,8/6/2021 13:48,21.58
3838,8/6/2021 13:58,22.26
3839,8/6/2021 14:08,22.22
3840,8/6/2021 14:18,22.56
3841,8/6/2021 14:28,22.69
3842,8/6/2021 14:38,22.91
3843,8/6/2021 14:48,23.08
3844,8/6/2021 14:58,23.42
3845,8/6/2021 15:08,23.76
3846,8/6/2021 15:18,23.89
3847,8/6/2021 15:28,24.28
3848,8/6/2021 15:38,24.54
3849,8/6/2021 15:48,24.58
3850,8/6/2021 15:58,24.71
3851,8/6/2021 16:08,24.97
3852,8/6/2021 16:18,25.35
3853,8/6/2021 16:28,25.14
3854,8/6/2021 16:38,24.88
3855,8/6/2021 16:48,24.88
3856,8/6/2021 16:58,24.45
3857,8/6/2021 17:08,23.55
3858,8/6/2021 17:18,22.91
3859,8/6/2021 17:28,22.78
3860,8/6/2021 17:38,22.73
3861,8/6/2021 17:48,22.31
3862,8/6/2021 17:58,21.96
3863,8/6/2021 18:08,21.79
3864,8/6/2021 18:18,21.36
3865,8/6/2021 18:28,20.98
3866,8/6/2021 18:38,20.85
3867,8/6/2021 18:48,20.59
3868,8/6/2021 18:58,20.29
3869,8/6/2021 19:08,20.07
3870,8/6/2021 19:18,19.86
3871,8/6/2021 19:28,19.56
3872,8/6/2021 19:38,19.22
3873,8/6/2021 19:48,19
3874,8/6/2021 19:58,18.83
3875,8/6/2021 20:08,18.83
3876,8/6/2021 20:18,18.96
3877,8/6/2021 20:28,18.96
3878,8/6/2021 20:38,19.13
3879,8/6/2021 20:48,19.13
3880,8/6/2021 20:58,19.17
3881,8/6/2021 21:08,19.17
3882,8/6/2021 21:18,19
3883,8/6/2021 21:28,18.92
3884,8/6/2021 21:38,18.92
3885,8/6/2021 21:48,18.83
3886,8/6/2021 21:58,18.83
3887,8/6/2021 22:08,18.66
3888,8/6/2021 22:18,18.57
3889,8/6/2021 22:28,18.23
3890,8/6/2021 22:38,17.97
3891,8/6/2021 22:48,17.59
3892,8/6/2021 22:58,17.59
3893,8/6/2021 23:08,17.63
3894,8/6/2021 23:18,17.76
3895,8/6/2021 23:28,17.8
3896,8/6/2021 23:38,17.76
3897,8/6/2021 23:48,17.97
3898,8/6/2021 23:58,18.1
3899,8/7/2021 0:08,18.14
3900,8/7/2021 0:18,18.27
3901,8/7/2021 0:28,18.53
3902,8/7/2021 0:38,18.44
3903,8/7/2021 0:48,18.44
3904,8/7/2021 0:58,18.44
3905,8/7/2021 1:08,18.4
3906,8/7/2021 1:18,18.4
3907,8/7/2021 1:28,18.19
3908,8/7/2021 1:38,18.14
3909,8/7/2021 1:48,18.14
3910,8/7/2021 1:58,18.02
3911,8/7/2021 2:08,17.97
3912,8/7/2021 2:18,17.93
3913,8/7/2021 2:28,17.8
3914,8/7/2021 2:38,17.59
3915,8/7/2021 2:48,17.41
3916,8/7/2021 2:58,16.21
3917,8/7/2021 3:08,14.71
3918,8/7/2021 3:18,14.54
3919,8/7/2021 3:28,14.33
3920,8/7/2021 3:38,14.33
3921,8/7/2021 3:48,14.11
3922,8/7/2021 3:58,14.07
3923,8/7/2021 4:08,13.94
3924,8/7/2021 4:18,13.85
3925,8/7/2021 4:28,13.73
3926,8/7/2021 4:38,13.81
3927,8/7/2021 4:48,13.77
3928,8/7/2021 4:58,13.68
3929,8/7/2021 5:08,13.55
3930,8/7/2021 5:18,13.51
3931,8/7/2021 5:28,13.55
3932,8/7/2021 5:38,13.73
3933,8/7/2021 5:48,13.68
3934,8/7/2021 5:58,13.55
3935,8/7/2021 6:08,13.47
3936,8/7/2021 6:18,13.25
3937,8/7/2021 6:28,13.47
3938,8/7/2021 6:38,13.55
3939,8/7/2021 6:48,13.64
3940,8/7/2021 6:58,13.77
3941,8/7/2021 7:08,13.85
3942,8/7/2021 7:18,13.98
3943,8/7/2021 7:28,15.36
3944,8/7/2021 7:38,16.3
3945,8/7/2021 7:48,16.21
3946,8/7/2021 7:58,17.2
3947,8/7/2021 8:08,20.12
3948,8/7/2021 8:18,21.75
3949,8/7/2021 8:28,23.16
3950,8/7/2021 8:38,24.32
3951,8/7/2021 8:48,23.94
3952,8/7/2021 8:58,23.34
3953,8/7/2021 9:08,23.34
3954,8/7/2021 9:18,22.18
3955,8/7/2021 9:28,21.4
3956,8/7/2021 9:38,19.86
3957,8/7/2021 9:48,19.77
3958,8/7/2021 9:58,19.56
3959,8/7/2021 10:08,18.7
3960,8/7/2021 10:18,20.2
3961,8/7/2021 10:28,20.98
3962,8/7/2021 10:38,22.09
3963,8/7/2021 10:48,23.98
3964,8/7/2021 10:58,25.69
3965,8/7/2021 11:08,23.12
3966,8/7/2021 11:18,22.05
3967,8/7/2021 11:28,21.83
3968,8/7/2021 11:38,21.32
3969,8/7/2021 11:48,20.93
3970,8/7/2021 11:58,20.76
3971,8/7/2021 12:08,20.46
3972,8/7/2021 12:18,20.25
3973,8/7/2021 12:28,20.16
3974,8/7/2021 12:38,20.12
3975,8/7/2021 12:48,19.99
3976,8/7/2021 12:58,19.9
3977,8/7/2021 13:08,20.03
3978,8/7/2021 13:18,20.12
3979,8/7/2021 13:28,20.07
3980,8/7/2021 13:38,20.2
3981,8/7/2021 13:48,20.25
3982,8/7/2021 13:58,21.06
3983,8/7/2021 14:08,21.49
3984,8/7/2021 14:18,21.7
3985,8/7/2021 14:28,21.96
3986,8/7/2021 14:38,22.31
3987,8/7/2021 14:48,22.61
3988,8/7/2021 14:58,23.12
3989,8/7/2021 15:08,23.34
3990,8/7/2021 15:18,23.68
3991,8/7/2021 15:28,23.76
3992,8/7/2021 15:38,24.11
3993,8/7/2021 15:48,24.11
3994,8/7/2021 15:58,23.94
3995,8/7/2021 16:08,23.85
3996,8/7/2021 16:18,24.02
3997,8/7/2021 16:28,24.41
3998,8/7/2021 16:38,24.66
3999,8/7/2021 16:48,24.66
4000,8/7/2021 16:58,24.62
4001,8/7/2021 17:08,24.41
4002,8/7/2021 17:18,24.15
4003,8/7/2021 17:28,23.34
4004,8/7/2021 17:38,22.48
4005,8/7/2021 17:48,22.91
4006,8/7/2021 17:58,22.91
4007,8/7/2021 18:08,22.39
4008,8/7/2021 18:18,22.01
4009,8/7/2021 18:28,21.75
4010,8/7/2021 18:38,21.58
4011,8/7/2021 18:48,21.53
4012,8/7/2021 18:58,21.4
4013,8/7/2021 19:08,21.28
4014,8/7/2021 19:18,21.06
4015,8/7/2021 19:28,20.8
4016,8/7/2021 19:38,20.63
4017,8/7/2021 19:48,20.33
4018,8/7/2021 19:58,20.07
4019,8/7/2021 20:08,19.82
4020,8/7/2021 20:18,19.56
4021,8/7/2021 20:28,19.26
4022,8/7/2021 20:38,18.96
4023,8/7/2021 20:48,18.7
4024,8/7/2021 20:58,18.49
4025,8/7/2021 21:08,18.53
4026,8/7/2021 21:18,18.7
4027,8/7/2021 21:28,18.87
4028,8/7/2021 21:38,19.09
4029,8/7/2021 21:48,19.22
4030,8/7/2021 21:58,18.87
4031,8/7/2021 22:08,18.57
4032,8/7/2021 22:18,18.57
4033,8/7/2021 22:28,18.32
4034,8/7/2021 22:38,18.06
4035,8/7/2021 22:48,17.93
4036,8/7/2021 22:58,18.02
4037,8/7/2021 23:08,18.06
4038,8/7/2021 23:18,18.14
4039,8/7/2021 23:28,18.06
4040,8/7/2021 23:38,17.97
4041,8/7/2021 23:48,18.02
4042,8/7/2021 23:58,18.02
4043,8/8/2021 0:08,18.02
4044,8/8/2021 0:18,17.93
4045,8/8/2021 0:28,17.97
4046,8/8/2021 0:38,17.93
4047,8/8/2021 0:48,17.97
4048,8/8/2021 0:58,18.19
4049,8/8/2021 1:08,18.27
4050,8/8/2021 1:18,18.36
4051,8/8/2021 1:28,18.23
4052,8/8/2021 1:38,18.14
4053,8/8/2021 1:48,18.1
4054,8/8/2021 1:58,18.14
4055,8/8/2021 2:08,18.14
4056,8/8/2021 2:18,18.02
4057,8/8/2021 2:28,18.1
4058,8/8/2021 2:38,18.06
4059,8/8/2021 2:48,18.06
4060,8/8/2021 2:58,17.93
4061,8/8/2021 3:08,17.76
4062,8/8/2021 3:18,17.76
4063,8/8/2021 3:28,17.63
4064,8/8/2021 3:38,17.37
4065,8/8/2021 3:48,14.84
4066,8/8/2021 3:58,14.28
4067,8/8/2021 4:08,14.33
4068,8/8/2021 4:18,14.33
4069,8/8/2021 4:28,14.2
4070,8/8/2021 4:38,14.15
4071,8/8/2021 4:48,14.24
4072,8/8/2021 4:58,14.28
4073,8/8/2021 5:08,14.24
4074,8/8/2021 5:18,14.41
4075,8/8/2021 5:28,14.37
4076,8/8/2021 5:38,14.15
4077,8/8/2021 5:48,14.28
4078,8/8/2021 5:58,14.15
4079,8/8/2021 6:08,14.15
4080,8/8/2021 6:18,14.24
4081,8/8/2021 6:28,14.28
4082,8/8/2021 6:38,14.33
4083,8/8/2021 6:48,14.41
4084,8/8/2021 6:58,14.5
4085,8/8/2021 7:08,14.58
4086,8/8/2021 7:18,14.63
4087,8/8/2021 7:28,14.54
4088,8/8/2021 7:38,14.63
4089,8/8/2021 7:48,14.84
4090,8/8/2021 7:58,14.8
4091,8/8/2021 8:08,14.93
4092,8/8/2021 8:18,15.01
4093,8/8/2021 8:28,15.06
4094,8/8/2021 8:38,15.31
4095,8/8/2021 8:48,15.4
4096,8/8/2021 8:58,15.7
4097,8/8/2021 9:08,16.08
4098,8/8/2021 9:18,16.13
4099,8/8/2021 9:28,16.56
4100,8/8/2021 9:38,17.46
4101,8/8/2021 9:48,17.97
4102,8/8/2021 9:58,19
4103,8/8/2021 10:08,19.6
4104,8/8/2021 10:18,19.47
4105,8/8/2021 10:28,20.46
4106,8/8/2021 10:38,21.58
4107,8/8/2021 10:48,24.24
4108,8/8/2021 10:58,27.75
4109,8/8/2021 11:08,28.95
4110,8/8/2021 11:18,26.12
4111,8/8/2021 11:28,22.95
4112,8/8/2021 11:38,21.92
4113,8/8/2021 11:48,21.15
4114,8/8/2021 11:58,20.63
4115,8/8/2021 12:08,20.29
4116,8/8/2021 12:18,20.12
4117,8/8/2021 12:28,19.95
4118,8/8/2021 12:38,19.86
4119,8/8/2021 12:48,19.82
4120,8/8/2021 12:58,19.56
4121,8/8/2021 13:08,19.52
4122,8/8/2021 13:18,19.43
4123,8/8/2021 13:28,19.6
4124,8/8/2021 13:38,19.52
4125,8/8/2021 13:48,19.56
4126,8/8/2021 13:58,19.69
4127,8/8/2021 14:08,19.9
4128,8/8/2021 14:18,20.25
4129,8/8/2021 14:28,20.42
4130,8/8/2021 14:38,20.68
4131,8/8/2021 14:48,21.23
4132,8/8/2021 14:58,21.19
4133,8/8/2021 15:08,21.62
4134,8/8/2021 15:18,22.05
4135,8/8/2021 15:28,22.35
4136,8/8/2021 15:38,22.69
4137,8/8/2021 15:48,23.03
4138,8/8/2021 15:58,23.51
4139,8/8/2021 16:08,23.89
4140,8/8/2021 16:18,23.98
4141,8/8/2021 16:28,23.85
4142,8/8/2021 16:38,23.68
4143,8/8/2021 16:48,23.64
4144,8/8/2021 16:58,23.55
4145,8/8/2021 17:08,23.46
4146,8/8/2021 17:18,23.46
4147,8/8/2021 17:28,23.42
4148,8/8/2021 17:38,21.7
4149,8/8/2021 17:48,20.63
4150,8/8/2021 17:58,19.13
4151,8/8/2021 18:08,18.19
4152,8/8/2021 18:18,17.67
4153,8/8/2021 18:28,18.57
4154,8/8/2021 18:38,20.25
4155,8/8/2021 18:48,20.76
4156,8/8/2021 18:58,22.13
4157,8/8/2021 19:08,22.26
4158,8/8/2021 19:18,22.01
4159,8/8/2021 19:28,21.7
4160,8/8/2021 19:38,21.53
4161,8/8/2021 19:48,21.28
4162,8/8/2021 19:58,21.19
4163,8/8/2021 20:08,20.89
4164,8/8/2021 20:18,20.59
4165,8/8/2021 20:28,20.33
4166,8/8/2021 20:38,20.12
4167,8/8/2021 20:48,19.99
4168,8/8/2021 20:58,19.65
4169,8/8/2021 21:08,19.3
4170,8/8/2021 21:18,19
4171,8/8/2021 21:28,18.74
4172,8/8/2021 21:38,18.66
4173,8/8/2021 21:48,18.66
4174,8/8/2021 21:58,18.74
4175,8/8/2021 22:08,18.83
4176,8/8/2021 22:18,18.83
4177,8/8/2021 22:28,18.79
4178,8/8/2021 22:38,18.62
4179,8/8/2021 22:48,18.49
4180,8/8/2021 22:58,18.36
4181,8/8/2021 23:08,18.36
4182,8/8/2021 23:18,18.32
4183,8/8/2021 23:28,18.32
4184,8/8/2021 23:38,18.23
4185,8/8/2021 23:48,18.06
4186,8/8/2021 23:58,17.97
4187,8/9/2021 0:08,17.76
4188,8/9/2021 0:18,17.89
4189,8/9/2021 0:28,17.97
4190,8/9/2021 0:38,18.1
4191,8/9/2021 0:48,18.1
4192,8/9/2021 0:58,18.1
4193,8/9/2021 1:08,18.06
4194,8/9/2021 1:18,18.1
4195,8/9/2021 1:28,18.14
4196,8/9/2021 1:38,18.06
4197,8/9/2021 1:48,18.06
4198,8/9/2021 1:58,18.06
4199,8/9/2021 2:08,18.02
4200,8/9/2021 2:18,17.93
4201,8/9/2021 2:28,17.93
4202,8/9/2021 2:38,17.89
4203,8/9/2021 2:48,17.72
4204,8/9/2021 2:58,17.72
4205,8/9/2021 3:08,17.63
4206,8/9/2021 3:18,17.54
4207,8/9/2021 3:28,17.46
4208,8/9/2021 3:38,17.41
4209,8/9/2021 3:48,17.46
4210,8/9/2021 3:58,17.37
4211,8/9/2021 4:08,17.16
4212,8/9/2021 4:18,17.07
4213,8/9/2021 4:28,14.97
4214,8/9/2021 4:38,14.28
4215,8/9/2021 4:48,14.33
4216,8/9/2021 4:58,14.28
4217,8/9/2021 5:08,14.37
4218,8/9/2021 5:18,14.41
4219,8/9/2021 5:28,14.15
4220,8/9/2021 5:38,14.28
4221,8/9/2021 5:48,14.2
4222,8/9/2021 5:58,14.11
4223,8/9/2021 6:08,14.11
4224,8/9/2021 6:18,14.03
4225,8/9/2021 6:28,14.15
4226,8/9/2021 6:38,14.03
4227,8/9/2021 6:48,14.15
4228,8/9/2021 6:58,14.71
4229,8/9/2021 7:08,14.54
4230,8/9/2021 7:18,14.71
4231,8/9/2021 7:28,14.84
4232,8/9/2021 7:38,15.01
4233,8/9/2021 7:48,15.1
4234,8/9/2021 7:58,15.36
4235,8/9/2021 8:08,15.83
4236,8/9/2021 8:18,16.39
4237,8/9/2021 8:28,16.51
4238,8/9/2021 8:38,17.03
4239,8/9/2021 8:48,17.63
4240,8/9/2021 8:58,18.53
4241,8/9/2021 9:08,21.32
4242,8/9/2021 9:18,24.45
4243,8/9/2021 9:28,28.44
4244,8/9/2021 9:38,28.53
4245,8/9/2021 9:48,29.26
4246,8/9/2021 9:58,29
4247,8/9/2021 10:08,29.21
4248,8/9/2021 10:18,29.86
4249,8/9/2021 10:28,29.86
4250,8/9/2021 10:38,32.69
4251,8/9/2021 10:48,30.59
4252,8/9/2021 10:58,27.63
4253,8/9/2021 11:08,26.25
4254,8/9/2021 11:18,26.81
4255,8/9/2021 11:28,26.12
4256,8/9/2021 11:38,25.31
4257,8/9/2021 11:48,26.08
4258,8/9/2021 11:58,24.79
4259,8/9/2021 12:08,23.38
4260,8/9/2021 12:18,22.73
4261,8/9/2021 12:28,22.22
4262,8/9/2021 12:38,21.53
4263,8/9/2021 12:48,21.1
4264,8/9/2021 12:58,20.8
4265,8/9/2021 13:08,20.46
4266,8/9/2021 13:18,20.07
4267,8/9/2021 13:28,20.03
4268,8/9/2021 13:38,19.9
4269,8/9/2021 13:48,19.82
4270,8/9/2021 13:58,19.9
4271,8/9/2021 14:08,19.9
4272,8/9/2021 14:18,20.16
4273,8/9/2021 14:28,20.33
4274,8/9/2021 14:38,20.46
4275,8/9/2021 14:48,20.55
4276,8/9/2021 14:58,20.63
4277,8/9/2021 15:08,20.72
4278,8/9/2021 15:18,20.93
4279,8/9/2021 15:28,21.06
4280,8/9/2021 15:38,21.36
4281,8/9/2021 15:48,21.32
4282,8/9/2021 15:58,21.49
4283,8/9/2021 16:08,21.92
4284,8/9/2021 16:18,21.83
4285,8/9/2021 16:28,22.26
4286,8/9/2021 16:38,22.78
4287,8/9/2021 16:48,22.99
4288,8/9/2021 16:58,22.95
4289,8/9/2021 17:08,22.82
4290,8/9/2021 17:18,22.78
4291,8/9/2021 17:28,22.48
4292,8/9/2021 17:38,22.52
4293,8/9/2021 17:48,21.83
4294,8/9/2021 17:58,19.95
4295,8/9/2021 18:08,19.3
4296,8/9/2021 18:18,18.57
4297,8/9/2021 18:28,17.76
4298,8/9/2021 18:38,16.69
4299,8/9/2021 18:48,16.08
4300,8/9/2021 18:58,15.87
4301,8/9/2021 19:08,15.91
4302,8/9/2021 19:18,15.83
4303,8/9/2021 19:28,15.7
4304,8/9/2021 19:38,15.7
4305,8/9/2021 19:48,16
4306,8/9/2021 19:58,17.84
4307,8/9/2021 20:08,19.39
4308,8/9/2021 20:18,20.42
4309,8/9/2021 20:28,20.8
4310,8/9/2021 20:38,20.89
4311,8/9/2021 20:48,20.85
4312,8/9/2021 20:58,20.76
4313,8/9/2021 21:08,20.68
4314,8/9/2021 21:18,20.59
4315,8/9/2021 21:28,20.46
4316,8/9/2021 21:38,20.29
4317,8/9/2021 21:48,19.99
4318,8/9/2021 21:58,19.69
4319,8/9/2021 22:08,19.39
4320,8/9/2021 22:18,19.09
4321,8/9/2021 22:28,19
4322,8/9/2021 22:38,19.13
4323,8/9/2021 22:48,19.13
4324,8/9/2021 22:58,19.09
4325,8/9/2021 23:08,19.09
4326,8/9/2021 23:18,19
4327,8/9/2021 23:28,18.74
4328,8/9/2021 23:38,18.62
4329,8/9/2021 23:48,18.49
4330,8/9/2021 23:58,18.32
4331,8/10/2021 0:08,18.19
4332,8/10/2021 0:18,18.14
4333,8/10/2021 0:28,18.14
4334,8/10/2021 0:38,18.23
4335,8/10/2021 0:48,18.14
4336,8/10/2021 0:58,18.1
4337,8/10/2021 1:08,18.1
4338,8/10/2021 1:18,18.14
4339,8/10/2021 1:28,18.14
4340,8/10/2021 1:38,18.06
4341,8/10/2021 1:48,18.06
4342,8/10/2021 1:58,18.06
4343,8/10/2021 2:08,18.14
4344,8/10/2021 2:18,18.32
4345,8/10/2021 2:28,18.27
4346,8/10/2021 2:38,18.4
4347,8/10/2021 2:48,18.32
4348,8/10/2021 2:58,18.32
4349,8/10/2021 3:08,18.19
4350,8/10/2021 3:18,18.14
4351,8/10/2021 3:28,18.14
4352,8/10/2021 3:38,17.97
4353,8/10/2021 3:48,17.97
4354,8/10/2021 3:58,17.93
4355,8/10/2021 4:08,17.84
4356,8/10/2021 4:18,17.76
4357,8/10/2021 4:28,17.76
4358,8/10/2021 4:38,17.72
4359,8/10/2021 4:48,17.54
4360,8/10/2021 4:58,16.73
4361,8/10/2021 5:08,14.93
4362,8/10/2021 5:18,14.54
4363,8/10/2021 5:28,14.45
4364,8/10/2021 5:38,14.24
4365,8/10/2021 5:48,14.2
4366,8/10/2021 5:58,14.15
4367,8/10/2021 6:08,14.15
4368,8/10/2021 6:18,14.15
4369,8/10/2021 6:28,14.33
4370,8/10/2021 6:38,14.41
4371,8/10/2021 6:48,14.5
4372,8/10/2021 6:58,14.41
4373,8/10/2021 7:08,14.5
4374,8/10/2021 7:18,14.54
4375,8/10/2021 7:28,14.63
4376,8/10/2021 7:38,14.97
4377,8/10/2021 7:48,15.06
4378,8/10/2021 7:58,15.4
4379,8/10/2021 8:08,15.61
4380,8/10/2021 8:18,15.96
4381,8/10/2021 8:28,17.2
4382,8/10/2021 8:38,21.75
4383,8/10/2021 8:48,24.02
4384,8/10/2021 8:58,25.91
4385,8/10/2021 9:08,27.11
4386,8/10/2021 9:18,29.3
4387,8/10/2021 9:28,30.33
4388,8/10/2021 9:38,30.03
4389,8/10/2021 9:48,31.01
4390,8/10/2021 9:58,30.37
4391,8/10/2021 10:08,30.2
4392,8/10/2021 10:18,28.48
4393,8/10/2021 10:28,28.57
4394,8/10/2021 10:38,28.18
4395,8/10/2021 10:48,27.88
4396,8/10/2021 10:58,27.41
4397,8/10/2021 11:08,26.21
4398,8/10/2021 11:18,25.69
4399,8/10/2021 11:28,25.48
4400,8/10/2021 11:38,25.61
4401,8/10/2021 11:48,25.99
4402,8/10/2021 11:58,25.14
4403,8/10/2021 12:08,24.24
4404,8/10/2021 12:18,25.01
4405,8/10/2021 12:28,23.98
4406,8/10/2021 12:38,23.59
4407,8/10/2021 12:48,22.69
4408,8/10/2021 12:58,22.01
4409,8/10/2021 13:08,21.28
4410,8/10/2021 13:18,20.89
4411,8/10/2021 13:28,20.59
4412,8/10/2021 13:38,20.5
4413,8/10/2021 13:48,20.55
4414,8/10/2021 13:58,20.72
4415,8/10/2021 14:08,20.93
4416,8/10/2021 14:18,21.02
4417,8/10/2021 14:28,20.98
4418,8/10/2021 14:38,20.98
4419,8/10/2021 14:48,21.19
4420,8/10/2021 14:58,21.19
4421,8/10/2021 15:08,21.45
4422,8/10/2021 15:18,21.66
4423,8/10/2021 15:28,21.96
4424,8/10/2021 15:38,22.05
4425,8/10/2021 15:48,22.31
4426,8/10/2021 15:58,22.48
4427,8/10/2021 16:08,22.82
4428,8/10/2021 16:18,22.86
4429,8/10/2021 16:28,23.12
4430,8/10/2021 16:38,23.34
4431,8/10/2021 16:48,23.51
4432,8/10/2021 16:58,23.59
4433,8/10/2021 17:08,23.81
4434,8/10/2021 17:18,23.89
4435,8/10/2021 17:28,23.89
4436,8/10/2021 17:38,24.02
4437,8/10/2021 17:48,24.06
4438,8/10/2021 17:58,23.81
4439,8/10/2021 18:08,23.59
4440,8/10/2021 18:18,23.55
4441,8/10/2021 18:28,20.85
4442,8/10/2021 18:38,17.33
4443,8/10/2021 18:48,16.39
4444,8/10/2021 18:58,16.73
4445,8/10/2021 19:08,16.13
4446,8/10/2021 19:18,15.83
4447,8/10/2021 19:28,15.83
4448,8/10/2021 19:38,15.78
4449,8/10/2021 19:48,15.66
4450,8/10/2021 19:58,15.27
4451,8/10/2021 20:08,15.01
4452,8/10/2021 20:18,15.57
4453,8/10/2021 20:28,15.48
4454,8/10/2021 20:38,15.14
4455,8/10/2021 20:48,15.4
4456,8/10/2021 20:58,15.83
4457,8/10/2021 21:08,17.72
4458,8/10/2021 21:18,20.85
4459,8/10/2021 21:28,21.45
4460,8/10/2021 21:38,21.45
4461,8/10/2021 21:48,21.62
4462,8/10/2021 21:58,21.62
4463,8/10/2021 22:08,21.66
4464,8/10/2021 22:18,21.62
4465,8/10/2021 22:28,21.4
4466,8/10/2021 22:38,20.93
4467,8/10/2021 22:48,20.59
4468,8/10/2021 22:58,20.37
4469,8/10/2021 23:08,19.95
4470,8/10/2021 23:18,19.73
4471,8/10/2021 23:28,19.56
4472,8/10/2021 23:38,19.56
4473,8/10/2021 23:48,19.52
4474,8/10/2021 23:58,19.6
4475,8/11/2021 0:08,19.52
4476,8/11/2021 0:18,19.43
4477,8/11/2021 0:28,19.26
4478,8/11/2021 0:38,19.22
4479,8/11/2021 0:48,18.96
4480,8/11/2021 0:58,18.92
4481,8/11/2021 1:08,18.83
4482,8/11/2021 1:18,18.83
4483,8/11/2021 1:28,18.79
4484,8/11/2021 1:38,18.66
4485,8/11/2021 1:48,18.62
4486,8/11/2021 1:58,18.7
4487,8/11/2021 2:08,18.79
4488,8/11/2021 2:18,18.87
4489,8/11/2021 2:28,18.96
4490,8/11/2021 2:38,18.83
4491,8/11/2021 2:48,18.83
4492,8/11/2021 2:58,19
4493,8/11/2021 3:08,19.17
4494,8/11/2021 3:18,19.17
4495,8/11/2021 3:28,19.09
4496,8/11/2021 3:38,19.09
4497,8/11/2021 3:48,19.09
4498,8/11/2021 3:58,19.05
4499,8/11/2021 4:08,19.09
4500,8/11/2021 4:18,18.92
4501,8/11/2021 4:28,18.87
4502,8/11/2021 4:38,18.79
4503,8/11/2021 4:48,18.74
4504,8/11/2021 4:58,18.7
4505,8/11/2021 5:08,18.62
4506,8/11/2021 5:18,18.49
4507,8/11/2021 5:28,18.36
4508,8/11/2021 5:38,16.56
4509,8/11/2021 5:48,14.58
4510,8/11/2021 5:58,14.2
4511,8/11/2021 6:08,14.11
4512,8/11/2021 6:18,13.98
4513,8/11/2021 6:28,13.9
4514,8/11/2021 6:38,13.9
4515,8/11/2021 6:48,14.07
4516,8/11/2021 6:58,13.98
4517,8/11/2021 7:08,14.07
4518,8/11/2021 7:18,14.33
4519,8/11/2021 7:28,14.37
4520,8/11/2021 7:38,14.58
4521,8/11/2021 7:48,14.5
4522,8/11/2021 7:58,14.41
4523,8/11/2021 8:08,14.37
4524,8/11/2021 8:18,14.63
4525,8/11/2021 8:28,14.63
4526,8/11/2021 8:38,14.75
4527,8/11/2021 8:48,14.97
4528,8/11/2021 8:58,15.06
4529,8/11/2021 9:08,15.18
4530,8/11/2021 9:18,15.4
4531,8/11/2021 9:28,16.26
4532,8/11/2021 9:38,16.39
4533,8/11/2021 9:48,16.51
4534,8/11/2021 9:58,16.77
4535,8/11/2021 10:08,17.84
4536,8/11/2021 10:18,18.27
4537,8/11/2021 10:28,19.82
4538,8/11/2021 10:38,22.05
4539,8/11/2021 10:48,22.01
4540,8/11/2021 10:58,22.73
4541,8/11/2021 11:08,22.65
4542,8/11/2021 11:18,22.26
4543,8/11/2021 11:28,21.66
4544,8/11/2021 11:38,21.58
4545,8/11/2021 11:48,22.22
4546,8/11/2021 11:58,22.52
4547,8/11/2021 12:08,22.22
4548,8/11/2021 12:18,21.66
4549,8/11/2021 12:28,22.82
4550,8/11/2021 12:38,24.06
4551,8/11/2021 12:48,23.42
4552,8/11/2021 12:58,22.48
4553,8/11/2021 13:08,21.92
4554,8/11/2021 13:18,21.23
4555,8/11/2021 13:28,20.89
4556,8/11/2021 13:38,20.55
4557,8/11/2021 13:48,20.37
4558,8/11/2021 13:58,20.2
4559,8/11/2021 14:08,20.16
4560,8/11/2021 14:18,20.25
4561,8/11/2021 14:28,20.25
4562,8/11/2021 14:38,20.29
4563,8/11/2021 14:48,20.42
4564,8/11/2021 14:58,20.42
4565,8/11/2021 15:08,20.5
4566,8/11/2021 15:18,20.55
4567,8/11/2021 15:28,20.25
4568,8/11/2021 15:38,20.2
4569,8/11/2021 15:48,20.76
4570,8/11/2021 15:58,20.68
4571,8/11/2021 16:08,20.72
4572,8/11/2021 16:18,20.93
4573,8/11/2021 16:28,20.98
4574,8/11/2021 16:38,21.1
4575,8/11/2021 16:48,21.32
4576,8/11/2021 16:58,21.32
4577,8/11/2021 17:08,21.4
4578,8/11/2021 17:18,21.53
4579,8/11/2021 17:28,21.62
4580,8/11/2021 17:38,21.7
4581,8/11/2021 17:48,21.79
4582,8/11/2021 17:58,21.79
4583,8/11/2021 18:08,21.7
4584,8/11/2021 18:18,21.62
4585,8/11/2021 18:28,21.49
4586,8/11/2021 18:38,21.32
4587,8/11/2021 18:48,21.02
4588,8/11/2021 18:58,18.44
4589,8/11/2021 19:08,15.91
4590,8/11/2021 19:18,15.36
4591,8/11/2021 19:28,15.1
4592,8/11/2021 19:38,14.84
4593,8/11/2021 19:48,14.75
4594,8/11/2021 19:58,14.71
4595,8/11/2021 20:08,14.75
4596,8/11/2021 20:18,14.8
4597,8/11/2021 20:28,14.63
4598,8/11/2021 20:38,14.63
4599,8/11/2021 20:48,14.67
4600,8/11/2021 20:58,14.71
4601,8/11/2021 21:08,14.58
4602,8/11/2021 21:18,14.63
4603,8/11/2021 21:28,14.54
4604,8/11/2021 21:38,14.45
4605,8/11/2021 21:48,14.45
4606,8/11/2021 21:58,14.5
4607,8/11/2021 22:08,14.41
4608,8/11/2021 22:18,14.41
4609,8/11/2021 22:28,14.58
4610,8/11/2021 22:38,17.11
4611,8/11/2021 22:48,19.17
4612,8/11/2021 22:58,19.35
4613,8/11/2021 23:08,19.39
4614,8/11/2021 23:18,19.43
4615,8/11/2021 23:28,19.52
4616,8/11/2021 23:38,19.52
4617,8/11/2021 23:48,19.52
4618,8/11/2021 23:58,19.26
4619,8/12/2021 0:08,18.87
4620,8/12/2021 0:18,18.7
4621,8/12/2021 0:28,18.66
4622,8/12/2021 0:38,18.66
4623,8/12/2021 0:48,18.57
4624,8/12/2021 0:58,18.62
4625,8/12/2021 1:08,18.62
4626,8/12/2021 1:18,18.57
4627,8/12/2021 1:28,18.53
4628,8/12/2021 1:38,18.44
4629,8/12/2021 1:48,18.4
4630,8/12/2021 1:58,18.32
4631,8/12/2021 2:08,18.27
4632,8/12/2021 2:18,18.23
4633,8/12/2021 2:28,18.19
4634,8/12/2021 2:38,18.1
4635,8/12/2021 2:48,18.19
4636,8/12/2021 2:58,18.14
4637,8/12/2021 3:08,18.14
4638,8/12/2021 3:18,18.14
4639,8/12/2021 3:28,18.27
4640,8/12/2021 3:38,18.19
4641,8/12/2021 3:48,18.23
4642,8/12/2021 3:58,18.19
4643,8/12/2021 4:08,18.19
4644,8/12/2021 4:18,18.1
4645,8/12/2021 4:28,18.14
4646,8/12/2021 4:38,17.97
4647,8/12/2021 4:48,17.93
4648,8/12/2021 4:58,17.76
4649,8/12/2021 5:08,17.63
4650,8/12/2021 5:18,17.59
4651,8/12/2021 5:28,17.54
4652,8/12/2021 5:38,17.54
4653,8/12/2021 5:48,17.46
4654,8/12/2021 5:58,17.29
4655,8/12/2021 6:08,16.13
4656,8/12/2021 6:18,14.11
4657,8/12/2021 6:28,13.9
4658,8/12/2021 6:38,14.03
4659,8/12/2021 6:48,14.07
4660,8/12/2021 6:58,14.07
4661,8/12/2021 7:08,14.2
4662,8/12/2021 7:18,14.24
4663,8/12/2021 7:28,14.2
4664,8/12/2021 7:38,14.28
4665,8/12/2021 7:48,14.33
4666,8/12/2021 7:58,14.58
4667,8/12/2021 8:08,14.84
4668,8/12/2021 8:18,14.84
4669,8/12/2021 8:28,14.97
4670,8/12/2021 8:38,15.14
4671,8/12/2021 8:48,15.48
4672,8/12/2021 8:58,15.96
4673,8/12/2021 9:08,16.47
4674,8/12/2021 9:18,18.27
4675,8/12/2021 9:28,20.03
4676,8/12/2021 9:38,22.39
4677,8/12/2021 9:48,21.7
4678,8/12/2021 9:58,21.7
4679,8/12/2021 10:08,19.17
4680,8/12/2021 10:18,18.27
4681,8/12/2021 10:28,19.22
4682,8/12/2021 10:38,19.26
4683,8/12/2021 10:48,21.75
4684,8/12/2021 10:58,23.25
4685,8/12/2021 11:08,25.44
4686,8/12/2021 11:18,25.31
4687,8/12/2021 11:28,25.69
4688,8/12/2021 11:38,25.78
4689,8/12/2021 11:48,23.64
4690,8/12/2021 11:58,24.41
4691,8/12/2021 12:08,22.82
4692,8/12/2021 12:18,24.15
4693,8/12/2021 12:28,23.76
4694,8/12/2021 12:38,24.62
4695,8/12/2021 12:48,23.08
4696,8/12/2021 12:58,22.78
4697,8/12/2021 13:08,21.79
4698,8/12/2021 13:18,21.15
4699,8/12/2021 13:28,20.55
4700,8/12/2021 13:38,20.16
4701,8/12/2021 13:48,19.86
4702,8/12/2021 13:58,19.65
4703,8/12/2021 14:08,19.69
4704,8/12/2021 14:18,19.56
4705,8/12/2021 14:28,19.6
4706,8/12/2021 14:38,19.69
4707,8/12/2021 14:48,19.73
4708,8/12/2021 14:58,19.82
4709,8/12/2021 15:08,19.82
4710,8/12/2021 15:18,19.73
4711,8/12/2021 15:28,19.65
4712,8/12/2021 15:38,19.56
4713,8/12/2021 15:48,19.6
4714,8/12/2021 15:58,19.43
4715,8/12/2021 16:08,19.3
4716,8/12/2021 16:18,19.39
4717,8/12/2021 16:28,19.65
4718,8/12/2021 16:38,19.69
4719,8/12/2021 16:48,19.73
4720,8/12/2021 16:58,19.73
4721,8/12/2021 17:08,19.65
4722,8/12/2021 17:18,19.82
4723,8/12/2021 17:28,19.95
4724,8/12/2021 17:38,20.03
4725,8/12/2021 17:48,20.12
4726,8/12/2021 17:58,20.2
4727,8/12/2021 18:08,20.16
4728,8/12/2021 18:18,20.16
4729,8/12/2021 18:28,20.03
4730,8/12/2021 18:38,19.9
4731,8/12/2021 18:48,19.73
4732,8/12/2021 18:58,19.52
4733,8/12/2021 19:08,19.39
4734,8/12/2021 19:18,19.26
4735,8/12/2021 19:28,18.92
4736,8/12/2021 19:38,16.69
4737,8/12/2021 19:48,15.27
4738,8/12/2021 19:58,14.88
4739,8/12/2021 20:08,14.75
4740,8/12/2021 20:18,14.67
4741,8/12/2021 20:28,14.63
4742,8/12/2021 20:38,14.58
4743,8/12/2021 20:48,14.5
4744,8/12/2021 20:58,14.54
4745,8/12/2021 21:08,14.5
4746,8/12/2021 21:18,14.45
4747,8/12/2021 21:28,14.5
4748,8/12/2021 21:38,14.41
4749,8/12/2021 21:48,14.45
4750,8/12/2021 21:58,14.45
4751,8/12/2021 22:08,14.5
4752,8/12/2021 22:18,14.58
4753,8/12/2021 22:28,14.5
4754,8/12/2021 22:38,14.5
4755,8/12/2021 22:48,14.45
4756,8/12/2021 22:58,14.45
4757,8/12/2021 23:08,14.5
4758,8/12/2021 23:18,14.41
4759,8/12/2021 23:28,14.37
4760,8/12/2021 23:38,14.37
4761,8/12/2021 23:48,14.41
4762,8/12/2021 23:58,14.45
4763,8/13/2021 0:08,15.36
4764,8/13/2021 0:18,17.24
4765,8/13/2021 0:28,17.67
4766,8/13/2021 0:38,17.93
4767,8/13/2021 0:48,18.1
4768,8/13/2021 0:58,18.19
4769,8/13/2021 1:08,18.19
4770,8/13/2021 1:18,18.1
4771,8/13/2021 1:28,17.97
4772,8/13/2021 1:38,17.93
4773,8/13/2021 1:48,17.93
4774,8/13/2021 1:58,17.97
4775,8/13/2021 2:08,17.89
4776,8/13/2021 2:18,17.84
4777,8/13/2021 2:28,17.8
4778,8/13/2021 2:38,17.76
4779,8/13/2021 2:48,17.72
4780,8/13/2021 2:58,17.67
4781,8/13/2021 3:08,17.63
4782,8/13/2021 3:18,17.63
4783,8/13/2021 3:28,17.63
4784,8/13/2021 3:38,17.67
4785,8/13/2021 3:48,17.63
4786,8/13/2021 3:58,17.59
4787,8/13/2021 4:08,17.46
4788,8/13/2021 4:18,17.46
4789,8/13/2021 4:28,17.33
4790,8/13/2021 4:38,17.41
4791,8/13/2021 4:48,17.37
4792,8/13/2021 4:58,17.2
4793,8/13/2021 5:08,17.33
4794,8/13/2021 5:18,17.33
4795,8/13/2021 5:28,17.33
4796,8/13/2021 5:38,17.2
4797,8/13/2021 5:48,16.99
4798,8/13/2021 5:58,16.86
4799,8/13/2021 6:08,16.77
4800,8/13/2021 6:18,16.64
4801,8/13/2021 6:28,16.64
4802,8/13/2021 6:38,16.47
4803,8/13/2021 6:48,14.58
4804,8/13/2021 6:58,14.28
4805,8/13/2021 7:08,14.15
4806,8/13/2021 7:18,14.2
4807,8/13/2021 7:28,14.2
4808,8/13/2021 7:38,14.28
4809,8/13/2021 7:48,14.5
4810,8/13/2021 7:58,14.45
4811,8/13/2021 8:08,14.5
4812,8/13/2021 8:18,14.71
4813,8/13/2021 8:28,14.75
4814,8/13/2021 8:38,14.84
4815,8/13/2021 8:48,15.06
4816,8/13/2021 8:58,15.14
4817,8/13/2021 9:08,15.57
4818,8/13/2021 9:18,15.44
4819,8/13/2021 9:28,15.96
4820,8/13/2021 9:38,16.3
4821,8/13/2021 9:48,16.73
4822,8/13/2021 9:58,16.47
4823,8/13/2021 10:08,16.94
4824,8/13/2021 10:18,16.73
4825,8/13/2021 10:28,16.94
4826,8/13/2021 10:38,16.9
4827,8/13/2021 10:48,16.94
4828,8/13/2021 10:58,17.07
4829,8/13/2021 11:08,17.54
4830,8/13/2021 11:18,17.46
4831,8/13/2021 11:28,17.63
4832,8/13/2021 11:38,18.44
4833,8/13/2021 11:48,18.06
4834,8/13/2021 11:58,18.19
4835,8/13/2021 12:08,18.87
4836,8/13/2021 12:18,19.22
4837,8/13/2021 12:28,19
4838,8/13/2021 12:38,18.62
4839,8/13/2021 12:48,19.3
4840,8/13/2021 12:58,18.83
4841,8/13/2021 13:08,20.2
4842,8/13/2021 13:18,19.82
4843,8/13/2021 13:28,19.56
4844,8/13/2021 13:38,19.17
4845,8/13/2021 13:48,18.83
4846,8/13/2021 13:58,18.74
4847,8/13/2021 14:08,18.66
4848,8/13/2021 14:18,18.49
4849,8/13/2021 14:28,18.4
4850,8/13/2021 14:38,18.44
4851,8/13/2021 14:48,18.36
4852,8/13/2021 14:58,18.49
4853,8/13/2021 15:08,18.53
4854,8/13/2021 15:18,18.57
4855,8/13/2021 15:28,18.57
4856,8/13/2021 15:38,18.49
4857,8/13/2021 15:48,18.44
4858,8/13/2021 15:58,18.44
4859,8/13/2021 16:08,18.23
4860,8/13/2021 16:18,18.27
4861,8/13/2021 16:28,18.23
4862,8/13/2021 16:38,18.23
4863,8/13/2021 16:48,18.14
4864,8/13/2021 16:58,18.23
4865,8/13/2021 17:08,18.27
4866,8/13/2021 17:18,18.27
4867,8/13/2021 17:28,18.4
4868,8/13/2021 17:38,18.44
4869,8/13/2021 17:48,18.57
4870,8/13/2021 17:58,18.7
4871,8/13/2021 18:08,18.83
4872,8/13/2021 18:18,18.83
4873,8/13/2021 18:28,18.87
4874,8/13/2021 18:38,18.87
4875,8/13/2021 18:48,18.87
4876,8/13/2021 18:58,18.92
4877,8/13/2021 19:08,18.96
4878,8/13/2021 19:18,18.83
4879,8/13/2021 19:28,18.74
4880,8/13/2021 19:38,18.62
4881,8/13/2021 19:48,18.53
4882,8/13/2021 19:58,18.4
4883,8/13/2021 20:08,18.27
4884,8/13/2021 20:18,16.9
4885,8/13/2021 20:28,15.48
4886,8/13/2021 20:38,15.18
4887,8/13/2021 20:48,15.23
4888,8/13/2021 20:58,15.23
4889,8/13/2021 21:08,15.1
4890,8/13/2021 21:18,15.18
4891,8/13/2021 21:28,15.23
4892,8/13/2021 21:38,15.1
4893,8/13/2021 21:48,15.14
4894,8/13/2021 21:58,15.1
4895,8/13/2021 22:08,15.1
4896,8/13/2021 22:18,15.1
4897,8/13/2021 22:28,15.1
4898,8/13/2021 22:38,15.06
4899,8/13/2021 22:48,15.06
4900,8/13/2021 22:58,15.23
4901,8/13/2021 23:08,15.31
4902,8/13/2021 23:18,14.97
4903,8/13/2021 23:28,14.88
4904,8/13/2021 23:38,14.93
4905,8/13/2021 23:48,14.5
4906,8/13/2021 23:58,14.58
4907,8/14/2021 0:08,14.58
4908,8/14/2021 0:18,14.5
4909,8/14/2021 0:28,14.41
4910,8/14/2021 0:38,14.41
4911,8/14/2021 0:48,14.41
4912,8/14/2021 0:58,14.33
4913,8/14/2021 1:08,14.41
4914,8/14/2021 1:18,14.45
4915,8/14/2021 1:28,14.58
4916,8/14/2021 1:38,14.58
4917,8/14/2021 1:48,14.63
4918,8/14/2021 1:58,14.67
4919,8/14/2021 2:08,16.34
4920,8/14/2021 2:18,17.07
4921,8/14/2021 2:28,17.16
4922,8/14/2021 2:38,17.2
4923,8/14/2021 2:48,17.41
4924,8/14/2021 2:58,17.46
4925,8/14/2021 3:08,17.46
4926,8/14/2021 3:18,17.54
4927,8/14/2021 3:28,17.5
4928,8/14/2021 3:38,17.46
4929,8/14/2021 3:48,17.54
4930,8/14/2021 3:58,17.46
4931,8/14/2021 4:08,17.41
4932,8/14/2021 4:18,17.46
4933,8/14/2021 4:28,17.46
4934,8/14/2021 4:38,17.37
4935,8/14/2021 4:48,17.33
4936,8/14/2021 4:58,17.24
4937,8/14/2021 5:08,17.24
4938,8/14/2021 5:18,17.2
4939,8/14/2021 5:28,17.16
4940,8/14/2021 5:38,16.99
4941,8/14/2021 5:48,16.94
4942,8/14/2021 5:58,16.81
4943,8/14/2021 6:08,16.64
4944,8/14/2021 6:18,16.39
4945,8/14/2021 6:28,16.26
4946,8/14/2021 6:38,16.21
4947,8/14/2021 6:48,16.17
4948,8/14/2021 6:58,16.17
4949,8/14/2021 7:08,16.17
4950,8/14/2021 7:18,16.17
4951,8/14/2021 7:28,14.75
4952,8/14/2021 7:38,14.33
4953,8/14/2021 7:48,14.28
4954,8/14/2021 7:58,14.33
4955,8/14/2021 8:08,14.63
4956,8/14/2021 8:18,14.75
4957,8/14/2021 8:28,15.18
4958,8/14/2021 8:38,15.06
4959,8/14/2021 8:48,15.31
4960,8/14/2021 8:58,15.53
4961,8/14/2021 9:08,15.96
4962,8/14/2021 9:18,16.17
4963,8/14/2021 9:28,16.6
4964,8/14/2021 9:38,17.2
4965,8/14/2021 9:48,18.7
4966,8/14/2021 9:58,19.77
4967,8/14/2021 10:08,19.86
4968,8/14/2021 10:18,21.06
4969,8/14/2021 10:28,19.99
4970,8/14/2021 10:38,20.8
4971,8/14/2021 10:48,20.25
4972,8/14/2021 10:58,21.53
4973,8/14/2021 11:08,20.85
4974,8/14/2021 11:18,22.69
4975,8/14/2021 11:28,21.88
4976,8/14/2021 11:38,22.43
4977,8/14/2021 11:48,25.01
4978,8/14/2021 11:58,23.08
4979,8/14/2021 12:08,22.91
4980,8/14/2021 12:18,23.34
4981,8/14/2021 12:28,22.82
4982,8/14/2021 12:38,22.86
4983,8/14/2021 12:48,21.7
4984,8/14/2021 12:58,20.63
4985,8/14/2021 13:08,21.02
4986,8/14/2021 13:18,22.31
4987,8/14/2021 13:28,21.49
4988,8/14/2021 13:38,20.76
4989,8/14/2021 13:48,20.25
4990,8/14/2021 13:58,19.86
4991,8/14/2021 14:08,19.56
4992,8/14/2021 14:18,19.3
4993,8/14/2021 14:28,19.17
4994,8/14/2021 14:38,19.05
4995,8/14/2021 14:48,19.05
4996,8/14/2021 14:58,19.13
4997,8/14/2021 15:08,19.17
4998,8/14/2021 15:18,19.13
4999,8/14/2021 15:28,19.17
5000,8/14/2021 15:38,19.22
5001,8/14/2021 15:48,19
5002,8/14/2021 15:58,18.83
5003,8/14/2021 16:08,18.87
5004,8/14/2021 16:18,18.7
5005,8/14/2021 16:28,18.44
5006,8/14/2021 16:38,18.57
5007,8/14/2021 16:48,18.53
5008,8/14/2021 16:58,18.36
5009,8/14/2021 17:08,18.32
5010,8/14/2021 17:18,18.27
5011,8/14/2021 17:28,18.27
5012,8/14/2021 17:38,18.32
5013,8/14/2021 17:48,18.36
5014,8/14/2021 17:58,18.4
5015,8/14/2021 18:08,18.57
5016,8/14/2021 18:18,18.53
5017,8/14/2021 18:28,18.7
5018,8/14/2021 18:38,18.87
5019,8/14/2021 18:48,18.66
5020,8/14/2021 18:58,18.62
5021,8/14/2021 19:08,18.96
5022,8/14/2021 19:18,18.83
5023,8/14/2021 19:28,19
5024,8/14/2021 19:38,19.09
5025,8/14/2021 19:48,19.13
5026,8/14/2021 19:58,19.13
5027,8/14/2021 20:08,19.13
5028,8/14/2021 20:18,18.96
5029,8/14/2021 20:28,18.79
5030,8/14/2021 20:38,18.62
5031,8/14/2021 20:48,18.44
5032,8/14/2021 20:58,18.32
5033,8/14/2021 21:08,18.06
5034,8/14/2021 21:18,15.91
5035,8/14/2021 21:28,15.14
5036,8/14/2021 21:38,15.01
5037,8/14/2021 21:48,15.01
5038,8/14/2021 21:58,14.88
5039,8/14/2021 22:08,15.01
5040,8/14/2021 22:18,14.71
5041,8/14/2021 22:28,14.63
5042,8/14/2021 22:38,14.63
5043,8/14/2021 22:48,14.5
5044,8/14/2021 22:58,14.33
5045,8/14/2021 23:08,14.71
5046,8/14/2021 23:18,14.88
5047,8/14/2021 23:28,14.8
5048,8/14/2021 23:38,14.84
5049,8/14/2021 23:48,14.84
5050,8/14/2021 23:58,14.75
5051,8/15/2021 0:08,14.75
5052,8/15/2021 0:18,14.67
5053,8/15/2021 0:28,14.67
5054,8/15/2021 0:38,14.75
5055,8/15/2021 0:48,14.8
5056,8/15/2021 0:58,14.71
5057,8/15/2021 1:08,14.67
5058,8/15/2021 1:18,14.67
5059,8/15/2021 1:28,14.58
5060,8/15/2021 1:38,14.67
5061,8/15/2021 1:48,14.58
5062,8/15/2021 1:58,14.71
5063,8/15/2021 2:08,14.67
5064,8/15/2021 2:18,14.67
5065,8/15/2021 2:28,14.54
5066,8/15/2021 2:38,14.54
5067,8/15/2021 2:48,14.58
5068,8/15/2021 2:58,14.58
5069,8/15/2021 3:08,14.58
5070,8/15/2021 3:18,14.54
5071,8/15/2021 3:28,14.5
5072,8/15/2021 3:38,14.58
5073,8/15/2021 3:48,14.67
5074,8/15/2021 3:58,16.26
5075,8/15/2021 4:08,16.9
5076,8/15/2021 4:18,16.99
5077,8/15/2021 4:28,17.16
5078,8/15/2021 4:38,17.24
5079,8/15/2021 4:48,17.24
5080,8/15/2021 4:58,17.24
5081,8/15/2021 5:08,17.33
5082,8/15/2021 5:18,17.37
5083,8/15/2021 5:28,17.37
5084,8/15/2021 5:38,17.29
5085,8/15/2021 5:48,17.29
5086,8/15/2021 5:58,17.29
5087,8/15/2021 6:08,17.03
5088,8/15/2021 6:18,16.94
5089,8/15/2021 6:28,16.81
5090,8/15/2021 6:38,16.9
5091,8/15/2021 6:48,16.64
5092,8/15/2021 6:58,16.6
5093,8/15/2021 7:08,16.51
5094,8/15/2021 7:18,16.47
5095,8/15/2021 7:28,16.51
5096,8/15/2021 7:38,16.43
5097,8/15/2021 7:48,16.43
5098,8/15/2021 7:58,16.47
5099,8/15/2021 8:08,16.56
5100,8/15/2021 8:18,16.56
5101,8/15/2021 8:28,16.73
5102,8/15/2021 8:38,16.39
5103,8/15/2021 8:48,16.13
5104,8/15/2021 8:58,16.51
5105,8/15/2021 9:08,18.19
5106,8/15/2021 9:18,20.25
5107,8/15/2021 9:28,20.98
5108,8/15/2021 9:38,21.32
5109,8/15/2021 9:48,20.89
5110,8/15/2021 9:58,21.15
5111,8/15/2021 10:08,23.55
5112,8/15/2021 10:18,24.11
5113,8/15/2021 10:28,24.28
5114,8/15/2021 10:38,24.45
5115,8/15/2021 10:48,25.09
5116,8/15/2021 10:58,25.44
5117,8/15/2021 11:08,25.61
5118,8/15/2021 11:18,26.08
5119,8/15/2021 11:28,25.99
5120,8/15/2021 11:38,25.99
5121,8/15/2021 11:48,25.05
5122,8/15/2021 11:58,26.12
5123,8/15/2021 12:08,25.99
5124,8/15/2021 12:18,24.79
5125,8/15/2021 12:28,25.09
5126,8/15/2021 12:38,25.57
5127,8/15/2021 12:48,25.57
5128,8/15/2021 12:58,25.69
5129,8/15/2021 13:08,24.62
5130,8/15/2021 13:18,24.66
5131,8/15/2021 13:28,23.03
5132,8/15/2021 13:38,22.73
5133,8/15/2021 13:48,22.13
5134,8/15/2021 13:58,21.88
5135,8/15/2021 14:08,21.28
5136,8/15/2021 14:18,20.8
5137,8/15/2021 14:28,20.33
5138,8/15/2021 14:38,19.99
5139,8/15/2021 14:48,19.86
5140,8/15/2021 14:58,19.86
5141,8/15/2021 15:08,19.95
5142,8/15/2021 15:18,20.07
5143,8/15/2021 15:28,20.03
5144,8/15/2021 15:38,19.95
5145,8/15/2021 15:48,19.99
5146,8/15/2021 15:58,19.86
5147,8/15/2021 16:08,19.86
5148,8/15/2021 16:18,19.6
5149,8/15/2021 16:28,19.47
5150,8/15/2021 16:38,19.43
5151,8/15/2021 16:48,19.3
5152,8/15/2021 16:58,19.13
5153,8/15/2021 17:08,18.92
5154,8/15/2021 17:18,18.79
5155,8/15/2021 17:28,18.74
5156,8/15/2021 17:38,18.7
5157,8/15/2021 17:48,18.57
5158,8/15/2021 17:58,18.49
5159,8/15/2021 18:08,18.7
5160,8/15/2021 18:18,18.74
5161,8/15/2021 18:28,18.79
5162,8/15/2021 18:38,18.79
5163,8/15/2021 18:48,18.87
5164,8/15/2021 18:58,19
5165,8/15/2021 19:08,18.96
5166,8/15/2021 19:18,19
5167,8/15/2021 19:28,19.13
5168,8/15/2021 19:38,19.35
5169,8/15/2021 19:48,19.65
5170,8/15/2021 19:58,19.77
5171,8/15/2021 20:08,20.07
5172,8/15/2021 20:18,20.25
5173,8/15/2021 20:28,20.07
5174,8/15/2021 20:38,19.99
5175,8/15/2021 20:48,20.07
5176,8/15/2021 20:58,19.82
5177,8/15/2021 21:08,19.65
5178,8/15/2021 21:18,19.43
5179,8/15/2021 21:28,19.22
5180,8/15/2021 21:38,18.92
5181,8/15/2021 21:48,18.66
5182,8/15/2021 21:58,18.4
5183,8/15/2021 22:08,18.23
5184,8/15/2021 22:18,18.02
5185,8/15/2021 22:28,15.06
5186,8/15/2021 22:38,14.37
5187,8/15/2021 22:48,14.24
5188,8/15/2021 22:58,14.24
5189,8/15/2021 23:08,14.24
5190,8/15/2021 23:18,14.24
5191,8/15/2021 23:28,14.11
5192,8/15/2021 23:38,14.07
5193,8/15/2021 23:48,14.11
5194,8/15/2021 23:58,14.11
5195,8/16/2021 0:08,14.03
5196,8/16/2021 0:18,14.03
5197,8/16/2021 0:28,14.03
5198,8/16/2021 0:38,14.03
5199,8/16/2021 0:48,14.03
5200,8/16/2021 0:58,13.98
5201,8/16/2021 1:08,13.94
5202,8/16/2021 1:18,13.94
5203,8/16/2021 1:28,13.94
5204,8/16/2021 1:38,13.9
5205,8/16/2021 1:48,13.77
5206,8/16/2021 1:58,13.68
5207,8/16/2021 2:08,13.64
5208,8/16/2021 2:18,13.64
5209,8/16/2021 2:28,13.81
5210,8/16/2021 2:38,13.68
5211,8/16/2021 2:48,13.68
5212,8/16/2021 2:58,13.68
5213,8/16/2021 3:08,13.73
5214,8/16/2021 3:18,13.81
5215,8/16/2021 3:28,13.77
5216,8/16/2021 3:38,13.77
5217,8/16/2021 3:48,13.81
5218,8/16/2021 3:58,13.77
5219,8/16/2021 4:08,13.77
5220,8/16/2021 4:18,13.73
5221,8/16/2021 4:28,13.77
5222,8/16/2021 4:38,13.73
5223,8/16/2021 4:48,13.64
5224,8/16/2021 4:58,13.73
5225,8/16/2021 5:08,13.68
5226,8/16/2021 5:18,13.64
5227,8/16/2021 5:28,14.58
5228,8/16/2021 5:38,15.66
5229,8/16/2021 5:48,16.13
5230,8/16/2021 5:58,16.56
5231,8/16/2021 6:08,16.94
5232,8/16/2021 6:18,17.03
5233,8/16/2021 6:28,16.99
5234,8/16/2021 6:38,17.16
5235,8/16/2021 6:48,17.16
5236,8/16/2021 6:58,17.07
5237,8/16/2021 7:08,17.11
5238,8/16/2021 7:18,17.2
5239,8/16/2021 7:28,17.29
5240,8/16/2021 7:38,17.16
5241,8/16/2021 7:48,17.07
5242,8/16/2021 7:58,17.07
5243,8/16/2021 8:08,17.16
5244,8/16/2021 8:18,17.11
5245,8/16/2021 8:28,17.16
5246,8/16/2021 8:38,16.99
5247,8/16/2021 8:48,17.41
5248,8/16/2021 8:58,17.54
5249,8/16/2021 9:08,17.72
5250,8/16/2021 9:18,17.89
5251,8/16/2021 9:28,18.1
5252,8/16/2021 9:38,18.49
5253,8/16/2021 9:48,18.53
5254,8/16/2021 9:58,19.05
5255,8/16/2021 10:08,19.3
5256,8/16/2021 10:18,19.69
5257,8/16/2021 10:28,19.99
5258,8/16/2021 10:38,20.76
5259,8/16/2021 10:48,21.53
5260,8/16/2021 10:58,20.98
5261,8/16/2021 11:08,21.19
5262,8/16/2021 11:18,20.8
5263,8/16/2021 11:28,20.93
5264,8/16/2021 11:38,21.1
5265,8/16/2021 11:48,21.79
5266,8/16/2021 11:58,22.09
5267,8/16/2021 12:08,22.35
5268,8/16/2021 12:18,21.96
5269,8/16/2021 12:28,21.02
5270,8/16/2021 12:38,20.59
5271,8/16/2021 12:48,20.85
5272,8/16/2021 12:58,22.52
5273,8/16/2021 13:08,23.08
5274,8/16/2021 13:18,23.12
5275,8/16/2021 13:28,22.95
5276,8/16/2021 13:38,23.03
5277,8/16/2021 13:48,23.03
5278,8/16/2021 13:58,22.91
5279,8/16/2021 14:08,22.35
5280,8/16/2021 14:18,22.05
5281,8/16/2021 14:28,21.4
5282,8/16/2021 14:38,21.49
5283,8/16/2021 14:48,21.28
5284,8/16/2021 14:58,20.8
5285,8/16/2021 15:08,20.76
5286,8/16/2021 15:18,20.89
5287,8/16/2021 15:28,21.1
5288,8/16/2021 15:38,21.1
5289,8/16/2021 15:48,20.89
5290,8/16/2021 15:58,20.5
5291,8/16/2021 16:08,20.2
5292,8/16/2021 16:18,20.03
5293,8/16/2021 16:28,19.95
5294,8/16/2021 16:38,19.65
5295,8/16/2021 16:48,19.47
5296,8/16/2021 16:58,19.3
5297,8/16/2021 17:08,19.17
5298,8/16/2021 17:18,18.87
5299,8/16/2021 17:28,18.7
5300,8/16/2021 17:38,18.4
5301,8/16/2021 17:48,18.14
5302,8/16/2021 17:58,18.02
5303,8/16/2021 18:08,17.89
5304,8/16/2021 18:18,17.67
5305,8/16/2021 18:28,17.59
5306,8/16/2021 18:38,17.54
5307,8/16/2021 18:48,17.41
5308,8/16/2021 18:58,17.37
5309,8/16/2021 19:08,17.33
5310,8/16/2021 19:18,17.24
5311,8/16/2021 19:28,17.2
5312,8/16/2021 19:38,17.29
5313,8/16/2021 19:48,17.5
5314,8/16/2021 19:58,17.29
5315,8/16/2021 20:08,17.29
5316,8/16/2021 20:18,17.5
5317,8/16/2021 20:28,18.1
5318,8/16/2021 20:38,18.44
5319,8/16/2021 20:48,18.36
5320,8/16/2021 20:58,18.36
5321,8/16/2021 21:08,18.4
5322,8/16/2021 21:18,18.27
5323,8/16/2021 21:28,18.23
5324,8/16/2021 21:38,18.14
5325,8/16/2021 21:48,18.19
5326,8/16/2021 21:58,17.97
5327,8/16/2021 22:08,17.8
5328,8/16/2021 22:18,17.76
5329,8/16/2021 22:28,17.8
5330,8/16/2021 22:38,17.67
5331,8/16/2021 22:48,17.29
5332,8/16/2021 22:58,17.16
5333,8/16/2021 23:08,17.03
5334,8/16/2021 23:18,16.81
5335,8/16/2021 23:28,15.06
5336,8/16/2021 23:38,13.68
5337,8/16/2021 23:48,13.43
5338,8/16/2021 23:58,13.34
5339,8/17/2021 0:08,13.34
5340,8/17/2021 0:18,13.3
5341,8/17/2021 0:28,13.25
5342,8/17/2021 0:38,13.3
5343,8/17/2021 0:48,13.3
5344,8/17/2021 0:58,13.3
5345,8/17/2021 1:08,13.21
5346,8/17/2021 1:18,13.17
5347,8/17/2021 1:28,13.25
5348,8/17/2021 1:38,13.25
5349,8/17/2021 1:48,13.25
5350,8/17/2021 1:58,13.21
5351,8/17/2021 2:08,13.25
5352,8/17/2021 2:18,13.25
5353,8/17/2021 2:28,13.17
5354,8/17/2021 2:38,13.25
5355,8/17/2021 2:48,13.21
5356,8/17/2021 2:58,13.17
5357,8/17/2021 3:08,13.25
5358,8/17/2021 3:18,13.17
5359,8/17/2021 3:28,13.08
5360,8/17/2021 3:38,13.04
5361,8/17/2021 3:48,13.08
5362,8/17/2021 3:58,13.12
5363,8/17/2021 4:08,13.25
5364,8/17/2021 4:18,13.3
5365,8/17/2021 4:28,13.3
5366,8/17/2021 4:38,13.34
5367,8/17/2021 4:48,13.25
5368,8/17/2021 4:58,13.25
5369,8/17/2021 5:08,13.25
5370,8/17/2021 5:18,13.12
5371,8/17/2021 5:28,13.21
5372,8/17/2021 5:38,13.04
5373,8/17/2021 5:48,13.04
5374,8/17/2021 5:58,13
5375,8/17/2021 6:08,12.95
5376,8/17/2021 6:18,12.87
5377,8/17/2021 6:28,12.82
5378,8/17/2021 6:38,12.91
5379,8/17/2021 6:48,13.04
5380,8/17/2021 6:58,13.6
5381,8/17/2021 7:08,14.5
5382,8/17/2021 7:18,14.93
5383,8/17/2021 7:28,15.44
5384,8/17/2021 7:38,15.83
5385,8/17/2021 7:48,16
5386,8/17/2021 7:58,15.96
5387,8/17/2021 8:08,16.26
5388,8/17/2021 8:18,16.21
5389,8/17/2021 8:28,16.26
5390,8/17/2021 8:38,16.51
5391,8/17/2021 8:48,16.51
5392,8/17/2021 8:58,16.6
5393,8/17/2021 9:08,16.64
5394,8/17/2021 9:18,16.73
5395,8/17/2021 9:28,16.77
5396,8/17/2021 9:38,16.94
5397,8/17/2021 9:48,16.99
5398,8/17/2021 9:58,17.2
5399,8/17/2021 10:08,17.16
5400,8/17/2021 10:18,17.33
5401,8/17/2021 10:28,17.59
5402,8/17/2021 10:38,17.8
5403,8/17/2021 10:48,18.66
5404,8/17/2021 10:58,18.49
5405,8/17/2021 11:08,18.44
5406,8/17/2021 11:18,18.49
5407,8/17/2021 11:28,18.57
5408,8/17/2021 11:38,18.83
5409,8/17/2021 11:48,19.26
5410,8/17/2021 11:58,19.99
5411,8/17/2021 12:08,20.33
5412,8/17/2021 12:18,20.8
5413,8/17/2021 12:28,21.1
5414,8/17/2021 12:38,21.45
5415,8/17/2021 12:48,21.96
5416,8/17/2021 12:58,21.83
5417,8/17/2021 13:08,22.05
5418,8/17/2021 13:18,22.48
5419,8/17/2021 13:28,22.69
5420,8/17/2021 13:38,22.78
5421,8/17/2021 13:48,22.52
5422,8/17/2021 13:58,22.01
5423,8/17/2021 14:08,22.13
5424,8/17/2021 14:18,22.01
5425,8/17/2021 14:28,21.58
5426,8/17/2021 14:38,21.45
5427,8/17/2021 14:48,21.36
5428,8/17/2021 14:58,21.28
5429,8/17/2021 15:08,20.89
5430,8/17/2021 15:18,20.63
5431,8/17/2021 15:28,20.37
5432,8/17/2021 15:38,19.99
5433,8/17/2021 15:48,19.95
5434,8/17/2021 15:58,19.9
5435,8/17/2021 16:08,19.47
5436,8/17/2021 16:18,19.52
5437,8/17/2021 16:28,19.43
5438,8/17/2021 16:38,19.47
5439,8/17/2021 16:48,19.65
5440,8/17/2021 16:58,19.65
5441,8/17/2021 17:08,19.65
5442,8/17/2021 17:18,19.52
5443,8/17/2021 17:28,19.09
5444,8/17/2021 17:38,19.13
5445,8/17/2021 17:48,18.92
5446,8/17/2021 17:58,18.66
5447,8/17/2021 18:08,18.44
5448,8/17/2021 18:18,18.27
5449,8/17/2021 18:28,18.19
5450,8/17/2021 18:38,18.06
5451,8/17/2021 18:48,17.97
5452,8/17/2021 18:58,17.76
5453,8/17/2021 19:08,17.63
5454,8/17/2021 19:18,17.5
5455,8/17/2021 19:28,17.5
5456,8/17/2021 19:38,17.41
5457,8/17/2021 19:48,17.33
5458,8/17/2021 19:58,17.24
5459,8/17/2021 20:08,17.24
5460,8/17/2021 20:18,17.33
5461,8/17/2021 20:28,17.54
5462,8/17/2021 20:38,17.93
5463,8/17/2021 20:48,17.93
5464,8/17/2021 20:58,17.72
5465,8/17/2021 21:08,17.72
5466,8/17/2021 21:18,17.97
5467,8/17/2021 21:28,18.23
5468,8/17/2021 21:38,18.19
5469,8/17/2021 21:48,18.14
5470,8/17/2021 21:58,18.19
5471,8/17/2021 22:08,18.1
5472,8/17/2021 22:18,18.14
5473,8/17/2021 22:28,18.19
5474,8/17/2021 22:38,18.06
5475,8/17/2021 22:48,18.19
5476,8/17/2021 22:58,17.89
5477,8/17/2021 23:08,17.72
5478,8/17/2021 23:18,17.76
5479,8/17/2021 23:28,17.63
5480,8/17/2021 23:38,17.46
5481,8/17/2021 23:48,17.24
5482,8/17/2021 23:58,16.94
5483,8/18/2021 0:08,16.81
5484,8/18/2021 0:18,16.6
5485,8/18/2021 0:28,15.44
5486,8/18/2021 0:38,13.94
5487,8/18/2021 0:48,13.77
5488,8/18/2021 0:58,13.77
5489,8/18/2021 1:08,13.81
5490,8/18/2021 1:18,13.81
5491,8/18/2021 1:28,13.68
5492,8/18/2021 1:38,13.64
5493,8/18/2021 1:48,13.6
5494,8/18/2021 1:58,13.55
5495,8/18/2021 2:08,13.6
5496,8/18/2021 2:18,13.55
5497,8/18/2021 2:28,13.47
5498,8/18/2021 2:38,13.3
5499,8/18/2021 2:48,13
5500,8/18/2021 2:58,11.88
5501,8/18/2021 3:08,11.71
5502,8/18/2021 3:18,11.24
5503,8/18/2021 3:28,11.07
5504,8/18/2021 3:38,10.85
5505,8/18/2021 3:48,10.72
5506,8/18/2021 3:58,10.55
5507,8/18/2021 4:08,10.89
5508,8/18/2021 4:18,10.89
5509,8/18/2021 4:28,12.14
5510,8/18/2021 4:38,12.14
5511,8/18/2021 4:48,11.15
5512,8/18/2021 4:58,10.81
5513,8/18/2021 5:08,10.59
5514,8/18/2021 5:18,10.55
5515,8/18/2021 5:28,10.34
5516,8/18/2021 5:38,10.42
5517,8/18/2021 5:48,10.04
5518,8/18/2021 5:58,10.25
5519,8/18/2021 6:08,10.29
5520,8/18/2021 6:18,10.21
5521,8/18/2021 6:28,10.16
5522,8/18/2021 6:38,10.08
5523,8/18/2021 6:48,10.08
5524,8/18/2021 6:58,10.29
5525,8/18/2021 7:08,10.72
5526,8/18/2021 7:18,11.41
5527,8/18/2021 7:28,12.48
5528,8/18/2021 7:38,13.17
5529,8/18/2021 7:48,14.24
5530,8/18/2021 7:58,15.06
5531,8/18/2021 8:08,15.53
5532,8/18/2021 8:18,16
5533,8/18/2021 8:28,16.56
5534,8/18/2021 8:38,16.64
5535,8/18/2021 8:48,16.9
5536,8/18/2021 8:58,17.03
5537,8/18/2021 9:08,17.11
5538,8/18/2021 9:18,17.41
5539,8/18/2021 9:28,17.41
5540,8/18/2021 9:38,17.37
5541,8/18/2021 9:48,17.46
5542,8/18/2021 9:58,17.5
5543,8/18/2021 10:08,17.59
5544,8/18/2021 10:18,17.5
5545,8/18/2021 10:28,17.63
5546,8/18/2021 10:38,17.67
5547,8/18/2021 10:48,17.72
5548,8/18/2021 10:58,17.84
5549,8/18/2021 11:08,18.06
5550,8/18/2021 11:18,18.44
5551,8/18/2021 11:28,18.62
5552,8/18/2021 11:38,18.83
5553,8/18/2021 11:48,18.92
5554,8/18/2021 11:58,18.96
5555,8/18/2021 12:08,19.09
5556,8/18/2021 12:18,19.13
5557,8/18/2021 12:28,19.22
5558,8/18/2021 12:38,19.43
5559,8/18/2021 12:48,19.73
5560,8/18/2021 12:58,19.95
5561,8/18/2021 13:08,20.12
5562,8/18/2021 13:18,20.29
5563,8/18/2021 13:28,20.33
5564,8/18/2021 13:38,20.5
5565,8/18/2021 13:48,20.76
5566,8/18/2021 13:58,21.15
5567,8/18/2021 14:08,21.28
5568,8/18/2021 14:18,21.32
5569,8/18/2021 14:28,21.4
5570,8/18/2021 14:38,21.58
5571,8/18/2021 14:48,21.36
5572,8/18/2021 14:58,21.32
5573,8/18/2021 15:08,21.32
5574,8/18/2021 15:18,21.02
5575,8/18/2021 15:28,21.1
5576,8/18/2021 15:38,21.06
5577,8/18/2021 15:48,21.06
5578,8/18/2021 15:58,20.98
5579,8/18/2021 16:08,20.8
5580,8/18/2021 16:18,20.59
5581,8/18/2021 16:28,20.5
5582,8/18/2021 16:38,20.07
5583,8/18/2021 16:48,19.73
5584,8/18/2021 16:58,19.47
5585,8/18/2021 17:08,19.26
5586,8/18/2021 17:18,18.96
5587,8/18/2021 17:28,18.66
5588,8/18/2021 17:38,18.4
5589,8/18/2021 17:48,18.23
5590,8/18/2021 17:58,18.19
5591,8/18/2021 18:08,18.53
5592,8/18/2021 18:18,18.79
5593,8/18/2021 18:28,18.74
5594,8/18/2021 18:38,18.62
5595,8/18/2021 18:48,18.36
5596,8/18/2021 18:58,18.02
5597,8/18/2021 19:08,17.63
5598,8/18/2021 19:18,17.37
5599,8/18/2021 19:28,17.29
5600,8/18/2021 19:38,16.99
5601,8/18/2021 19:48,16.77
5602,8/18/2021 19:58,16.64
5603,8/18/2021 20:08,16.6
5604,8/18/2021 20:18,16.47
5605,8/18/2021 20:28,16.34
5606,8/18/2021 20:38,16.3
5607,8/18/2021 20:48,16.34
5608,8/18/2021 20:58,16.3
5609,8/18/2021 21:08,16.3
5610,8/18/2021 21:18,16.3
5611,8/18/2021 21:28,16.43
5612,8/18/2021 21:38,16.56
5613,8/18/2021 21:48,16.69
5614,8/18/2021 21:58,16.73
5615,8/18/2021 22:08,16.9
5616,8/18/2021 22:18,17.2
5617,8/18/2021 22:28,17.41
5618,8/18/2021 22:38,17.59
5619,8/18/2021 22:48,17.67
5620,8/18/2021 22:58,17.67
5621,8/18/2021 23:08,17.89
5622,8/18/2021 23:18,17.93
5623,8/18/2021 23:28,18.14
5624,8/18/2021 23:38,18.06
5625,8/18/2021 23:48,17.97
5626,8/18/2021 23:58,18.06
5627,8/19/2021 0:08,18.06
5628,8/19/2021 0:18,17.8
5629,8/19/2021 0:28,17.76
5630,8/19/2021 0:38,17.67
5631,8/19/2021 0:48,17.5
5632,8/19/2021 0:58,17.29
5633,8/19/2021 1:08,17.11
5634,8/19/2021 1:18,16.64
5635,8/19/2021 1:28,15.01
5636,8/19/2021 1:38,14.33
5637,8/19/2021 1:48,14.54
5638,8/19/2021 1:58,14.63
5639,8/19/2021 2:08,14.71
5640,8/19/2021 2:18,14.75
5641,8/19/2021 2:28,14.75
5642,8/19/2021 2:38,14.88
5643,8/19/2021 2:48,14.93
5644,8/19/2021 2:58,15.06
5645,8/19/2021 3:08,14.97
5646,8/19/2021 3:18,15.14
5647,8/19/2021 3:28,15.18
5648,8/19/2021 3:38,15.23
5649,8/19/2021 3:48,15.18
5650,8/19/2021 3:58,15.18
5651,8/19/2021 4:08,15.1
5652,8/19/2021 4:18,15.06
5653,8/19/2021 4:28,15.1
5654,8/19/2021 4:38,15.01
5655,8/19/2021 4:48,14.97
5656,8/19/2021 4:58,14.97
5657,8/19/2021 5:08,14.88
5658,8/19/2021 5:18,14.84
5659,8/19/2021 5:28,14.75
5660,8/19/2021 5:38,14.75
5661,8/19/2021 5:48,14.8
5662,8/19/2021 5:58,14.84
5663,8/19/2021 6:08,14.88
5664,8/19/2021 6:18,14.88
5665,8/19/2021 6:28,14.97
5666,8/19/2021 6:38,14.93
5667,8/19/2021 6:48,15.01
5668,8/19/2021 6:58,15.06
5669,8/19/2021 7:08,15.18
5670,8/19/2021 7:18,15.31
5671,8/19/2021 7:28,15.31
5672,8/19/2021 7:38,15.61
5673,8/19/2021 7:48,15.74
5674,8/19/2021 7:58,16.08
5675,8/19/2021 8:08,16.3
5676,8/19/2021 8:18,16.39
5677,8/19/2021 8:28,16.64
5678,8/19/2021 8:38,17.41
5679,8/19/2021 8:48,20.59
5680,8/19/2021 8:58,21.83
5681,8/19/2021 9:08,18.79
5682,8/19/2021 9:18,18.57
5683,8/19/2021 9:28,18.83
5684,8/19/2021 9:38,18.79
5685,8/19/2021 9:48,18.36
5686,8/19/2021 9:58,18.32
5687,8/19/2021 10:08,18.32
5688,8/19/2021 10:18,18.36
5689,8/19/2021 10:28,18.27
5690,8/19/2021 10:38,18.19
5691,8/19/2021 10:48,18.1
5692,8/19/2021 10:58,18.06
5693,8/19/2021 11:08,18.02
5694,8/19/2021 11:18,17.97
5695,8/19/2021 11:28,18.02
5696,8/19/2021 11:38,18.14
5697,8/19/2021 11:48,18.02
5698,8/19/2021 11:58,18.19
5699,8/19/2021 12:08,18.44
5700,8/19/2021 12:18,18.96
5701,8/19/2021 12:28,19.26
5702,8/19/2021 12:38,19.47
5703,8/19/2021 12:48,19.77
5704,8/19/2021 12:58,19.77
5705,8/19/2021 13:08,19.95
5706,8/19/2021 13:18,20.12
5707,8/19/2021 13:28,20.37
5708,8/19/2021 13:38,20.55
5709,8/19/2021 13:48,20.55
5710,8/19/2021 13:58,20.72
5711,8/19/2021 14:08,20.89
5712,8/19/2021 14:18,21.32
5713,8/19/2021 14:28,21.66
5714,8/19/2021 14:38,21.88
5715,8/19/2021 14:48,22.65
5716,8/19/2021 14:58,22.95
5717,8/19/2021 15:08,23.25
5718,8/19/2021 15:18,23.68
5719,8/19/2021 15:28,23.51
5720,8/19/2021 15:38,23.38
5721,8/19/2021 15:48,23.46
5722,8/19/2021 15:58,23.34
5723,8/19/2021 16:08,23.34
5724,8/19/2021 16:18,22.78
5725,8/19/2021 16:28,22.56
5726,8/19/2021 16:38,22.52
5727,8/19/2021 16:48,21.79
5728,8/19/2021 16:58,21.53
5729,8/19/2021 17:08,21.36
5730,8/19/2021 17:18,20.93
5731,8/19/2021 17:28,20.68
5732,8/19/2021 17:38,20.25
5733,8/19/2021 17:48,19.99
5734,8/19/2021 17:58,19.65
5735,8/19/2021 18:08,19.35
5736,8/19/2021 18:18,19.13
5737,8/19/2021 18:28,18.87
5738,8/19/2021 18:38,18.57
5739,8/19/2021 18:48,18.49
5740,8/19/2021 18:58,18.53
5741,8/19/2021 19:08,18.44
5742,8/19/2021 19:18,18.44
5743,8/19/2021 19:28,18.36
5744,8/19/2021 19:38,18.23
5745,8/19/2021 19:48,17.97
5746,8/19/2021 19:58,17.84
5747,8/19/2021 20:08,17.63
5748,8/19/2021 20:18,17.67
5749,8/19/2021 20:28,17.72
5750,8/19/2021 20:38,17.54
5751,8/19/2021 20:48,17.2
5752,8/19/2021 20:58,16.56
5753,8/19/2021 21:08,16.6
5754,8/19/2021 21:18,16.39
5755,8/19/2021 21:28,16.39
5756,8/19/2021 21:38,16.3
5757,8/19/2021 21:48,16.3
5758,8/19/2021 21:58,16.26
5759,8/19/2021 22:08,16.26
5760,8/19/2021 22:18,16.26
5761,8/19/2021 22:28,16.34
5762,8/19/2021 22:38,16.51
5763,8/19/2021 22:48,16.69
5764,8/19/2021 22:58,16.9
5765,8/19/2021 23:08,17.07
5766,8/19/2021 23:18,17.24
5767,8/19/2021 23:28,17.41
5768,8/19/2021 23:38,17.72
5769,8/19/2021 23:48,17.63
5770,8/19/2021 23:58,17.93
5771,8/20/2021 0:08,17.97
5772,8/20/2021 0:18,17.97
5773,8/20/2021 0:28,18.1
5774,8/20/2021 0:38,18.06
5775,8/20/2021 0:48,18.06
5776,8/20/2021 0:58,18.1
5777,8/20/2021 1:08,17.89
5778,8/20/2021 1:18,17.93
5779,8/20/2021 1:28,17.89
5780,8/20/2021 1:38,17.8
5781,8/20/2021 1:48,17.63
5782,8/20/2021 1:58,17.54
5783,8/20/2021 2:08,17.33
5784,8/20/2021 2:18,15.7
5785,8/20/2021 2:28,14.8
5786,8/20/2021 2:38,14.71
5787,8/20/2021 2:48,14.71
5788,8/20/2021 2:58,14.71
5789,8/20/2021 3:08,14.67
5790,8/20/2021 3:18,14.75
5791,8/20/2021 3:28,14.93
5792,8/20/2021 3:38,15.01
5793,8/20/2021 3:48,14.88
5794,8/20/2021 3:58,14.88
5795,8/20/2021 4:08,14.84
5796,8/20/2021 4:18,14.84
5797,8/20/2021 4:28,14.58
5798,8/20/2021 4:38,14.93
5799,8/20/2021 4:48,15.06
5800,8/20/2021 4:58,15.01
5801,8/20/2021 5:08,15.1
5802,8/20/2021 5:18,14.93
5803,8/20/2021 5:28,14.8
5804,8/20/2021 5:38,14.84
5805,8/20/2021 5:48,14.8
5806,8/20/2021 5:58,14.93
5807,8/20/2021 6:08,14.93
5808,8/20/2021 6:18,14.93
5809,8/20/2021 6:28,14.88
5810,8/20/2021 6:38,14.8
5811,8/20/2021 6:48,14.88
5812,8/20/2021 6:58,14.97
5813,8/20/2021 7:08,14.97
5814,8/20/2021 7:18,14.93
5815,8/20/2021 7:28,15.14
5816,8/20/2021 7:38,15.23
5817,8/20/2021 7:48,15.14
5818,8/20/2021 7:58,15.31
5819,8/20/2021 8:08,15.31
5820,8/20/2021 8:18,15.31
5821,8/20/2021 8:28,15.36
5822,8/20/2021 8:38,15.44
5823,8/20/2021 8:48,15.66
5824,8/20/2021 8:58,16
5825,8/20/2021 9:08,15.83
5826,8/20/2021 9:18,16.08
5827,8/20/2021 9:28,16.26
5828,8/20/2021 9:38,16.34
5829,8/20/2021 9:48,17.41
5830,8/20/2021 9:58,18.1
5831,8/20/2021 10:08,18.19
5832,8/20/2021 10:18,18.06
5833,8/20/2021 10:28,17.89
5834,8/20/2021 10:38,17.76
5835,8/20/2021 10:48,17.76
5836,8/20/2021 10:58,17.63
5837,8/20/2021 11:08,17.5
5838,8/20/2021 11:18,17.37
5839,8/20/2021 11:28,17.2
5840,8/20/2021 11:38,17.16
5841,8/20/2021 11:48,17.2
5842,8/20/2021 11:58,17.2
5843,8/20/2021 12:08,17.29
5844,8/20/2021 12:18,17.24
5845,8/20/2021 12:28,17.29
5846,8/20/2021 12:38,17.37
5847,8/20/2021 12:48,17.37
5848,8/20/2021 12:58,17.54
5849,8/20/2021 13:08,17.67
5850,8/20/2021 13:18,17.72
5851,8/20/2021 13:28,17.84
5852,8/20/2021 13:38,18.1
5853,8/20/2021 13:48,18.27
5854,8/20/2021 13:58,18.49
5855,8/20/2021 14:08,18.66
5856,8/20/2021 14:18,18.83
5857,8/20/2021 14:28,19
5858,8/20/2021 14:38,19.09
5859,8/20/2021 14:48,19.13
5860,8/20/2021 14:58,19.17
5861,8/20/2021 15:08,19.17
5862,8/20/2021 15:18,19.09
5863,8/20/2021 15:28,19.09
5864,8/20/2021 15:38,19.09
5865,8/20/2021 15:48,19.09
5866,8/20/2021 15:58,19.22
5867,8/20/2021 16:08,19.35
5868,8/20/2021 16:18,19.3
5869,8/20/2021 16:28,19.05
5870,8/20/2021 16:38,18.87
5871,8/20/2021 16:48,19.09
5872,8/20/2021 16:58,19.13
5873,8/20/2021 17:08,19.17
5874,8/20/2021 17:18,19.22
5875,8/20/2021 17:28,19.17
5876,8/20/2021 17:38,19.13
5877,8/20/2021 17:48,19.13
5878,8/20/2021 17:58,19.13
5879,8/20/2021 18:08,19
5880,8/20/2021 18:18,18.83
5881,8/20/2021 18:28,18.7
5882,8/20/2021 18:38,18.62
5883,8/20/2021 18:48,18.49
5884,8/20/2021 18:58,18.44
5885,8/20/2021 19:08,18.27
5886,8/20/2021 19:18,18.1
5887,8/20/2021 19:28,17.76
5888,8/20/2021 19:38,17.54
5889,8/20/2021 19:48,17.37
5890,8/20/2021 19:58,17.37
5891,8/20/2021 20:08,17.29
5892,8/20/2021 20:18,17.33
5893,8/20/2021 20:28,17.11
5894,8/20/2021 20:38,16.9
5895,8/20/2021 20:48,16.86
5896,8/20/2021 20:58,16.6
5897,8/20/2021 21:08,16.34
5898,8/20/2021 21:18,16.17
5899,8/20/2021 21:28,16.08
5900,8/20/2021 21:38,16
5901,8/20/2021 21:48,15.96
5902,8/20/2021 21:58,16.04
5903,8/20/2021 22:08,15.83
5904,8/20/2021 22:18,15.66
5905,8/20/2021 22:28,15.74
5906,8/20/2021 22:38,15.66
5907,8/20/2021 22:48,15.61
5908,8/20/2021 22:58,15.61
5909,8/20/2021 23:08,15.66
5910,8/20/2021 23:18,15.74
5911,8/20/2021 23:28,15.78
5912,8/20/2021 23:38,15.91
5913,8/20/2021 23:48,15.96
5914,8/20/2021 23:58,15.96
5915,8/21/2021 0:08,16.13
5916,8/21/2021 0:18,16.13
5917,8/21/2021 0:28,16.43
5918,8/21/2021 0:38,16.51
5919,8/21/2021 0:48,16.81
5920,8/21/2021 0:58,16.81
5921,8/21/2021 1:08,16.86
5922,8/21/2021 1:18,17.03
5923,8/21/2021 1:28,16.94
5924,8/21/2021 1:38,16.94
5925,8/21/2021 1:48,17.03
5926,8/21/2021 1:58,16.9
5927,8/21/2021 2:08,16.99
5928,8/21/2021 2:18,16.9
5929,8/21/2021 2:28,16.86
5930,8/21/2021 2:38,16.86
5931,8/21/2021 2:48,16.81
5932,8/21/2021 2:58,16.69
5933,8/21/2021 3:08,16.47
5934,8/21/2021 3:18,14.75
5935,8/21/2021 3:28,14.33
5936,8/21/2021 3:38,14.28
5937,8/21/2021 3:48,14.15
5938,8/21/2021 3:58,14.15
5939,8/21/2021 4:08,14.15
5940,8/21/2021 4:18,14.03
5941,8/21/2021 4:28,14.03
5942,8/21/2021 4:38,14.03
5943,8/21/2021 4:48,13.98
5944,8/21/2021 4:58,13.98
5945,8/21/2021 5:08,13.94
5946,8/21/2021 5:18,14.03
5947,8/21/2021 5:28,13.94
5948,8/21/2021 5:38,13.94
5949,8/21/2021 5:48,13.94
5950,8/21/2021 5:58,13.94
5951,8/21/2021 6:08,13.9
5952,8/21/2021 6:18,13.85
5953,8/21/2021 6:28,13.85
5954,8/21/2021 6:38,13.94
5955,8/21/2021 6:48,13.9
5956,8/21/2021 6:58,13.94
5957,8/21/2021 7:08,13.98
5958,8/21/2021 7:18,13.98
5959,8/21/2021 7:28,14.11
5960,8/21/2021 7:38,14.11
5961,8/21/2021 7:48,14.2
5962,8/21/2021 7:58,14.24
5963,8/21/2021 8:08,14.24
5964,8/21/2021 8:18,14.45
5965,8/21/2021 8:28,14.5
5966,8/21/2021 8:38,14.58
5967,8/21/2021 8:48,14.5
5968,8/21/2021 8:58,14.5
5969,8/21/2021 9:08,15.1
5970,8/21/2021 9:18,15.44
5971,8/21/2021 9:28,15.7
5972,8/21/2021 9:38,15.44
5973,8/21/2021 9:48,15.53
5974,8/21/2021 9:58,15.44
5975,8/21/2021 10:08,15.83
5976,8/21/2021 10:18,17.24
5977,8/21/2021 10:28,17.5
5978,8/21/2021 10:38,17.46
5979,8/21/2021 10:48,17.33
5980,8/21/2021 10:58,17.16
5981,8/21/2021 11:08,17.11
5982,8/21/2021 11:18,16.99
5983,8/21/2021 11:28,16.81
5984,8/21/2021 11:38,16.77
5985,8/21/2021 11:48,16.73
5986,8/21/2021 11:58,16.64
5987,8/21/2021 12:08,16.64
5988,8/21/2021 12:18,16.64
5989,8/21/2021 12:28,16.56
5990,8/21/2021 12:38,16.56
5991,8/21/2021 12:48,16.56
5992,8/21/2021 12:58,16.56
5993,8/21/2021 13:08,16.51
5994,8/21/2021 13:18,16.43
5995,8/21/2021 13:28,16.51
5996,8/21/2021 13:38,16.69
5997,8/21/2021 13:48,16.81
5998,8/21/2021 13:58,16.99
5999,8/21/2021 14:08,16.99
6000,8/21/2021 14:18,16.99
6001,8/21/2021 14:28,17.03
6002,8/21/2021 14:38,17.03
6003,8/21/2021 14:48,17.07
6004,8/21/2021 14:58,17.11
6005,8/21/2021 15:08,17.16
6006,8/21/2021 15:18,17.33
6007,8/21/2021 15:28,17.37
6008,8/21/2021 15:38,17.46
6009,8/21/2021 15:48,17.59
6010,8/21/2021 15:58,17.67
6011,8/21/2021 16:08,17.72
6012,8/21/2021 16:18,17.8
6013,8/21/2021 16:28,17.84
6014,8/21/2021 16:38,17.93
6015,8/21/2021 16:48,17.16
6016,8/21/2021 16:58,16.47
6017,8/21/2021 17:08,16.43
6018,8/21/2021 17:18,16.08
6019,8/21/2021 17:28,16.08
6020,8/21/2021 17:38,15.87
6021,8/21/2021 17:48,15.57
6022,8/21/2021 17:58,15.57
6023,8/21/2021 18:08,16.6
6024,8/21/2021 18:18,17.63
6025,8/21/2021 18:28,18.06
6026,8/21/2021 18:38,18.1
6027,8/21/2021 18:48,17.93
6028,8/21/2021 18:58,17.76
6029,8/21/2021 19:08,17.63
6030,8/21/2021 19:18,17.46
6031,8/21/2021 19:28,17.33
6032,8/21/2021 19:38,17.2
6033,8/21/2021 19:48,17.16
6034,8/21/2021 19:58,17.03
6035,8/21/2021 20:08,16.99
6036,8/21/2021 20:18,16.77
6037,8/21/2021 20:28,16.6
6038,8/21/2021 20:38,16.51
6039,8/21/2021 20:48,16.51
6040,8/21/2021 20:58,16.47
6041,8/21/2021 21:08,16.43
6042,8/21/2021 21:18,16.39
6043,8/21/2021 21:28,16.17
6044,8/21/2021 21:38,16.13
6045,8/21/2021 21:48,16.04
6046,8/21/2021 21:58,15.91
6047,8/21/2021 22:08,15.83
6048,8/21/2021 22:18,15.78
6049,8/21/2021 22:28,15.66
6050,8/21/2021 22:38,15.66
6051,8/21/2021 22:48,15.61
6052,8/21/2021 22:58,15.61
6053,8/21/2021 23:08,15.48
6054,8/21/2021 23:18,15.44
6055,8/21/2021 23:28,15.44
6056,8/21/2021 23:38,15.36
6057,8/21/2021 23:48,15.4
6058,8/21/2021 23:58,15.44
6059,8/22/2021 0:08,15.48
6060,8/22/2021 0:18,15.53
6061,8/22/2021 0:28,15.57
6062,8/22/2021 0:38,15.66
6063,8/22/2021 0:48,15.7
6064,8/22/2021 0:58,15.7
6065,8/22/2021 1:08,15.96
6066,8/22/2021 1:18,15.96
6067,8/22/2021 1:28,15.91
6068,8/22/2021 1:38,16
6069,8/22/2021 1:48,16.04
6070,8/22/2021 1:58,16.08
6071,8/22/2021 2:08,16.04
6072,8/22/2021 2:18,16.13
6073,8/22/2021 2:28,16.04
6074,8/22/2021 2:38,15.96
6075,8/22/2021 2:48,16.08
6076,8/22/2021 2:58,16.04
6077,8/22/2021 3:08,16
6078,8/22/2021 3:18,15.96
6079,8/22/2021 3:28,15.91
6080,8/22/2021 3:38,15.83
6081,8/22/2021 3:48,15.74
6082,8/22/2021 3:58,14.71
6083,8/22/2021 4:08,13.77
6084,8/22/2021 4:18,13.81
6085,8/22/2021 4:28,13.68
6086,8/22/2021 4:38,13.6
6087,8/22/2021 4:48,13.6
6088,8/22/2021 4:58,13.6
6089,8/22/2021 5:08,13.47
6090,8/22/2021 5:18,13.47
6091,8/22/2021 5:28,13.51
6092,8/22/2021 5:38,13.51
6093,8/22/2021 5:48,13.51
6094,8/22/2021 5:58,13.47
6095,8/22/2021 6:08,13.34
6096,8/22/2021 6:18,13.51
6097,8/22/2021 6:28,13.47
6098,8/22/2021 6:38,13.38
6099,8/22/2021 6:48,13.55
6100,8/22/2021 6:58,13.55
6101,8/22/2021 7:08,13.47
6102,8/22/2021 7:18,13.47
6103,8/22/2021 7:28,13.51
6104,8/22/2021 7:38,13.55
6105,8/22/2021 7:48,13.64
6106,8/22/2021 7:58,13.6
6107,8/22/2021 8:08,13.68
6108,8/22/2021 8:18,13.73
6109,8/22/2021 8:28,13.85
6110,8/22/2021 8:38,14.03
6111,8/22/2021 8:48,14.11
6112,8/22/2021 8:58,14.37
6113,8/22/2021 9:08,14.41
6114,8/22/2021 9:18,14.8
6115,8/22/2021 9:28,14.97
6116,8/22/2021 9:38,15.1
6117,8/22/2021 9:48,15.27
6118,8/22/2021 9:58,15.57
6119,8/22/2021 10:08,15.78
6120,8/22/2021 10:18,15.91
6121,8/22/2021 10:28,16.13
6122,8/22/2021 10:38,16.64
6123,8/22/2021 10:48,17.46
6124,8/22/2021 10:58,17.24
6125,8/22/2021 11:08,17.16
6126,8/22/2021 11:18,17.11
6127,8/22/2021 11:28,16.94
6128,8/22/2021 11:38,16.94
6129,8/22/2021 11:48,16.81
6130,8/22/2021 11:58,16.86
6131,8/22/2021 12:08,16.77
6132,8/22/2021 12:18,16.81
6133,8/22/2021 12:28,16.81
6134,8/22/2021 12:38,16.99
6135,8/22/2021 12:48,17.03
6136,8/22/2021 12:58,17.03
6137,8/22/2021 13:08,17.07
6138,8/22/2021 13:18,17.16
6139,8/22/2021 13:28,17.2
6140,8/22/2021 13:38,17.2
6141,8/22/2021 13:48,17.24
6142,8/22/2021 13:58,17.29
6143,8/22/2021 14:08,17.59
6144,8/22/2021 14:18,17.97
6145,8/22/2021 14:28,18.32
6146,8/22/2021 14:38,18.49
6147,8/22/2021 14:48,18.87
6148,8/22/2021 14:58,19.05
6149,8/22/2021 15:08,19.39
6150,8/22/2021 15:18,19.56
6151,8/22/2021 15:28,19.86
6152,8/22/2021 15:38,20.07
6153,8/22/2021 15:48,20.5
6154,8/22/2021 15:58,20.76
6155,8/22/2021 16:08,21.1
6156,8/22/2021 16:18,21.23
6157,8/22/2021 16:28,21.4
6158,8/22/2021 16:38,21.7
6159,8/22/2021 16:48,21.75
6160,8/22/2021 16:58,21.75
6161,8/22/2021 17:08,21.88
6162,8/22/2021 17:18,22.01
6163,8/22/2021 17:28,20.12
6164,8/22/2021 17:38,18.7
6165,8/22/2021 17:48,18.4
6166,8/22/2021 17:58,18.1
6167,8/22/2021 18:08,18.06
6168,8/22/2021 18:18,17.07
6169,8/22/2021 18:28,16.26
6170,8/22/2021 18:38,16.26
6171,8/22/2021 18:48,16.26
6172,8/22/2021 18:58,15.83
6173,8/22/2021 19:08,15.57
6174,8/22/2021 19:18,15.78
6175,8/22/2021 19:28,16.73
6176,8/22/2021 19:38,19.13
6177,8/22/2021 19:48,19.65
6178,8/22/2021 19:58,19.69
6179,8/22/2021 20:08,19.65
6180,8/22/2021 20:18,19.52
6181,8/22/2021 20:28,19.39
6182,8/22/2021 20:38,19.26
6183,8/22/2021 20:48,18.87
6184,8/22/2021 20:58,18.57
6185,8/22/2021 21:08,18.32
6186,8/22/2021 21:18,18.06
6187,8/22/2021 21:28,17.97
6188,8/22/2021 21:38,17.97
6189,8/22/2021 21:48,17.93
6190,8/22/2021 21:58,17.89
6191,8/22/2021 22:08,17.76
6192,8/22/2021 22:18,17.67
6193,8/22/2021 22:28,17.54
6194,8/22/2021 22:38,17.33
6195,8/22/2021 22:48,17.24
6196,8/22/2021 22:58,17.24
6197,8/22/2021 23:08,17.16
6198,8/22/2021 23:18,17.07
6199,8/22/2021 23:28,16.94
6200,8/22/2021 23:38,16.9
6201,8/22/2021 23:48,16.77
6202,8/22/2021 23:58,16.73
6203,8/23/2021 0:08,16.64
6204,8/23/2021 0:18,16.69
6205,8/23/2021 0:28,16.73
6206,8/23/2021 0:38,16.69
6207,8/23/2021 0:48,16.73
6208,8/23/2021 0:58,16.69
6209,8/23/2021 1:08,16.69
6210,8/23/2021 1:18,16.77
6211,8/23/2021 1:28,16.81
6212,8/23/2021 1:38,16.86
6213,8/23/2021 1:48,16.94
6214,8/23/2021 1:58,17.03
6215,8/23/2021 2:08,17.11
6216,8/23/2021 2:18,17.16
6217,8/23/2021 2:28,17.2
6218,8/23/2021 2:38,17.2
6219,8/23/2021 2:48,17.29
6220,8/23/2021 2:58,17.2
6221,8/23/2021 3:08,17.07
6222,8/23/2021 3:18,17.03
6223,8/23/2021 3:28,17.03
6224,8/23/2021 3:38,17.03
6225,8/23/2021 3:48,16.9
6226,8/23/2021 3:58,16.86
6227,8/23/2021 4:08,16.77
6228,8/23/2021 4:18,16.73
6229,8/23/2021 4:28,16.64
6230,8/23/2021 4:38,15.87
6231,8/23/2021 4:48,14.45
6232,8/23/2021 4:58,14.15
6233,8/23/2021 5:08,14.15
6234,8/23/2021 5:18,14.03
6235,8/23/2021 5:28,14.03
6236,8/23/2021 5:38,14.03
6237,8/23/2021 5:48,13.98
6238,8/23/2021 5:58,14.03
6239,8/23/2021 6:08,13.85
6240,8/23/2021 6:18,13.9
6241,8/23/2021 6:28,13.77
6242,8/23/2021 6:38,13.9
6243,8/23/2021 6:48,13.94
6244,8/23/2021 6:58,13.98
6245,8/23/2021 7:08,13.94
6246,8/23/2021 7:18,13.9
6247,8/23/2021 7:28,13.94
6248,8/23/2021 7:38,14.03
6249,8/23/2021 7:48,13.94
6250,8/23/2021 7:58,14.11
6251,8/23/2021 8:08,14.11
6252,8/23/2021 8:18,14.28
6253,8/23/2021 8:28,14.37
6254,8/23/2021 8:38,14.5
6255,8/23/2021 8:48,14.58
6256,8/23/2021 8:58,14.67
6257,8/23/2021 9:08,14.75
6258,8/23/2021 9:18,14.84
6259,8/23/2021 9:28,14.93
6260,8/23/2021 9:38,15.14
6261,8/23/2021 9:48,15.14
6262,8/23/2021 9:58,15.48
6263,8/23/2021 10:08,15.66
6264,8/23/2021 10:18,15.53
6265,8/23/2021 10:28,15.91
6266,8/23/2021 10:38,16
6267,8/23/2021 10:48,16.13
6268,8/23/2021 10:58,16.3
6269,8/23/2021 11:08,17.24
6270,8/23/2021 11:18,17.5
6271,8/23/2021 11:28,17.59
6272,8/23/2021 11:38,17.5
6273,8/23/2021 11:48,17.33
6274,8/23/2021 11:58,17.2
6275,8/23/2021 12:08,17.16
6276,8/23/2021 12:18,17.11
6277,8/23/2021 12:28,17.07
6278,8/23/2021 12:38,17.03
6279,8/23/2021 12:48,17.07
6280,8/23/2021 12:58,17.03
6281,8/23/2021 13:08,17.07
6282,8/23/2021 13:18,17.16
6283,8/23/2021 13:28,17.16
6284,8/23/2021 13:38,17.16
6285,8/23/2021 13:48,17.11
6286,8/23/2021 13:58,17.11
6287,8/23/2021 14:08,17.16
6288,8/23/2021 14:18,17.16
6289,8/23/2021 14:28,17.16
6290,8/23/2021 14:38,17.37
6291,8/23/2021 14:48,17.59
6292,8/23/2021 14:58,17.72
6293,8/23/2021 15:08,17.63
6294,8/23/2021 15:18,17.76
6295,8/23/2021 15:28,17.84
6296,8/23/2021 15:38,17.84
6297,8/23/2021 15:48,17.84
6298,8/23/2021 15:58,17.93
6299,8/23/2021 16:08,18.02
6300,8/23/2021 16:18,18.1
6301,8/23/2021 16:28,18.23
6302,8/23/2021 16:38,18.32
6303,8/23/2021 16:48,18.36
6304,8/23/2021 16:58,18.44
6305,8/23/2021 17:08,18.49
6306,8/23/2021 17:18,18.66
6307,8/23/2021 17:28,18.62
6308,8/23/2021 17:38,18.62
6309,8/23/2021 17:48,18.44
6310,8/23/2021 17:58,16.47
6311,8/23/2021 18:08,15.31
6312,8/23/2021 18:18,14.88
6313,8/23/2021 18:28,14.67
6314,8/23/2021 18:38,14.45
6315,8/23/2021 18:48,14.37
6316,8/23/2021 18:58,13.85
6317,8/23/2021 19:08,13.55
6318,8/23/2021 19:18,13.64
6319,8/23/2021 19:28,13.64
6320,8/23/2021 19:38,13.51
6321,8/23/2021 19:48,13.51
6322,8/23/2021 19:58,13.51
6323,8/23/2021 20:08,13.51
6324,8/23/2021 20:18,13.34
6325,8/23/2021 20:28,13.81
6326,8/23/2021 20:38,14.8
6327,8/23/2021 20:48,16.56
6328,8/23/2021 20:58,16.99
6329,8/23/2021 21:08,17.16
6330,8/23/2021 21:18,17.29
6331,8/23/2021 21:28,17.41
6332,8/23/2021 21:38,17.54
6333,8/23/2021 21:48,17.5
6334,8/23/2021 21:58,17.41
6335,8/23/2021 22:08,17.29
6336,8/23/2021 22:18,17.11
6337,8/23/2021 22:28,17.03
6338,8/23/2021 22:38,16.99
6339,8/23/2021 22:48,17.03
6340,8/23/2021 22:58,17.07
6341,8/23/2021 23:08,17.03
6342,8/23/2021 23:18,16.9
6343,8/23/2021 23:28,16.9
6344,8/23/2021 23:38,16.73
6345,8/23/2021 23:48,16.69
6346,8/23/2021 23:58,16.56
6347,8/24/2021 0:08,16.56
6348,8/24/2021 0:18,16.51
6349,8/24/2021 0:28,16.43
6350,8/24/2021 0:38,16.34
6351,8/24/2021 0:48,16.39
6352,8/24/2021 0:58,16.39
6353,8/24/2021 1:08,16.34
6354,8/24/2021 1:18,16.34
6355,8/24/2021 1:28,16.39
6356,8/24/2021 1:38,16.39
6357,8/24/2021 1:48,16.34
6358,8/24/2021 1:58,16.39
6359,8/24/2021 2:08,16.39
6360,8/24/2021 2:18,16.34
6361,8/24/2021 2:28,16.47
6362,8/24/2021 2:38,16.43
6363,8/24/2021 2:48,16.39
6364,8/24/2021 2:58,16.3
6365,8/24/2021 3:08,16.3
6366,8/24/2021 3:18,16.3
6367,8/24/2021 3:28,16.21
6368,8/24/2021 3:38,16.13
6369,8/24/2021 3:48,16
6370,8/24/2021 3:58,16.04
6371,8/24/2021 4:08,16
6372,8/24/2021 4:18,16
6373,8/24/2021 4:28,15.91
6374,8/24/2021 4:38,15.83
6375,8/24/2021 4:48,15.7
6376,8/24/2021 4:58,15.61
6377,8/24/2021 5:08,15.44
6378,8/24/2021 5:18,13.64
6379,8/24/2021 5:28,13.3
6380,8/24/2021 5:38,13.25
6381,8/24/2021 5:48,13.25
6382,8/24/2021 5:58,13.04
6383,8/24/2021 6:08,13.25
6384,8/24/2021 6:18,13.12
6385,8/24/2021 6:28,13.21
6386,8/24/2021 6:38,13.21
6387,8/24/2021 6:48,13.25
6388,8/24/2021 6:58,13.21
6389,8/24/2021 7:08,13.17
6390,8/24/2021 7:18,13.3
6391,8/24/2021 7:28,13.34
6392,8/24/2021 7:38,13.38
6393,8/24/2021 7:48,13.55
6394,8/24/2021 7:58,13.6
6395,8/24/2021 8:08,13.64
6396,8/24/2021 8:18,13.73
6397,8/24/2021 8:28,13.98
6398,8/24/2021 8:38,14.11
6399,8/24/2021 8:48,14.33
6400,8/24/2021 8:58,14.58
6401,8/24/2021 9:08,14.88
6402,8/24/2021 9:18,15.18
6403,8/24/2021 9:28,15.53
6404,8/24/2021 9:38,15.96
6405,8/24/2021 9:48,16.56
6406,8/24/2021 9:58,17.41
6407,8/24/2021 10:08,18.23
6408,8/24/2021 10:18,18.96
6409,8/24/2021 10:28,20.16
6410,8/24/2021 10:38,20.85
6411,8/24/2021 10:48,24.54
6412,8/24/2021 10:58,24.11
6413,8/24/2021 11:08,23.72
6414,8/24/2021 11:18,25.09
6415,8/24/2021 11:28,24.49
6416,8/24/2021 11:38,21.4
6417,8/24/2021 11:48,19.86
6418,8/24/2021 11:58,18.96
6419,8/24/2021 12:08,18.66
6420,8/24/2021 12:18,18.4
6421,8/24/2021 12:28,18.27
6422,8/24/2021 12:38,18.14
6423,8/24/2021 12:48,18.06
6424,8/24/2021 12:58,18.06
6425,8/24/2021 13:08,18.14
6426,8/24/2021 13:18,18.32
6427,8/24/2021 13:28,18.57
6428,8/24/2021 13:38,18.66
6429,8/24/2021 13:48,18.53
6430,8/24/2021 13:58,18.4
6431,8/24/2021 14:08,18.4
6432,8/24/2021 14:18,18.4
6433,8/24/2021 14:28,18.4
6434,8/24/2021 14:38,18.4
6435,8/24/2021 14:48,18.49
6436,8/24/2021 14:58,18.66
6437,8/24/2021 15:08,18.92
6438,8/24/2021 15:18,19.09
6439,8/24/2021 15:28,19.43
6440,8/24/2021 15:38,19.65
6441,8/24/2021 15:48,19.77
6442,8/24/2021 15:58,20.07
6443,8/24/2021 16:08,20.33
6444,8/24/2021 16:18,20.5
6445,8/24/2021 16:28,20.68
6446,8/24/2021 16:38,20.89
6447,8/24/2021 16:48,21.19
6448,8/24/2021 16:58,21.36
6449,8/24/2021 17:08,21.28
6450,8/24/2021 17:18,21.32
6451,8/24/2021 17:28,21.4
6452,8/24/2021 17:38,21.36
6453,8/24/2021 17:48,21.28
6454,8/24/2021 17:58,21.23
6455,8/24/2021 18:08,21.15
6456,8/24/2021 18:18,20.59
6457,8/24/2021 18:28,17.03
6458,8/24/2021 18:38,15.4
6459,8/24/2021 18:48,14.84
6460,8/24/2021 18:58,14.41
6461,8/24/2021 19:08,14.28
6462,8/24/2021 19:18,14.15
6463,8/24/2021 19:28,14.07
6464,8/24/2021 19:38,14.2
6465,8/24/2021 19:48,13.94
6466,8/24/2021 19:58,13.68
6467,8/24/2021 20:08,13.73
6468,8/24/2021 20:18,13.73
6469,8/24/2021 20:28,13.64
6470,8/24/2021 20:38,13.6
6471,8/24/2021 20:48,13.73
6472,8/24/2021 20:58,13.9
6473,8/24/2021 21:08,13.73
6474,8/24/2021 21:18,13.85
6475,8/24/2021 21:28,13.9
6476,8/24/2021 21:38,13.9
6477,8/24/2021 21:48,13.85
6478,8/24/2021 21:58,14.28
6479,8/24/2021 22:08,17.67
6480,8/24/2021 22:18,18.87
6481,8/24/2021 22:28,18.96
6482,8/24/2021 22:38,18.96
6483,8/24/2021 22:48,18.92
6484,8/24/2021 22:58,18.79
6485,8/24/2021 23:08,18.44
6486,8/24/2021 23:18,18.06
6487,8/24/2021 23:28,17.84
6488,8/24/2021 23:38,17.89
6489,8/24/2021 23:48,17.93
6490,8/24/2021 23:58,17.97
6491,8/25/2021 0:08,17.89
6492,8/25/2021 0:18,17.84
6493,8/25/2021 0:28,17.8
6494,8/25/2021 0:38,17.72
6495,8/25/2021 0:48,17.63
6496,8/25/2021 0:58,17.59
6497,8/25/2021 1:08,17.5
6498,8/25/2021 1:18,17.5
6499,8/25/2021 1:28,17.37
6500,8/25/2021 1:38,17.37
6501,8/25/2021 1:48,17.33
6502,8/25/2021 1:58,17.41
6503,8/25/2021 2:08,17.37
6504,8/25/2021 2:18,17.37
6505,8/25/2021 2:28,17.41
6506,8/25/2021 2:38,17.33
6507,8/25/2021 2:48,17.37
6508,8/25/2021 2:58,17.37
6509,8/25/2021 3:08,17.37
6510,8/25/2021 3:18,17.37
6511,8/25/2021 3:28,17.41
6512,8/25/2021 3:38,17.37
6513,8/25/2021 3:48,17.37
6514,8/25/2021 3:58,17.37
6515,8/25/2021 4:08,17.24
6516,8/25/2021 4:18,17.2
6517,8/25/2021 4:28,17.11
6518,8/25/2021 4:38,17.11
6519,8/25/2021 4:48,17.07
6520,8/25/2021 4:58,17.03
6521,8/25/2021 5:08,16.9
6522,8/25/2021 5:18,16.81
6523,8/25/2021 5:28,16.56
6524,8/25/2021 5:38,16.08
6525,8/25/2021 5:48,13.43
6526,8/25/2021 5:58,12.87
6527,8/25/2021 6:08,12.74
6528,8/25/2021 6:18,12.95
6529,8/25/2021 6:28,12.82
6530,8/25/2021 6:38,12.78
6531,8/25/2021 6:48,12.78
6532,8/25/2021 6:58,13.08
6533,8/25/2021 7:08,13.04
6534,8/25/2021 7:18,13.17
6535,8/25/2021 7:28,12.87
6536,8/25/2021 7:38,13.12
6537,8/25/2021 7:48,13.38
6538,8/25/2021 7:58,13.43
6539,8/25/2021 8:08,13.73
6540,8/25/2021 8:18,13.77
6541,8/25/2021 8:28,13.94
6542,8/25/2021 8:38,14.2
6543,8/25/2021 8:48,14.11
6544,8/25/2021 8:58,14.07
6545,8/25/2021 9:08,14.24
6546,8/25/2021 9:18,14.58
6547,8/25/2021 9:28,14.84
6548,8/25/2021 9:38,14.97
6549,8/25/2021 9:48,15.4
6550,8/25/2021 9:58,15.91
6551,8/25/2021 10:08,16.51
6552,8/25/2021 10:18,17.11
6553,8/25/2021 10:28,17.93
6554,8/25/2021 10:38,19.22
6555,8/25/2021 10:48,20.63
6556,8/25/2021 10:58,22.22
6557,8/25/2021 11:08,22.18
6558,8/25/2021 11:18,22.95
6559,8/25/2021 11:28,24.58
6560,8/25/2021 11:38,25.61
6561,8/25/2021 11:48,25.74
6562,8/25/2021 11:58,21.53
6563,8/25/2021 12:08,20.42
6564,8/25/2021 12:18,20.03
6565,8/25/2021 12:28,19.73
6566,8/25/2021 12:38,19.39
6567,8/25/2021 12:48,19.17
6568,8/25/2021 12:58,19.13
6569,8/25/2021 13:08,18.92
6570,8/25/2021 13:18,19
6571,8/25/2021 13:28,19.13
6572,8/25/2021 13:38,19.09
6573,8/25/2021 13:48,19.05
6574,8/25/2021 13:58,19.17
6575,8/25/2021 14:08,18.96
6576,8/25/2021 14:18,18.83
6577,8/25/2021 14:28,18.83
6578,8/25/2021 14:38,18.83
6579,8/25/2021 14:48,18.83
6580,8/25/2021 14:58,18.66
6581,8/25/2021 15:08,18.7
6582,8/25/2021 15:18,18.74
6583,8/25/2021 15:28,18.79
6584,8/25/2021 15:38,19.09
6585,8/25/2021 15:48,19.35
6586,8/25/2021 15:58,19.65
6587,8/25/2021 16:08,19.69
6588,8/25/2021 16:18,19.99
6589,8/25/2021 16:28,20.07
6590,8/25/2021 16:38,20.37
6591,8/25/2021 16:48,20.5
6592,8/25/2021 16:58,20.55
6593,8/25/2021 17:08,20.63
6594,8/25/2021 17:18,20.8
6595,8/25/2021 17:28,20.89
6596,8/25/2021 17:38,20.98
6597,8/25/2021 17:48,21.02
6598,8/25/2021 17:58,20.93
6599,8/25/2021 18:08,20.89
6600,8/25/2021 18:18,20.68
6601,8/25/2021 18:28,20.55
6602,8/25/2021 18:38,20.2
6603,8/25/2021 18:48,18.74
6604,8/25/2021 18:58,14.71
6605,8/25/2021 19:08,13.94
6606,8/25/2021 19:18,13.64
6607,8/25/2021 19:28,13.43
6608,8/25/2021 19:38,13.34
6609,8/25/2021 19:48,13.51
6610,8/25/2021 19:58,13.73
6611,8/25/2021 20:08,13.73
6612,8/25/2021 20:18,13.6
6613,8/25/2021 20:28,13.64
6614,8/25/2021 20:38,13.85
6615,8/25/2021 20:48,13.85
6616,8/25/2021 20:58,13.85
6617,8/25/2021 21:08,14.03
6618,8/25/2021 21:18,13.98
6619,8/25/2021 21:28,14.03
6620,8/25/2021 21:38,14.11
6621,8/25/2021 21:48,14.07
6622,8/25/2021 21:58,13.98
6623,8/25/2021 22:08,14.03
6624,8/25/2021 22:18,14.07
6625,8/25/2021 22:28,14.15
6626,8/25/2021 22:38,14.11
6627,8/25/2021 22:48,14.07
6628,8/25/2021 22:58,13.9
6629,8/25/2021 23:08,15.66
6630,8/25/2021 23:18,17.67
6631,8/25/2021 23:28,18.23
6632,8/25/2021 23:38,18.23
6633,8/25/2021 23:48,18.36
6634,8/25/2021 23:58,18.36
6635,8/26/2021 0:08,18.36
6636,8/26/2021 0:18,18.36
6637,8/26/2021 0:28,18.23
6638,8/26/2021 0:38,18.06
6639,8/26/2021 0:48,17.97
6640,8/26/2021 0:58,17.93
6641,8/26/2021 1:08,17.84
6642,8/26/2021 1:18,17.89
6643,8/26/2021 1:28,17.89
6644,8/26/2021 1:38,17.84
6645,8/26/2021 1:48,17.8
6646,8/26/2021 1:58,17.8
6647,8/26/2021 2:08,17.76
6648,8/26/2021 2:18,17.67
6649,8/26/2021 2:28,17.72
6650,8/26/2021 2:38,17.63
6651,8/26/2021 2:48,17.63
6652,8/26/2021 2:58,17.67
6653,8/26/2021 3:08,17.5
6654,8/26/2021 3:18,17.46
6655,8/26/2021 3:28,17.41
6656,8/26/2021 3:38,17.24
6657,8/26/2021 3:48,17.33
6658,8/26/2021 3:58,17.33
6659,8/26/2021 4:08,17.24
6660,8/26/2021 4:18,17.11
6661,8/26/2021 4:28,17.03
6662,8/26/2021 4:38,16.99
6663,8/26/2021 4:48,17.03
6664,8/26/2021 4:58,16.94
6665,8/26/2021 5:08,16.81
6666,8/26/2021 5:18,16.73
6667,8/26/2021 5:28,16.69
6668,8/26/2021 5:38,16.6
6669,8/26/2021 5:48,16.47
6670,8/26/2021 5:58,16.39
6671,8/26/2021 6:08,15.96
6672,8/26/2021 6:18,13.81
6673,8/26/2021 6:28,13.51
6674,8/26/2021 6:38,13.38
6675,8/26/2021 6:48,13.43
6676,8/26/2021 6:58,13.47
6677,8/26/2021 7:08,13.51
6678,8/26/2021 7:18,13.55
6679,8/26/2021 7:28,13.47
6680,8/26/2021 7:38,13.43
6681,8/26/2021 7:48,13.55
6682,8/26/2021 7:58,13.51
6683,8/26/2021 8:08,13.68
6684,8/26/2021 8:18,14.03
6685,8/26/2021 8:28,14.11
6686,8/26/2021 8:38,14.24
6687,8/26/2021 8:48,14.63
6688,8/26/2021 8:58,15.18
6689,8/26/2021 9:08,15.87
6690,8/26/2021 9:18,16.77
6691,8/26/2021 9:28,20.85
6692,8/26/2021 9:38,22.69
6693,8/26/2021 9:48,23.81
6694,8/26/2021 9:58,25.91
6695,8/26/2021 10:08,26.9
6696,8/26/2021 10:18,25.39
6697,8/26/2021 10:28,25.27
6698,8/26/2021 10:38,25.01
6699,8/26/2021 10:48,24.54
6700,8/26/2021 10:58,24.32
6701,8/26/2021 11:08,24.62
6702,8/26/2021 11:18,24.71
6703,8/26/2021 11:28,24.66
6704,8/26/2021 11:38,25.01
6705,8/26/2021 11:48,25.14
6706,8/26/2021 11:58,25.91
6707,8/26/2021 12:08,24.92
6708,8/26/2021 12:18,22.91
6709,8/26/2021 12:28,22.01
6710,8/26/2021 12:38,21.53
6711,8/26/2021 12:48,20.76
6712,8/26/2021 12:58,20.25
6713,8/26/2021 13:08,19.9
6714,8/26/2021 13:18,19.82
6715,8/26/2021 13:28,19.77
6716,8/26/2021 13:38,19.82
6717,8/26/2021 13:48,19.77
6718,8/26/2021 13:58,19.77
6719,8/26/2021 14:08,19.73
6720,8/26/2021 14:18,19.77
6721,8/26/2021 14:28,19.73
6722,8/26/2021 14:38,19.6
6723,8/26/2021 14:48,19.6
6724,8/26/2021 14:58,19.6
6725,8/26/2021 15:08,19.6
6726,8/26/2021 15:18,19.56
6727,8/26/2021 15:28,19.47
6728,8/26/2021 15:38,19.3
6729,8/26/2021 15:48,19.26
6730,8/26/2021 15:58,19.39
6731,8/26/2021 16:08,19.52
6732,8/26/2021 16:18,20.03
6733,8/26/2021 16:28,20.29
6734,8/26/2021 16:38,20.42
6735,8/26/2021 16:48,20.68
6736,8/26/2021 16:58,20.93
6737,8/26/2021 17:08,21.15
6738,8/26/2021 17:18,21.23
6739,8/26/2021 17:28,21.45
6740,8/26/2021 17:38,21.53
6741,8/26/2021 17:48,21.7
6742,8/26/2021 17:58,21.75
6743,8/26/2021 18:08,21.79
6744,8/26/2021 18:18,21.83
6745,8/26/2021 18:28,21.88
6746,8/26/2021 18:38,21.79
6747,8/26/2021 18:48,21.62
6748,8/26/2021 18:58,21.45
6749,8/26/2021 19:08,21.06
6750,8/26/2021 19:18,20.8
6751,8/26/2021 19:28,20.12
6752,8/26/2021 19:38,16.6
6753,8/26/2021 19:48,15.57
6754,8/26/2021 19:58,15.36
6755,8/26/2021 20:08,15.23
6756,8/26/2021 20:18,15.06
6757,8/26/2021 20:28,15.14
6758,8/26/2021 20:38,15.14
6759,8/26/2021 20:48,15.06
6760,8/26/2021 20:58,15.06
6761,8/26/2021 21:08,15.06
6762,8/26/2021 21:18,15.06
6763,8/26/2021 21:28,14.93
6764,8/26/2021 21:38,14.93
6765,8/26/2021 21:48,14.8
6766,8/26/2021 21:58,14.8
6767,8/26/2021 22:08,14.84
6768,8/26/2021 22:18,14.71
6769,8/26/2021 22:28,14.8
6770,8/26/2021 22:38,14.63
6771,8/26/2021 22:48,14.63
6772,8/26/2021 22:58,14.58
6773,8/26/2021 23:08,14.5
6774,8/26/2021 23:18,14.37
6775,8/26/2021 23:28,14.2
6776,8/26/2021 23:38,14.28
6777,8/26/2021 23:48,14.2
6778,8/26/2021 23:58,14.15
6779,8/27/2021 0:08,14.2
6780,8/27/2021 0:18,15.06
6781,8/27/2021 0:28,17.63
6782,8/27/2021 0:38,18.49
6783,8/27/2021 0:48,18.66
6784,8/27/2021 0:58,18.83
6785,8/27/2021 1:08,18.87
6786,8/27/2021 1:18,18.87
6787,8/27/2021 1:28,18.92
6788,8/27/2021 1:38,18.87
6789,8/27/2021 1:48,18.74
6790,8/27/2021 1:58,18.62
6791,8/27/2021 2:08,18.44
6792,8/27/2021 2:18,18.32
6793,8/27/2021 2:28,18.23
6794,8/27/2021 2:38,18.19
6795,8/27/2021 2:48,18.1
6796,8/27/2021 2:58,18.02
6797,8/27/2021 3:08,17.97
6798,8/27/2021 3:18,17.93
6799,8/27/2021 3:28,17.93
6800,8/27/2021 3:38,17.89
6801,8/27/2021 3:48,17.84
6802,8/27/2021 3:58,17.76
6803,8/27/2021 4:08,17.72
6804,8/27/2021 4:18,17.46
6805,8/27/2021 4:28,17.5
6806,8/27/2021 4:38,17.54
6807,8/27/2021 4:48,17.37
6808,8/27/2021 4:58,17.33
6809,8/27/2021 5:08,17.24
6810,8/27/2021 5:18,17.2
6811,8/27/2021 5:28,17.2
6812,8/27/2021 5:38,17.16
6813,8/27/2021 5:48,17.03
6814,8/27/2021 5:58,16.77
6815,8/27/2021 6:08,16.6
6816,8/27/2021 6:18,16.51
6817,8/27/2021 6:28,16.34
6818,8/27/2021 6:38,16.21
6819,8/27/2021 6:48,15.96
6820,8/27/2021 6:58,14.67
6821,8/27/2021 7:08,15.4
6822,8/27/2021 7:18,16.39
6823,8/27/2021 7:28,16.69
6824,8/27/2021 7:38,17.76
6825,8/27/2021 7:48,18.83
6826,8/27/2021 7:58,21.06
6827,8/27/2021 8:08,20.63
6828,8/27/2021 8:18,20.93
6829,8/27/2021 8:28,22.13
6830,8/27/2021 8:38,23.08
6831,8/27/2021 8:48,24.28
6832,8/27/2021 8:58,26.25
6833,8/27/2021 9:08,27.88
6834,8/27/2021 9:18,28.1
6835,8/27/2021 9:28,29.21
6836,8/27/2021 9:38,30.76
6837,8/27/2021 9:48,31.19
6838,8/27/2021 9:58,31.27
6839,8/27/2021 10:08,30.11
6840,8/27/2021 10:18,28.91
6841,8/27/2021 10:28,28.31
6842,8/27/2021 10:38,28.01
6843,8/27/2021 10:48,28.44
6844,8/27/2021 10:58,28.91
6845,8/27/2021 11:08,29.04
6846,8/27/2021 11:18,29.94
6847,8/27/2021 11:28,31.57
6848,8/27/2021 11:38,32.13
6849,8/27/2021 11:48,32.82
6850,8/27/2021 11:58,25.69
6851,8/27/2021 12:08,23.68
6852,8/27/2021 12:18,22.99
6853,8/27/2021 12:28,22.69
6854,8/27/2021 12:38,22.18
6855,8/27/2021 12:48,21.49
6856,8/27/2021 12:58,20.76
6857,8/27/2021 13:08,20.42
6858,8/27/2021 13:18,20.37
6859,8/27/2021 13:28,20.37
6860,8/27/2021 13:38,20.33
6861,8/27/2021 13:48,20.37
6862,8/27/2021 13:58,20.37
6863,8/27/2021 14:08,20.25
6864,8/27/2021 14:18,20.2
6865,8/27/2021 14:28,20.16
6866,8/27/2021 14:38,20.12
6867,8/27/2021 14:48,20.03
6868,8/27/2021 14:58,20.07
6869,8/27/2021 15:08,19.95
6870,8/27/2021 15:18,19.82
6871,8/27/2021 15:28,19.69
6872,8/27/2021 15:38,19.6
6873,8/27/2021 15:48,19.3
6874,8/27/2021 15:58,19.65
6875,8/27/2021 16:08,19.69
6876,8/27/2021 16:18,19.69
6877,8/27/2021 16:28,19.77
6878,8/27/2021 16:38,19.9
6879,8/27/2021 16:48,20.16
6880,8/27/2021 16:58,20.5
6881,8/27/2021 17:08,20.8
6882,8/27/2021 17:18,21.02
6883,8/27/2021 17:28,21.1
6884,8/27/2021 17:38,21.06
6885,8/27/2021 17:48,21.28
6886,8/27/2021 17:58,21.4
6887,8/27/2021 18:08,21.49
6888,8/27/2021 18:18,21.66
6889,8/27/2021 18:28,21.75
6890,8/27/2021 18:38,21.92
6891,8/27/2021 18:48,22.01
6892,8/27/2021 18:58,22.01
6893,8/27/2021 19:08,22.05
6894,8/27/2021 19:18,22.13
6895,8/27/2021 19:28,22.05
6896,8/27/2021 19:38,21.79
6897,8/27/2021 19:48,21.58
6898,8/27/2021 19:58,21.23
6899,8/27/2021 20:08,20.98
6900,8/27/2021 20:18,20.63
6901,8/27/2021 20:28,18.7
6902,8/27/2021 20:38,16.3
6903,8/27/2021 20:48,15.78
6904,8/27/2021 20:58,15.74
6905,8/27/2021 21:08,15.74
6906,8/27/2021 21:18,15.57
6907,8/27/2021 21:28,15.57
6908,8/27/2021 21:38,15.61
6909,8/27/2021 21:48,15.61
6910,8/27/2021 21:58,15.53
6911,8/27/2021 22:08,15.53
6912,8/27/2021 22:18,15.61
6913,8/27/2021 22:28,15.66
6914,8/27/2021 22:38,15.61
6915,8/27/2021 22:48,15.48
6916,8/27/2021 22:58,15.4
6917,8/27/2021 23:08,15.44
6918,8/27/2021 23:18,15.31
6919,8/27/2021 23:28,15.4
6920,8/27/2021 23:38,15.48
6921,8/27/2021 23:48,15.53
6922,8/27/2021 23:58,15.44
6923,8/28/2021 0:08,15.4
6924,8/28/2021 0:18,15.57
6925,8/28/2021 0:28,15.48
6926,8/28/2021 0:38,15.53
6927,8/28/2021 0:48,15.57
6928,8/28/2021 0:58,15.57
6929,8/28/2021 1:08,15.7
6930,8/28/2021 1:18,15.7
6931,8/28/2021 1:28,16.13
6932,8/28/2021 1:38,17.2
6933,8/28/2021 1:48,17.89
6934,8/28/2021 1:58,18.27
6935,8/28/2021 2:08,18.57
6936,8/28/2021 2:18,18.96
6937,8/28/2021 2:28,19.05
6938,8/28/2021 2:38,19.09
6939,8/28/2021 2:48,19.05
6940,8/28/2021 2:58,19.13
6941,8/28/2021 3:08,19.13
6942,8/28/2021 3:18,19.05
6943,8/28/2021 3:28,18.87
6944,8/28/2021 3:38,18.74
6945,8/28/2021 3:48,18.74
6946,8/28/2021 3:58,18.62
6947,8/28/2021 4:08,18.49
6948,8/28/2021 4:18,18.4
6949,8/28/2021 4:28,18.32
6950,8/28/2021 4:38,18.23
6951,8/28/2021 4:48,18.19
6952,8/28/2021 4:58,18.1
6953,8/28/2021 5:08,18.02
6954,8/28/2021 5:18,18.02
6955,8/28/2021 5:28,17.89
6956,8/28/2021 5:38,17.89
6957,8/28/2021 5:48,17.84
6958,8/28/2021 5:58,17.8
6959,8/28/2021 6:08,17.76
6960,8/28/2021 6:18,17.67
6961,8/28/2021 6:28,17.59
6962,8/28/2021 6:38,17.46
6963,8/28/2021 6:48,17.29
6964,8/28/2021 6:58,17.11
6965,8/28/2021 7:08,17.07
6966,8/28/2021 7:18,16.94
6967,8/28/2021 7:28,16.94
6968,8/28/2021 7:38,16.86
6969,8/28/2021 7:48,16.94
6970,8/28/2021 7:58,17.07
6971,8/28/2021 8:08,18.1
6972,8/28/2021 8:18,21.28
6973,8/28/2021 8:28,19.69
6974,8/28/2021 8:38,21.92
6975,8/28/2021 8:48,24.54
6976,8/28/2021 8:58,26.04
6977,8/28/2021 9:08,25.22
6978,8/28/2021 9:18,25.14
6979,8/28/2021 9:28,26.12
6980,8/28/2021 9:38,25.69
6981,8/28/2021 9:48,26.21
6982,8/28/2021 9:58,27.45
6983,8/28/2021 10:08,29.94
6984,8/28/2021 10:18,33.55
6985,8/28/2021 10:28,31.31
6986,8/28/2021 10:38,30.59
6987,8/28/2021 10:48,29.73
6988,8/28/2021 10:58,28.87
6989,8/28/2021 11:08,27.63
6990,8/28/2021 11:18,27.63
6991,8/28/2021 11:28,25.61
6992,8/28/2021 11:38,24.02
6993,8/28/2021 11:48,23.68
6994,8/28/2021 11:58,23.25
6995,8/28/2021 12:08,22.82
6996,8/28/2021 12:18,22.61
6997,8/28/2021 12:28,22.26
6998,8/28/2021 12:38,21.88
6999,8/28/2021 12:48,21.45
7000,8/28/2021 12:58,21.1
7001,8/28/2021 13:08,20.93
7002,8/28/2021 13:18,20.72
7003,8/28/2021 13:28,20.5
7004,8/28/2021 13:38,20.42
7005,8/28/2021 13:48,20.33
7006,8/28/2021 13:58,20.29
7007,8/28/2021 14:08,20.29
7008,8/28/2021 14:18,20.25
7009,8/28/2021 14:28,20.29
7010,8/28/2021 14:38,20.25
7011,8/28/2021 14:48,20.2
7012,8/28/2021 14:58,20.2
7013,8/28/2021 15:08,20.03
7014,8/28/2021 15:18,19.95
7015,8/28/2021 15:28,19.86
7016,8/28/2021 15:38,19.73
7017,8/28/2021 15:48,19.56
7018,8/28/2021 15:58,19.43
7019,8/28/2021 16:08,19.52
7020,8/28/2021 16:18,19.6
7021,8/28/2021 16:28,19.69
7022,8/28/2021 16:38,19.73
7023,8/28/2021 16:48,19.82
7024,8/28/2021 16:58,19.9
7025,8/28/2021 17:08,19.99
7026,8/28/2021 17:18,20.16
7027,8/28/2021 17:28,20.29
7028,8/28/2021 17:38,20.55
7029,8/28/2021 17:48,20.63
7030,8/28/2021 17:58,20.59
7031,8/28/2021 18:08,20.85
7032,8/28/2021 18:18,21.06
7033,8/28/2021 18:28,21.15
7034,8/28/2021 18:38,21.32
7035,8/28/2021 18:48,21.4
7036,8/28/2021 18:58,21.62
7037,8/28/2021 19:08,21.75
7038,8/28/2021 19:18,21.75
7039,8/28/2021 19:28,21.62
7040,8/28/2021 19:38,21.62
7041,8/28/2021 19:48,21.83
7042,8/28/2021 19:58,21.79
7043,8/28/2021 20:08,21.7
7044,8/28/2021 20:18,21.7
7045,8/28/2021 20:28,21.49
7046,8/28/2021 20:38,21.15
7047,8/28/2021 20:48,20.76
7048,8/28/2021 20:58,20.46
7049,8/28/2021 21:08,20.07
7050,8/28/2021 21:18,17.72
7051,8/28/2021 21:28,15.78
7052,8/28/2021 21:38,16.64
7053,8/28/2021 21:48,17.16
7054,8/28/2021 21:58,17.29
7055,8/28/2021 22:08,16.64
7056,8/28/2021 22:18,16.56
7057,8/28/2021 22:28,16.13
7058,8/28/2021 22:38,16
7059,8/28/2021 22:48,16.08
7060,8/28/2021 22:58,16.13
7061,8/28/2021 23:08,16.3
7062,8/28/2021 23:18,16.17
7063,8/28/2021 23:28,16
7064,8/28/2021 23:38,16
7065,8/28/2021 23:48,15.83
7066,8/28/2021 23:58,16
7067,8/29/2021 0:08,16.17
7068,8/29/2021 0:18,15.87
7069,8/29/2021 0:28,15.83
7070,8/29/2021 0:38,15.91
7071,8/29/2021 0:48,15.78
7072,8/29/2021 0:58,15.96
7073,8/29/2021 1:08,15.87
7074,8/29/2021 1:18,15.78
7075,8/29/2021 1:28,15.74
7076,8/29/2021 1:38,15.66
7077,8/29/2021 1:48,15.61
7078,8/29/2021 1:58,15.53
7079,8/29/2021 2:08,15.4
7080,8/29/2021 2:18,15.66
7081,8/29/2021 2:28,15.57
7082,8/29/2021 2:38,15.57
7083,8/29/2021 2:48,14.45
7084,8/29/2021 2:58,13.77
7085,8/29/2021 3:08,14.88
7086,8/29/2021 3:18,17.11
7087,8/29/2021 3:28,18.1
7088,8/29/2021 3:38,18.57
7089,8/29/2021 3:48,18.79
7090,8/29/2021 3:58,18.92
7091,8/29/2021 4:08,18.32
7092,8/29/2021 4:18,18.87
7093,8/29/2021 4:28,19.09
7094,8/29/2021 4:38,18.96
7095,8/29/2021 4:48,19
7096,8/29/2021 4:58,18.96
7097,8/29/2021 5:08,18.87
7098,8/29/2021 5:18,18.83
7099,8/29/2021 5:28,18.66
7100,8/29/2021 5:38,18.7
7101,8/29/2021 5:48,18.7
7102,8/29/2021 5:58,18.7
7103,8/29/2021 6:08,18.57
7104,8/29/2021 6:18,18.4
7105,8/29/2021 6:28,18.44
7106,8/29/2021 6:38,18.44
7107,8/29/2021 6:48,18.4
7108,8/29/2021 6:58,18.44
7109,8/29/2021 7:08,18.44
7110,8/29/2021 7:18,18.32
7111,8/29/2021 7:28,18.27
7112,8/29/2021 7:38,18.19
7113,8/29/2021 7:48,18.14
7114,8/29/2021 7:58,18.14
7115,8/29/2021 8:08,18.1
7116,8/29/2021 8:18,18.1
7117,8/29/2021 8:28,18.06
7118,8/29/2021 8:38,18.06
7119,8/29/2021 8:48,18.1
7120,8/29/2021 8:58,18.14
7121,8/29/2021 9:08,18.23
7122,8/29/2021 9:18,18.4
7123,8/29/2021 9:28,18.53
7124,8/29/2021 9:38,18.92
7125,8/29/2021 9:48,19.69
7126,8/29/2021 9:58,19.69
7127,8/29/2021 10:08,21.06
7128,8/29/2021 10:18,23.46
7129,8/29/2021 10:28,22.48
7130,8/29/2021 10:38,21.7
7131,8/29/2021 10:48,22.09
7132,8/29/2021 10:58,22.13
7133,8/29/2021 11:08,22.69
7134,8/29/2021 11:18,23.29
7135,8/29/2021 11:28,23.51
7136,8/29/2021 11:38,23.38
7137,8/29/2021 11:48,23.03
7138,8/29/2021 11:58,22.35
7139,8/29/2021 12:08,22.26
7140,8/29/2021 12:18,22.43
7141,8/29/2021 12:28,22.39
7142,8/29/2021 12:38,22.35
7143,8/29/2021 12:48,22.35
7144,8/29/2021 12:58,22.01
7145,8/29/2021 13:08,21.88
7146,8/29/2021 13:18,21.79
7147,8/29/2021 13:28,21.66
7148,8/29/2021 13:38,21.4
7149,8/29/2021 13:48,21.28
7150,8/29/2021 13:58,21.32
7151,8/29/2021 14:08,20.98
7152,8/29/2021 14:18,20.76
7153,8/29/2021 14:28,20.59
7154,8/29/2021 14:38,20.63
7155,8/29/2021 14:48,20.68
7156,8/29/2021 14:58,20.63
7157,8/29/2021 15:08,20.59
7158,8/29/2021 15:18,20.63
7159,8/29/2021 15:28,20.63
7160,8/29/2021 15:38,20.55
7161,8/29/2021 15:48,20.5
7162,8/29/2021 15:58,20.42
7163,8/29/2021 16:08,20.29
7164,8/29/2021 16:18,20.03
7165,8/29/2021 16:28,19.99
7166,8/29/2021 16:38,19.77
7167,8/29/2021 16:48,19.65
7168,8/29/2021 16:58,19.69
7169,8/29/2021 17:08,19.56
7170,8/29/2021 17:18,19.43
7171,8/29/2021 17:28,19.69
7172,8/29/2021 17:38,19.69
7173,8/29/2021 17:48,19.69
7174,8/29/2021 17:58,19.77
7175,8/29/2021 18:08,19.9
7176,8/29/2021 18:18,19.99
7177,8/29/2021 18:28,20.03
7178,8/29/2021 18:38,20.12
7179,8/29/2021 18:48,20.16
7180,8/29/2021 18:58,20.2
7181,8/29/2021 19:08,20.25
7182,8/29/2021 19:18,20.16
7183,8/29/2021 19:28,20.25
7184,8/29/2021 19:38,20.25
7185,8/29/2021 19:48,20.29
7186,8/29/2021 19:58,20.29
7187,8/29/2021 20:08,20.29
7188,8/29/2021 20:18,20.29
7189,8/29/2021 20:28,20.16
7190,8/29/2021 20:38,20.12
7191,8/29/2021 20:48,19.99
7192,8/29/2021 20:58,19.95
7193,8/29/2021 21:08,19.77
7194,8/29/2021 21:18,19.6
7195,8/29/2021 21:28,19.47
7196,8/29/2021 21:38,19.35
7197,8/29/2021 21:48,19.22
7198,8/29/2021 21:58,17.5
7199,8/29/2021 22:08,14.88
7200,8/29/2021 22:18,14.07
7201,8/29/2021 22:28,13.98
7202,8/29/2021 22:38,13.85
7203,8/29/2021 22:48,13.85
7204,8/29/2021 22:58,13.94
7205,8/29/2021 23:08,13.9
7206,8/29/2021 23:18,13.81
7207,8/29/2021 23:28,13.9
7208,8/29/2021 23:38,13.9
7209,8/29/2021 23:48,13.77
7210,8/29/2021 23:58,13.85
7211,8/30/2021 0:08,13.81
7212,8/30/2021 0:18,13.77
7213,8/30/2021 0:28,13.9
7214,8/30/2021 0:38,13.98
7215,8/30/2021 0:48,13.94
7216,8/30/2021 0:58,13.98
7217,8/30/2021 1:08,13.9
7218,8/30/2021 1:18,13.81
7219,8/30/2021 1:28,13.81
7220,8/30/2021 1:38,13.77
7221,8/30/2021 1:48,13.77
7222,8/30/2021 1:58,13.73
7223,8/30/2021 2:08,13.81
7224,8/30/2021 2:18,14.07
7225,8/30/2021 2:28,13.98
7226,8/30/2021 2:38,13.98
7227,8/30/2021 2:48,13.94
7228,8/30/2021 2:58,14.03
7229,8/30/2021 3:08,14.33
7230,8/30/2021 3:18,14.2
7231,8/30/2021 3:28,14.15
7232,8/30/2021 3:38,14.41
7233,8/30/2021 3:48,14.58
7234,8/30/2021 3:58,14.41
7235,8/30/2021 4:08,14.63
7236,8/30/2021 4:18,14.75
7237,8/30/2021 4:28,15.66
7238,8/30/2021 4:38,16.51
7239,8/30/2021 4:48,16.94
7240,8/30/2021 4:58,17.72
7241,8/30/2021 5:08,17.63
7242,8/30/2021 5:18,17.89
7243,8/30/2021 5:28,18.19
7244,8/30/2021 5:38,18.23
7245,8/30/2021 5:48,18.32
7246,8/30/2021 5:58,18.49
7247,8/30/2021 6:08,18.49
7248,8/30/2021 6:18,18.36
7249,8/30/2021 6:28,18.4
7250,8/30/2021 6:38,18.32
7251,8/30/2021 6:48,18.32
7252,8/30/2021 6:58,18.32
7253,8/30/2021 7:08,18.27
7254,8/30/2021 7:18,18.32
7255,8/30/2021 7:28,18.27
7256,8/30/2021 7:38,18.27
7257,8/30/2021 7:48,18.1
7258,8/30/2021 7:58,17.89
7259,8/30/2021 8:08,18.02
7260,8/30/2021 8:18,17.97
7261,8/30/2021 8:28,17.76
7262,8/30/2021 8:38,17.89
7263,8/30/2021 8:48,17.67
7264,8/30/2021 8:58,17.89
7265,8/30/2021 9:08,17.93
7266,8/30/2021 9:18,18.23
7267,8/30/2021 9:28,18.57
7268,8/30/2021 9:38,18.62
7269,8/30/2021 9:48,18.53
7270,8/30/2021 9:58,18.57
7271,8/30/2021 10:08,18.57
7272,8/30/2021 10:18,18.57
7273,8/30/2021 10:28,18.57
7274,8/30/2021 10:38,18.57
7275,8/30/2021 10:48,18.57
7276,8/30/2021 10:58,18.74
7277,8/30/2021 11:08,18.83
7278,8/30/2021 11:18,19
7279,8/30/2021 11:28,19.05
7280,8/30/2021 11:38,19.35
7281,8/30/2021 11:48,19.47
7282,8/30/2021 11:58,19.56
7283,8/30/2021 12:08,19.69
7284,8/30/2021 12:18,19.95
7285,8/30/2021 12:28,20.2
7286,8/30/2021 12:38,20.37
7287,8/30/2021 12:48,20.5
7288,8/30/2021 12:58,20.5
7289,8/30/2021 13:08,20.63
7290,8/30/2021 13:18,20.72
7291,8/30/2021 13:28,20.8
7292,8/30/2021 13:38,20.8
7293,8/30/2021 13:48,20.72
7294,8/30/2021 13:58,20.76
7295,8/30/2021 14:08,20.72
7296,8/30/2021 14:18,20.59
7297,8/30/2021 14:28,20.55
7298,8/30/2021 14:38,20.59
7299,8/30/2021 14:48,20.29
7300,8/30/2021 14:58,20.16
7301,8/30/2021 15:08,20.29
7302,8/30/2021 15:18,20.25
7303,8/30/2021 15:28,20.25
7304,8/30/2021 15:38,20.25
7305,8/30/2021 15:48,20.2
7306,8/30/2021 15:58,20.16
7307,8/30/2021 16:08,20.16
7308,8/30/2021 16:18,20.12
7309,8/30/2021 16:28,20.12
7310,8/30/2021 16:38,20.12
7311,8/30/2021 16:48,20.16
7312,8/30/2021 16:58,20.2
7313,8/30/2021 17:08,20.2
7314,8/30/2021 17:18,20.16
7315,8/30/2021 17:28,20.07
7316,8/30/2021 17:38,20.12
7317,8/30/2021 17:48,19.99
7318,8/30/2021 17:58,20.03
7319,8/30/2021 18:08,19.95
7320,8/30/2021 18:18,20.03
7321,8/30/2021 18:28,20.07
7322,8/30/2021 18:38,20.16
7323,8/30/2021 18:48,20.12
7324,8/30/2021 18:58,20.16
7325,8/30/2021 19:08,20.07
7326,8/30/2021 19:18,20.07
7327,8/30/2021 19:28,20.03
7328,8/30/2021 19:38,20.07
7329,8/30/2021 19:48,20.16
7330,8/30/2021 19:58,20.12
7331,8/30/2021 20:08,20.16
7332,8/30/2021 20:18,20.25
7333,8/30/2021 20:28,20.29
7334,8/30/2021 20:38,20.33
7335,8/30/2021 20:48,20.46
7336,8/30/2021 20:58,20.55
7337,8/30/2021 21:08,20.63
7338,8/30/2021 21:18,20.37
7339,8/30/2021 21:28,20.33
7340,8/30/2021 21:38,20.46
7341,8/30/2021 21:48,20.12
7342,8/30/2021 21:58,19.77
7343,8/30/2021 22:08,19.39
7344,8/30/2021 22:18,18.92
7345,8/30/2021 22:28,18.7
7346,8/30/2021 22:38,18.49
7347,8/30/2021 22:48,18.23
7348,8/30/2021 22:58,18.02
7349,8/30/2021 23:08,16.3
7350,8/30/2021 23:18,15.48
7351,8/30/2021 23:28,15.61
7352,8/30/2021 23:38,15.36
7353,8/30/2021 23:48,15.18
7354,8/30/2021 23:58,15.18
7355,8/31/2021 0:08,15.14
7356,8/31/2021 0:18,15.14
7357,8/31/2021 0:28,15.06
7358,8/31/2021 0:38,15.06
7359,8/31/2021 0:48,15.1
7360,8/31/2021 0:58,15.06
7361,8/31/2021 1:08,14.97
7362,8/31/2021 1:18,14.88
7363,8/31/2021 1:28,14.71
7364,8/31/2021 1:38,14.67
7365,8/31/2021 1:48,14.71
7366,8/31/2021 1:58,14.63
7367,8/31/2021 2:08,14.63
7368,8/31/2021 2:18,14.75
7369,8/31/2021 2:28,14.58
7370,8/31/2021 2:38,14.45
7371,8/31/2021 2:48,14.33
7372,8/31/2021 2:58,14.15
7373,8/31/2021 3:08,14.07
7374,8/31/2021 3:18,14.03
7375,8/31/2021 3:28,13.85
7376,8/31/2021 3:38,13.77
7377,8/31/2021 3:48,13.64
7378,8/31/2021 3:58,13.85
7379,8/31/2021 4:08,13.77
7380,8/31/2021 4:18,13.81
7381,8/31/2021 4:28,13.9
7382,8/31/2021 4:38,13.77
7383,8/31/2021 4:48,13.77
7384,8/31/2021 4:58,13.81
7385,8/31/2021 5:08,13.98
7386,8/31/2021 5:18,14.33
7387,8/31/2021 5:28,14.11
7388,8/31/2021 5:38,13.85
7389,8/31/2021 5:48,14.37
7390,8/31/2021 5:58,14.58
7391,8/31/2021 6:08,15.18
7392,8/31/2021 6:18,16.21
7393,8/31/2021 6:28,16.26
7394,8/31/2021 6:38,16.77
7395,8/31/2021 6:48,16.73
7396,8/31/2021 6:58,16.86
7397,8/31/2021 7:08,16.81
7398,8/31/2021 7:18,16.99
7399,8/31/2021 7:28,17.24
7400,8/31/2021 7:38,17.16
7401,8/31/2021 7:48,17.46
7402,8/31/2021 7:58,17.59
7403,8/31/2021 8:08,17.59
7404,8/31/2021 8:18,17.11
7405,8/31/2021 8:28,17.16
7406,8/31/2021 8:38,16.51
7407,8/31/2021 8:48,16.99
7408,8/31/2021 8:58,17.2
7409,8/31/2021 9:08,17.63
7410,8/31/2021 9:18,17.59
7411,8/31/2021 9:28,17.76
7412,8/31/2021 9:38,18.19
7413,8/31/2021 9:48,18.32
7414,8/31/2021 9:58,18.44
7415,8/31/2021 10:08,18.23
7416,8/31/2021 10:18,18.44
7417,8/31/2021 10:28,18.53
7418,8/31/2021 10:38,18.79
7419,8/31/2021 10:48,19.09
7420,8/31/2021 10:58,19.05
7421,8/31/2021 11:08,19.13
7422,8/31/2021 11:18,19.35
7423,8/31/2021 11:28,19.52
7424,8/31/2021 11:38,19.73
7425,8/31/2021 11:48,19.9
7426,8/31/2021 11:58,20.07
7427,8/31/2021 12:08,20.16
7428,8/31/2021 12:18,20.29
7429,8/31/2021 12:28,20.46
7430,8/31/2021 12:38,20.63
7431,8/31/2021 12:48,20.63
7432,8/31/2021 12:58,20.68
7433,8/31/2021 13:08,20.59
7434,8/31/2021 13:18,20.59
7435,8/31/2021 13:28,20.63
7436,8/31/2021 13:38,20.68
7437,8/31/2021 13:48,20.72
7438,8/31/2021 13:58,20.76
7439,8/31/2021 14:08,20.85
7440,8/31/2021 14:18,20.93
7441,8/31/2021 14:28,21.15
7442,8/31/2021 14:38,21.19
7443,8/31/2021 14:48,21.23
7444,8/31/2021 14:58,21.23
7445,8/31/2021 15:08,21.23
7446,8/31/2021 15:18,21.02
7447,8/31/2021 15:28,20.93
7448,8/31/2021 15:38,20.85
7449,8/31/2021 15:48,20.72
7450,8/31/2021 15:58,20.63
7451,8/31/2021 16:08,20.59
7452,8/31/2021 16:18,20.55
7453,8/31/2021 16:28,20.55
7454,8/31/2021 16:38,20.46
7455,8/31/2021 16:48,20.37
7456,8/31/2021 16:58,20.37
7457,8/31/2021 17:08,20.33
7458,8/31/2021 17:18,20.29
7459,8/31/2021 17:28,20.2
7460,8/31/2021 17:38,20.2
7461,8/31/2021 17:48,20.03
7462,8/31/2021 17:58,20.12
7463,8/31/2021 18:08,20.07
7464,8/31/2021 18:18,20.03
7465,8/31/2021 18:28,20.03
7466,8/31/2021 18:38,19.99
7467,8/31/2021 18:48,19.95
7468,8/31/2021 18:58,19.95
7469,8/31/2021 19:08,19.9
7470,8/31/2021 19:18,19.86
7471,8/31/2021 19:28,19.82
7472,8/31/2021 19:38,19.77
7473,8/31/2021 19:48,19.77
7474,8/31/2021 19:58,19.69
7475,8/31/2021 20:08,19.65
7476,8/31/2021 20:18,19.56
7477,8/31/2021 20:28,19.52
7478,8/31/2021 20:38,19.43
7479,8/31/2021 20:48,19.43
7480,8/31/2021 20:58,19.43
7481,8/31/2021 21:08,19.47
7482,8/31/2021 21:18,19.52
7483,8/31/2021 21:28,19.52
7484,8/31/2021 21:38,19.6
7485,8/31/2021 21:48,19.52
7486,8/31/2021 21:58,19.6
7487,8/31/2021 22:08,19.52
7488,8/31/2021 22:18,19.6
7489,8/31/2021 22:28,19.43
7490,8/31/2021 22:38,19.35
7491,8/31/2021 22:48,19.13
7492,8/31/2021 22:58,18.87
7493,8/31/2021 23:08,18.62
7494,8/31/2021 23:18,18.44
7495,8/31/2021 23:28,18.14
7496,8/31/2021 23:38,17.89
7497,8/31/2021 23:48,17.33
7498,8/31/2021 23:58,14.45
7499,9/1/2021 0:08,13.6
7500,9/1/2021 0:18,13.6
7501,9/1/2021 0:28,13.51
7502,9/1/2021 0:38,13.73
7503,9/1/2021 0:48,13.77
7504,9/1/2021 0:58,13.64
7505,9/1/2021 1:08,13.81
7506,9/1/2021 1:18,13.68
7507,9/1/2021 1:28,13.47
7508,9/1/2021 1:38,13.21
7509,9/1/2021 1:48,13.04
7510,9/1/2021 1:58,12.82
7511,9/1/2021 2:08,12.7
7512,9/1/2021 2:18,12.65
7513,9/1/2021 2:28,12.95
7514,9/1/2021 2:38,12.95
7515,9/1/2021 2:48,13
7516,9/1/2021 2:58,12.87
7517,9/1/2021 3:08,12.82
7518,9/1/2021 3:18,13
7519,9/1/2021 3:28,13.04
7520,9/1/2021 3:38,13.21
7521,9/1/2021 3:48,13.38
7522,9/1/2021 3:58,13.12
7523,9/1/2021 4:08,13.04
7524,9/1/2021 4:18,13.17
7525,9/1/2021 4:28,13.38
7526,9/1/2021 4:38,13.47
7527,9/1/2021 4:48,13.34
7528,9/1/2021 4:58,13.38
7529,9/1/2021 5:08,13.43
7530,9/1/2021 5:18,13.47
7531,9/1/2021 5:28,13.47
7532,9/1/2021 5:38,13.43
7533,9/1/2021 5:48,13.3
7534,9/1/2021 5:58,13.34
7535,9/1/2021 6:08,13.34
7536,9/1/2021 6:18,13.21
7537,9/1/2021 6:28,13.04
7538,9/1/2021 6:38,13.17
7539,9/1/2021 6:48,13.12
7540,9/1/2021 6:58,14.28
7541,9/1/2021 7:08,16.13
7542,9/1/2021 7:18,16.9
7543,9/1/2021 7:28,16.86
7544,9/1/2021 7:38,17.29
7545,9/1/2021 7:48,17.41
7546,9/1/2021 7:58,17.54
7547,9/1/2021 8:08,17.72
7548,9/1/2021 8:18,17.76
7549,9/1/2021 8:28,17.8
7550,9/1/2021 8:38,17.8
7551,9/1/2021 8:48,17.97
7552,9/1/2021 8:58,17.84
7553,9/1/2021 9:08,17.97
7554,9/1/2021 9:18,17.89
7555,9/1/2021 9:28,17.97
7556,9/1/2021 9:38,18.02
7557,9/1/2021 9:48,17.97
7558,9/1/2021 9:58,17.97
7559,9/1/2021 10:08,17.84
7560,9/1/2021 10:18,17.97
7561,9/1/2021 10:28,18.06
7562,9/1/2021 10:38,18.14
7563,9/1/2021 10:48,18.1
7564,9/1/2021 10:58,18.1
7565,9/1/2021 11:08,18.1
7566,9/1/2021 11:18,18.14
7567,9/1/2021 11:28,18.19
7568,9/1/2021 11:38,18.23
7569,9/1/2021 11:48,18.23
7570,9/1/2021 11:58,18.27
7571,9/1/2021 12:08,18.27
7572,9/1/2021 12:18,18.19
7573,9/1/2021 12:28,18.19
7574,9/1/2021 12:38,18.19
7575,9/1/2021 12:48,18.27
7576,9/1/2021 12:58,18.36
7577,9/1/2021 13:08,18.44
7578,9/1/2021 13:18,18.53
7579,9/1/2021 13:28,18.62
7580,9/1/2021 13:38,18.79
7581,9/1/2021 13:48,18.83
7582,9/1/2021 13:58,18.87
7583,9/1/2021 14:08,18.92
7584,9/1/2021 14:18,18.96
7585,9/1/2021 14:28,19.05
7586,9/1/2021 14:38,19.09
7587,9/1/2021 14:48,19.05
7588,9/1/2021 14:58,19.05
7589,9/1/2021 15:08,19
7590,9/1/2021 15:18,19.05
7591,9/1/2021 15:28,19.05
7592,9/1/2021 15:38,19.05
7593,9/1/2021 15:48,19.05
7594,9/1/2021 15:58,19.05
7595,9/1/2021 16:08,19
7596,9/1/2021 16:18,19
7597,9/1/2021 16:28,18.96
7598,9/1/2021 16:38,18.92
7599,9/1/2021 16:48,18.83
7600,9/1/2021 16:58,18.87
7601,9/1/2021 17:08,18.87
7602,9/1/2021 17:18,18.79
7603,9/1/2021 17:28,18.7
7604,9/1/2021 17:38,18.57
7605,9/1/2021 17:48,18.49
7606,9/1/2021 17:58,18.4
7607,9/1/2021 18:08,18.4
7608,9/1/2021 18:18,18.49
7609,9/1/2021 18:28,18.49
7610,9/1/2021 18:38,18.44
7611,9/1/2021 18:48,18.49
7612,9/1/2021 18:58,18.44
7613,9/1/2021 19:08,18.4
7614,9/1/2021 19:18,18.36
7615,9/1/2021 19:28,18.32
7616,9/1/2021 19:38,18.27
7617,9/1/2021 19:48,18.27
7618,9/1/2021 19:58,18.23
7619,9/1/2021 20:08,18.19
7620,9/1/2021 20:18,18.19
7621,9/1/2021 20:28,18.19
7622,9/1/2021 20:38,18.19
7623,9/1/2021 20:48,18.06
7624,9/1/2021 20:58,18.06
7625,9/1/2021 21:08,18.02
7626,9/1/2021 21:18,18.02
7627,9/1/2021 21:28,17.97
7628,9/1/2021 21:38,17.93
7629,9/1/2021 21:48,18.02
7630,9/1/2021 21:58,17.97
7631,9/1/2021 22:08,17.93
7632,9/1/2021 22:18,17.93
7633,9/1/2021 22:28,17.93
7634,9/1/2021 22:38,17.89
7635,9/1/2021 22:48,17.8
7636,9/1/2021 22:58,17.76
7637,9/1/2021 23:08,17.63
7638,9/1/2021 23:18,17.54
7639,9/1/2021 23:28,17.5
7640,9/1/2021 23:38,17.33
7641,9/1/2021 23:48,17.16
7642,9/1/2021 23:58,17.07
7643,9/2/2021 0:08,16.94
7644,9/2/2021 0:18,16.86
7645,9/2/2021 0:28,16.17
7646,9/2/2021 0:38,13.6
7647,9/2/2021 0:48,13.38
7648,9/2/2021 0:58,13.34
7649,9/2/2021 1:08,13.34
7650,9/2/2021 1:18,13.34
7651,9/2/2021 1:28,13.6
7652,9/2/2021 1:38,13.55
7653,9/2/2021 1:48,13.6
7654,9/2/2021 1:58,13.64
7655,9/2/2021 2:08,13.68
7656,9/2/2021 2:18,13.6
7657,9/2/2021 2:28,13.6
7658,9/2/2021 2:38,13.68
7659,9/2/2021 2:48,13.64
7660,9/2/2021 2:58,13.64
7661,9/2/2021 3:08,13.68
7662,9/2/2021 3:18,13.73
7663,9/2/2021 3:28,13.73
7664,9/2/2021 3:38,13.64
7665,9/2/2021 3:48,13.6
7666,9/2/2021 3:58,13.73
7667,9/2/2021 4:08,13.85
7668,9/2/2021 4:18,13.77
7669,9/2/2021 4:28,13.73
7670,9/2/2021 4:38,13.73
7671,9/2/2021 4:48,13.64
7672,9/2/2021 4:58,13.68
7673,9/2/2021 5:08,13.64
7674,9/2/2021 5:18,13.68
7675,9/2/2021 5:28,13.64
7676,9/2/2021 5:38,13.6
7677,9/2/2021 5:48,13.64
7678,9/2/2021 5:58,13.64
7679,9/2/2021 6:08,13.64
7680,9/2/2021 6:18,13.64
7681,9/2/2021 6:28,13.68
7682,9/2/2021 6:38,13.68
7683,9/2/2021 6:48,13.77
7684,9/2/2021 6:58,13.85
7685,9/2/2021 7:08,13.94
7686,9/2/2021 7:18,14.07
7687,9/2/2021 7:28,14.24
7688,9/2/2021 7:38,14.37
7689,9/2/2021 7:48,14.54
7690,9/2/2021 7:58,14.71
7691,9/2/2021 8:08,15.27
7692,9/2/2021 8:18,16.04
7693,9/2/2021 8:28,16.43
7694,9/2/2021 8:38,16.56
7695,9/2/2021 8:48,16.77
7696,9/2/2021 8:58,16.94
7697,9/2/2021 9:08,17.07
7698,9/2/2021 9:18,17.16
7699,9/2/2021 9:28,17.33
7700,9/2/2021 9:38,17.37
7701,9/2/2021 9:48,17.54
7702,9/2/2021 9:58,17.63
7703,9/2/2021 10:08,17.8
7704,9/2/2021 10:18,17.84
7705,9/2/2021 10:28,17.93
7706,9/2/2021 10:38,18.02
7707,9/2/2021 10:48,18.1
7708,9/2/2021 10:58,18.23
7709,9/2/2021 11:08,18.36
7710,9/2/2021 11:18,18.62
7711,9/2/2021 11:28,18.7
7712,9/2/2021 11:38,18.96
7713,9/2/2021 11:48,19.22
7714,9/2/2021 11:58,19.26
7715,9/2/2021 12:08,19.17
7716,9/2/2021 12:18,19.69
7717,9/2/2021 12:28,19.9
7718,9/2/2021 12:38,20.16
7719,9/2/2021 12:48,20.46
7720,9/2/2021 12:58,20.63
7721,9/2/2021 13:08,20.8
7722,9/2/2021 13:18,20.98
7723,9/2/2021 13:28,21.1
7724,9/2/2021 13:38,21.06
7725,9/2/2021 13:48,21.58
7726,9/2/2021 13:58,21.92
7727,9/2/2021 14:08,22.01
7728,9/2/2021 14:18,22.26
7729,9/2/2021 14:28,22.35
7730,9/2/2021 14:38,22.35
7731,9/2/2021 14:48,22.26
7732,9/2/2021 14:58,22.26
7733,9/2/2021 15:08,22.18
7734,9/2/2021 15:18,22.05
7735,9/2/2021 15:28,21.83
7736,9/2/2021 15:38,21.96
7737,9/2/2021 15:48,21.88
7738,9/2/2021 15:58,21.49
7739,9/2/2021 16:08,21.4
7740,9/2/2021 16:18,21.1
7741,9/2/2021 16:28,21.19
7742,9/2/2021 16:38,21.28
7743,9/2/2021 16:48,21.1
7744,9/2/2021 16:58,20.85
7745,9/2/2021 17:08,20.59
7746,9/2/2021 17:18,20.29
7747,9/2/2021 17:28,20.03
7748,9/2/2021 17:38,19.95
7749,9/2/2021 17:48,19.77
7750,9/2/2021 17:58,19.56
7751,9/2/2021 18:08,19.35
7752,9/2/2021 18:18,19.35
7753,9/2/2021 18:28,19.3
7754,9/2/2021 18:38,19.35
7755,9/2/2021 18:48,19.26
7756,9/2/2021 18:58,19.26
7757,9/2/2021 19:08,19.17
7758,9/2/2021 19:18,19.17
7759,9/2/2021 19:28,19.05
7760,9/2/2021 19:38,19.13
7761,9/2/2021 19:48,19.09
7762,9/2/2021 19:58,19.09
7763,9/2/2021 20:08,19.05
7764,9/2/2021 20:18,19.09
7765,9/2/2021 20:28,19
7766,9/2/2021 20:38,19
7767,9/2/2021 20:48,18.96
7768,9/2/2021 20:58,18.96
7769,9/2/2021 21:08,18.83
7770,9/2/2021 21:18,18.92
7771,9/2/2021 21:28,18.83
7772,9/2/2021 21:38,18.83
7773,9/2/2021 21:48,18.83
7774,9/2/2021 21:58,18.83
7775,9/2/2021 22:08,18.79
7776,9/2/2021 22:18,18.83
7777,9/2/2021 22:28,18.79
7778,9/2/2021 22:38,18.7
7779,9/2/2021 22:48,18.74
7780,9/2/2021 22:58,18.66
7781,9/2/2021 23:08,18.7
7782,9/2/2021 23:18,18.74
7783,9/2/2021 23:28,18.7
7784,9/2/2021 23:38,18.7
7785,9/2/2021 23:48,18.66
7786,9/2/2021 23:58,18.62
7787,9/3/2021 0:08,18.62
7788,9/3/2021 0:18,18.53
7789,9/3/2021 0:28,18.44
7790,9/3/2021 0:38,18.4
7791,9/3/2021 0:48,18.23
7792,9/3/2021 0:58,18.02
7793,9/3/2021 1:08,16.34
7794,9/3/2021 1:18,14.37
7795,9/3/2021 1:28,13.77
7796,9/3/2021 1:38,13.85
7797,9/3/2021 1:48,13.77
7798,9/3/2021 1:58,13.68
7799,9/3/2021 2:08,13.51
7800,9/3/2021 2:18,13.43
7801,9/3/2021 2:28,13.34
7802,9/3/2021 2:38,13.6
7803,9/3/2021 2:48,13.3
7804,9/3/2021 2:58,13.21
7805,9/3/2021 3:08,13.17
7806,9/3/2021 3:18,13.08
7807,9/3/2021 3:28,13.3
7808,9/3/2021 3:38,13.3
7809,9/3/2021 3:48,13.21
7810,9/3/2021 3:58,12.95
7811,9/3/2021 4:08,12.82
7812,9/3/2021 4:18,13.04
7813,9/3/2021 4:28,13.08
7814,9/3/2021 4:38,12.91
7815,9/3/2021 4:48,12.87
7816,9/3/2021 4:58,12.91
7817,9/3/2021 5:08,12.78
7818,9/3/2021 5:18,12.82
7819,9/3/2021 5:28,12.65
7820,9/3/2021 5:38,12.65
7821,9/3/2021 5:48,12.78
7822,9/3/2021 5:58,12.78
7823,9/3/2021 6:08,12.82
7824,9/3/2021 6:18,13.12
7825,9/3/2021 6:28,12.95
7826,9/3/2021 6:38,12.74
7827,9/3/2021 6:48,12.87
7828,9/3/2021 6:58,12.87
7829,9/3/2021 7:08,13
7830,9/3/2021 7:18,12.91
7831,9/3/2021 7:28,13
7832,9/3/2021 7:38,13.12
7833,9/3/2021 7:48,13.21
7834,9/3/2021 7:58,13.17
7835,9/3/2021 8:08,13.08
7836,9/3/2021 8:18,13.3
7837,9/3/2021 8:28,13.3
7838,9/3/2021 8:38,13.64
7839,9/3/2021 8:48,13.94
7840,9/3/2021 8:58,15.96
7841,9/3/2021 9:08,17.03
7842,9/3/2021 9:18,17.46
7843,9/3/2021 9:28,17.72
7844,9/3/2021 9:38,17.89
7845,9/3/2021 9:48,17.89
7846,9/3/2021 9:58,17.93
7847,9/3/2021 10:08,18.02
7848,9/3/2021 10:18,18.1
7849,9/3/2021 10:28,18.19
7850,9/3/2021 10:38,18.19
7851,9/3/2021 10:48,18.23
7852,9/3/2021 10:58,18.19
7853,9/3/2021 11:08,18.14
7854,9/3/2021 11:18,18.14
7855,9/3/2021 11:28,18.19
7856,9/3/2021 11:38,18.27
7857,9/3/2021 11:48,18.44
7858,9/3/2021 11:58,18.66
7859,9/3/2021 12:08,18.74
7860,9/3/2021 12:18,19.09
7861,9/3/2021 12:28,19.22
7862,9/3/2021 12:38,19.47
7863,9/3/2021 12:48,19.69
7864,9/3/2021 12:58,19.73
7865,9/3/2021 13:08,19.99
7866,9/3/2021 13:18,20.2
7867,9/3/2021 13:28,20.46
7868,9/3/2021 13:38,20.68
7869,9/3/2021 13:48,20.93
7870,9/3/2021 13:58,20.89
7871,9/3/2021 14:08,21.15
7872,9/3/2021 14:18,21.36
7873,9/3/2021 14:28,21.49
7874,9/3/2021 14:38,21.66
7875,9/3/2021 14:48,22.09
7876,9/3/2021 14:58,22.65
7877,9/3/2021 15:08,22.91
7878,9/3/2021 15:18,23.42
7879,9/3/2021 15:28,23.68
7880,9/3/2021 15:38,23.59
7881,9/3/2021 15:48,23.51
7882,9/3/2021 15:58,23.34
7883,9/3/2021 16:08,23.12
7884,9/3/2021 16:18,23.16
7885,9/3/2021 16:28,22.82
7886,9/3/2021 16:38,22.35
7887,9/3/2021 16:48,22.05
7888,9/3/2021 16:58,21.83
7889,9/3/2021 17:08,21.32
7890,9/3/2021 17:18,21.06
7891,9/3/2021 17:28,20.98
7892,9/3/2021 17:38,20.8
7893,9/3/2021 17:48,20.68
7894,9/3/2021 17:58,20.55
7895,9/3/2021 18:08,20.25
7896,9/3/2021 18:18,20.07
7897,9/3/2021 18:28,19.86
7898,9/3/2021 18:38,19.82
7899,9/3/2021 18:48,19.69
7900,9/3/2021 18:58,19.65
7901,9/3/2021 19:08,19.65
7902,9/3/2021 19:18,19.52
7903,9/3/2021 19:28,19.47
7904,9/3/2021 19:38,19.52
7905,9/3/2021 19:48,19.47
7906,9/3/2021 19:58,19.39
7907,9/3/2021 20:08,19.52
7908,9/3/2021 20:18,19.39
7909,9/3/2021 20:28,19.3
7910,9/3/2021 20:38,19.3
7911,9/3/2021 20:48,19.3
7912,9/3/2021 20:58,19.3
7913,9/3/2021 21:08,19.17
7914,9/3/2021 21:18,19.17
7915,9/3/2021 21:28,19.05
7916,9/3/2021 21:38,19
7917,9/3/2021 21:48,18.96
7918,9/3/2021 21:58,18.92
7919,9/3/2021 22:08,18.92
7920,9/3/2021 22:18,18.92
7921,9/3/2021 22:28,19
7922,9/3/2021 22:38,18.96
7923,9/3/2021 22:48,18.96
7924,9/3/2021 22:58,18.92
7925,9/3/2021 23:08,18.92
7926,9/3/2021 23:18,18.87
7927,9/3/2021 23:28,18.92
7928,9/3/2021 23:38,18.96
7929,9/3/2021 23:48,18.87
7930,9/3/2021 23:58,18.79
7931,9/4/2021 0:08,18.79
7932,9/4/2021 0:18,18.74
7933,9/4/2021 0:28,18.7
7934,9/4/2021 0:38,18.62
7935,9/4/2021 0:48,18.57
7936,9/4/2021 0:58,18.53
7937,9/4/2021 1:08,18.53
7938,9/4/2021 1:18,18.49
7939,9/4/2021 1:28,18.4
7940,9/4/2021 1:38,18.23
7941,9/4/2021 1:48,17.84
7942,9/4/2021 1:58,15.18
7943,9/4/2021 2:08,14.11
7944,9/4/2021 2:18,13.98
7945,9/4/2021 2:28,13.6
7946,9/4/2021 2:38,13.38
7947,9/4/2021 2:48,13.51
7948,9/4/2021 2:58,13.73
7949,9/4/2021 3:08,13.64
7950,9/4/2021 3:18,13.38
7951,9/4/2021 3:28,13.55
7952,9/4/2021 3:38,13.64
7953,9/4/2021 3:48,13.34
7954,9/4/2021 3:58,13.3
7955,9/4/2021 4:08,13.25
7956,9/4/2021 4:18,13.34
7957,9/4/2021 4:28,13.25
7958,9/4/2021 4:38,13.34
7959,9/4/2021 4:48,13.34
7960,9/4/2021 4:58,13.47
7961,9/4/2021 5:08,13.3
7962,9/4/2021 5:18,13
7963,9/4/2021 5:28,13.12
7964,9/4/2021 5:38,13.25
7965,9/4/2021 5:48,13.04
7966,9/4/2021 5:58,13
7967,9/4/2021 6:08,13.17
7968,9/4/2021 6:18,13
7969,9/4/2021 6:28,12.91
7970,9/4/2021 6:38,12.82
7971,9/4/2021 6:48,12.91
7972,9/4/2021 6:58,13.08
7973,9/4/2021 7:08,13.3
7974,9/4/2021 7:18,12.95
7975,9/4/2021 7:28,13.04
7976,9/4/2021 7:38,12.95
7977,9/4/2021 7:48,13.21
7978,9/4/2021 7:58,13.43
7979,9/4/2021 8:08,13.64
7980,9/4/2021 8:18,13.98
7981,9/4/2021 8:28,13.77
7982,9/4/2021 8:38,13.64
7983,9/4/2021 8:48,13.81
7984,9/4/2021 8:58,13.94
7985,9/4/2021 9:08,14.24
7986,9/4/2021 9:18,14.28
7987,9/4/2021 9:28,15.06
7988,9/4/2021 9:38,17.29
7989,9/4/2021 9:48,17.67
7990,9/4/2021 9:58,17.97
7991,9/4/2021 10:08,18.19
7992,9/4/2021 10:18,18.23
7993,9/4/2021 10:28,18.36
7994,9/4/2021 10:38,18.36
7995,9/4/2021 10:48,18.36
7996,9/4/2021 10:58,18.44
7997,9/4/2021 11:08,18.4
7998,9/4/2021 11:18,18.4
7999,9/4/2021 11:28,18.4
8000,9/4/2021 11:38,18.53
8001,9/4/2021 11:48,18.53
8002,9/4/2021 11:58,18.7
8003,9/4/2021 12:08,19.05
8004,9/4/2021 12:18,19.22
8005,9/4/2021 12:28,19.39
8006,9/4/2021 12:38,19.77
8007,9/4/2021 12:48,19.99
8008,9/4/2021 12:58,20.03
8009,9/4/2021 13:08,20.29
8010,9/4/2021 13:18,20.59
8011,9/4/2021 13:28,20.8
8012,9/4/2021 13:38,21.1
8013,9/4/2021 13:48,21.32
8014,9/4/2021 13:58,21.49
8015,9/4/2021 14:08,21.83
8016,9/4/2021 14:18,21.96
8017,9/4/2021 14:28,22.31
8018,9/4/2021 14:38,22.39
8019,9/4/2021 14:48,23.12
8020,9/4/2021 14:58,23.16
8021,9/4/2021 15:08,22.99
8022,9/4/2021 15:18,23.46
8023,9/4/2021 15:28,23.59
8024,9/4/2021 15:38,23.51
8025,9/4/2021 15:48,21.1
8026,9/4/2021 15:58,18.66
8027,9/4/2021 16:08,18.1
8028,9/4/2021 16:18,17.84
8029,9/4/2021 16:28,18.23
8030,9/4/2021 16:38,18.1
8031,9/4/2021 16:48,18.32
8032,9/4/2021 16:58,18.66
8033,9/4/2021 17:08,18.49
8034,9/4/2021 17:18,18.87
8035,9/4/2021 17:28,21.58
8036,9/4/2021 17:38,21.7
8037,9/4/2021 17:48,21.32
8038,9/4/2021 17:58,21.06
8039,9/4/2021 18:08,20.8
8040,9/4/2021 18:18,20.72
8041,9/4/2021 18:28,20.68
8042,9/4/2021 18:38,20.5
8043,9/4/2021 18:48,20.42
8044,9/4/2021 18:58,20.2
8045,9/4/2021 19:08,19.99
8046,9/4/2021 19:18,19.69
8047,9/4/2021 19:28,19.56
8048,9/4/2021 19:38,19.39
8049,9/4/2021 19:48,19.39
8050,9/4/2021 19:58,19.39
8051,9/4/2021 20:08,19.35
8052,9/4/2021 20:18,19.35
8053,9/4/2021 20:28,19.3
8054,9/4/2021 20:38,19.3
8055,9/4/2021 20:48,19.17
8056,9/4/2021 20:58,19.22
8057,9/4/2021 21:08,19.3
8058,9/4/2021 21:18,19.09
8059,9/4/2021 21:28,18.92
8060,9/4/2021 21:38,18.96
8061,9/4/2021 21:48,18.92
8062,9/4/2021 21:58,18.83
8063,9/4/2021 22:08,18.79
8064,9/4/2021 22:18,18.83
8065,9/4/2021 22:28,18.87
8066,9/4/2021 22:38,18.83
8067,9/4/2021 22:48,18.79
8068,9/4/2021 22:58,18.74
8069,9/4/2021 23:08,18.79
8070,9/4/2021 23:18,18.79
8071,9/4/2021 23:28,18.74
8072,9/4/2021 23:38,18.66
8073,9/4/2021 23:48,18.7
8074,9/4/2021 23:58,18.66
8075,9/5/2021 0:08,18.74
8076,9/5/2021 0:18,18.83
8077,9/5/2021 0:28,18.7
8078,9/5/2021 0:38,18.7
8079,9/5/2021 0:48,18.62
8080,9/5/2021 0:58,18.57
8081,9/5/2021 1:08,18.49
8082,9/5/2021 1:18,18.44
8083,9/5/2021 1:28,18.4
8084,9/5/2021 1:38,18.36
8085,9/5/2021 1:48,18.36
8086,9/5/2021 1:58,18.27
8087,9/5/2021 2:08,18.19
8088,9/5/2021 2:18,17.97
8089,9/5/2021 2:28,17.84
8090,9/5/2021 2:38,15.1
8091,9/5/2021 2:48,13.81
8092,9/5/2021 2:58,13.73
8093,9/5/2021 3:08,13.51
8094,9/5/2021 3:18,13.68
8095,9/5/2021 3:28,13.64
8096,9/5/2021 3:38,13.12
8097,9/5/2021 3:48,13.3
8098,9/5/2021 3:58,13.08
8099,9/5/2021 4:08,12.91
8100,9/5/2021 4:18,12.82
8101,9/5/2021 4:28,12.65
8102,9/5/2021 4:38,12.7
8103,9/5/2021 4:48,12.95
8104,9/5/2021 4:58,12.74
8105,9/5/2021 5:08,13.04
8106,9/5/2021 5:18,12.91
8107,9/5/2021 5:28,12.74
8108,9/5/2021 5:38,12.7
8109,9/5/2021 5:48,12.61
8110,9/5/2021 5:58,12.61
8111,9/5/2021 6:08,12.44
8112,9/5/2021 6:18,12.52
8113,9/5/2021 6:28,12.48
8114,9/5/2021 6:38,12.52
8115,9/5/2021 6:48,12.44
8116,9/5/2021 6:58,12.01
8117,9/5/2021 7:08,12.22
8118,9/5/2021 7:18,12.22
8119,9/5/2021 7:28,12.14
8120,9/5/2021 7:38,12.14
8121,9/5/2021 7:48,12.31
8122,9/5/2021 7:58,12.7
8123,9/5/2021 8:08,13.08
8124,9/5/2021 8:18,12.82
8125,9/5/2021 8:28,12.87
8126,9/5/2021 8:38,13.21
8127,9/5/2021 8:48,13.34
8128,9/5/2021 8:58,13.9
8129,9/5/2021 9:08,13.9
8130,9/5/2021 9:18,14.88
8131,9/5/2021 9:28,16.64
8132,9/5/2021 9:38,20.55
8133,9/5/2021 9:48,26.77
8134,9/5/2021 9:58,24.54
8135,9/5/2021 10:08,19.95
8136,9/5/2021 10:18,19.47
8137,9/5/2021 10:28,19.47
8138,9/5/2021 10:38,19.43
8139,9/5/2021 10:48,19.35
8140,9/5/2021 10:58,19.26
8141,9/5/2021 11:08,19.3
8142,9/5/2021 11:18,19.39
8143,9/5/2021 11:28,19.35
8144,9/5/2021 11:38,19.35
8145,9/5/2021 11:48,19.35
8146,9/5/2021 11:58,19.26
8147,9/5/2021 12:08,19.39
8148,9/5/2021 12:18,19.69
8149,9/5/2021 12:28,19.56
8150,9/5/2021 12:38,19.6
8151,9/5/2021 12:48,19.6
8152,9/5/2021 12:58,19.77
8153,9/5/2021 13:08,20.33
8154,9/5/2021 13:18,20.72
8155,9/5/2021 13:28,20.85
8156,9/5/2021 13:38,21.28
8157,9/5/2021 13:48,21.58
8158,9/5/2021 13:58,21.79
8159,9/5/2021 14:08,22.01
8160,9/5/2021 14:18,22.26
8161,9/5/2021 14:28,22.65
8162,9/5/2021 14:38,22.82
8163,9/5/2021 14:48,23.12
8164,9/5/2021 14:58,23.29
8165,9/5/2021 15:08,23.38
8166,9/5/2021 15:18,23.38
8167,9/5/2021 15:28,23.51
8168,9/5/2021 15:38,24.02
8169,9/5/2021 15:48,23.51
8170,9/5/2021 15:58,20.25
8171,9/5/2021 16:08,20.12
8172,9/5/2021 16:18,19.13
8173,9/5/2021 16:28,18.92
8174,9/5/2021 16:38,19.77
8175,9/5/2021 16:48,17.84
8176,9/5/2021 16:58,17.67
8177,9/5/2021 17:08,17.63
8178,9/5/2021 17:18,17.11
8179,9/5/2021 17:28,16.73
8180,9/5/2021 17:38,16.6
8181,9/5/2021 17:48,16.39
8182,9/5/2021 17:58,16.21
8183,9/5/2021 18:08,16.26
8184,9/5/2021 18:18,16.08
8185,9/5/2021 18:28,16.08
8186,9/5/2021 18:38,16.39
8187,9/5/2021 18:48,19.39
8188,9/5/2021 18:58,20.68
8189,9/5/2021 19:08,20.68
8190,9/5/2021 19:18,20.72
8191,9/5/2021 19:28,20.63
8192,9/5/2021 19:38,20.55
8193,9/5/2021 19:48,20.42
8194,9/5/2021 19:58,20.29
8195,9/5/2021 20:08,19.82
8196,9/5/2021 20:18,19.69
8197,9/5/2021 20:28,19.52
8198,9/5/2021 20:38,19.52
8199,9/5/2021 20:48,19.47
8200,9/5/2021 20:58,19.43
8201,9/5/2021 21:08,19.43
8202,9/5/2021 21:18,19.39
8203,9/5/2021 21:28,19.39
8204,9/5/2021 21:38,19.39
8205,9/5/2021 21:48,19.43
8206,9/5/2021 21:58,19.17
8207,9/5/2021 22:08,19.05
8208,9/5/2021 22:18,19.13
8209,9/5/2021 22:28,19.13
8210,9/5/2021 22:38,18.87
8211,9/5/2021 22:48,18.79
8212,9/5/2021 22:58,18.7
8213,9/5/2021 23:08,18.74
8214,9/5/2021 23:18,18.7
8215,9/5/2021 23:28,18.7
8216,9/5/2021 23:38,18.66
8217,9/5/2021 23:48,18.7
8218,9/5/2021 23:58,18.83
8219,9/6/2021 0:08,18.83
8220,9/6/2021 0:18,18.87
8221,9/6/2021 0:28,18.79
8222,9/6/2021 0:38,18.83
8223,9/6/2021 0:48,18.83
8224,9/6/2021 0:58,18.92
8225,9/6/2021 1:08,18.92
8226,9/6/2021 1:18,18.79
8227,9/6/2021 1:28,18.83
8228,9/6/2021 1:38,18.74
8229,9/6/2021 1:48,18.66
8230,9/6/2021 1:58,18.62
8231,9/6/2021 2:08,18.49
8232,9/6/2021 2:18,18.53
8233,9/6/2021 2:28,18.53
8234,9/6/2021 2:38,18.49
8235,9/6/2021 2:48,18.4
8236,9/6/2021 2:58,18.19
8237,9/6/2021 3:08,18.06
8238,9/6/2021 3:18,15.7
8239,9/6/2021 3:28,14.28
8240,9/6/2021 3:38,14.24
8241,9/6/2021 3:48,13.73
8242,9/6/2021 3:58,13.64
8243,9/6/2021 4:08,13.85
8244,9/6/2021 4:18,13.9
8245,9/6/2021 4:28,13.94
8246,9/6/2021 4:38,13.64
8247,9/6/2021 4:48,13.38
8248,9/6/2021 4:58,13.38
8249,9/6/2021 5:08,13.6
8250,9/6/2021 5:18,13.68
8251,9/6/2021 5:28,13.12
8252,9/6/2021 5:38,13.34
8253,9/6/2021 5:48,13.43
8254,9/6/2021 5:58,13.51
8255,9/6/2021 6:08,13.21
8256,9/6/2021 6:18,13.38
8257,9/6/2021 6:28,13.3
8258,9/6/2021 6:38,13.21
8259,9/6/2021 6:48,13.25
8260,9/6/2021 6:58,13.08
8261,9/6/2021 7:08,13.12
8262,9/6/2021 7:18,13.12
8263,9/6/2021 7:28,13.25
8264,9/6/2021 7:38,13.21
8265,9/6/2021 7:48,13.47
8266,9/6/2021 7:58,13.43
8267,9/6/2021 8:08,13.6
8268,9/6/2021 8:18,13.81
8269,9/6/2021 8:28,13.94
8270,9/6/2021 8:38,14.33
8271,9/6/2021 8:48,15.23
8272,9/6/2021 8:58,15.48
8273,9/6/2021 9:08,17.5
8274,9/6/2021 9:18,17.11
8275,9/6/2021 9:28,17.5
8276,9/6/2021 9:38,17.89
8277,9/6/2021 9:48,18.23
8278,9/6/2021 9:58,19.3
8279,9/6/2021 10:08,20.12
8280,9/6/2021 10:18,20.37
8281,9/6/2021 10:28,22.91
8282,9/6/2021 10:38,20.93
8283,9/6/2021 10:48,20.5
8284,9/6/2021 10:58,20.16
8285,9/6/2021 11:08,19.9
8286,9/6/2021 11:18,19.73
8287,9/6/2021 11:28,19.77
8288,9/6/2021 11:38,19.73
8289,9/6/2021 11:48,19.69
8290,9/6/2021 11:58,19.69
8291,9/6/2021 12:08,19.6
8292,9/6/2021 12:18,19.65
8293,9/6/2021 12:28,19.73
8294,9/6/2021 12:38,19.82
8295,9/6/2021 12:48,19.82
8296,9/6/2021 12:58,19.95
8297,9/6/2021 13:08,19.86
8298,9/6/2021 13:18,19.95
8299,9/6/2021 13:28,20.29
8300,9/6/2021 13:38,20.37
8301,9/6/2021 13:48,20.93
8302,9/6/2021 13:58,21.23
8303,9/6/2021 14:08,21.4
8304,9/6/2021 14:18,21.79
8305,9/6/2021 14:28,22.01
8306,9/6/2021 14:38,22.39
8307,9/6/2021 14:48,22.69
8308,9/6/2021 14:58,23.03
8309,9/6/2021 15:08,23.29
8310,9/6/2021 15:18,23.46
8311,9/6/2021 15:28,23.64
8312,9/6/2021 15:38,23.85
8313,9/6/2021 15:48,24.06
8314,9/6/2021 15:58,24.11
8315,9/6/2021 16:08,24.45
8316,9/6/2021 16:18,22.69
8317,9/6/2021 16:28,20.59
8318,9/6/2021 16:38,19.65
8319,9/6/2021 16:48,18.74
8320,9/6/2021 16:58,18.19
8321,9/6/2021 17:08,17.93
8322,9/6/2021 17:18,18.14
8323,9/6/2021 17:28,18.23
8324,9/6/2021 17:38,17.8
8325,9/6/2021 17:48,17.72
8326,9/6/2021 17:58,17.24
8327,9/6/2021 18:08,16.56
8328,9/6/2021 18:18,16.3
8329,9/6/2021 18:28,16.26
8330,9/6/2021 18:38,16.39
8331,9/6/2021 18:48,16.17
8332,9/6/2021 18:58,16
8333,9/6/2021 19:08,15.83
8334,9/6/2021 19:18,15.7
8335,9/6/2021 19:28,15.48
8336,9/6/2021 19:38,15.57
8337,9/6/2021 19:48,15.53
8338,9/6/2021 19:58,16.26
8339,9/6/2021 20:08,20.12
8340,9/6/2021 20:18,20.85
8341,9/6/2021 20:28,21.02
8342,9/6/2021 20:38,20.98
8343,9/6/2021 20:48,20.89
8344,9/6/2021 20:58,20.16
8345,9/6/2021 21:08,19.95
8346,9/6/2021 21:18,19.69
8347,9/6/2021 21:28,19.56
8348,9/6/2021 21:38,19.6
8349,9/6/2021 21:48,19.52
8350,9/6/2021 21:58,19.6
8351,9/6/2021 22:08,19.6
8352,9/6/2021 22:18,19.52
8353,9/6/2021 22:28,19.56
8354,9/6/2021 22:38,19.56
8355,9/6/2021 22:48,19.47
8356,9/6/2021 22:58,19.39
8357,9/6/2021 23:08,19.52
8358,9/6/2021 23:18,19.39
8359,9/6/2021 23:28,19.13
8360,9/6/2021 23:38,19.09
8361,9/6/2021 23:48,19.09
8362,9/6/2021 23:58,19.09
8363,9/7/2021 0:08,19.09
8364,9/7/2021 0:18,19.05
8365,9/7/2021 0:28,19.09
8366,9/7/2021 0:38,19.05
8367,9/7/2021 0:48,19.17
8368,9/7/2021 0:58,19.22
8369,9/7/2021 1:08,19.17
8370,9/7/2021 1:18,19.17
8371,9/7/2021 1:28,19.26
8372,9/7/2021 1:38,19.26
8373,9/7/2021 1:48,19.22
8374,9/7/2021 1:58,19.22
8375,9/7/2021 2:08,19.17
8376,9/7/2021 2:18,19.05
8377,9/7/2021 2:28,19
8378,9/7/2021 2:38,19
8379,9/7/2021 2:48,19
8380,9/7/2021 2:58,18.92
8381,9/7/2021 3:08,19
8382,9/7/2021 3:18,18.96
8383,9/7/2021 3:28,18.83
8384,9/7/2021 3:38,18.66
8385,9/7/2021 3:48,18.57
8386,9/7/2021 3:58,17.03
8387,9/7/2021 4:08,15.57
8388,9/7/2021 4:18,15.4
8389,9/7/2021 4:28,15.23
8390,9/7/2021 4:38,15.14
8391,9/7/2021 4:48,15.06
8392,9/7/2021 4:58,14.84
8393,9/7/2021 5:08,14.88
8394,9/7/2021 5:18,14.71
8395,9/7/2021 5:28,14.8
8396,9/7/2021 5:38,14.88
8397,9/7/2021 5:48,14.63
8398,9/7/2021 5:58,14.58
8399,9/7/2021 6:08,14.71
8400,9/7/2021 6:18,14.67
8401,9/7/2021 6:28,14.67
8402,9/7/2021 6:38,14.84
8403,9/7/2021 6:48,14.71
8404,9/7/2021 6:58,14.8
8405,9/7/2021 7:08,14.71
8406,9/7/2021 7:18,14.67
8407,9/7/2021 7:28,14.75
8408,9/7/2021 7:38,15.06
8409,9/7/2021 7:48,15.1
8410,9/7/2021 7:58,15.06
8411,9/7/2021 8:08,15.61
8412,9/7/2021 8:18,15.61
8413,9/7/2021 8:28,15.91
8414,9/7/2021 8:38,16.43
8415,9/7/2021 8:48,16.73
8416,9/7/2021 8:58,17.16
8417,9/7/2021 9:08,17.03
8418,9/7/2021 9:18,17.2
8419,9/7/2021 9:28,17.63
8420,9/7/2021 9:38,17.07
8421,9/7/2021 9:48,17.37
8422,9/7/2021 9:58,18.23
8423,9/7/2021 10:08,18.06
8424,9/7/2021 10:18,18.44
8425,9/7/2021 10:28,19
8426,9/7/2021 10:38,19.77
8427,9/7/2021 10:48,21.7
8428,9/7/2021 10:58,20.55
8429,9/7/2021 11:08,20.37
8430,9/7/2021 11:18,20.33
8431,9/7/2021 11:28,20.25
8432,9/7/2021 11:38,20.16
8433,9/7/2021 11:48,20.03
8434,9/7/2021 11:58,19.95
8435,9/7/2021 12:08,19.77
8436,9/7/2021 12:18,19.65
8437,9/7/2021 12:28,19.65
8438,9/7/2021 12:38,19.65
8439,9/7/2021 12:48,19.65
8440,9/7/2021 12:58,19.6
8441,9/7/2021 13:08,19.6
8442,9/7/2021 13:18,19.69
8443,9/7/2021 13:28,19.69
8444,9/7/2021 13:38,19.73
8445,9/7/2021 13:48,19.73
8446,9/7/2021 13:58,19.82
8447,9/7/2021 14:08,20.07
8448,9/7/2021 14:18,20.29
8449,9/7/2021 14:28,20.63
8450,9/7/2021 14:38,20.76
8451,9/7/2021 14:48,20.98
8452,9/7/2021 14:58,21.06
8453,9/7/2021 15:08,21.19
8454,9/7/2021 15:18,21.28
8455,9/7/2021 15:28,21.36
8456,9/7/2021 15:38,21.66
8457,9/7/2021 15:48,21.7
8458,9/7/2021 15:58,21.79
8459,9/7/2021 16:08,21.66
8460,9/7/2021 16:18,21.66
8461,9/7/2021 16:28,21.96
8462,9/7/2021 16:38,22.73
8463,9/7/2021 16:48,21.28
8464,9/7/2021 16:58,19.73
8465,9/7/2021 17:08,20.76
8466,9/7/2021 17:18,21.53
8467,9/7/2021 17:28,20.98
8468,9/7/2021 17:38,21.02
8469,9/7/2021 17:48,21.15
8470,9/7/2021 17:58,20.33
8471,9/7/2021 18:08,20.29
8472,9/7/2021 18:18,18.83
8473,9/7/2021 18:28,17.2
8474,9/7/2021 18:38,16.9
8475,9/7/2021 18:48,16.81
8476,9/7/2021 18:58,16.64
8477,9/7/2021 19:08,16.51
8478,9/7/2021 19:18,16.3
8479,9/7/2021 19:28,16.17
8480,9/7/2021 19:38,16.08
8481,9/7/2021 19:48,15.91
8482,9/7/2021 19:58,15.91
8483,9/7/2021 20:08,15.87
8484,9/7/2021 20:18,15.83
8485,9/7/2021 20:28,15.87
8486,9/7/2021 20:38,15.78
8487,9/7/2021 20:48,15.74
8488,9/7/2021 20:58,15.7
8489,9/7/2021 21:08,15.78
8490,9/7/2021 21:18,18.23
8491,9/7/2021 21:28,19.05
8492,9/7/2021 21:38,19.3
8493,9/7/2021 21:48,19.35
8494,9/7/2021 21:58,19.3
8495,9/7/2021 22:08,18.96
8496,9/7/2021 22:18,18.87
8497,9/7/2021 22:28,18.92
8498,9/7/2021 22:38,18.96
8499,9/7/2021 22:48,18.83
8500,9/7/2021 22:58,18.87
8501,9/7/2021 23:08,18.83
8502,9/7/2021 23:18,18.79
8503,9/7/2021 23:28,18.74
8504,9/7/2021 23:38,18.7
8505,9/7/2021 23:48,18.62
8506,9/7/2021 23:58,18.53
8507,9/8/2021 0:08,18.49
8508,9/8/2021 0:18,18.36
8509,9/8/2021 0:28,18.36
8510,9/8/2021 0:38,18.36
8511,9/8/2021 0:48,18.32
8512,9/8/2021 0:58,18.32
8513,9/8/2021 1:08,18.32
8514,9/8/2021 1:18,18.32
8515,9/8/2021 1:28,18.27
8516,9/8/2021 1:38,18.32
8517,9/8/2021 1:48,18.32
8518,9/8/2021 1:58,18.4
8519,9/8/2021 2:08,18.4
8520,9/8/2021 2:18,18.44
8521,9/8/2021 2:28,18.49
8522,9/8/2021 2:38,18.36
8523,9/8/2021 2:48,18.36
8524,9/8/2021 2:58,18.27
8525,9/8/2021 3:08,18.19
8526,9/8/2021 3:18,18.14
8527,9/8/2021 3:28,18.06
8528,9/8/2021 3:38,18.02
8529,9/8/2021 3:48,17.97
8530,9/8/2021 3:58,17.93
8531,9/8/2021 4:08,17.97
8532,9/8/2021 4:18,17.72
8533,9/8/2021 4:28,17.54
8534,9/8/2021 4:38,16.77
8535,9/8/2021 4:48,15.1
8536,9/8/2021 4:58,14.71
8537,9/8/2021 5:08,14.63
8538,9/8/2021 5:18,14.5
8539,9/8/2021 5:28,14.54
8540,9/8/2021 5:38,14.5
8541,9/8/2021 5:48,14.37
8542,9/8/2021 5:58,14.41
8543,9/8/2021 6:08,14.33
8544,9/8/2021 6:18,14.54
8545,9/8/2021 6:28,14.41
8546,9/8/2021 6:38,14.54
8547,9/8/2021 6:48,14.45
8548,9/8/2021 6:58,14.37
8549,9/8/2021 7:08,14.54
8550,9/8/2021 7:18,14.54
8551,9/8/2021 7:28,14.54
8552,9/8/2021 7:38,14.63
8553,9/8/2021 7:48,14.88
8554,9/8/2021 7:58,15.18
8555,9/8/2021 8:08,15.4
8556,9/8/2021 8:18,15.4
8557,9/8/2021 8:28,15.4
8558,9/8/2021 8:38,15.53
8559,9/8/2021 8:48,15.61
8560,9/8/2021 8:58,15.91
8561,9/8/2021 9:08,16.17
8562,9/8/2021 9:18,15.53
8563,9/8/2021 9:28,15.53
8564,9/8/2021 9:38,15.7
8565,9/8/2021 9:48,16.04
8566,9/8/2021 9:58,16.64
8567,9/8/2021 10:08,17.37
8568,9/8/2021 10:18,17.29
8569,9/8/2021 10:28,17.67
8570,9/8/2021 10:38,18.23
8571,9/8/2021 10:48,19.13
8572,9/8/2021 10:58,19.47
8573,9/8/2021 11:08,18.87
8574,9/8/2021 11:18,18.74
8575,9/8/2021 11:28,18.79
8576,9/8/2021 11:38,18.87
8577,9/8/2021 11:48,18.83
8578,9/8/2021 11:58,18.87
8579,9/8/2021 12:08,18.79
8580,9/8/2021 12:18,18.79
8581,9/8/2021 12:28,18.79
8582,9/8/2021 12:38,18.87
8583,9/8/2021 12:48,19
8584,9/8/2021 12:58,18.92
8585,9/8/2021 13:08,18.83
8586,9/8/2021 13:18,18.79
8587,9/8/2021 13:28,18.79
8588,9/8/2021 13:38,18.79
8589,9/8/2021 13:48,18.66
8590,9/8/2021 13:58,18.79
8591,9/8/2021 14:08,18.87
8592,9/8/2021 14:18,18.87
8593,9/8/2021 14:28,18.92
8594,9/8/2021 14:38,18.96
8595,9/8/2021 14:48,19.13
8596,9/8/2021 14:58,19.35
8597,9/8/2021 15:08,19.39
8598,9/8/2021 15:18,19.52
8599,9/8/2021 15:28,19.6
8600,9/8/2021 15:38,19.77
8601,9/8/2021 15:48,19.9
8602,9/8/2021 15:58,19.95
8603,9/8/2021 16:08,19.99
8604,9/8/2021 16:18,20.07
8605,9/8/2021 16:28,20.03
8606,9/8/2021 16:38,19.86
8607,9/8/2021 16:48,19.77
8608,9/8/2021 16:58,19.77
8609,9/8/2021 17:08,19.73
8610,9/8/2021 17:18,19.56
8611,9/8/2021 17:28,18.32
8612,9/8/2021 17:38,15.74
8613,9/8/2021 17:48,15.06
8614,9/8/2021 17:58,15.1
8615,9/8/2021 18:08,15.06
8616,9/8/2021 18:18,15.18
8617,9/8/2021 18:28,15.14
8618,9/8/2021 18:38,15.1
8619,9/8/2021 18:48,14.93
8620,9/8/2021 18:58,15.06
8621,9/8/2021 19:08,14.88
8622,9/8/2021 19:18,14.8
8623,9/8/2021 19:28,14.58
8624,9/8/2021 19:38,14.58
8625,9/8/2021 19:48,14.5
8626,9/8/2021 19:58,14.33
8627,9/8/2021 20:08,14.33
8628,9/8/2021 20:18,14.33
8629,9/8/2021 20:28,14.33
8630,9/8/2021 20:38,14.28
8631,9/8/2021 20:48,14.2
8632,9/8/2021 20:58,14.07
8633,9/8/2021 21:08,13.98
8634,9/8/2021 21:18,13.81
8635,9/8/2021 21:28,13.77
8636,9/8/2021 21:38,13.81
8637,9/8/2021 21:48,13.77
8638,9/8/2021 21:58,13.77
8639,9/8/2021 22:08,13.77
8640,9/8/2021 22:18,15.57
8641,9/8/2021 22:28,17.37
8642,9/8/2021 22:38,17.63
8643,9/8/2021 22:48,17.97
8644,9/8/2021 22:58,18.19
8645,9/8/2021 23:08,18.19
8646,9/8/2021 23:18,18.1
8647,9/8/2021 23:28,18.02
8648,9/8/2021 23:38,18.06
8649,9/8/2021 23:48,18.02
8650,9/8/2021 23:58,17.97
8651,9/9/2021 0:08,17.93
8652,9/9/2021 0:18,17.93
8653,9/9/2021 0:28,17.89
8654,9/9/2021 0:38,17.84
8655,9/9/2021 0:48,17.72
8656,9/9/2021 0:58,17.5
8657,9/9/2021 1:08,17.41
8658,9/9/2021 1:18,17.41
8659,9/9/2021 1:28,17.41
8660,9/9/2021 1:38,17.37
8661,9/9/2021 1:48,17.33
8662,9/9/2021 1:58,17.33
8663,9/9/2021 2:08,17.33
8664,9/9/2021 2:18,17.33
8665,9/9/2021 2:28,17.33
8666,9/9/2021 2:38,17.24
8667,9/9/2021 2:48,17.24
8668,9/9/2021 2:58,17.24
8669,9/9/2021 3:08,17.37
8670,9/9/2021 3:18,17.37
8671,9/9/2021 3:28,17.46
8672,9/9/2021 3:38,17.33
8673,9/9/2021 3:48,17.24
8674,9/9/2021 3:58,17.24
8675,9/9/2021 4:08,17.16
8676,9/9/2021 4:18,17.11
8677,9/9/2021 4:28,17.07
8678,9/9/2021 4:38,16.99
8679,9/9/2021 4:48,16.81
8680,9/9/2021 4:58,16.73
8681,9/9/2021 5:08,16.56
8682,9/9/2021 5:18,16.39
8683,9/9/2021 5:28,14.63
8684,9/9/2021 5:38,13.9
8685,9/9/2021 5:48,13.64
8686,9/9/2021 5:58,13.68
8687,9/9/2021 6:08,13.6
8688,9/9/2021 6:18,13.55
8689,9/9/2021 6:28,13.64
8690,9/9/2021 6:38,13.51
8691,9/9/2021 6:48,13.6
8692,9/9/2021 6:58,13.81
8693,9/9/2021 7:08,13.81
8694,9/9/2021 7:18,13.98
8695,9/9/2021 7:28,14.11
8696,9/9/2021 7:38,14.28
8697,9/9/2021 7:48,14.37
8698,9/9/2021 7:58,14.28
8699,9/9/2021 8:08,14.45
8700,9/9/2021 8:18,14.58
8701,9/9/2021 8:28,14.97
8702,9/9/2021 8:38,15.23
8703,9/9/2021 8:48,15.01
8704,9/9/2021 8:58,15.36
8705,9/9/2021 9:08,16.13
8706,9/9/2021 9:18,16.43
8707,9/9/2021 9:28,16.26
8708,9/9/2021 9:38,15.7
8709,9/9/2021 9:48,16.08
8710,9/9/2021 9:58,21.02
8711,9/9/2021 10:08,24.58
8712,9/9/2021 10:18,26.17
8713,9/9/2021 10:28,26.98
8714,9/9/2021 10:38,25.91
8715,9/9/2021 10:48,25.05
8716,9/9/2021 10:58,26.08
8717,9/9/2021 11:08,22.43
8718,9/9/2021 11:18,21.28
8719,9/9/2021 11:28,20.2
8720,9/9/2021 11:38,19.52
8721,9/9/2021 11:48,19.26
8722,9/9/2021 11:58,19.09
8723,9/9/2021 12:08,19.05
8724,9/9/2021 12:18,19.05
8725,9/9/2021 12:28,19.05
8726,9/9/2021 12:38,18.83
8727,9/9/2021 12:48,18.79
8728,9/9/2021 12:58,18.92
8729,9/9/2021 13:08,18.74
8730,9/9/2021 13:18,18.66
8731,9/9/2021 13:28,18.7
8732,9/9/2021 13:38,18.57
8733,9/9/2021 13:48,18.49
8734,9/9/2021 13:58,18.36
8735,9/9/2021 14:08,18.27
8736,9/9/2021 14:18,18.23
8737,9/9/2021 14:28,18.1
8738,9/9/2021 14:38,18.32
8739,9/9/2021 14:48,18.27
8740,9/9/2021 14:58,18.32
8741,9/9/2021 15:08,18.4
8742,9/9/2021 15:18,18.44
8743,9/9/2021 15:28,18.57
8744,9/9/2021 15:38,18.66
8745,9/9/2021 15:48,18.7
8746,9/9/2021 15:58,18.83
8747,9/9/2021 16:08,18.79
8748,9/9/2021 16:18,18.87
8749,9/9/2021 16:28,18.92
8750,9/9/2021 16:38,19
8751,9/9/2021 16:48,19.09
8752,9/9/2021 16:58,19.13
8753,9/9/2021 17:08,19.17
8754,9/9/2021 17:18,19.22
8755,9/9/2021 17:28,19.17
8756,9/9/2021 17:38,19.13
8757,9/9/2021 17:48,19.13
8758,9/9/2021 17:58,19.09
8759,9/9/2021 18:08,18.96
8760,9/9/2021 18:18,17.5
8761,9/9/2021 18:28,16.13
8762,9/9/2021 18:38,15.4
8763,9/9/2021 18:48,15.14
8764,9/9/2021 18:58,14.97
8765,9/9/2021 19:08,14.88
8766,9/9/2021 19:18,14.75
8767,9/9/2021 19:28,14.75
8768,9/9/2021 19:38,14.75
8769,9/9/2021 19:48,14.67
8770,9/9/2021 19:58,14.67
8771,9/9/2021 20:08,14.63
8772,9/9/2021 20:18,14.67
8773,9/9/2021 20:28,14.63
8774,9/9/2021 20:38,14.63
8775,9/9/2021 20:48,14.58
8776,9/9/2021 20:58,14.58
8777,9/9/2021 21:08,14.41
8778,9/9/2021 21:18,14.41
8779,9/9/2021 21:28,14.41
8780,9/9/2021 21:38,14.41
8781,9/9/2021 21:48,14.41
8782,9/9/2021 21:58,14.41
8783,9/9/2021 22:08,14.37
8784,9/9/2021 22:18,14.41
8785,9/9/2021 22:28,14.41
8786,9/9/2021 22:38,14.41
8787,9/9/2021 22:48,14.33
8788,9/9/2021 22:58,14.33
8789,9/9/2021 23:08,14.33
8790,9/9/2021 23:18,14.33
8791,9/9/2021 23:28,14.63
8792,9/9/2021 23:38,17.07
8793,9/9/2021 23:48,17.5
8794,9/9/2021 23:58,17.76
8795,9/10/2021 0:08,17.89
8796,9/10/2021 0:18,17.93
8797,9/10/2021 0:28,17.8
8798,9/10/2021 0:38,17.8
8799,9/10/2021 0:48,17.84
8800,9/10/2021 0:58,17.89
8801,9/10/2021 1:08,17.89
8802,9/10/2021 1:18,17.8
8803,9/10/2021 1:28,17.8
8804,9/10/2021 1:38,17.72
8805,9/10/2021 1:48,17.67
8806,9/10/2021 1:58,17.54
8807,9/10/2021 2:08,17.54
8808,9/10/2021 2:18,17.5
8809,9/10/2021 2:28,17.41
8810,9/10/2021 2:38,17.33
8811,9/10/2021 2:48,17.33
8812,9/10/2021 2:58,17.29
8813,9/10/2021 3:08,17.33
8814,9/10/2021 3:18,17.37
8815,9/10/2021 3:28,17.37
8816,9/10/2021 3:38,17.37
8817,9/10/2021 3:48,17.37
8818,9/10/2021 3:58,17.33
8819,9/10/2021 4:08,17.37
8820,9/10/2021 4:18,17.33
8821,9/10/2021 4:28,17.33
8822,9/10/2021 4:38,17.37
8823,9/10/2021 4:48,17.37
8824,9/10/2021 4:58,17.33
8825,9/10/2021 5:08,17.29
8826,9/10/2021 5:18,17.2
8827,9/10/2021 5:28,17.07
8828,9/10/2021 5:38,16.81
8829,9/10/2021 5:48,16.73
8830,9/10/2021 5:58,16.64
8831,9/10/2021 6:08,15.18
8832,9/10/2021 6:18,14.41
8833,9/10/2021 6:28,14.2
8834,9/10/2021 6:38,13.94
8835,9/10/2021 6:48,13.98
8836,9/10/2021 6:58,14.11
8837,9/10/2021 7:08,14.2
8838,9/10/2021 7:18,14.15
8839,9/10/2021 7:28,14.11
8840,9/10/2021 7:38,14.15
8841,9/10/2021 7:48,14.28
8842,9/10/2021 7:58,14.37
8843,9/10/2021 8:08,14.54
8844,9/10/2021 8:18,14.67
8845,9/10/2021 8:28,14.8
8846,9/10/2021 8:38,14.97
8847,9/10/2021 8:48,15.23
8848,9/10/2021 8:58,15.36
8849,9/10/2021 9:08,15.78
8850,9/10/2021 9:18,16.43
8851,9/10/2021 9:28,16.39
8852,9/10/2021 9:38,16.9
8853,9/10/2021 9:48,17.03
8854,9/10/2021 9:58,17.33
8855,9/10/2021 10:08,17.24
8856,9/10/2021 10:18,17.2
8857,9/10/2021 10:28,17.8
8858,9/10/2021 10:38,18.14
8859,9/10/2021 10:48,18.66
8860,9/10/2021 10:58,18.66
8861,9/10/2021 11:08,18.96
8862,9/10/2021 11:18,20.07
8863,9/10/2021 11:28,19.05
8864,9/10/2021 11:38,18.74
8865,9/10/2021 11:48,18.66
8866,9/10/2021 11:58,18.49
8867,9/10/2021 12:08,18.36
8868,9/10/2021 12:18,18.23
8869,9/10/2021 12:28,18.14
8870,9/10/2021 12:38,18.1
8871,9/10/2021 12:48,18.1
8872,9/10/2021 12:58,18.1
8873,9/10/2021 13:08,18.1
8874,9/10/2021 13:18,18.1
8875,9/10/2021 13:28,18.02
8876,9/10/2021 13:38,17.97
8877,9/10/2021 13:48,17.8
8878,9/10/2021 13:58,17.76
8879,9/10/2021 14:08,17.72
8880,9/10/2021 14:18,17.67
8881,9/10/2021 14:28,17.63
8882,9/10/2021 14:38,17.59
8883,9/10/2021 14:48,17.37
8884,9/10/2021 14:58,17.16
8885,9/10/2021 15:08,17.16
8886,9/10/2021 15:18,17.16
8887,9/10/2021 15:28,17.37
8888,9/10/2021 15:38,17.72
8889,9/10/2021 15:48,17.8
8890,9/10/2021 15:58,18.06
8891,9/10/2021 16:08,18.27
8892,9/10/2021 16:18,18.36
8893,9/10/2021 16:28,18.49
8894,9/10/2021 16:38,18.62
8895,9/10/2021 16:48,18.66
8896,9/10/2021 16:58,18.79
8897,9/10/2021 17:08,18.87
8898,9/10/2021 17:18,18.96
8899,9/10/2021 17:28,19.05
8900,9/10/2021 17:38,19.13
8901,9/10/2021 17:48,19.17
8902,9/10/2021 17:58,19.17
8903,9/10/2021 18:08,19.09
8904,9/10/2021 18:18,19.09
8905,9/10/2021 18:28,19.05
8906,9/10/2021 18:38,18.92
8907,9/10/2021 18:48,18.66
8908,9/10/2021 18:58,15.83
8909,9/10/2021 19:08,14.75
8910,9/10/2021 19:18,14.28
8911,9/10/2021 19:28,14.15
8912,9/10/2021 19:38,14.11
8913,9/10/2021 19:48,14.03
8914,9/10/2021 19:58,13.98
8915,9/10/2021 20:08,13.94
8916,9/10/2021 20:18,13.81
8917,9/10/2021 20:28,13.73
8918,9/10/2021 20:38,13.77
8919,9/10/2021 20:48,13.68
8920,9/10/2021 20:58,13.51
8921,9/10/2021 21:08,13.55
8922,9/10/2021 21:18,13.51
8923,9/10/2021 21:28,13.51
8924,9/10/2021 21:38,13.34
8925,9/10/2021 21:48,13.3
8926,9/10/2021 21:58,13.3
8927,9/10/2021 22:08,13.3
8928,9/10/2021 22:18,13.17
8929,9/10/2021 22:28,13.08
8930,9/10/2021 22:38,13.08
8931,9/10/2021 22:48,13.04
8932,9/10/2021 22:58,13
8933,9/10/2021 23:08,13.04
8934,9/10/2021 23:18,13
8935,9/10/2021 23:28,13
8936,9/10/2021 23:38,12.95
8937,9/10/2021 23:48,13
8938,9/10/2021 23:58,13
8939,9/11/2021 0:08,12.95
8940,9/11/2021 0:18,12.78
8941,9/11/2021 0:28,12.65
8942,9/11/2021 0:38,12.52
8943,9/11/2021 0:48,12.48
8944,9/11/2021 0:58,12.35
8945,9/11/2021 1:08,13.12
8946,9/11/2021 1:18,15.66
8947,9/11/2021 1:28,16.3
8948,9/11/2021 1:38,16.73
8949,9/11/2021 1:48,16.9
8950,9/11/2021 1:58,16.9
8951,9/11/2021 2:08,16.94
8952,9/11/2021 2:18,17.07
8953,9/11/2021 2:28,17.07
8954,9/11/2021 2:38,17.11
8955,9/11/2021 2:48,17.07
8956,9/11/2021 2:58,17.03
8957,9/11/2021 3:08,17.03
8958,9/11/2021 3:18,16.94
8959,9/11/2021 3:28,16.9
8960,9/11/2021 3:38,16.77
8961,9/11/2021 3:48,16.73
8962,9/11/2021 3:58,16.64
8963,9/11/2021 4:08,16.64
8964,9/11/2021 4:18,16.51
8965,9/11/2021 4:28,16.51
8966,9/11/2021 4:38,16.47
8967,9/11/2021 4:48,16.43
8968,9/11/2021 4:58,16.26
8969,9/11/2021 5:08,16.13
8970,9/11/2021 5:18,15.96
8971,9/11/2021 5:28,15.83
8972,9/11/2021 5:38,15.74
8973,9/11/2021 5:48,15.48
8974,9/11/2021 5:58,15.4
8975,9/11/2021 6:08,15.31
8976,9/11/2021 6:18,15.18
8977,9/11/2021 6:28,15.23
8978,9/11/2021 6:38,15.14
8979,9/11/2021 6:48,14.33
8980,9/11/2021 6:58,13.98
8981,9/11/2021 7:08,14.07
8982,9/11/2021 7:18,14.03
8983,9/11/2021 7:28,13.98
8984,9/11/2021 7:38,13.9
8985,9/11/2021 7:48,13.94
8986,9/11/2021 7:58,14.15
8987,9/11/2021 8:08,14.28
8988,9/11/2021 8:18,14.45
8989,9/11/2021 8:28,14.97
8990,9/11/2021 8:38,15.01
8991,9/11/2021 8:48,15.57
8992,9/11/2021 8:58,17.16
8993,9/11/2021 9:08,17.8
8994,9/11/2021 9:18,20.03
8995,9/11/2021 9:28,24.15
8996,9/11/2021 9:38,24.92
8997,9/11/2021 9:48,25.61
8998,9/11/2021 9:58,25.95
8999,9/11/2021 10:08,26.55
9000,9/11/2021 10:18,27.28
9001,9/11/2021 10:28,28.4
9002,9/11/2021 10:38,28.83
9003,9/11/2021 10:48,26.72
9004,9/11/2021 10:58,24.97
9005,9/11/2021 11:08,24.88
9006,9/11/2021 11:18,23.76
9007,9/11/2021 11:28,24.24
9008,9/11/2021 11:38,21.88
9009,9/11/2021 11:48,20.55
9010,9/11/2021 11:58,19.69
9011,9/11/2021 12:08,19.52
9012,9/11/2021 12:18,19.22
9013,9/11/2021 12:28,18.87
9014,9/11/2021 12:38,18.66
9015,9/11/2021 12:48,18.7
9016,9/11/2021 12:58,18.57
9017,9/11/2021 13:08,18.49
9018,9/11/2021 13:18,18.4
9019,9/11/2021 13:28,18.44
9020,9/11/2021 13:38,18.49
9021,9/11/2021 13:48,18.44
9022,9/11/2021 13:58,18.32
9023,9/11/2021 14:08,18.1
9024,9/11/2021 14:18,17.97
9025,9/11/2021 14:28,17.89
9026,9/11/2021 14:38,17.89
9027,9/11/2021 14:48,17.84
9028,9/11/2021 14:58,17.89
9029,9/11/2021 15:08,17.8
9030,9/11/2021 15:18,17.76
9031,9/11/2021 15:28,17.59
9032,9/11/2021 15:38,17.5
9033,9/11/2021 15:48,17.5
9034,9/11/2021 15:58,17.5
9035,9/11/2021 16:08,17.63
9036,9/11/2021 16:18,17.84
9037,9/11/2021 16:28,18.06
9038,9/11/2021 16:38,18.4
9039,9/11/2021 16:48,18.7
9040,9/11/2021 16:58,18.92
9041,9/11/2021 17:08,19.09
9042,9/11/2021 17:18,19.09
9043,9/11/2021 17:28,19.13
9044,9/11/2021 17:38,19.26
9045,9/11/2021 17:48,19.39
9046,9/11/2021 17:58,19.52
9047,9/11/2021 18:08,19.56
9048,9/11/2021 18:18,19.47
9049,9/11/2021 18:28,19.47
9050,9/11/2021 18:38,19.43
9051,9/11/2021 18:48,19.39
9052,9/11/2021 18:58,19.22
9053,9/11/2021 19:08,19.09
9054,9/11/2021 19:18,18.83
9055,9/11/2021 19:28,18.53
9056,9/11/2021 19:38,16.08
9057,9/11/2021 19:48,14.15
9058,9/11/2021 19:58,13.85
9059,9/11/2021 20:08,13.68
9060,9/11/2021 20:18,13.6
9061,9/11/2021 20:28,13.55
9062,9/11/2021 20:38,13.51
9063,9/11/2021 20:48,13.38
9064,9/11/2021 20:58,13.3
9065,9/11/2021 21:08,13.3
9066,9/11/2021 21:18,13.25
9067,9/11/2021 21:28,13.34
9068,9/11/2021 21:38,13.34
9069,9/11/2021 21:48,13.47
9070,9/11/2021 21:58,13.47
9071,9/11/2021 22:08,13.3
9072,9/11/2021 22:18,13.47
9073,9/11/2021 22:28,13.64
9074,9/11/2021 22:38,13.77
9075,9/11/2021 22:48,13.77
9076,9/11/2021 22:58,13.68
9077,9/11/2021 23:08,13.6
9078,9/11/2021 23:18,13.55
9079,9/11/2021 23:28,13.55
9080,9/11/2021 23:38,13.47
9081,9/11/2021 23:48,13.38
9082,9/11/2021 23:58,13.3
9083,9/12/2021 0:08,13.43
9084,9/12/2021 0:18,13.55
9085,9/12/2021 0:28,13.55
9086,9/12/2021 0:38,13.47
9087,9/12/2021 0:48,13.43
9088,9/12/2021 0:58,13.47
9089,9/12/2021 1:08,13.47
9090,9/12/2021 1:18,13.55
9091,9/12/2021 1:28,13.55
9092,9/12/2021 1:38,13.51
9093,9/12/2021 1:48,13.43
9094,9/12/2021 1:58,13.43
9095,9/12/2021 2:08,13.55
9096,9/12/2021 2:18,13.55
9097,9/12/2021 2:28,13.81
9098,9/12/2021 2:38,14.11
9099,9/12/2021 2:48,15.83
9100,9/12/2021 2:58,16.69
9101,9/12/2021 3:08,16.94
9102,9/12/2021 3:18,17.11
9103,9/12/2021 3:28,17.11
9104,9/12/2021 3:38,17.16
9105,9/12/2021 3:48,17.2
9106,9/12/2021 3:58,17.2
9107,9/12/2021 4:08,17.2
9108,9/12/2021 4:18,17.24
9109,9/12/2021 4:28,17.24
9110,9/12/2021 4:38,17.2
9111,9/12/2021 4:48,17.2
9112,9/12/2021 4:58,17.11
9113,9/12/2021 5:08,17.11
9114,9/12/2021 5:18,16.99
9115,9/12/2021 5:28,16.73
9116,9/12/2021 5:38,16.64
9117,9/12/2021 5:48,16.64
9118,9/12/2021 5:58,16.56
9119,9/12/2021 6:08,16.51
9120,9/12/2021 6:18,16.47
9121,9/12/2021 6:28,16.26
9122,9/12/2021 6:38,16.08
9123,9/12/2021 6:48,15.91
9124,9/12/2021 6:58,15.78
9125,9/12/2021 7:08,15.74
9126,9/12/2021 7:18,15.7
9127,9/12/2021 7:28,15.61
9128,9/12/2021 7:38,15.57
9129,9/12/2021 7:48,15.61
9130,9/12/2021 7:58,14.71
9131,9/12/2021 8:08,14.11
9132,9/12/2021 8:18,14.11
9133,9/12/2021 8:28,14.24
9134,9/12/2021 8:38,14.41
9135,9/12/2021 8:48,14.8
9136,9/12/2021 8:58,15.18
9137,9/12/2021 9:08,15.61
9138,9/12/2021 9:18,16.47
9139,9/12/2021 9:28,18.27
9140,9/12/2021 9:38,26.34
9141,9/12/2021 9:48,28.65
9142,9/12/2021 9:58,27.32
9143,9/12/2021 10:08,27.5
9144,9/12/2021 10:18,28.53
9145,9/12/2021 10:28,27.8
9146,9/12/2021 10:38,27.45
9147,9/12/2021 10:48,27.32
9148,9/12/2021 10:58,26.64
9149,9/12/2021 11:08,27.24
9150,9/12/2021 11:18,27.32
9151,9/12/2021 11:28,27.41
9152,9/12/2021 11:38,23.72
9153,9/12/2021 11:48,21.88
9154,9/12/2021 11:58,20.98
9155,9/12/2021 12:08,20.59
9156,9/12/2021 12:18,20.16
9157,9/12/2021 12:28,19.52
9158,9/12/2021 12:38,18.92
9159,9/12/2021 12:48,18.57
9160,9/12/2021 12:58,18.27
9161,9/12/2021 13:08,18.23
9162,9/12/2021 13:18,18.23
9163,9/12/2021 13:28,18.27
9164,9/12/2021 13:38,18.36
9165,9/12/2021 13:48,18.27
9166,9/12/2021 13:58,18.14
9167,9/12/2021 14:08,17.93
9168,9/12/2021 14:18,17.89
9169,9/12/2021 14:28,17.76
9170,9/12/2021 14:38,17.76
9171,9/12/2021 14:48,17.5
9172,9/12/2021 14:58,17.41
9173,9/12/2021 15:08,17.41
9174,9/12/2021 15:18,17.2
9175,9/12/2021 15:28,17.07
9176,9/12/2021 15:38,17.07
9177,9/12/2021 15:48,16.99
9178,9/12/2021 15:58,16.94
9179,9/12/2021 16:08,16.94
9180,9/12/2021 16:18,16.73
9181,9/12/2021 16:28,16.77
9182,9/12/2021 16:38,16.9
9183,9/12/2021 16:48,17.07
9184,9/12/2021 16:58,17.24
9185,9/12/2021 17:08,17.33
9186,9/12/2021 17:18,17.59
9187,9/12/2021 17:28,17.72
9188,9/12/2021 17:38,17.84
9189,9/12/2021 17:48,18.02
9190,9/12/2021 17:58,18.1
9191,9/12/2021 18:08,18.14
9192,9/12/2021 18:18,18.27
9193,9/12/2021 18:28,18.4
9194,9/12/2021 18:38,18.49
9195,9/12/2021 18:48,18.62
9196,9/12/2021 18:58,18.96
9197,9/12/2021 19:08,19.17
9198,9/12/2021 19:18,19.26
9199,9/12/2021 19:28,19
9200,9/12/2021 19:38,18.83
9201,9/12/2021 19:48,18.36
9202,9/12/2021 19:58,18.19
9203,9/12/2021 20:08,18.02
9204,9/12/2021 20:18,17.89
9205,9/12/2021 20:28,17.76
9206,9/12/2021 20:38,16.6
9207,9/12/2021 20:48,14.8
9208,9/12/2021 20:58,13.94
9209,9/12/2021 21:08,13.6
9210,9/12/2021 21:18,13.43
9211,9/12/2021 21:28,13.34
9212,9/12/2021 21:38,13.17
9213,9/12/2021 21:48,13.21
9214,9/12/2021 21:58,13.12
9215,9/12/2021 22:08,13.12
9216,9/12/2021 22:18,13.08
9217,9/12/2021 22:28,13
9218,9/12/2021 22:38,13.04
9219,9/12/2021 22:48,12.74
9220,9/12/2021 22:58,12.74
9221,9/12/2021 23:08,12.7
9222,9/12/2021 23:18,12.65
9223,9/12/2021 23:28,12.74
9224,9/12/2021 23:38,12.7
9225,9/12/2021 23:48,12.52
9226,9/12/2021 23:58,12.4
9227,9/13/2021 0:08,12.44
9228,9/13/2021 0:18,12.44
9229,9/13/2021 0:28,12.22
9230,9/13/2021 0:38,12.22
9231,9/13/2021 0:48,12.18
9232,9/13/2021 0:58,12.18
9233,9/13/2021 1:08,12.22
9234,9/13/2021 1:18,12.22
9235,9/13/2021 1:28,12.18
9236,9/13/2021 1:38,12.22
9237,9/13/2021 1:48,12.22
9238,9/13/2021 1:58,12.1
9239,9/13/2021 2:08,12.14
9240,9/13/2021 2:18,12.18
9241,9/13/2021 2:28,12.05
9242,9/13/2021 2:38,12.01
9243,9/13/2021 2:48,12.05
9244,9/13/2021 2:58,11.97
9245,9/13/2021 3:08,11.97
9246,9/13/2021 3:18,11.97
9247,9/13/2021 3:28,11.92
9248,9/13/2021 3:38,11.97
9249,9/13/2021 3:48,11.84
9250,9/13/2021 3:58,11.79
9251,9/13/2021 4:08,13.43
9252,9/13/2021 4:18,15.23
9253,9/13/2021 4:28,15.83
9254,9/13/2021 4:38,16.21
9255,9/13/2021 4:48,16.47
9256,9/13/2021 4:58,16.51
9257,9/13/2021 5:08,16.47
9258,9/13/2021 5:18,16.39
9259,9/13/2021 5:28,16.3
9260,9/13/2021 5:38,16.43
9261,9/13/2021 5:48,16.34
9262,9/13/2021 5:58,16.3
9263,9/13/2021 6:08,16.47
9264,9/13/2021 6:18,16.47
9265,9/13/2021 6:28,16.51
9266,9/13/2021 6:38,16.21
9267,9/13/2021 6:48,15.96
9268,9/13/2021 6:58,15.74
9269,9/13/2021 7:08,15.74
9270,9/13/2021 7:18,15.4
9271,9/13/2021 7:28,14.97
9272,9/13/2021 7:38,15.31
9273,9/13/2021 7:48,15.06
9274,9/13/2021 7:58,14.8
9275,9/13/2021 8:08,14.97
9276,9/13/2021 8:18,15.14
9277,9/13/2021 8:28,15.14
9278,9/13/2021 8:38,15.36
9279,9/13/2021 8:48,15.4
9280,9/13/2021 8:58,15.66
9281,9/13/2021 9:08,16.04
9282,9/13/2021 9:18,16.3
9283,9/13/2021 9:28,16.73
9284,9/13/2021 9:38,17.37
9285,9/13/2021 9:48,17.54
9286,9/13/2021 9:58,18.4
9287,9/13/2021 10:08,19.6
9288,9/13/2021 10:18,20.33
9289,9/13/2021 10:28,21.58
9290,9/13/2021 10:38,22.91
9291,9/13/2021 10:48,25.61
9292,9/13/2021 10:58,26.21
9293,9/13/2021 11:08,22.73
9294,9/13/2021 11:18,22.22
9295,9/13/2021 11:28,22.22
9296,9/13/2021 11:38,22.09
9297,9/13/2021 11:48,22.05
9298,9/13/2021 11:58,21.79
9299,9/13/2021 12:08,21.45
9300,9/13/2021 12:18,20.5
9301,9/13/2021 12:28,20.29
9302,9/13/2021 12:38,20.03
9303,9/13/2021 12:48,19.86
9304,9/13/2021 12:58,19.86
9305,9/13/2021 13:08,19.56
9306,9/13/2021 13:18,19
9307,9/13/2021 13:28,18.74
9308,9/13/2021 13:38,18.36
9309,9/13/2021 13:48,18.27
9310,9/13/2021 13:58,18.27
9311,9/13/2021 14:08,18.27
9312,9/13/2021 14:18,18.1
9313,9/13/2021 14:28,18.1
9314,9/13/2021 14:38,18.06
9315,9/13/2021 14:48,18.02
9316,9/13/2021 14:58,17.97
9317,9/13/2021 15:08,17.93
9318,9/13/2021 15:18,17.89
9319,9/13/2021 15:28,17.84
9320,9/13/2021 15:38,17.63
9321,9/13/2021 15:48,17.59
9322,9/13/2021 15:58,17.59
9323,9/13/2021 16:08,17.54
9324,9/13/2021 16:18,17.46
9325,9/13/2021 16:28,17.46
9326,9/13/2021 16:38,17.37
9327,9/13/2021 16:48,17.41
9328,9/13/2021 16:58,17.37
9329,9/13/2021 17:08,17.37
9330,9/13/2021 17:18,17.24
9331,9/13/2021 17:28,17.41
9332,9/13/2021 17:38,17.5
9333,9/13/2021 17:48,17.59
9334,9/13/2021 17:58,17.76
9335,9/13/2021 18:08,17.84
9336,9/13/2021 18:18,18.02
9337,9/13/2021 18:28,18.1
9338,9/13/2021 18:38,18.19
9339,9/13/2021 18:48,18.23
9340,9/13/2021 18:58,18.27
9341,9/13/2021 19:08,18.27
9342,9/13/2021 19:18,18.27
9343,9/13/2021 19:28,18.36
9344,9/13/2021 19:38,18.44
9345,9/13/2021 19:48,18.74
9346,9/13/2021 19:58,18.87
9347,9/13/2021 20:08,19
9348,9/13/2021 20:18,18.96
9349,9/13/2021 20:28,18.74
9350,9/13/2021 20:38,18.57
9351,9/13/2021 20:48,18.23
9352,9/13/2021 20:58,18.06
9353,9/13/2021 21:08,17.93
9354,9/13/2021 21:18,17.8
9355,9/13/2021 21:28,17.67
9356,9/13/2021 21:38,17.37
9357,9/13/2021 21:48,15.1
9358,9/13/2021 21:58,13.94
9359,9/13/2021 22:08,13.81
9360,9/13/2021 22:18,13.64
9361,9/13/2021 22:28,13.68
9362,9/13/2021 22:38,13.51
9363,9/13/2021 22:48,13.51
9364,9/13/2021 22:58,13.43
9365,9/13/2021 23:08,13.51
9366,9/13/2021 23:18,13.34
9367,9/13/2021 23:28,13.21
9368,9/13/2021 23:38,13.21
9369,9/13/2021 23:48,13.25
9370,9/13/2021 23:58,13.34
9371,9/14/2021 0:08,13.51
9372,9/14/2021 0:18,13.47
9373,9/14/2021 0:28,13.38
9374,9/14/2021 0:38,13.3
9375,9/14/2021 0:48,13.12
9376,9/14/2021 0:58,13.17
9377,9/14/2021 1:08,13.25
9378,9/14/2021 1:18,13.34
9379,9/14/2021 1:28,13.38
9380,9/14/2021 1:38,13.43
9381,9/14/2021 1:48,13.51
9382,9/14/2021 1:58,13.12
9383,9/14/2021 2:08,12.82
9384,9/14/2021 2:18,12.65
9385,9/14/2021 2:28,12.61
9386,9/14/2021 2:38,12.61
9387,9/14/2021 2:48,12.74
9388,9/14/2021 2:58,12.74
9389,9/14/2021 3:08,12.4
9390,9/14/2021 3:18,12.35
9391,9/14/2021 3:28,12.31
9392,9/14/2021 3:38,12.14
9393,9/14/2021 3:48,11.54
9394,9/14/2021 3:58,11.15
9395,9/14/2021 4:08,12.1
9396,9/14/2021 4:18,11.88
9397,9/14/2021 4:28,11.62
9398,9/14/2021 4:38,10.94
9399,9/14/2021 4:48,10.85
9400,9/14/2021 4:58,11.54
9401,9/14/2021 5:08,12.31
9402,9/14/2021 5:18,12.78
9403,9/14/2021 5:28,13.98
9404,9/14/2021 5:38,15.18
9405,9/14/2021 5:48,15.87
9406,9/14/2021 5:58,16.13
9407,9/14/2021 6:08,16.26
9408,9/14/2021 6:18,16.3
9409,9/14/2021 6:28,16.51
9410,9/14/2021 6:38,16.34
9411,9/14/2021 6:48,16.43
9412,9/14/2021 6:58,16.64
9413,9/14/2021 7:08,16.64
9414,9/14/2021 7:18,16.34
9415,9/14/2021 7:28,16.51
9416,9/14/2021 7:38,16.56
9417,9/14/2021 7:48,16.39
9418,9/14/2021 7:58,16.34
9419,9/14/2021 8:08,16.39
9420,9/14/2021 8:18,16.43
9421,9/14/2021 8:28,16.64
9422,9/14/2021 8:38,16.56
9423,9/14/2021 8:48,16.51
9424,9/14/2021 8:58,16.6
9425,9/14/2021 9:08,16.56
9426,9/14/2021 9:18,16.64
9427,9/14/2021 9:28,16.77
9428,9/14/2021 9:38,16.86
9429,9/14/2021 9:48,16.94
9430,9/14/2021 9:58,17.11
9431,9/14/2021 10:08,17.33
9432,9/14/2021 10:18,17.67
9433,9/14/2021 10:28,17.97
9434,9/14/2021 10:38,18.4
9435,9/14/2021 10:48,18.74
9436,9/14/2021 10:58,18.74
9437,9/14/2021 11:08,18.87
9438,9/14/2021 11:18,19.13
9439,9/14/2021 11:28,19.39
9440,9/14/2021 11:38,19.86
9441,9/14/2021 11:48,20.16
9442,9/14/2021 11:58,20.2
9443,9/14/2021 12:08,20.37
9444,9/14/2021 12:18,20.5
9445,9/14/2021 12:28,20.59
9446,9/14/2021 12:38,20.55
9447,9/14/2021 12:48,20.46
9448,9/14/2021 12:58,20.37
9449,9/14/2021 13:08,20.07
9450,9/14/2021 13:18,19.9
9451,9/14/2021 13:28,19.77
9452,9/14/2021 13:38,19.86
9453,9/14/2021 13:48,19.82
9454,9/14/2021 13:58,19.82
9455,9/14/2021 14:08,19.9
9456,9/14/2021 14:18,19.69
9457,9/14/2021 14:28,19.35
9458,9/14/2021 14:38,19.43
9459,9/14/2021 14:48,19.43
9460,9/14/2021 14:58,19.43
9461,9/14/2021 15:08,19.17
9462,9/14/2021 15:18,18.92
9463,9/14/2021 15:28,18.79
9464,9/14/2021 15:38,18.66
9465,9/14/2021 15:48,18.49
9466,9/14/2021 15:58,18.53
9467,9/14/2021 16:08,18.57
9468,9/14/2021 16:18,18.49
9469,9/14/2021 16:28,18.32
9470,9/14/2021 16:38,18.06
9471,9/14/2021 16:48,17.97
9472,9/14/2021 16:58,17.89
9473,9/14/2021 17:08,18.02
9474,9/14/2021 17:18,18.06
9475,9/14/2021 17:28,18.19
9476,9/14/2021 17:38,18.19
9477,9/14/2021 17:48,18.14
9478,9/14/2021 17:58,18.19
9479,9/14/2021 18:08,18.23
9480,9/14/2021 18:18,18.19
9481,9/14/2021 18:28,18.14
9482,9/14/2021 18:38,18.1
9483,9/14/2021 18:48,18.14
9484,9/14/2021 18:58,18.06
9485,9/14/2021 19:08,18.06
9486,9/14/2021 19:18,18.02
9487,9/14/2021 19:28,18.02
9488,9/14/2021 19:38,17.97
9489,9/14/2021 19:48,17.97
9490,9/14/2021 19:58,17.8
9491,9/14/2021 20:08,17.8
9492,9/14/2021 20:18,17.72
9493,9/14/2021 20:28,17.72
9494,9/14/2021 20:38,17.72
9495,9/14/2021 20:48,17.8
9496,9/14/2021 20:58,17.8
9497,9/14/2021 21:08,17.8
9498,9/14/2021 21:18,17.8
9499,9/14/2021 21:28,17.8
9500,9/14/2021 21:38,17.76
9501,9/14/2021 21:48,17.72
9502,9/14/2021 21:58,17.59
9503,9/14/2021 22:08,17.46
9504,9/14/2021 22:18,17.33
9505,9/14/2021 22:28,17.2
9506,9/14/2021 22:38,17.16
9507,9/14/2021 22:48,15.74
9508,9/14/2021 22:58,14.75
9509,9/14/2021 23:08,14.5
9510,9/14/2021 23:18,14.28
9511,9/14/2021 23:28,14.28
9512,9/14/2021 23:38,14.33
9513,9/14/2021 23:48,14.37
9514,9/14/2021 23:58,14.24
9515,9/15/2021 0:08,14.03
9516,9/15/2021 0:18,14.11
9517,9/15/2021 0:28,14.24
9518,9/15/2021 0:38,14.03
9519,9/15/2021 0:48,14.03
9520,9/15/2021 0:58,14.03
9521,9/15/2021 1:08,13.94
9522,9/15/2021 1:18,13.9
9523,9/15/2021 1:28,13.98
9524,9/15/2021 1:38,13.77
9525,9/15/2021 1:48,13.85
9526,9/15/2021 1:58,13.9
9527,9/15/2021 2:08,13.81
9528,9/15/2021 2:18,13.85
9529,9/15/2021 2:28,13.9
9530,9/15/2021 2:38,13.77
9531,9/15/2021 2:48,13.77
9532,9/15/2021 2:58,13.77
9533,9/15/2021 3:08,13.73
9534,9/15/2021 3:18,13.68
9535,9/15/2021 3:28,13.6
9536,9/15/2021 3:38,13.73
9537,9/15/2021 3:48,13.81
9538,9/15/2021 3:58,13.6
9539,9/15/2021 4:08,13.64
9540,9/15/2021 4:18,13.64
9541,9/15/2021 4:28,13.6
9542,9/15/2021 4:38,13.77
9543,9/15/2021 4:48,13.68
9544,9/15/2021 4:58,13.6
9545,9/15/2021 5:08,13.6
9546,9/15/2021 5:18,13.68
9547,9/15/2021 5:28,13.68
9548,9/15/2021 5:38,13.77
9549,9/15/2021 5:48,13.85
9550,9/15/2021 5:58,13.77
9551,9/15/2021 6:08,13.68
9552,9/15/2021 6:18,13.85
9553,9/15/2021 6:28,13.98
9554,9/15/2021 6:38,14.24
9555,9/15/2021 6:48,15.74
9556,9/15/2021 6:58,16.39
9557,9/15/2021 7:08,16.73
9558,9/15/2021 7:18,16.94
9559,9/15/2021 7:28,17.03
9560,9/15/2021 7:38,17.03
9561,9/15/2021 7:48,17.11
9562,9/15/2021 7:58,17.11
9563,9/15/2021 8:08,17.16
9564,9/15/2021 8:18,17.2
9565,9/15/2021 8:28,17.16
9566,9/15/2021 8:38,17.16
9567,9/15/2021 8:48,17.11
9568,9/15/2021 8:58,17.11
9569,9/15/2021 9:08,17.03
9570,9/15/2021 9:18,17.03
9571,9/15/2021 9:28,16.99
9572,9/15/2021 9:38,16.99
9573,9/15/2021 9:48,16.99
9574,9/15/2021 9:58,17.03
9575,9/15/2021 10:08,17.03
9576,9/15/2021 10:18,17.07
9577,9/15/2021 10:28,17.11
9578,9/15/2021 10:38,17.11
9579,9/15/2021 10:48,17.11
9580,9/15/2021 10:58,17.16
9581,9/15/2021 11:08,17.24
9582,9/15/2021 11:18,17.24
9583,9/15/2021 11:28,17.2
9584,9/15/2021 11:38,17.33
9585,9/15/2021 11:48,17.41
9586,9/15/2021 11:58,17.46
9587,9/15/2021 12:08,17.5
9588,9/15/2021 12:18,17.41
9589,9/15/2021 12:28,17.63
9590,9/15/2021 12:38,17.84
9591,9/15/2021 12:48,18.14
9592,9/15/2021 12:58,18.23
9593,9/15/2021 13:08,18.32
9594,9/15/2021 13:18,18.36
9595,9/15/2021 13:28,18.4
9596,9/15/2021 13:38,18.44
9597,9/15/2021 13:48,18.49
9598,9/15/2021 13:58,18.44
9599,9/15/2021 14:08,18.36
9600,9/15/2021 14:18,18.32
9601,9/15/2021 14:28,18.23
9602,9/15/2021 14:38,18.1
9603,9/15/2021 14:48,18.14
9604,9/15/2021 14:58,18.1
9605,9/15/2021 15:08,18.1
9606,9/15/2021 15:18,18.14
9607,9/15/2021 15:28,18.06
9608,9/15/2021 15:38,17.93
9609,9/15/2021 15:48,17.93
9610,9/15/2021 15:58,17.93
9611,9/15/2021 16:08,17.89
9612,9/15/2021 16:18,17.89
9613,9/15/2021 16:28,17.8
9614,9/15/2021 16:38,17.76
9615,9/15/2021 16:48,17.54
9616,9/15/2021 16:58,17.37
9617,9/15/2021 17:08,17.41
9618,9/15/2021 17:18,17.5
9619,9/15/2021 17:28,17.46
9620,9/15/2021 17:38,17.41
9621,9/15/2021 17:48,17.29
9622,9/15/2021 17:58,17.29
9623,9/15/2021 18:08,17.2
9624,9/15/2021 18:18,17.11
9625,9/15/2021 18:28,17.16
9626,9/15/2021 18:38,17.07
9627,9/15/2021 18:48,17.07
9628,9/15/2021 18:58,16.99
9629,9/15/2021 19:08,16.94
9630,9/15/2021 19:18,16.9
9631,9/15/2021 19:28,16.86
9632,9/15/2021 19:38,16.77
9633,9/15/2021 19:48,16.81
9634,9/15/2021 19:58,16.81
9635,9/15/2021 20:08,16.86
9636,9/15/2021 20:18,16.86
9637,9/15/2021 20:28,16.86
9638,9/15/2021 20:38,16.81
9639,9/15/2021 20:48,16.9
9640,9/15/2021 20:58,16.86
9641,9/15/2021 21:08,16.9
9642,9/15/2021 21:18,16.94
9643,9/15/2021 21:28,16.9
9644,9/15/2021 21:38,16.94
9645,9/15/2021 21:48,16.94
9646,9/15/2021 21:58,16.99
9647,9/15/2021 22:08,16.99
9648,9/15/2021 22:18,17.03
9649,9/15/2021 22:28,17.03
9650,9/15/2021 22:38,16.94
9651,9/15/2021 22:48,16.99
9652,9/15/2021 22:58,16.9
9653,9/15/2021 23:08,16.86
9654,9/15/2021 23:18,16.77
9655,9/15/2021 23:28,16.73
9656,9/15/2021 23:38,16.69
9657,9/15/2021 23:48,16.56
9658,9/15/2021 23:58,14.67
9659,9/16/2021 0:08,13.98
9660,9/16/2021 0:18,13.85
9661,9/16/2021 0:28,13.81
9662,9/16/2021 0:38,13.77
9663,9/16/2021 0:48,13.85
9664,9/16/2021 0:58,13.68
9665,9/16/2021 1:08,13.77
9666,9/16/2021 1:18,13.73
9667,9/16/2021 1:28,13.68
9668,9/16/2021 1:38,13.6
9669,9/16/2021 1:48,13.64
9670,9/16/2021 1:58,13.64
9671,9/16/2021 2:08,13.55
9672,9/16/2021 2:18,13.51
9673,9/16/2021 2:28,13.51
9674,9/16/2021 2:38,13.38
9675,9/16/2021 2:48,13.43
9676,9/16/2021 2:58,13.3
9677,9/16/2021 3:08,13.3
9678,9/16/2021 3:18,13.3
9679,9/16/2021 3:28,13.43
9680,9/16/2021 3:38,13.43
9681,9/16/2021 3:48,13.51
9682,9/16/2021 3:58,13.47
9683,9/16/2021 4:08,13.47
9684,9/16/2021 4:18,13.38
9685,9/16/2021 4:28,13.34
9686,9/16/2021 4:38,13.3
9687,9/16/2021 4:48,13.3
9688,9/16/2021 4:58,13.17
9689,9/16/2021 5:08,13.17
9690,9/16/2021 5:18,13.12
9691,9/16/2021 5:28,13.04
9692,9/16/2021 5:38,13.08
9693,9/16/2021 5:48,13
9694,9/16/2021 5:58,13.08
9695,9/16/2021 6:08,13.08
9696,9/16/2021 6:18,13
9697,9/16/2021 6:28,13
9698,9/16/2021 6:38,12.95
9699,9/16/2021 6:48,13
9700,9/16/2021 6:58,13
9701,9/16/2021 7:08,13.08
9702,9/16/2021 7:18,13.08
9703,9/16/2021 7:28,13.25
9704,9/16/2021 7:38,14.41
9705,9/16/2021 7:48,15.78
9706,9/16/2021 7:58,16.13
9707,9/16/2021 8:08,16.34
9708,9/16/2021 8:18,16.51
9709,9/16/2021 8:28,16.51
9710,9/16/2021 8:38,16.6
9711,9/16/2021 8:48,16.64
9712,9/16/2021 8:58,16.64
9713,9/16/2021 9:08,16.69
9714,9/16/2021 9:18,16.64
9715,9/16/2021 9:28,16.6
9716,9/16/2021 9:38,16.56
9717,9/16/2021 9:48,16.56
9718,9/16/2021 9:58,16.56
9719,9/16/2021 10:08,16.56
9720,9/16/2021 10:18,16.56
9721,9/16/2021 10:28,16.56
9722,9/16/2021 10:38,16.56
9723,9/16/2021 10:48,16.64
9724,9/16/2021 10:58,16.69
9725,9/16/2021 11:08,16.73
9726,9/16/2021 11:18,16.81
9727,9/16/2021 11:28,16.9
9728,9/16/2021 11:38,16.94
9729,9/16/2021 11:48,17.03
9730,9/16/2021 11:58,16.99
9731,9/16/2021 12:08,17.03
9732,9/16/2021 12:18,17.11
9733,9/16/2021 12:28,17.16
9734,9/16/2021 12:38,17.2
9735,9/16/2021 12:48,17.29
9736,9/16/2021 12:58,17.59
9737,9/16/2021 13:08,17.72
9738,9/16/2021 13:18,17.89
9739,9/16/2021 13:28,18.19
9740,9/16/2021 13:38,18.49
9741,9/16/2021 13:48,18.79
9742,9/16/2021 13:58,18.96
9743,9/16/2021 14:08,19.17
9744,9/16/2021 14:18,19.39
9745,9/16/2021 14:28,19.39
9746,9/16/2021 14:38,19.52
9747,9/16/2021 14:48,19.69
9748,9/16/2021 14:58,19.39
9749,9/16/2021 15:08,19.3
9750,9/16/2021 15:18,19.35
9751,9/16/2021 15:28,19.35
9752,9/16/2021 15:38,19.05
9753,9/16/2021 15:48,18.96
9754,9/16/2021 15:58,18.57
9755,9/16/2021 16:08,18.4
9756,9/16/2021 16:18,18.27
9757,9/16/2021 16:28,18.1
9758,9/16/2021 16:38,18.06
9759,9/16/2021 16:48,18.06
9760,9/16/2021 16:58,17.97
9761,9/16/2021 17:08,17.89
9762,9/16/2021 17:18,17.8
9763,9/16/2021 17:28,17.63
9764,9/16/2021 17:38,17.5
9765,9/16/2021 17:48,17.37
9766,9/16/2021 17:58,17.33
9767,9/16/2021 18:08,17.29
9768,9/16/2021 18:18,17.33
9769,9/16/2021 18:28,17.29
9770,9/16/2021 18:38,17.2
9771,9/16/2021 18:48,17.11
9772,9/16/2021 18:58,17.03
9773,9/16/2021 19:08,16.94
9774,9/16/2021 19:18,16.86
9775,9/16/2021 19:28,16.9
9776,9/16/2021 19:38,16.9
9777,9/16/2021 19:48,16.86
9778,9/16/2021 19:58,16.81
9779,9/16/2021 20:08,16.69
9780,9/16/2021 20:18,16.6
9781,9/16/2021 20:28,16.56
9782,9/16/2021 20:38,16.56
9783,9/16/2021 20:48,16.56
9784,9/16/2021 20:58,16.56
9785,9/16/2021 21:08,16.6
9786,9/16/2021 21:18,16.56
9787,9/16/2021 21:28,16.6
9788,9/16/2021 21:38,16.64
9789,9/16/2021 21:48,16.69
9790,9/16/2021 21:58,16.69
9791,9/16/2021 22:08,16.64
9792,9/16/2021 22:18,16.6
9793,9/16/2021 22:28,16.73
9794,9/16/2021 22:38,16.73
9795,9/16/2021 22:48,16.81
9796,9/16/2021 22:58,16.77
9797,9/16/2021 23:08,16.73
9798,9/16/2021 23:18,16.77
9799,9/16/2021 23:28,16.73
9800,9/16/2021 23:38,16.69
9801,9/16/2021 23:48,16.69
9802,9/16/2021 23:58,16.6
9803,9/17/2021 0:08,16.56
9804,9/17/2021 0:18,16.51
9805,9/17/2021 0:28,16.47
9806,9/17/2021 0:38,16.39
9807,9/17/2021 0:48,16.26
9808,9/17/2021 0:58,14.75
9809,9/17/2021 1:08,13.38
9810,9/17/2021 1:18,13.17
9811,9/17/2021 1:28,13.25
9812,9/17/2021 1:38,13.17
9813,9/17/2021 1:48,13.3
9814,9/17/2021 1:58,13.17
9815,9/17/2021 2:08,13.17
9816,9/17/2021 2:18,13.17
9817,9/17/2021 2:28,13
9818,9/17/2021 2:38,13.12
9819,9/17/2021 2:48,13.12
9820,9/17/2021 2:58,13.04
9821,9/17/2021 3:08,13.08
9822,9/17/2021 3:18,13.04
9823,9/17/2021 3:28,12.95
9824,9/17/2021 3:38,13.04
9825,9/17/2021 3:48,13.08
9826,9/17/2021 3:58,12.95
9827,9/17/2021 4:08,12.91
9828,9/17/2021 4:18,12.91
9829,9/17/2021 4:28,12.82
9830,9/17/2021 4:38,12.95
9831,9/17/2021 4:48,12.91
9832,9/17/2021 4:58,12.87
9833,9/17/2021 5:08,12.82
9834,9/17/2021 5:18,12.82
9835,9/17/2021 5:28,12.78
9836,9/17/2021 5:38,12.82
9837,9/17/2021 5:48,12.82
9838,9/17/2021 5:58,12.82
9839,9/17/2021 6:08,12.82
9840,9/17/2021 6:18,12.82
9841,9/17/2021 6:28,12.82
9842,9/17/2021 6:38,13
9843,9/17/2021 6:48,12.95
9844,9/17/2021 6:58,13.12
9845,9/17/2021 7:08,13.12
9846,9/17/2021 7:18,13.12
9847,9/17/2021 7:28,13.34
9848,9/17/2021 7:38,13.55
9849,9/17/2021 7:48,13.6
9850,9/17/2021 7:58,13.68
9851,9/17/2021 8:08,13.81
9852,9/17/2021 8:18,14.15
9853,9/17/2021 8:28,14.97
9854,9/17/2021 8:38,15.53
9855,9/17/2021 8:48,15.83
9856,9/17/2021 8:58,16
9857,9/17/2021 9:08,16.13
9858,9/17/2021 9:18,16.26
9859,9/17/2021 9:28,16.34
9860,9/17/2021 9:38,16.47
9861,9/17/2021 9:48,16.47
9862,9/17/2021 9:58,16.47
9863,9/17/2021 10:08,16.43
9864,9/17/2021 10:18,16.47
9865,9/17/2021 10:28,16.43
9866,9/17/2021 10:38,16.43
9867,9/17/2021 10:48,16.56
9868,9/17/2021 10:58,16.6
9869,9/17/2021 11:08,16.69
9870,9/17/2021 11:18,16.99
9871,9/17/2021 11:28,17.07
9872,9/17/2021 11:38,17.16
9873,9/17/2021 11:48,17.46
9874,9/17/2021 11:58,17.59
9875,9/17/2021 12:08,17.93
9876,9/17/2021 12:18,18.19
9877,9/17/2021 12:28,18.36
9878,9/17/2021 12:38,18.44
9879,9/17/2021 12:48,18.53
9880,9/17/2021 12:58,18.83
9881,9/17/2021 13:08,18.92
9882,9/17/2021 13:18,18.83
9883,9/17/2021 13:28,18.96
9884,9/17/2021 13:38,19.3
9885,9/17/2021 13:48,19.35
9886,9/17/2021 13:58,19.52
9887,9/17/2021 14:08,19.86
9888,9/17/2021 14:18,19.86
9889,9/17/2021 14:28,19.9
9890,9/17/2021 14:38,20.2
9891,9/17/2021 14:48,20.37
9892,9/17/2021 14:58,21.32
9893,9/17/2021 15:08,20.25
9894,9/17/2021 15:18,20.16
9895,9/17/2021 15:28,20.29
9896,9/17/2021 15:38,20.55
9897,9/17/2021 15:48,20.55
9898,9/17/2021 15:58,20.42
9899,9/17/2021 16:08,20.63
9900,9/17/2021 16:18,20.55
9901,9/17/2021 16:28,18.06
9902,9/17/2021 16:38,17.63
9903,9/17/2021 16:48,19.09
9904,9/17/2021 16:58,19.13
9905,9/17/2021 17:08,19.05
9906,9/17/2021 17:18,19
9907,9/17/2021 17:28,19.05
9908,9/17/2021 17:38,18.96
9909,9/17/2021 17:48,18.87
9910,9/17/2021 17:58,18.66
9911,9/17/2021 18:08,18.44
9912,9/17/2021 18:18,18.36
9913,9/17/2021 18:28,18.27
9914,9/17/2021 18:38,18.14
9915,9/17/2021 18:48,18.1
9916,9/17/2021 18:58,18.06
9917,9/17/2021 19:08,17.93
9918,9/17/2021 19:18,17.93
9919,9/17/2021 19:28,17.84
9920,9/17/2021 19:38,17.72
9921,9/17/2021 19:48,17.8
9922,9/17/2021 19:58,17.72
9923,9/17/2021 20:08,17.63
9924,9/17/2021 20:18,17.41
9925,9/17/2021 20:28,17.33
9926,9/17/2021 20:38,17.46
9927,9/17/2021 20:48,17.5
9928,9/17/2021 20:58,17.5
9929,9/17/2021 21:08,17.29
9930,9/17/2021 21:18,17.24
9931,9/17/2021 21:28,17.2
9932,9/17/2021 21:38,17.07
9933,9/17/2021 21:48,17.03
9934,9/17/2021 21:58,16.94
9935,9/17/2021 22:08,16.94
9936,9/17/2021 22:18,17.11
9937,9/17/2021 22:28,17.16
9938,9/17/2021 22:38,17.29
9939,9/17/2021 22:48,17.33
9940,9/17/2021 22:58,17.33
9941,9/17/2021 23:08,17.24
9942,9/17/2021 23:18,17.2
9943,9/17/2021 23:28,17.16
9944,9/17/2021 23:38,17.24
9945,9/17/2021 23:48,17.33
9946,9/17/2021 23:58,17.29
9947,9/18/2021 0:08,17.24
9948,9/18/2021 0:18,17.2
9949,9/18/2021 0:28,17.2
9950,9/18/2021 0:38,17.16
9951,9/18/2021 0:48,17.11
9952,9/18/2021 0:58,17.11
9953,9/18/2021 1:08,17.03
9954,9/18/2021 1:18,16.94
9955,9/18/2021 1:28,16.94
9956,9/18/2021 1:38,16.73
9957,9/18/2021 1:48,16.39
9958,9/18/2021 1:58,14.45
9959,9/18/2021 2:08,13.73
9960,9/18/2021 2:18,13.64
9961,9/18/2021 2:28,13.68
9962,9/18/2021 2:38,13.64
9963,9/18/2021 2:48,13.55
9964,9/18/2021 2:58,13.6
9965,9/18/2021 3:08,13.6
9966,9/18/2021 3:18,13.6
9967,9/18/2021 3:28,13.55
9968,9/18/2021 3:38,13.55
9969,9/18/2021 3:48,13.64
9970,9/18/2021 3:58,13.77
9971,9/18/2021 4:08,13.85
9972,9/18/2021 4:18,13.85
9973,9/18/2021 4:28,13.81
9974,9/18/2021 4:38,13.81
9975,9/18/2021 4:48,13.77
9976,9/18/2021 4:58,13.94
9977,9/18/2021 5:08,13.68
9978,9/18/2021 5:18,13.77
9979,9/18/2021 5:28,13.81
9980,9/18/2021 5:38,13.55
9981,9/18/2021 5:48,13.55
9982,9/18/2021 5:58,13.64
9983,9/18/2021 6:08,13.68
9984,9/18/2021 6:18,13.64
9985,9/18/2021 6:28,13.77
9986,9/18/2021 6:38,13.81
9987,9/18/2021 6:48,13.85
9988,9/18/2021 6:58,14.03
9989,9/18/2021 7:08,14.03
9990,9/18/2021 7:18,13.98
9991,9/18/2021 7:28,14.07
9992,9/18/2021 7:38,14.2
9993,9/18/2021 7:48,14.2
9994,9/18/2021 7:58,14.41
9995,9/18/2021 8:08,14.41
9996,9/18/2021 8:18,14.67
9997,9/18/2021 8:28,14.75
9998,9/18/2021 8:38,14.93
9999,9/18/2021 8:48,14.93
10000,9/18/2021 8:58,15.23
10001,9/18/2021 9:08,16.08
10002,9/18/2021 9:18,16.3
10003,9/18/2021 9:28,16.6
10004,9/18/2021 9:38,16.81
10005,9/18/2021 9:48,16.94
10006,9/18/2021 9:58,16.94
10007,9/18/2021 10:08,17.03
10008,9/18/2021 10:18,16.99
10009,9/18/2021 10:28,17.03
10010,9/18/2021 10:38,17.03
10011,9/18/2021 10:48,17.03
10012,9/18/2021 10:58,17.03
10013,9/18/2021 11:08,17.07
10014,9/18/2021 11:18,17.07
10015,9/18/2021 11:28,17.11
10016,9/18/2021 11:38,17.11
10017,9/18/2021 11:48,17.16
10018,9/18/2021 11:58,17.11
10019,9/18/2021 12:08,17.24
10020,9/18/2021 12:18,17.33
10021,9/18/2021 12:28,17.37
10022,9/18/2021 12:38,17.5
10023,9/18/2021 12:48,17.63
10024,9/18/2021 12:58,17.72
10025,9/18/2021 13:08,17.84
10026,9/18/2021 13:18,18.02
10027,9/18/2021 13:28,18.14
10028,9/18/2021 13:38,18.49
10029,9/18/2021 13:48,18.66
10030,9/18/2021 13:58,18.62
10031,9/18/2021 14:08,18.74
10032,9/18/2021 14:18,18.92
10033,9/18/2021 14:28,19.22
10034,9/18/2021 14:38,19.35
10035,9/18/2021 14:48,19.52
10036,9/18/2021 14:58,19.6
10037,9/18/2021 15:08,19.82
10038,9/18/2021 15:18,18.66
10039,9/18/2021 15:28,18.44
10040,9/18/2021 15:38,18.7
10041,9/18/2021 15:48,18.87
10042,9/18/2021 15:58,19.3
10043,9/18/2021 16:08,19.52
10044,9/18/2021 16:18,19.43
10045,9/18/2021 16:28,21.02
10046,9/18/2021 16:38,19.56
10047,9/18/2021 16:48,20.07
10048,9/18/2021 16:58,19.35
10049,9/18/2021 17:08,19.09
10050,9/18/2021 17:18,18.7
10051,9/18/2021 17:28,18.36
10052,9/18/2021 17:38,18.27
10053,9/18/2021 17:48,18.19
10054,9/18/2021 17:58,18.06
10055,9/18/2021 18:08,17.97
10056,9/18/2021 18:18,17.76
10057,9/18/2021 18:28,17.63
10058,9/18/2021 18:38,18.57
10059,9/18/2021 18:48,18.79
10060,9/18/2021 18:58,18.87
10061,9/18/2021 19:08,18.74
10062,9/18/2021 19:18,18.66
10063,9/18/2021 19:28,18.53
10064,9/18/2021 19:38,18.27
10065,9/18/2021 19:48,18.19
10066,9/18/2021 19:58,18.06
10067,9/18/2021 20:08,17.89
10068,9/18/2021 20:18,17.89
10069,9/18/2021 20:28,17.8
10070,9/18/2021 20:38,17.76
10071,9/18/2021 20:48,17.8
10072,9/18/2021 20:58,17.67
10073,9/18/2021 21:08,17.67
10074,9/18/2021 21:18,17.76
10075,9/18/2021 21:28,17.63
10076,9/18/2021 21:38,17.67
10077,9/18/2021 21:48,17.54
10078,9/18/2021 21:58,17.59
10079,9/18/2021 22:08,17.54
10080,9/18/2021 22:18,17.5
10081,9/18/2021 22:28,17.5
10082,9/18/2021 22:38,17.5
10083,9/18/2021 22:48,17.41
10084,9/18/2021 22:58,17.41
10085,9/18/2021 23:08,17.46
10086,9/18/2021 23:18,17.33
10087,9/18/2021 23:28,17.46
10088,9/18/2021 23:38,17.46
10089,9/18/2021 23:48,17.5
10090,9/18/2021 23:58,17.46
10091,9/19/2021 0:08,17.5
10092,9/19/2021 0:18,17.5
10093,9/19/2021 0:28,17.5
10094,9/19/2021 0:38,17.5
10095,9/19/2021 0:48,17.46
10096,9/19/2021 0:58,17.54
10097,9/19/2021 1:08,17.5
10098,9/19/2021 1:18,17.5
10099,9/19/2021 1:28,17.5
10100,9/19/2021 1:38,17.46
10101,9/19/2021 1:48,17.46
10102,9/19/2021 1:58,17.37
10103,9/19/2021 2:08,17.33
10104,9/19/2021 2:18,17.24
10105,9/19/2021 2:28,17.16
10106,9/19/2021 2:38,15.91
10107,9/19/2021 2:48,15.1
10108,9/19/2021 2:58,14.97
10109,9/19/2021 3:08,14.93
10110,9/19/2021 3:18,15.01
10111,9/19/2021 3:28,14.84
10112,9/19/2021 3:38,14.8
10113,9/19/2021 3:48,14.71
10114,9/19/2021 3:58,14.63
10115,9/19/2021 4:08,14.58
10116,9/19/2021 4:18,14.63
10117,9/19/2021 4:28,14.67
10118,9/19/2021 4:38,14.67
10119,9/19/2021 4:48,14.71
10120,9/19/2021 4:58,14.71
10121,9/19/2021 5:08,14.71
10122,9/19/2021 5:18,14.84
10123,9/19/2021 5:28,14.67
10124,9/19/2021 5:38,14.45
10125,9/19/2021 5:48,13.98
10126,9/19/2021 5:58,13.43
10127,9/19/2021 6:08,13.25
10128,9/19/2021 6:18,12.87
10129,9/19/2021 6:28,12.61
10130,9/19/2021 6:38,12.14
10131,9/19/2021 6:48,11.92
10132,9/19/2021 6:58,12.4
10133,9/19/2021 7:08,12.01
10134,9/19/2021 7:18,12.31
10135,9/19/2021 7:28,16.13
10136,9/19/2021 7:38,18.14
10137,9/19/2021 7:48,19.9
10138,9/19/2021 7:58,21.79
10139,9/19/2021 8:08,24.28
10140,9/19/2021 8:18,26.17
10141,9/19/2021 8:28,25.52
10142,9/19/2021 8:38,25.31
10143,9/19/2021 8:48,22.31
10144,9/19/2021 8:58,19.39
10145,9/19/2021 9:08,20.25
10146,9/19/2021 9:18,20.29
10147,9/19/2021 9:28,21.88
10148,9/19/2021 9:38,20.85
10149,9/19/2021 9:48,18.19
10150,9/19/2021 9:58,18.27
10151,9/19/2021 10:08,18.36
10152,9/19/2021 10:18,18.23
10153,9/19/2021 10:28,18.23
10154,9/19/2021 10:38,18.14
10155,9/19/2021 10:48,18.14
10156,9/19/2021 10:58,17.97
10157,9/19/2021 11:08,17.84
10158,9/19/2021 11:18,17.84
10159,9/19/2021 11:28,17.89
10160,9/19/2021 11:38,17.84
10161,9/19/2021 11:48,17.89
10162,9/19/2021 11:58,17.89
10163,9/19/2021 12:08,17.89
10164,9/19/2021 12:18,17.76
10165,9/19/2021 12:28,17.8
10166,9/19/2021 12:38,17.8
10167,9/19/2021 12:48,17.84
10168,9/19/2021 12:58,18.02
10169,9/19/2021 13:08,18.27
10170,9/19/2021 13:18,18.4
10171,9/19/2021 13:28,18.49
10172,9/19/2021 13:38,18.7
10173,9/19/2021 13:48,18.87
10174,9/19/2021 13:58,19.09
10175,9/19/2021 14:08,19.22
10176,9/19/2021 14:18,19.47
10177,9/19/2021 14:28,19.6
10178,9/19/2021 14:38,19.82
10179,9/19/2021 14:48,19.9
10180,9/19/2021 14:58,19.9
10181,9/19/2021 15:08,20.03
10182,9/19/2021 15:18,20.25
10183,9/19/2021 15:28,20.55
10184,9/19/2021 15:38,18.79
10185,9/19/2021 15:48,18.53
10186,9/19/2021 15:58,18.02
10187,9/19/2021 16:08,17.5
10188,9/19/2021 16:18,17.8
10189,9/19/2021 16:28,17.33
10190,9/19/2021 16:38,17.24
10191,9/19/2021 16:48,17.16
10192,9/19/2021 16:58,16.99
10193,9/19/2021 17:08,16.6
10194,9/19/2021 17:18,16.51
10195,9/19/2021 17:28,16.56
10196,9/19/2021 17:38,16.3
10197,9/19/2021 17:48,16.34
10198,9/19/2021 17:58,16.26
10199,9/19/2021 18:08,15.91
10200,9/19/2021 18:18,15.78
10201,9/19/2021 18:28,15.78
10202,9/19/2021 18:38,15.4
10203,9/19/2021 18:48,15.18
10204,9/19/2021 18:58,15.1
10205,9/19/2021 19:08,14.97
10206,9/19/2021 19:18,14.93
10207,9/19/2021 19:28,14.93
10208,9/19/2021 19:38,14.93
10209,9/19/2021 19:48,15.66
10210,9/19/2021 19:58,17.33
10211,9/19/2021 20:08,17.59
10212,9/19/2021 20:18,17.67
10213,9/19/2021 20:28,17.72
10214,9/19/2021 20:38,17.63
10215,9/19/2021 20:48,17.54
10216,9/19/2021 20:58,17.5
10217,9/19/2021 21:08,17.46
10218,9/19/2021 21:18,17.41
10219,9/19/2021 21:28,17.37
10220,9/19/2021 21:38,17.29
10221,9/19/2021 21:48,17.2
10222,9/19/2021 21:58,17.16
10223,9/19/2021 22:08,17.11
10224,9/19/2021 22:18,17.11
10225,9/19/2021 22:28,17.16
10226,9/19/2021 22:38,17.07
10227,9/19/2021 22:48,17.07
10228,9/19/2021 22:58,17.03
10229,9/19/2021 23:08,17.03
10230,9/19/2021 23:18,17.07
10231,9/19/2021 23:28,17.07
10232,9/19/2021 23:38,16.99
10233,9/19/2021 23:48,17.03
10234,9/19/2021 23:58,16.94
10235,9/20/2021 0:08,16.99
10236,9/20/2021 0:18,16.94
10237,9/20/2021 0:28,16.94
10238,9/20/2021 0:38,16.94
10239,9/20/2021 0:48,16.9
10240,9/20/2021 0:58,16.94
10241,9/20/2021 1:08,16.9
10242,9/20/2021 1:18,16.77
10243,9/20/2021 1:28,16.77
10244,9/20/2021 1:38,16.69
10245,9/20/2021 1:48,16.56
10246,9/20/2021 1:58,16.47
10247,9/20/2021 2:08,16.43
10248,9/20/2021 2:18,16.43
10249,9/20/2021 2:28,16.39
10250,9/20/2021 2:38,16.3
10251,9/20/2021 2:48,16.13
10252,9/20/2021 2:58,15.96
10253,9/20/2021 3:08,15.74
10254,9/20/2021 3:18,14.33
10255,9/20/2021 3:28,13.55
10256,9/20/2021 3:38,13.43
10257,9/20/2021 3:48,13.3
10258,9/20/2021 3:58,13.04
10259,9/20/2021 4:08,13.04
10260,9/20/2021 4:18,12.95
10261,9/20/2021 4:28,12.87
10262,9/20/2021 4:38,12.78
10263,9/20/2021 4:48,12.44
10264,9/20/2021 4:58,12.44
10265,9/20/2021 5:08,12.44
10266,9/20/2021 5:18,12.44
10267,9/20/2021 5:28,12.22
10268,9/20/2021 5:38,12.05
10269,9/20/2021 5:48,12.18
10270,9/20/2021 5:58,12.22
10271,9/20/2021 6:08,12.14
10272,9/20/2021 6:18,12.1
10273,9/20/2021 6:28,12.14
10274,9/20/2021 6:38,12.1
10275,9/20/2021 6:48,12.1
10276,9/20/2021 6:58,12.1
10277,9/20/2021 7:08,12.27
10278,9/20/2021 7:18,12.35
10279,9/20/2021 7:28,16
10280,9/20/2021 7:38,17.93
10281,9/20/2021 7:48,19.43
10282,9/20/2021 7:58,20.16
10283,9/20/2021 8:08,22.39
10284,9/20/2021 8:18,24.15
10285,9/20/2021 8:28,24.11
10286,9/20/2021 8:38,24.79
10287,9/20/2021 8:48,25.48
10288,9/20/2021 8:58,24.41
10289,9/20/2021 9:08,24.75
10290,9/20/2021 9:18,26.04
10291,9/20/2021 9:28,27.24
10292,9/20/2021 9:38,28.1
10293,9/20/2021 9:48,26.81
10294,9/20/2021 9:58,21.06
10295,9/20/2021 10:08,18.79
10296,9/20/2021 10:18,18.19
10297,9/20/2021 10:28,18.14
10298,9/20/2021 10:38,18.14
10299,9/20/2021 10:48,18.06
10300,9/20/2021 10:58,18.02
10301,9/20/2021 11:08,18.06
10302,9/20/2021 11:18,18.06
10303,9/20/2021 11:28,18.02
10304,9/20/2021 11:38,17.97
10305,9/20/2021 11:48,17.89
10306,9/20/2021 11:58,17.8
10307,9/20/2021 12:08,17.89
10308,9/20/2021 12:18,17.8
10309,9/20/2021 12:28,17.84
10310,9/20/2021 12:38,17.89
10311,9/20/2021 12:48,17.89
10312,9/20/2021 12:58,18.02
10313,9/20/2021 13:08,18.19
10314,9/20/2021 13:18,18.27
10315,9/20/2021 13:28,18.49
10316,9/20/2021 13:38,18.66
10317,9/20/2021 13:48,19.22
10318,9/20/2021 13:58,19.6
10319,9/20/2021 14:08,19.6
10320,9/20/2021 14:18,19.73
10321,9/20/2021 14:28,20.07
10322,9/20/2021 14:38,20.46
10323,9/20/2021 14:48,20.85
10324,9/20/2021 14:58,21.1
10325,9/20/2021 15:08,21.28
10326,9/20/2021 15:18,21.62
10327,9/20/2021 15:28,21.83
10328,9/20/2021 15:38,22.09
10329,9/20/2021 15:48,22.56
10330,9/20/2021 15:58,22.82
10331,9/20/2021 16:08,23.94
10332,9/20/2021 16:18,21.49
10333,9/20/2021 16:28,22.48
10334,9/20/2021 16:38,23.72
10335,9/20/2021 16:48,24.54
10336,9/20/2021 16:58,24.45
10337,9/20/2021 17:08,23.46
10338,9/20/2021 17:18,23.72
10339,9/20/2021 17:28,23.55
10340,9/20/2021 17:38,23.59
10341,9/20/2021 17:48,23.16
10342,9/20/2021 17:58,22.82
10343,9/20/2021 18:08,22.26
10344,9/20/2021 18:18,21.62
10345,9/20/2021 18:28,20.93
10346,9/20/2021 18:38,19.6
10347,9/20/2021 18:48,18.57
10348,9/20/2021 18:58,17.72
10349,9/20/2021 19:08,17.03
10350,9/20/2021 19:18,16.47
10351,9/20/2021 19:28,15.91
10352,9/20/2021 19:38,15.4
10353,9/20/2021 19:48,14.67
10354,9/20/2021 19:58,13.81
10355,9/20/2021 20:08,13.55
10356,9/20/2021 20:18,13.17
10357,9/20/2021 20:28,13
10358,9/20/2021 20:38,13.38
10359,9/20/2021 20:48,14.15
10360,9/20/2021 20:58,17.84
10361,9/20/2021 21:08,18.74
10362,9/20/2021 21:18,18.92
10363,9/20/2021 21:28,18.96
10364,9/20/2021 21:38,18.49
10365,9/20/2021 21:48,18.32
10366,9/20/2021 21:58,18.23
10367,9/20/2021 22:08,18.27
10368,9/20/2021 22:18,18.14
10369,9/20/2021 22:28,18.1
10370,9/20/2021 22:38,18.19
10371,9/20/2021 22:48,18.14
10372,9/20/2021 22:58,18.19
10373,9/20/2021 23:08,18.19
10374,9/20/2021 23:18,18.14
10375,9/20/2021 23:28,18.14
10376,9/20/2021 23:38,18.1
10377,9/20/2021 23:48,18.02
10378,9/20/2021 23:58,17.97
10379,9/21/2021 0:08,17.89
10380,9/21/2021 0:18,17.84
10381,9/21/2021 0:28,17.84
10382,9/21/2021 0:38,17.8
10383,9/21/2021 0:48,17.84
10384,9/21/2021 0:58,17.8
10385,9/21/2021 1:08,17.8
10386,9/21/2021 1:18,17.76
10387,9/21/2021 1:28,17.76
10388,9/21/2021 1:38,17.72
10389,9/21/2021 1:48,17.67
10390,9/21/2021 1:58,17.63
10391,9/21/2021 2:08,17.5
10392,9/21/2021 2:18,17.41
10393,9/21/2021 2:28,17.33
10394,9/21/2021 2:38,17.29
10395,9/21/2021 2:48,17.2
10396,9/21/2021 2:58,17.03
10397,9/21/2021 3:08,16.99
10398,9/21/2021 3:18,16.9
10399,9/21/2021 3:28,16.69
10400,9/21/2021 3:38,16.47
10401,9/21/2021 3:48,16.34
10402,9/21/2021 3:58,14.37
10403,9/21/2021 4:08,13.68
10404,9/21/2021 4:18,13.77
10405,9/21/2021 4:28,13.55
10406,9/21/2021 4:38,14.07
10407,9/21/2021 4:48,14.11
10408,9/21/2021 4:58,14.41
10409,9/21/2021 5:08,14.07
10410,9/21/2021 5:18,14.03
10411,9/21/2021 5:28,13.98
10412,9/21/2021 5:38,14.15
10413,9/21/2021 5:48,14.2
10414,9/21/2021 5:58,14.88
10415,9/21/2021 6:08,14.63
10416,9/21/2021 6:18,14.41
10417,9/21/2021 6:28,15.23
10418,9/21/2021 6:38,15.61
10419,9/21/2021 6:48,15.31
10420,9/21/2021 6:58,15.18
10421,9/21/2021 7:08,15.66
10422,9/21/2021 7:18,15.83
10423,9/21/2021 7:28,17.89
10424,9/21/2021 7:38,19.39
10425,9/21/2021 7:48,21.58
10426,9/21/2021 7:58,23.25
10427,9/21/2021 8:08,23.25
10428,9/21/2021 8:18,23.68
10429,9/21/2021 8:28,24.19
10430,9/21/2021 8:38,25.82
10431,9/21/2021 8:48,26.94
10432,9/21/2021 8:58,28.65
10433,9/21/2021 9:08,29.43
10434,9/21/2021 9:18,29.73
10435,9/21/2021 9:28,29.94
10436,9/21/2021 9:38,32.17
10437,9/21/2021 9:48,33.29
10438,9/21/2021 9:58,32.3
10439,9/21/2021 10:08,31.61
10440,9/21/2021 10:18,22.35
10441,9/21/2021 10:28,19.56
10442,9/21/2021 10:38,19.09
10443,9/21/2021 10:48,19.09
10444,9/21/2021 10:58,18.96
10445,9/21/2021 11:08,18.83
10446,9/21/2021 11:18,18.74
10447,9/21/2021 11:28,18.74
10448,9/21/2021 11:38,18.7
10449,9/21/2021 11:48,18.53
10450,9/21/2021 11:58,18.4
10451,9/21/2021 12:08,18.53
10452,9/21/2021 12:18,18.44
10453,9/21/2021 12:28,18.53
10454,9/21/2021 12:38,18.44
10455,9/21/2021 12:48,18.53
10456,9/21/2021 12:58,18.49
10457,9/21/2021 13:08,18.49
10458,9/21/2021 13:18,18.57
10459,9/21/2021 13:28,18.66
10460,9/21/2021 13:38,18.74
10461,9/21/2021 13:48,18.83
10462,9/21/2021 13:58,18.96
10463,9/21/2021 14:08,19.05
10464,9/21/2021 14:18,19.13
10465,9/21/2021 14:28,19.35
10466,9/21/2021 14:38,19.35
10467,9/21/2021 14:48,19.52
10468,9/21/2021 14:58,19.73
10469,9/21/2021 15:08,19.73
10470,9/21/2021 15:18,19.95
10471,9/21/2021 15:28,20.68
10472,9/21/2021 15:38,20.72
10473,9/21/2021 15:48,20.76
10474,9/21/2021 15:58,20.93
10475,9/21/2021 16:08,21.19
10476,9/21/2021 16:18,21.49
10477,9/21/2021 16:28,22.35
10478,9/21/2021 16:38,23.08
10479,9/21/2021 16:48,24.75
10480,9/21/2021 16:58,26.12
10481,9/21/2021 17:08,26.55
10482,9/21/2021 17:18,27.24
10483,9/21/2021 17:28,27.5
10484,9/21/2021 17:38,26.38
10485,9/21/2021 17:48,24.75
10486,9/21/2021 17:58,24.06
10487,9/21/2021 18:08,23.16
10488,9/21/2021 18:18,22.35
10489,9/21/2021 18:28,21.62
10490,9/21/2021 18:38,19.9
10491,9/21/2021 18:48,19.09
10492,9/21/2021 18:58,18.53
10493,9/21/2021 19:08,17.97
10494,9/21/2021 19:18,17.54
10495,9/21/2021 19:28,17.37
10496,9/21/2021 19:38,17.07
10497,9/21/2021 19:48,16.47
10498,9/21/2021 19:58,16.34
10499,9/21/2021 20:08,16.21
10500,9/21/2021 20:18,16.04
10501,9/21/2021 20:28,16.34
10502,9/21/2021 20:38,16.21
10503,9/21/2021 20:48,16.13
10504,9/21/2021 20:58,16.6
10505,9/21/2021 21:08,16.64
10506,9/21/2021 21:18,16.34
10507,9/21/2021 21:28,16
10508,9/21/2021 21:38,15.48
10509,9/21/2021 21:48,15.78
10510,9/21/2021 21:58,16.21
10511,9/21/2021 22:08,18.14
10512,9/21/2021 22:18,19.09
10513,9/21/2021 22:28,18.92
10514,9/21/2021 22:38,18.74
10515,9/21/2021 22:48,18.66
10516,9/21/2021 22:58,18.44
10517,9/21/2021 23:08,18.23
10518,9/21/2021 23:18,18.27
10519,9/21/2021 23:28,18.36
10520,9/21/2021 23:38,18.44
10521,9/21/2021 23:48,18.44
10522,9/21/2021 23:58,18.49
10523,9/22/2021 0:08,18.4
10524,9/22/2021 0:18,18.4
10525,9/22/2021 0:28,18.32
10526,9/22/2021 0:38,18.27
10527,9/22/2021 0:48,18.23
10528,9/22/2021 0:58,18.23
10529,9/22/2021 1:08,18.19
10530,9/22/2021 1:18,18.1
10531,9/22/2021 1:28,18.14
10532,9/22/2021 1:38,18.02
10533,9/22/2021 1:48,18.06
10534,9/22/2021 1:58,18.06
10535,9/22/2021 2:08,18.02
10536,9/22/2021 2:18,18.02
10537,9/22/2021 2:28,17.97
10538,9/22/2021 2:38,17.97
10539,9/22/2021 2:48,17.97
10540,9/22/2021 2:58,17.97
10541,9/22/2021 3:08,17.84
10542,9/22/2021 3:18,17.54
10543,9/22/2021 3:28,17.5
10544,9/22/2021 3:38,17.46
10545,9/22/2021 3:48,17.33
10546,9/22/2021 3:58,17.29
10547,9/22/2021 4:08,17.24
10548,9/22/2021 4:18,17.16
10549,9/22/2021 4:28,16.99
10550,9/22/2021 4:38,15.57
10551,9/22/2021 4:48,14.8
10552,9/22/2021 4:58,14.58
10553,9/22/2021 5:08,14.45
10554,9/22/2021 5:18,14.37
10555,9/22/2021 5:28,14.58
10556,9/22/2021 5:38,14.45
10557,9/22/2021 5:48,14.41
10558,9/22/2021 5:58,14.45
10559,9/22/2021 6:08,14.5
10560,9/22/2021 6:18,14.33
10561,9/22/2021 6:28,14.28
10562,9/22/2021 6:38,14.33
10563,9/22/2021 6:48,14.33
10564,9/22/2021 6:58,14.41
10565,9/22/2021 7:08,14.37
10566,9/22/2021 7:18,14.28
10567,9/22/2021 7:28,14.33
10568,9/22/2021 7:38,14.45
10569,9/22/2021 7:48,14.67
10570,9/22/2021 7:58,14.67
10571,9/22/2021 8:08,14.67
10572,9/22/2021 8:18,14.97
10573,9/22/2021 8:28,14.93
10574,9/22/2021 8:38,15.36
10575,9/22/2021 8:48,15.06
10576,9/22/2021 8:58,15.87
10577,9/22/2021 9:08,16.26
10578,9/22/2021 9:18,16.04
10579,9/22/2021 9:28,16.34
10580,9/22/2021 9:38,16.94
10581,9/22/2021 9:48,18.23
10582,9/22/2021 9:58,18.74
10583,9/22/2021 10:08,20.33
10584,9/22/2021 10:18,21.66
10585,9/22/2021 10:28,19.82
10586,9/22/2021 10:38,19.22
10587,9/22/2021 10:48,19.05
10588,9/22/2021 10:58,19.05
10589,9/22/2021 11:08,18.87
10590,9/22/2021 11:18,18.96
10591,9/22/2021 11:28,19.05
10592,9/22/2021 11:38,18.92
10593,9/22/2021 11:48,18.74
10594,9/22/2021 11:58,18.74
10595,9/22/2021 12:08,18.66
10596,9/22/2021 12:18,18.62
10597,9/22/2021 12:28,18.62
10598,9/22/2021 12:38,18.57
10599,9/22/2021 12:48,18.57
10600,9/22/2021 12:58,18.57
10601,9/22/2021 13:08,18.7
10602,9/22/2021 13:18,18.79
10603,9/22/2021 13:28,18.83
10604,9/22/2021 13:38,18.79
10605,9/22/2021 13:48,18.92
10606,9/22/2021 13:58,19
10607,9/22/2021 14:08,19.05
10608,9/22/2021 14:18,19.05
10609,9/22/2021 14:28,19.22
10610,9/22/2021 14:38,19.35
10611,9/22/2021 14:48,19.56
10612,9/22/2021 14:58,19.82
10613,9/22/2021 15:08,20.03
10614,9/22/2021 15:18,20.12
10615,9/22/2021 15:28,20.25
10616,9/22/2021 15:38,20.33
10617,9/22/2021 15:48,20.42
10618,9/22/2021 15:58,20.55
10619,9/22/2021 16:08,20.68
10620,9/22/2021 16:18,20.76
10621,9/22/2021 16:28,20.89
10622,9/22/2021 16:38,20.8
10623,9/22/2021 16:48,20.76
10624,9/22/2021 16:58,20.55
10625,9/22/2021 17:08,18.79
10626,9/22/2021 17:18,16.17
10627,9/22/2021 17:28,15.27
10628,9/22/2021 17:38,14.93
10629,9/22/2021 17:48,14.97
10630,9/22/2021 17:58,14.8
10631,9/22/2021 18:08,14.71
10632,9/22/2021 18:18,14.54
10633,9/22/2021 18:28,14.37
10634,9/22/2021 18:38,14.37
10635,9/22/2021 18:48,14.15
10636,9/22/2021 18:58,14.03
10637,9/22/2021 19:08,13.73
10638,9/22/2021 19:18,13.6
10639,9/22/2021 19:28,13.77
10640,9/22/2021 19:38,13.68
10641,9/22/2021 19:48,13.77
10642,9/22/2021 19:58,13.77
10643,9/22/2021 20:08,13.81
10644,9/22/2021 20:18,13.64
10645,9/22/2021 20:28,13.77
10646,9/22/2021 20:38,13.77
10647,9/22/2021 20:48,13.77
10648,9/22/2021 20:58,13.68
10649,9/22/2021 21:08,13.77
10650,9/22/2021 21:18,13.81
10651,9/22/2021 21:28,13.81
10652,9/22/2021 21:38,13.64
10653,9/22/2021 21:48,13.94
10654,9/22/2021 21:58,13.94
10655,9/22/2021 22:08,13.68
10656,9/22/2021 22:18,13.85
10657,9/22/2021 22:28,13.64
10658,9/22/2021 22:38,13.85
10659,9/22/2021 22:48,14.33
10660,9/22/2021 22:58,16.81
10661,9/22/2021 23:08,18.1
10662,9/22/2021 23:18,18.27
10663,9/22/2021 23:28,18.53
10664,9/22/2021 23:38,18.44
10665,9/22/2021 23:48,18.14
10666,9/22/2021 23:58,18.1
10667,9/23/2021 0:08,18.14
10668,9/23/2021 0:18,18.23
10669,9/23/2021 0:28,18.23
10670,9/23/2021 0:38,18.23
10671,9/23/2021 0:48,18.19
10672,9/23/2021 0:58,18.19
10673,9/23/2021 1:08,18.1
10674,9/23/2021 1:18,18.1
10675,9/23/2021 1:28,18.06
10676,9/23/2021 1:38,18.06
10677,9/23/2021 1:48,18.06
10678,9/23/2021 1:58,18.02
10679,9/23/2021 2:08,18.02
10680,9/23/2021 2:18,17.97
10681,9/23/2021 2:28,17.89
10682,9/23/2021 2:38,17.84
10683,9/23/2021 2:48,17.8
10684,9/23/2021 2:58,17.76
10685,9/23/2021 3:08,17.72
10686,9/23/2021 3:18,17.67
10687,9/23/2021 3:28,17.76
10688,9/23/2021 3:38,17.59
10689,9/23/2021 3:48,17.59
10690,9/23/2021 3:58,17.59
10691,9/23/2021 4:08,17.5
10692,9/23/2021 4:18,17.46
10693,9/23/2021 4:28,17.33
10694,9/23/2021 4:38,17.24
10695,9/23/2021 4:48,17.07
10696,9/23/2021 4:58,16.9
10697,9/23/2021 5:08,16.77
10698,9/23/2021 5:18,16.56
10699,9/23/2021 5:28,14.5
10700,9/23/2021 5:38,13.3
10701,9/23/2021 5:48,12.87
10702,9/23/2021 5:58,12.78
10703,9/23/2021 6:08,12.82
10704,9/23/2021 6:18,12.82
10705,9/23/2021 6:28,12.74
10706,9/23/2021 6:38,12.74
10707,9/23/2021 6:48,12.61
10708,9/23/2021 6:58,12.65
10709,9/23/2021 7:08,12.65
10710,9/23/2021 7:18,12.74
10711,9/23/2021 7:28,12.74
10712,9/23/2021 7:38,12.82
10713,9/23/2021 7:48,13.12
10714,9/23/2021 7:58,13.17
10715,9/23/2021 8:08,13.38
10716,9/23/2021 8:18,13.51
10717,9/23/2021 8:28,13.64
10718,9/23/2021 8:38,13.77
10719,9/23/2021 8:48,13.77
10720,9/23/2021 8:58,14.24
10721,9/23/2021 9:08,14.45
10722,9/23/2021 9:18,14.63
10723,9/23/2021 9:28,14.84
10724,9/23/2021 9:38,15.1
10725,9/23/2021 9:48,15.4
10726,9/23/2021 9:58,15.83
10727,9/23/2021 10:08,16.13
10728,9/23/2021 10:18,17.41
10729,9/23/2021 10:28,18.06
10730,9/23/2021 10:38,18.02
10731,9/23/2021 10:48,18.1
10732,9/23/2021 10:58,18.23
10733,9/23/2021 11:08,18.23
10734,9/23/2021 11:18,18.14
10735,9/23/2021 11:28,18.1
10736,9/23/2021 11:38,18.14
10737,9/23/2021 11:48,18.27
10738,9/23/2021 11:58,18.23
10739,9/23/2021 12:08,18.23
10740,9/23/2021 12:18,18.27
10741,9/23/2021 12:28,18.32
10742,9/23/2021 12:38,18.27
10743,9/23/2021 12:48,18.06
10744,9/23/2021 12:58,18.02
10745,9/23/2021 13:08,17.97
10746,9/23/2021 13:18,17.97
10747,9/23/2021 13:28,18.06
10748,9/23/2021 13:38,18.1
10749,9/23/2021 13:48,18.14
10750,9/23/2021 13:58,18.14
10751,9/23/2021 14:08,18.06
10752,9/23/2021 14:18,18.06
10753,9/23/2021 14:28,18.19
10754,9/23/2021 14:38,18.23
10755,9/23/2021 14:48,18.36
10756,9/23/2021 14:58,18.44
10757,9/23/2021 15:08,18.66
10758,9/23/2021 15:18,19
10759,9/23/2021 15:28,19.09
10760,9/23/2021 15:38,19.22
10761,9/23/2021 15:48,19.35
10762,9/23/2021 15:58,19.43
10763,9/23/2021 16:08,19.52
10764,9/23/2021 16:18,19.56
10765,9/23/2021 16:28,19.69
10766,9/23/2021 16:38,19.73
10767,9/23/2021 16:48,19.82
10768,9/23/2021 16:58,19.9
10769,9/23/2021 17:08,19.9
10770,9/23/2021 17:18,19.77
10771,9/23/2021 17:28,19.77
10772,9/23/2021 17:38,19.69
10773,9/23/2021 17:48,18.32
10774,9/23/2021 17:58,15.83
10775,9/23/2021 18:08,15.36
10776,9/23/2021 18:18,15.06
10777,9/23/2021 18:28,14.88
10778,9/23/2021 18:38,14.75
10779,9/23/2021 18:48,14.54
10780,9/23/2021 18:58,14.28
10781,9/23/2021 19:08,14.15
10782,9/23/2021 19:18,14.07
10783,9/23/2021 19:28,13.98
10784,9/23/2021 19:38,13.81
10785,9/23/2021 19:48,13.81
10786,9/23/2021 19:58,14.03
10787,9/23/2021 20:08,13.94
10788,9/23/2021 20:18,13.98
10789,9/23/2021 20:28,13.81
10790,9/23/2021 20:38,13.77
10791,9/23/2021 20:48,13.85
10792,9/23/2021 20:58,13.98
10793,9/23/2021 21:08,13.98
10794,9/23/2021 21:18,14.03
10795,9/23/2021 21:28,14.11
10796,9/23/2021 21:38,14.11
10797,9/23/2021 21:48,14.03
10798,9/23/2021 21:58,14.03
10799,9/23/2021 22:08,14.24
10800,9/23/2021 22:18,14.24
10801,9/23/2021 22:28,14.24
10802,9/23/2021 22:38,14.11
10803,9/23/2021 22:48,14.11
10804,9/23/2021 22:58,14.07
10805,9/23/2021 23:08,14.2
10806,9/23/2021 23:18,14.07
10807,9/23/2021 23:28,13.94
10808,9/23/2021 23:38,14.11
10809,9/23/2021 23:48,15.44
10810,9/23/2021 23:58,17.54
10811,9/24/2021 0:08,18.14
10812,9/24/2021 0:18,18.4
10813,9/24/2021 0:28,18.32
10814,9/24/2021 0:38,18.1
10815,9/24/2021 0:48,18.02
10816,9/24/2021 0:58,17.97
10817,9/24/2021 1:08,18.06
10818,9/24/2021 1:18,18.1
10819,9/24/2021 1:28,18.06
10820,9/24/2021 1:38,18.1
10821,9/24/2021 1:48,18.06
10822,9/24/2021 1:58,18.1
10823,9/24/2021 2:08,18.06
10824,9/24/2021 2:18,17.97
10825,9/24/2021 2:28,17.97
10826,9/24/2021 2:38,17.97
10827,9/24/2021 2:48,17.89
10828,9/24/2021 2:58,17.76
10829,9/24/2021 3:08,17.72
10830,9/24/2021 3:18,17.76
10831,9/24/2021 3:28,17.8
10832,9/24/2021 3:38,17.67
10833,9/24/2021 3:48,17.5
10834,9/24/2021 3:58,17.33
10835,9/24/2021 4:08,17.41
10836,9/24/2021 4:18,17.46
10837,9/24/2021 4:28,17.41
10838,9/24/2021 4:38,17.46
10839,9/24/2021 4:48,17.41
10840,9/24/2021 4:58,17.29
10841,9/24/2021 5:08,17.11
10842,9/24/2021 5:18,17.03
10843,9/24/2021 5:28,16.77
10844,9/24/2021 5:38,16.69
10845,9/24/2021 5:48,16.64
10846,9/24/2021 5:58,16.26
10847,9/24/2021 6:08,15.01
10848,9/24/2021 6:18,13.77
10849,9/24/2021 6:28,13.55
10850,9/24/2021 6:38,13.47
10851,9/24/2021 6:48,13.3
10852,9/24/2021 6:58,13.3
10853,9/24/2021 7:08,13.38
10854,9/24/2021 7:18,13.51
10855,9/24/2021 7:28,13.64
10856,9/24/2021 7:38,13.81
10857,9/24/2021 7:48,13.68
10858,9/24/2021 7:58,13.73
10859,9/24/2021 8:08,13.81
10860,9/24/2021 8:18,14.2
10861,9/24/2021 8:28,14.28
10862,9/24/2021 8:38,14.41
10863,9/24/2021 8:48,14.63
10864,9/24/2021 8:58,15.06
10865,9/24/2021 9:08,15.06
10866,9/24/2021 9:18,15.44
10867,9/24/2021 9:28,16.13
10868,9/24/2021 9:38,16.56
10869,9/24/2021 9:48,17.54
10870,9/24/2021 9:58,18.53
10871,9/24/2021 10:08,18.1
10872,9/24/2021 10:18,19.13
10873,9/24/2021 10:28,19.22
10874,9/24/2021 10:38,18.87
10875,9/24/2021 10:48,18.66
10876,9/24/2021 10:58,18.74
10877,9/24/2021 11:08,18.79
10878,9/24/2021 11:18,18.92
10879,9/24/2021 11:28,18.92
10880,9/24/2021 11:38,18.92
10881,9/24/2021 11:48,18.79
10882,9/24/2021 11:58,18.74
10883,9/24/2021 12:08,18.83
10884,9/24/2021 12:18,18.7
10885,9/24/2021 12:28,18.7
10886,9/24/2021 12:38,18.79
10887,9/24/2021 12:48,18.79
10888,9/24/2021 12:58,18.79
10889,9/24/2021 13:08,18.79
10890,9/24/2021 13:18,18.74
10891,9/24/2021 13:28,18.66
10892,9/24/2021 13:38,18.62
10893,9/24/2021 13:48,18.66
10894,9/24/2021 13:58,18.62
10895,9/24/2021 14:08,18.7
10896,9/24/2021 14:18,18.79
10897,9/24/2021 14:28,18.83
10898,9/24/2021 14:38,18.87
10899,9/24/2021 14:48,18.96
10900,9/24/2021 14:58,18.96
10901,9/24/2021 15:08,19.05
10902,9/24/2021 15:18,19.09
10903,9/24/2021 15:28,19.39
10904,9/24/2021 15:38,19.52
10905,9/24/2021 15:48,19.73
10906,9/24/2021 15:58,19.73
10907,9/24/2021 16:08,19.9
10908,9/24/2021 16:18,19.99
10909,9/24/2021 16:28,20.2
10910,9/24/2021 16:38,20.33
10911,9/24/2021 16:48,20.42
10912,9/24/2021 16:58,20.5
10913,9/24/2021 17:08,20.59
10914,9/24/2021 17:18,20.59
10915,9/24/2021 17:28,20.63
10916,9/24/2021 17:38,20.59
10917,9/24/2021 17:48,20.55
10918,9/24/2021 17:58,20.37
10919,9/24/2021 18:08,20.2
10920,9/24/2021 18:18,17.72
10921,9/24/2021 18:28,15.66
10922,9/24/2021 18:38,15.44
10923,9/24/2021 18:48,15.36
10924,9/24/2021 18:58,14.93
10925,9/24/2021 19:08,14.93
10926,9/24/2021 19:18,14.84
10927,9/24/2021 19:28,14.75
10928,9/24/2021 19:38,14.97
10929,9/24/2021 19:48,14.8
10930,9/24/2021 19:58,14.8
10931,9/24/2021 20:08,14.67
10932,9/24/2021 20:18,14.58
10933,9/24/2021 20:28,14.67
10934,9/24/2021 20:38,14.58
10935,9/24/2021 20:48,14.37
10936,9/24/2021 20:58,14.33
10937,9/24/2021 21:08,14.58
10938,9/24/2021 21:18,14.63
10939,9/24/2021 21:28,14.41
10940,9/24/2021 21:38,14.28
10941,9/24/2021 21:48,14.28
10942,9/24/2021 21:58,14.41
10943,9/24/2021 22:08,14.41
10944,9/24/2021 22:18,14.24
10945,9/24/2021 22:28,14.15
10946,9/24/2021 22:38,14.2
10947,9/24/2021 22:48,14.24
10948,9/24/2021 22:58,14.2
10949,9/24/2021 23:08,14.15
10950,9/24/2021 23:18,14.33
10951,9/24/2021 23:28,14.28
10952,9/24/2021 23:38,14.15
10953,9/24/2021 23:48,14.15
10954,9/24/2021 23:58,14.15
10955,9/25/2021 0:08,13.98
10956,9/25/2021 0:18,14.24
10957,9/25/2021 0:28,14.11
10958,9/25/2021 0:38,14.41
10959,9/25/2021 0:48,14.5
10960,9/25/2021 0:58,16
10961,9/25/2021 1:08,17.11
10962,9/25/2021 1:18,17.72
10963,9/25/2021 1:28,18.02
10964,9/25/2021 1:38,17.93
10965,9/25/2021 1:48,17.97
10966,9/25/2021 1:58,17.89
10967,9/25/2021 2:08,18.02
10968,9/25/2021 2:18,18.02
10969,9/25/2021 2:28,17.97
10970,9/25/2021 2:38,18.02
10971,9/25/2021 2:48,17.97
10972,9/25/2021 2:58,18.02
10973,9/25/2021 3:08,18.02
10974,9/25/2021 3:18,17.93
10975,9/25/2021 3:28,17.89
10976,9/25/2021 3:38,17.8
10977,9/25/2021 3:48,17.76
10978,9/25/2021 3:58,17.67
10979,9/25/2021 4:08,17.76
10980,9/25/2021 4:18,17.72
10981,9/25/2021 4:28,17.72
10982,9/25/2021 4:38,17.54
10983,9/25/2021 4:48,17.46
10984,9/25/2021 4:58,17.37
10985,9/25/2021 5:08,17.29
10986,9/25/2021 5:18,17.24
10987,9/25/2021 5:28,17.07
10988,9/25/2021 5:38,16.99
10989,9/25/2021 5:48,16.94
10990,9/25/2021 5:58,16.86
10991,9/25/2021 6:08,16.81
10992,9/25/2021 6:18,16.73
10993,9/25/2021 6:28,16.69
10994,9/25/2021 6:38,16.3
10995,9/25/2021 6:48,15.18
10996,9/25/2021 6:58,14.11
10997,9/25/2021 7:08,13.94
10998,9/25/2021 7:18,13.85
10999,9/25/2021 7:28,13.81
11000,9/25/2021 7:38,13.9
11001,9/25/2021 7:48,14.11
11002,9/25/2021 7:58,14.07
11003,9/25/2021 8:08,14.2
11004,9/25/2021 8:18,14.28
11005,9/25/2021 8:28,14.58
11006,9/25/2021 8:38,14.75
11007,9/25/2021 8:48,14.67
11008,9/25/2021 8:58,14.97
11009,9/25/2021 9:08,15.01
11010,9/25/2021 9:18,14.97
11011,9/25/2021 9:28,15.14
11012,9/25/2021 9:38,15.23
11013,9/25/2021 9:48,15.31
11014,9/25/2021 9:58,15.66
11015,9/25/2021 10:08,15.74
11016,9/25/2021 10:18,17.03
11017,9/25/2021 10:28,17.8
11018,9/25/2021 10:38,17.97
11019,9/25/2021 10:48,17.97
11020,9/25/2021 10:58,17.89
11021,9/25/2021 11:08,17.84
11022,9/25/2021 11:18,17.89
11023,9/25/2021 11:28,17.97
11024,9/25/2021 11:38,18.06
11025,9/25/2021 11:48,18.06
11026,9/25/2021 11:58,18.02
11027,9/25/2021 12:08,17.97
11028,9/25/2021 12:18,17.97
11029,9/25/2021 12:28,17.97
11030,9/25/2021 12:38,17.97
11031,9/25/2021 12:48,18.1
11032,9/25/2021 12:58,18.23
11033,9/25/2021 13:08,18.19
11034,9/25/2021 13:18,18.14
11035,9/25/2021 13:28,18.14
11036,9/25/2021 13:38,18.1
11037,9/25/2021 13:48,18.1
11038,9/25/2021 13:58,17.93
11039,9/25/2021 14:08,17.93
11040,9/25/2021 14:18,17.89
11041,9/25/2021 14:28,17.89
11042,9/25/2021 14:38,17.84
11043,9/25/2021 14:48,17.84
11044,9/25/2021 14:58,17.89
11045,9/25/2021 15:08,17.89
11046,9/25/2021 15:18,18.02
11047,9/25/2021 15:28,18.06
11048,9/25/2021 15:38,18.19
11049,9/25/2021 15:48,18.32
11050,9/25/2021 15:58,18.36
11051,9/25/2021 16:08,18.36
11052,9/25/2021 16:18,18.49
11053,9/25/2021 16:28,18.53
11054,9/25/2021 16:38,18.62
11055,9/25/2021 16:48,18.57
11056,9/25/2021 16:58,18.62
11057,9/25/2021 17:08,18.62
11058,9/25/2021 17:18,18.57
11059,9/25/2021 17:28,18.53
11060,9/25/2021 17:38,18.53
11061,9/25/2021 17:48,18.49
11062,9/25/2021 17:58,18.49
11063,9/25/2021 18:08,18.4
11064,9/25/2021 18:18,18.4
11065,9/25/2021 18:28,18.36
11066,9/25/2021 18:38,18.19
11067,9/25/2021 18:48,17.29
11068,9/25/2021 18:58,14.88
11069,9/25/2021 19:08,14.11
11070,9/25/2021 19:18,13.98
11071,9/25/2021 19:28,13.85
11072,9/25/2021 19:38,13.81
11073,9/25/2021 19:48,13.81
11074,9/25/2021 19:58,13.94
11075,9/25/2021 20:08,13.94
11076,9/25/2021 20:18,13.98
11077,9/25/2021 20:28,14.11
11078,9/25/2021 20:38,14.15
11079,9/25/2021 20:48,14.24
11080,9/25/2021 20:58,14.15
11081,9/25/2021 21:08,14.24
11082,9/25/2021 21:18,14.41
11083,9/25/2021 21:28,14.28
11084,9/25/2021 21:38,14.37
11085,9/25/2021 21:48,14.45
11086,9/25/2021 21:58,14.5
11087,9/25/2021 22:08,14.5
11088,9/25/2021 22:18,14.5
11089,9/25/2021 22:28,14.58
11090,9/25/2021 22:38,14.58
11091,9/25/2021 22:48,14.63
11092,9/25/2021 22:58,14.71
11093,9/25/2021 23:08,14.67
11094,9/25/2021 23:18,14.71
11095,9/25/2021 23:28,14.84
11096,9/25/2021 23:38,14.88
11097,9/25/2021 23:48,14.88
11098,9/25/2021 23:58,14.88
11099,9/26/2021 0:08,14.84
11100,9/26/2021 0:18,14.88
11101,9/26/2021 0:28,14.8
11102,9/26/2021 0:38,14.88
11103,9/26/2021 0:48,14.84
11104,9/26/2021 0:58,14.93
11105,9/26/2021 1:08,14.88
11106,9/26/2021 1:18,14.8
11107,9/26/2021 1:28,14.8
11108,9/26/2021 1:38,14.8
11109,9/26/2021 1:48,14.84
11110,9/26/2021 1:58,14.93
11111,9/26/2021 2:08,15.91
11112,9/26/2021 2:18,16.56
11113,9/26/2021 2:28,16.77
11114,9/26/2021 2:38,16.94
11115,9/26/2021 2:48,16.94
11116,9/26/2021 2:58,16.99
11117,9/26/2021 3:08,17.16
11118,9/26/2021 3:18,17.11
11119,9/26/2021 3:28,17.2
11120,9/26/2021 3:38,17.24
11121,9/26/2021 3:48,17.2
11122,9/26/2021 3:58,17.2
11123,9/26/2021 4:08,17.2
11124,9/26/2021 4:18,17.16
11125,9/26/2021 4:28,17.16
11126,9/26/2021 4:38,17.07
11127,9/26/2021 4:48,17.07
11128,9/26/2021 4:58,17.03
11129,9/26/2021 5:08,17.03
11130,9/26/2021 5:18,16.99
11131,9/26/2021 5:28,16.86
11132,9/26/2021 5:38,16.77
11133,9/26/2021 5:48,16.73
11134,9/26/2021 5:58,16.6
11135,9/26/2021 6:08,16.47
11136,9/26/2021 6:18,16.56
11137,9/26/2021 6:28,16.43
11138,9/26/2021 6:38,16.43
11139,9/26/2021 6:48,16.34
11140,9/26/2021 6:58,16.39
11141,9/26/2021 7:08,16.47
11142,9/26/2021 7:18,16.47
11143,9/26/2021 7:28,16.47
11144,9/26/2021 7:38,16.39
11145,9/26/2021 7:48,16.39
11146,9/26/2021 7:58,16.39
11147,9/26/2021 8:08,16.34
11148,9/26/2021 8:18,16.34
11149,9/26/2021 8:28,16.3
11150,9/26/2021 8:38,15.48
11151,9/26/2021 8:48,14.97
11152,9/26/2021 8:58,15.74
11153,9/26/2021 9:08,15.23
11154,9/26/2021 9:18,15.31
11155,9/26/2021 9:28,16.17
11156,9/26/2021 9:38,16.3
11157,9/26/2021 9:48,16.43
11158,9/26/2021 9:58,16.86
11159,9/26/2021 10:08,16.94
11160,9/26/2021 10:18,17.03
11161,9/26/2021 10:28,17.11
11162,9/26/2021 10:38,17.24
11163,9/26/2021 10:48,17.24
11164,9/26/2021 10:58,17.29
11165,9/26/2021 11:08,17.24
11166,9/26/2021 11:18,17.16
11167,9/26/2021 11:28,17.2
11168,9/26/2021 11:38,17.16
11169,9/26/2021 11:48,17.16
11170,9/26/2021 11:58,17.11
11171,9/26/2021 12:08,17.11
11172,9/26/2021 12:18,17.11
11173,9/26/2021 12:28,17.07
11174,9/26/2021 12:38,17.03
11175,9/26/2021 12:48,17.16
11176,9/26/2021 12:58,17.2
11177,9/26/2021 13:08,17.16
11178,9/26/2021 13:18,17.2
11179,9/26/2021 13:28,17.29
11180,9/26/2021 13:38,17.29
11181,9/26/2021 13:48,17.29
11182,9/26/2021 13:58,17.29
11183,9/26/2021 14:08,17.29
11184,9/26/2021 14:18,17.29
11185,9/26/2021 14:28,17.33
11186,9/26/2021 14:38,17.37
11187,9/26/2021 14:48,17.41
11188,9/26/2021 14:58,17.41
11189,9/26/2021 15:08,17.46
11190,9/26/2021 15:18,17.41
11191,9/26/2021 15:28,17.37
11192,9/26/2021 15:38,17.41
11193,9/26/2021 15:48,17.37
11194,9/26/2021 15:58,17.37
11195,9/26/2021 16:08,17.37
11196,9/26/2021 16:18,17.37
11197,9/26/2021 16:28,17.29
11198,9/26/2021 16:38,17.29
11199,9/26/2021 16:48,17.29
11200,9/26/2021 16:58,17.37
11201,9/26/2021 17:08,17.5
11202,9/26/2021 17:18,17.5
11203,9/26/2021 17:28,17.5
11204,9/26/2021 17:38,17.46
11205,9/26/2021 17:48,17.46
11206,9/26/2021 17:58,17.46
11207,9/26/2021 18:08,17.41
11208,9/26/2021 18:18,17.41
11209,9/26/2021 18:28,17.37
11210,9/26/2021 18:38,17.29
11211,9/26/2021 18:48,17.16
11212,9/26/2021 18:58,17.03
11213,9/26/2021 19:08,16.9
11214,9/26/2021 19:18,16.86
11215,9/26/2021 19:28,16.13
11216,9/26/2021 19:38,13.68
11217,9/26/2021 19:48,13.34
11218,9/26/2021 19:58,13.21
11219,9/26/2021 20:08,13.25
11220,9/26/2021 20:18,13.25
11221,9/26/2021 20:28,13.3
11222,9/26/2021 20:38,13.3
11223,9/26/2021 20:48,13.47
11224,9/26/2021 20:58,13.73
11225,9/26/2021 21:08,14.07
11226,9/26/2021 21:18,14.2
11227,9/26/2021 21:28,14.33
11228,9/26/2021 21:38,14.58
11229,9/26/2021 21:48,14.71
11230,9/26/2021 21:58,14.8
11231,9/26/2021 22:08,14.8
11232,9/26/2021 22:18,14.84
11233,9/26/2021 22:28,14.93
11234,9/26/2021 22:38,14.93
11235,9/26/2021 22:48,14.93
11236,9/26/2021 22:58,14.93
11237,9/26/2021 23:08,14.93
11238,9/26/2021 23:18,14.93
11239,9/26/2021 23:28,14.84
11240,9/26/2021 23:38,14.97
11241,9/26/2021 23:48,14.84
11242,9/26/2021 23:58,14.8
11243,9/27/2021 0:08,14.71
11244,9/27/2021 0:18,14.71
11245,9/27/2021 0:28,14.67
11246,9/27/2021 0:38,14.75
11247,9/27/2021 0:48,14.71
11248,9/27/2021 0:58,14.75
11249,9/27/2021 1:08,14.71
11250,9/27/2021 1:18,14.71
11251,9/27/2021 1:28,14.71
11252,9/27/2021 1:38,14.75
11253,9/27/2021 1:48,14.71
11254,9/27/2021 1:58,14.71
11255,9/27/2021 2:08,14.75
11256,9/27/2021 2:18,14.71
11257,9/27/2021 2:28,14.75
11258,9/27/2021 2:38,14.71
11259,9/27/2021 2:48,14.75
11260,9/27/2021 2:58,14.71
11261,9/27/2021 3:08,14.75
11262,9/27/2021 3:18,15.1
11263,9/27/2021 3:28,15.83
11264,9/27/2021 3:38,16.08
11265,9/27/2021 3:48,16.17
11266,9/27/2021 3:58,16.21
11267,9/27/2021 4:08,16.34
11268,9/27/2021 4:18,16.43
11269,9/27/2021 4:28,16.43
11270,9/27/2021 4:38,16.51
11271,9/27/2021 4:48,16.56
11272,9/27/2021 4:58,16.56
11273,9/27/2021 5:08,16.56
11274,9/27/2021 5:18,16.6
11275,9/27/2021 5:28,16.56
11276,9/27/2021 5:38,16.6
11277,9/27/2021 5:48,16.6
11278,9/27/2021 5:58,16.51
11279,9/27/2021 6:08,16.51
11280,9/27/2021 6:18,16.51
11281,9/27/2021 6:28,16.39
11282,9/27/2021 6:38,16.39
11283,9/27/2021 6:48,16.47
11284,9/27/2021 6:58,16.34
11285,9/27/2021 7:08,16.08
11286,9/27/2021 7:18,16.13
11287,9/27/2021 7:28,16.34
11288,9/27/2021 7:38,16.3
11289,9/27/2021 7:48,16.26
11290,9/27/2021 7:58,16.26
11291,9/27/2021 8:08,16.17
11292,9/27/2021 8:18,16.21
11293,9/27/2021 8:28,16.21
11294,9/27/2021 8:38,16.34
11295,9/27/2021 8:48,16.51
11296,9/27/2021 8:58,16.51
11297,9/27/2021 9:08,16.43
11298,9/27/2021 9:18,16.47
11299,9/27/2021 9:28,16.6
11300,9/27/2021 9:38,16.73
11301,9/27/2021 9:48,16.81
11302,9/27/2021 9:58,16.86
11303,9/27/2021 10:08,17.03
11304,9/27/2021 10:18,17.16
11305,9/27/2021 10:28,17.29
11306,9/27/2021 10:38,17.33
11307,9/27/2021 10:48,17.5
11308,9/27/2021 10:58,17.59
11309,9/27/2021 11:08,17.5
11310,9/27/2021 11:18,17.63
11311,9/27/2021 11:28,17.72
11312,9/27/2021 11:38,17.72
11313,9/27/2021 11:48,17.72
11314,9/27/2021 11:58,17.72
11315,9/27/2021 12:08,17.67
11316,9/27/2021 12:18,17.93
11317,9/27/2021 12:28,17.93
11318,9/27/2021 12:38,18.14
11319,9/27/2021 12:48,18.1
11320,9/27/2021 12:58,18.14
11321,9/27/2021 13:08,18.19
11322,9/27/2021 13:18,18.14
11323,9/27/2021 13:28,18.1
11324,9/27/2021 13:38,18.06
11325,9/27/2021 13:48,18.06
11326,9/27/2021 13:58,18.1
11327,9/27/2021 14:08,18.23
11328,9/27/2021 14:18,18.23
11329,9/27/2021 14:28,18.27
11330,9/27/2021 14:38,18.14
11331,9/27/2021 14:48,18.19
11332,9/27/2021 14:58,18.14
11333,9/27/2021 15:08,18.1
11334,9/27/2021 15:18,18.14
11335,9/27/2021 15:28,18.1
11336,9/27/2021 15:38,18.14
11337,9/27/2021 15:48,18.1
11338,9/27/2021 15:58,18.14
11339,9/27/2021 16:08,18.14
11340,9/27/2021 16:18,18.1
11341,9/27/2021 16:28,18.06
11342,9/27/2021 16:38,18.06
11343,9/27/2021 16:48,18.06
11344,9/27/2021 16:58,18.14
11345,9/27/2021 17:08,18.1
11346,9/27/2021 17:18,18.06
11347,9/27/2021 17:28,18.06
11348,9/27/2021 17:38,18.1
11349,9/27/2021 17:48,18.06
11350,9/27/2021 17:58,18.06
11351,9/27/2021 18:08,18.06
11352,9/27/2021 18:18,18.06
11353,9/27/2021 18:28,18.06
11354,9/27/2021 18:38,18.19
11355,9/27/2021 18:48,18.27
11356,9/27/2021 18:58,18.27
11357,9/27/2021 19:08,18.36
11358,9/27/2021 19:18,18.32
11359,9/27/2021 19:28,18.19
11360,9/27/2021 19:38,17.97
11361,9/27/2021 19:48,18.02
11362,9/27/2021 19:58,17.93
11363,9/27/2021 20:08,17.46
11364,9/27/2021 20:18,15.61
11365,9/27/2021 20:28,15.27
11366,9/27/2021 20:38,15.23
11367,9/27/2021 20:48,15.27
11368,9/27/2021 20:58,15.18
11369,9/27/2021 21:08,15.01
11370,9/27/2021 21:18,14.93
11371,9/27/2021 21:28,14.8
11372,9/27/2021 21:38,14.8
11373,9/27/2021 21:48,14.75
11374,9/27/2021 21:58,14.67
11375,9/27/2021 22:08,14.75
11376,9/27/2021 22:18,14.75
11377,9/27/2021 22:28,14.63
11378,9/27/2021 22:38,14.5
11379,9/27/2021 22:48,14.5
11380,9/27/2021 22:58,14.41
11381,9/27/2021 23:08,14.33
11382,9/27/2021 23:18,14.2
11383,9/27/2021 23:28,14.15
11384,9/27/2021 23:38,14.07
11385,9/27/2021 23:48,14.03
11386,9/27/2021 23:58,13.94
11387,9/28/2021 0:08,13.85
11388,9/28/2021 0:18,13.43
11389,9/28/2021 0:28,13.04
11390,9/28/2021 0:38,12.65
11391,9/28/2021 0:48,12.18
11392,9/28/2021 0:58,11.49
11393,9/28/2021 1:08,11.02
11394,9/28/2021 1:18,10.85
11395,9/28/2021 1:28,10.98
11396,9/28/2021 1:38,10.34
11397,9/28/2021 1:48,9.99
11398,9/28/2021 1:58,10.08
11399,9/28/2021 2:08,9.99
11400,9/28/2021 2:18,9.78
11401,9/28/2021 2:28,10.16
11402,9/28/2021 2:38,10.34
11403,9/28/2021 2:48,10.64
11404,9/28/2021 2:58,10.46
11405,9/28/2021 3:08,12.48
11406,9/28/2021 3:18,13.25
11407,9/28/2021 3:28,13.25
11408,9/28/2021 3:38,13.04
11409,9/28/2021 3:48,12.95
11410,9/28/2021 3:58,12.57
11411,9/28/2021 4:08,12.65
11412,9/28/2021 4:18,12.82
11413,9/28/2021 4:28,12.78
11414,9/28/2021 4:38,12.78
11415,9/28/2021 4:48,12.91
11416,9/28/2021 4:58,13.17
11417,9/28/2021 5:08,14.2
11418,9/28/2021 5:18,14.88
11419,9/28/2021 5:28,15.44
11420,9/28/2021 5:38,14.97
11421,9/28/2021 5:48,15.57
11422,9/28/2021 5:58,15.7
11423,9/28/2021 6:08,15.7
11424,9/28/2021 6:18,16.04
11425,9/28/2021 6:28,15.91
11426,9/28/2021 6:38,15.83
11427,9/28/2021 6:48,15.91
11428,9/28/2021 6:58,15.74
11429,9/28/2021 7:08,15.7
11430,9/28/2021 7:18,15.61
11431,9/28/2021 7:28,15.44
11432,9/28/2021 7:38,14.93
11433,9/28/2021 7:48,14.67
11434,9/28/2021 7:58,14.71
11435,9/28/2021 8:08,14.8
11436,9/28/2021 8:18,14.97
11437,9/28/2021 8:28,15.01
11438,9/28/2021 8:38,15.14
11439,9/28/2021 8:48,14.75
11440,9/28/2021 8:58,14.88
11441,9/28/2021 9:08,15.06
11442,9/28/2021 9:18,15.61
11443,9/28/2021 9:28,16.04
11444,9/28/2021 9:38,16.08
11445,9/28/2021 9:48,16.08
11446,9/28/2021 9:58,16.6
11447,9/28/2021 10:08,16.86
11448,9/28/2021 10:18,16.81
11449,9/28/2021 10:28,17.16
11450,9/28/2021 10:38,17.41
11451,9/28/2021 10:48,17.54
11452,9/28/2021 10:58,17.8
11453,9/28/2021 11:08,17.93
11454,9/28/2021 11:18,18.02
11455,9/28/2021 11:28,18.27
11456,9/28/2021 11:38,18.32
11457,9/28/2021 11:48,18.36
11458,9/28/2021 11:58,18.32
11459,9/28/2021 12:08,18.66
11460,9/28/2021 12:18,18.49
11461,9/28/2021 12:28,18.57
11462,9/28/2021 12:38,18.44
11463,9/28/2021 12:48,18.36
11464,9/28/2021 12:58,18.32
11465,9/28/2021 13:08,18.1
11466,9/28/2021 13:18,18.19
11467,9/28/2021 13:28,18.1
11468,9/28/2021 13:38,17.97
11469,9/28/2021 13:48,17.97
11470,9/28/2021 13:58,17.93
11471,9/28/2021 14:08,17.93
11472,9/28/2021 14:18,18.02
11473,9/28/2021 14:28,18.02
11474,9/28/2021 14:38,17.97
11475,9/28/2021 14:48,17.93
11476,9/28/2021 14:58,17.93
11477,9/28/2021 15:08,17.84
11478,9/28/2021 15:18,17.89
11479,9/28/2021 15:28,17.93
11480,9/28/2021 15:38,18.02
11481,9/28/2021 15:48,18.06
11482,9/28/2021 15:58,17.89
11483,9/28/2021 16:08,17.93
11484,9/28/2021 16:18,17.97
11485,9/28/2021 16:28,17.84
11486,9/28/2021 16:38,17.76
11487,9/28/2021 16:48,17.84
11488,9/28/2021 16:58,17.72
11489,9/28/2021 17:08,17.67
11490,9/28/2021 17:18,17.72
11491,9/28/2021 17:28,17.63
11492,9/28/2021 17:38,17.54
11493,9/28/2021 17:48,17.46
11494,9/28/2021 17:58,17.46
11495,9/28/2021 18:08,17.41
11496,9/28/2021 18:18,17.37
11497,9/28/2021 18:28,17.29
11498,9/28/2021 18:38,17.37
11499,9/28/2021 18:48,17.29
11500,9/28/2021 18:58,17.11
11501,9/28/2021 19:08,17.11
11502,9/28/2021 19:18,17.11
11503,9/28/2021 19:28,17.03
11504,9/28/2021 19:38,16.9
11505,9/28/2021 19:48,16.9
11506,9/28/2021 19:58,16.81
11507,9/28/2021 20:08,16.73
11508,9/28/2021 20:18,16.6
11509,9/28/2021 20:28,16.39
11510,9/28/2021 20:38,16.08
11511,9/28/2021 20:48,15.87
11512,9/28/2021 20:58,15.91
11513,9/28/2021 21:08,15.66
11514,9/28/2021 21:18,15.27
11515,9/28/2021 21:28,13.6
11516,9/28/2021 21:38,12.61
11517,9/28/2021 21:48,12.57
11518,9/28/2021 21:58,12.4
11519,9/28/2021 22:08,12.31
11520,9/28/2021 22:18,12.22
11521,9/28/2021 22:28,12.18
11522,9/28/2021 22:38,12.22
11523,9/28/2021 22:48,12.35
11524,9/28/2021 22:58,12.57
11525,9/28/2021 23:08,12.57
11526,9/28/2021 23:18,12.61
11527,9/28/2021 23:28,12.7
11528,9/28/2021 23:38,12.61
11529,9/28/2021 23:48,12.7
11530,9/28/2021 23:58,12.74
11531,9/29/2021 0:08,12.57
11532,9/29/2021 0:18,12.48
11533,9/29/2021 0:28,12.31
11534,9/29/2021 0:38,12.22
11535,9/29/2021 0:48,12.22
11536,9/29/2021 0:58,12.14
11537,9/29/2021 1:08,12.22
11538,9/29/2021 1:18,12.18
11539,9/29/2021 1:28,12.22
11540,9/29/2021 1:38,12.18
11541,9/29/2021 1:48,12.22
11542,9/29/2021 1:58,12.14
11543,9/29/2021 2:08,11.92
11544,9/29/2021 2:18,11.58
11545,9/29/2021 2:28,11.54
11546,9/29/2021 2:38,11.84
11547,9/29/2021 2:48,12.01
11548,9/29/2021 2:58,11.92
11549,9/29/2021 3:08,11.79
11550,9/29/2021 3:18,11.54
11551,9/29/2021 3:28,11.02
11552,9/29/2021 3:38,11.62
11553,9/29/2021 3:48,11.75
11554,9/29/2021 3:58,11.49
11555,9/29/2021 4:08,10.59
11556,9/29/2021 4:18,9.86
11557,9/29/2021 4:28,9.61
11558,9/29/2021 4:38,9.05
11559,9/29/2021 4:48,8.83
11560,9/29/2021 4:58,8.49
11561,9/29/2021 5:08,8.36
11562,9/29/2021 5:18,8.19
11563,9/29/2021 5:28,7.98
11564,9/29/2021 5:38,7.98
11565,9/29/2021 5:48,9.05
11566,9/29/2021 5:58,9.56
11567,9/29/2021 6:08,9.65
11568,9/29/2021 6:18,12.82
11569,9/29/2021 6:28,13.85
11570,9/29/2021 6:38,13.85
11571,9/29/2021 6:48,13.94
11572,9/29/2021 6:58,14.24
11573,9/29/2021 7:08,14.45
11574,9/29/2021 7:18,14.37
11575,9/29/2021 7:28,14.15
11576,9/29/2021 7:38,14.5
11577,9/29/2021 7:48,14.67
11578,9/29/2021 7:58,14.37
11579,9/29/2021 8:08,14.28
11580,9/29/2021 8:18,14.41
11581,9/29/2021 8:28,14.24
11582,9/29/2021 8:38,14.45
11583,9/29/2021 8:48,14.45
11584,9/29/2021 8:58,13.94
11585,9/29/2021 9:08,14.2
11586,9/29/2021 9:18,14.15
11587,9/29/2021 9:28,14.2
11588,9/29/2021 9:38,14.54
11589,9/29/2021 9:48,14.67
11590,9/29/2021 9:58,14.84
11591,9/29/2021 10:08,15.01
11592,9/29/2021 10:18,15.4
11593,9/29/2021 10:28,15.57
11594,9/29/2021 10:38,15.7
11595,9/29/2021 10:48,16.47
11596,9/29/2021 10:58,16.6
11597,9/29/2021 11:08,16.73
11598,9/29/2021 11:18,16.94
11599,9/29/2021 11:28,17.37
11600,9/29/2021 11:38,17.72
11601,9/29/2021 11:48,18.02
11602,9/29/2021 11:58,18.02
11603,9/29/2021 12:08,18.44
11604,9/29/2021 12:18,18.74
11605,9/29/2021 12:28,18.87
11606,9/29/2021 12:38,19
11607,9/29/2021 12:48,18.87
11608,9/29/2021 12:58,18.7
11609,9/29/2021 13:08,18.74
11610,9/29/2021 13:18,18.74
11611,9/29/2021 13:28,18.62
11612,9/29/2021 13:38,18.66
11613,9/29/2021 13:48,18.57
11614,9/29/2021 13:58,18.32
11615,9/29/2021 14:08,18.44
11616,9/29/2021 14:18,18.32
11617,9/29/2021 14:28,18.23
11618,9/29/2021 14:38,18.14
11619,9/29/2021 14:48,18.06
11620,9/29/2021 14:58,17.93
11621,9/29/2021 15:08,17.76
11622,9/29/2021 15:18,17.67
11623,9/29/2021 15:28,17.59
11624,9/29/2021 15:38,17.5
11625,9/29/2021 15:48,17.41
11626,9/29/2021 15:58,17.41
11627,9/29/2021 16:08,17.37
11628,9/29/2021 16:18,17.41
11629,9/29/2021 16:28,17.46
11630,9/29/2021 16:38,17.41
11631,9/29/2021 16:48,17.33
11632,9/29/2021 16:58,17.29
11633,9/29/2021 17:08,17.29
11634,9/29/2021 17:18,17.29
11635,9/29/2021 17:28,17.33
11636,9/29/2021 17:38,17.24
11637,9/29/2021 17:48,17.16
11638,9/29/2021 17:58,17.03
11639,9/29/2021 18:08,16.94
11640,9/29/2021 18:18,16.9
11641,9/29/2021 18:28,16.86
11642,9/29/2021 18:38,16.81
11643,9/29/2021 18:48,16.73
11644,9/29/2021 18:58,16.69
11645,9/29/2021 19:08,16.64
11646,9/29/2021 19:18,16.64
11647,9/29/2021 19:28,16.56
11648,9/29/2021 19:38,16.51
11649,9/29/2021 19:48,16.43
11650,9/29/2021 19:58,16.39
11651,9/29/2021 20:08,16.3
11652,9/29/2021 20:18,16.21
11653,9/29/2021 20:28,16.17
11654,9/29/2021 20:38,16.13
11655,9/29/2021 20:48,16
11656,9/29/2021 20:58,15.91
11657,9/29/2021 21:08,15.83
11658,9/29/2021 21:18,15.91
11659,9/29/2021 21:28,15.83
11660,9/29/2021 21:38,15.7
11661,9/29/2021 21:48,15.53
11662,9/29/2021 21:58,14.67
11663,9/29/2021 22:08,13.08
11664,9/29/2021 22:18,13.12
11665,9/29/2021 22:28,13.21
11666,9/29/2021 22:38,13.34
11667,9/29/2021 22:48,13.25
11668,9/29/2021 22:58,13.25
11669,9/29/2021 23:08,13.12
11670,9/29/2021 23:18,12.95
11671,9/29/2021 23:28,13.08
11672,9/29/2021 23:38,12.7
11673,9/29/2021 23:48,12.35
11674,9/29/2021 23:58,12.22
11675,9/30/2021 0:08,12.14
11676,9/30/2021 0:18,12.18
11677,9/30/2021 0:28,12.05
11678,9/30/2021 0:38,12.01
11679,9/30/2021 0:48,12.01
11680,9/30/2021 0:58,11.88
11681,9/30/2021 1:08,11.79
11682,9/30/2021 1:18,11.67
11683,9/30/2021 1:28,11.75
11684,9/30/2021 1:38,11.71
11685,9/30/2021 1:48,11.67
11686,9/30/2021 1:58,11.62
11687,9/30/2021 2:08,11.32
11688,9/30/2021 2:18,11.28
11689,9/30/2021 2:28,11.49
11690,9/30/2021 2:38,11.37
11691,9/30/2021 2:48,11.11
11692,9/30/2021 2:58,11.11
11693,9/30/2021 3:08,11.24
11694,9/30/2021 3:18,11.07
11695,9/30/2021 3:28,11.07
11696,9/30/2021 3:38,11.15
11697,9/30/2021 3:48,11.19
11698,9/30/2021 3:58,11.07
11699,9/30/2021 4:08,10.98
11700,9/30/2021 4:18,10.94
11701,9/30/2021 4:28,10.94
11702,9/30/2021 4:38,10.77
11703,9/30/2021 4:48,10.72
11704,9/30/2021 4:58,10.77
11705,9/30/2021 5:08,10.77
11706,9/30/2021 5:18,10.59
11707,9/30/2021 5:28,10.77
11708,9/30/2021 5:38,10.85
11709,9/30/2021 5:48,10.68
11710,9/30/2021 5:58,10.68
11711,9/30/2021 6:08,10.98
11712,9/30/2021 6:18,11.11
11713,9/30/2021 6:28,11.28
11714,9/30/2021 6:38,11.19
11715,9/30/2021 6:48,11.19
11716,9/30/2021 6:58,11.28
11717,9/30/2021 7:08,11.67
11718,9/30/2021 7:18,12.61
11719,9/30/2021 7:28,13.85
11720,9/30/2021 7:38,14.2
11721,9/30/2021 7:48,14.54
11722,9/30/2021 7:58,14.8
11723,9/30/2021 8:08,14.93
11724,9/30/2021 8:18,15.06
11725,9/30/2021 8:28,15.06
11726,9/30/2021 8:38,15.18
11727,9/30/2021 8:48,15.36
11728,9/30/2021 8:58,15.57
11729,9/30/2021 9:08,15.7
11730,9/30/2021 9:18,15.83
11731,9/30/2021 9:28,15.91
11732,9/30/2021 9:38,16.04
11733,9/30/2021 9:48,16.21
11734,9/30/2021 9:58,16.17
11735,9/30/2021 10:08,16.3
11736,9/30/2021 10:18,16.39
11737,9/30/2021 10:28,16.51
11738,9/30/2021 10:38,16.64
11739,9/30/2021 10:48,16.69
11740,9/30/2021 10:58,16.77
11741,9/30/2021 11:08,17.03
11742,9/30/2021 11:18,17.2
11743,9/30/2021 11:28,17.67
11744,9/30/2021 11:38,18.06
11745,9/30/2021 11:48,18.57
11746,9/30/2021 11:58,18.79
11747,9/30/2021 12:08,19.05
11748,9/30/2021 12:18,19.69
11749,9/30/2021 12:28,19.39
11750,9/30/2021 12:38,19.6
11751,9/30/2021 12:48,19.52
11752,9/30/2021 12:58,19.56
11753,9/30/2021 13:08,20.03
11754,9/30/2021 13:18,20.2
11755,9/30/2021 13:28,20.2
11756,9/30/2021 13:38,20.59
11757,9/30/2021 13:48,21.15
11758,9/30/2021 13:58,20.76
11759,9/30/2021 14:08,20.85
11760,9/30/2021 14:18,20.55
11761,9/30/2021 14:28,20.33
11762,9/30/2021 14:38,20.37
11763,9/30/2021 14:48,20.03
11764,9/30/2021 14:58,19.99
11765,9/30/2021 15:08,19.69
11766,9/30/2021 15:18,19.39
11767,9/30/2021 15:28,19.3
11768,9/30/2021 15:38,18.83
11769,9/30/2021 15:48,18.49
11770,9/30/2021 15:58,18.44
11771,9/30/2021 16:08,18.36
11772,9/30/2021 16:18,18.06
11773,9/30/2021 16:28,17.46
11774,9/30/2021 16:38,17.29
11775,9/30/2021 16:48,17.2
11776,9/30/2021 16:58,17.03
11777,9/30/2021 17:08,16.81
11778,9/30/2021 17:18,16.73
11779,9/30/2021 17:28,16.77
11780,9/30/2021 17:38,16.64
11781,9/30/2021 17:48,16.43
11782,9/30/2021 17:58,16.26
11783,9/30/2021 18:08,16.17
11784,9/30/2021 18:18,16
11785,9/30/2021 18:28,16.04
11786,9/30/2021 18:38,16.04
11787,9/30/2021 18:48,16.08
11788,9/30/2021 18:58,16.08
11789,9/30/2021 19:08,16.04
11790,9/30/2021 19:18,16.04
11791,9/30/2021 19:28,16.04
11792,9/30/2021 19:38,16.04
11793,9/30/2021 19:48,15.96
11794,9/30/2021 19:58,16
11795,9/30/2021 20:08,16.08
11796,9/30/2021 20:18,16.21
11797,9/30/2021 20:28,16.17
11798,9/30/2021 20:38,16.26
11799,9/30/2021 20:48,16.43
11800,9/30/2021 20:58,16.56
11801,9/30/2021 21:08,16.6
11802,9/30/2021 21:18,16.64
11803,9/30/2021 21:28,16.73
11804,9/30/2021 21:38,16.77
11805,9/30/2021 21:48,16.77
11806,9/30/2021 21:58,16.86
11807,9/30/2021 22:08,16.94
11808,9/30/2021 22:18,16.99
11809,9/30/2021 22:28,16.9
11810,9/30/2021 22:38,16.77
11811,9/30/2021 22:48,16.56
11812,9/30/2021 22:58,16.26
11813,9/30/2021 23:08,15.44
11814,9/30/2021 23:18,14.5
11815,9/30/2021 23:28,14.11
11816,9/30/2021 23:38,13.81
11817,9/30/2021 23:48,13.64
11818,9/30/2021 23:58,13.55
11819,10/1/2021 0:08,13.55
11820,10/1/2021 0:18,13.6
11821,10/1/2021 0:28,13.51
11822,10/1/2021 0:38,13.55
11823,10/1/2021 0:48,13.43
11824,10/1/2021 0:58,13.25
11825,10/1/2021 1:08,13.04
11826,10/1/2021 1:18,13.04
11827,10/1/2021 1:28,12.95
11828,10/1/2021 1:38,12.95
11829,10/1/2021 1:48,12.57
11830,10/1/2021 1:58,12.61
11831,10/1/2021 2:08,12.44
11832,10/1/2021 2:18,11.88
11833,10/1/2021 2:28,10.85
11834,10/1/2021 2:38,10.34
11835,10/1/2021 2:48,10.16
11836,10/1/2021 2:58,9.95
11837,10/1/2021 3:08,9.74
11838,10/1/2021 3:18,9.61
11839,10/1/2021 3:28,9.48
11840,10/1/2021 3:38,9.44
11841,10/1/2021 3:48,10.21
11842,10/1/2021 3:58,10.08
11843,10/1/2021 4:08,10.08
11844,10/1/2021 4:18,11.07
11845,10/1/2021 4:28,11.24
11846,10/1/2021 4:38,11.28
11847,10/1/2021 4:48,10.89
11848,10/1/2021 4:58,11.11
11849,10/1/2021 5:08,11.19
11850,10/1/2021 5:18,11.19
11851,10/1/2021 5:28,11.11
11852,10/1/2021 5:38,10.89
11853,10/1/2021 5:48,10.77
11854,10/1/2021 5:58,10.85
11855,10/1/2021 6:08,10.89
11856,10/1/2021 6:18,10.81
11857,10/1/2021 6:28,10.81
11858,10/1/2021 6:38,10.81
11859,10/1/2021 6:48,10.77
11860,10/1/2021 6:58,10.59
11861,10/1/2021 7:08,10.77
11862,10/1/2021 7:18,11.11
11863,10/1/2021 7:28,11.79
11864,10/1/2021 7:38,12.44
11865,10/1/2021 7:48,14.33
11866,10/1/2021 7:58,15.01
11867,10/1/2021 8:08,15.36
11868,10/1/2021 8:18,15.48
11869,10/1/2021 8:28,15.66
11870,10/1/2021 8:38,15.74
11871,10/1/2021 8:48,15.74
11872,10/1/2021 8:58,15.96
11873,10/1/2021 9:08,16
11874,10/1/2021 9:18,16.13
11875,10/1/2021 9:28,16.26
11876,10/1/2021 9:38,16.3
11877,10/1/2021 9:48,16.43
11878,10/1/2021 9:58,16.6
11879,10/1/2021 10:08,16.64
11880,10/1/2021 10:18,16.77
11881,10/1/2021 10:28,16.94
11882,10/1/2021 10:38,17.11
11883,10/1/2021 10:48,17.29
11884,10/1/2021 10:58,17.46
11885,10/1/2021 11:08,17.59
11886,10/1/2021 11:18,17.8
11887,10/1/2021 11:28,17.93
11888,10/1/2021 11:38,18.06
11889,10/1/2021 11:48,18.4
11890,10/1/2021 11:58,18.66
11891,10/1/2021 12:08,18.83
11892,10/1/2021 12:18,19.17
11893,10/1/2021 12:28,19.56
11894,10/1/2021 12:38,19.77
11895,10/1/2021 12:48,20.07
11896,10/1/2021 12:58,20.5
11897,10/1/2021 13:08,20.98
11898,10/1/2021 13:18,20.8
11899,10/1/2021 13:28,20.8
11900,10/1/2021 13:38,21.06
11901,10/1/2021 13:48,21.53
11902,10/1/2021 13:58,21.53
11903,10/1/2021 14:08,21.7
11904,10/1/2021 14:18,22.35
11905,10/1/2021 14:28,22.52
11906,10/1/2021 14:38,22.22
11907,10/1/2021 14:48,22.18
11908,10/1/2021 14:58,21.66
11909,10/1/2021 15:08,21.7
11910,10/1/2021 15:18,21.45
11911,10/1/2021 15:28,20.98
11912,10/1/2021 15:38,20.63
11913,10/1/2021 15:48,20.46
11914,10/1/2021 15:58,19.99
11915,10/1/2021 16:08,19.26
11916,10/1/2021 16:18,19.6
11917,10/1/2021 16:28,19
11918,10/1/2021 16:38,18.87
11919,10/1/2021 16:48,18.87
11920,10/1/2021 16:58,18.74
11921,10/1/2021 17:08,18.23
11922,10/1/2021 17:18,17.84
11923,10/1/2021 17:28,17.37
11924,10/1/2021 17:38,17.16
11925,10/1/2021 17:48,17.03
11926,10/1/2021 17:58,16.81
11927,10/1/2021 18:08,16.6
11928,10/1/2021 18:18,16.34
11929,10/1/2021 18:28,16.26
11930,10/1/2021 18:38,16.26
11931,10/1/2021 18:48,16.21
11932,10/1/2021 18:58,16.3
11933,10/1/2021 19:08,16.26
11934,10/1/2021 19:18,16.26
11935,10/1/2021 19:28,16.26
11936,10/1/2021 19:38,16.26
11937,10/1/2021 19:48,16.21
11938,10/1/2021 19:58,16.21
11939,10/1/2021 20:08,16.21
11940,10/1/2021 20:18,16.17
11941,10/1/2021 20:28,16.17
11942,10/1/2021 20:38,16.13
11943,10/1/2021 20:48,16.13
11944,10/1/2021 20:58,16.17
11945,10/1/2021 21:08,16.26
11946,10/1/2021 21:18,16.21
11947,10/1/2021 21:28,16.39
11948,10/1/2021 21:38,16.6
11949,10/1/2021 21:48,16.81
11950,10/1/2021 21:58,16.81
11951,10/1/2021 22:08,16.77
11952,10/1/2021 22:18,16.69
11953,10/1/2021 22:28,16.56
11954,10/1/2021 22:38,16.56
11955,10/1/2021 22:48,16.56
11956,10/1/2021 22:58,16.51
11957,10/1/2021 23:08,16.47
11958,10/1/2021 23:18,16.43
11959,10/1/2021 23:28,16.39
11960,10/1/2021 23:38,16.3
11961,10/1/2021 23:48,16.21
11962,10/1/2021 23:58,16.04
11963,10/2/2021 0:08,15.78
11964,10/2/2021 0:18,14.07
11965,10/2/2021 0:28,12.31
11966,10/2/2021 0:38,11.45
11967,10/2/2021 0:48,10.89
11968,10/2/2021 0:58,12.35
11969,10/2/2021 1:08,13.04
11970,10/2/2021 1:18,13.04
11971,10/2/2021 1:28,12.87
11972,10/2/2021 1:38,12.7
11973,10/2/2021 1:48,12.7
11974,10/2/2021 1:58,12.57
11975,10/2/2021 2:08,12.44
11976,10/2/2021 2:18,11.67
11977,10/2/2021 2:28,10.25
11978,10/2/2021 2:38,10.08
11979,10/2/2021 2:48,9.78
11980,10/2/2021 2:58,9.91
11981,10/2/2021 3:08,9.91
11982,10/2/2021 3:18,9.95
11983,10/2/2021 3:28,11.97
11984,10/2/2021 3:38,12.01
11985,10/2/2021 3:48,11.84
11986,10/2/2021 3:58,11.79
11987,10/2/2021 4:08,11.97
11988,10/2/2021 4:18,11.79
11989,10/2/2021 4:28,11.75
11990,10/2/2021 4:38,11.07
11991,10/2/2021 4:48,10.21
11992,10/2/2021 4:58,9.61
11993,10/2/2021 5:08,9.48
11994,10/2/2021 5:18,11.02
11995,10/2/2021 5:28,11.24
11996,10/2/2021 5:38,11.15
11997,10/2/2021 5:48,11.11
11998,10/2/2021 5:58,9.44
11999,10/2/2021 6:08,8.83
12000,10/2/2021 6:18,8.92
12001,10/2/2021 6:28,8.36
12002,10/2/2021 6:38,8.32
12003,10/2/2021 6:48,8.28
12004,10/2/2021 6:58,8.45
12005,10/2/2021 7:08,8.36
12006,10/2/2021 7:18,8.83
12007,10/2/2021 7:28,9.18
12008,10/2/2021 7:38,12.05
12009,10/2/2021 7:48,16.13
12010,10/2/2021 7:58,18.79
12011,10/2/2021 8:08,14.07
12012,10/2/2021 8:18,15.06
12013,10/2/2021 8:28,15.44
12014,10/2/2021 8:38,15.7
12015,10/2/2021 8:48,15.7
12016,10/2/2021 8:58,15.7
12017,10/2/2021 9:08,15.96
12018,10/2/2021 9:18,16.43
12019,10/2/2021 9:28,16.56
12020,10/2/2021 9:38,16.64
12021,10/2/2021 9:48,16.64
12022,10/2/2021 9:58,16.69
12023,10/2/2021 10:08,16.73
12024,10/2/2021 10:18,16.73
12025,10/2/2021 10:28,16.73
12026,10/2/2021 10:38,16.81
12027,10/2/2021 10:48,16.94
12028,10/2/2021 10:58,17.07
12029,10/2/2021 11:08,17.11
12030,10/2/2021 11:18,17.24
12031,10/2/2021 11:28,17.46
12032,10/2/2021 11:38,17.63
12033,10/2/2021 11:48,17.93
12034,10/2/2021 11:58,18.02
12035,10/2/2021 12:08,18.19
12036,10/2/2021 12:18,18.49
12037,10/2/2021 12:28,18.87
12038,10/2/2021 12:38,18.92
12039,10/2/2021 12:48,19.35
12040,10/2/2021 12:58,19.52
12041,10/2/2021 13:08,19.9
12042,10/2/2021 13:18,20.25
12043,10/2/2021 13:28,20.07
12044,10/2/2021 13:38,20.89
12045,10/2/2021 13:48,21.36
12046,10/2/2021 13:58,21.58
12047,10/2/2021 14:08,21.28
12048,10/2/2021 14:18,22.31
12049,10/2/2021 14:28,21.53
12050,10/2/2021 14:38,21.02
12051,10/2/2021 14:48,20.59
12052,10/2/2021 14:58,21.49
12053,10/2/2021 15:08,22.31
12054,10/2/2021 15:18,22.61
12055,10/2/2021 15:28,23.59
12056,10/2/2021 15:38,23.94
12057,10/2/2021 15:48,24.45
12058,10/2/2021 15:58,24.15
12059,10/2/2021 16:08,23.98
12060,10/2/2021 16:18,24.88
12061,10/2/2021 16:28,24.92
12062,10/2/2021 16:38,24.66
12063,10/2/2021 16:48,23.64
12064,10/2/2021 16:58,21.19
12065,10/2/2021 17:08,20.07
12066,10/2/2021 17:18,19.47
12067,10/2/2021 17:28,19
12068,10/2/2021 17:38,18.87
12069,10/2/2021 17:48,18.79
12070,10/2/2021 17:58,18.4
12071,10/2/2021 18:08,18.14
12072,10/2/2021 18:18,17.59
12073,10/2/2021 18:28,17.11
12074,10/2/2021 18:38,16.81
12075,10/2/2021 18:48,16.51
12076,10/2/2021 18:58,16.51
12077,10/2/2021 19:08,16.51
12078,10/2/2021 19:18,16.47
12079,10/2/2021 19:28,16.47
12080,10/2/2021 19:38,16.43
12081,10/2/2021 19:48,16.43
12082,10/2/2021 19:58,16.39
12083,10/2/2021 20:08,16.43
12084,10/2/2021 20:18,16.43
12085,10/2/2021 20:28,16.43
12086,10/2/2021 20:38,16.43
12087,10/2/2021 20:48,16.39
12088,10/2/2021 20:58,16.39
12089,10/2/2021 21:08,16.39
12090,10/2/2021 21:18,16.39
12091,10/2/2021 21:28,16.34
12092,10/2/2021 21:38,16.3
12093,10/2/2021 21:48,16.26
12094,10/2/2021 21:58,16.3
12095,10/2/2021 22:08,16.43
12096,10/2/2021 22:18,16.73
12097,10/2/2021 22:28,16.9
12098,10/2/2021 22:38,16.9
12099,10/2/2021 22:48,16.9
12100,10/2/2021 22:58,16.86
12101,10/2/2021 23:08,16.86
12102,10/2/2021 23:18,16.77
12103,10/2/2021 23:28,16.77
12104,10/2/2021 23:38,16.86
12105,10/2/2021 23:48,16.86
12106,10/2/2021 23:58,16.81
12107,10/3/2021 0:08,16.81
12108,10/3/2021 0:18,16.73
12109,10/3/2021 0:28,16.6
12110,10/3/2021 0:38,16.39
12111,10/3/2021 0:48,16.17
12112,10/3/2021 0:58,15.91
12113,10/3/2021 1:08,13.38
12114,10/3/2021 1:18,11.37
12115,10/3/2021 1:28,10.89
12116,10/3/2021 1:38,10.46
12117,10/3/2021 1:48,10.25
12118,10/3/2021 1:58,10.25
12119,10/3/2021 2:08,9.91
12120,10/3/2021 2:18,10.08
12121,10/3/2021 2:28,9.82
12122,10/3/2021 2:38,9.69
12123,10/3/2021 2:48,9.65
12124,10/3/2021 2:58,9.82
12125,10/3/2021 3:08,9.44
12126,10/3/2021 3:18,9.61
12127,10/3/2021 3:28,9.56
12128,10/3/2021 3:38,9.61
12129,10/3/2021 3:48,9.18
12130,10/3/2021 3:58,8.96
12131,10/3/2021 4:08,9.48
12132,10/3/2021 4:18,9.35
12133,10/3/2021 4:28,9.44
12134,10/3/2021 4:38,9.26
12135,10/3/2021 4:48,9.26
12136,10/3/2021 4:58,9.09
12137,10/3/2021 5:08,8.62
12138,10/3/2021 5:18,8.92
12139,10/3/2021 5:28,8.83
12140,10/3/2021 5:38,8.92
12141,10/3/2021 5:48,8.62
12142,10/3/2021 5:58,8.83
12143,10/3/2021 6:08,8.96
12144,10/3/2021 6:18,8.71
12145,10/3/2021 6:28,9.26
12146,10/3/2021 6:38,10.72
12147,10/3/2021 6:48,10.98
12148,10/3/2021 6:58,10.94
12149,10/3/2021 7:08,10.89
12150,10/3/2021 7:18,11.07
12151,10/3/2021 7:28,10.98
12152,10/3/2021 7:38,12.48
12153,10/3/2021 7:48,14.84
12154,10/3/2021 7:58,16.51
12155,10/3/2021 8:08,20.2
12156,10/3/2021 8:18,21.62
12157,10/3/2021 8:28,14.07
12158,10/3/2021 8:38,15.18
12159,10/3/2021 8:48,15.74
12160,10/3/2021 8:58,15.91
12161,10/3/2021 9:08,16.13
12162,10/3/2021 9:18,16.3
12163,10/3/2021 9:28,16.43
12164,10/3/2021 9:38,16.56
12165,10/3/2021 9:48,16.64
12166,10/3/2021 9:58,16.64
12167,10/3/2021 10:08,16.64
12168,10/3/2021 10:18,16.6
12169,10/3/2021 10:28,16.6
12170,10/3/2021 10:38,16.69
12171,10/3/2021 10:48,16.51
12172,10/3/2021 10:58,16.56
12173,10/3/2021 11:08,16.56
12174,10/3/2021 11:18,16.69
12175,10/3/2021 11:28,16.81
12176,10/3/2021 11:38,17.03
12177,10/3/2021 11:48,17.29
12178,10/3/2021 11:58,17.37
12179,10/3/2021 12:08,17.5
12180,10/3/2021 12:18,17.84
12181,10/3/2021 12:28,18.06
12182,10/3/2021 12:38,18.4
12183,10/3/2021 12:48,18.49
12184,10/3/2021 12:58,18.87
12185,10/3/2021 13:08,19.13
12186,10/3/2021 13:18,19.47
12187,10/3/2021 13:28,19.73
12188,10/3/2021 13:38,20.12
12189,10/3/2021 13:48,20.55
12190,10/3/2021 13:58,20.8
12191,10/3/2021 14:08,21.19
12192,10/3/2021 14:18,21.45
12193,10/3/2021 14:28,21.96
12194,10/3/2021 14:38,22.05
12195,10/3/2021 14:48,21.53
12196,10/3/2021 14:58,21.7
12197,10/3/2021 15:08,22.73
12198,10/3/2021 15:18,23.76
12199,10/3/2021 15:28,24.15
12200,10/3/2021 15:38,23.72
12201,10/3/2021 15:48,23.51
12202,10/3/2021 15:58,23.68
12203,10/3/2021 16:08,24.19
12204,10/3/2021 16:18,24.36
12205,10/3/2021 16:28,24.24
12206,10/3/2021 16:38,23.55
12207,10/3/2021 16:48,23.64
12208,10/3/2021 16:58,23.68
12209,10/3/2021 17:08,23.16
12210,10/3/2021 17:18,22.61
12211,10/3/2021 17:28,21.88
12212,10/3/2021 17:38,21.53
12213,10/3/2021 17:48,21.58
12214,10/3/2021 17:58,21.45
12215,10/3/2021 18:08,20.85
12216,10/3/2021 18:18,19.6
12217,10/3/2021 18:28,18.74
12218,10/3/2021 18:38,18.7
12219,10/3/2021 18:48,18.62
12220,10/3/2021 18:58,18.57
12221,10/3/2021 19:08,18.14
12222,10/3/2021 19:18,17.33
12223,10/3/2021 19:28,17.03
12224,10/3/2021 19:38,16.86
12225,10/3/2021 19:48,16.69
12226,10/3/2021 19:58,16.6
12227,10/3/2021 20:08,16.47
12228,10/3/2021 20:18,16.39
12229,10/3/2021 20:28,16.43
12230,10/3/2021 20:38,16.51
12231,10/3/2021 20:48,16.51
12232,10/3/2021 20:58,16.6
12233,10/3/2021 21:08,16.47
12234,10/3/2021 21:18,16.6
12235,10/3/2021 21:28,16.51
12236,10/3/2021 21:38,16.47
12237,10/3/2021 21:48,16.47
12238,10/3/2021 21:58,16.51
12239,10/3/2021 22:08,16.43
12240,10/3/2021 22:18,16.47
12241,10/3/2021 22:28,16.43
12242,10/3/2021 22:38,16.39
12243,10/3/2021 22:48,16.43
12244,10/3/2021 22:58,16.39
12245,10/3/2021 23:08,16.34
12246,10/3/2021 23:18,16.47
12247,10/3/2021 23:28,16.6
12248,10/3/2021 23:38,16.73
12249,10/3/2021 23:48,16.81
12250,10/3/2021 23:58,16.81
12251,10/4/2021 0:08,16.73
12252,10/4/2021 0:18,16.69
12253,10/4/2021 0:28,16.56
12254,10/4/2021 0:38,16.39
12255,10/4/2021 0:48,16.34
12256,10/4/2021 0:58,16.26
12257,10/4/2021 1:08,16.17
12258,10/4/2021 1:18,16.08
12259,10/4/2021 1:28,15.91
12260,10/4/2021 1:38,15.7
12261,10/4/2021 1:48,15.53
12262,10/4/2021 1:58,15.31
12263,10/4/2021 2:08,12.61
12264,10/4/2021 2:18,10.77
12265,10/4/2021 2:28,10.72
12266,10/4/2021 2:38,10.85
12267,10/4/2021 2:48,11.45
12268,10/4/2021 2:58,11.97
12269,10/4/2021 3:08,11.88
12270,10/4/2021 3:18,12.18
12271,10/4/2021 3:28,12.61
12272,10/4/2021 3:38,12.65
12273,10/4/2021 3:48,12.82
12274,10/4/2021 3:58,12.78
12275,10/4/2021 4:08,12.31
12276,10/4/2021 4:18,12.22
12277,10/4/2021 4:28,12.27
12278,10/4/2021 4:38,12.44
12279,10/4/2021 4:48,12.52
12280,10/4/2021 4:58,12.57
12281,10/4/2021 5:08,12.52
12282,10/4/2021 5:18,12.65
12283,10/4/2021 5:28,12.48
12284,10/4/2021 5:38,12.22
12285,10/4/2021 5:48,12.1
12286,10/4/2021 5:58,12.1
12287,10/4/2021 6:08,12.22
12288,10/4/2021 6:18,12.27
12289,10/4/2021 6:28,12.14
12290,10/4/2021 6:38,12.05
12291,10/4/2021 6:48,11.88
12292,10/4/2021 6:58,11.58
12293,10/4/2021 7:08,11.32
12294,10/4/2021 7:18,11.54
12295,10/4/2021 7:28,11.54
12296,10/4/2021 7:38,11.49
12297,10/4/2021 7:48,11.75
12298,10/4/2021 7:58,12.05
12299,10/4/2021 8:08,12.1
12300,10/4/2021 8:18,12.78
12301,10/4/2021 8:28,15.83
12302,10/4/2021 8:38,16.99
12303,10/4/2021 8:48,15.36
12304,10/4/2021 8:58,16.3
12305,10/4/2021 9:08,16.56
12306,10/4/2021 9:18,16.64
12307,10/4/2021 9:28,16.51
12308,10/4/2021 9:38,16.64
12309,10/4/2021 9:48,16.64
12310,10/4/2021 9:58,16.73
12311,10/4/2021 10:08,16.77
12312,10/4/2021 10:18,16.69
12313,10/4/2021 10:28,16.64
12314,10/4/2021 10:38,16.56
12315,10/4/2021 10:48,16.51
12316,10/4/2021 10:58,16.6
12317,10/4/2021 11:08,16.56
12318,10/4/2021 11:18,16.6
12319,10/4/2021 11:28,16.51
12320,10/4/2021 11:38,16.47
12321,10/4/2021 11:48,16.6
12322,10/4/2021 11:58,16.73
12323,10/4/2021 12:08,16.69
12324,10/4/2021 12:18,16.99
12325,10/4/2021 12:28,17.24
12326,10/4/2021 12:38,17.37
12327,10/4/2021 12:48,17.67
12328,10/4/2021 12:58,17.89
12329,10/4/2021 13:08,18.02
12330,10/4/2021 13:18,18.23
12331,10/4/2021 13:28,18.49
12332,10/4/2021 13:38,18.66
12333,10/4/2021 13:48,18.96
12334,10/4/2021 13:58,19.35
12335,10/4/2021 14:08,19.65
12336,10/4/2021 14:18,19.86
12337,10/4/2021 14:28,20.07
12338,10/4/2021 14:38,20.2
12339,10/4/2021 14:48,20.5
12340,10/4/2021 14:58,20.68
12341,10/4/2021 15:08,20.89
12342,10/4/2021 15:18,19.52
12343,10/4/2021 15:28,19.13
12344,10/4/2021 15:38,19.47
12345,10/4/2021 15:48,19.43
12346,10/4/2021 15:58,19.43
12347,10/4/2021 16:08,19.47
12348,10/4/2021 16:18,18.7
12349,10/4/2021 16:28,18.66
12350,10/4/2021 16:38,17.2
12351,10/4/2021 16:48,17.11
12352,10/4/2021 16:58,16.39
12353,10/4/2021 17:08,15.7
12354,10/4/2021 17:18,14.93
12355,10/4/2021 17:28,14.67
12356,10/4/2021 17:38,14.54
12357,10/4/2021 17:48,14.11
12358,10/4/2021 17:58,13.94
12359,10/4/2021 18:08,13.64
12360,10/4/2021 18:18,13.34
12361,10/4/2021 18:28,13.08
12362,10/4/2021 18:38,13.08
12363,10/4/2021 18:48,12.91
12364,10/4/2021 18:58,12.7
12365,10/4/2021 19:08,12.87
12366,10/4/2021 19:18,12.95
12367,10/4/2021 19:28,16.08
12368,10/4/2021 19:38,17.41
12369,10/4/2021 19:48,17.72
12370,10/4/2021 19:58,17.8
12371,10/4/2021 20:08,17.67
12372,10/4/2021 20:18,17.33
12373,10/4/2021 20:28,16.81
12374,10/4/2021 20:38,16.73
12375,10/4/2021 20:48,16.73
12376,10/4/2021 20:58,16.73
12377,10/4/2021 21:08,16.73
12378,10/4/2021 21:18,16.73
12379,10/4/2021 21:28,16.77
12380,10/4/2021 21:38,16.73
12381,10/4/2021 21:48,16.69
12382,10/4/2021 21:58,16.73
12383,10/4/2021 22:08,16.73
12384,10/4/2021 22:18,16.73
12385,10/4/2021 22:28,16.73
12386,10/4/2021 22:38,16.73
12387,10/4/2021 22:48,16.6
12388,10/4/2021 22:58,16.56
12389,10/4/2021 23:08,16.56
12390,10/4/2021 23:18,16.56
12391,10/4/2021 23:28,16.56
12392,10/4/2021 23:38,16.69
12393,10/4/2021 23:48,16.64
12394,10/4/2021 23:58,16.64
12395,10/5/2021 0:08,16.6
12396,10/5/2021 0:18,16.51
12397,10/5/2021 0:28,16.56
12398,10/5/2021 0:38,16.43
12399,10/5/2021 0:48,16.43
12400,10/5/2021 0:58,16.39
12401,10/5/2021 1:08,16.43
12402,10/5/2021 1:18,16.43
12403,10/5/2021 1:28,16.43
12404,10/5/2021 1:38,16.34
12405,10/5/2021 1:48,16.34
12406,10/5/2021 1:58,16.3
12407,10/5/2021 2:08,16.21
12408,10/5/2021 2:18,16.08
12409,10/5/2021 2:28,15.96
12410,10/5/2021 2:38,15.91
12411,10/5/2021 2:48,15.83
12412,10/5/2021 2:58,13.55
12413,10/5/2021 3:08,12.7
12414,10/5/2021 3:18,12.57
12415,10/5/2021 3:28,12.31
12416,10/5/2021 3:38,12.35
12417,10/5/2021 3:48,12.48
12418,10/5/2021 3:58,12.22
12419,10/5/2021 4:08,12.31
12420,10/5/2021 4:18,12.35
12421,10/5/2021 4:28,12.31
12422,10/5/2021 4:38,12.31
12423,10/5/2021 4:48,12.4
12424,10/5/2021 4:58,12.31
12425,10/5/2021 5:08,12.31
12426,10/5/2021 5:18,12.18
12427,10/5/2021 5:28,12.18
12428,10/5/2021 5:38,12.27
12429,10/5/2021 5:48,12.14
12430,10/5/2021 5:58,12.35
12431,10/5/2021 6:08,12.1
12432,10/5/2021 6:18,12.1
12433,10/5/2021 6:28,12.1
12434,10/5/2021 6:38,12.14
12435,10/5/2021 6:48,12.35
12436,10/5/2021 6:58,12.27
12437,10/5/2021 7:08,12.4
12438,10/5/2021 7:18,12.44
12439,10/5/2021 7:28,12.48
12440,10/5/2021 7:38,12.48
12441,10/5/2021 7:48,12.57
12442,10/5/2021 7:58,12.65
12443,10/5/2021 8:08,12.48
12444,10/5/2021 8:18,12.52
12445,10/5/2021 8:28,13
12446,10/5/2021 8:38,13.17
12447,10/5/2021 8:48,13.08
12448,10/5/2021 8:58,14.07
12449,10/5/2021 9:08,15.4
12450,10/5/2021 9:18,15.96
12451,10/5/2021 9:28,16.08
12452,10/5/2021 9:38,16.08
12453,10/5/2021 9:48,16.08
12454,10/5/2021 9:58,16.13
12455,10/5/2021 10:08,16.13
12456,10/5/2021 10:18,16.17
12457,10/5/2021 10:28,16.13
12458,10/5/2021 10:38,16.08
12459,10/5/2021 10:48,16.17
12460,10/5/2021 10:58,16.13
12461,10/5/2021 11:08,16.08
12462,10/5/2021 11:18,16.13
12463,10/5/2021 11:28,16.13
12464,10/5/2021 11:38,16.13
12465,10/5/2021 11:48,16.21
12466,10/5/2021 11:58,16.21
12467,10/5/2021 12:08,16.34
12468,10/5/2021 12:18,16.43
12469,10/5/2021 12:28,16.51
12470,10/5/2021 12:38,16.56
12471,10/5/2021 12:48,16.73
12472,10/5/2021 12:58,16.86
12473,10/5/2021 13:08,16.94
12474,10/5/2021 13:18,17.11
12475,10/5/2021 13:28,17.29
12476,10/5/2021 13:38,17.41
12477,10/5/2021 13:48,17.46
12478,10/5/2021 13:58,17.54
12479,10/5/2021 14:08,17.72
12480,10/5/2021 14:18,17.72
12481,10/5/2021 14:28,17.8
12482,10/5/2021 14:38,18.02
12483,10/5/2021 14:48,18.19
12484,10/5/2021 14:58,18.32
12485,10/5/2021 15:08,18.57
12486,10/5/2021 15:18,19
12487,10/5/2021 15:28,18.66
12488,10/5/2021 15:38,18.74
12489,10/5/2021 15:48,17.5
12490,10/5/2021 15:58,19
12491,10/5/2021 16:08,15.91
12492,10/5/2021 16:18,15.06
12493,10/5/2021 16:28,15.18
12494,10/5/2021 16:38,15.48
12495,10/5/2021 16:48,16.77
12496,10/5/2021 16:58,16.13
12497,10/5/2021 17:08,15.36
12498,10/5/2021 17:18,15.27
12499,10/5/2021 17:28,14.97
12500,10/5/2021 17:38,14.58
12501,10/5/2021 17:48,14.41
12502,10/5/2021 17:58,14.37
12503,10/5/2021 18:08,14.28
12504,10/5/2021 18:18,14.33
12505,10/5/2021 18:28,14.28
12506,10/5/2021 18:38,14.24
12507,10/5/2021 18:48,14.2
12508,10/5/2021 18:58,14.11
12509,10/5/2021 19:08,14.15
12510,10/5/2021 19:18,14.15
12511,10/5/2021 19:28,14.2
12512,10/5/2021 19:38,14.24
12513,10/5/2021 19:48,14.28
12514,10/5/2021 19:58,14.28
12515,10/5/2021 20:08,14.24
12516,10/5/2021 20:18,14.24
12517,10/5/2021 20:28,14.28
12518,10/5/2021 20:38,14.37
12519,10/5/2021 20:48,16.3
12520,10/5/2021 20:58,16.64
12521,10/5/2021 21:08,16.69
12522,10/5/2021 21:18,16.51
12523,10/5/2021 21:28,16.43
12524,10/5/2021 21:38,16.51
12525,10/5/2021 21:48,16.51
12526,10/5/2021 21:58,16.47
12527,10/5/2021 22:08,16.43
12528,10/5/2021 22:18,16.43
12529,10/5/2021 22:28,16.39
12530,10/5/2021 22:38,16.34
12531,10/5/2021 22:48,16.21
12532,10/5/2021 22:58,16.17
12533,10/5/2021 23:08,16.13
12534,10/5/2021 23:18,16.08
12535,10/5/2021 23:28,16.04
12536,10/5/2021 23:38,15.91
12537,10/5/2021 23:48,15.91
12538,10/5/2021 23:58,15.91
12539,10/6/2021 0:08,15.87
12540,10/6/2021 0:18,15.96
12541,10/6/2021 0:28,15.83
12542,10/6/2021 0:38,15.91
12543,10/6/2021 0:48,15.91
12544,10/6/2021 0:58,15.87
12545,10/6/2021 1:08,15.83
12546,10/6/2021 1:18,15.83
12547,10/6/2021 1:28,15.87
12548,10/6/2021 1:38,15.78
12549,10/6/2021 1:48,15.74
12550,10/6/2021 1:58,15.7
12551,10/6/2021 2:08,15.66
12552,10/6/2021 2:18,15.57
12553,10/6/2021 2:28,15.44
12554,10/6/2021 2:38,15.48
12555,10/6/2021 2:48,15.44
12556,10/6/2021 2:58,15.31
12557,10/6/2021 3:08,15.23
12558,10/6/2021 3:18,15.14
12559,10/6/2021 3:28,15.06
12560,10/6/2021 3:38,13.51
12561,10/6/2021 3:48,12.87
12562,10/6/2021 3:58,12.87
12563,10/6/2021 4:08,12.82
12564,10/6/2021 4:18,12.87
12565,10/6/2021 4:28,12.7
12566,10/6/2021 4:38,12.57
12567,10/6/2021 4:48,13
12568,10/6/2021 4:58,13.12
12569,10/6/2021 5:08,13.12
12570,10/6/2021 5:18,13.12
12571,10/6/2021 5:28,13
12572,10/6/2021 5:38,13.08
12573,10/6/2021 5:48,13.08
12574,10/6/2021 5:58,12.87
12575,10/6/2021 6:08,12.95
12576,10/6/2021 6:18,13.04
12577,10/6/2021 6:28,13
12578,10/6/2021 6:38,12.35
12579,10/6/2021 6:48,12.35
12580,10/6/2021 6:58,12.48
12581,10/6/2021 7:08,12.57
12582,10/6/2021 7:18,12.31
12583,10/6/2021 7:28,12.4
12584,10/6/2021 7:38,12.61
12585,10/6/2021 7:48,12.87
12586,10/6/2021 7:58,13
12587,10/6/2021 8:08,13.08
12588,10/6/2021 8:18,13.3
12589,10/6/2021 8:28,13.38
12590,10/6/2021 8:38,13.43
12591,10/6/2021 8:48,13.68
12592,10/6/2021 8:58,14.15
12593,10/6/2021 9:08,14.45
12594,10/6/2021 9:18,15.4
12595,10/6/2021 9:28,15.53
12596,10/6/2021 9:38,15.66
12597,10/6/2021 9:48,15.7
12598,10/6/2021 9:58,15.7
12599,10/6/2021 10:08,15.78
12600,10/6/2021 10:18,15.78
12601,10/6/2021 10:28,15.74
12602,10/6/2021 10:38,15.87
12603,10/6/2021 10:48,15.83
12604,10/6/2021 10:58,15.87
12605,10/6/2021 11:08,15.74
12606,10/6/2021 11:18,15.7
12607,10/6/2021 11:28,15.7
12608,10/6/2021 11:38,15.83
12609,10/6/2021 11:48,15.74
12610,10/6/2021 11:58,15.78
12611,10/6/2021 12:08,15.78
12612,10/6/2021 12:18,15.78
12613,10/6/2021 12:28,15.87
12614,10/6/2021 12:38,15.83
12615,10/6/2021 12:48,15.87
12616,10/6/2021 12:58,16
12617,10/6/2021 13:08,16
12618,10/6/2021 13:18,16.13
12619,10/6/2021 13:28,16.26
12620,10/6/2021 13:38,16.34
12621,10/6/2021 13:48,16.3
12622,10/6/2021 13:58,16.43
12623,10/6/2021 14:08,16.6
12624,10/6/2021 14:18,16.69
12625,10/6/2021 14:28,16.9
12626,10/6/2021 14:38,17.03
12627,10/6/2021 14:48,17.11
12628,10/6/2021 14:58,17.29
12629,10/6/2021 15:08,17.33
12630,10/6/2021 15:18,17.41
12631,10/6/2021 15:28,17.33
12632,10/6/2021 15:38,17.33
12633,10/6/2021 15:48,17.59
12634,10/6/2021 15:58,17.33
12635,10/6/2021 16:08,16.47
12636,10/6/2021 16:18,13.98
12637,10/6/2021 16:28,13.81
12638,10/6/2021 16:38,13.98
12639,10/6/2021 16:48,14.93
12640,10/6/2021 16:58,15.91
12641,10/6/2021 17:08,15.66
12642,10/6/2021 17:18,15.27
12643,10/6/2021 17:28,15.14
12644,10/6/2021 17:38,14.84
12645,10/6/2021 17:48,14.41
12646,10/6/2021 17:58,14.33
12647,10/6/2021 18:08,14.33
12648,10/6/2021 18:18,14.07
12649,10/6/2021 18:28,13.77
12650,10/6/2021 18:38,13.55
12651,10/6/2021 18:48,13.43
12652,10/6/2021 18:58,13.3
12653,10/6/2021 19:08,13.25
12654,10/6/2021 19:18,13.12
12655,10/6/2021 19:28,13
12656,10/6/2021 19:38,12.82
12657,10/6/2021 19:48,12.7
12658,10/6/2021 19:58,12.7
12659,10/6/2021 20:08,12.61
12660,10/6/2021 20:18,12.65
12661,10/6/2021 20:28,12.61
12662,10/6/2021 20:38,12.57
12663,10/6/2021 20:48,12.61
12664,10/6/2021 20:58,12.57
12665,10/6/2021 21:08,12.57
12666,10/6/2021 21:18,12.57
12667,10/6/2021 21:28,12.48
12668,10/6/2021 21:38,12.4
12669,10/6/2021 21:48,12.31
12670,10/6/2021 21:58,12.44
12671,10/6/2021 22:08,14.58
12672,10/6/2021 22:18,15.14
12673,10/6/2021 22:28,15.27
12674,10/6/2021 22:38,15.36
12675,10/6/2021 22:48,15.48
12676,10/6/2021 22:58,15.57
12677,10/6/2021 23:08,15.66
12678,10/6/2021 23:18,15.74
12679,10/6/2021 23:28,15.74
12680,10/6/2021 23:38,15.61
12681,10/6/2021 23:48,15.57
12682,10/6/2021 23:58,15.48
12683,10/7/2021 0:08,15.4
12684,10/7/2021 0:18,15.44
12685,10/7/2021 0:28,15.36
12686,10/7/2021 0:38,15.36
12687,10/7/2021 0:48,15.36
12688,10/7/2021 0:58,14.97
12689,10/7/2021 1:08,14.93
12690,10/7/2021 1:18,15.01
12691,10/7/2021 1:28,14.97
12692,10/7/2021 1:38,15.01
12693,10/7/2021 1:48,15.1
12694,10/7/2021 1:58,15.1
12695,10/7/2021 2:08,15.1
12696,10/7/2021 2:18,15.14
12697,10/7/2021 2:28,15.18
12698,10/7/2021 2:38,15.01
12699,10/7/2021 2:48,14.97
12700,10/7/2021 2:58,14.84
12701,10/7/2021 3:08,14.8
12702,10/7/2021 3:18,14.63
12703,10/7/2021 3:28,14.54
12704,10/7/2021 3:38,14.45
12705,10/7/2021 3:48,14.2
12706,10/7/2021 3:58,13.98
12707,10/7/2021 4:08,13.68
12708,10/7/2021 4:18,13.25
12709,10/7/2021 4:28,10.89
12710,10/7/2021 4:38,9.78
12711,10/7/2021 4:48,9.39
12712,10/7/2021 4:58,10.25
12713,10/7/2021 5:08,10.08
12714,10/7/2021 5:18,9.82
12715,10/7/2021 5:28,9.95
12716,10/7/2021 5:38,10.08
12717,10/7/2021 5:48,10.29
12718,10/7/2021 5:58,10.25
12719,10/7/2021 6:08,10.38
12720,10/7/2021 6:18,10.42
12721,10/7/2021 6:28,10.34
12722,10/7/2021 6:38,9.99
12723,10/7/2021 6:48,9.78
12724,10/7/2021 6:58,9.56
12725,10/7/2021 7:08,8.88
12726,10/7/2021 7:18,8.75
12727,10/7/2021 7:28,8.75
12728,10/7/2021 7:38,9.14
12729,10/7/2021 7:48,9.69
12730,10/7/2021 7:58,9.86
12731,10/7/2021 8:08,10.34
12732,10/7/2021 8:18,10.55
12733,10/7/2021 8:28,10.89
12734,10/7/2021 8:38,11.41
12735,10/7/2021 8:48,13.85
12736,10/7/2021 8:58,14.07
12737,10/7/2021 9:08,15.31
12738,10/7/2021 9:18,18.02
12739,10/7/2021 9:28,16.86
12740,10/7/2021 9:38,15.18
12741,10/7/2021 9:48,15.31
12742,10/7/2021 9:58,15.27
12743,10/7/2021 10:08,15.14
12744,10/7/2021 10:18,15.14
12745,10/7/2021 10:28,15.14
12746,10/7/2021 10:38,15.31
12747,10/7/2021 10:48,15.23
12748,10/7/2021 10:58,15.27
12749,10/7/2021 11:08,15.31
12750,10/7/2021 11:18,15.31
12751,10/7/2021 11:28,15.27
12752,10/7/2021 11:38,15.23
12753,10/7/2021 11:48,15.27
12754,10/7/2021 11:58,15.23
12755,10/7/2021 12:08,15.1
12756,10/7/2021 12:18,15.23
12757,10/7/2021 12:28,15.31
12758,10/7/2021 12:38,15.27
12759,10/7/2021 12:48,15.27
12760,10/7/2021 12:58,15.36
12761,10/7/2021 13:08,15.4
12762,10/7/2021 13:18,15.44
12763,10/7/2021 13:28,15.53
12764,10/7/2021 13:38,15.53
12765,10/7/2021 13:48,15.57
12766,10/7/2021 13:58,15.61
12767,10/7/2021 14:08,15.74
12768,10/7/2021 14:18,15.83
12769,10/7/2021 14:28,15.78
12770,10/7/2021 14:38,15.87
12771,10/7/2021 14:48,15.96
12772,10/7/2021 14:58,16.08
12773,10/7/2021 15:08,16.3
12774,10/7/2021 15:18,16.34
12775,10/7/2021 15:28,16.39
12776,10/7/2021 15:38,16.47
12777,10/7/2021 15:48,16.43
12778,10/7/2021 15:58,16.47
12779,10/7/2021 16:08,16.43
12780,10/7/2021 16:18,16.3
12781,10/7/2021 16:28,16.3
12782,10/7/2021 16:38,16.21
12783,10/7/2021 16:48,15.91
12784,10/7/2021 16:58,13.34
12785,10/7/2021 17:08,12.87
12786,10/7/2021 17:18,12.78
12787,10/7/2021 17:28,12.82
12788,10/7/2021 17:38,12.74
12789,10/7/2021 17:48,12.61
12790,10/7/2021 17:58,12.57
12791,10/7/2021 18:08,12.44
12792,10/7/2021 18:18,12.4
12793,10/7/2021 18:28,12.31
12794,10/7/2021 18:38,12.31
12795,10/7/2021 18:48,12.31
12796,10/7/2021 18:58,12.27
12797,10/7/2021 19:08,12.31
12798,10/7/2021 19:18,12.35
12799,10/7/2021 19:28,12.35
12800,10/7/2021 19:38,12.27
12801,10/7/2021 19:48,12.31
12802,10/7/2021 19:58,12.22
12803,10/7/2021 20:08,12.18
12804,10/7/2021 20:18,12.18
12805,10/7/2021 20:28,12.18
12806,10/7/2021 20:38,12.14
12807,10/7/2021 20:48,12.1
12808,10/7/2021 20:58,12.05
12809,10/7/2021 21:08,12.14
12810,10/7/2021 21:18,12.14
12811,10/7/2021 21:28,12.05
12812,10/7/2021 21:38,11.92
12813,10/7/2021 21:48,12.01
12814,10/7/2021 21:58,11.92
12815,10/7/2021 22:08,12.01
12816,10/7/2021 22:18,12.05
12817,10/7/2021 22:28,12.1
12818,10/7/2021 22:38,12.14
12819,10/7/2021 22:48,12.1
12820,10/7/2021 22:58,12.05
12821,10/7/2021 23:08,12.14
12822,10/7/2021 23:18,13.43
12823,10/7/2021 23:28,14.07
12824,10/7/2021 23:38,14.28
12825,10/7/2021 23:48,14.5
12826,10/7/2021 23:58,14.54
12827,10/8/2021 0:08,14.67
12828,10/8/2021 0:18,14.67
12829,10/8/2021 0:28,14.58
12830,10/8/2021 0:38,14.54
12831,10/8/2021 0:48,14.41
12832,10/8/2021 0:58,14.41
12833,10/8/2021 1:08,14.41
12834,10/8/2021 1:18,14.33
12835,10/8/2021 1:28,14.28
12836,10/8/2021 1:38,14.24
12837,10/8/2021 1:48,14.07
12838,10/8/2021 1:58,13.98
12839,10/8/2021 2:08,13.98
12840,10/8/2021 2:18,14.03
12841,10/8/2021 2:28,13.98
12842,10/8/2021 2:38,13.98
12843,10/8/2021 2:48,13.94
12844,10/8/2021 2:58,13.94
12845,10/8/2021 3:08,13.98
12846,10/8/2021 3:18,13.94
12847,10/8/2021 3:28,13.94
12848,10/8/2021 3:38,13.9
12849,10/8/2021 3:48,13.85
12850,10/8/2021 3:58,13.85
12851,10/8/2021 4:08,13.81
12852,10/8/2021 4:18,13.77
12853,10/8/2021 4:28,13.73
12854,10/8/2021 4:38,13.64
12855,10/8/2021 4:48,13.51
12856,10/8/2021 4:58,13.38
12857,10/8/2021 5:08,12.95
12858,10/8/2021 5:18,11.32
12859,10/8/2021 5:28,10.89
12860,10/8/2021 5:38,11.11
12861,10/8/2021 5:48,10.94
12862,10/8/2021 5:58,10.72
12863,10/8/2021 6:08,10.55
12864,10/8/2021 6:18,10.42
12865,10/8/2021 6:28,10.42
12866,10/8/2021 6:38,10.51
12867,10/8/2021 6:48,10.59
12868,10/8/2021 6:58,10.72
12869,10/8/2021 7:08,10.72
12870,10/8/2021 7:18,10.68
12871,10/8/2021 7:28,10.85
12872,10/8/2021 7:38,11.24
12873,10/8/2021 7:48,13.47
12874,10/8/2021 7:58,13.9
12875,10/8/2021 8:08,14.37
12876,10/8/2021 8:18,16.13
12877,10/8/2021 8:28,15.44
12878,10/8/2021 8:38,19
12879,10/8/2021 8:48,19.73
12880,10/8/2021 8:58,20.07
12881,10/8/2021 9:08,20.25
12882,10/8/2021 9:18,20.29
12883,10/8/2021 9:28,20.55
12884,10/8/2021 9:38,15.31
12885,10/8/2021 9:48,14.41
12886,10/8/2021 9:58,14.24
12887,10/8/2021 10:08,14.2
12888,10/8/2021 10:18,14.15
12889,10/8/2021 10:28,14.28
12890,10/8/2021 10:38,14.28
12891,10/8/2021 10:48,14.33
12892,10/8/2021 10:58,14.28
12893,10/8/2021 11:08,14.37
12894,10/8/2021 11:18,14.37
12895,10/8/2021 11:28,14.28
12896,10/8/2021 11:38,14.37
12897,10/8/2021 11:48,14.33
12898,10/8/2021 11:58,14.33
12899,10/8/2021 12:08,14.28
12900,10/8/2021 12:18,14.24
12901,10/8/2021 12:28,14.33
12902,10/8/2021 12:38,14.41
12903,10/8/2021 12:48,14.5
12904,10/8/2021 12:58,14.5
12905,10/8/2021 13:08,14.63
12906,10/8/2021 13:18,14.67
12907,10/8/2021 13:28,14.67
12908,10/8/2021 13:38,14.71
12909,10/8/2021 13:48,14.8
12910,10/8/2021 13:58,14.84
12911,10/8/2021 14:08,14.93
12912,10/8/2021 14:18,14.93
12913,10/8/2021 14:28,14.97
12914,10/8/2021 14:38,14.97
12915,10/8/2021 14:48,15.01
12916,10/8/2021 14:58,15.06
12917,10/8/2021 15:08,15.06
12918,10/8/2021 15:18,14.97
12919,10/8/2021 15:28,15.06
12920,10/8/2021 15:38,14.97
12921,10/8/2021 15:48,14.93
12922,10/8/2021 15:58,14.97
12923,10/8/2021 16:08,14.97
12924,10/8/2021 16:18,14.97
12925,10/8/2021 16:28,14.97
12926,10/8/2021 16:38,14.93
12927,10/8/2021 16:48,14.93
12928,10/8/2021 16:58,14.97
12929,10/8/2021 17:08,14.93
12930,10/8/2021 17:18,15.1
12931,10/8/2021 17:28,15.96
12932,10/8/2021 17:38,13.81
12933,10/8/2021 17:48,12.14
12934,10/8/2021 17:58,11.97
12935,10/8/2021 18:08,12.05
12936,10/8/2021 18:18,12.1
12937,10/8/2021 18:28,12.14
12938,10/8/2021 18:38,12.1
12939,10/8/2021 18:48,12.05
12940,10/8/2021 18:58,11.97
12941,10/8/2021 19:08,12.01
12942,10/8/2021 19:18,12.1
12943,10/8/2021 19:28,12.05
12944,10/8/2021 19:38,12.18
12945,10/8/2021 19:48,12.31
12946,10/8/2021 19:58,12.35
12947,10/8/2021 20:08,12.27
12948,10/8/2021 20:18,12.27
12949,10/8/2021 20:28,12.14
12950,10/8/2021 20:38,12.14
12951,10/8/2021 20:48,11.97
12952,10/8/2021 20:58,12.05
12953,10/8/2021 21:08,11.88
12954,10/8/2021 21:18,11.71
12955,10/8/2021 21:28,11.67
12956,10/8/2021 21:38,11.54
12957,10/8/2021 21:48,11.75
12958,10/8/2021 21:58,11.71
12959,10/8/2021 22:08,11.75
12960,10/8/2021 22:18,11.45
12961,10/8/2021 22:28,10.81
12962,10/8/2021 22:38,10.77
12963,10/8/2021 22:48,10.16
12964,10/8/2021 22:58,9.86
12965,10/8/2021 23:08,10.04
12966,10/8/2021 23:18,9.99
12967,10/8/2021 23:28,10.25
12968,10/8/2021 23:38,11.41
12969,10/8/2021 23:48,11.45
12970,10/8/2021 23:58,11.37
12971,10/9/2021 0:08,11.58
12972,10/9/2021 0:18,11.37
12973,10/9/2021 0:28,10.34
12974,10/9/2021 0:38,12.01
12975,10/9/2021 0:48,13.3
12976,10/9/2021 0:58,13.64
12977,10/9/2021 1:08,13.85
12978,10/9/2021 1:18,13.98
12979,10/9/2021 1:28,14.07
12980,10/9/2021 1:38,14.15
12981,10/9/2021 1:48,14.24
12982,10/9/2021 1:58,14.28
12983,10/9/2021 2:08,14.2
12984,10/9/2021 2:18,14.03
12985,10/9/2021 2:28,14.07
12986,10/9/2021 2:38,13.98
12987,10/9/2021 2:48,13.98
12988,10/9/2021 2:58,14.03
12989,10/9/2021 3:08,13.94
12990,10/9/2021 3:18,13.94
12991,10/9/2021 3:28,13.9
12992,10/9/2021 3:38,13.77
12993,10/9/2021 3:48,13.6
12994,10/9/2021 3:58,13.64
12995,10/9/2021 4:08,13.38
12996,10/9/2021 4:18,13.3
12997,10/9/2021 4:28,13.25
12998,10/9/2021 4:38,13.17
12999,10/9/2021 4:48,13.17
13000,10/9/2021 4:58,13.08
13001,10/9/2021 5:08,12.91
13002,10/9/2021 5:18,12.74
13003,10/9/2021 5:28,12.61
13004,10/9/2021 5:38,12.48
13005,10/9/2021 5:48,12.22
13006,10/9/2021 5:58,11.28
13007,10/9/2021 6:08,10.34
13008,10/9/2021 6:18,9.78
13009,10/9/2021 6:28,10.04
13010,10/9/2021 6:38,10.34
13011,10/9/2021 6:48,10.21
13012,10/9/2021 6:58,10.29
13013,10/9/2021 7:08,10.16
13014,10/9/2021 7:18,9.91
13015,10/9/2021 7:28,10.42
13016,10/9/2021 7:38,12.48
13017,10/9/2021 7:48,14.97
13018,10/9/2021 7:58,15.23
13019,10/9/2021 8:08,16.9
13020,10/9/2021 8:18,19.52
13021,10/9/2021 8:28,22.13
13022,10/9/2021 8:38,21.4
13023,10/9/2021 8:48,23.64
13024,10/9/2021 8:58,24.62
13025,10/9/2021 9:08,24.36
13026,10/9/2021 9:18,25.27
13027,10/9/2021 9:28,24.11
13028,10/9/2021 9:38,24.32
13029,10/9/2021 9:48,23.42
13030,10/9/2021 9:58,20.72
13031,10/9/2021 10:08,16
13032,10/9/2021 10:18,15.36
13033,10/9/2021 10:28,15.14
13034,10/9/2021 10:38,15.06
13035,10/9/2021 10:48,15.18
13036,10/9/2021 10:58,15.1
13037,10/9/2021 11:08,15.1
13038,10/9/2021 11:18,15.06
13039,10/9/2021 11:28,15.1
13040,10/9/2021 11:38,15.18
13041,10/9/2021 11:48,15.14
13042,10/9/2021 11:58,15.23
13043,10/9/2021 12:08,15.23
13044,10/9/2021 12:18,15.27
13045,10/9/2021 12:28,15.18
13046,10/9/2021 12:38,15.18
13047,10/9/2021 12:48,15.18
13048,10/9/2021 12:58,15.18
13049,10/9/2021 13:08,15.18
13050,10/9/2021 13:18,15.23
13051,10/9/2021 13:28,15.31
13052,10/9/2021 13:38,15.31
13053,10/9/2021 13:48,15.36
13054,10/9/2021 13:58,15.36
13055,10/9/2021 14:08,15.31
13056,10/9/2021 14:18,15.36
13057,10/9/2021 14:28,15.4
13058,10/9/2021 14:38,15.48
13059,10/9/2021 14:48,15.53
13060,10/9/2021 14:58,15.57
13061,10/9/2021 15:08,15.74
13062,10/9/2021 15:18,15.83
13063,10/9/2021 15:28,15.96
13064,10/9/2021 15:38,16.13
13065,10/9/2021 15:48,16.26
13066,10/9/2021 15:58,16.34
13067,10/9/2021 16:08,16.39
13068,10/9/2021 16:18,16.43
13069,10/9/2021 16:28,16.51
13070,10/9/2021 16:38,16.51
13071,10/9/2021 16:48,16.47
13072,10/9/2021 16:58,16.69
13073,10/9/2021 17:08,16.73
13074,10/9/2021 17:18,16.69
13075,10/9/2021 17:28,16.64
13076,10/9/2021 17:38,16.6
13077,10/9/2021 17:48,16.51
13078,10/9/2021 17:58,16.34
13079,10/9/2021 18:08,14.63
13080,10/9/2021 18:18,12.91
13081,10/9/2021 18:28,12.61
13082,10/9/2021 18:38,12.48
13083,10/9/2021 18:48,12.31
13084,10/9/2021 18:58,12.27
13085,10/9/2021 19:08,12.18
13086,10/9/2021 19:18,11.97
13087,10/9/2021 19:28,11.88
13088,10/9/2021 19:38,11.88
13089,10/9/2021 19:48,11.67
13090,10/9/2021 19:58,11.15
13091,10/9/2021 20:08,10.72
13092,10/9/2021 20:18,10.64
13093,10/9/2021 20:28,10.21
13094,10/9/2021 20:38,10.29
13095,10/9/2021 20:48,10.59
13096,10/9/2021 20:58,10.77
13097,10/9/2021 21:08,11.45
13098,10/9/2021 21:18,11.54
13099,10/9/2021 21:28,11.19
13100,10/9/2021 21:38,10.72
13101,10/9/2021 21:48,10.51
13102,10/9/2021 21:58,10.12
13103,10/9/2021 22:08,9.99
13104,10/9/2021 22:18,9.31
13105,10/9/2021 22:28,9.26
13106,10/9/2021 22:38,8.66
13107,10/9/2021 22:48,8.62
13108,10/9/2021 22:58,8.32
13109,10/9/2021 23:08,8.79
13110,10/9/2021 23:18,8.41
13111,10/9/2021 23:28,9.31
13112,10/9/2021 23:38,9.99
13113,10/9/2021 23:48,10.68
13114,10/9/2021 23:58,10.55
13115,10/10/2021 0:08,10.46
13116,10/10/2021 0:18,10.29
13117,10/10/2021 0:28,9.82
13118,10/10/2021 0:38,9.52
13119,10/10/2021 0:48,9.61
13120,10/10/2021 0:58,9.52
13121,10/10/2021 1:08,8.83
13122,10/10/2021 1:18,8.75
13123,10/10/2021 1:28,8.75
13124,10/10/2021 1:38,8.02
13125,10/10/2021 1:48,8.36
13126,10/10/2021 1:58,10.59
13127,10/10/2021 2:08,12.87
13128,10/10/2021 2:18,13.6
13129,10/10/2021 2:28,13.73
13130,10/10/2021 2:38,13.85
13131,10/10/2021 2:48,13.9
13132,10/10/2021 2:58,13.9
13133,10/10/2021 3:08,13.81
13134,10/10/2021 3:18,13.81
13135,10/10/2021 3:28,13.85
13136,10/10/2021 3:38,13.94
13137,10/10/2021 3:48,14.15
13138,10/10/2021 3:58,13.98
13139,10/10/2021 4:08,13.98
13140,10/10/2021 4:18,13.64
13141,10/10/2021 4:28,12.48
13142,10/10/2021 4:38,12.7
13143,10/10/2021 4:48,12.95
13144,10/10/2021 4:58,12.91
13145,10/10/2021 5:08,12.82
13146,10/10/2021 5:18,12.65
13147,10/10/2021 5:28,12.22
13148,10/10/2021 5:38,12.01
13149,10/10/2021 5:48,12.14
13150,10/10/2021 5:58,12.1
13151,10/10/2021 6:08,12.18
13152,10/10/2021 6:18,12.05
13153,10/10/2021 6:28,11.88
13154,10/10/2021 6:38,11.84
13155,10/10/2021 6:48,11.37
13156,10/10/2021 6:58,10.29
13157,10/10/2021 7:08,9.99
13158,10/10/2021 7:18,9.86
13159,10/10/2021 7:28,9.82
13160,10/10/2021 7:38,11.62
13161,10/10/2021 7:48,12.61
13162,10/10/2021 7:58,13.64
13163,10/10/2021 8:08,14.67
13164,10/10/2021 8:18,16.69
13165,10/10/2021 8:28,18.74
13166,10/10/2021 8:38,19.39
13167,10/10/2021 8:48,20.2
13168,10/10/2021 8:58,21.58
13169,10/10/2021 9:08,22.86
13170,10/10/2021 9:18,23.55
13171,10/10/2021 9:28,22.86
13172,10/10/2021 9:38,22.73
13173,10/10/2021 9:48,23.94
13174,10/10/2021 9:58,25.95
13175,10/10/2021 10:08,26.81
13176,10/10/2021 10:18,18.57
13177,10/10/2021 10:28,16.47
13178,10/10/2021 10:38,16.08
13179,10/10/2021 10:48,15.83
13180,10/10/2021 10:58,15.44
13181,10/10/2021 11:08,15.66
13182,10/10/2021 11:18,15.61
13183,10/10/2021 11:28,15.53
13184,10/10/2021 11:38,15.57
13185,10/10/2021 11:48,15.44
13186,10/10/2021 11:58,15.4
13187,10/10/2021 12:08,15.4
13188,10/10/2021 12:18,15.36
13189,10/10/2021 12:28,15.36
13190,10/10/2021 12:38,15.31
13191,10/10/2021 12:48,15.4
13192,10/10/2021 12:58,15.4
13193,10/10/2021 13:08,15.36
13194,10/10/2021 13:18,15.27
13195,10/10/2021 13:28,15.27
13196,10/10/2021 13:38,15.27
13197,10/10/2021 13:48,15.27
13198,10/10/2021 13:58,15.27
13199,10/10/2021 14:08,15.31
13200,10/10/2021 14:18,15.27
13201,10/10/2021 14:28,15.4
13202,10/10/2021 14:38,15.4
13203,10/10/2021 14:48,15.4
13204,10/10/2021 14:58,15.48
13205,10/10/2021 15:08,15.44
13206,10/10/2021 15:18,15.48
13207,10/10/2021 15:28,15.61
13208,10/10/2021 15:38,15.7
13209,10/10/2021 15:48,15.78
13210,10/10/2021 15:58,15.87
13211,10/10/2021 16:08,15.91
13212,10/10/2021 16:18,15.96
13213,10/10/2021 16:28,16.08
13214,10/10/2021 16:38,16.08
13215,10/10/2021 16:48,16.17
13216,10/10/2021 16:58,16.26
13217,10/10/2021 17:08,16.21
13218,10/10/2021 17:18,16.26
13219,10/10/2021 17:28,16.26
13220,10/10/2021 17:38,16.26
13221,10/10/2021 17:48,16.17
13222,10/10/2021 17:58,16.26
13223,10/10/2021 18:08,16
13224,10/10/2021 18:18,15.74
13225,10/10/2021 18:28,15.61
13226,10/10/2021 18:38,15.44
13227,10/10/2021 18:48,15.27
13228,10/10/2021 18:58,14.24
13229,10/10/2021 19:08,12.57
13230,10/10/2021 19:18,12.35
13231,10/10/2021 19:28,12.31
13232,10/10/2021 19:38,12.14
13233,10/10/2021 19:48,12.1
13234,10/10/2021 19:58,12.1
13235,10/10/2021 20:08,12.01
13236,10/10/2021 20:18,11.88
13237,10/10/2021 20:28,11.88
13238,10/10/2021 20:38,11.71
13239,10/10/2021 20:48,11.75
13240,10/10/2021 20:58,11.75
13241,10/10/2021 21:08,11.79
13242,10/10/2021 21:18,11.84
13243,10/10/2021 21:28,11.97
13244,10/10/2021 21:38,12.01
13245,10/10/2021 21:48,12.1
13246,10/10/2021 21:58,12.18
13247,10/10/2021 22:08,12.05
13248,10/10/2021 22:18,12.05
13249,10/10/2021 22:28,11.92
13250,10/10/2021 22:38,11.88
13251,10/10/2021 22:48,11.79
13252,10/10/2021 22:58,11.71
13253,10/10/2021 23:08,11.67
13254,10/10/2021 23:18,11.58
13255,10/10/2021 23:28,11.62
13256,10/10/2021 23:38,11.71
13257,10/10/2021 23:48,11.67
13258,10/10/2021 23:58,11.67
13259,10/11/2021 0:08,11.75
13260,10/11/2021 0:18,11.79
13261,10/11/2021 0:28,11.67
13262,10/11/2021 0:38,11.71
13263,10/11/2021 0:48,11.79
13264,10/11/2021 0:58,11.71
13265,10/11/2021 1:08,11.71
13266,10/11/2021 1:18,11.71
13267,10/11/2021 1:28,11.71
13268,10/11/2021 1:38,11.62
13269,10/11/2021 1:48,11.67
13270,10/11/2021 1:58,11.62
13271,10/11/2021 2:08,11.62
13272,10/11/2021 2:18,11.67
13273,10/11/2021 2:28,11.62
13274,10/11/2021 2:38,11.62
13275,10/11/2021 2:48,11.45
13276,10/11/2021 2:58,11.37
13277,10/11/2021 3:08,11.41
13278,10/11/2021 3:18,12.18
13279,10/11/2021 3:28,12.48
13280,10/11/2021 3:38,12.65
13281,10/11/2021 3:48,12.7
13282,10/11/2021 3:58,12.82
13283,10/11/2021 4:08,12.87
13284,10/11/2021 4:18,12.95
13285,10/11/2021 4:28,12.95
13286,10/11/2021 4:38,12.78
13287,10/11/2021 4:48,12.74
13288,10/11/2021 4:58,12.82
13289,10/11/2021 5:08,12.74
13290,10/11/2021 5:18,12.7
13291,10/11/2021 5:28,12.65
13292,10/11/2021 5:38,12.48
13293,10/11/2021 5:48,12.44
13294,10/11/2021 5:58,12.44
13295,10/11/2021 6:08,12.48
13296,10/11/2021 6:18,12.52
13297,10/11/2021 6:28,12.44
13298,10/11/2021 6:38,12.35
13299,10/11/2021 6:48,12.18
13300,10/11/2021 6:58,12.1
13301,10/11/2021 7:08,11.92
13302,10/11/2021 7:18,11.92
13303,10/11/2021 7:28,11.79
13304,10/11/2021 7:38,11.71
13305,10/11/2021 7:48,11.88
13306,10/11/2021 7:58,12.14
13307,10/11/2021 8:08,13.64
13308,10/11/2021 8:18,14.37
13309,10/11/2021 8:28,15.18
13310,10/11/2021 8:38,16.81
13311,10/11/2021 8:48,18.02
13312,10/11/2021 8:58,18.92
13313,10/11/2021 9:08,19.3
13314,10/11/2021 9:18,19.9
13315,10/11/2021 9:28,20.25
13316,10/11/2021 9:38,20.29
13317,10/11/2021 9:48,20.2
13318,10/11/2021 9:58,20.42
13319,10/11/2021 10:08,20.37
13320,10/11/2021 10:18,20.59
13321,10/11/2021 10:28,20.42
13322,10/11/2021 10:38,18.02
13323,10/11/2021 10:48,14.93
13324,10/11/2021 10:58,14.63
13325,10/11/2021 11:08,14.54
13326,10/11/2021 11:18,14.58
13327,10/11/2021 11:28,14.24
13328,10/11/2021 11:38,14.03
13329,10/11/2021 11:48,13.98
13330,10/11/2021 11:58,14.03
13331,10/11/2021 12:08,13.9
13332,10/11/2021 12:18,13.94
13333,10/11/2021 12:28,14.07
13334,10/11/2021 12:38,13.98
13335,10/11/2021 12:48,13.98
13336,10/11/2021 12:58,14.07
13337,10/11/2021 13:08,14.11
13338,10/11/2021 13:18,14.07
13339,10/11/2021 13:28,14.15
13340,10/11/2021 13:38,14.2
13341,10/11/2021 13:48,14.2
13342,10/11/2021 13:58,14.24
13343,10/11/2021 14:08,14.24
13344,10/11/2021 14:18,14.24
13345,10/11/2021 14:28,14.2
13346,10/11/2021 14:38,14.24
13347,10/11/2021 14:48,14.28
13348,10/11/2021 14:58,14.28
13349,10/11/2021 15:08,14.24
13350,10/11/2021 15:18,14.24
13351,10/11/2021 15:28,14.28
13352,10/11/2021 15:38,14.28
13353,10/11/2021 15:48,14.24
13354,10/11/2021 15:58,14.24
13355,10/11/2021 16:08,14.33
13356,10/11/2021 16:18,14.33
13357,10/11/2021 16:28,14.28
13358,10/11/2021 16:38,14.28
13359,10/11/2021 16:48,14.33
13360,10/11/2021 16:58,14.28
13361,10/11/2021 17:08,14.28
13362,10/11/2021 17:18,14.24
13363,10/11/2021 17:28,14.28
13364,10/11/2021 17:38,14.24
13365,10/11/2021 17:48,14.15
13366,10/11/2021 17:58,14.07
13367,10/11/2021 18:08,13.98
13368,10/11/2021 18:18,13.94
13369,10/11/2021 18:28,13.9
13370,10/11/2021 18:38,13.77
13371,10/11/2021 18:48,13.68
13372,10/11/2021 18:58,13.64
13373,10/11/2021 19:08,13.51
13374,10/11/2021 19:18,13.34
13375,10/11/2021 19:28,13.21
13376,10/11/2021 19:38,12.95
13377,10/11/2021 19:48,12.48
13378,10/11/2021 19:58,10.42
13379,10/11/2021 20:08,10.08
13380,10/11/2021 20:18,10.16
13381,10/11/2021 20:28,10.21
13382,10/11/2021 20:38,10.16
13383,10/11/2021 20:48,10.12
13384,10/11/2021 20:58,10.08
13385,10/11/2021 21:08,9.82
13386,10/11/2021 21:18,9.22
13387,10/11/2021 21:28,8.45
13388,10/11/2021 21:38,7.63
13389,10/11/2021 21:48,7.16
13390,10/11/2021 21:58,6.69
13391,10/11/2021 22:08,6.69
13392,10/11/2021 22:18,7.76
13393,10/11/2021 22:28,7.85
13394,10/11/2021 22:38,6.39
13395,10/11/2021 22:48,5.83
13396,10/11/2021 22:58,5.79
13397,10/11/2021 23:08,7.38
13398,10/11/2021 23:18,6.69
13399,10/11/2021 23:28,5.57
13400,10/11/2021 23:38,5.02
13401,10/11/2021 23:48,4.97
13402,10/11/2021 23:58,4.76
13403,10/12/2021 0:08,5.57
13404,10/12/2021 0:18,4.89
13405,10/12/2021 0:28,4.59
13406,10/12/2021 0:38,4.24
13407,10/12/2021 0:48,4.84
13408,10/12/2021 0:58,5.32
13409,10/12/2021 1:08,5.79
13410,10/12/2021 1:18,5.23
13411,10/12/2021 1:28,4.89
13412,10/12/2021 1:38,4.63
13413,10/12/2021 1:48,3.9
13414,10/12/2021 1:58,4.03
13415,10/12/2021 2:08,3.99
13416,10/12/2021 2:18,4.03
13417,10/12/2021 2:28,3.56
13418,10/12/2021 2:38,3.69
13419,10/12/2021 2:48,3.47
13420,10/12/2021 2:58,3.47
13421,10/12/2021 3:08,3.77
13422,10/12/2021 3:18,3.73
13423,10/12/2021 3:28,3.73
13424,10/12/2021 3:38,3.34
13425,10/12/2021 3:48,3.21
13426,10/12/2021 3:58,3.39
13427,10/12/2021 4:08,3.13
13428,10/12/2021 4:18,3.26
13429,10/12/2021 4:28,3.09
13430,10/12/2021 4:38,3.21
13431,10/12/2021 4:48,5.23
13432,10/12/2021 4:58,9.35
13433,10/12/2021 5:08,10.64
13434,10/12/2021 5:18,10.89
13435,10/12/2021 5:28,11.28
13436,10/12/2021 5:38,11.41
13437,10/12/2021 5:48,11.49
13438,10/12/2021 5:58,11.45
13439,10/12/2021 6:08,11.67
13440,10/12/2021 6:18,11.71
13441,10/12/2021 6:28,11.62
13442,10/12/2021 6:38,11.58
13443,10/12/2021 6:48,11.24
13444,10/12/2021 6:58,11.45
13445,10/12/2021 7:08,11.24
13446,10/12/2021 7:18,11.32
13447,10/12/2021 7:28,10.81
13448,10/12/2021 7:38,10.51
13449,10/12/2021 7:48,10.12
13450,10/12/2021 7:58,10.08
13451,10/12/2021 8:08,9.78
13452,10/12/2021 8:18,9.82
13453,10/12/2021 8:28,9.91
13454,10/12/2021 8:38,9.95
13455,10/12/2021 8:48,10.12
13456,10/12/2021 8:58,10.51
13457,10/12/2021 9:08,10.98
13458,10/12/2021 9:18,11.37
13459,10/12/2021 9:28,12.1
13460,10/12/2021 9:38,15.53
13461,10/12/2021 9:48,17.03
13462,10/12/2021 9:58,18.23
13463,10/12/2021 10:08,19.09
13464,10/12/2021 10:18,19.69
13465,10/12/2021 10:28,20.85
13466,10/12/2021 10:38,20.55
13467,10/12/2021 10:48,20.72
13468,10/12/2021 10:58,22.01
13469,10/12/2021 11:08,18.62
13470,10/12/2021 11:18,16.3
13471,10/12/2021 11:28,16.17
13472,10/12/2021 11:38,15.87
13473,10/12/2021 11:48,15.78
13474,10/12/2021 11:58,15.83
13475,10/12/2021 12:08,15.7
13476,10/12/2021 12:18,15.57
13477,10/12/2021 12:28,15.31
13478,10/12/2021 12:38,15.36
13479,10/12/2021 12:48,15.23
13480,10/12/2021 12:58,15.1
13481,10/12/2021 13:08,14.97
13482,10/12/2021 13:18,14.8
13483,10/12/2021 13:28,14.8
13484,10/12/2021 13:38,14.84
13485,10/12/2021 13:48,14.71
13486,10/12/2021 13:58,14.75
13487,10/12/2021 14:08,14.84
13488,10/12/2021 14:18,14.75
13489,10/12/2021 14:28,14.67
13490,10/12/2021 14:38,14.58
13491,10/12/2021 14:48,14.63
13492,10/12/2021 14:58,14.63
13493,10/12/2021 15:08,14.67
13494,10/12/2021 15:18,14.63
13495,10/12/2021 15:28,14.63
13496,10/12/2021 15:38,14.58
13497,10/12/2021 15:48,14.63
13498,10/12/2021 15:58,14.58
13499,10/12/2021 16:08,14.58
13500,10/12/2021 16:18,14.54
13501,10/12/2021 16:28,14.45
13502,10/12/2021 16:38,14.37
13503,10/12/2021 16:48,14.33
13504,10/12/2021 16:58,14.33
13505,10/12/2021 17:08,14.37
13506,10/12/2021 17:18,14.28
13507,10/12/2021 17:28,14.2
13508,10/12/2021 17:38,14.24
13509,10/12/2021 17:48,14.2
13510,10/12/2021 17:58,14.11
13511,10/12/2021 18:08,14.03
13512,10/12/2021 18:18,13.9
13513,10/12/2021 18:28,13.85
13514,10/12/2021 18:38,13.85
13515,10/12/2021 18:48,13.77
13516,10/12/2021 18:58,13.73
13517,10/12/2021 19:08,13.64
13518,10/12/2021 19:18,13.6
13519,10/12/2021 19:28,13.51
13520,10/12/2021 19:38,13.43
13521,10/12/2021 19:48,13.38
13522,10/12/2021 19:58,13.3
13523,10/12/2021 20:08,13.25
13524,10/12/2021 20:18,13.08
13525,10/12/2021 20:28,12.82
13526,10/12/2021 20:38,12.61
13527,10/12/2021 20:48,10.21
13528,10/12/2021 20:58,9.61
13529,10/12/2021 21:08,9.61
13530,10/12/2021 21:18,9.56
13531,10/12/2021 21:28,9.48
13532,10/12/2021 21:38,9.48
13533,10/12/2021 21:48,9.44
13534,10/12/2021 21:58,9.69
13535,10/12/2021 22:08,9.74
13536,10/12/2021 22:18,9.78
13537,10/12/2021 22:28,9.91
13538,10/12/2021 22:38,9.99
13539,10/12/2021 22:48,9.91
13540,10/12/2021 22:58,9.69
13541,10/12/2021 23:08,9.48
13542,10/12/2021 23:18,9.52
13543,10/12/2021 23:28,9.52
13544,10/12/2021 23:38,9.35
13545,10/12/2021 23:48,9.52
13546,10/12/2021 23:58,9.35
13547,10/13/2021 0:08,9.26
13548,10/13/2021 0:18,9.18
13549,10/13/2021 0:28,9.39
13550,10/13/2021 0:38,9.18
13551,10/13/2021 0:48,8.96
13552,10/13/2021 0:58,8.75
13553,10/13/2021 1:08,8.53
13554,10/13/2021 1:18,9.22
13555,10/13/2021 1:28,9.18
13556,10/13/2021 1:38,8.96
13557,10/13/2021 1:48,8.96
13558,10/13/2021 1:58,8.53
13559,10/13/2021 2:08,8.36
13560,10/13/2021 2:18,8.06
13561,10/13/2021 2:28,7.72
13562,10/13/2021 2:38,7.25
13563,10/13/2021 2:48,6.95
13564,10/13/2021 2:58,6.99
13565,10/13/2021 3:08,7.12
13566,10/13/2021 3:18,7.5
13567,10/13/2021 3:28,7.76
13568,10/13/2021 3:38,7.93
13569,10/13/2021 3:48,7.81
13570,10/13/2021 3:58,8.28
13571,10/13/2021 4:08,9.14
13572,10/13/2021 4:18,9.44
13573,10/13/2021 4:28,9.52
13574,10/13/2021 4:38,9.82
13575,10/13/2021 4:48,9.99
13576,10/13/2021 4:58,10.25
13577,10/13/2021 5:08,10.38
13578,10/13/2021 5:18,10.55
13579,10/13/2021 5:28,10.46
13580,10/13/2021 5:38,10.29
13581,10/13/2021 5:48,10.25
13582,10/13/2021 5:58,11.02
13583,10/13/2021 6:08,11.88
13584,10/13/2021 6:18,12.05
13585,10/13/2021 6:28,12.22
13586,10/13/2021 6:38,12.31
13587,10/13/2021 6:48,12.22
13588,10/13/2021 6:58,12.14
13589,10/13/2021 7:08,12.18
13590,10/13/2021 7:18,12.44
13591,10/13/2021 7:28,12.52
13592,10/13/2021 7:38,12.22
13593,10/13/2021 7:48,12.14
13594,10/13/2021 7:58,12.14
13595,10/13/2021 8:08,12.05
13596,10/13/2021 8:18,12.31
13597,10/13/2021 8:28,12.22
13598,10/13/2021 8:38,12.22
13599,10/13/2021 8:48,12.18
13600,10/13/2021 8:58,12.1
13601,10/13/2021 9:08,11.92
13602,10/13/2021 9:18,11.79
13603,10/13/2021 9:28,11.97
13604,10/13/2021 9:38,12.01
13605,10/13/2021 9:48,12.05
13606,10/13/2021 9:58,12.27
13607,10/13/2021 10:08,12.44
13608,10/13/2021 10:18,12.48
13609,10/13/2021 10:28,12.74
13610,10/13/2021 10:38,12.87
13611,10/13/2021 10:48,13
13612,10/13/2021 10:58,13.34
13613,10/13/2021 11:08,13.85
13614,10/13/2021 11:18,14.11
13615,10/13/2021 11:28,14.37
13616,10/13/2021 11:38,15.01
13617,10/13/2021 11:48,15.31
13618,10/13/2021 11:58,15.66
13619,10/13/2021 12:08,16
13620,10/13/2021 12:18,16.26
13621,10/13/2021 12:28,16.51
13622,10/13/2021 12:38,16.51
13623,10/13/2021 12:48,16.43
13624,10/13/2021 12:58,16.43
13625,10/13/2021 13:08,16.17
13626,10/13/2021 13:18,15.78
13627,10/13/2021 13:28,15.66
13628,10/13/2021 13:38,15.44
13629,10/13/2021 13:48,15.4
13630,10/13/2021 13:58,15.57
13631,10/13/2021 14:08,15.66
13632,10/13/2021 14:18,15.57
13633,10/13/2021 14:28,15.36
13634,10/13/2021 14:38,15.14
13635,10/13/2021 14:48,15.06
13636,10/13/2021 14:58,15.1
13637,10/13/2021 15:08,14.88
13638,10/13/2021 15:18,14.97
13639,10/13/2021 15:28,14.93
13640,10/13/2021 15:38,14.84
13641,10/13/2021 15:48,14.8
13642,10/13/2021 15:58,14.75
13643,10/13/2021 16:08,14.8
13644,10/13/2021 16:18,14.75
13645,10/13/2021 16:28,14.71
13646,10/13/2021 16:38,14.67
13647,10/13/2021 16:48,14.58
13648,10/13/2021 16:58,14.54
13649,10/13/2021 17:08,14.54
13650,10/13/2021 17:18,14.58
13651,10/13/2021 17:28,14.54
13652,10/13/2021 17:38,14.5
13653,10/13/2021 17:48,14.41
13654,10/13/2021 17:58,14.41
13655,10/13/2021 18:08,14.37
13656,10/13/2021 18:18,14.28
13657,10/13/2021 18:28,14.37
13658,10/13/2021 18:38,14.24
13659,10/13/2021 18:48,14.24
13660,10/13/2021 18:58,14.24
13661,10/13/2021 19:08,14.24
13662,10/13/2021 19:18,14.15
13663,10/13/2021 19:28,14.2
13664,10/13/2021 19:38,14.15
13665,10/13/2021 19:48,14.24
13666,10/13/2021 19:58,14.2
13667,10/13/2021 20:08,14.24
13668,10/13/2021 20:18,14.2
13669,10/13/2021 20:28,14.15
13670,10/13/2021 20:38,14.15
13671,10/13/2021 20:48,14.15
13672,10/13/2021 20:58,14.07
13673,10/13/2021 21:08,14.03
13674,10/13/2021 21:18,13.98
13675,10/13/2021 21:28,13.9
13676,10/13/2021 21:38,13.81
13677,10/13/2021 21:48,12.78
13678,10/13/2021 21:58,11.37
13679,10/13/2021 22:08,10.89
13680,10/13/2021 22:18,10.77
13681,10/13/2021 22:28,10.55
13682,10/13/2021 22:38,10.46
13683,10/13/2021 22:48,9.91
13684,10/13/2021 22:58,10.21
13685,10/13/2021 23:08,10.12
13686,10/13/2021 23:18,9.95
13687,10/13/2021 23:28,10.04
13688,10/13/2021 23:38,10.16
13689,10/13/2021 23:48,9.99
13690,10/13/2021 23:58,9.78
13691,10/14/2021 0:08,9.56
13692,10/14/2021 0:18,8.41
13693,10/14/2021 0:28,8.88
13694,10/14/2021 0:38,9.31
13695,10/14/2021 0:48,9.61
13696,10/14/2021 0:58,9.52
13697,10/14/2021 1:08,9.44
13698,10/14/2021 1:18,9.39
13699,10/14/2021 1:28,9.31
13700,10/14/2021 1:38,9.18
13701,10/14/2021 1:48,9.22
13702,10/14/2021 1:58,9.05
13703,10/14/2021 2:08,9.09
13704,10/14/2021 2:18,8.92
13705,10/14/2021 2:28,8.96
13706,10/14/2021 2:38,8.88
13707,10/14/2021 2:48,8.71
13708,10/14/2021 2:58,8.79
13709,10/14/2021 3:08,8.58
13710,10/14/2021 3:18,8.53
13711,10/14/2021 3:28,8.53
13712,10/14/2021 3:38,8.58
13713,10/14/2021 3:48,8.49
13714,10/14/2021 3:58,8.53
13715,10/14/2021 4:08,8.53
13716,10/14/2021 4:18,8.58
13717,10/14/2021 4:28,8.58
13718,10/14/2021 4:38,8.19
13719,10/14/2021 4:48,7.59
13720,10/14/2021 4:58,7.46
13721,10/14/2021 5:08,8.28
13722,10/14/2021 5:18,8.49
13723,10/14/2021 5:28,8.58
13724,10/14/2021 5:38,8.53
13725,10/14/2021 5:48,8.41
13726,10/14/2021 5:58,8.53
13727,10/14/2021 6:08,8.58
13728,10/14/2021 6:18,8.79
13729,10/14/2021 6:28,9.05
13730,10/14/2021 6:38,9.18
13731,10/14/2021 6:48,10.42
13732,10/14/2021 6:58,11.58
13733,10/14/2021 7:08,12.22
13734,10/14/2021 7:18,12.35
13735,10/14/2021 7:28,12.44
13736,10/14/2021 7:38,12.4
13737,10/14/2021 7:48,12.35
13738,10/14/2021 7:58,12.52
13739,10/14/2021 8:08,12.65
13740,10/14/2021 8:18,12.61
13741,10/14/2021 8:28,12.74
13742,10/14/2021 8:38,12.78
13743,10/14/2021 8:48,12.91
13744,10/14/2021 8:58,13.04
13745,10/14/2021 9:08,13.04
13746,10/14/2021 9:18,13.17
13747,10/14/2021 9:28,13.12
13748,10/14/2021 9:38,13.08
13749,10/14/2021 9:48,13.17
13750,10/14/2021 9:58,13.08
13751,10/14/2021 10:08,13.08
13752,10/14/2021 10:18,13.17
13753,10/14/2021 10:28,13.25
13754,10/14/2021 10:38,13.43
13755,10/14/2021 10:48,13.55
13756,10/14/2021 10:58,13.77
13757,10/14/2021 11:08,13.9
13758,10/14/2021 11:18,14.37
13759,10/14/2021 11:28,14.93
13760,10/14/2021 11:38,15.14
13761,10/14/2021 11:48,15.57
13762,10/14/2021 11:58,15.91
13763,10/14/2021 12:08,16.3
13764,10/14/2021 12:18,16.64
13765,10/14/2021 12:28,17.63
13766,10/14/2021 12:38,19.05
13767,10/14/2021 12:48,19.35
13768,10/14/2021 12:58,20.59
13769,10/14/2021 13:08,22.05
13770,10/14/2021 13:18,22.35
13771,10/14/2021 13:28,22.86
13772,10/14/2021 13:38,22.82
13773,10/14/2021 13:48,22.09
13774,10/14/2021 13:58,20.5
13775,10/14/2021 14:08,20.12
13776,10/14/2021 14:18,20.29
13777,10/14/2021 14:28,21.58
13778,10/14/2021 14:38,19.95
13779,10/14/2021 14:48,19
13780,10/14/2021 14:58,18.92
13781,10/14/2021 15:08,18.1
13782,10/14/2021 15:18,17.76
13783,10/14/2021 15:28,17.24
13784,10/14/2021 15:38,17.2
13785,10/14/2021 15:48,16.9
13786,10/14/2021 15:58,16.56
13787,10/14/2021 16:08,16.26
13788,10/14/2021 16:18,16.08
13789,10/14/2021 16:28,15.61
13790,10/14/2021 16:38,15.36
13791,10/14/2021 16:48,15.01
13792,10/14/2021 16:58,14.84
13793,10/14/2021 17:08,14.75
13794,10/14/2021 17:18,14.67
13795,10/14/2021 17:28,14.67
13796,10/14/2021 17:38,14.67
13797,10/14/2021 17:48,14.58
13798,10/14/2021 17:58,14.58
13799,10/14/2021 18:08,14.58
13800,10/14/2021 18:18,14.54
13801,10/14/2021 18:28,14.5
13802,10/14/2021 18:38,14.54
13803,10/14/2021 18:48,14.54
13804,10/14/2021 18:58,14.54
13805,10/14/2021 19:08,14.5
13806,10/14/2021 19:18,14.54
13807,10/14/2021 19:28,14.45
13808,10/14/2021 19:38,14.41
13809,10/14/2021 19:48,14.45
13810,10/14/2021 19:58,14.37
13811,10/14/2021 20:08,14.37
13812,10/14/2021 20:18,14.28
13813,10/14/2021 20:28,14.28
13814,10/14/2021 20:38,14.33
13815,10/14/2021 20:48,14.45
13816,10/14/2021 20:58,14.45
13817,10/14/2021 21:08,14.5
13818,10/14/2021 21:18,14.45
13819,10/14/2021 21:28,14.5
13820,10/14/2021 21:38,14.41
13821,10/14/2021 21:48,14.24
13822,10/14/2021 21:58,14.15
13823,10/14/2021 22:08,14.11
13824,10/14/2021 22:18,14.11
13825,10/14/2021 22:28,14.03
13826,10/14/2021 22:38,13.9
13827,10/14/2021 22:48,13.73
13828,10/14/2021 22:58,12.61
13829,10/14/2021 23:08,10.98
13830,10/14/2021 23:18,10.72
13831,10/14/2021 23:28,10.55
13832,10/14/2021 23:38,10.38
13833,10/14/2021 23:48,10.42
13834,10/14/2021 23:58,10.08
13835,10/15/2021 0:08,9.99
13836,10/15/2021 0:18,10.04
13837,10/15/2021 0:28,9.91
13838,10/15/2021 0:38,9.78
13839,10/15/2021 0:48,9.86
13840,10/15/2021 0:58,9.56
13841,10/15/2021 1:08,9.56
13842,10/15/2021 1:18,9.74
13843,10/15/2021 1:28,9.61
13844,10/15/2021 1:38,9.44
13845,10/15/2021 1:48,9.26
13846,10/15/2021 1:58,9.14
13847,10/15/2021 2:08,9.22
13848,10/15/2021 2:18,9.18
13849,10/15/2021 2:28,9.18
13850,10/15/2021 2:38,8.62
13851,10/15/2021 2:48,8.83
13852,10/15/2021 2:58,8.88
13853,10/15/2021 3:08,9.01
13854,10/15/2021 3:18,9.01
13855,10/15/2021 3:28,8.88
13856,10/15/2021 3:38,8.92
13857,10/15/2021 3:48,8.88
13858,10/15/2021 3:58,8.75
13859,10/15/2021 4:08,8.83
13860,10/15/2021 4:18,8.66
13861,10/15/2021 4:28,8.53
13862,10/15/2021 4:38,8.45
13863,10/15/2021 4:48,8.53
13864,10/15/2021 4:58,8.62
13865,10/15/2021 5:08,8.71
13866,10/15/2021 5:18,8.71
13867,10/15/2021 5:28,8.53
13868,10/15/2021 5:38,8.53
13869,10/15/2021 5:48,8.58
13870,10/15/2021 5:58,8.66
13871,10/15/2021 6:08,8.66
13872,10/15/2021 6:18,8.53
13873,10/15/2021 6:28,8.53
13874,10/15/2021 6:38,8.66
13875,10/15/2021 6:48,8.66
13876,10/15/2021 6:58,8.71
13877,10/15/2021 7:08,8.83
13878,10/15/2021 7:18,9.09
13879,10/15/2021 7:28,9.69
13880,10/15/2021 7:38,10.77
13881,10/15/2021 7:48,12.01
13882,10/15/2021 7:58,12.31
13883,10/15/2021 8:08,12.57
13884,10/15/2021 8:18,12.65
13885,10/15/2021 8:28,12.87
13886,10/15/2021 8:38,13.08
13887,10/15/2021 8:48,13.21
13888,10/15/2021 8:58,13.25
13889,10/15/2021 9:08,13.3
13890,10/15/2021 9:18,13.34
13891,10/15/2021 9:28,13.43
13892,10/15/2021 9:38,13.47
13893,10/15/2021 9:48,13.55
13894,10/15/2021 9:58,13.68
13895,10/15/2021 10:08,13.73
13896,10/15/2021 10:18,13.77
13897,10/15/2021 10:28,13.77
13898,10/15/2021 10:38,13.94
13899,10/15/2021 10:48,13.98
13900,10/15/2021 10:58,14.03
13901,10/15/2021 11:08,14.15
13902,10/15/2021 11:18,14.28
13903,10/15/2021 11:28,14.5
13904,10/15/2021 11:38,14.71
13905,10/15/2021 11:48,15.01
13906,10/15/2021 11:58,15.23
13907,10/15/2021 12:08,15.48
13908,10/15/2021 12:18,15.78
13909,10/15/2021 12:28,16.08
13910,10/15/2021 12:38,16.39
13911,10/15/2021 12:48,16.86
13912,10/15/2021 12:58,17.37
13913,10/15/2021 13:08,18.14
13914,10/15/2021 13:18,20.07
13915,10/15/2021 13:28,20.33
13916,10/15/2021 13:38,22.05
13917,10/15/2021 13:48,22.13
13918,10/15/2021 13:58,20.37
13919,10/15/2021 14:08,19.56
13920,10/15/2021 14:18,21.06
13921,10/15/2021 14:28,20.93
13922,10/15/2021 14:38,19.47
13923,10/15/2021 14:48,19.09
13924,10/15/2021 14:58,19.82
13925,10/15/2021 15:08,21.36
13926,10/15/2021 15:18,23.46
13927,10/15/2021 15:28,23.85
13928,10/15/2021 15:38,23.89
13929,10/15/2021 15:48,23.85
13930,10/15/2021 15:58,24.02
13931,10/15/2021 16:08,23.81
13932,10/15/2021 16:18,23.72
13933,10/15/2021 16:28,23.68
13934,10/15/2021 16:38,23.72
13935,10/15/2021 16:48,23.46
13936,10/15/2021 16:58,18.92
13937,10/15/2021 17:08,17.5
13938,10/15/2021 17:18,16.77
13939,10/15/2021 17:28,16.34
13940,10/15/2021 17:38,15.91
13941,10/15/2021 17:48,15.57
13942,10/15/2021 17:58,15.18
13943,10/15/2021 18:08,14.75
13944,10/15/2021 18:18,14.63
13945,10/15/2021 18:28,14.58
13946,10/15/2021 18:38,14.58
13947,10/15/2021 18:48,14.58
13948,10/15/2021 18:58,14.58
13949,10/15/2021 19:08,14.63
13950,10/15/2021 19:18,14.58
13951,10/15/2021 19:28,14.58
13952,10/15/2021 19:38,14.58
13953,10/15/2021 19:48,14.54
13954,10/15/2021 19:58,14.58
13955,10/15/2021 20:08,14.54
13956,10/15/2021 20:18,14.5
13957,10/15/2021 20:28,14.5
13958,10/15/2021 20:38,14.5
13959,10/15/2021 20:48,14.45
13960,10/15/2021 20:58,14.41
13961,10/15/2021 21:08,14.33
13962,10/15/2021 21:18,14.41
13963,10/15/2021 21:28,14.37
13964,10/15/2021 21:38,14.37
13965,10/15/2021 21:48,14.45
13966,10/15/2021 21:58,14.63
13967,10/15/2021 22:08,14.75
13968,10/15/2021 22:18,14.88
13969,10/15/2021 22:28,14.93
13970,10/15/2021 22:38,14.97
13971,10/15/2021 22:48,14.97
13972,10/15/2021 22:58,14.88
13973,10/15/2021 23:08,14.75
13974,10/15/2021 23:18,14.67
13975,10/15/2021 23:28,14.54
13976,10/15/2021 23:38,14.41
13977,10/15/2021 23:48,14.2
13978,10/15/2021 23:58,13.98
13979,10/16/2021 0:08,11.92
13980,10/16/2021 0:18,10.55
13981,10/16/2021 0:28,10.46
13982,10/16/2021 0:38,10.59
13983,10/16/2021 0:48,10.34
13984,10/16/2021 0:58,10.42
13985,10/16/2021 1:08,10.59
13986,10/16/2021 1:18,10.64
13987,10/16/2021 1:28,10.46
13988,10/16/2021 1:38,10.55
13989,10/16/2021 1:48,10.34
13990,10/16/2021 1:58,10.46
13991,10/16/2021 2:08,10.38
13992,10/16/2021 2:18,10.34
13993,10/16/2021 2:28,10.25
13994,10/16/2021 2:38,10.25
13995,10/16/2021 2:48,10.42
13996,10/16/2021 2:58,10.68
13997,10/16/2021 3:08,10.51
13998,10/16/2021 3:18,10.25
13999,10/16/2021 3:28,10.21
14000,10/16/2021 3:38,10.16
14001,10/16/2021 3:48,10.21
14002,10/16/2021 3:58,9.91
14003,10/16/2021 4:08,9.86
14004,10/16/2021 4:18,9.82
14005,10/16/2021 4:28,9.65
14006,10/16/2021 4:38,9.74
14007,10/16/2021 4:48,9.82
14008,10/16/2021 4:58,9.91
14009,10/16/2021 5:08,10.08
14010,10/16/2021 5:18,9.91
14011,10/16/2021 5:28,9.65
14012,10/16/2021 5:38,9.35
14013,10/16/2021 5:48,9.61
14014,10/16/2021 5:58,9.69
14015,10/16/2021 6:08,9.74
14016,10/16/2021 6:18,9.74
14017,10/16/2021 6:28,9.86
14018,10/16/2021 6:38,9.86
14019,10/16/2021 6:48,10.12
14020,10/16/2021 6:58,9.86
14021,10/16/2021 7:08,10.68
14022,10/16/2021 7:18,10.38
14023,10/16/2021 7:28,9.86
14024,10/16/2021 7:38,10.12
14025,10/16/2021 7:48,11.37
14026,10/16/2021 7:58,12.14
14027,10/16/2021 8:08,12.65
14028,10/16/2021 8:18,12.95
14029,10/16/2021 8:28,13.08
14030,10/16/2021 8:38,12.95
14031,10/16/2021 8:48,13.04
14032,10/16/2021 8:58,12.78
14033,10/16/2021 9:08,12.95
14034,10/16/2021 9:18,12.78
14035,10/16/2021 9:28,13
14036,10/16/2021 9:38,13.12
14037,10/16/2021 9:48,13.08
14038,10/16/2021 9:58,13.08
14039,10/16/2021 10:08,13.12
14040,10/16/2021 10:18,13.34
14041,10/16/2021 10:28,13.43
14042,10/16/2021 10:38,13.73
14043,10/16/2021 10:48,13.81
14044,10/16/2021 10:58,14.03
14045,10/16/2021 11:08,14.24
14046,10/16/2021 11:18,14.37
14047,10/16/2021 11:28,14.54
14048,10/16/2021 11:38,14.67
14049,10/16/2021 11:48,14.84
14050,10/16/2021 11:58,14.97
14051,10/16/2021 12:08,15.06
14052,10/16/2021 12:18,15.14
14053,10/16/2021 12:28,15.36
14054,10/16/2021 12:38,15.61
14055,10/16/2021 12:48,15.87
14056,10/16/2021 12:58,16.17
14057,10/16/2021 13:08,16.64
14058,10/16/2021 13:18,17.16
14059,10/16/2021 13:28,17.59
14060,10/16/2021 13:38,18.06
14061,10/16/2021 13:48,18.4
14062,10/16/2021 13:58,19
14063,10/16/2021 14:08,18.79
14064,10/16/2021 14:18,21.19
14065,10/16/2021 14:28,19.95
14066,10/16/2021 14:38,19.69
14067,10/16/2021 14:48,20.98
14068,10/16/2021 14:58,22.26
14069,10/16/2021 15:08,24.36
14070,10/16/2021 15:18,27.67
14071,10/16/2021 15:28,28.01
14072,10/16/2021 15:38,27.75
14073,10/16/2021 15:48,26.77
14074,10/16/2021 15:58,26.42
14075,10/16/2021 16:08,26.51
14076,10/16/2021 16:18,26.6
14077,10/16/2021 16:28,25.57
14078,10/16/2021 16:38,25.48
14079,10/16/2021 16:48,24.66
14080,10/16/2021 16:58,24.97
14081,10/16/2021 17:08,24.11
14082,10/16/2021 17:18,23.21
14083,10/16/2021 17:28,22.86
14084,10/16/2021 17:38,23.12
14085,10/16/2021 17:48,23.03
14086,10/16/2021 17:58,17.72
14087,10/16/2021 18:08,16.56
14088,10/16/2021 18:18,16
14089,10/16/2021 18:28,16
14090,10/16/2021 18:38,16.08
14091,10/16/2021 18:48,15.83
14092,10/16/2021 18:58,15.61
14093,10/16/2021 19:08,15.4
14094,10/16/2021 19:18,14.88
14095,10/16/2021 19:28,14.84
14096,10/16/2021 19:38,14.84
14097,10/16/2021 19:48,14.88
14098,10/16/2021 19:58,14.93
14099,10/16/2021 20:08,14.97
14100,10/16/2021 20:18,14.97
14101,10/16/2021 20:28,14.93
14102,10/16/2021 20:38,14.93
14103,10/16/2021 20:48,14.88
14104,10/16/2021 20:58,14.88
14105,10/16/2021 21:08,14.88
14106,10/16/2021 21:18,14.84
14107,10/16/2021 21:28,14.88
14108,10/16/2021 21:38,14.84
14109,10/16/2021 21:48,14.84
14110,10/16/2021 21:58,14.75
14111,10/16/2021 22:08,14.84
14112,10/16/2021 22:18,14.75
14113,10/16/2021 22:28,14.75
14114,10/16/2021 22:38,14.71
14115,10/16/2021 22:48,14.63
14116,10/16/2021 22:58,14.58
14117,10/16/2021 23:08,14.54
14118,10/16/2021 23:18,14.58
14119,10/16/2021 23:28,14.71
14120,10/16/2021 23:38,14.93
14121,10/16/2021 23:48,14.97
14122,10/16/2021 23:58,14.84
14123,10/17/2021 0:08,14.75
14124,10/17/2021 0:18,14.58
14125,10/17/2021 0:28,14.41
14126,10/17/2021 0:38,14.41
14127,10/17/2021 0:48,14.24
14128,10/17/2021 0:58,14.03
14129,10/17/2021 1:08,13.9
14130,10/17/2021 1:18,13.6
14131,10/17/2021 1:28,11.37
14132,10/17/2021 1:38,10.38
14133,10/17/2021 1:48,10.38
14134,10/17/2021 1:58,10.38
14135,10/17/2021 2:08,10.29
14136,10/17/2021 2:18,10.16
14137,10/17/2021 2:28,10.04
14138,10/17/2021 2:38,9.48
14139,10/17/2021 2:48,8.75
14140,10/17/2021 2:58,7.42
14141,10/17/2021 3:08,7.03
14142,10/17/2021 3:18,6.69
14143,10/17/2021 3:28,6.13
14144,10/17/2021 3:38,6.56
14145,10/17/2021 3:48,6.73
14146,10/17/2021 3:58,6.39
14147,10/17/2021 4:08,7.55
14148,10/17/2021 4:18,7.16
14149,10/17/2021 4:28,7.46
14150,10/17/2021 4:38,8.62
14151,10/17/2021 4:48,9.65
14152,10/17/2021 4:58,9.78
14153,10/17/2021 5:08,9.95
14154,10/17/2021 5:18,10.64
14155,10/17/2021 5:28,11.62
14156,10/17/2021 5:38,11.62
14157,10/17/2021 5:48,11.84
14158,10/17/2021 5:58,11.79
14159,10/17/2021 6:08,11.79
14160,10/17/2021 6:18,11.84
14161,10/17/2021 6:28,11.79
14162,10/17/2021 6:38,11.71
14163,10/17/2021 6:48,11.84
14164,10/17/2021 6:58,11.92
14165,10/17/2021 7:08,12.01
14166,10/17/2021 7:18,11.88
14167,10/17/2021 7:28,11.79
14168,10/17/2021 7:38,11.45
14169,10/17/2021 7:48,12.65
14170,10/17/2021 7:58,13.47
14171,10/17/2021 8:08,13.73
14172,10/17/2021 8:18,13.81
14173,10/17/2021 8:28,13.77
14174,10/17/2021 8:38,13.81
14175,10/17/2021 8:48,13.9
14176,10/17/2021 8:58,13.9
14177,10/17/2021 9:08,13.94
14178,10/17/2021 9:18,13.94
14179,10/17/2021 9:28,13.94
14180,10/17/2021 9:38,13.94
14181,10/17/2021 9:48,13.98
14182,10/17/2021 9:58,13.9
14183,10/17/2021 10:08,13.85
14184,10/17/2021 10:18,13.94
14185,10/17/2021 10:28,13.9
14186,10/17/2021 10:38,14.03
14187,10/17/2021 10:48,14.03
14188,10/17/2021 10:58,14.15
14189,10/17/2021 11:08,14.2
14190,10/17/2021 11:18,14.24
14191,10/17/2021 11:28,14.37
14192,10/17/2021 11:38,14.41
14193,10/17/2021 11:48,14.5
14194,10/17/2021 11:58,14.63
14195,10/17/2021 12:08,14.67
14196,10/17/2021 12:18,14.71
14197,10/17/2021 12:28,14.88
14198,10/17/2021 12:38,14.88
14199,10/17/2021 12:48,14.97
14200,10/17/2021 12:58,15.01
14201,10/17/2021 13:08,15.1
14202,10/17/2021 13:18,15.23
14203,10/17/2021 13:28,15.27
14204,10/17/2021 13:38,15.83
14205,10/17/2021 13:48,16.04
14206,10/17/2021 13:58,15.91
14207,10/17/2021 14:08,16.08
14208,10/17/2021 14:18,16.64
14209,10/17/2021 14:28,17.07
14210,10/17/2021 14:38,16.94
14211,10/17/2021 14:48,16.56
14212,10/17/2021 14:58,15.48
14213,10/17/2021 15:08,15.06
14214,10/17/2021 15:18,14.75
14215,10/17/2021 15:28,14.33
14216,10/17/2021 15:38,14.03
14217,10/17/2021 15:48,13.98
14218,10/17/2021 15:58,13.64
14219,10/17/2021 16:08,13.34
14220,10/17/2021 16:18,12.05
14221,10/17/2021 16:28,11.97
14222,10/17/2021 16:38,11.79
14223,10/17/2021 16:48,11.84
14224,10/17/2021 16:58,11.92
14225,10/17/2021 17:08,12.01
14226,10/17/2021 17:18,11.92
14227,10/17/2021 17:28,11.62
14228,10/17/2021 17:38,11.32
14229,10/17/2021 17:48,11.07
14230,10/17/2021 17:58,11.07
14231,10/17/2021 18:08,11.67
14232,10/17/2021 18:18,11.67
14233,10/17/2021 18:28,11.75
14234,10/17/2021 18:38,11.41
14235,10/17/2021 18:48,11.19
14236,10/17/2021 18:58,11.37
14237,10/17/2021 19:08,12.4
14238,10/17/2021 19:18,14.11
14239,10/17/2021 19:28,14.5
14240,10/17/2021 19:38,14.5
14241,10/17/2021 19:48,14.54
14242,10/17/2021 19:58,14.58
14243,10/17/2021 20:08,14.5
14244,10/17/2021 20:18,14.37
14245,10/17/2021 20:28,14.37
14246,10/17/2021 20:38,14.28
14247,10/17/2021 20:48,14.37
14248,10/17/2021 20:58,14.33
14249,10/17/2021 21:08,14.33
14250,10/17/2021 21:18,14.28
14251,10/17/2021 21:28,14.24
14252,10/17/2021 21:38,14.24
14253,10/17/2021 21:48,14.24
14254,10/17/2021 21:58,14.2
14255,10/17/2021 22:08,14.2
14256,10/17/2021 22:18,14.11
14257,10/17/2021 22:28,14.07
14258,10/17/2021 22:38,13.98
14259,10/17/2021 22:48,13.98
14260,10/17/2021 22:58,14.03
14261,10/17/2021 23:08,14.07
14262,10/17/2021 23:18,14.03
14263,10/17/2021 23:28,13.98
14264,10/17/2021 23:38,13.94
14265,10/17/2021 23:48,13.9
14266,10/17/2021 23:58,13.85
14267,10/18/2021 0:08,13.85
14268,10/18/2021 0:18,13.77
14269,10/18/2021 0:28,13.64
14270,10/18/2021 0:38,13.6
14271,10/18/2021 0:48,13.55
14272,10/18/2021 0:58,13.43
14273,10/18/2021 1:08,13.43
14274,10/18/2021 1:18,13.3
14275,10/18/2021 1:28,13.3
14276,10/18/2021 1:38,13.21
14277,10/18/2021 1:48,13.12
14278,10/18/2021 1:58,13
14279,10/18/2021 2:08,12.35
14280,10/18/2021 2:18,10.34
14281,10/18/2021 2:28,9.78
14282,10/18/2021 2:38,9.65
14283,10/18/2021 2:48,9.56
14284,10/18/2021 2:58,9.52
14285,10/18/2021 3:08,9.48
14286,10/18/2021 3:18,9.56
14287,10/18/2021 3:28,9.61
14288,10/18/2021 3:38,9.61
14289,10/18/2021 3:48,9.74
14290,10/18/2021 3:58,9.74
14291,10/18/2021 4:08,9.18
14292,10/18/2021 4:18,9.48
14293,10/18/2021 4:28,9.18
14294,10/18/2021 4:38,8.32
14295,10/18/2021 4:48,8.11
14296,10/18/2021 4:58,7.76
14297,10/18/2021 5:08,7.5
14298,10/18/2021 5:18,7.25
14299,10/18/2021 5:28,6.86
14300,10/18/2021 5:38,7.08
14301,10/18/2021 5:48,7.12
14302,10/18/2021 5:58,6.69
14303,10/18/2021 6:08,6.56
14304,10/18/2021 6:18,6.69
14305,10/18/2021 6:28,6.9
14306,10/18/2021 6:38,6.82
14307,10/18/2021 6:48,6.73
14308,10/18/2021 6:58,5.96
14309,10/18/2021 7:08,6.05
14310,10/18/2021 7:18,5.66
14311,10/18/2021 7:28,5.83
14312,10/18/2021 7:38,5.87
14313,10/18/2021 7:48,8.11
14314,10/18/2021 7:58,11.97
14315,10/18/2021 8:08,12.44
14316,10/18/2021 8:18,10.59
14317,10/18/2021 8:28,11.54
14318,10/18/2021 8:38,12.18
14319,10/18/2021 8:48,12.57
14320,10/18/2021 8:58,12.78
14321,10/18/2021 9:08,12.95
14322,10/18/2021 9:18,13.17
14323,10/18/2021 9:28,13.3
14324,10/18/2021 9:38,13.34
14325,10/18/2021 9:48,13.34
14326,10/18/2021 9:58,13.34
14327,10/18/2021 10:08,13.34
14328,10/18/2021 10:18,13.43
14329,10/18/2021 10:28,13.47
14330,10/18/2021 10:38,13.47
14331,10/18/2021 10:48,13.51
14332,10/18/2021 10:58,13.6
14333,10/18/2021 11:08,13.64
14334,10/18/2021 11:18,13.6
14335,10/18/2021 11:28,13.55
14336,10/18/2021 11:38,13.64
14337,10/18/2021 11:48,13.68
14338,10/18/2021 11:58,13.81
14339,10/18/2021 12:08,13.9
14340,10/18/2021 12:18,14.03
14341,10/18/2021 12:28,14.28
14342,10/18/2021 12:38,14.41
14343,10/18/2021 12:48,14.63
14344,10/18/2021 12:58,14.8
14345,10/18/2021 13:08,14.93
14346,10/18/2021 13:18,15.1
14347,10/18/2021 13:28,15.27
14348,10/18/2021 13:38,15.53
14349,10/18/2021 13:48,15.7
14350,10/18/2021 13:58,15.96
14351,10/18/2021 14:08,16.13
14352,10/18/2021 14:18,16.39
14353,10/18/2021 14:28,16.64
14354,10/18/2021 14:38,16.81
14355,10/18/2021 14:48,17.07
14356,10/18/2021 14:58,16.9
14357,10/18/2021 15:08,16.73
14358,10/18/2021 15:18,17.2
14359,10/18/2021 15:28,17.67
14360,10/18/2021 15:38,18.02
14361,10/18/2021 15:48,18.79
14362,10/18/2021 15:58,18.79
14363,10/18/2021 16:08,19.05
14364,10/18/2021 16:18,19.69
14365,10/18/2021 16:28,19.65
14366,10/18/2021 16:38,19.52
14367,10/18/2021 16:48,19.17
14368,10/18/2021 16:58,18.79
