Obs_Numb,Date_Time,WaterTemp_C
3,7/10/2021 22:52,24.24
4,7/10/2021 23:02,23.51
5,7/10/2021 23:12,22.99
6,7/10/2021 23:22,22.56
7,7/10/2021 23:32,22.26
8,7/10/2021 23:42,22.01
9,7/10/2021 23:52,21.79
10,7/11/2021 0:02,21.62
11,7/11/2021 0:12,21.45
12,7/11/2021 0:22,21.4
13,7/11/2021 0:32,21.28
14,7/11/2021 0:42,21.23
15,7/11/2021 0:52,21.15
16,7/11/2021 1:02,21.1
17,7/11/2021 1:12,21.02
18,7/11/2021 1:22,20.98
19,7/11/2021 1:32,20.89
20,7/11/2021 1:42,20.93
21,7/11/2021 1:52,20.85
22,7/11/2021 2:02,20.89
23,7/11/2021 2:12,20.85
24,7/11/2021 2:22,20.8
25,7/11/2021 2:32,20.8
26,7/11/2021 2:42,20.76
27,7/11/2021 2:52,20.72
28,7/11/2021 3:02,20.68
29,7/11/2021 3:12,20.63
30,7/11/2021 3:22,20.63
31,7/11/2021 3:32,20.59
32,7/11/2021 3:42,20.55
33,7/11/2021 3:52,20.59
34,7/11/2021 4:02,20.5
35,7/11/2021 4:12,20.5
36,7/11/2021 4:22,20.46
37,7/11/2021 4:32,20.46
38,7/11/2021 4:42,20.42
39,7/11/2021 4:52,20.37
40,7/11/2021 5:02,20.37
41,7/11/2021 5:12,20.33
42,7/11/2021 5:22,20.33
43,7/11/2021 5:32,20.29
44,7/11/2021 5:42,20.29
45,7/11/2021 5:52,20.29
46,7/11/2021 6:02,20.29
47,7/11/2021 6:12,20.16
48,7/11/2021 6:22,20.2
49,7/11/2021 6:32,20.2
50,7/11/2021 6:42,20.2
51,7/11/2021 6:52,20.16
52,7/11/2021 7:02,20.16
53,7/11/2021 7:12,20.12
54,7/11/2021 7:22,20.07
55,7/11/2021 7:32,20.12
56,7/11/2021 7:42,20.03
57,7/11/2021 7:52,20.03
58,7/11/2021 8:02,20.03
59,7/11/2021 8:12,19.99
60,7/11/2021 8:22,19.99
61,7/11/2021 8:32,19.99
62,7/11/2021 8:42,19.95
63,7/11/2021 8:52,19.9
64,7/11/2021 9:02,19.9
65,7/11/2021 9:12,19.9
66,7/11/2021 9:22,19.95
67,7/11/2021 9:32,19.9
68,7/11/2021 9:42,19.9
69,7/11/2021 9:52,19.95
70,7/11/2021 10:02,19.95
71,7/11/2021 10:12,19.95
72,7/11/2021 10:22,19.9
73,7/11/2021 10:32,19.9
74,7/11/2021 10:42,19.99
75,7/11/2021 10:52,20.33
76,7/11/2021 11:02,20.76
77,7/11/2021 11:12,21.23
78,7/11/2021 11:22,21.83
79,7/11/2021 11:32,22.39
80,7/11/2021 11:42,22.91
81,7/11/2021 11:52,23.46
82,7/11/2021 12:02,24.11
83,7/11/2021 12:12,24.79
84,7/11/2021 12:22,25.44
85,7/11/2021 12:32,26.04
86,7/11/2021 12:42,26.51
87,7/11/2021 12:52,26.81
88,7/11/2021 13:02,27.07
89,7/11/2021 13:12,27.28
90,7/11/2021 13:22,27.58
91,7/11/2021 13:32,27.84
92,7/11/2021 13:42,28.14
93,7/11/2021 13:52,28.4
94,7/11/2021 14:02,28.57
95,7/11/2021 14:12,28.78
96,7/11/2021 14:22,28.87
97,7/11/2021 14:32,28.91
98,7/11/2021 14:42,28.95
99,7/11/2021 14:52,28.91
100,7/11/2021 15:02,28.91
101,7/11/2021 15:12,28.95
102,7/11/2021 15:22,28.95
103,7/11/2021 15:32,29.04
104,7/11/2021 15:42,29.08
105,7/11/2021 15:52,29.26
106,7/11/2021 16:02,29.47
107,7/11/2021 16:12,29.64
108,7/11/2021 16:22,29.94
109,7/11/2021 16:32,30.24
110,7/11/2021 16:42,30.54
111,7/11/2021 16:52,30.71
112,7/11/2021 17:02,30.89
113,7/11/2021 17:12,30.89
114,7/11/2021 17:22,30.84
115,7/11/2021 17:32,30.76
116,7/11/2021 17:42,30.59
117,7/11/2021 17:52,30.37
118,7/11/2021 18:02,30.07
119,7/11/2021 18:12,29.81
120,7/11/2021 18:22,29.38
121,7/11/2021 18:32,28.83
122,7/11/2021 18:42,28.35
123,7/11/2021 18:52,27.84
124,7/11/2021 19:02,27.24
125,7/11/2021 19:12,26.68
126,7/11/2021 19:22,25.99
127,7/11/2021 19:32,25.35
128,7/11/2021 19:42,24.71
129,7/11/2021 19:52,23.98
130,7/11/2021 20:02,23.25
131,7/11/2021 20:12,22.52
132,7/11/2021 20:22,21.79
133,7/11/2021 20:32,21.1
134,7/11/2021 20:42,20.42
135,7/11/2021 20:52,19.82
136,7/11/2021 21:02,19.22
137,7/11/2021 21:12,18.62
138,7/11/2021 21:22,18.1
139,7/11/2021 21:32,17.67
140,7/11/2021 21:42,17.24
141,7/11/2021 21:52,16.81
142,7/11/2021 22:02,16.43
143,7/11/2021 22:12,16.13
144,7/11/2021 22:22,15.87
145,7/11/2021 22:32,15.74
146,7/11/2021 22:42,15.48
147,7/11/2021 22:52,15.27
148,7/11/2021 23:02,15.06
149,7/11/2021 23:12,14.84
150,7/11/2021 23:22,14.63
151,7/11/2021 23:32,14.41
152,7/11/2021 23:42,14.2
153,7/11/2021 23:52,14.03
154,7/12/2021 0:02,13.9
155,7/12/2021 0:12,13.73
156,7/12/2021 0:22,13.6
157,7/12/2021 0:32,13.47
158,7/12/2021 0:42,13.43
159,7/12/2021 0:52,13.25
160,7/12/2021 1:02,13.17
161,7/12/2021 1:12,13.08
162,7/12/2021 1:22,13
163,7/12/2021 1:32,12.95
164,7/12/2021 1:42,12.87
165,7/12/2021 1:52,12.78
166,7/12/2021 2:02,12.74
167,7/12/2021 2:12,12.65
168,7/12/2021 2:22,12.65
169,7/12/2021 2:32,12.57
170,7/12/2021 2:42,12.48
171,7/12/2021 2:52,12.44
172,7/12/2021 3:02,12.4
173,7/12/2021 3:12,12.4
174,7/12/2021 3:22,12.31
175,7/12/2021 3:32,12.27
176,7/12/2021 3:42,12.22
177,7/12/2021 3:52,12.18
178,7/12/2021 4:02,12.14
179,7/12/2021 4:12,12.14
180,7/12/2021 4:22,12.1
181,7/12/2021 4:32,12.1
182,7/12/2021 4:42,12.05
183,7/12/2021 4:52,14.11
184,7/12/2021 5:02,13.98
185,7/12/2021 5:12,13.81
186,7/12/2021 5:22,13.68
187,7/12/2021 5:32,13.6
188,7/12/2021 5:42,13.64
189,7/12/2021 5:52,13.81
190,7/12/2021 6:02,13.9
191,7/12/2021 6:12,13.94
192,7/12/2021 6:22,14.03
193,7/12/2021 6:32,14.11
194,7/12/2021 6:42,14.24
195,7/12/2021 6:52,14.37
196,7/12/2021 7:02,14.37
197,7/12/2021 7:12,14.41
198,7/12/2021 7:22,14.33
199,7/12/2021 7:32,18.74
200,7/12/2021 7:36,
201,7/12/2021 7:36,
202,7/12/2021 7:36,
203,7/12/2021 7:36,
204,7/12/2021 7:36,
205,7/12/2021 7:36,
206,7/12/2021 7:36,
207,7/12/2021 7:36,
208,7/12/2021 7:36,
209,7/12/2021 7:36,
210,7/12/2021 7:36,
211,7/12/2021 7:42,16.04
212,7/12/2021 7:52,13
213,7/12/2021 8:02,12.74
214,7/12/2021 8:12,13.12
215,7/12/2021 8:22,13.38
216,7/12/2021 8:32,13.38
217,7/12/2021 8:42,13.64
218,7/12/2021 8:52,14.45
219,7/12/2021 9:02,14.88
220,7/12/2021 9:12,15.27
221,7/12/2021 9:22,16.17
222,7/12/2021 9:32,15.7
223,7/12/2021 9:42,16.21
224,7/12/2021 9:52,16.21
225,7/12/2021 10:02,16.56
226,7/12/2021 10:12,16.51
227,7/12/2021 10:22,16.81
228,7/12/2021 10:32,17.46
229,7/12/2021 10:42,18.23
230,7/12/2021 10:52,19.95
231,7/12/2021 11:02,20.2
232,7/12/2021 11:12,21.4
233,7/12/2021 11:22,20.85
234,7/12/2021 11:32,20.46
235,7/12/2021 11:42,20.98
236,7/12/2021 11:52,22.26
237,7/12/2021 12:02,22.56
238,7/12/2021 12:12,21.83
239,7/12/2021 12:22,20.8
240,7/12/2021 12:32,19.39
241,7/12/2021 12:42,17.84
242,7/12/2021 12:52,17.41
243,7/12/2021 13:02,17.37
244,7/12/2021 13:12,17.59
245,7/12/2021 13:22,17.54
246,7/12/2021 13:32,17.59
247,7/12/2021 13:42,17.63
248,7/12/2021 13:52,17.59
249,7/12/2021 14:02,17.41
250,7/12/2021 14:12,17.37
251,7/12/2021 14:22,17.41
252,7/12/2021 14:32,17.89
253,7/12/2021 14:42,17.84
254,7/12/2021 14:52,17.93
255,7/12/2021 15:02,17.8
256,7/12/2021 15:12,18.02
257,7/12/2021 15:22,18.23
258,7/12/2021 15:32,17.93
259,7/12/2021 15:42,17.89
260,7/12/2021 15:52,18.23
261,7/12/2021 16:02,17.89
262,7/12/2021 16:12,17.46
263,7/12/2021 16:22,17.24
264,7/12/2021 16:32,17.2
265,7/12/2021 16:42,17.2
266,7/12/2021 16:52,17.72
267,7/12/2021 17:02,18.53
268,7/12/2021 17:12,18.79
269,7/12/2021 17:22,18.83
270,7/12/2021 17:32,18.23
271,7/12/2021 17:42,18.02
272,7/12/2021 17:52,17.72
273,7/12/2021 18:02,17.63
274,7/12/2021 18:12,17.72
275,7/12/2021 18:22,17.8
276,7/12/2021 18:32,17.89
277,7/12/2021 18:42,18.27
278,7/12/2021 18:52,18.79
279,7/12/2021 19:02,18.7
280,7/12/2021 19:12,18.4
281,7/12/2021 19:22,18.27
282,7/12/2021 19:32,18.02
283,7/12/2021 19:42,17.84
284,7/12/2021 19:52,17.72
285,7/12/2021 20:02,17.54
286,7/12/2021 20:12,17.59
287,7/12/2021 20:22,17.54
288,7/12/2021 20:32,17.2
289,7/12/2021 20:42,17.24
290,7/12/2021 20:52,17.07
291,7/12/2021 21:02,16.86
292,7/12/2021 21:12,16.9
293,7/12/2021 21:22,16.86
294,7/12/2021 21:32,16.81
295,7/12/2021 21:42,16.81
296,7/12/2021 21:52,16.73
297,7/12/2021 22:02,16.69
298,7/12/2021 22:12,16.69
299,7/12/2021 22:22,16.64
300,7/12/2021 22:32,16.64
301,7/12/2021 22:42,16.39
302,7/12/2021 22:52,16
303,7/12/2021 23:02,15.78
304,7/12/2021 23:12,15.74
305,7/12/2021 23:22,15.7
306,7/12/2021 23:32,15.78
307,7/12/2021 23:42,15.91
308,7/12/2021 23:52,16.04
309,7/13/2021 0:02,15.36
310,7/13/2021 0:12,15.27
311,7/13/2021 0:22,15.06
312,7/13/2021 0:32,14.97
313,7/13/2021 0:42,14.97
314,7/13/2021 0:52,14.93
315,7/13/2021 1:02,14.88
316,7/13/2021 1:12,14.93
317,7/13/2021 1:22,14.97
318,7/13/2021 1:32,14.97
319,7/13/2021 1:42,14.88
320,7/13/2021 1:52,14.8
321,7/13/2021 2:02,14.8
322,7/13/2021 2:12,14.93
323,7/13/2021 2:22,15.06
324,7/13/2021 2:32,15.14
325,7/13/2021 2:42,15.31
326,7/13/2021 2:52,15.61
327,7/13/2021 3:02,15.78
328,7/13/2021 3:12,16.13
329,7/13/2021 3:22,16.3
330,7/13/2021 3:32,16.43
331,7/13/2021 3:42,16.51
332,7/13/2021 3:52,16.6
333,7/13/2021 4:02,16.69
334,7/13/2021 4:12,16.86
335,7/13/2021 4:22,16.99
336,7/13/2021 4:32,17.16
337,7/13/2021 4:42,17.33
338,7/13/2021 4:52,17.41
339,7/13/2021 5:02,17.5
340,7/13/2021 5:12,17.63
341,7/13/2021 5:22,17.72
342,7/13/2021 5:32,17.67
343,7/13/2021 5:42,17.11
344,7/13/2021 5:52,15.87
345,7/13/2021 6:02,15.44
346,7/13/2021 6:12,15.57
347,7/13/2021 6:22,15.57
348,7/13/2021 6:32,15.31
349,7/13/2021 6:42,14.84
350,7/13/2021 6:52,14.84
351,7/13/2021 7:02,14.88
352,7/13/2021 7:12,14.84
353,7/13/2021 7:22,14.63
354,7/13/2021 7:32,13.12
355,7/13/2021 7:42,12.65
356,7/13/2021 7:52,12.65
357,7/13/2021 8:02,12.91
358,7/13/2021 8:12,13.25
359,7/13/2021 8:22,13.51
360,7/13/2021 8:32,13.47
361,7/13/2021 8:42,13.6
362,7/13/2021 8:52,13.85
363,7/13/2021 9:02,14.41
364,7/13/2021 9:12,15.01
365,7/13/2021 9:22,15.31
366,7/13/2021 9:32,15.96
367,7/13/2021 9:42,16.21
368,7/13/2021 9:52,17.16
369,7/13/2021 10:02,17.63
370,7/13/2021 10:12,18.66
371,7/13/2021 10:22,19.65
372,7/13/2021 10:32,19.52
373,7/13/2021 10:42,21.45
374,7/13/2021 10:52,19.47
375,7/13/2021 11:02,18.92
376,7/13/2021 11:12,19.17
377,7/13/2021 11:22,19.3
378,7/13/2021 11:32,19.56
379,7/13/2021 11:42,19.86
380,7/13/2021 11:52,21.19
381,7/13/2021 12:02,21.83
382,7/13/2021 12:12,21.96
383,7/13/2021 12:22,22.22
384,7/13/2021 12:32,21.58
385,7/13/2021 12:42,19.86
386,7/13/2021 12:52,20.89
387,7/13/2021 13:02,19.22
388,7/13/2021 13:12,18.36
389,7/13/2021 13:22,17.97
390,7/13/2021 13:32,17.97
391,7/13/2021 13:42,18.02
392,7/13/2021 13:52,17.97
393,7/13/2021 14:02,18.06
394,7/13/2021 14:12,18.06
395,7/13/2021 14:22,17.8
396,7/13/2021 14:32,17.5
397,7/13/2021 14:42,17.59
398,7/13/2021 14:52,17.97
399,7/13/2021 15:02,18.44
400,7/13/2021 15:12,18.53
401,7/13/2021 15:22,18.4
402,7/13/2021 15:32,18.23
403,7/13/2021 15:42,18.14
404,7/13/2021 15:52,18.14
405,7/13/2021 16:02,18.06
406,7/13/2021 16:12,18.06
407,7/13/2021 16:22,18.14
408,7/13/2021 16:32,18.4
409,7/13/2021 16:42,18.53
410,7/13/2021 16:52,18.49
411,7/13/2021 17:02,18.27
412,7/13/2021 17:12,18.32
413,7/13/2021 17:22,18.1
414,7/13/2021 17:32,17.93
415,7/13/2021 17:42,17.89
416,7/13/2021 17:52,17.89
417,7/13/2021 18:02,18.27
418,7/13/2021 18:12,18.62
419,7/13/2021 18:22,18.87
420,7/13/2021 18:32,19.26
421,7/13/2021 18:42,19.47
422,7/13/2021 18:52,19.52
423,7/13/2021 19:02,19.35
424,7/13/2021 19:12,19.05
425,7/13/2021 19:22,19.26
426,7/13/2021 19:32,19.43
427,7/13/2021 19:42,19.3
428,7/13/2021 19:52,19.47
429,7/13/2021 20:02,19.65
430,7/13/2021 20:12,19.77
431,7/13/2021 20:22,19.86
432,7/13/2021 20:32,19.9
433,7/13/2021 20:42,19.99
434,7/13/2021 20:52,20.12
435,7/13/2021 21:02,20.07
436,7/13/2021 21:12,19.86
437,7/13/2021 21:22,19.43
438,7/13/2021 21:32,19.3
439,7/13/2021 21:42,18.74
440,7/13/2021 21:52,18.44
441,7/13/2021 22:02,18.4
442,7/13/2021 22:12,18.32
443,7/13/2021 22:22,18.32
444,7/13/2021 22:32,18.49
445,7/13/2021 22:42,18.23
446,7/13/2021 22:52,17.93
447,7/13/2021 23:02,17.84
448,7/13/2021 23:12,17.72
449,7/13/2021 23:22,17.67
450,7/13/2021 23:32,17.63
451,7/13/2021 23:42,17.54
452,7/13/2021 23:52,17.5
453,7/14/2021 0:02,17.24
454,7/14/2021 0:12,17.11
455,7/14/2021 0:22,16.77
456,7/14/2021 0:32,16.86
457,7/14/2021 0:42,16.9
458,7/14/2021 0:52,16.94
459,7/14/2021 1:02,16.99
460,7/14/2021 1:12,16.94
461,7/14/2021 1:22,16.86
462,7/14/2021 1:32,16.86
463,7/14/2021 1:42,16.73
464,7/14/2021 1:52,16.64
465,7/14/2021 2:02,16.64
466,7/14/2021 2:12,16.34
467,7/14/2021 2:22,16.13
468,7/14/2021 2:32,16.08
469,7/14/2021 2:42,15.96
470,7/14/2021 2:52,16
471,7/14/2021 3:02,16.39
472,7/14/2021 3:12,16.73
473,7/14/2021 3:22,16.94
474,7/14/2021 3:32,16.94
475,7/14/2021 3:42,17.16
476,7/14/2021 3:52,17.24
477,7/14/2021 4:02,17.29
478,7/14/2021 4:12,17.2
479,7/14/2021 4:22,17.11
480,7/14/2021 4:32,17.11
481,7/14/2021 4:42,17.11
482,7/14/2021 4:52,17.16
483,7/14/2021 5:02,17.16
484,7/14/2021 5:12,17.2
485,7/14/2021 5:22,17.24
486,7/14/2021 5:32,17.29
487,7/14/2021 5:42,17.41
488,7/14/2021 5:52,17.5
489,7/14/2021 6:02,17.63
490,7/14/2021 6:12,17.59
491,7/14/2021 6:22,17.37
492,7/14/2021 6:32,17.07
493,7/14/2021 6:42,16.94
494,7/14/2021 6:52,16.9
495,7/14/2021 7:02,16.73
496,7/14/2021 7:12,16.3
497,7/14/2021 7:22,15.61
498,7/14/2021 7:32,15.53
499,7/14/2021 7:42,15.57
500,7/14/2021 7:52,15.7
501,7/14/2021 8:02,15.53
502,7/14/2021 8:12,13.94
503,7/14/2021 8:22,13.34
504,7/14/2021 8:32,13.43
505,7/14/2021 8:42,13.47
506,7/14/2021 8:52,13.55
507,7/14/2021 9:02,13.64
508,7/14/2021 9:12,13.9
509,7/14/2021 9:22,13.98
510,7/14/2021 9:32,14.5
511,7/14/2021 9:42,14.93
512,7/14/2021 9:52,15.31
513,7/14/2021 10:02,15.48
514,7/14/2021 10:12,15.53
515,7/14/2021 10:22,15.4
516,7/14/2021 10:32,15.4
517,7/14/2021 10:42,15.53
518,7/14/2021 10:52,15.87
519,7/14/2021 11:02,16.08
520,7/14/2021 11:12,16.69
521,7/14/2021 11:22,18.14
522,7/14/2021 11:32,19.13
523,7/14/2021 11:42,19.43
524,7/14/2021 11:52,19.69
525,7/14/2021 12:02,20.29
526,7/14/2021 12:12,19.99
527,7/14/2021 12:22,21.32
528,7/14/2021 12:32,21.62
529,7/14/2021 12:42,22.65
530,7/14/2021 12:52,22.78
531,7/14/2021 13:02,21.53
532,7/14/2021 13:12,23.55
533,7/14/2021 13:22,21.32
534,7/14/2021 13:32,20.33
535,7/14/2021 13:42,19.9
536,7/14/2021 13:52,19.6
537,7/14/2021 14:02,19.56
538,7/14/2021 14:12,19.43
539,7/14/2021 14:22,19.22
540,7/14/2021 14:32,18.92
541,7/14/2021 14:42,18.53
542,7/14/2021 14:52,18.44
543,7/14/2021 15:02,18.74
544,7/14/2021 15:12,19
545,7/14/2021 15:22,19.39
546,7/14/2021 15:32,19.56
547,7/14/2021 15:42,19.43
548,7/14/2021 15:52,19.39
549,7/14/2021 16:02,19.65
550,7/14/2021 16:12,19.6
551,7/14/2021 16:22,19
552,7/14/2021 16:32,19
553,7/14/2021 16:42,19.17
554,7/14/2021 16:52,19.43
555,7/14/2021 17:02,19.69
556,7/14/2021 17:12,19.82
557,7/14/2021 17:22,20.03
558,7/14/2021 17:32,20.2
559,7/14/2021 17:42,20.33
560,7/14/2021 17:52,20.12
561,7/14/2021 18:02,20.12
562,7/14/2021 18:12,20.07
563,7/14/2021 18:22,19.9
564,7/14/2021 18:32,19.95
565,7/14/2021 18:42,20.07
566,7/14/2021 18:52,20.12
567,7/14/2021 19:02,20.12
568,7/14/2021 19:12,20.16
569,7/14/2021 19:22,20.07
570,7/14/2021 19:32,19.99
571,7/14/2021 19:42,20.16
572,7/14/2021 19:52,20.2
573,7/14/2021 20:02,20.85
574,7/14/2021 20:12,20.89
575,7/14/2021 20:22,20.93
576,7/14/2021 20:32,20.93
577,7/14/2021 20:42,20.89
578,7/14/2021 20:52,20.8
579,7/14/2021 21:02,20.68
580,7/14/2021 21:12,20.5
581,7/14/2021 21:22,20.46
582,7/14/2021 21:32,20.42
583,7/14/2021 21:42,20.46
584,7/14/2021 21:52,20.25
585,7/14/2021 22:02,20.07
586,7/14/2021 22:12,19.82
587,7/14/2021 22:22,19.56
588,7/14/2021 22:32,19.43
589,7/14/2021 22:42,19.47
590,7/14/2021 22:52,19.39
591,7/14/2021 23:02,19.43
592,7/14/2021 23:12,19.39
593,7/14/2021 23:22,19.35
594,7/14/2021 23:32,19.26
595,7/14/2021 23:42,19.22
596,7/14/2021 23:52,19.17
597,7/15/2021 0:02,19.17
598,7/15/2021 0:12,19.05
599,7/15/2021 0:22,19.05
600,7/15/2021 0:32,19
601,7/15/2021 0:42,18.92
602,7/15/2021 0:52,18.83
603,7/15/2021 1:02,18.79
604,7/15/2021 1:12,18.7
605,7/15/2021 1:22,18.02
606,7/15/2021 1:32,17.76
607,7/15/2021 1:42,17.89
608,7/15/2021 1:52,17.63
609,7/15/2021 2:02,17.72
610,7/15/2021 2:12,17.63
611,7/15/2021 2:22,17.63
612,7/15/2021 2:32,17.54
613,7/15/2021 2:42,17.5
614,7/15/2021 2:52,17.46
615,7/15/2021 3:02,17.11
616,7/15/2021 3:12,16.86
617,7/15/2021 3:22,16.43
618,7/15/2021 3:32,16.39
619,7/15/2021 3:42,16.73
620,7/15/2021 3:52,16.94
621,7/15/2021 4:02,17.41
622,7/15/2021 4:12,17.72
623,7/15/2021 4:22,17.84
624,7/15/2021 4:32,17.93
625,7/15/2021 4:42,17.97
626,7/15/2021 4:52,18.06
627,7/15/2021 5:02,18.19
628,7/15/2021 5:12,18.23
629,7/15/2021 5:22,18.14
630,7/15/2021 5:32,18.06
631,7/15/2021 5:42,18.06
632,7/15/2021 5:52,18.1
633,7/15/2021 6:02,18.06
634,7/15/2021 6:12,17.97
635,7/15/2021 6:22,17.97
636,7/15/2021 6:32,18.14
637,7/15/2021 6:42,18.19
638,7/15/2021 6:52,18.14
639,7/15/2021 7:02,18.14
640,7/15/2021 7:12,17.84
641,7/15/2021 7:22,18.02
642,7/15/2021 7:32,17.93
643,7/15/2021 7:42,17.41
644,7/15/2021 7:52,16.9
645,7/15/2021 8:02,16.56
646,7/15/2021 8:12,16.51
647,7/15/2021 8:22,16.6
648,7/15/2021 8:32,16.86
649,7/15/2021 8:42,16.99
650,7/15/2021 8:52,16.08
651,7/15/2021 9:02,15.18
652,7/15/2021 9:12,14.93
653,7/15/2021 9:22,16
654,7/15/2021 9:32,15.4
655,7/15/2021 9:42,15.83
656,7/15/2021 9:52,15.48
657,7/15/2021 10:02,15.66
658,7/15/2021 10:12,15.74
659,7/15/2021 10:22,15.66
660,7/15/2021 10:32,15.57
661,7/15/2021 10:42,15.61
662,7/15/2021 10:52,16.04
663,7/15/2021 11:02,16.13
664,7/15/2021 11:12,15.96
665,7/15/2021 11:22,16.04
666,7/15/2021 11:32,16.17
667,7/15/2021 11:42,16.34
668,7/15/2021 11:52,16.56
669,7/15/2021 12:02,16.51
670,7/15/2021 12:12,16.73
671,7/15/2021 12:22,16.81
672,7/15/2021 12:32,16.86
673,7/15/2021 12:42,17.07
674,7/15/2021 12:52,17.11
675,7/15/2021 13:02,17.07
676,7/15/2021 13:12,17.54
677,7/15/2021 13:22,17.63
678,7/15/2021 13:32,21.92
679,7/15/2021 13:42,21.19
680,7/15/2021 13:52,20.16
681,7/15/2021 14:02,19.69
682,7/15/2021 14:12,19.35
683,7/15/2021 14:22,19.05
684,7/15/2021 14:32,19.09
685,7/15/2021 14:42,19.17
686,7/15/2021 14:52,19.17
687,7/15/2021 15:02,19.13
688,7/15/2021 15:12,19.05
689,7/15/2021 15:22,19
690,7/15/2021 15:32,18.92
691,7/15/2021 15:42,18.74
692,7/15/2021 15:52,18.66
693,7/15/2021 16:02,18.53
694,7/15/2021 16:12,18.53
695,7/15/2021 16:22,18.36
696,7/15/2021 16:32,18.74
697,7/15/2021 16:42,18.44
698,7/15/2021 16:52,18.14
699,7/15/2021 17:02,18.53
700,7/15/2021 17:12,18.83
701,7/15/2021 17:22,19.26
702,7/15/2021 17:32,19.65
703,7/15/2021 17:42,19.56
704,7/15/2021 17:52,19
705,7/15/2021 18:02,18.44
706,7/15/2021 18:12,17.76
707,7/15/2021 18:22,17.5
708,7/15/2021 18:32,17.97
709,7/15/2021 18:42,19.13
710,7/15/2021 18:52,19.6
711,7/15/2021 19:02,19.09
712,7/15/2021 19:12,18.44
713,7/15/2021 19:22,17.89
714,7/15/2021 19:32,17.89
715,7/15/2021 19:42,18.49
716,7/15/2021 19:52,18.96
717,7/15/2021 20:02,18.96
718,7/15/2021 20:12,19.39
719,7/15/2021 20:22,19.65
720,7/15/2021 20:32,19.69
721,7/15/2021 20:42,19.47
722,7/15/2021 20:52,19.05
723,7/15/2021 21:02,18.53
724,7/15/2021 21:12,18.23
725,7/15/2021 21:22,18.06
726,7/15/2021 21:32,17.97
727,7/15/2021 21:42,17.84
728,7/15/2021 21:52,17.93
729,7/15/2021 22:02,17.97
730,7/15/2021 22:12,18.1
731,7/15/2021 22:22,18.44
732,7/15/2021 22:32,18.32
733,7/15/2021 22:42,17.89
734,7/15/2021 22:52,17.5
735,7/15/2021 23:02,17.37
736,7/15/2021 23:12,17.24
737,7/15/2021 23:22,17.5
738,7/15/2021 23:32,17.5
739,7/15/2021 23:42,17.72
740,7/15/2021 23:52,17.54
741,7/16/2021 0:02,17.37
742,7/16/2021 0:12,17.2
743,7/16/2021 0:22,17.07
744,7/16/2021 0:32,17.11
745,7/16/2021 0:42,17.03
746,7/16/2021 0:52,16.9
747,7/16/2021 1:02,16.77
748,7/16/2021 1:12,16.69
749,7/16/2021 1:22,16.73
750,7/16/2021 1:32,16.73
751,7/16/2021 1:42,16.77
752,7/16/2021 1:52,16.94
753,7/16/2021 2:02,17.11
754,7/16/2021 2:12,17.24
755,7/16/2021 2:22,17.37
756,7/16/2021 2:32,17.5
757,7/16/2021 2:42,17.33
758,7/16/2021 2:52,17.11
759,7/16/2021 3:02,17.03
760,7/16/2021 3:12,17.03
761,7/16/2021 3:22,17.11
762,7/16/2021 3:32,17.16
763,7/16/2021 3:42,17.07
764,7/16/2021 3:52,17.2
765,7/16/2021 4:02,17.33
766,7/16/2021 4:12,17.46
767,7/16/2021 4:22,17.33
768,7/16/2021 4:32,17.16
769,7/16/2021 4:42,17.03
770,7/16/2021 4:52,17.11
771,7/16/2021 5:02,17.63
772,7/16/2021 5:12,17.72
773,7/16/2021 5:22,17.59
774,7/16/2021 5:32,17.41
775,7/16/2021 5:42,17.41
776,7/16/2021 5:52,17.5
777,7/16/2021 6:02,17.63
778,7/16/2021 6:12,17.67
779,7/16/2021 6:22,17.8
780,7/16/2021 6:32,17.8
781,7/16/2021 6:42,17.8
782,7/16/2021 6:52,17.89
783,7/16/2021 7:02,17.89
784,7/16/2021 7:12,17.89
785,7/16/2021 7:22,17.89
786,7/16/2021 7:32,17.8
787,7/16/2021 7:42,17.67
788,7/16/2021 7:52,17.54
789,7/16/2021 8:02,17.54
790,7/16/2021 8:12,17.33
791,7/16/2021 8:22,17.11
792,7/16/2021 8:32,16.64
793,7/16/2021 8:42,16.17
794,7/16/2021 8:52,16.08
795,7/16/2021 9:02,16.13
796,7/16/2021 9:12,16.26
797,7/16/2021 9:22,16.39
798,7/16/2021 9:32,16.6
799,7/16/2021 9:42,15.57
800,7/16/2021 9:52,14.45
801,7/16/2021 10:02,14.88
802,7/16/2021 10:12,15.36
803,7/16/2021 10:22,15.48
804,7/16/2021 10:32,15.53
805,7/16/2021 10:42,15.66
806,7/16/2021 10:52,15.87
807,7/16/2021 11:02,16.21
808,7/16/2021 11:12,16.56
809,7/16/2021 11:22,16.86
810,7/16/2021 11:32,18.06
811,7/16/2021 11:42,19
812,7/16/2021 11:52,19.56
813,7/16/2021 12:02,19.52
814,7/16/2021 12:12,19.56
815,7/16/2021 12:22,19.99
816,7/16/2021 12:32,19.95
817,7/16/2021 12:42,19.65
818,7/16/2021 12:52,19.82
819,7/16/2021 13:02,19.73
820,7/16/2021 13:12,19.99
821,7/16/2021 13:22,19.82
822,7/16/2021 13:32,22.35
823,7/16/2021 13:42,25.57
824,7/16/2021 13:52,23.46
825,7/16/2021 14:02,21.88
826,7/16/2021 14:12,20.98
827,7/16/2021 14:22,20.63
828,7/16/2021 14:32,20.37
829,7/16/2021 14:42,20.29
830,7/16/2021 14:52,20.2
831,7/16/2021 15:02,20.25
832,7/16/2021 15:12,20.25
833,7/16/2021 15:22,20.2
834,7/16/2021 15:32,20.12
835,7/16/2021 15:42,19.95
836,7/16/2021 15:52,20.16
837,7/16/2021 16:02,20.2
838,7/16/2021 16:12,18.7
839,7/16/2021 16:22,19
840,7/16/2021 16:32,19.47
841,7/16/2021 16:42,19.3
842,7/16/2021 16:52,19
843,7/16/2021 17:02,19.09
844,7/16/2021 17:12,19.17
845,7/16/2021 17:22,19.56
846,7/16/2021 17:32,19.47
847,7/16/2021 17:42,18.7
848,7/16/2021 17:52,18.44
849,7/16/2021 18:02,18.32
850,7/16/2021 18:12,18.32
851,7/16/2021 18:22,18.36
852,7/16/2021 18:32,18.74
853,7/16/2021 18:42,19.09
854,7/16/2021 18:52,19.09
855,7/16/2021 19:02,19.22
856,7/16/2021 19:12,19.35
857,7/16/2021 19:22,19.43
858,7/16/2021 19:32,19.35
859,7/16/2021 19:42,19.47
860,7/16/2021 19:52,19.6
861,7/16/2021 20:02,19.56
862,7/16/2021 20:12,19.6
863,7/16/2021 20:22,19.69
864,7/16/2021 20:32,19.77
865,7/16/2021 20:42,19.9
866,7/16/2021 20:52,19.77
867,7/16/2021 21:02,19.77
868,7/16/2021 21:12,19.9
869,7/16/2021 21:22,19.99
870,7/16/2021 21:32,20.25
871,7/16/2021 21:42,20.2
872,7/16/2021 21:52,21.06
873,7/16/2021 22:02,21.58
874,7/16/2021 22:12,21.49
875,7/16/2021 22:22,21.23
876,7/16/2021 22:32,20.98
877,7/16/2021 22:42,20.93
878,7/16/2021 22:52,21.02
879,7/16/2021 23:02,20.89
880,7/16/2021 23:12,21.02
881,7/16/2021 23:22,21.1
882,7/16/2021 23:32,20.89
883,7/16/2021 23:42,20.68
884,7/16/2021 23:52,20.5
885,7/17/2021 0:02,20.29
886,7/17/2021 0:12,20.12
887,7/17/2021 0:22,19.9
888,7/17/2021 0:32,19.73
889,7/17/2021 0:42,19.47
890,7/17/2021 0:52,19.13
891,7/17/2021 1:02,19.05
892,7/17/2021 1:12,18.96
893,7/17/2021 1:22,18.92
894,7/17/2021 1:32,18.79
895,7/17/2021 1:42,18.74
896,7/17/2021 1:52,18.74
897,7/17/2021 2:02,18.7
898,7/17/2021 2:12,18.66
899,7/17/2021 2:22,18.66
900,7/17/2021 2:32,18.62
901,7/17/2021 2:42,18.53
902,7/17/2021 2:52,18.4
903,7/17/2021 3:02,18.4
904,7/17/2021 3:12,18.32
905,7/17/2021 3:22,18.32
906,7/17/2021 3:32,18.27
907,7/17/2021 3:42,18.19
908,7/17/2021 3:52,18.14
909,7/17/2021 4:02,18.19
910,7/17/2021 4:12,18.14
911,7/17/2021 4:22,18.02
912,7/17/2021 4:32,18.02
913,7/17/2021 4:42,17.93
914,7/17/2021 4:52,17.89
915,7/17/2021 5:02,17.54
916,7/17/2021 5:12,17.46
917,7/17/2021 5:22,17.33
918,7/17/2021 5:32,17.2
919,7/17/2021 5:42,17.24
920,7/17/2021 5:52,17.16
921,7/17/2021 6:02,17.16
922,7/17/2021 6:12,17.07
923,7/17/2021 6:22,17.03
924,7/17/2021 6:32,17.07
925,7/17/2021 6:42,17.03
926,7/17/2021 6:52,17.11
927,7/17/2021 7:02,17.29
928,7/17/2021 7:12,17.46
929,7/17/2021 7:22,17.37
930,7/17/2021 7:32,17.54
931,7/17/2021 7:42,17.63
932,7/17/2021 7:52,17.67
933,7/17/2021 8:02,17.84
934,7/17/2021 8:12,17.89
935,7/17/2021 8:22,17.89
936,7/17/2021 8:32,17.97
937,7/17/2021 8:42,18.1
938,7/17/2021 8:52,18.06
939,7/17/2021 9:02,17.97
940,7/17/2021 9:12,18.02
941,7/17/2021 9:22,18.02
942,7/17/2021 9:32,18.23
943,7/17/2021 9:42,18.36
944,7/17/2021 9:52,18.4
945,7/17/2021 10:02,19.35
946,7/17/2021 10:12,19.86
947,7/17/2021 10:22,20.59
948,7/17/2021 10:32,21.06
949,7/17/2021 10:42,23.34
950,7/17/2021 10:52,24.15
951,7/17/2021 11:02,24.06
952,7/17/2021 11:12,24.58
953,7/17/2021 11:22,24.58
954,7/17/2021 11:32,24.79
955,7/17/2021 11:42,24.75
956,7/17/2021 11:52,24.58
957,7/17/2021 12:02,24.58
958,7/17/2021 12:12,24.28
959,7/17/2021 12:22,24.49
960,7/17/2021 12:32,24.75
961,7/17/2021 12:42,24.58
962,7/17/2021 12:52,24.32
963,7/17/2021 13:02,23.94
964,7/17/2021 13:12,23.55
965,7/17/2021 13:22,22.73
966,7/17/2021 13:32,26.38
967,7/17/2021 13:42,27.02
968,7/17/2021 13:52,25.95
969,7/17/2021 14:02,24.97
970,7/17/2021 14:12,24.15
971,7/17/2021 14:22,23.46
972,7/17/2021 14:32,22.73
973,7/17/2021 14:42,22.31
974,7/17/2021 14:52,22.05
975,7/17/2021 15:02,21.83
976,7/17/2021 15:12,21.62
977,7/17/2021 15:22,21.62
978,7/17/2021 15:32,20.93
979,7/17/2021 15:42,20.76
980,7/17/2021 15:52,20.76
981,7/17/2021 16:02,21.19
982,7/17/2021 16:12,21.28
983,7/17/2021 16:22,20.07
984,7/17/2021 16:32,19.82
985,7/17/2021 16:42,20.2
986,7/17/2021 16:52,20.46
987,7/17/2021 17:02,19.99
988,7/17/2021 17:12,20.46
989,7/17/2021 17:22,21.15
990,7/17/2021 17:32,20.07
991,7/17/2021 17:42,19.22
992,7/17/2021 17:52,18.7
993,7/17/2021 18:02,18.36
994,7/17/2021 18:12,18.06
995,7/17/2021 18:22,18.02
996,7/17/2021 18:32,18.06
997,7/17/2021 18:42,18.02
998,7/17/2021 18:52,17.97
999,7/17/2021 19:02,18.06
1000,7/17/2021 19:12,18.44
1001,7/17/2021 19:22,18.74
1002,7/17/2021 19:32,18.7
1003,7/17/2021 19:42,18.96
1004,7/17/2021 19:52,19.22
1005,7/17/2021 20:02,19.69
1006,7/17/2021 20:12,20.07
1007,7/17/2021 20:22,20.46
1008,7/17/2021 20:32,20.5
1009,7/17/2021 20:42,20.55
1010,7/17/2021 20:52,20.46
1011,7/17/2021 21:02,20.37
1012,7/17/2021 21:12,20.46
1013,7/17/2021 21:22,20.46
1014,7/17/2021 21:32,20.55
1015,7/17/2021 21:42,20.59
1016,7/17/2021 21:52,20.63
1017,7/17/2021 22:02,20.59
1018,7/17/2021 22:12,20.55
1019,7/17/2021 22:22,20.68
1020,7/17/2021 22:32,20.72
1021,7/17/2021 22:42,21.49
1022,7/17/2021 22:52,21.49
1023,7/17/2021 23:02,21.45
1024,7/17/2021 23:12,21.36
1025,7/17/2021 23:22,20.98
1026,7/17/2021 23:32,21.45
1027,7/17/2021 23:42,21.58
1028,7/17/2021 23:52,21.96
1029,7/18/2021 0:02,21.83
1030,7/18/2021 0:12,21.7
1031,7/18/2021 0:22,21.53
1032,7/18/2021 0:32,21.32
1033,7/18/2021 0:42,20.98
1034,7/18/2021 0:52,20.16
1035,7/18/2021 1:02,17.97
1036,7/18/2021 1:12,15.61
1037,7/18/2021 1:22,14.84
1038,7/18/2021 1:32,14.54
1039,7/18/2021 1:42,14.37
1040,7/18/2021 1:52,14.2
1041,7/18/2021 2:02,14.03
1042,7/18/2021 2:12,13.98
1043,7/18/2021 2:22,13.98
1044,7/18/2021 2:32,13.94
1045,7/18/2021 2:42,13.9
1046,7/18/2021 2:52,13.85
1047,7/18/2021 3:02,13.98
1048,7/18/2021 3:12,13.98
1049,7/18/2021 3:22,13.98
1050,7/18/2021 3:32,15.27
1051,7/18/2021 3:42,17.41
1052,7/18/2021 3:52,18.1
1053,7/18/2021 4:02,18.36
1054,7/18/2021 4:12,18.53
1055,7/18/2021 4:22,18.74
1056,7/18/2021 4:32,18.87
1057,7/18/2021 4:42,18.96
1058,7/18/2021 4:52,18.96
1059,7/18/2021 5:02,18.96
1060,7/18/2021 5:12,18.87
1061,7/18/2021 5:22,18.79
1062,7/18/2021 5:32,18.92
1063,7/18/2021 5:42,18.92
1064,7/18/2021 5:52,18.87
1065,7/18/2021 6:02,18.83
1066,7/18/2021 6:12,18.79
1067,7/18/2021 6:22,18.87
1068,7/18/2021 6:32,18.74
1069,7/18/2021 6:42,18.66
1070,7/18/2021 6:52,18.57
1071,7/18/2021 7:02,18.53
1072,7/18/2021 7:12,18.49
1073,7/18/2021 7:22,18.62
1074,7/18/2021 7:32,18.62
1075,7/18/2021 7:42,18.62
1076,7/18/2021 7:52,18.36
1077,7/18/2021 8:02,18.32
1078,7/18/2021 8:12,18.27
1079,7/18/2021 8:22,18.4
1080,7/18/2021 8:32,18.62
1081,7/18/2021 8:42,18.74
1082,7/18/2021 8:52,18.96
1083,7/18/2021 9:02,18.79
1084,7/18/2021 9:12,18.87
1085,7/18/2021 9:22,19.22
1086,7/18/2021 9:32,19.47
1087,7/18/2021 9:42,19.26
1088,7/18/2021 9:52,19.56
1089,7/18/2021 10:02,19.77
1090,7/18/2021 10:12,19.9
1091,7/18/2021 10:22,20.12
1092,7/18/2021 10:32,20.37
1093,7/18/2021 10:42,20.63
1094,7/18/2021 10:52,20.93
1095,7/18/2021 11:02,21.28
1096,7/18/2021 11:12,21.66
1097,7/18/2021 11:22,22.13
1098,7/18/2021 11:32,22.73
1099,7/18/2021 11:42,23.38
1100,7/18/2021 11:52,24.24
1101,7/18/2021 12:02,24.79
1102,7/18/2021 12:12,25.27
1103,7/18/2021 12:22,25.35
1104,7/18/2021 12:32,25.69
1105,7/18/2021 12:42,26.17
1106,7/18/2021 12:52,26.68
1107,7/18/2021 13:02,27.02
1108,7/18/2021 13:12,27.07
1109,7/18/2021 13:22,26.85
1110,7/18/2021 13:32,26.47
1111,7/18/2021 13:42,26.12
1112,7/18/2021 13:52,26.08
1113,7/18/2021 14:02,25.69
1114,7/18/2021 14:12,25.31
1115,7/18/2021 14:22,24.97
1116,7/18/2021 14:32,24.62
1117,7/18/2021 14:42,24.19
1118,7/18/2021 14:52,23.72
1119,7/18/2021 15:02,23.51
1120,7/18/2021 15:12,23.59
1121,7/18/2021 15:22,23.38
1122,7/18/2021 15:32,23.12
1123,7/18/2021 15:42,22.91
1124,7/18/2021 15:52,22.43
1125,7/18/2021 16:02,22.01
1126,7/18/2021 16:12,22.22
1127,7/18/2021 16:22,22.13
1128,7/18/2021 16:32,21.1
1129,7/18/2021 16:42,20.46
1130,7/18/2021 16:52,20.46
1131,7/18/2021 17:02,20.72
1132,7/18/2021 17:12,20.46
1133,7/18/2021 17:22,20.12
1134,7/18/2021 17:32,20.37
1135,7/18/2021 17:42,20.85
1136,7/18/2021 17:52,20.68
1137,7/18/2021 18:02,19.69
1138,7/18/2021 18:12,18.96
1139,7/18/2021 18:22,18.66
1140,7/18/2021 18:32,18.44
1141,7/18/2021 18:42,18.49
1142,7/18/2021 18:52,18.4
1143,7/18/2021 19:02,18.4
1144,7/18/2021 19:12,18.44
1145,7/18/2021 19:22,18.44
1146,7/18/2021 19:32,18.4
1147,7/18/2021 19:42,18.36
1148,7/18/2021 19:52,18.27
1149,7/18/2021 20:02,18.36
1150,7/18/2021 20:12,18.53
1151,7/18/2021 20:22,18.62
1152,7/18/2021 20:32,18.87
1153,7/18/2021 20:42,19.13
1154,7/18/2021 20:52,19.73
1155,7/18/2021 21:02,19.99
1156,7/18/2021 21:12,20.2
1157,7/18/2021 21:22,20.33
1158,7/18/2021 21:32,20.42
1159,7/18/2021 21:42,20.46
1160,7/18/2021 21:52,20.55
1161,7/18/2021 22:02,20.55
1162,7/18/2021 22:12,20.68
1163,7/18/2021 22:22,20.72
1164,7/18/2021 22:32,20.8
1165,7/18/2021 22:42,20.85
1166,7/18/2021 22:52,20.89
1167,7/18/2021 23:02,20.8
1168,7/18/2021 23:12,20.76
1169,7/18/2021 23:22,20.93
1170,7/18/2021 23:32,20.98
1171,7/18/2021 23:42,20.68
1172,7/18/2021 23:52,20.16
1173,7/19/2021 0:02,20.25
1174,7/19/2021 0:12,20.98
1175,7/19/2021 0:22,21.02
1176,7/19/2021 0:32,21.23
1177,7/19/2021 0:42,21.19
1178,7/19/2021 0:52,21.06
1179,7/19/2021 1:02,20.93
1180,7/19/2021 1:12,20.72
1181,7/19/2021 1:22,20.07
1182,7/19/2021 1:32,17.46
1183,7/19/2021 1:42,15.23
1184,7/19/2021 1:52,14.88
1185,7/19/2021 2:02,14.67
1186,7/19/2021 2:12,14.5
1187,7/19/2021 2:22,14.37
1188,7/19/2021 2:32,14.28
1189,7/19/2021 2:42,14.07
1190,7/19/2021 2:52,13.94
1191,7/19/2021 3:02,13.77
1192,7/19/2021 3:12,13.68
1193,7/19/2021 3:22,13.6
1194,7/19/2021 3:32,13.38
1195,7/19/2021 3:42,13.25
1196,7/19/2021 3:52,13.21
1197,7/19/2021 4:02,13.34
1198,7/19/2021 4:12,13.43
1199,7/19/2021 4:22,13.51
1200,7/19/2021 4:32,13.55
1201,7/19/2021 4:42,13.55
1202,7/19/2021 4:52,13.6
1203,7/19/2021 5:02,13.6
1204,7/19/2021 5:12,13.51
1205,7/19/2021 5:22,13.51
1206,7/19/2021 5:32,13.9
1207,7/19/2021 5:42,15.83
1208,7/19/2021 5:52,17.11
1209,7/19/2021 6:02,18.02
1210,7/19/2021 6:12,18.4
1211,7/19/2021 6:22,18.57
1212,7/19/2021 6:32,18.62
1213,7/19/2021 6:42,18.62
1214,7/19/2021 6:52,18.57
1215,7/19/2021 7:02,18.66
1216,7/19/2021 7:12,18.66
1217,7/19/2021 7:22,18.7
1218,7/19/2021 7:32,18.7
1219,7/19/2021 7:42,18.7
1220,7/19/2021 7:52,18.79
1221,7/19/2021 8:02,18.79
1222,7/19/2021 8:12,18.79
1223,7/19/2021 8:22,18.92
1224,7/19/2021 8:32,18.87
1225,7/19/2021 8:42,18.79
1226,7/19/2021 8:52,18.79
1227,7/19/2021 9:02,18.79
1228,7/19/2021 9:12,18.87
1229,7/19/2021 9:22,19.13
1230,7/19/2021 9:32,19.35
1231,7/19/2021 9:42,19.56
1232,7/19/2021 9:52,19.6
1233,7/19/2021 10:02,19.69
1234,7/19/2021 10:12,19.69
1235,7/19/2021 10:22,19.82
1236,7/19/2021 10:32,19.95
1237,7/19/2021 10:42,20.07
1238,7/19/2021 10:52,20.25
1239,7/19/2021 11:02,20.29
1240,7/19/2021 11:12,20.33
1241,7/19/2021 11:22,20.5
1242,7/19/2021 11:32,20.8
1243,7/19/2021 11:42,21.15
1244,7/19/2021 11:52,21.36
1245,7/19/2021 12:02,21.58
1246,7/19/2021 12:12,21.88
1247,7/19/2021 12:22,22.01
1248,7/19/2021 12:32,22.22
1249,7/19/2021 12:42,22.43
1250,7/19/2021 12:52,22.82
1251,7/19/2021 13:02,23.08
1252,7/19/2021 13:12,23.38
1253,7/19/2021 13:22,23.94
1254,7/19/2021 13:32,24.28
1255,7/19/2021 13:42,24.45
1256,7/19/2021 13:52,24.41
1257,7/19/2021 14:02,24.36
1258,7/19/2021 14:12,24.45
1259,7/19/2021 14:22,24.49
1260,7/19/2021 14:32,24.75
1261,7/19/2021 14:42,24.62
1262,7/19/2021 14:52,24.62
1263,7/19/2021 15:02,24.15
1264,7/19/2021 15:12,24.11
1265,7/19/2021 15:22,23.34
1266,7/19/2021 15:32,22.95
1267,7/19/2021 15:42,23.08
1268,7/19/2021 15:52,22.91
1269,7/19/2021 16:02,22.82
1270,7/19/2021 16:12,22.78
1271,7/19/2021 16:22,22.65
1272,7/19/2021 16:32,22.56
1273,7/19/2021 16:42,22.48
1274,7/19/2021 16:52,22.56
1275,7/19/2021 17:02,21.02
1276,7/19/2021 17:12,20.59
1277,7/19/2021 17:22,20.89
1278,7/19/2021 17:32,21.23
1279,7/19/2021 17:42,21.45
1280,7/19/2021 17:52,21.06
1281,7/19/2021 18:02,20.93
1282,7/19/2021 18:12,20.98
1283,7/19/2021 18:22,21.19
1284,7/19/2021 18:32,20.68
1285,7/19/2021 18:42,19.39
1286,7/19/2021 18:52,18.79
1287,7/19/2021 19:02,18.74
1288,7/19/2021 19:12,18.79
1289,7/19/2021 19:22,18.87
1290,7/19/2021 19:32,18.92
1291,7/19/2021 19:42,18.87
1292,7/19/2021 19:52,18.83
1293,7/19/2021 20:02,19
1294,7/19/2021 20:12,19.17
1295,7/19/2021 20:22,19.17
1296,7/19/2021 20:32,19
1297,7/19/2021 20:42,18.96
1298,7/19/2021 20:52,19
1299,7/19/2021 21:02,18.87
1300,7/19/2021 21:12,18.92
1301,7/19/2021 21:22,19
1302,7/19/2021 21:32,19.13
1303,7/19/2021 21:42,19.52
1304,7/19/2021 21:52,19.9
1305,7/19/2021 22:02,20.25
1306,7/19/2021 22:12,20.42
1307,7/19/2021 22:22,20.5
1308,7/19/2021 22:32,20.55
1309,7/19/2021 22:42,20.59
1310,7/19/2021 22:52,20.63
1311,7/19/2021 23:02,20.68
1312,7/19/2021 23:12,20.8
1313,7/19/2021 23:22,20.89
1314,7/19/2021 23:32,20.85
1315,7/19/2021 23:42,20.89
1316,7/19/2021 23:52,20.85
1317,7/20/2021 0:02,20.89
1318,7/20/2021 0:12,20.98
1319,7/20/2021 0:22,20.93
1320,7/20/2021 0:32,20.68
1321,7/20/2021 0:42,19.77
1322,7/20/2021 0:52,19.56
1323,7/20/2021 1:02,19.56
1324,7/20/2021 1:12,19.99
1325,7/20/2021 1:22,19.69
1326,7/20/2021 1:32,19.47
1327,7/20/2021 1:42,19.39
1328,7/20/2021 1:52,19.13
1329,7/20/2021 2:02,18.92
1330,7/20/2021 2:12,18.44
1331,7/20/2021 2:22,15.44
1332,7/20/2021 2:32,14.37
1333,7/20/2021 2:42,14.24
1334,7/20/2021 2:52,14.03
1335,7/20/2021 3:02,13.85
1336,7/20/2021 3:12,13.73
1337,7/20/2021 3:22,13.64
1338,7/20/2021 3:32,13.43
1339,7/20/2021 3:42,13.43
1340,7/20/2021 3:52,13.34
1341,7/20/2021 4:02,13.21
1342,7/20/2021 4:12,13.17
1343,7/20/2021 4:22,13
1344,7/20/2021 4:32,12.87
1345,7/20/2021 4:42,12.87
1346,7/20/2021 4:52,12.78
1347,7/20/2021 5:02,12.91
1348,7/20/2021 5:12,12.78
1349,7/20/2021 5:22,12.7
1350,7/20/2021 5:32,12.74
1351,7/20/2021 5:42,12.82
1352,7/20/2021 5:52,12.74
1353,7/20/2021 6:02,12.91
1354,7/20/2021 6:12,12.95
1355,7/20/2021 6:22,13
1356,7/20/2021 6:32,13.04
1357,7/20/2021 6:42,13.12
1358,7/20/2021 6:52,13.25
1359,7/20/2021 7:02,13.21
1360,7/20/2021 7:12,13.34
1361,7/20/2021 7:22,14.84
1362,7/20/2021 7:32,16.08
1363,7/20/2021 7:42,16.99
1364,7/20/2021 7:52,17.67
1365,7/20/2021 8:02,17.93
1366,7/20/2021 8:12,18.14
1367,7/20/2021 8:22,18.1
1368,7/20/2021 8:32,18.19
1369,7/20/2021 8:42,18.23
1370,7/20/2021 8:52,18.4
1371,7/20/2021 9:02,18.36
1372,7/20/2021 9:12,18.49
1373,7/20/2021 9:22,18.49
1374,7/20/2021 9:32,18.44
1375,7/20/2021 9:42,18.4
1376,7/20/2021 9:52,18.44
1377,7/20/2021 10:02,18.49
1378,7/20/2021 10:12,18.36
1379,7/20/2021 10:22,18.49
1380,7/20/2021 10:32,18.44
1381,7/20/2021 10:42,18.4
1382,7/20/2021 10:52,18.4
1383,7/20/2021 11:02,18.49
1384,7/20/2021 11:12,18.57
1385,7/20/2021 11:22,18.66
1386,7/20/2021 11:32,18.74
1387,7/20/2021 11:42,18.7
1388,7/20/2021 11:52,18.79
1389,7/20/2021 12:02,18.83
1390,7/20/2021 12:12,18.87
1391,7/20/2021 12:22,18.87
1392,7/20/2021 12:32,19.05
1393,7/20/2021 12:42,19.05
1394,7/20/2021 12:52,19.13
1395,7/20/2021 13:02,19.09
1396,7/20/2021 13:12,19.26
1397,7/20/2021 13:22,19.3
1398,7/20/2021 13:32,19.22
1399,7/20/2021 13:42,19.39
1400,7/20/2021 13:52,19.65
1401,7/20/2021 14:02,19.65
1402,7/20/2021 14:12,19.73
1403,7/20/2021 14:22,19.69
1404,7/20/2021 14:32,19.77
1405,7/20/2021 14:42,19.95
1406,7/20/2021 14:52,20.16
1407,7/20/2021 15:02,20.07
1408,7/20/2021 15:12,20.07
1409,7/20/2021 15:22,20.16
1410,7/20/2021 15:32,20.2
1411,7/20/2021 15:42,20.29
1412,7/20/2021 15:52,20.33
1413,7/20/2021 16:02,20.33
1414,7/20/2021 16:12,20.29
1415,7/20/2021 16:22,20.25
1416,7/20/2021 16:32,20.16
1417,7/20/2021 16:42,20.03
1418,7/20/2021 16:52,19.99
1419,7/20/2021 17:02,19.95
1420,7/20/2021 17:12,19.82
1421,7/20/2021 17:22,19.65
1422,7/20/2021 17:32,19.65
1423,7/20/2021 17:42,19.65
1424,7/20/2021 17:52,19.65
1425,7/20/2021 18:02,19.69
1426,7/20/2021 18:12,20.12
1427,7/20/2021 18:22,20.33
1428,7/20/2021 18:32,20.16
1429,7/20/2021 18:42,20.03
1430,7/20/2021 18:52,19.82
1431,7/20/2021 19:02,19.6
1432,7/20/2021 19:12,19.35
1433,7/20/2021 19:22,19.13
1434,7/20/2021 19:32,18.92
1435,7/20/2021 19:42,18.7
1436,7/20/2021 19:52,18.14
1437,7/20/2021 20:02,17.76
1438,7/20/2021 20:12,17.41
1439,7/20/2021 20:22,17.16
1440,7/20/2021 20:32,16.86
1441,7/20/2021 20:42,16.64
1442,7/20/2021 20:52,16.56
1443,7/20/2021 21:02,16.47
1444,7/20/2021 21:12,16.43
1445,7/20/2021 21:22,16.39
1446,7/20/2021 21:32,16.39
1447,7/20/2021 21:42,16.39
1448,7/20/2021 21:52,16.34
1449,7/20/2021 22:02,16.3
1450,7/20/2021 22:12,16.43
1451,7/20/2021 22:22,16.64
1452,7/20/2021 22:32,17.03
1453,7/20/2021 22:42,17.37
1454,7/20/2021 22:52,17.59
1455,7/20/2021 23:02,17.89
1456,7/20/2021 23:12,18.1
1457,7/20/2021 23:22,18.32
1458,7/20/2021 23:32,18.62
1459,7/20/2021 23:42,18.74
1460,7/20/2021 23:52,18.87
1461,7/21/2021 0:02,19
1462,7/21/2021 0:12,19.13
1463,7/21/2021 0:22,19.17
1464,7/21/2021 0:32,19.22
1465,7/21/2021 0:42,19.35
1466,7/21/2021 0:52,19.39
1467,7/21/2021 1:02,19.3
1468,7/21/2021 1:12,19.22
1469,7/21/2021 1:22,18.49
1470,7/21/2021 1:32,17.97
1471,7/21/2021 1:42,17.72
1472,7/21/2021 1:52,17.67
1473,7/21/2021 2:02,17.72
1474,7/21/2021 2:12,17.5
1475,7/21/2021 2:22,17.33
1476,7/21/2021 2:32,17.16
1477,7/21/2021 2:42,16.99
1478,7/21/2021 2:52,16.81
1479,7/21/2021 3:02,16.43
1480,7/21/2021 3:12,15.66
1481,7/21/2021 3:22,14.97
1482,7/21/2021 3:32,14.07
1483,7/21/2021 3:42,13.6
1484,7/21/2021 3:52,13.34
1485,7/21/2021 4:02,13.12
1486,7/21/2021 4:12,13.04
1487,7/21/2021 4:22,12.82
1488,7/21/2021 4:32,12.74
1489,7/21/2021 4:42,12.65
1490,7/21/2021 4:52,12.65
1491,7/21/2021 5:02,12.61
1492,7/21/2021 5:12,12.48
1493,7/21/2021 5:22,12.61
1494,7/21/2021 5:32,12.65
1495,7/21/2021 5:42,12.65
1496,7/21/2021 5:52,12.65
1497,7/21/2021 6:02,12.48
1498,7/21/2021 6:12,12.35
1499,7/21/2021 6:22,12.35
1500,7/21/2021 6:32,12.31
1501,7/21/2021 6:42,12.4
1502,7/21/2021 6:52,12.52
1503,7/21/2021 7:02,12.57
1504,7/21/2021 7:12,13.25
1505,7/21/2021 7:22,14.2
1506,7/21/2021 7:32,13.9
1507,7/21/2021 7:42,13.64
1508,7/21/2021 7:52,15.18
1509,7/21/2021 8:02,16.73
1510,7/21/2021 8:12,18.66
1511,7/21/2021 8:22,19.3
1512,7/21/2021 8:32,16.77
1513,7/21/2021 8:42,16.17
1514,7/21/2021 8:52,16.69
1515,7/21/2021 9:02,16.99
1516,7/21/2021 9:12,17.29
1517,7/21/2021 9:22,17.5
1518,7/21/2021 9:32,17.63
1519,7/21/2021 9:42,17.72
1520,7/21/2021 9:52,17.8
1521,7/21/2021 10:02,17.93
1522,7/21/2021 10:12,18.02
1523,7/21/2021 10:22,18.1
1524,7/21/2021 10:32,18.14
1525,7/21/2021 10:42,18.23
1526,7/21/2021 10:52,18.32
1527,7/21/2021 11:02,18.36
1528,7/21/2021 11:12,18.36
1529,7/21/2021 11:22,18.36
1530,7/21/2021 11:32,18.49
1531,7/21/2021 11:42,18.66
1532,7/21/2021 11:52,18.74
1533,7/21/2021 12:02,18.83
1534,7/21/2021 12:12,18.92
1535,7/21/2021 12:22,19.09
1536,7/21/2021 12:32,19.13
1537,7/21/2021 12:42,19.26
1538,7/21/2021 12:52,19.39
1539,7/21/2021 13:02,19.65
1540,7/21/2021 13:12,19.9
1541,7/21/2021 13:22,20.12
1542,7/21/2021 13:32,20.2
1543,7/21/2021 13:42,20.5
1544,7/21/2021 13:52,20.85
1545,7/21/2021 14:02,21.19
1546,7/21/2021 14:12,21.53
1547,7/21/2021 14:22,21.7
1548,7/21/2021 14:32,22.13
1549,7/21/2021 14:42,22.65
1550,7/21/2021 14:52,23.55
1551,7/21/2021 15:02,23.94
1552,7/21/2021 15:12,23.76
1553,7/21/2021 15:22,23.72
1554,7/21/2021 15:32,24.19
1555,7/21/2021 15:42,24.36
1556,7/21/2021 15:52,24.49
1557,7/21/2021 16:02,23.89
1558,7/21/2021 16:12,23.59
1559,7/21/2021 16:22,23.94
1560,7/21/2021 16:32,24.15
1561,7/21/2021 16:42,23.98
1562,7/21/2021 16:52,23.68
1563,7/21/2021 17:02,23.55
1564,7/21/2021 17:12,23.29
1565,7/21/2021 17:22,22.99
1566,7/21/2021 17:32,22.95
1567,7/21/2021 17:42,22.99
1568,7/21/2021 17:52,22.95
1569,7/21/2021 18:02,22.95
1570,7/21/2021 18:12,22.82
1571,7/21/2021 18:22,22.61
1572,7/21/2021 18:32,22.09
1573,7/21/2021 18:42,21.49
1574,7/21/2021 18:52,21.49
1575,7/21/2021 19:02,21.88
1576,7/21/2021 19:12,22.52
1577,7/21/2021 19:22,22.13
1578,7/21/2021 19:32,21.53
1579,7/21/2021 19:42,20.76
1580,7/21/2021 19:52,20.07
1581,7/21/2021 20:02,19.82
1582,7/21/2021 20:12,19.95
1583,7/21/2021 20:22,20.03
1584,7/21/2021 20:32,19.73
1585,7/21/2021 20:42,19.43
1586,7/21/2021 20:52,19.22
1587,7/21/2021 21:02,18.92
1588,7/21/2021 21:12,18.7
1589,7/21/2021 21:22,18.49
1590,7/21/2021 21:32,17.84
1591,7/21/2021 21:42,17.2
1592,7/21/2021 21:52,17.03
1593,7/21/2021 22:02,17.07
1594,7/21/2021 22:12,16.81
1595,7/21/2021 22:22,16.77
1596,7/21/2021 22:32,16.94
1597,7/21/2021 22:42,17.2
1598,7/21/2021 22:52,17.41
1599,7/21/2021 23:02,18.02
1600,7/21/2021 23:12,18.49
1601,7/21/2021 23:22,18.66
1602,7/21/2021 23:32,19
1603,7/21/2021 23:42,19.35
1604,7/21/2021 23:52,19.6
1605,7/22/2021 0:02,19.65
1606,7/22/2021 0:12,19.82
1607,7/22/2021 0:22,19.86
1608,7/22/2021 0:32,19.9
1609,7/22/2021 0:42,20.03
1610,7/22/2021 0:52,20.16
1611,7/22/2021 1:02,20.25
1612,7/22/2021 1:12,20.25
1613,7/22/2021 1:22,20.2
1614,7/22/2021 1:32,20.2
1615,7/22/2021 1:42,20.2
1616,7/22/2021 1:52,20.29
1617,7/22/2021 2:02,20.33
1618,7/22/2021 2:12,19.99
1619,7/22/2021 2:22,19.3
1620,7/22/2021 2:32,18.53
1621,7/22/2021 2:42,18.57
1622,7/22/2021 2:52,18.62
1623,7/22/2021 3:02,18.62
1624,7/22/2021 3:12,18.32
1625,7/22/2021 3:22,18.14
1626,7/22/2021 3:32,17.97
1627,7/22/2021 3:42,17.67
1628,7/22/2021 3:52,16.51
1629,7/22/2021 4:02,13.25
1630,7/22/2021 4:12,12.48
1631,7/22/2021 4:22,12.14
1632,7/22/2021 4:32,11.79
1633,7/22/2021 4:42,11.75
1634,7/22/2021 4:52,11.88
1635,7/22/2021 5:02,11.92
1636,7/22/2021 5:12,11.84
1637,7/22/2021 5:22,11.84
1638,7/22/2021 5:32,11.71
1639,7/22/2021 5:42,11.45
1640,7/22/2021 5:52,11.24
1641,7/22/2021 6:02,11.19
1642,7/22/2021 6:12,10.51
1643,7/22/2021 6:22,11.32
1644,7/22/2021 6:32,11.45
1645,7/22/2021 6:42,11.28
1646,7/22/2021 6:52,12.27
1647,7/22/2021 7:02,12.22
1648,7/22/2021 7:12,12.48
1649,7/22/2021 7:22,12.7
1650,7/22/2021 7:32,13.17
1651,7/22/2021 7:42,13.08
1652,7/22/2021 7:52,13.17
1653,7/22/2021 8:02,13.51
1654,7/22/2021 8:12,14.15
1655,7/22/2021 8:22,14.84
1656,7/22/2021 8:32,15.57
1657,7/22/2021 8:42,14.71
1658,7/22/2021 8:52,14.41
1659,7/22/2021 9:02,14.24
1660,7/22/2021 9:12,14.67
1661,7/22/2021 9:22,14.63
1662,7/22/2021 9:32,15.01
1663,7/22/2021 9:42,16.43
1664,7/22/2021 9:52,16.86
1665,7/22/2021 10:02,17.03
1666,7/22/2021 10:12,17.54
1667,7/22/2021 10:22,17.89
1668,7/22/2021 10:32,18.02
1669,7/22/2021 10:42,17.97
1670,7/22/2021 10:52,18.06
1671,7/22/2021 11:02,18.19
1672,7/22/2021 11:12,18.23
1673,7/22/2021 11:22,18.27
1674,7/22/2021 11:32,18.32
1675,7/22/2021 11:42,18.4
1676,7/22/2021 11:52,18.32
1677,7/22/2021 12:02,18.27
1678,7/22/2021 12:12,18.36
1679,7/22/2021 12:22,18.4
1680,7/22/2021 12:32,18.53
1681,7/22/2021 12:42,18.66
1682,7/22/2021 12:52,18.7
1683,7/22/2021 13:02,18.87
1684,7/22/2021 13:12,19.09
1685,7/22/2021 13:22,19.13
1686,7/22/2021 13:32,19.09
1687,7/22/2021 13:42,19.22
1688,7/22/2021 13:52,19.35
1689,7/22/2021 14:02,19.6
1690,7/22/2021 14:12,19.77
1691,7/22/2021 14:22,20.12
1692,7/22/2021 14:32,20.25
1693,7/22/2021 14:42,20.63
1694,7/22/2021 14:52,21.02
1695,7/22/2021 15:02,21.23
1696,7/22/2021 15:12,21.36
1697,7/22/2021 15:22,21.62
1698,7/22/2021 15:32,21.75
1699,7/22/2021 15:42,21.96
1700,7/22/2021 15:52,22.13
1701,7/22/2021 16:02,22.31
1702,7/22/2021 16:12,22.43
1703,7/22/2021 16:22,22.61
1704,7/22/2021 16:32,22.61
1705,7/22/2021 16:42,22.65
1706,7/22/2021 16:52,22.78
1707,7/22/2021 17:02,22.82
1708,7/22/2021 17:12,22.91
1709,7/22/2021 17:22,22.86
1710,7/22/2021 17:32,22.78
1711,7/22/2021 17:42,22.73
1712,7/22/2021 17:52,22.56
1713,7/22/2021 18:02,22.22
1714,7/22/2021 18:12,21.88
1715,7/22/2021 18:22,21.7
1716,7/22/2021 18:32,21.7
1717,7/22/2021 18:42,21.62
1718,7/22/2021 18:52,21.53
1719,7/22/2021 19:02,21.4
1720,7/22/2021 19:12,21.32
1721,7/22/2021 19:22,21.62
1722,7/22/2021 19:32,21.7
1723,7/22/2021 19:42,21.1
1724,7/22/2021 19:52,19.65
1725,7/22/2021 20:02,18.96
1726,7/22/2021 20:12,19.13
1727,7/22/2021 20:22,19.17
1728,7/22/2021 20:32,19.13
1729,7/22/2021 20:42,19.3
1730,7/22/2021 20:52,18.57
1731,7/22/2021 21:02,17.89
1732,7/22/2021 21:12,17.59
1733,7/22/2021 21:22,17.84
1734,7/22/2021 21:32,18.06
1735,7/22/2021 21:42,18.14
1736,7/22/2021 21:52,18.02
1737,7/22/2021 22:02,17.89
1738,7/22/2021 22:12,17.89
1739,7/22/2021 22:22,17.93
1740,7/22/2021 22:32,18.02
1741,7/22/2021 22:42,17.97
1742,7/22/2021 22:52,17.97
1743,7/22/2021 23:02,17.97
1744,7/22/2021 23:12,17.89
1745,7/22/2021 23:22,17.76
1746,7/22/2021 23:32,17.5
1747,7/22/2021 23:42,17.54
1748,7/22/2021 23:52,18.06
1749,7/23/2021 0:02,18.19
1750,7/23/2021 0:12,18.27
1751,7/23/2021 0:22,18.36
1752,7/23/2021 0:32,18.4
1753,7/23/2021 0:42,18.49
1754,7/23/2021 0:52,18.53
1755,7/23/2021 1:02,18.57
1756,7/23/2021 1:12,18.66
1757,7/23/2021 1:22,18.74
1758,7/23/2021 1:32,18.96
1759,7/23/2021 1:42,19.05
1760,7/23/2021 1:52,19.13
1761,7/23/2021 2:02,19.09
1762,7/23/2021 2:12,19.13
1763,7/23/2021 2:22,19.13
1764,7/23/2021 2:32,19.3
1765,7/23/2021 2:42,19.35
1766,7/23/2021 2:52,19.43
1767,7/23/2021 3:02,18.7
1768,7/23/2021 3:12,17.97
1769,7/23/2021 3:22,17.84
1770,7/23/2021 3:32,17.67
1771,7/23/2021 3:42,17.54
1772,7/23/2021 3:52,17.63
1773,7/23/2021 4:02,17.63
1774,7/23/2021 4:12,17.5
1775,7/23/2021 4:22,17.29
1776,7/23/2021 4:32,16.81
1777,7/23/2021 4:42,12.18
1778,7/23/2021 4:52,11.07
1779,7/23/2021 5:02,10.59
1780,7/23/2021 5:12,10.46
1781,7/23/2021 5:22,10.38
1782,7/23/2021 5:32,10.16
1783,7/23/2021 5:42,10.04
1784,7/23/2021 5:52,9.78
1785,7/23/2021 6:02,9.74
1786,7/23/2021 6:12,9.65
1787,7/23/2021 6:22,9.69
1788,7/23/2021 6:32,9.86
1789,7/23/2021 6:42,9.82
1790,7/23/2021 6:52,10.04
1791,7/23/2021 7:02,11.37
1792,7/23/2021 7:12,14.67
1793,7/23/2021 7:22,16.17
1794,7/23/2021 7:32,18.44
1795,7/23/2021 7:42,20.8
1796,7/23/2021 7:52,21.53
1797,7/23/2021 8:02,21.62
1798,7/23/2021 8:07,
1799,7/23/2021 8:12,24.79
1800,7/23/2021 8:22,24.92
1801,7/23/2021 8:32,27.32
1802,7/23/2021 8:42,29.3
1803,7/23/2021 8:52,30.07
1804,7/23/2021 9:02,31.23
1805,7/23/2021 9:12,31.44
1806,7/23/2021 9:22,27.93
1807,7/23/2021 9:32,24.88
1808,7/23/2021 9:42,24.15
1809,7/23/2021 9:52,24.66
1810,7/23/2021 10:02,25.09
1811,7/23/2021 10:12,26.3
1812,7/23/2021 10:22,25.09
1813,7/23/2021 10:32,22.69
1814,7/23/2021 10:42,21.15
1815,7/23/2021 10:52,20.07
1816,7/23/2021 11:02,19.65
1817,7/23/2021 11:12,19.52
1818,7/23/2021 11:22,19.17
1819,7/23/2021 11:32,18.74
1820,7/23/2021 11:42,18.62
1821,7/23/2021 11:52,18.36
1822,7/23/2021 12:02,18.36
1823,7/23/2021 12:12,18.57
1824,7/23/2021 12:22,18.87
1825,7/23/2021 12:32,19.22
1826,7/23/2021 12:42,19.26
1827,7/23/2021 12:52,19.6
1828,7/23/2021 13:02,19.65
1829,7/23/2021 13:12,19.43
1830,7/23/2021 13:22,19.47
1831,7/23/2021 13:32,19.56
1832,7/23/2021 13:42,19.65
1833,7/23/2021 13:52,19.82
1834,7/23/2021 14:02,19.99
1835,7/23/2021 14:12,20.2
1836,7/23/2021 14:22,20.63
1837,7/23/2021 14:32,20.98
1838,7/23/2021 14:42,21.06
1839,7/23/2021 14:52,21.15
1840,7/23/2021 15:02,21.66
1841,7/23/2021 15:12,22.22
1842,7/23/2021 15:22,22.73
1843,7/23/2021 15:32,22.91
1844,7/23/2021 15:42,22.48
1845,7/23/2021 15:52,22.09
1846,7/23/2021 16:02,22.05
1847,7/23/2021 16:12,21.92
1848,7/23/2021 16:22,21.79
1849,7/23/2021 16:32,21.88
1850,7/23/2021 16:42,22.09
1851,7/23/2021 16:52,22.26
1852,7/23/2021 17:02,22.35
1853,7/23/2021 17:12,22.39
1854,7/23/2021 17:22,22.78
1855,7/23/2021 17:32,23.38
1856,7/23/2021 17:42,22.95
1857,7/23/2021 17:52,22.48
1858,7/23/2021 18:02,22.48
1859,7/23/2021 18:12,22.39
1860,7/23/2021 18:22,21.88
1861,7/23/2021 18:32,21.36
1862,7/23/2021 18:42,20.93
1863,7/23/2021 18:52,20.89
1864,7/23/2021 19:02,20.8
1865,7/23/2021 19:12,20.76
1866,7/23/2021 19:22,20.55
1867,7/23/2021 19:32,20.29
1868,7/23/2021 19:42,20.03
1869,7/23/2021 19:52,19.9
1870,7/23/2021 20:02,19.6
1871,7/23/2021 20:12,19.35
1872,7/23/2021 20:22,19
1873,7/23/2021 20:32,19.05
1874,7/23/2021 20:42,19.05
1875,7/23/2021 20:52,18.06
1876,7/23/2021 21:02,17.16
1877,7/23/2021 21:12,17.63
1878,7/23/2021 21:22,17.63
1879,7/23/2021 21:32,17.63
1880,7/23/2021 21:42,17.89
1881,7/23/2021 21:52,17.67
1882,7/23/2021 22:02,16.69
1883,7/23/2021 22:12,16.43
1884,7/23/2021 22:22,16.51
1885,7/23/2021 22:32,16.6
1886,7/23/2021 22:42,16.73
1887,7/23/2021 22:52,16.81
1888,7/23/2021 23:02,16.86
1889,7/23/2021 23:12,16.99
1890,7/23/2021 23:22,17.03
1891,7/23/2021 23:32,17.07
1892,7/23/2021 23:42,17.11
1893,7/23/2021 23:52,17.16
1894,7/24/2021 0:02,17.16
1895,7/24/2021 0:12,17.11
1896,7/24/2021 0:22,16.9
1897,7/24/2021 0:32,16.56
1898,7/24/2021 0:42,16.56
1899,7/24/2021 0:52,17.03
1900,7/24/2021 1:02,17.2
1901,7/24/2021 1:12,17.5
1902,7/24/2021 1:22,17.8
1903,7/24/2021 1:32,17.84
1904,7/24/2021 1:42,17.97
1905,7/24/2021 1:52,17.97
1906,7/24/2021 2:02,17.97
1907,7/24/2021 2:12,17.93
1908,7/24/2021 2:22,17.93
1909,7/24/2021 2:32,18.1
1910,7/24/2021 2:42,18.23
1911,7/24/2021 2:52,18.27
1912,7/24/2021 3:02,18.4
1913,7/24/2021 3:12,18.57
1914,7/24/2021 3:22,18.83
1915,7/24/2021 3:32,19
1916,7/24/2021 3:42,18.32
1917,7/24/2021 3:52,17.59
1918,7/24/2021 4:02,17.5
1919,7/24/2021 4:12,17.41
1920,7/24/2021 4:22,17.33
1921,7/24/2021 4:32,17.24
1922,7/24/2021 4:42,17.11
1923,7/24/2021 4:52,17.07
1924,7/24/2021 5:02,17.03
1925,7/24/2021 5:12,16.94
1926,7/24/2021 5:22,15.96
1927,7/24/2021 5:32,13.51
1928,7/24/2021 5:42,12.95
1929,7/24/2021 5:52,12.78
1930,7/24/2021 6:02,12.82
1931,7/24/2021 6:12,13.08
1932,7/24/2021 6:22,13.04
1933,7/24/2021 6:32,12.87
1934,7/24/2021 6:42,13.04
1935,7/24/2021 6:52,13
1936,7/24/2021 7:02,13.04
1937,7/24/2021 7:12,13.08
1938,7/24/2021 7:22,13.34
1939,7/24/2021 7:32,13.25
1940,7/24/2021 7:42,13.34
1941,7/24/2021 7:52,13.68
1942,7/24/2021 8:02,13.6
1943,7/24/2021 8:12,13.85
1944,7/24/2021 8:22,14.41
1945,7/24/2021 8:32,14.93
1946,7/24/2021 8:42,15.27
1947,7/24/2021 8:52,16.64
1948,7/24/2021 9:02,16.9
1949,7/24/2021 9:12,18.06
1950,7/24/2021 9:22,21.1
1951,7/24/2021 9:32,21.92
1952,7/24/2021 9:42,21.88
1953,7/24/2021 9:52,22.01
1954,7/24/2021 10:02,22.48
1955,7/24/2021 10:12,24.06
1956,7/24/2021 10:22,24.58
1957,7/24/2021 10:32,24.92
1958,7/24/2021 10:42,25.39
1959,7/24/2021 10:52,25.95
1960,7/24/2021 11:02,25.61
1961,7/24/2021 11:12,24.32
1962,7/24/2021 11:22,21.19
1963,7/24/2021 11:32,20.59
1964,7/24/2021 11:42,20.29
1965,7/24/2021 11:52,19.69
1966,7/24/2021 12:02,19.52
1967,7/24/2021 12:12,19.13
1968,7/24/2021 12:22,19.09
1969,7/24/2021 12:32,19.05
1970,7/24/2021 12:42,18.7
1971,7/24/2021 12:52,19.05
1972,7/24/2021 13:02,19.39
1973,7/24/2021 13:12,19.73
1974,7/24/2021 13:22,20.07
1975,7/24/2021 13:32,20.63
1976,7/24/2021 13:42,20.37
1977,7/24/2021 13:52,20.37
1978,7/24/2021 14:02,20.46
1979,7/24/2021 14:12,20.29
1980,7/24/2021 14:22,20.12
1981,7/24/2021 14:32,19.95
1982,7/24/2021 14:42,20.12
1983,7/24/2021 14:52,20.85
1984,7/24/2021 15:02,21.36
1985,7/24/2021 15:12,21.83
1986,7/24/2021 15:22,22.26
1987,7/24/2021 15:32,22.43
1988,7/24/2021 15:42,22.69
1989,7/24/2021 15:52,22.39
1990,7/24/2021 16:02,21.96
1991,7/24/2021 16:12,21.58
1992,7/24/2021 16:22,21.28
1993,7/24/2021 16:32,21.15
1994,7/24/2021 16:42,21.36
1995,7/24/2021 16:52,21.49
1996,7/24/2021 17:02,21.66
1997,7/24/2021 17:12,21.66
1998,7/24/2021 17:22,21.66
1999,7/24/2021 17:32,21.79
2000,7/24/2021 17:42,21.88
2001,7/24/2021 17:52,21.96
2002,7/24/2021 18:02,22.09
2003,7/24/2021 18:12,22.09
2004,7/24/2021 18:22,22.01
2005,7/24/2021 18:32,21.96
2006,7/24/2021 18:42,22.01
2007,7/24/2021 18:52,22.69
2008,7/24/2021 19:02,22.91
2009,7/24/2021 19:12,22.65
2010,7/24/2021 19:22,22.52
2011,7/24/2021 19:32,22.13
2012,7/24/2021 19:42,22.05
2013,7/24/2021 19:52,21.83
2014,7/24/2021 20:02,21.58
2015,7/24/2021 20:12,21.4
2016,7/24/2021 20:22,21.23
2017,7/24/2021 20:32,21.1
2018,7/24/2021 20:42,20.93
2019,7/24/2021 20:52,20.72
2020,7/24/2021 21:02,20.68
2021,7/24/2021 21:12,20.2
2022,7/24/2021 21:22,19.9
2023,7/24/2021 21:32,19.86
2024,7/24/2021 21:42,19.43
2025,7/24/2021 21:52,18.74
2026,7/24/2021 22:02,18.14
2027,7/24/2021 22:12,18.27
2028,7/24/2021 22:22,18.57
2029,7/24/2021 22:32,18.74
2030,7/24/2021 22:42,18.83
2031,7/24/2021 22:52,18.7
2032,7/24/2021 23:02,17.41
2033,7/24/2021 23:12,16.99
2034,7/24/2021 23:22,17.03
2035,7/24/2021 23:32,16.94
2036,7/24/2021 23:42,16.9
2037,7/24/2021 23:52,16.99
2038,7/25/2021 0:02,16.99
2039,7/25/2021 0:12,16.94
2040,7/25/2021 0:22,16.9
2041,7/25/2021 0:32,16.86
2042,7/25/2021 0:42,16.81
2043,7/25/2021 0:52,16.81
2044,7/25/2021 1:02,16.69
2045,7/25/2021 1:12,16.64
2046,7/25/2021 1:22,16.73
2047,7/25/2021 1:32,17.5
2048,7/25/2021 1:42,18.06
2049,7/25/2021 1:52,18.23
2050,7/25/2021 2:02,18.32
2051,7/25/2021 2:12,18.49
2052,7/25/2021 2:22,18.83
2053,7/25/2021 2:32,19
2054,7/25/2021 2:42,19
2055,7/25/2021 2:52,19
2056,7/25/2021 3:02,19.05
2057,7/25/2021 3:12,19.05
2058,7/25/2021 3:22,19.05
2059,7/25/2021 3:32,19.09
2060,7/25/2021 3:42,19.05
2061,7/25/2021 3:52,19.17
2062,7/25/2021 4:02,19.17
2063,7/25/2021 4:12,19.26
2064,7/25/2021 4:22,19.22
2065,7/25/2021 4:32,18.44
2066,7/25/2021 4:42,17.93
2067,7/25/2021 4:52,17.89
2068,7/25/2021 5:02,17.67
2069,7/25/2021 5:12,17.46
2070,7/25/2021 5:22,17.24
2071,7/25/2021 5:32,17.16
2072,7/25/2021 5:42,17.07
2073,7/25/2021 5:52,16.99
2074,7/25/2021 6:02,16.9
2075,7/25/2021 6:12,15.14
2076,7/25/2021 6:22,13.9
2077,7/25/2021 6:32,13.51
2078,7/25/2021 6:42,13.43
2079,7/25/2021 6:52,13.47
2080,7/25/2021 7:02,13.68
2081,7/25/2021 7:12,13.77
2082,7/25/2021 7:22,13.6
2083,7/25/2021 7:32,13.85
2084,7/25/2021 7:42,14.24
2085,7/25/2021 7:52,14.54
2086,7/25/2021 8:02,14.84
2087,7/25/2021 8:12,15.4
2088,7/25/2021 8:22,16.94
2089,7/25/2021 8:32,19.26
2090,7/25/2021 8:42,23.42
2091,7/25/2021 8:52,26.3
2092,7/25/2021 9:02,28.18
2093,7/25/2021 9:12,30.2
2094,7/25/2021 9:22,30.67
2095,7/25/2021 9:32,32.94
2096,7/25/2021 9:42,32.34
2097,7/25/2021 9:52,31.06
2098,7/25/2021 10:02,29.98
2099,7/25/2021 10:12,29.56
2100,7/25/2021 10:22,29.77
2101,7/25/2021 10:32,29
2102,7/25/2021 10:42,27.84
2103,7/25/2021 10:52,27.8
2104,7/25/2021 11:02,28.18
2105,7/25/2021 11:12,27.5
2106,7/25/2021 11:22,27.15
2107,7/25/2021 11:32,26.42
2108,7/25/2021 11:42,26.04
2109,7/25/2021 11:52,22.69
2110,7/25/2021 12:02,20.85
2111,7/25/2021 12:12,20.25
2112,7/25/2021 12:22,20.03
2113,7/25/2021 12:32,19.86
2114,7/25/2021 12:42,19.6
2115,7/25/2021 12:52,19.22
2116,7/25/2021 13:02,19.35
2117,7/25/2021 13:12,19.95
2118,7/25/2021 13:22,20.55
2119,7/25/2021 13:32,20.59
2120,7/25/2021 13:42,20.33
2121,7/25/2021 13:52,20.03
2122,7/25/2021 14:02,19.99
2123,7/25/2021 14:12,20.29
2124,7/25/2021 14:22,20.29
2125,7/25/2021 14:32,19.95
2126,7/25/2021 14:42,19.99
2127,7/25/2021 14:52,19.9
2128,7/25/2021 15:02,19.95
2129,7/25/2021 15:12,20.07
2130,7/25/2021 15:22,20.2
2131,7/25/2021 15:32,20.68
2132,7/25/2021 15:42,21.23
2133,7/25/2021 15:52,22.13
2134,7/25/2021 16:02,22.56
2135,7/25/2021 16:12,22.26
2136,7/25/2021 16:22,22.13
2137,7/25/2021 16:32,21.88
2138,7/25/2021 16:42,21.7
2139,7/25/2021 16:52,21.49
2140,7/25/2021 17:02,20.55
2141,7/25/2021 17:12,20.33
2142,7/25/2021 17:22,20.5
2143,7/25/2021 17:32,20.8
2144,7/25/2021 17:42,20.89
2145,7/25/2021 17:52,20.85
2146,7/25/2021 18:02,20.85
2147,7/25/2021 18:12,20.85
2148,7/25/2021 18:22,20.8
2149,7/25/2021 18:32,20.85
2150,7/25/2021 18:42,20.98
2151,7/25/2021 18:52,21.06
2152,7/25/2021 19:02,21.02
2153,7/25/2021 19:12,20.98
2154,7/25/2021 19:22,20.89
2155,7/25/2021 19:32,20.68
2156,7/25/2021 19:42,21.02
2157,7/25/2021 19:52,21.23
2158,7/25/2021 20:02,21.28
2159,7/25/2021 20:12,21.28
2160,7/25/2021 20:22,21.28
2161,7/25/2021 20:32,20.68
2162,7/25/2021 20:42,20.55
2163,7/25/2021 20:52,20.46
2164,7/25/2021 21:02,20.2
2165,7/25/2021 21:12,20.07
2166,7/25/2021 21:22,20.07
2167,7/25/2021 21:32,19.77
2168,7/25/2021 21:42,19.69
2169,7/25/2021 21:52,19.6
2170,7/25/2021 22:02,19.56
2171,7/25/2021 22:12,19.35
2172,7/25/2021 22:22,18.96
2173,7/25/2021 22:32,18.96
2174,7/25/2021 22:42,18.57
2175,7/25/2021 22:52,18.32
2176,7/25/2021 23:02,17.89
2177,7/25/2021 23:12,17.8
2178,7/25/2021 23:22,17.89
2179,7/25/2021 23:32,18.06
2180,7/25/2021 23:42,18.06
2181,7/25/2021 23:52,18.14
2182,7/26/2021 0:02,18.14
2183,7/26/2021 0:12,17.72
2184,7/26/2021 0:22,17.33
2185,7/26/2021 0:32,17.16
2186,7/26/2021 0:42,17.07
2187,7/26/2021 0:52,17.07
2188,7/26/2021 1:02,16.94
2189,7/26/2021 1:12,16.9
2190,7/26/2021 1:22,16.94
2191,7/26/2021 1:32,16.86
2192,7/26/2021 1:42,16.99
2193,7/26/2021 1:52,17.03
2194,7/26/2021 2:02,16.94
2195,7/26/2021 2:12,16.99
2196,7/26/2021 2:22,17.24
2197,7/26/2021 2:32,17.8
2198,7/26/2021 2:42,18.32
2199,7/26/2021 2:52,18.53
2200,7/26/2021 3:02,18.74
2201,7/26/2021 3:12,18.96
2202,7/26/2021 3:22,19.17
2203,7/26/2021 3:32,19.26
2204,7/26/2021 3:42,19.26
2205,7/26/2021 3:52,19.3
2206,7/26/2021 4:02,19.47
2207,7/26/2021 4:12,19.56
2208,7/26/2021 4:22,19.69
2209,7/26/2021 4:32,19.82
2210,7/26/2021 4:42,20.03
2211,7/26/2021 4:52,20.33
2212,7/26/2021 5:02,19.73
2213,7/26/2021 5:12,18.83
2214,7/26/2021 5:22,18.06
2215,7/26/2021 5:32,17.84
2216,7/26/2021 5:42,17.72
2217,7/26/2021 5:52,17.41
2218,7/26/2021 6:02,17.33
2219,7/26/2021 6:12,17.24
2220,7/26/2021 6:22,17.16
2221,7/26/2021 6:32,17.07
2222,7/26/2021 6:42,17.03
2223,7/26/2021 6:52,16.43
2224,7/26/2021 7:02,14.37
2225,7/26/2021 7:12,14.15
2226,7/26/2021 7:22,14.03
2227,7/26/2021 7:32,14.11
2228,7/26/2021 7:42,14.2
2229,7/26/2021 7:52,14.37
2230,7/26/2021 8:02,14.67
2231,7/26/2021 8:12,14.93
2232,7/26/2021 8:22,15.01
2233,7/26/2021 8:32,14.93
2234,7/26/2021 8:42,15.1
2235,7/26/2021 8:52,15.78
2236,7/26/2021 9:02,16.69
2237,7/26/2021 9:12,17.11
2238,7/26/2021 9:22,16.64
2239,7/26/2021 9:32,15.57
2240,7/26/2021 9:42,16.21
2241,7/26/2021 9:52,18.23
2242,7/26/2021 10:02,20.25
2243,7/26/2021 10:12,21.06
2244,7/26/2021 10:22,20.12
2245,7/26/2021 10:32,21.15
2246,7/26/2021 10:42,22.01
2247,7/26/2021 10:52,23.03
2248,7/26/2021 11:02,23.64
2249,7/26/2021 11:12,25.61
2250,7/26/2021 11:22,23.51
2251,7/26/2021 11:32,25.78
2252,7/26/2021 11:42,23.76
2253,7/26/2021 11:52,21.7
2254,7/26/2021 12:02,21.66
2255,7/26/2021 12:12,22.65
2256,7/26/2021 12:22,20.46
2257,7/26/2021 12:32,19.6
2258,7/26/2021 12:42,19.13
2259,7/26/2021 12:52,19.26
2260,7/26/2021 13:02,19.22
2261,7/26/2021 13:12,19.17
2262,7/26/2021 13:22,19.09
2263,7/26/2021 13:32,18.96
2264,7/26/2021 13:42,18.87
2265,7/26/2021 13:52,18.62
2266,7/26/2021 14:02,18.92
2267,7/26/2021 14:12,19.3
2268,7/26/2021 14:22,19.56
2269,7/26/2021 14:32,19.39
2270,7/26/2021 14:42,19.35
2271,7/26/2021 14:52,19.39
2272,7/26/2021 15:02,19.35
2273,7/26/2021 15:12,19.35
2274,7/26/2021 15:22,19.39
2275,7/26/2021 15:32,19.6
2276,7/26/2021 15:42,19.52
2277,7/26/2021 15:52,19.05
2278,7/26/2021 16:02,19
2279,7/26/2021 16:12,19.05
2280,7/26/2021 16:22,19.09
2281,7/26/2021 16:32,19.47
2282,7/26/2021 16:42,19.82
2283,7/26/2021 16:52,19.99
2284,7/26/2021 17:02,20.07
2285,7/26/2021 17:12,20.2
2286,7/26/2021 17:22,20.33
2287,7/26/2021 17:32,20.2
2288,7/26/2021 17:42,19.86
2289,7/26/2021 17:52,20.33
2290,7/26/2021 18:02,20.2
2291,7/26/2021 18:12,19.86
2292,7/26/2021 18:22,19.86
2293,7/26/2021 18:32,20.25
2294,7/26/2021 18:42,20.42
2295,7/26/2021 18:52,20.68
2296,7/26/2021 19:02,21.06
2297,7/26/2021 19:12,21.32
2298,7/26/2021 19:22,21.28
2299,7/26/2021 19:32,20.98
2300,7/26/2021 19:42,20.8
2301,7/26/2021 19:52,20.76
2302,7/26/2021 20:02,20.72
2303,7/26/2021 20:12,20.63
2304,7/26/2021 20:22,20.55
2305,7/26/2021 20:32,20.37
2306,7/26/2021 20:42,20.25
2307,7/26/2021 20:52,20.12
2308,7/26/2021 21:02,20.07
2309,7/26/2021 21:12,19.95
2310,7/26/2021 21:22,19.52
2311,7/26/2021 21:32,19.22
2312,7/26/2021 21:42,19.3
2313,7/26/2021 21:52,19.22
2314,7/26/2021 22:02,19.17
2315,7/26/2021 22:12,19.13
2316,7/26/2021 22:22,19.09
2317,7/26/2021 22:32,18.92
2318,7/26/2021 22:42,18.74
2319,7/26/2021 22:52,18.66
2320,7/26/2021 23:02,18.53
2321,7/26/2021 23:12,18.57
2322,7/26/2021 23:22,18.44
2323,7/26/2021 23:32,18.36
2324,7/26/2021 23:42,18.14
2325,7/26/2021 23:52,17.93
2326,7/27/2021 0:02,17.93
2327,7/27/2021 0:12,17.67
2328,7/27/2021 0:22,17.63
2329,7/27/2021 0:32,17.89
2330,7/27/2021 0:42,17.89
2331,7/27/2021 0:52,17.8
2332,7/27/2021 1:02,17.72
2333,7/27/2021 1:12,17.16
2334,7/27/2021 1:22,16.94
2335,7/27/2021 1:32,16.81
2336,7/27/2021 1:42,16.81
2337,7/27/2021 1:52,16.73
2338,7/27/2021 2:02,16.6
2339,7/27/2021 2:12,16.6
2340,7/27/2021 2:22,16.64
2341,7/27/2021 2:32,16.69
2342,7/27/2021 2:42,16.77
2343,7/27/2021 2:52,16.81
2344,7/27/2021 3:02,16.9
2345,7/27/2021 3:12,16.9
2346,7/27/2021 3:22,17.11
2347,7/27/2021 3:32,17.41
2348,7/27/2021 3:42,17.72
2349,7/27/2021 3:52,17.8
2350,7/27/2021 4:02,17.89
2351,7/27/2021 4:12,17.97
2352,7/27/2021 4:22,18.06
2353,7/27/2021 4:32,18.14
2354,7/27/2021 4:42,18.27
2355,7/27/2021 4:52,18.36
2356,7/27/2021 5:02,18.49
2357,7/27/2021 5:12,18.57
2358,7/27/2021 5:22,18.62
2359,7/27/2021 5:32,18.62
2360,7/27/2021 5:42,18.27
2361,7/27/2021 5:52,17.72
2362,7/27/2021 6:02,17.67
2363,7/27/2021 6:12,17.67
2364,7/27/2021 6:22,17.72
2365,7/27/2021 6:32,17.59
2366,7/27/2021 6:42,17.37
2367,7/27/2021 6:52,17.29
2368,7/27/2021 7:02,17.33
2369,7/27/2021 7:12,17.33
2370,7/27/2021 7:22,17.37
2371,7/27/2021 7:32,16.73
2372,7/27/2021 7:42,15.96
2373,7/27/2021 7:52,16.73
2374,7/27/2021 8:02,18.49
2375,7/27/2021 8:12,18.36
2376,7/27/2021 8:22,18.66
2377,7/27/2021 8:32,18.4
2378,7/27/2021 8:42,17.93
2379,7/27/2021 8:52,17.89
2380,7/27/2021 9:02,17.67
2381,7/27/2021 9:12,17.29
2382,7/27/2021 9:22,17.37
2383,7/27/2021 9:32,17.8
2384,7/27/2021 9:42,18.4
2385,7/27/2021 9:52,19.09
2386,7/27/2021 10:02,19.17
2387,7/27/2021 10:12,19.26
2388,7/27/2021 10:22,19.35
2389,7/27/2021 10:32,20.03
2390,7/27/2021 10:42,19
2391,7/27/2021 10:52,18.44
2392,7/27/2021 11:02,18.36
2393,7/27/2021 11:12,19.05
2394,7/27/2021 11:22,19
2395,7/27/2021 11:32,18.96
2396,7/27/2021 11:42,18.87
2397,7/27/2021 11:52,19.22
2398,7/27/2021 12:02,20.37
2399,7/27/2021 12:12,23.12
2400,7/27/2021 12:22,24.24
2401,7/27/2021 12:32,23.46
2402,7/27/2021 12:42,21.96
2403,7/27/2021 12:52,20.55
2404,7/27/2021 13:02,19.99
2405,7/27/2021 13:12,19.73
2406,7/27/2021 13:22,19.56
2407,7/27/2021 13:32,19.47
2408,7/27/2021 13:42,19.43
2409,7/27/2021 13:52,19.13
2410,7/27/2021 14:02,19.09
2411,7/27/2021 14:12,19.43
2412,7/27/2021 14:22,19.9
2413,7/27/2021 14:32,20.07
2414,7/27/2021 14:42,19.99
2415,7/27/2021 14:52,19.86
2416,7/27/2021 15:02,20.03
2417,7/27/2021 15:12,20.12
2418,7/27/2021 15:22,20.03
2419,7/27/2021 15:32,20.42
2420,7/27/2021 15:42,20.8
2421,7/27/2021 15:52,20.85
2422,7/27/2021 16:02,20.8
2423,7/27/2021 16:12,20.85
2424,7/27/2021 16:22,20.8
2425,7/27/2021 16:32,20.76
2426,7/27/2021 16:42,20.8
2427,7/27/2021 16:52,20.98
2428,7/27/2021 17:02,21.02
2429,7/27/2021 17:12,21.02
2430,7/27/2021 17:22,21.15
2431,7/27/2021 17:32,21.28
2432,7/27/2021 17:42,21.4
2433,7/27/2021 17:52,20.98
2434,7/27/2021 18:02,20.55
2435,7/27/2021 18:12,20.37
2436,7/27/2021 18:22,20.42
2437,7/27/2021 18:32,20.59
2438,7/27/2021 18:42,20.8
2439,7/27/2021 18:52,20.98
2440,7/27/2021 19:02,21.19
2441,7/27/2021 19:12,21.4
2442,7/27/2021 19:22,21.53
2443,7/27/2021 19:32,21.79
2444,7/27/2021 19:42,21.88
2445,7/27/2021 19:52,21.79
2446,7/27/2021 20:02,21.62
2447,7/27/2021 20:12,21.53
2448,7/27/2021 20:22,21.53
2449,7/27/2021 20:32,21.53
2450,7/27/2021 20:42,21.45
2451,7/27/2021 20:52,21.4
2452,7/27/2021 21:02,21.4
2453,7/27/2021 21:12,21.19
2454,7/27/2021 21:22,21.06
2455,7/27/2021 21:32,20.89
2456,7/27/2021 21:42,20.85
2457,7/27/2021 21:52,21.02
2458,7/27/2021 22:02,20.93
2459,7/27/2021 22:12,20.98
2460,7/27/2021 22:22,20.89
2461,7/27/2021 22:32,20.72
2462,7/27/2021 22:42,20.68
2463,7/27/2021 22:52,20.5
2464,7/27/2021 23:02,20.37
2465,7/27/2021 23:12,20.25
2466,7/27/2021 23:22,20.07
2467,7/27/2021 23:32,19.9
2468,7/27/2021 23:42,19.9
2469,7/27/2021 23:52,19.82
2470,7/28/2021 0:02,19.77
2471,7/28/2021 0:12,19.69
2472,7/28/2021 0:22,19.56
2473,7/28/2021 0:32,19.52
2474,7/28/2021 0:42,19.35
2475,7/28/2021 0:52,19.09
2476,7/28/2021 1:02,18.74
2477,7/28/2021 1:12,18.57
2478,7/28/2021 1:22,18.74
2479,7/28/2021 1:32,18.66
2480,7/28/2021 1:42,18.44
2481,7/28/2021 1:52,18.53
2482,7/28/2021 2:02,18.44
2483,7/28/2021 2:12,18.27
2484,7/28/2021 2:22,18.4
2485,7/28/2021 2:32,18.49
2486,7/28/2021 2:42,18.06
2487,7/28/2021 2:52,17.89
2488,7/28/2021 3:02,17.76
2489,7/28/2021 3:12,17.67
2490,7/28/2021 3:22,17.59
2491,7/28/2021 3:32,17.8
2492,7/28/2021 3:42,17.76
2493,7/28/2021 3:52,17.89
2494,7/28/2021 4:02,17.97
2495,7/28/2021 4:12,18.1
2496,7/28/2021 4:22,18.32
2497,7/28/2021 4:32,18.49
2498,7/28/2021 4:42,18.62
2499,7/28/2021 4:52,18.62
2500,7/28/2021 5:02,18.57
2501,7/28/2021 5:12,18.66
2502,7/28/2021 5:22,18.74
2503,7/28/2021 5:32,18.96
2504,7/28/2021 5:42,19.09
2505,7/28/2021 5:52,19.05
2506,7/28/2021 6:02,19.09
2507,7/28/2021 6:12,19.09
2508,7/28/2021 6:22,19.09
2509,7/28/2021 6:32,19.05
2510,7/28/2021 6:42,19
2511,7/28/2021 6:52,18.92
2512,7/28/2021 7:02,18.74
2513,7/28/2021 7:12,18.44
2514,7/28/2021 7:22,18.27
2515,7/28/2021 7:32,18.27
2516,7/28/2021 7:42,18.32
2517,7/28/2021 7:52,18.36
2518,7/28/2021 8:02,18.44
2519,7/28/2021 8:12,17.63
2520,7/28/2021 8:22,16.43
2521,7/28/2021 8:32,16.39
2522,7/28/2021 8:42,16.77
2523,7/28/2021 8:52,17.07
2524,7/28/2021 9:02,17.41
2525,7/28/2021 9:12,17.93
2526,7/28/2021 9:22,17.93
2527,7/28/2021 9:32,18.83
2528,7/28/2021 9:42,18.53
2529,7/28/2021 9:52,20.12
2530,7/28/2021 10:02,21.96
2531,7/28/2021 10:12,23.38
2532,7/28/2021 10:22,21.92
2533,7/28/2021 10:32,24.49
2534,7/28/2021 10:42,26.25
2535,7/28/2021 10:52,25.57
2536,7/28/2021 11:02,26.04
2537,7/28/2021 11:12,25.14
2538,7/28/2021 11:22,24.88
2539,7/28/2021 11:32,22.95
2540,7/28/2021 11:42,22.13
2541,7/28/2021 11:52,21.75
2542,7/28/2021 12:02,22.65
2543,7/28/2021 12:12,22.56
2544,7/28/2021 12:22,22.52
2545,7/28/2021 12:32,22.31
2546,7/28/2021 12:42,26.42
2547,7/28/2021 12:52,25.39
2548,7/28/2021 13:02,23.55
2549,7/28/2021 13:12,22.73
2550,7/28/2021 13:22,22.18
2551,7/28/2021 13:32,21.92
2552,7/28/2021 13:42,21.62
2553,7/28/2021 13:52,21.15
2554,7/28/2021 14:02,20.68
2555,7/28/2021 14:12,20.16
2556,7/28/2021 14:22,20.25
2557,7/28/2021 14:32,21.06
2558,7/28/2021 14:42,21.66
2559,7/28/2021 14:52,21.23
2560,7/28/2021 15:02,21.1
2561,7/28/2021 15:12,20.63
2562,7/28/2021 15:22,20.8
2563,7/28/2021 15:32,21.02
2564,7/28/2021 15:42,20.68
2565,7/28/2021 15:52,20.46
2566,7/28/2021 16:02,20.37
2567,7/28/2021 16:12,20.5
2568,7/28/2021 16:22,20.72
2569,7/28/2021 16:32,21.02
2570,7/28/2021 16:42,21.02
2571,7/28/2021 16:52,20.89
2572,7/28/2021 17:02,20.89
2573,7/28/2021 17:12,20.89
2574,7/28/2021 17:22,20.85
2575,7/28/2021 17:32,20.98
2576,7/28/2021 17:42,21.06
2577,7/28/2021 17:52,21.28
2578,7/28/2021 18:02,21.4
2579,7/28/2021 18:12,21.49
2580,7/28/2021 18:22,21.45
2581,7/28/2021 18:32,21.28
2582,7/28/2021 18:42,21.06
2583,7/28/2021 18:52,21.1
2584,7/28/2021 19:02,21.23
2585,7/28/2021 19:12,21.49
2586,7/28/2021 19:22,21.88
2587,7/28/2021 19:32,21.7
2588,7/28/2021 19:42,21.7
2589,7/28/2021 19:52,22.09
2590,7/28/2021 20:02,22.39
2591,7/28/2021 20:12,22.43
2592,7/28/2021 20:22,22.61
2593,7/28/2021 20:32,22.82
2594,7/28/2021 20:42,22.95
2595,7/28/2021 20:52,22.95
2596,7/28/2021 21:02,22.82
2597,7/28/2021 21:12,22.69
2598,7/28/2021 21:22,22.48
2599,7/28/2021 21:32,22.35
2600,7/28/2021 21:42,22.09
2601,7/28/2021 21:52,21.88
2602,7/28/2021 22:02,21.58
2603,7/28/2021 22:12,21.36
2604,7/28/2021 22:22,20.98
2605,7/28/2021 22:32,20.68
2606,7/28/2021 22:42,20.37
2607,7/28/2021 22:52,20.29
2608,7/28/2021 23:02,20.25
2609,7/28/2021 23:12,20.29
2610,7/28/2021 23:22,20.25
2611,7/28/2021 23:32,20.16
2612,7/28/2021 23:42,20.16
2613,7/28/2021 23:52,20.12
2614,7/29/2021 0:02,19.99
2615,7/29/2021 0:12,19.86
2616,7/29/2021 0:22,19.77
2617,7/29/2021 0:32,19.73
2618,7/29/2021 0:42,19.73
2619,7/29/2021 0:52,19.77
2620,7/29/2021 1:02,19.77
2621,7/29/2021 1:12,19.73
2622,7/29/2021 1:22,19.6
2623,7/29/2021 1:32,19.52
2624,7/29/2021 1:42,19.39
2625,7/29/2021 1:52,19.3
2626,7/29/2021 2:02,19.26
2627,7/29/2021 2:12,19.13
2628,7/29/2021 2:22,18.92
2629,7/29/2021 2:32,18.66
2630,7/29/2021 2:42,18.4
2631,7/29/2021 2:52,18.32
2632,7/29/2021 3:02,18.32
2633,7/29/2021 3:12,18.27
2634,7/29/2021 3:22,18.27
2635,7/29/2021 3:32,18.27
2636,7/29/2021 3:42,18.19
2637,7/29/2021 3:52,18.14
2638,7/29/2021 4:02,18.06
2639,7/29/2021 4:12,18.14
2640,7/29/2021 4:22,17.97
2641,7/29/2021 4:32,18.06
2642,7/29/2021 4:42,18.36
2643,7/29/2021 4:52,18.36
2644,7/29/2021 5:02,18.87
2645,7/29/2021 5:12,19.22
2646,7/29/2021 5:22,19.43
2647,7/29/2021 5:32,19.82
2648,7/29/2021 5:42,20.16
2649,7/29/2021 5:52,19.86
2650,7/29/2021 6:02,20.2
2651,7/29/2021 6:12,19.99
2652,7/29/2021 6:22,19.9
2653,7/29/2021 6:32,19.86
2654,7/29/2021 6:42,19.86
2655,7/29/2021 6:52,19.73
2656,7/29/2021 7:02,19.39
2657,7/29/2021 7:12,19.3
2658,7/29/2021 7:22,19
2659,7/29/2021 7:32,18.74
2660,7/29/2021 7:42,18.44
2661,7/29/2021 7:52,18.19
2662,7/29/2021 8:02,18.02
2663,7/29/2021 8:12,18.02
2664,7/29/2021 8:22,18.06
2665,7/29/2021 8:32,18.19
2666,7/29/2021 8:42,18.27
2667,7/29/2021 8:52,18.53
2668,7/29/2021 9:02,18.49
2669,7/29/2021 9:12,17.46
2670,7/29/2021 9:22,17.46
2671,7/29/2021 9:32,18.1
2672,7/29/2021 9:42,19.39
2673,7/29/2021 9:52,20.93
2674,7/29/2021 10:02,22.31
2675,7/29/2021 10:12,23.42
2676,7/29/2021 10:22,26.12
2677,7/29/2021 10:32,26.25
2678,7/29/2021 10:42,27.28
2679,7/29/2021 10:52,26.77
2680,7/29/2021 11:02,26.3
2681,7/29/2021 11:12,25.87
2682,7/29/2021 11:22,26.25
2683,7/29/2021 11:32,25.91
2684,7/29/2021 11:42,25.95
2685,7/29/2021 11:52,25.61
2686,7/29/2021 12:02,25.57
2687,7/29/2021 12:12,25.22
2688,7/29/2021 12:22,24.97
2689,7/29/2021 12:32,24.36
2690,7/29/2021 12:42,27.84
2691,7/29/2021 12:52,26.12
2692,7/29/2021 13:02,24.88
2693,7/29/2021 13:12,23.59
2694,7/29/2021 13:22,22.91
2695,7/29/2021 13:32,22.78
2696,7/29/2021 13:42,22.65
2697,7/29/2021 13:52,22.31
2698,7/29/2021 14:02,21.83
2699,7/29/2021 14:12,21.36
2700,7/29/2021 14:22,21.49
2701,7/29/2021 14:32,22.05
2702,7/29/2021 14:42,22.91
2703,7/29/2021 14:52,23.03
2704,7/29/2021 15:02,22.95
2705,7/29/2021 15:12,22.52
2706,7/29/2021 15:22,21.79
2707,7/29/2021 15:32,21.49
2708,7/29/2021 15:42,21.4
2709,7/29/2021 15:52,21.06
2710,7/29/2021 16:02,20.72
2711,7/29/2021 16:12,20.8
2712,7/29/2021 16:22,21.02
2713,7/29/2021 16:32,21.1
2714,7/29/2021 16:42,21.02
2715,7/29/2021 16:52,21.02
2716,7/29/2021 17:02,21.1
2717,7/29/2021 17:12,21.23
2718,7/29/2021 17:22,21.02
2719,7/29/2021 17:32,20.93
2720,7/29/2021 17:42,20.89
2721,7/29/2021 17:52,20.59
2722,7/29/2021 18:02,20.59
2723,7/29/2021 18:12,20.5
2724,7/29/2021 18:22,20.68
2725,7/29/2021 18:32,20.8
2726,7/29/2021 18:42,20.8
2727,7/29/2021 18:52,20.72
2728,7/29/2021 19:02,20.76
2729,7/29/2021 19:12,20.76
2730,7/29/2021 19:22,20.85
2731,7/29/2021 19:32,21.02
2732,7/29/2021 19:42,21.53
2733,7/29/2021 19:52,21.66
2734,7/29/2021 20:02,21.7
2735,7/29/2021 20:12,21.88
2736,7/29/2021 20:22,22.18
2737,7/29/2021 20:32,22.18
2738,7/29/2021 20:42,22.39
2739,7/29/2021 20:52,22.09
2740,7/29/2021 21:02,21.88
2741,7/29/2021 21:12,21.75
2742,7/29/2021 21:22,21.58
2743,7/29/2021 21:32,21.7
2744,7/29/2021 21:42,22.05
2745,7/29/2021 21:52,22.18
2746,7/29/2021 22:02,22.18
2747,7/29/2021 22:12,22.01
2748,7/29/2021 22:22,22.01
2749,7/29/2021 22:32,21.66
2750,7/29/2021 22:42,21.4
2751,7/29/2021 22:52,21.19
2752,7/29/2021 23:02,20.98
2753,7/29/2021 23:12,20.63
2754,7/29/2021 23:22,20.55
2755,7/29/2021 23:32,20.29
2756,7/29/2021 23:42,20.07
2757,7/29/2021 23:52,19.99
2758,7/30/2021 0:02,19.82
2759,7/30/2021 0:12,19.69
2760,7/30/2021 0:22,19.6
2761,7/30/2021 0:32,19.6
2762,7/30/2021 0:42,19.65
2763,7/30/2021 0:52,19.65
2764,7/30/2021 1:02,19.65
2765,7/30/2021 1:12,19.69
2766,7/30/2021 1:22,19.9
2767,7/30/2021 1:32,19.9
2768,7/30/2021 1:42,19.95
2769,7/30/2021 1:52,19.9
2770,7/30/2021 2:02,19.86
2771,7/30/2021 2:12,20.25
2772,7/30/2021 2:22,20.46
2773,7/30/2021 2:32,20.5
2774,7/30/2021 2:42,20.33
2775,7/30/2021 2:52,20.29
2776,7/30/2021 3:02,20.12
2777,7/30/2021 3:12,19.99
2778,7/30/2021 3:22,20.12
2779,7/30/2021 3:32,20.07
2780,7/30/2021 3:42,19.99
2781,7/30/2021 3:52,19.82
2782,7/30/2021 4:02,19.73
2783,7/30/2021 4:12,19.73
2784,7/30/2021 4:22,19.39
2785,7/30/2021 4:32,19.39
2786,7/30/2021 4:42,19.65
2787,7/30/2021 4:52,19.6
2788,7/30/2021 5:02,19.52
2789,7/30/2021 5:12,19.43
2790,7/30/2021 5:22,19.43
2791,7/30/2021 5:32,19.52
2792,7/30/2021 5:42,19.56
2793,7/30/2021 5:52,19.95
2794,7/30/2021 6:02,20.12
2795,7/30/2021 6:12,20.2
2796,7/30/2021 6:22,20.12
2797,7/30/2021 6:32,19.95
2798,7/30/2021 6:42,19.95
2799,7/30/2021 6:52,19.95
2800,7/30/2021 7:02,19.95
2801,7/30/2021 7:12,19.95
2802,7/30/2021 7:22,19.86
2803,7/30/2021 7:32,19.77
2804,7/30/2021 7:42,19.6
2805,7/30/2021 7:52,19.56
2806,7/30/2021 8:02,19.39
2807,7/30/2021 8:12,18.79
2808,7/30/2021 8:22,18.79
2809,7/30/2021 8:32,18.57
2810,7/30/2021 8:42,18.19
2811,7/30/2021 8:52,17.8
2812,7/30/2021 9:02,17.84
2813,7/30/2021 9:12,18.27
2814,7/30/2021 9:22,18.62
2815,7/30/2021 9:32,18.79
2816,7/30/2021 9:42,18.92
2817,7/30/2021 9:52,19.17
2818,7/30/2021 10:02,19.47
2819,7/30/2021 10:12,20.42
2820,7/30/2021 10:22,22.18
2821,7/30/2021 10:32,24.49
2822,7/30/2021 10:42,25.69
2823,7/30/2021 10:52,25.99
2824,7/30/2021 11:02,25.69
2825,7/30/2021 11:12,26.08
2826,7/30/2021 11:22,25.91
2827,7/30/2021 11:32,25.95
2828,7/30/2021 11:42,25.57
2829,7/30/2021 11:52,25.48
2830,7/30/2021 12:02,25.48
2831,7/30/2021 12:12,26.42
2832,7/30/2021 12:22,25.95
2833,7/30/2021 12:32,25.18
2834,7/30/2021 12:42,24.66
2835,7/30/2021 12:52,24.32
2836,7/30/2021 13:02,23.98
2837,7/30/2021 13:12,23.81
2838,7/30/2021 13:22,23.64
2839,7/30/2021 13:32,23.46
2840,7/30/2021 13:42,23.25
2841,7/30/2021 13:52,22.99
2842,7/30/2021 14:02,22.86
2843,7/30/2021 14:12,22.91
2844,7/30/2021 14:22,23.03
2845,7/30/2021 14:32,23.25
2846,7/30/2021 14:42,23.46
2847,7/30/2021 14:52,23.12
2848,7/30/2021 15:02,22.48
2849,7/30/2021 15:12,22.05
2850,7/30/2021 15:22,21.83
2851,7/30/2021 15:32,21.53
2852,7/30/2021 15:42,21.36
2853,7/30/2021 15:52,21.53
2854,7/30/2021 16:02,21.66
2855,7/30/2021 16:12,21.28
2856,7/30/2021 16:22,21.23
2857,7/30/2021 16:32,20.98
2858,7/30/2021 16:42,21.28
2859,7/30/2021 16:52,21.62
2860,7/30/2021 17:02,21.79
2861,7/30/2021 17:12,21.88
2862,7/30/2021 17:22,21.96
2863,7/30/2021 17:32,22.09
2864,7/30/2021 17:42,22.09
2865,7/30/2021 17:52,22.09
2866,7/30/2021 18:02,22.09
2867,7/30/2021 18:12,21.88
2868,7/30/2021 18:22,22.18
2869,7/30/2021 18:32,22.01
2870,7/30/2021 18:42,21.79
2871,7/30/2021 18:52,21.4
2872,7/30/2021 19:02,21.15
2873,7/30/2021 19:12,21.1
2874,7/30/2021 19:22,21.06
2875,7/30/2021 19:32,21.28
2876,7/30/2021 19:42,22.22
2877,7/30/2021 19:52,22.35
2878,7/30/2021 20:02,22.09
2879,7/30/2021 20:12,21.53
2880,7/30/2021 20:22,21.45
2881,7/30/2021 20:32,21.88
2882,7/30/2021 20:42,22.05
2883,7/30/2021 20:52,22.18
2884,7/30/2021 21:02,22.31
2885,7/30/2021 21:12,22.26
2886,7/30/2021 21:22,22.56
2887,7/30/2021 21:32,22.91
2888,7/30/2021 21:42,22.86
2889,7/30/2021 21:52,22.78
2890,7/30/2021 22:02,22.52
2891,7/30/2021 22:12,22.39
2892,7/30/2021 22:22,22.95
2893,7/30/2021 22:32,23.16
2894,7/30/2021 22:42,22.95
2895,7/30/2021 22:52,22.78
2896,7/30/2021 23:02,22.69
2897,7/30/2021 23:12,22.56
2898,7/30/2021 23:22,22.39
2899,7/30/2021 23:32,22.18
2900,7/30/2021 23:42,21.96
2901,7/30/2021 23:52,21.7
2902,7/31/2021 0:02,21.49
2903,7/31/2021 0:12,20.8
2904,7/31/2021 0:22,20.55
2905,7/31/2021 0:32,19.99
2906,7/31/2021 0:42,19.77
2907,7/31/2021 0:52,19.43
2908,7/31/2021 1:02,19.3
2909,7/31/2021 1:12,19.26
2910,7/31/2021 1:22,19.47
2911,7/31/2021 1:32,19.35
2912,7/31/2021 1:42,19.22
2913,7/31/2021 1:52,19.05
2914,7/31/2021 2:02,19.22
2915,7/31/2021 2:12,19.22
2916,7/31/2021 2:22,19.35
2917,7/31/2021 2:32,19.6
2918,7/31/2021 2:42,19.77
2919,7/31/2021 2:52,19.99
2920,7/31/2021 3:02,20.2
2921,7/31/2021 3:12,20.25
2922,7/31/2021 3:22,20.25
2923,7/31/2021 3:32,20.12
2924,7/31/2021 3:42,20.12
2925,7/31/2021 3:52,20.12
2926,7/31/2021 4:02,20.16
2927,7/31/2021 4:12,20.12
2928,7/31/2021 4:22,20.03
2929,7/31/2021 4:32,20.03
2930,7/31/2021 4:42,19.86
2931,7/31/2021 4:52,19.82
2932,7/31/2021 5:02,19.73
2933,7/31/2021 5:12,19.73
2934,7/31/2021 5:22,19.65
2935,7/31/2021 5:32,19.65
2936,7/31/2021 5:42,19.6
2937,7/31/2021 5:52,19.56
2938,7/31/2021 6:02,19.56
2939,7/31/2021 6:12,19.56
2940,7/31/2021 6:22,19.47
2941,7/31/2021 6:32,19.39
2942,7/31/2021 6:42,19.35
2943,7/31/2021 6:52,19.3
2944,7/31/2021 7:02,19.3
2945,7/31/2021 7:12,19.22
2946,7/31/2021 7:22,19.17
2947,7/31/2021 7:32,19.17
2948,7/31/2021 7:42,19.13
2949,7/31/2021 7:52,19
2950,7/31/2021 8:02,18.92
2951,7/31/2021 8:12,18.83
2952,7/31/2021 8:22,18.92
2953,7/31/2021 8:32,18.83
2954,7/31/2021 8:42,18.53
2955,7/31/2021 8:52,18.27
2956,7/31/2021 9:02,18.1
2957,7/31/2021 9:12,18.19
2958,7/31/2021 9:22,18.53
2959,7/31/2021 9:32,18.49
2960,7/31/2021 9:42,18.92
2961,7/31/2021 9:52,19.35
2962,7/31/2021 10:02,19.77
2963,7/31/2021 10:12,19.99
2964,7/31/2021 10:22,20.46
2965,7/31/2021 10:32,20.8
2966,7/31/2021 10:42,20.98
2967,7/31/2021 10:52,21.32
2968,7/31/2021 11:02,22.01
2969,7/31/2021 11:12,22.61
2970,7/31/2021 11:22,23.21
2971,7/31/2021 11:32,23.59
2972,7/31/2021 11:42,23.76
2973,7/31/2021 11:52,23.38
2974,7/31/2021 12:02,23.72
2975,7/31/2021 12:12,24.06
2976,7/31/2021 12:22,24.24
2977,7/31/2021 12:32,24.15
2978,7/31/2021 12:42,24.36
2979,7/31/2021 12:52,24.41
2980,7/31/2021 13:02,24.49
2981,7/31/2021 13:12,24.32
2982,7/31/2021 13:22,23.94
2983,7/31/2021 13:32,23.55
2984,7/31/2021 13:42,23.46
2985,7/31/2021 13:52,23.29
2986,7/31/2021 14:02,23.34
2987,7/31/2021 14:12,23.34
2988,7/31/2021 14:22,23.25
2989,7/31/2021 14:32,23.25
2990,7/31/2021 14:42,23.29
2991,7/31/2021 14:52,23.51
2992,7/31/2021 15:02,23.59
2993,7/31/2021 15:12,23.76
2994,7/31/2021 15:22,23.76
2995,7/31/2021 15:32,23.85
2996,7/31/2021 15:42,23.81
2997,7/31/2021 15:52,23.38
2998,7/31/2021 16:02,23.12
2999,7/31/2021 16:12,22.78
3000,7/31/2021 16:22,22.52
3001,7/31/2021 16:32,22.18
3002,7/31/2021 16:42,22.01
3003,7/31/2021 16:52,21.79
3004,7/31/2021 17:02,21.79
3005,7/31/2021 17:12,21.45
3006,7/31/2021 17:22,21.23
3007,7/31/2021 17:32,20.98
3008,7/31/2021 17:42,20.93
3009,7/31/2021 17:52,20.85
3010,7/31/2021 18:02,20.89
3011,7/31/2021 18:12,20.8
3012,7/31/2021 18:22,20.85
3013,7/31/2021 18:32,20.98
3014,7/31/2021 18:42,21.1
3015,7/31/2021 18:52,21.45
3016,7/31/2021 19:02,21.66
3017,7/31/2021 19:12,21.49
3018,7/31/2021 19:22,21.32
3019,7/31/2021 19:32,21.58
3020,7/31/2021 19:42,21.79
3021,7/31/2021 19:52,21.92
3022,7/31/2021 20:02,21.96
3023,7/31/2021 20:12,21.96
3024,7/31/2021 20:22,21.96
3025,7/31/2021 20:32,22.01
3026,7/31/2021 20:42,21.96
3027,7/31/2021 20:52,22.01
3028,7/31/2021 21:02,22.35
3029,7/31/2021 21:12,22.43
3030,7/31/2021 21:22,22.13
3031,7/31/2021 21:32,22.01
3032,7/31/2021 21:42,22.05
3033,7/31/2021 21:52,22.05
3034,7/31/2021 22:02,22.13
3035,7/31/2021 22:12,22.48
3036,7/31/2021 22:22,22.73
3037,7/31/2021 22:32,22.86
3038,7/31/2021 22:42,22.91
3039,7/31/2021 22:52,22.99
3040,7/31/2021 23:02,23.12
3041,7/31/2021 23:12,23.25
3042,7/31/2021 23:22,23.21
3043,7/31/2021 23:32,23.12
3044,7/31/2021 23:42,22.95
3045,7/31/2021 23:52,22.78
3046,8/1/2021 0:02,22.52
3047,8/1/2021 0:12,22.22
3048,8/1/2021 0:22,21.79
3049,8/1/2021 0:32,21.28
3050,8/1/2021 0:42,20.76
3051,8/1/2021 0:52,19.13
3052,8/1/2021 1:02,17.2
3053,8/1/2021 1:12,16.3
3054,8/1/2021 1:22,16
3055,8/1/2021 1:32,15.57
3056,8/1/2021 1:42,15.53
3057,8/1/2021 1:52,15.48
3058,8/1/2021 2:02,15.31
3059,8/1/2021 2:12,15.27
3060,8/1/2021 2:22,15.18
3061,8/1/2021 2:32,15.06
3062,8/1/2021 2:42,15.06
3063,8/1/2021 2:52,15.06
3064,8/1/2021 3:02,14.97
3065,8/1/2021 3:12,14.71
3066,8/1/2021 3:22,14.84
3067,8/1/2021 3:32,15.18
3068,8/1/2021 3:42,17.5
3069,8/1/2021 3:52,18.06
3070,8/1/2021 4:02,18.1
3071,8/1/2021 4:12,18.4
3072,8/1/2021 4:22,18.74
3073,8/1/2021 4:32,19.09
3074,8/1/2021 4:42,19.47
3075,8/1/2021 4:52,19.73
3076,8/1/2021 5:02,19.73
3077,8/1/2021 5:12,19.86
3078,8/1/2021 5:22,19.86
3079,8/1/2021 5:32,19.86
3080,8/1/2021 5:42,19.9
3081,8/1/2021 5:52,19.86
3082,8/1/2021 6:02,19.9
3083,8/1/2021 6:12,19.86
3084,8/1/2021 6:22,19.82
3085,8/1/2021 6:32,19.73
3086,8/1/2021 6:42,19.77
3087,8/1/2021 6:52,19.73
3088,8/1/2021 7:02,19.73
3089,8/1/2021 7:12,19.65
3090,8/1/2021 7:22,19.65
3091,8/1/2021 7:32,19.6
3092,8/1/2021 7:42,19.56
3093,8/1/2021 7:52,19.56
3094,8/1/2021 8:02,19.56
3095,8/1/2021 8:12,19.47
3096,8/1/2021 8:22,19.39
3097,8/1/2021 8:32,19.35
3098,8/1/2021 8:42,19.3
3099,8/1/2021 8:52,19.3
3100,8/1/2021 9:02,19.26
3101,8/1/2021 9:12,19.3
3102,8/1/2021 9:22,19.3
3103,8/1/2021 9:32,19.26
3104,8/1/2021 9:42,19.22
3105,8/1/2021 9:52,19.22
3106,8/1/2021 10:02,19.22
3107,8/1/2021 10:12,19.22
3108,8/1/2021 10:22,19.35
3109,8/1/2021 10:32,19.17
3110,8/1/2021 10:42,19
3111,8/1/2021 10:52,19.05
3112,8/1/2021 11:02,19.39
3113,8/1/2021 11:12,19.65
3114,8/1/2021 11:22,19.77
3115,8/1/2021 11:32,20.42
3116,8/1/2021 11:42,20.46
3117,8/1/2021 11:52,21.02
3118,8/1/2021 12:02,21.58
3119,8/1/2021 12:12,22.18
3120,8/1/2021 12:22,22.52
3121,8/1/2021 12:32,22.82
3122,8/1/2021 12:42,23.16
3123,8/1/2021 12:52,23.38
3124,8/1/2021 13:02,23.42
3125,8/1/2021 13:12,23.55
3126,8/1/2021 13:22,23.81
3127,8/1/2021 13:32,23.85
3128,8/1/2021 13:42,23.76
3129,8/1/2021 13:52,23.46
3130,8/1/2021 14:02,23.38
3131,8/1/2021 14:12,23.29
3132,8/1/2021 14:22,23.51
3133,8/1/2021 14:32,23.64
3134,8/1/2021 14:42,23.59
3135,8/1/2021 14:52,23.64
3136,8/1/2021 15:02,23.55
3137,8/1/2021 15:12,23.46
3138,8/1/2021 15:22,23.51
3139,8/1/2021 15:32,23.42
3140,8/1/2021 15:42,23.29
3141,8/1/2021 15:52,23.12
3142,8/1/2021 16:02,22.99
3143,8/1/2021 16:12,22.61
3144,8/1/2021 16:22,22.31
3145,8/1/2021 16:32,22.22
3146,8/1/2021 16:42,22.18
3147,8/1/2021 16:52,22.13
3148,8/1/2021 17:02,22.01
3149,8/1/2021 17:12,21.53
3150,8/1/2021 17:22,21.23
3151,8/1/2021 17:32,21.1
3152,8/1/2021 17:42,20.98
3153,8/1/2021 17:52,20.93
3154,8/1/2021 18:02,21.02
3155,8/1/2021 18:12,20.89
3156,8/1/2021 18:22,20.93
3157,8/1/2021 18:32,20.93
3158,8/1/2021 18:42,21.1
3159,8/1/2021 18:52,21.1
3160,8/1/2021 19:02,21.06
3161,8/1/2021 19:12,21.23
3162,8/1/2021 19:22,21.23
3163,8/1/2021 19:32,21.15
3164,8/1/2021 19:42,20.98
3165,8/1/2021 19:52,20.89
3166,8/1/2021 20:02,20.89
3167,8/1/2021 20:12,21.02
3168,8/1/2021 20:22,20.89
3169,8/1/2021 20:32,20.76
3170,8/1/2021 20:42,20.93
3171,8/1/2021 20:52,21.06
3172,8/1/2021 21:02,21.06
3173,8/1/2021 21:12,21.19
3174,8/1/2021 21:22,21.45
3175,8/1/2021 21:32,21.83
3176,8/1/2021 21:42,22.05
3177,8/1/2021 21:52,22.01
3178,8/1/2021 22:02,22.39
3179,8/1/2021 22:12,22.56
3180,8/1/2021 22:22,22.61
3181,8/1/2021 22:32,22.61
3182,8/1/2021 22:42,22.73
3183,8/1/2021 22:52,23.03
3184,8/1/2021 23:02,23.34
3185,8/1/2021 23:12,23.38
3186,8/1/2021 23:22,23.29
3187,8/1/2021 23:32,23.34
3188,8/1/2021 23:42,23.16
3189,8/1/2021 23:52,23.16
3190,8/2/2021 0:02,23.12
3191,8/2/2021 0:12,22.99
3192,8/2/2021 0:22,22.73
3193,8/2/2021 0:32,22.69
3194,8/2/2021 0:42,22.56
3195,8/2/2021 0:52,22.48
3196,8/2/2021 1:02,22.35
3197,8/2/2021 1:12,22.26
3198,8/2/2021 1:22,22.18
3199,8/2/2021 1:32,22.01
3200,8/2/2021 1:42,21.75
3201,8/2/2021 1:52,21.28
3202,8/2/2021 2:02,20.8
3203,8/2/2021 2:12,20.29
3204,8/2/2021 2:22,19.86
3205,8/2/2021 2:32,19.47
3206,8/2/2021 2:42,19.13
3207,8/2/2021 2:52,18.79
3208,8/2/2021 3:02,18.53
3209,8/2/2021 3:12,18.23
3210,8/2/2021 3:22,18.02
3211,8/2/2021 3:32,17.72
3212,8/2/2021 3:42,17.5
3213,8/2/2021 3:52,17.24
3214,8/2/2021 4:02,17.16
3215,8/2/2021 4:12,16.99
3216,8/2/2021 4:22,16.81
3217,8/2/2021 4:32,16.73
3218,8/2/2021 4:42,16.6
3219,8/2/2021 4:52,16.47
3220,8/2/2021 5:02,16.39
3221,8/2/2021 5:12,16.26
3222,8/2/2021 5:22,16.39
3223,8/2/2021 5:32,17.07
3224,8/2/2021 5:42,17.11
3225,8/2/2021 5:52,17.24
3226,8/2/2021 6:02,17.89
3227,8/2/2021 6:12,18.4
3228,8/2/2021 6:22,19.09
3229,8/2/2021 6:32,20.03
3230,8/2/2021 6:42,20.5
3231,8/2/2021 6:52,20.93
3232,8/2/2021 7:02,21.02
3233,8/2/2021 7:12,21.02
3234,8/2/2021 7:22,20.98
3235,8/2/2021 7:32,20.98
3236,8/2/2021 7:42,20.98
3237,8/2/2021 7:52,21.02
3238,8/2/2021 8:02,20.93
3239,8/2/2021 8:12,20.72
3240,8/2/2021 8:22,20.68
3241,8/2/2021 8:32,20.63
3242,8/2/2021 8:42,20.59
3243,8/2/2021 8:52,20.55
3244,8/2/2021 9:02,20.59
3245,8/2/2021 9:12,20.63
3246,8/2/2021 9:22,20.72
3247,8/2/2021 9:32,20.8
3248,8/2/2021 9:42,20.8
3249,8/2/2021 9:52,21.02
3250,8/2/2021 10:02,21.1
3251,8/2/2021 10:12,21.19
3252,8/2/2021 10:22,21.32
3253,8/2/2021 10:32,21.28
3254,8/2/2021 10:42,21.36
3255,8/2/2021 10:52,21.4
3256,8/2/2021 11:02,21.45
3257,8/2/2021 11:12,21.62
3258,8/2/2021 11:22,21.62
3259,8/2/2021 11:32,21.7
3260,8/2/2021 11:42,21.79
3261,8/2/2021 11:52,22.05
3262,8/2/2021 12:02,22.26
3263,8/2/2021 12:12,22.35
3264,8/2/2021 12:22,22.48
3265,8/2/2021 12:32,22.56
3266,8/2/2021 12:42,22.65
3267,8/2/2021 12:52,23.42
3268,8/2/2021 13:02,23.34
3269,8/2/2021 13:12,23.21
3270,8/2/2021 13:22,23.34
3271,8/2/2021 13:32,23.51
3272,8/2/2021 13:42,23.55
3273,8/2/2021 13:52,23.42
3274,8/2/2021 14:02,23.59
3275,8/2/2021 14:12,23.68
3276,8/2/2021 14:22,23.98
3277,8/2/2021 14:32,23.98
3278,8/2/2021 14:42,23.94
3279,8/2/2021 14:52,23.89
3280,8/2/2021 15:02,23.72
3281,8/2/2021 15:12,23.76
3282,8/2/2021 15:22,23.72
3283,8/2/2021 15:32,23.51
3284,8/2/2021 15:42,23.46
3285,8/2/2021 15:52,23.42
3286,8/2/2021 16:02,23.34
3287,8/2/2021 16:12,23.38
3288,8/2/2021 16:22,23.38
3289,8/2/2021 16:32,23.42
3290,8/2/2021 16:42,23.38
3291,8/2/2021 16:52,23.21
3292,8/2/2021 17:02,22.78
3293,8/2/2021 17:12,22.65
3294,8/2/2021 17:22,22.61
3295,8/2/2021 17:32,22.65
3296,8/2/2021 17:42,22.78
3297,8/2/2021 17:52,22.91
3298,8/2/2021 18:02,23.12
3299,8/2/2021 18:12,23.29
3300,8/2/2021 18:22,23.51
3301,8/2/2021 18:32,23.51
3302,8/2/2021 18:42,23.64
3303,8/2/2021 18:52,23.85
3304,8/2/2021 19:02,23.89
3305,8/2/2021 19:12,23.98
3306,8/2/2021 19:22,23.89
3307,8/2/2021 19:32,23.94
3308,8/2/2021 19:42,24.02
3309,8/2/2021 19:52,23.81
3310,8/2/2021 20:02,23.42
3311,8/2/2021 20:12,23.59
3312,8/2/2021 20:22,23.59
3313,8/2/2021 20:32,22.69
3314,8/2/2021 20:42,21.92
3315,8/2/2021 20:52,21.83
3316,8/2/2021 21:02,21.53
3317,8/2/2021 21:12,21.23
3318,8/2/2021 21:22,20.93
3319,8/2/2021 21:32,20.5
3320,8/2/2021 21:42,20.25
3321,8/2/2021 21:52,20.33
3322,8/2/2021 22:02,20.55
3323,8/2/2021 22:12,20.76
3324,8/2/2021 22:22,20.93
3325,8/2/2021 22:32,21.23
3326,8/2/2021 22:42,21.49
3327,8/2/2021 22:52,21.79
3328,8/2/2021 23:02,21.88
3329,8/2/2021 23:12,21.88
3330,8/2/2021 23:22,21.79
3331,8/2/2021 23:32,21.92
3332,8/2/2021 23:42,22.18
3333,8/2/2021 23:52,22.09
3334,8/3/2021 0:02,21.79
3335,8/3/2021 0:12,21.7
3336,8/3/2021 0:22,21.83
3337,8/3/2021 0:32,21.88
3338,8/3/2021 0:42,21.83
3339,8/3/2021 0:52,21.75
3340,8/3/2021 1:02,21.58
3341,8/3/2021 1:12,21.45
3342,8/3/2021 1:22,21.23
3343,8/3/2021 1:32,21.02
3344,8/3/2021 1:42,20.76
3345,8/3/2021 1:52,20.2
3346,8/3/2021 2:02,19.3
3347,8/3/2021 2:12,16.08
3348,8/3/2021 2:22,14.84
3349,8/3/2021 2:32,14.45
3350,8/3/2021 2:42,14.41
3351,8/3/2021 2:52,14.11
3352,8/3/2021 3:02,14.11
3353,8/3/2021 3:12,13.98
3354,8/3/2021 3:22,13.94
3355,8/3/2021 3:32,14.11
3356,8/3/2021 3:42,13.85
3357,8/3/2021 3:52,13.94
3358,8/3/2021 4:02,13.77
3359,8/3/2021 4:12,13.9
3360,8/3/2021 4:22,13.73
3361,8/3/2021 4:32,13.73
3362,8/3/2021 4:42,13.55
3363,8/3/2021 4:52,13.47
3364,8/3/2021 5:02,13.51
3365,8/3/2021 5:12,13.47
3366,8/3/2021 5:22,13.43
3367,8/3/2021 5:32,13.43
3368,8/3/2021 5:42,13.43
3369,8/3/2021 5:52,13.34
3370,8/3/2021 6:02,13.12
3371,8/3/2021 6:12,13
3372,8/3/2021 6:22,13
3373,8/3/2021 6:32,13
3374,8/3/2021 6:42,14.07
3375,8/3/2021 6:52,16.51
3376,8/3/2021 7:02,17.41
3377,8/3/2021 7:12,18.23
3378,8/3/2021 7:22,19.05
3379,8/3/2021 7:32,19.43
3380,8/3/2021 7:42,19.77
3381,8/3/2021 7:52,20.03
3382,8/3/2021 8:02,20.07
3383,8/3/2021 8:12,20.16
3384,8/3/2021 8:22,20.2
3385,8/3/2021 8:32,20.33
3386,8/3/2021 8:42,20.37
3387,8/3/2021 8:52,20.33
3388,8/3/2021 9:02,20.29
3389,8/3/2021 9:12,20.29
3390,8/3/2021 9:22,20.25
3391,8/3/2021 9:32,20.16
3392,8/3/2021 9:42,20.2
3393,8/3/2021 9:52,20.2
3394,8/3/2021 10:02,20.16
3395,8/3/2021 10:12,20.2
3396,8/3/2021 10:22,20.37
3397,8/3/2021 10:32,20.37
3398,8/3/2021 10:42,20.42
3399,8/3/2021 10:52,20.37
3400,8/3/2021 11:02,20.33
3401,8/3/2021 11:12,20.37
3402,8/3/2021 11:22,20.42
3403,8/3/2021 11:32,20.42
3404,8/3/2021 11:42,20.42
3405,8/3/2021 11:52,20.5
3406,8/3/2021 12:02,20.63
3407,8/3/2021 12:12,20.76
3408,8/3/2021 12:22,20.85
3409,8/3/2021 12:32,21.23
3410,8/3/2021 12:42,21.06
3411,8/3/2021 12:52,21.1
3412,8/3/2021 13:02,21.19
3413,8/3/2021 13:12,21.28
3414,8/3/2021 13:22,21.49
3415,8/3/2021 13:32,21.7
3416,8/3/2021 13:42,22.01
3417,8/3/2021 13:52,22.18
3418,8/3/2021 14:02,22.35
3419,8/3/2021 14:12,22.43
3420,8/3/2021 14:22,22.61
3421,8/3/2021 14:32,22.86
3422,8/3/2021 14:42,22.99
3423,8/3/2021 14:52,23.08
3424,8/3/2021 15:02,22.95
3425,8/3/2021 15:12,22.99
3426,8/3/2021 15:22,22.99
3427,8/3/2021 15:32,23.12
3428,8/3/2021 15:42,23.16
3429,8/3/2021 15:52,23.16
3430,8/3/2021 16:02,23.03
3431,8/3/2021 16:12,22.99
3432,8/3/2021 16:22,22.73
3433,8/3/2021 16:32,22.69
3434,8/3/2021 16:42,22.56
3435,8/3/2021 16:52,22.35
3436,8/3/2021 17:02,22.39
3437,8/3/2021 17:12,22.18
3438,8/3/2021 17:22,22.13
3439,8/3/2021 17:32,22.01
3440,8/3/2021 17:42,21.88
3441,8/3/2021 17:52,21.79
3442,8/3/2021 18:02,21.53
3443,8/3/2021 18:12,21.15
3444,8/3/2021 18:22,21.15
3445,8/3/2021 18:32,21.36
3446,8/3/2021 18:42,21.32
3447,8/3/2021 18:52,21.19
3448,8/3/2021 19:02,20.93
3449,8/3/2021 19:12,21.02
3450,8/3/2021 19:22,20.8
3451,8/3/2021 19:32,20.72
3452,8/3/2021 19:42,20.59
3453,8/3/2021 19:52,20.55
3454,8/3/2021 20:02,20.46
3455,8/3/2021 20:12,20.5
3456,8/3/2021 20:22,20.5
3457,8/3/2021 20:32,20.42
3458,8/3/2021 20:42,20.37
3459,8/3/2021 20:52,20.37
3460,8/3/2021 21:02,20.42
3461,8/3/2021 21:12,20.76
3462,8/3/2021 21:22,21.1
3463,8/3/2021 21:32,21.4
3464,8/3/2021 21:42,21.06
3465,8/3/2021 21:52,20.68
3466,8/3/2021 22:02,20.59
3467,8/3/2021 22:12,20.68
3468,8/3/2021 22:22,20.85
3469,8/3/2021 22:32,20.8
3470,8/3/2021 22:42,21.28
3471,8/3/2021 22:52,21.58
3472,8/3/2021 23:02,21.66
3473,8/3/2021 23:12,21.58
3474,8/3/2021 23:22,21.06
3475,8/3/2021 23:32,21.1
3476,8/3/2021 23:42,21.36
3477,8/3/2021 23:52,21.4
3478,8/4/2021 0:02,21.36
3479,8/4/2021 0:12,21.4
3480,8/4/2021 0:22,21.19
3481,8/4/2021 0:32,20.85
3482,8/4/2021 0:42,20.76
3483,8/4/2021 0:52,20.8
3484,8/4/2021 1:02,20.85
3485,8/4/2021 1:12,20.85
3486,8/4/2021 1:22,20.89
3487,8/4/2021 1:32,20.63
3488,8/4/2021 1:42,20.55
3489,8/4/2021 1:52,20.42
3490,8/4/2021 2:02,20.29
3491,8/4/2021 2:12,20.16
3492,8/4/2021 2:22,19.86
3493,8/4/2021 2:32,19.47
3494,8/4/2021 2:42,18.57
3495,8/4/2021 2:52,16.69
3496,8/4/2021 3:02,15.53
3497,8/4/2021 3:12,15.1
3498,8/4/2021 3:22,15.01
3499,8/4/2021 3:32,14.71
3500,8/4/2021 3:42,14.88
3501,8/4/2021 3:52,14.84
3502,8/4/2021 4:02,14.71
3503,8/4/2021 4:12,14.54
3504,8/4/2021 4:22,14.33
3505,8/4/2021 4:32,14.28
3506,8/4/2021 4:42,14.24
3507,8/4/2021 4:52,14.15
3508,8/4/2021 5:02,14.03
3509,8/4/2021 5:12,13.9
3510,8/4/2021 5:22,13.98
3511,8/4/2021 5:32,13.81
3512,8/4/2021 5:42,13.68
3513,8/4/2021 5:52,13.73
3514,8/4/2021 6:02,13.6
3515,8/4/2021 6:12,13.51
3516,8/4/2021 6:22,13.43
3517,8/4/2021 6:32,13.34
3518,8/4/2021 6:42,13.38
3519,8/4/2021 6:52,13.25
3520,8/4/2021 7:02,13.38
3521,8/4/2021 7:12,13.64
3522,8/4/2021 7:22,13.64
3523,8/4/2021 7:32,13.73
3524,8/4/2021 7:42,13.9
3525,8/4/2021 7:52,15.61
3526,8/4/2021 8:02,16.81
3527,8/4/2021 8:12,17.63
3528,8/4/2021 8:22,18.1
3529,8/4/2021 8:32,18.62
3530,8/4/2021 8:42,18.83
3531,8/4/2021 8:52,19
3532,8/4/2021 9:02,19.17
3533,8/4/2021 9:12,19.3
3534,8/4/2021 9:22,19.39
3535,8/4/2021 9:32,19.47
3536,8/4/2021 9:42,19.43
3537,8/4/2021 9:52,19.35
3538,8/4/2021 10:02,19.26
3539,8/4/2021 10:12,19.26
3540,8/4/2021 10:22,19.26
3541,8/4/2021 10:32,19.26
3542,8/4/2021 10:42,19.3
3543,8/4/2021 10:52,19.35
3544,8/4/2021 11:02,19.3
3545,8/4/2021 11:12,19.43
3546,8/4/2021 11:22,19.6
3547,8/4/2021 11:32,19.43
3548,8/4/2021 11:42,19.52
3549,8/4/2021 11:52,19.6
3550,8/4/2021 12:02,19.77
3551,8/4/2021 12:12,19.73
3552,8/4/2021 12:22,19.86
3553,8/4/2021 12:32,19.9
3554,8/4/2021 12:42,19.82
3555,8/4/2021 12:52,19.9
3556,8/4/2021 13:02,20.12
3557,8/4/2021 13:12,20.37
3558,8/4/2021 13:22,20.33
3559,8/4/2021 13:32,20.29
3560,8/4/2021 13:42,20.25
3561,8/4/2021 13:52,20.25
3562,8/4/2021 14:02,20.37
3563,8/4/2021 14:12,20.5
3564,8/4/2021 14:22,20.63
3565,8/4/2021 14:32,20.89
3566,8/4/2021 14:42,21.15
3567,8/4/2021 14:52,21.28
3568,8/4/2021 15:02,21.53
3569,8/4/2021 15:12,21.58
3570,8/4/2021 15:22,21.75
3571,8/4/2021 15:32,21.7
3572,8/4/2021 15:42,21.66
3573,8/4/2021 15:52,21.7
3574,8/4/2021 16:02,21.79
3575,8/4/2021 16:12,21.7
3576,8/4/2021 16:22,21.58
3577,8/4/2021 16:32,21.58
3578,8/4/2021 16:42,21.53
3579,8/4/2021 16:52,21.45
3580,8/4/2021 17:02,21.49
3581,8/4/2021 17:12,21.4
3582,8/4/2021 17:22,21.36
3583,8/4/2021 17:32,21.32
3584,8/4/2021 17:42,21.28
3585,8/4/2021 17:52,21.23
3586,8/4/2021 18:02,21.15
3587,8/4/2021 18:12,20.93
3588,8/4/2021 18:22,20.85
3589,8/4/2021 18:32,20.59
3590,8/4/2021 18:42,20.5
3591,8/4/2021 18:52,20.5
3592,8/4/2021 19:02,20.46
3593,8/4/2021 19:12,20.59
3594,8/4/2021 19:22,20.63
3595,8/4/2021 19:32,20.68
3596,8/4/2021 19:42,20.68
3597,8/4/2021 19:52,20.63
3598,8/4/2021 20:02,20.63
3599,8/4/2021 20:12,20.63
3600,8/4/2021 20:22,20.59
3601,8/4/2021 20:32,20.63
3602,8/4/2021 20:42,20.55
3603,8/4/2021 20:52,20.42
3604,8/4/2021 21:02,20.33
3605,8/4/2021 21:12,20.29
3606,8/4/2021 21:22,20.29
3607,8/4/2021 21:32,20.33
3608,8/4/2021 21:42,20.37
3609,8/4/2021 21:52,20.5
3610,8/4/2021 22:02,20.59
3611,8/4/2021 22:12,20.5
3612,8/4/2021 22:22,20.33
3613,8/4/2021 22:32,20.29
3614,8/4/2021 22:42,20.25
3615,8/4/2021 22:52,20.25
3616,8/4/2021 23:02,20.12
3617,8/4/2021 23:12,19.99
3618,8/4/2021 23:22,19.77
3619,8/4/2021 23:32,19.77
3620,8/4/2021 23:42,19.82
3621,8/4/2021 23:52,19.9
3622,8/5/2021 0:02,19.95
3623,8/5/2021 0:12,20.07
3624,8/5/2021 0:22,20.37
3625,8/5/2021 0:32,20.59
3626,8/5/2021 0:42,20.59
3627,8/5/2021 0:52,20.59
3628,8/5/2021 1:02,20.5
3629,8/5/2021 1:12,20.33
3630,8/5/2021 1:22,19.86
3631,8/5/2021 1:32,19.77
3632,8/5/2021 1:42,19.77
3633,8/5/2021 1:52,19.73
3634,8/5/2021 2:02,19.69
3635,8/5/2021 2:12,19.6
3636,8/5/2021 2:22,19.52
3637,8/5/2021 2:32,19.39
3638,8/5/2021 2:42,19.3
3639,8/5/2021 2:52,19.05
3640,8/5/2021 3:02,18.83
3641,8/5/2021 3:12,17.84
3642,8/5/2021 3:22,15.74
3643,8/5/2021 3:32,15.1
3644,8/5/2021 3:42,14.75
3645,8/5/2021 3:52,14.54
3646,8/5/2021 4:02,14.5
3647,8/5/2021 4:12,14.37
3648,8/5/2021 4:22,14.41
3649,8/5/2021 4:32,14.37
3650,8/5/2021 4:42,14.33
3651,8/5/2021 4:52,14.24
3652,8/5/2021 5:02,14.2
3653,8/5/2021 5:12,14.07
3654,8/5/2021 5:22,14.07
3655,8/5/2021 5:32,14.11
3656,8/5/2021 5:42,14.07
3657,8/5/2021 5:52,14.11
3658,8/5/2021 6:02,14.15
3659,8/5/2021 6:12,14.07
3660,8/5/2021 6:22,13.85
3661,8/5/2021 6:32,13.94
3662,8/5/2021 6:42,13.81
3663,8/5/2021 6:52,13.85
3664,8/5/2021 7:02,13.98
3665,8/5/2021 7:12,14.03
3666,8/5/2021 7:22,14.37
3667,8/5/2021 7:32,14.5
3668,8/5/2021 7:42,14.84
3669,8/5/2021 7:52,15.1
3670,8/5/2021 8:02,15.36
3671,8/5/2021 8:12,15.18
3672,8/5/2021 8:22,15.4
3673,8/5/2021 8:32,15.66
3674,8/5/2021 8:42,16.99
3675,8/5/2021 8:52,17.72
3676,8/5/2021 9:02,18.02
3677,8/5/2021 9:12,18.4
3678,8/5/2021 9:22,18.66
3679,8/5/2021 9:32,19.05
3680,8/5/2021 9:42,19.05
3681,8/5/2021 9:52,19.13
3682,8/5/2021 10:02,19.09
3683,8/5/2021 10:12,19.13
3684,8/5/2021 10:22,19.13
3685,8/5/2021 10:32,19.13
3686,8/5/2021 10:42,19.22
3687,8/5/2021 10:52,19.22
3688,8/5/2021 11:02,19.17
3689,8/5/2021 11:12,19.09
3690,8/5/2021 11:22,19.09
3691,8/5/2021 11:32,19.05
3692,8/5/2021 11:42,19.09
3693,8/5/2021 11:52,19.09
3694,8/5/2021 12:02,19.09
3695,8/5/2021 12:12,19.13
3696,8/5/2021 12:22,19.09
3697,8/5/2021 12:32,19.17
3698,8/5/2021 12:42,19.17
3699,8/5/2021 12:52,19.22
3700,8/5/2021 13:02,19.3
3701,8/5/2021 13:12,19.43
3702,8/5/2021 13:22,19.47
3703,8/5/2021 13:32,19.52
3704,8/5/2021 13:42,19.47
3705,8/5/2021 13:52,19.52
3706,8/5/2021 14:02,19.65
3707,8/5/2021 14:12,19.73
3708,8/5/2021 14:22,19.77
3709,8/5/2021 14:32,19.86
3710,8/5/2021 14:42,19.95
3711,8/5/2021 14:52,20.07
3712,8/5/2021 15:02,20.16
3713,8/5/2021 15:12,20.25
3714,8/5/2021 15:22,20.2
3715,8/5/2021 15:32,20.29
3716,8/5/2021 15:42,20.37
3717,8/5/2021 15:52,20.55
3718,8/5/2021 16:02,20.68
3719,8/5/2021 16:12,20.76
3720,8/5/2021 16:22,20.76
3721,8/5/2021 16:32,20.8
3722,8/5/2021 16:42,20.8
3723,8/5/2021 16:52,20.76
3724,8/5/2021 17:02,20.72
3725,8/5/2021 17:12,20.85
3726,8/5/2021 17:22,20.89
3727,8/5/2021 17:32,20.85
3728,8/5/2021 17:42,20.85
3729,8/5/2021 17:52,20.85
3730,8/5/2021 18:02,20.8
3731,8/5/2021 18:12,20.63
3732,8/5/2021 18:22,20.37
3733,8/5/2021 18:32,20.07
3734,8/5/2021 18:42,19.86
3735,8/5/2021 18:52,19.82
3736,8/5/2021 19:02,19.95
3737,8/5/2021 19:12,19.99
3738,8/5/2021 19:22,20.16
3739,8/5/2021 19:32,20.37
3740,8/5/2021 19:42,20.37
3741,8/5/2021 19:52,20.37
3742,8/5/2021 20:02,20.37
3743,8/5/2021 20:12,20.25
3744,8/5/2021 20:22,19.99
3745,8/5/2021 20:32,19.56
3746,8/5/2021 20:42,19.09
3747,8/5/2021 20:52,18.57
3748,8/5/2021 21:02,18.19
3749,8/5/2021 21:12,18.1
3750,8/5/2021 21:22,17.93
3751,8/5/2021 21:32,17.89
3752,8/5/2021 21:42,17.84
3753,8/5/2021 21:52,17.76
3754,8/5/2021 22:02,17.67
3755,8/5/2021 22:12,17.59
3756,8/5/2021 22:22,17.54
3757,8/5/2021 22:32,17.54
3758,8/5/2021 22:42,17.59
3759,8/5/2021 22:52,17.54
3760,8/5/2021 23:02,17.5
3761,8/5/2021 23:12,17.54
3762,8/5/2021 23:22,17.67
3763,8/5/2021 23:32,17.76
3764,8/5/2021 23:42,17.84
3765,8/5/2021 23:52,18.02
3766,8/6/2021 0:02,18.23
3767,8/6/2021 0:12,18.53
3768,8/6/2021 0:22,18.74
3769,8/6/2021 0:32,18.96
3770,8/6/2021 0:42,19.13
3771,8/6/2021 0:52,19.17
3772,8/6/2021 1:02,19.26
3773,8/6/2021 1:12,19.39
3774,8/6/2021 1:22,19.65
3775,8/6/2021 1:32,19.6
3776,8/6/2021 1:42,19.6
3777,8/6/2021 1:52,19.56
3778,8/6/2021 2:02,19.52
3779,8/6/2021 2:12,18.66
3780,8/6/2021 2:22,18.32
3781,8/6/2021 2:32,18.36
3782,8/6/2021 2:42,18.36
3783,8/6/2021 2:52,18.44
3784,8/6/2021 3:02,18.23
3785,8/6/2021 3:12,18.06
3786,8/6/2021 3:22,17.97
3787,8/6/2021 3:32,17.89
3788,8/6/2021 3:42,17.76
3789,8/6/2021 3:52,16.77
3790,8/6/2021 4:02,14.5
3791,8/6/2021 4:12,14.07
3792,8/6/2021 4:22,13.94
3793,8/6/2021 4:32,13.64
3794,8/6/2021 4:42,13.25
3795,8/6/2021 4:52,13.12
3796,8/6/2021 5:02,12.87
3797,8/6/2021 5:12,12.74
3798,8/6/2021 5:22,12.65
3799,8/6/2021 5:32,12.78
3800,8/6/2021 5:42,12.57
3801,8/6/2021 5:52,12.78
3802,8/6/2021 6:02,12.61
3803,8/6/2021 6:12,12.95
3804,8/6/2021 6:22,13.81
3805,8/6/2021 6:32,13.64
3806,8/6/2021 6:42,13.81
3807,8/6/2021 6:52,14.11
3808,8/6/2021 7:02,14.11
3809,8/6/2021 7:12,14.37
3810,8/6/2021 7:22,15.31
3811,8/6/2021 7:32,15.61
3812,8/6/2021 7:42,15.53
3813,8/6/2021 7:52,15.57
3814,8/6/2021 8:02,16.26
3815,8/6/2021 8:12,16.86
3816,8/6/2021 8:22,17.8
3817,8/6/2021 8:32,17.89
3818,8/6/2021 8:42,19.43
3819,8/6/2021 8:52,20.42
3820,8/6/2021 9:02,21.49
3821,8/6/2021 9:12,22.65
3822,8/6/2021 9:22,23.25
3823,8/6/2021 9:32,21.28
3824,8/6/2021 9:42,18.83
3825,8/6/2021 9:52,18.79
3826,8/6/2021 10:02,19.05
3827,8/6/2021 10:12,19.26
3828,8/6/2021 10:22,19.39
3829,8/6/2021 10:32,19.52
3830,8/6/2021 10:42,19.52
3831,8/6/2021 10:52,19.52
3832,8/6/2021 11:02,19.52
3833,8/6/2021 11:12,19.65
3834,8/6/2021 11:22,19.65
3835,8/6/2021 11:32,19.77
3836,8/6/2021 11:42,19.77
3837,8/6/2021 11:52,19.9
3838,8/6/2021 12:02,19.9
3839,8/6/2021 12:12,19.95
3840,8/6/2021 12:22,20.03
3841,8/6/2021 12:32,20.07
3842,8/6/2021 12:42,20.2
3843,8/6/2021 12:52,20.33
3844,8/6/2021 13:02,20.46
3845,8/6/2021 13:12,20.55
3846,8/6/2021 13:22,20.68
3847,8/6/2021 13:32,20.76
3848,8/6/2021 13:42,20.93
3849,8/6/2021 13:52,21.15
3850,8/6/2021 14:02,21.36
3851,8/6/2021 14:12,21.49
3852,8/6/2021 14:22,21.53
3853,8/6/2021 14:32,21.62
3854,8/6/2021 14:42,21.75
3855,8/6/2021 14:52,21.96
3856,8/6/2021 15:02,22.18
3857,8/6/2021 15:12,22.43
3858,8/6/2021 15:22,22.56
3859,8/6/2021 15:32,22.82
3860,8/6/2021 15:42,23.12
3861,8/6/2021 15:52,23.42
3862,8/6/2021 16:02,23.55
3863,8/6/2021 16:12,23.72
3864,8/6/2021 16:22,23.85
3865,8/6/2021 16:32,24.02
3866,8/6/2021 16:42,24.11
3867,8/6/2021 16:52,24.19
3868,8/6/2021 17:02,24.45
3869,8/6/2021 17:12,24.54
3870,8/6/2021 17:22,24.49
3871,8/6/2021 17:32,24.36
3872,8/6/2021 17:42,24.24
3873,8/6/2021 17:52,24.02
3874,8/6/2021 18:02,23.55
3875,8/6/2021 18:12,23.29
3876,8/6/2021 18:22,23.08
3877,8/6/2021 18:32,22.86
3878,8/6/2021 18:42,22.82
3879,8/6/2021 18:52,22.78
3880,8/6/2021 19:02,22.69
3881,8/6/2021 19:12,22.61
3882,8/6/2021 19:22,22.52
3883,8/6/2021 19:32,22.43
3884,8/6/2021 19:42,22.22
3885,8/6/2021 19:52,21.66
3886,8/6/2021 20:02,21.45
3887,8/6/2021 20:12,21.15
3888,8/6/2021 20:22,21.06
3889,8/6/2021 20:32,21.19
3890,8/6/2021 20:42,21.1
3891,8/6/2021 20:52,20.8
3892,8/6/2021 21:02,20.8
3893,8/6/2021 21:12,20.98
3894,8/6/2021 21:22,21.15
3895,8/6/2021 21:32,21.36
3896,8/6/2021 21:42,21.28
3897,8/6/2021 21:52,21.19
3898,8/6/2021 22:02,21.1
3899,8/6/2021 22:12,21.06
3900,8/6/2021 22:22,21.1
3901,8/6/2021 22:32,21.02
3902,8/6/2021 22:42,20.98
3903,8/6/2021 22:52,20.16
3904,8/6/2021 23:02,19.69
3905,8/6/2021 23:12,19.6
3906,8/6/2021 23:22,19.52
3907,8/6/2021 23:32,19.43
3908,8/6/2021 23:42,19.3
3909,8/6/2021 23:52,19.39
3910,8/7/2021 0:02,19.65
3911,8/7/2021 0:12,19.95
3912,8/7/2021 0:22,20.16
3913,8/7/2021 0:32,20.2
3914,8/7/2021 0:42,20.25
3915,8/7/2021 0:52,20.2
3916,8/7/2021 1:02,20.25
3917,8/7/2021 1:12,20.33
3918,8/7/2021 1:22,20.55
3919,8/7/2021 1:32,20.72
3920,8/7/2021 1:42,20.8
3921,8/7/2021 1:52,20.85
3922,8/7/2021 2:02,20.89
3923,8/7/2021 2:12,21.06
3924,8/7/2021 2:22,21.1
3925,8/7/2021 2:32,20.8
3926,8/7/2021 2:42,20.46
3927,8/7/2021 2:52,20.25
3928,8/7/2021 3:02,20.5
3929,8/7/2021 3:12,20.46
3930,8/7/2021 3:22,20.25
3931,8/7/2021 3:32,19.82
3932,8/7/2021 3:42,19.73
3933,8/7/2021 3:52,19.47
3934,8/7/2021 4:02,19.47
3935,8/7/2021 4:12,19.3
3936,8/7/2021 4:22,19.09
3937,8/7/2021 4:32,17.97
3938,8/7/2021 4:42,15.14
3939,8/7/2021 4:52,14.58
3940,8/7/2021 5:02,14.24
3941,8/7/2021 5:12,14.15
3942,8/7/2021 5:22,13.98
3943,8/7/2021 5:32,14.03
3944,8/7/2021 5:42,13.94
3945,8/7/2021 5:52,13.81
3946,8/7/2021 6:02,13.9
3947,8/7/2021 6:12,13.77
3948,8/7/2021 6:22,13.73
3949,8/7/2021 6:32,13.68
3950,8/7/2021 6:42,13.64
3951,8/7/2021 6:52,13.73
3952,8/7/2021 7:02,13.51
3953,8/7/2021 7:12,13.38
3954,8/7/2021 7:22,14.71
3955,8/7/2021 7:32,15.78
3956,8/7/2021 7:42,16.64
3957,8/7/2021 7:52,17.46
3958,8/7/2021 8:02,18.23
3959,8/7/2021 8:12,19
3960,8/7/2021 8:22,19.86
3961,8/7/2021 8:32,21.02
3962,8/7/2021 8:42,23.16
3963,8/7/2021 8:52,25.01
3964,8/7/2021 9:02,24.41
3965,8/7/2021 9:12,24.24
3966,8/7/2021 9:22,24.19
3967,8/7/2021 9:32,24.45
3968,8/7/2021 9:42,20.5
3969,8/7/2021 9:52,19.52
3970,8/7/2021 10:02,19.99
3971,8/7/2021 10:12,19.52
3972,8/7/2021 10:22,19.22
3973,8/7/2021 10:32,19.43
3974,8/7/2021 10:42,19.52
3975,8/7/2021 10:52,19.95
3976,8/7/2021 11:02,19.82
3977,8/7/2021 11:12,19.73
3978,8/7/2021 11:22,19.73
3979,8/7/2021 11:32,19.77
3980,8/7/2021 11:42,19.9
3981,8/7/2021 11:52,19.82
3982,8/7/2021 12:02,19.86
3983,8/7/2021 12:12,20.03
3984,8/7/2021 12:22,20.25
3985,8/7/2021 12:32,20.5
3986,8/7/2021 12:42,20.59
3987,8/7/2021 12:52,20.59
3988,8/7/2021 13:02,20.68
3989,8/7/2021 13:12,20.85
3990,8/7/2021 13:22,20.98
3991,8/7/2021 13:32,21.19
3992,8/7/2021 13:42,21.36
3993,8/7/2021 13:52,21.62
3994,8/7/2021 14:02,21.75
3995,8/7/2021 14:12,22.05
3996,8/7/2021 14:22,22.43
3997,8/7/2021 14:32,22.91
3998,8/7/2021 14:42,23.03
3999,8/7/2021 14:52,23.03
4000,8/7/2021 15:02,23.12
4001,8/7/2021 15:12,23.21
4002,8/7/2021 15:22,23.25
4003,8/7/2021 15:32,23.29
4004,8/7/2021 15:42,23.38
4005,8/7/2021 15:52,23.46
4006,8/7/2021 16:02,23.59
4007,8/7/2021 16:12,23.55
4008,8/7/2021 16:22,23.68
4009,8/7/2021 16:32,23.72
4010,8/7/2021 16:42,23.81
4011,8/7/2021 16:52,23.81
4012,8/7/2021 17:02,23.85
4013,8/7/2021 17:12,23.81
4014,8/7/2021 17:22,23.76
4015,8/7/2021 17:32,23.72
4016,8/7/2021 17:42,23.68
4017,8/7/2021 17:52,23.51
4018,8/7/2021 18:02,23.51
4019,8/7/2021 18:12,23.46
4020,8/7/2021 18:22,23.42
4021,8/7/2021 18:32,23.34
4022,8/7/2021 18:42,22.82
4023,8/7/2021 18:52,22.43
4024,8/7/2021 19:02,22.26
4025,8/7/2021 19:12,22.05
4026,8/7/2021 19:22,21.79
4027,8/7/2021 19:32,21.66
4028,8/7/2021 19:42,21.45
4029,8/7/2021 19:52,21.4
4030,8/7/2021 20:02,21.23
4031,8/7/2021 20:12,21.06
4032,8/7/2021 20:22,21.02
4033,8/7/2021 20:32,20.72
4034,8/7/2021 20:42,20.37
4035,8/7/2021 20:52,20.16
4036,8/7/2021 21:02,19.9
4037,8/7/2021 21:12,19.69
4038,8/7/2021 21:22,19.17
4039,8/7/2021 21:32,18.53
4040,8/7/2021 21:42,18.83
4041,8/7/2021 21:52,19.26
4042,8/7/2021 22:02,19.22
4043,8/7/2021 22:12,19.17
4044,8/7/2021 22:22,18.79
4045,8/7/2021 22:32,18.06
4046,8/7/2021 22:42,18.02
4047,8/7/2021 22:52,17.97
4048,8/7/2021 23:02,18.02
4049,8/7/2021 23:12,17.97
4050,8/7/2021 23:22,17.89
4051,8/7/2021 23:32,17.72
4052,8/7/2021 23:42,17.29
4053,8/7/2021 23:52,17.16
4054,8/8/2021 0:02,17.33
4055,8/8/2021 0:12,17.89
4056,8/8/2021 0:22,18.32
4057,8/8/2021 0:32,18.87
4058,8/8/2021 0:42,19.3
4059,8/8/2021 0:52,19.52
4060,8/8/2021 1:02,19.65
4061,8/8/2021 1:12,19.9
4062,8/8/2021 1:22,20.12
4063,8/8/2021 1:32,20.2
4064,8/8/2021 1:42,20.29
4065,8/8/2021 1:52,20.46
4066,8/8/2021 2:02,20.72
4067,8/8/2021 2:12,20.89
4068,8/8/2021 2:22,20.93
4069,8/8/2021 2:32,21.06
4070,8/8/2021 2:42,21.1
4071,8/8/2021 2:52,21.32
4072,8/8/2021 3:02,21.58
4073,8/8/2021 3:12,21.66
4074,8/8/2021 3:22,21.53
4075,8/8/2021 3:32,20.42
4076,8/8/2021 3:42,19.52
4077,8/8/2021 3:52,19.43
4078,8/8/2021 4:02,19.39
4079,8/8/2021 4:12,18.83
4080,8/8/2021 4:22,18.92
4081,8/8/2021 4:32,18.79
4082,8/8/2021 4:42,18.79
4083,8/8/2021 4:52,18.66
4084,8/8/2021 5:02,18.57
4085,8/8/2021 5:12,18.49
4086,8/8/2021 5:22,18.19
4087,8/8/2021 5:32,17.2
4088,8/8/2021 5:42,16.3
4089,8/8/2021 5:52,15.7
4090,8/8/2021 6:02,15.48
4091,8/8/2021 6:12,15.44
4092,8/8/2021 6:22,15.36
4093,8/8/2021 6:32,15.31
4094,8/8/2021 6:42,15.27
4095,8/8/2021 6:52,15.18
4096,8/8/2021 7:02,15.18
4097,8/8/2021 7:12,15.27
4098,8/8/2021 7:22,15.18
4099,8/8/2021 7:32,15.27
4100,8/8/2021 7:42,15.27
4101,8/8/2021 7:52,15.31
4102,8/8/2021 8:02,15.44
4103,8/8/2021 8:12,15.66
4104,8/8/2021 8:22,15.83
4105,8/8/2021 8:32,16.04
4106,8/8/2021 8:42,16.51
4107,8/8/2021 8:52,16.43
4108,8/8/2021 9:02,16.43
4109,8/8/2021 9:12,16.56
4110,8/8/2021 9:22,16.73
4111,8/8/2021 9:32,17.33
4112,8/8/2021 9:42,18.23
4113,8/8/2021 9:52,19.26
4114,8/8/2021 10:02,19.52
4115,8/8/2021 10:12,20.07
4116,8/8/2021 10:22,20.68
4117,8/8/2021 10:32,21.19
4118,8/8/2021 10:42,20.59
4119,8/8/2021 10:52,20.68
4120,8/8/2021 11:02,20.59
4121,8/8/2021 11:12,20.5
4122,8/8/2021 11:22,20.25
4123,8/8/2021 11:32,19.99
4124,8/8/2021 11:42,20.46
4125,8/8/2021 11:52,20.55
4126,8/8/2021 12:02,20.42
4127,8/8/2021 12:12,20.68
4128,8/8/2021 12:22,20.93
4129,8/8/2021 12:32,20.55
4130,8/8/2021 12:42,20.29
4131,8/8/2021 12:52,20.07
4132,8/8/2021 13:02,19.99
4133,8/8/2021 13:12,20.03
4134,8/8/2021 13:22,20.37
4135,8/8/2021 13:32,20.72
4136,8/8/2021 13:42,21.49
4137,8/8/2021 13:52,21.49
4138,8/8/2021 14:02,21.19
4139,8/8/2021 14:12,21.28
4140,8/8/2021 14:22,21.79
4141,8/8/2021 14:32,22.05
4142,8/8/2021 14:42,22.39
4143,8/8/2021 14:52,22.91
4144,8/8/2021 15:02,23.25
4145,8/8/2021 15:12,23.21
4146,8/8/2021 15:22,23.03
4147,8/8/2021 15:32,22.69
4148,8/8/2021 15:42,22.43
4149,8/8/2021 15:52,22.43
4150,8/8/2021 16:02,22.61
4151,8/8/2021 16:12,22.69
4152,8/8/2021 16:22,22.78
4153,8/8/2021 16:32,22.91
4154,8/8/2021 16:42,23.21
4155,8/8/2021 16:52,23.38
4156,8/8/2021 17:02,23.29
4157,8/8/2021 17:12,23.16
4158,8/8/2021 17:22,22.99
4159,8/8/2021 17:32,22.82
4160,8/8/2021 17:42,22.82
4161,8/8/2021 17:52,22.86
4162,8/8/2021 18:02,22.95
4163,8/8/2021 18:12,22.86
4164,8/8/2021 18:22,22.82
4165,8/8/2021 18:32,22.99
4166,8/8/2021 18:42,22.99
4167,8/8/2021 18:52,22.73
4168,8/8/2021 19:02,22.48
4169,8/8/2021 19:12,22.48
4170,8/8/2021 19:22,22.48
4171,8/8/2021 19:32,22.31
4172,8/8/2021 19:42,22.09
4173,8/8/2021 19:52,21.66
4174,8/8/2021 20:02,21.53
4175,8/8/2021 20:12,21.32
4176,8/8/2021 20:22,21.1
4177,8/8/2021 20:32,20.93
4178,8/8/2021 20:42,20.72
4179,8/8/2021 20:52,20.55
4180,8/8/2021 21:02,20.33
4181,8/8/2021 21:12,20.16
4182,8/8/2021 21:22,20.03
4183,8/8/2021 21:32,19.9
4184,8/8/2021 21:42,19.69
4185,8/8/2021 21:52,19.65
4186,8/8/2021 22:02,19.69
4187,8/8/2021 22:12,19.26
4188,8/8/2021 22:22,19.17
4189,8/8/2021 22:32,19.35
4190,8/8/2021 22:42,19.52
4191,8/8/2021 22:52,19.26
4192,8/8/2021 23:02,19.22
4193,8/8/2021 23:12,19.17
4194,8/8/2021 23:22,19.26
4195,8/8/2021 23:32,19.22
4196,8/8/2021 23:42,19.26
4197,8/8/2021 23:52,19.26
4198,8/9/2021 0:02,19.09
4199,8/9/2021 0:12,18.96
4200,8/9/2021 0:22,18.96
4201,8/9/2021 0:32,18.79
4202,8/9/2021 0:42,18.49
4203,8/9/2021 0:52,18.44
4204,8/9/2021 1:02,18.44
4205,8/9/2021 1:12,18.7
4206,8/9/2021 1:22,19
4207,8/9/2021 1:32,19.13
4208,8/9/2021 1:42,19.22
4209,8/9/2021 1:52,19.35
4210,8/9/2021 2:02,19.43
4211,8/9/2021 2:12,19.52
4212,8/9/2021 2:22,19.65
4213,8/9/2021 2:32,19.65
4214,8/9/2021 2:42,19.77
4215,8/9/2021 2:52,19.73
4216,8/9/2021 3:02,19.73
4217,8/9/2021 3:12,19.82
4218,8/9/2021 3:22,19.9
4219,8/9/2021 3:32,19.99
4220,8/9/2021 3:42,20.12
4221,8/9/2021 3:52,20.16
4222,8/9/2021 4:02,20.25
4223,8/9/2021 4:12,19.47
4224,8/9/2021 4:22,19.26
4225,8/9/2021 4:32,19.26
4226,8/9/2021 4:42,19.05
4227,8/9/2021 4:52,18.92
4228,8/9/2021 5:02,18.79
4229,8/9/2021 5:12,18.57
4230,8/9/2021 5:22,18.49
4231,8/9/2021 5:32,18.44
4232,8/9/2021 5:42,18.32
4233,8/9/2021 5:52,18.27
4234,8/9/2021 6:02,15.91
4235,8/9/2021 6:12,14.33
4236,8/9/2021 6:22,13.98
4237,8/9/2021 6:32,13.98
4238,8/9/2021 6:42,14.11
4239,8/9/2021 6:52,14.71
4240,8/9/2021 7:02,15.14
4241,8/9/2021 7:12,15.78
4242,8/9/2021 7:22,15.74
4243,8/9/2021 7:32,15.48
4244,8/9/2021 7:42,15.66
4245,8/9/2021 7:52,15.66
4246,8/9/2021 8:02,16.13
4247,8/9/2021 8:12,16.56
4248,8/9/2021 8:22,16.56
4249,8/9/2021 8:32,17.03
4250,8/9/2021 8:42,18.27
4251,8/9/2021 8:52,19.3
4252,8/9/2021 9:02,21.58
4253,8/9/2021 9:12,22.65
4254,8/9/2021 9:22,24.75
4255,8/9/2021 9:32,28.61
4256,8/9/2021 9:42,28.91
4257,8/9/2021 9:52,30.37
4258,8/9/2021 10:02,30.63
4259,8/9/2021 10:12,29.77
4260,8/9/2021 10:22,28.91
4261,8/9/2021 10:32,29.86
4262,8/9/2021 10:42,29.43
4263,8/9/2021 10:52,28.4
4264,8/9/2021 11:02,25.35
4265,8/9/2021 11:12,22.82
4266,8/9/2021 11:22,21.75
4267,8/9/2021 11:32,20.98
4268,8/9/2021 11:42,20.76
4269,8/9/2021 11:52,20.76
4270,8/9/2021 12:02,20.63
4271,8/9/2021 12:12,20.33
4272,8/9/2021 12:22,20.33
4273,8/9/2021 12:32,20.2
4274,8/9/2021 12:42,20.16
4275,8/9/2021 12:52,20.37
4276,8/9/2021 13:02,20.29
4277,8/9/2021 13:12,20.12
4278,8/9/2021 13:22,20.2
4279,8/9/2021 13:32,20.55
4280,8/9/2021 13:42,20.89
4281,8/9/2021 13:52,21.02
4282,8/9/2021 14:02,20.98
4283,8/9/2021 14:12,20.98
4284,8/9/2021 14:22,20.89
4285,8/9/2021 14:32,20.5
4286,8/9/2021 14:42,20.37
4287,8/9/2021 14:52,20.33
4288,8/9/2021 15:02,20.5
4289,8/9/2021 15:12,20.68
4290,8/9/2021 15:22,21.06
4291,8/9/2021 15:32,21.36
4292,8/9/2021 15:42,21.66
4293,8/9/2021 15:52,21.79
4294,8/9/2021 16:02,21.83
4295,8/9/2021 16:12,21.96
4296,8/9/2021 16:22,22.18
4297,8/9/2021 16:32,22.43
4298,8/9/2021 16:42,22.91
4299,8/9/2021 16:52,23.38
4300,8/9/2021 17:02,23.64
4301,8/9/2021 17:12,23.89
4302,8/9/2021 17:22,24.11
4303,8/9/2021 17:32,24.58
4304,8/9/2021 17:42,24.54
4305,8/9/2021 17:52,24.71
4306,8/9/2021 18:02,24.41
4307,8/9/2021 18:12,24.24
4308,8/9/2021 18:22,24.02
4309,8/9/2021 18:32,24.06
4310,8/9/2021 18:42,24.06
4311,8/9/2021 18:52,23.98
4312,8/9/2021 19:02,23.81
4313,8/9/2021 19:12,23.16
4314,8/9/2021 19:22,22.95
4315,8/9/2021 19:32,22.95
4316,8/9/2021 19:42,22.99
4317,8/9/2021 19:52,23.08
4318,8/9/2021 20:02,23.29
4319,8/9/2021 20:12,23.12
4320,8/9/2021 20:22,22.91
4321,8/9/2021 20:32,22.52
4322,8/9/2021 20:42,22.09
4323,8/9/2021 20:52,21.83
4324,8/9/2021 21:02,21.75
4325,8/9/2021 21:12,21.53
4326,8/9/2021 21:22,21.32
4327,8/9/2021 21:32,21.28
4328,8/9/2021 21:42,21.1
4329,8/9/2021 21:52,21.02
4330,8/9/2021 22:02,20.89
4331,8/9/2021 22:12,20.63
4332,8/9/2021 22:22,20.5
4333,8/9/2021 22:32,20.42
4334,8/9/2021 22:42,20.42
4335,8/9/2021 22:52,20.25
4336,8/9/2021 23:02,20.07
4337,8/9/2021 23:12,19.69
4338,8/9/2021 23:22,19.56
4339,8/9/2021 23:32,19.9
4340,8/9/2021 23:42,19.9
4341,8/9/2021 23:52,19.95
4342,8/10/2021 0:02,19.65
4343,8/10/2021 0:12,19.3
4344,8/10/2021 0:22,19.22
4345,8/10/2021 0:32,19.17
4346,8/10/2021 0:42,19.09
4347,8/10/2021 0:52,19.05
4348,8/10/2021 1:02,18.92
4349,8/10/2021 1:12,18.7
4350,8/10/2021 1:22,18.79
4351,8/10/2021 1:32,18.44
4352,8/10/2021 1:42,18.74
4353,8/10/2021 1:52,19.09
4354,8/10/2021 2:02,19.39
4355,8/10/2021 2:12,19.82
4356,8/10/2021 2:22,20.03
4357,8/10/2021 2:32,20.07
4358,8/10/2021 2:42,20.16
4359,8/10/2021 2:52,20.07
4360,8/10/2021 3:02,20.2
4361,8/10/2021 3:12,20.25
4362,8/10/2021 3:22,20.29
4363,8/10/2021 3:32,20.2
4364,8/10/2021 3:42,20.29
4365,8/10/2021 3:52,20.37
4366,8/10/2021 4:02,20.37
4367,8/10/2021 4:12,20.42
4368,8/10/2021 4:22,20.46
4369,8/10/2021 4:32,20.55
4370,8/10/2021 4:42,20.29
4371,8/10/2021 4:52,19.9
4372,8/10/2021 5:02,19.69
4373,8/10/2021 5:12,19.69
4374,8/10/2021 5:22,19.69
4375,8/10/2021 5:32,19.47
4376,8/10/2021 5:42,18.96
4377,8/10/2021 5:52,18.87
4378,8/10/2021 6:02,18.92
4379,8/10/2021 6:12,18.87
4380,8/10/2021 6:22,18.92
4381,8/10/2021 6:32,19.05
4382,8/10/2021 6:42,16.47
4383,8/10/2021 6:52,15.4
4384,8/10/2021 7:02,14.88
4385,8/10/2021 7:12,14.58
4386,8/10/2021 7:22,14.75
4387,8/10/2021 7:32,15.06
4388,8/10/2021 7:42,15.23
4389,8/10/2021 7:52,15.57
4390,8/10/2021 8:02,15.78
4391,8/10/2021 8:12,16.17
4392,8/10/2021 8:22,16.47
4393,8/10/2021 8:32,18.92
4394,8/10/2021 8:42,20.37
4395,8/10/2021 8:52,21.53
4396,8/10/2021 9:02,23.64
4397,8/10/2021 9:12,23.85
4398,8/10/2021 9:22,25.01
4399,8/10/2021 9:32,25.27
4400,8/10/2021 9:42,26.34
4401,8/10/2021 9:52,26.98
4402,8/10/2021 10:02,28.83
4403,8/10/2021 10:12,28.48
4404,8/10/2021 10:22,29.13
4405,8/10/2021 10:32,28.78
4406,8/10/2021 10:42,26.81
4407,8/10/2021 10:52,25.87
4408,8/10/2021 11:02,25.95
4409,8/10/2021 11:12,26.72
4410,8/10/2021 11:22,26.34
4411,8/10/2021 11:32,24.32
4412,8/10/2021 11:42,23.29
4413,8/10/2021 11:52,22.82
4414,8/10/2021 12:02,22.52
4415,8/10/2021 12:12,22.13
4416,8/10/2021 12:22,21.66
4417,8/10/2021 12:32,21.19
4418,8/10/2021 12:42,21.4
4419,8/10/2021 12:52,21.96
4420,8/10/2021 13:02,22.22
4421,8/10/2021 13:12,21.88
4422,8/10/2021 13:22,21.45
4423,8/10/2021 13:32,21.45
4424,8/10/2021 13:42,21.66
4425,8/10/2021 13:52,21.88
4426,8/10/2021 14:02,22.48
4427,8/10/2021 14:12,22.31
4428,8/10/2021 14:22,22.05
4429,8/10/2021 14:32,22.05
4430,8/10/2021 14:42,22.18
4431,8/10/2021 14:52,22.31
4432,8/10/2021 15:02,22.48
4433,8/10/2021 15:12,22.61
4434,8/10/2021 15:22,22.73
4435,8/10/2021 15:32,22.95
4436,8/10/2021 15:42,23.03
4437,8/10/2021 15:52,23.21
4438,8/10/2021 16:02,23.59
4439,8/10/2021 16:12,23.76
4440,8/10/2021 16:22,23.85
4441,8/10/2021 16:32,23.98
4442,8/10/2021 16:42,24.15
4443,8/10/2021 16:52,24.19
4444,8/10/2021 17:02,24.24
4445,8/10/2021 17:12,24.36
4446,8/10/2021 17:22,24.45
4447,8/10/2021 17:32,24.58
4448,8/10/2021 17:42,24.75
4449,8/10/2021 17:52,24.75
4450,8/10/2021 18:02,24.84
4451,8/10/2021 18:12,24.79
4452,8/10/2021 18:22,24.71
4453,8/10/2021 18:32,24.58
4454,8/10/2021 18:42,24.36
4455,8/10/2021 18:52,24.24
4456,8/10/2021 19:02,24.19
4457,8/10/2021 19:12,24.06
4458,8/10/2021 19:22,23.89
4459,8/10/2021 19:32,23.89
4460,8/10/2021 19:42,23.94
4461,8/10/2021 19:52,23.89
4462,8/10/2021 20:02,23.68
4463,8/10/2021 20:12,23.25
4464,8/10/2021 20:22,22.86
4465,8/10/2021 20:32,22.52
4466,8/10/2021 20:42,22.48
4467,8/10/2021 20:52,22.78
4468,8/10/2021 21:02,22.52
4469,8/10/2021 21:12,22.22
4470,8/10/2021 21:22,22.18
4471,8/10/2021 21:32,22.26
4472,8/10/2021 21:42,22.35
4473,8/10/2021 21:52,22.31
4474,8/10/2021 22:02,22.18
4475,8/10/2021 22:12,22.13
4476,8/10/2021 22:22,21.96
4477,8/10/2021 22:32,21.79
4478,8/10/2021 22:42,21.53
4479,8/10/2021 22:52,21.28
4480,8/10/2021 23:02,20.85
4481,8/10/2021 23:12,20.5
4482,8/10/2021 23:22,20.59
4483,8/10/2021 23:32,20.37
4484,8/10/2021 23:42,20.29
4485,8/10/2021 23:52,19.86
4486,8/11/2021 0:02,19.9
4487,8/11/2021 0:12,19.99
4488,8/11/2021 0:22,19.99
4489,8/11/2021 0:32,20.12
4490,8/11/2021 0:42,20.07
4491,8/11/2021 0:52,19.95
4492,8/11/2021 1:02,19.95
4493,8/11/2021 1:12,19.9
4494,8/11/2021 1:22,19.99
4495,8/11/2021 1:32,19.99
4496,8/11/2021 1:42,19.86
4497,8/11/2021 1:52,19.77
4498,8/11/2021 2:02,19.6
4499,8/11/2021 2:12,19.39
4500,8/11/2021 2:22,19.47
4501,8/11/2021 2:32,19.22
4502,8/11/2021 2:42,19.22
4503,8/11/2021 2:52,19.52
4504,8/11/2021 3:02,19.9
4505,8/11/2021 3:12,20.2
4506,8/11/2021 3:22,20.33
4507,8/11/2021 3:32,20.37
4508,8/11/2021 3:42,20.42
4509,8/11/2021 3:52,20.55
4510,8/11/2021 4:02,20.55
4511,8/11/2021 4:12,20.68
4512,8/11/2021 4:22,20.85
4513,8/11/2021 4:32,20.98
4514,8/11/2021 4:42,21.02
4515,8/11/2021 4:52,21.19
4516,8/11/2021 5:02,21.28
4517,8/11/2021 5:12,21.15
4518,8/11/2021 5:22,20.42
4519,8/11/2021 5:32,20.25
4520,8/11/2021 5:42,20.33
4521,8/11/2021 5:52,20.29
4522,8/11/2021 6:02,20.29
4523,8/11/2021 6:12,20.07
4524,8/11/2021 6:22,19.86
4525,8/11/2021 6:32,19.86
4526,8/11/2021 6:42,19.77
4527,8/11/2021 6:52,19.77
4528,8/11/2021 7:02,19.82
4529,8/11/2021 7:12,19.65
4530,8/11/2021 7:22,17.5
4531,8/11/2021 7:32,15.53
4532,8/11/2021 7:42,15.27
4533,8/11/2021 7:52,15.31
4534,8/11/2021 8:02,15.31
4535,8/11/2021 8:12,15.44
4536,8/11/2021 8:22,15.48
4537,8/11/2021 8:32,15.61
4538,8/11/2021 8:42,15.7
4539,8/11/2021 8:52,15.78
4540,8/11/2021 9:02,16.13
4541,8/11/2021 9:12,16.64
4542,8/11/2021 9:22,17.2
4543,8/11/2021 9:32,18.06
4544,8/11/2021 9:42,18.32
4545,8/11/2021 9:52,19.22
4546,8/11/2021 10:02,20.55
4547,8/11/2021 10:12,22.26
4548,8/11/2021 10:22,22.09
4549,8/11/2021 10:32,22.31
4550,8/11/2021 10:42,22.01
4551,8/11/2021 10:52,21.92
4552,8/11/2021 11:02,21.83
4553,8/11/2021 11:12,21.62
4554,8/11/2021 11:22,21.96
4555,8/11/2021 11:32,22.01
4556,8/11/2021 11:42,24.62
4557,8/11/2021 11:52,23.29
4558,8/11/2021 12:02,22.91
4559,8/11/2021 12:12,22.61
4560,8/11/2021 12:22,22.31
4561,8/11/2021 12:32,22.13
4562,8/11/2021 12:42,22.09
4563,8/11/2021 12:52,21.96
4564,8/11/2021 13:02,21.49
4565,8/11/2021 13:12,21.45
4566,8/11/2021 13:22,21.83
4567,8/11/2021 13:32,21.96
4568,8/11/2021 13:42,21.92
4569,8/11/2021 13:52,21.79
4570,8/11/2021 14:02,21.53
4571,8/11/2021 14:12,21.62
4572,8/11/2021 14:22,21.88
4573,8/11/2021 14:32,22.22
4574,8/11/2021 14:42,21.83
4575,8/11/2021 14:52,21.79
4576,8/11/2021 15:02,21.75
4577,8/11/2021 15:12,21.66
4578,8/11/2021 15:22,21.7
4579,8/11/2021 15:32,21.7
4580,8/11/2021 15:42,21.79
4581,8/11/2021 15:52,21.88
4582,8/11/2021 16:02,22.05
4583,8/11/2021 16:12,22.22
4584,8/11/2021 16:22,22.18
4585,8/11/2021 16:32,22.13
4586,8/11/2021 16:42,22.05
4587,8/11/2021 16:52,21.79
4588,8/11/2021 17:02,21.49
4589,8/11/2021 17:12,21.4
4590,8/11/2021 17:22,21.62
4591,8/11/2021 17:32,21.83
4592,8/11/2021 17:42,22.18
4593,8/11/2021 17:52,22.78
4594,8/11/2021 18:02,22.69
4595,8/11/2021 18:12,22.61
4596,8/11/2021 18:22,22.56
4597,8/11/2021 18:32,22.65
4598,8/11/2021 18:42,22.78
4599,8/11/2021 18:52,22.73
4600,8/11/2021 19:02,22.65
4601,8/11/2021 19:12,22.61
4602,8/11/2021 19:22,22.52
4603,8/11/2021 19:32,22.43
4604,8/11/2021 19:42,22.31
4605,8/11/2021 19:52,22.18
4606,8/11/2021 20:02,22.01
4607,8/11/2021 20:12,21.88
4608,8/11/2021 20:22,21.7
4609,8/11/2021 20:32,21.62
4610,8/11/2021 20:42,21.53
4611,8/11/2021 20:52,21.36
4612,8/11/2021 21:02,21.15
4613,8/11/2021 21:12,20.98
4614,8/11/2021 21:22,20.85
4615,8/11/2021 21:32,20.8
4616,8/11/2021 21:42,20.76
4617,8/11/2021 21:52,20.85
4618,8/11/2021 22:02,20.85
4619,8/11/2021 22:12,20.89
4620,8/11/2021 22:22,20.89
4621,8/11/2021 22:32,20.89
4622,8/11/2021 22:42,20.89
4623,8/11/2021 22:52,20.89
4624,8/11/2021 23:02,20.85
4625,8/11/2021 23:12,20.8
4626,8/11/2021 23:22,20.63
4627,8/11/2021 23:32,20.55
4628,8/11/2021 23:42,20.42
4629,8/11/2021 23:52,20.29
4630,8/12/2021 0:02,20.16
4631,8/12/2021 0:12,19.99
4632,8/12/2021 0:22,19.56
4633,8/12/2021 0:32,19.69
4634,8/12/2021 0:42,19.65
4635,8/12/2021 0:52,19.43
4636,8/12/2021 1:02,19.3
4637,8/12/2021 1:12,19.09
4638,8/12/2021 1:22,19
4639,8/12/2021 1:32,19
4640,8/12/2021 1:42,19.05
4641,8/12/2021 1:52,19.05
4642,8/12/2021 2:02,19.13
4643,8/12/2021 2:12,19.13
4644,8/12/2021 2:22,19.13
4645,8/12/2021 2:32,19.17
4646,8/12/2021 2:42,19.17
4647,8/12/2021 2:52,19.13
4648,8/12/2021 3:02,19.09
4649,8/12/2021 3:12,18.96
4650,8/12/2021 3:22,18.92
4651,8/12/2021 3:32,18.92
4652,8/12/2021 3:42,19
4653,8/12/2021 3:52,19.09
4654,8/12/2021 4:02,19.05
4655,8/12/2021 4:12,19.13
4656,8/12/2021 4:22,19.22
4657,8/12/2021 4:32,19.22
4658,8/12/2021 4:42,19.22
4659,8/12/2021 4:52,19.22
4660,8/12/2021 5:02,19.56
4661,8/12/2021 5:12,20.12
4662,8/12/2021 5:22,20.12
4663,8/12/2021 5:32,19.95
4664,8/12/2021 5:42,19.82
4665,8/12/2021 5:52,19.65
4666,8/12/2021 6:02,19.43
4667,8/12/2021 6:12,19.35
4668,8/12/2021 6:22,19.22
4669,8/12/2021 6:32,18.79
4670,8/12/2021 6:42,18.7
4671,8/12/2021 6:52,18.57
4672,8/12/2021 7:02,18.49
4673,8/12/2021 7:12,18.44
4674,8/12/2021 7:22,18.4
4675,8/12/2021 7:32,18.27
4676,8/12/2021 7:42,18.36
4677,8/12/2021 7:52,17.84
4678,8/12/2021 8:02,16.21
4679,8/12/2021 8:12,15.74
4680,8/12/2021 8:22,15.74
4681,8/12/2021 8:32,15.91
4682,8/12/2021 8:42,15.78
4683,8/12/2021 8:52,16.13
4684,8/12/2021 9:02,17.03
4685,8/12/2021 9:12,17.67
4686,8/12/2021 9:22,20.46
4687,8/12/2021 9:32,21.66
4688,8/12/2021 9:42,25.01
4689,8/12/2021 9:52,23.34
4690,8/12/2021 10:02,21.45
4691,8/12/2021 10:12,21.45
4692,8/12/2021 10:22,21.4
4693,8/12/2021 10:32,23.68
4694,8/12/2021 10:42,23.12
4695,8/12/2021 10:52,26.42
4696,8/12/2021 11:02,25.78
4697,8/12/2021 11:12,26.04
4698,8/12/2021 11:22,26.17
4699,8/12/2021 11:32,25.57
4700,8/12/2021 11:42,25.69
4701,8/12/2021 11:52,24.92
4702,8/12/2021 12:02,23.08
4703,8/12/2021 12:12,21.92
4704,8/12/2021 12:22,21.45
4705,8/12/2021 12:32,21.36
4706,8/12/2021 12:42,21.15
4707,8/12/2021 12:52,21.15
4708,8/12/2021 13:02,20.8
4709,8/12/2021 13:12,20.68
4710,8/12/2021 13:22,20.63
4711,8/12/2021 13:32,20.8
4712,8/12/2021 13:42,21.15
4713,8/12/2021 13:52,20.98
4714,8/12/2021 14:02,20.63
4715,8/12/2021 14:12,20.76
4716,8/12/2021 14:22,20.72
4717,8/12/2021 14:32,20.89
4718,8/12/2021 14:42,21.19
4719,8/12/2021 14:52,21.15
4720,8/12/2021 15:02,20.85
4721,8/12/2021 15:12,20.59
4722,8/12/2021 15:22,20.5
4723,8/12/2021 15:32,20.8
4724,8/12/2021 15:42,20.98
4725,8/12/2021 15:52,21.06
4726,8/12/2021 16:02,20.93
4727,8/12/2021 16:12,20.98
4728,8/12/2021 16:22,20.93
4729,8/12/2021 16:32,21.06
4730,8/12/2021 16:42,21.4
4731,8/12/2021 16:52,21.62
4732,8/12/2021 17:02,21.75
4733,8/12/2021 17:12,21.7
4734,8/12/2021 17:22,21.53
4735,8/12/2021 17:32,21.36
4736,8/12/2021 17:42,21.32
4737,8/12/2021 17:52,21.28
4738,8/12/2021 18:02,21.19
4739,8/12/2021 18:12,21.32
4740,8/12/2021 18:22,21.45
4741,8/12/2021 18:32,21.58
4742,8/12/2021 18:42,21.58
4743,8/12/2021 18:52,21.53
4744,8/12/2021 19:02,21.45
4745,8/12/2021 19:12,21.4
4746,8/12/2021 19:22,21.4
4747,8/12/2021 19:32,21.36
4748,8/12/2021 19:42,21.36
4749,8/12/2021 19:52,21.32
4750,8/12/2021 20:02,21.32
4751,8/12/2021 20:12,21.23
4752,8/12/2021 20:22,21.06
4753,8/12/2021 20:32,21.02
4754,8/12/2021 20:42,20.89
4755,8/12/2021 20:52,20.63
4756,8/12/2021 21:02,20.37
4757,8/12/2021 21:12,20.16
4758,8/12/2021 21:22,19.95
4759,8/12/2021 21:32,19.73
4760,8/12/2021 21:42,19.6
4761,8/12/2021 21:52,19.47
4762,8/12/2021 22:02,19.3
4763,8/12/2021 22:12,19.09
4764,8/12/2021 22:22,18.92
4765,8/12/2021 22:32,19
4766,8/12/2021 22:42,18.92
4767,8/12/2021 22:52,18.92
4768,8/12/2021 23:02,19.05
4769,8/12/2021 23:12,19.26
4770,8/12/2021 23:22,19.3
4771,8/12/2021 23:32,19.39
4772,8/12/2021 23:42,19.52
4773,8/12/2021 23:52,19.56
4774,8/13/2021 0:02,19.6
4775,8/13/2021 0:12,19.6
4776,8/13/2021 0:22,19.6
4777,8/13/2021 0:32,19.52
4778,8/13/2021 0:42,19.47
4779,8/13/2021 0:52,19.52
4780,8/13/2021 1:02,19.47
4781,8/13/2021 1:12,19.43
4782,8/13/2021 1:22,19.3
4783,8/13/2021 1:32,19.09
4784,8/13/2021 1:42,18.96
4785,8/13/2021 1:52,18.87
4786,8/13/2021 2:02,18.74
4787,8/13/2021 2:12,18.79
4788,8/13/2021 2:22,18.79
4789,8/13/2021 2:32,18.66
4790,8/13/2021 2:42,18.49
4791,8/13/2021 2:52,18.53
4792,8/13/2021 3:02,18.44
4793,8/13/2021 3:12,18.4
4794,8/13/2021 3:22,18.36
4795,8/13/2021 3:32,18.36
4796,8/13/2021 3:42,18.27
4797,8/13/2021 3:52,18.32
4798,8/13/2021 4:02,18.27
4799,8/13/2021 4:12,18.27
4800,8/13/2021 4:22,18.32
4801,8/13/2021 4:32,18.4
4802,8/13/2021 4:42,18.44
4803,8/13/2021 4:52,18.57
4804,8/13/2021 5:02,18.57
4805,8/13/2021 5:12,18.57
4806,8/13/2021 5:22,18.66
4807,8/13/2021 5:32,18.66
4808,8/13/2021 5:42,18.7
4809,8/13/2021 5:52,18.74
4810,8/13/2021 6:02,18.79
4811,8/13/2021 6:12,18.92
4812,8/13/2021 6:22,18.83
4813,8/13/2021 6:32,18.74
4814,8/13/2021 6:42,18.57
4815,8/13/2021 6:52,18.27
4816,8/13/2021 7:02,17.93
4817,8/13/2021 7:12,17.67
4818,8/13/2021 7:22,17.54
4819,8/13/2021 7:32,17.41
4820,8/13/2021 7:42,17.29
4821,8/13/2021 7:52,17.29
4822,8/13/2021 8:02,17.33
4823,8/13/2021 8:12,17.29
4824,8/13/2021 8:22,17.37
4825,8/13/2021 8:32,17.5
4826,8/13/2021 8:42,16.39
4827,8/13/2021 8:52,15.91
4828,8/13/2021 9:02,16.17
4829,8/13/2021 9:12,16.39
4830,8/13/2021 9:22,16.39
4831,8/13/2021 9:32,17.67
4832,8/13/2021 9:42,16.9
4833,8/13/2021 9:52,17.2
4834,8/13/2021 10:02,17.72
4835,8/13/2021 10:12,17.29
4836,8/13/2021 10:22,17.63
4837,8/13/2021 10:32,18.32
4838,8/13/2021 10:42,18.7
4839,8/13/2021 10:52,19.05
4840,8/13/2021 11:02,18.23
4841,8/13/2021 11:12,18.44
4842,8/13/2021 11:22,17.72
4843,8/13/2021 11:32,18.7
4844,8/13/2021 11:42,19.43
4845,8/13/2021 11:52,18.49
4846,8/13/2021 12:02,20.07
4847,8/13/2021 12:12,19.6
4848,8/13/2021 12:22,19.26
4849,8/13/2021 12:32,19.09
4850,8/13/2021 12:42,18.96
4851,8/13/2021 12:52,19
4852,8/13/2021 13:02,19.13
4853,8/13/2021 13:12,19.22
4854,8/13/2021 13:22,19.35
4855,8/13/2021 13:32,19.35
4856,8/13/2021 13:42,19.39
4857,8/13/2021 13:52,19.47
4858,8/13/2021 14:02,19.39
4859,8/13/2021 14:12,19.26
4860,8/13/2021 14:22,19.09
4861,8/13/2021 14:32,19.05
4862,8/13/2021 14:42,18.96
4863,8/13/2021 14:52,19.13
4864,8/13/2021 15:02,19.17
4865,8/13/2021 15:12,19.22
4866,8/13/2021 15:22,19
4867,8/13/2021 15:32,18.87
4868,8/13/2021 15:42,19
4869,8/13/2021 15:52,19.47
4870,8/13/2021 16:02,19.3
4871,8/13/2021 16:12,19.3
4872,8/13/2021 16:22,19.35
4873,8/13/2021 16:32,19.35
4874,8/13/2021 16:42,19.47
4875,8/13/2021 16:52,19.43
4876,8/13/2021 17:02,19.39
4877,8/13/2021 17:12,19.43
4878,8/13/2021 17:22,19.43
4879,8/13/2021 17:32,19.47
4880,8/13/2021 17:42,19.52
4881,8/13/2021 17:52,19.43
4882,8/13/2021 18:02,19.22
4883,8/13/2021 18:12,19.56
4884,8/13/2021 18:22,19.6
4885,8/13/2021 18:32,19.65
4886,8/13/2021 18:42,19.6
4887,8/13/2021 18:52,19.56
4888,8/13/2021 19:02,19.47
4889,8/13/2021 19:12,19.47
4890,8/13/2021 19:22,19.6
4891,8/13/2021 19:32,19.6
4892,8/13/2021 19:42,19.73
4893,8/13/2021 19:52,19.73
4894,8/13/2021 20:02,19.65
4895,8/13/2021 20:12,19.52
4896,8/13/2021 20:22,19.6
4897,8/13/2021 20:32,19.69
4898,8/13/2021 20:42,19.65
4899,8/13/2021 20:52,19.65
4900,8/13/2021 21:02,19.65
4901,8/13/2021 21:12,19.6
4902,8/13/2021 21:22,19.52
4903,8/13/2021 21:32,19.35
4904,8/13/2021 21:42,19.26
4905,8/13/2021 21:52,19.09
4906,8/13/2021 22:02,19
4907,8/13/2021 22:12,18.74
4908,8/13/2021 22:22,18.02
4909,8/13/2021 22:32,16.69
4910,8/13/2021 22:42,16.04
4911,8/13/2021 22:52,15.78
4912,8/13/2021 23:02,15.74
4913,8/13/2021 23:12,15.7
4914,8/13/2021 23:22,15.53
4915,8/13/2021 23:32,15.44
4916,8/13/2021 23:42,15.44
4917,8/13/2021 23:52,15.44
4918,8/14/2021 0:02,15.4
4919,8/14/2021 0:12,15.57
4920,8/14/2021 0:22,15.7
4921,8/14/2021 0:32,17.07
4922,8/14/2021 0:42,17.5
4923,8/14/2021 0:52,17.54
4924,8/14/2021 1:02,17.8
4925,8/14/2021 1:12,18.02
4926,8/14/2021 1:22,18.14
4927,8/14/2021 1:32,18.32
4928,8/14/2021 1:42,18.49
4929,8/14/2021 1:52,18.66
4930,8/14/2021 2:02,18.74
4931,8/14/2021 2:12,18.79
4932,8/14/2021 2:22,18.79
4933,8/14/2021 2:32,18.79
4934,8/14/2021 2:42,18.74
4935,8/14/2021 2:52,18.62
4936,8/14/2021 3:02,18.57
4937,8/14/2021 3:12,18.57
4938,8/14/2021 3:22,18.57
4939,8/14/2021 3:32,18.44
4940,8/14/2021 3:42,18.36
4941,8/14/2021 3:52,18.32
4942,8/14/2021 4:02,18.14
4943,8/14/2021 4:12,18.02
4944,8/14/2021 4:22,18.02
4945,8/14/2021 4:32,17.97
4946,8/14/2021 4:42,17.89
4947,8/14/2021 4:52,17.93
4948,8/14/2021 5:02,17.89
4949,8/14/2021 5:12,17.84
4950,8/14/2021 5:22,17.8
4951,8/14/2021 5:32,17.84
4952,8/14/2021 5:42,17.84
4953,8/14/2021 5:52,18.1
4954,8/14/2021 6:02,18.23
4955,8/14/2021 6:12,18.32
4956,8/14/2021 6:22,18.27
4957,8/14/2021 6:32,18.32
4958,8/14/2021 6:42,18.19
4959,8/14/2021 6:52,18.19
4960,8/14/2021 7:02,18.14
4961,8/14/2021 7:12,18.06
4962,8/14/2021 7:22,18.02
4963,8/14/2021 7:32,17.93
4964,8/14/2021 7:42,17.76
4965,8/14/2021 7:52,17.46
4966,8/14/2021 8:02,17.24
4967,8/14/2021 8:12,17.07
4968,8/14/2021 8:22,16.99
4969,8/14/2021 8:32,16.94
4970,8/14/2021 8:42,16.94
4971,8/14/2021 8:52,17.07
4972,8/14/2021 9:02,17.11
4973,8/14/2021 9:12,17.2
4974,8/14/2021 9:22,17.33
4975,8/14/2021 9:32,17.67
4976,8/14/2021 9:42,18.1
4977,8/14/2021 9:52,18.02
4978,8/14/2021 10:02,18.87
4979,8/14/2021 10:12,20.25
4980,8/14/2021 10:22,21.4
4981,8/14/2021 10:32,23.08
4982,8/14/2021 10:42,26.81
4983,8/14/2021 10:52,26.51
4984,8/14/2021 11:02,24.71
4985,8/14/2021 11:12,24.24
4986,8/14/2021 11:22,22.99
4987,8/14/2021 11:32,23.16
4988,8/14/2021 11:42,24.11
4989,8/14/2021 11:52,23.55
4990,8/14/2021 12:02,22.99
4991,8/14/2021 12:12,22.39
4992,8/14/2021 12:22,21.7
4993,8/14/2021 12:32,21.53
4994,8/14/2021 12:42,21.28
4995,8/14/2021 12:52,21.15
4996,8/14/2021 13:02,20.93
4997,8/14/2021 13:12,20.5
4998,8/14/2021 13:22,20.29
4999,8/14/2021 13:32,20.25
5000,8/14/2021 13:42,20.12
5001,8/14/2021 13:52,20.2
5002,8/14/2021 14:02,20.37
5003,8/14/2021 14:12,20.46
5004,8/14/2021 14:22,20.55
5005,8/14/2021 14:32,20.2
5006,8/14/2021 14:42,19.99
5007,8/14/2021 14:52,19.9
5008,8/14/2021 15:02,19.86
5009,8/14/2021 15:12,19.82
5010,8/14/2021 15:22,20.12
5011,8/14/2021 15:32,19.6
5012,8/14/2021 15:42,19.47
5013,8/14/2021 15:52,19.43
5014,8/14/2021 16:02,19.77
5015,8/14/2021 16:12,19.69
5016,8/14/2021 16:22,19.77
5017,8/14/2021 16:32,20.16
5018,8/14/2021 16:42,20.03
5019,8/14/2021 16:52,20.03
5020,8/14/2021 17:02,20.07
5021,8/14/2021 17:12,20.07
5022,8/14/2021 17:22,20.12
5023,8/14/2021 17:32,19.95
5024,8/14/2021 17:42,19.95
5025,8/14/2021 17:52,19.86
5026,8/14/2021 18:02,19.77
5027,8/14/2021 18:12,19.69
5028,8/14/2021 18:22,19.39
5029,8/14/2021 18:32,19.22
5030,8/14/2021 18:42,19.22
5031,8/14/2021 18:52,19.17
5032,8/14/2021 19:02,19.26
5033,8/14/2021 19:12,19.3
5034,8/14/2021 19:22,19.39
5035,8/14/2021 19:32,19.52
5036,8/14/2021 19:42,19.56
5037,8/14/2021 19:52,19.65
5038,8/14/2021 20:02,19.73
5039,8/14/2021 20:12,19.86
5040,8/14/2021 20:22,19.99
5041,8/14/2021 20:32,20.16
5042,8/14/2021 20:42,20.37
5043,8/14/2021 20:52,20.42
5044,8/14/2021 21:02,20.42
5045,8/14/2021 21:12,20.29
5046,8/14/2021 21:22,20.25
5047,8/14/2021 21:32,20.33
5048,8/14/2021 21:42,20.37
5049,8/14/2021 21:52,20.33
5050,8/14/2021 22:02,20.25
5051,8/14/2021 22:12,20.07
5052,8/14/2021 22:22,19.95
5053,8/14/2021 22:32,19.86
5054,8/14/2021 22:42,19.56
5055,8/14/2021 22:52,19.26
5056,8/14/2021 23:02,18.92
5057,8/14/2021 23:12,17.33
5058,8/14/2021 23:22,16
5059,8/14/2021 23:32,15.74
5060,8/14/2021 23:42,15.57
5061,8/14/2021 23:52,15.53
5062,8/15/2021 0:02,15.57
5063,8/15/2021 0:12,15.61
5064,8/15/2021 0:22,15.36
5065,8/15/2021 0:32,15.36
5066,8/15/2021 0:42,15.36
5067,8/15/2021 0:52,15.18
5068,8/15/2021 1:02,15.18
5069,8/15/2021 1:12,15.14
5070,8/15/2021 1:22,15.14
5071,8/15/2021 1:32,15.06
5072,8/15/2021 1:42,15.06
5073,8/15/2021 1:52,14.97
5074,8/15/2021 2:02,14.93
5075,8/15/2021 2:12,15.57
5076,8/15/2021 2:22,16.64
5077,8/15/2021 2:32,17.16
5078,8/15/2021 2:42,17.63
5079,8/15/2021 2:52,17.84
5080,8/15/2021 3:02,18.02
5081,8/15/2021 3:12,18.23
5082,8/15/2021 3:22,18.49
5083,8/15/2021 3:32,18.53
5084,8/15/2021 3:42,18.66
5085,8/15/2021 3:52,18.66
5086,8/15/2021 4:02,18.66
5087,8/15/2021 4:12,18.62
5088,8/15/2021 4:22,18.66
5089,8/15/2021 4:32,18.62
5090,8/15/2021 4:42,18.62
5091,8/15/2021 4:52,18.62
5092,8/15/2021 5:02,18.57
5093,8/15/2021 5:12,18.57
5094,8/15/2021 5:22,18.62
5095,8/15/2021 5:32,18.62
5096,8/15/2021 5:42,18.57
5097,8/15/2021 5:52,18.62
5098,8/15/2021 6:02,18.57
5099,8/15/2021 6:12,18.44
5100,8/15/2021 6:22,18.32
5101,8/15/2021 6:32,18.27
5102,8/15/2021 6:42,18.32
5103,8/15/2021 6:52,18.44
5104,8/15/2021 7:02,18.44
5105,8/15/2021 7:12,18.44
5106,8/15/2021 7:22,18.53
5107,8/15/2021 7:32,18.57
5108,8/15/2021 7:42,18.57
5109,8/15/2021 7:52,18.57
5110,8/15/2021 8:02,18.53
5111,8/15/2021 8:12,18.36
5112,8/15/2021 8:22,17.8
5113,8/15/2021 8:32,17.72
5114,8/15/2021 8:42,17.84
5115,8/15/2021 8:52,17.89
5116,8/15/2021 9:02,17.76
5117,8/15/2021 9:12,17.63
5118,8/15/2021 9:22,17.5
5119,8/15/2021 9:32,17.37
5120,8/15/2021 9:42,17.41
5121,8/15/2021 9:52,17.59
5122,8/15/2021 10:02,17.97
5123,8/15/2021 10:12,18.36
5124,8/15/2021 10:22,18.83
5125,8/15/2021 10:32,19.39
5126,8/15/2021 10:42,19.69
5127,8/15/2021 10:52,20.29
5128,8/15/2021 11:02,20.93
5129,8/15/2021 11:12,21.4
5130,8/15/2021 11:22,21.96
5131,8/15/2021 11:32,22.26
5132,8/15/2021 11:42,22.56
5133,8/15/2021 11:52,22.86
5134,8/15/2021 12:02,22.61
5135,8/15/2021 12:12,22.73
5136,8/15/2021 12:22,22.61
5137,8/15/2021 12:32,22.48
5138,8/15/2021 12:42,22.52
5139,8/15/2021 12:52,22.43
5140,8/15/2021 13:02,22.09
5141,8/15/2021 13:12,22.09
5142,8/15/2021 13:22,22.01
5143,8/15/2021 13:32,22.01
5144,8/15/2021 13:42,21.96
5145,8/15/2021 13:52,21.96
5146,8/15/2021 14:02,21.88
5147,8/15/2021 14:12,21.75
5148,8/15/2021 14:22,21.62
5149,8/15/2021 14:32,21.53
5150,8/15/2021 14:42,21.45
5151,8/15/2021 14:52,21.15
5152,8/15/2021 15:02,21.15
5153,8/15/2021 15:12,21.45
5154,8/15/2021 15:22,21.7
5155,8/15/2021 15:32,21.7
5156,8/15/2021 15:42,21.58
5157,8/15/2021 15:52,21.53
5158,8/15/2021 16:02,21.62
5159,8/15/2021 16:12,22.05
5160,8/15/2021 16:22,22.26
5161,8/15/2021 16:32,22.48
5162,8/15/2021 16:42,22.69
5163,8/15/2021 16:52,22.95
5164,8/15/2021 17:02,22.95
5165,8/15/2021 17:12,22.73
5166,8/15/2021 17:22,21.88
5167,8/15/2021 17:32,21.1
5168,8/15/2021 17:42,20.8
5169,8/15/2021 17:52,20.63
5170,8/15/2021 18:02,20.76
5171,8/15/2021 18:12,21.02
5172,8/15/2021 18:22,21.15
5173,8/15/2021 18:32,21.45
5174,8/15/2021 18:42,21.75
5175,8/15/2021 18:52,21.96
5176,8/15/2021 19:02,22.18
5177,8/15/2021 19:12,22.31
5178,8/15/2021 19:22,22.43
5179,8/15/2021 19:32,22.22
5180,8/15/2021 19:42,21.96
5181,8/15/2021 19:52,21.83
5182,8/15/2021 20:02,21.53
5183,8/15/2021 20:12,21.28
5184,8/15/2021 20:22,21.28
5185,8/15/2021 20:32,21.19
5186,8/15/2021 20:42,21.23
5187,8/15/2021 20:52,21.28
5188,8/15/2021 21:02,21.19
5189,8/15/2021 21:12,21.19
5190,8/15/2021 21:22,21.36
5191,8/15/2021 21:32,21.88
5192,8/15/2021 21:42,21.92
5193,8/15/2021 21:52,21.79
5194,8/15/2021 22:02,21.58
5195,8/15/2021 22:12,21.32
5196,8/15/2021 22:22,21.06
5197,8/15/2021 22:32,21.45
5198,8/15/2021 22:42,21.32
5199,8/15/2021 22:52,21.36
5200,8/15/2021 23:02,21.45
5201,8/15/2021 23:12,21.32
5202,8/15/2021 23:22,21.1
5203,8/15/2021 23:32,20.98
5204,8/15/2021 23:42,20.72
5205,8/15/2021 23:52,20.2
5206,8/16/2021 0:02,19.69
5207,8/16/2021 0:12,18.79
5208,8/16/2021 0:22,16.51
5209,8/16/2021 0:32,15.53
5210,8/16/2021 0:42,15.31
5211,8/16/2021 0:52,15.23
5212,8/16/2021 1:02,15.06
5213,8/16/2021 1:12,15.01
5214,8/16/2021 1:22,14.93
5215,8/16/2021 1:32,14.88
5216,8/16/2021 1:42,14.75
5217,8/16/2021 1:52,14.63
5218,8/16/2021 2:02,14.58
5219,8/16/2021 2:12,14.54
5220,8/16/2021 2:22,14.5
5221,8/16/2021 2:32,14.58
5222,8/16/2021 2:42,14.54
5223,8/16/2021 2:52,14.45
5224,8/16/2021 3:02,14.41
5225,8/16/2021 3:12,14.41
5226,8/16/2021 3:22,14.37
5227,8/16/2021 3:32,14.33
5228,8/16/2021 3:42,14.28
5229,8/16/2021 3:52,14.41
5230,8/16/2021 4:02,16.08
5231,8/16/2021 4:12,16.86
5232,8/16/2021 4:22,17.59
5233,8/16/2021 4:32,18.32
5234,8/16/2021 4:42,18.7
5235,8/16/2021 4:52,19
5236,8/16/2021 5:02,19.26
5237,8/16/2021 5:12,19.52
5238,8/16/2021 5:22,19.65
5239,8/16/2021 5:32,19.56
5240,8/16/2021 5:42,19.39
5241,8/16/2021 5:52,19.3
5242,8/16/2021 6:02,19.13
5243,8/16/2021 6:12,18.96
5244,8/16/2021 6:22,18.79
5245,8/16/2021 6:32,18.79
5246,8/16/2021 6:42,18.74
5247,8/16/2021 6:52,18.74
5248,8/16/2021 7:02,18.66
5249,8/16/2021 7:12,18.66
5250,8/16/2021 7:22,18.62
5251,8/16/2021 7:32,18.53
5252,8/16/2021 7:42,18.49
5253,8/16/2021 7:52,18.57
5254,8/16/2021 8:02,18.57
5255,8/16/2021 8:12,18.62
5256,8/16/2021 8:22,18.74
5257,8/16/2021 8:32,18.83
5258,8/16/2021 8:42,19.09
5259,8/16/2021 8:52,19.26
5260,8/16/2021 9:02,19.39
5261,8/16/2021 9:12,19.47
5262,8/16/2021 9:22,19.52
5263,8/16/2021 9:32,19.65
5264,8/16/2021 9:42,19.86
5265,8/16/2021 9:52,19.95
5266,8/16/2021 10:02,19.99
5267,8/16/2021 10:12,20.03
5268,8/16/2021 10:22,20.2
5269,8/16/2021 10:32,20.16
5270,8/16/2021 10:42,20.25
5271,8/16/2021 10:52,20.25
5272,8/16/2021 11:02,20.37
5273,8/16/2021 11:12,20.37
5274,8/16/2021 11:22,20.55
5275,8/16/2021 11:32,20.72
5276,8/16/2021 11:42,21.02
5277,8/16/2021 11:52,21.1
5278,8/16/2021 12:02,21.32
5279,8/16/2021 12:12,21.49
5280,8/16/2021 12:22,21.66
5281,8/16/2021 12:32,21.92
5282,8/16/2021 12:42,22.01
5283,8/16/2021 12:52,21.96
5284,8/16/2021 13:02,21.88
5285,8/16/2021 13:12,22.13
5286,8/16/2021 13:22,22.26
5287,8/16/2021 13:32,22.35
5288,8/16/2021 13:42,22.35
5289,8/16/2021 13:52,22.35
5290,8/16/2021 14:02,22.35
5291,8/16/2021 14:12,22.43
5292,8/16/2021 14:22,22.48
5293,8/16/2021 14:32,22.39
5294,8/16/2021 14:42,22.52
5295,8/16/2021 14:52,22.69
5296,8/16/2021 15:02,22.61
5297,8/16/2021 15:12,22.56
5298,8/16/2021 15:22,22.82
5299,8/16/2021 15:32,22.78
5300,8/16/2021 15:42,22.26
5301,8/16/2021 15:52,21.4
5302,8/16/2021 16:02,20.5
5303,8/16/2021 16:12,20.07
5304,8/16/2021 16:22,19.77
5305,8/16/2021 16:32,19.65
5306,8/16/2021 16:42,19.56
5307,8/16/2021 16:52,19.39
5308,8/16/2021 17:02,19.09
5309,8/16/2021 17:12,18.83
5310,8/16/2021 17:22,18.66
5311,8/16/2021 17:32,18.44
5312,8/16/2021 17:42,18.27
5313,8/16/2021 17:52,18.23
5314,8/16/2021 18:02,18.1
5315,8/16/2021 18:12,18.02
5316,8/16/2021 18:22,17.97
5317,8/16/2021 18:32,17.93
5318,8/16/2021 18:42,17.93
5319,8/16/2021 18:52,17.97
5320,8/16/2021 19:02,17.93
5321,8/16/2021 19:12,17.93
5322,8/16/2021 19:22,18.1
5323,8/16/2021 19:32,18.23
5324,8/16/2021 19:42,18.23
5325,8/16/2021 19:52,18.27
5326,8/16/2021 20:02,18.27
5327,8/16/2021 20:12,18.53
5328,8/16/2021 20:22,19.26
5329,8/16/2021 20:32,19.43
5330,8/16/2021 20:42,19.43
5331,8/16/2021 20:52,19.39
5332,8/16/2021 21:02,19.43
5333,8/16/2021 21:12,19.47
5334,8/16/2021 21:22,19.52
5335,8/16/2021 21:32,19.47
5336,8/16/2021 21:42,19.26
5337,8/16/2021 21:52,19.22
5338,8/16/2021 22:02,19.09
5339,8/16/2021 22:12,18.96
5340,8/16/2021 22:22,18.79
5341,8/16/2021 22:32,18.62
5342,8/16/2021 22:42,18.53
5343,8/16/2021 22:52,18.44
5344,8/16/2021 23:02,18.4
5345,8/16/2021 23:12,18.27
5346,8/16/2021 23:22,18.49
5347,8/16/2021 23:32,18.53
5348,8/16/2021 23:42,18.53
5349,8/16/2021 23:52,18.44
5350,8/17/2021 0:02,18.36
5351,8/17/2021 0:12,18.14
5352,8/17/2021 0:22,17.97
5353,8/17/2021 0:32,17.84
5354,8/17/2021 0:42,17.59
5355,8/17/2021 0:52,17.37
5356,8/17/2021 1:02,17.16
5357,8/17/2021 1:12,16.3
5358,8/17/2021 1:22,14.63
5359,8/17/2021 1:32,14.2
5360,8/17/2021 1:42,13.98
5361,8/17/2021 1:52,13.94
5362,8/17/2021 2:02,13.94
5363,8/17/2021 2:12,13.94
5364,8/17/2021 2:22,13.68
5365,8/17/2021 2:32,13.68
5366,8/17/2021 2:42,13.81
5367,8/17/2021 2:52,13.77
5368,8/17/2021 3:02,13.77
5369,8/17/2021 3:12,13.77
5370,8/17/2021 3:22,13.68
5371,8/17/2021 3:32,13.47
5372,8/17/2021 3:42,13.43
5373,8/17/2021 3:52,13.51
5374,8/17/2021 4:02,13.64
5375,8/17/2021 4:12,13.64
5376,8/17/2021 4:22,13.64
5377,8/17/2021 4:32,13.55
5378,8/17/2021 4:42,13.47
5379,8/17/2021 4:52,13.47
5380,8/17/2021 5:02,13.47
5381,8/17/2021 5:12,13.34
5382,8/17/2021 5:22,13.38
5383,8/17/2021 5:32,14.2
5384,8/17/2021 5:42,14.93
5385,8/17/2021 5:52,15.61
5386,8/17/2021 6:02,16.13
5387,8/17/2021 6:12,16.43
5388,8/17/2021 6:22,16.73
5389,8/17/2021 6:32,16.9
5390,8/17/2021 6:42,16.99
5391,8/17/2021 6:52,16.94
5392,8/17/2021 7:02,16.86
5393,8/17/2021 7:12,16.73
5394,8/17/2021 7:22,16.73
5395,8/17/2021 7:32,16.77
5396,8/17/2021 7:42,16.73
5397,8/17/2021 7:52,16.73
5398,8/17/2021 8:02,16.77
5399,8/17/2021 8:12,16.9
5400,8/17/2021 8:22,16.94
5401,8/17/2021 8:32,16.94
5402,8/17/2021 8:42,16.99
5403,8/17/2021 8:52,16.77
5404,8/17/2021 9:02,16.43
5405,8/17/2021 9:12,16.64
5406,8/17/2021 9:22,16.94
5407,8/17/2021 9:32,16.81
5408,8/17/2021 9:42,16.86
5409,8/17/2021 9:52,17.03
5410,8/17/2021 10:02,17.24
5411,8/17/2021 10:12,17.37
5412,8/17/2021 10:22,17.5
5413,8/17/2021 10:32,17.72
5414,8/17/2021 10:42,17.84
5415,8/17/2021 10:52,17.93
5416,8/17/2021 11:02,18.1
5417,8/17/2021 11:12,17.97
5418,8/17/2021 11:22,18.19
5419,8/17/2021 11:32,18.4
5420,8/17/2021 11:42,18.57
5421,8/17/2021 11:52,18.74
5422,8/17/2021 12:02,18.7
5423,8/17/2021 12:12,18.87
5424,8/17/2021 12:22,19.22
5425,8/17/2021 12:32,19.56
5426,8/17/2021 12:42,20.25
5427,8/17/2021 12:52,20.89
5428,8/17/2021 13:02,21.1
5429,8/17/2021 13:12,21.06
5430,8/17/2021 13:22,21.19
5431,8/17/2021 13:32,21.45
5432,8/17/2021 13:42,21.96
5433,8/17/2021 13:52,22.18
5434,8/17/2021 14:02,21.88
5435,8/17/2021 14:12,21.88
5436,8/17/2021 14:22,22.01
5437,8/17/2021 14:32,22.13
5438,8/17/2021 14:42,22.22
5439,8/17/2021 14:52,22.35
5440,8/17/2021 15:02,22.48
5441,8/17/2021 15:12,22.39
5442,8/17/2021 15:22,22.35
5443,8/17/2021 15:32,22.26
5444,8/17/2021 15:42,22.13
5445,8/17/2021 15:52,22.13
5446,8/17/2021 16:02,22.35
5447,8/17/2021 16:12,22.31
5448,8/17/2021 16:22,22.26
5449,8/17/2021 16:32,22.05
5450,8/17/2021 16:42,21.92
5451,8/17/2021 16:52,21.53
5452,8/17/2021 17:02,21.28
5453,8/17/2021 17:12,20.68
5454,8/17/2021 17:22,20.16
5455,8/17/2021 17:32,19.6
5456,8/17/2021 17:42,19.26
5457,8/17/2021 17:52,18.87
5458,8/17/2021 18:02,18.57
5459,8/17/2021 18:12,18.4
5460,8/17/2021 18:22,18.23
5461,8/17/2021 18:32,18.02
5462,8/17/2021 18:42,17.8
5463,8/17/2021 18:52,17.72
5464,8/17/2021 19:02,17.63
5465,8/17/2021 19:12,17.54
5466,8/17/2021 19:22,17.5
5467,8/17/2021 19:32,17.5
5468,8/17/2021 19:42,17.46
5469,8/17/2021 19:52,17.41
5470,8/17/2021 20:02,17.41
5471,8/17/2021 20:12,17.41
5472,8/17/2021 20:22,17.37
5473,8/17/2021 20:32,17.41
5474,8/17/2021 20:42,17.46
5475,8/17/2021 20:52,17.63
5476,8/17/2021 21:02,17.89
5477,8/17/2021 21:12,18.14
5478,8/17/2021 21:22,18.57
5479,8/17/2021 21:32,19.39
5480,8/17/2021 21:42,19.82
5481,8/17/2021 21:52,20.07
5482,8/17/2021 22:02,20.2
5483,8/17/2021 22:12,20.29
5484,8/17/2021 22:22,20.16
5485,8/17/2021 22:32,19.9
5486,8/17/2021 22:42,19.99
5487,8/17/2021 22:52,20.12
5488,8/17/2021 23:02,20.2
5489,8/17/2021 23:12,20.2
5490,8/17/2021 23:22,20.29
5491,8/17/2021 23:32,20.33
5492,8/17/2021 23:42,20.2
5493,8/17/2021 23:52,20.07
5494,8/18/2021 0:02,20.2
5495,8/18/2021 0:12,20.33
5496,8/18/2021 0:22,19.52
5497,8/18/2021 0:32,19.43
5498,8/18/2021 0:42,19.17
5499,8/18/2021 0:52,19.13
5500,8/18/2021 1:02,19.17
5501,8/18/2021 1:12,19.22
5502,8/18/2021 1:22,19.17
5503,8/18/2021 1:32,19.05
5504,8/18/2021 1:42,18.7
5505,8/18/2021 1:52,18.4
5506,8/18/2021 2:02,17.72
5507,8/18/2021 2:12,15.01
5508,8/18/2021 2:22,14.15
5509,8/18/2021 2:32,13.68
5510,8/18/2021 2:42,13.25
5511,8/18/2021 2:52,12.87
5512,8/18/2021 3:02,12.78
5513,8/18/2021 3:12,12.57
5514,8/18/2021 3:22,12.4
5515,8/18/2021 3:32,12.52
5516,8/18/2021 3:42,12.27
5517,8/18/2021 3:52,12.14
5518,8/18/2021 4:02,12.14
5519,8/18/2021 4:12,12.1
5520,8/18/2021 4:22,11.88
5521,8/18/2021 4:32,11.84
5522,8/18/2021 4:42,11.79
5523,8/18/2021 4:52,11.54
5524,8/18/2021 5:02,11.32
5525,8/18/2021 5:12,11.19
5526,8/18/2021 5:22,11.19
5527,8/18/2021 5:32,11.15
5528,8/18/2021 5:42,11.02
5529,8/18/2021 5:52,10.89
5530,8/18/2021 6:02,10.85
5531,8/18/2021 6:12,10.85
5532,8/18/2021 6:22,10.77
5533,8/18/2021 6:32,10.55
5534,8/18/2021 6:42,10.64
5535,8/18/2021 6:52,10.81
5536,8/18/2021 7:02,13.3
5537,8/18/2021 7:12,14.93
5538,8/18/2021 7:22,16.47
5539,8/18/2021 7:32,17.2
5540,8/18/2021 7:42,17.46
5541,8/18/2021 7:52,17.46
5542,8/18/2021 8:02,17.41
5543,8/18/2021 8:12,17.41
5544,8/18/2021 8:22,17.37
5545,8/18/2021 8:32,17.46
5546,8/18/2021 8:42,17.5
5547,8/18/2021 8:52,17.5
5548,8/18/2021 9:02,17.46
5549,8/18/2021 9:12,17.46
5550,8/18/2021 9:22,17.46
5551,8/18/2021 9:32,17.46
5552,8/18/2021 9:42,17.46
5553,8/18/2021 9:52,17.54
5554,8/18/2021 10:02,17.54
5555,8/18/2021 10:12,17.63
5556,8/18/2021 10:22,17.63
5557,8/18/2021 10:32,17.67
5558,8/18/2021 10:42,17.76
5559,8/18/2021 10:52,17.84
5560,8/18/2021 11:02,17.97
5561,8/18/2021 11:12,18.06
5562,8/18/2021 11:22,18.06
5563,8/18/2021 11:32,18.19
5564,8/18/2021 11:42,18.27
5565,8/18/2021 11:52,18.4
5566,8/18/2021 12:02,18.49
5567,8/18/2021 12:12,18.62
5568,8/18/2021 12:22,18.7
5569,8/18/2021 12:32,18.87
5570,8/18/2021 12:42,18.96
5571,8/18/2021 12:52,19.09
5572,8/18/2021 13:02,19.26
5573,8/18/2021 13:12,19.35
5574,8/18/2021 13:22,19.6
5575,8/18/2021 13:32,19.77
5576,8/18/2021 13:42,19.99
5577,8/18/2021 13:52,20.25
5578,8/18/2021 14:02,20.37
5579,8/18/2021 14:12,20.5
5580,8/18/2021 14:22,20.63
5581,8/18/2021 14:32,20.76
5582,8/18/2021 14:42,20.8
5583,8/18/2021 14:52,20.89
5584,8/18/2021 15:02,20.98
5585,8/18/2021 15:12,21.06
5586,8/18/2021 15:22,21.06
5587,8/18/2021 15:32,21.15
5588,8/18/2021 15:42,21.15
5589,8/18/2021 15:52,21.19
5590,8/18/2021 16:02,21.1
5591,8/18/2021 16:12,20.76
5592,8/18/2021 16:22,20.72
5593,8/18/2021 16:32,20.63
5594,8/18/2021 16:42,20.59
5595,8/18/2021 16:52,20.5
5596,8/18/2021 17:02,20.37
5597,8/18/2021 17:12,20.12
5598,8/18/2021 17:22,20.03
5599,8/18/2021 17:32,20.03
5600,8/18/2021 17:42,20.07
5601,8/18/2021 17:52,20.2
5602,8/18/2021 18:02,20.33
5603,8/18/2021 18:12,20.37
5604,8/18/2021 18:22,20.07
5605,8/18/2021 18:32,20.42
5606,8/18/2021 18:42,20.07
5607,8/18/2021 18:52,19.43
5608,8/18/2021 19:02,18.92
5609,8/18/2021 19:12,18.92
5610,8/18/2021 19:22,18.96
5611,8/18/2021 19:32,19.13
5612,8/18/2021 19:42,19.3
5613,8/18/2021 19:52,19.3
5614,8/18/2021 20:02,19.13
5615,8/18/2021 20:12,18.74
5616,8/18/2021 20:22,18.23
5617,8/18/2021 20:32,17.89
5618,8/18/2021 20:42,17.89
5619,8/18/2021 20:52,17.93
5620,8/18/2021 21:02,18.32
5621,8/18/2021 21:12,18.36
5622,8/18/2021 21:22,18.27
5623,8/18/2021 21:32,18.66
5624,8/18/2021 21:42,18.92
5625,8/18/2021 21:52,19.09
5626,8/18/2021 22:02,19.22
5627,8/18/2021 22:12,19.26
5628,8/18/2021 22:22,19.35
5629,8/18/2021 22:32,19.56
5630,8/18/2021 22:42,19.47
5631,8/18/2021 22:52,19.35
5632,8/18/2021 23:02,19.22
5633,8/18/2021 23:12,19.17
5634,8/18/2021 23:22,19.22
5635,8/18/2021 23:32,19.39
5636,8/18/2021 23:42,19.47
5637,8/18/2021 23:52,19.6
5638,8/19/2021 0:02,19.65
5639,8/19/2021 0:12,19.69
5640,8/19/2021 0:22,19.69
5641,8/19/2021 0:32,19.69
5642,8/19/2021 0:42,19.73
5643,8/19/2021 0:52,19.82
5644,8/19/2021 1:02,19.9
5645,8/19/2021 1:12,19.82
5646,8/19/2021 1:22,19.26
5647,8/19/2021 1:32,19.09
5648,8/19/2021 1:42,19.17
5649,8/19/2021 1:52,19.17
5650,8/19/2021 2:02,19
5651,8/19/2021 2:12,18.74
5652,8/19/2021 2:22,18.66
5653,8/19/2021 2:32,18.57
5654,8/19/2021 2:42,18.44
5655,8/19/2021 2:52,18.32
5656,8/19/2021 3:02,17.16
5657,8/19/2021 3:12,16.17
5658,8/19/2021 3:22,15.78
5659,8/19/2021 3:32,15.66
5660,8/19/2021 3:42,15.53
5661,8/19/2021 3:52,15.36
5662,8/19/2021 4:02,15.27
5663,8/19/2021 4:12,15.23
5664,8/19/2021 4:22,15.18
5665,8/19/2021 4:32,15.01
5666,8/19/2021 4:42,14.97
5667,8/19/2021 4:52,14.84
5668,8/19/2021 5:02,14.8
5669,8/19/2021 5:12,14.71
5670,8/19/2021 5:22,14.71
5671,8/19/2021 5:32,14.71
5672,8/19/2021 5:42,14.84
5673,8/19/2021 5:52,14.71
5674,8/19/2021 6:02,14.84
5675,8/19/2021 6:12,14.8
5676,8/19/2021 6:22,14.84
5677,8/19/2021 6:32,15.1
5678,8/19/2021 6:42,15.1
5679,8/19/2021 6:52,15.1
5680,8/19/2021 7:02,15.1
5681,8/19/2021 7:12,15.23
5682,8/19/2021 7:22,15.31
5683,8/19/2021 7:32,15.44
5684,8/19/2021 7:42,15.4
5685,8/19/2021 7:52,15.57
5686,8/19/2021 8:02,16.13
5687,8/19/2021 8:12,16.81
5688,8/19/2021 8:22,17.46
5689,8/19/2021 8:32,18.02
5690,8/19/2021 8:42,18.19
5691,8/19/2021 8:52,18.32
5692,8/19/2021 9:02,18.32
5693,8/19/2021 9:12,18.44
5694,8/19/2021 9:22,18.4
5695,8/19/2021 9:32,18.36
5696,8/19/2021 9:42,18.36
5697,8/19/2021 9:52,18.36
5698,8/19/2021 10:02,18.4
5699,8/19/2021 10:12,18.44
5700,8/19/2021 10:22,18.53
5701,8/19/2021 10:32,18.62
5702,8/19/2021 10:42,18.57
5703,8/19/2021 10:52,18.57
5704,8/19/2021 11:02,18.66
5705,8/19/2021 11:12,18.74
5706,8/19/2021 11:22,18.79
5707,8/19/2021 11:32,18.87
5708,8/19/2021 11:42,18.96
5709,8/19/2021 11:52,19
5710,8/19/2021 12:02,19.13
5711,8/19/2021 12:12,19.17
5712,8/19/2021 12:22,19.35
5713,8/19/2021 12:32,19.6
5714,8/19/2021 12:42,19.77
5715,8/19/2021 12:52,19.86
5716,8/19/2021 13:02,19.99
5717,8/19/2021 13:12,20.16
5718,8/19/2021 13:22,20.37
5719,8/19/2021 13:32,20.42
5720,8/19/2021 13:42,20.46
5721,8/19/2021 13:52,20.63
5722,8/19/2021 14:02,20.76
5723,8/19/2021 14:12,20.93
5724,8/19/2021 14:22,21.06
5725,8/19/2021 14:32,21.28
5726,8/19/2021 14:42,21.36
5727,8/19/2021 14:52,21.4
5728,8/19/2021 15:02,21.49
5729,8/19/2021 15:12,21.62
5730,8/19/2021 15:22,21.7
5731,8/19/2021 15:32,21.88
5732,8/19/2021 15:42,21.92
5733,8/19/2021 15:52,21.96
5734,8/19/2021 16:02,22.13
5735,8/19/2021 16:12,22.18
5736,8/19/2021 16:22,21.96
5737,8/19/2021 16:32,21.58
5738,8/19/2021 16:42,21.45
5739,8/19/2021 16:52,21.28
5740,8/19/2021 17:02,21.15
5741,8/19/2021 17:12,20.98
5742,8/19/2021 17:22,20.89
5743,8/19/2021 17:32,20.8
5744,8/19/2021 17:42,20.63
5745,8/19/2021 17:52,20.59
5746,8/19/2021 18:02,20.46
5747,8/19/2021 18:12,20.33
5748,8/19/2021 18:22,20.33
5749,8/19/2021 18:32,20.29
5750,8/19/2021 18:42,20.33
5751,8/19/2021 18:52,20.42
5752,8/19/2021 19:02,20.37
5753,8/19/2021 19:12,20.33
5754,8/19/2021 19:22,19.99
5755,8/19/2021 19:32,19.47
5756,8/19/2021 19:42,19.39
5757,8/19/2021 19:52,19.56
5758,8/19/2021 20:02,19.73
5759,8/19/2021 20:12,19.35
5760,8/19/2021 20:22,18.87
5761,8/19/2021 20:32,18.66
5762,8/19/2021 20:42,18.32
5763,8/19/2021 20:52,18.27
5764,8/19/2021 21:02,17.89
5765,8/19/2021 21:12,17.46
5766,8/19/2021 21:22,17.24
5767,8/19/2021 21:32,17.03
5768,8/19/2021 21:42,17.03
5769,8/19/2021 21:52,16.77
5770,8/19/2021 22:02,16.73
5771,8/19/2021 22:12,16.77
5772,8/19/2021 22:22,16.94
5773,8/19/2021 22:32,17.24
5774,8/19/2021 22:42,18.1
5775,8/19/2021 22:52,18.66
5776,8/19/2021 23:02,18.96
5777,8/19/2021 23:12,19.22
5778,8/19/2021 23:22,19.3
5779,8/19/2021 23:32,19
5780,8/19/2021 23:42,18.83
5781,8/19/2021 23:52,18.74
5782,8/20/2021 0:02,18.83
5783,8/20/2021 0:12,18.92
5784,8/20/2021 0:22,19.09
5785,8/20/2021 0:32,19.13
5786,8/20/2021 0:42,19.22
5787,8/20/2021 0:52,19.22
5788,8/20/2021 1:02,19.09
5789,8/20/2021 1:12,19.13
5790,8/20/2021 1:22,19.13
5791,8/20/2021 1:32,19.22
5792,8/20/2021 1:42,19.39
5793,8/20/2021 1:52,19.43
5794,8/20/2021 2:02,19.43
5795,8/20/2021 2:12,19.43
5796,8/20/2021 2:22,19.13
5797,8/20/2021 2:32,19.17
5798,8/20/2021 2:42,19.17
5799,8/20/2021 2:52,19.09
5800,8/20/2021 3:02,18.87
5801,8/20/2021 3:12,18.74
5802,8/20/2021 3:22,18.7
5803,8/20/2021 3:32,18.66
5804,8/20/2021 3:42,18.53
5805,8/20/2021 3:52,17.24
5806,8/20/2021 4:02,15.91
5807,8/20/2021 4:12,15.4
5808,8/20/2021 4:22,15.44
5809,8/20/2021 4:32,15.57
5810,8/20/2021 4:42,15.36
5811,8/20/2021 4:52,15.48
5812,8/20/2021 5:02,15.36
5813,8/20/2021 5:12,15.36
5814,8/20/2021 5:22,15.18
5815,8/20/2021 5:32,15.1
5816,8/20/2021 5:42,15.23
5817,8/20/2021 5:52,15.18
5818,8/20/2021 6:02,15.18
5819,8/20/2021 6:12,15.14
5820,8/20/2021 6:22,15.14
5821,8/20/2021 6:32,15.1
5822,8/20/2021 6:42,15.1
5823,8/20/2021 6:52,15.01
5824,8/20/2021 7:02,15.14
5825,8/20/2021 7:12,15.14
5826,8/20/2021 7:22,15.23
5827,8/20/2021 7:32,15.4
5828,8/20/2021 7:42,15.4
5829,8/20/2021 7:52,15.44
5830,8/20/2021 8:02,15.48
5831,8/20/2021 8:12,15.66
5832,8/20/2021 8:22,15.66
5833,8/20/2021 8:32,15.78
5834,8/20/2021 8:42,15.83
5835,8/20/2021 8:52,17.03
5836,8/20/2021 9:02,17.46
5837,8/20/2021 9:12,18.06
5838,8/20/2021 9:22,18.44
5839,8/20/2021 9:32,18.4
5840,8/20/2021 9:42,18.27
5841,8/20/2021 9:52,18.27
5842,8/20/2021 10:02,18.02
5843,8/20/2021 10:12,17.72
5844,8/20/2021 10:22,17.63
5845,8/20/2021 10:32,17.63
5846,8/20/2021 10:42,17.63
5847,8/20/2021 10:52,17.72
5848,8/20/2021 11:02,17.76
5849,8/20/2021 11:12,17.76
5850,8/20/2021 11:22,17.67
5851,8/20/2021 11:32,17.63
5852,8/20/2021 11:42,17.63
5853,8/20/2021 11:52,17.63
5854,8/20/2021 12:02,17.72
5855,8/20/2021 12:12,17.72
5856,8/20/2021 12:22,17.72
5857,8/20/2021 12:32,17.72
5858,8/20/2021 12:42,17.76
5859,8/20/2021 12:52,17.76
5860,8/20/2021 13:02,17.76
5861,8/20/2021 13:12,17.84
5862,8/20/2021 13:22,17.89
5863,8/20/2021 13:32,18.06
5864,8/20/2021 13:42,18.14
5865,8/20/2021 13:52,18.23
5866,8/20/2021 14:02,18.32
5867,8/20/2021 14:12,18.53
5868,8/20/2021 14:22,18.83
5869,8/20/2021 14:32,18.87
5870,8/20/2021 14:42,18.7
5871,8/20/2021 14:52,18.74
5872,8/20/2021 15:02,18.83
5873,8/20/2021 15:12,19.09
5874,8/20/2021 15:22,19.3
5875,8/20/2021 15:32,19.39
5876,8/20/2021 15:42,19.43
5877,8/20/2021 15:52,19.52
5878,8/20/2021 16:02,19.69
5879,8/20/2021 16:12,19.82
5880,8/20/2021 16:22,19.86
5881,8/20/2021 16:32,19.86
5882,8/20/2021 16:42,19.73
5883,8/20/2021 16:52,19.56
5884,8/20/2021 17:02,19.47
5885,8/20/2021 17:12,19.35
5886,8/20/2021 17:22,19.3
5887,8/20/2021 17:32,19.26
5888,8/20/2021 17:42,19.05
5889,8/20/2021 17:52,18.87
5890,8/20/2021 18:02,18.79
5891,8/20/2021 18:12,18.7
5892,8/20/2021 18:22,18.66
5893,8/20/2021 18:32,18.57
5894,8/20/2021 18:42,18.49
5895,8/20/2021 18:52,18.44
5896,8/20/2021 19:02,18.44
5897,8/20/2021 19:12,18.32
5898,8/20/2021 19:22,18.32
5899,8/20/2021 19:32,18.23
5900,8/20/2021 19:42,18.14
5901,8/20/2021 19:52,18.14
5902,8/20/2021 20:02,18.23
5903,8/20/2021 20:12,18.27
5904,8/20/2021 20:22,18.14
5905,8/20/2021 20:32,18.02
5906,8/20/2021 20:42,17.97
5907,8/20/2021 20:52,17.84
5908,8/20/2021 21:02,17.84
5909,8/20/2021 21:12,17.63
5910,8/20/2021 21:22,17.29
5911,8/20/2021 21:32,17.24
5912,8/20/2021 21:42,17.29
5913,8/20/2021 21:52,17.2
5914,8/20/2021 22:02,16.77
5915,8/20/2021 22:12,16.51
5916,8/20/2021 22:22,16.3
5917,8/20/2021 22:32,16.13
5918,8/20/2021 22:42,16.04
5919,8/20/2021 22:52,15.96
5920,8/20/2021 23:02,15.96
5921,8/20/2021 23:12,16.08
5922,8/20/2021 23:22,16.34
5923,8/20/2021 23:32,16.73
5924,8/20/2021 23:42,17.2
5925,8/20/2021 23:52,17.41
5926,8/21/2021 0:02,17.59
5927,8/21/2021 0:12,17.67
5928,8/21/2021 0:22,17.76
5929,8/21/2021 0:32,17.67
5930,8/21/2021 0:42,17.72
5931,8/21/2021 0:52,17.84
5932,8/21/2021 1:02,17.97
5933,8/21/2021 1:12,18.02
5934,8/21/2021 1:22,18.1
5935,8/21/2021 1:32,18.1
5936,8/21/2021 1:42,18.19
5937,8/21/2021 1:52,18.23
5938,8/21/2021 2:02,18.19
5939,8/21/2021 2:12,18.23
5940,8/21/2021 2:22,18.32
5941,8/21/2021 2:32,18.36
5942,8/21/2021 2:42,18.44
5943,8/21/2021 2:52,18.53
5944,8/21/2021 3:02,18.57
5945,8/21/2021 3:12,18.1
5946,8/21/2021 3:22,17.93
5947,8/21/2021 3:32,17.84
5948,8/21/2021 3:42,17.89
5949,8/21/2021 3:52,17.8
5950,8/21/2021 4:02,17.59
5951,8/21/2021 4:12,17.46
5952,8/21/2021 4:22,17.41
5953,8/21/2021 4:32,17.33
5954,8/21/2021 4:42,17.07
5955,8/21/2021 4:52,15.61
5956,8/21/2021 5:02,14.97
5957,8/21/2021 5:12,14.71
5958,8/21/2021 5:22,14.54
5959,8/21/2021 5:32,14.58
5960,8/21/2021 5:42,14.45
5961,8/21/2021 5:52,14.37
5962,8/21/2021 6:02,14.28
5963,8/21/2021 6:12,14.28
5964,8/21/2021 6:22,14.24
5965,8/21/2021 6:32,14.15
5966,8/21/2021 6:42,14.24
5967,8/21/2021 6:52,14.2
5968,8/21/2021 7:02,14.15
5969,8/21/2021 7:12,14.2
5970,8/21/2021 7:22,14.24
5971,8/21/2021 7:32,14.28
5972,8/21/2021 7:42,14.28
5973,8/21/2021 7:52,14.37
5974,8/21/2021 8:02,14.41
5975,8/21/2021 8:12,14.37
5976,8/21/2021 8:22,14.37
5977,8/21/2021 8:32,14.63
5978,8/21/2021 8:42,14.63
5979,8/21/2021 8:52,14.58
5980,8/21/2021 9:02,14.8
5981,8/21/2021 9:12,14.88
5982,8/21/2021 9:22,15.78
5983,8/21/2021 9:32,16.77
5984,8/21/2021 9:42,17.07
5985,8/21/2021 9:52,17.37
5986,8/21/2021 10:02,17.59
5987,8/21/2021 10:12,17.37
5988,8/21/2021 10:22,17.16
5989,8/21/2021 10:32,17.07
5990,8/21/2021 10:42,17.03
5991,8/21/2021 10:52,17.11
5992,8/21/2021 11:02,17.07
5993,8/21/2021 11:12,17.16
5994,8/21/2021 11:22,17.16
5995,8/21/2021 11:32,17.07
5996,8/21/2021 11:42,17.07
5997,8/21/2021 11:52,17.03
5998,8/21/2021 12:02,17.03
5999,8/21/2021 12:12,17.07
6000,8/21/2021 12:22,17.07
6001,8/21/2021 12:32,17.03
6002,8/21/2021 12:42,17.11
6003,8/21/2021 12:52,17.11
6004,8/21/2021 13:02,17.11
6005,8/21/2021 13:12,17.11
6006,8/21/2021 13:22,17.16
6007,8/21/2021 13:32,17.11
6008,8/21/2021 13:42,17.16
6009,8/21/2021 13:52,17.07
6010,8/21/2021 14:02,17.03
6011,8/21/2021 14:12,17.03
6012,8/21/2021 14:22,16.99
6013,8/21/2021 14:32,16.99
6014,8/21/2021 14:42,16.99
6015,8/21/2021 14:52,16.99
6016,8/21/2021 15:02,17.03
6017,8/21/2021 15:12,17.11
6018,8/21/2021 15:22,17.16
6019,8/21/2021 15:32,17.33
6020,8/21/2021 15:42,17.46
6021,8/21/2021 15:52,17.59
6022,8/21/2021 16:02,17.63
6023,8/21/2021 16:12,17.72
6024,8/21/2021 16:22,17.8
6025,8/21/2021 16:32,17.84
6026,8/21/2021 16:42,17.89
6027,8/21/2021 16:52,17.97
6028,8/21/2021 17:02,18.1
6029,8/21/2021 17:12,18.19
6030,8/21/2021 17:22,18.23
6031,8/21/2021 17:32,18.23
6032,8/21/2021 17:42,18.19
6033,8/21/2021 17:52,18.19
6034,8/21/2021 18:02,18.14
6035,8/21/2021 18:12,18.02
6036,8/21/2021 18:22,17.89
6037,8/21/2021 18:32,17.8
6038,8/21/2021 18:42,17.72
6039,8/21/2021 18:52,17.63
6040,8/21/2021 19:02,17.54
6041,8/21/2021 19:12,17.37
6042,8/21/2021 19:22,17.33
6043,8/21/2021 19:32,17.29
6044,8/21/2021 19:42,17.2
6045,8/21/2021 19:52,17.2
6046,8/21/2021 20:02,17.16
6047,8/21/2021 20:12,17.16
6048,8/21/2021 20:22,17.11
6049,8/21/2021 20:32,17.16
6050,8/21/2021 20:42,17.24
6051,8/21/2021 20:52,17.24
6052,8/21/2021 21:02,17.29
6053,8/21/2021 21:12,17.24
6054,8/21/2021 21:22,17.16
6055,8/21/2021 21:32,17.24
6056,8/21/2021 21:42,17.2
6057,8/21/2021 21:52,17.11
6058,8/21/2021 22:02,16.73
6059,8/21/2021 22:12,16.56
6060,8/21/2021 22:22,16.3
6061,8/21/2021 22:32,16.26
6062,8/21/2021 22:42,15.96
6063,8/21/2021 22:52,15.78
6064,8/21/2021 23:02,15.74
6065,8/21/2021 23:12,15.78
6066,8/21/2021 23:22,15.78
6067,8/21/2021 23:32,15.74
6068,8/21/2021 23:42,15.7
6069,8/21/2021 23:52,15.74
6070,8/22/2021 0:02,15.74
6071,8/22/2021 0:12,15.7
6072,8/22/2021 0:22,15.87
6073,8/22/2021 0:32,16.08
6074,8/22/2021 0:42,16.39
6075,8/22/2021 0:52,16.64
6076,8/22/2021 1:02,16.73
6077,8/22/2021 1:12,16.73
6078,8/22/2021 1:22,16.69
6079,8/22/2021 1:32,16.73
6080,8/22/2021 1:42,16.73
6081,8/22/2021 1:52,16.77
6082,8/22/2021 2:02,16.81
6083,8/22/2021 2:12,16.86
6084,8/22/2021 2:22,16.9
6085,8/22/2021 2:32,16.99
6086,8/22/2021 2:42,17.03
6087,8/22/2021 2:52,17.03
6088,8/22/2021 3:02,17.07
6089,8/22/2021 3:12,17.11
6090,8/22/2021 3:22,17.2
6091,8/22/2021 3:32,17.2
6092,8/22/2021 3:42,17.16
6093,8/22/2021 3:52,16.99
6094,8/22/2021 4:02,16.64
6095,8/22/2021 4:12,16.69
6096,8/22/2021 4:22,16.64
6097,8/22/2021 4:32,16.6
6098,8/22/2021 4:42,16.43
6099,8/22/2021 4:52,16.34
6100,8/22/2021 5:02,16.3
6101,8/22/2021 5:12,16.17
6102,8/22/2021 5:22,16.08
6103,8/22/2021 5:32,15.4
6104,8/22/2021 5:42,14.2
6105,8/22/2021 5:52,13.9
6106,8/22/2021 6:02,13.77
6107,8/22/2021 6:12,13.77
6108,8/22/2021 6:22,13.68
6109,8/22/2021 6:32,13.64
6110,8/22/2021 6:42,13.68
6111,8/22/2021 6:52,13.64
6112,8/22/2021 7:02,13.64
6113,8/22/2021 7:12,13.64
6114,8/22/2021 7:22,13.6
6115,8/22/2021 7:32,13.73
6116,8/22/2021 7:42,13.68
6117,8/22/2021 7:52,13.73
6118,8/22/2021 8:02,13.73
6119,8/22/2021 8:12,13.81
6120,8/22/2021 8:22,13.98
6121,8/22/2021 8:32,14.11
6122,8/22/2021 8:42,14.33
6123,8/22/2021 8:52,14.45
6124,8/22/2021 9:02,14.63
6125,8/22/2021 9:12,14.67
6126,8/22/2021 9:22,14.88
6127,8/22/2021 9:32,15.27
6128,8/22/2021 9:42,15.23
6129,8/22/2021 9:52,16.04
6130,8/22/2021 10:02,16.81
6131,8/22/2021 10:12,16.6
6132,8/22/2021 10:22,16.73
6133,8/22/2021 10:32,16.99
6134,8/22/2021 10:42,16.99
6135,8/22/2021 10:52,16.9
6136,8/22/2021 11:02,16.81
6137,8/22/2021 11:12,16.86
6138,8/22/2021 11:22,16.94
6139,8/22/2021 11:32,17.11
6140,8/22/2021 11:42,17.24
6141,8/22/2021 11:52,17.41
6142,8/22/2021 12:02,17.46
6143,8/22/2021 12:12,17.63
6144,8/22/2021 12:22,17.63
6145,8/22/2021 12:32,17.76
6146,8/22/2021 12:42,17.84
6147,8/22/2021 12:52,18.14
6148,8/22/2021 13:02,18.36
6149,8/22/2021 13:12,18.49
6150,8/22/2021 13:22,18.53
6151,8/22/2021 13:32,18.62
6152,8/22/2021 13:42,18.74
6153,8/22/2021 13:52,18.7
6154,8/22/2021 14:02,18.74
6155,8/22/2021 14:12,18.74
6156,8/22/2021 14:22,18.74
6157,8/22/2021 14:32,18.79
6158,8/22/2021 14:42,18.83
6159,8/22/2021 14:52,18.87
6160,8/22/2021 15:02,19
6161,8/22/2021 15:12,19.05
6162,8/22/2021 15:22,19.26
6163,8/22/2021 15:32,19.43
6164,8/22/2021 15:42,19.52
6165,8/22/2021 15:52,19.77
6166,8/22/2021 16:02,19.95
6167,8/22/2021 16:12,20.12
6168,8/22/2021 16:22,20.25
6169,8/22/2021 16:32,20.42
6170,8/22/2021 16:42,20.72
6171,8/22/2021 16:52,21.15
6172,8/22/2021 17:02,21.1
6173,8/22/2021 17:12,21.15
6174,8/22/2021 17:22,21.28
6175,8/22/2021 17:32,21.32
6176,8/22/2021 17:42,21.32
6177,8/22/2021 17:52,21.49
6178,8/22/2021 18:02,21.58
6179,8/22/2021 18:12,21.53
6180,8/22/2021 18:22,21.45
6181,8/22/2021 18:32,21.45
6182,8/22/2021 18:42,21.36
6183,8/22/2021 18:52,21.28
6184,8/22/2021 19:02,21.06
6185,8/22/2021 19:12,21.02
6186,8/22/2021 19:22,20.8
6187,8/22/2021 19:32,20.5
6188,8/22/2021 19:42,20.2
6189,8/22/2021 19:52,19.9
6190,8/22/2021 20:02,19.65
6191,8/22/2021 20:12,19.52
6192,8/22/2021 20:22,19.47
6193,8/22/2021 20:32,19.39
6194,8/22/2021 20:42,19.35
6195,8/22/2021 20:52,19.22
6196,8/22/2021 21:02,19.09
6197,8/22/2021 21:12,19
6198,8/22/2021 21:22,18.87
6199,8/22/2021 21:32,18.7
6200,8/22/2021 21:42,18.7
6201,8/22/2021 21:52,18.83
6202,8/22/2021 22:02,18.83
6203,8/22/2021 22:12,18.57
6204,8/22/2021 22:22,18.32
6205,8/22/2021 22:32,18.49
6206,8/22/2021 22:42,18.53
6207,8/22/2021 22:52,18.4
6208,8/22/2021 23:02,17.97
6209,8/22/2021 23:12,17.63
6210,8/22/2021 23:22,17.5
6211,8/22/2021 23:32,17.24
6212,8/22/2021 23:42,16.94
6213,8/22/2021 23:52,16.81
6214,8/23/2021 0:02,16.6
6215,8/23/2021 0:12,16.56
6216,8/23/2021 0:22,16.6
6217,8/23/2021 0:32,16.51
6218,8/23/2021 0:42,16.64
6219,8/23/2021 0:52,16.73
6220,8/23/2021 1:02,16.9
6221,8/23/2021 1:12,17.37
6222,8/23/2021 1:22,17.76
6223,8/23/2021 1:32,18.02
6224,8/23/2021 1:42,18.1
6225,8/23/2021 1:52,17.97
6226,8/23/2021 2:02,17.76
6227,8/23/2021 2:12,17.72
6228,8/23/2021 2:22,17.76
6229,8/23/2021 2:32,17.8
6230,8/23/2021 2:42,17.84
6231,8/23/2021 2:52,17.72
6232,8/23/2021 3:02,17.76
6233,8/23/2021 3:12,17.67
6234,8/23/2021 3:22,17.63
6235,8/23/2021 3:32,17.76
6236,8/23/2021 3:42,17.89
6237,8/23/2021 3:52,17.93
6238,8/23/2021 4:02,18.06
6239,8/23/2021 4:12,18.19
6240,8/23/2021 4:22,18.1
6241,8/23/2021 4:32,18.06
6242,8/23/2021 4:42,17.84
6243,8/23/2021 4:52,17.8
6244,8/23/2021 5:02,17.76
6245,8/23/2021 5:12,17.72
6246,8/23/2021 5:22,17.41
6247,8/23/2021 5:32,17.16
6248,8/23/2021 5:42,17.11
6249,8/23/2021 5:52,17.07
6250,8/23/2021 6:02,16.99
6251,8/23/2021 6:12,16.64
6252,8/23/2021 6:22,14.97
6253,8/23/2021 6:32,14.5
6254,8/23/2021 6:42,14.33
6255,8/23/2021 6:52,14.37
6256,8/23/2021 7:02,14.24
6257,8/23/2021 7:12,14.15
6258,8/23/2021 7:22,14.2
6259,8/23/2021 7:32,14.2
6260,8/23/2021 7:42,14.24
6261,8/23/2021 7:52,14.28
6262,8/23/2021 8:02,14.37
6263,8/23/2021 8:12,14.45
6264,8/23/2021 8:22,14.58
6265,8/23/2021 8:32,14.63
6266,8/23/2021 8:42,14.71
6267,8/23/2021 8:52,14.97
6268,8/23/2021 9:02,15.1
6269,8/23/2021 9:12,15.23
6270,8/23/2021 9:22,15.27
6271,8/23/2021 9:32,15.57
6272,8/23/2021 9:42,15.87
6273,8/23/2021 9:52,16
6274,8/23/2021 10:02,16
6275,8/23/2021 10:12,16.26
6276,8/23/2021 10:22,17.11
6277,8/23/2021 10:32,17.07
6278,8/23/2021 10:42,17.2
6279,8/23/2021 10:52,17.41
6280,8/23/2021 11:02,17.67
6281,8/23/2021 11:12,17.76
6282,8/23/2021 11:22,17.63
6283,8/23/2021 11:32,17.46
6284,8/23/2021 11:42,17.41
6285,8/23/2021 11:52,17.37
6286,8/23/2021 12:02,17.41
6287,8/23/2021 12:12,17.41
6288,8/23/2021 12:22,17.46
6289,8/23/2021 12:32,17.5
6290,8/23/2021 12:42,17.5
6291,8/23/2021 12:52,17.59
6292,8/23/2021 13:02,17.63
6293,8/23/2021 13:12,17.67
6294,8/23/2021 13:22,17.76
6295,8/23/2021 13:32,17.8
6296,8/23/2021 13:42,17.76
6297,8/23/2021 13:52,17.8
6298,8/23/2021 14:02,17.89
6299,8/23/2021 14:12,17.84
6300,8/23/2021 14:22,17.97
6301,8/23/2021 14:32,17.97
6302,8/23/2021 14:42,17.93
6303,8/23/2021 14:52,18.02
6304,8/23/2021 15:02,18.02
6305,8/23/2021 15:12,17.97
6306,8/23/2021 15:22,17.97
6307,8/23/2021 15:32,17.89
6308,8/23/2021 15:42,17.89
6309,8/23/2021 15:52,17.84
6310,8/23/2021 16:02,17.84
6311,8/23/2021 16:12,17.93
6312,8/23/2021 16:22,17.97
6313,8/23/2021 16:32,18.06
6314,8/23/2021 16:42,18.23
6315,8/23/2021 16:52,18.32
6316,8/23/2021 17:02,18.27
6317,8/23/2021 17:12,18.44
6318,8/23/2021 17:22,18.62
6319,8/23/2021 17:32,18.74
6320,8/23/2021 17:42,18.7
6321,8/23/2021 17:52,18.62
6322,8/23/2021 18:02,18.53
6323,8/23/2021 18:12,18.57
6324,8/23/2021 18:22,18.53
6325,8/23/2021 18:32,18.49
6326,8/23/2021 18:42,18.49
6327,8/23/2021 18:52,18.36
6328,8/23/2021 19:02,18.32
6329,8/23/2021 19:12,18.19
6330,8/23/2021 19:22,18.1
6331,8/23/2021 19:32,17.97
6332,8/23/2021 19:42,17.89
6333,8/23/2021 19:52,17.84
6334,8/23/2021 20:02,17.76
6335,8/23/2021 20:12,17.72
6336,8/23/2021 20:22,17.76
6337,8/23/2021 20:32,17.72
6338,8/23/2021 20:42,17.72
6339,8/23/2021 20:52,17.67
6340,8/23/2021 21:02,17.67
6341,8/23/2021 21:12,17.63
6342,8/23/2021 21:22,17.63
6343,8/23/2021 21:32,17.59
6344,8/23/2021 21:42,17.46
6345,8/23/2021 21:52,17.37
6346,8/23/2021 22:02,17.29
6347,8/23/2021 22:12,17.29
6348,8/23/2021 22:22,17.24
6349,8/23/2021 22:32,17.16
6350,8/23/2021 22:42,17.03
6351,8/23/2021 22:52,16.99
6352,8/23/2021 23:02,17.03
6353,8/23/2021 23:12,16.99
6354,8/23/2021 23:22,17.07
6355,8/23/2021 23:32,16.99
6356,8/23/2021 23:42,17.03
6357,8/23/2021 23:52,17.03
6358,8/24/2021 0:02,17.11
6359,8/24/2021 0:12,17.11
6360,8/24/2021 0:22,17.11
6361,8/24/2021 0:32,17.11
6362,8/24/2021 0:42,17.07
6363,8/24/2021 0:52,17.03
6364,8/24/2021 1:02,16.99
6365,8/24/2021 1:12,16.99
6366,8/24/2021 1:22,17.03
6367,8/24/2021 1:32,17.03
6368,8/24/2021 1:42,16.99
6369,8/24/2021 1:52,16.9
6370,8/24/2021 2:02,16.9
6371,8/24/2021 2:12,16.9
6372,8/24/2021 2:22,16.9
6373,8/24/2021 2:32,16.86
6374,8/24/2021 2:42,16.94
6375,8/24/2021 2:52,17.03
6376,8/24/2021 3:02,17.03
6377,8/24/2021 3:12,17.16
6378,8/24/2021 3:22,17.16
6379,8/24/2021 3:32,17.24
6380,8/24/2021 3:42,17.2
6381,8/24/2021 3:52,17.29
6382,8/24/2021 4:02,17.29
6383,8/24/2021 4:12,17.37
6384,8/24/2021 4:22,17.37
6385,8/24/2021 4:32,17.41
6386,8/24/2021 4:42,17.41
6387,8/24/2021 4:52,17.33
6388,8/24/2021 5:02,17.07
6389,8/24/2021 5:12,16.39
6390,8/24/2021 5:22,16.39
6391,8/24/2021 5:32,16.47
6392,8/24/2021 5:42,16.34
6393,8/24/2021 5:52,16.08
6394,8/24/2021 6:02,15.66
6395,8/24/2021 6:12,15.53
6396,8/24/2021 6:22,15.53
6397,8/24/2021 6:32,15.53
6398,8/24/2021 6:42,15.53
6399,8/24/2021 6:52,14.54
6400,8/24/2021 7:02,13.6
6401,8/24/2021 7:12,13.47
6402,8/24/2021 7:22,13.6
6403,8/24/2021 7:32,13.6
6404,8/24/2021 7:42,13.73
6405,8/24/2021 7:52,13.85
6406,8/24/2021 8:02,14.07
6407,8/24/2021 8:12,14.15
6408,8/24/2021 8:22,14.37
6409,8/24/2021 8:32,14.37
6410,8/24/2021 8:42,14.63
6411,8/24/2021 8:52,14.84
6412,8/24/2021 9:02,15.18
6413,8/24/2021 9:12,15.44
6414,8/24/2021 9:22,15.7
6415,8/24/2021 9:32,16.17
6416,8/24/2021 9:42,16.77
6417,8/24/2021 9:52,17.37
6418,8/24/2021 10:02,18.53
6419,8/24/2021 10:12,20.59
6420,8/24/2021 10:22,21.32
6421,8/24/2021 10:32,25.65
6422,8/24/2021 10:42,20.8
6423,8/24/2021 10:52,18.7
6424,8/24/2021 11:02,18.14
6425,8/24/2021 11:12,18.23
6426,8/24/2021 11:22,18.27
6427,8/24/2021 11:32,18.23
6428,8/24/2021 11:42,18.14
6429,8/24/2021 11:52,18.19
6430,8/24/2021 12:02,18.19
6431,8/24/2021 12:12,18.27
6432,8/24/2021 12:22,18.66
6433,8/24/2021 12:32,18.74
6434,8/24/2021 12:42,19
6435,8/24/2021 12:52,19.09
6436,8/24/2021 13:02,19.13
6437,8/24/2021 13:12,19.39
6438,8/24/2021 13:22,19.6
6439,8/24/2021 13:32,19.77
6440,8/24/2021 13:42,19.56
6441,8/24/2021 13:52,19.73
6442,8/24/2021 14:02,19.3
6443,8/24/2021 14:12,19.17
6444,8/24/2021 14:22,19.17
6445,8/24/2021 14:32,19.13
6446,8/24/2021 14:42,19.17
6447,8/24/2021 14:52,19.26
6448,8/24/2021 15:02,19.3
6449,8/24/2021 15:12,19.39
6450,8/24/2021 15:22,19.47
6451,8/24/2021 15:32,19.77
6452,8/24/2021 15:42,20.12
6453,8/24/2021 15:52,20.33
6454,8/24/2021 16:02,20.42
6455,8/24/2021 16:12,20.46
6456,8/24/2021 16:22,20.59
6457,8/24/2021 16:32,20.72
6458,8/24/2021 16:42,20.76
6459,8/24/2021 16:52,20.89
6460,8/24/2021 17:02,21.19
6461,8/24/2021 17:12,21.28
6462,8/24/2021 17:22,21.32
6463,8/24/2021 17:32,21.83
6464,8/24/2021 17:42,22.01
6465,8/24/2021 17:52,22.01
6466,8/24/2021 18:02,22.05
6467,8/24/2021 18:12,21.92
6468,8/24/2021 18:22,21.83
6469,8/24/2021 18:32,21.7
6470,8/24/2021 18:42,21.62
6471,8/24/2021 18:52,21.66
6472,8/24/2021 19:02,21.75
6473,8/24/2021 19:12,21.79
6474,8/24/2021 19:22,21.88
6475,8/24/2021 19:32,21.79
6476,8/24/2021 19:42,21.32
6477,8/24/2021 19:52,20.85
6478,8/24/2021 20:02,20.5
6479,8/24/2021 20:12,20.29
6480,8/24/2021 20:22,20.16
6481,8/24/2021 20:32,20.16
6482,8/24/2021 20:42,19.95
6483,8/24/2021 20:52,19.65
6484,8/24/2021 21:02,19.6
6485,8/24/2021 21:12,19.77
6486,8/24/2021 21:22,19.82
6487,8/24/2021 21:32,19.65
6488,8/24/2021 21:42,19.56
6489,8/24/2021 21:52,19.47
6490,8/24/2021 22:02,19.43
6491,8/24/2021 22:12,19.47
6492,8/24/2021 22:22,19.69
6493,8/24/2021 22:32,19.65
6494,8/24/2021 22:42,19.65
6495,8/24/2021 22:52,19.56
6496,8/24/2021 23:02,19.52
6497,8/24/2021 23:12,19.39
6498,8/24/2021 23:22,19.26
6499,8/24/2021 23:32,19.17
6500,8/24/2021 23:42,18.87
6501,8/24/2021 23:52,18.23
6502,8/25/2021 0:02,18.1
6503,8/25/2021 0:12,18.19
6504,8/25/2021 0:22,18.27
6505,8/25/2021 0:32,18.23
6506,8/25/2021 0:42,18.19
6507,8/25/2021 0:52,18.19
6508,8/25/2021 1:02,18.19
6509,8/25/2021 1:12,18.23
6510,8/25/2021 1:22,18.27
6511,8/25/2021 1:32,18.32
6512,8/25/2021 1:42,18.27
6513,8/25/2021 1:52,18.23
6514,8/25/2021 2:02,18.23
6515,8/25/2021 2:12,18.32
6516,8/25/2021 2:22,18.27
6517,8/25/2021 2:32,18.19
6518,8/25/2021 2:42,18.1
6519,8/25/2021 2:52,18.1
6520,8/25/2021 3:02,18.06
6521,8/25/2021 3:12,18.02
6522,8/25/2021 3:22,17.97
6523,8/25/2021 3:32,18.02
6524,8/25/2021 3:42,18.06
6525,8/25/2021 3:52,18.06
6526,8/25/2021 4:02,18.14
6527,8/25/2021 4:12,18.14
6528,8/25/2021 4:22,18.36
6529,8/25/2021 4:32,18.44
6530,8/25/2021 4:42,18.44
6531,8/25/2021 4:52,18.57
6532,8/25/2021 5:02,18.62
6533,8/25/2021 5:12,18.62
6534,8/25/2021 5:22,18.49
6535,8/25/2021 5:32,18.36
6536,8/25/2021 5:42,18.4
6537,8/25/2021 5:52,18.19
6538,8/25/2021 6:02,18.19
6539,8/25/2021 6:12,18.02
6540,8/25/2021 6:22,17.67
6541,8/25/2021 6:32,17.2
6542,8/25/2021 6:42,17.07
6543,8/25/2021 6:52,16.99
6544,8/25/2021 7:02,16.94
6545,8/25/2021 7:12,16.9
6546,8/25/2021 7:22,16.94
6547,8/25/2021 7:32,15.06
6548,8/25/2021 7:42,13.64
6549,8/25/2021 7:52,13.73
6550,8/25/2021 8:02,13.73
6551,8/25/2021 8:12,14.03
6552,8/25/2021 8:22,14.15
6553,8/25/2021 8:32,14.07
6554,8/25/2021 8:42,14.58
6555,8/25/2021 8:52,14.84
6556,8/25/2021 9:02,14.75
6557,8/25/2021 9:12,14.88
6558,8/25/2021 9:22,15.36
6559,8/25/2021 9:32,15.74
6560,8/25/2021 9:42,16
6561,8/25/2021 9:52,16.69
6562,8/25/2021 10:02,17.37
6563,8/25/2021 10:12,17.84
6564,8/25/2021 10:22,18.74
6565,8/25/2021 10:32,20.46
6566,8/25/2021 10:42,21.02
6567,8/25/2021 10:52,20.55
6568,8/25/2021 11:02,19.95
6569,8/25/2021 11:12,20.03
6570,8/25/2021 11:22,19.9
6571,8/25/2021 11:32,19.9
6572,8/25/2021 11:42,19.86
6573,8/25/2021 11:52,19.77
6574,8/25/2021 12:02,19.73
6575,8/25/2021 12:12,19.69
6576,8/25/2021 12:22,19.65
6577,8/25/2021 12:32,19.73
6578,8/25/2021 12:42,19.77
6579,8/25/2021 12:52,19.95
6580,8/25/2021 13:02,20.07
6581,8/25/2021 13:12,20.25
6582,8/25/2021 13:22,20.37
6583,8/25/2021 13:32,20.37
6584,8/25/2021 13:42,20.59
6585,8/25/2021 13:52,20.8
6586,8/25/2021 14:02,21.02
6587,8/25/2021 14:12,21.1
6588,8/25/2021 14:22,21.1
6589,8/25/2021 14:32,21.28
6590,8/25/2021 14:42,21.19
6591,8/25/2021 14:52,21.06
6592,8/25/2021 15:02,21.06
6593,8/25/2021 15:12,20.98
6594,8/25/2021 15:22,20.98
6595,8/25/2021 15:32,21.02
6596,8/25/2021 15:42,21.06
6597,8/25/2021 15:52,21.06
6598,8/25/2021 16:02,21.06
6599,8/25/2021 16:12,21.1
6600,8/25/2021 16:22,21.06
6601,8/25/2021 16:32,20.85
6602,8/25/2021 16:42,20.89
6603,8/25/2021 16:52,20.89
6604,8/25/2021 17:02,21.02
6605,8/25/2021 17:12,21.15
6606,8/25/2021 17:22,21.28
6607,8/25/2021 17:32,21.4
6608,8/25/2021 17:42,21.49
6609,8/25/2021 17:52,21.58
6610,8/25/2021 18:02,21.79
6611,8/25/2021 18:12,21.92
6612,8/25/2021 18:22,22.26
6613,8/25/2021 18:32,22.31
6614,8/25/2021 18:42,22.31
6615,8/25/2021 18:52,22.22
6616,8/25/2021 19:02,22.18
6617,8/25/2021 19:12,22.13
6618,8/25/2021 19:22,21.96
6619,8/25/2021 19:32,21.79
6620,8/25/2021 19:42,21.62
6621,8/25/2021 19:52,21.49
6622,8/25/2021 20:02,21.49
6623,8/25/2021 20:12,21.15
6624,8/25/2021 20:22,20.93
6625,8/25/2021 20:32,20.68
6626,8/25/2021 20:42,20.5
6627,8/25/2021 20:52,20.25
6628,8/25/2021 21:02,20.12
6629,8/25/2021 21:12,19.95
6630,8/25/2021 21:22,19.86
6631,8/25/2021 21:32,19.73
6632,8/25/2021 21:42,19.69
6633,8/25/2021 21:52,19.6
6634,8/25/2021 22:02,19.6
6635,8/25/2021 22:12,19.69
6636,8/25/2021 22:22,19.77
6637,8/25/2021 22:32,19.82
6638,8/25/2021 22:42,19.82
6639,8/25/2021 22:52,19.77
6640,8/25/2021 23:02,19.69
6641,8/25/2021 23:12,19.77
6642,8/25/2021 23:22,19.77
6643,8/25/2021 23:32,19.69
6644,8/25/2021 23:42,19.6
6645,8/25/2021 23:52,19.47
6646,8/26/2021 0:02,19.35
6647,8/26/2021 0:12,19.17
6648,8/26/2021 0:22,18.92
6649,8/26/2021 0:32,18.66
6650,8/26/2021 0:42,18.4
6651,8/26/2021 0:52,18.4
6652,8/26/2021 1:02,18.53
6653,8/26/2021 1:12,18.53
6654,8/26/2021 1:22,18.53
6655,8/26/2021 1:32,18.53
6656,8/26/2021 1:42,18.53
6657,8/26/2021 1:52,18.4
6658,8/26/2021 2:02,18.23
6659,8/26/2021 2:12,18.1
6660,8/26/2021 2:22,17.97
6661,8/26/2021 2:32,17.93
6662,8/26/2021 2:42,17.84
6663,8/26/2021 2:52,17.84
6664,8/26/2021 3:02,17.8
6665,8/26/2021 3:12,17.76
6666,8/26/2021 3:22,17.72
6667,8/26/2021 3:32,17.72
6668,8/26/2021 3:42,17.72
6669,8/26/2021 3:52,17.89
6670,8/26/2021 4:02,18.1
6671,8/26/2021 4:12,18.23
6672,8/26/2021 4:22,18.23
6673,8/26/2021 4:32,18.23
6674,8/26/2021 4:42,18.23
6675,8/26/2021 4:52,18.23
6676,8/26/2021 5:02,18.23
6677,8/26/2021 5:12,18.23
6678,8/26/2021 5:22,18.19
6679,8/26/2021 5:32,18.23
6680,8/26/2021 5:42,18.53
6681,8/26/2021 5:52,18.83
6682,8/26/2021 6:02,19.05
6683,8/26/2021 6:12,19.17
6684,8/26/2021 6:22,18.87
6685,8/26/2021 6:32,18.66
6686,8/26/2021 6:42,18.53
6687,8/26/2021 6:52,18.23
6688,8/26/2021 7:02,18.02
6689,8/26/2021 7:12,17.67
6690,8/26/2021 7:22,17.46
6691,8/26/2021 7:32,17.37
6692,8/26/2021 7:42,17.33
6693,8/26/2021 7:52,17.33
6694,8/26/2021 8:02,17.37
6695,8/26/2021 8:12,17.07
6696,8/26/2021 8:22,15.27
6697,8/26/2021 8:32,14.97
6698,8/26/2021 8:42,15.06
6699,8/26/2021 8:52,16.3
6700,8/26/2021 9:02,17.5
6701,8/26/2021 9:12,19.65
6702,8/26/2021 9:22,24.66
6703,8/26/2021 9:32,25.18
6704,8/26/2021 9:42,25.39
6705,8/26/2021 9:52,24.06
6706,8/26/2021 10:02,26.08
6707,8/26/2021 10:12,28.91
6708,8/26/2021 10:22,30.59
6709,8/26/2021 10:32,28.57
6710,8/26/2021 10:42,26.04
6711,8/26/2021 10:52,26.04
6712,8/26/2021 11:02,25.05
6713,8/26/2021 11:12,23.34
6714,8/26/2021 11:22,22.26
6715,8/26/2021 11:32,21.75
6716,8/26/2021 11:42,21.49
6717,8/26/2021 11:52,21.19
6718,8/26/2021 12:02,21.02
6719,8/26/2021 12:12,20.85
6720,8/26/2021 12:22,20.68
6721,8/26/2021 12:32,20.46
6722,8/26/2021 12:42,20.37
6723,8/26/2021 12:52,20.5
6724,8/26/2021 13:02,20.59
6725,8/26/2021 13:12,20.76
6726,8/26/2021 13:22,20.98
6727,8/26/2021 13:32,21.15
6728,8/26/2021 13:42,21.32
6729,8/26/2021 13:52,21.15
6730,8/26/2021 14:02,21.28
6731,8/26/2021 14:12,21.4
6732,8/26/2021 14:22,21.58
6733,8/26/2021 14:32,21.7
6734,8/26/2021 14:42,21.79
6735,8/26/2021 14:52,21.83
6736,8/26/2021 15:02,21.75
6737,8/26/2021 15:12,21.53
6738,8/26/2021 15:22,21.62
6739,8/26/2021 15:32,21.66
6740,8/26/2021 15:42,21.79
6741,8/26/2021 15:52,21.75
6742,8/26/2021 16:02,21.75
6743,8/26/2021 16:12,21.75
6744,8/26/2021 16:22,21.75
6745,8/26/2021 16:32,21.7
6746,8/26/2021 16:42,21.7
6747,8/26/2021 16:52,21.62
6748,8/26/2021 17:02,21.32
6749,8/26/2021 17:12,21.15
6750,8/26/2021 17:22,21.06
6751,8/26/2021 17:32,21.06
6752,8/26/2021 17:42,21.19
6753,8/26/2021 17:52,21.23
6754,8/26/2021 18:02,21.4
6755,8/26/2021 18:12,21.62
6756,8/26/2021 18:22,21.7
6757,8/26/2021 18:32,21.75
6758,8/26/2021 18:42,21.7
6759,8/26/2021 18:52,21.75
6760,8/26/2021 19:02,21.92
6761,8/26/2021 19:12,22.52
6762,8/26/2021 19:22,22.82
6763,8/26/2021 19:32,22.95
6764,8/26/2021 19:42,23.03
6765,8/26/2021 19:52,23.25
6766,8/26/2021 20:02,23.29
6767,8/26/2021 20:12,23.25
6768,8/26/2021 20:22,23.08
6769,8/26/2021 20:32,22.82
6770,8/26/2021 20:42,22.65
6771,8/26/2021 20:52,22.35
6772,8/26/2021 21:02,22.09
6773,8/26/2021 21:12,21.79
6774,8/26/2021 21:22,21.49
6775,8/26/2021 21:32,21.1
6776,8/26/2021 21:42,20.8
6777,8/26/2021 21:52,20.55
6778,8/26/2021 22:02,20.25
6779,8/26/2021 22:12,20.16
6780,8/26/2021 22:22,19.99
6781,8/26/2021 22:32,19.86
6782,8/26/2021 22:42,19.86
6783,8/26/2021 22:52,19.82
6784,8/26/2021 23:02,19.9
6785,8/26/2021 23:12,19.99
6786,8/26/2021 23:22,19.99
6787,8/26/2021 23:32,20.12
6788,8/26/2021 23:42,20.16
6789,8/26/2021 23:52,20.29
6790,8/27/2021 0:02,20.37
6791,8/27/2021 0:12,20.46
6792,8/27/2021 0:22,20.5
6793,8/27/2021 0:32,20.46
6794,8/27/2021 0:42,20.37
6795,8/27/2021 0:52,20.16
6796,8/27/2021 1:02,20.07
6797,8/27/2021 1:12,19.99
6798,8/27/2021 1:22,19.82
6799,8/27/2021 1:32,19.52
6800,8/27/2021 1:42,19.26
6801,8/27/2021 1:52,19.09
6802,8/27/2021 2:02,19
6803,8/27/2021 2:12,18.92
6804,8/27/2021 2:22,18.79
6805,8/27/2021 2:32,18.74
6806,8/27/2021 2:42,18.49
6807,8/27/2021 2:52,18.4
6808,8/27/2021 3:02,18.32
6809,8/27/2021 3:12,18.27
6810,8/27/2021 3:22,18.19
6811,8/27/2021 3:32,18.06
6812,8/27/2021 3:42,18.06
6813,8/27/2021 3:52,18.1
6814,8/27/2021 4:02,18.32
6815,8/27/2021 4:12,18.53
6816,8/27/2021 4:22,18.7
6817,8/27/2021 4:32,18.7
6818,8/27/2021 4:42,18.74
6819,8/27/2021 4:52,18.79
6820,8/27/2021 5:02,18.92
6821,8/27/2021 5:12,19.05
6822,8/27/2021 5:22,19.22
6823,8/27/2021 5:32,19.22
6824,8/27/2021 5:42,19.05
6825,8/27/2021 5:52,19.05
6826,8/27/2021 6:02,19.09
6827,8/27/2021 6:12,19.17
6828,8/27/2021 6:22,19.17
6829,8/27/2021 6:32,19.26
6830,8/27/2021 6:42,19.26
6831,8/27/2021 6:52,19.22
6832,8/27/2021 7:02,19.09
6833,8/27/2021 7:12,19
6834,8/27/2021 7:22,18.96
6835,8/27/2021 7:32,18.87
6836,8/27/2021 7:42,18.57
6837,8/27/2021 7:52,18.27
6838,8/27/2021 8:02,18.1
6839,8/27/2021 8:12,18.02
6840,8/27/2021 8:22,17.97
6841,8/27/2021 8:32,18.06
6842,8/27/2021 8:42,18.19
6843,8/27/2021 8:52,18.36
6844,8/27/2021 9:02,18.66
6845,8/27/2021 9:12,19
6846,8/27/2021 9:22,19.56
6847,8/27/2021 9:32,20.12
6848,8/27/2021 9:42,20.72
6849,8/27/2021 9:52,21.19
6850,8/27/2021 10:02,21.45
6851,8/27/2021 10:12,21.83
6852,8/27/2021 10:22,21.88
6853,8/27/2021 10:32,22.01
6854,8/27/2021 10:42,21.7
6855,8/27/2021 10:52,21.75
6856,8/27/2021 11:02,21.7
6857,8/27/2021 11:12,21.58
6858,8/27/2021 11:22,21.53
6859,8/27/2021 11:32,21.53
6860,8/27/2021 11:42,21.58
6861,8/27/2021 11:52,21.58
6862,8/27/2021 12:02,21.4
6863,8/27/2021 12:12,21.32
6864,8/27/2021 12:22,21.23
6865,8/27/2021 12:32,21.36
6866,8/27/2021 12:42,21.45
6867,8/27/2021 12:52,21.49
6868,8/27/2021 13:02,21.53
6869,8/27/2021 13:12,21.66
6870,8/27/2021 13:22,21.88
6871,8/27/2021 13:32,22.01
6872,8/27/2021 13:42,21.66
6873,8/27/2021 13:52,21.66
6874,8/27/2021 14:02,21.79
6875,8/27/2021 14:12,22.13
6876,8/27/2021 14:22,22.39
6877,8/27/2021 14:32,22.65
6878,8/27/2021 14:42,22.91
6879,8/27/2021 14:52,22.95
6880,8/27/2021 15:02,22.78
6881,8/27/2021 15:12,22.73
6882,8/27/2021 15:22,22.65
6883,8/27/2021 15:32,22.39
6884,8/27/2021 15:42,22.39
6885,8/27/2021 15:52,22.56
6886,8/27/2021 16:02,22.43
6887,8/27/2021 16:12,22.26
6888,8/27/2021 16:22,21.96
6889,8/27/2021 16:32,21.66
6890,8/27/2021 16:42,21.7
6891,8/27/2021 16:52,21.88
6892,8/27/2021 17:02,21.75
6893,8/27/2021 17:12,21.53
6894,8/27/2021 17:22,21.28
6895,8/27/2021 17:32,21.02
6896,8/27/2021 17:42,20.98
6897,8/27/2021 17:52,20.85
6898,8/27/2021 18:02,20.93
6899,8/27/2021 18:12,21.02
6900,8/27/2021 18:22,21.1
6901,8/27/2021 18:32,21.28
6902,8/27/2021 18:42,21.49
6903,8/27/2021 18:52,21.62
6904,8/27/2021 19:02,21.62
6905,8/27/2021 19:12,21.66
6906,8/27/2021 19:22,21.79
6907,8/27/2021 19:32,21.79
6908,8/27/2021 19:42,21.88
6909,8/27/2021 19:52,22.22
6910,8/27/2021 20:02,22.48
6911,8/27/2021 20:12,22.69
6912,8/27/2021 20:22,22.78
6913,8/27/2021 20:32,22.73
6914,8/27/2021 20:42,22.99
6915,8/27/2021 20:52,23.03
6916,8/27/2021 21:02,23.08
6917,8/27/2021 21:12,23.16
6918,8/27/2021 21:22,22.99
6919,8/27/2021 21:32,22.78
6920,8/27/2021 21:42,22.48
6921,8/27/2021 21:52,22.26
6922,8/27/2021 22:02,22.01
6923,8/27/2021 22:12,21.62
6924,8/27/2021 22:22,21.32
6925,8/27/2021 22:32,21.06
6926,8/27/2021 22:42,20.8
6927,8/27/2021 22:52,20.46
6928,8/27/2021 23:02,20.2
6929,8/27/2021 23:12,19.95
6930,8/27/2021 23:22,19.77
6931,8/27/2021 23:32,19.82
6932,8/27/2021 23:42,19.86
6933,8/27/2021 23:52,20.03
6934,8/28/2021 0:02,20.12
6935,8/28/2021 0:12,20.2
6936,8/28/2021 0:22,20.25
6937,8/28/2021 0:32,20.42
6938,8/28/2021 0:42,20.72
6939,8/28/2021 0:52,20.8
6940,8/28/2021 1:02,20.76
6941,8/28/2021 1:12,20.85
6942,8/28/2021 1:22,20.76
6943,8/28/2021 1:32,20.63
6944,8/28/2021 1:42,20.63
6945,8/28/2021 1:52,20.42
6946,8/28/2021 2:02,20.2
6947,8/28/2021 2:12,20.03
6948,8/28/2021 2:22,19.95
6949,8/28/2021 2:32,19.77
6950,8/28/2021 2:42,19.6
6951,8/28/2021 2:52,19.43
6952,8/28/2021 3:02,19.13
6953,8/28/2021 3:12,18.87
6954,8/28/2021 3:22,18.79
6955,8/28/2021 3:32,18.62
6956,8/28/2021 3:42,18.44
6957,8/28/2021 3:52,18.36
6958,8/28/2021 4:02,18.36
6959,8/28/2021 4:12,18.4
6960,8/28/2021 4:22,18.32
6961,8/28/2021 4:32,18.19
6962,8/28/2021 4:42,18.1
6963,8/28/2021 4:52,18.27
6964,8/28/2021 5:02,18.36
6965,8/28/2021 5:12,18.44
6966,8/28/2021 5:22,18.53
6967,8/28/2021 5:32,18.7
6968,8/28/2021 5:42,18.74
6969,8/28/2021 5:52,18.74
6970,8/28/2021 6:02,18.87
6971,8/28/2021 6:12,18.96
6972,8/28/2021 6:22,19.05
6973,8/28/2021 6:32,19.13
6974,8/28/2021 6:42,19.13
6975,8/28/2021 6:52,19.09
6976,8/28/2021 7:02,19.05
6977,8/28/2021 7:12,19
6978,8/28/2021 7:22,19
6979,8/28/2021 7:32,19.05
6980,8/28/2021 7:42,19.05
6981,8/28/2021 7:52,19.05
6982,8/28/2021 8:02,19.05
6983,8/28/2021 8:12,19.05
6984,8/28/2021 8:22,19.13
6985,8/28/2021 8:32,19.22
6986,8/28/2021 8:42,19.35
6987,8/28/2021 8:52,19.35
6988,8/28/2021 9:02,19.52
6989,8/28/2021 9:12,19.69
6990,8/28/2021 9:22,19.77
6991,8/28/2021 9:32,19.95
6992,8/28/2021 9:42,19.99
6993,8/28/2021 9:52,20.29
6994,8/28/2021 10:02,20.5
6995,8/28/2021 10:12,20.63
6996,8/28/2021 10:22,20.85
6997,8/28/2021 10:32,21.02
6998,8/28/2021 10:42,21.32
6999,8/28/2021 10:52,21.32
7000,8/28/2021 11:02,21.4
7001,8/28/2021 11:12,21.4
7002,8/28/2021 11:22,21.4
7003,8/28/2021 11:32,21.53
7004,8/28/2021 11:42,21.58
7005,8/28/2021 11:52,21.58
7006,8/28/2021 12:02,21.58
7007,8/28/2021 12:12,21.49
7008,8/28/2021 12:22,21.49
7009,8/28/2021 12:32,21.53
7010,8/28/2021 12:42,21.58
7011,8/28/2021 12:52,21.58
7012,8/28/2021 13:02,21.62
7013,8/28/2021 13:12,21.7
7014,8/28/2021 13:22,21.83
7015,8/28/2021 13:32,21.92
7016,8/28/2021 13:42,22.05
7017,8/28/2021 13:52,22.39
7018,8/28/2021 14:02,22.48
7019,8/28/2021 14:12,22.91
7020,8/28/2021 14:22,23.42
7021,8/28/2021 14:32,23.68
7022,8/28/2021 14:42,23.76
7023,8/28/2021 14:52,23.55
7024,8/28/2021 15:02,23.38
7025,8/28/2021 15:12,23.25
7026,8/28/2021 15:22,23.12
7027,8/28/2021 15:32,23.03
7028,8/28/2021 15:42,22.99
7029,8/28/2021 15:52,22.95
7030,8/28/2021 16:02,22.91
7031,8/28/2021 16:12,22.95
7032,8/28/2021 16:22,22.91
7033,8/28/2021 16:32,22.86
7034,8/28/2021 16:42,22.82
7035,8/28/2021 16:52,23.03
7036,8/28/2021 17:02,23.08
7037,8/28/2021 17:12,22.95
7038,8/28/2021 17:22,22.61
7039,8/28/2021 17:32,22.61
7040,8/28/2021 17:42,22.56
7041,8/28/2021 17:52,22.43
7042,8/28/2021 18:02,22.31
7043,8/28/2021 18:12,22.05
7044,8/28/2021 18:22,21.79
7045,8/28/2021 18:32,21.66
7046,8/28/2021 18:42,21.53
7047,8/28/2021 18:52,21.49
7048,8/28/2021 19:02,21.49
7049,8/28/2021 19:12,21.53
7050,8/28/2021 19:22,21.53
7051,8/28/2021 19:32,21.62
7052,8/28/2021 19:42,21.58
7053,8/28/2021 19:52,21.58
7054,8/28/2021 20:02,21.62
7055,8/28/2021 20:12,21.58
7056,8/28/2021 20:22,21.49
7057,8/28/2021 20:32,21.58
7058,8/28/2021 20:42,21.96
7059,8/28/2021 20:52,22.39
7060,8/28/2021 21:02,22.73
7061,8/28/2021 21:12,22.86
7062,8/28/2021 21:22,23.03
7063,8/28/2021 21:32,23.21
7064,8/28/2021 21:42,23.38
7065,8/28/2021 21:52,23.51
7066,8/28/2021 22:02,23.55
7067,8/28/2021 22:12,23.46
7068,8/28/2021 22:22,23.29
7069,8/28/2021 22:32,23.03
7070,8/28/2021 22:42,22.82
7071,8/28/2021 22:52,22.56
7072,8/28/2021 23:02,22.22
7073,8/28/2021 23:12,21.75
7074,8/28/2021 23:22,21.49
7075,8/28/2021 23:32,21.1
7076,8/28/2021 23:42,20.72
7077,8/28/2021 23:52,20.29
7078,8/29/2021 0:02,19.77
7079,8/29/2021 0:12,19.56
7080,8/29/2021 0:22,19.17
7081,8/29/2021 0:32,19.3
7082,8/29/2021 0:42,19.3
7083,8/29/2021 0:52,19.17
7084,8/29/2021 1:02,19.6
7085,8/29/2021 1:12,19.9
7086,8/29/2021 1:22,20.16
7087,8/29/2021 1:32,20.42
7088,8/29/2021 1:42,20.5
7089,8/29/2021 1:52,20.63
7090,8/29/2021 2:02,20.72
7091,8/29/2021 2:12,20.89
7092,8/29/2021 2:22,21.06
7093,8/29/2021 2:32,21.23
7094,8/29/2021 2:42,21.23
7095,8/29/2021 2:52,21.02
7096,8/29/2021 3:02,20.85
7097,8/29/2021 3:12,20.59
7098,8/29/2021 3:22,20.2
7099,8/29/2021 3:32,19.86
7100,8/29/2021 3:42,19.77
7101,8/29/2021 3:52,19.73
7102,8/29/2021 4:02,19.6
7103,8/29/2021 4:12,19.52
7104,8/29/2021 4:22,19.47
7105,8/29/2021 4:32,19.35
7106,8/29/2021 4:42,19.09
7107,8/29/2021 4:52,18.83
7108,8/29/2021 5:02,18.74
7109,8/29/2021 5:12,18.74
7110,8/29/2021 5:22,18.7
7111,8/29/2021 5:32,18.7
7112,8/29/2021 5:42,18.62
7113,8/29/2021 5:52,18.57
7114,8/29/2021 6:02,18.44
7115,8/29/2021 6:12,18.32
7116,8/29/2021 6:22,18.4
7117,8/29/2021 6:32,18.49
7118,8/29/2021 6:42,18.62
7119,8/29/2021 6:52,18.7
7120,8/29/2021 7:02,18.83
7121,8/29/2021 7:12,18.92
7122,8/29/2021 7:22,19.09
7123,8/29/2021 7:32,19.13
7124,8/29/2021 7:42,19.22
7125,8/29/2021 7:52,19.35
7126,8/29/2021 8:02,19.35
7127,8/29/2021 8:12,19.35
7128,8/29/2021 8:22,19.43
7129,8/29/2021 8:32,19.65
7130,8/29/2021 8:42,19.69
7131,8/29/2021 8:52,19.77
7132,8/29/2021 9:02,19.82
7133,8/29/2021 9:12,19.86
7134,8/29/2021 9:22,19.99
7135,8/29/2021 9:32,20.03
7136,8/29/2021 9:42,20.12
7137,8/29/2021 9:52,20.42
7138,8/29/2021 10:02,20.76
7139,8/29/2021 10:12,20.89
7140,8/29/2021 10:22,20.8
7141,8/29/2021 10:32,20.98
7142,8/29/2021 10:42,21.15
7143,8/29/2021 10:52,21.36
7144,8/29/2021 11:02,21.49
7145,8/29/2021 11:12,21.75
7146,8/29/2021 11:22,21.83
7147,8/29/2021 11:32,21.92
7148,8/29/2021 11:42,21.92
7149,8/29/2021 11:52,21.88
7150,8/29/2021 12:02,21.79
7151,8/29/2021 12:12,21.83
7152,8/29/2021 12:22,21.92
7153,8/29/2021 12:32,21.96
7154,8/29/2021 12:42,21.92
7155,8/29/2021 12:52,21.79
7156,8/29/2021 13:02,21.66
7157,8/29/2021 13:12,21.75
7158,8/29/2021 13:22,21.75
7159,8/29/2021 13:32,21.83
7160,8/29/2021 13:42,21.92
7161,8/29/2021 13:52,22.13
7162,8/29/2021 14:02,22.22
7163,8/29/2021 14:12,22.26
7164,8/29/2021 14:22,22.22
7165,8/29/2021 14:32,22.48
7166,8/29/2021 14:42,22.69
7167,8/29/2021 14:52,23.08
7168,8/29/2021 15:02,23.29
7169,8/29/2021 15:12,23.25
7170,8/29/2021 15:22,23.16
7171,8/29/2021 15:32,22.95
7172,8/29/2021 15:42,22.56
7173,8/29/2021 15:52,22.18
7174,8/29/2021 16:02,22.05
7175,8/29/2021 16:12,21.88
7176,8/29/2021 16:22,21.83
7177,8/29/2021 16:32,21.7
7178,8/29/2021 16:42,21.7
7179,8/29/2021 16:52,21.58
7180,8/29/2021 17:02,21.58
7181,8/29/2021 17:12,21.58
7182,8/29/2021 17:22,21.53
7183,8/29/2021 17:32,21.53
7184,8/29/2021 17:42,21.62
7185,8/29/2021 17:52,21.88
7186,8/29/2021 18:02,22.05
7187,8/29/2021 18:12,22.13
7188,8/29/2021 18:22,22.09
7189,8/29/2021 18:32,22.05
7190,8/29/2021 18:42,22.05
7191,8/29/2021 18:52,21.96
7192,8/29/2021 19:02,21.83
7193,8/29/2021 19:12,21.7
7194,8/29/2021 19:22,21.7
7195,8/29/2021 19:32,21.75
7196,8/29/2021 19:42,21.75
7197,8/29/2021 19:52,21.7
7198,8/29/2021 20:02,21.66
7199,8/29/2021 20:12,21.58
7200,8/29/2021 20:22,21.53
7201,8/29/2021 20:32,21.66
7202,8/29/2021 20:42,21.79
7203,8/29/2021 20:52,22.13
7204,8/29/2021 21:02,22.43
7205,8/29/2021 21:12,22.86
7206,8/29/2021 21:22,22.99
7207,8/29/2021 21:32,23.08
7208,8/29/2021 21:42,22.99
7209,8/29/2021 21:52,22.91
7210,8/29/2021 22:02,22.61
7211,8/29/2021 22:12,22.52
7212,8/29/2021 22:22,22.65
7213,8/29/2021 22:32,22.65
7214,8/29/2021 22:42,22.61
7215,8/29/2021 22:52,22.48
7216,8/29/2021 23:02,22.26
7217,8/29/2021 23:12,22.09
7218,8/29/2021 23:22,21.83
7219,8/29/2021 23:32,21.49
7220,8/29/2021 23:42,21.19
7221,8/29/2021 23:52,20.85
7222,8/30/2021 0:02,20.55
7223,8/30/2021 0:12,20.25
7224,8/30/2021 0:22,19.65
7225,8/30/2021 0:32,17.54
7226,8/30/2021 0:42,16.17
7227,8/30/2021 0:52,15.57
7228,8/30/2021 1:02,15.27
7229,8/30/2021 1:12,15.06
7230,8/30/2021 1:22,15.01
7231,8/30/2021 1:32,14.93
7232,8/30/2021 1:42,14.84
7233,8/30/2021 1:52,14.63
7234,8/30/2021 2:02,14.84
7235,8/30/2021 2:12,15.87
7236,8/30/2021 2:22,17.84
7237,8/30/2021 2:32,18.27
7238,8/30/2021 2:42,18.49
7239,8/30/2021 2:52,18.74
7240,8/30/2021 3:02,18.96
7241,8/30/2021 3:12,19.17
7242,8/30/2021 3:22,19.35
7243,8/30/2021 3:32,19.6
7244,8/30/2021 3:42,19.9
7245,8/30/2021 3:52,20.12
7246,8/30/2021 4:02,20.25
7247,8/30/2021 4:12,20.29
7248,8/30/2021 4:22,20.29
7249,8/30/2021 4:32,20.33
7250,8/30/2021 4:42,20.42
7251,8/30/2021 4:52,20.42
7252,8/30/2021 5:02,20.29
7253,8/30/2021 5:12,20.2
7254,8/30/2021 5:22,20.12
7255,8/30/2021 5:32,20.03
7256,8/30/2021 5:42,19.86
7257,8/30/2021 5:52,19.82
7258,8/30/2021 6:02,19.69
7259,8/30/2021 6:12,19.69
7260,8/30/2021 6:22,19.65
7261,8/30/2021 6:32,19.6
7262,8/30/2021 6:42,19.47
7263,8/30/2021 6:52,19.47
7264,8/30/2021 7:02,19.43
7265,8/30/2021 7:12,19.39
7266,8/30/2021 7:22,19.3
7267,8/30/2021 7:32,19.17
7268,8/30/2021 7:42,19.05
7269,8/30/2021 7:52,19.05
7270,8/30/2021 8:02,19.05
7271,8/30/2021 8:12,19.05
7272,8/30/2021 8:22,19.09
7273,8/30/2021 8:32,19.13
7274,8/30/2021 8:42,19.17
7275,8/30/2021 8:52,19.26
7276,8/30/2021 9:02,19.3
7277,8/30/2021 9:12,19.35
7278,8/30/2021 9:22,19.43
7279,8/30/2021 9:32,19.47
7280,8/30/2021 9:42,19.47
7281,8/30/2021 9:52,19.47
7282,8/30/2021 10:02,19.52
7283,8/30/2021 10:12,19.52
7284,8/30/2021 10:22,19.56
7285,8/30/2021 10:32,19.6
7286,8/30/2021 10:42,19.65
7287,8/30/2021 10:52,19.65
7288,8/30/2021 11:02,19.77
7289,8/30/2021 11:12,19.86
7290,8/30/2021 11:22,20.03
7291,8/30/2021 11:32,20.29
7292,8/30/2021 11:42,20.46
7293,8/30/2021 11:52,20.5
7294,8/30/2021 12:02,20.68
7295,8/30/2021 12:12,20.89
7296,8/30/2021 12:22,20.89
7297,8/30/2021 12:32,21.02
7298,8/30/2021 12:42,21.02
7299,8/30/2021 12:52,21.06
7300,8/30/2021 13:02,21.02
7301,8/30/2021 13:12,21.02
7302,8/30/2021 13:22,21.06
7303,8/30/2021 13:32,21.15
7304,8/30/2021 13:42,21.1
7305,8/30/2021 13:52,21.19
7306,8/30/2021 14:02,21.19
7307,8/30/2021 14:12,21.19
7308,8/30/2021 14:22,21.28
7309,8/30/2021 14:32,21.32
7310,8/30/2021 14:42,21.32
7311,8/30/2021 14:52,21.53
7312,8/30/2021 15:02,21.62
7313,8/30/2021 15:12,21.66
7314,8/30/2021 15:22,21.7
7315,8/30/2021 15:32,21.83
7316,8/30/2021 15:42,22.09
7317,8/30/2021 15:52,22.09
7318,8/30/2021 16:02,22.01
7319,8/30/2021 16:12,21.92
7320,8/30/2021 16:22,21.92
7321,8/30/2021 16:32,21.88
7322,8/30/2021 16:42,21.83
7323,8/30/2021 16:52,21.83
7324,8/30/2021 17:02,21.88
7325,8/30/2021 17:12,21.83
7326,8/30/2021 17:22,21.83
7327,8/30/2021 17:32,21.7
7328,8/30/2021 17:42,21.75
7329,8/30/2021 17:52,21.75
7330,8/30/2021 18:02,21.75
7331,8/30/2021 18:12,21.83
7332,8/30/2021 18:22,21.88
7333,8/30/2021 18:32,21.88
7334,8/30/2021 18:42,21.88
7335,8/30/2021 18:52,21.92
7336,8/30/2021 19:02,22.01
7337,8/30/2021 19:12,21.92
7338,8/30/2021 19:22,21.92
7339,8/30/2021 19:32,21.96
7340,8/30/2021 19:42,21.83
7341,8/30/2021 19:52,21.7
7342,8/30/2021 20:02,21.58
7343,8/30/2021 20:12,21.36
7344,8/30/2021 20:22,21.4
7345,8/30/2021 20:32,21.19
7346,8/30/2021 20:42,21.19
7347,8/30/2021 20:52,21.19
7348,8/30/2021 21:02,21.15
7349,8/30/2021 21:12,21.06
7350,8/30/2021 21:22,21.06
7351,8/30/2021 21:32,21.15
7352,8/30/2021 21:42,21.28
7353,8/30/2021 21:52,21.28
7354,8/30/2021 22:02,21.32
7355,8/30/2021 22:12,21.36
7356,8/30/2021 22:22,21.45
7357,8/30/2021 22:32,21.58
7358,8/30/2021 22:42,21.36
7359,8/30/2021 22:52,21.32
7360,8/30/2021 23:02,21.28
7361,8/30/2021 23:12,21.23
7362,8/30/2021 23:22,21.15
7363,8/30/2021 23:32,21.06
7364,8/30/2021 23:42,20.76
7365,8/30/2021 23:52,20.59
7366,8/31/2021 0:02,20.42
7367,8/31/2021 0:12,19.99
7368,8/31/2021 0:22,19.69
7369,8/31/2021 0:32,19.56
7370,8/31/2021 0:42,19.35
7371,8/31/2021 0:52,18.92
7372,8/31/2021 1:02,18.57
7373,8/31/2021 1:12,18.06
7374,8/31/2021 1:22,16.86
7375,8/31/2021 1:32,15.36
7376,8/31/2021 1:42,14.8
7377,8/31/2021 1:52,14.58
7378,8/31/2021 2:02,14.58
7379,8/31/2021 2:12,14.37
7380,8/31/2021 2:22,14.37
7381,8/31/2021 2:32,14.37
7382,8/31/2021 2:42,14.28
7383,8/31/2021 2:52,14.15
7384,8/31/2021 3:02,14.11
7385,8/31/2021 3:12,14.03
7386,8/31/2021 3:22,13.9
7387,8/31/2021 3:32,13.9
7388,8/31/2021 3:42,14.07
7389,8/31/2021 3:52,15.06
7390,8/31/2021 4:02,15.57
7391,8/31/2021 4:12,15.83
7392,8/31/2021 4:22,16.17
7393,8/31/2021 4:32,16.73
7394,8/31/2021 4:42,17.33
7395,8/31/2021 4:52,17.8
7396,8/31/2021 5:02,18.1
7397,8/31/2021 5:12,18.19
7398,8/31/2021 5:22,18.23
7399,8/31/2021 5:32,18.32
7400,8/31/2021 5:42,18.36
7401,8/31/2021 5:52,18.4
7402,8/31/2021 6:02,18.4
7403,8/31/2021 6:12,18.4
7404,8/31/2021 6:22,18.36
7405,8/31/2021 6:32,18.36
7406,8/31/2021 6:42,18.44
7407,8/31/2021 6:52,18.36
7408,8/31/2021 7:02,18.4
7409,8/31/2021 7:12,18.4
7410,8/31/2021 7:22,18.4
7411,8/31/2021 7:32,18.4
7412,8/31/2021 7:42,18.44
7413,8/31/2021 7:52,18.44
7414,8/31/2021 8:02,18.44
7415,8/31/2021 8:12,18.53
7416,8/31/2021 8:22,18.53
7417,8/31/2021 8:32,18.49
7418,8/31/2021 8:42,18.53
7419,8/31/2021 8:52,18.53
7420,8/31/2021 9:02,18.53
7421,8/31/2021 9:12,18.53
7422,8/31/2021 9:22,18.57
7423,8/31/2021 9:32,18.62
7424,8/31/2021 9:42,18.66
7425,8/31/2021 9:52,18.7
7426,8/31/2021 10:02,18.74
7427,8/31/2021 10:12,18.74
7428,8/31/2021 10:22,18.83
7429,8/31/2021 10:32,18.92
7430,8/31/2021 10:42,19.05
7431,8/31/2021 10:52,19.13
7432,8/31/2021 11:02,19.26
7433,8/31/2021 11:12,19.35
7434,8/31/2021 11:22,19.47
7435,8/31/2021 11:32,19.6
7436,8/31/2021 11:42,19.73
7437,8/31/2021 11:52,19.86
7438,8/31/2021 12:02,20.03
7439,8/31/2021 12:12,20.07
7440,8/31/2021 12:22,20.2
7441,8/31/2021 12:32,20.37
7442,8/31/2021 12:42,20.55
7443,8/31/2021 12:52,20.8
7444,8/31/2021 13:02,20.98
7445,8/31/2021 13:12,21.23
7446,8/31/2021 13:22,21.49
7447,8/31/2021 13:32,21.62
7448,8/31/2021 13:42,21.7
7449,8/31/2021 13:52,21.83
7450,8/31/2021 14:02,21.88
7451,8/31/2021 14:12,21.92
7452,8/31/2021 14:22,21.96
7453,8/31/2021 14:32,22.05
7454,8/31/2021 14:42,21.96
7455,8/31/2021 14:52,21.96
7456,8/31/2021 15:02,22.05
7457,8/31/2021 15:12,22.09
7458,8/31/2021 15:22,22.13
7459,8/31/2021 15:32,22.13
7460,8/31/2021 15:42,22.01
7461,8/31/2021 15:52,22.01
7462,8/31/2021 16:02,22.09
7463,8/31/2021 16:12,22.18
7464,8/31/2021 16:22,22.22
7465,8/31/2021 16:32,22.18
7466,8/31/2021 16:42,22.22
7467,8/31/2021 16:52,22.18
7468,8/31/2021 17:02,22.09
7469,8/31/2021 17:12,21.88
7470,8/31/2021 17:22,21.88
7471,8/31/2021 17:32,21.75
7472,8/31/2021 17:42,21.53
7473,8/31/2021 17:52,21.4
7474,8/31/2021 18:02,21.23
7475,8/31/2021 18:12,21.06
7476,8/31/2021 18:22,21.02
7477,8/31/2021 18:32,20.85
7478,8/31/2021 18:42,20.85
7479,8/31/2021 18:52,20.63
7480,8/31/2021 19:02,20.55
7481,8/31/2021 19:12,20.55
7482,8/31/2021 19:22,20.5
7483,8/31/2021 19:32,20.63
7484,8/31/2021 19:42,20.59
7485,8/31/2021 19:52,20.72
7486,8/31/2021 20:02,20.76
7487,8/31/2021 20:12,20.8
7488,8/31/2021 20:22,20.89
7489,8/31/2021 20:32,21.06
7490,8/31/2021 20:42,21.28
7491,8/31/2021 20:52,21.4
7492,8/31/2021 21:02,21.49
7493,8/31/2021 21:12,21.53
7494,8/31/2021 21:22,21.58
7495,8/31/2021 21:32,21.62
7496,8/31/2021 21:42,21.66
7497,8/31/2021 21:52,21.66
7498,8/31/2021 22:02,21.62
7499,8/31/2021 22:12,21.62
7500,8/31/2021 22:22,21.62
7501,8/31/2021 22:32,21.58
7502,8/31/2021 22:42,21.49
7503,8/31/2021 22:52,21.45
7504,8/31/2021 23:02,21.36
7505,8/31/2021 23:12,21.23
7506,8/31/2021 23:22,20.89
7507,8/31/2021 23:32,20.93
7508,8/31/2021 23:42,20.93
7509,8/31/2021 23:52,20.85
7510,9/1/2021 0:02,20.85
7511,9/1/2021 0:12,20.8
7512,9/1/2021 0:22,20.63
7513,9/1/2021 0:32,20.55
7514,9/1/2021 0:42,20.25
7515,9/1/2021 0:52,19.9
7516,9/1/2021 1:02,19.6
7517,9/1/2021 1:12,19.22
7518,9/1/2021 1:22,18.62
7519,9/1/2021 1:32,18.27
7520,9/1/2021 1:42,18.14
7521,9/1/2021 1:52,17.29
7522,9/1/2021 2:02,15.48
7523,9/1/2021 2:12,14.45
7524,9/1/2021 2:22,14.11
7525,9/1/2021 2:32,14.03
7526,9/1/2021 2:42,14.07
7527,9/1/2021 2:52,13.9
7528,9/1/2021 3:02,13.73
7529,9/1/2021 3:12,13.81
7530,9/1/2021 3:22,13.73
7531,9/1/2021 3:32,13.77
7532,9/1/2021 3:42,13.73
7533,9/1/2021 3:52,13.6
7534,9/1/2021 4:02,13.77
7535,9/1/2021 4:12,13.64
7536,9/1/2021 4:22,13.68
7537,9/1/2021 4:32,13.9
7538,9/1/2021 4:42,13.98
7539,9/1/2021 4:52,13.94
7540,9/1/2021 5:02,13.81
7541,9/1/2021 5:12,13.77
7542,9/1/2021 5:22,14.2
7543,9/1/2021 5:32,15.83
7544,9/1/2021 5:42,16.43
7545,9/1/2021 5:52,17.11
7546,9/1/2021 6:02,17.72
7547,9/1/2021 6:12,18.23
7548,9/1/2021 6:22,18.62
7549,9/1/2021 6:32,18.83
7550,9/1/2021 6:42,18.96
7551,9/1/2021 6:52,19.09
7552,9/1/2021 7:02,19.09
7553,9/1/2021 7:12,19
7554,9/1/2021 7:22,18.92
7555,9/1/2021 7:32,18.92
7556,9/1/2021 7:42,18.83
7557,9/1/2021 7:52,18.83
7558,9/1/2021 8:02,18.74
7559,9/1/2021 8:12,18.79
7560,9/1/2021 8:22,18.74
7561,9/1/2021 8:32,18.74
7562,9/1/2021 8:42,18.74
7563,9/1/2021 8:52,18.74
7564,9/1/2021 9:02,18.74
7565,9/1/2021 9:12,18.7
7566,9/1/2021 9:22,18.7
7567,9/1/2021 9:32,18.74
7568,9/1/2021 9:42,18.74
7569,9/1/2021 9:52,18.74
7570,9/1/2021 10:02,18.74
7571,9/1/2021 10:12,18.7
7572,9/1/2021 10:22,18.66
7573,9/1/2021 10:32,18.66
7574,9/1/2021 10:42,18.74
7575,9/1/2021 10:52,18.79
7576,9/1/2021 11:02,18.79
7577,9/1/2021 11:12,18.83
7578,9/1/2021 11:22,18.83
7579,9/1/2021 11:32,18.83
7580,9/1/2021 11:42,18.83
7581,9/1/2021 11:52,18.87
7582,9/1/2021 12:02,18.83
7583,9/1/2021 12:12,18.87
7584,9/1/2021 12:22,18.87
7585,9/1/2021 12:32,18.87
7586,9/1/2021 12:42,18.79
7587,9/1/2021 12:52,18.87
7588,9/1/2021 13:02,18.87
7589,9/1/2021 13:12,18.87
7590,9/1/2021 13:22,18.92
7591,9/1/2021 13:32,18.87
7592,9/1/2021 13:42,18.92
7593,9/1/2021 13:52,18.96
7594,9/1/2021 14:02,18.87
7595,9/1/2021 14:12,18.7
7596,9/1/2021 14:22,18.7
7597,9/1/2021 14:32,19
7598,9/1/2021 14:42,19.26
7599,9/1/2021 14:52,19.3
7600,9/1/2021 15:02,19.43
7601,9/1/2021 15:12,19.56
7602,9/1/2021 15:22,19.65
7603,9/1/2021 15:32,19.6
7604,9/1/2021 15:42,19.6
7605,9/1/2021 15:52,19.56
7606,9/1/2021 16:02,19.56
7607,9/1/2021 16:12,19.52
7608,9/1/2021 16:22,19.6
7609,9/1/2021 16:32,19.56
7610,9/1/2021 16:42,19.52
7611,9/1/2021 16:52,19.56
7612,9/1/2021 17:02,19.52
7613,9/1/2021 17:12,19.52
7614,9/1/2021 17:22,19.47
7615,9/1/2021 17:32,19.47
7616,9/1/2021 17:42,19.47
7617,9/1/2021 17:52,19.43
7618,9/1/2021 18:02,19.39
7619,9/1/2021 18:12,19.3
7620,9/1/2021 18:22,19.3
7621,9/1/2021 18:32,19.26
7622,9/1/2021 18:42,19.17
7623,9/1/2021 18:52,19.09
7624,9/1/2021 19:02,19.05
7625,9/1/2021 19:12,19
7626,9/1/2021 19:22,18.96
7627,9/1/2021 19:32,18.87
7628,9/1/2021 19:42,18.83
7629,9/1/2021 19:52,18.92
7630,9/1/2021 20:02,19
7631,9/1/2021 20:12,18.92
7632,9/1/2021 20:22,18.87
7633,9/1/2021 20:32,18.92
7634,9/1/2021 20:42,18.92
7635,9/1/2021 20:52,18.87
7636,9/1/2021 21:02,18.83
7637,9/1/2021 21:12,18.83
7638,9/1/2021 21:22,18.83
7639,9/1/2021 21:32,18.87
7640,9/1/2021 21:42,18.92
7641,9/1/2021 21:52,18.92
7642,9/1/2021 22:02,18.92
7643,9/1/2021 22:12,18.92
7644,9/1/2021 22:22,18.92
7645,9/1/2021 22:32,18.92
7646,9/1/2021 22:42,18.83
7647,9/1/2021 22:52,18.87
7648,9/1/2021 23:02,18.83
7649,9/1/2021 23:12,18.79
7650,9/1/2021 23:22,18.79
7651,9/1/2021 23:32,18.74
7652,9/1/2021 23:42,18.7
7653,9/1/2021 23:52,18.62
7654,9/2/2021 0:02,18.44
7655,9/2/2021 0:12,18.1
7656,9/2/2021 0:22,17.8
7657,9/2/2021 0:32,17.84
7658,9/2/2021 0:42,17.97
7659,9/2/2021 0:52,17.93
7660,9/2/2021 1:02,17.46
7661,9/2/2021 1:12,17.29
7662,9/2/2021 1:22,17.24
7663,9/2/2021 1:32,17.16
7664,9/2/2021 1:42,17.11
7665,9/2/2021 1:52,17.03
7666,9/2/2021 2:02,16.86
7667,9/2/2021 2:12,16.6
7668,9/2/2021 2:22,15.23
7669,9/2/2021 2:32,13.9
7670,9/2/2021 2:42,13.6
7671,9/2/2021 2:52,13.55
7672,9/2/2021 3:02,13.6
7673,9/2/2021 3:12,13.55
7674,9/2/2021 3:22,13.47
7675,9/2/2021 3:32,13.34
7676,9/2/2021 3:42,13.21
7677,9/2/2021 3:52,13.21
7678,9/2/2021 4:02,13.34
7679,9/2/2021 4:12,13.25
7680,9/2/2021 4:22,13.3
7681,9/2/2021 4:32,13.3
7682,9/2/2021 4:42,13.38
7683,9/2/2021 4:52,13.3
7684,9/2/2021 5:02,13.25
7685,9/2/2021 5:12,13.21
7686,9/2/2021 5:22,13.12
7687,9/2/2021 5:32,13.25
7688,9/2/2021 5:42,13.08
7689,9/2/2021 5:52,13.17
7690,9/2/2021 6:02,13.21
7691,9/2/2021 6:12,13.21
7692,9/2/2021 6:22,13.17
7693,9/2/2021 6:32,13.43
7694,9/2/2021 6:42,13.94
7695,9/2/2021 6:52,15.61
7696,9/2/2021 7:02,16.51
7697,9/2/2021 7:12,17.07
7698,9/2/2021 7:22,17.41
7699,9/2/2021 7:32,17.59
7700,9/2/2021 7:42,17.72
7701,9/2/2021 7:52,17.8
7702,9/2/2021 8:02,17.89
7703,9/2/2021 8:12,17.97
7704,9/2/2021 8:22,18.02
7705,9/2/2021 8:32,18.06
7706,9/2/2021 8:42,18.06
7707,9/2/2021 8:52,18.1
7708,9/2/2021 9:02,18.1
7709,9/2/2021 9:12,18.19
7710,9/2/2021 9:22,18.19
7711,9/2/2021 9:32,18.27
7712,9/2/2021 9:42,18.32
7713,9/2/2021 9:52,18.32
7714,9/2/2021 10:02,18.4
7715,9/2/2021 10:12,18.53
7716,9/2/2021 10:22,18.74
7717,9/2/2021 10:32,18.66
7718,9/2/2021 10:42,18.87
7719,9/2/2021 10:52,18.92
7720,9/2/2021 11:02,19
7721,9/2/2021 11:12,19.05
7722,9/2/2021 11:22,19.17
7723,9/2/2021 11:32,19.26
7724,9/2/2021 11:42,19.35
7725,9/2/2021 11:52,19.43
7726,9/2/2021 12:02,19.52
7727,9/2/2021 12:12,19.65
7728,9/2/2021 12:22,19.69
7729,9/2/2021 12:32,19.82
7730,9/2/2021 12:42,19.95
7731,9/2/2021 12:52,20.16
7732,9/2/2021 13:02,20.33
7733,9/2/2021 13:12,20.5
7734,9/2/2021 13:22,20.68
7735,9/2/2021 13:32,20.72
7736,9/2/2021 13:42,20.76
7737,9/2/2021 13:52,20.85
7738,9/2/2021 14:02,20.93
7739,9/2/2021 14:12,21.19
7740,9/2/2021 14:22,21.45
7741,9/2/2021 14:32,21.53
7742,9/2/2021 14:42,21.66
7743,9/2/2021 14:52,21.66
7744,9/2/2021 15:02,21.66
7745,9/2/2021 15:12,21.83
7746,9/2/2021 15:22,22.05
7747,9/2/2021 15:32,21.96
7748,9/2/2021 15:42,21.96
7749,9/2/2021 15:52,22.01
7750,9/2/2021 16:02,21.83
7751,9/2/2021 16:12,21.75
7752,9/2/2021 16:22,21.66
7753,9/2/2021 16:32,21.66
7754,9/2/2021 16:42,21.66
7755,9/2/2021 16:52,21.7
7756,9/2/2021 17:02,21.66
7757,9/2/2021 17:12,21.58
7758,9/2/2021 17:22,21.53
7759,9/2/2021 17:32,21.53
7760,9/2/2021 17:42,21.58
7761,9/2/2021 17:52,21.58
7762,9/2/2021 18:02,21.58
7763,9/2/2021 18:12,21.53
7764,9/2/2021 18:22,21.58
7765,9/2/2021 18:32,21.58
7766,9/2/2021 18:42,21.66
7767,9/2/2021 18:52,21.4
7768,9/2/2021 19:02,21.15
7769,9/2/2021 19:12,21.06
7770,9/2/2021 19:22,20.8
7771,9/2/2021 19:32,20.33
7772,9/2/2021 19:42,20.12
7773,9/2/2021 19:52,19.99
7774,9/2/2021 20:02,20.07
7775,9/2/2021 20:12,20.12
7776,9/2/2021 20:22,20.25
7777,9/2/2021 20:32,20.29
7778,9/2/2021 20:42,20.29
7779,9/2/2021 20:52,20.25
7780,9/2/2021 21:02,20.2
7781,9/2/2021 21:12,20.07
7782,9/2/2021 21:22,20.03
7783,9/2/2021 21:32,20.16
7784,9/2/2021 21:42,20.46
7785,9/2/2021 21:52,20.76
7786,9/2/2021 22:02,20.98
7787,9/2/2021 22:12,20.85
7788,9/2/2021 22:22,20.59
7789,9/2/2021 22:32,20.37
7790,9/2/2021 22:42,20.16
7791,9/2/2021 22:52,20.03
7792,9/2/2021 23:02,19.99
7793,9/2/2021 23:12,19.99
7794,9/2/2021 23:22,19.95
7795,9/2/2021 23:32,19.99
7796,9/2/2021 23:42,20.03
7797,9/2/2021 23:52,20.07
7798,9/3/2021 0:02,20.16
7799,9/3/2021 0:12,20.2
7800,9/3/2021 0:22,20.16
7801,9/3/2021 0:32,20.25
7802,9/3/2021 0:42,20.5
7803,9/3/2021 0:52,20.8
7804,9/3/2021 1:02,20.59
7805,9/3/2021 1:12,20.59
7806,9/3/2021 1:22,20.55
7807,9/3/2021 1:32,20.33
7808,9/3/2021 1:42,20.07
7809,9/3/2021 1:52,19.95
7810,9/3/2021 2:02,19.86
7811,9/3/2021 2:12,19.69
7812,9/3/2021 2:22,19.6
7813,9/3/2021 2:32,19.3
7814,9/3/2021 2:42,19.09
7815,9/3/2021 2:52,18.4
7816,9/3/2021 3:02,15.57
7817,9/3/2021 3:12,14.37
7818,9/3/2021 3:22,14.07
7819,9/3/2021 3:32,14.15
7820,9/3/2021 3:42,13.94
7821,9/3/2021 3:52,13.94
7822,9/3/2021 4:02,13.43
7823,9/3/2021 4:12,13.55
7824,9/3/2021 4:22,13.51
7825,9/3/2021 4:32,13.51
7826,9/3/2021 4:42,13.43
7827,9/3/2021 4:52,13.17
7828,9/3/2021 5:02,13.04
7829,9/3/2021 5:12,13.25
7830,9/3/2021 5:22,13.21
7831,9/3/2021 5:32,13.04
7832,9/3/2021 5:42,13.04
7833,9/3/2021 5:52,13.25
7834,9/3/2021 6:02,13.04
7835,9/3/2021 6:12,13.17
7836,9/3/2021 6:22,13.17
7837,9/3/2021 6:32,13.08
7838,9/3/2021 6:42,12.95
7839,9/3/2021 6:52,13.08
7840,9/3/2021 7:02,13.08
7841,9/3/2021 7:12,13.12
7842,9/3/2021 7:22,13
7843,9/3/2021 7:32,12.82
7844,9/3/2021 7:42,14.71
7845,9/3/2021 7:52,16.43
7846,9/3/2021 8:02,17.63
7847,9/3/2021 8:12,18.4
7848,9/3/2021 8:22,18.66
7849,9/3/2021 8:32,18.62
7850,9/3/2021 8:42,18.57
7851,9/3/2021 8:52,18.53
7852,9/3/2021 9:02,18.66
7853,9/3/2021 9:12,18.74
7854,9/3/2021 9:22,18.66
7855,9/3/2021 9:32,18.66
7856,9/3/2021 9:42,18.57
7857,9/3/2021 9:52,18.53
7858,9/3/2021 10:02,18.49
7859,9/3/2021 10:12,18.53
7860,9/3/2021 10:22,18.53
7861,9/3/2021 10:32,18.57
7862,9/3/2021 10:42,18.7
7863,9/3/2021 10:52,18.7
7864,9/3/2021 11:02,18.79
7865,9/3/2021 11:12,18.79
7866,9/3/2021 11:22,18.87
7867,9/3/2021 11:32,18.87
7868,9/3/2021 11:42,18.92
7869,9/3/2021 11:52,18.92
7870,9/3/2021 12:02,19
7871,9/3/2021 12:12,19.09
7872,9/3/2021 12:22,19.22
7873,9/3/2021 12:32,19.3
7874,9/3/2021 12:42,19.39
7875,9/3/2021 12:52,19.52
7876,9/3/2021 13:02,19.65
7877,9/3/2021 13:12,19.77
7878,9/3/2021 13:22,19.9
7879,9/3/2021 13:32,19.99
7880,9/3/2021 13:42,20.16
7881,9/3/2021 13:52,20.33
7882,9/3/2021 14:02,20.46
7883,9/3/2021 14:12,20.63
7884,9/3/2021 14:22,20.72
7885,9/3/2021 14:32,20.89
7886,9/3/2021 14:42,21.06
7887,9/3/2021 14:52,21.23
7888,9/3/2021 15:02,21.4
7889,9/3/2021 15:12,21.62
7890,9/3/2021 15:22,21.7
7891,9/3/2021 15:32,21.83
7892,9/3/2021 15:42,22.01
7893,9/3/2021 15:52,22.13
7894,9/3/2021 16:02,22.31
7895,9/3/2021 16:12,22.35
7896,9/3/2021 16:22,22.35
7897,9/3/2021 16:32,22.18
7898,9/3/2021 16:42,22.13
7899,9/3/2021 16:52,22.01
7900,9/3/2021 17:02,22.05
7901,9/3/2021 17:12,21.88
7902,9/3/2021 17:22,21.66
7903,9/3/2021 17:32,21.53
7904,9/3/2021 17:42,21.45
7905,9/3/2021 17:52,21.28
7906,9/3/2021 18:02,21.19
7907,9/3/2021 18:12,21.02
7908,9/3/2021 18:22,20.93
7909,9/3/2021 18:32,20.8
7910,9/3/2021 18:42,20.8
7911,9/3/2021 18:52,20.8
7912,9/3/2021 19:02,20.8
7913,9/3/2021 19:12,20.85
7914,9/3/2021 19:22,20.85
7915,9/3/2021 19:32,20.85
7916,9/3/2021 19:42,20.89
7917,9/3/2021 19:52,21.06
7918,9/3/2021 20:02,20.98
7919,9/3/2021 20:12,20.68
7920,9/3/2021 20:22,20.63
7921,9/3/2021 20:32,20.55
7922,9/3/2021 20:42,20.37
7923,9/3/2021 20:52,20.29
7924,9/3/2021 21:02,20.2
7925,9/3/2021 21:12,20.16
7926,9/3/2021 21:22,20.12
7927,9/3/2021 21:32,20.12
7928,9/3/2021 21:42,20.07
7929,9/3/2021 21:52,20.07
7930,9/3/2021 22:02,20.16
7931,9/3/2021 22:12,20.25
7932,9/3/2021 22:22,20.42
7933,9/3/2021 22:32,20.59
7934,9/3/2021 22:42,20.37
7935,9/3/2021 22:52,20.03
7936,9/3/2021 23:02,19.9
7937,9/3/2021 23:12,19.69
7938,9/3/2021 23:22,19.65
7939,9/3/2021 23:32,19.43
7940,9/3/2021 23:42,19.35
7941,9/3/2021 23:52,19.3
7942,9/4/2021 0:02,19.35
7943,9/4/2021 0:12,19.43
7944,9/4/2021 0:22,19.43
7945,9/4/2021 0:32,19.56
7946,9/4/2021 0:42,19.6
7947,9/4/2021 0:52,19.65
7948,9/4/2021 1:02,19.69
7949,9/4/2021 1:12,19.69
7950,9/4/2021 1:22,19.65
7951,9/4/2021 1:32,19.6
7952,9/4/2021 1:42,19.86
7953,9/4/2021 1:52,19.99
7954,9/4/2021 2:02,20.03
7955,9/4/2021 2:12,20.07
7956,9/4/2021 2:22,20.07
7957,9/4/2021 2:32,19.47
7958,9/4/2021 2:42,19.3
7959,9/4/2021 2:52,19.26
7960,9/4/2021 3:02,19.22
7961,9/4/2021 3:12,19
7962,9/4/2021 3:22,18.83
7963,9/4/2021 3:32,18.23
7964,9/4/2021 3:42,15.57
7965,9/4/2021 3:52,13.9
7966,9/4/2021 4:02,14.33
7967,9/4/2021 4:12,13.85
7968,9/4/2021 4:22,13.3
7969,9/4/2021 4:32,13.3
7970,9/4/2021 4:42,13.38
7971,9/4/2021 4:52,13.68
7972,9/4/2021 5:02,13.6
7973,9/4/2021 5:12,13.38
7974,9/4/2021 5:22,13.64
7975,9/4/2021 5:32,13.25
7976,9/4/2021 5:42,13.17
7977,9/4/2021 5:52,13.43
7978,9/4/2021 6:02,13.25
7979,9/4/2021 6:12,13.38
7980,9/4/2021 6:22,13.43
7981,9/4/2021 6:32,13.12
7982,9/4/2021 6:42,13.08
7983,9/4/2021 6:52,13
7984,9/4/2021 7:02,12.95
7985,9/4/2021 7:12,13.04
7986,9/4/2021 7:22,13.17
7987,9/4/2021 7:32,13.3
7988,9/4/2021 7:42,13.47
7989,9/4/2021 7:52,13.6
7990,9/4/2021 8:02,13.51
7991,9/4/2021 8:12,13.77
7992,9/4/2021 8:22,14.5
7993,9/4/2021 8:32,16.73
7994,9/4/2021 8:42,17.72
7995,9/4/2021 8:52,18.4
7996,9/4/2021 9:02,18.7
7997,9/4/2021 9:12,18.74
7998,9/4/2021 9:22,18.79
7999,9/4/2021 9:32,18.87
8000,9/4/2021 9:42,18.83
8001,9/4/2021 9:52,18.79
8002,9/4/2021 10:02,18.66
8003,9/4/2021 10:12,18.62
8004,9/4/2021 10:22,18.53
8005,9/4/2021 10:32,18.53
8006,9/4/2021 10:42,18.57
8007,9/4/2021 10:52,18.57
8008,9/4/2021 11:02,18.62
8009,9/4/2021 11:12,18.74
8010,9/4/2021 11:22,18.92
8011,9/4/2021 11:32,19.13
8012,9/4/2021 11:42,19.17
8013,9/4/2021 11:52,19.17
8014,9/4/2021 12:02,19.26
8015,9/4/2021 12:12,19.3
8016,9/4/2021 12:22,19.35
8017,9/4/2021 12:32,19.43
8018,9/4/2021 12:42,19.52
8019,9/4/2021 12:52,19.56
8020,9/4/2021 13:02,19.65
8021,9/4/2021 13:12,19.77
8022,9/4/2021 13:22,19.86
8023,9/4/2021 13:32,20.07
8024,9/4/2021 13:42,20.16
8025,9/4/2021 13:52,20.29
8026,9/4/2021 14:02,20.42
8027,9/4/2021 14:12,20.46
8028,9/4/2021 14:22,20.68
8029,9/4/2021 14:32,20.85
8030,9/4/2021 14:42,21.06
8031,9/4/2021 14:52,21.36
8032,9/4/2021 15:02,21.53
8033,9/4/2021 15:12,21.7
8034,9/4/2021 15:22,21.83
8035,9/4/2021 15:32,22.05
8036,9/4/2021 15:42,22.26
8037,9/4/2021 15:52,22.43
8038,9/4/2021 16:02,22.56
8039,9/4/2021 16:12,22.65
8040,9/4/2021 16:22,22.82
8041,9/4/2021 16:32,22.99
8042,9/4/2021 16:42,22.99
8043,9/4/2021 16:52,22.95
8044,9/4/2021 17:02,22.86
8045,9/4/2021 17:12,22.82
8046,9/4/2021 17:22,22.73
8047,9/4/2021 17:32,22.65
8048,9/4/2021 17:42,22.43
8049,9/4/2021 17:52,22.22
8050,9/4/2021 18:02,22.18
8051,9/4/2021 18:12,21.96
8052,9/4/2021 18:22,21.79
8053,9/4/2021 18:32,21.7
8054,9/4/2021 18:42,21.49
8055,9/4/2021 18:52,21.32
8056,9/4/2021 19:02,21.19
8057,9/4/2021 19:12,21.06
8058,9/4/2021 19:22,21.06
8059,9/4/2021 19:32,20.98
8060,9/4/2021 19:42,20.98
8061,9/4/2021 19:52,21.02
8062,9/4/2021 20:02,21.02
8063,9/4/2021 20:12,21.1
8064,9/4/2021 20:22,21.23
8065,9/4/2021 20:32,21.32
8066,9/4/2021 20:42,21.66
8067,9/4/2021 20:52,21.58
8068,9/4/2021 21:02,21.32
8069,9/4/2021 21:12,21.58
8070,9/4/2021 21:22,21.4
8071,9/4/2021 21:32,21.36
8072,9/4/2021 21:42,21.19
8073,9/4/2021 21:52,20.63
8074,9/4/2021 22:02,20.25
8075,9/4/2021 22:12,20.16
8076,9/4/2021 22:22,20.12
8077,9/4/2021 22:32,20.16
8078,9/4/2021 22:42,20.12
8079,9/4/2021 22:52,20.29
8080,9/4/2021 23:02,20.63
8081,9/4/2021 23:12,20.98
8082,9/4/2021 23:22,20.42
8083,9/4/2021 23:32,20.07
8084,9/4/2021 23:42,19.86
8085,9/4/2021 23:52,19.73
8086,9/5/2021 0:02,19.6
8087,9/5/2021 0:12,19.52
8088,9/5/2021 0:22,19.3
8089,9/5/2021 0:32,19.26
8090,9/5/2021 0:42,19.26
8091,9/5/2021 0:52,19.26
8092,9/5/2021 1:02,19.22
8093,9/5/2021 1:12,19.17
8094,9/5/2021 1:22,19.26
8095,9/5/2021 1:32,19.22
8096,9/5/2021 1:42,19.26
8097,9/5/2021 1:52,19.3
8098,9/5/2021 2:02,19.3
8099,9/5/2021 2:12,19.35
8100,9/5/2021 2:22,19.65
8101,9/5/2021 2:32,19.77
8102,9/5/2021 2:42,19.95
8103,9/5/2021 2:52,20.03
8104,9/5/2021 3:02,19.95
8105,9/5/2021 3:12,19.65
8106,9/5/2021 3:22,19.26
8107,9/5/2021 3:32,19.09
8108,9/5/2021 3:42,19
8109,9/5/2021 3:52,18.87
8110,9/5/2021 4:02,18.66
8111,9/5/2021 4:12,17.59
8112,9/5/2021 4:22,15.1
8113,9/5/2021 4:32,13.94
8114,9/5/2021 4:42,13.68
8115,9/5/2021 4:52,13.73
8116,9/5/2021 5:02,13.55
8117,9/5/2021 5:12,13.3
8118,9/5/2021 5:22,13.25
8119,9/5/2021 5:32,13.08
8120,9/5/2021 5:42,12.95
8121,9/5/2021 5:52,12.87
8122,9/5/2021 6:02,12.74
8123,9/5/2021 6:12,12.57
8124,9/5/2021 6:22,12.87
8125,9/5/2021 6:32,12.82
8126,9/5/2021 6:42,12.57
8127,9/5/2021 6:52,12.27
8128,9/5/2021 7:02,12.27
8129,9/5/2021 7:12,12.18
8130,9/5/2021 7:22,12.18
8131,9/5/2021 7:32,12.27
8132,9/5/2021 7:42,12.27
8133,9/5/2021 7:52,12.35
8134,9/5/2021 8:02,12.52
8135,9/5/2021 8:12,12.52
8136,9/5/2021 8:22,12.78
8137,9/5/2021 8:32,12.82
8138,9/5/2021 8:42,13.12
8139,9/5/2021 8:52,14.11
8140,9/5/2021 9:02,16.17
8141,9/5/2021 9:12,17.29
8142,9/5/2021 9:22,18.19
8143,9/5/2021 9:32,18.74
8144,9/5/2021 9:42,18.79
8145,9/5/2021 9:52,18.87
8146,9/5/2021 10:02,19.09
8147,9/5/2021 10:12,19.26
8148,9/5/2021 10:22,19.3
8149,9/5/2021 10:32,19.3
8150,9/5/2021 10:42,19.22
8151,9/5/2021 10:52,19.26
8152,9/5/2021 11:02,19.3
8153,9/5/2021 11:12,19.35
8154,9/5/2021 11:22,19.43
8155,9/5/2021 11:32,19.56
8156,9/5/2021 11:42,19.69
8157,9/5/2021 11:52,19.95
8158,9/5/2021 12:02,20.12
8159,9/5/2021 12:12,20.29
8160,9/5/2021 12:22,20.33
8161,9/5/2021 12:32,20.5
8162,9/5/2021 12:42,20.59
8163,9/5/2021 12:52,20.68
8164,9/5/2021 13:02,20.76
8165,9/5/2021 13:12,20.85
8166,9/5/2021 13:22,20.85
8167,9/5/2021 13:32,20.89
8168,9/5/2021 13:42,20.8
8169,9/5/2021 13:52,20.68
8170,9/5/2021 14:02,20.68
8171,9/5/2021 14:12,20.63
8172,9/5/2021 14:22,20.63
8173,9/5/2021 14:32,20.72
8174,9/5/2021 14:42,21.02
8175,9/5/2021 14:52,21.36
8176,9/5/2021 15:02,21.62
8177,9/5/2021 15:12,21.88
8178,9/5/2021 15:22,22.09
8179,9/5/2021 15:32,22.26
8180,9/5/2021 15:42,22.43
8181,9/5/2021 15:52,22.61
8182,9/5/2021 16:02,22.82
8183,9/5/2021 16:12,22.99
8184,9/5/2021 16:22,23.12
8185,9/5/2021 16:32,23.25
8186,9/5/2021 16:42,23.38
8187,9/5/2021 16:52,23.42
8188,9/5/2021 17:02,23.51
8189,9/5/2021 17:12,23.55
8190,9/5/2021 17:22,23.64
8191,9/5/2021 17:32,23.64
8192,9/5/2021 17:42,23.51
8193,9/5/2021 17:52,23.34
8194,9/5/2021 18:02,23.16
8195,9/5/2021 18:12,22.99
8196,9/5/2021 18:22,22.86
8197,9/5/2021 18:32,22.73
8198,9/5/2021 18:42,22.61
8199,9/5/2021 18:52,22.43
8200,9/5/2021 19:02,22.01
8201,9/5/2021 19:12,21.79
8202,9/5/2021 19:22,21.4
8203,9/5/2021 19:32,20.93
8204,9/5/2021 19:42,20.59
8205,9/5/2021 19:52,20.25
8206,9/5/2021 20:02,20.16
8207,9/5/2021 20:12,20.03
8208,9/5/2021 20:22,20.03
8209,9/5/2021 20:32,20.25
8210,9/5/2021 20:42,21.15
8211,9/5/2021 20:52,20.8
8212,9/5/2021 21:02,20.85
8213,9/5/2021 21:12,20.89
8214,9/5/2021 21:22,21.1
8215,9/5/2021 21:32,21.32
8216,9/5/2021 21:42,21.66
8217,9/5/2021 21:52,21.32
8218,9/5/2021 22:02,21.4
8219,9/5/2021 22:12,21.66
8220,9/5/2021 22:22,21.75
8221,9/5/2021 22:32,21.66
8222,9/5/2021 22:42,21.49
8223,9/5/2021 22:52,21.15
8224,9/5/2021 23:02,21.02
8225,9/5/2021 23:12,20.89
8226,9/5/2021 23:22,20.93
8227,9/5/2021 23:32,21.1
8228,9/5/2021 23:42,21.06
8229,9/5/2021 23:52,20.68
8230,9/6/2021 0:02,20.29
8231,9/6/2021 0:12,19.95
8232,9/6/2021 0:22,19.77
8233,9/6/2021 0:32,19.69
8234,9/6/2021 0:42,19.52
8235,9/6/2021 0:52,19.35
8236,9/6/2021 1:02,19.22
8237,9/6/2021 1:12,19.22
8238,9/6/2021 1:22,19.22
8239,9/6/2021 1:32,19.13
8240,9/6/2021 1:42,19.09
8241,9/6/2021 1:52,19.09
8242,9/6/2021 2:02,19.09
8243,9/6/2021 2:12,19.09
8244,9/6/2021 2:22,19.13
8245,9/6/2021 2:32,19.13
8246,9/6/2021 2:42,19.13
8247,9/6/2021 2:52,19.22
8248,9/6/2021 3:02,19.47
8249,9/6/2021 3:12,19.82
8250,9/6/2021 3:22,19.82
8251,9/6/2021 3:32,20.07
8252,9/6/2021 3:42,20.07
8253,9/6/2021 3:52,19.9
8254,9/6/2021 4:02,19.47
8255,9/6/2021 4:12,19.26
8256,9/6/2021 4:22,19.13
8257,9/6/2021 4:32,19.05
8258,9/6/2021 4:42,18.92
8259,9/6/2021 4:52,18.1
8260,9/6/2021 5:02,15.74
8261,9/6/2021 5:12,14.37
8262,9/6/2021 5:22,14.07
8263,9/6/2021 5:32,14.37
8264,9/6/2021 5:42,13.94
8265,9/6/2021 5:52,14.15
8266,9/6/2021 6:02,13.9
8267,9/6/2021 6:12,13.77
8268,9/6/2021 6:22,13.94
8269,9/6/2021 6:32,13.9
8270,9/6/2021 6:42,13.55
8271,9/6/2021 6:52,13.73
8272,9/6/2021 7:02,13.47
8273,9/6/2021 7:12,13.38
8274,9/6/2021 7:22,13.3
8275,9/6/2021 7:32,13.34
8276,9/6/2021 7:42,13.73
8277,9/6/2021 7:52,13.94
8278,9/6/2021 8:02,14.07
8279,9/6/2021 8:12,14.15
8280,9/6/2021 8:22,14.41
8281,9/6/2021 8:32,14.75
8282,9/6/2021 8:42,14.75
8283,9/6/2021 8:52,15.48
8284,9/6/2021 9:02,16.43
8285,9/6/2021 9:12,16.77
8286,9/6/2021 9:22,18.19
8287,9/6/2021 9:32,18.92
8288,9/6/2021 9:42,18.83
8289,9/6/2021 9:52,19.26
8290,9/6/2021 10:02,19.65
8291,9/6/2021 10:12,19.82
8292,9/6/2021 10:22,19.73
8293,9/6/2021 10:32,19.73
8294,9/6/2021 10:42,19.69
8295,9/6/2021 10:52,19.65
8296,9/6/2021 11:02,19.56
8297,9/6/2021 11:12,19.52
8298,9/6/2021 11:22,19.56
8299,9/6/2021 11:32,19.52
8300,9/6/2021 11:42,19.52
8301,9/6/2021 11:52,19.65
8302,9/6/2021 12:02,19.82
8303,9/6/2021 12:12,19.99
8304,9/6/2021 12:22,20.29
8305,9/6/2021 12:32,20.55
8306,9/6/2021 12:42,20.76
8307,9/6/2021 12:52,20.98
8308,9/6/2021 13:02,21.19
8309,9/6/2021 13:12,21.28
8310,9/6/2021 13:22,21.32
8311,9/6/2021 13:32,21.23
8312,9/6/2021 13:42,21.28
8313,9/6/2021 13:52,21.32
8314,9/6/2021 14:02,21.15
8315,9/6/2021 14:12,21.06
8316,9/6/2021 14:22,20.98
8317,9/6/2021 14:32,20.85
8318,9/6/2021 14:42,20.85
8319,9/6/2021 14:52,20.85
8320,9/6/2021 15:02,21.06
8321,9/6/2021 15:12,21.49
8322,9/6/2021 15:22,21.88
8323,9/6/2021 15:32,22.18
8324,9/6/2021 15:42,22.35
8325,9/6/2021 15:52,22.56
8326,9/6/2021 16:02,22.73
8327,9/6/2021 16:12,22.91
8328,9/6/2021 16:22,23.03
8329,9/6/2021 16:32,23.34
8330,9/6/2021 16:42,23.64
8331,9/6/2021 16:52,23.85
8332,9/6/2021 17:02,24.02
8333,9/6/2021 17:12,24.11
8334,9/6/2021 17:22,24.11
8335,9/6/2021 17:32,24.06
8336,9/6/2021 17:42,24.15
8337,9/6/2021 17:52,24.24
8338,9/6/2021 18:02,24.24
8339,9/6/2021 18:12,24.15
8340,9/6/2021 18:22,23.98
8341,9/6/2021 18:32,23.76
8342,9/6/2021 18:42,23.59
8343,9/6/2021 18:52,23.42
8344,9/6/2021 19:02,23.25
8345,9/6/2021 19:12,23.03
8346,9/6/2021 19:22,22.82
8347,9/6/2021 19:32,22.61
8348,9/6/2021 19:42,22.09
8349,9/6/2021 19:52,21.19
8350,9/6/2021 20:02,20.63
8351,9/6/2021 20:12,20.2
8352,9/6/2021 20:22,19.82
8353,9/6/2021 20:32,19.65
8354,9/6/2021 20:42,19.52
8355,9/6/2021 20:52,19.43
8356,9/6/2021 21:02,19.3
8357,9/6/2021 21:12,19.3
8358,9/6/2021 21:22,19.47
8359,9/6/2021 21:32,19.65
8360,9/6/2021 21:42,19.77
8361,9/6/2021 21:52,19.99
8362,9/6/2021 22:02,20.07
8363,9/6/2021 22:12,20.16
8364,9/6/2021 22:22,19.86
8365,9/6/2021 22:32,20.12
8366,9/6/2021 22:42,20.46
8367,9/6/2021 22:52,20.37
8368,9/6/2021 23:02,20.5
8369,9/6/2021 23:12,20.37
8370,9/6/2021 23:22,20.03
8371,9/6/2021 23:32,19.73
8372,9/6/2021 23:42,19.73
8373,9/6/2021 23:52,19.73
8374,9/7/2021 0:02,19.82
8375,9/7/2021 0:12,20.2
8376,9/7/2021 0:22,20.07
8377,9/7/2021 0:32,20.03
8378,9/7/2021 0:42,20.25
8379,9/7/2021 0:52,20.16
8380,9/7/2021 1:02,19.95
8381,9/7/2021 1:12,19.73
8382,9/7/2021 1:22,19.6
8383,9/7/2021 1:32,19.52
8384,9/7/2021 1:42,19.43
8385,9/7/2021 1:52,19.35
8386,9/7/2021 2:02,19.22
8387,9/7/2021 2:12,19.13
8388,9/7/2021 2:22,19.13
8389,9/7/2021 2:32,19.09
8390,9/7/2021 2:42,19.09
8391,9/7/2021 2:52,19.05
8392,9/7/2021 3:02,19.13
8393,9/7/2021 3:12,19.13
8394,9/7/2021 3:22,19.09
8395,9/7/2021 3:32,19.26
8396,9/7/2021 3:42,19.65
8397,9/7/2021 3:52,20.03
8398,9/7/2021 4:02,20.16
8399,9/7/2021 4:12,20.25
8400,9/7/2021 4:22,20.33
8401,9/7/2021 4:32,20.16
8402,9/7/2021 4:42,19.77
8403,9/7/2021 4:52,19.73
8404,9/7/2021 5:02,19.6
8405,9/7/2021 5:12,19.47
8406,9/7/2021 5:22,19.35
8407,9/7/2021 5:32,18.19
8408,9/7/2021 5:42,16.34
8409,9/7/2021 5:52,15.7
8410,9/7/2021 6:02,15.74
8411,9/7/2021 6:12,15.44
8412,9/7/2021 6:22,15.53
8413,9/7/2021 6:32,15.31
8414,9/7/2021 6:42,15.18
8415,9/7/2021 6:52,15.18
8416,9/7/2021 7:02,15.1
8417,9/7/2021 7:12,15.06
8418,9/7/2021 7:22,15.1
8419,9/7/2021 7:32,14.97
8420,9/7/2021 7:42,15.01
8421,9/7/2021 7:52,15.01
8422,9/7/2021 8:02,15.23
8423,9/7/2021 8:12,15.18
8424,9/7/2021 8:22,15.48
8425,9/7/2021 8:32,15.7
8426,9/7/2021 8:42,16.21
8427,9/7/2021 8:52,16.64
8428,9/7/2021 9:02,16.69
8429,9/7/2021 9:12,16.86
8430,9/7/2021 9:22,16.6
8431,9/7/2021 9:32,16.77
8432,9/7/2021 9:42,16.86
8433,9/7/2021 9:52,18.27
8434,9/7/2021 10:02,19.17
8435,9/7/2021 10:12,19.56
8436,9/7/2021 10:22,19.65
8437,9/7/2021 10:32,19.3
8438,9/7/2021 10:42,19.35
8439,9/7/2021 10:52,19.35
8440,9/7/2021 11:02,19.6
8441,9/7/2021 11:12,19.69
8442,9/7/2021 11:22,19.65
8443,9/7/2021 11:32,19.65
8444,9/7/2021 11:42,19.6
8445,9/7/2021 11:52,19.6
8446,9/7/2021 12:02,19.77
8447,9/7/2021 12:12,19.56
8448,9/7/2021 12:22,19.65
8449,9/7/2021 12:32,19.86
8450,9/7/2021 12:42,20.03
8451,9/7/2021 12:52,20.2
8452,9/7/2021 13:02,20.29
8453,9/7/2021 13:12,20.5
8454,9/7/2021 13:22,20.55
8455,9/7/2021 13:32,20.59
8456,9/7/2021 13:42,20.68
8457,9/7/2021 13:52,20.68
8458,9/7/2021 14:02,20.72
8459,9/7/2021 14:12,20.5
8460,9/7/2021 14:22,20.42
8461,9/7/2021 14:32,20.37
8462,9/7/2021 14:42,20.33
8463,9/7/2021 14:52,20.33
8464,9/7/2021 15:02,20.29
8465,9/7/2021 15:12,20.33
8466,9/7/2021 15:22,20.33
8467,9/7/2021 15:32,20.46
8468,9/7/2021 15:42,20.59
8469,9/7/2021 15:52,21.06
8470,9/7/2021 16:02,21.45
8471,9/7/2021 16:12,21.7
8472,9/7/2021 16:22,21.79
8473,9/7/2021 16:32,21.96
8474,9/7/2021 16:42,22.05
8475,9/7/2021 16:52,22.18
8476,9/7/2021 17:02,22.43
8477,9/7/2021 17:12,22.52
8478,9/7/2021 17:22,22.73
8479,9/7/2021 17:32,22.82
8480,9/7/2021 17:42,22.91
8481,9/7/2021 17:52,23.03
8482,9/7/2021 18:02,23.08
8483,9/7/2021 18:12,22.99
8484,9/7/2021 18:22,22.73
8485,9/7/2021 18:32,22.26
8486,9/7/2021 18:42,21.66
8487,9/7/2021 18:52,20.07
8488,9/7/2021 19:02,18.96
8489,9/7/2021 19:12,18.49
8490,9/7/2021 19:22,17.76
8491,9/7/2021 19:32,17.67
8492,9/7/2021 19:42,17.97
8493,9/7/2021 19:52,18.49
8494,9/7/2021 20:02,19.77
8495,9/7/2021 20:12,20.33
8496,9/7/2021 20:22,20.42
8497,9/7/2021 20:32,20.68
8498,9/7/2021 20:42,20.55
8499,9/7/2021 20:52,20.5
8500,9/7/2021 21:02,20.33
8501,9/7/2021 21:12,19.99
8502,9/7/2021 21:22,19.73
8503,9/7/2021 21:32,19.3
8504,9/7/2021 21:42,19.13
8505,9/7/2021 21:52,19.13
8506,9/7/2021 22:02,19.05
8507,9/7/2021 22:12,19.05
8508,9/7/2021 22:22,19
8509,9/7/2021 22:32,19
8510,9/7/2021 22:42,19
8511,9/7/2021 22:52,19
8512,9/7/2021 23:02,19.09
8513,9/7/2021 23:12,19.09
8514,9/7/2021 23:22,19.05
8515,9/7/2021 23:32,19.09
8516,9/7/2021 23:42,19.13
8517,9/7/2021 23:52,19.17
8518,9/8/2021 0:02,19.17
8519,9/8/2021 0:12,19.13
8520,9/8/2021 0:22,19.13
8521,9/8/2021 0:32,19.13
8522,9/8/2021 0:42,19.26
8523,9/8/2021 0:52,19.3
8524,9/8/2021 1:02,19.22
8525,9/8/2021 1:12,19.17
8526,9/8/2021 1:22,19.17
8527,9/8/2021 1:32,19.13
8528,9/8/2021 1:42,19.17
8529,9/8/2021 1:52,19.17
8530,9/8/2021 2:02,19
8531,9/8/2021 2:12,18.96
8532,9/8/2021 2:22,18.83
8533,9/8/2021 2:32,18.79
8534,9/8/2021 2:42,18.83
8535,9/8/2021 2:52,18.83
8536,9/8/2021 3:02,18.79
8537,9/8/2021 3:12,18.74
8538,9/8/2021 3:22,18.66
8539,9/8/2021 3:32,18.66
8540,9/8/2021 3:42,18.7
8541,9/8/2021 3:52,18.74
8542,9/8/2021 4:02,18.74
8543,9/8/2021 4:12,18.66
8544,9/8/2021 4:22,18.7
8545,9/8/2021 4:32,18.92
8546,9/8/2021 4:42,18.92
8547,9/8/2021 4:52,18.96
8548,9/8/2021 5:02,19
8549,9/8/2021 5:12,18.87
8550,9/8/2021 5:22,18.44
8551,9/8/2021 5:32,18.14
8552,9/8/2021 5:42,17.97
8553,9/8/2021 5:52,17.76
8554,9/8/2021 6:02,17.54
8555,9/8/2021 6:12,17.29
8556,9/8/2021 6:22,16.26
8557,9/8/2021 6:32,15.57
8558,9/8/2021 6:42,15.4
8559,9/8/2021 6:52,15.23
8560,9/8/2021 7:02,15.14
8561,9/8/2021 7:12,15.14
8562,9/8/2021 7:22,15.01
8563,9/8/2021 7:32,15.01
8564,9/8/2021 7:42,15.01
8565,9/8/2021 7:52,15.18
8566,9/8/2021 8:02,15.27
8567,9/8/2021 8:12,15.4
8568,9/8/2021 8:22,15.31
8569,9/8/2021 8:32,15.23
8570,9/8/2021 8:42,15.27
8571,9/8/2021 8:52,15.36
8572,9/8/2021 9:02,15.57
8573,9/8/2021 9:12,15.61
8574,9/8/2021 9:22,15.53
8575,9/8/2021 9:32,15.44
8576,9/8/2021 9:42,15.57
8577,9/8/2021 9:52,15.7
8578,9/8/2021 10:02,16.73
8579,9/8/2021 10:12,17.97
8580,9/8/2021 10:22,18.27
8581,9/8/2021 10:32,18.57
8582,9/8/2021 10:42,18.79
8583,9/8/2021 10:52,18.79
8584,9/8/2021 11:02,18.74
8585,9/8/2021 11:12,18.7
8586,9/8/2021 11:22,18.66
8587,9/8/2021 11:32,18.87
8588,9/8/2021 11:42,18.83
8589,9/8/2021 11:52,18.92
8590,9/8/2021 12:02,19.09
8591,9/8/2021 12:12,19.26
8592,9/8/2021 12:22,19.17
8593,9/8/2021 12:32,19.43
8594,9/8/2021 12:42,19.47
8595,9/8/2021 12:52,19.43
8596,9/8/2021 13:02,19.52
8597,9/8/2021 13:12,19.56
8598,9/8/2021 13:22,19.6
8599,9/8/2021 13:32,19.65
8600,9/8/2021 13:42,19.69
8601,9/8/2021 13:52,19.82
8602,9/8/2021 14:02,19.95
8603,9/8/2021 14:12,19.99
8604,9/8/2021 14:22,19.99
8605,9/8/2021 14:32,20.03
8606,9/8/2021 14:42,20.07
8607,9/8/2021 14:52,20.12
8608,9/8/2021 15:02,20.12
8609,9/8/2021 15:12,20.12
8610,9/8/2021 15:22,20.16
8611,9/8/2021 15:32,20.16
8612,9/8/2021 15:42,20.12
8613,9/8/2021 15:52,20.16
8614,9/8/2021 16:02,20.12
8615,9/8/2021 16:12,20.2
8616,9/8/2021 16:22,20.37
8617,9/8/2021 16:32,20.42
8618,9/8/2021 16:42,20.42
8619,9/8/2021 16:52,20.42
8620,9/8/2021 17:02,20.55
8621,9/8/2021 17:12,20.5
8622,9/8/2021 17:22,20.5
8623,9/8/2021 17:32,20.46
8624,9/8/2021 17:42,20.46
8625,9/8/2021 17:52,20.46
8626,9/8/2021 18:02,20.42
8627,9/8/2021 18:12,20.37
8628,9/8/2021 18:22,20.25
8629,9/8/2021 18:32,20.07
8630,9/8/2021 18:42,19.9
8631,9/8/2021 18:52,19.73
8632,9/8/2021 19:02,19.47
8633,9/8/2021 19:12,19.13
8634,9/8/2021 19:22,18.53
8635,9/8/2021 19:32,16.69
8636,9/8/2021 19:42,15.61
8637,9/8/2021 19:52,15.31
8638,9/8/2021 20:02,15.23
8639,9/8/2021 20:12,15.01
8640,9/8/2021 20:22,15.1
8641,9/8/2021 20:32,14.97
8642,9/8/2021 20:42,14.93
8643,9/8/2021 20:52,14.88
8644,9/8/2021 21:02,15.87
8645,9/8/2021 21:12,17.41
8646,9/8/2021 21:22,17.76
8647,9/8/2021 21:32,18.1
8648,9/8/2021 21:42,18.49
8649,9/8/2021 21:52,18.7
8650,9/8/2021 22:02,18.96
8651,9/8/2021 22:12,19.09
8652,9/8/2021 22:22,18.87
8653,9/8/2021 22:32,18.62
8654,9/8/2021 22:42,18.57
8655,9/8/2021 22:52,18.49
8656,9/8/2021 23:02,18.53
8657,9/8/2021 23:12,18.53
8658,9/8/2021 23:22,18.49
8659,9/8/2021 23:32,18.44
8660,9/8/2021 23:42,18.44
8661,9/8/2021 23:52,18.53
8662,9/9/2021 0:02,18.57
8663,9/9/2021 0:12,18.44
8664,9/9/2021 0:22,18.36
8665,9/9/2021 0:32,18.36
8666,9/9/2021 0:42,18.36
8667,9/9/2021 0:52,18.32
8668,9/9/2021 1:02,18.32
8669,9/9/2021 1:12,18.27
8670,9/9/2021 1:22,18.32
8671,9/9/2021 1:32,18.36
8672,9/9/2021 1:42,18.4
8673,9/9/2021 1:52,18.49
8674,9/9/2021 2:02,18.49
8675,9/9/2021 2:12,18.53
8676,9/9/2021 2:22,18.44
8677,9/9/2021 2:32,18.49
8678,9/9/2021 2:42,18.4
8679,9/9/2021 2:52,18.36
8680,9/9/2021 3:02,18.32
8681,9/9/2021 3:12,18.36
8682,9/9/2021 3:22,18.32
8683,9/9/2021 3:32,18.32
8684,9/9/2021 3:42,18.32
8685,9/9/2021 3:52,18.36
8686,9/9/2021 4:02,18.27
8687,9/9/2021 4:12,18.32
8688,9/9/2021 4:22,18.27
8689,9/9/2021 4:32,18.27
8690,9/9/2021 4:42,18.23
8691,9/9/2021 4:52,18.19
8692,9/9/2021 5:02,18.19
8693,9/9/2021 5:12,18.02
8694,9/9/2021 5:22,17.89
8695,9/9/2021 5:32,17.8
8696,9/9/2021 5:42,17.84
8697,9/9/2021 5:52,17.76
8698,9/9/2021 6:02,17.41
8699,9/9/2021 6:12,17.16
8700,9/9/2021 6:22,16.94
8701,9/9/2021 6:32,16.69
8702,9/9/2021 6:42,16.51
8703,9/9/2021 6:52,16.43
8704,9/9/2021 7:02,16.3
8705,9/9/2021 7:12,15.23
8706,9/9/2021 7:22,14.54
8707,9/9/2021 7:32,14.5
8708,9/9/2021 7:42,14.54
8709,9/9/2021 7:52,14.67
8710,9/9/2021 8:02,14.63
8711,9/9/2021 8:12,14.88
8712,9/9/2021 8:22,15.1
8713,9/9/2021 8:32,15.23
8714,9/9/2021 8:42,15.06
8715,9/9/2021 8:52,15.23
8716,9/9/2021 9:02,15.96
8717,9/9/2021 9:12,16.34
8718,9/9/2021 9:22,15.74
8719,9/9/2021 9:32,16
8720,9/9/2021 9:42,15.57
8721,9/9/2021 9:52,16.73
8722,9/9/2021 10:02,18.36
8723,9/9/2021 10:12,18.7
8724,9/9/2021 10:22,18.7
8725,9/9/2021 10:32,18.96
8726,9/9/2021 10:42,19.26
8727,9/9/2021 10:52,19.39
8728,9/9/2021 11:02,19.52
8729,9/9/2021 11:12,19.43
8730,9/9/2021 11:22,19.35
8731,9/9/2021 11:32,19.17
8732,9/9/2021 11:42,19.3
8733,9/9/2021 11:52,19.3
8734,9/9/2021 12:02,19.22
8735,9/9/2021 12:12,19.22
8736,9/9/2021 12:22,19.43
8737,9/9/2021 12:32,19.6
8738,9/9/2021 12:42,19.73
8739,9/9/2021 12:52,19.86
8740,9/9/2021 13:02,19.99
8741,9/9/2021 13:12,20.12
8742,9/9/2021 13:22,20.33
8743,9/9/2021 13:32,20.25
8744,9/9/2021 13:42,19.95
8745,9/9/2021 13:52,19.86
8746,9/9/2021 14:02,19.86
8747,9/9/2021 14:12,19.77
8748,9/9/2021 14:22,19.73
8749,9/9/2021 14:32,19.65
8750,9/9/2021 14:42,19.6
8751,9/9/2021 14:52,19.69
8752,9/9/2021 15:02,19.73
8753,9/9/2021 15:12,19.77
8754,9/9/2021 15:22,19.95
8755,9/9/2021 15:32,20.12
8756,9/9/2021 15:42,20.16
8757,9/9/2021 15:52,19.99
8758,9/9/2021 16:02,19.82
8759,9/9/2021 16:12,19.73
8760,9/9/2021 16:22,19.69
8761,9/9/2021 16:32,19.56
8762,9/9/2021 16:42,19.56
8763,9/9/2021 16:52,19.6
8764,9/9/2021 17:02,19.6
8765,9/9/2021 17:12,19.65
8766,9/9/2021 17:22,19.73
8767,9/9/2021 17:32,19.9
8768,9/9/2021 17:42,19.99
8769,9/9/2021 17:52,20.16
8770,9/9/2021 18:02,20.37
8771,9/9/2021 18:12,20.42
8772,9/9/2021 18:22,20.37
8773,9/9/2021 18:32,20.42
8774,9/9/2021 18:42,20.46
8775,9/9/2021 18:52,20.5
8776,9/9/2021 19:02,20.68
8777,9/9/2021 19:12,20.55
8778,9/9/2021 19:22,20.37
8779,9/9/2021 19:32,20.12
8780,9/9/2021 19:42,19.69
8781,9/9/2021 19:52,19.35
8782,9/9/2021 20:02,17.89
8783,9/9/2021 20:12,16.21
8784,9/9/2021 20:22,15.78
8785,9/9/2021 20:32,15.44
8786,9/9/2021 20:42,15.27
8787,9/9/2021 20:52,15.27
8788,9/9/2021 21:02,15.18
8789,9/9/2021 21:12,15.01
8790,9/9/2021 21:22,14.93
8791,9/9/2021 21:32,15.01
8792,9/9/2021 21:42,14.97
8793,9/9/2021 21:52,14.88
8794,9/9/2021 22:02,14.84
8795,9/9/2021 22:12,14.8
8796,9/9/2021 22:22,15.44
8797,9/9/2021 22:32,17.16
8798,9/9/2021 22:42,17.76
8799,9/9/2021 22:52,18.14
8800,9/9/2021 23:02,18.36
8801,9/9/2021 23:12,18.53
8802,9/9/2021 23:22,18.62
8803,9/9/2021 23:32,18.49
8804,9/9/2021 23:42,18.49
8805,9/9/2021 23:52,18.4
8806,9/10/2021 0:02,18.23
8807,9/10/2021 0:12,18.19
8808,9/10/2021 0:22,18.27
8809,9/10/2021 0:32,18.32
8810,9/10/2021 0:42,18.32
8811,9/10/2021 0:52,18.36
8812,9/10/2021 1:02,18.27
8813,9/10/2021 1:12,18.19
8814,9/10/2021 1:22,18.19
8815,9/10/2021 1:32,18.27
8816,9/10/2021 1:42,18.19
8817,9/10/2021 1:52,18.19
8818,9/10/2021 2:02,18.14
8819,9/10/2021 2:12,18.1
8820,9/10/2021 2:22,18.06
8821,9/10/2021 2:32,18.06
8822,9/10/2021 2:42,18.02
8823,9/10/2021 2:52,18.06
8824,9/10/2021 3:02,18.02
8825,9/10/2021 3:12,17.97
8826,9/10/2021 3:22,18.1
8827,9/10/2021 3:32,18.1
8828,9/10/2021 3:42,18.1
8829,9/10/2021 3:52,18.02
8830,9/10/2021 4:02,17.89
8831,9/10/2021 4:12,17.84
8832,9/10/2021 4:22,17.89
8833,9/10/2021 4:32,17.89
8834,9/10/2021 4:42,17.93
8835,9/10/2021 4:52,18.02
8836,9/10/2021 5:02,18.02
8837,9/10/2021 5:12,18.02
8838,9/10/2021 5:22,17.93
8839,9/10/2021 5:32,17.97
8840,9/10/2021 5:42,17.93
8841,9/10/2021 5:52,17.89
8842,9/10/2021 6:02,17.89
8843,9/10/2021 6:12,17.89
8844,9/10/2021 6:22,17.89
8845,9/10/2021 6:32,17.63
8846,9/10/2021 6:42,17.41
8847,9/10/2021 6:52,17.29
8848,9/10/2021 7:02,17.07
8849,9/10/2021 7:12,16.86
8850,9/10/2021 7:22,16.69
8851,9/10/2021 7:32,16.64
8852,9/10/2021 7:42,16.6
8853,9/10/2021 7:52,16.56
8854,9/10/2021 8:02,15.66
8855,9/10/2021 8:12,14.93
8856,9/10/2021 8:22,14.67
8857,9/10/2021 8:32,14.93
8858,9/10/2021 8:42,15.18
8859,9/10/2021 8:52,15.53
8860,9/10/2021 9:02,15.66
8861,9/10/2021 9:12,15.78
8862,9/10/2021 9:22,16.04
8863,9/10/2021 9:32,16.21
8864,9/10/2021 9:42,16.26
8865,9/10/2021 9:52,16.21
8866,9/10/2021 10:02,17.11
8867,9/10/2021 10:12,18.19
8868,9/10/2021 10:22,18.44
8869,9/10/2021 10:32,18.19
8870,9/10/2021 10:42,18.19
8871,9/10/2021 10:52,18.27
8872,9/10/2021 11:02,18.4
8873,9/10/2021 11:12,18.49
8874,9/10/2021 11:22,18.57
8875,9/10/2021 11:32,18.53
8876,9/10/2021 11:42,18.49
8877,9/10/2021 11:52,18.49
8878,9/10/2021 12:02,18.49
8879,9/10/2021 12:12,18.49
8880,9/10/2021 12:22,18.44
8881,9/10/2021 12:32,18.53
8882,9/10/2021 12:42,18.62
8883,9/10/2021 12:52,18.7
8884,9/10/2021 13:02,18.83
8885,9/10/2021 13:12,18.87
8886,9/10/2021 13:22,18.87
8887,9/10/2021 13:32,19
8888,9/10/2021 13:42,19.09
8889,9/10/2021 13:52,19.13
8890,9/10/2021 14:02,19.13
8891,9/10/2021 14:12,19.05
8892,9/10/2021 14:22,19.05
8893,9/10/2021 14:32,19.09
8894,9/10/2021 14:42,19.09
8895,9/10/2021 14:52,19.09
8896,9/10/2021 15:02,19.09
8897,9/10/2021 15:12,19.05
8898,9/10/2021 15:22,19.09
8899,9/10/2021 15:32,19.09
8900,9/10/2021 15:42,19.13
8901,9/10/2021 15:52,19.13
8902,9/10/2021 16:02,19.13
8903,9/10/2021 16:12,19.13
8904,9/10/2021 16:22,19.05
8905,9/10/2021 16:32,19
8906,9/10/2021 16:42,18.92
8907,9/10/2021 16:52,18.92
8908,9/10/2021 17:02,18.96
8909,9/10/2021 17:12,18.96
8910,9/10/2021 17:22,18.92
8911,9/10/2021 17:32,18.92
8912,9/10/2021 17:42,18.87
8913,9/10/2021 17:52,18.92
8914,9/10/2021 18:02,18.96
8915,9/10/2021 18:12,19.09
8916,9/10/2021 18:22,19.47
8917,9/10/2021 18:32,19.77
8918,9/10/2021 18:42,19.9
8919,9/10/2021 18:52,19.9
8920,9/10/2021 19:02,19.82
8921,9/10/2021 19:12,19.69
8922,9/10/2021 19:22,19.86
8923,9/10/2021 19:32,19.95
8924,9/10/2021 19:42,19.99
8925,9/10/2021 19:52,19.9
8926,9/10/2021 20:02,19.73
8927,9/10/2021 20:12,19.35
8928,9/10/2021 20:22,18.92
8929,9/10/2021 20:32,17.72
8930,9/10/2021 20:42,15.87
8931,9/10/2021 20:52,15.23
8932,9/10/2021 21:02,15.01
8933,9/10/2021 21:12,14.8
8934,9/10/2021 21:22,14.58
8935,9/10/2021 21:32,14.45
8936,9/10/2021 21:42,14.28
8937,9/10/2021 21:52,14.15
8938,9/10/2021 22:02,14.03
8939,9/10/2021 22:12,13.9
8940,9/10/2021 22:22,13.81
8941,9/10/2021 22:32,13.68
8942,9/10/2021 22:42,13.73
8943,9/10/2021 22:52,13.6
8944,9/10/2021 23:02,13.51
8945,9/10/2021 23:12,13.47
8946,9/10/2021 23:22,13.43
8947,9/10/2021 23:32,13.34
8948,9/10/2021 23:42,13.38
8949,9/10/2021 23:52,13.38
8950,9/11/2021 0:02,14.58
8951,9/11/2021 0:12,15.7
8952,9/11/2021 0:22,16.64
8953,9/11/2021 0:32,17.5
8954,9/11/2021 0:42,17.76
8955,9/11/2021 0:52,17.59
8956,9/11/2021 1:02,17.54
8957,9/11/2021 1:12,17.54
8958,9/11/2021 1:22,17.54
8959,9/11/2021 1:32,17.5
8960,9/11/2021 1:42,17.59
8961,9/11/2021 1:52,17.54
8962,9/11/2021 2:02,17.46
8963,9/11/2021 2:12,17.37
8964,9/11/2021 2:22,17.29
8965,9/11/2021 2:32,17.2
8966,9/11/2021 2:42,17.11
8967,9/11/2021 2:52,17.11
8968,9/11/2021 3:02,17.07
8969,9/11/2021 3:12,17.07
8970,9/11/2021 3:22,17.03
8971,9/11/2021 3:32,17.03
8972,9/11/2021 3:42,17.03
8973,9/11/2021 3:52,16.99
8974,9/11/2021 4:02,16.99
8975,9/11/2021 4:12,16.94
8976,9/11/2021 4:22,16.9
8977,9/11/2021 4:32,16.94
8978,9/11/2021 4:42,16.94
8979,9/11/2021 4:52,16.94
8980,9/11/2021 5:02,16.94
8981,9/11/2021 5:12,16.9
8982,9/11/2021 5:22,16.9
8983,9/11/2021 5:32,16.9
8984,9/11/2021 5:42,16.99
8985,9/11/2021 5:52,16.94
8986,9/11/2021 6:02,16.94
8987,9/11/2021 6:12,16.94
8988,9/11/2021 6:22,16.94
8989,9/11/2021 6:32,16.94
8990,9/11/2021 6:42,16.86
8991,9/11/2021 6:52,16.77
8992,9/11/2021 7:02,16.64
8993,9/11/2021 7:12,16.56
8994,9/11/2021 7:22,16.43
8995,9/11/2021 7:32,16.21
8996,9/11/2021 7:42,16
8997,9/11/2021 7:52,15.74
8998,9/11/2021 8:02,15.61
8999,9/11/2021 8:12,15.44
9000,9/11/2021 8:22,15.44
9001,9/11/2021 8:32,15.53
9002,9/11/2021 8:42,15.61
9003,9/11/2021 8:52,15.74
9004,9/11/2021 9:02,16.43
9005,9/11/2021 9:12,16.81
9006,9/11/2021 9:22,17.41
9007,9/11/2021 9:32,18.96
9008,9/11/2021 9:42,19.9
9009,9/11/2021 9:52,22.05
9010,9/11/2021 10:02,19.69
9011,9/11/2021 10:12,18.96
9012,9/11/2021 10:22,18.96
9013,9/11/2021 10:32,18.83
9014,9/11/2021 10:42,18.87
9015,9/11/2021 10:52,18.87
9016,9/11/2021 11:02,19
9017,9/11/2021 11:12,19.13
9018,9/11/2021 11:22,19.13
9019,9/11/2021 11:32,19.05
9020,9/11/2021 11:42,19.05
9021,9/11/2021 11:52,19.05
9022,9/11/2021 12:02,19
9023,9/11/2021 12:12,19
9024,9/11/2021 12:22,19
9025,9/11/2021 12:32,18.96
9026,9/11/2021 12:42,19.13
9027,9/11/2021 12:52,19.3
9028,9/11/2021 13:02,19.47
9029,9/11/2021 13:12,19.73
9030,9/11/2021 13:22,19.9
9031,9/11/2021 13:32,19.95
9032,9/11/2021 13:42,20.12
9033,9/11/2021 13:52,20.55
9034,9/11/2021 14:02,21.02
9035,9/11/2021 14:12,20.72
9036,9/11/2021 14:22,20.25
9037,9/11/2021 14:32,19.95
9038,9/11/2021 14:42,19.69
9039,9/11/2021 14:52,19.6
9040,9/11/2021 15:02,19.6
9041,9/11/2021 15:12,19.56
9042,9/11/2021 15:22,19.56
9043,9/11/2021 15:32,19.52
9044,9/11/2021 15:42,19.52
9045,9/11/2021 15:52,19.56
9046,9/11/2021 16:02,19.65
9047,9/11/2021 16:12,19.73
9048,9/11/2021 16:22,19.95
9049,9/11/2021 16:32,20.42
9050,9/11/2021 16:42,20.55
9051,9/11/2021 16:52,20.33
9052,9/11/2021 17:02,20.07
9053,9/11/2021 17:12,19.9
9054,9/11/2021 17:22,19.82
9055,9/11/2021 17:32,19.73
9056,9/11/2021 17:42,19.69
9057,9/11/2021 17:52,19.69
9058,9/11/2021 18:02,19.6
9059,9/11/2021 18:12,19.52
9060,9/11/2021 18:22,19.47
9061,9/11/2021 18:32,19.56
9062,9/11/2021 18:42,19.56
9063,9/11/2021 18:52,19.73
9064,9/11/2021 19:02,19.99
9065,9/11/2021 19:12,20.59
9066,9/11/2021 19:22,20.89
9067,9/11/2021 19:32,20.98
9068,9/11/2021 19:42,21.06
9069,9/11/2021 19:52,20.93
9070,9/11/2021 20:02,21.19
9071,9/11/2021 20:12,21.83
9072,9/11/2021 20:22,22.26
9073,9/11/2021 20:32,22.26
9074,9/11/2021 20:42,22.05
9075,9/11/2021 20:52,21.7
9076,9/11/2021 21:02,21.19
9077,9/11/2021 21:12,20.29
9078,9/11/2021 21:22,17.67
9079,9/11/2021 21:32,15.87
9080,9/11/2021 21:42,15.4
9081,9/11/2021 21:52,15.14
9082,9/11/2021 22:02,14.88
9083,9/11/2021 22:12,14.88
9084,9/11/2021 22:22,14.88
9085,9/11/2021 22:32,14.63
9086,9/11/2021 22:42,14.67
9087,9/11/2021 22:52,14.75
9088,9/11/2021 23:02,14.71
9089,9/11/2021 23:12,14.54
9090,9/11/2021 23:22,14.37
9091,9/11/2021 23:32,14.2
9092,9/11/2021 23:42,14.11
9093,9/11/2021 23:52,14.24
9094,9/12/2021 0:02,14.24
9095,9/12/2021 0:12,14.24
9096,9/12/2021 0:22,14.11
9097,9/12/2021 0:32,14.07
9098,9/12/2021 0:42,13.98
9099,9/12/2021 0:52,13.85
9100,9/12/2021 1:02,13.85
9101,9/12/2021 1:12,13.81
9102,9/12/2021 1:22,14.28
9103,9/12/2021 1:32,15.61
9104,9/12/2021 1:42,17.41
9105,9/12/2021 1:52,17.89
9106,9/12/2021 2:02,18.32
9107,9/12/2021 2:12,18.62
9108,9/12/2021 2:22,18.36
9109,9/12/2021 2:32,18.06
9110,9/12/2021 2:42,17.8
9111,9/12/2021 2:52,17.67
9112,9/12/2021 3:02,17.63
9113,9/12/2021 3:12,17.54
9114,9/12/2021 3:22,17.59
9115,9/12/2021 3:32,17.5
9116,9/12/2021 3:42,17.54
9117,9/12/2021 3:52,17.54
9118,9/12/2021 4:02,17.46
9119,9/12/2021 4:12,17.46
9120,9/12/2021 4:22,17.41
9121,9/12/2021 4:32,17.37
9122,9/12/2021 4:42,17.37
9123,9/12/2021 4:52,17.33
9124,9/12/2021 5:02,17.29
9125,9/12/2021 5:12,17.29
9126,9/12/2021 5:22,17.2
9127,9/12/2021 5:32,17.24
9128,9/12/2021 5:42,17.2
9129,9/12/2021 5:52,17.2
9130,9/12/2021 6:02,17.24
9131,9/12/2021 6:12,17.33
9132,9/12/2021 6:22,17.24
9133,9/12/2021 6:32,17.24
9134,9/12/2021 6:42,17.2
9135,9/12/2021 6:52,17.24
9136,9/12/2021 7:02,17.29
9137,9/12/2021 7:12,17.37
9138,9/12/2021 7:22,17.5
9139,9/12/2021 7:32,17.59
9140,9/12/2021 7:42,17.63
9141,9/12/2021 7:52,17.59
9142,9/12/2021 8:02,17.59
9143,9/12/2021 8:12,17.59
9144,9/12/2021 8:22,17.59
9145,9/12/2021 8:32,17.67
9146,9/12/2021 8:42,17.72
9147,9/12/2021 8:52,17.63
9148,9/12/2021 9:02,17.46
9149,9/12/2021 9:12,17.5
9150,9/12/2021 9:22,17.54
9151,9/12/2021 9:32,17.59
9152,9/12/2021 9:42,17.76
9153,9/12/2021 9:52,17.76
9154,9/12/2021 10:02,18.02
9155,9/12/2021 10:12,18.36
9156,9/12/2021 10:22,18.83
9157,9/12/2021 10:32,19.26
9158,9/12/2021 10:42,19.47
9159,9/12/2021 10:52,19.69
9160,9/12/2021 11:02,19.73
9161,9/12/2021 11:12,19.73
9162,9/12/2021 11:22,19.6
9163,9/12/2021 11:32,19.52
9164,9/12/2021 11:42,19.52
9165,9/12/2021 11:52,19.56
9166,9/12/2021 12:02,19.56
9167,9/12/2021 12:12,19.56
9168,9/12/2021 12:22,19.56
9169,9/12/2021 12:32,19.56
9170,9/12/2021 12:42,19.65
9171,9/12/2021 12:52,19.77
9172,9/12/2021 13:02,19.82
9173,9/12/2021 13:12,19.86
9174,9/12/2021 13:22,19.73
9175,9/12/2021 13:32,19.65
9176,9/12/2021 13:42,19.77
9177,9/12/2021 13:52,19.9
9178,9/12/2021 14:02,20.16
9179,9/12/2021 14:12,20.2
9180,9/12/2021 14:22,20.98
9181,9/12/2021 14:32,21.53
9182,9/12/2021 14:42,21.36
9183,9/12/2021 14:52,20.72
9184,9/12/2021 15:02,20.55
9185,9/12/2021 15:12,20.46
9186,9/12/2021 15:22,20.55
9187,9/12/2021 15:32,20.55
9188,9/12/2021 15:42,20.29
9189,9/12/2021 15:52,20.25
9190,9/12/2021 16:02,20.12
9191,9/12/2021 16:12,19.9
9192,9/12/2021 16:22,19.9
9193,9/12/2021 16:32,19.86
9194,9/12/2021 16:42,20.2
9195,9/12/2021 16:52,20.42
9196,9/12/2021 17:02,20.59
9197,9/12/2021 17:12,20.33
9198,9/12/2021 17:22,19.99
9199,9/12/2021 17:32,19.73
9200,9/12/2021 17:42,19.6
9201,9/12/2021 17:52,19.26
9202,9/12/2021 18:02,19.05
9203,9/12/2021 18:12,18.96
9204,9/12/2021 18:22,18.96
9205,9/12/2021 18:32,19.22
9206,9/12/2021 18:42,19.13
9207,9/12/2021 18:52,19.05
9208,9/12/2021 19:02,19.09
9209,9/12/2021 19:12,19.09
9210,9/12/2021 19:22,19.09
9211,9/12/2021 19:32,19
9212,9/12/2021 19:42,19
9213,9/12/2021 19:52,19
9214,9/12/2021 20:02,19.17
9215,9/12/2021 20:12,19.26
9216,9/12/2021 20:22,19.6
9217,9/12/2021 20:32,20.68
9218,9/12/2021 20:42,21.19
9219,9/12/2021 20:52,20.89
9220,9/12/2021 21:02,20.89
9221,9/12/2021 21:12,21.15
9222,9/12/2021 21:22,21.19
9223,9/12/2021 21:32,21.15
9224,9/12/2021 21:42,21.06
9225,9/12/2021 21:52,20.93
9226,9/12/2021 22:02,20.59
9227,9/12/2021 22:12,20.12
9228,9/12/2021 22:22,19
9229,9/12/2021 22:32,16.64
9230,9/12/2021 22:42,15.48
9231,9/12/2021 22:52,15.27
9232,9/12/2021 23:02,15.01
9233,9/12/2021 23:12,14.75
9234,9/12/2021 23:22,14.54
9235,9/12/2021 23:32,14.45
9236,9/12/2021 23:42,14.33
9237,9/12/2021 23:52,14.15
9238,9/13/2021 0:02,14.07
9239,9/13/2021 0:12,13.85
9240,9/13/2021 0:22,13.73
9241,9/13/2021 0:32,13.73
9242,9/13/2021 0:42,13.6
9243,9/13/2021 0:52,13.47
9244,9/13/2021 1:02,13.38
9245,9/13/2021 1:12,13.25
9246,9/13/2021 1:22,13.21
9247,9/13/2021 1:32,13.25
9248,9/13/2021 1:42,13.17
9249,9/13/2021 1:52,13.21
9250,9/13/2021 2:02,13.12
9251,9/13/2021 2:12,13.12
9252,9/13/2021 2:22,13.04
9253,9/13/2021 2:32,13.08
9254,9/13/2021 2:42,14.03
9255,9/13/2021 2:52,15.31
9256,9/13/2021 3:02,16.73
9257,9/13/2021 3:12,17.5
9258,9/13/2021 3:22,17.8
9259,9/13/2021 3:32,17.54
9260,9/13/2021 3:42,17.16
9261,9/13/2021 3:52,17.07
9262,9/13/2021 4:02,17.07
9263,9/13/2021 4:12,16.99
9264,9/13/2021 4:22,17.03
9265,9/13/2021 4:32,17.03
9266,9/13/2021 4:42,17.03
9267,9/13/2021 4:52,16.99
9268,9/13/2021 5:02,16.94
9269,9/13/2021 5:12,16.94
9270,9/13/2021 5:22,16.86
9271,9/13/2021 5:32,16.86
9272,9/13/2021 5:42,16.77
9273,9/13/2021 5:52,16.73
9274,9/13/2021 6:02,16.69
9275,9/13/2021 6:12,16.69
9276,9/13/2021 6:22,16.64
9277,9/13/2021 6:32,16.64
9278,9/13/2021 6:42,16.64
9279,9/13/2021 6:52,16.69
9280,9/13/2021 7:02,16.64
9281,9/13/2021 7:12,16.69
9282,9/13/2021 7:22,16.69
9283,9/13/2021 7:32,16.69
9284,9/13/2021 7:42,16.64
9285,9/13/2021 7:52,16.69
9286,9/13/2021 8:02,16.73
9287,9/13/2021 8:12,16.69
9288,9/13/2021 8:22,16.69
9289,9/13/2021 8:32,16.73
9290,9/13/2021 8:42,16.69
9291,9/13/2021 8:52,16.77
9292,9/13/2021 9:02,16.81
9293,9/13/2021 9:12,16.86
9294,9/13/2021 9:22,16.99
9295,9/13/2021 9:32,17.07
9296,9/13/2021 9:42,17.07
9297,9/13/2021 9:52,17.24
9298,9/13/2021 10:02,17.29
9299,9/13/2021 10:12,17.46
9300,9/13/2021 10:22,17.5
9301,9/13/2021 10:32,17.67
9302,9/13/2021 10:42,17.84
9303,9/13/2021 10:52,17.93
9304,9/13/2021 11:02,18.14
9305,9/13/2021 11:12,18.23
9306,9/13/2021 11:22,18.44
9307,9/13/2021 11:32,18.53
9308,9/13/2021 11:42,18.7
9309,9/13/2021 11:52,18.92
9310,9/13/2021 12:02,19.09
9311,9/13/2021 12:12,19.17
9312,9/13/2021 12:22,19.17
9313,9/13/2021 12:32,19.22
9314,9/13/2021 12:42,19.3
9315,9/13/2021 12:52,19.65
9316,9/13/2021 13:02,19.73
9317,9/13/2021 13:12,19.73
9318,9/13/2021 13:22,19.73
9319,9/13/2021 13:32,19.82
9320,9/13/2021 13:42,19.86
9321,9/13/2021 13:52,19.95
9322,9/13/2021 14:02,20.07
9323,9/13/2021 14:12,20.2
9324,9/13/2021 14:22,20.37
9325,9/13/2021 14:32,20.59
9326,9/13/2021 14:42,20.8
9327,9/13/2021 14:52,21.1
9328,9/13/2021 15:02,21.58
9329,9/13/2021 15:12,21.79
9330,9/13/2021 15:22,21.32
9331,9/13/2021 15:32,20.98
9332,9/13/2021 15:42,20.76
9333,9/13/2021 15:52,20.63
9334,9/13/2021 16:02,20.68
9335,9/13/2021 16:12,20.59
9336,9/13/2021 16:22,20.72
9337,9/13/2021 16:32,20.68
9338,9/13/2021 16:42,20.72
9339,9/13/2021 16:52,20.72
9340,9/13/2021 17:02,20.68
9341,9/13/2021 17:12,20.63
9342,9/13/2021 17:22,20.68
9343,9/13/2021 17:32,20.85
9344,9/13/2021 17:42,21.02
9345,9/13/2021 17:52,21.15
9346,9/13/2021 18:02,20.89
9347,9/13/2021 18:12,20.55
9348,9/13/2021 18:22,20.07
9349,9/13/2021 18:32,19.82
9350,9/13/2021 18:42,19.69
9351,9/13/2021 18:52,19.39
9352,9/13/2021 19:02,19.26
9353,9/13/2021 19:12,19.13
9354,9/13/2021 19:22,19.09
9355,9/13/2021 19:32,18.92
9356,9/13/2021 19:42,18.7
9357,9/13/2021 19:52,18.62
9358,9/13/2021 20:02,18.66
9359,9/13/2021 20:12,18.57
9360,9/13/2021 20:22,18.66
9361,9/13/2021 20:32,18.7
9362,9/13/2021 20:42,18.7
9363,9/13/2021 20:52,18.74
9364,9/13/2021 21:02,18.83
9365,9/13/2021 21:12,18.96
9366,9/13/2021 21:22,19.39
9367,9/13/2021 21:32,20.37
9368,9/13/2021 21:42,20.93
9369,9/13/2021 21:52,21.1
9370,9/13/2021 22:02,20.93
9371,9/13/2021 22:12,20.85
9372,9/13/2021 22:22,20.89
9373,9/13/2021 22:32,20.68
9374,9/13/2021 22:42,20.55
9375,9/13/2021 22:52,20.37
9376,9/13/2021 23:02,20.07
9377,9/13/2021 23:12,19.6
9378,9/13/2021 23:22,18.74
9379,9/13/2021 23:32,15.31
9380,9/13/2021 23:42,14.5
9381,9/13/2021 23:52,14.41
9382,9/14/2021 0:02,14.28
9383,9/14/2021 0:12,14.11
9384,9/14/2021 0:22,13.98
9385,9/14/2021 0:32,13.9
9386,9/14/2021 0:42,13.9
9387,9/14/2021 0:52,13.77
9388,9/14/2021 1:02,13.73
9389,9/14/2021 1:12,13.64
9390,9/14/2021 1:22,13.51
9391,9/14/2021 1:32,13.38
9392,9/14/2021 1:42,13.25
9393,9/14/2021 1:52,13.17
9394,9/14/2021 2:02,13.04
9395,9/14/2021 2:12,12.74
9396,9/14/2021 2:22,12.74
9397,9/14/2021 2:32,12.87
9398,9/14/2021 2:42,12.82
9399,9/14/2021 2:52,12.78
9400,9/14/2021 3:02,12.7
9401,9/14/2021 3:12,12.65
9402,9/14/2021 3:22,12.35
9403,9/14/2021 3:32,12.18
9404,9/14/2021 3:42,12.18
9405,9/14/2021 3:52,11.97
9406,9/14/2021 4:02,11.84
9407,9/14/2021 4:12,13.94
9408,9/14/2021 4:22,15.31
9409,9/14/2021 4:32,16.3
9410,9/14/2021 4:42,16.81
9411,9/14/2021 4:52,17.11
9412,9/14/2021 5:02,17.24
9413,9/14/2021 5:12,17.33
9414,9/14/2021 5:22,17.29
9415,9/14/2021 5:32,17.24
9416,9/14/2021 5:42,17.16
9417,9/14/2021 5:52,17.07
9418,9/14/2021 6:02,16.99
9419,9/14/2021 6:12,16.94
9420,9/14/2021 6:22,16.86
9421,9/14/2021 6:32,16.77
9422,9/14/2021 6:42,16.69
9423,9/14/2021 6:52,16.64
9424,9/14/2021 7:02,16.64
9425,9/14/2021 7:12,16.6
9426,9/14/2021 7:22,16.56
9427,9/14/2021 7:32,16.6
9428,9/14/2021 7:42,16.64
9429,9/14/2021 7:52,16.6
9430,9/14/2021 8:02,16.6
9431,9/14/2021 8:12,16.64
9432,9/14/2021 8:22,16.64
9433,9/14/2021 8:32,16.69
9434,9/14/2021 8:42,16.77
9435,9/14/2021 8:52,16.81
9436,9/14/2021 9:02,16.86
9437,9/14/2021 9:12,16.99
9438,9/14/2021 9:22,17.07
9439,9/14/2021 9:32,17.11
9440,9/14/2021 9:42,17.24
9441,9/14/2021 9:52,17.33
9442,9/14/2021 10:02,17.41
9443,9/14/2021 10:12,17.59
9444,9/14/2021 10:22,17.67
9445,9/14/2021 10:32,17.8
9446,9/14/2021 10:42,17.84
9447,9/14/2021 10:52,18.06
9448,9/14/2021 11:02,18.19
9449,9/14/2021 11:12,18.4
9450,9/14/2021 11:22,18.57
9451,9/14/2021 11:32,18.7
9452,9/14/2021 11:42,18.92
9453,9/14/2021 11:52,19.17
9454,9/14/2021 12:02,19.43
9455,9/14/2021 12:12,19.6
9456,9/14/2021 12:22,19.82
9457,9/14/2021 12:32,20.07
9458,9/14/2021 12:42,20.16
9459,9/14/2021 12:52,20.25
9460,9/14/2021 13:02,20.29
9461,9/14/2021 13:12,20.25
9462,9/14/2021 13:22,20.29
9463,9/14/2021 13:32,20.25
9464,9/14/2021 13:42,20.37
9465,9/14/2021 13:52,20.46
9466,9/14/2021 14:02,20.42
9467,9/14/2021 14:12,20.42
9468,9/14/2021 14:22,20.37
9469,9/14/2021 14:32,20.46
9470,9/14/2021 14:42,20.59
9471,9/14/2021 14:52,20.89
9472,9/14/2021 15:02,21.1
9473,9/14/2021 15:12,21.36
9474,9/14/2021 15:22,21.58
9475,9/14/2021 15:32,21.49
9476,9/14/2021 15:42,21.23
9477,9/14/2021 15:52,20.98
9478,9/14/2021 16:02,20.37
9479,9/14/2021 16:12,19.82
9480,9/14/2021 16:22,19.43
9481,9/14/2021 16:32,19.35
9482,9/14/2021 16:42,19.09
9483,9/14/2021 16:52,19.05
9484,9/14/2021 17:02,19.05
9485,9/14/2021 17:12,18.87
9486,9/14/2021 17:22,18.57
9487,9/14/2021 17:32,18.49
9488,9/14/2021 17:42,18.49
9489,9/14/2021 17:52,18.49
9490,9/14/2021 18:02,18.4
9491,9/14/2021 18:12,18.44
9492,9/14/2021 18:22,18.44
9493,9/14/2021 18:32,18.53
9494,9/14/2021 18:42,18.7
9495,9/14/2021 18:52,18.96
9496,9/14/2021 19:02,19.22
9497,9/14/2021 19:12,19.52
9498,9/14/2021 19:22,19.77
9499,9/14/2021 19:32,19.9
9500,9/14/2021 19:42,19.73
9501,9/14/2021 19:52,19.3
9502,9/14/2021 20:02,19
9503,9/14/2021 20:12,18.92
9504,9/14/2021 20:22,18.96
9505,9/14/2021 20:32,18.96
9506,9/14/2021 20:42,19
9507,9/14/2021 20:52,18.79
9508,9/14/2021 21:02,18.83
9509,9/14/2021 21:12,18.79
9510,9/14/2021 21:22,18.74
9511,9/14/2021 21:32,18.79
9512,9/14/2021 21:42,18.74
9513,9/14/2021 21:52,18.79
9514,9/14/2021 22:02,18.87
9515,9/14/2021 22:12,18.87
9516,9/14/2021 22:22,18.92
9517,9/14/2021 22:32,19
9518,9/14/2021 22:42,19.39
9519,9/14/2021 22:52,19.73
9520,9/14/2021 23:02,19.73
9521,9/14/2021 23:12,19.77
9522,9/14/2021 23:22,19.56
9523,9/14/2021 23:32,19.43
9524,9/14/2021 23:42,19.3
9525,9/14/2021 23:52,19.22
9526,9/15/2021 0:02,19.09
9527,9/15/2021 0:12,18.83
9528,9/15/2021 0:22,18.49
9529,9/15/2021 0:32,16.21
9530,9/15/2021 0:42,14.97
9531,9/15/2021 0:52,14.88
9532,9/15/2021 1:02,14.71
9533,9/15/2021 1:12,14.54
9534,9/15/2021 1:22,14.5
9535,9/15/2021 1:32,14.33
9536,9/15/2021 1:42,14.24
9537,9/15/2021 1:52,14.2
9538,9/15/2021 2:02,14.07
9539,9/15/2021 2:12,14.07
9540,9/15/2021 2:22,14.07
9541,9/15/2021 2:32,13.98
9542,9/15/2021 2:42,13.98
9543,9/15/2021 2:52,14.03
9544,9/15/2021 3:02,13.98
9545,9/15/2021 3:12,13.85
9546,9/15/2021 3:22,13.9
9547,9/15/2021 3:32,13.85
9548,9/15/2021 3:42,13.81
9549,9/15/2021 3:52,13.81
9550,9/15/2021 4:02,13.77
9551,9/15/2021 4:12,13.68
9552,9/15/2021 4:22,13.64
9553,9/15/2021 4:32,13.73
9554,9/15/2021 4:42,13.6
9555,9/15/2021 4:52,13.77
9556,9/15/2021 5:02,13.81
9557,9/15/2021 5:12,13.73
9558,9/15/2021 5:22,13.94
9559,9/15/2021 5:32,15.06
9560,9/15/2021 5:42,15.74
9561,9/15/2021 5:52,16.3
9562,9/15/2021 6:02,16.81
9563,9/15/2021 6:12,17.2
9564,9/15/2021 6:22,17.46
9565,9/15/2021 6:32,17.63
9566,9/15/2021 6:42,17.63
9567,9/15/2021 6:52,17.59
9568,9/15/2021 7:02,17.59
9569,9/15/2021 7:12,17.5
9570,9/15/2021 7:22,17.41
9571,9/15/2021 7:32,17.37
9572,9/15/2021 7:42,17.29
9573,9/15/2021 7:52,17.29
9574,9/15/2021 8:02,17.24
9575,9/15/2021 8:12,17.24
9576,9/15/2021 8:22,17.29
9577,9/15/2021 8:32,17.29
9578,9/15/2021 8:42,17.29
9579,9/15/2021 8:52,17.24
9580,9/15/2021 9:02,17.29
9581,9/15/2021 9:12,17.29
9582,9/15/2021 9:22,17.24
9583,9/15/2021 9:32,17.2
9584,9/15/2021 9:42,17.24
9585,9/15/2021 9:52,17.2
9586,9/15/2021 10:02,17.2
9587,9/15/2021 10:12,17.2
9588,9/15/2021 10:22,17.24
9589,9/15/2021 10:32,17.2
9590,9/15/2021 10:42,17.16
9591,9/15/2021 10:52,17.2
9592,9/15/2021 11:02,17.2
9593,9/15/2021 11:12,17.24
9594,9/15/2021 11:22,17.33
9595,9/15/2021 11:32,17.41
9596,9/15/2021 11:42,17.46
9597,9/15/2021 11:52,17.59
9598,9/15/2021 12:02,17.67
9599,9/15/2021 12:12,17.76
9600,9/15/2021 12:22,17.84
9601,9/15/2021 12:32,17.89
9602,9/15/2021 12:42,18.02
9603,9/15/2021 12:52,18.19
9604,9/15/2021 13:02,18.19
9605,9/15/2021 13:12,18.32
9606,9/15/2021 13:22,18.4
9607,9/15/2021 13:32,18.49
9608,9/15/2021 13:42,18.49
9609,9/15/2021 13:52,18.66
9610,9/15/2021 14:02,18.74
9611,9/15/2021 14:12,18.87
9612,9/15/2021 14:22,18.79
9613,9/15/2021 14:32,18.79
9614,9/15/2021 14:42,18.74
9615,9/15/2021 14:52,18.7
9616,9/15/2021 15:02,18.66
9617,9/15/2021 15:12,18.66
9618,9/15/2021 15:22,18.62
9619,9/15/2021 15:32,18.44
9620,9/15/2021 15:42,18.44
9621,9/15/2021 15:52,18.4
9622,9/15/2021 16:02,18.36
9623,9/15/2021 16:12,18.4
9624,9/15/2021 16:22,18.49
9625,9/15/2021 16:32,18.44
9626,9/15/2021 16:42,18.44
9627,9/15/2021 16:52,18.4
9628,9/15/2021 17:02,18.44
9629,9/15/2021 17:12,18.49
9630,9/15/2021 17:22,18.7
9631,9/15/2021 17:32,18.7
9632,9/15/2021 17:42,18.4
9633,9/15/2021 17:52,18.27
9634,9/15/2021 18:02,18.19
9635,9/15/2021 18:12,17.97
9636,9/15/2021 18:22,17.84
9637,9/15/2021 18:32,17.76
9638,9/15/2021 18:42,17.72
9639,9/15/2021 18:52,17.72
9640,9/15/2021 19:02,17.72
9641,9/15/2021 19:12,17.72
9642,9/15/2021 19:22,17.67
9643,9/15/2021 19:32,17.67
9644,9/15/2021 19:42,17.67
9645,9/15/2021 19:52,17.67
9646,9/15/2021 20:02,17.67
9647,9/15/2021 20:12,17.84
9648,9/15/2021 20:22,18.02
9649,9/15/2021 20:32,18.27
9650,9/15/2021 20:42,18.27
9651,9/15/2021 20:52,18.14
9652,9/15/2021 21:02,18.02
9653,9/15/2021 21:12,17.89
9654,9/15/2021 21:22,17.84
9655,9/15/2021 21:32,17.89
9656,9/15/2021 21:42,17.89
9657,9/15/2021 21:52,17.84
9658,9/15/2021 22:02,17.89
9659,9/15/2021 22:12,17.93
9660,9/15/2021 22:22,17.89
9661,9/15/2021 22:32,17.89
9662,9/15/2021 22:42,17.89
9663,9/15/2021 22:52,17.89
9664,9/15/2021 23:02,17.93
9665,9/15/2021 23:12,18.02
9666,9/15/2021 23:22,18.1
9667,9/15/2021 23:32,18.14
9668,9/15/2021 23:42,17.97
9669,9/15/2021 23:52,17.8
9670,9/16/2021 0:02,17.89
9671,9/16/2021 0:12,17.89
9672,9/16/2021 0:22,17.84
9673,9/16/2021 0:32,17.63
9674,9/16/2021 0:42,17.5
9675,9/16/2021 0:52,17.5
9676,9/16/2021 1:02,17.41
9677,9/16/2021 1:12,17.37
9678,9/16/2021 1:22,17.2
9679,9/16/2021 1:32,16.17
9680,9/16/2021 1:42,14.88
9681,9/16/2021 1:52,14.45
9682,9/16/2021 2:02,14.37
9683,9/16/2021 2:12,14.24
9684,9/16/2021 2:22,14.15
9685,9/16/2021 2:32,14.15
9686,9/16/2021 2:42,14.11
9687,9/16/2021 2:52,13.98
9688,9/16/2021 3:02,13.85
9689,9/16/2021 3:12,13.81
9690,9/16/2021 3:22,13.77
9691,9/16/2021 3:32,13.68
9692,9/16/2021 3:42,13.68
9693,9/16/2021 3:52,13.73
9694,9/16/2021 4:02,13.64
9695,9/16/2021 4:12,13.64
9696,9/16/2021 4:22,13.68
9697,9/16/2021 4:32,13.77
9698,9/16/2021 4:42,13.77
9699,9/16/2021 4:52,13.73
9700,9/16/2021 5:02,13.73
9701,9/16/2021 5:12,13.73
9702,9/16/2021 5:22,13.73
9703,9/16/2021 5:32,13.68
9704,9/16/2021 5:42,13.6
9705,9/16/2021 5:52,13.6
9706,9/16/2021 6:02,13.6
9707,9/16/2021 6:12,13.55
9708,9/16/2021 6:22,13.55
9709,9/16/2021 6:32,14.33
9710,9/16/2021 6:42,15.48
9711,9/16/2021 6:52,16.26
9712,9/16/2021 7:02,16.73
9713,9/16/2021 7:12,16.99
9714,9/16/2021 7:22,17.07
9715,9/16/2021 7:32,17.11
9716,9/16/2021 7:42,17.16
9717,9/16/2021 7:52,17.16
9718,9/16/2021 8:02,17.07
9719,9/16/2021 8:12,17.03
9720,9/16/2021 8:22,16.99
9721,9/16/2021 8:32,16.99
9722,9/16/2021 8:42,17.03
9723,9/16/2021 8:52,17.03
9724,9/16/2021 9:02,17.03
9725,9/16/2021 9:12,17.07
9726,9/16/2021 9:22,17.03
9727,9/16/2021 9:32,17.07
9728,9/16/2021 9:42,17.11
9729,9/16/2021 9:52,17.11
9730,9/16/2021 10:02,17.11
9731,9/16/2021 10:12,17.11
9732,9/16/2021 10:22,17.11
9733,9/16/2021 10:32,17.11
9734,9/16/2021 10:42,17.11
9735,9/16/2021 10:52,17.11
9736,9/16/2021 11:02,17.07
9737,9/16/2021 11:12,17.07
9738,9/16/2021 11:22,17.11
9739,9/16/2021 11:32,17.16
9740,9/16/2021 11:42,17.11
9741,9/16/2021 11:52,17.11
9742,9/16/2021 12:02,17.11
9743,9/16/2021 12:12,17.16
9744,9/16/2021 12:22,17.16
9745,9/16/2021 12:32,17.2
9746,9/16/2021 12:42,17.24
9747,9/16/2021 12:52,17.37
9748,9/16/2021 13:02,17.5
9749,9/16/2021 13:12,17.59
9750,9/16/2021 13:22,17.72
9751,9/16/2021 13:32,17.76
9752,9/16/2021 13:42,17.93
9753,9/16/2021 13:52,18.02
9754,9/16/2021 14:02,18.14
9755,9/16/2021 14:12,18.19
9756,9/16/2021 14:22,18.36
9757,9/16/2021 14:32,18.44
9758,9/16/2021 14:42,18.49
9759,9/16/2021 14:52,18.57
9760,9/16/2021 15:02,18.62
9761,9/16/2021 15:12,18.74
9762,9/16/2021 15:22,18.79
9763,9/16/2021 15:32,18.79
9764,9/16/2021 15:42,18.7
9765,9/16/2021 15:52,18.7
9766,9/16/2021 16:02,18.66
9767,9/16/2021 16:12,18.62
9768,9/16/2021 16:22,18.62
9769,9/16/2021 16:32,18.53
9770,9/16/2021 16:42,18.49
9771,9/16/2021 16:52,18.44
9772,9/16/2021 17:02,18.44
9773,9/16/2021 17:12,18.4
9774,9/16/2021 17:22,18.32
9775,9/16/2021 17:32,18.23
9776,9/16/2021 17:42,18.19
9777,9/16/2021 17:52,18.27
9778,9/16/2021 18:02,18.36
9779,9/16/2021 18:12,18.36
9780,9/16/2021 18:22,18.49
9781,9/16/2021 18:32,18.57
9782,9/16/2021 18:42,18.66
9783,9/16/2021 18:52,18.7
9784,9/16/2021 19:02,18.49
9785,9/16/2021 19:12,18.19
9786,9/16/2021 19:22,18.06
9787,9/16/2021 19:32,17.97
9788,9/16/2021 19:42,17.97
9789,9/16/2021 19:52,17.89
9790,9/16/2021 20:02,17.89
9791,9/16/2021 20:12,17.8
9792,9/16/2021 20:22,17.67
9793,9/16/2021 20:32,17.72
9794,9/16/2021 20:42,17.59
9795,9/16/2021 20:52,17.63
9796,9/16/2021 21:02,17.76
9797,9/16/2021 21:12,17.89
9798,9/16/2021 21:22,17.89
9799,9/16/2021 21:32,18.14
9800,9/16/2021 21:42,18.23
9801,9/16/2021 21:52,18.1
9802,9/16/2021 22:02,17.84
9803,9/16/2021 22:12,17.67
9804,9/16/2021 22:22,17.54
9805,9/16/2021 22:32,17.54
9806,9/16/2021 22:42,17.41
9807,9/16/2021 22:52,17.33
9808,9/16/2021 23:02,17.24
9809,9/16/2021 23:12,17.16
9810,9/16/2021 23:22,17.11
9811,9/16/2021 23:32,17.03
9812,9/16/2021 23:42,17.03
9813,9/16/2021 23:52,17.03
9814,9/17/2021 0:02,17.11
9815,9/17/2021 0:12,17.11
9816,9/17/2021 0:22,17.11
9817,9/17/2021 0:32,17.11
9818,9/17/2021 0:42,17.2
9819,9/17/2021 0:52,17.63
9820,9/17/2021 1:02,17.59
9821,9/17/2021 1:12,17.76
9822,9/17/2021 1:22,17.76
9823,9/17/2021 1:32,17.67
9824,9/17/2021 1:42,17.29
9825,9/17/2021 1:52,17.11
9826,9/17/2021 2:02,17.07
9827,9/17/2021 2:12,16.94
9828,9/17/2021 2:22,16.77
9829,9/17/2021 2:32,15.57
9830,9/17/2021 2:42,13.85
9831,9/17/2021 2:52,13.51
9832,9/17/2021 3:02,13.25
9833,9/17/2021 3:12,12.91
9834,9/17/2021 3:22,12.91
9835,9/17/2021 3:32,12.95
9836,9/17/2021 3:42,12.82
9837,9/17/2021 3:52,12.65
9838,9/17/2021 4:02,12.91
9839,9/17/2021 4:12,12.87
9840,9/17/2021 4:22,12.82
9841,9/17/2021 4:32,12.91
9842,9/17/2021 4:42,12.91
9843,9/17/2021 4:52,12.91
9844,9/17/2021 5:02,12.87
9845,9/17/2021 5:12,12.82
9846,9/17/2021 5:22,12.82
9847,9/17/2021 5:32,12.87
9848,9/17/2021 5:42,12.87
9849,9/17/2021 5:52,13
9850,9/17/2021 6:02,13
9851,9/17/2021 6:12,13.04
9852,9/17/2021 6:22,13.08
9853,9/17/2021 6:32,13.12
9854,9/17/2021 6:42,13.12
9855,9/17/2021 6:52,13.08
9856,9/17/2021 7:02,13.04
9857,9/17/2021 7:12,13.12
9858,9/17/2021 7:22,13.55
9859,9/17/2021 7:32,14.84
9860,9/17/2021 7:42,15.7
9861,9/17/2021 7:52,16.3
9862,9/17/2021 8:02,16.6
9863,9/17/2021 8:12,16.77
9864,9/17/2021 8:22,16.81
9865,9/17/2021 8:32,16.9
9866,9/17/2021 8:42,16.86
9867,9/17/2021 8:52,16.81
9868,9/17/2021 9:02,16.81
9869,9/17/2021 9:12,16.77
9870,9/17/2021 9:22,16.73
9871,9/17/2021 9:32,16.69
9872,9/17/2021 9:42,16.73
9873,9/17/2021 9:52,16.69
9874,9/17/2021 10:02,16.77
9875,9/17/2021 10:12,16.77
9876,9/17/2021 10:22,16.77
9877,9/17/2021 10:32,16.9
9878,9/17/2021 10:42,17.03
9879,9/17/2021 10:52,16.99
9880,9/17/2021 11:02,16.99
9881,9/17/2021 11:12,16.99
9882,9/17/2021 11:22,17.07
9883,9/17/2021 11:32,17.11
9884,9/17/2021 11:42,17.2
9885,9/17/2021 11:52,17.33
9886,9/17/2021 12:02,17.41
9887,9/17/2021 12:12,17.46
9888,9/17/2021 12:22,17.59
9889,9/17/2021 12:32,17.67
9890,9/17/2021 12:42,17.76
9891,9/17/2021 12:52,17.89
9892,9/17/2021 13:02,18.02
9893,9/17/2021 13:12,18.1
9894,9/17/2021 13:22,18.27
9895,9/17/2021 13:32,18.44
9896,9/17/2021 13:42,18.57
9897,9/17/2021 13:52,18.79
9898,9/17/2021 14:02,19.05
9899,9/17/2021 14:12,19.3
9900,9/17/2021 14:22,19.56
9901,9/17/2021 14:32,19.73
9902,9/17/2021 14:42,19.9
9903,9/17/2021 14:52,20.25
9904,9/17/2021 15:02,20.42
9905,9/17/2021 15:12,20.68
9906,9/17/2021 15:22,20.89
9907,9/17/2021 15:32,20.93
9908,9/17/2021 15:42,20.89
9909,9/17/2021 15:52,20.93
9910,9/17/2021 16:02,20.93
9911,9/17/2021 16:12,20.93
9912,9/17/2021 16:22,20.93
9913,9/17/2021 16:32,20.72
9914,9/17/2021 16:42,20.46
9915,9/17/2021 16:52,20.25
9916,9/17/2021 17:02,19.99
9917,9/17/2021 17:12,19.77
9918,9/17/2021 17:22,19.65
9919,9/17/2021 17:32,19.22
9920,9/17/2021 17:42,18.92
9921,9/17/2021 17:52,18.7
9922,9/17/2021 18:02,18.49
9923,9/17/2021 18:12,18.4
9924,9/17/2021 18:22,18.14
9925,9/17/2021 18:32,18.02
9926,9/17/2021 18:42,17.89
9927,9/17/2021 18:52,17.8
9928,9/17/2021 19:02,17.72
9929,9/17/2021 19:12,17.63
9930,9/17/2021 19:22,17.67
9931,9/17/2021 19:32,17.67
9932,9/17/2021 19:42,17.72
9933,9/17/2021 19:52,17.89
9934,9/17/2021 20:02,17.93
9935,9/17/2021 20:12,17.97
9936,9/17/2021 20:22,18.06
9937,9/17/2021 20:32,18.23
9938,9/17/2021 20:42,17.5
9939,9/17/2021 20:52,17.24
9940,9/17/2021 21:02,17.29
9941,9/17/2021 21:12,17.54
9942,9/17/2021 21:22,17.63
9943,9/17/2021 21:32,17.72
9944,9/17/2021 21:42,17.72
9945,9/17/2021 21:52,17.76
9946,9/17/2021 22:02,17.72
9947,9/17/2021 22:12,17.63
9948,9/17/2021 22:22,17.46
9949,9/17/2021 22:32,17.5
9950,9/17/2021 22:42,17.63
9951,9/17/2021 22:52,17.8
9952,9/17/2021 23:02,17.89
9953,9/17/2021 23:12,17.67
9954,9/17/2021 23:22,17.5
9955,9/17/2021 23:32,17.33
9956,9/17/2021 23:42,17.16
9957,9/17/2021 23:52,17.03
9958,9/18/2021 0:02,16.99
9959,9/18/2021 0:12,16.99
9960,9/18/2021 0:22,17.11
9961,9/18/2021 0:32,17.11
9962,9/18/2021 0:42,17.16
9963,9/18/2021 0:52,17.2
9964,9/18/2021 1:02,17.29
9965,9/18/2021 1:12,17.33
9966,9/18/2021 1:22,17.29
9967,9/18/2021 1:32,17.59
9968,9/18/2021 1:42,17.93
9969,9/18/2021 1:52,18.1
9970,9/18/2021 2:02,18.14
9971,9/18/2021 2:12,18.02
9972,9/18/2021 2:22,17.84
9973,9/18/2021 2:32,17.63
9974,9/18/2021 2:42,17.5
9975,9/18/2021 2:52,17.37
9976,9/18/2021 3:02,17.29
9977,9/18/2021 3:12,17.07
9978,9/18/2021 3:22,16.56
9979,9/18/2021 3:32,14.97
9980,9/18/2021 3:42,14.33
9981,9/18/2021 3:52,14.28
9982,9/18/2021 4:02,14.33
9983,9/18/2021 4:12,14.28
9984,9/18/2021 4:22,14.15
9985,9/18/2021 4:32,14.07
9986,9/18/2021 4:42,14.03
9987,9/18/2021 4:52,14.03
9988,9/18/2021 5:02,14.07
9989,9/18/2021 5:12,14.07
9990,9/18/2021 5:22,14.03
9991,9/18/2021 5:32,13.98
9992,9/18/2021 5:42,14.07
9993,9/18/2021 5:52,13.98
9994,9/18/2021 6:02,13.98
9995,9/18/2021 6:12,13.94
9996,9/18/2021 6:22,14.03
9997,9/18/2021 6:32,13.98
9998,9/18/2021 6:42,14.11
9999,9/18/2021 6:52,14.07
10000,9/18/2021 7:02,14.11
10001,9/18/2021 7:12,14.11
10002,9/18/2021 7:22,14.11
10003,9/18/2021 7:32,14.24
10004,9/18/2021 7:42,14.28
10005,9/18/2021 7:52,14.2
10006,9/18/2021 8:02,14.37
10007,9/18/2021 8:12,15.4
10008,9/18/2021 8:22,16
10009,9/18/2021 8:32,16.64
10010,9/18/2021 8:42,16.99
10011,9/18/2021 8:52,17.16
10012,9/18/2021 9:02,17.2
10013,9/18/2021 9:12,17.24
10014,9/18/2021 9:22,17.24
10015,9/18/2021 9:32,17.24
10016,9/18/2021 9:42,17.2
10017,9/18/2021 9:52,17.2
10018,9/18/2021 10:02,17.16
10019,9/18/2021 10:12,17.16
10020,9/18/2021 10:22,17.16
10021,9/18/2021 10:32,17.16
10022,9/18/2021 10:42,17.11
10023,9/18/2021 10:52,17.16
10024,9/18/2021 11:02,17.16
10025,9/18/2021 11:12,17.2
10026,9/18/2021 11:22,17.16
10027,9/18/2021 11:32,17.11
10028,9/18/2021 11:42,17.11
10029,9/18/2021 11:52,17.11
10030,9/18/2021 12:02,17.03
10031,9/18/2021 12:12,17.07
10032,9/18/2021 12:22,17.03
10033,9/18/2021 12:32,16.99
10034,9/18/2021 12:42,16.94
10035,9/18/2021 12:52,16.9
10036,9/18/2021 13:02,16.9
10037,9/18/2021 13:12,16.94
10038,9/18/2021 13:22,17.07
10039,9/18/2021 13:32,17.2
10040,9/18/2021 13:42,17.33
10041,9/18/2021 13:52,17.5
10042,9/18/2021 14:02,17.67
10043,9/18/2021 14:12,17.97
10044,9/18/2021 14:22,18.27
10045,9/18/2021 14:32,18.49
10046,9/18/2021 14:42,18.7
10047,9/18/2021 14:52,18.79
10048,9/18/2021 15:02,18.87
10049,9/18/2021 15:12,19
10050,9/18/2021 15:22,19.17
10051,9/18/2021 15:32,19.39
10052,9/18/2021 15:42,19.52
10053,9/18/2021 15:52,19.69
10054,9/18/2021 16:02,19.82
10055,9/18/2021 16:12,19.82
10056,9/18/2021 16:22,19.86
10057,9/18/2021 16:32,19.95
10058,9/18/2021 16:42,20.03
10059,9/18/2021 16:52,20.03
10060,9/18/2021 17:02,20.03
10061,9/18/2021 17:12,19.99
10062,9/18/2021 17:22,19.95
10063,9/18/2021 17:32,19.82
10064,9/18/2021 17:42,19.69
10065,9/18/2021 17:52,19.69
10066,9/18/2021 18:02,19.6
10067,9/18/2021 18:12,19.52
10068,9/18/2021 18:22,19.3
10069,9/18/2021 18:32,19.22
10070,9/18/2021 18:42,19.09
10071,9/18/2021 18:52,18.83
10072,9/18/2021 19:02,18.53
10073,9/18/2021 19:12,18.32
10074,9/18/2021 19:22,18.19
10075,9/18/2021 19:32,18.1
10076,9/18/2021 19:42,18.06
10077,9/18/2021 19:52,17.97
10078,9/18/2021 20:02,17.89
10079,9/18/2021 20:12,17.89
10080,9/18/2021 20:22,17.89
10081,9/18/2021 20:32,17.93
10082,9/18/2021 20:42,17.93
10083,9/18/2021 20:52,17.93
10084,9/18/2021 21:02,17.93
10085,9/18/2021 21:12,18.1
10086,9/18/2021 21:22,17.97
10087,9/18/2021 21:32,17.93
10088,9/18/2021 21:42,18.02
10089,9/18/2021 21:52,17.84
10090,9/18/2021 22:02,17.8
10091,9/18/2021 22:12,17.84
10092,9/18/2021 22:22,17.89
10093,9/18/2021 22:32,17.89
10094,9/18/2021 22:42,17.84
10095,9/18/2021 22:52,17.84
10096,9/18/2021 23:02,17.76
10097,9/18/2021 23:12,17.8
10098,9/18/2021 23:22,17.8
10099,9/18/2021 23:32,17.97
10100,9/18/2021 23:42,17.84
10101,9/18/2021 23:52,17.97
10102,9/19/2021 0:02,17.93
10103,9/19/2021 0:12,17.59
10104,9/19/2021 0:22,17.24
10105,9/19/2021 0:32,17.11
10106,9/19/2021 0:42,17.07
10107,9/19/2021 0:52,16.94
10108,9/19/2021 1:02,16.9
10109,9/19/2021 1:12,16.9
10110,9/19/2021 1:22,16.94
10111,9/19/2021 1:32,16.99
10112,9/19/2021 1:42,17.03
10113,9/19/2021 1:52,17.03
10114,9/19/2021 2:02,17.2
10115,9/19/2021 2:12,17.46
10116,9/19/2021 2:22,17.72
10117,9/19/2021 2:32,17.8
10118,9/19/2021 2:42,18.02
10119,9/19/2021 2:52,18.02
10120,9/19/2021 3:02,17.93
10121,9/19/2021 3:12,17.89
10122,9/19/2021 3:22,17.76
10123,9/19/2021 3:32,17.72
10124,9/19/2021 3:42,17.67
10125,9/19/2021 3:52,17.59
10126,9/19/2021 4:02,17.46
10127,9/19/2021 4:12,16.13
10128,9/19/2021 4:22,15.36
10129,9/19/2021 4:32,15.31
10130,9/19/2021 4:42,15.27
10131,9/19/2021 4:52,15.27
10132,9/19/2021 5:02,15.27
10133,9/19/2021 5:12,15.14
10134,9/19/2021 5:22,15.06
10135,9/19/2021 5:32,14.97
10136,9/19/2021 5:42,14.67
10137,9/19/2021 5:52,14.45
10138,9/19/2021 6:02,14.41
10139,9/19/2021 6:12,14.45
10140,9/19/2021 6:22,14.28
10141,9/19/2021 6:32,13.94
10142,9/19/2021 6:42,13.85
10143,9/19/2021 6:52,13.77
10144,9/19/2021 7:02,13.6
10145,9/19/2021 7:12,13.51
10146,9/19/2021 7:22,13.51
10147,9/19/2021 7:32,13.73
10148,9/19/2021 7:42,16.17
10149,9/19/2021 7:52,17.41
10150,9/19/2021 8:02,19.13
10151,9/19/2021 8:12,19.52
10152,9/19/2021 8:22,19.99
10153,9/19/2021 8:32,21.79
10154,9/19/2021 8:42,22.82
10155,9/19/2021 8:52,16.86
10156,9/19/2021 9:02,17.24
10157,9/19/2021 9:12,17.93
10158,9/19/2021 9:22,18.14
10159,9/19/2021 9:32,18.19
10160,9/19/2021 9:42,18.06
10161,9/19/2021 9:52,18.19
10162,9/19/2021 10:02,18.14
10163,9/19/2021 10:12,18.06
10164,9/19/2021 10:22,17.97
10165,9/19/2021 10:32,17.93
10166,9/19/2021 10:42,17.97
10167,9/19/2021 10:52,18.02
10168,9/19/2021 11:02,18.1
10169,9/19/2021 11:12,18.27
10170,9/19/2021 11:22,18.4
10171,9/19/2021 11:32,18.62
10172,9/19/2021 11:42,18.62
10173,9/19/2021 11:52,18.7
10174,9/19/2021 12:02,18.79
10175,9/19/2021 12:12,18.74
10176,9/19/2021 12:22,18.79
10177,9/19/2021 12:32,18.87
10178,9/19/2021 12:42,18.87
10179,9/19/2021 12:52,18.83
10180,9/19/2021 13:02,18.96
10181,9/19/2021 13:12,18.96
10182,9/19/2021 13:22,19
10183,9/19/2021 13:32,19.05
10184,9/19/2021 13:42,19.17
10185,9/19/2021 13:52,19.13
10186,9/19/2021 14:02,19
10187,9/19/2021 14:12,18.96
10188,9/19/2021 14:22,18.92
10189,9/19/2021 14:32,19
10190,9/19/2021 14:42,19.17
10191,9/19/2021 14:52,19.35
10192,9/19/2021 15:02,19.52
10193,9/19/2021 15:12,19.73
10194,9/19/2021 15:22,19.82
10195,9/19/2021 15:32,19.99
10196,9/19/2021 15:42,20.2
10197,9/19/2021 15:52,20.37
10198,9/19/2021 16:02,20.5
10199,9/19/2021 16:12,20.72
10200,9/19/2021 16:22,20.8
10201,9/19/2021 16:32,20.85
10202,9/19/2021 16:42,20.85
10203,9/19/2021 16:52,20.85
10204,9/19/2021 17:02,20.8
10205,9/19/2021 17:12,20.8
10206,9/19/2021 17:22,20.72
10207,9/19/2021 17:32,20.5
10208,9/19/2021 17:42,20.33
10209,9/19/2021 17:52,19.99
10210,9/19/2021 18:02,19.77
10211,9/19/2021 18:12,19.6
10212,9/19/2021 18:22,19.35
10213,9/19/2021 18:32,19.22
10214,9/19/2021 18:42,19.17
10215,9/19/2021 18:52,19.17
10216,9/19/2021 19:02,19.35
10217,9/19/2021 19:12,19.52
10218,9/19/2021 19:22,19.39
10219,9/19/2021 19:32,19
10220,9/19/2021 19:42,18.74
10221,9/19/2021 19:52,18.57
10222,9/19/2021 20:02,18.27
10223,9/19/2021 20:12,18.02
10224,9/19/2021 20:22,17.89
10225,9/19/2021 20:32,17.76
10226,9/19/2021 20:42,17.8
10227,9/19/2021 20:52,17.8
10228,9/19/2021 21:02,17.84
10229,9/19/2021 21:12,18.02
10230,9/19/2021 21:22,18.19
10231,9/19/2021 21:32,18.19
10232,9/19/2021 21:42,18.14
10233,9/19/2021 21:52,18.14
10234,9/19/2021 22:02,17.93
10235,9/19/2021 22:12,17.89
10236,9/19/2021 22:22,17.89
10237,9/19/2021 22:32,17.89
10238,9/19/2021 22:42,17.84
10239,9/19/2021 22:52,17.89
10240,9/19/2021 23:02,17.89
10241,9/19/2021 23:12,17.8
10242,9/19/2021 23:22,17.76
10243,9/19/2021 23:32,17.76
10244,9/19/2021 23:42,17.72
10245,9/19/2021 23:52,17.76
10246,9/20/2021 0:02,17.8
10247,9/20/2021 0:12,17.84
10248,9/20/2021 0:22,17.89
10249,9/20/2021 0:32,17.93
10250,9/20/2021 0:42,17.93
10251,9/20/2021 0:52,17.93
10252,9/20/2021 1:02,17.89
10253,9/20/2021 1:12,17.76
10254,9/20/2021 1:22,17.59
10255,9/20/2021 1:32,17.59
10256,9/20/2021 1:42,17.54
10257,9/20/2021 1:52,17.41
10258,9/20/2021 2:02,17.41
10259,9/20/2021 2:12,17.37
10260,9/20/2021 2:22,17.37
10261,9/20/2021 2:32,17.37
10262,9/20/2021 2:42,17.37
10263,9/20/2021 2:52,17.33
10264,9/20/2021 3:02,17.37
10265,9/20/2021 3:12,17.24
10266,9/20/2021 3:22,16.94
10267,9/20/2021 3:32,16.9
10268,9/20/2021 3:42,16.9
10269,9/20/2021 3:52,16.81
10270,9/20/2021 4:02,16.6
10271,9/20/2021 4:12,16.17
10272,9/20/2021 4:22,16
10273,9/20/2021 4:32,15.78
10274,9/20/2021 4:42,15.61
10275,9/20/2021 4:52,13.64
10276,9/20/2021 5:02,12.91
10277,9/20/2021 5:12,12.7
10278,9/20/2021 5:22,11.41
10279,9/20/2021 5:32,10.77
10280,9/20/2021 5:42,11.32
10281,9/20/2021 5:52,11.79
10282,9/20/2021 6:02,12.22
10283,9/20/2021 6:12,11.15
10284,9/20/2021 6:22,10.77
10285,9/20/2021 6:32,10.85
10286,9/20/2021 6:42,10.64
10287,9/20/2021 6:52,10.77
10288,9/20/2021 7:02,10.72
10289,9/20/2021 7:12,11.11
10290,9/20/2021 7:22,11.24
10291,9/20/2021 7:32,11.45
10292,9/20/2021 7:42,16.6
10293,9/20/2021 7:52,16.9
10294,9/20/2021 8:02,17.67
10295,9/20/2021 8:12,18.96
10296,9/20/2021 8:22,19.6
10297,9/20/2021 8:32,21.49
10298,9/20/2021 8:42,22.26
10299,9/20/2021 8:52,23.08
10300,9/20/2021 9:02,18.92
10301,9/20/2021 9:12,16.56
10302,9/20/2021 9:22,17.03
10303,9/20/2021 9:32,17.5
10304,9/20/2021 9:42,17.72
10305,9/20/2021 9:52,17.89
10306,9/20/2021 10:02,17.97
10307,9/20/2021 10:12,18.02
10308,9/20/2021 10:22,18.1
10309,9/20/2021 10:32,18.06
10310,9/20/2021 10:42,18.1
10311,9/20/2021 10:52,18.02
10312,9/20/2021 11:02,18.06
10313,9/20/2021 11:12,18.06
10314,9/20/2021 11:22,18.14
10315,9/20/2021 11:32,18.23
10316,9/20/2021 11:42,18.23
10317,9/20/2021 11:52,18.32
10318,9/20/2021 12:02,18.53
10319,9/20/2021 12:12,18.7
10320,9/20/2021 12:22,18.92
10321,9/20/2021 12:32,19
10322,9/20/2021 12:42,19.09
10323,9/20/2021 12:52,19.05
10324,9/20/2021 13:02,19.09
10325,9/20/2021 13:12,19
10326,9/20/2021 13:22,18.96
10327,9/20/2021 13:32,18.87
10328,9/20/2021 13:42,18.92
10329,9/20/2021 13:52,18.87
10330,9/20/2021 14:02,18.96
10331,9/20/2021 14:12,19
10332,9/20/2021 14:22,19
10333,9/20/2021 14:32,19
10334,9/20/2021 14:42,18.87
10335,9/20/2021 14:52,18.87
10336,9/20/2021 15:02,18.96
10337,9/20/2021 15:12,18.96
10338,9/20/2021 15:22,19.17
10339,9/20/2021 15:32,19.17
10340,9/20/2021 15:42,19.52
10341,9/20/2021 15:52,20.07
10342,9/20/2021 16:02,20.55
10343,9/20/2021 16:12,20.98
10344,9/20/2021 16:22,21.23
10345,9/20/2021 16:32,21.49
10346,9/20/2021 16:42,21.79
10347,9/20/2021 16:52,22.18
10348,9/20/2021 17:02,22.52
10349,9/20/2021 17:12,22.69
10350,9/20/2021 17:22,22.86
10351,9/20/2021 17:32,22.91
10352,9/20/2021 17:42,22.99
10353,9/20/2021 17:52,22.86
10354,9/20/2021 18:02,22.73
10355,9/20/2021 18:12,22.35
10356,9/20/2021 18:22,20.98
10357,9/20/2021 18:32,20.16
10358,9/20/2021 18:42,19.65
10359,9/20/2021 18:52,19.09
10360,9/20/2021 19:02,18.32
10361,9/20/2021 19:12,17.97
10362,9/20/2021 19:22,19.65
10363,9/20/2021 19:32,20.42
10364,9/20/2021 19:42,20.63
10365,9/20/2021 19:52,20.85
10366,9/20/2021 20:02,20.8
10367,9/20/2021 20:12,20.85
10368,9/20/2021 20:22,20.46
10369,9/20/2021 20:32,19.43
10370,9/20/2021 20:42,18.79
10371,9/20/2021 20:52,18.62
10372,9/20/2021 21:02,18.32
10373,9/20/2021 21:12,18.06
10374,9/20/2021 21:22,17.97
10375,9/20/2021 21:32,17.89
10376,9/20/2021 21:42,17.8
10377,9/20/2021 21:52,17.89
10378,9/20/2021 22:02,17.89
10379,9/20/2021 22:12,17.97
10380,9/20/2021 22:22,18.02
10381,9/20/2021 22:32,18.02
10382,9/20/2021 22:42,18.06
10383,9/20/2021 22:52,18.06
10384,9/20/2021 23:02,17.93
10385,9/20/2021 23:12,17.84
10386,9/20/2021 23:22,17.89
10387,9/20/2021 23:32,17.89
10388,9/20/2021 23:42,17.89
10389,9/20/2021 23:52,17.97
10390,9/21/2021 0:02,17.97
10391,9/21/2021 0:12,18.02
10392,9/21/2021 0:22,18.06
10393,9/21/2021 0:32,18.06
10394,9/21/2021 0:42,17.93
10395,9/21/2021 0:52,17.93
10396,9/21/2021 1:02,17.97
10397,9/21/2021 1:12,17.93
10398,9/21/2021 1:22,17.72
10399,9/21/2021 1:32,17.59
10400,9/21/2021 1:42,17.54
10401,9/21/2021 1:52,17.54
10402,9/21/2021 2:02,17.5
10403,9/21/2021 2:12,17.5
10404,9/21/2021 2:22,17.5
10405,9/21/2021 2:32,17.41
10406,9/21/2021 2:42,17.41
10407,9/21/2021 2:52,17.37
10408,9/21/2021 3:02,17.33
10409,9/21/2021 3:12,17.33
10410,9/21/2021 3:22,17.29
10411,9/21/2021 3:32,17.24
10412,9/21/2021 3:42,17.2
10413,9/21/2021 3:52,17.29
10414,9/21/2021 4:02,17.5
10415,9/21/2021 4:12,17.46
10416,9/21/2021 4:22,17.59
10417,9/21/2021 4:32,17.63
10418,9/21/2021 4:42,17.33
10419,9/21/2021 4:52,17.07
10420,9/21/2021 5:02,16.9
10421,9/21/2021 5:12,16.77
10422,9/21/2021 5:22,16.56
10423,9/21/2021 5:32,15.48
10424,9/21/2021 5:42,12.35
10425,9/21/2021 5:52,11.97
10426,9/21/2021 6:02,12.52
10427,9/21/2021 6:12,11.67
10428,9/21/2021 6:22,11.54
10429,9/21/2021 6:32,11.32
10430,9/21/2021 6:42,12.27
10431,9/21/2021 6:52,12.18
10432,9/21/2021 7:02,11.84
10433,9/21/2021 7:12,12.31
10434,9/21/2021 7:22,12.82
10435,9/21/2021 7:32,12.87
10436,9/21/2021 7:42,16.17
10437,9/21/2021 7:52,18.1
10438,9/21/2021 8:02,19.9
10439,9/21/2021 8:12,21.23
10440,9/21/2021 8:22,22.13
10441,9/21/2021 8:32,24.88
10442,9/21/2021 8:42,26.38
10443,9/21/2021 8:52,27.97
10444,9/21/2021 9:02,29.73
10445,9/21/2021 9:12,29.9
10446,9/21/2021 9:22,18.49
10447,9/21/2021 9:32,17.89
10448,9/21/2021 9:42,18.02
10449,9/21/2021 9:52,18.14
10450,9/21/2021 10:02,18.27
10451,9/21/2021 10:12,18.19
10452,9/21/2021 10:22,18.23
10453,9/21/2021 10:32,18.23
10454,9/21/2021 10:42,18.19
10455,9/21/2021 10:52,18.19
10456,9/21/2021 11:02,18.23
10457,9/21/2021 11:12,18.27
10458,9/21/2021 11:22,18.23
10459,9/21/2021 11:32,18.27
10460,9/21/2021 11:42,18.27
10461,9/21/2021 11:52,18.36
10462,9/21/2021 12:02,18.49
10463,9/21/2021 12:12,18.44
10464,9/21/2021 12:22,18.49
10465,9/21/2021 12:32,18.62
10466,9/21/2021 12:42,18.66
10467,9/21/2021 12:52,18.7
10468,9/21/2021 13:02,18.74
10469,9/21/2021 13:12,18.74
10470,9/21/2021 13:22,18.74
10471,9/21/2021 13:32,18.7
10472,9/21/2021 13:42,18.62
10473,9/21/2021 13:52,18.66
10474,9/21/2021 14:02,18.66
10475,9/21/2021 14:12,18.7
10476,9/21/2021 14:22,18.83
10477,9/21/2021 14:32,18.87
10478,9/21/2021 14:42,19
10479,9/21/2021 14:52,19.13
10480,9/21/2021 15:02,19.22
10481,9/21/2021 15:12,19.52
10482,9/21/2021 15:22,19.69
10483,9/21/2021 15:32,19.86
10484,9/21/2021 15:42,20.03
10485,9/21/2021 15:52,20.25
10486,9/21/2021 16:02,20.46
10487,9/21/2021 16:12,20.93
10488,9/21/2021 16:22,21.49
10489,9/21/2021 16:32,22.01
10490,9/21/2021 16:42,22.01
10491,9/21/2021 16:52,22.35
10492,9/21/2021 17:02,22.99
10493,9/21/2021 17:12,23.59
10494,9/21/2021 17:22,23.85
10495,9/21/2021 17:32,23.94
10496,9/21/2021 17:42,23.94
10497,9/21/2021 17:52,23.98
10498,9/21/2021 18:02,23.85
10499,9/21/2021 18:12,23.34
10500,9/21/2021 18:22,21.75
10501,9/21/2021 18:32,19.77
10502,9/21/2021 18:42,19.09
10503,9/21/2021 18:52,18.83
10504,9/21/2021 19:02,18.44
10505,9/21/2021 19:12,18.27
10506,9/21/2021 19:22,18.06
10507,9/21/2021 19:32,18.02
10508,9/21/2021 19:42,17.84
10509,9/21/2021 19:52,17.67
10510,9/21/2021 20:02,17.59
10511,9/21/2021 20:12,17.29
10512,9/21/2021 20:22,17.16
10513,9/21/2021 20:32,17.03
10514,9/21/2021 20:42,16.81
10515,9/21/2021 20:52,18.19
10516,9/21/2021 21:02,19.39
10517,9/21/2021 21:12,20.16
10518,9/21/2021 21:22,20.12
10519,9/21/2021 21:32,19.56
10520,9/21/2021 21:42,19.13
10521,9/21/2021 21:52,18.79
10522,9/21/2021 22:02,18.57
10523,9/21/2021 22:12,18.49
10524,9/21/2021 22:22,18.4
10525,9/21/2021 22:32,18.32
10526,9/21/2021 22:42,18.32
10527,9/21/2021 22:52,18.32
10528,9/21/2021 23:02,18.4
10529,9/21/2021 23:12,18.49
10530,9/21/2021 23:22,18.49
10531,9/21/2021 23:32,18.53
10532,9/21/2021 23:42,18.53
10533,9/21/2021 23:52,18.57
10534,9/22/2021 0:02,18.53
10535,9/22/2021 0:12,18.49
10536,9/22/2021 0:22,18.44
10537,9/22/2021 0:32,18.4
10538,9/22/2021 0:42,18.44
10539,9/22/2021 0:52,18.44
10540,9/22/2021 1:02,18.49
10541,9/22/2021 1:12,18.49
10542,9/22/2021 1:22,18.4
10543,9/22/2021 1:32,18.4
10544,9/22/2021 1:42,18.27
10545,9/22/2021 1:52,17.89
10546,9/22/2021 2:02,17.72
10547,9/22/2021 2:12,17.72
10548,9/22/2021 2:22,17.76
10549,9/22/2021 2:32,17.76
10550,9/22/2021 2:42,17.76
10551,9/22/2021 2:52,17.67
10552,9/22/2021 3:02,17.67
10553,9/22/2021 3:12,17.63
10554,9/22/2021 3:22,17.63
10555,9/22/2021 3:32,17.59
10556,9/22/2021 3:42,17.5
10557,9/22/2021 3:52,17.54
10558,9/22/2021 4:02,17.54
10559,9/22/2021 4:12,17.54
10560,9/22/2021 4:22,17.5
10561,9/22/2021 4:32,17.5
10562,9/22/2021 4:42,17.72
10563,9/22/2021 4:52,17.89
10564,9/22/2021 5:02,18.02
10565,9/22/2021 5:12,18.02
10566,9/22/2021 5:22,17.93
10567,9/22/2021 5:32,17.8
10568,9/22/2021 5:42,17.76
10569,9/22/2021 5:52,17.67
10570,9/22/2021 6:02,17.54
10571,9/22/2021 6:12,17.46
10572,9/22/2021 6:22,16.04
10573,9/22/2021 6:32,14.88
10574,9/22/2021 6:42,14.71
10575,9/22/2021 6:52,14.71
10576,9/22/2021 7:02,14.5
10577,9/22/2021 7:12,14.37
10578,9/22/2021 7:22,14.33
10579,9/22/2021 7:32,14.45
10580,9/22/2021 7:42,14.45
10581,9/22/2021 7:52,14.54
10582,9/22/2021 8:02,14.71
10583,9/22/2021 8:12,14.8
10584,9/22/2021 8:22,15.06
10585,9/22/2021 8:32,15.36
10586,9/22/2021 8:42,15.48
10587,9/22/2021 8:52,15.57
10588,9/22/2021 9:02,16.04
10589,9/22/2021 9:12,16.26
10590,9/22/2021 9:22,17.03
10591,9/22/2021 9:32,17.63
10592,9/22/2021 9:42,17.8
10593,9/22/2021 9:52,18.23
10594,9/22/2021 10:02,18.74
10595,9/22/2021 10:12,18.79
10596,9/22/2021 10:22,18.92
10597,9/22/2021 10:32,18.66
10598,9/22/2021 10:42,18.57
10599,9/22/2021 10:52,18.44
10600,9/22/2021 11:02,18.57
10601,9/22/2021 11:12,18.7
10602,9/22/2021 11:22,18.74
10603,9/22/2021 11:32,18.74
10604,9/22/2021 11:42,18.74
10605,9/22/2021 11:52,18.79
10606,9/22/2021 12:02,18.92
10607,9/22/2021 12:12,19.05
10608,9/22/2021 12:22,19.09
10609,9/22/2021 12:32,19.26
10610,9/22/2021 12:42,19.35
10611,9/22/2021 12:52,19.39
10612,9/22/2021 13:02,19.47
10613,9/22/2021 13:12,19.52
10614,9/22/2021 13:22,19.65
10615,9/22/2021 13:32,19.69
10616,9/22/2021 13:42,19.69
10617,9/22/2021 13:52,19.65
10618,9/22/2021 14:02,19.69
10619,9/22/2021 14:12,19.77
10620,9/22/2021 14:22,19.9
10621,9/22/2021 14:32,19.95
10622,9/22/2021 14:42,19.99
10623,9/22/2021 14:52,20.03
10624,9/22/2021 15:02,20.03
10625,9/22/2021 15:12,20.03
10626,9/22/2021 15:22,20.12
10627,9/22/2021 15:32,20.16
10628,9/22/2021 15:42,20.16
10629,9/22/2021 15:52,20.2
10630,9/22/2021 16:02,20.25
10631,9/22/2021 16:12,20.33
10632,9/22/2021 16:22,20.46
10633,9/22/2021 16:32,20.68
10634,9/22/2021 16:42,20.98
10635,9/22/2021 16:52,21.36
10636,9/22/2021 17:02,21.49
10637,9/22/2021 17:12,21.4
10638,9/22/2021 17:22,21.49
10639,9/22/2021 17:32,21.66
10640,9/22/2021 17:42,21.7
10641,9/22/2021 17:52,21.58
10642,9/22/2021 18:02,21.45
10643,9/22/2021 18:12,21.28
10644,9/22/2021 18:22,21.06
10645,9/22/2021 18:32,20.76
10646,9/22/2021 18:42,20.42
10647,9/22/2021 18:52,19.9
10648,9/22/2021 19:02,17.03
10649,9/22/2021 19:12,15.53
10650,9/22/2021 19:22,15.14
10651,9/22/2021 19:32,14.93
10652,9/22/2021 19:42,14.88
10653,9/22/2021 19:52,14.75
10654,9/22/2021 20:02,14.71
10655,9/22/2021 20:12,14.63
10656,9/22/2021 20:22,14.54
10657,9/22/2021 20:32,14.45
10658,9/22/2021 20:42,14.37
10659,9/22/2021 20:52,14.58
10660,9/22/2021 21:02,14.45
10661,9/22/2021 21:12,14.33
10662,9/22/2021 21:22,14.37
10663,9/22/2021 21:32,14.33
10664,9/22/2021 21:42,16.08
10665,9/22/2021 21:52,17.46
10666,9/22/2021 22:02,18.02
10667,9/22/2021 22:12,18.57
10668,9/22/2021 22:22,18.7
10669,9/22/2021 22:32,18.87
10670,9/22/2021 22:42,18.66
10671,9/22/2021 22:52,18.19
10672,9/22/2021 23:02,17.97
10673,9/22/2021 23:12,17.89
10674,9/22/2021 23:22,17.84
10675,9/22/2021 23:32,17.84
10676,9/22/2021 23:42,17.93
10677,9/22/2021 23:52,18.02
10678,9/23/2021 0:02,18.06
10679,9/23/2021 0:12,18.14
10680,9/23/2021 0:22,18.14
10681,9/23/2021 0:32,18.1
10682,9/23/2021 0:42,18.06
10683,9/23/2021 0:52,18.02
10684,9/23/2021 1:02,17.97
10685,9/23/2021 1:12,18.02
10686,9/23/2021 1:22,18.06
10687,9/23/2021 1:32,18.02
10688,9/23/2021 1:42,18.02
10689,9/23/2021 1:52,17.97
10690,9/23/2021 2:02,17.93
10691,9/23/2021 2:12,17.89
10692,9/23/2021 2:22,17.89
10693,9/23/2021 2:32,17.8
10694,9/23/2021 2:42,17.72
10695,9/23/2021 2:52,17.72
10696,9/23/2021 3:02,17.72
10697,9/23/2021 3:12,17.67
10698,9/23/2021 3:22,17.63
10699,9/23/2021 3:32,17.59
10700,9/23/2021 3:42,17.63
10701,9/23/2021 3:52,17.59
10702,9/23/2021 4:02,17.54
10703,9/23/2021 4:12,17.59
10704,9/23/2021 4:22,17.54
10705,9/23/2021 4:32,17.54
10706,9/23/2021 4:42,17.5
10707,9/23/2021 4:52,17.54
10708,9/23/2021 5:02,17.54
10709,9/23/2021 5:12,17.63
10710,9/23/2021 5:22,17.67
10711,9/23/2021 5:32,17.72
10712,9/23/2021 5:42,17.76
10713,9/23/2021 5:52,17.63
10714,9/23/2021 6:02,17.59
10715,9/23/2021 6:12,17.46
10716,9/23/2021 6:22,17.29
10717,9/23/2021 6:32,17.11
10718,9/23/2021 6:42,17.07
10719,9/23/2021 6:52,16.94
10720,9/23/2021 7:02,16.81
10721,9/23/2021 7:12,16.69
10722,9/23/2021 7:22,16.56
10723,9/23/2021 7:32,15.4
10724,9/23/2021 7:42,14.15
10725,9/23/2021 7:52,13.43
10726,9/23/2021 8:02,13.34
10727,9/23/2021 8:12,13.3
10728,9/23/2021 8:22,13.38
10729,9/23/2021 8:32,13.6
10730,9/23/2021 8:42,14.11
10731,9/23/2021 8:52,16.17
10732,9/23/2021 9:02,16.64
10733,9/23/2021 9:12,16.73
10734,9/23/2021 9:22,16.86
10735,9/23/2021 9:32,16.99
10736,9/23/2021 9:42,17.16
10737,9/23/2021 9:52,17.29
10738,9/23/2021 10:02,17.46
10739,9/23/2021 10:12,17.63
10740,9/23/2021 10:22,17.76
10741,9/23/2021 10:32,17.76
10742,9/23/2021 10:42,17.89
10743,9/23/2021 10:52,17.97
10744,9/23/2021 11:02,18.02
10745,9/23/2021 11:12,18.06
10746,9/23/2021 11:22,18.23
10747,9/23/2021 11:32,18.27
10748,9/23/2021 11:42,18.32
10749,9/23/2021 11:52,18.4
10750,9/23/2021 12:02,18.49
10751,9/23/2021 12:12,18.53
10752,9/23/2021 12:22,18.57
10753,9/23/2021 12:32,18.66
10754,9/23/2021 12:42,18.83
10755,9/23/2021 12:52,18.96
10756,9/23/2021 13:02,19.05
10757,9/23/2021 13:12,19.05
10758,9/23/2021 13:22,19.17
10759,9/23/2021 13:32,19.13
10760,9/23/2021 13:42,19.22
10761,9/23/2021 13:52,19.17
10762,9/23/2021 14:02,19.22
10763,9/23/2021 14:12,19.26
10764,9/23/2021 14:22,19.17
10765,9/23/2021 14:32,19.3
10766,9/23/2021 14:42,19.22
10767,9/23/2021 14:52,19.22
10768,9/23/2021 15:02,19.17
10769,9/23/2021 15:12,19.17
10770,9/23/2021 15:22,19.05
10771,9/23/2021 15:32,18.87
10772,9/23/2021 15:42,18.7
10773,9/23/2021 15:52,18.62
10774,9/23/2021 16:02,18.62
10775,9/23/2021 16:12,18.66
10776,9/23/2021 16:22,18.74
10777,9/23/2021 16:32,18.87
10778,9/23/2021 16:42,18.92
10779,9/23/2021 16:52,19
10780,9/23/2021 17:02,19.09
10781,9/23/2021 17:12,19.3
10782,9/23/2021 17:22,19.39
10783,9/23/2021 17:32,19.77
10784,9/23/2021 17:42,20.07
10785,9/23/2021 17:52,20.33
10786,9/23/2021 18:02,20.5
10787,9/23/2021 18:12,20.59
10788,9/23/2021 18:22,20.68
10789,9/23/2021 18:32,20.85
10790,9/23/2021 18:42,20.93
10791,9/23/2021 18:52,20.8
10792,9/23/2021 19:02,20.68
10793,9/23/2021 19:12,20.42
10794,9/23/2021 19:22,20.16
10795,9/23/2021 19:32,19.77
10796,9/23/2021 19:42,18.02
10797,9/23/2021 19:52,16.26
10798,9/23/2021 20:02,15.74
10799,9/23/2021 20:12,15.27
10800,9/23/2021 20:22,14.88
10801,9/23/2021 20:32,14.75
10802,9/23/2021 20:42,14.58
10803,9/23/2021 20:52,14.58
10804,9/23/2021 21:02,14.45
10805,9/23/2021 21:12,14.45
10806,9/23/2021 21:22,14.54
10807,9/23/2021 21:32,14.45
10808,9/23/2021 21:42,14.58
10809,9/23/2021 21:52,14.58
10810,9/23/2021 22:02,14.45
10811,9/23/2021 22:12,14.5
10812,9/23/2021 22:22,14.63
10813,9/23/2021 22:32,16.81
10814,9/23/2021 22:42,17.54
10815,9/23/2021 22:52,18.02
10816,9/23/2021 23:02,18.49
10817,9/23/2021 23:12,18.79
10818,9/23/2021 23:22,18.87
10819,9/23/2021 23:32,18.83
10820,9/23/2021 23:42,18.62
10821,9/23/2021 23:52,18.36
10822,9/24/2021 0:02,18.19
10823,9/24/2021 0:12,18.06
10824,9/24/2021 0:22,17.89
10825,9/24/2021 0:32,17.89
10826,9/24/2021 0:42,17.93
10827,9/24/2021 0:52,17.89
10828,9/24/2021 1:02,17.93
10829,9/24/2021 1:12,17.97
10830,9/24/2021 1:22,17.93
10831,9/24/2021 1:32,17.93
10832,9/24/2021 1:42,17.97
10833,9/24/2021 1:52,17.97
10834,9/24/2021 2:02,17.93
10835,9/24/2021 2:12,17.93
10836,9/24/2021 2:22,17.93
10837,9/24/2021 2:32,17.89
10838,9/24/2021 2:42,17.84
10839,9/24/2021 2:52,17.84
10840,9/24/2021 3:02,17.8
10841,9/24/2021 3:12,17.63
10842,9/24/2021 3:22,17.63
10843,9/24/2021 3:32,17.59
10844,9/24/2021 3:42,17.5
10845,9/24/2021 3:52,17.5
10846,9/24/2021 4:02,17.54
10847,9/24/2021 4:12,17.5
10848,9/24/2021 4:22,17.54
10849,9/24/2021 4:32,17.5
10850,9/24/2021 4:42,17.5
10851,9/24/2021 4:52,17.46
10852,9/24/2021 5:02,17.46
10853,9/24/2021 5:12,17.46
10854,9/24/2021 5:22,17.46
10855,9/24/2021 5:32,17.59
10856,9/24/2021 5:42,17.59
10857,9/24/2021 5:52,17.63
10858,9/24/2021 6:02,17.67
10859,9/24/2021 6:12,17.67
10860,9/24/2021 6:22,17.59
10861,9/24/2021 6:32,17.63
10862,9/24/2021 6:42,17.59
10863,9/24/2021 6:52,17.59
10864,9/24/2021 7:02,17.59
10865,9/24/2021 7:12,17.5
10866,9/24/2021 7:22,17.37
10867,9/24/2021 7:32,17.37
10868,9/24/2021 7:42,17.29
10869,9/24/2021 7:52,17.33
10870,9/24/2021 8:02,17.29
10871,9/24/2021 8:12,17.29
10872,9/24/2021 8:22,17.24
10873,9/24/2021 8:32,17.33
10874,9/24/2021 8:42,17.37
10875,9/24/2021 8:52,17.5
10876,9/24/2021 9:02,17.5
10877,9/24/2021 9:12,17.54
10878,9/24/2021 9:22,17.63
10879,9/24/2021 9:32,17.72
10880,9/24/2021 9:42,17.84
10881,9/24/2021 9:52,17.97
10882,9/24/2021 10:02,17.97
10883,9/24/2021 10:12,17.93
10884,9/24/2021 10:22,18.06
10885,9/24/2021 10:32,18.06
10886,9/24/2021 10:42,18.19
10887,9/24/2021 10:52,18.32
10888,9/24/2021 11:02,18.4
10889,9/24/2021 11:12,18.44
10890,9/24/2021 11:22,18.53
10891,9/24/2021 11:32,18.57
10892,9/24/2021 11:42,18.62
10893,9/24/2021 11:52,18.62
10894,9/24/2021 12:02,18.7
10895,9/24/2021 12:12,18.74
10896,9/24/2021 12:22,18.87
10897,9/24/2021 12:32,19
10898,9/24/2021 12:42,19.13
10899,9/24/2021 12:52,19.3
10900,9/24/2021 13:02,19.43
10901,9/24/2021 13:12,19.69
10902,9/24/2021 13:22,19.73
10903,9/24/2021 13:32,19.73
10904,9/24/2021 13:42,19.82
10905,9/24/2021 13:52,19.86
10906,9/24/2021 14:02,19.86
10907,9/24/2021 14:12,19.9
10908,9/24/2021 14:22,19.95
10909,9/24/2021 14:32,19.99
10910,9/24/2021 14:42,19.99
10911,9/24/2021 14:52,20.03
10912,9/24/2021 15:02,20.07
10913,9/24/2021 15:12,20.07
10914,9/24/2021 15:22,20.16
10915,9/24/2021 15:32,20.2
10916,9/24/2021 15:42,20.25
10917,9/24/2021 15:52,20.29
10918,9/24/2021 16:02,20.29
10919,9/24/2021 16:12,20.33
10920,9/24/2021 16:22,20.37
10921,9/24/2021 16:32,20.42
10922,9/24/2021 16:42,20.5
10923,9/24/2021 16:52,20.46
10924,9/24/2021 17:02,20.63
10925,9/24/2021 17:12,20.76
10926,9/24/2021 17:22,21.02
10927,9/24/2021 17:32,21.23
10928,9/24/2021 17:42,21.06
10929,9/24/2021 17:52,20.85
10930,9/24/2021 18:02,20.98
10931,9/24/2021 18:12,21.28
10932,9/24/2021 18:22,21.49
10933,9/24/2021 18:32,21.58
10934,9/24/2021 18:42,21.58
10935,9/24/2021 18:52,21.62
10936,9/24/2021 19:02,21.58
10937,9/24/2021 19:12,21.4
10938,9/24/2021 19:22,21.15
10939,9/24/2021 19:32,20.89
10940,9/24/2021 19:42,20.59
10941,9/24/2021 19:52,20.25
10942,9/24/2021 20:02,19.09
10943,9/24/2021 20:12,16.39
10944,9/24/2021 20:22,15.78
10945,9/24/2021 20:32,15.74
10946,9/24/2021 20:42,15.53
10947,9/24/2021 20:52,15.53
10948,9/24/2021 21:02,15.31
10949,9/24/2021 21:12,15.06
10950,9/24/2021 21:22,15.06
10951,9/24/2021 21:32,15.06
10952,9/24/2021 21:42,14.93
10953,9/24/2021 21:52,15.01
10954,9/24/2021 22:02,14.93
10955,9/24/2021 22:12,14.71
10956,9/24/2021 22:22,14.71
10957,9/24/2021 22:32,14.58
10958,9/24/2021 22:42,14.5
10959,9/24/2021 22:52,14.58
10960,9/24/2021 23:02,14.54
10961,9/24/2021 23:12,14.54
10962,9/24/2021 23:22,14.54
10963,9/24/2021 23:32,15.57
10964,9/24/2021 23:42,16.77
10965,9/24/2021 23:52,17.41
10966,9/25/2021 0:02,17.97
10967,9/25/2021 0:12,18.57
10968,9/25/2021 0:22,19.13
10969,9/25/2021 0:32,19.47
10970,9/25/2021 0:42,19.39
10971,9/25/2021 0:52,19.05
10972,9/25/2021 1:02,18.74
10973,9/25/2021 1:12,18.57
10974,9/25/2021 1:22,18.44
10975,9/25/2021 1:32,18.44
10976,9/25/2021 1:42,18.36
10977,9/25/2021 1:52,18.32
10978,9/25/2021 2:02,18.32
10979,9/25/2021 2:12,18.32
10980,9/25/2021 2:22,18.27
10981,9/25/2021 2:32,18.23
10982,9/25/2021 2:42,18.14
10983,9/25/2021 2:52,18.14
10984,9/25/2021 3:02,18.1
10985,9/25/2021 3:12,18.06
10986,9/25/2021 3:22,18.06
10987,9/25/2021 3:32,18.06
10988,9/25/2021 3:42,18.06
10989,9/25/2021 3:52,18.02
10990,9/25/2021 4:02,18.02
10991,9/25/2021 4:12,17.97
10992,9/25/2021 4:22,18.02
10993,9/25/2021 4:32,17.97
10994,9/25/2021 4:42,17.97
10995,9/25/2021 4:52,17.97
10996,9/25/2021 5:02,17.93
10997,9/25/2021 5:12,17.89
10998,9/25/2021 5:22,17.89
10999,9/25/2021 5:32,17.89
11000,9/25/2021 5:42,17.84
11001,9/25/2021 5:52,17.89
11002,9/25/2021 6:02,17.89
11003,9/25/2021 6:12,17.93
11004,9/25/2021 6:22,17.93
11005,9/25/2021 6:32,17.97
11006,9/25/2021 6:42,18.1
11007,9/25/2021 6:52,18.23
11008,9/25/2021 7:02,18.1
11009,9/25/2021 7:12,17.84
11010,9/25/2021 7:22,17.72
11011,9/25/2021 7:32,17.5
11012,9/25/2021 7:42,17.2
11013,9/25/2021 7:52,17.07
11014,9/25/2021 8:02,17.11
11015,9/25/2021 8:12,17.03
11016,9/25/2021 8:22,16.99
11017,9/25/2021 8:32,16.94
11018,9/25/2021 8:42,16.9
11019,9/25/2021 8:52,16.94
11020,9/25/2021 9:02,17.03
11021,9/25/2021 9:12,17.16
11022,9/25/2021 9:22,17.29
11023,9/25/2021 9:32,17.54
11024,9/25/2021 9:42,17.67
11025,9/25/2021 9:52,17.67
11026,9/25/2021 10:02,17.84
11027,9/25/2021 10:12,17.89
11028,9/25/2021 10:22,17.89
11029,9/25/2021 10:32,17.84
11030,9/25/2021 10:42,17.89
11031,9/25/2021 10:52,17.89
11032,9/25/2021 11:02,17.89
11033,9/25/2021 11:12,17.97
11034,9/25/2021 11:22,17.97
11035,9/25/2021 11:32,18.02
11036,9/25/2021 11:42,18.02
11037,9/25/2021 11:52,18.1
11038,9/25/2021 12:02,18.1
11039,9/25/2021 12:12,18.14
11040,9/25/2021 12:22,18.1
11041,9/25/2021 12:32,18.1
11042,9/25/2021 12:42,18.14
11043,9/25/2021 12:52,18.19
11044,9/25/2021 13:02,18.23
11045,9/25/2021 13:12,18.27
11046,9/25/2021 13:22,18.32
11047,9/25/2021 13:32,18.32
11048,9/25/2021 13:42,18.32
11049,9/25/2021 13:52,18.36
11050,9/25/2021 14:02,18.4
11051,9/25/2021 14:12,18.4
11052,9/25/2021 14:22,18.44
11053,9/25/2021 14:32,18.36
11054,9/25/2021 14:42,18.4
11055,9/25/2021 14:52,18.4
11056,9/25/2021 15:02,18.44
11057,9/25/2021 15:12,18.44
11058,9/25/2021 15:22,18.44
11059,9/25/2021 15:32,18.44
11060,9/25/2021 15:42,18.49
11061,9/25/2021 15:52,18.53
11062,9/25/2021 16:02,18.49
11063,9/25/2021 16:12,18.49
11064,9/25/2021 16:22,18.53
11065,9/25/2021 16:32,18.49
11066,9/25/2021 16:42,18.53
11067,9/25/2021 16:52,18.53
11068,9/25/2021 17:02,18.53
11069,9/25/2021 17:12,18.53
11070,9/25/2021 17:22,18.53
11071,9/25/2021 17:32,18.49
11072,9/25/2021 17:42,18.44
11073,9/25/2021 17:52,18.44
11074,9/25/2021 18:02,18.49
11075,9/25/2021 18:12,18.49
11076,9/25/2021 18:22,18.57
11077,9/25/2021 18:32,18.66
11078,9/25/2021 18:42,18.74
11079,9/25/2021 18:52,18.66
11080,9/25/2021 19:02,18.57
11081,9/25/2021 19:12,18.4
11082,9/25/2021 19:22,18.32
11083,9/25/2021 19:32,18.23
11084,9/25/2021 19:42,18.14
11085,9/25/2021 19:52,17.97
11086,9/25/2021 20:02,17.89
11087,9/25/2021 20:12,17.72
11088,9/25/2021 20:22,17.63
11089,9/25/2021 20:32,17.46
11090,9/25/2021 20:42,16.86
11091,9/25/2021 20:52,15.36
11092,9/25/2021 21:02,14.88
11093,9/25/2021 21:12,14.58
11094,9/25/2021 21:22,14.54
11095,9/25/2021 21:32,14.37
11096,9/25/2021 21:42,14.33
11097,9/25/2021 21:52,14.37
11098,9/25/2021 22:02,14.41
11099,9/25/2021 22:12,14.33
11100,9/25/2021 22:22,14.33
11101,9/25/2021 22:32,14.41
11102,9/25/2021 22:42,14.5
11103,9/25/2021 22:52,14.54
11104,9/25/2021 23:02,14.41
11105,9/25/2021 23:12,14.5
11106,9/25/2021 23:22,14.5
11107,9/25/2021 23:32,14.58
11108,9/25/2021 23:42,14.58
11109,9/25/2021 23:52,14.71
11110,9/26/2021 0:02,14.67
11111,9/26/2021 0:12,14.67
11112,9/26/2021 0:22,14.84
11113,9/26/2021 0:32,15.31
11114,9/26/2021 0:42,15.7
11115,9/26/2021 0:52,16
11116,9/26/2021 1:02,16.51
11117,9/26/2021 1:12,16.94
11118,9/26/2021 1:22,17.03
11119,9/26/2021 1:32,17.16
11120,9/26/2021 1:42,17.33
11121,9/26/2021 1:52,17.5
11122,9/26/2021 2:02,17.5
11123,9/26/2021 2:12,17.5
11124,9/26/2021 2:22,17.5
11125,9/26/2021 2:32,17.54
11126,9/26/2021 2:42,17.41
11127,9/26/2021 2:52,17.41
11128,9/26/2021 3:02,17.37
11129,9/26/2021 3:12,17.2
11130,9/26/2021 3:22,17.16
11131,9/26/2021 3:32,17.16
11132,9/26/2021 3:42,17.16
11133,9/26/2021 3:52,17.11
11134,9/26/2021 4:02,17.07
11135,9/26/2021 4:12,17.03
11136,9/26/2021 4:22,16.99
11137,9/26/2021 4:32,16.99
11138,9/26/2021 4:42,16.94
11139,9/26/2021 4:52,16.94
11140,9/26/2021 5:02,16.9
11141,9/26/2021 5:12,16.81
11142,9/26/2021 5:22,16.73
11143,9/26/2021 5:32,16.64
11144,9/26/2021 5:42,16.56
11145,9/26/2021 5:52,16.34
11146,9/26/2021 6:02,16.3
11147,9/26/2021 6:12,16.3
11148,9/26/2021 6:22,16.26
11149,9/26/2021 6:32,16.3
11150,9/26/2021 6:42,16.34
11151,9/26/2021 6:52,16.34
11152,9/26/2021 7:02,16.3
11153,9/26/2021 7:12,16.21
11154,9/26/2021 7:22,16.17
11155,9/26/2021 7:32,16.13
11156,9/26/2021 7:42,16.04
11157,9/26/2021 7:52,16
11158,9/26/2021 8:02,15.96
11159,9/26/2021 8:12,15.91
11160,9/26/2021 8:22,15.87
11161,9/26/2021 8:32,15.91
11162,9/26/2021 8:42,15.96
11163,9/26/2021 8:52,15.91
11164,9/26/2021 9:02,15.91
11165,9/26/2021 9:12,15.78
11166,9/26/2021 9:22,15.83
11167,9/26/2021 9:32,15.87
11168,9/26/2021 9:42,15.83
11169,9/26/2021 9:52,15.83
11170,9/26/2021 10:02,16
11171,9/26/2021 10:12,16.21
11172,9/26/2021 10:22,16.47
11173,9/26/2021 10:32,16.56
11174,9/26/2021 10:42,16.64
11175,9/26/2021 10:52,16.64
11176,9/26/2021 11:02,16.73
11177,9/26/2021 11:12,16.73
11178,9/26/2021 11:22,16.77
11179,9/26/2021 11:32,16.9
11180,9/26/2021 11:42,16.99
11181,9/26/2021 11:52,16.99
11182,9/26/2021 12:02,16.99
11183,9/26/2021 12:12,17.11
11184,9/26/2021 12:22,17.11
11185,9/26/2021 12:32,17.16
11186,9/26/2021 12:42,17.16
11187,9/26/2021 12:52,17.24
11188,9/26/2021 13:02,17.33
11189,9/26/2021 13:12,17.33
11190,9/26/2021 13:22,17.24
11191,9/26/2021 13:32,17.29
11192,9/26/2021 13:42,17.24
11193,9/26/2021 13:52,17.29
11194,9/26/2021 14:02,17.5
11195,9/26/2021 14:12,17.54
11196,9/26/2021 14:22,17.59
11197,9/26/2021 14:32,17.59
11198,9/26/2021 14:42,17.63
11199,9/26/2021 14:52,17.67
11200,9/26/2021 15:02,17.67
11201,9/26/2021 15:12,17.72
11202,9/26/2021 15:22,17.76
11203,9/26/2021 15:32,17.84
11204,9/26/2021 15:42,17.97
11205,9/26/2021 15:52,18.02
11206,9/26/2021 16:02,18.02
11207,9/26/2021 16:12,18.02
11208,9/26/2021 16:22,18.06
11209,9/26/2021 16:32,18.06
11210,9/26/2021 16:42,18.06
11211,9/26/2021 16:52,18.06
11212,9/26/2021 17:02,18.1
11213,9/26/2021 17:12,18.1
11214,9/26/2021 17:22,18.14
11215,9/26/2021 17:32,18.14
11216,9/26/2021 17:42,18.14
11217,9/26/2021 17:52,18.14
11218,9/26/2021 18:02,17.97
11219,9/26/2021 18:12,18.02
11220,9/26/2021 18:22,18.02
11221,9/26/2021 18:32,18.02
11222,9/26/2021 18:42,18.06
11223,9/26/2021 18:52,18.1
11224,9/26/2021 19:02,18.1
11225,9/26/2021 19:12,17.97
11226,9/26/2021 19:22,17.84
11227,9/26/2021 19:32,17.84
11228,9/26/2021 19:42,17.72
11229,9/26/2021 19:52,17.67
11230,9/26/2021 20:02,17.54
11231,9/26/2021 20:12,17.46
11232,9/26/2021 20:22,17.29
11233,9/26/2021 20:32,17.2
11234,9/26/2021 20:42,17.03
11235,9/26/2021 20:52,16.9
11236,9/26/2021 21:02,16.69
11237,9/26/2021 21:12,16.56
11238,9/26/2021 21:22,16.3
11239,9/26/2021 21:32,15.31
11240,9/26/2021 21:42,14.84
11241,9/26/2021 21:52,14.88
11242,9/26/2021 22:02,14.84
11243,9/26/2021 22:12,14.88
11244,9/26/2021 22:22,14.97
11245,9/26/2021 22:32,14.97
11246,9/26/2021 22:42,14.93
11247,9/26/2021 22:52,14.88
11248,9/26/2021 23:02,14.88
11249,9/26/2021 23:12,14.97
11250,9/26/2021 23:22,14.93
11251,9/26/2021 23:32,14.97
11252,9/26/2021 23:42,15.01
11253,9/26/2021 23:52,14.97
11254,9/27/2021 0:02,14.97
11255,9/27/2021 0:12,14.93
11256,9/27/2021 0:22,14.88
11257,9/27/2021 0:32,14.88
11258,9/27/2021 0:42,14.93
11259,9/27/2021 0:52,14.93
11260,9/27/2021 1:02,14.88
11261,9/27/2021 1:12,14.88
11262,9/27/2021 1:22,14.93
11263,9/27/2021 1:32,15.4
11264,9/27/2021 1:42,15.61
11265,9/27/2021 1:52,15.74
11266,9/27/2021 2:02,15.96
11267,9/27/2021 2:12,16.04
11268,9/27/2021 2:22,16.17
11269,9/27/2021 2:32,16.34
11270,9/27/2021 2:42,16.56
11271,9/27/2021 2:52,16.69
11272,9/27/2021 3:02,16.81
11273,9/27/2021 3:12,16.81
11274,9/27/2021 3:22,16.81
11275,9/27/2021 3:32,16.86
11276,9/27/2021 3:42,16.73
11277,9/27/2021 3:52,16.77
11278,9/27/2021 4:02,16.77
11279,9/27/2021 4:12,16.73
11280,9/27/2021 4:22,16.77
11281,9/27/2021 4:32,16.69
11282,9/27/2021 4:42,16.73
11283,9/27/2021 4:52,16.73
11284,9/27/2021 5:02,16.73
11285,9/27/2021 5:12,16.73
11286,9/27/2021 5:22,16.77
11287,9/27/2021 5:32,16.73
11288,9/27/2021 5:42,16.73
11289,9/27/2021 5:52,16.77
11290,9/27/2021 6:02,16.81
11291,9/27/2021 6:12,16.81
11292,9/27/2021 6:22,16.81
11293,9/27/2021 6:32,16.77
11294,9/27/2021 6:42,16.77
11295,9/27/2021 6:52,16.73
11296,9/27/2021 7:02,16.77
11297,9/27/2021 7:12,16.81
11298,9/27/2021 7:22,16.77
11299,9/27/2021 7:32,16.77
11300,9/27/2021 7:42,16.77
11301,9/27/2021 7:52,16.77
11302,9/27/2021 8:02,16.86
11303,9/27/2021 8:12,16.81
11304,9/27/2021 8:22,16.86
11305,9/27/2021 8:32,16.81
11306,9/27/2021 8:42,16.86
11307,9/27/2021 8:52,16.9
11308,9/27/2021 9:02,16.81
11309,9/27/2021 9:12,16.81
11310,9/27/2021 9:22,16.9
11311,9/27/2021 9:32,16.9
11312,9/27/2021 9:42,16.9
11313,9/27/2021 9:52,16.94
11314,9/27/2021 10:02,16.94
11315,9/27/2021 10:12,16.94
11316,9/27/2021 10:22,17.03
11317,9/27/2021 10:32,17.07
11318,9/27/2021 10:42,17.11
11319,9/27/2021 10:52,17.16
11320,9/27/2021 11:02,17.2
11321,9/27/2021 11:12,17.24
11322,9/27/2021 11:22,17.37
11323,9/27/2021 11:32,17.37
11324,9/27/2021 11:42,17.5
11325,9/27/2021 11:52,17.59
11326,9/27/2021 12:02,17.63
11327,9/27/2021 12:12,17.76
11328,9/27/2021 12:22,17.93
11329,9/27/2021 12:32,18.14
11330,9/27/2021 12:42,18.23
11331,9/27/2021 12:52,18.36
11332,9/27/2021 13:02,18.36
11333,9/27/2021 13:12,18.49
11334,9/27/2021 13:22,18.53
11335,9/27/2021 13:32,18.53
11336,9/27/2021 13:42,18.62
11337,9/27/2021 13:52,18.66
11338,9/27/2021 14:02,18.66
11339,9/27/2021 14:12,18.57
11340,9/27/2021 14:22,18.66
11341,9/27/2021 14:32,18.74
11342,9/27/2021 14:42,18.74
11343,9/27/2021 14:52,18.83
11344,9/27/2021 15:02,18.87
11345,9/27/2021 15:12,18.87
11346,9/27/2021 15:22,18.96
11347,9/27/2021 15:32,18.96
11348,9/27/2021 15:42,18.96
11349,9/27/2021 15:52,18.96
11350,9/27/2021 16:02,18.96
11351,9/27/2021 16:12,18.96
11352,9/27/2021 16:22,18.96
11353,9/27/2021 16:32,18.92
11354,9/27/2021 16:42,18.96
11355,9/27/2021 16:52,18.96
11356,9/27/2021 17:02,18.96
11357,9/27/2021 17:12,18.92
11358,9/27/2021 17:22,18.92
11359,9/27/2021 17:32,18.92
11360,9/27/2021 17:42,19
11361,9/27/2021 17:52,19.05
11362,9/27/2021 18:02,19
11363,9/27/2021 18:12,19.09
11364,9/27/2021 18:22,19.05
11365,9/27/2021 18:32,19.05
11366,9/27/2021 18:42,19.05
11367,9/27/2021 18:52,19.17
11368,9/27/2021 19:02,19.17
11369,9/27/2021 19:12,19.22
11370,9/27/2021 19:22,19.3
11371,9/27/2021 19:32,19.05
11372,9/27/2021 19:42,19
11373,9/27/2021 19:52,19
11374,9/27/2021 20:02,18.96
11375,9/27/2021 20:12,19.05
11376,9/27/2021 20:22,19.05
11377,9/27/2021 20:32,19.05
11378,9/27/2021 20:42,19.13
11379,9/27/2021 20:52,19.09
11380,9/27/2021 21:02,19.13
11381,9/27/2021 21:12,19
11382,9/27/2021 21:22,18.87
11383,9/27/2021 21:32,18.66
11384,9/27/2021 21:42,18.27
11385,9/27/2021 21:52,17.93
11386,9/27/2021 22:02,17.72
11387,9/27/2021 22:12,16.94
11388,9/27/2021 22:22,15.61
11389,9/27/2021 22:32,15.23
11390,9/27/2021 22:42,15.18
11391,9/27/2021 22:52,14.97
11392,9/27/2021 23:02,14.93
11393,9/27/2021 23:12,14.71
11394,9/27/2021 23:22,14.54
11395,9/27/2021 23:32,14.45
11396,9/27/2021 23:42,14.33
11397,9/27/2021 23:52,14.24
11398,9/28/2021 0:02,14.03
11399,9/28/2021 0:12,13.9
11400,9/28/2021 0:22,13.6
11401,9/28/2021 0:32,13.25
11402,9/28/2021 0:42,13
11403,9/28/2021 0:52,12.61
11404,9/28/2021 1:02,12.22
11405,9/28/2021 1:12,12.14
11406,9/28/2021 1:22,11.97
11407,9/28/2021 1:32,11.84
11408,9/28/2021 1:42,11.71
11409,9/28/2021 1:52,11.45
11410,9/28/2021 2:02,11.28
11411,9/28/2021 2:12,11.24
11412,9/28/2021 2:22,11.75
11413,9/28/2021 2:32,11.79
11414,9/28/2021 2:42,11.97
11415,9/28/2021 2:52,12.48
11416,9/28/2021 3:02,13.43
11417,9/28/2021 3:12,13.98
11418,9/28/2021 3:22,14.45
11419,9/28/2021 3:32,15.14
11420,9/28/2021 3:42,15.7
11421,9/28/2021 3:52,16.04
11422,9/28/2021 4:02,16.39
11423,9/28/2021 4:12,16.56
11424,9/28/2021 4:22,16.69
11425,9/28/2021 4:32,16.69
11426,9/28/2021 4:42,16.64
11427,9/28/2021 4:52,16.64
11428,9/28/2021 5:02,16.64
11429,9/28/2021 5:12,16.6
11430,9/28/2021 5:22,16.56
11431,9/28/2021 5:32,16.43
11432,9/28/2021 5:42,16.3
11433,9/28/2021 5:52,16.21
11434,9/28/2021 6:02,16.17
11435,9/28/2021 6:12,16.08
11436,9/28/2021 6:22,16.08
11437,9/28/2021 6:32,16.04
11438,9/28/2021 6:42,16
11439,9/28/2021 6:52,16.04
11440,9/28/2021 7:02,16.08
11441,9/28/2021 7:12,16.17
11442,9/28/2021 7:22,16.3
11443,9/28/2021 7:32,16.34
11444,9/28/2021 7:42,16.34
11445,9/28/2021 7:52,16.39
11446,9/28/2021 8:02,16.39
11447,9/28/2021 8:12,16.39
11448,9/28/2021 8:22,16.43
11449,9/28/2021 8:32,16.39
11450,9/28/2021 8:42,16.43
11451,9/28/2021 8:52,16.56
11452,9/28/2021 9:02,16.56
11453,9/28/2021 9:12,16.56
11454,9/28/2021 9:22,16.56
11455,9/28/2021 9:32,16.64
11456,9/28/2021 9:42,16.73
11457,9/28/2021 9:52,16.81
11458,9/28/2021 10:02,16.81
11459,9/28/2021 10:12,16.81
11460,9/28/2021 10:22,16.77
11461,9/28/2021 10:32,16.64
11462,9/28/2021 10:42,16.56
11463,9/28/2021 10:52,16.51
11464,9/28/2021 11:02,16.43
11465,9/28/2021 11:12,16.51
11466,9/28/2021 11:22,16.64
11467,9/28/2021 11:32,16.47
11468,9/28/2021 11:42,16.39
11469,9/28/2021 11:52,16.34
11470,9/28/2021 12:02,16.39
11471,9/28/2021 12:12,16.64
11472,9/28/2021 12:22,17.16
11473,9/28/2021 12:32,17.89
11474,9/28/2021 12:42,17.67
11475,9/28/2021 12:52,17.8
11476,9/28/2021 13:02,18.4
11477,9/28/2021 13:12,18.74
11478,9/28/2021 13:22,18.83
11479,9/28/2021 13:32,18.92
11480,9/28/2021 13:42,18.92
11481,9/28/2021 13:52,19
11482,9/28/2021 14:02,19.09
11483,9/28/2021 14:12,19.17
11484,9/28/2021 14:22,19.3
11485,9/28/2021 14:32,19.3
11486,9/28/2021 14:42,19.26
11487,9/28/2021 14:52,19.22
11488,9/28/2021 15:02,19.17
11489,9/28/2021 15:12,18.96
11490,9/28/2021 15:22,18.87
11491,9/28/2021 15:32,18.74
11492,9/28/2021 15:42,18.66
11493,9/28/2021 15:52,18.62
11494,9/28/2021 16:02,18.44
11495,9/28/2021 16:12,18.4
11496,9/28/2021 16:22,18.36
11497,9/28/2021 16:32,18.27
11498,9/28/2021 16:42,18.27
11499,9/28/2021 16:52,18.27
11500,9/28/2021 17:02,18.27
11501,9/28/2021 17:12,18.27
11502,9/28/2021 17:22,18.23
11503,9/28/2021 17:32,18.06
11504,9/28/2021 17:42,18.02
11505,9/28/2021 17:52,17.89
11506,9/28/2021 18:02,17.89
11507,9/28/2021 18:12,17.89
11508,9/28/2021 18:22,17.8
11509,9/28/2021 18:32,17.63
11510,9/28/2021 18:42,17.46
11511,9/28/2021 18:52,17.33
11512,9/28/2021 19:02,17.2
11513,9/28/2021 19:12,17.16
11514,9/28/2021 19:22,17.11
11515,9/28/2021 19:32,16.99
11516,9/28/2021 19:42,16.86
11517,9/28/2021 19:52,16.86
11518,9/28/2021 20:02,16.94
11519,9/28/2021 20:12,17.11
11520,9/28/2021 20:22,17.03
11521,9/28/2021 20:32,17.37
11522,9/28/2021 20:42,17.5
11523,9/28/2021 20:52,17.37
11524,9/28/2021 21:02,17.37
11525,9/28/2021 21:12,17.29
11526,9/28/2021 21:22,17.16
11527,9/28/2021 21:32,17.07
11528,9/28/2021 21:42,17.03
11529,9/28/2021 21:52,16.99
11530,9/28/2021 22:02,17.03
11531,9/28/2021 22:12,17.16
11532,9/28/2021 22:22,17.11
11533,9/28/2021 22:32,16.9
11534,9/28/2021 22:42,16.64
11535,9/28/2021 22:52,16.3
11536,9/28/2021 23:02,16.08
11537,9/28/2021 23:12,15.96
11538,9/28/2021 23:22,15.74
11539,9/28/2021 23:32,14.75
11540,9/28/2021 23:42,13.94
11541,9/28/2021 23:52,13.68
11542,9/29/2021 0:02,13.47
11543,9/29/2021 0:12,13.3
11544,9/29/2021 0:22,13.12
11545,9/29/2021 0:32,13.04
11546,9/29/2021 0:42,12.78
11547,9/29/2021 0:52,12.52
11548,9/29/2021 1:02,12.27
11549,9/29/2021 1:12,12.4
11550,9/29/2021 1:22,12.31
11551,9/29/2021 1:32,12.4
11552,9/29/2021 1:42,12.31
11553,9/29/2021 1:52,12.44
11554,9/29/2021 2:02,12.31
11555,9/29/2021 2:12,12.05
11556,9/29/2021 2:22,11.92
11557,9/29/2021 2:32,11.71
11558,9/29/2021 2:42,11.67
11559,9/29/2021 2:52,11.71
11560,9/29/2021 3:02,11.62
11561,9/29/2021 3:12,11.62
11562,9/29/2021 3:22,11.54
11563,9/29/2021 3:32,11.41
11564,9/29/2021 3:42,11.32
11565,9/29/2021 3:52,11.28
11566,9/29/2021 4:02,11.45
11567,9/29/2021 4:12,12.01
11568,9/29/2021 4:22,12.4
11569,9/29/2021 4:32,12.52
11570,9/29/2021 4:42,13.04
11571,9/29/2021 4:52,13.68
11572,9/29/2021 5:02,14.54
11573,9/29/2021 5:12,14.84
11574,9/29/2021 5:22,15.4
11575,9/29/2021 5:32,15.61
11576,9/29/2021 5:42,15.74
11577,9/29/2021 5:52,15.83
11578,9/29/2021 6:02,15.91
11579,9/29/2021 6:12,16
11580,9/29/2021 6:22,16.08
11581,9/29/2021 6:32,16.04
11582,9/29/2021 6:42,15.87
11583,9/29/2021 6:52,15.91
11584,9/29/2021 7:02,15.83
11585,9/29/2021 7:12,15.83
11586,9/29/2021 7:22,15.78
11587,9/29/2021 7:32,15.78
11588,9/29/2021 7:42,15.78
11589,9/29/2021 7:52,15.78
11590,9/29/2021 8:02,15.83
11591,9/29/2021 8:12,15.83
11592,9/29/2021 8:22,15.87
11593,9/29/2021 8:32,15.87
11594,9/29/2021 8:42,15.91
11595,9/29/2021 8:52,15.91
11596,9/29/2021 9:02,15.96
11597,9/29/2021 9:12,16
11598,9/29/2021 9:22,16.04
11599,9/29/2021 9:32,16.04
11600,9/29/2021 9:42,16.13
11601,9/29/2021 9:52,16.21
11602,9/29/2021 10:02,16.26
11603,9/29/2021 10:12,16.3
11604,9/29/2021 10:22,16.47
11605,9/29/2021 10:32,16.51
11606,9/29/2021 10:42,16.6
11607,9/29/2021 10:52,16.69
11608,9/29/2021 11:02,16.86
11609,9/29/2021 11:12,16.94
11610,9/29/2021 11:22,17.03
11611,9/29/2021 11:32,17.16
11612,9/29/2021 11:42,17.33
11613,9/29/2021 11:52,17.46
11614,9/29/2021 12:02,17.63
11615,9/29/2021 12:12,17.84
11616,9/29/2021 12:22,18.06
11617,9/29/2021 12:32,18.23
11618,9/29/2021 12:42,18.32
11619,9/29/2021 12:52,18.49
11620,9/29/2021 13:02,18.62
11621,9/29/2021 13:12,18.74
11622,9/29/2021 13:22,18.96
11623,9/29/2021 13:32,19
11624,9/29/2021 13:42,19.05
11625,9/29/2021 13:52,19.13
11626,9/29/2021 14:02,19.22
11627,9/29/2021 14:12,19.3
11628,9/29/2021 14:22,19.43
11629,9/29/2021 14:32,19.56
11630,9/29/2021 14:42,19.56
11631,9/29/2021 14:52,19.65
11632,9/29/2021 15:02,19.65
11633,9/29/2021 15:12,19.73
11634,9/29/2021 15:22,19.65
11635,9/29/2021 15:32,19.52
11636,9/29/2021 15:42,19.52
11637,9/29/2021 15:52,19.47
11638,9/29/2021 16:02,19.3
11639,9/29/2021 16:12,19.09
11640,9/29/2021 16:22,19
11641,9/29/2021 16:32,19.05
11642,9/29/2021 16:42,18.83
11643,9/29/2021 16:52,18.62
11644,9/29/2021 17:02,18.44
11645,9/29/2021 17:12,18.32
11646,9/29/2021 17:22,18.19
11647,9/29/2021 17:32,18.06
11648,9/29/2021 17:42,17.97
11649,9/29/2021 17:52,17.97
11650,9/29/2021 18:02,17.89
11651,9/29/2021 18:12,17.84
11652,9/29/2021 18:22,17.84
11653,9/29/2021 18:32,17.72
11654,9/29/2021 18:42,17.72
11655,9/29/2021 18:52,17.72
11656,9/29/2021 19:02,17.72
11657,9/29/2021 19:12,17.72
11658,9/29/2021 19:22,17.67
11659,9/29/2021 19:32,17.67
11660,9/29/2021 19:42,17.63
11661,9/29/2021 19:52,17.63
11662,9/29/2021 20:02,17.63
11663,9/29/2021 20:12,17.59
11664,9/29/2021 20:22,17.67
11665,9/29/2021 20:32,17.72
11666,9/29/2021 20:42,17.72
11667,9/29/2021 20:52,17.84
11668,9/29/2021 21:02,17.89
11669,9/29/2021 21:12,17.97
11670,9/29/2021 21:22,18.06
11671,9/29/2021 21:32,18.1
11672,9/29/2021 21:42,18.27
11673,9/29/2021 21:52,18.44
11674,9/29/2021 22:02,18.57
11675,9/29/2021 22:12,18.49
11676,9/29/2021 22:22,18.4
11677,9/29/2021 22:32,18.32
11678,9/29/2021 22:42,18.19
11679,9/29/2021 22:52,18.06
11680,9/29/2021 23:02,17.89
11681,9/29/2021 23:12,17.8
11682,9/29/2021 23:22,17.59
11683,9/29/2021 23:32,17.29
11684,9/29/2021 23:42,17.11
11685,9/29/2021 23:52,16.86
11686,9/30/2021 0:02,16.08
11687,9/30/2021 0:12,14.88
11688,9/30/2021 0:22,14.11
11689,9/30/2021 0:32,13
11690,9/30/2021 0:42,12.61
11691,9/30/2021 0:52,12.87
11692,9/30/2021 1:02,13
11693,9/30/2021 1:12,12.57
11694,9/30/2021 1:22,11.67
11695,9/30/2021 1:32,12.05
11696,9/30/2021 1:42,11.54
11697,9/30/2021 1:52,11.37
11698,9/30/2021 2:02,11.37
11699,9/30/2021 2:12,10.89
11700,9/30/2021 2:22,10.77
11701,9/30/2021 2:32,10.51
11702,9/30/2021 2:42,10.34
11703,9/30/2021 2:52,10.21
11704,9/30/2021 3:02,10.08
11705,9/30/2021 3:12,9.69
11706,9/30/2021 3:22,9.78
11707,9/30/2021 3:32,9.65
11708,9/30/2021 3:42,9.48
11709,9/30/2021 3:52,9.52
11710,9/30/2021 4:02,9.26
11711,9/30/2021 4:12,9.39
11712,9/30/2021 4:22,9.56
11713,9/30/2021 4:32,9.09
11714,9/30/2021 4:42,9.09
11715,9/30/2021 4:52,8.88
11716,9/30/2021 5:02,8.75
11717,9/30/2021 5:12,8.62
11718,9/30/2021 5:22,9.05
11719,9/30/2021 5:32,11.32
11720,9/30/2021 5:42,11.79
11721,9/30/2021 5:52,12.91
11722,9/30/2021 6:02,13.77
11723,9/30/2021 6:12,14.58
11724,9/30/2021 6:22,15.4
11725,9/30/2021 6:32,15.91
11726,9/30/2021 6:42,16.26
11727,9/30/2021 6:52,16.3
11728,9/30/2021 7:02,16.3
11729,9/30/2021 7:12,16.26
11730,9/30/2021 7:22,16.26
11731,9/30/2021 7:32,16.3
11732,9/30/2021 7:42,16.34
11733,9/30/2021 7:52,16.26
11734,9/30/2021 8:02,16.3
11735,9/30/2021 8:12,16.34
11736,9/30/2021 8:22,16.34
11737,9/30/2021 8:32,16.34
11738,9/30/2021 8:42,16.34
11739,9/30/2021 8:52,16.26
11740,9/30/2021 9:02,16.34
11741,9/30/2021 9:12,16.39
11742,9/30/2021 9:22,16.43
11743,9/30/2021 9:32,16.47
11744,9/30/2021 9:42,16.47
11745,9/30/2021 9:52,16.56
11746,9/30/2021 10:02,16.64
11747,9/30/2021 10:12,16.73
11748,9/30/2021 10:22,16.77
11749,9/30/2021 10:32,16.81
11750,9/30/2021 10:42,16.94
11751,9/30/2021 10:52,16.99
11752,9/30/2021 11:02,17.03
11753,9/30/2021 11:12,17.11
11754,9/30/2021 11:22,17.2
11755,9/30/2021 11:32,17.2
11756,9/30/2021 11:42,17.33
11757,9/30/2021 11:52,17.59
11758,9/30/2021 12:02,17.84
11759,9/30/2021 12:12,18.02
11760,9/30/2021 12:22,18.27
11761,9/30/2021 12:32,18.36
11762,9/30/2021 12:42,18.53
11763,9/30/2021 12:52,18.74
11764,9/30/2021 13:02,18.87
11765,9/30/2021 13:12,19.17
11766,9/30/2021 13:22,19.35
11767,9/30/2021 13:32,19.6
11768,9/30/2021 13:42,19.86
11769,9/30/2021 13:52,20.03
11770,9/30/2021 14:02,20.29
11771,9/30/2021 14:12,20.25
11772,9/30/2021 14:22,20.29
11773,9/30/2021 14:32,20.33
11774,9/30/2021 14:42,20.37
11775,9/30/2021 14:52,20.42
11776,9/30/2021 15:02,20.55
11777,9/30/2021 15:12,20.68
11778,9/30/2021 15:22,20.59
11779,9/30/2021 15:32,20.63
11780,9/30/2021 15:42,20.63
11781,9/30/2021 15:52,20.59
11782,9/30/2021 16:02,20.63
11783,9/30/2021 16:12,20.72
11784,9/30/2021 16:22,20.76
11785,9/30/2021 16:32,20.63
11786,9/30/2021 16:42,20.37
11787,9/30/2021 16:52,20.33
11788,9/30/2021 17:02,20.29
11789,9/30/2021 17:12,20.37
11790,9/30/2021 17:22,20.42
11791,9/30/2021 17:32,20.5
11792,9/30/2021 17:42,20.46
11793,9/30/2021 17:52,20.42
11794,9/30/2021 18:02,20.37
11795,9/30/2021 18:12,20.42
11796,9/30/2021 18:22,20.37
11797,9/30/2021 18:32,20.46
11798,9/30/2021 18:42,20.33
11799,9/30/2021 18:52,20.03
11800,9/30/2021 19:02,19.52
11801,9/30/2021 19:12,19.47
11802,9/30/2021 19:22,19.22
11803,9/30/2021 19:32,19.13
11804,9/30/2021 19:42,19.22
11805,9/30/2021 19:52,19.17
11806,9/30/2021 20:02,19.09
11807,9/30/2021 20:12,18.96
11808,9/30/2021 20:22,18.79
11809,9/30/2021 20:32,18.49
11810,9/30/2021 20:42,18.36
11811,9/30/2021 20:52,18.32
11812,9/30/2021 21:02,18.19
11813,9/30/2021 21:12,18.19
11814,9/30/2021 21:22,18.14
11815,9/30/2021 21:32,18.19
11816,9/30/2021 21:42,18.06
11817,9/30/2021 21:52,17.93
11818,9/30/2021 22:02,17.89
11819,9/30/2021 22:12,18.06
11820,9/30/2021 22:22,18.23
11821,9/30/2021 22:32,18.49
11822,9/30/2021 22:42,18.74
11823,9/30/2021 22:52,18.87
11824,9/30/2021 23:02,19.05
11825,9/30/2021 23:12,19
11826,9/30/2021 23:22,19
11827,9/30/2021 23:32,19.13
11828,9/30/2021 23:42,19.13
11829,9/30/2021 23:52,19.22
11830,10/1/2021 0:02,19.22
11831,10/1/2021 0:12,19.05
11832,10/1/2021 0:22,18.79
11833,10/1/2021 0:32,18.53
11834,10/1/2021 0:42,18.27
11835,10/1/2021 0:52,17.59
11836,10/1/2021 1:02,14.71
11837,10/1/2021 1:12,13.81
11838,10/1/2021 1:22,13.17
11839,10/1/2021 1:32,12.74
11840,10/1/2021 1:42,12.74
11841,10/1/2021 1:52,12.35
11842,10/1/2021 2:02,12.1
11843,10/1/2021 2:12,11.79
11844,10/1/2021 2:22,11.62
11845,10/1/2021 2:32,11.97
11846,10/1/2021 2:42,11.71
11847,10/1/2021 2:52,11.32
11848,10/1/2021 3:02,10.98
11849,10/1/2021 3:12,11.24
11850,10/1/2021 3:22,10.89
11851,10/1/2021 3:32,10.59
11852,10/1/2021 3:42,10.38
11853,10/1/2021 3:52,10.34
11854,10/1/2021 4:02,10.16
11855,10/1/2021 4:12,10.16
11856,10/1/2021 4:22,10.34
11857,10/1/2021 4:32,10.08
11858,10/1/2021 4:42,9.95
11859,10/1/2021 4:52,9.78
11860,10/1/2021 5:02,9.86
11861,10/1/2021 5:12,9.48
11862,10/1/2021 5:22,9.44
11863,10/1/2021 5:32,9.26
11864,10/1/2021 5:42,8.79
11865,10/1/2021 5:52,8.71
11866,10/1/2021 6:02,8.88
11867,10/1/2021 6:12,10.29
11868,10/1/2021 6:22,12.14
11869,10/1/2021 6:32,12.65
11870,10/1/2021 6:42,13.73
11871,10/1/2021 6:52,14.8
11872,10/1/2021 7:02,15.7
11873,10/1/2021 7:12,16.13
11874,10/1/2021 7:22,16.21
11875,10/1/2021 7:32,16.34
11876,10/1/2021 7:42,16.3
11877,10/1/2021 7:52,16.21
11878,10/1/2021 8:02,16.21
11879,10/1/2021 8:12,16.3
11880,10/1/2021 8:22,16.3
11881,10/1/2021 8:32,16.3
11882,10/1/2021 8:42,16.26
11883,10/1/2021 8:52,16.3
11884,10/1/2021 9:02,16.34
11885,10/1/2021 9:12,16.34
11886,10/1/2021 9:22,16.39
11887,10/1/2021 9:32,16.39
11888,10/1/2021 9:42,16.39
11889,10/1/2021 9:52,16.47
11890,10/1/2021 10:02,16.56
11891,10/1/2021 10:12,16.6
11892,10/1/2021 10:22,16.69
11893,10/1/2021 10:32,16.73
11894,10/1/2021 10:42,16.77
11895,10/1/2021 10:52,16.86
11896,10/1/2021 11:02,16.9
11897,10/1/2021 11:12,16.94
11898,10/1/2021 11:22,17.03
11899,10/1/2021 11:32,17.11
11900,10/1/2021 11:42,17.24
11901,10/1/2021 11:52,17.29
11902,10/1/2021 12:02,17.41
11903,10/1/2021 12:12,17.5
11904,10/1/2021 12:22,17.67
11905,10/1/2021 12:32,17.84
11906,10/1/2021 12:42,17.97
11907,10/1/2021 12:52,18.14
11908,10/1/2021 13:02,18.36
11909,10/1/2021 13:12,18.53
11910,10/1/2021 13:22,18.74
11911,10/1/2021 13:32,18.96
11912,10/1/2021 13:42,19.09
11913,10/1/2021 13:52,19.3
11914,10/1/2021 14:02,19.52
11915,10/1/2021 14:12,19.73
11916,10/1/2021 14:22,20.12
11917,10/1/2021 14:32,20.29
11918,10/1/2021 14:42,20.42
11919,10/1/2021 14:52,20.5
11920,10/1/2021 15:02,20.59
11921,10/1/2021 15:12,20.68
11922,10/1/2021 15:22,20.85
11923,10/1/2021 15:32,21.02
11924,10/1/2021 15:42,20.98
11925,10/1/2021 15:52,20.93
11926,10/1/2021 16:02,20.85
11927,10/1/2021 16:12,20.8
11928,10/1/2021 16:22,20.68
11929,10/1/2021 16:32,20.63
11930,10/1/2021 16:42,20.63
11931,10/1/2021 16:52,20.55
11932,10/1/2021 17:02,20.37
11933,10/1/2021 17:12,20.33
11934,10/1/2021 17:22,20.37
11935,10/1/2021 17:32,20.42
11936,10/1/2021 17:42,20.42
11937,10/1/2021 17:52,20.46
11938,10/1/2021 18:02,20.25
11939,10/1/2021 18:12,19.82
11940,10/1/2021 18:22,19.6
11941,10/1/2021 18:32,19.47
11942,10/1/2021 18:42,19.35
11943,10/1/2021 18:52,19.3
11944,10/1/2021 19:02,19.13
11945,10/1/2021 19:12,18.79
11946,10/1/2021 19:22,18.44
11947,10/1/2021 19:32,18.36
11948,10/1/2021 19:42,18.23
11949,10/1/2021 19:52,18.19
11950,10/1/2021 20:02,18.19
11951,10/1/2021 20:12,18.06
11952,10/1/2021 20:22,17.93
11953,10/1/2021 20:32,17.89
11954,10/1/2021 20:42,17.89
11955,10/1/2021 20:52,17.93
11956,10/1/2021 21:02,17.76
11957,10/1/2021 21:12,17.67
11958,10/1/2021 21:22,17.63
11959,10/1/2021 21:32,17.59
11960,10/1/2021 21:42,17.54
11961,10/1/2021 21:52,17.33
11962,10/1/2021 22:02,17.33
11963,10/1/2021 22:12,17.29
11964,10/1/2021 22:22,17.2
11965,10/1/2021 22:32,17.2
11966,10/1/2021 22:42,17.2
11967,10/1/2021 22:52,17.16
11968,10/1/2021 23:02,17.16
11969,10/1/2021 23:12,17.16
11970,10/1/2021 23:22,17.16
11971,10/1/2021 23:32,17.33
11972,10/1/2021 23:42,17.63
11973,10/1/2021 23:52,17.89
11974,10/2/2021 0:02,18.36
11975,10/2/2021 0:12,18.66
11976,10/2/2021 0:22,18.57
11977,10/2/2021 0:32,18.53
11978,10/2/2021 0:42,18.53
11979,10/2/2021 0:52,18.66
11980,10/2/2021 1:02,18.74
11981,10/2/2021 1:12,18.74
11982,10/2/2021 1:22,18.57
11983,10/2/2021 1:32,18.4
11984,10/2/2021 1:42,18.19
11985,10/2/2021 1:52,17.89
11986,10/2/2021 2:02,16.17
11987,10/2/2021 2:12,13.17
11988,10/2/2021 2:22,12.48
11989,10/2/2021 2:32,12.14
11990,10/2/2021 2:42,11.88
11991,10/2/2021 2:52,11.75
11992,10/2/2021 3:02,11.49
11993,10/2/2021 3:12,11.41
11994,10/2/2021 3:22,11.19
11995,10/2/2021 3:32,11.11
11996,10/2/2021 3:42,10.77
11997,10/2/2021 3:52,10.55
11998,10/2/2021 4:02,10.42
11999,10/2/2021 4:12,10.38
12000,10/2/2021 4:22,10.04
12001,10/2/2021 4:32,10.08
12002,10/2/2021 4:42,9.91
12003,10/2/2021 4:52,9.91
12004,10/2/2021 5:02,9.91
12005,10/2/2021 5:12,9.91
12006,10/2/2021 5:22,9.74
12007,10/2/2021 5:32,9.86
12008,10/2/2021 5:42,9.69
12009,10/2/2021 5:52,9.26
12010,10/2/2021 6:02,9.14
12011,10/2/2021 6:12,9.05
12012,10/2/2021 6:22,8.96
12013,10/2/2021 6:32,9.01
12014,10/2/2021 6:42,9.14
12015,10/2/2021 6:52,11.02
12016,10/2/2021 7:02,12.1
12017,10/2/2021 7:12,12.82
12018,10/2/2021 7:22,13.81
12019,10/2/2021 7:32,15.1
12020,10/2/2021 7:42,15.83
12021,10/2/2021 7:52,15.78
12022,10/2/2021 8:02,15.61
12023,10/2/2021 8:12,15.66
12024,10/2/2021 8:22,15.78
12025,10/2/2021 8:32,15.91
12026,10/2/2021 8:42,15.91
12027,10/2/2021 8:52,15.96
12028,10/2/2021 9:02,15.96
12029,10/2/2021 9:12,16
12030,10/2/2021 9:22,16
12031,10/2/2021 9:32,16.04
12032,10/2/2021 9:42,16.08
12033,10/2/2021 9:52,16.17
12034,10/2/2021 10:02,16.21
12035,10/2/2021 10:12,16.26
12036,10/2/2021 10:22,16.34
12037,10/2/2021 10:32,16.34
12038,10/2/2021 10:42,16.47
12039,10/2/2021 10:52,16.51
12040,10/2/2021 11:02,16.64
12041,10/2/2021 11:12,16.69
12042,10/2/2021 11:22,16.77
12043,10/2/2021 11:32,16.81
12044,10/2/2021 11:42,16.81
12045,10/2/2021 11:52,16.94
12046,10/2/2021 12:02,16.99
12047,10/2/2021 12:12,17.11
12048,10/2/2021 12:22,17.16
12049,10/2/2021 12:32,17.29
12050,10/2/2021 12:42,17.46
12051,10/2/2021 12:52,17.54
12052,10/2/2021 13:02,17.59
12053,10/2/2021 13:12,17.72
12054,10/2/2021 13:22,17.93
12055,10/2/2021 13:32,18.1
12056,10/2/2021 13:42,18.36
12057,10/2/2021 13:52,18.62
12058,10/2/2021 14:02,18.87
12059,10/2/2021 14:12,19
12060,10/2/2021 14:22,19.22
12061,10/2/2021 14:32,19.39
12062,10/2/2021 14:42,19.65
12063,10/2/2021 14:52,19.77
12064,10/2/2021 15:02,20.07
12065,10/2/2021 15:12,20.25
12066,10/2/2021 15:22,20.63
12067,10/2/2021 15:32,20.8
12068,10/2/2021 15:42,20.85
12069,10/2/2021 15:52,21.02
12070,10/2/2021 16:02,21.02
12071,10/2/2021 16:12,20.98
12072,10/2/2021 16:22,21.15
12073,10/2/2021 16:32,21.28
12074,10/2/2021 16:42,21.1
12075,10/2/2021 16:52,20.93
12076,10/2/2021 17:02,20.72
12077,10/2/2021 17:12,20.42
12078,10/2/2021 17:22,20.25
12079,10/2/2021 17:32,19.95
12080,10/2/2021 17:42,19.52
12081,10/2/2021 17:52,19.26
12082,10/2/2021 18:02,18.79
12083,10/2/2021 18:12,18.49
12084,10/2/2021 18:22,18.27
12085,10/2/2021 18:32,18.02
12086,10/2/2021 18:42,17.8
12087,10/2/2021 18:52,17.67
12088,10/2/2021 19:02,17.54
12089,10/2/2021 19:12,17.54
12090,10/2/2021 19:22,17.5
12091,10/2/2021 19:32,17.46
12092,10/2/2021 19:42,17.46
12093,10/2/2021 19:52,17.37
12094,10/2/2021 20:02,17.33
12095,10/2/2021 20:12,17.33
12096,10/2/2021 20:22,17.33
12097,10/2/2021 20:32,17.29
12098,10/2/2021 20:42,17.29
12099,10/2/2021 20:52,17.24
12100,10/2/2021 21:02,17.24
12101,10/2/2021 21:12,17.2
12102,10/2/2021 21:22,17.24
12103,10/2/2021 21:32,17.24
12104,10/2/2021 21:42,17.33
12105,10/2/2021 21:52,17.29
12106,10/2/2021 22:02,17.29
12107,10/2/2021 22:12,17.2
12108,10/2/2021 22:22,17.2
12109,10/2/2021 22:32,17.16
12110,10/2/2021 22:42,16.94
12111,10/2/2021 22:52,16.81
12112,10/2/2021 23:02,16.69
12113,10/2/2021 23:12,16.56
12114,10/2/2021 23:22,16.56
12115,10/2/2021 23:32,16.56
12116,10/2/2021 23:42,16.56
12117,10/2/2021 23:52,16.51
12118,10/3/2021 0:02,16.51
12119,10/3/2021 0:12,16.43
12120,10/3/2021 0:22,16.51
12121,10/3/2021 0:32,16.51
12122,10/3/2021 0:42,16.56
12123,10/3/2021 0:52,16.77
12124,10/3/2021 1:02,16.9
12125,10/3/2021 1:12,16.99
12126,10/3/2021 1:22,17.16
12127,10/3/2021 1:32,17.33
12128,10/3/2021 1:42,17.37
12129,10/3/2021 1:52,17.41
12130,10/3/2021 2:02,17.46
12131,10/3/2021 2:12,17.41
12132,10/3/2021 2:22,17.29
12133,10/3/2021 2:32,17.16
12134,10/3/2021 2:42,16.77
12135,10/3/2021 2:52,14.88
12136,10/3/2021 3:02,12.57
12137,10/3/2021 3:12,12.01
12138,10/3/2021 3:22,11.58
12139,10/3/2021 3:32,11.45
12140,10/3/2021 3:42,11.15
12141,10/3/2021 3:52,10.77
12142,10/3/2021 4:02,10.68
12143,10/3/2021 4:12,10.46
12144,10/3/2021 4:22,10.51
12145,10/3/2021 4:32,10.29
12146,10/3/2021 4:42,9.95
12147,10/3/2021 4:52,9.78
12148,10/3/2021 5:02,9.74
12149,10/3/2021 5:12,9.44
12150,10/3/2021 5:22,9.35
12151,10/3/2021 5:32,9.48
12152,10/3/2021 5:42,9.44
12153,10/3/2021 5:52,9.39
12154,10/3/2021 6:02,9.26
12155,10/3/2021 6:12,9.26
12156,10/3/2021 6:22,9.09
12157,10/3/2021 6:32,9.22
12158,10/3/2021 6:42,8.92
12159,10/3/2021 6:52,8.79
12160,10/3/2021 7:02,8.71
12161,10/3/2021 7:12,8.75
12162,10/3/2021 7:22,11.07
12163,10/3/2021 7:32,11.88
12164,10/3/2021 7:42,12.7
12165,10/3/2021 7:52,13.94
12166,10/3/2021 8:02,15.01
12167,10/3/2021 8:12,15.36
12168,10/3/2021 8:22,15.48
12169,10/3/2021 8:32,15.57
12170,10/3/2021 8:42,15.66
12171,10/3/2021 8:52,15.7
12172,10/3/2021 9:02,15.74
12173,10/3/2021 9:12,15.74
12174,10/3/2021 9:22,15.78
12175,10/3/2021 9:32,15.87
12176,10/3/2021 9:42,15.91
12177,10/3/2021 9:52,15.91
12178,10/3/2021 10:02,16
12179,10/3/2021 10:12,16
12180,10/3/2021 10:22,16.04
12181,10/3/2021 10:32,16.13
12182,10/3/2021 10:42,16.17
12183,10/3/2021 10:52,16.21
12184,10/3/2021 11:02,16.26
12185,10/3/2021 11:12,16.3
12186,10/3/2021 11:22,16.34
12187,10/3/2021 11:32,16.39
12188,10/3/2021 11:42,16.43
12189,10/3/2021 11:52,16.47
12190,10/3/2021 12:02,16.56
12191,10/3/2021 12:12,16.6
12192,10/3/2021 12:22,16.64
12193,10/3/2021 12:32,16.73
12194,10/3/2021 12:42,16.77
12195,10/3/2021 12:52,16.86
12196,10/3/2021 13:02,16.94
12197,10/3/2021 13:12,17.07
12198,10/3/2021 13:22,17.16
12199,10/3/2021 13:32,17.29
12200,10/3/2021 13:42,17.46
12201,10/3/2021 13:52,17.67
12202,10/3/2021 14:02,17.89
12203,10/3/2021 14:12,18.14
12204,10/3/2021 14:22,18.32
12205,10/3/2021 14:32,18.49
12206,10/3/2021 14:42,18.74
12207,10/3/2021 14:52,19.05
12208,10/3/2021 15:02,19.26
12209,10/3/2021 15:12,19.52
12210,10/3/2021 15:22,19.73
12211,10/3/2021 15:32,19.99
12212,10/3/2021 15:42,20.2
12213,10/3/2021 15:52,20.5
12214,10/3/2021 16:02,20.76
12215,10/3/2021 16:12,21.02
12216,10/3/2021 16:22,21.06
12217,10/3/2021 16:32,21.15
12218,10/3/2021 16:42,21.15
12219,10/3/2021 16:52,21.28
12220,10/3/2021 17:02,21.19
12221,10/3/2021 17:12,20.85
12222,10/3/2021 17:22,20.72
12223,10/3/2021 17:32,20.68
12224,10/3/2021 17:42,20.72
12225,10/3/2021 17:52,20.5
12226,10/3/2021 18:02,20.03
12227,10/3/2021 18:12,19.6
12228,10/3/2021 18:22,19.22
12229,10/3/2021 18:32,18.74
12230,10/3/2021 18:42,18.14
12231,10/3/2021 18:52,17.72
12232,10/3/2021 19:02,17.33
12233,10/3/2021 19:12,17.11
12234,10/3/2021 19:22,16.99
12235,10/3/2021 19:32,16.99
12236,10/3/2021 19:42,16.99
12237,10/3/2021 19:52,17.03
12238,10/3/2021 20:02,17.03
12239,10/3/2021 20:12,17.03
12240,10/3/2021 20:22,17.03
12241,10/3/2021 20:32,17.03
12242,10/3/2021 20:42,16.99
12243,10/3/2021 20:52,17.03
12244,10/3/2021 21:02,16.94
12245,10/3/2021 21:12,16.99
12246,10/3/2021 21:22,16.94
12247,10/3/2021 21:32,16.99
12248,10/3/2021 21:42,16.94
12249,10/3/2021 21:52,16.94
12250,10/3/2021 22:02,16.99
12251,10/3/2021 22:12,16.94
12252,10/3/2021 22:22,17.03
12253,10/3/2021 22:32,16.99
12254,10/3/2021 22:42,17.03
12255,10/3/2021 22:52,17.03
12256,10/3/2021 23:02,16.99
12257,10/3/2021 23:12,16.99
12258,10/3/2021 23:22,16.86
12259,10/3/2021 23:32,16.56
12260,10/3/2021 23:42,16.43
12261,10/3/2021 23:52,16.43
12262,10/4/2021 0:02,16.39
12263,10/4/2021 0:12,16.3
12264,10/4/2021 0:22,16.26
12265,10/4/2021 0:32,16.21
12266,10/4/2021 0:42,16.21
12267,10/4/2021 0:52,16.17
12268,10/4/2021 1:02,16.17
12269,10/4/2021 1:12,16.17
12270,10/4/2021 1:22,16.13
12271,10/4/2021 1:32,16.13
12272,10/4/2021 1:42,16.13
12273,10/4/2021 1:52,16.21
12274,10/4/2021 2:02,16.47
12275,10/4/2021 2:12,16.69
12276,10/4/2021 2:22,16.69
12277,10/4/2021 2:32,16.77
12278,10/4/2021 2:42,16.77
12279,10/4/2021 2:52,16.81
12280,10/4/2021 3:02,16.77
12281,10/4/2021 3:12,16.6
12282,10/4/2021 3:22,16.47
12283,10/4/2021 3:32,16.26
12284,10/4/2021 3:42,15.74
12285,10/4/2021 3:52,13.98
12286,10/4/2021 4:02,12.65
12287,10/4/2021 4:12,11.88
12288,10/4/2021 4:22,11.75
12289,10/4/2021 4:32,11.54
12290,10/4/2021 4:42,11.37
12291,10/4/2021 4:52,11.28
12292,10/4/2021 5:02,11.11
12293,10/4/2021 5:12,11.19
12294,10/4/2021 5:22,11.49
12295,10/4/2021 5:32,11.37
12296,10/4/2021 5:42,11.37
12297,10/4/2021 5:52,10.89
12298,10/4/2021 6:02,10.59
12299,10/4/2021 6:12,10.29
12300,10/4/2021 6:22,9.74
12301,10/4/2021 6:32,9.44
12302,10/4/2021 6:42,9.31
12303,10/4/2021 6:52,9.01
12304,10/4/2021 7:02,8.75
12305,10/4/2021 7:12,8.49
12306,10/4/2021 7:22,8.36
12307,10/4/2021 7:32,8.28
12308,10/4/2021 7:42,9.78
12309,10/4/2021 7:52,12.1
12310,10/4/2021 8:02,12.95
12311,10/4/2021 8:12,13.98
12312,10/4/2021 8:22,14.97
12313,10/4/2021 8:32,15.4
12314,10/4/2021 8:42,15.48
12315,10/4/2021 8:52,15.61
12316,10/4/2021 9:02,15.61
12317,10/4/2021 9:12,15.7
12318,10/4/2021 9:22,15.74
12319,10/4/2021 9:32,15.78
12320,10/4/2021 9:42,15.78
12321,10/4/2021 9:52,15.83
12322,10/4/2021 10:02,15.91
12323,10/4/2021 10:12,15.91
12324,10/4/2021 10:22,15.91
12325,10/4/2021 10:32,16
12326,10/4/2021 10:42,16.04
12327,10/4/2021 10:52,16.13
12328,10/4/2021 11:02,16.21
12329,10/4/2021 11:12,16.43
12330,10/4/2021 11:22,16.47
12331,10/4/2021 11:32,16.56
12332,10/4/2021 11:42,16.69
12333,10/4/2021 11:52,16.81
12334,10/4/2021 12:02,16.9
12335,10/4/2021 12:12,16.99
12336,10/4/2021 12:22,16.99
12337,10/4/2021 12:32,17.03
12338,10/4/2021 12:42,16.86
12339,10/4/2021 12:52,16.9
12340,10/4/2021 13:02,16.94
12341,10/4/2021 13:12,16.99
12342,10/4/2021 13:22,16.99
12343,10/4/2021 13:32,17.03
12344,10/4/2021 13:42,17.07
12345,10/4/2021 13:52,17.11
12346,10/4/2021 14:02,17.24
12347,10/4/2021 14:12,17.29
12348,10/4/2021 14:22,17.41
12349,10/4/2021 14:32,17.54
12350,10/4/2021 14:42,17.8
12351,10/4/2021 14:52,17.97
12352,10/4/2021 15:02,18.14
12353,10/4/2021 15:12,18.27
12354,10/4/2021 15:22,18.53
12355,10/4/2021 15:32,18.7
12356,10/4/2021 15:42,18.87
12357,10/4/2021 15:52,19.05
12358,10/4/2021 16:02,19.3
12359,10/4/2021 16:12,19.56
12360,10/4/2021 16:22,19.69
12361,10/4/2021 16:32,19.9
12362,10/4/2021 16:42,19.9
12363,10/4/2021 16:52,19.9
12364,10/4/2021 17:02,19.86
12365,10/4/2021 17:12,19.77
12366,10/4/2021 17:22,19.65
12367,10/4/2021 17:32,19.3
12368,10/4/2021 17:42,19.13
12369,10/4/2021 17:52,19.05
12370,10/4/2021 18:02,19
12371,10/4/2021 18:12,18.96
12372,10/4/2021 18:22,18.83
12373,10/4/2021 18:32,18.57
12374,10/4/2021 18:42,18.7
12375,10/4/2021 18:52,18.7
12376,10/4/2021 19:02,18.53
12377,10/4/2021 19:12,18.27
12378,10/4/2021 19:22,17.93
12379,10/4/2021 19:32,17.5
12380,10/4/2021 19:42,17.16
12381,10/4/2021 19:52,16.86
12382,10/4/2021 20:02,16.69
12383,10/4/2021 20:12,16.56
12384,10/4/2021 20:22,16.51
12385,10/4/2021 20:32,16.43
12386,10/4/2021 20:42,16.43
12387,10/4/2021 20:52,16.39
12388,10/4/2021 21:02,16.39
12389,10/4/2021 21:12,16.39
12390,10/4/2021 21:22,16.39
12391,10/4/2021 21:32,16.43
12392,10/4/2021 21:42,16.43
12393,10/4/2021 21:52,16.47
12394,10/4/2021 22:02,16.51
12395,10/4/2021 22:12,16.51
12396,10/4/2021 22:22,16.43
12397,10/4/2021 22:32,16.43
12398,10/4/2021 22:42,16.43
12399,10/4/2021 22:52,16.47
12400,10/4/2021 23:02,16.47
12401,10/4/2021 23:12,16.43
12402,10/4/2021 23:22,16.56
12403,10/4/2021 23:32,16.56
12404,10/4/2021 23:42,16.6
12405,10/4/2021 23:52,16.69
12406,10/5/2021 0:02,16.73
12407,10/5/2021 0:12,16.81
12408,10/5/2021 0:22,16.73
12409,10/5/2021 0:32,16.6
12410,10/5/2021 0:42,16.39
12411,10/5/2021 0:52,16.43
12412,10/5/2021 1:02,16.39
12413,10/5/2021 1:12,16.43
12414,10/5/2021 1:22,16.39
12415,10/5/2021 1:32,16.39
12416,10/5/2021 1:42,16.34
12417,10/5/2021 1:52,16.43
12418,10/5/2021 2:02,16.39
12419,10/5/2021 2:12,16.34
12420,10/5/2021 2:22,16.34
12421,10/5/2021 2:32,16.39
12422,10/5/2021 2:42,16.47
12423,10/5/2021 2:52,16.64
12424,10/5/2021 3:02,16.73
12425,10/5/2021 3:12,16.73
12426,10/5/2021 3:22,16.73
12427,10/5/2021 3:32,16.73
12428,10/5/2021 3:42,16.6
12429,10/5/2021 3:52,16.43
12430,10/5/2021 4:02,16.26
12431,10/5/2021 4:12,16.26
12432,10/5/2021 4:22,16.08
12433,10/5/2021 4:32,15.57
12434,10/5/2021 4:42,14.07
12435,10/5/2021 4:52,13.47
12436,10/5/2021 5:02,13.08
12437,10/5/2021 5:12,12.95
12438,10/5/2021 5:22,12.91
12439,10/5/2021 5:32,12.82
12440,10/5/2021 5:42,12.74
12441,10/5/2021 5:52,12.65
12442,10/5/2021 6:02,12.57
12443,10/5/2021 6:12,12.74
12444,10/5/2021 6:22,12.57
12445,10/5/2021 6:32,12.48
12446,10/5/2021 6:42,12.35
12447,10/5/2021 6:52,12.27
12448,10/5/2021 7:02,12.44
12449,10/5/2021 7:12,12.4
12450,10/5/2021 7:22,12.35
12451,10/5/2021 7:32,12.4
12452,10/5/2021 7:42,12.48
12453,10/5/2021 7:52,12.52
12454,10/5/2021 8:02,13.68
12455,10/5/2021 8:12,14.33
12456,10/5/2021 8:22,14.67
12457,10/5/2021 8:32,15.18
12458,10/5/2021 8:42,15.53
12459,10/5/2021 8:52,15.83
12460,10/5/2021 9:02,15.96
12461,10/5/2021 9:12,15.91
12462,10/5/2021 9:22,15.91
12463,10/5/2021 9:32,15.91
12464,10/5/2021 9:42,15.87
12465,10/5/2021 9:52,15.91
12466,10/5/2021 10:02,15.91
12467,10/5/2021 10:12,15.96
12468,10/5/2021 10:22,15.96
12469,10/5/2021 10:32,15.96
12470,10/5/2021 10:42,15.96
12471,10/5/2021 10:52,16
12472,10/5/2021 11:02,15.96
12473,10/5/2021 11:12,16
12474,10/5/2021 11:22,16.04
12475,10/5/2021 11:32,16.04
12476,10/5/2021 11:42,16.08
12477,10/5/2021 11:52,16.04
12478,10/5/2021 12:02,16.17
12479,10/5/2021 12:12,16.17
12480,10/5/2021 12:22,16.26
12481,10/5/2021 12:32,16.3
12482,10/5/2021 12:42,16.3
12483,10/5/2021 12:52,16.34
12484,10/5/2021 13:02,16.34
12485,10/5/2021 13:12,16.51
12486,10/5/2021 13:22,16.6
12487,10/5/2021 13:32,16.56
12488,10/5/2021 13:42,16.51
12489,10/5/2021 13:52,16.51
12490,10/5/2021 14:02,16.56
12491,10/5/2021 14:12,16.6
12492,10/5/2021 14:22,16.69
12493,10/5/2021 14:32,16.77
12494,10/5/2021 14:42,16.86
12495,10/5/2021 14:52,16.94
12496,10/5/2021 15:02,17.07
12497,10/5/2021 15:12,17.2
12498,10/5/2021 15:22,17.41
12499,10/5/2021 15:32,17.63
12500,10/5/2021 15:42,17.8
12501,10/5/2021 15:52,17.84
12502,10/5/2021 16:02,17.93
12503,10/5/2021 16:12,17.97
12504,10/5/2021 16:22,18.02
12505,10/5/2021 16:32,18.14
12506,10/5/2021 16:42,18.23
12507,10/5/2021 16:52,18.32
12508,10/5/2021 17:02,18.27
12509,10/5/2021 17:12,18.32
12510,10/5/2021 17:22,18.06
12511,10/5/2021 17:32,17.03
12512,10/5/2021 17:42,15.83
12513,10/5/2021 17:52,15.18
12514,10/5/2021 18:02,14.88
12515,10/5/2021 18:12,14.75
12516,10/5/2021 18:22,14.71
12517,10/5/2021 18:32,14.54
12518,10/5/2021 18:42,14.45
12519,10/5/2021 18:52,14.45
12520,10/5/2021 19:02,14.33
12521,10/5/2021 19:12,14.37
12522,10/5/2021 19:22,14.37
12523,10/5/2021 19:32,14.84
12524,10/5/2021 19:42,15.66
12525,10/5/2021 19:52,16.04
12526,10/5/2021 20:02,16.51
12527,10/5/2021 20:12,16.73
12528,10/5/2021 20:22,16.81
12529,10/5/2021 20:32,16.81
12530,10/5/2021 20:42,16.81
12531,10/5/2021 20:52,16.73
12532,10/5/2021 21:02,16.69
12533,10/5/2021 21:12,16.6
12534,10/5/2021 21:22,16.56
12535,10/5/2021 21:32,16.51
12536,10/5/2021 21:42,16.43
12537,10/5/2021 21:52,16.39
12538,10/5/2021 22:02,16.43
12539,10/5/2021 22:12,16.51
12540,10/5/2021 22:22,16.43
12541,10/5/2021 22:32,16.47
12542,10/5/2021 22:42,16.43
12543,10/5/2021 22:52,16.39
12544,10/5/2021 23:02,16.47
12545,10/5/2021 23:12,16.51
12546,10/5/2021 23:22,16.6
12547,10/5/2021 23:32,16.64
12548,10/5/2021 23:42,16.6
12549,10/5/2021 23:52,16.51
12550,10/6/2021 0:02,16.47
12551,10/6/2021 0:12,16.39
12552,10/6/2021 0:22,16.43
12553,10/6/2021 0:32,16.39
12554,10/6/2021 0:42,16.43
12555,10/6/2021 0:52,16.47
12556,10/6/2021 1:02,16.39
12557,10/6/2021 1:12,16.43
12558,10/6/2021 1:22,16.43
12559,10/6/2021 1:32,16.43
12560,10/6/2021 1:42,16.39
12561,10/6/2021 1:52,16.39
12562,10/6/2021 2:02,16.39
12563,10/6/2021 2:12,16.3
12564,10/6/2021 2:22,16.26
12565,10/6/2021 2:32,16.21
12566,10/6/2021 2:42,16.17
12567,10/6/2021 2:52,16.08
12568,10/6/2021 3:02,16
12569,10/6/2021 3:12,16.04
12570,10/6/2021 3:22,16
12571,10/6/2021 3:32,15.91
12572,10/6/2021 3:42,15.78
12573,10/6/2021 3:52,15.74
12574,10/6/2021 4:02,15.74
12575,10/6/2021 4:12,15.7
12576,10/6/2021 4:22,15.7
12577,10/6/2021 4:32,15.57
12578,10/6/2021 4:42,15.48
12579,10/6/2021 4:52,15.4
12580,10/6/2021 5:02,15.44
12581,10/6/2021 5:12,15.23
12582,10/6/2021 5:22,14.8
12583,10/6/2021 5:32,14.24
12584,10/6/2021 5:42,13.94
12585,10/6/2021 5:52,13.77
12586,10/6/2021 6:02,13.68
12587,10/6/2021 6:12,13.51
12588,10/6/2021 6:22,13.55
12589,10/6/2021 6:32,13.55
12590,10/6/2021 6:42,13.34
12591,10/6/2021 6:52,13.25
12592,10/6/2021 7:02,13.21
12593,10/6/2021 7:12,13.08
12594,10/6/2021 7:22,12.87
12595,10/6/2021 7:32,13
12596,10/6/2021 7:42,13.17
12597,10/6/2021 7:52,13.21
12598,10/6/2021 8:02,13.3
12599,10/6/2021 8:12,13.47
12600,10/6/2021 8:22,13.98
12601,10/6/2021 8:32,14.58
12602,10/6/2021 8:42,14.88
12603,10/6/2021 8:52,15.23
12604,10/6/2021 9:02,15.48
12605,10/6/2021 9:12,15.66
12606,10/6/2021 9:22,15.83
12607,10/6/2021 9:32,15.87
12608,10/6/2021 9:42,15.87
12609,10/6/2021 9:52,15.91
12610,10/6/2021 10:02,15.96
12611,10/6/2021 10:12,15.96
12612,10/6/2021 10:22,15.96
12613,10/6/2021 10:32,15.96
12614,10/6/2021 10:42,15.91
12615,10/6/2021 10:52,15.96
12616,10/6/2021 11:02,16
12617,10/6/2021 11:12,16.08
12618,10/6/2021 11:22,16
12619,10/6/2021 11:32,16
12620,10/6/2021 11:42,16
12621,10/6/2021 11:52,16.08
12622,10/6/2021 12:02,16.13
12623,10/6/2021 12:12,16.17
12624,10/6/2021 12:22,16.21
12625,10/6/2021 12:32,16.26
12626,10/6/2021 12:42,16.21
12627,10/6/2021 12:52,16.26
12628,10/6/2021 13:02,16.26
12629,10/6/2021 13:12,16.34
12630,10/6/2021 13:22,16.47
12631,10/6/2021 13:32,16.47
12632,10/6/2021 13:42,16.47
12633,10/6/2021 13:52,16.43
12634,10/6/2021 14:02,16.51
12635,10/6/2021 14:12,16.56
12636,10/6/2021 14:22,16.6
12637,10/6/2021 14:32,16.69
12638,10/6/2021 14:42,16.73
12639,10/6/2021 14:52,16.73
12640,10/6/2021 15:02,16.81
12641,10/6/2021 15:12,16.86
12642,10/6/2021 15:22,17.03
12643,10/6/2021 15:32,17.2
12644,10/6/2021 15:42,17.8
12645,10/6/2021 15:52,17.84
12646,10/6/2021 16:02,17.84
12647,10/6/2021 16:12,17.72
12648,10/6/2021 16:22,17.59
12649,10/6/2021 16:32,17.46
12650,10/6/2021 16:42,17.41
12651,10/6/2021 16:52,17.46
12652,10/6/2021 17:02,17.54
12653,10/6/2021 17:12,17.59
12654,10/6/2021 17:22,17.46
12655,10/6/2021 17:32,17.37
12656,10/6/2021 17:42,17.07
12657,10/6/2021 17:52,15.23
12658,10/6/2021 18:02,14.33
12659,10/6/2021 18:12,13.98
12660,10/6/2021 18:22,13.6
12661,10/6/2021 18:32,13.51
12662,10/6/2021 18:42,13.21
12663,10/6/2021 18:52,13.12
12664,10/6/2021 19:02,13.04
12665,10/6/2021 19:12,12.91
12666,10/6/2021 19:22,12.82
12667,10/6/2021 19:32,12.61
12668,10/6/2021 19:42,12.52
12669,10/6/2021 19:52,12.4
12670,10/6/2021 20:02,12.31
12671,10/6/2021 20:12,12.22
12672,10/6/2021 20:22,12.14
12673,10/6/2021 20:32,12.22
12674,10/6/2021 20:42,12.14
12675,10/6/2021 20:52,12.14
12676,10/6/2021 21:02,13
12677,10/6/2021 21:12,13.64
12678,10/6/2021 21:22,14.37
12679,10/6/2021 21:32,15.23
12680,10/6/2021 21:42,15.78
12681,10/6/2021 21:52,15.91
12682,10/6/2021 22:02,16.04
12683,10/6/2021 22:12,15.96
12684,10/6/2021 22:22,16
12685,10/6/2021 22:32,16
12686,10/6/2021 22:42,16.04
12687,10/6/2021 22:52,16.04
12688,10/6/2021 23:02,16
12689,10/6/2021 23:12,16
12690,10/6/2021 23:22,16
12691,10/6/2021 23:32,16
12692,10/6/2021 23:42,15.96
12693,10/6/2021 23:52,15.91
12694,10/7/2021 0:02,15.87
12695,10/7/2021 0:12,15.91
12696,10/7/2021 0:22,15.87
12697,10/7/2021 0:32,15.87
12698,10/7/2021 0:42,15.87
12699,10/7/2021 0:52,15.87
12700,10/7/2021 1:02,15.87
12701,10/7/2021 1:12,15.91
12702,10/7/2021 1:22,15.83
12703,10/7/2021 1:32,15.87
12704,10/7/2021 1:42,15.78
12705,10/7/2021 1:52,15.61
12706,10/7/2021 2:02,15.48
12707,10/7/2021 2:12,15.44
12708,10/7/2021 2:22,15.44
12709,10/7/2021 2:32,15.4
12710,10/7/2021 2:42,15.44
12711,10/7/2021 2:52,15.48
12712,10/7/2021 3:02,15.44
12713,10/7/2021 3:12,15.44
12714,10/7/2021 3:22,15.44
12715,10/7/2021 3:32,15.44
12716,10/7/2021 3:42,15.44
12717,10/7/2021 3:52,15.4
12718,10/7/2021 4:02,15.4
12719,10/7/2021 4:12,15.4
12720,10/7/2021 4:22,15.4
12721,10/7/2021 4:32,15.36
12722,10/7/2021 4:42,15.31
12723,10/7/2021 4:52,15.18
12724,10/7/2021 5:02,15.14
12725,10/7/2021 5:12,15.1
12726,10/7/2021 5:22,14.97
12727,10/7/2021 5:32,14.8
12728,10/7/2021 5:42,14.8
12729,10/7/2021 5:52,14.67
12730,10/7/2021 6:02,14.37
12731,10/7/2021 6:12,13.85
12732,10/7/2021 6:22,12.87
12733,10/7/2021 6:32,12.14
12734,10/7/2021 6:42,11.71
12735,10/7/2021 6:52,11.11
12736,10/7/2021 7:02,10.85
12737,10/7/2021 7:12,10.38
12738,10/7/2021 7:22,10.16
12739,10/7/2021 7:32,10.29
12740,10/7/2021 7:42,10.29
12741,10/7/2021 7:52,10.59
12742,10/7/2021 8:02,10.77
12743,10/7/2021 8:12,10.72
12744,10/7/2021 8:22,11.41
12745,10/7/2021 8:32,12.82
12746,10/7/2021 8:42,13.25
12747,10/7/2021 8:52,13.73
12748,10/7/2021 9:02,14.2
12749,10/7/2021 9:12,14.71
12750,10/7/2021 9:22,15.01
12751,10/7/2021 9:32,15.27
12752,10/7/2021 9:42,15.48
12753,10/7/2021 9:52,15.61
12754,10/7/2021 10:02,15.66
12755,10/7/2021 10:12,15.66
12756,10/7/2021 10:22,15.57
12757,10/7/2021 10:32,15.53
12758,10/7/2021 10:42,15.57
12759,10/7/2021 10:52,15.57
12760,10/7/2021 11:02,15.57
12761,10/7/2021 11:12,15.66
12762,10/7/2021 11:22,15.78
12763,10/7/2021 11:32,15.48
12764,10/7/2021 11:42,15.23
12765,10/7/2021 11:52,15.23
12766,10/7/2021 12:02,15.23
12767,10/7/2021 12:12,15.31
12768,10/7/2021 12:22,15.44
12769,10/7/2021 12:32,15.53
12770,10/7/2021 12:42,15.57
12771,10/7/2021 12:52,15.57
12772,10/7/2021 13:02,15.61
12773,10/7/2021 13:12,15.61
12774,10/7/2021 13:22,15.66
12775,10/7/2021 13:32,15.7
12776,10/7/2021 13:42,15.74
12777,10/7/2021 13:52,15.78
12778,10/7/2021 14:02,15.83
12779,10/7/2021 14:12,15.83
12780,10/7/2021 14:22,15.74
12781,10/7/2021 14:32,15.74
12782,10/7/2021 14:42,15.74
12783,10/7/2021 14:52,15.87
12784,10/7/2021 15:02,15.96
12785,10/7/2021 15:12,16.04
12786,10/7/2021 15:22,16.08
12787,10/7/2021 15:32,16.08
12788,10/7/2021 15:42,16.13
12789,10/7/2021 15:52,16.13
12790,10/7/2021 16:02,16.08
12791,10/7/2021 16:12,16.43
12792,10/7/2021 16:22,16.9
12793,10/7/2021 16:32,16.47
12794,10/7/2021 16:42,16.43
12795,10/7/2021 16:52,16.39
12796,10/7/2021 17:02,16.47
12797,10/7/2021 17:12,16.43
12798,10/7/2021 17:22,16.17
12799,10/7/2021 17:32,16.08
12800,10/7/2021 17:42,16.13
12801,10/7/2021 17:52,16
12802,10/7/2021 18:02,15.83
12803,10/7/2021 18:12,15.53
12804,10/7/2021 18:22,15.1
12805,10/7/2021 18:32,13.38
12806,10/7/2021 18:42,13
12807,10/7/2021 18:52,12.61
12808,10/7/2021 19:02,12.4
12809,10/7/2021 19:12,12.31
12810,10/7/2021 19:22,12.1
12811,10/7/2021 19:32,12.05
12812,10/7/2021 19:42,12.05
12813,10/7/2021 19:52,12.05
12814,10/7/2021 20:02,11.97
12815,10/7/2021 20:12,11.88
12816,10/7/2021 20:22,11.88
12817,10/7/2021 20:32,11.79
12818,10/7/2021 20:42,11.71
12819,10/7/2021 20:52,11.71
12820,10/7/2021 21:02,11.67
12821,10/7/2021 21:12,11.62
12822,10/7/2021 21:22,11.54
12823,10/7/2021 21:32,11.45
12824,10/7/2021 21:42,11.41
12825,10/7/2021 21:52,11.45
12826,10/7/2021 22:02,11.45
12827,10/7/2021 22:12,11.62
12828,10/7/2021 22:22,12.18
12829,10/7/2021 22:32,12.87
12830,10/7/2021 22:42,13.9
12831,10/7/2021 22:52,14.63
12832,10/7/2021 23:02,14.71
12833,10/7/2021 23:12,14.63
12834,10/7/2021 23:22,14.5
12835,10/7/2021 23:32,14.37
12836,10/7/2021 23:42,14.41
12837,10/7/2021 23:52,14.33
12838,10/8/2021 0:02,14.33
12839,10/8/2021 0:12,14.15
12840,10/8/2021 0:22,14.24
12841,10/8/2021 0:32,14.2
12842,10/8/2021 0:42,14.07
12843,10/8/2021 0:52,13.94
12844,10/8/2021 1:02,13.73
12845,10/8/2021 1:12,13.38
12846,10/8/2021 1:22,13.73
12847,10/8/2021 1:32,13.73
12848,10/8/2021 1:42,13.73
12849,10/8/2021 1:52,13.94
12850,10/8/2021 2:02,14.07
12851,10/8/2021 2:12,14.2
12852,10/8/2021 2:22,14.33
12853,10/8/2021 2:32,14.33
12854,10/8/2021 2:42,14.24
12855,10/8/2021 2:52,14.2
12856,10/8/2021 3:02,14.24
12857,10/8/2021 3:12,14.2
12858,10/8/2021 3:22,14.24
12859,10/8/2021 3:32,14.15
12860,10/8/2021 3:42,14.11
12861,10/8/2021 3:52,14.07
12862,10/8/2021 4:02,13.94
12863,10/8/2021 4:12,13.9
12864,10/8/2021 4:22,13.9
12865,10/8/2021 4:32,13.9
12866,10/8/2021 4:42,13.81
12867,10/8/2021 4:52,13.64
12868,10/8/2021 5:02,12.95
12869,10/8/2021 5:12,12.31
12870,10/8/2021 5:22,12.18
12871,10/8/2021 5:32,12.61
12872,10/8/2021 5:42,13
12873,10/8/2021 5:52,13.04
12874,10/8/2021 6:02,13.04
12875,10/8/2021 6:12,12.95
12876,10/8/2021 6:22,12.78
12877,10/8/2021 6:32,12.65
12878,10/8/2021 6:42,12.52
12879,10/8/2021 6:52,12.4
12880,10/8/2021 7:02,12.27
12881,10/8/2021 7:12,12.18
12882,10/8/2021 7:22,11.97
12883,10/8/2021 7:32,11.88
12884,10/8/2021 7:42,11.75
12885,10/8/2021 7:52,11.71
12886,10/8/2021 8:02,11.71
12887,10/8/2021 8:12,11.84
12888,10/8/2021 8:22,11.84
12889,10/8/2021 8:32,11.75
12890,10/8/2021 8:42,11.88
12891,10/8/2021 8:52,12.1
12892,10/8/2021 9:02,12.22
12893,10/8/2021 9:12,12.35
12894,10/8/2021 9:22,12.65
12895,10/8/2021 9:32,12.95
12896,10/8/2021 9:42,13.08
12897,10/8/2021 9:52,13.25
12898,10/8/2021 10:02,13.47
12899,10/8/2021 10:12,13.77
12900,10/8/2021 10:22,14.11
12901,10/8/2021 10:32,14.28
12902,10/8/2021 10:42,14.24
12903,10/8/2021 10:52,14.28
12904,10/8/2021 11:02,14.33
12905,10/8/2021 11:12,14.33
12906,10/8/2021 11:22,14.24
12907,10/8/2021 11:32,13.98
12908,10/8/2021 11:42,14.11
12909,10/8/2021 11:52,14.37
12910,10/8/2021 12:02,14.63
12911,10/8/2021 12:12,14.67
12912,10/8/2021 12:22,14.84
12913,10/8/2021 12:32,14.88
12914,10/8/2021 12:42,14.93
12915,10/8/2021 12:52,14.88
12916,10/8/2021 13:02,14.93
12917,10/8/2021 13:12,14.93
12918,10/8/2021 13:22,14.97
12919,10/8/2021 13:32,14.97
12920,10/8/2021 13:42,14.97
12921,10/8/2021 13:52,14.93
12922,10/8/2021 14:02,14.93
12923,10/8/2021 14:12,15.01
12924,10/8/2021 14:22,15.06
12925,10/8/2021 14:32,15.1
12926,10/8/2021 14:42,15.23
12927,10/8/2021 14:52,15.27
12928,10/8/2021 15:02,15.36
12929,10/8/2021 15:12,15.44
12930,10/8/2021 15:22,15.53
12931,10/8/2021 15:32,15.66
12932,10/8/2021 15:42,15.74
12933,10/8/2021 15:52,16
12934,10/8/2021 16:02,16.3
12935,10/8/2021 16:12,16.39
12936,10/8/2021 16:22,16.17
12937,10/8/2021 16:32,16.04
12938,10/8/2021 16:42,15.87
12939,10/8/2021 16:52,15.78
12940,10/8/2021 17:02,15.7
12941,10/8/2021 17:12,15.7
12942,10/8/2021 17:22,15.7
12943,10/8/2021 17:32,15.61
12944,10/8/2021 17:42,15.61
12945,10/8/2021 17:52,15.7
12946,10/8/2021 18:02,15.61
12947,10/8/2021 18:12,15.57
12948,10/8/2021 18:22,15.48
12949,10/8/2021 18:32,15.31
12950,10/8/2021 18:42,15.14
12951,10/8/2021 18:52,14.88
12952,10/8/2021 19:02,14.2
12953,10/8/2021 19:12,13.6
12954,10/8/2021 19:22,13.25
12955,10/8/2021 19:32,12.82
12956,10/8/2021 19:42,12.61
12957,10/8/2021 19:52,12.48
12958,10/8/2021 20:02,12.4
12959,10/8/2021 20:12,12.22
12960,10/8/2021 20:22,12.18
12961,10/8/2021 20:32,12.1
12962,10/8/2021 20:42,11.97
12963,10/8/2021 20:52,11.92
12964,10/8/2021 21:02,11.88
12965,10/8/2021 21:12,11.88
12966,10/8/2021 21:22,11.84
12967,10/8/2021 21:32,11.84
12968,10/8/2021 21:42,11.84
12969,10/8/2021 21:52,11.79
12970,10/8/2021 22:02,11.79
12971,10/8/2021 22:12,11.79
12972,10/8/2021 22:22,11.62
12973,10/8/2021 22:32,11.41
12974,10/8/2021 22:42,11.19
12975,10/8/2021 22:52,11.11
12976,10/8/2021 23:02,10.94
12977,10/8/2021 23:12,10.94
12978,10/8/2021 23:22,11.11
12979,10/8/2021 23:32,11.41
12980,10/8/2021 23:42,12.4
12981,10/8/2021 23:52,12.78
12982,10/9/2021 0:02,13.64
12983,10/9/2021 0:12,14.45
12984,10/9/2021 0:22,14.54
12985,10/9/2021 0:32,14.67
12986,10/9/2021 0:42,14.67
12987,10/9/2021 0:52,14.63
12988,10/9/2021 1:02,14.58
12989,10/9/2021 1:12,14.54
12990,10/9/2021 1:22,14.5
12991,10/9/2021 1:32,14.45
12992,10/9/2021 1:42,14.45
12993,10/9/2021 1:52,14.45
12994,10/9/2021 2:02,14.41
12995,10/9/2021 2:12,14.41
12996,10/9/2021 2:22,14.45
12997,10/9/2021 2:32,14.45
12998,10/9/2021 2:42,14.37
12999,10/9/2021 2:52,14.41
13000,10/9/2021 3:02,14.37
13001,10/9/2021 3:12,14.37
13002,10/9/2021 3:22,14.33
13003,10/9/2021 3:32,14.33
13004,10/9/2021 3:42,14.33
13005,10/9/2021 3:52,14.33
13006,10/9/2021 4:02,14.33
13007,10/9/2021 4:12,14.28
13008,10/9/2021 4:22,14.28
13009,10/9/2021 4:32,14.28
13010,10/9/2021 4:42,14.28
13011,10/9/2021 4:52,14.24
13012,10/9/2021 5:02,14.2
13013,10/9/2021 5:12,14.2
13014,10/9/2021 5:22,14.2
13015,10/9/2021 5:32,14.15
13016,10/9/2021 5:42,14.07
13017,10/9/2021 5:52,14.03
13018,10/9/2021 6:02,13.94
13019,10/9/2021 6:12,13.9
13020,10/9/2021 6:22,13.85
13021,10/9/2021 6:32,13.81
13022,10/9/2021 6:42,13.68
13023,10/9/2021 6:52,13.6
13024,10/9/2021 7:02,13.51
13025,10/9/2021 7:12,13.43
13026,10/9/2021 7:22,13.34
13027,10/9/2021 7:32,13.21
13028,10/9/2021 7:42,13.12
13029,10/9/2021 7:52,13.04
13030,10/9/2021 8:02,13
13031,10/9/2021 8:12,13
13032,10/9/2021 8:22,12.95
13033,10/9/2021 8:32,13.08
13034,10/9/2021 8:42,13.12
13035,10/9/2021 8:52,13.3
13036,10/9/2021 9:02,13.43
13037,10/9/2021 9:12,13.55
13038,10/9/2021 9:22,13.64
13039,10/9/2021 9:32,13.81
13040,10/9/2021 9:42,13.94
13041,10/9/2021 9:52,14.11
13042,10/9/2021 10:02,14.24
13043,10/9/2021 10:12,14.37
13044,10/9/2021 10:22,14.5
13045,10/9/2021 10:32,14.58
13046,10/9/2021 10:42,14.63
13047,10/9/2021 10:52,14.75
13048,10/9/2021 11:02,14.8
13049,10/9/2021 11:12,14.93
13050,10/9/2021 11:22,14.97
13051,10/9/2021 11:32,15.06
13052,10/9/2021 11:42,15.06
13053,10/9/2021 11:52,15.14
13054,10/9/2021 12:02,15.23
13055,10/9/2021 12:12,15.36
13056,10/9/2021 12:22,15.44
13057,10/9/2021 12:32,15.1
13058,10/9/2021 12:42,14.97
13059,10/9/2021 12:52,15.14
13060,10/9/2021 13:02,15.31
13061,10/9/2021 13:12,15.44
13062,10/9/2021 13:22,15.44
13063,10/9/2021 13:32,15.53
13064,10/9/2021 13:42,15.48
13065,10/9/2021 13:52,15.53
13066,10/9/2021 14:02,15.57
13067,10/9/2021 14:12,15.61
13068,10/9/2021 14:22,15.61
13069,10/9/2021 14:32,15.7
13070,10/9/2021 14:42,15.7
13071,10/9/2021 14:52,15.78
13072,10/9/2021 15:02,15.78
13073,10/9/2021 15:12,15.87
13074,10/9/2021 15:22,15.83
13075,10/9/2021 15:32,15.91
13076,10/9/2021 15:42,15.96
13077,10/9/2021 15:52,15.96
13078,10/9/2021 16:02,16
13079,10/9/2021 16:12,16
13080,10/9/2021 16:22,16.04
13081,10/9/2021 16:32,16.04
13082,10/9/2021 16:42,16.08
13083,10/9/2021 16:52,16.04
13084,10/9/2021 17:02,16.04
13085,10/9/2021 17:12,16.04
13086,10/9/2021 17:22,16.17
13087,10/9/2021 17:32,17.07
13088,10/9/2021 17:42,18.23
13089,10/9/2021 17:52,18.32
13090,10/9/2021 18:02,17.97
13091,10/9/2021 18:12,17.46
13092,10/9/2021 18:22,17.37
13093,10/9/2021 18:32,17.33
13094,10/9/2021 18:42,17.03
13095,10/9/2021 18:52,16.69
13096,10/9/2021 19:02,16.47
13097,10/9/2021 19:12,16.51
13098,10/9/2021 19:22,16.47
13099,10/9/2021 19:32,16.26
13100,10/9/2021 19:42,15.57
13101,10/9/2021 19:52,14.63
13102,10/9/2021 20:02,14.2
13103,10/9/2021 20:12,13.85
13104,10/9/2021 20:22,13.6
13105,10/9/2021 20:32,13.55
13106,10/9/2021 20:42,13.55
13107,10/9/2021 20:52,13.08
13108,10/9/2021 21:02,12.78
13109,10/9/2021 21:12,12.57
13110,10/9/2021 21:22,12.4
13111,10/9/2021 21:32,12.18
13112,10/9/2021 21:42,12.1
13113,10/9/2021 21:52,12.05
13114,10/9/2021 22:02,11.97
13115,10/9/2021 22:12,11.92
13116,10/9/2021 22:22,11.88
13117,10/9/2021 22:32,11.84
13118,10/9/2021 22:42,11.79
13119,10/9/2021 22:52,11.67
13120,10/9/2021 23:02,11.67
13121,10/9/2021 23:12,11.54
13122,10/9/2021 23:22,11.71
13123,10/9/2021 23:32,11.62
13124,10/9/2021 23:42,11.54
13125,10/9/2021 23:52,11.37
13126,10/10/2021 0:02,11.19
13127,10/10/2021 0:12,11.15
13128,10/10/2021 0:22,11.15
13129,10/10/2021 0:32,10.85
13130,10/10/2021 0:42,11.11
13131,10/10/2021 0:52,11.62
13132,10/10/2021 1:02,11.97
13133,10/10/2021 1:12,12.61
13134,10/10/2021 1:22,13.9
13135,10/10/2021 1:32,14.67
13136,10/10/2021 1:42,14.88
13137,10/10/2021 1:52,14.97
13138,10/10/2021 2:02,14.97
13139,10/10/2021 2:12,14.88
13140,10/10/2021 2:22,14.88
13141,10/10/2021 2:32,14.88
13142,10/10/2021 2:42,14.8
13143,10/10/2021 2:52,14.63
13144,10/10/2021 3:02,14.63
13145,10/10/2021 3:12,14.58
13146,10/10/2021 3:22,14.58
13147,10/10/2021 3:32,14.54
13148,10/10/2021 3:42,14.5
13149,10/10/2021 3:52,14.5
13150,10/10/2021 4:02,14.45
13151,10/10/2021 4:12,14.41
13152,10/10/2021 4:22,14.41
13153,10/10/2021 4:32,14.41
13154,10/10/2021 4:42,14.37
13155,10/10/2021 4:52,14.33
13156,10/10/2021 5:02,14.33
13157,10/10/2021 5:12,14.33
13158,10/10/2021 5:22,14.28
13159,10/10/2021 5:32,14.28
13160,10/10/2021 5:42,14.24
13161,10/10/2021 5:52,14.28
13162,10/10/2021 6:02,14.28
13163,10/10/2021 6:12,14.28
13164,10/10/2021 6:22,14.24
13165,10/10/2021 6:32,14.15
13166,10/10/2021 6:42,14.11
13167,10/10/2021 6:52,14.03
13168,10/10/2021 7:02,13.94
13169,10/10/2021 7:12,13.85
13170,10/10/2021 7:22,13.81
13171,10/10/2021 7:32,13.73
13172,10/10/2021 7:42,13.64
13173,10/10/2021 7:52,13.51
13174,10/10/2021 8:02,13.43
13175,10/10/2021 8:12,13.34
13176,10/10/2021 8:22,13.25
13177,10/10/2021 8:32,13.25
13178,10/10/2021 8:42,13.34
13179,10/10/2021 8:52,13.34
13180,10/10/2021 9:02,13.43
13181,10/10/2021 9:12,13.55
13182,10/10/2021 9:22,13.73
13183,10/10/2021 9:32,13.85
13184,10/10/2021 9:42,13.98
13185,10/10/2021 9:52,14.15
13186,10/10/2021 10:02,14.24
13187,10/10/2021 10:12,14.41
13188,10/10/2021 10:22,14.58
13189,10/10/2021 10:32,14.67
13190,10/10/2021 10:42,14.71
13191,10/10/2021 10:52,14.75
13192,10/10/2021 11:02,14.84
13193,10/10/2021 11:12,14.84
13194,10/10/2021 11:22,14.97
13195,10/10/2021 11:32,15.06
13196,10/10/2021 11:42,15.1
13197,10/10/2021 11:52,15.18
13198,10/10/2021 12:02,15.23
13199,10/10/2021 12:12,15.4
13200,10/10/2021 12:22,15.53
13201,10/10/2021 12:32,15.7
13202,10/10/2021 12:42,15.83
13203,10/10/2021 12:52,16
13204,10/10/2021 13:02,16
13205,10/10/2021 13:12,15.83
13206,10/10/2021 13:22,15.74
13207,10/10/2021 13:32,15.74
13208,10/10/2021 13:42,15.7
13209,10/10/2021 13:52,15.83
13210,10/10/2021 14:02,15.87
13211,10/10/2021 14:12,15.96
13212,10/10/2021 14:22,16
13213,10/10/2021 14:32,16.04
13214,10/10/2021 14:42,16.04
13215,10/10/2021 14:52,16.04
13216,10/10/2021 15:02,16.08
13217,10/10/2021 15:12,16.17
13218,10/10/2021 15:22,16.17
13219,10/10/2021 15:32,16.21
13220,10/10/2021 15:42,16.3
13221,10/10/2021 15:52,16.34
13222,10/10/2021 16:02,16.34
13223,10/10/2021 16:12,16.21
13224,10/10/2021 16:22,16
13225,10/10/2021 16:32,15.91
13226,10/10/2021 16:42,15.91
13227,10/10/2021 16:52,15.83
13228,10/10/2021 17:02,15.78
13229,10/10/2021 17:12,15.74
13230,10/10/2021 17:22,15.74
13231,10/10/2021 17:32,15.74
13232,10/10/2021 17:42,15.78
13233,10/10/2021 17:52,15.78
13234,10/10/2021 18:02,15.78
13235,10/10/2021 18:12,15.91
13236,10/10/2021 18:22,16.26
13237,10/10/2021 18:32,16.99
13238,10/10/2021 18:42,17.37
13239,10/10/2021 18:52,17.24
13240,10/10/2021 19:02,16.69
13241,10/10/2021 19:12,16.9
13242,10/10/2021 19:22,16.99
13243,10/10/2021 19:32,16.64
13244,10/10/2021 19:42,16.3
13245,10/10/2021 19:52,15.74
13246,10/10/2021 20:02,15.36
13247,10/10/2021 20:12,15.27
13248,10/10/2021 20:22,14.93
13249,10/10/2021 20:32,14.15
13250,10/10/2021 20:42,12.74
13251,10/10/2021 20:52,12.44
13252,10/10/2021 21:02,12.35
13253,10/10/2021 21:12,12.31
13254,10/10/2021 21:22,12.1
13255,10/10/2021 21:32,12.05
13256,10/10/2021 21:42,12.1
13257,10/10/2021 21:52,12.05
13258,10/10/2021 22:02,12.01
13259,10/10/2021 22:12,12.01
13260,10/10/2021 22:22,11.97
13261,10/10/2021 22:32,11.92
13262,10/10/2021 22:42,11.79
13263,10/10/2021 22:52,11.71
13264,10/10/2021 23:02,11.67
13265,10/10/2021 23:12,11.71
13266,10/10/2021 23:22,11.75
13267,10/10/2021 23:32,11.75
13268,10/10/2021 23:42,11.67
13269,10/10/2021 23:52,11.62
13270,10/11/2021 0:02,11.67
13271,10/11/2021 0:12,11.62
13272,10/11/2021 0:22,11.54
13273,10/11/2021 0:32,11.41
13274,10/11/2021 0:42,11.32
13275,10/11/2021 0:52,11.28
13276,10/11/2021 1:02,11.28
13277,10/11/2021 1:12,11.37
13278,10/11/2021 1:22,11.28
13279,10/11/2021 1:32,11.32
13280,10/11/2021 1:42,11.32
13281,10/11/2021 1:52,11.37
13282,10/11/2021 2:02,10.34
13283,10/11/2021 2:12,10.04
13284,10/11/2021 2:22,10.21
13285,10/11/2021 2:32,10.51
13286,10/11/2021 2:42,10.59
13287,10/11/2021 2:52,10.59
13288,10/11/2021 3:02,11.54
13289,10/11/2021 3:12,12.1
13290,10/11/2021 3:22,12.01
13291,10/11/2021 3:32,12.18
13292,10/11/2021 3:42,12.01
13293,10/11/2021 3:52,11.84
13294,10/11/2021 4:02,11.67
13295,10/11/2021 4:12,11.45
13296,10/11/2021 4:22,10.81
13297,10/11/2021 4:32,10.46
13298,10/11/2021 4:42,11.24
13299,10/11/2021 4:52,11.49
13300,10/11/2021 5:02,11.41
13301,10/11/2021 5:12,12.27
13302,10/11/2021 5:22,12.61
13303,10/11/2021 5:32,12.7
13304,10/11/2021 5:42,12.78
13305,10/11/2021 5:52,12.82
13306,10/11/2021 6:02,12.82
13307,10/11/2021 6:12,12.82
13308,10/11/2021 6:22,12.74
13309,10/11/2021 6:32,12.7
13310,10/11/2021 6:42,12.44
13311,10/11/2021 6:52,12.22
13312,10/11/2021 7:02,12.01
13313,10/11/2021 7:12,11.92
13314,10/11/2021 7:22,11.88
13315,10/11/2021 7:32,11.75
13316,10/11/2021 7:42,11.62
13317,10/11/2021 7:52,11.28
13318,10/11/2021 8:02,11.15
13319,10/11/2021 8:12,11.28
13320,10/11/2021 8:22,11.11
13321,10/11/2021 8:32,11.11
13322,10/11/2021 8:42,11.11
13323,10/11/2021 8:52,11.11
13324,10/11/2021 9:02,11.15
13325,10/11/2021 9:12,11.28
13326,10/11/2021 9:22,11.54
13327,10/11/2021 9:32,11.62
13328,10/11/2021 9:42,11.79
13329,10/11/2021 9:52,12.01
13330,10/11/2021 10:02,12.27
13331,10/11/2021 10:12,12.22
13332,10/11/2021 10:22,12.44
13333,10/11/2021 10:32,12.7
13334,10/11/2021 10:42,12.74
13335,10/11/2021 10:52,12.65
13336,10/11/2021 11:02,12.82
13337,10/11/2021 11:12,13.12
13338,10/11/2021 11:22,13.34
13339,10/11/2021 11:32,13.51
13340,10/11/2021 11:42,13.6
13341,10/11/2021 11:52,13.73
13342,10/11/2021 12:02,13.94
13343,10/11/2021 12:12,14.11
13344,10/11/2021 12:22,14.15
13345,10/11/2021 12:32,14.07
13346,10/11/2021 12:42,14.03
13347,10/11/2021 12:52,14.33
13348,10/11/2021 13:02,14.63
13349,10/11/2021 13:12,14.41
13350,10/11/2021 13:22,14.33
13351,10/11/2021 13:32,14.33
13352,10/11/2021 13:42,14.24
13353,10/11/2021 13:52,14.2
13354,10/11/2021 14:02,14.15
13355,10/11/2021 14:12,14.2
13356,10/11/2021 14:22,14.2
13357,10/11/2021 14:32,14.24
13358,10/11/2021 14:42,14.15
13359,10/11/2021 14:52,14.15
13360,10/11/2021 15:02,14.07
13361,10/11/2021 15:12,14.11
13362,10/11/2021 15:22,14.07
13363,10/11/2021 15:32,14.03
13364,10/11/2021 15:42,14.03
13365,10/11/2021 15:52,14.03
13366,10/11/2021 16:02,14.03
13367,10/11/2021 16:12,14.03
13368,10/11/2021 16:22,14.03
13369,10/11/2021 16:32,14.03
13370,10/11/2021 16:42,14.03
13371,10/11/2021 16:52,14.03
13372,10/11/2021 17:02,14.03
13373,10/11/2021 17:12,13.98
13374,10/11/2021 17:22,13.98
13375,10/11/2021 17:32,14.03
13376,10/11/2021 17:42,14.2
13377,10/11/2021 17:52,14.24
13378,10/11/2021 18:02,14.15
13379,10/11/2021 18:12,14.07
13380,10/11/2021 18:22,14.11
13381,10/11/2021 18:32,14.07
13382,10/11/2021 18:42,14.03
13383,10/11/2021 18:52,13.98
13384,10/11/2021 19:02,14.03
13385,10/11/2021 19:12,14.03
13386,10/11/2021 19:22,14.03
13387,10/11/2021 19:32,13.85
13388,10/11/2021 19:42,13.94
13389,10/11/2021 19:52,14.2
13390,10/11/2021 20:02,14.45
13391,10/11/2021 20:12,14.33
13392,10/11/2021 20:22,13.98
13393,10/11/2021 20:32,13.64
13394,10/11/2021 20:42,13.47
13395,10/11/2021 20:52,13.34
13396,10/11/2021 21:02,13.38
13397,10/11/2021 21:12,13.34
13398,10/11/2021 21:22,13.21
13399,10/11/2021 21:32,13
13400,10/11/2021 21:42,12.7
13401,10/11/2021 21:52,12.18
13402,10/11/2021 22:02,11.84
13403,10/11/2021 22:12,11.45
13404,10/11/2021 22:22,11.15
13405,10/11/2021 22:32,10.72
13406,10/11/2021 22:42,10.38
13407,10/11/2021 22:52,9.95
13408,10/11/2021 23:02,9.86
13409,10/11/2021 23:12,9.65
13410,10/11/2021 23:22,9.44
13411,10/11/2021 23:32,9.14
13412,10/11/2021 23:42,8.83
13413,10/11/2021 23:52,8.66
13414,10/12/2021 0:02,8.53
13415,10/12/2021 0:12,8.41
13416,10/12/2021 0:22,8.23
13417,10/12/2021 0:32,8.06
13418,10/12/2021 0:42,7.98
13419,10/12/2021 0:52,7.98
13420,10/12/2021 1:02,7.85
13421,10/12/2021 1:12,7.72
13422,10/12/2021 1:22,7.5
13423,10/12/2021 1:32,7.33
13424,10/12/2021 1:42,7.2
13425,10/12/2021 1:52,6.99
13426,10/12/2021 2:02,6.86
13427,10/12/2021 2:12,6.69
13428,10/12/2021 2:22,6.52
13429,10/12/2021 2:32,6.48
13430,10/12/2021 2:42,6.39
13431,10/12/2021 2:52,6.3
13432,10/12/2021 3:02,6.22
13433,10/12/2021 3:12,6.09
13434,10/12/2021 3:22,6
13435,10/12/2021 3:32,6.43
13436,10/12/2021 3:42,7.55
13437,10/12/2021 3:52,7.55
13438,10/12/2021 4:02,9.22
13439,10/12/2021 4:12,10.21
13440,10/12/2021 4:22,10.72
13441,10/12/2021 4:32,11.19
13442,10/12/2021 4:42,11.71
13443,10/12/2021 4:52,12.1
13444,10/12/2021 5:02,12.4
13445,10/12/2021 5:12,12.4
13446,10/12/2021 5:22,12.44
13447,10/12/2021 5:32,12.44
13448,10/12/2021 5:42,12.57
13449,10/12/2021 5:52,12.65
13450,10/12/2021 6:02,12.7
13451,10/12/2021 6:12,12.7
13452,10/12/2021 6:22,12.7
13453,10/12/2021 6:32,12.74
13454,10/12/2021 6:42,12.74
13455,10/12/2021 6:52,12.7
13456,10/12/2021 7:02,12.65
13457,10/12/2021 7:12,12.65
13458,10/12/2021 7:22,12.65
13459,10/12/2021 7:32,12.65
13460,10/12/2021 7:42,12.7
13461,10/12/2021 7:52,12.61
13462,10/12/2021 8:02,12.61
13463,10/12/2021 8:12,12.57
13464,10/12/2021 8:22,12.57
13465,10/12/2021 8:32,12.57
13466,10/12/2021 8:42,12.57
13467,10/12/2021 8:52,12.57
13468,10/12/2021 9:02,12.61
13469,10/12/2021 9:12,12.61
13470,10/12/2021 9:22,12.65
13471,10/12/2021 9:32,12.7
13472,10/12/2021 9:42,12.7
13473,10/12/2021 9:52,12.78
13474,10/12/2021 10:02,12.87
13475,10/12/2021 10:12,12.95
13476,10/12/2021 10:22,13.04
13477,10/12/2021 10:32,13.12
13478,10/12/2021 10:42,13.3
13479,10/12/2021 10:52,13.43
13480,10/12/2021 11:02,13.51
13481,10/12/2021 11:12,13.77
13482,10/12/2021 11:22,13.81
13483,10/12/2021 11:32,13.94
13484,10/12/2021 11:42,14.07
13485,10/12/2021 11:52,14.37
13486,10/12/2021 12:02,14.37
13487,10/12/2021 12:12,14.28
13488,10/12/2021 12:22,14.67
13489,10/12/2021 12:32,14.67
13490,10/12/2021 12:42,14.58
13491,10/12/2021 12:52,14.71
13492,10/12/2021 13:02,14.8
13493,10/12/2021 13:12,14.88
13494,10/12/2021 13:22,14.93
13495,10/12/2021 13:32,14.88
13496,10/12/2021 13:42,14.93
13497,10/12/2021 13:52,14.93
13498,10/12/2021 14:02,14.97
13499,10/12/2021 14:12,15.01
13500,10/12/2021 14:22,14.88
13501,10/12/2021 14:32,14.11
13502,10/12/2021 14:42,13.98
13503,10/12/2021 14:52,14.28
13504,10/12/2021 15:02,14.54
13505,10/12/2021 15:12,14.63
13506,10/12/2021 15:22,14.67
13507,10/12/2021 15:32,14.75
13508,10/12/2021 15:42,14.63
13509,10/12/2021 15:52,14.63
13510,10/12/2021 16:02,14.67
13511,10/12/2021 16:12,14.58
13512,10/12/2021 16:22,14.58
13513,10/12/2021 16:32,14.58
13514,10/12/2021 16:42,14.54
13515,10/12/2021 16:52,14.5
13516,10/12/2021 17:02,14.45
13517,10/12/2021 17:12,14.41
13518,10/12/2021 17:22,14.37
13519,10/12/2021 17:32,14.28
13520,10/12/2021 17:42,14.28
13521,10/12/2021 17:52,14.24
13522,10/12/2021 18:02,14.2
13523,10/12/2021 18:12,14.2
13524,10/12/2021 18:22,14.15
13525,10/12/2021 18:32,14.2
13526,10/12/2021 18:42,14.24
13527,10/12/2021 18:52,14.15
13528,10/12/2021 19:02,14.15
13529,10/12/2021 19:12,14.28
13530,10/12/2021 19:22,14.58
13531,10/12/2021 19:32,14.88
13532,10/12/2021 19:42,15.14
13533,10/12/2021 19:52,15.27
13534,10/12/2021 20:02,15.31
13535,10/12/2021 20:12,15.01
13536,10/12/2021 20:22,14.41
13537,10/12/2021 20:32,13.94
13538,10/12/2021 20:42,13.77
13539,10/12/2021 20:52,13.68
13540,10/12/2021 21:02,13.68
13541,10/12/2021 21:12,13.73
13542,10/12/2021 21:22,13.85
13543,10/12/2021 21:32,13.81
13544,10/12/2021 21:42,13.47
13545,10/12/2021 21:52,13.25
13546,10/12/2021 22:02,13.08
13547,10/12/2021 22:12,13.04
13548,10/12/2021 22:22,12.35
13549,10/12/2021 22:32,11.37
13550,10/12/2021 22:42,10.89
13551,10/12/2021 22:52,10.51
13552,10/12/2021 23:02,10.38
13553,10/12/2021 23:12,10.29
13554,10/12/2021 23:22,10.16
13555,10/12/2021 23:32,10.08
13556,10/12/2021 23:42,9.86
13557,10/12/2021 23:52,9.52
13558,10/13/2021 0:02,9.18
13559,10/13/2021 0:12,8.66
13560,10/13/2021 0:22,8.45
13561,10/13/2021 0:32,8.62
13562,10/13/2021 0:42,8.88
13563,10/13/2021 0:52,8.88
13564,10/13/2021 1:02,8.58
13565,10/13/2021 1:12,8.58
13566,10/13/2021 1:22,8.75
13567,10/13/2021 1:32,8.53
13568,10/13/2021 1:42,8.62
13569,10/13/2021 1:52,8.66
13570,10/13/2021 2:02,8.41
13571,10/13/2021 2:12,8.06
13572,10/13/2021 2:22,7.81
13573,10/13/2021 2:32,7.93
13574,10/13/2021 2:42,8.15
13575,10/13/2021 2:52,8.36
13576,10/13/2021 3:02,8.41
13577,10/13/2021 3:12,8.15
13578,10/13/2021 3:22,7.98
13579,10/13/2021 3:32,7.89
13580,10/13/2021 3:42,7.68
13581,10/13/2021 3:52,7.85
13582,10/13/2021 4:02,8.19
13583,10/13/2021 4:12,8.36
13584,10/13/2021 4:22,8.53
13585,10/13/2021 4:32,8.92
13586,10/13/2021 4:42,9.91
13587,10/13/2021 4:52,10.04
13588,10/13/2021 5:02,10.72
13589,10/13/2021 5:12,11.41
13590,10/13/2021 5:22,11.67
13591,10/13/2021 5:32,12.35
13592,10/13/2021 5:42,12.74
13593,10/13/2021 5:52,12.82
13594,10/13/2021 6:02,12.82
13595,10/13/2021 6:12,12.87
13596,10/13/2021 6:22,12.91
13597,10/13/2021 6:32,12.87
13598,10/13/2021 6:42,12.87
13599,10/13/2021 6:52,12.87
13600,10/13/2021 7:02,12.95
13601,10/13/2021 7:12,12.91
13602,10/13/2021 7:22,12.91
13603,10/13/2021 7:32,12.95
13604,10/13/2021 7:42,12.95
13605,10/13/2021 7:52,12.95
13606,10/13/2021 8:02,12.95
13607,10/13/2021 8:12,12.95
13608,10/13/2021 8:22,13
13609,10/13/2021 8:32,12.95
13610,10/13/2021 8:42,13.04
13611,10/13/2021 8:52,13.04
13612,10/13/2021 9:02,13.12
13613,10/13/2021 9:12,13.08
13614,10/13/2021 9:22,13.12
13615,10/13/2021 9:32,13.17
13616,10/13/2021 9:42,13.17
13617,10/13/2021 9:52,13.21
13618,10/13/2021 10:02,13.21
13619,10/13/2021 10:12,13.25
13620,10/13/2021 10:22,13.3
13621,10/13/2021 10:32,13.34
13622,10/13/2021 10:42,13.47
13623,10/13/2021 10:52,13.55
13624,10/13/2021 11:02,13.6
13625,10/13/2021 11:12,13.6
13626,10/13/2021 11:22,13.64
13627,10/13/2021 11:32,13.64
13628,10/13/2021 11:42,13.73
13629,10/13/2021 11:52,13.77
13630,10/13/2021 12:02,13.98
13631,10/13/2021 12:12,14.11
13632,10/13/2021 12:22,14.28
13633,10/13/2021 12:32,14.41
13634,10/13/2021 12:42,14.75
13635,10/13/2021 12:52,14.75
13636,10/13/2021 13:02,14.88
13637,10/13/2021 13:12,14.93
13638,10/13/2021 13:22,15.18
13639,10/13/2021 13:32,15.14
13640,10/13/2021 13:42,15.1
13641,10/13/2021 13:52,15.27
13642,10/13/2021 14:02,15.31
13643,10/13/2021 14:12,15.48
13644,10/13/2021 14:22,15.48
13645,10/13/2021 14:32,15.66
13646,10/13/2021 14:42,15.61
13647,10/13/2021 14:52,15.61
13648,10/13/2021 15:02,15.57
13649,10/13/2021 15:12,15.7
13650,10/13/2021 15:22,15.83
13651,10/13/2021 15:32,15.96
13652,10/13/2021 15:42,15.96
13653,10/13/2021 15:52,15.91
13654,10/13/2021 16:02,15.96
13655,10/13/2021 16:12,16.04
13656,10/13/2021 16:22,16.04
13657,10/13/2021 16:32,16.13
13658,10/13/2021 16:42,16.17
13659,10/13/2021 16:52,16.13
13660,10/13/2021 17:02,15.91
13661,10/13/2021 17:12,15.7
13662,10/13/2021 17:22,15.57
13663,10/13/2021 17:32,15.53
13664,10/13/2021 17:42,15.57
13665,10/13/2021 17:52,15.57
13666,10/13/2021 18:02,15.44
13667,10/13/2021 18:12,15.4
13668,10/13/2021 18:22,15.27
13669,10/13/2021 18:32,15.23
13670,10/13/2021 18:42,15.14
13671,10/13/2021 18:52,15.18
13672,10/13/2021 19:02,15.14
13673,10/13/2021 19:12,15.23
13674,10/13/2021 19:22,15.36
13675,10/13/2021 19:32,15.53
13676,10/13/2021 19:42,15.78
13677,10/13/2021 19:52,15.91
13678,10/13/2021 20:02,15.96
13679,10/13/2021 20:12,15.83
13680,10/13/2021 20:22,15.66
13681,10/13/2021 20:32,15.57
13682,10/13/2021 20:42,15.4
13683,10/13/2021 20:52,15.36
13684,10/13/2021 21:02,15.36
13685,10/13/2021 21:12,15.27
13686,10/13/2021 21:22,15.27
13687,10/13/2021 21:32,15.23
13688,10/13/2021 21:42,15.23
13689,10/13/2021 21:52,15.23
13690,10/13/2021 22:02,15.36
13691,10/13/2021 22:12,15.4
13692,10/13/2021 22:22,15.4
13693,10/13/2021 22:32,15.31
13694,10/13/2021 22:42,15.18
13695,10/13/2021 22:52,15.1
13696,10/13/2021 23:02,14.97
13697,10/13/2021 23:12,14.8
13698,10/13/2021 23:22,14.54
13699,10/13/2021 23:32,13.68
13700,10/13/2021 23:42,12.05
13701,10/13/2021 23:52,11.41
13702,10/14/2021 0:02,11.41
13703,10/14/2021 0:12,11.02
13704,10/14/2021 0:22,10.77
13705,10/14/2021 0:32,10.55
13706,10/14/2021 0:42,10.38
13707,10/14/2021 0:52,10.12
13708,10/14/2021 1:02,9.44
13709,10/14/2021 1:12,9.26
13710,10/14/2021 1:22,8.83
13711,10/14/2021 1:32,8.49
13712,10/14/2021 1:42,8.19
13713,10/14/2021 1:52,7.98
13714,10/14/2021 2:02,7.98
13715,10/14/2021 2:12,7.72
13716,10/14/2021 2:22,7.59
13717,10/14/2021 2:32,7.5
13718,10/14/2021 2:42,7.33
13719,10/14/2021 2:52,7.33
13720,10/14/2021 3:02,6.99
13721,10/14/2021 3:12,7.08
13722,10/14/2021 3:22,7.03
13723,10/14/2021 3:32,6.95
13724,10/14/2021 3:42,7.03
13725,10/14/2021 3:52,6.95
13726,10/14/2021 4:02,6.86
13727,10/14/2021 4:12,7.29
13728,10/14/2021 4:22,7.08
13729,10/14/2021 4:32,6.95
13730,10/14/2021 4:42,6.69
13731,10/14/2021 4:52,6.6
13732,10/14/2021 5:02,6.52
13733,10/14/2021 5:12,6.26
13734,10/14/2021 5:22,6.17
13735,10/14/2021 5:32,7.93
13736,10/14/2021 5:42,9.39
13737,10/14/2021 5:52,9.48
13738,10/14/2021 6:02,11.07
13739,10/14/2021 6:12,11.19
13740,10/14/2021 6:22,12.22
13741,10/14/2021 6:32,13.04
13742,10/14/2021 6:42,13.21
13743,10/14/2021 6:52,13.25
13744,10/14/2021 7:02,13.21
13745,10/14/2021 7:12,13.25
13746,10/14/2021 7:22,13.25
13747,10/14/2021 7:32,13.25
13748,10/14/2021 7:42,13.17
13749,10/14/2021 7:52,13.21
13750,10/14/2021 8:02,13.21
13751,10/14/2021 8:12,13.17
13752,10/14/2021 8:22,13.17
13753,10/14/2021 8:32,13.12
13754,10/14/2021 8:42,13.17
13755,10/14/2021 8:52,13.21
13756,10/14/2021 9:02,13.25
13757,10/14/2021 9:12,13.21
13758,10/14/2021 9:22,13.25
13759,10/14/2021 9:32,13.3
13760,10/14/2021 9:42,13.38
13761,10/14/2021 9:52,13.47
13762,10/14/2021 10:02,13.43
13763,10/14/2021 10:12,13.51
13764,10/14/2021 10:22,13.6
13765,10/14/2021 10:32,13.64
13766,10/14/2021 10:42,13.73
13767,10/14/2021 10:52,13.77
13768,10/14/2021 11:02,13.81
13769,10/14/2021 11:12,13.94
13770,10/14/2021 11:22,14.03
13771,10/14/2021 11:32,14.24
13772,10/14/2021 11:42,14.28
13773,10/14/2021 11:52,14.5
13774,10/14/2021 12:02,14.63
13775,10/14/2021 12:12,14.84
13776,10/14/2021 12:22,15.06
13777,10/14/2021 12:32,15.27
13778,10/14/2021 12:42,15.44
13779,10/14/2021 12:52,15.66
13780,10/14/2021 13:02,16
13781,10/14/2021 13:12,16.13
13782,10/14/2021 13:22,16.34
13783,10/14/2021 13:32,16.56
13784,10/14/2021 13:42,16.81
13785,10/14/2021 13:52,17.03
13786,10/14/2021 14:02,17.33
13787,10/14/2021 14:12,17.5
13788,10/14/2021 14:22,17.76
13789,10/14/2021 14:32,17.8
13790,10/14/2021 14:42,17.89
13791,10/14/2021 14:52,17.97
13792,10/14/2021 15:02,18.1
13793,10/14/2021 15:12,17.89
13794,10/14/2021 15:22,17.8
13795,10/14/2021 15:32,17.76
13796,10/14/2021 15:42,17.63
13797,10/14/2021 15:52,17.63
13798,10/14/2021 16:02,17.63
13799,10/14/2021 16:12,17.67
13800,10/14/2021 16:22,17.63
13801,10/14/2021 16:32,17.5
13802,10/14/2021 16:42,17.41
13803,10/14/2021 16:52,17.41
13804,10/14/2021 17:02,17.37
13805,10/14/2021 17:12,17.41
13806,10/14/2021 17:22,17.46
13807,10/14/2021 17:32,17.59
13808,10/14/2021 17:42,17.67
13809,10/14/2021 17:52,17.59
13810,10/14/2021 18:02,17.63
13811,10/14/2021 18:12,17.72
13812,10/14/2021 18:22,17.8
13813,10/14/2021 18:32,17.8
13814,10/14/2021 18:42,17.11
13815,10/14/2021 18:52,16.64
13816,10/14/2021 19:02,16.34
13817,10/14/2021 19:12,16.04
13818,10/14/2021 19:22,15.87
13819,10/14/2021 19:32,15.83
13820,10/14/2021 19:42,15.74
13821,10/14/2021 19:52,15.66
13822,10/14/2021 20:02,15.61
13823,10/14/2021 20:12,15.48
13824,10/14/2021 20:22,15.4
13825,10/14/2021 20:32,15.27
13826,10/14/2021 20:42,15.1
13827,10/14/2021 20:52,14.93
13828,10/14/2021 21:02,14.88
13829,10/14/2021 21:12,14.8
13830,10/14/2021 21:22,14.67
13831,10/14/2021 21:32,14.71
13832,10/14/2021 21:42,14.63
13833,10/14/2021 21:52,14.63
13834,10/14/2021 22:02,14.58
13835,10/14/2021 22:12,14.54
13836,10/14/2021 22:22,14.45
13837,10/14/2021 22:32,14.5
13838,10/14/2021 22:42,14.93
13839,10/14/2021 22:52,14.93
13840,10/14/2021 23:02,14.88
13841,10/14/2021 23:12,15.06
13842,10/14/2021 23:22,15.23
13843,10/14/2021 23:32,15.44
13844,10/14/2021 23:42,15.53
13845,10/14/2021 23:52,15.61
13846,10/15/2021 0:02,15.44
13847,10/15/2021 0:12,15.1
13848,10/15/2021 0:22,14.84
13849,10/15/2021 0:32,14.58
13850,10/15/2021 0:42,12.48
13851,10/15/2021 0:52,11.11
13852,10/15/2021 1:02,10.29
13853,10/15/2021 1:12,9.39
13854,10/15/2021 1:22,8.92
13855,10/15/2021 1:32,8.71
13856,10/15/2021 1:42,8.36
13857,10/15/2021 1:52,8.15
13858,10/15/2021 2:02,7.81
13859,10/15/2021 2:12,7.59
13860,10/15/2021 2:22,7.55
13861,10/15/2021 2:32,7.68
13862,10/15/2021 2:42,7.42
13863,10/15/2021 2:52,7.2
13864,10/15/2021 3:02,7.12
13865,10/15/2021 3:12,6.95
13866,10/15/2021 3:22,6.82
13867,10/15/2021 3:32,6.86
13868,10/15/2021 3:42,6.6
13869,10/15/2021 3:52,6.3
13870,10/15/2021 4:02,6.17
13871,10/15/2021 4:12,6.13
13872,10/15/2021 4:22,6.09
13873,10/15/2021 4:32,6.05
13874,10/15/2021 4:42,6.09
13875,10/15/2021 4:52,5.96
13876,10/15/2021 5:02,5.96
13877,10/15/2021 5:12,5.96
13878,10/15/2021 5:22,5.83
13879,10/15/2021 5:32,5.79
13880,10/15/2021 5:42,5.79
13881,10/15/2021 5:52,5.57
13882,10/15/2021 6:02,5.32
13883,10/15/2021 6:12,5.36
13884,10/15/2021 6:22,8.11
13885,10/15/2021 6:32,9.14
13886,10/15/2021 6:42,9.95
13887,10/15/2021 6:52,10.89
13888,10/15/2021 7:02,11.41
13889,10/15/2021 7:12,12.7
13890,10/15/2021 7:22,13.04
13891,10/15/2021 7:32,13.12
13892,10/15/2021 7:42,13.12
13893,10/15/2021 7:52,13.12
13894,10/15/2021 8:02,13.12
13895,10/15/2021 8:12,13.17
13896,10/15/2021 8:22,13.12
13897,10/15/2021 8:32,13.17
13898,10/15/2021 8:42,13.17
13899,10/15/2021 8:52,13.17
13900,10/15/2021 9:02,13.21
13901,10/15/2021 9:12,13.17
13902,10/15/2021 9:22,13.21
13903,10/15/2021 9:32,13.25
13904,10/15/2021 9:42,13.25
13905,10/15/2021 9:52,13.34
13906,10/15/2021 10:02,13.34
13907,10/15/2021 10:12,13.43
13908,10/15/2021 10:22,13.51
13909,10/15/2021 10:32,13.55
13910,10/15/2021 10:42,13.64
13911,10/15/2021 10:52,13.68
13912,10/15/2021 11:02,13.77
13913,10/15/2021 11:12,13.81
13914,10/15/2021 11:22,13.85
13915,10/15/2021 11:32,13.94
13916,10/15/2021 11:42,14.03
13917,10/15/2021 11:52,14.11
13918,10/15/2021 12:02,14.28
13919,10/15/2021 12:12,14.41
13920,10/15/2021 12:22,14.54
13921,10/15/2021 12:32,14.71
13922,10/15/2021 12:42,14.88
13923,10/15/2021 12:52,15.14
13924,10/15/2021 13:02,15.31
13925,10/15/2021 13:12,15.53
13926,10/15/2021 13:22,15.78
13927,10/15/2021 13:32,16.04
13928,10/15/2021 13:42,16.3
13929,10/15/2021 13:52,16.47
13930,10/15/2021 14:02,16.69
13931,10/15/2021 14:12,16.86
13932,10/15/2021 14:22,17.07
13933,10/15/2021 14:32,17.46
13934,10/15/2021 14:42,17.72
13935,10/15/2021 14:52,18.02
13936,10/15/2021 15:02,18.19
13937,10/15/2021 15:12,18.27
13938,10/15/2021 15:22,18.44
13939,10/15/2021 15:32,18.53
13940,10/15/2021 15:42,18.74
13941,10/15/2021 15:52,18.83
13942,10/15/2021 16:02,18.79
13943,10/15/2021 16:12,18.57
13944,10/15/2021 16:22,18.4
13945,10/15/2021 16:32,18.19
13946,10/15/2021 16:42,18.06
13947,10/15/2021 16:52,17.89
13948,10/15/2021 17:02,17.72
13949,10/15/2021 17:12,17.54
13950,10/15/2021 17:22,17.24
13951,10/15/2021 17:32,16.73
13952,10/15/2021 17:42,16.04
13953,10/15/2021 17:52,15.66
13954,10/15/2021 18:02,15.53
13955,10/15/2021 18:12,15.23
13956,10/15/2021 18:22,15.06
13957,10/15/2021 18:32,14.93
13958,10/15/2021 18:42,14.84
13959,10/15/2021 18:52,14.75
13960,10/15/2021 19:02,14.67
13961,10/15/2021 19:12,14.63
13962,10/15/2021 19:22,14.58
13963,10/15/2021 19:32,14.54
13964,10/15/2021 19:42,14.54
13965,10/15/2021 19:52,14.54
13966,10/15/2021 20:02,14.54
13967,10/15/2021 20:12,14.54
13968,10/15/2021 20:22,14.54
13969,10/15/2021 20:32,14.54
13970,10/15/2021 20:42,14.63
13971,10/15/2021 20:52,14.67
13972,10/15/2021 21:02,14.75
13973,10/15/2021 21:12,14.8
13974,10/15/2021 21:22,14.63
13975,10/15/2021 21:32,14.5
13976,10/15/2021 21:42,14.45
13977,10/15/2021 21:52,14.28
13978,10/15/2021 22:02,14.2
13979,10/15/2021 22:12,14.11
13980,10/15/2021 22:22,14.15
13981,10/15/2021 22:32,14.07
13982,10/15/2021 22:42,14.07
13983,10/15/2021 22:52,14.03
13984,10/15/2021 23:02,13.94
13985,10/15/2021 23:12,13.98
13986,10/15/2021 23:22,13.98
13987,10/15/2021 23:32,13.94
13988,10/15/2021 23:42,13.94
13989,10/15/2021 23:52,13.94
13990,10/16/2021 0:02,13.9
13991,10/16/2021 0:12,13.85
13992,10/16/2021 0:22,13.77
13993,10/16/2021 0:32,13.9
13994,10/16/2021 0:42,14.03
13995,10/16/2021 0:52,13.98
13996,10/16/2021 1:02,13.9
13997,10/16/2021 1:12,13.73
13998,10/16/2021 1:22,13.51
13999,10/16/2021 1:32,13.38
14000,10/16/2021 1:42,13.34
14001,10/16/2021 1:52,11.97
14002,10/16/2021 2:02,10.25
14003,10/16/2021 2:12,9.48
14004,10/16/2021 2:22,9.09
14005,10/16/2021 2:32,8.62
14006,10/16/2021 2:42,8.41
14007,10/16/2021 2:52,8.06
14008,10/16/2021 3:02,7.85
14009,10/16/2021 3:12,7.89
14010,10/16/2021 3:22,7.85
14011,10/16/2021 3:32,7.68
14012,10/16/2021 3:42,7.16
14013,10/16/2021 3:52,7.03
14014,10/16/2021 4:02,7.03
14015,10/16/2021 4:12,6.82
14016,10/16/2021 4:22,6.9
14017,10/16/2021 4:32,6.56
14018,10/16/2021 4:42,6.39
14019,10/16/2021 4:52,6.6
14020,10/16/2021 5:02,6.73
14021,10/16/2021 5:12,6.86
14022,10/16/2021 5:22,6.78
14023,10/16/2021 5:32,6.56
14024,10/16/2021 5:42,6.48
14025,10/16/2021 5:52,6.22
14026,10/16/2021 6:02,6.26
14027,10/16/2021 6:12,6.22
14028,10/16/2021 6:22,6.26
14029,10/16/2021 6:32,6.05
14030,10/16/2021 6:42,8.45
14031,10/16/2021 6:52,9.44
14032,10/16/2021 7:02,9.74
14033,10/16/2021 7:12,10.64
14034,10/16/2021 7:22,11.07
14035,10/16/2021 7:32,12.74
14036,10/16/2021 7:42,13.08
14037,10/16/2021 7:52,13.17
14038,10/16/2021 8:02,13.25
14039,10/16/2021 8:12,13.21
14040,10/16/2021 8:22,13.25
14041,10/16/2021 8:32,13.25
14042,10/16/2021 8:42,13.34
14043,10/16/2021 8:52,13.34
14044,10/16/2021 9:02,13.38
14045,10/16/2021 9:12,13.47
14046,10/16/2021 9:22,13.47
14047,10/16/2021 9:32,13.51
14048,10/16/2021 9:42,13.55
14049,10/16/2021 9:52,13.55
14050,10/16/2021 10:02,13.6
14051,10/16/2021 10:12,13.6
14052,10/16/2021 10:22,13.68
14053,10/16/2021 10:32,13.77
14054,10/16/2021 10:42,13.73
14055,10/16/2021 10:52,13.85
14056,10/16/2021 11:02,13.94
14057,10/16/2021 11:12,13.98
14058,10/16/2021 11:22,14.11
14059,10/16/2021 11:32,14.15
14060,10/16/2021 11:42,14.11
14061,10/16/2021 11:52,14.11
14062,10/16/2021 12:02,14.2
14063,10/16/2021 12:12,14.24
14064,10/16/2021 12:22,14.28
14065,10/16/2021 12:32,14.37
14066,10/16/2021 12:42,14.5
14067,10/16/2021 12:52,14.54
14068,10/16/2021 13:02,14.67
14069,10/16/2021 13:12,14.71
14070,10/16/2021 13:22,14.93
14071,10/16/2021 13:32,15.14
14072,10/16/2021 13:42,15.27
14073,10/16/2021 13:52,15.48
14074,10/16/2021 14:02,15.7
14075,10/16/2021 14:12,15.91
14076,10/16/2021 14:22,16.13
14077,10/16/2021 14:32,16.47
14078,10/16/2021 14:42,16.73
14079,10/16/2021 14:52,17.03
14080,10/16/2021 15:02,17.29
14081,10/16/2021 15:12,17.63
14082,10/16/2021 15:22,17.8
14083,10/16/2021 15:32,17.93
14084,10/16/2021 15:42,17.97
14085,10/16/2021 15:52,18.1
14086,10/16/2021 16:02,18.23
14087,10/16/2021 16:12,18.4
14088,10/16/2021 16:22,18.44
14089,10/16/2021 16:32,18.49
14090,10/16/2021 16:42,18.36
14091,10/16/2021 16:52,18.19
14092,10/16/2021 17:02,18.14
14093,10/16/2021 17:12,18.06
14094,10/16/2021 17:22,17.89
14095,10/16/2021 17:32,17.76
14096,10/16/2021 17:42,17.46
14097,10/16/2021 17:52,17.16
14098,10/16/2021 18:02,16.81
14099,10/16/2021 18:12,16.21
14100,10/16/2021 18:22,15.74
14101,10/16/2021 18:32,15.48
14102,10/16/2021 18:42,15.31
14103,10/16/2021 18:52,15.18
14104,10/16/2021 19:02,14.93
14105,10/16/2021 19:12,14.75
14106,10/16/2021 19:22,14.63
14107,10/16/2021 19:32,14.58
14108,10/16/2021 19:42,14.58
14109,10/16/2021 19:52,14.58
14110,10/16/2021 20:02,14.58
14111,10/16/2021 20:12,14.54
14112,10/16/2021 20:22,14.58
14113,10/16/2021 20:32,14.54
14114,10/16/2021 20:42,14.54
14115,10/16/2021 20:52,14.5
14116,10/16/2021 21:02,14.54
14117,10/16/2021 21:12,14.54
14118,10/16/2021 21:22,14.54
14119,10/16/2021 21:32,14.58
14120,10/16/2021 21:42,14.58
14121,10/16/2021 21:52,14.67
14122,10/16/2021 22:02,14.63
14123,10/16/2021 22:12,14.71
14124,10/16/2021 22:22,14.71
14125,10/16/2021 22:32,14.67
14126,10/16/2021 22:42,14.58
14127,10/16/2021 22:52,14.45
14128,10/16/2021 23:02,14.41
14129,10/16/2021 23:12,14.28
14130,10/16/2021 23:22,14.28
14131,10/16/2021 23:32,14.28
14132,10/16/2021 23:42,14.28
14133,10/16/2021 23:52,14.28
14134,10/17/2021 0:02,14.28
14135,10/17/2021 0:12,14.2
14136,10/17/2021 0:22,14.15
14137,10/17/2021 0:32,14.11
14138,10/17/2021 0:42,14.07
14139,10/17/2021 0:52,14.03
14140,10/17/2021 1:02,13.94
14141,10/17/2021 1:12,13.98
14142,10/17/2021 1:22,13.98
14143,10/17/2021 1:32,14.03
14144,10/17/2021 1:42,14.07
14145,10/17/2021 1:52,14.07
14146,10/17/2021 2:02,14.03
14147,10/17/2021 2:12,14.03
14148,10/17/2021 2:22,13.9
14149,10/17/2021 2:32,13.77
14150,10/17/2021 2:42,13.55
14151,10/17/2021 2:52,13.38
14152,10/17/2021 3:02,13.04
14153,10/17/2021 3:12,10.59
14154,10/17/2021 3:22,8.58
14155,10/17/2021 3:32,8.53
14156,10/17/2021 3:42,8.06
14157,10/17/2021 3:52,8.79
14158,10/17/2021 4:02,8.02
14159,10/17/2021 4:12,8.41
14160,10/17/2021 4:22,9.31
14161,10/17/2021 4:32,8.41
14162,10/17/2021 4:42,7.38
14163,10/17/2021 4:52,6.95
14164,10/17/2021 5:02,6.73
14165,10/17/2021 5:12,7.63
14166,10/17/2021 5:22,8.23
14167,10/17/2021 5:32,8.71
14168,10/17/2021 5:42,7.63
14169,10/17/2021 5:52,8.58
14170,10/17/2021 6:02,9.26
14171,10/17/2021 6:12,9.86
14172,10/17/2021 6:22,11.15
14173,10/17/2021 6:32,10.64
14174,10/17/2021 6:42,10.08
14175,10/17/2021 6:52,10.94
14176,10/17/2021 7:02,11.11
14177,10/17/2021 7:12,11.37
14178,10/17/2021 7:22,11.49
14179,10/17/2021 7:32,12.74
14180,10/17/2021 7:42,13.3
14181,10/17/2021 7:52,13.51
14182,10/17/2021 8:02,13.6
14183,10/17/2021 8:12,13.64
14184,10/17/2021 8:22,13.73
14185,10/17/2021 8:32,13.64
14186,10/17/2021 8:42,13.64
14187,10/17/2021 8:52,13.55
14188,10/17/2021 9:02,13.51
14189,10/17/2021 9:12,13.6
14190,10/17/2021 9:22,13.55
14191,10/17/2021 9:32,13.6
14192,10/17/2021 9:42,13.6
14193,10/17/2021 9:52,13.6
14194,10/17/2021 10:02,13.64
14195,10/17/2021 10:12,13.68
14196,10/17/2021 10:22,13.64
14197,10/17/2021 10:32,13.68
14198,10/17/2021 10:42,13.73
14199,10/17/2021 10:52,13.73
14200,10/17/2021 11:02,13.77
14201,10/17/2021 11:12,13.85
14202,10/17/2021 11:22,13.94
14203,10/17/2021 11:32,14.03
14204,10/17/2021 11:42,14.07
14205,10/17/2021 11:52,14.15
14206,10/17/2021 12:02,14.15
14207,10/17/2021 12:12,14.11
14208,10/17/2021 12:22,14.15
14209,10/17/2021 12:32,14.2
14210,10/17/2021 12:42,14.15
14211,10/17/2021 12:52,14.2
14212,10/17/2021 13:02,14.2
14213,10/17/2021 13:12,14.24
14214,10/17/2021 13:22,14.24
14215,10/17/2021 13:32,14.33
14216,10/17/2021 13:42,14.37
14217,10/17/2021 13:52,14.45
14218,10/17/2021 14:02,14.54
14219,10/17/2021 14:12,14.63
14220,10/17/2021 14:22,14.71
14221,10/17/2021 14:32,14.88
14222,10/17/2021 14:42,15.1
14223,10/17/2021 14:52,15.23
14224,10/17/2021 15:02,15.4
14225,10/17/2021 15:12,15.53
14226,10/17/2021 15:22,15.53
14227,10/17/2021 15:32,15.53
14228,10/17/2021 15:42,15.53
14229,10/17/2021 15:52,15.44
14230,10/17/2021 16:02,15.44
14231,10/17/2021 16:12,15.36
14232,10/17/2021 16:22,15.23
14233,10/17/2021 16:32,15.14
14234,10/17/2021 16:42,15.1
14235,10/17/2021 16:52,14.93
14236,10/17/2021 17:02,14.8
14237,10/17/2021 17:12,14.37
14238,10/17/2021 17:22,14.41
14239,10/17/2021 17:32,14.41
14240,10/17/2021 17:42,14.28
14241,10/17/2021 17:52,14.24
14242,10/17/2021 18:02,14.28
14243,10/17/2021 18:12,14.33
14244,10/17/2021 18:22,14.37
14245,10/17/2021 18:32,14.45
14246,10/17/2021 18:42,14.45
14247,10/17/2021 18:52,14.54
14248,10/17/2021 19:02,14.58
14249,10/17/2021 19:12,14.5
14250,10/17/2021 19:22,14.54
14251,10/17/2021 19:32,14.5
14252,10/17/2021 19:42,14.45
14253,10/17/2021 19:52,14.45
14254,10/17/2021 20:02,14.41
14255,10/17/2021 20:12,14.37
14256,10/17/2021 20:22,14.37
14257,10/17/2021 20:32,14.28
14258,10/17/2021 20:42,14.28
14259,10/17/2021 20:52,14.2
14260,10/17/2021 21:02,14.24
14261,10/17/2021 21:12,14.11
14262,10/17/2021 21:22,14.07
14263,10/17/2021 21:32,13.94
14264,10/17/2021 21:42,13.94
14265,10/17/2021 21:52,13.94
14266,10/17/2021 22:02,13.98
14267,10/17/2021 22:12,13.98
14268,10/17/2021 22:22,14.11
14269,10/17/2021 22:32,14.11
14270,10/17/2021 22:42,14.15
14271,10/17/2021 22:52,14.28
14272,10/17/2021 23:02,14.24
14273,10/17/2021 23:12,14.15
14274,10/17/2021 23:22,14.11
14275,10/17/2021 23:32,14.11
14276,10/17/2021 23:42,14.03
14277,10/17/2021 23:52,14.03
14278,10/18/2021 0:02,13.94
14279,10/18/2021 0:12,13.94
14280,10/18/2021 0:22,13.94
14281,10/18/2021 0:32,13.9
14282,10/18/2021 0:42,13.9
14283,10/18/2021 0:52,13.85
14284,10/18/2021 1:02,13.77
14285,10/18/2021 1:12,13.68
14286,10/18/2021 1:22,13.55
14287,10/18/2021 1:32,13.51
14288,10/18/2021 1:42,13.51
14289,10/18/2021 1:52,13.43
14290,10/18/2021 2:02,13.38
14291,10/18/2021 2:12,13.25
14292,10/18/2021 2:22,13.12
14293,10/18/2021 2:32,12.91
14294,10/18/2021 2:42,12.61
14295,10/18/2021 2:52,12.35
14296,10/18/2021 3:02,12.18
14297,10/18/2021 3:12,12.14
14298,10/18/2021 3:22,12.1
14299,10/18/2021 3:32,12.05
14300,10/18/2021 3:42,12.01
14301,10/18/2021 3:52,12.01
14302,10/18/2021 4:02,11.67
14303,10/18/2021 4:12,11.07
14304,10/18/2021 4:22,10.85
14305,10/18/2021 4:32,10.55
14306,10/18/2021 4:42,10.29
14307,10/18/2021 4:52,10.16
14308,10/18/2021 5:02,9.65
14309,10/18/2021 5:12,9.22
14310,10/18/2021 5:22,8.88
14311,10/18/2021 5:32,8.75
14312,10/18/2021 5:42,8.36
14313,10/18/2021 5:52,8.49
14314,10/18/2021 6:02,8.71
14315,10/18/2021 6:12,8.71
14316,10/18/2021 6:22,8.58
14317,10/18/2021 6:32,8.41
14318,10/18/2021 6:42,8.23
14319,10/18/2021 6:52,8.15
14320,10/18/2021 7:02,8.15
14321,10/18/2021 7:12,9.31
14322,10/18/2021 7:22,9.86
14323,10/18/2021 7:32,10.21
14324,10/18/2021 7:42,10.46
14325,10/18/2021 7:52,11.02
14326,10/18/2021 8:02,12.44
14327,10/18/2021 8:12,12.87
14328,10/18/2021 8:22,13.17
14329,10/18/2021 8:32,13.3
14330,10/18/2021 8:42,13.34
14331,10/18/2021 8:52,13.25
14332,10/18/2021 9:02,13.3
14333,10/18/2021 9:12,13.25
14334,10/18/2021 9:22,13.3
14335,10/18/2021 9:32,13.25
14336,10/18/2021 9:42,13.34
14337,10/18/2021 9:52,13.38
14338,10/18/2021 10:02,13.43
14339,10/18/2021 10:12,13.38
14340,10/18/2021 10:22,13.34
14341,10/18/2021 10:32,13.38
14342,10/18/2021 10:42,13.21
14343,10/18/2021 10:52,13.12
14344,10/18/2021 11:02,13.3
14345,10/18/2021 11:12,13.47
14346,10/18/2021 11:22,13.6
14347,10/18/2021 11:32,13.64
14348,10/18/2021 11:42,13.68
14349,10/18/2021 11:52,13.77
14350,10/18/2021 12:02,13.81
14351,10/18/2021 12:12,13.85
14352,10/18/2021 12:22,13.9
14353,10/18/2021 12:32,13.81
14354,10/18/2021 12:42,13.73
14355,10/18/2021 12:52,13.94
14356,10/18/2021 13:02,14.15
14357,10/18/2021 13:12,14.33
14358,10/18/2021 13:22,14.45
14359,10/18/2021 13:32,14.5
14360,10/18/2021 13:42,14.63
14361,10/18/2021 13:52,14.58
14362,10/18/2021 14:02,14.71
14363,10/18/2021 14:12,14.8
14364,10/18/2021 14:22,14.84
14365,10/18/2021 14:32,15.06
14366,10/18/2021 14:42,15.23
14367,10/18/2021 14:52,15.18
14368,10/18/2021 15:02,15.31
14369,10/18/2021 15:12,15.44
14370,10/18/2021 15:22,15.61
14371,10/18/2021 15:32,15.7
14372,10/18/2021 15:42,15.83
14373,10/18/2021 15:52,16.04
14374,10/18/2021 16:02,16.08
14375,10/18/2021 16:12,16.21
14376,10/18/2021 16:22,16.3
14377,10/18/2021 16:32,16.3
14378,10/18/2021 16:42,16.39
14379,10/18/2021 16:52,16.43
14380,10/18/2021 17:02,16.26
14381,10/18/2021 17:12,15.61
14382,10/18/2021 17:22,14.88
14383,10/18/2021 17:32,14.75
14384,10/18/2021 17:42,14.58
