Obs_Numb,Date_Time,Lease,Site,Time_Pt,WaterTemp_C
1,7/8/2020 14:00,HIOC,North,0,21.652
2,7/8/2020 15:00,HIOC,North,0,18.343
3,7/8/2020 16:00,HIOC,North,0,17.891
4,7/8/2020 17:00,HIOC,North,0,17.439
5,7/8/2020 18:00,HIOC,North,0,18.652
6,7/8/2020 19:00,HIOC,North,0,18.747
7,7/8/2020 20:00,HIOC,North,0,17.748
8,7/8/2020 21:00,HIOC,North,0,17.368
9,7/8/2020 22:00,HIOC,North,0,16.939
10,7/8/2020 23:00,HIOC,North,0,16.915
11,7/9/2020 0:00,HIOC,North,0,15.199
12,7/9/2020 1:00,HIOC,North,0,14.433
13,7/9/2020 2:00,HIOC,North,0,14.649
14,7/9/2020 3:00,HIOC,North,0,14.553
15,7/9/2020 4:00,HIOC,North,0,14.505
16,7/9/2020 5:00,HIOC,North,0,14.577
17,7/9/2020 6:00,HIOC,North,0,13.93
18,7/9/2020 7:00,HIOC,North,0,13.522
19,7/9/2020 8:00,HIOC,North,0,16.939
20,7/9/2020 9:00,HIOC,North,0,21.485
21,7/9/2020 10:00,HIOC,North,0,25.404
22,7/9/2020 11:00,HIOC,North,0,26.744
23,7/9/2020 12:00,HIOC,North,0,27.53
24,7/9/2020 13:00,HIOC,North,0,28.642
25,7/9/2020 14:00,HIOC,North,0,26.867
26,7/9/2020 15:00,HIOC,North,0,19.056
27,7/9/2020 16:00,HIOC,North,0,18.2
28,7/9/2020 17:00,HIOC,North,0,16.82
29,7/9/2020 18:00,HIOC,North,0,16.32
30,7/9/2020 19:00,HIOC,North,0,16.296
31,7/9/2020 20:00,HIOC,North,0,16.892
32,7/9/2020 21:00,HIOC,North,0,16.32
33,7/9/2020 22:00,HIOC,North,0,15.509
34,7/9/2020 23:00,HIOC,North,0,15.7
35,7/10/2020 0:00,HIOC,North,0,15.485
36,7/10/2020 1:00,HIOC,North,0,14.864
37,7/10/2020 2:00,HIOC,North,0,14.17
38,7/10/2020 3:00,HIOC,North,0,13.978
39,7/10/2020 4:00,HIOC,North,0,13.93
40,7/10/2020 5:00,HIOC,North,0,14.002
41,7/10/2020 6:00,HIOC,North,0,14.026
42,7/10/2020 7:00,HIOC,North,0,13.449
43,7/10/2020 8:00,HIOC,North,0,13.594
44,7/10/2020 9:00,HIOC,North,0,17.724
45,7/10/2020 10:00,HIOC,North,0,24.05
46,7/10/2020 11:00,HIOC,North,0,25.793
47,7/10/2020 12:00,HIOC,North,0,26.94
48,7/10/2020 13:00,HIOC,North,0,27.776
49,7/10/2020 14:00,HIOC,North,0,27.801
50,7/10/2020 15:00,HIOC,North,0,20.293
51,7/10/2020 16:00,HIOC,North,0,18.533
52,7/10/2020 17:00,HIOC,North,0,17.534
53,7/10/2020 18:00,HIOC,North,0,16.868
54,7/10/2020 19:00,HIOC,North,0,17.582
55,7/10/2020 20:00,HIOC,North,0,19.389
56,7/10/2020 21:00,HIOC,North,0,20.079
57,7/10/2020 22:00,HIOC,North,0,18.961
58,7/10/2020 23:00,HIOC,North,0,17.843
59,7/11/2020 0:00,HIOC,North,0,17.415
60,7/11/2020 1:00,HIOC,North,0,16.963
61,7/11/2020 2:00,HIOC,North,0,16.511
62,7/11/2020 3:00,HIOC,North,0,15.605
63,7/11/2020 4:00,HIOC,North,0,14.768
64,7/11/2020 5:00,HIOC,North,0,15.342
65,7/11/2020 6:00,HIOC,North,0,15.533
66,7/11/2020 7:00,HIOC,North,0,14.098
67,7/11/2020 8:00,HIOC,North,0,14.768
68,7/11/2020 9:00,HIOC,North,0,20.15
69,7/11/2020 10:00,HIOC,North,0,26.158
70,7/11/2020 11:00,HIOC,North,0,25.574
71,7/11/2020 12:00,HIOC,North,0,25.477
72,7/11/2020 13:00,HIOC,North,0,26.744
73,7/11/2020 14:00,HIOC,North,0,26.867
74,7/11/2020 15:00,HIOC,North,0,24.774
75,7/11/2020 16:00,HIOC,North,0,19.27
76,7/11/2020 17:00,HIOC,North,0,18.842
77,7/11/2020 18:00,HIOC,North,0,17.034
78,7/11/2020 19:00,HIOC,North,0,16.939
79,7/11/2020 20:00,HIOC,North,0,17.867
80,7/11/2020 21:00,HIOC,North,0,19.199
81,7/11/2020 22:00,HIOC,North,0,19.579
82,7/11/2020 23:00,HIOC,North,0,17.724
83,7/12/2020 0:00,HIOC,North,0,16.272
84,7/12/2020 1:00,HIOC,North,0,15.318
85,7/12/2020 2:00,HIOC,North,0,16.82
86,7/12/2020 3:00,HIOC,North,0,16.915
87,7/12/2020 4:00,HIOC,North,0,16.844
88,7/12/2020 5:00,HIOC,North,0,16.344
89,7/12/2020 6:00,HIOC,North,0,15.461
90,7/12/2020 7:00,HIOC,North,0,15.414
91,7/12/2020 8:00,HIOC,North,0,14.361
92,7/12/2020 9:00,HIOC,North,0,17.391
93,7/12/2020 10:00,HIOC,North,0,25.817
94,7/12/2020 11:00,HIOC,North,0,28.048
95,7/12/2020 12:00,HIOC,North,0,27.776
96,7/12/2020 13:00,HIOC,North,0,26.451
97,7/12/2020 14:00,HIOC,North,0,26.353
98,7/12/2020 15:00,HIOC,North,0,24.968
99,7/12/2020 16:00,HIOC,North,0,19.46
100,7/12/2020 17:00,HIOC,North,0,19.127
101,7/12/2020 18:00,HIOC,North,0,17.534
102,7/12/2020 19:00,HIOC,North,0,16.63
103,7/12/2020 20:00,HIOC,North,0,17.32
104,7/12/2020 21:00,HIOC,North,0,17.51
105,7/12/2020 22:00,HIOC,North,0,18.628
106,7/12/2020 23:00,HIOC,North,0,17.891
107,7/13/2020 0:00,HIOC,North,0,16.177
108,7/13/2020 1:00,HIOC,North,0,14.17
109,7/13/2020 2:00,HIOC,North,0,12.63
110,7/13/2020 3:00,HIOC,North,0,14.888
111,7/13/2020 4:00,HIOC,North,0,15.461
112,7/13/2020 5:00,HIOC,North,0,15.414
113,7/13/2020 6:00,HIOC,North,0,15.127
114,7/13/2020 7:00,HIOC,North,0,15.079
115,7/13/2020 8:00,HIOC,North,0,15.318
116,7/13/2020 9:00,HIOC,North,0,15.772
117,7/13/2020 10:00,HIOC,North,0,18.033
118,7/13/2020 11:00,HIOC,North,0,22.657
119,7/13/2020 12:00,HIOC,North,0,25.598
120,7/13/2020 13:00,HIOC,North,0,27.653
121,7/13/2020 14:00,HIOC,North,0,30.167
122,7/13/2020 15:00,HIOC,North,0,24.363
123,7/13/2020 16:00,HIOC,North,0,20.126
124,7/13/2020 17:00,HIOC,North,0,18.937
125,7/13/2020 18:00,HIOC,North,0,18.247
126,7/13/2020 19:00,HIOC,North,0,17.558
127,7/13/2020 20:00,HIOC,North,0,17.439
128,7/13/2020 21:00,HIOC,North,0,18.58
129,7/13/2020 22:00,HIOC,North,0,19.389
130,7/13/2020 23:00,HIOC,North,0,19.103
131,7/14/2020 0:00,HIOC,North,0,17.819
132,7/14/2020 1:00,HIOC,North,0,15.605
133,7/14/2020 2:00,HIOC,North,0,13.04
134,7/14/2020 3:00,HIOC,North,0,12.944
135,7/14/2020 4:00,HIOC,North,0,12.364
136,7/14/2020 5:00,HIOC,North,0,13.882
137,7/14/2020 6:00,HIOC,North,0,16.32
138,7/14/2020 7:00,HIOC,North,0,17.463
139,7/14/2020 8:00,HIOC,North,0,17.534
140,7/14/2020 9:00,HIOC,North,0,17.915
141,7/14/2020 10:00,HIOC,North,0,19.032
142,7/14/2020 11:00,HIOC,North,0,21.557
143,7/14/2020 12:00,HIOC,North,0,26.524
144,7/14/2020 13:00,HIOC,North,0,24.895
145,7/14/2020 14:00,HIOC,North,0,28.518
146,7/14/2020 15:00,HIOC,North,0,24.944
147,7/14/2020 16:00,HIOC,North,0,21.366
148,7/14/2020 17:00,HIOC,North,0,19.08
149,7/14/2020 18:00,HIOC,North,0,18.081
150,7/14/2020 19:00,HIOC,North,0,18.081
151,7/14/2020 20:00,HIOC,North,0,17.415
152,7/14/2020 21:00,HIOC,North,0,17.32
153,7/14/2020 22:00,HIOC,North,0,19.246
154,7/14/2020 23:00,HIOC,North,0,20.198
155,7/15/2020 0:00,HIOC,North,0,19.555
156,7/15/2020 1:00,HIOC,North,0,17.058
157,7/15/2020 2:00,HIOC,North,0,14.314
158,7/15/2020 3:00,HIOC,North,0,13.906
159,7/15/2020 4:00,HIOC,North,0,14.026
160,7/15/2020 5:00,HIOC,North,0,14.194
161,7/15/2020 6:00,HIOC,North,0,14.29
162,7/15/2020 7:00,HIOC,North,0,16.32
163,7/15/2020 8:00,HIOC,North,0,18.01
164,7/15/2020 9:00,HIOC,North,0,17.724
165,7/15/2020 10:00,HIOC,North,0,17.891
166,7/15/2020 11:00,HIOC,North,0,18.985
167,7/15/2020 12:00,HIOC,North,0,20.865
168,7/15/2020 13:00,HIOC,North,0,22.561
169,7/15/2020 14:00,HIOC,North,0,23.713
170,7/15/2020 15:00,HIOC,North,0,23.136
171,7/15/2020 16:00,HIOC,North,0,21.079
172,7/15/2020 17:00,HIOC,North,0,19.389
173,7/15/2020 18:00,HIOC,North,0,17.534
174,7/15/2020 19:00,HIOC,North,0,17.701
175,7/15/2020 20:00,HIOC,North,0,17.582
176,7/15/2020 21:00,HIOC,North,0,17.368
177,7/15/2020 22:00,HIOC,North,0,18.01
178,7/15/2020 23:00,HIOC,North,0,19.508
179,7/16/2020 0:00,HIOC,North,0,19.912
180,7/16/2020 1:00,HIOC,North,0,18.652
181,7/16/2020 2:00,HIOC,North,0,15.581
182,7/16/2020 3:00,HIOC,North,0,14.768
183,7/16/2020 4:00,HIOC,North,0,14.673
184,7/16/2020 5:00,HIOC,North,0,14.481
185,7/16/2020 6:00,HIOC,North,0,14.433
186,7/16/2020 7:00,HIOC,North,0,14.505
187,7/16/2020 8:00,HIOC,North,0,17.13
188,7/16/2020 9:00,HIOC,North,0,17.843
189,7/16/2020 10:00,HIOC,North,0,17.677
190,7/16/2020 11:00,HIOC,North,0,17.819
191,7/16/2020 12:00,HIOC,North,0,18.247
192,7/16/2020 13:00,HIOC,North,0,19.151
193,7/16/2020 14:00,HIOC,North,0,20.198
194,7/16/2020 15:00,HIOC,North,0,21.318
195,7/16/2020 16:00,HIOC,North,0,20.77
196,7/16/2020 17:00,HIOC,North,0,19.436
197,7/16/2020 18:00,HIOC,North,0,17.486
198,7/16/2020 19:00,HIOC,North,0,17.225
199,7/16/2020 20:00,HIOC,North,0,17.034
200,7/16/2020 21:00,HIOC,North,0,16.082
201,7/16/2020 22:00,HIOC,North,0,16.177
202,7/16/2020 23:00,HIOC,North,0,17.368
203,7/17/2020 0:00,HIOC,North,0,17.082
204,7/17/2020 1:00,HIOC,North,0,17.415
205,7/17/2020 2:00,HIOC,North,0,16.868
206,7/17/2020 3:00,HIOC,North,0,14.074
207,7/17/2020 4:00,HIOC,North,0,14.05
208,7/17/2020 5:00,HIOC,North,0,13.954
209,7/17/2020 6:00,HIOC,North,0,13.594
210,7/17/2020 7:00,HIOC,North,0,14.026
211,7/17/2020 8:00,HIOC,North,0,14.314
212,7/17/2020 9:00,HIOC,North,0,16.558
213,7/17/2020 10:00,HIOC,North,0,17.296
214,7/17/2020 11:00,HIOC,North,0,17.034
215,7/17/2020 12:00,HIOC,North,0,17.153
216,7/17/2020 13:00,HIOC,North,0,17.843
217,7/17/2020 14:00,HIOC,North,0,19.555
218,7/17/2020 15:00,HIOC,North,0,21.151
219,7/17/2020 16:00,HIOC,North,0,21.533
220,7/17/2020 17:00,HIOC,North,0,20.555
221,7/17/2020 18:00,HIOC,North,0,19.175
222,7/17/2020 19:00,HIOC,North,0,17.439
223,7/17/2020 20:00,HIOC,North,0,17.629
224,7/17/2020 21:00,HIOC,North,0,17.177
225,7/17/2020 22:00,HIOC,North,0,16.915
226,7/17/2020 23:00,HIOC,North,0,16.963
227,7/18/2020 0:00,HIOC,North,0,17.748
228,7/18/2020 1:00,HIOC,North,0,18.271
229,7/18/2020 2:00,HIOC,North,0,17.867
230,7/18/2020 3:00,HIOC,North,0,16.701
231,7/18/2020 4:00,HIOC,North,0,14.745
232,7/18/2020 5:00,HIOC,North,0,14.649
233,7/18/2020 6:00,HIOC,North,0,14.505
234,7/18/2020 7:00,HIOC,North,0,14.816
235,7/18/2020 8:00,HIOC,North,0,15.509
236,7/18/2020 9:00,HIOC,North,0,16.892
237,7/18/2020 10:00,HIOC,North,0,18.937
238,7/18/2020 11:00,HIOC,North,0,18.58
239,7/18/2020 12:00,HIOC,North,0,18.39
240,7/18/2020 13:00,HIOC,North,0,18.224
241,7/18/2020 14:00,HIOC,North,0,19.793
242,7/18/2020 15:00,HIOC,North,0,20.913
243,7/18/2020 16:00,HIOC,North,0,22.25
244,7/18/2020 17:00,HIOC,North,0,22.082
245,7/18/2020 18:00,HIOC,North,0,20.436
246,7/18/2020 19:00,HIOC,North,0,18.747
247,7/18/2020 20:00,HIOC,North,0,18.247
248,7/18/2020 21:00,HIOC,North,0,18.438
249,7/18/2020 22:00,HIOC,North,0,17.915
250,7/18/2020 23:00,HIOC,North,0,17.296
251,7/19/2020 0:00,HIOC,North,0,18.414
252,7/19/2020 1:00,HIOC,North,0,18.438
253,7/19/2020 2:00,HIOC,North,0,18.842
254,7/19/2020 3:00,HIOC,North,0,18.366
255,7/19/2020 4:00,HIOC,North,0,15.151
256,7/19/2020 5:00,HIOC,North,0,14.768
257,7/19/2020 6:00,HIOC,North,0,14.529
258,7/19/2020 7:00,HIOC,North,0,14.553
259,7/19/2020 8:00,HIOC,North,0,15.008
260,7/19/2020 9:00,HIOC,North,0,15.748
261,7/19/2020 10:00,HIOC,North,0,16.654
262,7/19/2020 11:00,HIOC,North,0,18.675
263,7/19/2020 12:00,HIOC,North,0,18.033
264,7/19/2020 13:00,HIOC,North,0,17.891
265,7/19/2020 14:00,HIOC,North,0,18.319
266,7/19/2020 15:00,HIOC,North,0,19.603
267,7/19/2020 16:00,HIOC,North,0,21.437
268,7/19/2020 17:00,HIOC,North,0,21.772
269,7/19/2020 18:00,HIOC,North,0,20.46
270,7/19/2020 19:00,HIOC,North,0,19.08
271,7/19/2020 20:00,HIOC,North,0,17.391
272,7/19/2020 21:00,HIOC,North,0,17.486
273,7/19/2020 22:00,HIOC,North,0,17.201
274,7/19/2020 23:00,HIOC,North,0,16.558
275,7/20/2020 0:00,HIOC,North,0,16.487
276,7/20/2020 1:00,HIOC,North,0,17.106
277,7/20/2020 2:00,HIOC,North,0,17.463
278,7/20/2020 3:00,HIOC,North,0,17.225
279,7/20/2020 4:00,HIOC,North,0,16.582
280,7/20/2020 5:00,HIOC,North,0,13.69
281,7/20/2020 6:00,HIOC,North,0,13.546
282,7/20/2020 7:00,HIOC,North,0,13.786
283,7/20/2020 8:00,HIOC,North,0,15.366
284,7/20/2020 9:00,HIOC,North,0,16.487
285,7/20/2020 10:00,HIOC,North,0,18.985
286,7/20/2020 11:00,HIOC,North,0,22.657
287,7/20/2020 12:00,HIOC,North,0,18.771
288,7/20/2020 13:00,HIOC,North,0,17.843
289,7/20/2020 14:00,HIOC,North,0,17.843
290,7/20/2020 15:00,HIOC,North,0,18.2
291,7/20/2020 16:00,HIOC,North,0,19.841
292,7/20/2020 17:00,HIOC,North,0,21.103
293,7/20/2020 18:00,HIOC,North,0,21.079
294,7/20/2020 19:00,HIOC,North,0,19.746
295,7/20/2020 20:00,HIOC,North,0,18.39
296,7/20/2020 21:00,HIOC,North,0,17.225
297,7/20/2020 22:00,HIOC,North,0,17.391
298,7/20/2020 23:00,HIOC,North,0,17.011
299,7/21/2020 0:00,HIOC,North,0,16.606
300,7/21/2020 1:00,HIOC,North,0,16.749
301,7/21/2020 2:00,HIOC,North,0,17.13
302,7/21/2020 3:00,HIOC,North,0,17.249
303,7/21/2020 4:00,HIOC,North,0,17.058
304,7/21/2020 5:00,HIOC,North,0,16.368
305,7/21/2020 6:00,HIOC,North,0,13.425
306,7/21/2020 7:00,HIOC,North,0,13.497
307,7/21/2020 8:00,HIOC,North,0,14.553
308,7/21/2020 9:00,HIOC,North,0,16.892
309,7/21/2020 10:00,HIOC,North,0,18.247
310,7/21/2020 11:00,HIOC,North,0,23.232
311,7/21/2020 12:00,HIOC,North,0,21.151
312,7/21/2020 13:00,HIOC,North,0,18.295
313,7/21/2020 14:00,HIOC,North,0,18.271
314,7/21/2020 15:00,HIOC,North,0,18.152
315,7/21/2020 16:00,HIOC,North,0,18.604
316,7/21/2020 17:00,HIOC,North,0,20.269
317,7/21/2020 18:00,HIOC,North,0,21.079
318,7/21/2020 19:00,HIOC,North,0,20.079
319,7/21/2020 20:00,HIOC,North,0,19.151
320,7/21/2020 21:00,HIOC,North,0,18.081
321,7/21/2020 22:00,HIOC,North,0,17.272
322,7/21/2020 23:00,HIOC,North,0,17.368
323,7/22/2020 0:00,HIOC,North,0,17.058
324,7/22/2020 1:00,HIOC,North,0,16.892
325,7/22/2020 2:00,HIOC,North,0,17.034
326,7/22/2020 3:00,HIOC,North,0,17.344
327,7/22/2020 4:00,HIOC,North,0,17.201
328,7/22/2020 5:00,HIOC,North,0,16.844
329,7/22/2020 6:00,HIOC,North,0,14.266
330,7/22/2020 7:00,HIOC,North,0,13.834
331,7/22/2020 8:00,HIOC,North,0,14.17
332,7/22/2020 9:00,HIOC,North,0,15.27
333,7/22/2020 10:00,HIOC,North,0,17.701
334,7/22/2020 11:00,HIOC,North,0,20.555
335,7/22/2020 12:00,HIOC,North,0,24.122
336,7/22/2020 13:00,HIOC,North,1,19.389
337,7/22/2020 14:00,HIOC,North,1,18.461
338,7/22/2020 15:00,HIOC,North,1,18.794
339,7/22/2020 16:00,HIOC,North,1,19.413
340,7/22/2020 17:00,HIOC,North,1,20.531
341,7/22/2020 18:00,HIOC,North,1,22.872
342,7/22/2020 19:00,HIOC,North,1,23.184
343,7/22/2020 20:00,HIOC,North,1,21.819
344,7/22/2020 21:00,HIOC,North,1,20.746
345,7/22/2020 22:00,HIOC,North,1,19.151
346,7/22/2020 23:00,HIOC,North,1,17.558
347,7/23/2020 0:00,HIOC,North,1,17.51
348,7/23/2020 1:00,HIOC,North,1,17.32
349,7/23/2020 2:00,HIOC,North,1,17.249
350,7/23/2020 3:00,HIOC,North,1,17.391
351,7/23/2020 4:00,HIOC,North,1,17.439
352,7/23/2020 5:00,HIOC,North,1,17.582
353,7/23/2020 6:00,HIOC,North,1,16.749
354,7/23/2020 7:00,HIOC,North,1,13.786
355,7/23/2020 8:00,HIOC,North,1,14.05
356,7/23/2020 9:00,HIOC,North,1,15.318
357,7/23/2020 10:00,HIOC,North,1,18.485
358,7/23/2020 11:00,HIOC,North,1,25.89
359,7/23/2020 12:00,HIOC,North,1,23.833
360,7/23/2020 13:00,HIOC,North,1,25.38
361,7/23/2020 14:00,HIOC,North,1,19.698
362,7/23/2020 15:00,HIOC,North,1,19.246
363,7/23/2020 16:00,HIOC,North,1,19.103
364,7/23/2020 17:00,HIOC,North,1,19.436
365,7/23/2020 18:00,HIOC,North,1,21.557
366,7/23/2020 19:00,HIOC,North,1,23.208
367,7/23/2020 20:00,HIOC,North,1,20.746
368,7/23/2020 21:00,HIOC,North,1,19.865
369,7/23/2020 22:00,HIOC,North,1,20.15
370,7/23/2020 23:00,HIOC,North,1,19.127
371,7/24/2020 0:00,HIOC,North,1,17.843
372,7/24/2020 1:00,HIOC,North,1,17.486
373,7/24/2020 2:00,HIOC,North,1,17.177
374,7/24/2020 3:00,HIOC,North,1,16.939
375,7/24/2020 4:00,HIOC,North,1,17.082
376,7/24/2020 5:00,HIOC,North,1,16.606
377,7/24/2020 6:00,HIOC,North,1,15.963
378,7/24/2020 7:00,HIOC,North,1,15.247
379,7/24/2020 8:00,HIOC,North,1,14.505
380,7/24/2020 9:00,HIOC,North,1,15.461
381,7/24/2020 10:00,HIOC,North,1,19.912
382,7/24/2020 11:00,HIOC,North,1,22.154
383,7/24/2020 12:00,HIOC,North,1,23.737
384,7/24/2020 13:00,HIOC,North,1,21.748
385,7/24/2020 14:00,HIOC,North,1,19.246
386,7/24/2020 15:00,HIOC,North,1,18.033
387,7/24/2020 16:00,HIOC,North,1,18.343
388,7/24/2020 17:00,HIOC,North,1,17.938
389,7/24/2020 18:00,HIOC,North,1,18.224
390,7/24/2020 19:00,HIOC,North,1,18.937
391,7/24/2020 20:00,HIOC,North,1,19.46
392,7/24/2020 21:00,HIOC,North,1,17.843
393,7/24/2020 22:00,HIOC,North,1,16.606
394,7/24/2020 23:00,HIOC,North,1,17.653
395,7/25/2020 0:00,HIOC,North,1,17.867
396,7/25/2020 1:00,HIOC,North,1,17.415
397,7/25/2020 2:00,HIOC,North,1,17.106
398,7/25/2020 3:00,HIOC,North,1,16.987
399,7/25/2020 4:00,HIOC,North,1,16.915
400,7/25/2020 5:00,HIOC,North,1,16.796
401,7/25/2020 6:00,HIOC,North,1,16.487
402,7/25/2020 7:00,HIOC,North,1,15.867
403,7/25/2020 8:00,HIOC,North,1,14.194
404,7/25/2020 9:00,HIOC,North,1,15.485
405,7/25/2020 10:00,HIOC,North,1,20.007
406,7/25/2020 11:00,HIOC,North,1,32.613
407,7/25/2020 12:00,HIOC,North,1,25.647
408,7/25/2020 13:00,HIOC,North,1,25.817
409,7/25/2020 14:00,HIOC,North,1,22.968
410,7/25/2020 15:00,HIOC,North,1,19.199
411,7/25/2020 16:00,HIOC,North,1,19.674
412,7/25/2020 17:00,HIOC,North,1,19.008
413,7/25/2020 18:00,HIOC,North,1,19.175
414,7/25/2020 19:00,HIOC,North,1,20.412
415,7/25/2020 20:00,HIOC,North,1,20.889
416,7/25/2020 21:00,HIOC,North,1,21.581
417,7/25/2020 22:00,HIOC,North,1,19.008
418,7/25/2020 23:00,HIOC,North,1,14.577
419,7/26/2020 0:00,HIOC,North,1,15.748
420,7/26/2020 1:00,HIOC,North,1,18.533
421,7/26/2020 2:00,HIOC,North,1,19.127
422,7/26/2020 3:00,HIOC,North,1,17.677
423,7/26/2020 4:00,HIOC,North,1,17.486
424,7/26/2020 5:00,HIOC,North,1,17.415
425,7/26/2020 6:00,HIOC,North,1,17.368
426,7/26/2020 7:00,HIOC,North,1,17.249
427,7/26/2020 8:00,HIOC,North,1,16.796
428,7/26/2020 9:00,HIOC,North,1,15.294
429,7/26/2020 10:00,HIOC,North,1,16.844
430,7/26/2020 11:00,HIOC,North,1,20.746
431,7/26/2020 12:00,HIOC,North,1,25.258
432,7/26/2020 13:00,HIOC,North,1,25.428
433,7/26/2020 14:00,HIOC,North,1,27.112
434,7/26/2020 15:00,HIOC,North,1,19.698
435,7/26/2020 16:00,HIOC,North,1,19.413
436,7/26/2020 17:00,HIOC,North,1,18.818
437,7/26/2020 18:00,HIOC,North,1,18.461
438,7/26/2020 19:00,HIOC,North,1,18.771
439,7/26/2020 20:00,HIOC,North,1,19.603
440,7/26/2020 21:00,HIOC,North,1,20.436
441,7/26/2020 22:00,HIOC,North,1,19.888
442,7/26/2020 23:00,HIOC,North,1,14.96
443,7/27/2020 0:00,HIOC,North,1,13.522
444,7/27/2020 1:00,HIOC,North,1,13.353
445,7/27/2020 2:00,HIOC,North,1,13.233
446,7/27/2020 3:00,HIOC,North,1,17.915
447,7/27/2020 4:00,HIOC,North,1,18.39
448,7/27/2020 5:00,HIOC,North,1,17.629
449,7/27/2020 6:00,HIOC,North,1,17.558
450,7/27/2020 7:00,HIOC,North,1,17.415
451,7/27/2020 8:00,HIOC,North,1,17.344
452,7/27/2020 9:00,HIOC,North,1,17.058
453,7/27/2020 10:00,HIOC,North,1,16.296
454,7/27/2020 11:00,HIOC,North,1,18.818
455,7/27/2020 12:00,HIOC,North,1,25.598
456,7/27/2020 13:00,HIOC,North,1,25.574
457,7/27/2020 14:00,HIOC,North,1,26.646
458,7/27/2020 15:00,HIOC,North,1,20.674
459,7/27/2020 16:00,HIOC,North,1,19.341
460,7/27/2020 17:00,HIOC,North,1,18.889
461,7/27/2020 18:00,HIOC,North,1,18.39
462,7/27/2020 19:00,HIOC,North,1,17.891
463,7/27/2020 20:00,HIOC,North,1,18.366
464,7/27/2020 21:00,HIOC,North,1,19.27
465,7/27/2020 22:00,HIOC,North,1,19.341
466,7/27/2020 23:00,HIOC,North,1,18.842
467,7/28/2020 0:00,HIOC,North,1,14.337
468,7/28/2020 1:00,HIOC,North,1,14.074
469,7/28/2020 2:00,HIOC,North,1,13.69
470,7/28/2020 3:00,HIOC,North,1,13.305
471,7/28/2020 4:00,HIOC,North,1,12.896
472,7/28/2020 5:00,HIOC,North,1,16.773
473,7/28/2020 6:00,HIOC,North,1,17.558
474,7/28/2020 7:00,HIOC,North,1,17.534
475,7/28/2020 8:00,HIOC,North,1,17.463
476,7/28/2020 9:00,HIOC,North,1,17.32
477,7/28/2020 10:00,HIOC,North,1,16.677
478,7/28/2020 11:00,HIOC,North,1,18.343
479,7/28/2020 12:00,HIOC,North,1,18.414
480,7/28/2020 13:00,HIOC,North,1,22.274
481,7/28/2020 14:00,HIOC,North,1,23.833
482,7/28/2020 15:00,HIOC,North,1,19.793
483,7/28/2020 16:00,HIOC,North,1,18.557
484,7/28/2020 17:00,HIOC,North,1,18.319
485,7/28/2020 18:00,HIOC,North,1,17.938
486,7/28/2020 19:00,HIOC,North,1,17.439
487,7/28/2020 20:00,HIOC,North,1,17.296
488,7/28/2020 21:00,HIOC,North,1,17.843
489,7/28/2020 22:00,HIOC,North,1,18.033
490,7/28/2020 23:00,HIOC,North,1,17.986
491,7/29/2020 0:00,HIOC,North,1,17.368
492,7/29/2020 1:00,HIOC,North,1,13.954
493,7/29/2020 2:00,HIOC,North,1,13.449
494,7/29/2020 3:00,HIOC,North,1,13.161
495,7/29/2020 4:00,HIOC,North,1,12.775
496,7/29/2020 5:00,HIOC,North,1,12.558
497,7/29/2020 6:00,HIOC,North,1,12.34
498,7/29/2020 7:00,HIOC,North,1,16.915
499,7/29/2020 8:00,HIOC,North,1,17.225
500,7/29/2020 9:00,HIOC,North,1,17.296
501,7/29/2020 10:00,HIOC,North,1,17.415
502,7/29/2020 11:00,HIOC,North,1,17.891
503,7/29/2020 12:00,HIOC,North,1,19.341
504,7/29/2020 13:00,HIOC,North,1,22.202
505,7/29/2020 14:00,HIOC,North,1,24.75
506,7/29/2020 15:00,HIOC,North,1,22.609
507,7/29/2020 16:00,HIOC,North,1,19.888
508,7/29/2020 17:00,HIOC,North,1,18.461
509,7/29/2020 18:00,HIOC,North,1,18.295
510,7/29/2020 19:00,HIOC,North,1,17.891
511,7/29/2020 20:00,HIOC,North,1,17.439
512,7/29/2020 21:00,HIOC,North,1,17.344
513,7/29/2020 22:00,HIOC,North,1,18.057
514,7/29/2020 23:00,HIOC,North,1,18.081
515,7/30/2020 0:00,HIOC,North,1,17.796
516,7/30/2020 1:00,HIOC,North,1,16.987
517,7/30/2020 2:00,HIOC,North,1,13.786
518,7/30/2020 3:00,HIOC,North,1,13.81
519,7/30/2020 4:00,HIOC,North,1,13.57
520,7/30/2020 5:00,HIOC,North,1,13.401
521,7/30/2020 6:00,HIOC,North,1,13.112
522,7/30/2020 7:00,HIOC,North,1,13.161
523,7/30/2020 8:00,HIOC,North,1,15.629
524,7/30/2020 9:00,HIOC,North,1,17.272
525,7/30/2020 10:00,HIOC,North,1,17.415
526,7/30/2020 11:00,HIOC,North,1,17.796
527,7/30/2020 12:00,HIOC,North,1,18.533
528,7/30/2020 13:00,HIOC,North,1,19.508
529,7/30/2020 14:00,HIOC,North,1,20.436
530,7/30/2020 15:00,HIOC,North,1,21.366
531,7/30/2020 16:00,HIOC,North,1,20.436
532,7/30/2020 17:00,HIOC,North,1,18.961
533,7/30/2020 18:00,HIOC,North,1,17.843
534,7/30/2020 19:00,HIOC,North,1,17.677
535,7/30/2020 20:00,HIOC,North,1,17.201
536,7/30/2020 21:00,HIOC,North,1,16.749
537,7/30/2020 22:00,HIOC,North,1,16.82
538,7/30/2020 23:00,HIOC,North,1,17.177
539,7/31/2020 0:00,HIOC,North,1,17.391
540,7/31/2020 1:00,HIOC,North,1,17.106
541,7/31/2020 2:00,HIOC,North,1,16.153
542,7/31/2020 3:00,HIOC,North,1,13.882
543,7/31/2020 4:00,HIOC,North,1,13.69
544,7/31/2020 5:00,HIOC,North,1,13.497
545,7/31/2020 6:00,HIOC,North,1,13.281
546,7/31/2020 7:00,HIOC,North,1,13.642
547,7/31/2020 8:00,HIOC,North,1,13.546
548,7/31/2020 9:00,HIOC,North,1,15.557
549,7/31/2020 10:00,HIOC,North,1,16.987
550,7/31/2020 11:00,HIOC,North,1,16.939
551,7/31/2020 12:00,HIOC,North,1,16.892
552,7/31/2020 13:00,HIOC,North,1,17.605
553,7/31/2020 14:00,HIOC,North,1,18.39
554,7/31/2020 15:00,HIOC,North,1,20.293
555,7/31/2020 16:00,HIOC,North,1,21.413
556,7/31/2020 17:00,HIOC,North,1,20.507
557,7/31/2020 18:00,HIOC,North,1,19.341
558,7/31/2020 19:00,HIOC,North,1,17.819
559,7/31/2020 20:00,HIOC,North,1,17.653
560,7/31/2020 21:00,HIOC,North,1,16.939
561,7/31/2020 22:00,HIOC,North,1,16.534
562,7/31/2020 23:00,HIOC,North,1,16.701
563,8/1/2020 0:00,HIOC,North,1,17.034
564,8/1/2020 1:00,HIOC,North,1,16.939
565,8/1/2020 2:00,HIOC,North,1,16.249
566,8/1/2020 3:00,HIOC,North,1,13.449
567,8/1/2020 4:00,HIOC,North,1,12.823
568,8/1/2020 5:00,HIOC,North,1,12.678
569,8/1/2020 6:00,HIOC,North,1,12.461
570,8/1/2020 7:00,HIOC,North,1,12.461
571,8/1/2020 8:00,HIOC,North,1,13.353
572,8/1/2020 9:00,HIOC,North,1,14.697
573,8/1/2020 10:00,HIOC,North,1,17.249
574,8/1/2020 11:00,HIOC,North,1,17.249
575,8/1/2020 12:00,HIOC,North,1,17.177
576,8/1/2020 13:00,HIOC,North,1,17.153
577,8/1/2020 14:00,HIOC,North,1,18.057
578,8/1/2020 15:00,HIOC,North,1,18.889
579,8/1/2020 16:00,HIOC,North,1,20.913
580,8/1/2020 17:00,HIOC,North,1,21.079
581,8/1/2020 18:00,HIOC,North,1,20.341
582,8/1/2020 19:00,HIOC,North,1,18.913
583,8/1/2020 20:00,HIOC,North,1,17.51
584,8/1/2020 21:00,HIOC,North,1,17.13
585,8/1/2020 22:00,HIOC,North,1,16.344
586,8/1/2020 23:00,HIOC,North,1,15.939
587,8/2/2020 0:00,HIOC,North,1,16.606
588,8/2/2020 1:00,HIOC,North,1,16.868
589,8/2/2020 2:00,HIOC,North,1,16.487
590,8/2/2020 3:00,HIOC,North,1,15.891
591,8/2/2020 4:00,HIOC,North,1,12.775
592,8/2/2020 5:00,HIOC,North,1,12.534
593,8/2/2020 6:00,HIOC,North,1,12.243
594,8/2/2020 7:00,HIOC,North,1,12.364
595,8/2/2020 8:00,HIOC,North,1,13.401
596,8/2/2020 9:00,HIOC,North,1,16.63
597,8/2/2020 10:00,HIOC,North,1,23.472
598,8/2/2020 11:00,HIOC,North,1,20.579
599,8/2/2020 12:00,HIOC,North,1,18.652
600,8/2/2020 13:00,HIOC,North,1,17.486
601,8/2/2020 14:00,HIOC,North,1,17.772
602,8/2/2020 15:00,HIOC,North,1,19.246
603,8/2/2020 16:00,HIOC,North,1,20.555
604,8/2/2020 17:00,HIOC,North,1,21.461
605,8/2/2020 18:00,HIOC,North,1,20.603
606,8/2/2020 19:00,HIOC,North,1,19.555
607,8/2/2020 20:00,HIOC,North,1,18.438
608,8/2/2020 21:00,HIOC,North,1,16.963
609,8/2/2020 22:00,HIOC,North,1,16.129
610,8/2/2020 23:00,HIOC,North,1,15.485
611,8/3/2020 0:00,HIOC,North,1,15.151
612,8/3/2020 1:00,HIOC,North,1,16.249
613,8/3/2020 2:00,HIOC,North,1,16.177
614,8/3/2020 3:00,HIOC,North,1,15.652
615,8/3/2020 4:00,HIOC,North,1,15.008
616,8/3/2020 5:00,HIOC,North,1,12.001
617,8/3/2020 6:00,HIOC,North,1,11.637
618,8/3/2020 7:00,HIOC,North,1,14.194
619,8/3/2020 8:00,HIOC,North,1,19.96
620,8/3/2020 9:00,HIOC,North,1,23.641
621,8/3/2020 10:00,HIOC,North,1,25.89
622,8/3/2020 11:00,HIOC,North,1,25.914
623,8/3/2020 12:00,HIOC,North,1,19.175
624,8/3/2020 13:00,HIOC,North,1,17.843
625,8/3/2020 14:00,HIOC,North,1,16.939
626,8/3/2020 15:00,HIOC,North,1,16.725
627,8/3/2020 16:00,HIOC,North,1,16.915
628,8/3/2020 17:00,HIOC,North,1,17.296
629,8/3/2020 18:00,HIOC,North,1,17.486
630,8/3/2020 19:00,HIOC,North,1,17.106
631,8/3/2020 20:00,HIOC,North,1,17.534
632,8/3/2020 21:00,HIOC,North,1,16.296
633,8/3/2020 22:00,HIOC,North,1,15.581
634,8/3/2020 23:00,HIOC,North,1,15.151
635,8/4/2020 0:00,HIOC,North,1,14.577
636,8/4/2020 1:00,HIOC,North,1,15.055
637,8/4/2020 2:00,HIOC,North,1,15.461
638,8/4/2020 3:00,HIOC,North,1,15.366
639,8/4/2020 4:00,HIOC,North,1,15.079
640,8/4/2020 5:00,HIOC,North,1,13.016
641,8/4/2020 6:00,HIOC,North,1,12.703
642,8/4/2020 7:00,HIOC,North,1,13.064
643,8/4/2020 8:00,HIOC,North,1,14.29
644,8/4/2020 9:00,HIOC,North,1,17.225
645,8/4/2020 10:00,HIOC,North,1,20.841
646,8/4/2020 11:00,HIOC,North,1,28.394
647,8/4/2020 12:00,HIOC,North,1,23.328
648,8/4/2020 13:00,HIOC,North,1,17.796
649,8/4/2020 14:00,HIOC,North,1,16.63
650,8/4/2020 15:00,HIOC,North,1,16.368
651,8/4/2020 16:00,HIOC,North,1,17.153
652,8/4/2020 17:00,HIOC,North,1,17.843
653,8/4/2020 18:00,HIOC,North,1,17.938
654,8/4/2020 19:00,HIOC,North,1,17.534
655,8/4/2020 20:00,HIOC,North,1,16.892
656,8/4/2020 21:00,HIOC,North,1,17.153
657,8/4/2020 22:00,HIOC,North,1,16.272
658,8/4/2020 23:00,HIOC,North,1,15.509
659,8/5/2020 0:00,HIOC,North,1,14.96
660,8/5/2020 1:00,HIOC,North,1,14.337
661,8/5/2020 2:00,HIOC,North,1,14.912
662,8/5/2020 3:00,HIOC,North,1,15.199
663,8/5/2020 4:00,HIOC,North,1,15.151
664,8/5/2020 5:00,HIOC,North,1,14.649
665,8/5/2020 6:00,HIOC,North,1,12.968
666,8/5/2020 7:00,HIOC,North,1,12.944
667,8/5/2020 8:00,HIOC,North,1,14.002
668,8/5/2020 9:00,HIOC,North,1,15.055
669,8/5/2020 10:00,HIOC,North,1,17.534
670,8/5/2020 11:00,HIOC,North,1,21.676
671,8/5/2020 12:00,HIOC,North,1,24.339
672,8/5/2020 13:00,HIOC,North,2,18.081
673,8/5/2020 14:00,HIOC,North,2,17.13
674,8/5/2020 15:00,HIOC,North,2,16.558
675,8/5/2020 16:00,HIOC,North,2,17.272
676,8/5/2020 17:00,HIOC,North,2,19.032
677,8/5/2020 18:00,HIOC,North,2,18.723
678,8/5/2020 19:00,HIOC,North,2,17.986
679,8/5/2020 20:00,HIOC,North,2,16.344
680,8/5/2020 21:00,HIOC,North,2,16.225
681,8/5/2020 22:00,HIOC,North,2,16.487
682,8/5/2020 23:00,HIOC,North,2,15.676
683,8/6/2020 0:00,HIOC,North,2,15.27
684,8/6/2020 1:00,HIOC,North,2,14.912
685,8/6/2020 2:00,HIOC,North,2,14.721
686,8/6/2020 3:00,HIOC,North,2,15.031
687,8/6/2020 4:00,HIOC,North,2,15.031
688,8/6/2020 5:00,HIOC,North,2,14.266
689,8/6/2020 6:00,HIOC,North,2,14.002
690,8/6/2020 7:00,HIOC,North,2,13.064
691,8/6/2020 8:00,HIOC,North,2,14.266
692,8/6/2020 9:00,HIOC,North,2,19.436
693,8/6/2020 10:00,HIOC,North,2,27.776
694,8/6/2020 11:00,HIOC,North,2,25.914
695,8/6/2020 12:00,HIOC,North,2,25.38
696,8/6/2020 13:00,HIOC,North,2,20.984
697,8/6/2020 14:00,HIOC,North,2,17.962
698,8/6/2020 15:00,HIOC,North,2,17.082
699,8/6/2020 16:00,HIOC,North,2,16.272
700,8/6/2020 17:00,HIOC,North,2,16.725
701,8/6/2020 18:00,HIOC,North,2,16.82
702,8/6/2020 19:00,HIOC,North,2,16.677
703,8/6/2020 20:00,HIOC,North,2,15.986
704,8/6/2020 21:00,HIOC,North,2,14.888
705,8/6/2020 22:00,HIOC,North,2,15.366
706,8/6/2020 23:00,HIOC,North,2,16.153
707,8/7/2020 0:00,HIOC,North,2,15.294
708,8/7/2020 1:00,HIOC,North,2,14.721
709,8/7/2020 2:00,HIOC,North,2,14.385
710,8/7/2020 3:00,HIOC,North,2,14.409
711,8/7/2020 4:00,HIOC,North,2,14.745
712,8/7/2020 5:00,HIOC,North,2,14.529
713,8/7/2020 6:00,HIOC,North,2,14.074
714,8/7/2020 7:00,HIOC,North,2,13.594
715,8/7/2020 8:00,HIOC,North,2,17.153
716,8/7/2020 9:00,HIOC,North,2,21.724
717,8/7/2020 10:00,HIOC,North,2,26.598
718,8/7/2020 11:00,HIOC,North,2,23.809
719,8/7/2020 12:00,HIOC,North,2,26.426
720,8/7/2020 13:00,HIOC,North,2,24.677
721,8/7/2020 14:00,HIOC,North,2,18.461
722,8/7/2020 15:00,HIOC,North,2,18.057
723,8/7/2020 16:00,HIOC,North,2,16.987
724,8/7/2020 17:00,HIOC,North,2,18.747
725,8/7/2020 18:00,HIOC,North,2,19.674
726,8/7/2020 19:00,HIOC,North,2,21.724
727,8/7/2020 20:00,HIOC,North,2,20.412
728,8/7/2020 21:00,HIOC,North,2,14.481
729,8/7/2020 22:00,HIOC,North,2,14.409
730,8/7/2020 23:00,HIOC,North,2,17.796
731,8/8/2020 0:00,HIOC,North,2,18.509
732,8/8/2020 1:00,HIOC,North,2,17.13
733,8/8/2020 2:00,HIOC,North,2,15.915
734,8/8/2020 3:00,HIOC,North,2,15.39
735,8/8/2020 4:00,HIOC,North,2,15.796
736,8/8/2020 5:00,HIOC,North,2,16.654
737,8/8/2020 6:00,HIOC,North,2,16.01
738,8/8/2020 7:00,HIOC,North,2,15.676
739,8/8/2020 8:00,HIOC,North,2,16.915
740,8/8/2020 9:00,HIOC,North,2,20.269
741,8/8/2020 10:00,HIOC,North,2,27.235
742,8/8/2020 11:00,HIOC,North,2,26.061
743,8/8/2020 12:00,HIOC,North,2,26.842
744,8/8/2020 13:00,HIOC,North,2,26.28
745,8/8/2020 14:00,HIOC,North,2,19.912
746,8/8/2020 15:00,HIOC,North,2,18.699
747,8/8/2020 16:00,HIOC,North,2,19.032
748,8/8/2020 17:00,HIOC,North,2,19.484
749,8/8/2020 18:00,HIOC,North,2,19.698
750,8/8/2020 19:00,HIOC,North,2,21.557
751,8/8/2020 20:00,HIOC,North,2,22.106
752,8/8/2020 21:00,HIOC,North,2,19.77
753,8/8/2020 22:00,HIOC,North,2,14.96
754,8/8/2020 23:00,HIOC,North,2,14.697
755,8/9/2020 0:00,HIOC,North,2,19.032
756,8/9/2020 1:00,HIOC,North,2,19.912
757,8/9/2020 2:00,HIOC,North,2,18.985
758,8/9/2020 3:00,HIOC,North,2,17.225
759,8/9/2020 4:00,HIOC,North,2,16.963
760,8/9/2020 5:00,HIOC,North,2,17.677
761,8/9/2020 6:00,HIOC,North,2,18.343
762,8/9/2020 7:00,HIOC,North,2,17.819
763,8/9/2020 8:00,HIOC,North,2,16.844
764,8/9/2020 9:00,HIOC,North,2,17.034
765,8/9/2020 10:00,HIOC,North,2,24.919
766,8/9/2020 11:00,HIOC,North,2,26.182
767,8/9/2020 12:00,HIOC,North,2,27.186
768,8/9/2020 13:00,HIOC,North,2,27.431
769,8/9/2020 14:00,HIOC,North,2,21.7
770,8/9/2020 15:00,HIOC,North,2,19.841
771,8/9/2020 16:00,HIOC,North,2,19.318
772,8/9/2020 17:00,HIOC,North,2,18.557
773,8/9/2020 18:00,HIOC,North,2,19.579
774,8/9/2020 19:00,HIOC,North,2,21.485
775,8/9/2020 20:00,HIOC,North,2,22.968
776,8/9/2020 21:00,HIOC,North,2,22.657
777,8/9/2020 22:00,HIOC,North,2,20.079
778,8/9/2020 23:00,HIOC,North,2,15.772
779,8/10/2020 0:00,HIOC,North,2,15.629
780,8/10/2020 1:00,HIOC,North,2,17.915
781,8/10/2020 2:00,HIOC,North,2,19.436
782,8/10/2020 3:00,HIOC,North,2,19.436
783,8/10/2020 4:00,HIOC,North,2,18.818
784,8/10/2020 5:00,HIOC,North,2,18.485
785,8/10/2020 6:00,HIOC,North,2,18.604
786,8/10/2020 7:00,HIOC,North,2,18.176
787,8/10/2020 8:00,HIOC,North,2,17.772
788,8/10/2020 9:00,HIOC,North,2,17.843
789,8/10/2020 10:00,HIOC,North,2,19.151
790,8/10/2020 11:00,HIOC,North,2,24.339
791,8/10/2020 12:00,HIOC,North,2,24.605
792,8/10/2020 13:00,HIOC,North,2,24.412
793,8/10/2020 14:00,HIOC,North,2,22.034
794,8/10/2020 15:00,HIOC,North,2,19.698
795,8/10/2020 16:00,HIOC,North,2,19.365
796,8/10/2020 17:00,HIOC,North,2,19.199
797,8/10/2020 18:00,HIOC,North,2,19.175
798,8/10/2020 19:00,HIOC,North,2,19.555
799,8/10/2020 20:00,HIOC,North,2,21.175
800,8/10/2020 21:00,HIOC,North,2,21.223
801,8/10/2020 22:00,HIOC,North,2,20.222
802,8/10/2020 23:00,HIOC,North,2,18.628
803,8/11/2020 0:00,HIOC,North,2,15.867
804,8/11/2020 1:00,HIOC,North,2,15.676
805,8/11/2020 2:00,HIOC,North,2,15.39
806,8/11/2020 3:00,HIOC,North,2,18.081
807,8/11/2020 4:00,HIOC,North,2,19.365
808,8/11/2020 5:00,HIOC,North,2,19.127
809,8/11/2020 6:00,HIOC,North,2,18.675
810,8/11/2020 7:00,HIOC,North,2,18.675
811,8/11/2020 8:00,HIOC,North,2,18.604
812,8/11/2020 9:00,HIOC,North,2,18.604
813,8/11/2020 10:00,HIOC,North,2,18.889
814,8/11/2020 11:00,HIOC,North,2,19.436
815,8/11/2020 12:00,HIOC,North,2,20.865
816,8/11/2020 13:00,HIOC,North,2,21.39
817,8/11/2020 14:00,HIOC,North,2,20.46
818,8/11/2020 15:00,HIOC,North,2,19.674
819,8/11/2020 16:00,HIOC,North,2,18.889
820,8/11/2020 17:00,HIOC,North,2,18.747
821,8/11/2020 18:00,HIOC,North,2,18.271
822,8/11/2020 19:00,HIOC,North,2,18.319
823,8/11/2020 20:00,HIOC,North,2,18.723
824,8/11/2020 21:00,HIOC,North,2,19.841
825,8/11/2020 22:00,HIOC,North,2,20.246
826,8/11/2020 23:00,HIOC,North,2,18.985
827,8/12/2020 0:00,HIOC,North,2,15.103
828,8/12/2020 1:00,HIOC,North,2,14.912
829,8/12/2020 2:00,HIOC,North,2,14.601
830,8/12/2020 3:00,HIOC,North,2,14.05
831,8/12/2020 4:00,HIOC,North,2,13.666
832,8/12/2020 5:00,HIOC,North,2,17.058
833,8/12/2020 6:00,HIOC,North,2,18.176
834,8/12/2020 7:00,HIOC,North,2,18.01
835,8/12/2020 8:00,HIOC,North,2,17.748
836,8/12/2020 9:00,HIOC,North,2,17.915
837,8/12/2020 10:00,HIOC,North,2,18.105
838,8/12/2020 11:00,HIOC,North,2,19.199
839,8/12/2020 12:00,HIOC,North,2,21.39
840,8/12/2020 13:00,HIOC,North,2,23.497
841,8/12/2020 14:00,HIOC,North,2,22.226
842,8/12/2020 15:00,HIOC,North,2,20.746
843,8/12/2020 16:00,HIOC,North,2,19.436
844,8/12/2020 17:00,HIOC,North,2,19.103
845,8/12/2020 18:00,HIOC,North,2,18.842
846,8/12/2020 19:00,HIOC,North,2,17.867
847,8/12/2020 20:00,HIOC,North,2,18.438
848,8/12/2020 21:00,HIOC,North,2,18.866
849,8/12/2020 22:00,HIOC,North,2,19.746
850,8/12/2020 23:00,HIOC,North,2,19.532
851,8/13/2020 0:00,HIOC,North,2,17.51
852,8/13/2020 1:00,HIOC,North,2,14.122
853,8/13/2020 2:00,HIOC,North,2,13.522
854,8/13/2020 3:00,HIOC,North,2,12.727
855,8/13/2020 4:00,HIOC,North,2,11.175
856,8/13/2020 5:00,HIOC,North,2,10.198
857,8/13/2020 6:00,HIOC,North,2,12.727
858,8/13/2020 7:00,HIOC,North,2,16.987
859,8/13/2020 8:00,HIOC,North,2,17.582
860,8/13/2020 9:00,HIOC,North,2,17.605
861,8/13/2020 10:00,HIOC,North,2,18.723
862,8/13/2020 11:00,HIOC,North,2,19.817
863,8/13/2020 12:00,HIOC,North,2,21.151
864,8/13/2020 13:00,HIOC,North,2,23.424
865,8/13/2020 14:00,HIOC,North,2,22.465
866,8/13/2020 15:00,HIOC,North,2,21.676
867,8/13/2020 16:00,HIOC,North,2,20.388
868,8/13/2020 17:00,HIOC,North,2,19.341
869,8/13/2020 18:00,HIOC,North,2,19.627
870,8/13/2020 19:00,HIOC,North,2,18.985
871,8/13/2020 20:00,HIOC,North,2,17.867
872,8/13/2020 21:00,HIOC,North,2,18.889
873,8/13/2020 22:00,HIOC,North,2,19.555
874,8/13/2020 23:00,HIOC,North,2,20.412
875,8/14/2020 0:00,HIOC,North,2,20.365
876,8/14/2020 1:00,HIOC,North,2,17.177
877,8/14/2020 2:00,HIOC,North,2,14.697
878,8/14/2020 3:00,HIOC,North,2,15.127
879,8/14/2020 4:00,HIOC,North,2,14.816
880,8/14/2020 5:00,HIOC,North,2,14.649
881,8/14/2020 6:00,HIOC,North,2,14.649
882,8/14/2020 7:00,HIOC,North,2,15.605
883,8/14/2020 8:00,HIOC,North,2,18.343
884,8/14/2020 9:00,HIOC,North,2,19.127
885,8/14/2020 10:00,HIOC,North,2,18.866
886,8/14/2020 11:00,HIOC,North,2,19.27
887,8/14/2020 12:00,HIOC,North,2,20.507
888,8/14/2020 13:00,HIOC,North,2,21.366
889,8/14/2020 14:00,HIOC,North,2,22.705
890,8/14/2020 15:00,HIOC,North,2,22.178
891,8/14/2020 16:00,HIOC,North,2,21.461
892,8/14/2020 17:00,HIOC,North,2,19.508
893,8/14/2020 18:00,HIOC,North,2,18.985
894,8/14/2020 19:00,HIOC,North,2,19.199
895,8/14/2020 20:00,HIOC,North,2,18.723
896,8/14/2020 21:00,HIOC,North,2,17.748
897,8/14/2020 22:00,HIOC,North,2,18.723
898,8/14/2020 23:00,HIOC,North,2,19.627
899,8/15/2020 0:00,HIOC,North,2,20.079
900,8/15/2020 1:00,HIOC,North,2,20.031
901,8/15/2020 2:00,HIOC,North,2,16.606
902,8/15/2020 3:00,HIOC,North,2,15.891
903,8/15/2020 4:00,HIOC,North,2,15.652
904,8/15/2020 5:00,HIOC,North,2,15.939
905,8/15/2020 6:00,HIOC,North,2,15.939
906,8/15/2020 7:00,HIOC,North,2,16.153
907,8/15/2020 8:00,HIOC,North,2,22.705
908,8/15/2020 9:00,HIOC,North,2,20.126
909,8/15/2020 10:00,HIOC,North,2,19.746
910,8/15/2020 11:00,HIOC,North,2,19.746
911,8/15/2020 12:00,HIOC,North,2,19.96
912,8/15/2020 13:00,HIOC,North,2,22.274
913,8/15/2020 14:00,HIOC,North,2,23.448
914,8/15/2020 15:00,HIOC,North,2,24.388
915,8/15/2020 16:00,HIOC,North,2,23.232
916,8/15/2020 17:00,HIOC,North,2,21.867
917,8/15/2020 18:00,HIOC,North,2,20.198
918,8/15/2020 19:00,HIOC,North,2,20.103
919,8/15/2020 20:00,HIOC,North,2,20.174
920,8/15/2020 21:00,HIOC,North,2,19.603
921,8/15/2020 22:00,HIOC,North,2,19.103
922,8/15/2020 23:00,HIOC,North,2,20.007
923,8/16/2020 0:00,HIOC,North,2,20.365
924,8/16/2020 1:00,HIOC,North,2,20.365
925,8/16/2020 2:00,HIOC,North,2,19.793
926,8/16/2020 3:00,HIOC,North,2,15.629
927,8/16/2020 4:00,HIOC,North,2,16.201
928,8/16/2020 5:00,HIOC,North,2,17.368
929,8/16/2020 6:00,HIOC,North,2,17.011
930,8/16/2020 7:00,HIOC,North,2,16.915
931,8/16/2020 8:00,HIOC,North,2,17.415
932,8/16/2020 9:00,HIOC,North,2,18.509
933,8/16/2020 10:00,HIOC,North,2,19.77
934,8/16/2020 11:00,HIOC,North,2,19.246
935,8/16/2020 12:00,HIOC,North,2,19.008
936,8/16/2020 13:00,HIOC,North,2,19.936
937,8/16/2020 14:00,HIOC,North,2,21.437
938,8/16/2020 15:00,HIOC,North,2,21.963
939,8/16/2020 16:00,HIOC,North,2,23.112
940,8/16/2020 17:00,HIOC,North,2,21.557
941,8/16/2020 18:00,HIOC,North,2,20.674
942,8/16/2020 19:00,HIOC,North,2,19.103
943,8/16/2020 20:00,HIOC,North,2,18.509
944,8/16/2020 21:00,HIOC,North,2,18.414
945,8/16/2020 22:00,HIOC,North,2,18.033
946,8/16/2020 23:00,HIOC,North,2,17.938
947,8/17/2020 0:00,HIOC,North,2,18.343
948,8/17/2020 1:00,HIOC,North,2,18.366
949,8/17/2020 2:00,HIOC,North,2,18.271
950,8/17/2020 3:00,HIOC,North,2,17.605
951,8/17/2020 4:00,HIOC,North,2,15.031
952,8/17/2020 5:00,HIOC,North,2,15.175
953,8/17/2020 6:00,HIOC,North,2,15.366
954,8/17/2020 7:00,HIOC,North,2,15.772
955,8/17/2020 8:00,HIOC,North,2,16.773
956,8/17/2020 9:00,HIOC,North,2,16.01
957,8/17/2020 10:00,HIOC,North,2,17.748
958,8/17/2020 11:00,HIOC,North,2,18.343
959,8/17/2020 12:00,HIOC,North,2,17.891
960,8/17/2020 13:00,HIOC,North,2,18.033
961,8/17/2020 14:00,HIOC,North,2,19.318
962,8/17/2020 15:00,HIOC,North,2,20.484
963,8/17/2020 16:00,HIOC,North,2,21.939
964,8/17/2020 17:00,HIOC,North,2,21.342
965,8/17/2020 18:00,HIOC,North,2,21.151
966,8/17/2020 19:00,HIOC,North,2,19.603
967,8/17/2020 20:00,HIOC,North,2,18.057
968,8/17/2020 21:00,HIOC,North,2,17.677
969,8/17/2020 22:00,HIOC,North,2,17.177
970,8/17/2020 23:00,HIOC,North,2,16.868
971,8/18/2020 0:00,HIOC,North,2,16.963
972,8/18/2020 1:00,HIOC,North,2,17.51
973,8/18/2020 2:00,HIOC,North,2,17.582
974,8/18/2020 3:00,HIOC,North,2,17.201
975,8/18/2020 4:00,HIOC,North,2,14.768
976,8/18/2020 5:00,HIOC,North,2,14.529
977,8/18/2020 6:00,HIOC,North,2,14.29
978,8/18/2020 7:00,HIOC,North,2,14.792
979,8/18/2020 8:00,HIOC,North,2,19.627
980,8/18/2020 9:00,HIOC,North,2,22.968
981,8/18/2020 10:00,HIOC,North,2,28.568
982,8/18/2020 11:00,HIOC,North,2,23.088
983,8/18/2020 12:00,HIOC,North,2,19.698
984,8/18/2020 13:00,HIOC,North,2,18.818
985,8/18/2020 14:00,HIOC,North,2,18.889
986,8/18/2020 15:00,HIOC,North,2,20.555
987,8/18/2020 16:00,HIOC,North,2,20.936
988,8/18/2020 17:00,HIOC,North,2,21.581
989,8/18/2020 18:00,HIOC,North,2,20.817
990,8/18/2020 19:00,HIOC,North,2,20.246
991,8/18/2020 20:00,HIOC,North,2,19.127
992,8/18/2020 21:00,HIOC,North,2,17.891
993,8/18/2020 22:00,HIOC,North,2,17.32
994,8/18/2020 23:00,HIOC,North,2,16.725
995,8/19/2020 0:00,HIOC,North,2,16.272
996,8/19/2020 1:00,HIOC,North,2,16.654
997,8/19/2020 2:00,HIOC,North,2,17.106
998,8/19/2020 3:00,HIOC,North,2,16.939
999,8/19/2020 4:00,HIOC,North,2,16.415
1000,8/19/2020 5:00,HIOC,North,2,12.799
1001,8/19/2020 6:00,HIOC,North,2,12.534
1002,8/19/2020 7:00,HIOC,North,2,13.088
1003,8/19/2020 8:00,HIOC,North,2,16.606
1004,8/19/2020 9:00,HIOC,North,2,19.27
1005,8/19/2020 10:00,HIOC,North,2,25.72
1006,8/19/2020 11:00,HIOC,North,2,25.55
1007,8/19/2020 12:00,HIOC,North,2,19.77
1008,8/19/2020 13:00,HIOC,North,2,18.2
1009,8/19/2020 14:00,HIOC,North,2,17.701
1010,8/19/2020 15:00,HIOC,North,2,18.699
1011,8/19/2020 16:00,HIOC,North,2,19.722
1012,8/19/2020 17:00,HIOC,North,2,20.77
1013,8/19/2020 18:00,HIOC,North,2,19.555
1014,8/19/2020 19:00,HIOC,North,2,17.082
1015,8/19/2020 20:00,HIOC,North,2,17.534
1016,8/19/2020 21:00,HIOC,North,2,17.867
1017,8/19/2020 22:00,HIOC,North,2,16.939
1018,8/19/2020 23:00,HIOC,North,2,16.558
1019,8/20/2020 0:00,HIOC,North,2,15.796
1020,8/20/2020 1:00,HIOC,North,2,15.533
1021,8/20/2020 2:00,HIOC,North,2,15.724
1022,8/20/2020 3:00,HIOC,North,2,16.082
1023,8/20/2020 4:00,HIOC,North,2,15.485
1024,8/20/2020 5:00,HIOC,North,2,14.912
1025,8/20/2020 6:00,HIOC,North,2,12.098
1026,8/20/2020 7:00,HIOC,North,2,11.589
1027,8/20/2020 8:00,HIOC,North,2,14.002
1028,8/20/2020 9:00,HIOC,North,2,19.008
1029,8/20/2020 10:00,HIOC,North,2,22.058
1030,8/20/2020 11:00,HIOC,North,2,24.002
1031,8/20/2020 12:00,HIOC,North,2,20.198
1032,8/20/2020 13:00,HIOC,North,3,17.843
1033,8/20/2020 14:00,HIOC,North,3,17.32
1034,8/20/2020 15:00,HIOC,North,3,17.463
1035,8/20/2020 16:00,HIOC,North,3,17.915
1036,8/20/2020 17:00,HIOC,North,3,19.103
1037,8/20/2020 18:00,HIOC,North,3,19.151
1038,8/20/2020 19:00,HIOC,North,3,17.201
1039,8/20/2020 20:00,HIOC,North,3,15.7
1040,8/20/2020 21:00,HIOC,North,3,16.582
1041,8/20/2020 22:00,HIOC,North,3,16.844
1042,8/20/2020 23:00,HIOC,North,3,16.249
1043,8/21/2020 0:00,HIOC,North,3,16.129
1044,8/21/2020 1:00,HIOC,North,3,15.605
1045,8/21/2020 2:00,HIOC,North,3,15.557
1046,8/21/2020 3:00,HIOC,North,3,15.7
1047,8/21/2020 4:00,HIOC,North,3,15.796
1048,8/21/2020 5:00,HIOC,North,3,15.652
1049,8/21/2020 6:00,HIOC,North,3,15.366
1050,8/21/2020 7:00,HIOC,North,3,14.912
1051,8/21/2020 8:00,HIOC,North,3,15.748
1052,8/21/2020 9:00,HIOC,North,3,18.889
1053,8/21/2020 10:00,HIOC,North,3,25.939
1054,8/21/2020 11:00,HIOC,North,3,25.574
1055,8/21/2020 12:00,HIOC,North,3,24.146
1056,8/21/2020 13:00,HIOC,North,3,18.461
1057,8/21/2020 14:00,HIOC,North,3,17.653
1058,8/21/2020 15:00,HIOC,North,3,17.177
1059,8/21/2020 16:00,HIOC,North,3,17.582
1060,8/21/2020 17:00,HIOC,North,3,19.413
1061,8/21/2020 18:00,HIOC,North,3,20.96
1062,8/21/2020 19:00,HIOC,North,3,19.651
1063,8/21/2020 20:00,HIOC,North,3,15.366
1064,8/21/2020 21:00,HIOC,North,3,14.816
1065,8/21/2020 22:00,HIOC,North,3,14.361
1066,8/21/2020 23:00,HIOC,North,3,17.558
1067,8/22/2020 0:00,HIOC,North,3,16.415
1068,8/22/2020 1:00,HIOC,North,3,16.082
1069,8/22/2020 2:00,HIOC,North,3,15.796
1070,8/22/2020 3:00,HIOC,North,3,15.652
1071,8/22/2020 4:00,HIOC,North,3,15.843
1072,8/22/2020 5:00,HIOC,North,3,15.843
1073,8/22/2020 6:00,HIOC,North,3,15.676
1074,8/22/2020 7:00,HIOC,North,3,13.401
1075,8/22/2020 8:00,HIOC,North,3,14.17
1076,8/22/2020 9:00,HIOC,North,3,17.13
1077,8/22/2020 10:00,HIOC,North,3,21.748
1078,8/22/2020 11:00,HIOC,North,3,26.891
1079,8/22/2020 12:00,HIOC,North,3,28.369
1080,8/22/2020 13:00,HIOC,North,3,19.674
1081,8/22/2020 14:00,HIOC,North,3,18.58
1082,8/22/2020 15:00,HIOC,North,3,17.938
1083,8/22/2020 16:00,HIOC,North,3,16.915
1084,8/22/2020 17:00,HIOC,North,3,18.604
1085,8/22/2020 18:00,HIOC,North,3,20.793
1086,8/22/2020 19:00,HIOC,North,3,22.274
1087,8/22/2020 20:00,HIOC,North,3,19.46
1088,8/22/2020 21:00,HIOC,North,3,14.002
1089,8/22/2020 22:00,HIOC,North,3,13.858
1090,8/22/2020 23:00,HIOC,North,3,13.81
1091,8/23/2020 0:00,HIOC,North,3,17.011
1092,8/23/2020 1:00,HIOC,North,3,18.652
1093,8/23/2020 2:00,HIOC,North,3,16.582
1094,8/23/2020 3:00,HIOC,North,3,16.392
1095,8/23/2020 4:00,HIOC,North,3,16.368
1096,8/23/2020 5:00,HIOC,North,3,17.011
1097,8/23/2020 6:00,HIOC,North,3,16.773
1098,8/23/2020 7:00,HIOC,North,3,16.439
1099,8/23/2020 8:00,HIOC,North,3,13.978
1100,8/23/2020 9:00,HIOC,North,3,14.721
1101,8/23/2020 10:00,HIOC,North,3,17.796
1102,8/23/2020 11:00,HIOC,North,3,22.776
1103,8/23/2020 12:00,HIOC,North,3,24.339
1104,8/23/2020 13:00,HIOC,North,3,19.603
1105,8/23/2020 14:00,HIOC,North,3,17.796
1106,8/23/2020 15:00,HIOC,North,3,17.32
1107,8/23/2020 16:00,HIOC,North,3,16.654
1108,8/23/2020 17:00,HIOC,North,3,16.892
1109,8/23/2020 18:00,HIOC,North,3,18.033
1110,8/23/2020 19:00,HIOC,North,3,19.841
1111,8/23/2020 20:00,HIOC,North,3,20.317
1112,8/23/2020 21:00,HIOC,North,3,16.487
1113,8/23/2020 22:00,HIOC,North,3,13.618
1114,8/23/2020 23:00,HIOC,North,3,13.137
1115,8/24/2020 0:00,HIOC,North,3,12.968
1116,8/24/2020 1:00,HIOC,North,3,12.968
1117,8/24/2020 2:00,HIOC,North,3,17.558
1118,8/24/2020 3:00,HIOC,North,3,16.534
1119,8/24/2020 4:00,HIOC,North,3,16.511
1120,8/24/2020 5:00,HIOC,North,3,16.296
1121,8/24/2020 6:00,HIOC,North,3,16.249
1122,8/24/2020 7:00,HIOC,North,3,16.249
1123,8/24/2020 8:00,HIOC,North,3,16.129
1124,8/24/2020 9:00,HIOC,North,3,17.629
1125,8/24/2020 10:00,HIOC,North,3,20.269
1126,8/24/2020 11:00,HIOC,North,3,23.376
1127,8/24/2020 12:00,HIOC,North,3,26.085
1128,8/24/2020 13:00,HIOC,North,3,20.936
1129,8/24/2020 14:00,HIOC,North,3,18.129
1130,8/24/2020 15:00,HIOC,North,3,17.843
1131,8/24/2020 16:00,HIOC,North,3,17.011
1132,8/24/2020 17:00,HIOC,North,3,16.439
1133,8/24/2020 18:00,HIOC,North,3,16.654
1134,8/24/2020 19:00,HIOC,North,3,18.343
1135,8/24/2020 20:00,HIOC,North,3,18.937
1136,8/24/2020 21:00,HIOC,North,3,19.674
1137,8/24/2020 22:00,HIOC,North,3,17.724
1138,8/24/2020 23:00,HIOC,North,3,15.008
1139,8/25/2020 0:00,HIOC,North,3,14.792
1140,8/25/2020 1:00,HIOC,North,3,15.031
1141,8/25/2020 2:00,HIOC,North,3,15.103
1142,8/25/2020 3:00,HIOC,North,3,16.725
1143,8/25/2020 4:00,HIOC,North,3,18.129
1144,8/25/2020 5:00,HIOC,North,3,16.892
1145,8/25/2020 6:00,HIOC,North,3,16.844
1146,8/25/2020 7:00,HIOC,North,3,16.844
1147,8/25/2020 8:00,HIOC,North,3,16.892
1148,8/25/2020 9:00,HIOC,North,3,17.034
1149,8/25/2020 10:00,HIOC,North,3,17.368
1150,8/25/2020 11:00,HIOC,North,3,19.103
1151,8/25/2020 12:00,HIOC,North,3,20.317
1152,8/25/2020 13:00,HIOC,North,3,20.246
1153,8/25/2020 14:00,HIOC,North,3,19.674
1154,8/25/2020 15:00,HIOC,North,3,18.509
1155,8/25/2020 16:00,HIOC,North,3,17.915
1156,8/25/2020 17:00,HIOC,North,3,16.892
1157,8/25/2020 18:00,HIOC,North,3,16.606
1158,8/25/2020 19:00,HIOC,North,3,17.058
1159,8/25/2020 20:00,HIOC,North,3,18.2
1160,8/25/2020 21:00,HIOC,North,3,19.175
1161,8/25/2020 22:00,HIOC,North,3,18.794
1162,8/25/2020 23:00,HIOC,North,3,16.177
1163,8/26/2020 0:00,HIOC,North,3,13.762
1164,8/26/2020 1:00,HIOC,North,3,13.81
1165,8/26/2020 2:00,HIOC,North,3,13.882
1166,8/26/2020 3:00,HIOC,North,3,13.906
1167,8/26/2020 4:00,HIOC,North,3,13.714
1168,8/26/2020 5:00,HIOC,North,3,16.677
1169,8/26/2020 6:00,HIOC,North,3,17.082
1170,8/26/2020 7:00,HIOC,North,3,16.82
1171,8/26/2020 8:00,HIOC,North,3,16.701
1172,8/26/2020 9:00,HIOC,North,3,16.725
1173,8/26/2020 10:00,HIOC,North,3,16.749
1174,8/26/2020 11:00,HIOC,North,3,17.177
1175,8/26/2020 12:00,HIOC,North,3,18.129
1176,8/26/2020 13:00,HIOC,North,3,18.747
1177,8/26/2020 14:00,HIOC,North,3,18.295
1178,8/26/2020 15:00,HIOC,North,3,17.486
1179,8/26/2020 16:00,HIOC,North,3,16.844
1180,8/26/2020 17:00,HIOC,North,3,16.439
1181,8/26/2020 18:00,HIOC,North,3,15.915
1182,8/26/2020 19:00,HIOC,North,3,15.581
1183,8/26/2020 20:00,HIOC,North,3,15.461
1184,8/26/2020 21:00,HIOC,North,3,16.225
1185,8/26/2020 22:00,HIOC,North,3,16.249
1186,8/26/2020 23:00,HIOC,North,3,15.867
1187,8/27/2020 0:00,HIOC,North,3,14.577
1188,8/27/2020 1:00,HIOC,North,3,12.92
1189,8/27/2020 2:00,HIOC,North,3,12.678
1190,8/27/2020 3:00,HIOC,North,3,12.509
1191,8/27/2020 4:00,HIOC,North,3,12.413
1192,8/27/2020 5:00,HIOC,North,3,12.582
1193,8/27/2020 6:00,HIOC,North,3,13.594
1194,8/27/2020 7:00,HIOC,North,3,15.294
1195,8/27/2020 8:00,HIOC,North,3,15.724
1196,8/27/2020 9:00,HIOC,North,3,15.748
1197,8/27/2020 10:00,HIOC,North,3,15.581
1198,8/27/2020 11:00,HIOC,North,3,15.915
1199,8/27/2020 12:00,HIOC,North,3,16.32
1200,8/27/2020 13:00,HIOC,North,3,17.153
1201,8/27/2020 14:00,HIOC,North,3,18.152
1202,8/27/2020 15:00,HIOC,North,3,18.247
1203,8/27/2020 16:00,HIOC,North,3,17.724
1204,8/27/2020 17:00,HIOC,North,3,17.082
1205,8/27/2020 18:00,HIOC,North,3,16.844
1206,8/27/2020 19:00,HIOC,North,3,16.344
1207,8/27/2020 20:00,HIOC,North,3,16.153
1208,8/27/2020 21:00,HIOC,North,3,16.296
1209,8/27/2020 22:00,HIOC,North,3,16.844
1210,8/27/2020 23:00,HIOC,North,3,17.272
1211,8/28/2020 0:00,HIOC,North,3,16.868
1212,8/28/2020 1:00,HIOC,North,3,13.978
1213,8/28/2020 2:00,HIOC,North,3,13.04
1214,8/28/2020 3:00,HIOC,North,3,12.703
1215,8/28/2020 4:00,HIOC,North,3,12.534
1216,8/28/2020 5:00,HIOC,North,3,12.316
1217,8/28/2020 6:00,HIOC,North,3,12.147
1218,8/28/2020 7:00,HIOC,North,3,12.461
1219,8/28/2020 8:00,HIOC,North,3,15.843
1220,8/28/2020 9:00,HIOC,North,3,16.034
1221,8/28/2020 10:00,HIOC,North,3,16.01
1222,8/28/2020 11:00,HIOC,North,3,16.249
1223,8/28/2020 12:00,HIOC,North,3,17.13
1224,8/28/2020 13:00,HIOC,North,3,18.057
1225,8/28/2020 14:00,HIOC,North,3,19.27
1226,8/28/2020 15:00,HIOC,North,3,20.007
1227,8/28/2020 16:00,HIOC,North,3,19.413
1228,8/28/2020 17:00,HIOC,North,3,18.628
1229,8/28/2020 18:00,HIOC,North,3,17.415
1230,8/28/2020 19:00,HIOC,North,3,16.987
1231,8/28/2020 20:00,HIOC,North,3,16.558
1232,8/28/2020 21:00,HIOC,North,3,16.153
1233,8/28/2020 22:00,HIOC,North,3,16.344
1234,8/28/2020 23:00,HIOC,North,3,17.034
1235,8/29/2020 0:00,HIOC,North,3,17.463
1236,8/29/2020 1:00,HIOC,North,3,17.106
1237,8/29/2020 2:00,HIOC,North,3,14.337
1238,8/29/2020 3:00,HIOC,North,3,13.497
1239,8/29/2020 4:00,HIOC,North,3,13.594
1240,8/29/2020 5:00,HIOC,North,3,13.69
1241,8/29/2020 6:00,HIOC,North,3,13.666
1242,8/29/2020 7:00,HIOC,North,3,13.666
1243,8/29/2020 8:00,HIOC,North,3,14.673
1244,8/29/2020 9:00,HIOC,North,3,16.63
1245,8/29/2020 10:00,HIOC,North,3,16.558
1246,8/29/2020 11:00,HIOC,North,3,16.63
1247,8/29/2020 12:00,HIOC,North,3,17.177
1248,8/29/2020 13:00,HIOC,North,3,17.819
1249,8/29/2020 14:00,HIOC,North,3,18.604
1250,8/29/2020 15:00,HIOC,North,3,19.603
1251,8/29/2020 16:00,HIOC,North,3,20.079
1252,8/29/2020 17:00,HIOC,North,3,19.865
1253,8/29/2020 18:00,HIOC,North,3,18.699
1254,8/29/2020 19:00,HIOC,North,3,17.867
1255,8/29/2020 20:00,HIOC,North,3,17.748
1256,8/29/2020 21:00,HIOC,North,3,17.177
1257,8/29/2020 22:00,HIOC,North,3,17.058
1258,8/29/2020 23:00,HIOC,North,3,17.106
1259,8/30/2020 0:00,HIOC,North,3,17.629
1260,8/30/2020 1:00,HIOC,North,3,17.486
1261,8/30/2020 2:00,HIOC,North,3,17.153
1262,8/30/2020 3:00,HIOC,North,3,14.385
1263,8/30/2020 4:00,HIOC,North,3,14.026
1264,8/30/2020 5:00,HIOC,North,3,13.666
1265,8/30/2020 6:00,HIOC,North,3,13.04
1266,8/30/2020 7:00,HIOC,North,3,13.257
1267,8/30/2020 8:00,HIOC,North,3,13.69
1268,8/30/2020 9:00,HIOC,North,3,15.891
1269,8/30/2020 10:00,HIOC,North,3,17.51
1270,8/30/2020 11:00,HIOC,North,3,17.201
1271,8/30/2020 12:00,HIOC,North,3,17.249
1272,8/30/2020 13:00,HIOC,North,3,17.891
1273,8/30/2020 14:00,HIOC,North,3,19.46
1274,8/30/2020 15:00,HIOC,North,3,20.531
1275,8/30/2020 16:00,HIOC,North,3,21.39
1276,8/30/2020 17:00,HIOC,North,3,21.485
1277,8/30/2020 18:00,HIOC,North,3,20.388
1278,8/30/2020 19:00,HIOC,North,3,19.222
1279,8/30/2020 20:00,HIOC,North,3,17.867
1280,8/30/2020 21:00,HIOC,North,3,17.819
1281,8/30/2020 22:00,HIOC,North,3,17.153
1282,8/30/2020 23:00,HIOC,North,3,17.106
1283,8/31/2020 0:00,HIOC,North,3,17.272
1284,8/31/2020 1:00,HIOC,North,3,17.772
1285,8/31/2020 2:00,HIOC,North,3,17.701
1286,8/31/2020 3:00,HIOC,North,3,17.13
1287,8/31/2020 4:00,HIOC,North,3,14.433
1288,8/31/2020 5:00,HIOC,North,3,14.074
1289,8/31/2020 6:00,HIOC,North,3,13.978
1290,8/31/2020 7:00,HIOC,North,3,13.954
1291,8/31/2020 8:00,HIOC,North,3,14.098
1292,8/31/2020 9:00,HIOC,North,3,14.745
1293,8/31/2020 10:00,HIOC,North,3,17.439
1294,8/31/2020 11:00,HIOC,North,3,17.772
1295,8/31/2020 12:00,HIOC,North,3,17.463
1296,8/31/2020 13:00,HIOC,North,3,17.653
1297,8/31/2020 14:00,HIOC,North,3,18.224
1298,8/31/2020 15:00,HIOC,North,3,18.937
1299,8/31/2020 16:00,HIOC,North,3,19.365
1300,8/31/2020 17:00,HIOC,North,3,19.674
1301,8/31/2020 18:00,HIOC,North,3,19.579
1302,8/31/2020 19:00,HIOC,North,3,19.199
1303,8/31/2020 20:00,HIOC,North,3,18.913
1304,8/31/2020 21:00,HIOC,North,3,17.891
1305,8/31/2020 22:00,HIOC,North,3,17.582
1306,8/31/2020 23:00,HIOC,North,3,17.225
1307,9/1/2020 0:00,HIOC,North,3,17.201
1308,9/1/2020 1:00,HIOC,North,3,17.463
1309,9/1/2020 2:00,HIOC,North,3,17.724
1310,9/1/2020 3:00,HIOC,North,3,17.32
1311,9/1/2020 4:00,HIOC,North,3,16.701
1312,9/1/2020 5:00,HIOC,North,3,14.697
1313,9/1/2020 6:00,HIOC,North,3,14.433
1314,9/1/2020 7:00,HIOC,North,3,14.481
1315,9/1/2020 8:00,HIOC,North,3,14.816
1316,9/1/2020 9:00,HIOC,North,3,15.366
1317,9/1/2020 10:00,HIOC,North,3,16.963
1318,9/1/2020 11:00,HIOC,North,3,17.701
1319,9/1/2020 12:00,HIOC,North,3,17.32
1320,9/1/2020 13:00,HIOC,North,3,17.13
1321,9/1/2020 14:00,HIOC,North,3,17.439
1322,9/1/2020 15:00,HIOC,North,3,18.2
1323,9/1/2020 16:00,HIOC,North,3,18.913
1324,9/1/2020 17:00,HIOC,North,3,18.985
1325,9/1/2020 18:00,HIOC,North,3,18.913
1326,9/1/2020 19:00,HIOC,North,3,18.414
1327,9/1/2020 20:00,HIOC,North,3,18.414
1328,9/1/2020 21:00,HIOC,North,3,18.176
1329,9/1/2020 22:00,HIOC,North,3,17.368
1330,9/1/2020 23:00,HIOC,North,3,17.296
1331,9/2/2020 0:00,HIOC,North,3,17.011
1332,9/2/2020 1:00,HIOC,North,3,17.082
1333,9/2/2020 2:00,HIOC,North,3,17.296
1334,9/2/2020 3:00,HIOC,North,3,17.225
1335,9/2/2020 4:00,HIOC,North,3,17.011
1336,9/2/2020 5:00,HIOC,North,3,15.509
1337,9/2/2020 6:00,HIOC,North,3,15.318
1338,9/2/2020 7:00,HIOC,North,3,15.318
1339,9/2/2020 8:00,HIOC,North,3,15.605
1340,9/2/2020 9:00,HIOC,North,3,16.201
1341,9/2/2020 10:00,HIOC,North,3,17.201
1342,9/2/2020 11:00,HIOC,North,3,17.819
1343,9/2/2020 12:00,HIOC,North,3,17.534
1344,9/2/2020 13:00,HIOC,North,3,17.463
1345,9/2/2020 14:00,HIOC,North,3,17.629
1346,9/2/2020 15:00,HIOC,North,3,18.224
1347,9/2/2020 16:00,HIOC,North,3,19.222
1348,9/2/2020 17:00,HIOC,North,3,19.746
1349,9/2/2020 18:00,HIOC,North,3,19.484
1350,9/2/2020 19:00,HIOC,North,3,16.225
1351,9/2/2020 20:00,HIOC,North,3,17.748
1352,9/2/2020 21:00,HIOC,North,3,18.39
1353,9/2/2020 22:00,HIOC,North,3,17.724
1354,9/2/2020 23:00,HIOC,North,3,17.272
1355,9/3/2020 0:00,HIOC,North,3,17.106
1356,9/3/2020 1:00,HIOC,North,3,16.915
1357,9/3/2020 2:00,HIOC,North,3,16.939
1358,9/3/2020 3:00,HIOC,North,3,16.82
1359,9/3/2020 4:00,HIOC,North,3,16.463
1360,9/3/2020 5:00,HIOC,North,3,16.177
1361,9/3/2020 6:00,HIOC,North,3,14.553
1362,9/3/2020 7:00,HIOC,North,3,14.529
1363,9/3/2020 8:00,HIOC,North,3,15.055
1364,9/3/2020 9:00,HIOC,North,3,15.366
1365,9/3/2020 10:00,HIOC,North,3,16.558
1366,9/3/2020 11:00,HIOC,North,3,17.391
1367,9/3/2020 12:00,HIOC,North,3,17.415
1368,9/3/2020 13:00,HIOC,North,3,17.249
1369,9/3/2020 14:00,HIOC,North,3,17.368
1370,9/3/2020 15:00,HIOC,North,3,17.653
1371,9/3/2020 16:00,HIOC,North,3,18.533
1372,9/3/2020 17:00,HIOC,North,3,18.747
1373,9/3/2020 18:00,HIOC,North,3,19.008
1374,9/3/2020 19:00,HIOC,North,3,16.177
1375,9/3/2020 20:00,HIOC,North,3,14.29
1376,9/3/2020 21:00,HIOC,North,3,15.605
1377,9/3/2020 22:00,HIOC,North,3,17.034
1378,9/3/2020 23:00,HIOC,North,3,17.034
1379,9/4/2020 0:00,HIOC,North,3,16.773
1380,9/4/2020 1:00,HIOC,North,3,16.654
1381,9/4/2020 2:00,HIOC,North,3,16.558
1382,9/4/2020 3:00,HIOC,North,3,16.487
1383,9/4/2020 4:00,HIOC,North,3,15.939
1384,9/4/2020 5:00,HIOC,North,3,15.652
1385,9/4/2020 6:00,HIOC,North,3,14.17
1386,9/4/2020 7:00,HIOC,North,3,14.17
1387,9/4/2020 8:00,HIOC,North,3,14.481
1388,9/4/2020 9:00,HIOC,North,3,15.867
1389,9/4/2020 10:00,HIOC,North,3,17.177
1390,9/4/2020 11:00,HIOC,North,3,20.15
1391,9/4/2020 12:00,HIOC,North,3,18.343
1392,9/4/2020 13:00,HIOC,North,3,18.39
1393,9/4/2020 14:00,HIOC,North,3,18.295
1394,9/4/2020 15:00,HIOC,North,3,18.913
1395,9/4/2020 16:00,HIOC,North,3,19.77
1396,9/4/2020 17:00,HIOC,North,3,19.888
1397,9/4/2020 18:00,HIOC,North,3,19.865
1398,9/4/2020 19:00,HIOC,North,3,17.249
1399,9/4/2020 20:00,HIOC,North,3,14.721
1400,9/4/2020 21:00,HIOC,North,3,14.17
1401,9/4/2020 22:00,HIOC,North,3,14.601
1402,9/4/2020 23:00,HIOC,North,3,17.701
1403,9/5/2020 0:00,HIOC,North,3,18.01
1404,9/5/2020 1:00,HIOC,North,3,17.272
1405,9/5/2020 2:00,HIOC,North,3,17.201
1406,9/5/2020 3:00,HIOC,North,3,16.915
1407,9/5/2020 4:00,HIOC,North,3,16.749
1408,9/5/2020 5:00,HIOC,North,3,15.891
1409,9/5/2020 6:00,HIOC,North,3,15.008
1410,9/5/2020 7:00,HIOC,North,3,12.171
1411,9/5/2020 8:00,HIOC,North,3,15.652
1412,9/5/2020 9:00,HIOC,North,3,19.246
1413,9/5/2020 10:00,HIOC,North,3,23.376
1414,9/5/2020 11:00,HIOC,North,3,24.557
1415,9/5/2020 12:00,HIOC,North,3,20.174
1416,9/5/2020 13:00,HIOC,North,3,18.794
1417,9/5/2020 14:00,HIOC,North,3,18.699
1418,9/5/2020 15:00,HIOC,North,3,18.937
1419,9/5/2020 16:00,HIOC,North,3,20.007
1420,9/5/2020 17:00,HIOC,North,3,20.96
1421,9/5/2020 18:00,HIOC,North,3,21.987
1422,9/5/2020 19:00,HIOC,North,3,20.65
1423,9/5/2020 20:00,HIOC,North,3,15.414
1424,9/5/2020 21:00,HIOC,North,3,14.649
1425,9/5/2020 22:00,HIOC,North,3,14.601
1426,9/5/2020 23:00,HIOC,North,3,16.534
1427,9/6/2020 0:00,HIOC,North,3,19.103
1428,9/6/2020 1:00,HIOC,North,3,18.176
1429,9/6/2020 2:00,HIOC,North,3,17.368
1430,9/6/2020 3:00,HIOC,North,3,17.32
1431,9/6/2020 4:00,HIOC,North,3,17.272
1432,9/6/2020 5:00,HIOC,North,3,17.772
1433,9/6/2020 6:00,HIOC,North,3,17.225
1434,9/6/2020 7:00,HIOC,North,3,15.819
1435,9/6/2020 8:00,HIOC,North,3,17.677
1436,9/6/2020 9:00,HIOC,North,3,20.341
1437,9/6/2020 10:00,HIOC,North,3,23.448
1438,9/6/2020 11:00,HIOC,North,3,24.002
1439,9/6/2020 12:00,HIOC,North,3,21.127
1440,9/6/2020 13:00,HIOC,North,3,19.365
1441,9/6/2020 14:00,HIOC,North,3,19.103
1442,9/6/2020 15:00,HIOC,North,3,18.985
1443,9/6/2020 16:00,HIOC,North,3,19.746
1444,9/6/2020 17:00,HIOC,North,3,20.627
1445,9/6/2020 18:00,HIOC,North,3,22.034
1446,9/6/2020 19:00,HIOC,North,3,22.633
1447,9/6/2020 20:00,HIOC,North,3,18.937
1448,9/6/2020 21:00,HIOC,North,3,16.749
1449,9/6/2020 22:00,HIOC,North,3,15.652
1450,9/6/2020 23:00,HIOC,North,3,15.438
1451,9/7/2020 0:00,HIOC,North,3,17.558
1452,9/7/2020 1:00,HIOC,North,3,19.746
1453,9/7/2020 2:00,HIOC,North,3,18.842
1454,9/7/2020 3:00,HIOC,North,3,17.891
1455,9/7/2020 4:00,HIOC,North,3,17.724
1456,9/7/2020 5:00,HIOC,North,3,18.366
1457,9/7/2020 6:00,HIOC,North,3,18.438
1458,9/7/2020 7:00,HIOC,North,3,17.582
1459,9/7/2020 8:00,HIOC,North,3,17.034
1460,9/7/2020 9:00,HIOC,North,3,20.436
1461,9/7/2020 10:00,HIOC,North,3,22.657
1462,9/7/2020 11:00,HIOC,North,3,23.088
1463,9/7/2020 12:00,HIOC,North,3,21.318
1464,9/7/2020 13:00,HIOC,North,3,19.341
1465,9/7/2020 14:00,HIOC,North,3,19.175
1466,9/7/2020 15:00,HIOC,North,3,18.866
1467,9/7/2020 16:00,HIOC,North,3,18.985
1468,9/7/2020 17:00,HIOC,North,3,19.199
1469,9/7/2020 18:00,HIOC,North,3,20.126
1470,9/7/2020 19:00,HIOC,North,3,20.913
1471,9/7/2020 20:00,HIOC,North,3,20.222
1472,9/7/2020 21:00,HIOC,North,3,16.463
1473,9/7/2020 22:00,HIOC,North,3,15.031
1474,9/7/2020 23:00,HIOC,North,3,14.433
1475,9/8/2020 0:00,HIOC,North,3,14.05
1476,9/8/2020 1:00,HIOC,North,3,16.892
1477,9/8/2020 2:00,HIOC,North,3,18.485
1478,9/8/2020 3:00,HIOC,North,3,18.485
1479,9/8/2020 4:00,HIOC,North,3,17.843
1480,9/8/2020 5:00,HIOC,North,3,17.605
1481,9/8/2020 6:00,HIOC,North,3,17.748
1482,9/8/2020 7:00,HIOC,North,3,17.463
1483,9/8/2020 8:00,HIOC,North,3,17.368
1484,9/8/2020 9:00,HIOC,North,3,17.177
1485,9/8/2020 10:00,HIOC,North,3,17.582
1486,9/8/2020 11:00,HIOC,North,3,18.889
1487,9/8/2020 12:00,HIOC,North,3,19.27
1488,9/8/2020 13:00,HIOC,North,3,19.413
1489,9/8/2020 14:00,HIOC,North,3,18.461
1490,9/8/2020 15:00,HIOC,North,3,17.986
1491,9/8/2020 16:00,HIOC,North,3,17.51
1492,9/8/2020 17:00,HIOC,North,3,17.701
1493,9/8/2020 18:00,HIOC,North,3,17.938
1494,9/8/2020 19:00,HIOC,North,3,18.366
1495,9/8/2020 20:00,HIOC,North,3,18.842
1496,9/8/2020 21:00,HIOC,North,3,18.319
1497,9/8/2020 22:00,HIOC,North,3,16.106
1498,9/8/2020 23:00,HIOC,North,3,15.772
1499,9/9/2020 0:00,HIOC,North,3,15.438
1500,9/9/2020 1:00,HIOC,North,3,14.96
1501,9/9/2020 2:00,HIOC,North,3,15.963
1502,9/9/2020 3:00,HIOC,North,3,17.391
1503,9/9/2020 4:00,HIOC,North,3,17.962
1504,9/9/2020 5:00,HIOC,North,3,17.915
1505,9/9/2020 6:00,HIOC,North,3,17.891
1506,9/9/2020 7:00,HIOC,North,3,17.629
1507,9/9/2020 8:00,HIOC,North,3,17.249
1508,9/9/2020 9:00,HIOC,North,3,17.177
1509,9/9/2020 10:00,HIOC,North,3,17.177
1510,9/9/2020 11:00,HIOC,North,3,17.272
1511,9/9/2020 12:00,HIOC,North,3,17.796
1512,9/9/2020 13:00,HIOC,North,3,17.629
1513,9/9/2020 14:00,HIOC,North,3,17.582
1514,9/9/2020 15:00,HIOC,North,3,17.201
1515,9/9/2020 16:00,HIOC,North,3,16.939
1516,9/9/2020 17:00,HIOC,North,3,16.844
1517,9/9/2020 18:00,HIOC,North,3,16.892
1518,9/9/2020 19:00,HIOC,North,3,17.011
1519,9/9/2020 20:00,HIOC,North,3,17.272
1520,9/9/2020 21:00,HIOC,North,3,17.153
1521,9/9/2020 22:00,HIOC,North,3,16.844
1522,9/9/2020 23:00,HIOC,North,3,15.318
1523,9/10/2020 0:00,HIOC,North,3,15.079
1524,9/10/2020 1:00,HIOC,North,3,15.079
1525,9/10/2020 2:00,HIOC,North,3,15.008
1526,9/10/2020 3:00,HIOC,North,3,14.984
1527,9/10/2020 4:00,HIOC,North,3,15.461
1528,9/10/2020 5:00,HIOC,North,3,16.225
1529,9/10/2020 6:00,HIOC,North,3,16.606
1530,9/10/2020 7:00,HIOC,North,3,16.654
1531,9/10/2020 8:00,HIOC,North,3,16.63
1532,9/10/2020 9:00,HIOC,North,3,16.558
1533,9/10/2020 10:00,HIOC,North,3,16.225
1534,9/10/2020 11:00,HIOC,North,3,16.511
1535,9/10/2020 12:00,HIOC,North,3,17.13
1536,9/10/2020 13:00,HIOC,North,3,17.415
1537,9/10/2020 14:00,HIOC,North,3,17.296
1538,9/10/2020 15:00,HIOC,North,3,17.13
1539,9/10/2020 16:00,HIOC,North,3,16.677
1540,9/10/2020 17:00,HIOC,North,3,16.511
1541,9/10/2020 18:00,HIOC,North,3,16.296
1542,9/10/2020 19:00,HIOC,North,3,16.582
1543,9/10/2020 20:00,HIOC,North,3,16.963
1544,9/10/2020 21:00,HIOC,North,3,16.987
1545,9/10/2020 22:00,HIOC,North,3,16.582
1546,9/10/2020 23:00,HIOC,North,3,14.864
1547,9/11/2020 0:00,HIOC,North,3,13.377
1548,9/11/2020 1:00,HIOC,North,3,13.642
1549,9/11/2020 2:00,HIOC,North,3,13.69
1550,9/11/2020 3:00,HIOC,North,3,13.954
1551,9/11/2020 4:00,HIOC,North,3,14.026
1552,9/11/2020 5:00,HIOC,North,3,13.666
1553,9/11/2020 6:00,HIOC,North,3,15.199
1554,9/11/2020 7:00,HIOC,North,3,16.082
1555,9/11/2020 8:00,HIOC,North,3,16.106
1556,9/11/2020 9:00,HIOC,North,3,16.129
1557,9/11/2020 10:00,HIOC,North,3,16.177
1558,9/11/2020 11:00,HIOC,North,3,17.058
1559,9/11/2020 12:00,HIOC,North,3,17.915
1560,9/11/2020 13:00,HIOC,North,3,18.866
1561,9/11/2020 14:00,HIOC,North,3,18.319
1562,9/11/2020 15:00,HIOC,North,3,17.915
1563,9/11/2020 16:00,HIOC,North,3,16.963
1564,9/11/2020 17:00,HIOC,North,3,16.487
1565,9/11/2020 18:00,HIOC,North,3,16.272
1566,9/11/2020 19:00,HIOC,North,3,15.986
1567,9/11/2020 20:00,HIOC,North,3,16.034
1568,9/11/2020 21:00,HIOC,North,3,16.225
1569,9/11/2020 22:00,HIOC,North,3,16.725
1570,9/11/2020 23:00,HIOC,North,3,16.82
1571,9/12/2020 0:00,HIOC,North,3,15.963
1572,9/12/2020 1:00,HIOC,North,3,14.218
1573,9/12/2020 2:00,HIOC,North,3,13.882
1574,9/12/2020 3:00,HIOC,North,3,13.425
1575,9/12/2020 4:00,HIOC,North,3,13.618
1576,9/12/2020 5:00,HIOC,North,3,13.57
1577,9/12/2020 6:00,HIOC,North,3,13.401
1578,9/12/2020 7:00,HIOC,North,3,15.509
1579,9/12/2020 8:00,HIOC,North,3,16.606
1580,9/12/2020 9:00,HIOC,North,3,16.558
1581,9/12/2020 10:00,HIOC,North,3,16.63
1582,9/12/2020 11:00,HIOC,North,3,17.058
1583,9/12/2020 12:00,HIOC,North,3,17.724
1584,9/12/2020 13:00,HIOC,North,3,18.771
1585,9/12/2020 14:00,HIOC,North,3,19.46
1586,9/12/2020 15:00,HIOC,North,3,18.485
1587,9/12/2020 16:00,HIOC,North,3,17.772
1588,9/12/2020 17:00,HIOC,North,3,16.963
1589,9/12/2020 18:00,HIOC,North,3,16.463
1590,9/12/2020 19:00,HIOC,North,3,16.415
1591,9/12/2020 20:00,HIOC,North,3,16.034
1592,9/12/2020 21:00,HIOC,North,3,16.177
1593,9/12/2020 22:00,HIOC,North,3,16.487
1594,9/12/2020 23:00,HIOC,North,3,17.153
1595,9/13/2020 0:00,HIOC,North,3,16.939
1596,9/13/2020 1:00,HIOC,North,3,16.034
1597,9/13/2020 2:00,HIOC,North,3,13.738
1598,9/13/2020 3:00,HIOC,North,3,13.618
1599,9/13/2020 4:00,HIOC,North,3,13.353
1600,9/13/2020 5:00,HIOC,North,3,13.281
1601,9/13/2020 6:00,HIOC,North,3,13.257
1602,9/13/2020 7:00,HIOC,North,3,13.425
1603,9/13/2020 8:00,HIOC,North,3,16.272
1604,9/13/2020 9:00,HIOC,North,3,16.558
1605,9/13/2020 10:00,HIOC,North,3,16.439
1606,9/13/2020 11:00,HIOC,North,3,16.32
1607,9/13/2020 12:00,HIOC,North,3,16.654
1608,9/13/2020 13:00,HIOC,North,3,17.13
1609,9/13/2020 14:00,HIOC,North,3,17.582
1610,9/13/2020 15:00,HIOC,North,3,18.271
1611,9/13/2020 16:00,HIOC,North,3,17.724
1612,9/13/2020 17:00,HIOC,North,3,17.32
1613,9/13/2020 18:00,HIOC,North,3,16.654
1614,9/13/2020 19:00,HIOC,North,3,16.296
1615,9/13/2020 20:00,HIOC,North,3,16.249
1616,9/13/2020 21:00,HIOC,North,3,16.01
1617,9/13/2020 22:00,HIOC,North,3,15.915
1618,9/13/2020 23:00,HIOC,North,3,15.963
1619,9/14/2020 0:00,HIOC,North,3,16.249
1620,9/14/2020 1:00,HIOC,North,3,16.082
1621,9/14/2020 2:00,HIOC,North,3,14.361
1622,9/14/2020 3:00,HIOC,North,3,14.026
1623,9/14/2020 4:00,HIOC,North,3,14.002
1624,9/14/2020 5:00,HIOC,North,3,13.834
1625,9/14/2020 6:00,HIOC,North,3,13.762
1626,9/14/2020 7:00,HIOC,North,3,13.714
1627,9/14/2020 8:00,HIOC,North,3,13.906
1628,9/14/2020 9:00,HIOC,North,3,15.867
1629,9/14/2020 10:00,HIOC,North,3,16.177
1630,9/14/2020 11:00,HIOC,North,3,15.986
1631,9/14/2020 12:00,HIOC,North,3,16.344
1632,9/14/2020 13:00,HIOC,North,3,17.225
1633,9/14/2020 14:00,HIOC,North,3,18.723
1634,9/14/2020 15:00,HIOC,North,3,20.293
1635,9/14/2020 16:00,HIOC,North,3,21.843
1636,9/14/2020 17:00,HIOC,North,3,19.793
1637,9/14/2020 18:00,HIOC,North,3,18.747
1638,9/14/2020 19:00,HIOC,North,3,17.415
1639,9/14/2020 20:00,HIOC,North,3,17.177
1640,9/14/2020 21:00,HIOC,North,3,17.082
1641,9/14/2020 22:00,HIOC,North,3,16.892
1642,9/14/2020 23:00,HIOC,North,3,16.796
1643,9/15/2020 0:00,HIOC,North,3,16.773
1644,9/15/2020 1:00,HIOC,North,3,16.654
1645,9/15/2020 2:00,HIOC,North,3,16.487
1646,9/15/2020 3:00,HIOC,North,3,15.318
1647,9/15/2020 4:00,HIOC,North,3,14.649
1648,9/15/2020 5:00,HIOC,North,3,14.936
1649,9/15/2020 6:00,HIOC,North,3,14.792
1650,9/15/2020 7:00,HIOC,North,3,14.361
1651,9/15/2020 8:00,HIOC,North,3,16.392
1652,9/15/2020 9:00,HIOC,North,3,17.13
1653,9/15/2020 10:00,HIOC,North,3,17.368
1654,9/15/2020 11:00,HIOC,North,3,17.13
1655,9/15/2020 12:00,HIOC,North,3,17.082
1656,9/15/2020 13:00,HIOC,North,3,18.295
1657,9/15/2020 14:00,HIOC,North,3,19.746
1658,9/15/2020 15:00,HIOC,North,3,20.865
1659,9/15/2020 16:00,HIOC,North,3,21.628
1660,9/15/2020 17:00,HIOC,North,3,19.318
1661,9/15/2020 18:00,HIOC,North,3,20.222
1662,9/15/2020 19:00,HIOC,North,3,19.08
1663,9/15/2020 20:00,HIOC,North,3,17.558
1664,9/15/2020 21:00,HIOC,North,3,17.415
1665,9/15/2020 22:00,HIOC,North,3,17.296
1666,9/15/2020 23:00,HIOC,North,3,17.082
1667,9/16/2020 0:00,HIOC,North,3,17.153
1668,9/16/2020 1:00,HIOC,North,3,17.629
1669,9/16/2020 2:00,HIOC,North,3,17.748
1670,9/16/2020 3:00,HIOC,North,3,17.724
1671,9/16/2020 4:00,HIOC,North,3,16.892
1672,9/16/2020 5:00,HIOC,North,3,16.82
1673,9/16/2020 6:00,HIOC,North,3,16.558
1674,9/16/2020 7:00,HIOC,North,3,16.415
1675,9/16/2020 8:00,HIOC,North,3,18.271
1676,9/16/2020 9:00,HIOC,North,3,19.746
1677,9/16/2020 10:00,HIOC,North,3,19.222
1678,9/16/2020 11:00,HIOC,North,3,17.796
1679,9/16/2020 12:00,HIOC,North,3,17.225
1680,9/16/2020 13:00,HIOC,North,3,17.534
1681,9/16/2020 14:00,HIOC,North,3,19.103
1682,9/16/2020 15:00,HIOC,North,3,20.627
1683,9/16/2020 16:00,HIOC,North,3,22.034
1684,9/16/2020 17:00,HIOC,North,3,20.698
1685,9/16/2020 18:00,HIOC,North,3,19.627
1686,9/16/2020 19:00,HIOC,North,3,17.915
1687,9/16/2020 20:00,HIOC,North,3,19.746
1688,9/16/2020 21:00,HIOC,North,3,18.01
1689,9/16/2020 22:00,HIOC,North,3,17.724
1690,9/16/2020 23:00,HIOC,North,3,17.534
1691,9/17/2020 0:00,HIOC,North,3,17.32
1692,9/17/2020 1:00,HIOC,North,3,17.582
1693,9/17/2020 2:00,HIOC,North,3,17.915
1694,9/17/2020 3:00,HIOC,North,3,17.938
1695,9/17/2020 4:00,HIOC,North,3,17.724
1696,9/17/2020 5:00,HIOC,North,3,15.748
1697,9/17/2020 6:00,HIOC,North,3,15.318
1698,9/17/2020 7:00,HIOC,North,3,15.318
1699,9/17/2020 8:00,HIOC,North,3,16.034
1700,9/17/2020 9:00,HIOC,North,3,16.963
1701,9/17/2020 10:00,HIOC,North,3,18.699
1702,9/17/2020 11:00,HIOC,North,3,18.176
1703,9/17/2020 12:00,HIOC,North,3,17.391
1704,9/17/2020 13:00,HIOC,North,3,17.796
1705,9/17/2020 14:00,HIOC,North,3,17.962
1706,9/17/2020 15:00,HIOC,North,3,18.937
1707,9/17/2020 16:00,HIOC,North,3,20.317
1708,9/17/2020 17:00,HIOC,North,3,22.226
1709,9/17/2020 18:00,HIOC,North,3,21.318
1710,9/17/2020 19:00,HIOC,North,3,17.296
1711,9/17/2020 20:00,HIOC,North,3,16.654
1712,9/17/2020 21:00,HIOC,North,3,18.271
1713,9/17/2020 22:00,HIOC,North,3,18.081
1714,9/17/2020 23:00,HIOC,North,3,17.534
1715,9/18/2020 0:00,HIOC,North,3,17.296
1716,9/18/2020 1:00,HIOC,North,3,17.13
1717,9/18/2020 2:00,HIOC,North,3,17.32
1718,9/18/2020 3:00,HIOC,North,3,17.629
1719,9/18/2020 4:00,HIOC,North,3,17.724
1720,9/18/2020 5:00,HIOC,North,3,17.32
1721,9/18/2020 6:00,HIOC,North,3,15.796
1722,9/18/2020 7:00,HIOC,North,3,16.034
1723,9/18/2020 8:00,HIOC,North,3,17.106
1724,9/18/2020 9:00,HIOC,North,3,17.582
1725,9/18/2020 10:00,HIOC,North,3,18.794
1726,9/18/2020 11:00,HIOC,North,3,18.39
1727,9/18/2020 12:00,HIOC,North,3,17.605
1728,9/18/2020 13:00,HIOC,North,4,17.701
1729,9/18/2020 14:00,HIOC,North,4,17.986
1730,9/18/2020 15:00,HIOC,North,4,18.937
1731,9/18/2020 16:00,HIOC,North,4,21.175
1732,9/18/2020 17:00,HIOC,North,4,21.628
1733,9/18/2020 18:00,HIOC,North,4,18.438
1734,9/18/2020 19:00,HIOC,North,4,17.867
1735,9/18/2020 20:00,HIOC,North,4,17.249
1736,9/18/2020 21:00,HIOC,North,4,16.963
1737,9/18/2020 22:00,HIOC,North,4,18.105
1738,9/18/2020 23:00,HIOC,North,4,18.628
1739,9/19/2020 0:00,HIOC,North,4,17.748
1740,9/19/2020 1:00,HIOC,North,4,17.368
1741,9/19/2020 2:00,HIOC,North,4,17.106
1742,9/19/2020 3:00,HIOC,North,4,17.32
1743,9/19/2020 4:00,HIOC,North,4,17.629
1744,9/19/2020 5:00,HIOC,North,4,17.558
1745,9/19/2020 6:00,HIOC,North,4,16.01
1746,9/19/2020 7:00,HIOC,North,4,14.721
1747,9/19/2020 8:00,HIOC,North,4,18.271
1748,9/19/2020 9:00,HIOC,North,4,22.13
1749,9/19/2020 10:00,HIOC,North,4,28.493
1750,9/19/2020 11:00,HIOC,North,4,19.912
1751,9/19/2020 12:00,HIOC,North,4,17.938
1752,9/19/2020 13:00,HIOC,North,4,17.701
1753,9/19/2020 14:00,HIOC,North,4,17.677
1754,9/19/2020 15:00,HIOC,North,4,18.176
1755,9/19/2020 16:00,HIOC,North,4,18.866
1756,9/19/2020 17:00,HIOC,North,4,20.698
1757,9/19/2020 18:00,HIOC,North,4,20.126
1758,9/19/2020 19:00,HIOC,North,4,15.724
1759,9/19/2020 20:00,HIOC,North,4,15.055
1760,9/19/2020 21:00,HIOC,North,4,14.673
1761,9/19/2020 22:00,HIOC,North,4,13.834
1762,9/19/2020 23:00,HIOC,North,4,13.546
1763,9/20/2020 0:00,HIOC,North,4,18.295
1764,9/20/2020 1:00,HIOC,North,4,17.415
1765,9/20/2020 2:00,HIOC,North,4,16.82
1766,9/20/2020 3:00,HIOC,North,4,16.868
1767,9/20/2020 4:00,HIOC,North,4,17.082
1768,9/20/2020 5:00,HIOC,North,4,16.701
1769,9/20/2020 6:00,HIOC,North,4,16.034
1770,9/20/2020 7:00,HIOC,North,4,14.29
1771,9/20/2020 8:00,HIOC,North,4,16.463
1772,9/20/2020 9:00,HIOC,North,4,22.513
1773,9/20/2020 10:00,HIOC,North,4,29.389
1774,9/20/2020 11:00,HIOC,North,4,19.793
1775,9/20/2020 12:00,HIOC,North,4,17.962
1776,9/20/2020 13:00,HIOC,North,4,17.605
1777,9/20/2020 14:00,HIOC,North,4,17.582
1778,9/20/2020 15:00,HIOC,North,4,17.796
1779,9/20/2020 16:00,HIOC,North,4,18.533
1780,9/20/2020 17:00,HIOC,North,4,19.722
1781,9/20/2020 18:00,HIOC,North,4,20.531
1782,9/20/2020 19:00,HIOC,North,4,18.818
1783,9/20/2020 20:00,HIOC,North,4,15.008
1784,9/20/2020 21:00,HIOC,North,4,14.745
1785,9/20/2020 22:00,HIOC,North,4,13.882
1786,9/20/2020 23:00,HIOC,North,4,14.409
1787,9/21/2020 0:00,HIOC,North,4,14.697
1788,9/21/2020 1:00,HIOC,North,4,16.749
1789,9/21/2020 2:00,HIOC,North,4,17.177
1790,9/21/2020 3:00,HIOC,North,4,16.987
1791,9/21/2020 4:00,HIOC,North,4,16.749
1792,9/21/2020 5:00,HIOC,North,4,16.749
1793,9/21/2020 6:00,HIOC,North,4,15.963
1794,9/21/2020 7:00,HIOC,North,4,15.915
1795,9/21/2020 8:00,HIOC,North,4,14.194
1796,9/21/2020 9:00,HIOC,North,4,15.127
1797,9/21/2020 10:00,HIOC,North,4,17.796
1798,9/21/2020 11:00,HIOC,North,4,19.984
1799,9/21/2020 12:00,HIOC,North,4,18.366
1800,9/21/2020 13:00,HIOC,North,4,17.415
1801,9/21/2020 14:00,HIOC,North,4,17.463
1802,9/21/2020 15:00,HIOC,North,4,17.391
1803,9/21/2020 16:00,HIOC,North,4,17.272
1804,9/21/2020 17:00,HIOC,North,4,17.605
1805,9/21/2020 18:00,HIOC,North,4,18.628
1806,9/21/2020 19:00,HIOC,North,4,17.915
1807,9/21/2020 20:00,HIOC,North,4,16.677
1808,9/21/2020 21:00,HIOC,North,4,14.337
1809,9/21/2020 22:00,HIOC,North,4,14.098
1810,9/21/2020 23:00,HIOC,North,4,13.786
1811,9/22/2020 0:00,HIOC,North,4,13.882
1812,9/22/2020 1:00,HIOC,North,4,13.858
1813,9/22/2020 2:00,HIOC,North,4,14.888
1814,9/22/2020 3:00,HIOC,North,4,16.796
1815,9/22/2020 4:00,HIOC,North,4,16.725
1816,9/22/2020 5:00,HIOC,North,4,16.296
1817,9/22/2020 6:00,HIOC,North,4,16.439
1818,9/22/2020 7:00,HIOC,North,4,16.368
1819,9/22/2020 8:00,HIOC,North,4,16.058
1820,9/22/2020 9:00,HIOC,North,4,16.415
1821,9/22/2020 10:00,HIOC,North,4,17.748
1822,9/22/2020 11:00,HIOC,North,4,19.555
1823,9/22/2020 12:00,HIOC,North,4,18.937
1824,9/22/2020 13:00,HIOC,North,4,17.938
1825,9/22/2020 14:00,HIOC,North,4,17.701
1826,9/22/2020 15:00,HIOC,North,4,17.439
1827,9/22/2020 16:00,HIOC,North,4,17.296
1828,9/22/2020 17:00,HIOC,North,4,17.296
1829,9/22/2020 18:00,HIOC,North,4,18.057
1830,9/22/2020 19:00,HIOC,North,4,18.152
1831,9/22/2020 20:00,HIOC,North,4,17.819
1832,9/22/2020 21:00,HIOC,North,4,15.199
1833,9/22/2020 22:00,HIOC,North,4,13.353
1834,9/22/2020 23:00,HIOC,North,4,12.944
1835,9/23/2020 0:00,HIOC,North,4,12.268
1836,9/23/2020 1:00,HIOC,North,4,12.171
1837,9/23/2020 2:00,HIOC,North,4,10.638
1838,9/23/2020 3:00,HIOC,North,4,10.59
1839,9/23/2020 4:00,HIOC,North,4,15.151
1840,9/23/2020 5:00,HIOC,North,4,16.415
1841,9/23/2020 6:00,HIOC,North,4,16.392
1842,9/23/2020 7:00,HIOC,North,4,15.939
1843,9/23/2020 8:00,HIOC,North,4,15.223
1844,9/23/2020 9:00,HIOC,North,4,15.294
1845,9/23/2020 10:00,HIOC,North,4,16.701
1846,9/23/2020 11:00,HIOC,North,4,18.771
1847,9/23/2020 12:00,HIOC,North,4,19.436
1848,9/23/2020 13:00,HIOC,North,4,19.056
1849,9/23/2020 14:00,HIOC,North,4,18.033
1850,9/23/2020 15:00,HIOC,North,4,17.582
1851,9/23/2020 16:00,HIOC,North,4,17.106
1852,9/23/2020 17:00,HIOC,North,4,16.939
1853,9/23/2020 18:00,HIOC,North,4,17.463
1854,9/23/2020 19:00,HIOC,North,4,17.796
1855,9/23/2020 20:00,HIOC,North,4,18.913
1856,9/23/2020 21:00,HIOC,North,4,19.674
1857,9/23/2020 22:00,HIOC,North,4,16.463
1858,9/23/2020 23:00,HIOC,North,4,15.533
1859,9/24/2020 0:00,HIOC,North,4,15.318
1860,9/24/2020 1:00,HIOC,North,4,15.629
1861,9/24/2020 2:00,HIOC,North,4,15.986
1862,9/24/2020 3:00,HIOC,North,4,15.461
1863,9/24/2020 4:00,HIOC,North,4,15.605
1864,9/24/2020 5:00,HIOC,North,4,16.868
1865,9/24/2020 6:00,HIOC,North,4,17.225
1866,9/24/2020 7:00,HIOC,North,4,17.034
1867,9/24/2020 8:00,HIOC,North,4,16.63
1868,9/24/2020 9:00,HIOC,North,4,17.13
1869,9/24/2020 10:00,HIOC,North,4,17.534
1870,9/24/2020 11:00,HIOC,North,4,18.319
1871,9/24/2020 12:00,HIOC,North,4,19.746
1872,9/24/2020 13:00,HIOC,North,4,19.246
1873,9/24/2020 14:00,HIOC,North,4,18.985
1874,9/24/2020 15:00,HIOC,North,4,17.391
1875,9/24/2020 16:00,HIOC,North,4,17.011
1876,9/24/2020 17:00,HIOC,North,4,16.915
1877,9/24/2020 18:00,HIOC,North,4,16.82
1878,9/24/2020 19:00,HIOC,North,4,16.558
1879,9/24/2020 20:00,HIOC,North,4,17.082
1880,9/24/2020 21:00,HIOC,North,4,17.082
1881,9/24/2020 22:00,HIOC,North,4,17.748
1882,9/24/2020 23:00,HIOC,North,4,16.106
1883,9/25/2020 0:00,HIOC,North,4,12.871
1884,9/25/2020 1:00,HIOC,North,4,13.305
1885,9/25/2020 2:00,HIOC,North,4,13.449
1886,9/25/2020 3:00,HIOC,North,4,12.847
1887,9/25/2020 4:00,HIOC,North,4,12.775
1888,9/25/2020 5:00,HIOC,North,4,12.703
1889,9/25/2020 6:00,HIOC,North,4,14.409
1890,9/25/2020 7:00,HIOC,North,4,15.986
1891,9/25/2020 8:00,HIOC,North,4,16.129
1892,9/25/2020 9:00,HIOC,North,4,16.01
1893,9/25/2020 10:00,HIOC,North,4,16.63
1894,9/25/2020 11:00,HIOC,North,4,17.13
1895,9/25/2020 12:00,HIOC,North,4,17.724
1896,9/25/2020 13:00,HIOC,North,4,18.438
1897,9/25/2020 14:00,HIOC,North,4,18.271
1898,9/25/2020 15:00,HIOC,North,4,18.628
1899,9/25/2020 16:00,HIOC,North,4,17.605
1900,9/25/2020 17:00,HIOC,North,4,16.844
1901,9/25/2020 18:00,HIOC,North,4,16.344
1902,9/25/2020 19:00,HIOC,North,4,15.915
1903,9/25/2020 20:00,HIOC,North,4,15.724
1904,9/25/2020 21:00,HIOC,North,4,15.629
1905,9/25/2020 22:00,HIOC,North,4,16.058
1906,9/25/2020 23:00,HIOC,North,4,16.034
1907,9/26/2020 0:00,HIOC,North,4,15.318
1908,9/26/2020 1:00,HIOC,North,4,14.002
1909,9/26/2020 2:00,HIOC,North,4,13.858
1910,9/26/2020 3:00,HIOC,North,4,13.714
1911,9/26/2020 4:00,HIOC,North,4,13.834
1912,9/26/2020 5:00,HIOC,North,4,13.594
1913,9/26/2020 6:00,HIOC,North,4,13.642
1914,9/26/2020 7:00,HIOC,North,4,13.858
1915,9/26/2020 8:00,HIOC,North,4,15.414
1916,9/26/2020 9:00,HIOC,North,4,15.605
1917,9/26/2020 10:00,HIOC,North,4,15.509
1918,9/26/2020 11:00,HIOC,North,4,16.082
1919,9/26/2020 12:00,HIOC,North,4,16.106
1920,9/26/2020 13:00,HIOC,North,4,17.082
1921,9/26/2020 14:00,HIOC,North,4,18.343
1922,9/26/2020 15:00,HIOC,North,4,18.937
1923,9/26/2020 16:00,HIOC,North,4,18.652
1924,9/26/2020 17:00,HIOC,North,4,17.391
1925,9/26/2020 18:00,HIOC,North,4,16.701
1926,9/26/2020 19:00,HIOC,North,4,16.534
1927,9/26/2020 20:00,HIOC,North,4,16.034
1928,9/26/2020 21:00,HIOC,North,4,15.819
1929,9/26/2020 22:00,HIOC,North,4,16.177
1930,9/26/2020 23:00,HIOC,North,4,16.225
1931,9/27/2020 0:00,HIOC,North,4,15.963
1932,9/27/2020 1:00,HIOC,North,4,15.008
1933,9/27/2020 2:00,HIOC,North,4,13.594
1934,9/27/2020 3:00,HIOC,North,4,13.738
1935,9/27/2020 4:00,HIOC,North,4,13.377
1936,9/27/2020 5:00,HIOC,North,4,13.112
1937,9/27/2020 6:00,HIOC,North,4,12.847
1938,9/27/2020 7:00,HIOC,North,4,13.161
1939,9/27/2020 8:00,HIOC,North,4,14.098
1940,9/27/2020 9:00,HIOC,North,4,15.748
1941,9/27/2020 10:00,HIOC,North,4,15.963
1942,9/27/2020 11:00,HIOC,North,4,16.225
1943,9/27/2020 12:00,HIOC,North,4,17.653
1944,9/27/2020 13:00,HIOC,North,4,18.771
1945,9/27/2020 14:00,HIOC,North,4,20.222
1946,9/27/2020 15:00,HIOC,North,4,22.13
1947,9/27/2020 16:00,HIOC,North,4,22.992
1948,9/27/2020 17:00,HIOC,North,4,21.318
1949,9/27/2020 18:00,HIOC,North,4,18.985
1950,9/27/2020 19:00,HIOC,North,4,16.725
1951,9/27/2020 20:00,HIOC,North,4,16.082
1952,9/27/2020 21:00,HIOC,North,4,16.153
1953,9/27/2020 22:00,HIOC,North,4,16.082
1954,9/27/2020 23:00,HIOC,North,4,17.058
1955,9/28/2020 0:00,HIOC,North,4,17.201
1956,9/28/2020 1:00,HIOC,North,4,17.272
1957,9/28/2020 2:00,HIOC,North,4,16.249
1958,9/28/2020 3:00,HIOC,North,4,14.936
1959,9/28/2020 4:00,HIOC,North,4,14.888
1960,9/28/2020 5:00,HIOC,North,4,14.553
1961,9/28/2020 6:00,HIOC,North,4,14.361
1962,9/28/2020 7:00,HIOC,North,4,13.618
1963,9/28/2020 8:00,HIOC,North,4,14.266
1964,9/28/2020 9:00,HIOC,North,4,16.749
1965,9/28/2020 10:00,HIOC,North,4,16.392
1966,9/28/2020 11:00,HIOC,North,4,16.034
1967,9/28/2020 12:00,HIOC,North,4,16.654
1968,9/28/2020 13:00,HIOC,North,4,18.129
1969,9/28/2020 14:00,HIOC,North,4,19.651
1970,9/28/2020 15:00,HIOC,North,4,21.652
1971,9/28/2020 16:00,HIOC,North,4,23.785
1972,9/28/2020 17:00,HIOC,North,4,21.413
1973,9/28/2020 18:00,HIOC,North,4,20.865
1974,9/28/2020 19:00,HIOC,North,4,18.818
1975,9/28/2020 20:00,HIOC,North,4,16.272
1976,9/28/2020 21:00,HIOC,North,4,15.676
1977,9/28/2020 22:00,HIOC,North,4,15.748
1978,9/28/2020 23:00,HIOC,North,4,15.724
1979,9/29/2020 0:00,HIOC,North,4,16.082
1980,9/29/2020 1:00,HIOC,North,4,16.82
1981,9/29/2020 2:00,HIOC,North,4,16.606
1982,9/29/2020 3:00,HIOC,North,4,14.553
1983,9/29/2020 4:00,HIOC,North,4,14.05
1984,9/29/2020 5:00,HIOC,North,4,13.834
1985,9/29/2020 6:00,HIOC,North,4,13.666
1986,9/29/2020 7:00,HIOC,North,4,13.834
1987,9/29/2020 8:00,HIOC,North,4,14.218
1988,9/29/2020 9:00,HIOC,North,4,16.058
1989,9/29/2020 10:00,HIOC,North,4,15.986
1990,9/29/2020 11:00,HIOC,North,4,15.986
1991,9/29/2020 12:00,HIOC,North,4,15.963
1992,9/29/2020 13:00,HIOC,North,4,16.796
1993,9/29/2020 14:00,HIOC,North,4,17.915
1994,9/29/2020 15:00,HIOC,North,4,18.961
1995,9/29/2020 16:00,HIOC,North,4,19.651
1996,9/29/2020 17:00,HIOC,North,4,17.486
1997,9/29/2020 18:00,HIOC,North,4,16.415
1998,9/29/2020 19:00,HIOC,North,4,18.081
1999,9/29/2020 20:00,HIOC,North,4,18.033
2000,9/29/2020 21:00,HIOC,North,4,16.558
2001,9/29/2020 22:00,HIOC,North,4,16.129
2002,9/29/2020 23:00,HIOC,North,4,16.01
2003,9/30/2020 0:00,HIOC,North,4,16.034
2004,9/30/2020 1:00,HIOC,North,4,16.082
2005,9/30/2020 2:00,HIOC,North,4,16.677
2006,9/30/2020 3:00,HIOC,North,4,16.415
2007,9/30/2020 4:00,HIOC,North,4,14.577
2008,9/30/2020 5:00,HIOC,North,4,14.433
2009,9/30/2020 6:00,HIOC,North,4,14.457
2010,9/30/2020 7:00,HIOC,North,4,14.409
2011,9/30/2020 8:00,HIOC,North,4,14.649
2012,9/30/2020 9:00,HIOC,North,4,16.034
2013,9/30/2020 10:00,HIOC,North,4,16.606
2014,9/30/2020 11:00,HIOC,North,4,16.344
2015,9/30/2020 12:00,HIOC,North,4,16.225
2016,9/30/2020 13:00,HIOC,North,4,17.011
2017,9/30/2020 14:00,HIOC,North,4,18.129
2018,9/30/2020 15:00,HIOC,North,4,19.508
2019,9/30/2020 16:00,HIOC,North,4,21.199
2020,9/30/2020 17:00,HIOC,North,4,19.032
2021,9/30/2020 18:00,HIOC,North,4,16.963
2022,9/30/2020 19:00,HIOC,North,4,14.792
2023,9/30/2020 20:00,HIOC,North,4,15.414
2024,9/30/2020 21:00,HIOC,North,4,17.867
2025,9/30/2020 22:00,HIOC,North,4,16.606
2026,9/30/2020 23:00,HIOC,North,4,16.392
2027,10/1/2020 0:00,HIOC,North,4,16.272
2028,10/1/2020 1:00,HIOC,North,4,16.225
2029,10/1/2020 2:00,HIOC,North,4,16.844
2030,10/1/2020 3:00,HIOC,North,4,16.296
2031,10/1/2020 4:00,HIOC,North,4,15.294
2032,10/1/2020 5:00,HIOC,North,4,13.978
2033,10/1/2020 6:00,HIOC,North,4,13.666
2034,10/1/2020 7:00,HIOC,North,4,13.714
2035,10/1/2020 8:00,HIOC,North,4,14.721
2036,10/1/2020 9:00,HIOC,North,4,15.342
2037,10/1/2020 10:00,HIOC,North,4,16.892
2038,10/1/2020 11:00,HIOC,North,4,16.439
2039,10/1/2020 12:00,HIOC,North,4,16.225
2040,10/1/2020 13:00,HIOC,North,4,16.511
2041,10/1/2020 14:00,HIOC,North,4,17.368
2042,10/1/2020 15:00,HIOC,North,4,18.628
2043,10/1/2020 16:00,HIOC,North,4,19.651
2044,10/1/2020 17:00,HIOC,North,4,19.793
2045,10/1/2020 18:00,HIOC,North,4,16.201
2046,10/1/2020 19:00,HIOC,North,4,14.577
2047,10/1/2020 20:00,HIOC,North,4,13.449
2048,10/1/2020 21:00,HIOC,North,4,15.939
2049,10/1/2020 22:00,HIOC,North,4,17.391
2050,10/1/2020 23:00,HIOC,North,4,16.177
2051,10/2/2020 0:00,HIOC,North,4,16.034
2052,10/2/2020 1:00,HIOC,North,4,15.915
2053,10/2/2020 2:00,HIOC,North,4,16.106
2054,10/2/2020 3:00,HIOC,North,4,16.153
2055,10/2/2020 4:00,HIOC,North,4,15.414
2056,10/2/2020 5:00,HIOC,North,4,14.194
2057,10/2/2020 6:00,HIOC,North,4,11.029
2058,10/2/2020 7:00,HIOC,North,4,12.775
2059,10/2/2020 8:00,HIOC,North,4,14.625
2060,10/2/2020 9:00,HIOC,North,4,15.581
2061,10/2/2020 10:00,HIOC,North,4,16.892
2062,10/2/2020 11:00,HIOC,North,4,16.392
2063,10/2/2020 12:00,HIOC,North,4,16.177
2064,10/2/2020 13:00,HIOC,North,4,16.439
2065,10/2/2020 14:00,HIOC,North,4,17.558
2066,10/2/2020 15:00,HIOC,North,4,18.438
2067,10/2/2020 16:00,HIOC,North,4,19.722
2068,10/2/2020 17:00,HIOC,North,4,19.984
2069,10/2/2020 18:00,HIOC,North,4,16.511
2070,10/2/2020 19:00,HIOC,North,4,14.84
2071,10/2/2020 20:00,HIOC,North,4,14.361
2072,10/2/2020 21:00,HIOC,North,4,14.002
2073,10/2/2020 22:00,HIOC,North,4,16.534
2074,10/2/2020 23:00,HIOC,North,4,17.201
2075,10/3/2020 0:00,HIOC,North,4,16.511
2076,10/3/2020 1:00,HIOC,North,4,16.463
2077,10/3/2020 2:00,HIOC,North,4,16.392
2078,10/3/2020 3:00,HIOC,North,4,16.558
2079,10/3/2020 4:00,HIOC,North,4,16.368
2080,10/3/2020 5:00,HIOC,North,4,15.867
2081,10/3/2020 6:00,HIOC,North,4,13.425
2082,10/3/2020 7:00,HIOC,North,4,12.92
2083,10/3/2020 8:00,HIOC,North,4,14.17
2084,10/3/2020 9:00,HIOC,North,4,17.534
2085,10/3/2020 10:00,HIOC,North,4,17.32
2086,10/3/2020 11:00,HIOC,North,4,16.963
2087,10/3/2020 12:00,HIOC,North,4,16.701
2088,10/3/2020 13:00,HIOC,North,4,16.773
2089,10/3/2020 14:00,HIOC,North,4,17.32
2090,10/3/2020 15:00,HIOC,North,4,17.891
2091,10/3/2020 16:00,HIOC,North,4,18.366
2092,10/3/2020 17:00,HIOC,North,4,18.842
2093,10/3/2020 18:00,HIOC,North,4,15.629
2094,10/3/2020 19:00,HIOC,North,4,13.281
2095,10/3/2020 20:00,HIOC,North,4,12.775
2096,10/3/2020 21:00,HIOC,North,4,13.209
2097,10/3/2020 22:00,HIOC,North,4,13.209
2098,10/3/2020 23:00,HIOC,North,4,15.557
2099,10/4/2020 0:00,HIOC,North,4,16.939
2100,10/4/2020 1:00,HIOC,North,4,16.654
2101,10/4/2020 2:00,HIOC,North,4,16.606
2102,10/4/2020 3:00,HIOC,North,4,16.511
2103,10/4/2020 4:00,HIOC,North,4,16.177
2104,10/4/2020 5:00,HIOC,North,4,15.819
2105,10/4/2020 6:00,HIOC,North,4,15.199
2106,10/4/2020 7:00,HIOC,North,4,13.064
2107,10/4/2020 8:00,HIOC,North,4,13.209
2108,10/4/2020 9:00,HIOC,North,4,15.008
2109,10/4/2020 10:00,HIOC,North,4,16.344
2110,10/4/2020 11:00,HIOC,North,4,16.654
2111,10/4/2020 12:00,HIOC,North,4,16.32
2112,10/4/2020 13:00,HIOC,North,4,16.32
2113,10/4/2020 14:00,HIOC,North,4,16.415
2114,10/4/2020 15:00,HIOC,North,4,16.939
2115,10/4/2020 16:00,HIOC,North,4,17.296
2116,10/4/2020 17:00,HIOC,North,4,17.51
2117,10/4/2020 18:00,HIOC,North,4,17.082
2118,10/4/2020 19:00,HIOC,North,4,14.098
2119,10/4/2020 20:00,HIOC,North,4,13.714
2120,10/4/2020 21:00,HIOC,North,4,13.257
2121,10/4/2020 22:00,HIOC,North,4,13.064
2122,10/4/2020 23:00,HIOC,North,4,13.281
2123,10/5/2020 0:00,HIOC,North,4,15.318
2124,10/5/2020 1:00,HIOC,North,4,16.511
2125,10/5/2020 2:00,HIOC,North,4,16.249
2126,10/5/2020 3:00,HIOC,North,4,16.225
2127,10/5/2020 4:00,HIOC,North,4,15.986
2128,10/5/2020 5:00,HIOC,North,4,15.557
2129,10/5/2020 6:00,HIOC,North,4,15.031
2130,10/5/2020 7:00,HIOC,North,4,14.337
2131,10/5/2020 8:00,HIOC,North,4,12.799
2132,10/5/2020 9:00,HIOC,North,4,14.649
2133,10/5/2020 10:00,HIOC,North,4,16.058
2134,10/5/2020 11:00,HIOC,North,4,16.463
2135,10/5/2020 12:00,HIOC,North,4,16.201
2136,10/5/2020 13:00,HIOC,North,4,16.153
2137,10/5/2020 14:00,HIOC,North,4,16.392
2138,10/5/2020 15:00,HIOC,North,4,17.368
2139,10/5/2020 16:00,HIOC,North,4,17.51
2140,10/5/2020 17:00,HIOC,North,4,17.772
2141,10/5/2020 18:00,HIOC,North,4,17.819
2142,10/5/2020 19:00,HIOC,North,4,14.146
2143,10/5/2020 20:00,HIOC,North,4,13.473
2144,10/5/2020 21:00,HIOC,North,4,13.064
2145,10/5/2020 22:00,HIOC,North,4,12.847
2146,10/5/2020 23:00,HIOC,North,4,12.509
2147,10/6/2020 0:00,HIOC,North,4,12.413
2148,10/6/2020 1:00,HIOC,North,4,15.27
2149,10/6/2020 2:00,HIOC,North,4,16.439
2150,10/6/2020 3:00,HIOC,North,4,16.082
2151,10/6/2020 4:00,HIOC,North,4,16.082
2152,10/6/2020 5:00,HIOC,North,4,15.748
2153,10/6/2020 6:00,HIOC,North,4,15.7
2154,10/6/2020 7:00,HIOC,North,4,15.055
2155,10/6/2020 8:00,HIOC,North,4,14.577
2156,10/6/2020 9:00,HIOC,North,4,15.079
2157,10/6/2020 10:00,HIOC,North,4,15.939
2158,10/6/2020 11:00,HIOC,North,4,16.296
2159,10/6/2020 12:00,HIOC,North,4,16.177
2160,10/6/2020 13:00,HIOC,North,4,16.082
2161,10/6/2020 14:00,HIOC,North,4,15.915
2162,10/6/2020 15:00,HIOC,North,4,15.939
2163,10/6/2020 16:00,HIOC,North,4,16.272
2164,10/6/2020 17:00,HIOC,North,4,16.654
2165,10/6/2020 18:00,HIOC,North,4,16.939
2166,10/6/2020 19:00,HIOC,North,4,16.153
2167,10/6/2020 20:00,HIOC,North,4,13.57
2168,10/6/2020 21:00,HIOC,North,4,13.546
2169,10/6/2020 22:00,HIOC,North,4,13.449
2170,10/6/2020 23:00,HIOC,North,4,13.401
2171,10/7/2020 0:00,HIOC,North,4,13.257
2172,10/7/2020 1:00,HIOC,North,4,13.04
2173,10/7/2020 2:00,HIOC,North,4,14.697
2174,10/7/2020 3:00,HIOC,North,4,15.772
2175,10/7/2020 4:00,HIOC,North,4,15.652
2176,10/7/2020 5:00,HIOC,North,4,15.605
2177,10/7/2020 6:00,HIOC,North,4,15.438
2178,10/7/2020 7:00,HIOC,North,4,15.008
2179,10/7/2020 8:00,HIOC,North,4,14.792
2180,10/7/2020 9:00,HIOC,North,4,14.936
2181,10/7/2020 10:00,HIOC,North,4,15.557
2182,10/7/2020 11:00,HIOC,North,4,15.581
2183,10/7/2020 12:00,HIOC,North,4,15.485
2184,10/7/2020 13:00,HIOC,North,4,15.223
2185,10/7/2020 14:00,HIOC,North,4,15.175
2186,10/7/2020 15:00,HIOC,North,4,15.318
2187,10/7/2020 16:00,HIOC,North,4,15.533
2188,10/7/2020 17:00,HIOC,North,4,15.629
2189,10/7/2020 18:00,HIOC,North,4,15.843
2190,10/7/2020 19:00,HIOC,North,4,15.7
2191,10/7/2020 20:00,HIOC,North,4,15.031
2192,10/7/2020 21:00,HIOC,North,4,13.978
2193,10/7/2020 22:00,HIOC,North,4,13.93
2194,10/7/2020 23:00,HIOC,North,4,13.858
2195,10/8/2020 0:00,HIOC,North,4,13.81
2196,10/8/2020 1:00,HIOC,North,4,13.738
2197,10/8/2020 2:00,HIOC,North,4,13.714
2198,10/8/2020 3:00,HIOC,North,4,14.84
2199,10/8/2020 4:00,HIOC,North,4,15.461
2200,10/8/2020 5:00,HIOC,North,4,15.461
2201,10/8/2020 6:00,HIOC,North,4,15.414
2202,10/8/2020 7:00,HIOC,North,4,15.342
2203,10/8/2020 8:00,HIOC,North,4,15.223
2204,10/8/2020 9:00,HIOC,North,4,15.079
2205,10/8/2020 10:00,HIOC,North,4,15.39
2206,10/8/2020 11:00,HIOC,North,4,15.581
2207,10/8/2020 12:00,HIOC,North,4,15.676
2208,10/8/2020 13:00,HIOC,North,4,15.509
2209,10/8/2020 14:00,HIOC,North,4,15.247
2210,10/8/2020 15:00,HIOC,North,4,15.27
2211,10/8/2020 16:00,HIOC,North,4,15.223
2212,10/8/2020 17:00,HIOC,North,4,15.461
2213,10/8/2020 18:00,HIOC,North,4,15.676
2214,10/8/2020 19:00,HIOC,North,4,15.915
2215,10/8/2020 20:00,HIOC,North,4,15.772
2216,10/8/2020 21:00,HIOC,North,4,14.553
2217,10/8/2020 22:00,HIOC,North,4,14.194
2218,10/8/2020 23:00,HIOC,North,4,14.17
2219,10/9/2020 0:00,HIOC,North,4,14.146
2220,10/9/2020 1:00,HIOC,North,4,13.882
2221,10/9/2020 2:00,HIOC,North,4,13.666
2222,10/9/2020 3:00,HIOC,North,4,13.738
2223,10/9/2020 4:00,HIOC,North,4,14.649
2224,10/9/2020 5:00,HIOC,North,4,15.414
2225,10/9/2020 6:00,HIOC,North,4,15.366
2226,10/9/2020 7:00,HIOC,North,4,15.318
2227,10/9/2020 8:00,HIOC,North,4,15.318
2228,10/9/2020 9:00,HIOC,North,4,15.509
2229,10/9/2020 10:00,HIOC,North,4,15.796
2230,10/9/2020 11:00,HIOC,North,4,16.392
2231,10/9/2020 12:00,HIOC,North,4,17.011
2232,10/9/2020 13:00,HIOC,North,4,17.225
2233,10/9/2020 14:00,HIOC,North,4,16.796
2234,10/9/2020 15:00,HIOC,North,4,16.582
2235,10/9/2020 16:00,HIOC,North,4,16.463
2236,10/9/2020 17:00,HIOC,North,4,16.534
2237,10/9/2020 18:00,HIOC,North,4,17.082
2238,10/9/2020 19:00,HIOC,North,4,17.486
2239,10/9/2020 20:00,HIOC,North,4,17.938
2240,10/9/2020 21:00,HIOC,North,4,17.701
2241,10/9/2020 22:00,HIOC,North,4,14.553
2242,10/9/2020 23:00,HIOC,North,4,13.858
2243,10/10/2020 0:00,HIOC,North,4,14.266
2244,10/10/2020 1:00,HIOC,North,4,14.17
2245,10/10/2020 2:00,HIOC,North,4,14.242
2246,10/10/2020 3:00,HIOC,North,4,14.074
2247,10/10/2020 4:00,HIOC,North,4,13.906
2248,10/10/2020 5:00,HIOC,North,4,14.864
2249,10/10/2020 6:00,HIOC,North,4,16.272
2250,10/10/2020 7:00,HIOC,North,4,15.986
2251,10/10/2020 8:00,HIOC,North,4,15.963
2252,10/10/2020 9:00,HIOC,North,4,15.963
2253,10/10/2020 10:00,HIOC,North,4,16.106
2254,10/10/2020 11:00,HIOC,North,4,16.32
2255,10/10/2020 12:00,HIOC,North,4,16.558
2256,10/10/2020 13:00,HIOC,North,4,17.225
2257,10/10/2020 14:00,HIOC,North,4,17.272
2258,10/10/2020 15:00,HIOC,North,4,17.13
2259,10/10/2020 16:00,HIOC,North,4,16.701
2260,10/10/2020 17:00,HIOC,North,4,16.439
2261,10/10/2020 18:00,HIOC,North,4,16.106
2262,10/10/2020 19:00,HIOC,North,4,16.32
2263,10/10/2020 20:00,HIOC,North,4,16.82
2264,10/10/2020 21:00,HIOC,North,4,17.011
2265,10/10/2020 22:00,HIOC,North,4,16.606
2266,10/10/2020 23:00,HIOC,North,4,14.361
2267,10/11/2020 0:00,HIOC,North,4,12.558
2268,10/11/2020 1:00,HIOC,North,4,12.147
2269,10/11/2020 2:00,HIOC,North,4,13.064
2270,10/11/2020 3:00,HIOC,North,4,11.807
2271,10/11/2020 4:00,HIOC,North,4,11.346
2272,10/11/2020 5:00,HIOC,North,4,11.637
2273,10/11/2020 6:00,HIOC,North,4,11.807
2274,10/11/2020 7:00,HIOC,North,4,14.768
2275,10/11/2020 8:00,HIOC,North,4,15.366
2276,10/11/2020 9:00,HIOC,North,4,15.461
2277,10/11/2020 10:00,HIOC,North,4,15.652
2278,10/11/2020 11:00,HIOC,North,4,16.296
2279,10/11/2020 12:00,HIOC,North,4,17.32
2280,10/11/2020 13:00,HIOC,North,4,18.842
2281,10/11/2020 14:00,HIOC,North,4,19.27
2282,10/11/2020 15:00,HIOC,North,4,18.224
2283,10/11/2020 16:00,HIOC,North,4,17.843
2284,10/11/2020 17:00,HIOC,North,4,17.153
2285,10/11/2020 18:00,HIOC,North,4,16.463
2286,10/11/2020 19:00,HIOC,North,4,16.272
2287,10/11/2020 20:00,HIOC,North,4,16.082
2288,10/11/2020 21:00,HIOC,North,4,16.034
2289,10/11/2020 22:00,HIOC,North,4,16.082
2290,10/11/2020 23:00,HIOC,North,4,15.915
2291,10/12/2020 0:00,HIOC,North,4,12.847
2292,10/12/2020 1:00,HIOC,North,4,10.907
2293,10/12/2020 2:00,HIOC,North,4,12.195
2294,10/12/2020 3:00,HIOC,North,4,11.686
2295,10/12/2020 4:00,HIOC,North,4,11.492
2296,10/12/2020 5:00,HIOC,North,4,11.321
2297,10/12/2020 6:00,HIOC,North,4,11.224
2298,10/12/2020 7:00,HIOC,North,4,12.05
2299,10/12/2020 8:00,HIOC,North,4,14.792
2300,10/12/2020 9:00,HIOC,North,4,15.509
2301,10/12/2020 10:00,HIOC,North,4,15.676
2302,10/12/2020 11:00,HIOC,North,4,16.415
2303,10/12/2020 12:00,HIOC,North,4,16.963
2304,10/12/2020 13:00,HIOC,North,4,18.295
2305,10/12/2020 14:00,HIOC,North,4,20.746
2306,10/12/2020 15:00,HIOC,North,4,22.25
2307,10/12/2020 16:00,HIOC,North,4,20.531
2308,10/12/2020 17:00,HIOC,North,4,18.343
2309,10/12/2020 18:00,HIOC,North,4,16.201
2310,10/12/2020 19:00,HIOC,North,4,15.629
2311,10/12/2020 20:00,HIOC,North,4,15.7
2312,10/12/2020 21:00,HIOC,North,4,15.629
2313,10/12/2020 22:00,HIOC,North,4,16.177
2314,10/12/2020 23:00,HIOC,North,4,16.582
2315,10/13/2020 0:00,HIOC,North,4,16.153
2316,10/13/2020 1:00,HIOC,North,4,14.792
2317,10/13/2020 2:00,HIOC,North,4,13.497
2318,10/13/2020 3:00,HIOC,North,4,13.161
2319,10/13/2020 4:00,HIOC,North,4,12.727
2320,10/13/2020 5:00,HIOC,North,4,12.582
2321,10/13/2020 6:00,HIOC,North,4,12.389
2322,10/13/2020 7:00,HIOC,North,4,11.078
2323,10/13/2020 8:00,HIOC,North,4,14.601
2324,10/13/2020 9:00,HIOC,North,4,15.509
2325,10/13/2020 10:00,HIOC,North,4,15.581
2326,10/13/2020 11:00,HIOC,North,4,15.796
2327,10/13/2020 12:00,HIOC,North,4,16.987
2328,10/13/2020 13:00,HIOC,North,4,18.033
2329,10/13/2020 14:00,HIOC,North,4,19.793
2330,10/13/2020 15:00,HIOC,North,4,22.345
2331,10/13/2020 16:00,HIOC,North,4,22.753
2332,10/13/2020 17:00,HIOC,North,4,21.581
2333,10/13/2020 18:00,HIOC,North,4,19.151
2334,10/13/2020 19:00,HIOC,North,4,16.606
2335,10/13/2020 20:00,HIOC,North,4,15.7
2336,10/13/2020 21:00,HIOC,North,4,15.724
2337,10/13/2020 22:00,HIOC,North,4,15.605
2338,10/13/2020 23:00,HIOC,North,4,15.843
2339,10/14/2020 0:00,HIOC,North,4,16.034
2340,10/14/2020 1:00,HIOC,North,4,15.748
2341,10/14/2020 2:00,HIOC,North,4,13.882
2342,10/14/2020 3:00,HIOC,North,4,12.364
2343,10/14/2020 4:00,HIOC,North,4,12.195
2344,10/14/2020 5:00,HIOC,North,4,13.377
2345,10/14/2020 6:00,HIOC,North,4,12.871
2346,10/14/2020 7:00,HIOC,North,4,12.558
2347,10/14/2020 8:00,HIOC,North,4,13.546
2348,10/14/2020 9:00,HIOC,North,4,15.509
2349,10/14/2020 10:00,HIOC,North,4,15.676
2350,10/14/2020 11:00,HIOC,North,4,15.414
2351,10/14/2020 12:00,HIOC,North,4,16.01
2352,10/14/2020 13:00,HIOC,North,4,17.201
2353,10/14/2020 14:00,HIOC,North,4,18.533
2354,10/14/2020 15:00,HIOC,North,4,20.77
2355,10/14/2020 16:00,HIOC,North,4,21.151
2356,10/14/2020 17:00,HIOC,North,4,19.318
2357,10/14/2020 18:00,HIOC,North,4,15.939
2358,10/14/2020 19:00,HIOC,North,4,15.008
2359,10/14/2020 20:00,HIOC,North,4,16.963
2360,10/14/2020 21:00,HIOC,North,4,15.819
2361,10/14/2020 22:00,HIOC,North,4,15.819
2362,10/14/2020 23:00,HIOC,North,4,15.605
2363,10/15/2020 0:00,HIOC,North,4,15.891
2364,10/15/2020 1:00,HIOC,North,4,15.939
2365,10/15/2020 2:00,HIOC,North,4,15.199
2366,10/15/2020 3:00,HIOC,North,4,13.233
2367,10/15/2020 4:00,HIOC,North,4,12.461
2368,10/15/2020 5:00,HIOC,North,4,12.509
2369,10/15/2020 6:00,HIOC,North,4,12.098
2370,10/15/2020 7:00,HIOC,North,4,11.929
2371,10/15/2020 8:00,HIOC,North,4,15.223
2372,10/15/2020 9:00,HIOC,North,4,15.342
2373,10/15/2020 10:00,HIOC,North,4,15.485
2374,10/15/2020 11:00,HIOC,North,4,15.294
2375,10/15/2020 12:00,HIOC,North,4,15.151
2376,10/15/2020 13:00,HIOC,North,4,16.32
2377,10/15/2020 14:00,HIOC,North,4,18.39
2378,10/15/2020 15:00,HIOC,North,4,20.007
2379,10/15/2020 16:00,HIOC,North,4,21.604
2380,10/15/2020 17:00,HIOC,North,4,22.513
2381,10/15/2020 18:00,HIOC,North,4,17.153
2382,10/15/2020 19:00,HIOC,North,4,14.242
2383,10/15/2020 20:00,HIOC,North,4,12.582
2384,10/15/2020 21:00,HIOC,North,4,17.368
2385,10/15/2020 22:00,HIOC,North,4,15.843
2386,10/15/2020 23:00,HIOC,North,4,15.676
2387,10/16/2020 0:00,HIOC,North,4,15.414
2388,10/16/2020 1:00,HIOC,North,4,15.676
2389,10/16/2020 2:00,HIOC,North,4,15.748
2390,10/16/2020 3:00,HIOC,North,4,15.366
2391,10/16/2020 4:00,HIOC,North,4,13.209
2392,10/16/2020 5:00,HIOC,North,4,12.195
2393,10/16/2020 6:00,HIOC,North,4,11.977
2394,10/16/2020 7:00,HIOC,North,4,11.807
2395,10/16/2020 8:00,HIOC,North,4,14.409
2396,10/16/2020 9:00,HIOC,North,4,14.792
2397,10/16/2020 10:00,HIOC,North,4,15.294
2398,10/16/2020 11:00,HIOC,North,4,15.008
2399,10/16/2020 12:00,HIOC,North,4,15.079
2400,10/16/2020 13:00,HIOC,North,4,15.724
2401,10/16/2020 14:00,HIOC,North,4,16.725
2402,10/16/2020 15:00,HIOC,North,4,18.509
2403,10/16/2020 16:00,HIOC,North,4,19.484
2404,10/16/2020 17:00,HIOC,North,4,18.604
2405,10/16/2020 18:00,HIOC,North,4,16.582
2406,10/16/2020 19:00,HIOC,North,4,13.425
2407,10/16/2020 20:00,HIOC,North,4,11.929
2408,10/16/2020 21:00,HIOC,North,4,13.064
2409,10/16/2020 22:00,HIOC,North,4,16.177
2410,10/16/2020 23:00,HIOC,North,4,15.652
2411,10/17/2020 0:00,HIOC,North,4,15.366
2412,10/17/2020 1:00,HIOC,North,4,15.127
2413,10/17/2020 2:00,HIOC,North,4,15.438
2414,10/17/2020 3:00,HIOC,North,4,15.199
2415,10/17/2020 4:00,HIOC,North,4,14.721
2416,10/17/2020 5:00,HIOC,North,4,12.63
2417,10/17/2020 6:00,HIOC,North,4,11.467
2418,10/17/2020 7:00,HIOC,North,4,11.175
2419,10/17/2020 8:00,HIOC,North,4,15.414
2420,10/17/2020 9:00,HIOC,North,4,14.194
2421,10/17/2020 10:00,HIOC,North,4,15.103
2422,10/17/2020 11:00,HIOC,North,4,14.912
2423,10/17/2020 12:00,HIOC,North,4,14.697
2424,10/17/2020 13:00,HIOC,North,4,15.008
2425,10/17/2020 14:00,HIOC,North,4,15.867
2426,10/17/2020 15:00,HIOC,North,4,17.772
2427,10/17/2020 16:00,HIOC,North,4,19.127
2428,10/17/2020 17:00,HIOC,North,4,19.103
2429,7/8/2020 14:00,TBOC,South,0,20.841
2430,7/8/2020 15:00,TBOC,South,0,21.103
2431,7/8/2020 16:00,TBOC,South,0,21.103
2432,7/8/2020 17:00,TBOC,South,0,20.841
2433,7/8/2020 18:00,TBOC,South,0,20.889
2434,7/8/2020 19:00,TBOC,South,0,20.603
2435,7/8/2020 20:00,TBOC,South,0,20.317
2436,7/8/2020 21:00,TBOC,South,0,20.007
2437,7/8/2020 22:00,TBOC,South,0,19.936
2438,7/8/2020 23:00,TBOC,South,0,20.126
2439,7/9/2020 0:00,TBOC,South,0,20.055
2440,7/9/2020 1:00,TBOC,South,0,19.698
2441,7/9/2020 2:00,TBOC,South,0,19.674
2442,7/9/2020 3:00,TBOC,South,0,19.579
2443,7/9/2020 4:00,TBOC,South,0,19.413
2444,7/9/2020 5:00,TBOC,South,0,19.103
2445,7/9/2020 6:00,TBOC,South,0,18.652
2446,7/9/2020 7:00,TBOC,South,0,18.152
2447,7/9/2020 8:00,TBOC,South,0,17.986
2448,7/9/2020 9:00,TBOC,South,0,19.056
2449,7/9/2020 10:00,TBOC,South,0,24.75
2450,7/9/2020 11:00,TBOC,South,0,29.389
2451,7/9/2020 12:00,TBOC,South,0,24.823
2452,7/9/2020 13:00,TBOC,South,0,21.581
2453,7/9/2020 14:00,TBOC,South,0,21.175
2454,7/9/2020 15:00,TBOC,South,0,21.461
2455,7/9/2020 16:00,TBOC,South,0,21.318
2456,7/9/2020 17:00,TBOC,South,0,21.39
2457,7/9/2020 18:00,TBOC,South,0,21.103
2458,7/9/2020 19:00,TBOC,South,0,20.865
2459,7/9/2020 20:00,TBOC,South,0,20.507
2460,7/9/2020 21:00,TBOC,South,0,20.222
2461,7/9/2020 22:00,TBOC,South,0,20.055
2462,7/9/2020 23:00,TBOC,South,0,19.841
2463,7/10/2020 0:00,TBOC,South,0,20.055
2464,7/10/2020 1:00,TBOC,South,0,20.174
2465,7/10/2020 2:00,TBOC,South,0,20.126
2466,7/10/2020 3:00,TBOC,South,0,19.936
2467,7/10/2020 4:00,TBOC,South,0,19.817
2468,7/10/2020 5:00,TBOC,South,0,19.698
2469,7/10/2020 6:00,TBOC,South,0,19.413
2470,7/10/2020 7:00,TBOC,South,0,18.628
2471,7/10/2020 8:00,TBOC,South,0,18.343
2472,7/10/2020 9:00,TBOC,South,0,18.343
2473,7/10/2020 10:00,TBOC,South,0,20.77
2474,7/10/2020 11:00,TBOC,South,0,21.891
2475,7/10/2020 12:00,TBOC,South,0,24.436
2476,7/10/2020 13:00,TBOC,South,0,22.034
2477,7/10/2020 14:00,TBOC,South,0,21.724
2478,7/10/2020 15:00,TBOC,South,0,21.724
2479,7/10/2020 16:00,TBOC,South,0,21.676
2480,7/10/2020 17:00,TBOC,South,0,21.628
2481,7/10/2020 18:00,TBOC,South,0,21.39
2482,7/10/2020 19:00,TBOC,South,0,21.342
2483,7/10/2020 20:00,TBOC,South,0,21.032
2484,7/10/2020 21:00,TBOC,South,0,20.627
2485,7/10/2020 22:00,TBOC,South,0,20.269
2486,7/10/2020 23:00,TBOC,South,0,20.079
2487,7/11/2020 0:00,TBOC,South,0,20.293
2488,7/11/2020 1:00,TBOC,South,0,20.174
2489,7/11/2020 2:00,TBOC,South,0,20.222
2490,7/11/2020 3:00,TBOC,South,0,20.317
2491,7/11/2020 4:00,TBOC,South,0,20.222
2492,7/11/2020 5:00,TBOC,South,0,20.031
2493,7/11/2020 6:00,TBOC,South,0,19.936
2494,7/11/2020 7:00,TBOC,South,0,19.318
2495,7/11/2020 8:00,TBOC,South,0,18.937
2496,7/11/2020 9:00,TBOC,South,0,19.365
2497,7/11/2020 10:00,TBOC,South,0,21.724
2498,7/11/2020 11:00,TBOC,South,0,23.785
2499,7/11/2020 12:00,TBOC,South,0,23.521
2500,7/11/2020 13:00,TBOC,South,0,22.274
2501,7/11/2020 14:00,TBOC,South,0,21.987
2502,7/11/2020 15:00,TBOC,South,0,22.202
2503,7/11/2020 16:00,TBOC,South,0,22.13
2504,7/11/2020 17:00,TBOC,South,0,21.795
2505,7/11/2020 18:00,TBOC,South,0,21.557
2506,7/11/2020 19:00,TBOC,South,0,21.366
2507,7/11/2020 20:00,TBOC,South,0,21.175
2508,7/11/2020 21:00,TBOC,South,0,20.96
2509,7/11/2020 22:00,TBOC,South,0,20.746
2510,7/11/2020 23:00,TBOC,South,0,20.746
2511,7/12/2020 0:00,TBOC,South,0,20.627
2512,7/12/2020 1:00,TBOC,South,0,19.603
2513,7/12/2020 2:00,TBOC,South,0,19.722
2514,7/12/2020 3:00,TBOC,South,0,19.532
2515,7/12/2020 4:00,TBOC,South,0,19.77
2516,7/12/2020 5:00,TBOC,South,0,19.841
2517,7/12/2020 6:00,TBOC,South,0,19.77
2518,7/12/2020 7:00,TBOC,South,0,18.985
2519,7/12/2020 8:00,TBOC,South,0,19.032
2520,7/12/2020 9:00,TBOC,South,0,19.984
2521,7/12/2020 10:00,TBOC,South,0,20.936
2522,7/12/2020 11:00,TBOC,South,0,21.915
2523,7/12/2020 12:00,TBOC,South,0,22.92
2524,7/12/2020 13:00,TBOC,South,0,23.088
2525,7/12/2020 14:00,TBOC,South,0,22.369
2526,7/12/2020 15:00,TBOC,South,0,22.13
2527,7/12/2020 16:00,TBOC,South,0,22.25
2528,7/12/2020 17:00,TBOC,South,0,22.154
2529,7/12/2020 18:00,TBOC,South,0,21.939
2530,7/12/2020 19:00,TBOC,South,0,21.7
2531,7/12/2020 20:00,TBOC,South,0,21.39
2532,7/12/2020 21:00,TBOC,South,0,21.175
2533,7/12/2020 22:00,TBOC,South,0,20.865
2534,7/12/2020 23:00,TBOC,South,0,20.603
2535,7/13/2020 0:00,TBOC,South,0,20.293
2536,7/13/2020 1:00,TBOC,South,0,20.103
2537,7/13/2020 2:00,TBOC,South,0,19.96
2538,7/13/2020 3:00,TBOC,South,0,19.912
2539,7/13/2020 4:00,TBOC,South,0,19.888
2540,7/13/2020 5:00,TBOC,South,0,19.817
2541,7/13/2020 6:00,TBOC,South,0,19.484
2542,7/13/2020 7:00,TBOC,South,0,19.555
2543,7/13/2020 8:00,TBOC,South,0,19.555
2544,7/13/2020 9:00,TBOC,South,0,19.841
2545,7/13/2020 10:00,TBOC,South,0,20.579
2546,7/13/2020 11:00,TBOC,South,0,21.246
2547,7/13/2020 12:00,TBOC,South,0,21.7
2548,7/13/2020 13:00,TBOC,South,0,22.154
2549,7/13/2020 14:00,TBOC,South,0,21.795
2550,7/13/2020 15:00,TBOC,South,0,21.867
2551,7/13/2020 16:00,TBOC,South,0,21.557
2552,7/13/2020 17:00,TBOC,South,0,21.437
2553,7/13/2020 18:00,TBOC,South,0,21.318
2554,7/13/2020 19:00,TBOC,South,0,21.223
2555,7/13/2020 20:00,TBOC,South,0,21.079
2556,7/13/2020 21:00,TBOC,South,0,21.032
2557,7/13/2020 22:00,TBOC,South,0,20.913
2558,7/13/2020 23:00,TBOC,South,0,20.865
2559,7/14/2020 0:00,TBOC,South,0,21.008
2560,7/14/2020 1:00,TBOC,South,0,20.984
2561,7/14/2020 2:00,TBOC,South,0,20.436
2562,7/14/2020 3:00,TBOC,South,0,19.579
2563,7/14/2020 4:00,TBOC,South,0,18.2
2564,7/14/2020 5:00,TBOC,South,0,19.294
2565,7/14/2020 6:00,TBOC,South,0,19.413
2566,7/14/2020 7:00,TBOC,South,0,19.08
2567,7/14/2020 8:00,TBOC,South,0,19.365
2568,7/14/2020 9:00,TBOC,South,0,19.127
2569,7/14/2020 10:00,TBOC,South,0,19.508
2570,7/14/2020 11:00,TBOC,South,0,19.984
2571,7/14/2020 12:00,TBOC,South,0,20.936
2572,7/14/2020 13:00,TBOC,South,0,21.939
2573,7/14/2020 14:00,TBOC,South,0,21.987
2574,7/14/2020 15:00,TBOC,South,0,22.25
2575,7/14/2020 16:00,TBOC,South,0,22.321
2576,7/14/2020 17:00,TBOC,South,0,23.064
2577,7/14/2020 18:00,TBOC,South,0,22.034
2578,7/14/2020 19:00,TBOC,South,0,21.652
2579,7/14/2020 20:00,TBOC,South,0,21.604
2580,7/14/2020 21:00,TBOC,South,0,22.321
2581,7/14/2020 22:00,TBOC,South,0,21.127
2582,7/14/2020 23:00,TBOC,South,0,20.817
2583,7/15/2020 0:00,TBOC,South,0,20.865
2584,7/15/2020 1:00,TBOC,South,0,20.817
2585,7/15/2020 2:00,TBOC,South,0,20.412
2586,7/15/2020 3:00,TBOC,South,0,19.318
2587,7/15/2020 4:00,TBOC,South,0,18.723
2588,7/15/2020 5:00,TBOC,South,0,19.555
2589,7/15/2020 6:00,TBOC,South,0,19.532
2590,7/15/2020 7:00,TBOC,South,0,19.127
2591,7/15/2020 8:00,TBOC,South,0,17.867
2592,7/15/2020 9:00,TBOC,South,0,17.962
2593,7/15/2020 10:00,TBOC,South,0,19.08
2594,7/15/2020 11:00,TBOC,South,0,20.293
2595,7/15/2020 12:00,TBOC,South,0,20.841
2596,7/15/2020 13:00,TBOC,South,0,21.581
2597,7/15/2020 14:00,TBOC,South,0,22.441
2598,7/15/2020 15:00,TBOC,South,0,22.944
2599,7/15/2020 16:00,TBOC,South,0,24.026
2600,7/15/2020 17:00,TBOC,South,0,22.082
2601,7/15/2020 18:00,TBOC,South,0,21.939
2602,7/15/2020 19:00,TBOC,South,0,21.628
2603,7/15/2020 20:00,TBOC,South,0,21.509
2604,7/15/2020 21:00,TBOC,South,0,21.437
2605,7/15/2020 22:00,TBOC,South,0,21.581
2606,7/15/2020 23:00,TBOC,South,0,21.032
2607,7/16/2020 0:00,TBOC,South,0,21.127
2608,7/16/2020 1:00,TBOC,South,0,21.175
2609,7/16/2020 2:00,TBOC,South,0,21.294
2610,7/16/2020 3:00,TBOC,South,0,20.817
2611,7/16/2020 4:00,TBOC,South,0,19.722
2612,7/16/2020 5:00,TBOC,South,0,19.246
2613,7/16/2020 6:00,TBOC,South,0,20.031
2614,7/16/2020 7:00,TBOC,South,0,20.46
2615,7/16/2020 8:00,TBOC,South,0,20.674
2616,7/16/2020 9:00,TBOC,South,0,20.341
2617,7/16/2020 10:00,TBOC,South,0,20.436
2618,7/16/2020 11:00,TBOC,South,0,20.865
2619,7/16/2020 12:00,TBOC,South,0,20.936
2620,7/16/2020 13:00,TBOC,South,0,21.39
2621,7/16/2020 14:00,TBOC,South,0,21.891
2622,7/16/2020 15:00,TBOC,South,0,22.106
2623,7/16/2020 16:00,TBOC,South,0,21.987
2624,7/16/2020 17:00,TBOC,South,0,21.915
2625,7/16/2020 18:00,TBOC,South,0,21.795
2626,7/16/2020 19:00,TBOC,South,0,21.628
2627,7/16/2020 20:00,TBOC,South,0,21.533
2628,7/16/2020 21:00,TBOC,South,0,21.485
2629,7/16/2020 22:00,TBOC,South,0,21.413
2630,7/16/2020 23:00,TBOC,South,0,21.318
2631,7/17/2020 0:00,TBOC,South,0,21.27
2632,7/17/2020 1:00,TBOC,South,0,21.223
2633,7/17/2020 2:00,TBOC,South,0,21.246
2634,7/17/2020 3:00,TBOC,South,0,20.865
2635,7/17/2020 4:00,TBOC,South,0,20.174
2636,7/17/2020 5:00,TBOC,South,0,19.127
2637,7/17/2020 6:00,TBOC,South,0,14.314
2638,7/17/2020 7:00,TBOC,South,0,20.007
2639,7/17/2020 8:00,TBOC,South,0,20.46
2640,7/17/2020 9:00,TBOC,South,0,20.65
2641,7/17/2020 10:00,TBOC,South,0,20.746
2642,7/17/2020 11:00,TBOC,South,0,20.269
2643,7/17/2020 12:00,TBOC,South,0,20.579
2644,7/17/2020 13:00,TBOC,South,0,21.103
2645,7/17/2020 14:00,TBOC,South,0,21.581
2646,7/17/2020 15:00,TBOC,South,0,21.939
2647,7/17/2020 16:00,TBOC,South,0,22.154
2648,7/17/2020 17:00,TBOC,South,0,22.298
2649,7/17/2020 18:00,TBOC,South,0,21.987
2650,7/17/2020 19:00,TBOC,South,0,22.058
2651,7/17/2020 20:00,TBOC,South,0,21.652
2652,7/17/2020 21:00,TBOC,South,0,21.533
2653,7/17/2020 22:00,TBOC,South,0,21.485
2654,7/17/2020 23:00,TBOC,South,0,21.366
2655,7/18/2020 0:00,TBOC,South,0,21.342
2656,7/18/2020 1:00,TBOC,South,0,21.079
2657,7/18/2020 2:00,TBOC,South,0,20.984
2658,7/18/2020 3:00,TBOC,South,0,20.936
2659,7/18/2020 4:00,TBOC,South,0,20.46
2660,7/18/2020 5:00,TBOC,South,0,19.056
2661,7/18/2020 6:00,TBOC,South,0,15.151
2662,7/18/2020 7:00,TBOC,South,0,15.103
2663,7/18/2020 8:00,TBOC,South,0,19.841
2664,7/18/2020 9:00,TBOC,South,0,20.317
2665,7/18/2020 10:00,TBOC,South,0,20.865
2666,7/18/2020 11:00,TBOC,South,0,21.318
2667,7/18/2020 12:00,TBOC,South,0,21.7
2668,7/18/2020 13:00,TBOC,South,0,22.154
2669,7/18/2020 14:00,TBOC,South,0,22.585
2670,7/18/2020 15:00,TBOC,South,0,23.232
2671,7/18/2020 16:00,TBOC,South,0,24.798
2672,7/18/2020 17:00,TBOC,South,0,24.726
2673,7/18/2020 18:00,TBOC,South,0,23.569
2674,7/18/2020 19:00,TBOC,South,0,23.088
2675,7/18/2020 20:00,TBOC,South,0,22.824
2676,7/18/2020 21:00,TBOC,South,0,22.776
2677,7/18/2020 22:00,TBOC,South,0,22.393
2678,7/18/2020 23:00,TBOC,South,0,22.226
2679,7/19/2020 0:00,TBOC,South,0,22.417
2680,7/19/2020 1:00,TBOC,South,0,22.393
2681,7/19/2020 2:00,TBOC,South,0,22.345
2682,7/19/2020 3:00,TBOC,South,0,22.729
2683,7/19/2020 4:00,TBOC,South,0,22.657
2684,7/19/2020 5:00,TBOC,South,0,21.867
2685,7/19/2020 6:00,TBOC,South,0,18.699
2686,7/19/2020 7:00,TBOC,South,0,15.199
2687,7/19/2020 8:00,TBOC,South,0,15.247
2688,7/19/2020 9:00,TBOC,South,0,21.151
2689,7/19/2020 10:00,TBOC,South,0,21.772
2690,7/19/2020 11:00,TBOC,South,0,21.843
2691,7/19/2020 12:00,TBOC,South,0,22.154
2692,7/19/2020 13:00,TBOC,South,0,22.274
2693,7/19/2020 14:00,TBOC,South,0,22.609
2694,7/19/2020 15:00,TBOC,South,0,22.896
2695,7/19/2020 16:00,TBOC,South,0,23.472
2696,7/19/2020 17:00,TBOC,South,0,23.833
2697,7/19/2020 18:00,TBOC,South,0,23.761
2698,7/19/2020 19:00,TBOC,South,0,23.064
2699,7/19/2020 20:00,TBOC,South,0,22.561
2700,7/19/2020 21:00,TBOC,South,0,22.13
2701,7/19/2020 22:00,TBOC,South,0,21.891
2702,7/19/2020 23:00,TBOC,South,0,21.724
2703,7/20/2020 0:00,TBOC,South,0,21.628
2704,7/20/2020 1:00,TBOC,South,0,21.604
2705,7/20/2020 2:00,TBOC,South,0,21.891
2706,7/20/2020 3:00,TBOC,South,0,21.867
2707,7/20/2020 4:00,TBOC,South,0,21.676
2708,7/20/2020 5:00,TBOC,South,0,21.175
2709,7/20/2020 6:00,TBOC,South,0,20.198
2710,7/20/2020 7:00,TBOC,South,0,14.673
2711,7/20/2020 8:00,TBOC,South,0,14.721
2712,7/20/2020 9:00,TBOC,South,0,15.318
2713,7/20/2020 10:00,TBOC,South,0,20.793
2714,7/20/2020 11:00,TBOC,South,0,21.199
2715,7/20/2020 12:00,TBOC,South,0,21.175
2716,7/20/2020 13:00,TBOC,South,0,21.246
2717,7/20/2020 14:00,TBOC,South,0,21.342
2718,7/20/2020 15:00,TBOC,South,0,21.533
2719,7/20/2020 16:00,TBOC,South,0,21.604
2720,7/20/2020 17:00,TBOC,South,0,21.748
2721,7/20/2020 18:00,TBOC,South,0,21.676
2722,7/20/2020 19:00,TBOC,South,0,21.485
2723,7/20/2020 20:00,TBOC,South,0,21.39
2724,7/20/2020 21:00,TBOC,South,0,21.318
2725,7/20/2020 22:00,TBOC,South,0,21.27
2726,7/20/2020 23:00,TBOC,South,0,21.223
2727,7/21/2020 0:00,TBOC,South,0,21.103
2728,7/21/2020 1:00,TBOC,South,0,21.056
2729,7/21/2020 2:00,TBOC,South,0,20.936
2730,7/21/2020 3:00,TBOC,South,0,20.698
2731,7/21/2020 4:00,TBOC,South,0,20.436
2732,7/21/2020 5:00,TBOC,South,0,20.079
2733,7/21/2020 6:00,TBOC,South,0,19.555
2734,7/21/2020 7:00,TBOC,South,0,18.818
2735,7/21/2020 8:00,TBOC,South,0,15.055
2736,7/21/2020 9:00,TBOC,South,0,16.201
2737,7/21/2020 10:00,TBOC,South,0,20.889
2738,7/21/2020 11:00,TBOC,South,0,20.603
2739,7/21/2020 12:00,TBOC,South,0,20.793
2740,7/21/2020 13:00,TBOC,South,0,21.008
2741,7/21/2020 14:00,TBOC,South,0,21.39
2742,7/21/2020 15:00,TBOC,South,0,21.628
2743,7/21/2020 16:00,TBOC,South,0,21.581
2744,7/21/2020 17:00,TBOC,South,0,21.581
2745,7/21/2020 18:00,TBOC,South,0,21.39
2746,7/21/2020 19:00,TBOC,South,0,21.318
2747,7/21/2020 20:00,TBOC,South,0,21.294
2748,7/21/2020 21:00,TBOC,South,0,21.175
2749,7/21/2020 22:00,TBOC,South,0,21.079
2750,7/21/2020 23:00,TBOC,South,0,20.984
2751,7/22/2020 0:00,TBOC,South,0,20.936
2752,7/22/2020 1:00,TBOC,South,0,20.865
2753,7/22/2020 2:00,TBOC,South,0,20.817
2754,7/22/2020 3:00,TBOC,South,0,20.674
2755,7/22/2020 4:00,TBOC,South,0,20.579
2756,7/22/2020 5:00,TBOC,South,0,20.222
2757,7/22/2020 6:00,TBOC,South,0,19.746
2758,7/22/2020 7:00,TBOC,South,0,19.08
2759,7/22/2020 8:00,TBOC,South,0,17.938
2760,7/22/2020 9:00,TBOC,South,0,16.939
2761,7/22/2020 10:00,TBOC,South,0,18.01
2762,7/22/2020 11:00,TBOC,South,0,20.627
2763,7/22/2020 12:00,TBOC,South,0,20.627
2764,7/22/2020 13:00,TBOC,South,0,20.936
2765,7/22/2020 14:00,TBOC,South,0,21.413
2766,7/22/2020 15:00,TBOC,South,0,21.604
2767,7/22/2020 16:00,TBOC,South,0,22.058
2768,7/22/2020 17:00,TBOC,South,0,22.513
2769,7/22/2020 18:00,TBOC,South,0,22.537
2770,7/22/2020 19:00,TBOC,South,0,22.465
2771,7/22/2020 20:00,TBOC,South,0,21.843
2772,7/22/2020 21:00,TBOC,South,0,22.011
2773,7/22/2020 22:00,TBOC,South,0,21.843
2774,7/22/2020 23:00,TBOC,South,0,21.318
2775,7/23/2020 0:00,TBOC,South,0,21.318
2776,7/23/2020 1:00,TBOC,South,0,21.246
2777,7/23/2020 2:00,TBOC,South,0,21.151
2778,7/23/2020 3:00,TBOC,South,0,21.127
2779,7/23/2020 4:00,TBOC,South,0,21.246
2780,7/23/2020 5:00,TBOC,South,0,21.032
2781,7/23/2020 6:00,TBOC,South,0,20.817
2782,7/23/2020 7:00,TBOC,South,0,20.412
2783,7/23/2020 8:00,TBOC,South,0,19.77
2784,7/23/2020 9:00,TBOC,South,0,15.485
2785,7/23/2020 10:00,TBOC,South,0,19.627
2786,7/23/2020 11:00,TBOC,South,0,27.431
2787,7/23/2020 12:00,TBOC,South,0,23.545
2788,7/23/2020 13:00,TBOC,South,0,22.729
2789,7/23/2020 14:00,TBOC,South,0,22.896
2790,7/23/2020 15:00,TBOC,South,0,22.705
2791,7/23/2020 16:00,TBOC,South,0,22.729
2792,7/23/2020 17:00,TBOC,South,0,22.92
2793,7/23/2020 18:00,TBOC,South,0,23.064
2794,7/23/2020 19:00,TBOC,South,0,23.376
2795,7/23/2020 20:00,TBOC,South,0,23.136
2796,7/23/2020 21:00,TBOC,South,0,22.657
2797,7/23/2020 22:00,TBOC,South,0,22.274
2798,7/23/2020 23:00,TBOC,South,0,22.082
2799,7/24/2020 0:00,TBOC,South,0,21.867
2800,7/24/2020 1:00,TBOC,South,0,21.604
2801,7/24/2020 2:00,TBOC,South,0,21.366
2802,7/24/2020 3:00,TBOC,South,0,21.199
2803,7/24/2020 4:00,TBOC,South,0,21.079
2804,7/24/2020 5:00,TBOC,South,0,20.96
2805,7/24/2020 6:00,TBOC,South,0,20.484
2806,7/24/2020 7:00,TBOC,South,0,20.174
2807,7/24/2020 8:00,TBOC,South,0,19.651
2808,7/24/2020 9:00,TBOC,South,0,19.698
2809,7/24/2020 10:00,TBOC,South,0,19.817
2810,7/24/2020 11:00,TBOC,South,0,19.96
2811,7/24/2020 12:00,TBOC,South,0,21.246
2812,7/24/2020 13:00,TBOC,South,1,21.223
2813,7/24/2020 14:00,TBOC,South,1,21.223
2814,7/24/2020 15:00,TBOC,South,1,21.27
2815,7/24/2020 16:00,TBOC,South,1,21.246
2816,7/24/2020 17:00,TBOC,South,1,21.199
2817,7/24/2020 18:00,TBOC,South,1,21.127
2818,7/24/2020 19:00,TBOC,South,1,21.127
2819,7/24/2020 20:00,TBOC,South,1,21.056
2820,7/24/2020 21:00,TBOC,South,1,21.079
2821,7/24/2020 22:00,TBOC,South,1,20.722
2822,7/24/2020 23:00,TBOC,South,1,20.507
2823,7/25/2020 0:00,TBOC,South,1,20.412
2824,7/25/2020 1:00,TBOC,South,1,20.484
2825,7/25/2020 2:00,TBOC,South,1,20.46
2826,7/25/2020 3:00,TBOC,South,1,20.46
2827,7/25/2020 4:00,TBOC,South,1,20.365
2828,7/25/2020 5:00,TBOC,South,1,20.126
2829,7/25/2020 6:00,TBOC,South,1,19.865
2830,7/25/2020 7:00,TBOC,South,1,19.413
2831,7/25/2020 8:00,TBOC,South,1,19.032
2832,7/25/2020 9:00,TBOC,South,1,18.794
2833,7/25/2020 10:00,TBOC,South,1,20.436
2834,7/25/2020 11:00,TBOC,South,1,27.505
2835,7/25/2020 12:00,TBOC,South,1,25.744
2836,7/25/2020 13:00,TBOC,South,1,22.992
2837,7/25/2020 14:00,TBOC,South,1,22.274
2838,7/25/2020 15:00,TBOC,South,1,22.321
2839,7/25/2020 16:00,TBOC,South,1,22.106
2840,7/25/2020 17:00,TBOC,South,1,22.441
2841,7/25/2020 18:00,TBOC,South,1,22.609
2842,7/25/2020 19:00,TBOC,South,1,22.202
2843,7/25/2020 20:00,TBOC,South,1,23.521
2844,7/25/2020 21:00,TBOC,South,1,23.28
2845,7/25/2020 22:00,TBOC,South,1,23.737
2846,7/25/2020 23:00,TBOC,South,1,23.4
2847,7/26/2020 0:00,TBOC,South,1,22.705
2848,7/26/2020 1:00,TBOC,South,1,21.987
2849,7/26/2020 2:00,TBOC,South,1,21.772
2850,7/26/2020 3:00,TBOC,South,1,21.533
2851,7/26/2020 4:00,TBOC,South,1,21.318
2852,7/26/2020 5:00,TBOC,South,1,21.199
2853,7/26/2020 6:00,TBOC,South,1,21.223
2854,7/26/2020 7:00,TBOC,South,1,21.103
2855,7/26/2020 8:00,TBOC,South,1,20.65
2856,7/26/2020 9:00,TBOC,South,1,20.46
2857,7/26/2020 10:00,TBOC,South,1,20.531
2858,7/26/2020 11:00,TBOC,South,1,22.609
2859,7/26/2020 12:00,TBOC,South,1,25.38
2860,7/26/2020 13:00,TBOC,South,1,23.497
2861,7/26/2020 14:00,TBOC,South,1,23.016
2862,7/26/2020 15:00,TBOC,South,1,23.376
2863,7/26/2020 16:00,TBOC,South,1,22.776
2864,7/26/2020 17:00,TBOC,South,1,22.465
2865,7/26/2020 18:00,TBOC,South,1,22.321
2866,7/26/2020 19:00,TBOC,South,1,22.417
2867,7/26/2020 20:00,TBOC,South,1,22.561
2868,7/26/2020 21:00,TBOC,South,1,23.617
2869,7/26/2020 22:00,TBOC,South,1,24.098
2870,7/26/2020 23:00,TBOC,South,1,23.833
2871,7/27/2020 0:00,TBOC,South,1,23.352
2872,7/27/2020 1:00,TBOC,South,1,22.465
2873,7/27/2020 2:00,TBOC,South,1,22.298
2874,7/27/2020 3:00,TBOC,South,1,22.058
2875,7/27/2020 4:00,TBOC,South,1,21.939
2876,7/27/2020 5:00,TBOC,South,1,21.509
2877,7/27/2020 6:00,TBOC,South,1,21.366
2878,7/27/2020 7:00,TBOC,South,1,21.318
2879,7/27/2020 8:00,TBOC,South,1,21.008
2880,7/27/2020 9:00,TBOC,South,1,21.127
2881,7/27/2020 10:00,TBOC,South,1,21.533
2882,7/27/2020 11:00,TBOC,South,1,22.657
2883,7/27/2020 12:00,TBOC,South,1,23.376
2884,7/27/2020 13:00,TBOC,South,1,23.376
2885,7/27/2020 14:00,TBOC,South,1,23.088
2886,7/27/2020 15:00,TBOC,South,1,22.992
2887,7/27/2020 16:00,TBOC,South,1,22.992
2888,7/27/2020 17:00,TBOC,South,1,22.776
2889,7/27/2020 18:00,TBOC,South,1,22.321
2890,7/27/2020 19:00,TBOC,South,1,22.106
2891,7/27/2020 20:00,TBOC,South,1,22.274
2892,7/27/2020 21:00,TBOC,South,1,22.465
2893,7/27/2020 22:00,TBOC,South,1,22.824
2894,7/27/2020 23:00,TBOC,South,1,22.944
2895,7/28/2020 0:00,TBOC,South,1,22.872
2896,7/28/2020 1:00,TBOC,South,1,22.417
2897,7/28/2020 2:00,TBOC,South,1,21.366
2898,7/28/2020 3:00,TBOC,South,1,21.342
2899,7/28/2020 4:00,TBOC,South,1,21.891
2900,7/28/2020 5:00,TBOC,South,1,21.676
2901,7/28/2020 6:00,TBOC,South,1,21.533
2902,7/28/2020 7:00,TBOC,South,1,21.032
2903,7/28/2020 8:00,TBOC,South,1,21.127
2904,7/28/2020 9:00,TBOC,South,1,21.199
2905,7/28/2020 10:00,TBOC,South,1,21.008
2906,7/28/2020 11:00,TBOC,South,1,21.39
2907,7/28/2020 12:00,TBOC,South,1,22.321
2908,7/28/2020 13:00,TBOC,South,1,22.992
2909,7/28/2020 14:00,TBOC,South,1,22.92
2910,7/28/2020 15:00,TBOC,South,1,22.944
2911,7/28/2020 16:00,TBOC,South,1,22.753
2912,7/28/2020 17:00,TBOC,South,1,22.489
2913,7/28/2020 18:00,TBOC,South,1,22.154
2914,7/28/2020 19:00,TBOC,South,1,21.939
2915,7/28/2020 20:00,TBOC,South,1,21.843
2916,7/28/2020 21:00,TBOC,South,1,21.867
2917,7/28/2020 22:00,TBOC,South,1,22.011
2918,7/28/2020 23:00,TBOC,South,1,22.178
2919,7/29/2020 0:00,TBOC,South,1,22.226
2920,7/29/2020 1:00,TBOC,South,1,22.011
2921,7/29/2020 2:00,TBOC,South,1,21.199
2922,7/29/2020 3:00,TBOC,South,1,20.055
2923,7/29/2020 4:00,TBOC,South,1,19.817
2924,7/29/2020 5:00,TBOC,South,1,20.793
2925,7/29/2020 6:00,TBOC,South,1,21.032
2926,7/29/2020 7:00,TBOC,South,1,21.056
2927,7/29/2020 8:00,TBOC,South,1,20.865
2928,7/29/2020 9:00,TBOC,South,1,20.579
2929,7/29/2020 10:00,TBOC,South,1,20.793
2930,7/29/2020 11:00,TBOC,South,1,21.199
2931,7/29/2020 12:00,TBOC,South,1,21.891
2932,7/29/2020 13:00,TBOC,South,1,22.561
2933,7/29/2020 14:00,TBOC,South,1,23.04
2934,7/29/2020 15:00,TBOC,South,1,22.681
2935,7/29/2020 16:00,TBOC,South,1,22.513
2936,7/29/2020 17:00,TBOC,South,1,22.202
2937,7/29/2020 18:00,TBOC,South,1,21.963
2938,7/29/2020 19:00,TBOC,South,1,21.915
2939,7/29/2020 20:00,TBOC,South,1,21.819
2940,7/29/2020 21:00,TBOC,South,1,21.724
2941,7/29/2020 22:00,TBOC,South,1,21.581
2942,7/29/2020 23:00,TBOC,South,1,21.581
2943,7/30/2020 0:00,TBOC,South,1,21.676
2944,7/30/2020 1:00,TBOC,South,1,21.533
2945,7/30/2020 2:00,TBOC,South,1,21.079
2946,7/30/2020 3:00,TBOC,South,1,20.055
2947,7/30/2020 4:00,TBOC,South,1,18.747
2948,7/30/2020 5:00,TBOC,South,1,15.963
2949,7/30/2020 6:00,TBOC,South,1,19.651
2950,7/30/2020 7:00,TBOC,South,1,20.507
2951,7/30/2020 8:00,TBOC,South,1,20.627
2952,7/30/2020 9:00,TBOC,South,1,20.507
2953,7/30/2020 10:00,TBOC,South,1,20.222
2954,7/30/2020 11:00,TBOC,South,1,20.555
2955,7/30/2020 12:00,TBOC,South,1,21.127
2956,7/30/2020 13:00,TBOC,South,1,21.772
2957,7/30/2020 14:00,TBOC,South,1,22.226
2958,7/30/2020 15:00,TBOC,South,1,22.657
2959,7/30/2020 16:00,TBOC,South,1,22.25
2960,7/30/2020 17:00,TBOC,South,1,21.819
2961,7/30/2020 18:00,TBOC,South,1,21.676
2962,7/30/2020 19:00,TBOC,South,1,21.557
2963,7/30/2020 20:00,TBOC,South,1,21.509
2964,7/30/2020 21:00,TBOC,South,1,21.437
2965,7/30/2020 22:00,TBOC,South,1,21.342
2966,7/30/2020 23:00,TBOC,South,1,21.151
2967,7/31/2020 0:00,TBOC,South,1,20.96
2968,7/31/2020 1:00,TBOC,South,1,21.008
2969,7/31/2020 2:00,TBOC,South,1,20.817
2970,7/31/2020 3:00,TBOC,South,1,20.412
2971,7/31/2020 4:00,TBOC,South,1,19.318
2972,7/31/2020 5:00,TBOC,South,1,15.986
2973,7/31/2020 6:00,TBOC,South,1,15.008
2974,7/31/2020 7:00,TBOC,South,1,17.796
2975,7/31/2020 8:00,TBOC,South,1,19.888
2976,7/31/2020 9:00,TBOC,South,1,20.15
2977,7/31/2020 10:00,TBOC,South,1,20.198
2978,7/31/2020 11:00,TBOC,South,1,20.198
2979,7/31/2020 12:00,TBOC,South,1,20.365
2980,7/31/2020 13:00,TBOC,South,1,20.531
2981,7/31/2020 14:00,TBOC,South,1,20.96
2982,7/31/2020 15:00,TBOC,South,1,21.318
2983,7/31/2020 16:00,TBOC,South,1,21.485
2984,7/31/2020 17:00,TBOC,South,1,21.294
2985,7/31/2020 18:00,TBOC,South,1,21.056
2986,7/31/2020 19:00,TBOC,South,1,20.96
2987,7/31/2020 20:00,TBOC,South,1,20.698
2988,7/31/2020 21:00,TBOC,South,1,20.77
2989,7/31/2020 22:00,TBOC,South,1,20.746
2990,7/31/2020 23:00,TBOC,South,1,20.65
2991,8/1/2020 0:00,TBOC,South,1,20.341
2992,8/1/2020 1:00,TBOC,South,1,19.984
2993,8/1/2020 2:00,TBOC,South,1,19.817
2994,8/1/2020 3:00,TBOC,South,1,19.532
2995,8/1/2020 4:00,TBOC,South,1,18.818
2996,8/1/2020 5:00,TBOC,South,1,18.295
2997,8/1/2020 6:00,TBOC,South,1,14.84
2998,8/1/2020 7:00,TBOC,South,1,14.026
2999,8/1/2020 8:00,TBOC,South,1,16.987
3000,8/1/2020 9:00,TBOC,South,1,19.008
3001,8/1/2020 10:00,TBOC,South,1,19.27
3002,8/1/2020 11:00,TBOC,South,1,19.532
3003,8/1/2020 12:00,TBOC,South,1,19.793
3004,8/1/2020 13:00,TBOC,South,1,20.174
3005,8/1/2020 14:00,TBOC,South,1,20.46
3006,8/1/2020 15:00,TBOC,South,1,20.936
3007,8/1/2020 16:00,TBOC,South,1,21.27
3008,8/1/2020 17:00,TBOC,South,1,21.151
3009,8/1/2020 18:00,TBOC,South,1,20.984
3010,8/1/2020 19:00,TBOC,South,1,20.793
3011,8/1/2020 20:00,TBOC,South,1,20.555
3012,8/1/2020 21:00,TBOC,South,1,20.46
3013,8/1/2020 22:00,TBOC,South,1,20.507
3014,8/1/2020 23:00,TBOC,South,1,20.436
3015,8/2/2020 0:00,TBOC,South,1,20.365
3016,8/2/2020 1:00,TBOC,South,1,20.007
3017,8/2/2020 2:00,TBOC,South,1,19.793
3018,8/2/2020 3:00,TBOC,South,1,19.46
3019,8/2/2020 4:00,TBOC,South,1,19.032
3020,8/2/2020 5:00,TBOC,South,1,18.39
3021,8/2/2020 6:00,TBOC,South,1,17.249
3022,8/2/2020 7:00,TBOC,South,1,15.151
3023,8/2/2020 8:00,TBOC,South,1,15.485
3024,8/2/2020 9:00,TBOC,South,1,18.604
3025,8/2/2020 10:00,TBOC,South,1,19.555
3026,8/2/2020 11:00,TBOC,South,1,19.96
3027,8/2/2020 12:00,TBOC,South,1,20.317
3028,8/2/2020 13:00,TBOC,South,1,20.555
3029,8/2/2020 14:00,TBOC,South,1,20.841
3030,8/2/2020 15:00,TBOC,South,1,21.032
3031,8/2/2020 16:00,TBOC,South,1,21.461
3032,8/2/2020 17:00,TBOC,South,1,21.246
3033,8/2/2020 18:00,TBOC,South,1,21.127
3034,8/2/2020 19:00,TBOC,South,1,21.246
3035,8/2/2020 20:00,TBOC,South,1,21.27
3036,8/2/2020 21:00,TBOC,South,1,20.698
3037,8/2/2020 22:00,TBOC,South,1,20.531
3038,8/2/2020 23:00,TBOC,South,1,20.484
3039,8/3/2020 0:00,TBOC,South,1,20.436
3040,8/3/2020 1:00,TBOC,South,1,20.293
3041,8/3/2020 2:00,TBOC,South,1,19.96
3042,8/3/2020 3:00,TBOC,South,1,19.698
3043,8/3/2020 4:00,TBOC,South,1,19.341
3044,8/3/2020 5:00,TBOC,South,1,18.747
3045,8/3/2020 6:00,TBOC,South,1,17.891
3046,8/3/2020 7:00,TBOC,South,1,15.629
3047,8/3/2020 8:00,TBOC,South,1,17.296
3048,8/3/2020 9:00,TBOC,South,1,19.817
3049,8/3/2020 10:00,TBOC,South,1,20.627
3050,8/3/2020 11:00,TBOC,South,1,20.15
3051,8/3/2020 12:00,TBOC,South,1,20.388
3052,8/3/2020 13:00,TBOC,South,1,20.698
3053,8/3/2020 14:00,TBOC,South,1,20.865
3054,8/3/2020 15:00,TBOC,South,1,20.841
3055,8/3/2020 16:00,TBOC,South,1,20.77
3056,8/3/2020 17:00,TBOC,South,1,20.722
3057,8/3/2020 18:00,TBOC,South,1,20.627
3058,8/3/2020 19:00,TBOC,South,1,20.555
3059,8/3/2020 20:00,TBOC,South,1,20.984
3060,8/3/2020 21:00,TBOC,South,1,20.841
3061,8/3/2020 22:00,TBOC,South,1,20.365
3062,8/3/2020 23:00,TBOC,South,1,20.341
3063,8/4/2020 0:00,TBOC,South,1,20.246
3064,8/4/2020 1:00,TBOC,South,1,20.15
3065,8/4/2020 2:00,TBOC,South,1,20.031
3066,8/4/2020 3:00,TBOC,South,1,19.651
3067,8/4/2020 4:00,TBOC,South,1,19.294
3068,8/4/2020 5:00,TBOC,South,1,18.723
3069,8/4/2020 6:00,TBOC,South,1,18.247
3070,8/4/2020 7:00,TBOC,South,1,17.701
3071,8/4/2020 8:00,TBOC,South,1,16.487
3072,8/4/2020 9:00,TBOC,South,1,18.509
3073,8/4/2020 10:00,TBOC,South,1,16.296
3074,8/4/2020 11:00,TBOC,South,1,20.436
3075,8/4/2020 12:00,TBOC,South,1,20.436
3076,8/4/2020 13:00,TBOC,South,2,20.555
3077,8/4/2020 14:00,TBOC,South,2,20.722
3078,8/4/2020 15:00,TBOC,South,2,21.032
3079,8/4/2020 16:00,TBOC,South,2,20.913
3080,8/4/2020 17:00,TBOC,South,2,20.817
3081,8/4/2020 18:00,TBOC,South,2,20.627
3082,8/4/2020 19:00,TBOC,South,2,20.531
3083,8/4/2020 20:00,TBOC,South,2,20.841
3084,8/4/2020 21:00,TBOC,South,2,20.77
3085,8/4/2020 22:00,TBOC,South,2,20.365
3086,8/4/2020 23:00,TBOC,South,2,20.293
3087,8/5/2020 0:00,TBOC,South,2,20.222
3088,8/5/2020 1:00,TBOC,South,2,20.079
3089,8/5/2020 2:00,TBOC,South,2,19.96
3090,8/5/2020 3:00,TBOC,South,2,19.793
3091,8/5/2020 4:00,TBOC,South,2,19.508
3092,8/5/2020 5:00,TBOC,South,2,19.127
3093,8/5/2020 6:00,TBOC,South,2,18.961
3094,8/5/2020 7:00,TBOC,South,2,18.628
3095,8/5/2020 8:00,TBOC,South,2,18.129
3096,8/5/2020 9:00,TBOC,South,2,14.912
3097,8/5/2020 10:00,TBOC,South,2,15.819
3098,8/5/2020 11:00,TBOC,South,2,19.222
3099,8/5/2020 12:00,TBOC,South,2,19.579
3100,8/5/2020 13:00,TBOC,South,2,19.555
3101,8/5/2020 14:00,TBOC,South,2,19.627
3102,8/5/2020 15:00,TBOC,South,2,19.888
3103,8/5/2020 16:00,TBOC,South,2,20.174
3104,8/5/2020 17:00,TBOC,South,2,20.269
3105,8/5/2020 18:00,TBOC,South,2,20.198
3106,8/5/2020 19:00,TBOC,South,2,20.055
3107,8/5/2020 20:00,TBOC,South,2,19.841
3108,8/5/2020 21:00,TBOC,South,2,19.77
3109,8/5/2020 22:00,TBOC,South,2,19.817
3110,8/5/2020 23:00,TBOC,South,2,19.817
3111,8/6/2020 0:00,TBOC,South,2,19.579
3112,8/6/2020 1:00,TBOC,South,2,19.555
3113,8/6/2020 2:00,TBOC,South,2,19.484
3114,8/6/2020 3:00,TBOC,South,2,19.365
3115,8/6/2020 4:00,TBOC,South,2,19.08
3116,8/6/2020 5:00,TBOC,South,2,18.39
3117,8/6/2020 6:00,TBOC,South,2,17.915
3118,8/6/2020 7:00,TBOC,South,2,17.439
3119,8/6/2020 8:00,TBOC,South,2,17.177
3120,8/6/2020 9:00,TBOC,South,2,17.225
3121,8/6/2020 10:00,TBOC,South,2,22.92
3122,8/6/2020 11:00,TBOC,South,2,20.674
3123,8/6/2020 12:00,TBOC,South,2,20.365
3124,8/6/2020 13:00,TBOC,South,2,20.484
3125,8/6/2020 14:00,TBOC,South,2,20.507
3126,8/6/2020 15:00,TBOC,South,2,20.722
3127,8/6/2020 16:00,TBOC,South,2,20.698
3128,8/6/2020 17:00,TBOC,South,2,20.674
3129,8/6/2020 18:00,TBOC,South,2,20.579
3130,8/6/2020 19:00,TBOC,South,2,20.555
3131,8/6/2020 20:00,TBOC,South,2,20.269
3132,8/6/2020 21:00,TBOC,South,2,20.126
3133,8/6/2020 22:00,TBOC,South,2,20.841
3134,8/6/2020 23:00,TBOC,South,2,20.674
3135,8/7/2020 0:00,TBOC,South,2,20.555
3136,8/7/2020 1:00,TBOC,South,2,19.984
3137,8/7/2020 2:00,TBOC,South,2,19.984
3138,8/7/2020 3:00,TBOC,South,2,19.841
3139,8/7/2020 4:00,TBOC,South,2,19.698
3140,8/7/2020 5:00,TBOC,South,2,19.08
3141,8/7/2020 6:00,TBOC,South,2,18.438
3142,8/7/2020 7:00,TBOC,South,2,17.891
3143,8/7/2020 8:00,TBOC,South,2,17.344
3144,8/7/2020 9:00,TBOC,South,2,18.033
3145,8/7/2020 10:00,TBOC,South,2,19.674
3146,8/7/2020 11:00,TBOC,South,2,21.199
3147,8/7/2020 12:00,TBOC,South,2,20.865
3148,8/7/2020 13:00,TBOC,South,2,21.079
3149,8/7/2020 14:00,TBOC,South,2,21.318
3150,8/7/2020 15:00,TBOC,South,2,21.366
3151,8/7/2020 16:00,TBOC,South,2,21.581
3152,8/7/2020 17:00,TBOC,South,2,22.369
3153,8/7/2020 18:00,TBOC,South,2,23.136
3154,8/7/2020 19:00,TBOC,South,2,22.274
3155,8/7/2020 20:00,TBOC,South,2,21.987
3156,8/7/2020 21:00,TBOC,South,2,21.39
3157,8/7/2020 22:00,TBOC,South,2,20.96
3158,8/7/2020 23:00,TBOC,South,2,20.793
3159,8/8/2020 0:00,TBOC,South,2,20.746
3160,8/8/2020 1:00,TBOC,South,2,20.65
3161,8/8/2020 2:00,TBOC,South,2,20.674
3162,8/8/2020 3:00,TBOC,South,2,20.579
3163,8/8/2020 4:00,TBOC,South,2,20.412
3164,8/8/2020 5:00,TBOC,South,2,19.865
3165,8/8/2020 6:00,TBOC,South,2,19.722
3166,8/8/2020 7:00,TBOC,South,2,19.056
3167,8/8/2020 8:00,TBOC,South,2,18.604
3168,8/8/2020 9:00,TBOC,South,2,18.961
3169,8/8/2020 10:00,TBOC,South,2,20.579
3170,8/8/2020 11:00,TBOC,South,2,21.557
3171,8/8/2020 12:00,TBOC,South,2,21.604
3172,8/8/2020 13:00,TBOC,South,2,21.819
3173,8/8/2020 14:00,TBOC,South,2,21.748
3174,8/8/2020 15:00,TBOC,South,2,21.843
3175,8/8/2020 16:00,TBOC,South,2,22.011
3176,8/8/2020 17:00,TBOC,South,2,22.082
3177,8/8/2020 18:00,TBOC,South,2,23.569
3178,8/8/2020 19:00,TBOC,South,2,23.497
3179,8/8/2020 20:00,TBOC,South,2,22.345
3180,8/8/2020 21:00,TBOC,South,2,22.824
3181,8/8/2020 22:00,TBOC,South,2,21.915
3182,8/8/2020 23:00,TBOC,South,2,21.819
3183,8/9/2020 0:00,TBOC,South,2,21.461
3184,8/9/2020 1:00,TBOC,South,2,21.413
3185,8/9/2020 2:00,TBOC,South,2,21.509
3186,8/9/2020 3:00,TBOC,South,2,21.485
3187,8/9/2020 4:00,TBOC,South,2,21.366
3188,8/9/2020 5:00,TBOC,South,2,21.223
3189,8/9/2020 6:00,TBOC,South,2,20.746
3190,8/9/2020 7:00,TBOC,South,2,20.627
3191,8/9/2020 8:00,TBOC,South,2,20.126
3192,8/9/2020 9:00,TBOC,South,2,20.007
3193,8/9/2020 10:00,TBOC,South,2,21.366
3194,8/9/2020 11:00,TBOC,South,2,22.776
3195,8/9/2020 12:00,TBOC,South,2,22.657
3196,8/9/2020 13:00,TBOC,South,2,22.824
3197,8/9/2020 14:00,TBOC,South,2,22.992
3198,8/9/2020 15:00,TBOC,South,2,22.681
3199,8/9/2020 16:00,TBOC,South,2,22.585
3200,8/9/2020 17:00,TBOC,South,2,22.657
3201,8/9/2020 18:00,TBOC,South,2,23.16
3202,8/9/2020 19:00,TBOC,South,2,23.665
3203,8/9/2020 20:00,TBOC,South,2,23.28
3204,8/9/2020 21:00,TBOC,South,2,23.641
3205,8/9/2020 22:00,TBOC,South,2,23.256
3206,8/9/2020 23:00,TBOC,South,2,22.92
3207,8/10/2020 0:00,TBOC,South,2,22.369
3208,8/10/2020 1:00,TBOC,South,2,21.867
3209,8/10/2020 2:00,TBOC,South,2,21.939
3210,8/10/2020 3:00,TBOC,South,2,21.843
3211,8/10/2020 4:00,TBOC,South,2,21.557
3212,8/10/2020 5:00,TBOC,South,2,21.366
3213,8/10/2020 6:00,TBOC,South,2,21.366
3214,8/10/2020 7:00,TBOC,South,2,20.746
3215,8/10/2020 8:00,TBOC,South,2,21.103
3216,8/10/2020 9:00,TBOC,South,2,21.318
3217,8/10/2020 10:00,TBOC,South,2,21.915
3218,8/10/2020 11:00,TBOC,South,2,23.208
3219,8/10/2020 12:00,TBOC,South,2,24.122
3220,8/10/2020 13:00,TBOC,South,2,23.617
3221,8/10/2020 14:00,TBOC,South,2,23.593
3222,8/10/2020 15:00,TBOC,South,2,23.376
3223,8/10/2020 16:00,TBOC,South,2,23.328
3224,8/10/2020 17:00,TBOC,South,2,23.208
3225,8/10/2020 18:00,TBOC,South,2,23.521
3226,8/10/2020 19:00,TBOC,South,2,24.315
3227,8/10/2020 20:00,TBOC,South,2,24.774
3228,8/10/2020 21:00,TBOC,South,2,24.653
3229,8/10/2020 22:00,TBOC,South,2,24.653
3230,8/10/2020 23:00,TBOC,South,2,25.113
3231,8/11/2020 0:00,TBOC,South,2,24.726
3232,8/11/2020 1:00,TBOC,South,2,24.098
3233,8/11/2020 2:00,TBOC,South,2,23.304
3234,8/11/2020 3:00,TBOC,South,2,23.448
3235,8/11/2020 4:00,TBOC,South,2,23.28
3236,8/11/2020 5:00,TBOC,South,2,22.8
3237,8/11/2020 6:00,TBOC,South,2,22.441
3238,8/11/2020 7:00,TBOC,South,2,22.465
3239,8/11/2020 8:00,TBOC,South,2,22.513
3240,8/11/2020 9:00,TBOC,South,2,22.393
3241,8/11/2020 10:00,TBOC,South,2,22.465
3242,8/11/2020 11:00,TBOC,South,2,22.393
3243,8/11/2020 12:00,TBOC,South,2,22.8
3244,8/11/2020 13:00,TBOC,South,2,22.729
3245,8/11/2020 14:00,TBOC,South,2,22.8
3246,8/11/2020 15:00,TBOC,South,2,22.705
3247,8/11/2020 16:00,TBOC,South,2,22.609
3248,8/11/2020 17:00,TBOC,South,2,22.489
3249,8/11/2020 18:00,TBOC,South,2,22.274
3250,8/11/2020 19:00,TBOC,South,2,22.178
3251,8/11/2020 20:00,TBOC,South,2,22.25
3252,8/11/2020 21:00,TBOC,South,2,22.633
3253,8/11/2020 22:00,TBOC,South,2,22.705
3254,8/11/2020 23:00,TBOC,South,2,22.513
3255,8/12/2020 0:00,TBOC,South,2,22.226
3256,8/12/2020 1:00,TBOC,South,2,21.867
3257,8/12/2020 2:00,TBOC,South,2,21.604
3258,8/12/2020 3:00,TBOC,South,2,21.27
3259,8/12/2020 4:00,TBOC,South,2,21.366
3260,8/12/2020 5:00,TBOC,South,2,21.366
3261,8/12/2020 6:00,TBOC,South,2,20.984
3262,8/12/2020 7:00,TBOC,South,2,20.77
3263,8/12/2020 8:00,TBOC,South,2,20.627
3264,8/12/2020 9:00,TBOC,South,2,20.889
3265,8/12/2020 10:00,TBOC,South,2,20.984
3266,8/12/2020 11:00,TBOC,South,2,21.223
3267,8/12/2020 12:00,TBOC,South,2,21.772
3268,8/12/2020 13:00,TBOC,South,2,22.345
3269,8/12/2020 14:00,TBOC,South,2,22.417
3270,8/12/2020 15:00,TBOC,South,2,22.441
3271,8/12/2020 16:00,TBOC,South,2,22.465
3272,8/12/2020 17:00,TBOC,South,2,22.417
3273,8/12/2020 18:00,TBOC,South,2,22.321
3274,8/12/2020 19:00,TBOC,South,2,22.154
3275,8/12/2020 20:00,TBOC,South,2,21.963
3276,8/12/2020 21:00,TBOC,South,2,22.011
3277,8/12/2020 22:00,TBOC,South,2,21.987
3278,8/12/2020 23:00,TBOC,South,2,22.226
3279,8/13/2020 0:00,TBOC,South,2,22.178
3280,8/13/2020 1:00,TBOC,South,2,21.724
3281,8/13/2020 2:00,TBOC,South,2,20.889
3282,8/13/2020 3:00,TBOC,South,2,19.77
3283,8/13/2020 4:00,TBOC,South,2,19.341
3284,8/13/2020 5:00,TBOC,South,2,20.269
3285,8/13/2020 6:00,TBOC,South,2,20.531
3286,8/13/2020 7:00,TBOC,South,2,20.293
3287,8/13/2020 8:00,TBOC,South,2,19.722
3288,8/13/2020 9:00,TBOC,South,2,20.222
3289,8/13/2020 10:00,TBOC,South,2,20.603
3290,8/13/2020 11:00,TBOC,South,2,21.27
3291,8/13/2020 12:00,TBOC,South,2,21.891
3292,8/13/2020 13:00,TBOC,South,2,22.298
3293,8/13/2020 14:00,TBOC,South,2,22.465
3294,8/13/2020 15:00,TBOC,South,2,22.633
3295,8/13/2020 16:00,TBOC,South,2,22.609
3296,8/13/2020 17:00,TBOC,South,2,22.441
3297,8/13/2020 18:00,TBOC,South,2,22.274
3298,8/13/2020 19:00,TBOC,South,2,22.154
3299,8/13/2020 20:00,TBOC,South,2,22.034
3300,8/13/2020 21:00,TBOC,South,2,22.011
3301,8/13/2020 22:00,TBOC,South,2,21.987
3302,8/13/2020 23:00,TBOC,South,2,22.274
3303,8/14/2020 0:00,TBOC,South,2,22.489
3304,8/14/2020 1:00,TBOC,South,2,22.513
3305,8/14/2020 2:00,TBOC,South,2,22.25
3306,8/14/2020 3:00,TBOC,South,2,21.175
3307,8/14/2020 4:00,TBOC,South,2,19.77
3308,8/14/2020 5:00,TBOC,South,2,19.746
3309,8/14/2020 6:00,TBOC,South,2,21.032
3310,8/14/2020 7:00,TBOC,South,2,20.865
3311,8/14/2020 8:00,TBOC,South,2,20.77
3312,8/14/2020 9:00,TBOC,South,2,21.461
3313,8/14/2020 10:00,TBOC,South,2,21.581
3314,8/14/2020 11:00,TBOC,South,2,21.533
3315,8/14/2020 12:00,TBOC,South,2,21.867
3316,8/14/2020 13:00,TBOC,South,2,22.465
3317,8/14/2020 14:00,TBOC,South,2,22.944
3318,8/14/2020 15:00,TBOC,South,2,23.184
3319,8/14/2020 16:00,TBOC,South,2,23.208
3320,8/14/2020 17:00,TBOC,South,2,22.968
3321,8/14/2020 18:00,TBOC,South,2,22.872
3322,8/14/2020 19:00,TBOC,South,2,22.753
3323,8/14/2020 20:00,TBOC,South,2,22.633
3324,8/14/2020 21:00,TBOC,South,2,22.537
3325,8/14/2020 22:00,TBOC,South,2,22.657
3326,8/14/2020 23:00,TBOC,South,2,22.824
3327,8/15/2020 0:00,TBOC,South,2,22.872
3328,8/15/2020 1:00,TBOC,South,2,22.968
3329,8/15/2020 2:00,TBOC,South,2,23.112
3330,8/15/2020 3:00,TBOC,South,2,22.729
3331,8/15/2020 4:00,TBOC,South,2,21.461
3332,8/15/2020 5:00,TBOC,South,2,16.272
3333,8/15/2020 6:00,TBOC,South,2,15.963
3334,8/15/2020 7:00,TBOC,South,2,21.413
3335,8/15/2020 8:00,TBOC,South,2,22.274
3336,8/15/2020 9:00,TBOC,South,2,22.585
3337,8/15/2020 10:00,TBOC,South,2,22.729
3338,8/15/2020 11:00,TBOC,South,2,22.848
3339,8/15/2020 12:00,TBOC,South,2,23.136
3340,8/15/2020 13:00,TBOC,South,2,23.689
3341,8/15/2020 14:00,TBOC,South,2,24.146
3342,8/15/2020 15:00,TBOC,South,2,24.436
3343,8/15/2020 16:00,TBOC,South,2,24.532
3344,8/15/2020 17:00,TBOC,South,2,24.291
3345,8/15/2020 18:00,TBOC,South,2,24.002
3346,8/15/2020 19:00,TBOC,South,2,23.713
3347,8/15/2020 20:00,TBOC,South,2,23.521
3348,8/15/2020 21:00,TBOC,South,2,23.328
3349,8/15/2020 22:00,TBOC,South,2,23.232
3350,8/15/2020 23:00,TBOC,South,2,23.28
3351,8/16/2020 0:00,TBOC,South,2,23.4
3352,8/16/2020 1:00,TBOC,South,2,23.4
3353,8/16/2020 2:00,TBOC,South,2,23.521
3354,8/16/2020 3:00,TBOC,South,2,23.497
3355,8/16/2020 4:00,TBOC,South,2,22.441
3356,8/16/2020 5:00,TBOC,South,2,20.627
3357,8/16/2020 6:00,TBOC,South,2,18.438
3358,8/16/2020 7:00,TBOC,South,2,18.224
3359,8/16/2020 8:00,TBOC,South,2,21.987
3360,8/16/2020 9:00,TBOC,South,2,22.681
3361,8/16/2020 10:00,TBOC,South,2,22.776
3362,8/16/2020 11:00,TBOC,South,2,22.8
3363,8/16/2020 12:00,TBOC,South,2,22.705
3364,8/16/2020 13:00,TBOC,South,2,22.848
3365,8/16/2020 14:00,TBOC,South,2,23.184
3366,8/16/2020 15:00,TBOC,South,2,22.968
3367,8/16/2020 16:00,TBOC,South,2,23.328
3368,8/16/2020 17:00,TBOC,South,2,23.448
3369,8/16/2020 18:00,TBOC,South,2,23.232
3370,8/16/2020 19:00,TBOC,South,2,23.04
3371,8/16/2020 20:00,TBOC,South,2,22.872
3372,8/16/2020 21:00,TBOC,South,2,22.776
3373,8/16/2020 22:00,TBOC,South,2,22.729
3374,8/16/2020 23:00,TBOC,South,2,22.633
3375,8/17/2020 0:00,TBOC,South,2,22.441
3376,8/17/2020 1:00,TBOC,South,2,22.106
3377,8/17/2020 2:00,TBOC,South,2,22.058
3378,8/17/2020 3:00,TBOC,South,2,21.724
3379,8/17/2020 4:00,TBOC,South,2,21.294
3380,8/17/2020 5:00,TBOC,South,2,20.436
3381,8/17/2020 6:00,TBOC,South,2,16.463
3382,8/17/2020 7:00,TBOC,South,2,16.82
3383,8/17/2020 8:00,TBOC,South,2,17.082
3384,8/17/2020 9:00,TBOC,South,2,21.318
3385,8/17/2020 10:00,TBOC,South,2,21.461
3386,8/17/2020 11:00,TBOC,South,2,21.509
3387,8/17/2020 12:00,TBOC,South,2,21.461
3388,8/17/2020 13:00,TBOC,South,2,21.748
3389,8/17/2020 14:00,TBOC,South,2,22.058
3390,8/17/2020 15:00,TBOC,South,2,22.417
3391,8/17/2020 16:00,TBOC,South,2,22.776
3392,8/17/2020 17:00,TBOC,South,2,22.8
3393,8/17/2020 18:00,TBOC,South,2,22.537
3394,8/17/2020 19:00,TBOC,South,2,22.321
3395,8/17/2020 20:00,TBOC,South,2,22.274
3396,8/17/2020 21:00,TBOC,South,2,22.274
3397,8/17/2020 22:00,TBOC,South,2,22.321
3398,8/17/2020 23:00,TBOC,South,2,22.274
3399,8/18/2020 0:00,TBOC,South,2,22.178
3400,8/18/2020 1:00,TBOC,South,2,21.867
3401,8/18/2020 2:00,TBOC,South,2,21.628
3402,8/18/2020 3:00,TBOC,South,2,21.294
3403,8/18/2020 4:00,TBOC,South,2,20.841
3404,8/18/2020 5:00,TBOC,South,2,20.15
3405,8/18/2020 6:00,TBOC,South,2,18.747
3406,8/18/2020 7:00,TBOC,South,2,15.318
3407,8/18/2020 8:00,TBOC,South,2,17.843
3408,8/18/2020 9:00,TBOC,South,2,21.581
3409,8/18/2020 10:00,TBOC,South,2,21.843
3410,8/18/2020 11:00,TBOC,South,2,21.772
3411,8/18/2020 12:00,TBOC,South,2,22.154
3412,8/18/2020 13:00,TBOC,South,2,22.441
3413,8/18/2020 14:00,TBOC,South,2,22.753
3414,8/18/2020 15:00,TBOC,South,2,22.944
3415,8/18/2020 16:00,TBOC,South,2,23.088
3416,8/18/2020 17:00,TBOC,South,2,23.376
3417,8/18/2020 18:00,TBOC,South,2,22.92
3418,8/18/2020 19:00,TBOC,South,2,22.968
3419,8/18/2020 20:00,TBOC,South,2,22.896
3420,8/18/2020 21:00,TBOC,South,2,22.609
3421,8/18/2020 22:00,TBOC,South,2,22.441
3422,8/18/2020 23:00,TBOC,South,2,22.417
3423,8/19/2020 0:00,TBOC,South,2,22.369
3424,8/19/2020 1:00,TBOC,South,2,22.274
3425,8/19/2020 2:00,TBOC,South,2,21.891
3426,8/19/2020 3:00,TBOC,South,2,21.7
3427,8/19/2020 4:00,TBOC,South,2,21.246
3428,8/19/2020 5:00,TBOC,South,2,20.674
3429,8/19/2020 6:00,TBOC,South,2,19.698
3430,8/19/2020 7:00,TBOC,South,2,15.652
3431,8/19/2020 8:00,TBOC,South,2,16.63
3432,8/19/2020 9:00,TBOC,South,2,18.794
3433,8/19/2020 10:00,TBOC,South,2,21.437
3434,8/19/2020 11:00,TBOC,South,2,21.772
3435,8/19/2020 12:00,TBOC,South,2,21.939
3436,8/19/2020 13:00,TBOC,South,2,22.154
3437,8/19/2020 14:00,TBOC,South,2,22.465
3438,8/19/2020 15:00,TBOC,South,2,22.633
3439,8/19/2020 16:00,TBOC,South,2,22.776
3440,8/19/2020 17:00,TBOC,South,2,22.824
3441,8/19/2020 18:00,TBOC,South,2,22.657
3442,8/19/2020 19:00,TBOC,South,2,22.393
3443,8/19/2020 20:00,TBOC,South,2,22.226
3444,8/19/2020 21:00,TBOC,South,2,22.202
3445,8/19/2020 22:00,TBOC,South,2,22.274
3446,8/19/2020 23:00,TBOC,South,2,22.082
3447,8/20/2020 0:00,TBOC,South,2,21.987
3448,8/20/2020 1:00,TBOC,South,2,21.891
3449,8/20/2020 2:00,TBOC,South,2,21.724
3450,8/20/2020 3:00,TBOC,South,2,21.294
3451,8/20/2020 4:00,TBOC,South,2,20.603
3452,8/20/2020 5:00,TBOC,South,2,20.007
3453,8/20/2020 6:00,TBOC,South,2,19.318
3454,8/20/2020 7:00,TBOC,South,2,18.509
3455,8/20/2020 8:00,TBOC,South,2,16.844
3456,8/20/2020 9:00,TBOC,South,2,19.722
3457,8/20/2020 10:00,TBOC,South,2,15.533
3458,8/20/2020 11:00,TBOC,South,2,21.008
3459,8/20/2020 12:00,TBOC,South,2,21.294
3460,8/20/2020 13:00,TBOC,South,3,21.891
3461,8/20/2020 14:00,TBOC,South,3,22.154
3462,8/20/2020 15:00,TBOC,South,3,22.393
3463,8/20/2020 16:00,TBOC,South,3,22.441
3464,8/20/2020 17:00,TBOC,South,3,22.513
3465,8/20/2020 18:00,TBOC,South,3,22.561
3466,8/20/2020 19:00,TBOC,South,3,22.321
3467,8/20/2020 20:00,TBOC,South,3,21.819
3468,8/20/2020 21:00,TBOC,South,3,21.843
3469,8/20/2020 22:00,TBOC,South,3,22.082
3470,8/20/2020 23:00,TBOC,South,3,21.795
3471,8/21/2020 0:00,TBOC,South,3,21.604
3472,8/21/2020 1:00,TBOC,South,3,21.581
3473,8/21/2020 2:00,TBOC,South,3,21.581
3474,8/21/2020 3:00,TBOC,South,3,21.461
3475,8/21/2020 4:00,TBOC,South,3,21.103
3476,8/21/2020 5:00,TBOC,South,3,20.627
3477,8/21/2020 6:00,TBOC,South,3,20.031
3478,8/21/2020 7:00,TBOC,South,3,19.603
3479,8/21/2020 8:00,TBOC,South,3,19.555
3480,8/21/2020 9:00,TBOC,South,3,19.27
3481,8/21/2020 10:00,TBOC,South,3,21.485
3482,8/21/2020 11:00,TBOC,South,3,22.393
3483,8/21/2020 12:00,TBOC,South,3,22.226
3484,8/21/2020 13:00,TBOC,South,3,22.465
3485,8/21/2020 14:00,TBOC,South,3,22.513
3486,8/21/2020 15:00,TBOC,South,3,22.585
3487,8/21/2020 16:00,TBOC,South,3,22.633
3488,8/21/2020 17:00,TBOC,South,3,22.776
3489,8/21/2020 18:00,TBOC,South,3,22.633
3490,8/21/2020 19:00,TBOC,South,3,22.441
3491,8/21/2020 20:00,TBOC,South,3,22.034
3492,8/21/2020 21:00,TBOC,South,3,21.533
3493,8/21/2020 22:00,TBOC,South,3,21.7
3494,8/21/2020 23:00,TBOC,South,3,21.748
3495,8/22/2020 0:00,TBOC,South,3,22.034
3496,8/22/2020 1:00,TBOC,South,3,22.011
3497,8/22/2020 2:00,TBOC,South,3,21.891
3498,8/22/2020 3:00,TBOC,South,3,21.819
3499,8/22/2020 4:00,TBOC,South,3,21.724
3500,8/22/2020 5:00,TBOC,South,3,21.413
3501,8/22/2020 6:00,TBOC,South,3,20.817
3502,8/22/2020 7:00,TBOC,South,3,20.293
3503,8/22/2020 8:00,TBOC,South,3,19.722
3504,8/22/2020 9:00,TBOC,South,3,20.198
3505,8/22/2020 10:00,TBOC,South,3,22.561
3506,8/22/2020 11:00,TBOC,South,3,22.321
3507,8/22/2020 12:00,TBOC,South,3,22.298
3508,8/22/2020 13:00,TBOC,South,3,22.489
3509,8/22/2020 14:00,TBOC,South,3,22.585
3510,8/22/2020 15:00,TBOC,South,3,22.609
3511,8/22/2020 16:00,TBOC,South,3,22.585
3512,8/22/2020 17:00,TBOC,South,3,22.561
3513,8/22/2020 18:00,TBOC,South,3,22.776
3514,8/22/2020 19:00,TBOC,South,3,23.328
3515,8/22/2020 20:00,TBOC,South,3,23.232
3516,8/22/2020 21:00,TBOC,South,3,22.968
3517,8/22/2020 22:00,TBOC,South,3,21.891
3518,8/22/2020 23:00,TBOC,South,3,21.533
3519,8/23/2020 0:00,TBOC,South,3,22.178
3520,8/23/2020 1:00,TBOC,South,3,21.915
3521,8/23/2020 2:00,TBOC,South,3,21.7
3522,8/23/2020 3:00,TBOC,South,3,21.676
3523,8/23/2020 4:00,TBOC,South,3,21.604
3524,8/23/2020 5:00,TBOC,South,3,21.485
3525,8/23/2020 6:00,TBOC,South,3,20.889
3526,8/23/2020 7:00,TBOC,South,3,20.365
3527,8/23/2020 8:00,TBOC,South,3,19.651
3528,8/23/2020 9:00,TBOC,South,3,19.222
3529,8/23/2020 10:00,TBOC,South,3,20.198
3530,8/23/2020 11:00,TBOC,South,3,21.461
3531,8/23/2020 12:00,TBOC,South,3,21.724
3532,8/23/2020 13:00,TBOC,South,3,21.915
3533,8/23/2020 14:00,TBOC,South,3,22.13
3534,8/23/2020 15:00,TBOC,South,3,22.106
3535,8/23/2020 16:00,TBOC,South,3,22.345
3536,8/23/2020 17:00,TBOC,South,3,22.369
3537,8/23/2020 18:00,TBOC,South,3,22.321
3538,8/23/2020 19:00,TBOC,South,3,22.561
3539,8/23/2020 20:00,TBOC,South,3,22.705
3540,8/23/2020 21:00,TBOC,South,3,22.513
3541,8/23/2020 22:00,TBOC,South,3,21.819
3542,8/23/2020 23:00,TBOC,South,3,20.817
3543,8/24/2020 0:00,TBOC,South,3,20.46
3544,8/24/2020 1:00,TBOC,South,3,21.461
3545,8/24/2020 2:00,TBOC,South,3,21.246
3546,8/24/2020 3:00,TBOC,South,3,20.698
3547,8/24/2020 4:00,TBOC,South,3,21.199
3548,8/24/2020 5:00,TBOC,South,3,21.151
3549,8/24/2020 6:00,TBOC,South,3,20.889
3550,8/24/2020 7:00,TBOC,South,3,20.293
3551,8/24/2020 8:00,TBOC,South,3,20.246
3552,8/24/2020 9:00,TBOC,South,3,19.603
3553,8/24/2020 10:00,TBOC,South,3,20.079
3554,8/24/2020 11:00,TBOC,South,3,21.175
3555,8/24/2020 12:00,TBOC,South,3,21.461
3556,8/24/2020 13:00,TBOC,South,3,21.795
3557,8/24/2020 14:00,TBOC,South,3,22.034
3558,8/24/2020 15:00,TBOC,South,3,22.13
3559,8/24/2020 16:00,TBOC,South,3,22.226
3560,8/24/2020 17:00,TBOC,South,3,22.25
3561,8/24/2020 18:00,TBOC,South,3,22.226
3562,8/24/2020 19:00,TBOC,South,3,22.489
3563,8/24/2020 20:00,TBOC,South,3,22.609
3564,8/24/2020 21:00,TBOC,South,3,22.633
3565,8/24/2020 22:00,TBOC,South,3,22.417
3566,8/24/2020 23:00,TBOC,South,3,22.011
3567,8/25/2020 0:00,TBOC,South,3,20.436
3568,8/25/2020 1:00,TBOC,South,3,19.841
3569,8/25/2020 2:00,TBOC,South,3,21.27
3570,8/25/2020 3:00,TBOC,South,3,21.437
3571,8/25/2020 4:00,TBOC,South,3,21.366
3572,8/25/2020 5:00,TBOC,South,3,20.793
3573,8/25/2020 6:00,TBOC,South,3,20.507
3574,8/25/2020 7:00,TBOC,South,3,20.936
3575,8/25/2020 8:00,TBOC,South,3,20.531
3576,8/25/2020 9:00,TBOC,South,3,20.555
3577,8/25/2020 10:00,TBOC,South,3,20.269
3578,8/25/2020 11:00,TBOC,South,3,20.841
3579,8/25/2020 12:00,TBOC,South,3,22.465
3580,8/25/2020 13:00,TBOC,South,3,22.585
3581,8/25/2020 14:00,TBOC,South,3,22.537
3582,8/25/2020 15:00,TBOC,South,3,22.561
3583,8/25/2020 16:00,TBOC,South,3,22.561
3584,8/25/2020 17:00,TBOC,South,3,22.585
3585,8/25/2020 18:00,TBOC,South,3,22.465
3586,8/25/2020 19:00,TBOC,South,3,22.417
3587,8/25/2020 20:00,TBOC,South,3,22.369
3588,8/25/2020 21:00,TBOC,South,3,22.705
3589,8/25/2020 22:00,TBOC,South,3,22.657
3590,8/25/2020 23:00,TBOC,South,3,22.633
3591,8/26/2020 0:00,TBOC,South,3,22.298
3592,8/26/2020 1:00,TBOC,South,3,20.722
3593,8/26/2020 2:00,TBOC,South,3,19.46
3594,8/26/2020 3:00,TBOC,South,3,20.222
3595,8/26/2020 4:00,TBOC,South,3,21.366
3596,8/26/2020 5:00,TBOC,South,3,21.557
3597,8/26/2020 6:00,TBOC,South,3,21.557
3598,8/26/2020 7:00,TBOC,South,3,21.461
3599,8/26/2020 8:00,TBOC,South,3,21.175
3600,8/26/2020 9:00,TBOC,South,3,21.294
3601,8/26/2020 10:00,TBOC,South,3,20.436
3602,8/26/2020 11:00,TBOC,South,3,20.913
3603,8/26/2020 12:00,TBOC,South,3,21.485
3604,8/26/2020 13:00,TBOC,South,3,21.963
3605,8/26/2020 14:00,TBOC,South,3,21.772
3606,8/26/2020 15:00,TBOC,South,3,21.748
3607,8/26/2020 16:00,TBOC,South,3,21.676
3608,8/26/2020 17:00,TBOC,South,3,21.557
3609,8/26/2020 18:00,TBOC,South,3,21.461
3610,8/26/2020 19:00,TBOC,South,3,21.366
3611,8/26/2020 20:00,TBOC,South,3,21.223
3612,8/26/2020 21:00,TBOC,South,3,20.936
3613,8/26/2020 22:00,TBOC,South,3,20.246
3614,8/26/2020 23:00,TBOC,South,3,19.96
3615,8/27/2020 0:00,TBOC,South,3,19.413
3616,8/27/2020 1:00,TBOC,South,3,18.961
3617,8/27/2020 2:00,TBOC,South,3,18.224
3618,8/27/2020 3:00,TBOC,South,3,17.463
3619,8/27/2020 4:00,TBOC,South,3,18.842
3620,8/27/2020 5:00,TBOC,South,3,19.413
3621,8/27/2020 6:00,TBOC,South,3,19.651
3622,8/27/2020 7:00,TBOC,South,3,19.365
3623,8/27/2020 8:00,TBOC,South,3,19.603
3624,8/27/2020 9:00,TBOC,South,3,19.77
3625,8/27/2020 10:00,TBOC,South,3,19.722
3626,8/27/2020 11:00,TBOC,South,3,19.46
3627,8/27/2020 12:00,TBOC,South,3,19.651
3628,8/27/2020 13:00,TBOC,South,3,20.627
3629,8/27/2020 14:00,TBOC,South,3,21.413
3630,8/27/2020 15:00,TBOC,South,3,21.437
3631,8/27/2020 16:00,TBOC,South,3,21.413
3632,8/27/2020 17:00,TBOC,South,3,21.342
3633,8/27/2020 18:00,TBOC,South,3,21.246
3634,8/27/2020 19:00,TBOC,South,3,21.127
3635,8/27/2020 20:00,TBOC,South,3,21.032
3636,8/27/2020 21:00,TBOC,South,3,20.936
3637,8/27/2020 22:00,TBOC,South,3,20.96
3638,8/27/2020 23:00,TBOC,South,3,20.936
3639,8/28/2020 0:00,TBOC,South,3,21.032
3640,8/28/2020 1:00,TBOC,South,3,21.127
3641,8/28/2020 2:00,TBOC,South,3,20.698
3642,8/28/2020 3:00,TBOC,South,3,19.698
3643,8/28/2020 4:00,TBOC,South,3,17.225
3644,8/28/2020 5:00,TBOC,South,3,18.176
3645,8/28/2020 6:00,TBOC,South,3,18.58
3646,8/28/2020 7:00,TBOC,South,3,20.198
3647,8/28/2020 8:00,TBOC,South,3,20.269
3648,8/28/2020 9:00,TBOC,South,3,20.293
3649,8/28/2020 10:00,TBOC,South,3,20.341
3650,8/28/2020 11:00,TBOC,South,3,20.531
3651,8/28/2020 12:00,TBOC,South,3,21.008
3652,8/28/2020 13:00,TBOC,South,3,21.151
3653,8/28/2020 14:00,TBOC,South,3,21.963
3654,8/28/2020 15:00,TBOC,South,3,22.393
3655,8/28/2020 16:00,TBOC,South,3,22.393
3656,8/28/2020 17:00,TBOC,South,3,22.082
3657,8/28/2020 18:00,TBOC,South,3,21.939
3658,8/28/2020 19:00,TBOC,South,3,21.819
3659,8/28/2020 20:00,TBOC,South,3,21.604
3660,8/28/2020 21:00,TBOC,South,3,21.509
3661,8/28/2020 22:00,TBOC,South,3,21.485
3662,8/28/2020 23:00,TBOC,South,3,21.461
3663,8/29/2020 0:00,TBOC,South,3,21.318
3664,8/29/2020 1:00,TBOC,South,3,21.223
3665,8/29/2020 2:00,TBOC,South,3,21.103
3666,8/29/2020 3:00,TBOC,South,3,20.674
3667,8/29/2020 4:00,TBOC,South,3,19.389
3668,8/29/2020 5:00,TBOC,South,3,15.819
3669,8/29/2020 6:00,TBOC,South,3,15.891
3670,8/29/2020 7:00,TBOC,South,3,19.865
3671,8/29/2020 8:00,TBOC,South,3,20.126
3672,8/29/2020 9:00,TBOC,South,3,20.103
3673,8/29/2020 10:00,TBOC,South,3,20.627
3674,8/29/2020 11:00,TBOC,South,3,20.984
3675,8/29/2020 12:00,TBOC,South,3,21.246
3676,8/29/2020 13:00,TBOC,South,3,21.39
3677,8/29/2020 14:00,TBOC,South,3,21.604
3678,8/29/2020 15:00,TBOC,South,3,22.345
3679,8/29/2020 16:00,TBOC,South,3,22.729
3680,8/29/2020 17:00,TBOC,South,3,22.824
3681,8/29/2020 18:00,TBOC,South,3,22.106
3682,8/29/2020 19:00,TBOC,South,3,21.604
3683,8/29/2020 20:00,TBOC,South,3,21.485
3684,8/29/2020 21:00,TBOC,South,3,21.461
3685,8/29/2020 22:00,TBOC,South,3,21.342
3686,8/29/2020 23:00,TBOC,South,3,21.342
3687,8/30/2020 0:00,TBOC,South,3,21.294
3688,8/30/2020 1:00,TBOC,South,3,21.175
3689,8/30/2020 2:00,TBOC,South,3,21.151
3690,8/30/2020 3:00,TBOC,South,3,21.008
3691,8/30/2020 4:00,TBOC,South,3,20.436
3692,8/30/2020 5:00,TBOC,South,3,19.056
3693,8/30/2020 6:00,TBOC,South,3,15.724
3694,8/30/2020 7:00,TBOC,South,3,18.509
3695,8/30/2020 8:00,TBOC,South,3,19.603
3696,8/30/2020 9:00,TBOC,South,3,20.484
3697,8/30/2020 10:00,TBOC,South,3,20.579
3698,8/30/2020 11:00,TBOC,South,3,21.079
3699,8/30/2020 12:00,TBOC,South,3,21.342
3700,8/30/2020 13:00,TBOC,South,3,21.604
3701,8/30/2020 14:00,TBOC,South,3,21.819
3702,8/30/2020 15:00,TBOC,South,3,22.345
3703,8/30/2020 16:00,TBOC,South,3,22.585
3704,8/30/2020 17:00,TBOC,South,3,22.776
3705,8/30/2020 18:00,TBOC,South,3,22.489
3706,8/30/2020 19:00,TBOC,South,3,21.939
3707,8/30/2020 20:00,TBOC,South,3,21.581
3708,8/30/2020 21:00,TBOC,South,3,21.366
3709,8/30/2020 22:00,TBOC,South,3,21.175
3710,8/30/2020 23:00,TBOC,South,3,21.056
3711,8/31/2020 0:00,TBOC,South,3,21.079
3712,8/31/2020 1:00,TBOC,South,3,21.127
3713,8/31/2020 2:00,TBOC,South,3,21.008
3714,8/31/2020 3:00,TBOC,South,3,20.889
3715,8/31/2020 4:00,TBOC,South,3,20.555
3716,8/31/2020 5:00,TBOC,South,3,19.817
3717,8/31/2020 6:00,TBOC,South,3,18.604
3718,8/31/2020 7:00,TBOC,South,3,15.008
3719,8/31/2020 8:00,TBOC,South,3,19.318
3720,8/31/2020 9:00,TBOC,South,3,20.055
3721,8/31/2020 10:00,TBOC,South,3,20.65
3722,8/31/2020 11:00,TBOC,South,3,20.984
3723,8/31/2020 12:00,TBOC,South,3,21.223
3724,8/31/2020 13:00,TBOC,South,3,21.485
3725,8/31/2020 14:00,TBOC,South,3,21.7
3726,8/31/2020 15:00,TBOC,South,3,22.106
3727,8/31/2020 16:00,TBOC,South,3,22.776
3728,8/31/2020 17:00,TBOC,South,3,22.489
3729,8/31/2020 18:00,TBOC,South,3,22.202
3730,8/31/2020 19:00,TBOC,South,3,22.082
3731,8/31/2020 20:00,TBOC,South,3,21.772
3732,8/31/2020 21:00,TBOC,South,3,21.485
3733,8/31/2020 22:00,TBOC,South,3,21.413
3734,8/31/2020 23:00,TBOC,South,3,21.246
3735,9/1/2020 0:00,TBOC,South,3,21.151
3736,9/1/2020 1:00,TBOC,South,3,21.223
3737,9/1/2020 2:00,TBOC,South,3,21.246
3738,9/1/2020 3:00,TBOC,South,3,21.127
3739,9/1/2020 4:00,TBOC,South,3,20.96
3740,9/1/2020 5:00,TBOC,South,3,20.579
3741,9/1/2020 6:00,TBOC,South,3,19.674
3742,9/1/2020 7:00,TBOC,South,3,18.271
3743,9/1/2020 8:00,TBOC,South,3,18.081
3744,9/1/2020 9:00,TBOC,South,3,20.293
3745,9/1/2020 10:00,TBOC,South,3,20.507
3746,9/1/2020 11:00,TBOC,South,3,20.46
3747,9/1/2020 12:00,TBOC,South,3,20.984
3748,9/1/2020 13:00,TBOC,South,3,21.246
3749,9/1/2020 14:00,TBOC,South,3,21.604
3750,9/1/2020 15:00,TBOC,South,3,21.652
3751,9/1/2020 16:00,TBOC,South,3,21.819
3752,9/1/2020 17:00,TBOC,South,3,22.058
3753,9/1/2020 18:00,TBOC,South,3,21.987
3754,9/1/2020 19:00,TBOC,South,3,21.581
3755,9/1/2020 20:00,TBOC,South,3,21.485
3756,9/1/2020 21:00,TBOC,South,3,21.39
3757,9/1/2020 22:00,TBOC,South,3,21.246
3758,9/1/2020 23:00,TBOC,South,3,21.127
3759,9/2/2020 0:00,TBOC,South,3,21.079
3760,9/2/2020 1:00,TBOC,South,3,21.008
3761,9/2/2020 2:00,TBOC,South,3,20.984
3762,9/2/2020 3:00,TBOC,South,3,20.841
3763,9/2/2020 4:00,TBOC,South,3,20.579
3764,9/2/2020 5:00,TBOC,South,3,20.317
3765,9/2/2020 6:00,TBOC,South,3,19.888
3766,9/2/2020 7:00,TBOC,South,3,19.199
3767,9/2/2020 8:00,TBOC,South,3,18.794
3768,9/2/2020 9:00,TBOC,South,3,20.174
3769,9/2/2020 10:00,TBOC,South,3,20.484
3770,9/2/2020 11:00,TBOC,South,3,20.484
3771,9/2/2020 12:00,TBOC,South,3,20.722
3772,9/2/2020 13:00,TBOC,South,3,21.008
3773,9/2/2020 14:00,TBOC,South,3,21.366
3774,9/2/2020 15:00,TBOC,South,3,21.557
3775,9/2/2020 16:00,TBOC,South,3,21.843
3776,9/2/2020 17:00,TBOC,South,3,21.939
3777,9/2/2020 18:00,TBOC,South,3,21.987
3778,9/2/2020 19:00,TBOC,South,3,21.461
3779,9/2/2020 20:00,TBOC,South,3,21.318
3780,9/2/2020 21:00,TBOC,South,3,21.103
3781,9/2/2020 22:00,TBOC,South,3,21.056
3782,9/2/2020 23:00,TBOC,South,3,20.889
3783,9/3/2020 0:00,TBOC,South,3,20.817
3784,9/3/2020 1:00,TBOC,South,3,20.746
3785,9/3/2020 2:00,TBOC,South,3,20.65
3786,9/3/2020 3:00,TBOC,South,3,20.436
3787,9/3/2020 4:00,TBOC,South,3,19.841
3788,9/3/2020 5:00,TBOC,South,3,19.508
3789,9/3/2020 6:00,TBOC,South,3,18.842
3790,9/3/2020 7:00,TBOC,South,3,18.557
3791,9/3/2020 8:00,TBOC,South,3,18.557
3792,9/3/2020 9:00,TBOC,South,3,19.175
3793,9/3/2020 10:00,TBOC,South,3,19.555
3794,9/3/2020 11:00,TBOC,South,3,19.793
3795,9/3/2020 12:00,TBOC,South,3,19.96
3796,9/3/2020 13:00,TBOC,South,3,20.055
3797,9/3/2020 14:00,TBOC,South,3,20.246
3798,9/3/2020 15:00,TBOC,South,3,20.317
3799,9/3/2020 16:00,TBOC,South,3,20.412
3800,9/3/2020 17:00,TBOC,South,3,20.579
3801,9/3/2020 18:00,TBOC,South,3,20.579
3802,9/3/2020 19:00,TBOC,South,3,20.293
3803,9/3/2020 20:00,TBOC,South,3,20.031
3804,9/3/2020 21:00,TBOC,South,3,19.865
3805,9/3/2020 22:00,TBOC,South,3,19.865
3806,9/3/2020 23:00,TBOC,South,3,19.865
3807,9/4/2020 0:00,TBOC,South,3,19.888
3808,9/4/2020 1:00,TBOC,South,3,19.865
3809,9/4/2020 2:00,TBOC,South,3,19.817
3810,9/4/2020 3:00,TBOC,South,3,19.674
3811,9/4/2020 4:00,TBOC,South,3,19.46
3812,9/4/2020 5:00,TBOC,South,3,19.246
3813,9/4/2020 6:00,TBOC,South,3,18.533
3814,9/4/2020 7:00,TBOC,South,3,17.915
3815,9/4/2020 8:00,TBOC,South,3,17.534
3816,9/4/2020 9:00,TBOC,South,3,18.057
3817,9/4/2020 10:00,TBOC,South,3,19.341
3818,9/4/2020 11:00,TBOC,South,3,19.841
3819,9/4/2020 12:00,TBOC,South,3,20.222
3820,9/4/2020 13:00,TBOC,South,3,20.388
3821,9/4/2020 14:00,TBOC,South,3,20.722
3822,9/4/2020 15:00,TBOC,South,3,21.079
3823,9/4/2020 16:00,TBOC,South,3,21.223
3824,9/4/2020 17:00,TBOC,South,3,21.223
3825,9/4/2020 18:00,TBOC,South,3,21.246
3826,9/4/2020 19:00,TBOC,South,3,21.151
3827,9/4/2020 20:00,TBOC,South,3,21.079
3828,9/4/2020 21:00,TBOC,South,3,20.317
3829,9/4/2020 22:00,TBOC,South,3,20.341
3830,9/4/2020 23:00,TBOC,South,3,20.436
3831,9/5/2020 0:00,TBOC,South,3,20.555
3832,9/5/2020 1:00,TBOC,South,3,20.412
3833,9/5/2020 2:00,TBOC,South,3,20.341
3834,9/5/2020 3:00,TBOC,South,3,20.198
3835,9/5/2020 4:00,TBOC,South,3,20.103
3836,9/5/2020 5:00,TBOC,South,3,19.436
3837,9/5/2020 6:00,TBOC,South,3,18.842
3838,9/5/2020 7:00,TBOC,South,3,17.867
3839,9/5/2020 8:00,TBOC,South,3,17.32
3840,9/5/2020 9:00,TBOC,South,3,17.701
3841,9/5/2020 10:00,TBOC,South,3,19.984
3842,9/5/2020 11:00,TBOC,South,3,20.293
3843,9/5/2020 12:00,TBOC,South,3,20.698
3844,9/5/2020 13:00,TBOC,South,3,20.913
3845,9/5/2020 14:00,TBOC,South,3,21.056
3846,9/5/2020 15:00,TBOC,South,3,21.27
3847,9/5/2020 16:00,TBOC,South,3,21.557
3848,9/5/2020 17:00,TBOC,South,3,22.513
3849,9/5/2020 18:00,TBOC,South,3,22.585
3850,9/5/2020 19:00,TBOC,South,3,22.992
3851,9/5/2020 20:00,TBOC,South,3,22.465
3852,9/5/2020 21:00,TBOC,South,3,21.987
3853,9/5/2020 22:00,TBOC,South,3,21.581
3854,9/5/2020 23:00,TBOC,South,3,21.151
3855,9/6/2020 0:00,TBOC,South,3,21.175
3856,9/6/2020 1:00,TBOC,South,3,21.008
3857,9/6/2020 2:00,TBOC,South,3,20.793
3858,9/6/2020 3:00,TBOC,South,3,20.674
3859,9/6/2020 4:00,TBOC,South,3,20.746
3860,9/6/2020 5:00,TBOC,South,3,20.77
3861,9/6/2020 6:00,TBOC,South,3,20.412
3862,9/6/2020 7:00,TBOC,South,3,20.007
3863,9/6/2020 8:00,TBOC,South,3,19.603
3864,9/6/2020 9:00,TBOC,South,3,19.746
3865,9/6/2020 10:00,TBOC,South,3,20.913
3866,9/6/2020 11:00,TBOC,South,3,21.294
3867,9/6/2020 12:00,TBOC,South,3,21.533
3868,9/6/2020 13:00,TBOC,South,3,21.557
3869,9/6/2020 14:00,TBOC,South,3,21.724
3870,9/6/2020 15:00,TBOC,South,3,21.819
3871,9/6/2020 16:00,TBOC,South,3,22.058
3872,9/6/2020 17:00,TBOC,South,3,22.776
3873,9/6/2020 18:00,TBOC,South,3,23.352
3874,9/6/2020 19:00,TBOC,South,3,23.328
3875,9/6/2020 20:00,TBOC,South,3,23.665
3876,9/6/2020 21:00,TBOC,South,3,23.954
3877,9/6/2020 22:00,TBOC,South,3,23.497
3878,9/6/2020 23:00,TBOC,South,3,22.202
3879,9/7/2020 0:00,TBOC,South,3,21.843
3880,9/7/2020 1:00,TBOC,South,3,21.724
3881,9/7/2020 2:00,TBOC,South,3,21.581
3882,9/7/2020 3:00,TBOC,South,3,21.509
3883,9/7/2020 4:00,TBOC,South,3,21.413
3884,9/7/2020 5:00,TBOC,South,3,21.413
3885,9/7/2020 6:00,TBOC,South,3,21.39
3886,9/7/2020 7:00,TBOC,South,3,21.127
3887,9/7/2020 8:00,TBOC,South,3,20.77
3888,9/7/2020 9:00,TBOC,South,3,20.436
3889,9/7/2020 10:00,TBOC,South,3,21.318
3890,9/7/2020 11:00,TBOC,South,3,21.939
3891,9/7/2020 12:00,TBOC,South,3,22.058
3892,9/7/2020 13:00,TBOC,South,3,22.034
3893,9/7/2020 14:00,TBOC,South,3,22.106
3894,9/7/2020 15:00,TBOC,South,3,22.154
3895,9/7/2020 16:00,TBOC,South,3,22.321
3896,9/7/2020 17:00,TBOC,South,3,22.417
3897,9/7/2020 18:00,TBOC,South,3,22.92
3898,9/7/2020 19:00,TBOC,South,3,23.352
3899,9/7/2020 20:00,TBOC,South,3,23.184
3900,9/7/2020 21:00,TBOC,South,3,23.617
3901,9/7/2020 22:00,TBOC,South,3,22.705
3902,9/7/2020 23:00,TBOC,South,3,22.393
3903,9/8/2020 0:00,TBOC,South,3,22.13
3904,9/8/2020 1:00,TBOC,South,3,21.867
3905,9/8/2020 2:00,TBOC,South,3,21.676
3906,9/8/2020 3:00,TBOC,South,3,21.461
3907,9/8/2020 4:00,TBOC,South,3,21.413
3908,9/8/2020 5:00,TBOC,South,3,21.27
3909,9/8/2020 6:00,TBOC,South,3,21.199
3910,9/8/2020 7:00,TBOC,South,3,21.032
3911,9/8/2020 8:00,TBOC,South,3,20.65
3912,9/8/2020 9:00,TBOC,South,3,20.603
3913,9/8/2020 10:00,TBOC,South,3,20.793
3914,9/8/2020 11:00,TBOC,South,3,20.984
3915,9/8/2020 12:00,TBOC,South,3,21.27
3916,9/8/2020 13:00,TBOC,South,3,21.581
3917,9/8/2020 14:00,TBOC,South,3,21.652
3918,9/8/2020 15:00,TBOC,South,3,21.557
3919,9/8/2020 16:00,TBOC,South,3,21.485
3920,9/8/2020 17:00,TBOC,South,3,21.461
3921,9/8/2020 18:00,TBOC,South,3,21.485
3922,9/8/2020 19:00,TBOC,South,3,21.461
3923,9/8/2020 20:00,TBOC,South,3,21.509
3924,9/8/2020 21:00,TBOC,South,3,21.39
3925,9/8/2020 22:00,TBOC,South,3,21.294
3926,9/8/2020 23:00,TBOC,South,3,21.103
3927,9/9/2020 0:00,TBOC,South,3,20.722
3928,9/9/2020 1:00,TBOC,South,3,20.388
3929,9/9/2020 2:00,TBOC,South,3,20.674
3930,9/9/2020 3:00,TBOC,South,3,20.746
3931,9/9/2020 4:00,TBOC,South,3,20.698
3932,9/9/2020 5:00,TBOC,South,3,20.65
3933,9/9/2020 6:00,TBOC,South,3,20.46
3934,9/9/2020 7:00,TBOC,South,3,20.579
3935,9/9/2020 8:00,TBOC,South,3,20.198
3936,9/9/2020 9:00,TBOC,South,3,19.912
3937,9/9/2020 10:00,TBOC,South,3,19.603
3938,9/9/2020 11:00,TBOC,South,3,19.627
3939,9/9/2020 12:00,TBOC,South,3,19.793
3940,9/9/2020 13:00,TBOC,South,3,19.96
3941,9/9/2020 14:00,TBOC,South,3,20.103
3942,9/9/2020 15:00,TBOC,South,3,20.388
3943,9/9/2020 16:00,TBOC,South,3,20.531
3944,9/9/2020 17:00,TBOC,South,3,20.317
3945,9/9/2020 18:00,TBOC,South,3,20.412
3946,9/9/2020 19:00,TBOC,South,3,20.126
3947,9/9/2020 20:00,TBOC,South,3,20.103
3948,9/9/2020 21:00,TBOC,South,3,19.912
3949,9/9/2020 22:00,TBOC,South,3,19.46
3950,9/9/2020 23:00,TBOC,South,3,19.222
3951,9/10/2020 0:00,TBOC,South,3,18.652
3952,9/10/2020 1:00,TBOC,South,3,18.152
3953,9/10/2020 2:00,TBOC,South,3,18.747
3954,9/10/2020 3:00,TBOC,South,3,18.747
3955,9/10/2020 4:00,TBOC,South,3,19.389
3956,9/10/2020 5:00,TBOC,South,3,19.27
3957,9/10/2020 6:00,TBOC,South,3,18.485
3958,9/10/2020 7:00,TBOC,South,3,18.533
3959,9/10/2020 8:00,TBOC,South,3,18.675
3960,9/10/2020 9:00,TBOC,South,3,19.484
3961,9/10/2020 10:00,TBOC,South,3,19.27
3962,9/10/2020 11:00,TBOC,South,3,19.199
3963,9/10/2020 12:00,TBOC,South,3,19.294
3964,9/10/2020 13:00,TBOC,South,3,19.555
3965,9/10/2020 14:00,TBOC,South,3,19.651
3966,9/10/2020 15:00,TBOC,South,3,20.007
3967,9/10/2020 16:00,TBOC,South,3,20.103
3968,9/10/2020 17:00,TBOC,South,3,20.174
3969,9/10/2020 18:00,TBOC,South,3,20.15
3970,9/10/2020 19:00,TBOC,South,3,20.031
3971,9/10/2020 20:00,TBOC,South,3,19.793
3972,9/10/2020 21:00,TBOC,South,3,19.413
3973,9/10/2020 22:00,TBOC,South,3,19.103
3974,9/10/2020 23:00,TBOC,South,3,18.889
3975,9/11/2020 0:00,TBOC,South,3,18.509
3976,9/11/2020 1:00,TBOC,South,3,18.176
3977,9/11/2020 2:00,TBOC,South,3,17.772
3978,9/11/2020 3:00,TBOC,South,3,17.51
3979,9/11/2020 4:00,TBOC,South,3,18.461
3980,9/11/2020 5:00,TBOC,South,3,18.628
3981,9/11/2020 6:00,TBOC,South,3,18.818
3982,9/11/2020 7:00,TBOC,South,3,18.747
3983,9/11/2020 8:00,TBOC,South,3,18.961
3984,9/11/2020 9:00,TBOC,South,3,18.866
3985,9/11/2020 10:00,TBOC,South,3,18.509
3986,9/11/2020 11:00,TBOC,South,3,18.961
3987,9/11/2020 12:00,TBOC,South,3,19.436
3988,9/11/2020 13:00,TBOC,South,3,20.126
3989,9/11/2020 14:00,TBOC,South,3,20.293
3990,9/11/2020 15:00,TBOC,South,3,20.412
3991,9/11/2020 16:00,TBOC,South,3,20.46
3992,9/11/2020 17:00,TBOC,South,3,20.412
3993,9/11/2020 18:00,TBOC,South,3,20.412
3994,9/11/2020 19:00,TBOC,South,3,20.293
3995,9/11/2020 20:00,TBOC,South,3,20.222
3996,9/11/2020 21:00,TBOC,South,3,20.15
3997,9/11/2020 22:00,TBOC,South,3,20.15
3998,9/11/2020 23:00,TBOC,South,3,20.269
3999,9/12/2020 0:00,TBOC,South,3,20.269
4000,9/12/2020 1:00,TBOC,South,3,20.103
4001,9/12/2020 2:00,TBOC,South,3,19.532
4002,9/12/2020 3:00,TBOC,South,3,18.343
4003,9/12/2020 4:00,TBOC,South,3,17.891
4004,9/12/2020 5:00,TBOC,South,3,18.224
4005,9/12/2020 6:00,TBOC,South,3,19.413
4006,9/12/2020 7:00,TBOC,South,3,19.46
4007,9/12/2020 8:00,TBOC,South,3,19.484
4008,9/12/2020 9:00,TBOC,South,3,19.532
4009,9/12/2020 10:00,TBOC,South,3,19.698
4010,9/12/2020 11:00,TBOC,South,3,19.793
4011,9/12/2020 12:00,TBOC,South,3,20.007
4012,9/12/2020 13:00,TBOC,South,3,20.388
4013,9/12/2020 14:00,TBOC,South,3,20.603
4014,9/12/2020 15:00,TBOC,South,3,20.722
4015,9/12/2020 16:00,TBOC,South,3,20.817
4016,9/12/2020 17:00,TBOC,South,3,20.77
4017,9/12/2020 18:00,TBOC,South,3,20.603
4018,9/12/2020 19:00,TBOC,South,3,20.436
4019,9/12/2020 20:00,TBOC,South,3,20.365
4020,9/12/2020 21:00,TBOC,South,3,20.317
4021,9/12/2020 22:00,TBOC,South,3,20.412
4022,9/12/2020 23:00,TBOC,South,3,20.317
4023,9/13/2020 0:00,TBOC,South,3,20.222
4024,9/13/2020 1:00,TBOC,South,3,20.15
4025,9/13/2020 2:00,TBOC,South,3,19.936
4026,9/13/2020 3:00,TBOC,South,3,19.056
4027,9/13/2020 4:00,TBOC,South,3,17.938
4028,9/13/2020 5:00,TBOC,South,3,17.772
4029,9/13/2020 6:00,TBOC,South,3,19.175
4030,9/13/2020 7:00,TBOC,South,3,19.508
4031,9/13/2020 8:00,TBOC,South,3,19.532
4032,9/13/2020 9:00,TBOC,South,3,19.341
4033,9/13/2020 10:00,TBOC,South,3,19.579
4034,9/13/2020 11:00,TBOC,South,3,19.46
4035,9/13/2020 12:00,TBOC,South,3,19.674
4036,9/13/2020 13:00,TBOC,South,3,19.817
4037,9/13/2020 14:00,TBOC,South,3,20.246
4038,9/13/2020 15:00,TBOC,South,3,20.531
4039,9/13/2020 16:00,TBOC,South,3,20.507
4040,9/13/2020 17:00,TBOC,South,3,20.269
4041,9/13/2020 18:00,TBOC,South,3,20.198
4042,9/13/2020 19:00,TBOC,South,3,20.15
4043,9/13/2020 20:00,TBOC,South,3,20.079
4044,9/13/2020 21:00,TBOC,South,3,20.031
4045,9/13/2020 22:00,TBOC,South,3,19.96
4046,9/13/2020 23:00,TBOC,South,3,19.817
4047,9/14/2020 0:00,TBOC,South,3,19.603
4048,9/14/2020 1:00,TBOC,South,3,19.46
4049,9/14/2020 2:00,TBOC,South,3,19.199
4050,9/14/2020 3:00,TBOC,South,3,18.652
4051,9/14/2020 4:00,TBOC,South,3,18.152
4052,9/14/2020 5:00,TBOC,South,3,15.39
4053,9/14/2020 6:00,TBOC,South,3,15.175
4054,9/14/2020 7:00,TBOC,South,3,18.366
4055,9/14/2020 8:00,TBOC,South,3,18.889
4056,9/14/2020 9:00,TBOC,South,3,18.985
4057,9/14/2020 10:00,TBOC,South,3,19.175
4058,9/14/2020 11:00,TBOC,South,3,19.365
4059,9/14/2020 12:00,TBOC,South,3,19.484
4060,9/14/2020 13:00,TBOC,South,3,19.888
4061,9/14/2020 14:00,TBOC,South,3,20.293
4062,9/14/2020 15:00,TBOC,South,3,20.698
4063,9/14/2020 16:00,TBOC,South,3,21.079
4064,9/14/2020 17:00,TBOC,South,3,20.722
4065,9/14/2020 18:00,TBOC,South,3,20.507
4066,9/14/2020 19:00,TBOC,South,3,20.317
4067,9/14/2020 20:00,TBOC,South,3,20.222
4068,9/14/2020 21:00,TBOC,South,3,20.055
4069,9/14/2020 22:00,TBOC,South,3,20.031
4070,9/14/2020 23:00,TBOC,South,3,19.936
4071,9/15/2020 0:00,TBOC,South,3,19.888
4072,9/15/2020 1:00,TBOC,South,3,19.793
4073,9/15/2020 2:00,TBOC,South,3,19.698
4074,9/15/2020 3:00,TBOC,South,3,19.532
4075,9/15/2020 4:00,TBOC,South,3,19.103
4076,9/15/2020 5:00,TBOC,South,3,18.247
4077,9/15/2020 6:00,TBOC,South,3,14.984
4078,9/15/2020 7:00,TBOC,South,3,15.223
4079,9/15/2020 8:00,TBOC,South,3,18.794
4080,9/15/2020 9:00,TBOC,South,3,19.413
4081,9/15/2020 10:00,TBOC,South,3,19.579
4082,9/15/2020 11:00,TBOC,South,3,19.865
4083,9/15/2020 12:00,TBOC,South,3,20.317
4084,9/15/2020 13:00,TBOC,South,3,20.698
4085,9/15/2020 14:00,TBOC,South,3,21.103
4086,9/15/2020 15:00,TBOC,South,3,21.819
4087,9/15/2020 16:00,TBOC,South,3,22.226
4088,9/15/2020 17:00,TBOC,South,3,21.987
4089,9/15/2020 18:00,TBOC,South,3,21.604
4090,9/15/2020 19:00,TBOC,South,3,21.246
4091,9/15/2020 20:00,TBOC,South,3,20.96
4092,9/15/2020 21:00,TBOC,South,3,20.746
4093,9/15/2020 22:00,TBOC,South,3,20.579
4094,9/15/2020 23:00,TBOC,South,3,20.603
4095,9/16/2020 0:00,TBOC,South,3,20.555
4096,9/16/2020 1:00,TBOC,South,3,20.555
4097,9/16/2020 2:00,TBOC,South,3,20.698
4098,9/16/2020 3:00,TBOC,South,3,20.698
4099,9/16/2020 4:00,TBOC,South,3,20.627
4100,9/16/2020 5:00,TBOC,South,3,20.269
4101,9/16/2020 6:00,TBOC,South,3,19.722
4102,9/16/2020 7:00,TBOC,South,3,18.224
4103,9/16/2020 8:00,TBOC,South,3,19.984
4104,9/16/2020 9:00,TBOC,South,3,20.579
4105,9/16/2020 10:00,TBOC,South,3,20.77
4106,9/16/2020 11:00,TBOC,South,3,20.817
4107,9/16/2020 12:00,TBOC,South,3,20.936
4108,9/16/2020 13:00,TBOC,South,3,21.151
4109,9/16/2020 14:00,TBOC,South,3,21.581
4110,9/16/2020 15:00,TBOC,South,3,22.034
4111,9/16/2020 16:00,TBOC,South,3,22.609
4112,9/16/2020 17:00,TBOC,South,3,22.681
4113,9/16/2020 18:00,TBOC,South,3,23.184
4114,9/16/2020 19:00,TBOC,South,3,22.298
4115,9/16/2020 20:00,TBOC,South,3,22.154
4116,9/16/2020 21:00,TBOC,South,3,21.724
4117,9/16/2020 22:00,TBOC,South,3,21.318
4118,9/16/2020 23:00,TBOC,South,3,21.127
4119,9/17/2020 0:00,TBOC,South,3,21.056
4120,9/17/2020 1:00,TBOC,South,3,21.056
4121,9/17/2020 2:00,TBOC,South,3,21.175
4122,9/17/2020 3:00,TBOC,South,3,21.294
4123,9/17/2020 4:00,TBOC,South,3,21.318
4124,9/17/2020 5:00,TBOC,South,3,21.199
4125,9/17/2020 6:00,TBOC,South,3,20.698
4126,9/17/2020 7:00,TBOC,South,3,19.389
4127,9/17/2020 8:00,TBOC,South,3,18.176
4128,9/17/2020 9:00,TBOC,South,3,20.889
4129,9/17/2020 10:00,TBOC,South,3,21.199
4130,9/17/2020 11:00,TBOC,South,3,21.27
4131,9/17/2020 12:00,TBOC,South,3,21.366
4132,9/17/2020 13:00,TBOC,South,4,21.39
4133,9/17/2020 14:00,TBOC,South,4,21.509
4134,9/17/2020 15:00,TBOC,South,4,21.748
4135,9/17/2020 16:00,TBOC,South,4,22.226
4136,9/17/2020 17:00,TBOC,South,4,22.729
4137,9/17/2020 18:00,TBOC,South,4,22.944
4138,9/17/2020 19:00,TBOC,South,4,22.178
4139,9/17/2020 20:00,TBOC,South,4,21.819
4140,9/17/2020 21:00,TBOC,South,4,21.509
4141,9/17/2020 22:00,TBOC,South,4,21.509
4142,9/17/2020 23:00,TBOC,South,4,21.318
4143,9/18/2020 0:00,TBOC,South,4,21.175
4144,9/18/2020 1:00,TBOC,South,4,21.127
4145,9/18/2020 2:00,TBOC,South,4,21.079
4146,9/18/2020 3:00,TBOC,South,4,21.079
4147,9/18/2020 4:00,TBOC,South,4,20.913
4148,9/18/2020 5:00,TBOC,South,4,20.674
4149,9/18/2020 6:00,TBOC,South,4,20.388
4150,9/18/2020 7:00,TBOC,South,4,19.674
4151,9/18/2020 8:00,TBOC,South,4,19.27
4152,9/18/2020 9:00,TBOC,South,4,20.365
4153,9/18/2020 10:00,TBOC,South,4,20.674
4154,9/18/2020 11:00,TBOC,South,4,20.96
4155,9/18/2020 12:00,TBOC,South,4,21.151
4156,9/18/2020 13:00,TBOC,South,4,21.461
4157,9/18/2020 14:00,TBOC,South,4,21.7
4158,9/18/2020 15:00,TBOC,South,4,21.915
4159,9/18/2020 16:00,TBOC,South,4,22.417
4160,9/18/2020 17:00,TBOC,South,4,22.633
4161,9/18/2020 18:00,TBOC,South,4,22.848
4162,9/18/2020 19:00,TBOC,South,4,23.16
4163,9/18/2020 20:00,TBOC,South,4,22.465
4164,9/18/2020 21:00,TBOC,South,4,22.226
4165,9/18/2020 22:00,TBOC,South,4,22.226
4166,9/18/2020 23:00,TBOC,South,4,21.939
4167,9/19/2020 0:00,TBOC,South,4,21.604
4168,9/19/2020 1:00,TBOC,South,4,21.413
4169,9/19/2020 2:00,TBOC,South,4,21.318
4170,9/19/2020 3:00,TBOC,South,4,21.246
4171,9/19/2020 4:00,TBOC,South,4,21.199
4172,9/19/2020 5:00,TBOC,South,4,20.865
4173,9/19/2020 6:00,TBOC,South,4,20.484
4174,9/19/2020 7:00,TBOC,South,4,19.912
4175,9/19/2020 8:00,TBOC,South,4,19.555
4176,9/19/2020 9:00,TBOC,South,4,20.507
4177,9/19/2020 10:00,TBOC,South,4,21.032
4178,9/19/2020 11:00,TBOC,South,4,21.437
4179,9/19/2020 12:00,TBOC,South,4,21.509
4180,9/19/2020 13:00,TBOC,South,4,21.652
4181,9/19/2020 14:00,TBOC,South,4,21.7
4182,9/19/2020 15:00,TBOC,South,4,21.891
4183,9/19/2020 16:00,TBOC,South,4,22.226
4184,9/19/2020 17:00,TBOC,South,4,23.28
4185,9/19/2020 18:00,TBOC,South,4,23.28
4186,9/19/2020 19:00,TBOC,South,4,23.304
4187,9/19/2020 20:00,TBOC,South,4,22.034
4188,9/19/2020 21:00,TBOC,South,4,21.27
4189,9/19/2020 22:00,TBOC,South,4,21.39
4190,9/19/2020 23:00,TBOC,South,4,21.891
4191,9/20/2020 0:00,TBOC,South,4,21.724
4192,9/20/2020 1:00,TBOC,South,4,21.509
4193,9/20/2020 2:00,TBOC,South,4,21.437
4194,9/20/2020 3:00,TBOC,South,4,21.342
4195,9/20/2020 4:00,TBOC,South,4,21.27
4196,9/20/2020 5:00,TBOC,South,4,20.96
4197,9/20/2020 6:00,TBOC,South,4,20.436
4198,9/20/2020 7:00,TBOC,South,4,19.746
4199,9/20/2020 8:00,TBOC,South,4,19.08
4200,9/20/2020 9:00,TBOC,South,4,19.103
4201,9/20/2020 10:00,TBOC,South,4,20.603
4202,9/20/2020 11:00,TBOC,South,4,21.223
4203,9/20/2020 12:00,TBOC,South,4,21.437
4204,9/20/2020 13:00,TBOC,South,4,21.581
4205,9/20/2020 14:00,TBOC,South,4,21.772
4206,9/20/2020 15:00,TBOC,South,4,21.915
4207,9/20/2020 16:00,TBOC,South,4,22.058
4208,9/20/2020 17:00,TBOC,South,4,22.345
4209,9/20/2020 18:00,TBOC,South,4,22.8
4210,9/20/2020 19:00,TBOC,South,4,22.513
4211,9/20/2020 20:00,TBOC,South,4,22.537
4212,9/20/2020 21:00,TBOC,South,4,21.27
4213,9/20/2020 22:00,TBOC,South,4,20.579
4214,9/20/2020 23:00,TBOC,South,4,20.96
4215,9/21/2020 0:00,TBOC,South,4,21.7
4216,9/21/2020 1:00,TBOC,South,4,21.772
4217,9/21/2020 2:00,TBOC,South,4,21.652
4218,9/21/2020 3:00,TBOC,South,4,21.413
4219,9/21/2020 4:00,TBOC,South,4,21.318
4220,9/21/2020 5:00,TBOC,South,4,21.199
4221,9/21/2020 6:00,TBOC,South,4,20.865
4222,9/21/2020 7:00,TBOC,South,4,20.507
4223,9/21/2020 8:00,TBOC,South,4,19.746
4224,9/21/2020 9:00,TBOC,South,4,19.27
4225,9/21/2020 10:00,TBOC,South,4,20.198
4226,9/21/2020 11:00,TBOC,South,4,21.175
4227,9/21/2020 12:00,TBOC,South,4,21.652
4228,9/21/2020 13:00,TBOC,South,4,21.748
4229,9/21/2020 14:00,TBOC,South,4,21.819
4230,9/21/2020 15:00,TBOC,South,4,21.915
4231,9/21/2020 16:00,TBOC,South,4,22.011
4232,9/21/2020 17:00,TBOC,South,4,21.987
4233,9/21/2020 18:00,TBOC,South,4,21.915
4234,9/21/2020 19:00,TBOC,South,4,21.724
4235,9/21/2020 20:00,TBOC,South,4,21.461
4236,9/21/2020 21:00,TBOC,South,4,21.342
4237,9/21/2020 22:00,TBOC,South,4,20.555
4238,9/21/2020 23:00,TBOC,South,4,19.532
4239,9/22/2020 0:00,TBOC,South,4,19.508
4240,9/22/2020 1:00,TBOC,South,4,20.246
4241,9/22/2020 2:00,TBOC,South,4,20.674
4242,9/22/2020 3:00,TBOC,South,4,20.674
4243,9/22/2020 4:00,TBOC,South,4,20.77
4244,9/22/2020 5:00,TBOC,South,4,20.817
4245,9/22/2020 6:00,TBOC,South,4,20.698
4246,9/22/2020 7:00,TBOC,South,4,20.341
4247,9/22/2020 8:00,TBOC,South,4,19.888
4248,9/22/2020 9:00,TBOC,South,4,20.055
4249,9/22/2020 10:00,TBOC,South,4,20.722
4250,9/22/2020 11:00,TBOC,South,4,21.056
4251,9/22/2020 12:00,TBOC,South,4,21.199
4252,9/22/2020 13:00,TBOC,South,4,21.318
4253,9/22/2020 14:00,TBOC,South,4,21.437
4254,9/22/2020 15:00,TBOC,South,4,21.533
4255,9/22/2020 16:00,TBOC,South,4,21.604
4256,9/22/2020 17:00,TBOC,South,4,21.628
4257,9/22/2020 18:00,TBOC,South,4,21.581
4258,9/22/2020 19:00,TBOC,South,4,21.437
4259,9/22/2020 20:00,TBOC,South,4,21.557
4260,9/22/2020 21:00,TBOC,South,4,21.581
4261,9/22/2020 22:00,TBOC,South,4,20.96
4262,9/22/2020 23:00,TBOC,South,4,19.793
4263,9/23/2020 0:00,TBOC,South,4,17.177
4264,9/23/2020 1:00,TBOC,South,4,14.098
4265,9/23/2020 2:00,TBOC,South,4,19.008
4266,9/23/2020 3:00,TBOC,South,4,20.174
4267,9/23/2020 4:00,TBOC,South,4,20.222
4268,9/23/2020 5:00,TBOC,South,4,20.055
4269,9/23/2020 6:00,TBOC,South,4,20.126
4270,9/23/2020 7:00,TBOC,South,4,19.96
4271,9/23/2020 8:00,TBOC,South,4,19.674
4272,9/23/2020 9:00,TBOC,South,4,18.818
4273,9/23/2020 10:00,TBOC,South,4,19.27
4274,9/23/2020 11:00,TBOC,South,4,20.46
4275,9/23/2020 12:00,TBOC,South,4,20.889
4276,9/23/2020 13:00,TBOC,South,4,21.175
4277,9/23/2020 14:00,TBOC,South,4,21.413
4278,9/23/2020 15:00,TBOC,South,4,21.557
4279,9/23/2020 16:00,TBOC,South,4,21.652
4280,9/23/2020 17:00,TBOC,South,4,21.7
4281,9/23/2020 18:00,TBOC,South,4,21.7
4282,9/23/2020 19:00,TBOC,South,4,21.604
4283,9/23/2020 20:00,TBOC,South,4,21.819
4284,9/23/2020 21:00,TBOC,South,4,21.891
4285,9/23/2020 22:00,TBOC,South,4,21.939
4286,9/23/2020 23:00,TBOC,South,4,21.032
4287,9/24/2020 0:00,TBOC,South,4,20.484
4288,9/24/2020 1:00,TBOC,South,4,18.818
4289,9/24/2020 2:00,TBOC,South,4,17.748
4290,9/24/2020 3:00,TBOC,South,4,20.603
4291,9/24/2020 4:00,TBOC,South,4,21.032
4292,9/24/2020 5:00,TBOC,South,4,21.032
4293,9/24/2020 6:00,TBOC,South,4,20.889
4294,9/24/2020 7:00,TBOC,South,4,20.865
4295,9/24/2020 8:00,TBOC,South,4,20.865
4296,9/24/2020 9:00,TBOC,South,4,20.841
4297,9/24/2020 10:00,TBOC,South,4,20.865
4298,9/24/2020 11:00,TBOC,South,4,21.079
4299,9/24/2020 12:00,TBOC,South,4,21.485
4300,9/24/2020 13:00,TBOC,South,4,21.891
4301,9/24/2020 14:00,TBOC,South,4,21.891
4302,9/24/2020 15:00,TBOC,South,4,21.867
4303,9/24/2020 16:00,TBOC,South,4,21.939
4304,9/24/2020 17:00,TBOC,South,4,21.891
4305,9/24/2020 18:00,TBOC,South,4,21.772
4306,9/24/2020 19:00,TBOC,South,4,21.604
4307,9/24/2020 20:00,TBOC,South,4,21.461
4308,9/24/2020 21:00,TBOC,South,4,21.294
4309,9/24/2020 22:00,TBOC,South,4,21.079
4310,9/24/2020 23:00,TBOC,South,4,20.817
4311,9/25/2020 0:00,TBOC,South,4,20.603
4312,9/25/2020 1:00,TBOC,South,4,19.96
4313,9/25/2020 2:00,TBOC,South,4,19.841
4314,9/25/2020 3:00,TBOC,South,4,19.579
4315,9/25/2020 4:00,TBOC,South,4,19.579
4316,9/25/2020 5:00,TBOC,South,4,19.77
4317,9/25/2020 6:00,TBOC,South,4,19.936
4318,9/25/2020 7:00,TBOC,South,4,19.984
4319,9/25/2020 8:00,TBOC,South,4,19.698
4320,9/25/2020 9:00,TBOC,South,4,19.032
4321,9/25/2020 10:00,TBOC,South,4,19.722
4322,9/25/2020 11:00,TBOC,South,4,20.484
4323,9/25/2020 12:00,TBOC,South,4,20.984
4324,9/25/2020 13:00,TBOC,South,4,21.199
4325,9/25/2020 14:00,TBOC,South,4,21.175
4326,9/25/2020 15:00,TBOC,South,4,21.175
4327,9/25/2020 16:00,TBOC,South,4,21.103
4328,9/25/2020 17:00,TBOC,South,4,21.175
4329,9/25/2020 18:00,TBOC,South,4,21.079
4330,9/25/2020 19:00,TBOC,South,4,20.984
4331,9/25/2020 20:00,TBOC,South,4,20.841
4332,9/25/2020 21:00,TBOC,South,4,20.627
4333,9/25/2020 22:00,TBOC,South,4,20.674
4334,9/25/2020 23:00,TBOC,South,4,20.46
4335,9/26/2020 0:00,TBOC,South,4,20.198
4336,9/26/2020 1:00,TBOC,South,4,19.865
4337,9/26/2020 2:00,TBOC,South,4,19.746
4338,9/26/2020 3:00,TBOC,South,4,18.366
4339,9/26/2020 4:00,TBOC,South,4,16.654
4340,9/26/2020 5:00,TBOC,South,4,17.938
4341,9/26/2020 6:00,TBOC,South,4,19.27
4342,9/26/2020 7:00,TBOC,South,4,19.46
4343,9/26/2020 8:00,TBOC,South,4,19.603
4344,9/26/2020 9:00,TBOC,South,4,19.865
4345,9/26/2020 10:00,TBOC,South,4,20.079
4346,9/26/2020 11:00,TBOC,South,4,20.293
4347,9/26/2020 12:00,TBOC,South,4,20.603
4348,9/26/2020 13:00,TBOC,South,4,20.936
4349,9/26/2020 14:00,TBOC,South,4,21.175
4350,9/26/2020 15:00,TBOC,South,4,21.366
4351,9/26/2020 16:00,TBOC,South,4,21.581
4352,9/26/2020 17:00,TBOC,South,4,21.318
4353,9/26/2020 18:00,TBOC,South,4,21.032
4354,9/26/2020 19:00,TBOC,South,4,20.817
4355,9/26/2020 20:00,TBOC,South,4,20.65
4356,9/26/2020 21:00,TBOC,South,4,20.531
4357,9/26/2020 22:00,TBOC,South,4,20.412
4358,9/26/2020 23:00,TBOC,South,4,20.246
4359,9/27/2020 0:00,TBOC,South,4,20.007
4360,9/27/2020 1:00,TBOC,South,4,19.865
4361,9/27/2020 2:00,TBOC,South,4,19.555
4362,9/27/2020 3:00,TBOC,South,4,18.557
4363,9/27/2020 4:00,TBOC,South,4,16.32
4364,9/27/2020 5:00,TBOC,South,4,14.05
4365,9/27/2020 6:00,TBOC,South,4,17.891
4366,9/27/2020 7:00,TBOC,South,4,18.533
4367,9/27/2020 8:00,TBOC,South,4,18.889
4368,9/27/2020 9:00,TBOC,South,4,19.175
4369,9/27/2020 10:00,TBOC,South,4,19.674
4370,9/27/2020 11:00,TBOC,South,4,20.031
4371,9/27/2020 12:00,TBOC,South,4,20.007
4372,9/27/2020 13:00,TBOC,South,4,20.222
4373,9/27/2020 14:00,TBOC,South,4,20.841
4374,9/27/2020 15:00,TBOC,South,4,21.557
4375,9/27/2020 16:00,TBOC,South,4,21.772
4376,9/27/2020 17:00,TBOC,South,4,21.581
4377,9/27/2020 18:00,TBOC,South,4,21.437
4378,9/27/2020 19:00,TBOC,South,4,21.246
4379,9/27/2020 20:00,TBOC,South,4,21.127
4380,9/27/2020 21:00,TBOC,South,4,21.008
4381,9/27/2020 22:00,TBOC,South,4,20.936
4382,9/27/2020 23:00,TBOC,South,4,20.936
4383,9/28/2020 0:00,TBOC,South,4,20.936
4384,9/28/2020 1:00,TBOC,South,4,20.722
4385,9/28/2020 2:00,TBOC,South,4,20.603
4386,9/28/2020 3:00,TBOC,South,4,20.341
4387,9/28/2020 4:00,TBOC,South,4,19.127
4388,9/28/2020 5:00,TBOC,South,4,17.534
4389,9/28/2020 6:00,TBOC,South,4,16.558
4390,9/28/2020 7:00,TBOC,South,4,18.224
4391,9/28/2020 8:00,TBOC,South,4,19.817
4392,9/28/2020 9:00,TBOC,South,4,20.126
4393,9/28/2020 10:00,TBOC,South,4,20.365
4394,9/28/2020 11:00,TBOC,South,4,20.603
4395,9/28/2020 12:00,TBOC,South,4,20.865
4396,9/28/2020 13:00,TBOC,South,4,21.127
4397,9/28/2020 14:00,TBOC,South,4,21.581
4398,9/28/2020 15:00,TBOC,South,4,22.058
4399,9/28/2020 16:00,TBOC,South,4,22.681
4400,9/28/2020 17:00,TBOC,South,4,22.705
4401,9/28/2020 18:00,TBOC,South,4,22.13
4402,9/28/2020 19:00,TBOC,South,4,21.724
4403,9/28/2020 20:00,TBOC,South,4,21.318
4404,9/28/2020 21:00,TBOC,South,4,21.103
4405,9/28/2020 22:00,TBOC,South,4,21.032
4406,9/28/2020 23:00,TBOC,South,4,20.936
4407,9/29/2020 0:00,TBOC,South,4,20.793
4408,9/29/2020 1:00,TBOC,South,4,20.746
4409,9/29/2020 2:00,TBOC,South,4,20.65
4410,9/29/2020 3:00,TBOC,South,4,20.46
4411,9/29/2020 4:00,TBOC,South,4,19.888
4412,9/29/2020 5:00,TBOC,South,4,19.413
4413,9/29/2020 6:00,TBOC,South,4,18.557
4414,9/29/2020 7:00,TBOC,South,4,18.961
4415,9/29/2020 8:00,TBOC,South,4,19.746
4416,9/29/2020 9:00,TBOC,South,4,19.984
4417,9/29/2020 10:00,TBOC,South,4,20.031
4418,9/29/2020 11:00,TBOC,South,4,20.436
4419,9/29/2020 12:00,TBOC,South,4,20.746
4420,9/29/2020 13:00,TBOC,South,4,20.936
4421,9/29/2020 14:00,TBOC,South,4,21.175
4422,9/29/2020 15:00,TBOC,South,4,21.7
4423,9/29/2020 16:00,TBOC,South,4,21.987
4424,9/29/2020 17:00,TBOC,South,4,21.915
4425,9/29/2020 18:00,TBOC,South,4,21.891
4426,9/29/2020 19:00,TBOC,South,4,21.437
4427,9/29/2020 20:00,TBOC,South,4,21.437
4428,9/29/2020 21:00,TBOC,South,4,21.223
4429,9/29/2020 22:00,TBOC,South,4,20.984
4430,9/29/2020 23:00,TBOC,South,4,20.936
4431,9/30/2020 0:00,TBOC,South,4,20.841
4432,9/30/2020 1:00,TBOC,South,4,20.746
4433,9/30/2020 2:00,TBOC,South,4,20.627
4434,9/30/2020 3:00,TBOC,South,4,20.317
4435,9/30/2020 4:00,TBOC,South,4,19.746
4436,9/30/2020 5:00,TBOC,South,4,19.389
4437,9/30/2020 6:00,TBOC,South,4,19.413
4438,9/30/2020 7:00,TBOC,South,4,18.723
4439,9/30/2020 8:00,TBOC,South,4,19.46
4440,9/30/2020 9:00,TBOC,South,4,19.77
4441,9/30/2020 10:00,TBOC,South,4,20.007
4442,9/30/2020 11:00,TBOC,South,4,20.174
4443,9/30/2020 12:00,TBOC,South,4,20.555
4444,9/30/2020 13:00,TBOC,South,4,20.817
4445,9/30/2020 14:00,TBOC,South,4,20.984
4446,9/30/2020 15:00,TBOC,South,4,21.366
4447,9/30/2020 16:00,TBOC,South,4,21.676
4448,9/30/2020 17:00,TBOC,South,4,21.987
4449,9/30/2020 18:00,TBOC,South,4,22.154
4450,9/30/2020 19:00,TBOC,South,4,21.294
4451,9/30/2020 20:00,TBOC,South,4,21.223
4452,9/30/2020 21:00,TBOC,South,4,21.223
4453,9/30/2020 22:00,TBOC,South,4,20.984
4454,9/30/2020 23:00,TBOC,South,4,20.817
4455,10/1/2020 0:00,TBOC,South,4,20.77
4456,10/1/2020 1:00,TBOC,South,4,20.65
4457,10/1/2020 2:00,TBOC,South,4,20.507
4458,10/1/2020 3:00,TBOC,South,4,20.365
4459,10/1/2020 4:00,TBOC,South,4,19.77
4460,10/1/2020 5:00,TBOC,South,4,19.103
4461,10/1/2020 6:00,TBOC,South,4,18.319
4462,10/1/2020 7:00,TBOC,South,4,17.819
4463,10/1/2020 8:00,TBOC,South,4,17.915
4464,10/1/2020 9:00,TBOC,South,4,18.247
4465,10/1/2020 10:00,TBOC,South,4,19.698
4466,10/1/2020 11:00,TBOC,South,4,20.031
4467,10/1/2020 12:00,TBOC,South,4,20.507
4468,10/1/2020 13:00,TBOC,South,4,20.746
4469,10/1/2020 14:00,TBOC,South,4,20.841
4470,10/1/2020 15:00,TBOC,South,4,20.984
4471,10/1/2020 16:00,TBOC,South,4,21.318
4472,10/1/2020 17:00,TBOC,South,4,21.461
4473,10/1/2020 18:00,TBOC,South,4,21.366
4474,10/1/2020 19:00,TBOC,South,4,20.913
4475,10/1/2020 20:00,TBOC,South,4,20.698
4476,10/1/2020 21:00,TBOC,South,4,20.865
4477,10/1/2020 22:00,TBOC,South,4,20.817
4478,10/1/2020 23:00,TBOC,South,4,20.579
4479,10/2/2020 0:00,TBOC,South,4,20.46
4480,10/2/2020 1:00,TBOC,South,4,20.365
4481,10/2/2020 2:00,TBOC,South,4,20.269
4482,10/2/2020 3:00,TBOC,South,4,20.126
4483,10/2/2020 4:00,TBOC,South,4,19.627
4484,10/2/2020 5:00,TBOC,South,4,19.008
4485,10/2/2020 6:00,TBOC,South,4,18.509
4486,10/2/2020 7:00,TBOC,South,4,17.724
4487,10/2/2020 8:00,TBOC,South,4,17.439
4488,10/2/2020 9:00,TBOC,South,4,19.056
4489,10/2/2020 10:00,TBOC,South,4,19.436
4490,10/2/2020 11:00,TBOC,South,4,19.888
4491,10/2/2020 12:00,TBOC,South,4,20.555
4492,10/2/2020 13:00,TBOC,South,4,20.746
4493,10/2/2020 14:00,TBOC,South,4,20.984
4494,10/2/2020 15:00,TBOC,South,4,21.581
4495,10/2/2020 16:00,TBOC,South,4,21.461
4496,10/2/2020 17:00,TBOC,South,4,21.485
4497,10/2/2020 18:00,TBOC,South,4,21.628
4498,10/2/2020 19:00,TBOC,South,4,20.77
4499,10/2/2020 20:00,TBOC,South,4,20.555
4500,10/2/2020 21:00,TBOC,South,4,20.603
4501,10/2/2020 22:00,TBOC,South,4,20.65
4502,10/2/2020 23:00,TBOC,South,4,20.603
4503,10/3/2020 0:00,TBOC,South,4,20.46
4504,10/3/2020 1:00,TBOC,South,4,20.341
4505,10/3/2020 2:00,TBOC,South,4,20.246
4506,10/3/2020 3:00,TBOC,South,4,20.15
4507,10/3/2020 4:00,TBOC,South,4,19.912
4508,10/3/2020 5:00,TBOC,South,4,19.651
4509,10/3/2020 6:00,TBOC,South,4,18.889
4510,10/3/2020 7:00,TBOC,South,4,18.129
4511,10/3/2020 8:00,TBOC,South,4,17.463
4512,10/3/2020 9:00,TBOC,South,4,19.056
4513,10/3/2020 10:00,TBOC,South,4,19.341
4514,10/3/2020 11:00,TBOC,South,4,19.936
4515,10/3/2020 12:00,TBOC,South,4,20.341
4516,10/3/2020 13:00,TBOC,South,4,20.555
4517,10/3/2020 14:00,TBOC,South,4,20.817
4518,10/3/2020 15:00,TBOC,South,4,21.008
4519,10/3/2020 16:00,TBOC,South,4,21.461
4520,10/3/2020 17:00,TBOC,South,4,21.867
4521,10/3/2020 18:00,TBOC,South,4,21.724
4522,10/3/2020 19:00,TBOC,South,4,21.151
4523,10/3/2020 20:00,TBOC,South,4,20.436
4524,10/3/2020 21:00,TBOC,South,4,20.222
4525,10/3/2020 22:00,TBOC,South,4,20.388
4526,10/3/2020 23:00,TBOC,South,4,20.388
4527,10/4/2020 0:00,TBOC,South,4,20.388
4528,10/4/2020 1:00,TBOC,South,4,20.269
4529,10/4/2020 2:00,TBOC,South,4,20.174
4530,10/4/2020 3:00,TBOC,South,4,20.079
4531,10/4/2020 4:00,TBOC,South,4,19.984
4532,10/4/2020 5:00,TBOC,South,4,19.508
4533,10/4/2020 6:00,TBOC,South,4,19.246
4534,10/4/2020 7:00,TBOC,South,4,18.675
4535,10/4/2020 8:00,TBOC,South,4,19.222
4536,10/4/2020 9:00,TBOC,South,4,19.436
4537,10/4/2020 10:00,TBOC,South,4,19.436
4538,10/4/2020 11:00,TBOC,South,4,19.746
4539,10/4/2020 12:00,TBOC,South,4,19.888
4540,10/4/2020 13:00,TBOC,South,4,20.007
4541,10/4/2020 14:00,TBOC,South,4,20.198
4542,10/4/2020 15:00,TBOC,South,4,20.269
4543,10/4/2020 16:00,TBOC,South,4,20.388
4544,10/4/2020 17:00,TBOC,South,4,20.484
4545,10/4/2020 18:00,TBOC,South,4,20.388
4546,10/4/2020 19:00,TBOC,South,4,20.126
4547,10/4/2020 20:00,TBOC,South,4,19.555
4548,10/4/2020 21:00,TBOC,South,4,19.08
4549,10/4/2020 22:00,TBOC,South,4,19.294
4550,10/4/2020 23:00,TBOC,South,4,19.603
4551,10/5/2020 0:00,TBOC,South,4,19.674
4552,10/5/2020 1:00,TBOC,South,4,19.698
4553,10/5/2020 2:00,TBOC,South,4,19.698
4554,10/5/2020 3:00,TBOC,South,4,19.698
4555,10/5/2020 4:00,TBOC,South,4,19.532
4556,10/5/2020 5:00,TBOC,South,4,19.08
4557,10/5/2020 6:00,TBOC,South,4,18.699
4558,10/5/2020 7:00,TBOC,South,4,18.557
4559,10/5/2020 8:00,TBOC,South,4,17.534
4560,10/5/2020 9:00,TBOC,South,4,18.057
4561,10/5/2020 10:00,TBOC,South,4,18.652
4562,10/5/2020 11:00,TBOC,South,4,19.341
4563,10/5/2020 12:00,TBOC,South,4,19.793
4564,10/5/2020 13:00,TBOC,South,4,20.055
4565,10/5/2020 14:00,TBOC,South,4,20.246
4566,10/5/2020 15:00,TBOC,South,4,20.412
4567,10/5/2020 16:00,TBOC,South,4,20.603
4568,10/5/2020 17:00,TBOC,South,4,20.722
4569,10/5/2020 18:00,TBOC,South,4,20.674
4570,10/5/2020 19:00,TBOC,South,4,20.507
4571,10/5/2020 20:00,TBOC,South,4,20.031
4572,10/5/2020 21:00,TBOC,South,4,19.27
4573,10/5/2020 22:00,TBOC,South,4,18.39
4574,10/5/2020 23:00,TBOC,South,4,18.604
4575,10/6/2020 0:00,TBOC,South,4,19.674
4576,10/6/2020 1:00,TBOC,South,4,19.722
4577,10/6/2020 2:00,TBOC,South,4,19.746
4578,10/6/2020 3:00,TBOC,South,4,19.698
4579,10/6/2020 4:00,TBOC,South,4,19.603
4580,10/6/2020 5:00,TBOC,South,4,19.508
4581,10/6/2020 6:00,TBOC,South,4,19.341
4582,10/6/2020 7:00,TBOC,South,4,18.509
4583,10/6/2020 8:00,TBOC,South,4,18.461
4584,10/6/2020 9:00,TBOC,South,4,18.105
4585,10/6/2020 10:00,TBOC,South,4,18.723
4586,10/6/2020 11:00,TBOC,South,4,19.318
4587,10/6/2020 12:00,TBOC,South,4,19.722
4588,10/6/2020 13:00,TBOC,South,4,19.984
4589,10/6/2020 14:00,TBOC,South,4,20.15
4590,10/6/2020 15:00,TBOC,South,4,20.317
4591,10/6/2020 16:00,TBOC,South,4,20.341
4592,10/6/2020 17:00,TBOC,South,4,20.388
4593,10/6/2020 18:00,TBOC,South,4,20.317
4594,10/6/2020 19:00,TBOC,South,4,20.198
4595,10/6/2020 20:00,TBOC,South,4,19.96
4596,10/6/2020 21:00,TBOC,South,4,19.341
4597,10/6/2020 22:00,TBOC,South,4,19.056
4598,10/6/2020 23:00,TBOC,South,4,18.628
4599,10/7/2020 0:00,TBOC,South,4,19.127
4600,10/7/2020 1:00,TBOC,South,4,19.413
4601,10/7/2020 2:00,TBOC,South,4,19.436
4602,10/7/2020 3:00,TBOC,South,4,19.46
4603,10/7/2020 4:00,TBOC,South,4,19.413
4604,10/7/2020 5:00,TBOC,South,4,19.294
4605,10/7/2020 6:00,TBOC,South,4,19.246
4606,10/7/2020 7:00,TBOC,South,4,19.151
4607,10/7/2020 8:00,TBOC,South,4,19.127
4608,10/7/2020 9:00,TBOC,South,4,19.032
4609,10/7/2020 10:00,TBOC,South,4,18.889
4610,10/7/2020 11:00,TBOC,South,4,18.985
4611,10/7/2020 12:00,TBOC,South,4,19.032
4612,10/7/2020 13:00,TBOC,South,4,19.246
4613,10/7/2020 14:00,TBOC,South,4,19.318
4614,10/7/2020 15:00,TBOC,South,4,19.365
4615,10/7/2020 16:00,TBOC,South,4,19.46
4616,10/7/2020 17:00,TBOC,South,4,19.484
4617,10/7/2020 18:00,TBOC,South,4,19.365
4618,10/7/2020 19:00,TBOC,South,4,19.127
4619,10/7/2020 20:00,TBOC,South,4,18.913
4620,10/7/2020 21:00,TBOC,South,4,18.271
4621,10/7/2020 22:00,TBOC,South,4,17.867
4622,10/7/2020 23:00,TBOC,South,4,17.891
4623,10/8/2020 0:00,TBOC,South,4,18.247
4624,10/8/2020 1:00,TBOC,South,4,18.295
4625,10/8/2020 2:00,TBOC,South,4,18.461
4626,10/8/2020 3:00,TBOC,South,4,18.699
4627,10/8/2020 4:00,TBOC,South,4,18.699
4628,10/8/2020 5:00,TBOC,South,4,18.366
4629,10/8/2020 6:00,TBOC,South,4,18.129
4630,10/8/2020 7:00,TBOC,South,4,18.509
4631,10/8/2020 8:00,TBOC,South,4,18.461
4632,10/8/2020 9:00,TBOC,South,4,18.438
4633,10/8/2020 10:00,TBOC,South,4,18.295
4634,10/8/2020 11:00,TBOC,South,4,18.723
4635,10/8/2020 12:00,TBOC,South,4,18.652
4636,10/8/2020 13:00,TBOC,South,4,18.866
4637,10/8/2020 14:00,TBOC,South,4,19.08
4638,10/8/2020 15:00,TBOC,South,4,19.151
4639,10/8/2020 16:00,TBOC,South,4,19.175
4640,10/8/2020 17:00,TBOC,South,4,19.175
4641,10/8/2020 18:00,TBOC,South,4,19.056
4642,10/8/2020 19:00,TBOC,South,4,18.842
4643,10/8/2020 20:00,TBOC,South,4,18.699
4644,10/8/2020 21:00,TBOC,South,4,18.509
4645,10/8/2020 22:00,TBOC,South,4,18.224
4646,10/8/2020 23:00,TBOC,South,4,17.843
4647,10/9/2020 0:00,TBOC,South,4,17.701
4648,10/9/2020 1:00,TBOC,South,4,17.677
4649,10/9/2020 2:00,TBOC,South,4,18.176
4650,10/9/2020 3:00,TBOC,South,4,18.319
4651,10/9/2020 4:00,TBOC,South,4,18.438
4652,10/9/2020 5:00,TBOC,South,4,18.366
4653,10/9/2020 6:00,TBOC,South,4,18.152
4654,10/9/2020 7:00,TBOC,South,4,17.724
4655,10/9/2020 8:00,TBOC,South,4,18.057
4656,10/9/2020 9:00,TBOC,South,4,18.271
4657,10/9/2020 10:00,TBOC,South,4,18.271
4658,10/9/2020 11:00,TBOC,South,4,18.39
4659,10/9/2020 12:00,TBOC,South,4,18.438
4660,10/9/2020 13:00,TBOC,South,4,18.937
4661,10/9/2020 14:00,TBOC,South,4,19.365
4662,10/9/2020 15:00,TBOC,South,4,19.817
4663,10/9/2020 16:00,TBOC,South,4,20.269
4664,10/9/2020 17:00,TBOC,South,4,20.365
4665,10/9/2020 18:00,TBOC,South,4,20.246
4666,10/9/2020 19:00,TBOC,South,4,20.126
4667,10/9/2020 20:00,TBOC,South,4,20.388
4668,10/9/2020 21:00,TBOC,South,4,20.269
4669,10/9/2020 22:00,TBOC,South,4,20.055
4670,10/9/2020 23:00,TBOC,South,4,19.508
4671,10/10/2020 0:00,TBOC,South,4,18.985
4672,10/10/2020 1:00,TBOC,South,4,17.677
4673,10/10/2020 2:00,TBOC,South,4,17.653
4674,10/10/2020 3:00,TBOC,South,4,17.891
4675,10/10/2020 4:00,TBOC,South,4,17.986
4676,10/10/2020 5:00,TBOC,South,4,19.008
4677,10/10/2020 6:00,TBOC,South,4,19.008
4678,10/10/2020 7:00,TBOC,South,4,19.127
4679,10/10/2020 8:00,TBOC,South,4,19.127
4680,10/10/2020 9:00,TBOC,South,4,19.08
4681,10/10/2020 10:00,TBOC,South,4,18.961
4682,10/10/2020 11:00,TBOC,South,4,18.747
4683,10/10/2020 12:00,TBOC,South,4,18.866
4684,10/10/2020 13:00,TBOC,South,4,19.032
4685,10/10/2020 14:00,TBOC,South,4,19.436
4686,10/10/2020 15:00,TBOC,South,4,19.603
4687,10/10/2020 16:00,TBOC,South,4,19.603
4688,10/10/2020 17:00,TBOC,South,4,19.674
4689,10/10/2020 18:00,TBOC,South,4,19.651
4690,10/10/2020 19:00,TBOC,South,4,19.579
4691,10/10/2020 20:00,TBOC,South,4,19.484
4692,10/10/2020 21:00,TBOC,South,4,19.413
4693,10/10/2020 22:00,TBOC,South,4,19.318
4694,10/10/2020 23:00,TBOC,South,4,19.175
4695,10/11/2020 0:00,TBOC,South,4,18.747
4696,10/11/2020 1:00,TBOC,South,4,18.366
4697,10/11/2020 2:00,TBOC,South,4,17.701
4698,10/11/2020 3:00,TBOC,South,4,15.796
4699,10/11/2020 4:00,TBOC,South,4,17.605
4700,10/11/2020 5:00,TBOC,South,4,18.081
4701,10/11/2020 6:00,TBOC,South,4,18.319
4702,10/11/2020 7:00,TBOC,South,4,18.461
4703,10/11/2020 8:00,TBOC,South,4,18.533
4704,10/11/2020 9:00,TBOC,South,4,18.652
4705,10/11/2020 10:00,TBOC,South,4,18.366
4706,10/11/2020 11:00,TBOC,South,4,18.628
4707,10/11/2020 12:00,TBOC,South,4,18.866
4708,10/11/2020 13:00,TBOC,South,4,19.532
4709,10/11/2020 14:00,TBOC,South,4,19.865
4710,10/11/2020 15:00,TBOC,South,4,20.079
4711,10/11/2020 16:00,TBOC,South,4,20.007
4712,10/11/2020 17:00,TBOC,South,4,19.912
4713,10/11/2020 18:00,TBOC,South,4,19.793
4714,10/11/2020 19:00,TBOC,South,4,19.698
4715,10/11/2020 20:00,TBOC,South,4,19.651
4716,10/11/2020 21:00,TBOC,South,4,19.603
4717,10/11/2020 22:00,TBOC,South,4,19.579
4718,10/11/2020 23:00,TBOC,South,4,19.436
4719,10/12/2020 0:00,TBOC,South,4,19.127
4720,10/12/2020 1:00,TBOC,South,4,18.723
4721,10/12/2020 2:00,TBOC,South,4,17.534
4722,10/12/2020 3:00,TBOC,South,4,14.697
4723,10/12/2020 4:00,TBOC,South,4,12.92
4724,10/12/2020 5:00,TBOC,South,4,16.677
4725,10/12/2020 6:00,TBOC,South,4,16.987
4726,10/12/2020 7:00,TBOC,South,4,17.724
4727,10/12/2020 8:00,TBOC,South,4,18.343
4728,10/12/2020 9:00,TBOC,South,4,18.271
4729,10/12/2020 10:00,TBOC,South,4,18.509
4730,10/12/2020 11:00,TBOC,South,4,18.58
4731,10/12/2020 12:00,TBOC,South,4,18.699
4732,10/12/2020 13:00,TBOC,South,4,19.056
4733,10/12/2020 14:00,TBOC,South,4,19.579
4734,10/12/2020 15:00,TBOC,South,4,20.055
4735,10/12/2020 16:00,TBOC,South,4,19.912
4736,10/12/2020 17:00,TBOC,South,4,19.912
4737,10/12/2020 18:00,TBOC,South,4,19.865
4738,10/12/2020 19:00,TBOC,South,4,19.722
4739,10/12/2020 20:00,TBOC,South,4,19.651
4740,10/12/2020 21:00,TBOC,South,4,19.555
4741,10/12/2020 22:00,TBOC,South,4,19.508
4742,10/12/2020 23:00,TBOC,South,4,19.532
4743,10/13/2020 0:00,TBOC,South,4,19.294
4744,10/13/2020 1:00,TBOC,South,4,19.056
4745,10/13/2020 2:00,TBOC,South,4,18.747
4746,10/13/2020 3:00,TBOC,South,4,17.748
4747,10/13/2020 4:00,TBOC,South,4,15.581
4748,10/13/2020 5:00,TBOC,South,4,13.57
4749,10/13/2020 6:00,TBOC,South,4,17.201
4750,10/13/2020 7:00,TBOC,South,4,16.987
4751,10/13/2020 8:00,TBOC,South,4,18.461
4752,10/13/2020 9:00,TBOC,South,4,18.533
4753,10/13/2020 10:00,TBOC,South,4,18.699
4754,10/13/2020 11:00,TBOC,South,4,18.913
4755,10/13/2020 12:00,TBOC,South,4,19.032
4756,10/13/2020 13:00,TBOC,South,4,19.413
4757,10/13/2020 14:00,TBOC,South,4,20.15
4758,10/13/2020 15:00,TBOC,South,4,20.627
4759,10/13/2020 16:00,TBOC,South,4,21.056
4760,10/13/2020 17:00,TBOC,South,4,20.698
4761,10/13/2020 18:00,TBOC,South,4,20.293
4762,10/13/2020 19:00,TBOC,South,4,19.936
4763,10/13/2020 20:00,TBOC,South,4,19.841
4764,10/13/2020 21:00,TBOC,South,4,19.77
4765,10/13/2020 22:00,TBOC,South,4,19.698
4766,10/13/2020 23:00,TBOC,South,4,19.651
4767,10/14/2020 0:00,TBOC,South,4,19.651
4768,10/14/2020 1:00,TBOC,South,4,19.555
4769,10/14/2020 2:00,TBOC,South,4,19.222
4770,10/14/2020 3:00,TBOC,South,4,18.747
4771,10/14/2020 4:00,TBOC,South,4,17.748
4772,10/14/2020 5:00,TBOC,South,4,15.772
4773,10/14/2020 6:00,TBOC,South,4,15.175
4774,10/14/2020 7:00,TBOC,South,4,17.796
4775,10/14/2020 8:00,TBOC,South,4,18.366
4776,10/14/2020 9:00,TBOC,South,4,18.889
4777,10/14/2020 10:00,TBOC,South,4,19.008
4778,10/14/2020 11:00,TBOC,South,4,19.341
4779,10/14/2020 12:00,TBOC,South,4,19.579
4780,10/14/2020 13:00,TBOC,South,4,19.722
4781,10/14/2020 14:00,TBOC,South,4,20.174
4782,10/14/2020 15:00,TBOC,South,4,20.579
4783,10/14/2020 16:00,TBOC,South,4,20.913
4784,10/14/2020 17:00,TBOC,South,4,20.936
4785,10/14/2020 18:00,TBOC,South,4,20.531
4786,10/14/2020 19:00,TBOC,South,4,20.269
4787,10/14/2020 20:00,TBOC,South,4,20.246
4788,10/14/2020 21:00,TBOC,South,4,19.912
4789,10/14/2020 22:00,TBOC,South,4,19.77
4790,10/14/2020 23:00,TBOC,South,4,19.651
4791,10/15/2020 0:00,TBOC,South,4,19.627
4792,10/15/2020 1:00,TBOC,South,4,19.603
4793,10/15/2020 2:00,TBOC,South,4,19.127
4794,10/15/2020 3:00,TBOC,South,4,18.699
4795,10/15/2020 4:00,TBOC,South,4,17.796
4796,10/15/2020 5:00,TBOC,South,4,16.701
4797,10/15/2020 6:00,TBOC,South,4,15.151
4798,10/15/2020 7:00,TBOC,South,4,17.177
4799,10/15/2020 8:00,TBOC,South,4,15.843
4800,10/15/2020 9:00,TBOC,South,4,18.319
4801,10/15/2020 10:00,TBOC,South,4,18.771
4802,10/15/2020 11:00,TBOC,South,4,19.294
4803,10/15/2020 12:00,TBOC,South,4,19.508
4804,10/15/2020 13:00,TBOC,South,4,19.746
4805,10/15/2020 14:00,TBOC,South,4,19.888
4806,10/15/2020 15:00,TBOC,South,4,20.674
4807,10/15/2020 16:00,TBOC,South,4,21.294
4808,10/15/2020 17:00,TBOC,South,4,21.772
4809,10/15/2020 18:00,TBOC,South,4,21.724
4810,10/15/2020 19:00,TBOC,South,4,20.913
4811,10/15/2020 20:00,TBOC,South,4,20.484
4812,10/15/2020 21:00,TBOC,South,4,20.341
4813,10/15/2020 22:00,TBOC,South,4,20.031
4814,10/15/2020 23:00,TBOC,South,4,19.651
4815,10/16/2020 0:00,TBOC,South,4,19.508
4816,10/16/2020 1:00,TBOC,South,4,19.555
4817,10/16/2020 2:00,TBOC,South,4,19.603
4818,10/16/2020 3:00,TBOC,South,4,19.222
4819,10/16/2020 4:00,TBOC,South,4,18.699
4820,10/16/2020 5:00,TBOC,South,4,17.891
4821,10/16/2020 6:00,TBOC,South,4,16.534
4822,10/16/2020 7:00,TBOC,South,4,16.892
4823,10/16/2020 8:00,TBOC,South,4,17.891
4824,10/16/2020 9:00,TBOC,South,4,18.533
4825,10/16/2020 10:00,TBOC,South,4,18.818
4826,10/16/2020 11:00,TBOC,South,4,19.27
4827,10/16/2020 12:00,TBOC,South,4,19.579
4828,10/16/2020 13:00,TBOC,South,4,19.865
4829,10/16/2020 14:00,TBOC,South,4,19.984
4830,10/16/2020 15:00,TBOC,South,4,20.174
4831,10/16/2020 16:00,TBOC,South,4,20.365
4832,10/16/2020 17:00,TBOC,South,4,20.77
4833,10/16/2020 18:00,TBOC,South,4,21.175
4834,10/16/2020 19:00,TBOC,South,4,18.985
