Sampling_Time,Site,Location,Species,SH_Tide,SH_Temp,Bag,Rep,L_W,Size_cm
1,Middle,BBOC,C. sikamea,Tide,21,13,1,L,2.97
1,Middle,BBOC,C. sikamea,Tide,21,13,1,W,2.149
1,Middle,BBOC,C. sikamea,Tide,21,13,2,L,2.849
1,Middle,BBOC,C. sikamea,Tide,21,13,2,W,2.001
1,Middle,BBOC,C. sikamea,Tide,21,13,3,L,2.48
1,Middle,BBOC,C. sikamea,Tide,21,13,3,W,2.14
1,Middle,BBOC,C. sikamea,Tide,21,13,4,L,2.922
1,Middle,BBOC,C. sikamea,Tide,21,13,4,W,2.331
1,Middle,BBOC,C. sikamea,Tide,21,13,5,L,2.248
1,Middle,BBOC,C. sikamea,Tide,21,13,5,W,1.851
1,Middle,BBOC,C. sikamea,Tide,21,13,6,L,2.405
1,Middle,BBOC,C. sikamea,Tide,21,13,6,W,1.735
1,Middle,BBOC,C. sikamea,Tide,21,13,7,L,3.036
1,Middle,BBOC,C. sikamea,Tide,21,13,7,W,2.063
1,Middle,BBOC,C. sikamea,Tide,21,13,8,L,2.216
1,Middle,BBOC,C. sikamea,Tide,21,13,8,W,1.784
1,Middle,BBOC,C. sikamea,Tide,21,13,9,L,2.405
1,Middle,BBOC,C. sikamea,Tide,21,13,9,W,2.545
1,Middle,BBOC,C. sikamea,Tide,21,13,10,L,2.822
1,Middle,BBOC,C. sikamea,Tide,21,13,10,W,2.104
1,Middle,BBOC,C. sikamea,Tide,21,14,1,L,2.157
1,Middle,BBOC,C. sikamea,Tide,21,14,1,W,2.05
1,Middle,BBOC,C. sikamea,Tide,21,14,2,L,2.762
1,Middle,BBOC,C. sikamea,Tide,21,14,2,W,2.071
1,Middle,BBOC,C. sikamea,Tide,21,14,3,L,2.644
1,Middle,BBOC,C. sikamea,Tide,21,14,3,W,2.077
1,Middle,BBOC,C. sikamea,Tide,21,14,4,L,3.075
1,Middle,BBOC,C. sikamea,Tide,21,14,4,W,1.97
1,Middle,BBOC,C. sikamea,Tide,21,14,5,L,2.658
1,Middle,BBOC,C. sikamea,Tide,21,14,5,W,2.243
1,Middle,BBOC,C. sikamea,Tide,21,14,6,L,2.827
1,Middle,BBOC,C. sikamea,Tide,21,14,6,W,2.007
1,Middle,BBOC,C. sikamea,Tide,21,14,7,L,2.867
1,Middle,BBOC,C. sikamea,Tide,21,14,7,W,1.747
1,Middle,BBOC,C. sikamea,Tide,21,14,8,L,2.657
1,Middle,BBOC,C. sikamea,Tide,21,14,8,W,1.913
1,Middle,BBOC,C. sikamea,Tide,21,14,9,L,2.946
1,Middle,BBOC,C. sikamea,Tide,21,14,9,W,2.258
1,Middle,BBOC,C. sikamea,Tide,21,14,10,L,2.926
1,Middle,BBOC,C. sikamea,Tide,21,14,10,W,1.898
1,Middle,BBOC,C. sikamea,Tide,21,15,1,L,2.639
1,Middle,BBOC,C. sikamea,Tide,21,15,1,W,2.142
1,Middle,BBOC,C. sikamea,Tide,21,15,2,L,2.534
1,Middle,BBOC,C. sikamea,Tide,21,15,2,W,2.108
1,Middle,BBOC,C. sikamea,Tide,21,15,3,L,3.751
1,Middle,BBOC,C. sikamea,Tide,21,15,3,W,2.405
1,Middle,BBOC,C. sikamea,Tide,21,15,4,L,2.493
1,Middle,BBOC,C. sikamea,Tide,21,15,4,W,1.777
1,Middle,BBOC,C. sikamea,Tide,21,15,5,L,2.97
1,Middle,BBOC,C. sikamea,Tide,21,15,5,W,2.24
1,Middle,BBOC,C. sikamea,Tide,21,15,6,L,3.183
1,Middle,BBOC,C. sikamea,Tide,21,15,6,W,2.443
1,Middle,BBOC,C. sikamea,Tide,21,15,7,L,2.716
1,Middle,BBOC,C. sikamea,Tide,21,15,7,W,2.03
1,Middle,BBOC,C. sikamea,Tide,21,15,8,L,2.612
1,Middle,BBOC,C. sikamea,Tide,21,15,8,W,1.989
1,Middle,BBOC,C. sikamea,Tide,21,15,9,L,2.557
1,Middle,BBOC,C. sikamea,Tide,21,15,9,W,2.106
1,Middle,BBOC,C. sikamea,Tide,21,15,10,L,2.755
1,Middle,BBOC,C. sikamea,Tide,21,15,10,W,1.946
1,Middle,BBOC,C. sikamea,Tide,16,16,1,L,3.05
1,Middle,BBOC,C. sikamea,Tide,16,16,1,W,1.934
1,Middle,BBOC,C. sikamea,Tide,16,16,2,L,2.549
1,Middle,BBOC,C. sikamea,Tide,16,16,2,W,1.719
1,Middle,BBOC,C. sikamea,Tide,16,16,3,L,2.868
1,Middle,BBOC,C. sikamea,Tide,16,16,3,W,2.294
1,Middle,BBOC,C. sikamea,Tide,16,16,4,L,2.25
1,Middle,BBOC,C. sikamea,Tide,16,16,4,W,1.945
1,Middle,BBOC,C. sikamea,Tide,16,16,5,L,2.391
1,Middle,BBOC,C. sikamea,Tide,16,16,5,W,1.933
1,Middle,BBOC,C. sikamea,Tide,16,16,6,L,3.327
1,Middle,BBOC,C. sikamea,Tide,16,16,6,W,2.546
1,Middle,BBOC,C. sikamea,Tide,16,16,7,L,2.973
1,Middle,BBOC,C. sikamea,Tide,16,16,7,W,2.521
1,Middle,BBOC,C. sikamea,Tide,16,16,8,L,2.267
1,Middle,BBOC,C. sikamea,Tide,16,16,8,W,1.917
1,Middle,BBOC,C. sikamea,Tide,16,16,9,L,2.731
1,Middle,BBOC,C. sikamea,Tide,16,16,9,W,2.458
1,Middle,BBOC,C. sikamea,Tide,16,16,10,L,2.318
1,Middle,BBOC,C. sikamea,Tide,16,16,10,W,1.988
1,Middle,BBOC,C. sikamea,Tide,16,17,1,L,2.5
1,Middle,BBOC,C. sikamea,Tide,16,17,1,W,2
1,Middle,BBOC,C. sikamea,Tide,16,17,2,L,2.726
1,Middle,BBOC,C. sikamea,Tide,16,17,2,W,2.201
1,Middle,BBOC,C. sikamea,Tide,16,17,3,L,2.578
1,Middle,BBOC,C. sikamea,Tide,16,17,3,W,2.422
1,Middle,BBOC,C. sikamea,Tide,16,17,4,L,2.191
1,Middle,BBOC,C. sikamea,Tide,16,17,4,W,2.191
1,Middle,BBOC,C. sikamea,Tide,16,17,5,L,2.73
1,Middle,BBOC,C. sikamea,Tide,16,17,5,W,2.19
1,Middle,BBOC,C. sikamea,Tide,16,17,6,L,2.86
1,Middle,BBOC,C. sikamea,Tide,16,17,6,W,2.207
1,Middle,BBOC,C. sikamea,Tide,16,17,7,L,2.592
1,Middle,BBOC,C. sikamea,Tide,16,17,7,W,2.057
1,Middle,BBOC,C. sikamea,Tide,16,17,8,L,2.612
1,Middle,BBOC,C. sikamea,Tide,16,17,8,W,2.06
1,Middle,BBOC,C. sikamea,Tide,16,17,9,L,2.941
1,Middle,BBOC,C. sikamea,Tide,16,17,9,W,2.42
1,Middle,BBOC,C. sikamea,Tide,16,17,10,L,2.291
1,Middle,BBOC,C. sikamea,Tide,16,17,10,W,1.833
1,Middle,BBOC,C. sikamea,Tide,16,18,1,L,2.653
1,Middle,BBOC,C. sikamea,Tide,16,18,1,W,2.203
1,Middle,BBOC,C. sikamea,Tide,16,18,2,L,3.225
1,Middle,BBOC,C. sikamea,Tide,16,18,2,W,2.246
1,Middle,BBOC,C. sikamea,Tide,16,18,3,L,2.378
1,Middle,BBOC,C. sikamea,Tide,16,18,3,W,1.515
1,Middle,BBOC,C. sikamea,Tide,16,18,4,L,3.066
1,Middle,BBOC,C. sikamea,Tide,16,18,4,W,2.321
1,Middle,BBOC,C. sikamea,Tide,16,18,5,L,2.667
1,Middle,BBOC,C. sikamea,Tide,16,18,5,W,1.927
1,Middle,BBOC,C. sikamea,Tide,16,18,6,L,2.468
1,Middle,BBOC,C. sikamea,Tide,16,18,6,W,2.193
1,Middle,BBOC,C. sikamea,Tide,16,18,7,L,2.508
1,Middle,BBOC,C. sikamea,Tide,16,18,7,W,2.109
1,Middle,BBOC,C. sikamea,Tide,16,18,8,L,3.075
1,Middle,BBOC,C. sikamea,Tide,16,18,8,W,2.416
1,Middle,BBOC,C. sikamea,Tide,16,18,9,L,3.163
1,Middle,BBOC,C. sikamea,Tide,16,18,9,W,2.516
1,Middle,BBOC,C. sikamea,Tide,16,18,10,L,3.102
1,Middle,BBOC,C. sikamea,Tide,16,18,10,W,2.572
1,Middle,BBOC,C. sikamea,No Tide,21,19,1,L,2.545
1,Middle,BBOC,C. sikamea,No Tide,21,19,1,W,2.086
1,Middle,BBOC,C. sikamea,No Tide,21,19,2,L,2.552
1,Middle,BBOC,C. sikamea,No Tide,21,19,2,W,2.148
1,Middle,BBOC,C. sikamea,No Tide,21,19,3,L,2.417
1,Middle,BBOC,C. sikamea,No Tide,21,19,3,W,2.336
1,Middle,BBOC,C. sikamea,No Tide,21,19,4,L,2.75
1,Middle,BBOC,C. sikamea,No Tide,21,19,4,W,2.106
1,Middle,BBOC,C. sikamea,No Tide,21,19,5,L,2.372
1,Middle,BBOC,C. sikamea,No Tide,21,19,5,W,2.011
1,Middle,BBOC,C. sikamea,No Tide,21,19,6,L,2.778
1,Middle,BBOC,C. sikamea,No Tide,21,19,6,W,1.817
1,Middle,BBOC,C. sikamea,No Tide,21,19,7,L,3.394
1,Middle,BBOC,C. sikamea,No Tide,21,19,7,W,2.311
1,Middle,BBOC,C. sikamea,No Tide,21,19,8,L,2.458
1,Middle,BBOC,C. sikamea,No Tide,21,19,8,W,2.174
1,Middle,BBOC,C. sikamea,No Tide,21,19,9,L,2.581
1,Middle,BBOC,C. sikamea,No Tide,21,19,9,W,2.103
1,Middle,BBOC,C. sikamea,No Tide,21,19,10,L,3.038
1,Middle,BBOC,C. sikamea,No Tide,21,19,10,W,1.614
1,Middle,BBOC,C. sikamea,No Tide,21,20,1,L,2.565
1,Middle,BBOC,C. sikamea,No Tide,21,20,1,W,1.804
1,Middle,BBOC,C. sikamea,No Tide,21,20,2,L,2.804
1,Middle,BBOC,C. sikamea,No Tide,21,20,2,W,2.14
1,Middle,BBOC,C. sikamea,No Tide,21,20,3,L,2.509
1,Middle,BBOC,C. sikamea,No Tide,21,20,3,W,2.209
1,Middle,BBOC,C. sikamea,No Tide,21,20,4,L,2.387
1,Middle,BBOC,C. sikamea,No Tide,21,20,4,W,1.889
1,Middle,BBOC,C. sikamea,No Tide,21,20,5,L,2.984
1,Middle,BBOC,C. sikamea,No Tide,21,20,5,W,2.375
1,Middle,BBOC,C. sikamea,No Tide,21,20,6,L,2.835
1,Middle,BBOC,C. sikamea,No Tide,21,20,6,W,2.067
1,Middle,BBOC,C. sikamea,No Tide,21,20,7,L,2.942
1,Middle,BBOC,C. sikamea,No Tide,21,20,7,W,1.999
1,Middle,BBOC,C. sikamea,No Tide,21,20,8,L,2.272
1,Middle,BBOC,C. sikamea,No Tide,21,20,8,W,2.151
1,Middle,BBOC,C. sikamea,No Tide,21,20,9,L,3.065
1,Middle,BBOC,C. sikamea,No Tide,21,20,9,W,2.375
1,Middle,BBOC,C. sikamea,No Tide,21,20,10,L,3.087
1,Middle,BBOC,C. sikamea,No Tide,21,20,10,W,2.407
1,Middle,BBOC,C. sikamea,No Tide,21,21,1,L,2.721
1,Middle,BBOC,C. sikamea,No Tide,21,21,1,W,1.863
1,Middle,BBOC,C. sikamea,No Tide,21,21,2,L,2.306
1,Middle,BBOC,C. sikamea,No Tide,21,21,2,W,2.026
1,Middle,BBOC,C. sikamea,No Tide,21,21,3,L,2.833
1,Middle,BBOC,C. sikamea,No Tide,21,21,3,W,1.814
1,Middle,BBOC,C. sikamea,No Tide,21,21,4,L,2.543
1,Middle,BBOC,C. sikamea,No Tide,21,21,4,W,2.312
1,Middle,BBOC,C. sikamea,No Tide,21,21,5,L,2.575
1,Middle,BBOC,C. sikamea,No Tide,21,21,5,W,2.092
1,Middle,BBOC,C. sikamea,No Tide,21,21,6,L,2.583
1,Middle,BBOC,C. sikamea,No Tide,21,21,6,W,1.769
1,Middle,BBOC,C. sikamea,No Tide,21,21,7,L,3.01
1,Middle,BBOC,C. sikamea,No Tide,21,21,7,W,2.131
1,Middle,BBOC,C. sikamea,No Tide,21,21,8,L,2.629
1,Middle,BBOC,C. sikamea,No Tide,21,21,8,W,1.864
1,Middle,BBOC,C. sikamea,No Tide,21,21,9,L,2.806
1,Middle,BBOC,C. sikamea,No Tide,21,21,9,W,2.238
1,Middle,BBOC,C. sikamea,No Tide,21,21,10,L,2.721
1,Middle,BBOC,C. sikamea,No Tide,21,21,10,W,2.107
1,Middle,BBOC,C. sikamea,No Tide,16,22,1,L,3.095
1,Middle,BBOC,C. sikamea,No Tide,16,22,1,W,2.129
1,Middle,BBOC,C. sikamea,No Tide,16,22,2,L,2.588
1,Middle,BBOC,C. sikamea,No Tide,16,22,2,W,1.913
1,Middle,BBOC,C. sikamea,No Tide,16,22,3,L,1.927
1,Middle,BBOC,C. sikamea,No Tide,16,22,3,W,1.927
1,Middle,BBOC,C. sikamea,No Tide,16,22,4,L,2.739
1,Middle,BBOC,C. sikamea,No Tide,16,22,4,W,1.956
1,Middle,BBOC,C. sikamea,No Tide,16,22,5,L,2.59
1,Middle,BBOC,C. sikamea,No Tide,16,22,5,W,2.047
1,Middle,BBOC,C. sikamea,No Tide,16,22,6,L,2.744
1,Middle,BBOC,C. sikamea,No Tide,16,22,6,W,2.375
1,Middle,BBOC,C. sikamea,No Tide,16,22,7,L,2.016
1,Middle,BBOC,C. sikamea,No Tide,16,22,7,W,1.697
1,Middle,BBOC,C. sikamea,No Tide,16,22,8,L,2.028
1,Middle,BBOC,C. sikamea,No Tide,16,22,8,W,1.683
1,Middle,BBOC,C. sikamea,No Tide,16,22,9,L,2.777
1,Middle,BBOC,C. sikamea,No Tide,16,22,9,W,2.388
1,Middle,BBOC,C. sikamea,No Tide,16,22,10,L,2.909
1,Middle,BBOC,C. sikamea,No Tide,16,22,10,W,2.201
1,Middle,BBOC,C. sikamea,No Tide,16,23,1,L,2.693
1,Middle,BBOC,C. sikamea,No Tide,16,23,1,W,1.657
1,Middle,BBOC,C. sikamea,No Tide,16,23,2,L,2.965
1,Middle,BBOC,C. sikamea,No Tide,16,23,2,W,2.116
1,Middle,BBOC,C. sikamea,No Tide,16,23,3,L,2.54
1,Middle,BBOC,C. sikamea,No Tide,16,23,3,W,2.044
1,Middle,BBOC,C. sikamea,No Tide,16,23,4,L,2.922
1,Middle,BBOC,C. sikamea,No Tide,16,23,4,W,2.23
1,Middle,BBOC,C. sikamea,No Tide,16,23,5,L,2.508
1,Middle,BBOC,C. sikamea,No Tide,16,23,5,W,2.387
1,Middle,BBOC,C. sikamea,No Tide,16,23,6,L,2.231
1,Middle,BBOC,C. sikamea,No Tide,16,23,6,W,2.666
1,Middle,BBOC,C. sikamea,No Tide,16,23,7,L,2.056
1,Middle,BBOC,C. sikamea,No Tide,16,23,7,W,2.72
1,Middle,BBOC,C. sikamea,No Tide,16,23,8,L,2.532
1,Middle,BBOC,C. sikamea,No Tide,16,23,8,W,2.432
1,Middle,BBOC,C. sikamea,No Tide,16,23,9,L,2.705
1,Middle,BBOC,C. sikamea,No Tide,16,23,9,W,2.373
1,Middle,BBOC,C. sikamea,No Tide,16,23,10,L,2.143
1,Middle,BBOC,C. sikamea,No Tide,16,23,10,W,2.13
1,Middle,BBOC,C. sikamea,No Tide,16,24,1,L,2.96
1,Middle,BBOC,C. sikamea,No Tide,16,24,1,W,1.916
1,Middle,BBOC,C. sikamea,No Tide,16,24,2,L,2.97
1,Middle,BBOC,C. sikamea,No Tide,16,24,2,W,2.05
1,Middle,BBOC,C. sikamea,No Tide,16,24,3,L,2.603
1,Middle,BBOC,C. sikamea,No Tide,16,24,3,W,1.958
1,Middle,BBOC,C. sikamea,No Tide,16,24,4,L,3.172
1,Middle,BBOC,C. sikamea,No Tide,16,24,4,W,2.152
1,Middle,BBOC,C. sikamea,No Tide,16,24,5,L,2.765
1,Middle,BBOC,C. sikamea,No Tide,16,24,5,W,2.068
1,Middle,BBOC,C. sikamea,No Tide,16,24,6,L,2.898
1,Middle,BBOC,C. sikamea,No Tide,16,24,6,W,2.438
1,Middle,BBOC,C. sikamea,No Tide,16,24,7,L,3.006
1,Middle,BBOC,C. sikamea,No Tide,16,24,7,W,1.963
1,Middle,BBOC,C. sikamea,No Tide,16,24,8,L,2.725
1,Middle,BBOC,C. sikamea,No Tide,16,24,8,W,2.003
1,Middle,BBOC,C. sikamea,No Tide,16,24,9,L,2.891
1,Middle,BBOC,C. sikamea,No Tide,16,24,9,W,2.099
1,Middle,BBOC,C. sikamea,No Tide,16,24,10,L,2.452
1,Middle,BBOC,C. sikamea,No Tide,16,24,10,W,1.826
1,Middle,BBOC,M. gigas,No Tide,21,51,1,L,2.282
1,Middle,BBOC,M. gigas,No Tide,21,51,1,W,1.89
1,Middle,BBOC,M. gigas,No Tide,21,51,2,L,2.922
1,Middle,BBOC,M. gigas,No Tide,21,51,2,W,1.732
1,Middle,BBOC,M. gigas,No Tide,21,51,3,L,2.287
1,Middle,BBOC,M. gigas,No Tide,21,51,3,W,1.649
1,Middle,BBOC,M. gigas,No Tide,21,51,4,L,2.315
1,Middle,BBOC,M. gigas,No Tide,21,51,4,W,2.093
1,Middle,BBOC,M. gigas,No Tide,21,51,5,L,2.587
1,Middle,BBOC,M. gigas,No Tide,21,51,5,W,1.977
1,Middle,BBOC,M. gigas,No Tide,21,51,6,L,2.094
1,Middle,BBOC,M. gigas,No Tide,21,51,6,W,1.849
1,Middle,BBOC,M. gigas,No Tide,21,51,7,L,1.987
1,Middle,BBOC,M. gigas,No Tide,21,51,7,W,1.794
1,Middle,BBOC,M. gigas,No Tide,21,51,8,L,2.294
1,Middle,BBOC,M. gigas,No Tide,21,51,8,W,1.745
1,Middle,BBOC,M. gigas,No Tide,21,51,9,L,2.952
1,Middle,BBOC,M. gigas,No Tide,21,51,9,W,1.863
1,Middle,BBOC,M. gigas,No Tide,21,51,10,L,2.315
1,Middle,BBOC,M. gigas,No Tide,21,51,10,W,1.686
1,Middle,BBOC,M. gigas,No Tide,21,52,1,L,2.544
1,Middle,BBOC,M. gigas,No Tide,21,52,1,W,1.977
1,Middle,BBOC,M. gigas,No Tide,21,52,2,L,2.117
1,Middle,BBOC,M. gigas,No Tide,21,52,2,W,1.745
1,Middle,BBOC,M. gigas,No Tide,21,52,3,L,3.096
1,Middle,BBOC,M. gigas,No Tide,21,52,3,W,2.18
1,Middle,BBOC,M. gigas,No Tide,21,52,4,L,2.64
1,Middle,BBOC,M. gigas,No Tide,21,52,4,W,2.032
1,Middle,BBOC,M. gigas,No Tide,21,52,5,L,2.253
1,Middle,BBOC,M. gigas,No Tide,21,52,5,W,1.775
1,Middle,BBOC,M. gigas,No Tide,21,52,6,L,2.469
1,Middle,BBOC,M. gigas,No Tide,21,52,6,W,1.753
1,Middle,BBOC,M. gigas,No Tide,21,52,7,L,2.485
1,Middle,BBOC,M. gigas,No Tide,21,52,7,W,1.817
1,Middle,BBOC,M. gigas,No Tide,21,52,8,L,2.274
1,Middle,BBOC,M. gigas,No Tide,21,52,8,W,1.718
1,Middle,BBOC,M. gigas,No Tide,21,52,9,L,2.91
1,Middle,BBOC,M. gigas,No Tide,21,52,9,W,1.891
1,Middle,BBOC,M. gigas,No Tide,21,52,10,L,2.447
1,Middle,BBOC,M. gigas,No Tide,21,52,10,W,1.913
1,Middle,BBOC,M. gigas,No Tide,21,53,1,L,3.069
1,Middle,BBOC,M. gigas,No Tide,21,53,1,W,2.239
1,Middle,BBOC,M. gigas,No Tide,21,53,2,L,2.976
1,Middle,BBOC,M. gigas,No Tide,21,53,2,W,1.878
1,Middle,BBOC,M. gigas,No Tide,21,53,3,L,2.891
1,Middle,BBOC,M. gigas,No Tide,21,53,3,W,1.986
1,Middle,BBOC,M. gigas,No Tide,21,53,4,L,2.084
1,Middle,BBOC,M. gigas,No Tide,21,53,4,W,1.518
1,Middle,BBOC,M. gigas,No Tide,21,53,5,L,2.327
1,Middle,BBOC,M. gigas,No Tide,21,53,5,W,1.639
1,Middle,BBOC,M. gigas,No Tide,21,53,6,L,2.97
1,Middle,BBOC,M. gigas,No Tide,21,53,6,W,1.926
1,Middle,BBOC,M. gigas,No Tide,21,53,7,L,2.417
1,Middle,BBOC,M. gigas,No Tide,21,53,7,W,1.868
1,Middle,BBOC,M. gigas,No Tide,21,53,8,L,2.648
1,Middle,BBOC,M. gigas,No Tide,21,53,8,W,2.148
1,Middle,BBOC,M. gigas,No Tide,21,53,9,L,2.486
1,Middle,BBOC,M. gigas,No Tide,21,53,9,W,1.893
1,Middle,BBOC,M. gigas,No Tide,21,53,10,L,2.313
1,Middle,BBOC,M. gigas,No Tide,21,53,10,W,1.972
1,Middle,BBOC,M. gigas,No Tide,16,54,1,L,3.182
1,Middle,BBOC,M. gigas,No Tide,16,54,1,W,1.853
1,Middle,BBOC,M. gigas,No Tide,16,54,2,L,2.61
1,Middle,BBOC,M. gigas,No Tide,16,54,2,W,1.94
1,Middle,BBOC,M. gigas,No Tide,16,54,3,L,2
1,Middle,BBOC,M. gigas,No Tide,16,54,3,W,2.042
1,Middle,BBOC,M. gigas,No Tide,16,54,4,L,3.506
1,Middle,BBOC,M. gigas,No Tide,16,54,4,W,2.521
1,Middle,BBOC,M. gigas,No Tide,16,54,5,L,2.39
1,Middle,BBOC,M. gigas,No Tide,16,54,5,W,2.016
1,Middle,BBOC,M. gigas,No Tide,16,54,6,L,2.944
1,Middle,BBOC,M. gigas,No Tide,16,54,6,W,2.084
1,Middle,BBOC,M. gigas,No Tide,16,54,7,L,2.186
1,Middle,BBOC,M. gigas,No Tide,16,54,7,W,2.361
1,Middle,BBOC,M. gigas,No Tide,16,54,8,L,2.9
1,Middle,BBOC,M. gigas,No Tide,16,54,8,W,1.961
1,Middle,BBOC,M. gigas,No Tide,16,54,9,L,2.39
1,Middle,BBOC,M. gigas,No Tide,16,54,9,W,1.867
1,Middle,BBOC,M. gigas,No Tide,16,54,10,L,2.39
1,Middle,BBOC,M. gigas,No Tide,16,54,10,W,1.862
1,Middle,BBOC,M. gigas,No Tide,16,55,1,L,3.108
1,Middle,BBOC,M. gigas,No Tide,16,55,1,W,2.084
1,Middle,BBOC,M. gigas,No Tide,16,55,2,L,3.247
1,Middle,BBOC,M. gigas,No Tide,16,55,2,W,2.223
1,Middle,BBOC,M. gigas,No Tide,16,55,3,L,2.267
1,Middle,BBOC,M. gigas,No Tide,16,55,3,W,1.592
1,Middle,BBOC,M. gigas,No Tide,16,55,4,L,2.58
1,Middle,BBOC,M. gigas,No Tide,16,55,4,W,1.915
1,Middle,BBOC,M. gigas,No Tide,16,55,5,L,2.959
1,Middle,BBOC,M. gigas,No Tide,16,55,5,W,2.536
1,Middle,BBOC,M. gigas,No Tide,16,55,6,L,2.892
1,Middle,BBOC,M. gigas,No Tide,16,55,6,W,2.042
1,Middle,BBOC,M. gigas,No Tide,16,55,7,L,1.447
1,Middle,BBOC,M. gigas,No Tide,16,55,7,W,1.697
1,Middle,BBOC,M. gigas,No Tide,16,55,8,L,3.189
1,Middle,BBOC,M. gigas,No Tide,16,55,8,W,2.027
1,Middle,BBOC,M. gigas,No Tide,16,55,9,L,1.906
1,Middle,BBOC,M. gigas,No Tide,16,55,9,W,1.63
1,Middle,BBOC,M. gigas,No Tide,16,55,10,L,2.945
1,Middle,BBOC,M. gigas,No Tide,16,55,10,W,1.481
1,Middle,BBOC,M. gigas,No Tide,16,56,1,L,3.029
1,Middle,BBOC,M. gigas,No Tide,16,56,1,W,1.991
1,Middle,BBOC,M. gigas,No Tide,16,56,2,L,2.937
1,Middle,BBOC,M. gigas,No Tide,16,56,2,W,1.874
1,Middle,BBOC,M. gigas,No Tide,16,56,3,L,3.397
1,Middle,BBOC,M. gigas,No Tide,16,56,3,W,2.23
1,Middle,BBOC,M. gigas,No Tide,16,56,4,L,2.726
1,Middle,BBOC,M. gigas,No Tide,16,56,4,W,1.895
1,Middle,BBOC,M. gigas,No Tide,16,56,5,L,2.661
1,Middle,BBOC,M. gigas,No Tide,16,56,5,W,2.191
1,Middle,BBOC,M. gigas,No Tide,16,56,6,L,2.792
1,Middle,BBOC,M. gigas,No Tide,16,56,6,W,1.822
1,Middle,BBOC,M. gigas,No Tide,16,56,7,L,2.362
1,Middle,BBOC,M. gigas,No Tide,16,56,7,W,1.721
1,Middle,BBOC,M. gigas,No Tide,16,56,8,L,3.399
1,Middle,BBOC,M. gigas,No Tide,16,56,8,W,2.106
1,Middle,BBOC,M. gigas,No Tide,16,56,9,L,3.003
1,Middle,BBOC,M. gigas,No Tide,16,56,9,W,2.158
1,Middle,BBOC,M. gigas,No Tide,16,56,10,L,3.53
1,Middle,BBOC,M. gigas,No Tide,16,56,10,W,2.211
4,Middle,BBOC,C. sikamea,Tide,21,13,1,L,4.403
4,Middle,BBOC,C. sikamea,Tide,21,13,1,W,3.406
4,Middle,BBOC,C. sikamea,Tide,21,13,2,L,4.1
4,Middle,BBOC,C. sikamea,Tide,21,13,2,W,2.813
4,Middle,BBOC,C. sikamea,Tide,21,13,3,L,3.662
4,Middle,BBOC,C. sikamea,Tide,21,13,3,W,2.419
4,Middle,BBOC,C. sikamea,Tide,21,13,4,L,4.063
4,Middle,BBOC,C. sikamea,Tide,21,13,4,W,2.685
4,Middle,BBOC,C. sikamea,Tide,21,13,5,L,4.03
4,Middle,BBOC,C. sikamea,Tide,21,13,5,W,3.191
4,Middle,BBOC,C. sikamea,Tide,21,13,6,L,4.34
4,Middle,BBOC,C. sikamea,Tide,21,13,6,W,2.766
4,Middle,BBOC,C. sikamea,Tide,21,13,7,L,4.378
4,Middle,BBOC,C. sikamea,Tide,21,13,7,W,3.153
4,Middle,BBOC,C. sikamea,Tide,21,13,8,L,3.369
4,Middle,BBOC,C. sikamea,Tide,21,13,8,W,2.577
4,Middle,BBOC,C. sikamea,Tide,21,13,9,L,4.104
4,Middle,BBOC,C. sikamea,Tide,21,13,9,W,2.584
4,Middle,BBOC,C. sikamea,Tide,21,13,10,L,3.574
4,Middle,BBOC,C. sikamea,Tide,21,13,10,W,3.006
4,Middle,BBOC,C. sikamea,Tide,21,14,1,L,4.388
4,Middle,BBOC,C. sikamea,Tide,21,14,1,W,3.205
4,Middle,BBOC,C. sikamea,Tide,21,14,2,L,4.217
4,Middle,BBOC,C. sikamea,Tide,21,14,2,W,2.553
4,Middle,BBOC,C. sikamea,Tide,21,14,3,L,3.246
4,Middle,BBOC,C. sikamea,Tide,21,14,3,W,2.918
4,Middle,BBOC,C. sikamea,Tide,21,14,4,L,4.037
4,Middle,BBOC,C. sikamea,Tide,21,14,4,W,3.051
4,Middle,BBOC,C. sikamea,Tide,21,14,5,L,3.669
4,Middle,BBOC,C. sikamea,Tide,21,14,5,W,2.256
4,Middle,BBOC,C. sikamea,Tide,21,14,6,L,3.125
4,Middle,BBOC,C. sikamea,Tide,21,14,6,W,2.743
4,Middle,BBOC,C. sikamea,Tide,21,14,7,L,3.84
4,Middle,BBOC,C. sikamea,Tide,21,14,7,W,2.87
4,Middle,BBOC,C. sikamea,Tide,21,14,8,L,3.52
4,Middle,BBOC,C. sikamea,Tide,21,14,8,W,2.657
4,Middle,BBOC,C. sikamea,Tide,21,14,9,L,4.119
4,Middle,BBOC,C. sikamea,Tide,21,14,9,W,3.4
4,Middle,BBOC,C. sikamea,Tide,21,14,10,L,3.328
4,Middle,BBOC,C. sikamea,Tide,21,14,10,W,2.678
4,Middle,BBOC,C. sikamea,Tide,21,15,1,L,4.835
4,Middle,BBOC,C. sikamea,Tide,21,15,1,W,3.303
4,Middle,BBOC,C. sikamea,Tide,21,15,2,L,3.883
4,Middle,BBOC,C. sikamea,Tide,21,15,2,W,3.11
4,Middle,BBOC,C. sikamea,Tide,21,15,3,L,4.755
4,Middle,BBOC,C. sikamea,Tide,21,15,3,W,3.043
4,Middle,BBOC,C. sikamea,Tide,21,15,4,L,3.669
4,Middle,BBOC,C. sikamea,Tide,21,15,4,W,2.645
4,Middle,BBOC,C. sikamea,Tide,21,15,5,L,4.214
4,Middle,BBOC,C. sikamea,Tide,21,15,5,W,2.958
4,Middle,BBOC,C. sikamea,Tide,21,15,6,L,3.778
4,Middle,BBOC,C. sikamea,Tide,21,15,6,W,2.574
4,Middle,BBOC,C. sikamea,Tide,21,15,7,L,4.094
4,Middle,BBOC,C. sikamea,Tide,21,15,7,W,3.009
4,Middle,BBOC,C. sikamea,Tide,21,15,8,L,3.548
4,Middle,BBOC,C. sikamea,Tide,21,15,8,W,3.308
4,Middle,BBOC,C. sikamea,Tide,21,15,9,L,3.585
4,Middle,BBOC,C. sikamea,Tide,21,15,9,W,3.086
4,Middle,BBOC,C. sikamea,Tide,21,15,10,L,3.416
4,Middle,BBOC,C. sikamea,Tide,21,15,10,W,2.773
4,Middle,BBOC,C. sikamea,Tide,16,16,1,L,3.946
4,Middle,BBOC,C. sikamea,Tide,16,16,1,W,3.071
4,Middle,BBOC,C. sikamea,Tide,16,16,2,L,3.451
4,Middle,BBOC,C. sikamea,Tide,16,16,2,W,2.454
4,Middle,BBOC,C. sikamea,Tide,16,16,3,L,3.801
4,Middle,BBOC,C. sikamea,Tide,16,16,3,W,3.269
4,Middle,BBOC,C. sikamea,Tide,16,16,4,L,3.136
4,Middle,BBOC,C. sikamea,Tide,16,16,4,W,2.646
4,Middle,BBOC,C. sikamea,Tide,16,16,5,L,3.816
4,Middle,BBOC,C. sikamea,Tide,16,16,5,W,3.406
4,Middle,BBOC,C. sikamea,Tide,16,16,6,L,3.82
4,Middle,BBOC,C. sikamea,Tide,16,16,6,W,3.393
4,Middle,BBOC,C. sikamea,Tide,16,16,7,L,3.881
4,Middle,BBOC,C. sikamea,Tide,16,16,7,W,3.154
4,Middle,BBOC,C. sikamea,Tide,16,16,8,L,3.625
4,Middle,BBOC,C. sikamea,Tide,16,16,8,W,3.189
4,Middle,BBOC,C. sikamea,Tide,16,16,9,L,3.813
4,Middle,BBOC,C. sikamea,Tide,16,16,9,W,3.526
4,Middle,BBOC,C. sikamea,Tide,16,16,10,L,4.039
4,Middle,BBOC,C. sikamea,Tide,16,16,10,W,3.384
4,Middle,BBOC,C. sikamea,Tide,16,17,1,L,3.355
4,Middle,BBOC,C. sikamea,Tide,16,17,1,W,2.509
4,Middle,BBOC,C. sikamea,Tide,16,17,2,L,3.157
4,Middle,BBOC,C. sikamea,Tide,16,17,2,W,2.661
4,Middle,BBOC,C. sikamea,Tide,16,17,3,L,3.52
4,Middle,BBOC,C. sikamea,Tide,16,17,3,W,2.84
4,Middle,BBOC,C. sikamea,Tide,16,17,4,L,3.487
4,Middle,BBOC,C. sikamea,Tide,16,17,4,W,2.986
4,Middle,BBOC,C. sikamea,Tide,16,17,5,L,3.484
4,Middle,BBOC,C. sikamea,Tide,16,17,5,W,2.292
4,Middle,BBOC,C. sikamea,Tide,16,17,6,L,3.888
4,Middle,BBOC,C. sikamea,Tide,16,17,6,W,2.845
4,Middle,BBOC,C. sikamea,Tide,16,17,7,L,3.76
4,Middle,BBOC,C. sikamea,Tide,16,17,7,W,2.888
4,Middle,BBOC,C. sikamea,Tide,16,17,8,L,3.821
4,Middle,BBOC,C. sikamea,Tide,16,17,8,W,3.133
4,Middle,BBOC,C. sikamea,Tide,16,17,9,L,3.58
4,Middle,BBOC,C. sikamea,Tide,16,17,9,W,3.072
4,Middle,BBOC,C. sikamea,Tide,16,17,10,L,3.959
4,Middle,BBOC,C. sikamea,Tide,16,17,10,W,2.963
4,Middle,BBOC,C. sikamea,Tide,16,18,1,L,3.361
4,Middle,BBOC,C. sikamea,Tide,16,18,1,W,2.464
4,Middle,BBOC,C. sikamea,Tide,16,18,2,L,3.941
4,Middle,BBOC,C. sikamea,Tide,16,18,2,W,2.592
4,Middle,BBOC,C. sikamea,Tide,16,18,3,L,3.302
4,Middle,BBOC,C. sikamea,Tide,16,18,3,W,2.848
4,Middle,BBOC,C. sikamea,Tide,16,18,4,L,4.326
4,Middle,BBOC,C. sikamea,Tide,16,18,4,W,3.308
4,Middle,BBOC,C. sikamea,Tide,16,18,5,L,3.623
4,Middle,BBOC,C. sikamea,Tide,16,18,5,W,2.642
4,Middle,BBOC,C. sikamea,Tide,16,18,6,L,3.898
4,Middle,BBOC,C. sikamea,Tide,16,18,6,W,3.216
4,Middle,BBOC,C. sikamea,Tide,16,18,7,L,3.738
4,Middle,BBOC,C. sikamea,Tide,16,18,7,W,3.016
4,Middle,BBOC,C. sikamea,Tide,16,18,8,L,3.895
4,Middle,BBOC,C. sikamea,Tide,16,18,8,W,2.909
4,Middle,BBOC,C. sikamea,Tide,16,18,9,L,3.863
4,Middle,BBOC,C. sikamea,Tide,16,18,9,W,3.121
4,Middle,BBOC,C. sikamea,Tide,16,18,10,L,3.784
4,Middle,BBOC,C. sikamea,Tide,16,18,10,W,2.922
4,Middle,BBOC,C. sikamea,No Tide,21,19,1,L,3.705
4,Middle,BBOC,C. sikamea,No Tide,21,19,1,W,2.912
4,Middle,BBOC,C. sikamea,No Tide,21,19,2,L,4.483
4,Middle,BBOC,C. sikamea,No Tide,21,19,2,W,3.111
4,Middle,BBOC,C. sikamea,No Tide,21,19,3,L,4.248
4,Middle,BBOC,C. sikamea,No Tide,21,19,3,W,3.093
4,Middle,BBOC,C. sikamea,No Tide,21,19,4,L,4.408
4,Middle,BBOC,C. sikamea,No Tide,21,19,4,W,3.027
4,Middle,BBOC,C. sikamea,No Tide,21,19,5,L,4.512
4,Middle,BBOC,C. sikamea,No Tide,21,19,5,W,3.365
4,Middle,BBOC,C. sikamea,No Tide,21,19,6,L,4.026
4,Middle,BBOC,C. sikamea,No Tide,21,19,6,W,2.938
4,Middle,BBOC,C. sikamea,No Tide,21,19,7,L,3.718
4,Middle,BBOC,C. sikamea,No Tide,21,19,7,W,2.581
4,Middle,BBOC,C. sikamea,No Tide,21,19,8,L,4.352
4,Middle,BBOC,C. sikamea,No Tide,21,19,8,W,2.871
4,Middle,BBOC,C. sikamea,No Tide,21,19,9,L,3.926
4,Middle,BBOC,C. sikamea,No Tide,21,19,9,W,3.027
4,Middle,BBOC,C. sikamea,No Tide,21,19,10,L,3.778
4,Middle,BBOC,C. sikamea,No Tide,21,19,10,W,3.171
4,Middle,BBOC,C. sikamea,No Tide,21,20,1,L,4.006
4,Middle,BBOC,C. sikamea,No Tide,21,20,1,W,2.667
4,Middle,BBOC,C. sikamea,No Tide,21,20,2,L,4.122
4,Middle,BBOC,C. sikamea,No Tide,21,20,2,W,3.284
4,Middle,BBOC,C. sikamea,No Tide,21,20,3,L,3.181
4,Middle,BBOC,C. sikamea,No Tide,21,20,3,W,2.327
4,Middle,BBOC,C. sikamea,No Tide,21,20,4,L,3.629
4,Middle,BBOC,C. sikamea,No Tide,21,20,4,W,2.814
4,Middle,BBOC,C. sikamea,No Tide,21,20,5,L,3.217
4,Middle,BBOC,C. sikamea,No Tide,21,20,5,W,2.69
4,Middle,BBOC,C. sikamea,No Tide,21,20,6,L,4.21
4,Middle,BBOC,C. sikamea,No Tide,21,20,6,W,2.985
4,Middle,BBOC,C. sikamea,No Tide,21,20,7,L,3.553
4,Middle,BBOC,C. sikamea,No Tide,21,20,7,W,2.992
4,Middle,BBOC,C. sikamea,No Tide,21,20,8,L,3.566
4,Middle,BBOC,C. sikamea,No Tide,21,20,8,W,2.457
4,Middle,BBOC,C. sikamea,No Tide,21,20,9,L,4.28
4,Middle,BBOC,C. sikamea,No Tide,21,20,9,W,3.386
4,Middle,BBOC,C. sikamea,No Tide,21,20,10,L,3.69
4,Middle,BBOC,C. sikamea,No Tide,21,20,10,W,2.834
4,Middle,BBOC,C. sikamea,No Tide,21,21,1,L,4.801
4,Middle,BBOC,C. sikamea,No Tide,21,21,1,W,3.938
4,Middle,BBOC,C. sikamea,No Tide,21,21,2,L,4.124
4,Middle,BBOC,C. sikamea,No Tide,21,21,2,W,3.713
4,Middle,BBOC,C. sikamea,No Tide,21,21,3,L,3.457
4,Middle,BBOC,C. sikamea,No Tide,21,21,3,W,2.342
4,Middle,BBOC,C. sikamea,No Tide,21,21,4,L,3.983
4,Middle,BBOC,C. sikamea,No Tide,21,21,4,W,2.53
4,Middle,BBOC,C. sikamea,No Tide,21,21,5,L,4.384
4,Middle,BBOC,C. sikamea,No Tide,21,21,5,W,3.072
4,Middle,BBOC,C. sikamea,No Tide,21,21,6,L,3.331
4,Middle,BBOC,C. sikamea,No Tide,21,21,6,W,2.941
4,Middle,BBOC,C. sikamea,No Tide,21,21,7,L,3.559
4,Middle,BBOC,C. sikamea,No Tide,21,21,7,W,2.481
4,Middle,BBOC,C. sikamea,No Tide,21,21,8,L,3.555
4,Middle,BBOC,C. sikamea,No Tide,21,21,8,W,2.911
4,Middle,BBOC,C. sikamea,No Tide,21,21,9,L,3.677
4,Middle,BBOC,C. sikamea,No Tide,21,21,9,W,3.148
4,Middle,BBOC,C. sikamea,No Tide,21,21,10,L,2.885
4,Middle,BBOC,C. sikamea,No Tide,21,21,10,W,3.028
4,Middle,BBOC,C. sikamea,No Tide,16,22,1,L,3.343
4,Middle,BBOC,C. sikamea,No Tide,16,22,1,W,2.589
4,Middle,BBOC,C. sikamea,No Tide,16,22,2,L,3.824
4,Middle,BBOC,C. sikamea,No Tide,16,22,2,W,2.953
4,Middle,BBOC,C. sikamea,No Tide,16,22,3,L,3.661
4,Middle,BBOC,C. sikamea,No Tide,16,22,3,W,2.88
4,Middle,BBOC,C. sikamea,No Tide,16,22,4,L,3.103
4,Middle,BBOC,C. sikamea,No Tide,16,22,4,W,2.703
4,Middle,BBOC,C. sikamea,No Tide,16,22,5,L,3.486
4,Middle,BBOC,C. sikamea,No Tide,16,22,5,W,2.976
4,Middle,BBOC,C. sikamea,No Tide,16,22,6,L,3.274
4,Middle,BBOC,C. sikamea,No Tide,16,22,6,W,3.202
4,Middle,BBOC,C. sikamea,No Tide,16,22,7,L,4.26
4,Middle,BBOC,C. sikamea,No Tide,16,22,7,W,3.086
4,Middle,BBOC,C. sikamea,No Tide,16,22,8,L,4.275
4,Middle,BBOC,C. sikamea,No Tide,16,22,8,W,3.198
4,Middle,BBOC,C. sikamea,No Tide,16,22,9,L,3.367
4,Middle,BBOC,C. sikamea,No Tide,16,22,9,W,2.106
4,Middle,BBOC,C. sikamea,No Tide,16,22,10,L,3.634
4,Middle,BBOC,C. sikamea,No Tide,16,22,10,W,2.945
4,Middle,BBOC,C. sikamea,No Tide,16,23,1,L,3.825
4,Middle,BBOC,C. sikamea,No Tide,16,23,1,W,2.482
4,Middle,BBOC,C. sikamea,No Tide,16,23,2,L,4.016
4,Middle,BBOC,C. sikamea,No Tide,16,23,2,W,2.985
4,Middle,BBOC,C. sikamea,No Tide,16,23,3,L,3.513
4,Middle,BBOC,C. sikamea,No Tide,16,23,3,W,3.339
4,Middle,BBOC,C. sikamea,No Tide,16,23,4,L,3.76
4,Middle,BBOC,C. sikamea,No Tide,16,23,4,W,3.051
4,Middle,BBOC,C. sikamea,No Tide,16,23,5,L,3.025
4,Middle,BBOC,C. sikamea,No Tide,16,23,5,W,2.661
4,Middle,BBOC,C. sikamea,No Tide,16,23,6,L,3.481
4,Middle,BBOC,C. sikamea,No Tide,16,23,6,W,2.583
4,Middle,BBOC,C. sikamea,No Tide,16,23,7,L,3.992
4,Middle,BBOC,C. sikamea,No Tide,16,23,7,W,3.269
4,Middle,BBOC,C. sikamea,No Tide,16,23,8,L,4.31
4,Middle,BBOC,C. sikamea,No Tide,16,23,8,W,2.927
4,Middle,BBOC,C. sikamea,No Tide,16,23,9,L,3.23
4,Middle,BBOC,C. sikamea,No Tide,16,23,9,W,2.971
4,Middle,BBOC,C. sikamea,No Tide,16,23,10,L,3.201
4,Middle,BBOC,C. sikamea,No Tide,16,23,10,W,3.238
4,Middle,BBOC,C. sikamea,No Tide,16,24,1,L,4.049
,Middle,BBOC,C. sikamea,No Tide,16,24,1,W,3.223
4,Middle,BBOC,C. sikamea,No Tide,16,24,2,L,4.911
4,Middle,BBOC,C. sikamea,No Tide,16,24,2,W,3.701
4,Middle,BBOC,C. sikamea,No Tide,16,24,3,L,4.471
4,Middle,BBOC,C. sikamea,No Tide,16,24,3,W,3.294
4,Middle,BBOC,C. sikamea,No Tide,16,24,4,L,3.926
4,Middle,BBOC,C. sikamea,No Tide,16,24,4,W,3.151
4,Middle,BBOC,C. sikamea,No Tide,16,24,5,L,4.131
4,Middle,BBOC,C. sikamea,No Tide,16,24,5,W,3.251
4,Middle,BBOC,C. sikamea,No Tide,16,24,6,L,3.727
4,Middle,BBOC,C. sikamea,No Tide,16,24,6,W,3.122
4,Middle,BBOC,C. sikamea,No Tide,16,24,7,L,3.536
4,Middle,BBOC,C. sikamea,No Tide,16,24,7,W,2.904
4,Middle,BBOC,C. sikamea,No Tide,16,24,8,L,4.04
4,Middle,BBOC,C. sikamea,No Tide,16,24,8,W,2.638
4,Middle,BBOC,C. sikamea,No Tide,16,24,9,L,3.611
4,Middle,BBOC,C. sikamea,No Tide,16,24,9,W,3.118
4,Middle,BBOC,C. sikamea,No Tide,16,24,10,L,4.072
4,Middle,BBOC,C. sikamea,No Tide,16,24,10,W,3.374
4,Middle,BBOC,M. gigas,No Tide,21,51,1,L,3.893
4,Middle,BBOC,M. gigas,No Tide,21,51,1,W,2.594
4,Middle,BBOC,M. gigas,No Tide,21,51,2,L,3.777
4,Middle,BBOC,M. gigas,No Tide,21,51,2,W,2.493
4,Middle,BBOC,M. gigas,No Tide,21,51,3,L,3.428
4,Middle,BBOC,M. gigas,No Tide,21,51,3,W,3.277
4,Middle,BBOC,M. gigas,No Tide,21,51,4,L,3.584
4,Middle,BBOC,M. gigas,No Tide,21,51,4,W,2.546
4,Middle,BBOC,M. gigas,No Tide,21,51,5,L,3.9
4,Middle,BBOC,M. gigas,No Tide,21,51,5,W,2.449
4,Middle,BBOC,M. gigas,No Tide,21,51,6,L,4.374
4,Middle,BBOC,M. gigas,No Tide,21,51,6,W,3.026
4,Middle,BBOC,M. gigas,No Tide,21,51,7,L,3.823
4,Middle,BBOC,M. gigas,No Tide,21,51,7,W,2.582
4,Middle,BBOC,M. gigas,No Tide,21,51,8,L,3.231
4,Middle,BBOC,M. gigas,No Tide,21,51,8,W,2.371
4,Middle,BBOC,M. gigas,No Tide,21,51,9,L,3.029
4,Middle,BBOC,M. gigas,No Tide,21,51,9,W,2.491
4,Middle,BBOC,M. gigas,No Tide,21,51,10,L,2.816
4,Middle,BBOC,M. gigas,No Tide,21,51,10,W,2.836
4,Middle,BBOC,M. gigas,No Tide,21,52,1,L,3.459
4,Middle,BBOC,M. gigas,No Tide,21,52,1,W,2.413
4,Middle,BBOC,M. gigas,No Tide,21,52,2,L,3.291
4,Middle,BBOC,M. gigas,No Tide,21,52,2,W,2.241
4,Middle,BBOC,M. gigas,No Tide,21,52,3,L,3.721
4,Middle,BBOC,M. gigas,No Tide,21,52,3,W,2.975
4,Middle,BBOC,M. gigas,No Tide,21,52,4,L,3.173
4,Middle,BBOC,M. gigas,No Tide,21,52,4,W,2.397
4,Middle,BBOC,M. gigas,No Tide,21,52,5,L,3.711
4,Middle,BBOC,M. gigas,No Tide,21,52,5,W,2.736
4,Middle,BBOC,M. gigas,No Tide,21,52,6,L,3.796
4,Middle,BBOC,M. gigas,No Tide,21,52,6,W,3.251
4,Middle,BBOC,M. gigas,No Tide,21,52,7,L,3.267
4,Middle,BBOC,M. gigas,No Tide,21,52,7,W,2.694
4,Middle,BBOC,M. gigas,No Tide,21,52,8,L,3.933
4,Middle,BBOC,M. gigas,No Tide,21,52,8,W,2.582
4,Middle,BBOC,M. gigas,No Tide,21,52,9,L,2.95
4,Middle,BBOC,M. gigas,No Tide,21,52,9,W,2.566
4,Middle,BBOC,M. gigas,No Tide,21,52,10,L,4.161
4,Middle,BBOC,M. gigas,No Tide,21,52,10,W,3.017
4,Middle,BBOC,M. gigas,No Tide,21,53,1,L,4.395
4,Middle,BBOC,M. gigas,No Tide,21,53,1,W,3.018
4,Middle,BBOC,M. gigas,No Tide,21,53,2,L,3.466
4,Middle,BBOC,M. gigas,No Tide,21,53,2,W,2.645
4,Middle,BBOC,M. gigas,No Tide,21,53,3,L,4.391
4,Middle,BBOC,M. gigas,No Tide,21,53,3,W,2.542
4,Middle,BBOC,M. gigas,No Tide,21,53,4,L,4.49
4,Middle,BBOC,M. gigas,No Tide,21,53,4,W,3.092
4,Middle,BBOC,M. gigas,No Tide,21,53,5,L,3.901
4,Middle,BBOC,M. gigas,No Tide,21,53,5,W,2.56
4,Middle,BBOC,M. gigas,No Tide,21,53,6,L,4.709
4,Middle,BBOC,M. gigas,No Tide,21,53,6,W,3.361
4,Middle,BBOC,M. gigas,No Tide,21,53,7,L,2.571
4,Middle,BBOC,M. gigas,No Tide,21,53,7,W,2.995
4,Middle,BBOC,M. gigas,No Tide,21,53,8,L,3.363
4,Middle,BBOC,M. gigas,No Tide,21,53,8,W,3.001
4,Middle,BBOC,M. gigas,No Tide,21,53,9,L,4.52
4,Middle,BBOC,M. gigas,No Tide,21,53,9,W,3.061
4,Middle,BBOC,M. gigas,No Tide,21,53,10,L,4.387
4,Middle,BBOC,M. gigas,No Tide,21,53,10,W,2.529
4,Middle,BBOC,M. gigas,No Tide,16,54,1,L,3.877
4,Middle,BBOC,M. gigas,No Tide,16,54,1,W,2.649
4,Middle,BBOC,M. gigas,No Tide,16,54,2,L,2.533
4,Middle,BBOC,M. gigas,No Tide,16,54,2,W,2.282
4,Middle,BBOC,M. gigas,No Tide,16,54,3,L,3.638
4,Middle,BBOC,M. gigas,No Tide,16,54,3,W,2.549
4,Middle,BBOC,M. gigas,No Tide,16,54,4,L,3.497
4,Middle,BBOC,M. gigas,No Tide,16,54,4,W,2.548
4,Middle,BBOC,M. gigas,No Tide,16,54,5,L,3.935
4,Middle,BBOC,M. gigas,No Tide,16,54,5,W,2.252
4,Middle,BBOC,M. gigas,No Tide,16,54,6,L,4.373
4,Middle,BBOC,M. gigas,No Tide,16,54,6,W,2.971
4,Middle,BBOC,M. gigas,No Tide,16,54,7,L,2.925
4,Middle,BBOC,M. gigas,No Tide,16,54,7,W,3.05
4,Middle,BBOC,M. gigas,No Tide,16,54,8,L,2.984
4,Middle,BBOC,M. gigas,No Tide,16,54,8,W,2.319
4,Middle,BBOC,M. gigas,No Tide,16,54,9,L,4.532
4,Middle,BBOC,M. gigas,No Tide,16,54,9,W,2.894
4,Middle,BBOC,M. gigas,No Tide,16,54,10,L,NA
4,Middle,BBOC,M. gigas,No Tide,16,54,10,W,NA
4,Middle,BBOC,M. gigas,No Tide,16,55,1,L,3.887
4,Middle,BBOC,M. gigas,No Tide,16,55,1,W,2.436
4,Middle,BBOC,M. gigas,No Tide,16,55,2,L,4.256
4,Middle,BBOC,M. gigas,No Tide,16,55,2,W,2.46
4,Middle,BBOC,M. gigas,No Tide,16,55,3,L,3.514
4,Middle,BBOC,M. gigas,No Tide,16,55,3,W,2.686
4,Middle,BBOC,M. gigas,No Tide,16,55,4,L,3.217
4,Middle,BBOC,M. gigas,No Tide,16,55,4,W,1.998
4,Middle,BBOC,M. gigas,No Tide,16,55,5,L,3.13
4,Middle,BBOC,M. gigas,No Tide,16,55,5,W,2.279
4,Middle,BBOC,M. gigas,No Tide,16,55,6,L,3.882
4,Middle,BBOC,M. gigas,No Tide,16,55,6,W,2.889
4,Middle,BBOC,M. gigas,No Tide,16,55,7,L,3.213
4,Middle,BBOC,M. gigas,No Tide,16,55,7,W,3.31
4,Middle,BBOC,M. gigas,No Tide,16,55,8,L,3.468
4,Middle,BBOC,M. gigas,No Tide,16,55,8,W,2.351
4,Middle,BBOC,M. gigas,No Tide,16,55,9,L,3.516
4,Middle,BBOC,M. gigas,No Tide,16,55,9,W,2.518
4,Middle,BBOC,M. gigas,No Tide,16,55,10,L,NA
4,Middle,BBOC,M. gigas,No Tide,16,55,10,W,NA
4,Middle,BBOC,M. gigas,No Tide,16,56,1,L,5.037
4,Middle,BBOC,M. gigas,No Tide,16,56,1,W,2.949
,Middle,BBOC,M. gigas,No Tide,16,56,2,L,4.967
4,Middle,BBOC,M. gigas,No Tide,16,56,2,W,2.982
4,Middle,BBOC,M. gigas,No Tide,16,56,3,L,3.744
4,Middle,BBOC,M. gigas,No Tide,16,56,3,W,2.675
4,Middle,BBOC,M. gigas,No Tide,16,56,4,L,4.77
4,Middle,BBOC,M. gigas,No Tide,16,56,4,W,3.099
4,Middle,BBOC,M. gigas,No Tide,16,56,5,L,4
4,Middle,BBOC,M. gigas,No Tide,16,56,5,W,2.28
4,Middle,BBOC,M. gigas,No Tide,16,56,6,L,4.246
4,Middle,BBOC,M. gigas,No Tide,16,56,6,W,2.858
4,Middle,BBOC,M. gigas,No Tide,16,56,7,L,4.556
4,Middle,BBOC,M. gigas,No Tide,16,56,7,W,3.19
4,Middle,BBOC,M. gigas,No Tide,16,56,8,L,4.278
4,Middle,BBOC,M. gigas,No Tide,16,56,8,W,2.69
4,Middle,BBOC,M. gigas,No Tide,16,56,9,L,4.075
4,Middle,BBOC,M. gigas,No Tide,16,56,9,W,2.901
4,Middle,BBOC,M. gigas,No Tide,16,56,10,L,4.805
4,Middle,BBOC,M. gigas,No Tide,16,56,10,W,2.633
1,North,HIOC,C. sikamea,Tide,21,1,1,L,2.744
1,North,HIOC,C. sikamea,Tide,21,1,1,W,1.907
1,North,HIOC,C. sikamea,Tide,21,1,2,L,2.886
1,North,HIOC,C. sikamea,Tide,21,1,2,W,1.869
1,North,HIOC,C. sikamea,Tide,21,1,3,L,2.199
1,North,HIOC,C. sikamea,Tide,21,1,3,W,2.083
1,North,HIOC,C. sikamea,Tide,21,1,4,L,2.184
1,North,HIOC,C. sikamea,Tide,21,1,4,W,2.291
1,North,HIOC,C. sikamea,Tide,21,1,5,L,2.615
1,North,HIOC,C. sikamea,Tide,21,1,5,W,2.338
1,North,HIOC,C. sikamea,Tide,21,1,6,L,2.421
1,North,HIOC,C. sikamea,Tide,21,1,6,W,1.694
1,North,HIOC,C. sikamea,Tide,21,1,7,L,2.911
1,North,HIOC,C. sikamea,Tide,21,1,7,W,2.266
1,North,HIOC,C. sikamea,Tide,21,1,8,L,2.751
1,North,HIOC,C. sikamea,Tide,21,1,8,W,2.311
1,North,HIOC,C. sikamea,Tide,21,1,9,L,2.758
1,North,HIOC,C. sikamea,Tide,21,1,9,W,1.878
1,North,HIOC,C. sikamea,Tide,21,1,10,L,2.084
1,North,HIOC,C. sikamea,Tide,21,1,10,W,2.277
1,North,HIOC,C. sikamea,Tide,21,2,1,L,2.64
1,North,HIOC,C. sikamea,Tide,21,2,1,W,2.383
1,North,HIOC,C. sikamea,Tide,21,2,2,L,2.395
1,North,HIOC,C. sikamea,Tide,21,2,2,W,2.542
1,North,HIOC,C. sikamea,Tide,21,2,3,L,2.305
1,North,HIOC,C. sikamea,Tide,21,2,3,W,2.335
1,North,HIOC,C. sikamea,Tide,21,2,4,L,2.649
1,North,HIOC,C. sikamea,Tide,21,2,4,W,2.378
1,North,HIOC,C. sikamea,Tide,21,2,5,L,2.376
1,North,HIOC,C. sikamea,Tide,21,2,5,W,1.806
1,North,HIOC,C. sikamea,Tide,21,2,6,L,2.581
1,North,HIOC,C. sikamea,Tide,21,2,6,W,1.618
1,North,HIOC,C. sikamea,Tide,21,2,7,L,2.716
1,North,HIOC,C. sikamea,Tide,21,2,7,W,2.112
1,North,HIOC,C. sikamea,Tide,21,2,8,L,2.662
1,North,HIOC,C. sikamea,Tide,21,2,8,W,1.731
1,North,HIOC,C. sikamea,Tide,21,2,9,L,2.819
1,North,HIOC,C. sikamea,Tide,21,2,9,W,2.303
1,North,HIOC,C. sikamea,Tide,21,2,10,L,2.853
1,North,HIOC,C. sikamea,Tide,21,2,10,W,2.216
1,North,HIOC,C. sikamea,Tide,21,3,1,L,2.957
1,North,HIOC,C. sikamea,Tide,21,3,1,W,2.262
1,North,HIOC,C. sikamea,Tide,21,3,2,L,2.294
1,North,HIOC,C. sikamea,Tide,21,3,2,W,1.557
1,North,HIOC,C. sikamea,Tide,21,3,3,L,2.95
1,North,HIOC,C. sikamea,Tide,21,3,3,W,1.966
1,North,HIOC,C. sikamea,Tide,21,3,4,L,2.936
1,North,HIOC,C. sikamea,Tide,21,3,4,W,2.024
1,North,HIOC,C. sikamea,Tide,21,3,5,L,2.672
1,North,HIOC,C. sikamea,Tide,21,3,5,W,2.244
1,North,HIOC,C. sikamea,Tide,21,3,6,L,2.201
1,North,HIOC,C. sikamea,Tide,21,3,6,W,1.848
1,North,HIOC,C. sikamea,Tide,21,3,7,L,2.479
1,North,HIOC,C. sikamea,Tide,21,3,7,W,1.842
1,North,HIOC,C. sikamea,Tide,21,3,8,L,3.229
1,North,HIOC,C. sikamea,Tide,21,3,8,W,2.524
1,North,HIOC,C. sikamea,Tide,21,3,9,L,3.008
1,North,HIOC,C. sikamea,Tide,21,3,9,W,1.97
1,North,HIOC,C. sikamea,Tide,21,3,10,L,2.819
1,North,HIOC,C. sikamea,Tide,21,3,10,W,2.289
1,North,HIOC,C. sikamea,Tide,16,4,1,L,2.415
1,North,HIOC,C. sikamea,Tide,16,4,1,W,2.191
1,North,HIOC,C. sikamea,Tide,16,4,2,L,2.711
1,North,HIOC,C. sikamea,Tide,16,4,2,W,2.155
1,North,HIOC,C. sikamea,Tide,16,4,3,L,2.445
1,North,HIOC,C. sikamea,Tide,16,4,3,W,2.162
1,North,HIOC,C. sikamea,Tide,16,4,4,L,2.325
1,North,HIOC,C. sikamea,Tide,16,4,4,W,1.984
1,North,HIOC,C. sikamea,Tide,16,4,5,L,2.217
1,North,HIOC,C. sikamea,Tide,16,4,5,W,2.364
1,North,HIOC,C. sikamea,Tide,16,4,6,L,3.049
1,North,HIOC,C. sikamea,Tide,16,4,6,W,2.458
1,North,HIOC,C. sikamea,Tide,16,4,7,L,2.44
1,North,HIOC,C. sikamea,Tide,16,4,7,W,2.108
1,North,HIOC,C. sikamea,Tide,16,4,8,L,2.485
1,North,HIOC,C. sikamea,Tide,16,4,8,W,2.238
1,North,HIOC,C. sikamea,Tide,16,4,9,L,2.201
1,North,HIOC,C. sikamea,Tide,16,4,9,W,1.868
1,North,HIOC,C. sikamea,Tide,16,4,10,L,2.684
1,North,HIOC,C. sikamea,Tide,16,4,10,W,2.147
1,North,HIOC,C. sikamea,Tide,16,5,1,L,2.816
1,North,HIOC,C. sikamea,Tide,16,5,1,W,2.498
1,North,HIOC,C. sikamea,Tide,16,5,2,L,3.262
1,North,HIOC,C. sikamea,Tide,16,5,2,W,1.965
1,North,HIOC,C. sikamea,Tide,16,5,3,L,2.963
1,North,HIOC,C. sikamea,Tide,16,5,3,W,2.154
1,North,HIOC,C. sikamea,Tide,16,5,4,L,2.752
1,North,HIOC,C. sikamea,Tide,16,5,4,W,1.892
1,North,HIOC,C. sikamea,Tide,16,5,5,L,2.932
1,North,HIOC,C. sikamea,Tide,16,5,5,W,1.848
1,North,HIOC,C. sikamea,Tide,16,5,6,L,2.858
1,North,HIOC,C. sikamea,Tide,16,5,6,W,2.176
1,North,HIOC,C. sikamea,Tide,16,5,7,L,3.037
1,North,HIOC,C. sikamea,Tide,16,5,7,W,2.115
1,North,HIOC,C. sikamea,Tide,16,5,8,L,2.618
1,North,HIOC,C. sikamea,Tide,16,5,8,W,1.935
1,North,HIOC,C. sikamea,Tide,16,5,9,L,3.081
1,North,HIOC,C. sikamea,Tide,16,5,9,W,2.196
1,North,HIOC,C. sikamea,Tide,16,5,10,L,2.536
1,North,HIOC,C. sikamea,Tide,16,5,10,W,1.672
1,North,HIOC,C. sikamea,Tide,16,6,1,L,2.602
1,North,HIOC,C. sikamea,Tide,16,6,1,W,1.971
1,North,HIOC,C. sikamea,Tide,16,6,2,L,3.394
1,North,HIOC,C. sikamea,Tide,16,6,2,W,2.505
1,North,HIOC,C. sikamea,Tide,16,6,3,L,3.324
1,North,HIOC,C. sikamea,Tide,16,6,3,W,2.14
1,North,HIOC,C. sikamea,Tide,16,6,4,L,2.719
1,North,HIOC,C. sikamea,Tide,16,6,4,W,2.17
1,North,HIOC,C. sikamea,Tide,16,6,5,L,2.74
1,North,HIOC,C. sikamea,Tide,16,6,5,W,2.558
1,North,HIOC,C. sikamea,Tide,16,6,6,L,2.892
1,North,HIOC,C. sikamea,Tide,16,6,6,W,1.759
1,North,HIOC,C. sikamea,Tide,16,6,7,L,2.667
1,North,HIOC,C. sikamea,Tide,16,6,7,W,2.549
1,North,HIOC,C. sikamea,Tide,16,6,8,L,2.826
1,North,HIOC,C. sikamea,Tide,16,6,8,W,2.165
1,North,HIOC,C. sikamea,Tide,16,6,9,L,2.629
1,North,HIOC,C. sikamea,Tide,16,6,9,W,2.473
1,North,HIOC,C. sikamea,Tide,16,6,10,L,2.796
1,North,HIOC,C. sikamea,Tide,16,6,10,W,1.88
1,North,HIOC,C. sikamea,No Tide,21,7,1,L,2.465
1,North,HIOC,C. sikamea,No Tide,21,7,1,W,1.969
1,North,HIOC,C. sikamea,No Tide,21,7,2,L,2.116
1,North,HIOC,C. sikamea,No Tide,21,7,2,W,2.346
1,North,HIOC,C. sikamea,No Tide,21,7,3,L,2.789
1,North,HIOC,C. sikamea,No Tide,21,7,3,W,1.781
1,North,HIOC,C. sikamea,No Tide,21,7,4,L,2.136
1,North,HIOC,C. sikamea,No Tide,21,7,4,W,1.625
1,North,HIOC,C. sikamea,No Tide,21,7,5,L,2.529
1,North,HIOC,C. sikamea,No Tide,21,7,5,W,2.018
1,North,HIOC,C. sikamea,No Tide,21,7,6,L,2.938
1,North,HIOC,C. sikamea,No Tide,21,7,6,W,1.997
1,North,HIOC,C. sikamea,No Tide,21,7,7,L,2.982
1,North,HIOC,C. sikamea,No Tide,21,7,7,W,1.686
1,North,HIOC,C. sikamea,No Tide,21,7,8,L,2.346
1,North,HIOC,C. sikamea,No Tide,21,7,8,W,2.343
1,North,HIOC,C. sikamea,No Tide,21,7,9,L,2.747
1,North,HIOC,C. sikamea,No Tide,21,7,9,W,2.299
1,North,HIOC,C. sikamea,No Tide,21,7,10,L,2.279
1,North,HIOC,C. sikamea,No Tide,21,7,10,W,2.235
1,North,HIOC,C. sikamea,No Tide,21,8,1,L,2.889
1,North,HIOC,C. sikamea,No Tide,21,8,1,W,2.211
1,North,HIOC,C. sikamea,No Tide,21,8,2,L,2.719
1,North,HIOC,C. sikamea,No Tide,21,8,2,W,2.096
1,North,HIOC,C. sikamea,No Tide,21,8,3,L,3.03
1,North,HIOC,C. sikamea,No Tide,21,8,3,W,2.448
1,North,HIOC,C. sikamea,No Tide,21,8,4,L,2.601
1,North,HIOC,C. sikamea,No Tide,21,8,4,W,2.095
1,North,HIOC,C. sikamea,No Tide,21,8,5,L,2.68
1,North,HIOC,C. sikamea,No Tide,21,8,5,W,1.851
1,North,HIOC,C. sikamea,No Tide,21,8,6,L,2.762
1,North,HIOC,C. sikamea,No Tide,21,8,6,W,2.153
1,North,HIOC,C. sikamea,No Tide,21,8,7,L,2.771
1,North,HIOC,C. sikamea,No Tide,21,8,7,W,1.927
1,North,HIOC,C. sikamea,No Tide,21,8,8,L,3.22
1,North,HIOC,C. sikamea,No Tide,21,8,8,W,2.345
1,North,HIOC,C. sikamea,No Tide,21,8,9,L,3.179
1,North,HIOC,C. sikamea,No Tide,21,8,9,W,2.214
1,North,HIOC,C. sikamea,No Tide,21,8,10,L,2.519
1,North,HIOC,C. sikamea,No Tide,21,8,10,W,1.915
1,North,HIOC,C. sikamea,No Tide,21,9,1,L,3.577
1,North,HIOC,C. sikamea,No Tide,21,9,1,W,2.471
1,North,HIOC,C. sikamea,No Tide,21,9,2,L,2.573
1,North,HIOC,C. sikamea,No Tide,21,9,2,W,2.192
1,North,HIOC,C. sikamea,No Tide,21,9,3,L,2.438
1,North,HIOC,C. sikamea,No Tide,21,9,3,W,2.506
1,North,HIOC,C. sikamea,No Tide,21,9,4,L,2.64
1,North,HIOC,C. sikamea,No Tide,21,9,4,W,1.658
1,North,HIOC,C. sikamea,No Tide,21,9,5,L,2.54
1,North,HIOC,C. sikamea,No Tide,21,9,5,W,2.185
1,North,HIOC,C. sikamea,No Tide,21,9,6,L,2.995
1,North,HIOC,C. sikamea,No Tide,21,9,6,W,1.836
1,North,HIOC,C. sikamea,No Tide,21,9,7,L,3.023
1,North,HIOC,C. sikamea,No Tide,21,9,7,W,2.052
1,North,HIOC,C. sikamea,No Tide,21,9,8,L,2.866
1,North,HIOC,C. sikamea,No Tide,21,9,8,W,2.116
1,North,HIOC,C. sikamea,No Tide,21,9,9,L,2.837
1,North,HIOC,C. sikamea,No Tide,21,9,9,W,2.271
1,North,HIOC,C. sikamea,No Tide,21,9,10,L,2.766
1,North,HIOC,C. sikamea,No Tide,21,9,10,W,1.859
1,North,HIOC,C. sikamea,No Tide,16,10,1,L,2.191
1,North,HIOC,C. sikamea,No Tide,16,10,1,W,1.853
1,North,HIOC,C. sikamea,No Tide,16,10,2,L,2.764
1,North,HIOC,C. sikamea,No Tide,16,10,2,W,1.814
1,North,HIOC,C. sikamea,No Tide,16,10,3,L,2.324
1,North,HIOC,C. sikamea,No Tide,16,10,3,W,2.072
1,North,HIOC,C. sikamea,No Tide,16,10,4,L,2.334
1,North,HIOC,C. sikamea,No Tide,16,10,4,W,1.942
1,North,HIOC,C. sikamea,No Tide,16,10,5,L,2.747
1,North,HIOC,C. sikamea,No Tide,16,10,5,W,1.943
1,North,HIOC,C. sikamea,No Tide,16,10,6,L,2.78
1,North,HIOC,C. sikamea,No Tide,16,10,6,W,1.977
1,North,HIOC,C. sikamea,No Tide,16,10,7,L,2.569
1,North,HIOC,C. sikamea,No Tide,16,10,7,W,2.139
1,North,HIOC,C. sikamea,No Tide,16,10,8,L,2.691
1,North,HIOC,C. sikamea,No Tide,16,10,8,W,1.954
1,North,HIOC,C. sikamea,No Tide,16,10,9,L,2.878
1,North,HIOC,C. sikamea,No Tide,16,10,9,W,1.911
1,North,HIOC,C. sikamea,No Tide,16,10,10,L,2.521
1,North,HIOC,C. sikamea,No Tide,16,10,10,W,2.016
1,North,HIOC,C. sikamea,No Tide,16,11,1,L,2.618
1,North,HIOC,C. sikamea,No Tide,16,11,1,W,2.147
1,North,HIOC,C. sikamea,No Tide,16,11,2,L,2.704
1,North,HIOC,C. sikamea,No Tide,16,11,2,W,2.149
1,North,HIOC,C. sikamea,No Tide,16,11,3,L,2.549
1,North,HIOC,C. sikamea,No Tide,16,11,3,W,1.999
1,North,HIOC,C. sikamea,No Tide,16,11,4,L,2.662
1,North,HIOC,C. sikamea,No Tide,16,11,4,W,2
1,North,HIOC,C. sikamea,No Tide,16,11,5,L,2.545
1,North,HIOC,C. sikamea,No Tide,16,11,5,W,2.028
1,North,HIOC,C. sikamea,No Tide,16,11,6,L,2.703
1,North,HIOC,C. sikamea,No Tide,16,11,6,W,2.366
1,North,HIOC,C. sikamea,No Tide,16,11,7,L,2.743
1,North,HIOC,C. sikamea,No Tide,16,11,7,W,2.253
1,North,HIOC,C. sikamea,No Tide,16,11,8,L,3.223
1,North,HIOC,C. sikamea,No Tide,16,11,8,W,2.25
1,North,HIOC,C. sikamea,No Tide,16,11,9,L,2.859
1,North,HIOC,C. sikamea,No Tide,16,11,9,W,2.081
1,North,HIOC,C. sikamea,No Tide,16,11,10,L,2.384
1,North,HIOC,C. sikamea,No Tide,16,11,10,W,2.033
1,North,HIOC,C. sikamea,No Tide,16,12,1,L,3.152
1,North,HIOC,C. sikamea,No Tide,16,12,1,W,1.633
1,North,HIOC,C. sikamea,No Tide,16,12,2,L,2.812
1,North,HIOC,C. sikamea,No Tide,16,12,2,W,2.31
1,North,HIOC,C. sikamea,No Tide,16,12,3,L,3.116
1,North,HIOC,C. sikamea,No Tide,16,12,3,W,2.205
1,North,HIOC,C. sikamea,No Tide,16,12,4,L,2.72
1,North,HIOC,C. sikamea,No Tide,16,12,4,W,2.19
1,North,HIOC,C. sikamea,No Tide,16,12,5,L,3.028
1,North,HIOC,C. sikamea,No Tide,16,12,5,W,2.014
1,North,HIOC,C. sikamea,No Tide,16,12,6,L,2.69
1,North,HIOC,C. sikamea,No Tide,16,12,6,W,2.042
1,North,HIOC,C. sikamea,No Tide,16,12,7,L,2.956
1,North,HIOC,C. sikamea,No Tide,16,12,7,W,2.121
1,North,HIOC,C. sikamea,No Tide,16,12,8,L,3
1,North,HIOC,C. sikamea,No Tide,16,12,8,W,2.083
1,North,HIOC,C. sikamea,No Tide,16,12,9,L,2.788
1,North,HIOC,C. sikamea,No Tide,16,12,9,W,2.276
1,North,HIOC,C. sikamea,No Tide,16,12,10,L,2.859
1,North,HIOC,C. sikamea,No Tide,16,12,10,W,2.08
1,North,HIOC,M. gigas,No Tide,21,41,1,L,2.367
1,North,HIOC,M. gigas,No Tide,21,41,1,W,2.064
1,North,HIOC,M. gigas,No Tide,21,41,2,L,2.33
1,North,HIOC,M. gigas,No Tide,21,41,2,W,1.698
1,North,HIOC,M. gigas,No Tide,21,41,3,L,1.646
1,North,HIOC,M. gigas,No Tide,21,41,3,W,1.426
1,North,HIOC,M. gigas,No Tide,21,41,4,L,2.513
1,North,HIOC,M. gigas,No Tide,21,41,4,W,1.825
1,North,HIOC,M. gigas,No Tide,21,41,5,L,2.579
1,North,HIOC,M. gigas,No Tide,21,41,5,W,1.945
1,North,HIOC,M. gigas,No Tide,21,41,6,L,2.795
1,North,HIOC,M. gigas,No Tide,21,41,6,W,1.998
1,North,HIOC,M. gigas,No Tide,21,41,7,L,2.312
1,North,HIOC,M. gigas,No Tide,21,41,7,W,1.634
1,North,HIOC,M. gigas,No Tide,21,41,8,L,2.404
1,North,HIOC,M. gigas,No Tide,21,41,8,W,1.779
1,North,HIOC,M. gigas,No Tide,21,41,9,L,2.402
1,North,HIOC,M. gigas,No Tide,21,41,9,W,1.74
1,North,HIOC,M. gigas,No Tide,21,41,10,L,2.212
1,North,HIOC,M. gigas,No Tide,21,41,10,W,2.013
1,North,HIOC,M. gigas,No Tide,21,42,1,L,3.321
1,North,HIOC,M. gigas,No Tide,21,42,1,W,2.054
1,North,HIOC,M. gigas,No Tide,21,42,2,L,2.637
1,North,HIOC,M. gigas,No Tide,21,42,2,W,1.988
1,North,HIOC,M. gigas,No Tide,21,42,3,L,2.698
1,North,HIOC,M. gigas,No Tide,21,42,3,W,2.175
1,North,HIOC,M. gigas,No Tide,21,42,4,L,2.832
1,North,HIOC,M. gigas,No Tide,21,42,4,W,1.817
1,North,HIOC,M. gigas,No Tide,21,42,5,L,2.322
1,North,HIOC,M. gigas,No Tide,21,42,5,W,1.904
1,North,HIOC,M. gigas,No Tide,21,42,6,L,3.122
1,North,HIOC,M. gigas,No Tide,21,42,6,W,1.999
1,North,HIOC,M. gigas,No Tide,21,42,7,L,2.182
1,North,HIOC,M. gigas,No Tide,21,42,7,W,1.688
1,North,HIOC,M. gigas,No Tide,21,42,8,L,1.976
1,North,HIOC,M. gigas,No Tide,21,42,8,W,1.655
1,North,HIOC,M. gigas,No Tide,21,42,9,L,2.123
1,North,HIOC,M. gigas,No Tide,21,42,9,W,1.579
1,North,HIOC,M. gigas,No Tide,21,42,10,L,2.276
1,North,HIOC,M. gigas,No Tide,21,42,10,W,1.813
1,North,HIOC,M. gigas,No Tide,21,43,1,L,2.654
1,North,HIOC,M. gigas,No Tide,21,43,1,W,2.123
1,North,HIOC,M. gigas,No Tide,21,43,2,L,2.355
1,North,HIOC,M. gigas,No Tide,21,43,2,W,1.659
1,North,HIOC,M. gigas,No Tide,21,43,3,L,3.053
1,North,HIOC,M. gigas,No Tide,21,43,3,W,1.846
1,North,HIOC,M. gigas,No Tide,21,43,4,L,3.568
1,North,HIOC,M. gigas,No Tide,21,43,4,W,2.079
1,North,HIOC,M. gigas,No Tide,21,43,5,L,2.136
1,North,HIOC,M. gigas,No Tide,21,43,5,W,1.581
1,North,HIOC,M. gigas,No Tide,21,43,6,L,2.337
1,North,HIOC,M. gigas,No Tide,21,43,6,W,1.986
1,North,HIOC,M. gigas,No Tide,21,43,7,L,2.44
1,North,HIOC,M. gigas,No Tide,21,43,7,W,1.504
1,North,HIOC,M. gigas,No Tide,21,43,8,L,2.243
1,North,HIOC,M. gigas,No Tide,21,43,8,W,1.748
1,North,HIOC,M. gigas,No Tide,21,43,9,L,2.669
1,North,HIOC,M. gigas,No Tide,21,43,9,W,1.942
1,North,HIOC,M. gigas,No Tide,21,43,10,L,2.846
1,North,HIOC,M. gigas,No Tide,21,43,10,W,2.122
1,North,HIOC,M. gigas,No Tide,16,44,1,L,1.872
1,North,HIOC,M. gigas,No Tide,16,44,1,W,1.877
1,North,HIOC,M. gigas,No Tide,16,44,2,L,2.15
1,North,HIOC,M. gigas,No Tide,16,44,2,W,1.72
1,North,HIOC,M. gigas,No Tide,16,44,3,L,2.222
1,North,HIOC,M. gigas,No Tide,16,44,3,W,1.615
1,North,HIOC,M. gigas,No Tide,16,44,4,L,2.129
1,North,HIOC,M. gigas,No Tide,16,44,4,W,2.117
1,North,HIOC,M. gigas,No Tide,16,44,5,L,1.854
1,North,HIOC,M. gigas,No Tide,16,44,5,W,1.618
1,North,HIOC,M. gigas,No Tide,16,44,6,L,2.058
1,North,HIOC,M. gigas,No Tide,16,44,6,W,1.897
1,North,HIOC,M. gigas,No Tide,16,44,7,L,2.033
1,North,HIOC,M. gigas,No Tide,16,44,7,W,1.765
1,North,HIOC,M. gigas,No Tide,16,44,8,L,2.012
1,North,HIOC,M. gigas,No Tide,16,44,8,W,1.678
1,North,HIOC,M. gigas,No Tide,16,44,9,L,1.812
1,North,HIOC,M. gigas,No Tide,16,44,9,W,1.706
1,North,HIOC,M. gigas,No Tide,16,44,10,L,1.716
1,North,HIOC,M. gigas,No Tide,16,44,10,W,1.64
1,North,HIOC,M. gigas,No Tide,16,45,1,L,2.661
1,North,HIOC,M. gigas,No Tide,16,45,1,W,1.986
1,North,HIOC,M. gigas,No Tide,16,45,2,L,2.232
1,North,HIOC,M. gigas,No Tide,16,45,2,W,1.898
1,North,HIOC,M. gigas,No Tide,16,45,3,L,3.099
1,North,HIOC,M. gigas,No Tide,16,45,3,W,1.941
1,North,HIOC,M. gigas,No Tide,16,45,4,L,2.427
1,North,HIOC,M. gigas,No Tide,16,45,4,W,2.118
1,North,HIOC,M. gigas,No Tide,16,45,5,L,2.853
1,North,HIOC,M. gigas,No Tide,16,45,5,W,1.956
1,North,HIOC,M. gigas,No Tide,16,45,6,L,2.382
1,North,HIOC,M. gigas,No Tide,16,45,6,W,1.955
1,North,HIOC,M. gigas,No Tide,16,45,7,L,1.809
1,North,HIOC,M. gigas,No Tide,16,45,7,W,1.53
1,North,HIOC,M. gigas,No Tide,16,45,8,L,2.72
1,North,HIOC,M. gigas,No Tide,16,45,8,W,1.868
1,North,HIOC,M. gigas,No Tide,16,45,9,L,1.961
1,North,HIOC,M. gigas,No Tide,16,45,9,W,1.676
1,North,HIOC,M. gigas,No Tide,16,45,10,L,2.349
1,North,HIOC,M. gigas,No Tide,16,45,10,W,2.004
1,North,HIOC,M. gigas,No Tide,16,46,1,L,3.287
1,North,HIOC,M. gigas,No Tide,16,46,1,W,1.963
1,North,HIOC,M. gigas,No Tide,16,46,2,L,2.981
1,North,HIOC,M. gigas,No Tide,16,46,2,W,2.31
1,North,HIOC,M. gigas,No Tide,16,46,3,L,3.241
1,North,HIOC,M. gigas,No Tide,16,46,3,W,1.817
1,North,HIOC,M. gigas,No Tide,16,46,4,L,2.589
1,North,HIOC,M. gigas,No Tide,16,46,4,W,1.808
1,North,HIOC,M. gigas,No Tide,16,46,5,L,2.48
1,North,HIOC,M. gigas,No Tide,16,46,5,W,2.033
1,North,HIOC,M. gigas,No Tide,16,46,6,L,2.735
1,North,HIOC,M. gigas,No Tide,16,46,6,W,1.794
1,North,HIOC,M. gigas,No Tide,16,46,7,L,1.718
1,North,HIOC,M. gigas,No Tide,16,46,7,W,1.796
1,North,HIOC,M. gigas,No Tide,16,46,8,L,2.568
1,North,HIOC,M. gigas,No Tide,16,46,8,W,2.044
1,North,HIOC,M. gigas,No Tide,16,46,9,L,2.965
1,North,HIOC,M. gigas,No Tide,16,46,9,W,2
1,North,HIOC,M. gigas,No Tide,16,46,10,L,2.41
1,North,HIOC,M. gigas,No Tide,16,46,10,W,1.673
4,North,HIOC,C. sikamea,Tide,21,1,1,L,3.643
4,North,HIOC,C. sikamea,Tide,21,1,1,W,3.192
4,North,HIOC,C. sikamea,Tide,21,1,2,L,3.835
4,North,HIOC,C. sikamea,Tide,21,1,2,W,2.917
4,North,HIOC,C. sikamea,Tide,21,1,3,L,3.154
4,North,HIOC,C. sikamea,Tide,21,1,3,W,2.89
4,North,HIOC,C. sikamea,Tide,21,1,4,L,3.281
4,North,HIOC,C. sikamea,Tide,21,1,4,W,2.858
4,North,HIOC,C. sikamea,Tide,21,1,5,L,3.479
4,North,HIOC,C. sikamea,Tide,21,1,5,W,2.652
4,North,HIOC,C. sikamea,Tide,21,1,6,L,3.65
4,North,HIOC,C. sikamea,Tide,21,1,6,W,2.906
4,North,HIOC,C. sikamea,Tide,21,1,7,L,3.822
4,North,HIOC,C. sikamea,Tide,21,1,7,W,2.991
4,North,HIOC,C. sikamea,Tide,21,1,8,L,3.746
4,North,HIOC,C. sikamea,Tide,21,1,8,W,2.798
4,North,HIOC,C. sikamea,Tide,21,1,9,L,3.294
4,North,HIOC,C. sikamea,Tide,21,1,9,W,3.08
4,North,HIOC,C. sikamea,Tide,21,1,10,L,3.168
4,North,HIOC,C. sikamea,Tide,21,1,10,W,2.927
4,North,HIOC,C. sikamea,Tide,21,2,1,L,3.922
4,North,HIOC,C. sikamea,Tide,21,2,1,W,3.07
4,North,HIOC,C. sikamea,Tide,21,2,2,L,3.391
4,North,HIOC,C. sikamea,Tide,21,2,2,W,2.553
4,North,HIOC,C. sikamea,Tide,21,2,3,L,3.3
4,North,HIOC,C. sikamea,Tide,21,2,3,W,2.534
4,North,HIOC,C. sikamea,Tide,21,2,4,L,3.768
4,North,HIOC,C. sikamea,Tide,21,2,4,W,2.962
4,North,HIOC,C. sikamea,Tide,21,2,5,L,3.734
4,North,HIOC,C. sikamea,Tide,21,2,5,W,2.551
4,North,HIOC,C. sikamea,Tide,21,2,6,L,3.968
4,North,HIOC,C. sikamea,Tide,21,2,6,W,3.361
4,North,HIOC,C. sikamea,Tide,21,2,7,L,3.415
4,North,HIOC,C. sikamea,Tide,21,2,7,W,2.836
4,North,HIOC,C. sikamea,Tide,21,2,8,L,3.746
4,North,HIOC,C. sikamea,Tide,21,2,8,W,3.012
4,North,HIOC,C. sikamea,Tide,21,2,9,L,3.009
4,North,HIOC,C. sikamea,Tide,21,2,9,W,2.487
4,North,HIOC,C. sikamea,Tide,21,2,10,L,3.079
4,North,HIOC,C. sikamea,Tide,21,2,10,W,3.158
4,North,HIOC,C. sikamea,Tide,21,3,1,L,3.288
4,North,HIOC,C. sikamea,Tide,21,3,1,W,2.819
4,North,HIOC,C. sikamea,Tide,21,3,2,L,3.487
4,North,HIOC,C. sikamea,Tide,21,3,2,W,3.258
4,North,HIOC,C. sikamea,Tide,21,3,3,L,3.084
4,North,HIOC,C. sikamea,Tide,21,3,3,W,2.766
4,North,HIOC,C. sikamea,Tide,21,3,4,L,3.548
4,North,HIOC,C. sikamea,Tide,21,3,4,W,2.458
4,North,HIOC,C. sikamea,Tide,21,3,5,L,4.183
4,North,HIOC,C. sikamea,Tide,21,3,5,W,3.679
4,North,HIOC,C. sikamea,Tide,21,3,6,L,3.673
4,North,HIOC,C. sikamea,Tide,21,3,6,W,2.25
4,North,HIOC,C. sikamea,Tide,21,3,7,L,3.024
4,North,HIOC,C. sikamea,Tide,21,3,7,W,2.21
4,North,HIOC,C. sikamea,Tide,21,3,8,L,3.416
4,North,HIOC,C. sikamea,Tide,21,3,8,W,2.862
4,North,HIOC,C. sikamea,Tide,21,3,9,L,3.667
4,North,HIOC,C. sikamea,Tide,21,3,9,W,2.889
4,North,HIOC,C. sikamea,Tide,21,3,10,L,3.734
4,North,HIOC,C. sikamea,Tide,21,3,10,W,3.509
4,North,HIOC,C. sikamea,Tide,16,4,1,L,3.837
4,North,HIOC,C. sikamea,Tide,16,4,1,W,3.032
4,North,HIOC,C. sikamea,Tide,16,4,2,L,3.462
4,North,HIOC,C. sikamea,Tide,16,4,2,W,3.141
4,North,HIOC,C. sikamea,Tide,16,4,3,L,3.535
4,North,HIOC,C. sikamea,Tide,16,4,3,W,2.8
4,North,HIOC,C. sikamea,Tide,16,4,4,L,3.368
4,North,HIOC,C. sikamea,Tide,16,4,4,W,3.387
4,North,HIOC,C. sikamea,Tide,16,4,5,L,3.276
4,North,HIOC,C. sikamea,Tide,16,4,5,W,2.838
4,North,HIOC,C. sikamea,Tide,16,4,6,L,3.314
4,North,HIOC,C. sikamea,Tide,16,4,6,W,2.565
4,North,HIOC,C. sikamea,Tide,16,4,7,L,3.315
4,North,HIOC,C. sikamea,Tide,16,4,7,W,2.726
4,North,HIOC,C. sikamea,Tide,16,4,8,L,3.602
4,North,HIOC,C. sikamea,Tide,16,4,8,W,3.319
4,North,HIOC,C. sikamea,Tide,16,4,9,L,2.884
4,North,HIOC,C. sikamea,Tide,16,4,9,W,2.599
4,North,HIOC,C. sikamea,Tide,16,4,10,L,4.007
4,North,HIOC,C. sikamea,Tide,16,4,10,W,3.111
4,North,HIOC,C. sikamea,Tide,16,5,1,L,3.538
4,North,HIOC,C. sikamea,Tide,16,5,1,W,2.708
4,North,HIOC,C. sikamea,Tide,16,5,2,L,3.003
4,North,HIOC,C. sikamea,Tide,16,5,2,W,1.931
4,North,HIOC,C. sikamea,Tide,16,5,3,L,3.861
4,North,HIOC,C. sikamea,Tide,16,5,3,W,2.969
4,North,HIOC,C. sikamea,Tide,16,5,4,L,3.702
4,North,HIOC,C. sikamea,Tide,16,5,4,W,3.085
4,North,HIOC,C. sikamea,Tide,16,5,5,L,3.444
4,North,HIOC,C. sikamea,Tide,16,5,5,W,3.056
4,North,HIOC,C. sikamea,Tide,16,5,6,L,3.303
4,North,HIOC,C. sikamea,Tide,16,5,6,W,2.645
4,North,HIOC,C. sikamea,Tide,16,5,7,L,3.023
4,North,HIOC,C. sikamea,Tide,16,5,7,W,2.475
4,North,HIOC,C. sikamea,Tide,16,5,8,L,3.861
4,North,HIOC,C. sikamea,Tide,16,5,8,W,3.198
4,North,HIOC,C. sikamea,Tide,16,5,9,L,3.369
4,North,HIOC,C. sikamea,Tide,16,5,9,W,3.034
4,North,HIOC,C. sikamea,Tide,16,5,10,L,3.775
4,North,HIOC,C. sikamea,Tide,16,5,10,W,2.639
4,North,HIOC,C. sikamea,Tide,16,6,1,L,3.984
4,North,HIOC,C. sikamea,Tide,16,6,1,W,2.527
4,North,HIOC,C. sikamea,Tide,16,6,2,L,3.982
4,North,HIOC,C. sikamea,Tide,16,6,2,W,2.958
4,North,HIOC,C. sikamea,Tide,16,6,3,L,3.562
4,North,HIOC,C. sikamea,Tide,16,6,3,W,3.201
4,North,HIOC,C. sikamea,Tide,16,6,4,L,3.44
4,North,HIOC,C. sikamea,Tide,16,6,4,W,2.944
4,North,HIOC,C. sikamea,Tide,16,6,5,L,3.355
4,North,HIOC,C. sikamea,Tide,16,6,5,W,3.011
4,North,HIOC,C. sikamea,Tide,16,6,6,L,3.315
4,North,HIOC,C. sikamea,Tide,16,6,6,W,3.145
4,North,HIOC,C. sikamea,Tide,16,6,7,L,3.266
4,North,HIOC,C. sikamea,Tide,16,6,7,W,2.222
4,North,HIOC,C. sikamea,Tide,16,6,8,L,3.691
4,North,HIOC,C. sikamea,Tide,16,6,8,W,3.242
4,North,HIOC,C. sikamea,Tide,16,6,9,L,3.096
4,North,HIOC,C. sikamea,Tide,16,6,9,W,2.579
4,North,HIOC,C. sikamea,Tide,16,6,10,L,3.331
4,North,HIOC,C. sikamea,Tide,16,6,10,W,2.737
4,North,HIOC,C. sikamea,No Tide,21,7,1,L,4.31
4,North,HIOC,C. sikamea,No Tide,21,7,1,W,3.401
4,North,HIOC,C. sikamea,No Tide,21,7,2,L,3.748
4,North,HIOC,C. sikamea,No Tide,21,7,2,W,3.355
4,North,HIOC,C. sikamea,No Tide,21,7,3,L,3.981
4,North,HIOC,C. sikamea,No Tide,21,7,3,W,2.847
4,North,HIOC,C. sikamea,No Tide,21,7,4,L,3.758
4,North,HIOC,C. sikamea,No Tide,21,7,4,W,3.918
4,North,HIOC,C. sikamea,No Tide,21,7,5,L,3.352
4,North,HIOC,C. sikamea,No Tide,21,7,5,W,2.61
4,North,HIOC,C. sikamea,No Tide,21,7,6,L,3.355
4,North,HIOC,C. sikamea,No Tide,21,7,6,W,3.421
4,North,HIOC,C. sikamea,No Tide,21,7,7,L,3.071
4,North,HIOC,C. sikamea,No Tide,21,7,7,W,2.047
4,North,HIOC,C. sikamea,No Tide,21,7,8,L,3.489
4,North,HIOC,C. sikamea,No Tide,21,7,8,W,2.687
4,North,HIOC,C. sikamea,No Tide,21,7,9,L,3.204
4,North,HIOC,C. sikamea,No Tide,21,7,9,W,2.27
4,North,HIOC,C. sikamea,No Tide,21,7,10,L,3.089
4,North,HIOC,C. sikamea,No Tide,21,7,10,W,1.945
4,North,HIOC,C. sikamea,No Tide,21,8,1,L,3.876
4,North,HIOC,C. sikamea,No Tide,21,8,1,W,2.941
4,North,HIOC,C. sikamea,No Tide,21,8,2,L,3.359
4,North,HIOC,C. sikamea,No Tide,21,8,2,W,2.877
4,North,HIOC,C. sikamea,No Tide,21,8,3,L,3.367
4,North,HIOC,C. sikamea,No Tide,21,8,3,W,2.427
4,North,HIOC,C. sikamea,No Tide,21,8,4,L,3.441
4,North,HIOC,C. sikamea,No Tide,21,8,4,W,2.641
4,North,HIOC,C. sikamea,No Tide,21,8,5,L,3.845
4,North,HIOC,C. sikamea,No Tide,21,8,5,W,2.789
4,North,HIOC,C. sikamea,No Tide,21,8,6,L,3.639
4,North,HIOC,C. sikamea,No Tide,21,8,6,W,2.91
4,North,HIOC,C. sikamea,No Tide,21,8,7,L,3.19
4,North,HIOC,C. sikamea,No Tide,21,8,7,W,2.15
4,North,HIOC,C. sikamea,No Tide,21,8,8,L,3.263
4,North,HIOC,C. sikamea,No Tide,21,8,8,W,2.966
4,North,HIOC,C. sikamea,No Tide,21,8,9,L,2.983
4,North,HIOC,C. sikamea,No Tide,21,8,9,W,2.462
4,North,HIOC,C. sikamea,No Tide,21,8,10,L,3.911
4,North,HIOC,C. sikamea,No Tide,21,8,10,W,3.447
4,North,HIOC,C. sikamea,No Tide,21,9,1,L,3.165
4,North,HIOC,C. sikamea,No Tide,21,9,1,W,3.219
4,North,HIOC,C. sikamea,No Tide,21,9,2,L,3.64
4,North,HIOC,C. sikamea,No Tide,21,9,2,W,3.194
4,North,HIOC,C. sikamea,No Tide,21,9,3,L,3.656
4,North,HIOC,C. sikamea,No Tide,21,9,3,W,2.585
4,North,HIOC,C. sikamea,No Tide,21,9,4,L,3.611
4,North,HIOC,C. sikamea,No Tide,21,9,4,W,2.938
4,North,HIOC,C. sikamea,No Tide,21,9,5,L,3.504
4,North,HIOC,C. sikamea,No Tide,21,9,5,W,2.862
4,North,HIOC,C. sikamea,No Tide,21,9,6,L,3.384
4,North,HIOC,C. sikamea,No Tide,21,9,6,W,3.116
4,North,HIOC,C. sikamea,No Tide,21,9,7,L,3.708
4,North,HIOC,C. sikamea,No Tide,21,9,7,W,3.087
4,North,HIOC,C. sikamea,No Tide,21,9,8,L,3.605
4,North,HIOC,C. sikamea,No Tide,21,9,8,W,3.279
4,North,HIOC,C. sikamea,No Tide,21,9,9,L,3.456
4,North,HIOC,C. sikamea,No Tide,21,9,9,W,2.936
4,North,HIOC,C. sikamea,No Tide,21,9,10,L,2.43
4,North,HIOC,C. sikamea,No Tide,21,9,10,W,2.35
4,North,HIOC,C. sikamea,No Tide,16,10,1,L,3.798
4,North,HIOC,C. sikamea,No Tide,16,10,1,W,2.746
4,North,HIOC,C. sikamea,No Tide,16,10,2,L,3.941
4,North,HIOC,C. sikamea,No Tide,16,10,2,W,3.037
4,North,HIOC,C. sikamea,No Tide,16,10,3,L,3.96
4,North,HIOC,C. sikamea,No Tide,16,10,3,W,2.949
4,North,HIOC,C. sikamea,No Tide,16,10,4,L,4.115
4,North,HIOC,C. sikamea,No Tide,16,10,4,W,2.661
4,North,HIOC,C. sikamea,No Tide,16,10,5,L,3.882
4,North,HIOC,C. sikamea,No Tide,16,10,5,W,2.978
4,North,HIOC,C. sikamea,No Tide,16,10,6,L,3.616
4,North,HIOC,C. sikamea,No Tide,16,10,6,W,2.81
4,North,HIOC,C. sikamea,No Tide,16,10,7,L,3.59
4,North,HIOC,C. sikamea,No Tide,16,10,7,W,2.926
4,North,HIOC,C. sikamea,No Tide,16,10,8,L,4.037
4,North,HIOC,C. sikamea,No Tide,16,10,8,W,2.593
4,North,HIOC,C. sikamea,No Tide,16,10,9,L,3.564
4,North,HIOC,C. sikamea,No Tide,16,10,9,W,2.709
4,North,HIOC,C. sikamea,No Tide,16,10,10,L,3.216
4,North,HIOC,C. sikamea,No Tide,16,10,10,W,2.738
4,North,HIOC,C. sikamea,No Tide,16,11,1,L,3.84
4,North,HIOC,C. sikamea,No Tide,16,11,1,W,2.798
4,North,HIOC,C. sikamea,No Tide,16,11,2,L,3.644
4,North,HIOC,C. sikamea,No Tide,16,11,2,W,3.769
4,North,HIOC,C. sikamea,No Tide,16,11,3,L,4.18
4,North,HIOC,C. sikamea,No Tide,16,11,3,W,3.061
4,North,HIOC,C. sikamea,No Tide,16,11,4,L,3.629
4,North,HIOC,C. sikamea,No Tide,16,11,4,W,3.796
4,North,HIOC,C. sikamea,No Tide,16,11,5,L,3.167
4,North,HIOC,C. sikamea,No Tide,16,11,5,W,2.422
4,North,HIOC,C. sikamea,No Tide,16,11,6,L,3.411
4,North,HIOC,C. sikamea,No Tide,16,11,6,W,3.162
4,North,HIOC,C. sikamea,No Tide,16,11,7,L,3.71
4,North,HIOC,C. sikamea,No Tide,16,11,7,W,3.602
4,North,HIOC,C. sikamea,No Tide,16,11,8,L,3.819
4,North,HIOC,C. sikamea,No Tide,16,11,8,W,3.129
4,North,HIOC,C. sikamea,No Tide,16,11,9,L,3.529
4,North,HIOC,C. sikamea,No Tide,16,11,9,W,2.969
4,North,HIOC,C. sikamea,No Tide,16,11,10,L,3.187
4,North,HIOC,C. sikamea,No Tide,16,11,10,W,2.861
4,North,HIOC,C. sikamea,No Tide,16,12,1,L,3.386
4,North,HIOC,C. sikamea,No Tide,16,12,1,W,2.965
4,North,HIOC,C. sikamea,No Tide,16,12,2,L,4.132
4,North,HIOC,C. sikamea,No Tide,16,12,2,W,3.243
4,North,HIOC,C. sikamea,No Tide,16,12,3,L,3.235
4,North,HIOC,C. sikamea,No Tide,16,12,3,W,2.46
4,North,HIOC,C. sikamea,No Tide,16,12,4,L,3.978
4,North,HIOC,C. sikamea,No Tide,16,12,4,W,2.75
4,North,HIOC,C. sikamea,No Tide,16,12,5,L,2.939
4,North,HIOC,C. sikamea,No Tide,16,12,5,W,2.203
4,North,HIOC,C. sikamea,No Tide,16,12,6,L,3.398
4,North,HIOC,C. sikamea,No Tide,16,12,6,W,3.505
4,North,HIOC,C. sikamea,No Tide,16,12,7,L,3.675
4,North,HIOC,C. sikamea,No Tide,16,12,7,W,2.941
4,North,HIOC,C. sikamea,No Tide,16,12,8,L,2.958
4,North,HIOC,C. sikamea,No Tide,16,12,8,W,1.725
4,North,HIOC,C. sikamea,No Tide,16,12,9,L,3.81
4,North,HIOC,C. sikamea,No Tide,16,12,9,W,2.796
4,North,HIOC,C. sikamea,No Tide,16,12,10,L,3.48
4,North,HIOC,C. sikamea,No Tide,16,12,10,W,3.105
4,North,HIOC,M. gigas,No Tide,21,41,1,L,3.576
4,North,HIOC,M. gigas,No Tide,21,41,1,W,2.488
4,North,HIOC,M. gigas,No Tide,21,41,2,L,3.199
4,North,HIOC,M. gigas,No Tide,21,41,2,W,2.879
4,North,HIOC,M. gigas,No Tide,21,41,3,L,4.784
4,North,HIOC,M. gigas,No Tide,21,41,3,W,2.916
4,North,HIOC,M. gigas,No Tide,21,41,4,L,3.469
4,North,HIOC,M. gigas,No Tide,21,41,4,W,2.458
4,North,HIOC,M. gigas,No Tide,21,41,5,L,4.07
4,North,HIOC,M. gigas,No Tide,21,41,5,W,3.068
4,North,HIOC,M. gigas,No Tide,21,41,6,L,3.874
4,North,HIOC,M. gigas,No Tide,21,41,6,W,2.762
4,North,HIOC,M. gigas,No Tide,21,41,7,L,2.785
4,North,HIOC,M. gigas,No Tide,21,41,7,W,2.254
4,North,HIOC,M. gigas,No Tide,21,41,8,L,3.284
4,North,HIOC,M. gigas,No Tide,21,41,8,W,2.57
4,North,HIOC,M. gigas,No Tide,21,41,9,L,3.81
4,North,HIOC,M. gigas,No Tide,21,41,9,W,2.264
4,North,HIOC,M. gigas,No Tide,21,41,10,L,3.515
4,North,HIOC,M. gigas,No Tide,21,41,10,W,2.269
4,North,HIOC,M. gigas,No Tide,21,42,1,L,3.401
4,North,HIOC,M. gigas,No Tide,21,42,1,W,2.582
4,North,HIOC,M. gigas,No Tide,21,42,2,L,2.915
4,North,HIOC,M. gigas,No Tide,21,42,2,W,2.193
4,North,HIOC,M. gigas,No Tide,21,42,3,L,2.783
4,North,HIOC,M. gigas,No Tide,21,42,3,W,2.313
4,North,HIOC,M. gigas,No Tide,21,42,4,L,3.903
4,North,HIOC,M. gigas,No Tide,21,42,4,W,2.966
4,North,HIOC,M. gigas,No Tide,21,42,5,L,3.647
4,North,HIOC,M. gigas,No Tide,21,42,5,W,2.588
4,North,HIOC,M. gigas,No Tide,21,42,6,L,2.795
4,North,HIOC,M. gigas,No Tide,21,42,6,W,2.06
4,North,HIOC,M. gigas,No Tide,21,42,7,L,3.688
4,North,HIOC,M. gigas,No Tide,21,42,7,W,2.462
4,North,HIOC,M. gigas,No Tide,21,42,8,L,2.813
4,North,HIOC,M. gigas,No Tide,21,42,8,W,2.069
4,North,HIOC,M. gigas,No Tide,21,42,9,L,2.961
4,North,HIOC,M. gigas,No Tide,21,42,9,W,2.08
4,North,HIOC,M. gigas,No Tide,21,42,10,L,NA
4,North,HIOC,M. gigas,No Tide,21,42,10,W,NA
4,North,HIOC,M. gigas,No Tide,21,43,1,L,3.113
4,North,HIOC,M. gigas,No Tide,21,43,1,W,2.519
4,North,HIOC,M. gigas,No Tide,21,43,2,L,2.559
4,North,HIOC,M. gigas,No Tide,21,43,2,W,1.82
4,North,HIOC,M. gigas,No Tide,21,43,3,L,3.179
4,North,HIOC,M. gigas,No Tide,21,43,3,W,2.272
4,North,HIOC,M. gigas,No Tide,21,43,4,L,2.587
4,North,HIOC,M. gigas,No Tide,21,43,4,W,2.296
4,North,HIOC,M. gigas,No Tide,21,43,5,L,3.632
4,North,HIOC,M. gigas,No Tide,21,43,5,W,2.635
4,North,HIOC,M. gigas,No Tide,21,43,6,L,2.569
4,North,HIOC,M. gigas,No Tide,21,43,6,W,2.695
4,North,HIOC,M. gigas,No Tide,21,43,7,L,3.963
4,North,HIOC,M. gigas,No Tide,21,43,7,W,2.577
4,North,HIOC,M. gigas,No Tide,21,43,8,L,2.994
4,North,HIOC,M. gigas,No Tide,21,43,8,W,2.199
4,North,HIOC,M. gigas,No Tide,21,43,9,L,2.577
4,North,HIOC,M. gigas,No Tide,21,43,9,W,2.323
4,North,HIOC,M. gigas,No Tide,21,43,10,L,3.094
4,North,HIOC,M. gigas,No Tide,21,43,10,W,2.912
4,North,HIOC,M. gigas,No Tide,16,44,1,L,4.122
4,North,HIOC,M. gigas,No Tide,16,44,1,W,2.545
4,North,HIOC,M. gigas,No Tide,16,44,2,L,4.223
4,North,HIOC,M. gigas,No Tide,16,44,2,W,2.908
4,North,HIOC,M. gigas,No Tide,16,44,3,L,3.083
4,North,HIOC,M. gigas,No Tide,16,44,3,W,2.463
4,North,HIOC,M. gigas,No Tide,16,44,4,L,3.746
4,North,HIOC,M. gigas,No Tide,16,44,4,W,2.548
4,North,HIOC,M. gigas,No Tide,16,44,5,L,3.966
4,North,HIOC,M. gigas,No Tide,16,44,5,W,2.71
4,North,HIOC,M. gigas,No Tide,16,44,6,L,3.126
4,North,HIOC,M. gigas,No Tide,16,44,6,W,2.53
4,North,HIOC,M. gigas,No Tide,16,44,7,L,2.638
4,North,HIOC,M. gigas,No Tide,16,44,7,W,2.084
4,North,HIOC,M. gigas,No Tide,16,44,8,L,3.464
4,North,HIOC,M. gigas,No Tide,16,44,8,W,2.324
4,North,HIOC,M. gigas,No Tide,16,44,9,L,2.682
4,North,HIOC,M. gigas,No Tide,16,44,9,W,2.645
4,North,HIOC,M. gigas,No Tide,16,44,10,L,3.383
4,North,HIOC,M. gigas,No Tide,16,44,10,W,2.371
4,North,HIOC,M. gigas,No Tide,16,45,1,L,2.532
4,North,HIOC,M. gigas,No Tide,16,45,1,W,2.155
4,North,HIOC,M. gigas,No Tide,16,45,2,L,3.111
4,North,HIOC,M. gigas,No Tide,16,45,2,W,2.068
4,North,HIOC,M. gigas,No Tide,16,45,3,L,2.84
4,North,HIOC,M. gigas,No Tide,16,45,3,W,2.012
4,North,HIOC,M. gigas,No Tide,16,45,4,L,3.565
4,North,HIOC,M. gigas,No Tide,16,45,4,W,1.976
4,North,HIOC,M. gigas,No Tide,16,45,5,L,2.403
4,North,HIOC,M. gigas,No Tide,16,45,5,W,2.438
4,North,HIOC,M. gigas,No Tide,16,45,6,L,2.462
4,North,HIOC,M. gigas,No Tide,16,45,6,W,2.056
4,North,HIOC,M. gigas,No Tide,16,45,7,L,2.754
4,North,HIOC,M. gigas,No Tide,16,45,7,W,2.01
4,North,HIOC,M. gigas,No Tide,16,45,8,L,2.913
4,North,HIOC,M. gigas,No Tide,16,45,8,W,2.012
4,North,HIOC,M. gigas,No Tide,16,45,9,L,2.418
4,North,HIOC,M. gigas,No Tide,16,45,9,W,2.258
4,North,HIOC,M. gigas,No Tide,16,45,10,L,2.925
4,North,HIOC,M. gigas,No Tide,16,45,10,W,2.071
,North,HIOC,M. gigas,No Tide,16,46,1,L,3.753
4,North,HIOC,M. gigas,No Tide,16,46,1,W,2.526
4,North,HIOC,M. gigas,No Tide,16,46,2,L,3.453
4,North,HIOC,M. gigas,No Tide,16,46,2,W,2.259
4,North,HIOC,M. gigas,No Tide,16,46,3,L,3.854
4,North,HIOC,M. gigas,No Tide,16,46,3,W,2.283
4,North,HIOC,M. gigas,No Tide,16,46,4,L,4.266
4,North,HIOC,M. gigas,No Tide,16,46,4,W,2.654
4,North,HIOC,M. gigas,No Tide,16,46,5,L,3.313
4,North,HIOC,M. gigas,No Tide,16,46,5,W,1.998
4,North,HIOC,M. gigas,No Tide,16,46,6,L,3.148
4,North,HIOC,M. gigas,No Tide,16,46,6,W,2.143
4,North,HIOC,M. gigas,No Tide,16,46,7,L,3.626
4,North,HIOC,M. gigas,No Tide,16,46,7,W,2.98
4,North,HIOC,M. gigas,No Tide,16,46,8,L,3.187
4,North,HIOC,M. gigas,No Tide,16,46,8,W,2.026
4,North,HIOC,M. gigas,No Tide,16,46,9,L,3.426
4,North,HIOC,M. gigas,No Tide,16,46,9,W,2.056
4,North,HIOC,M. gigas,No Tide,16,46,10,L,3.577
4,North,HIOC,M. gigas,No Tide,16,46,10,W,2.205
1,South,TBOC,C. sikamea,Tide,21,25,1,L,2.879
1,South,TBOC,C. sikamea,Tide,21,25,1,W,1.959
1,South,TBOC,C. sikamea,Tide,21,25,2,L,2.86
1,South,TBOC,C. sikamea,Tide,21,25,2,W,1.869
1,South,TBOC,C. sikamea,Tide,21,25,3,L,2.601
1,South,TBOC,C. sikamea,Tide,21,25,3,W,1.736
1,South,TBOC,C. sikamea,Tide,21,25,4,L,3.196
1,South,TBOC,C. sikamea,Tide,21,25,4,W,2.464
1,South,TBOC,C. sikamea,Tide,21,25,5,L,2.873
1,South,TBOC,C. sikamea,Tide,21,25,5,W,2.36
1,South,TBOC,C. sikamea,Tide,21,25,6,L,2.882
1,South,TBOC,C. sikamea,Tide,21,25,6,W,2.272
1,South,TBOC,C. sikamea,Tide,21,25,7,L,2.795
1,South,TBOC,C. sikamea,Tide,21,25,7,W,1.985
1,South,TBOC,C. sikamea,Tide,21,25,8,L,2.794
1,South,TBOC,C. sikamea,Tide,21,25,8,W,1.91
1,South,TBOC,C. sikamea,Tide,21,25,9,L,3.283
1,South,TBOC,C. sikamea,Tide,21,25,9,W,1.941
1,South,TBOC,C. sikamea,Tide,21,25,10,L,2.329
1,South,TBOC,C. sikamea,Tide,21,25,10,W,2.418
1,South,TBOC,C. sikamea,Tide,21,26,1,L,3.278
1,South,TBOC,C. sikamea,Tide,21,26,1,W,2.09
1,South,TBOC,C. sikamea,Tide,21,26,2,L,2.672
1,South,TBOC,C. sikamea,Tide,21,26,2,W,2.265
1,South,TBOC,C. sikamea,Tide,21,26,3,L,2.925
1,South,TBOC,C. sikamea,Tide,21,26,3,W,2.383
1,South,TBOC,C. sikamea,Tide,21,26,4,L,2.822
1,South,TBOC,C. sikamea,Tide,21,26,4,W,2.344
1,South,TBOC,C. sikamea,Tide,21,26,5,L,2.642
1,South,TBOC,C. sikamea,Tide,21,26,5,W,1.824
1,South,TBOC,C. sikamea,Tide,21,26,6,L,2.955
1,South,TBOC,C. sikamea,Tide,21,26,6,W,2.081
1,South,TBOC,C. sikamea,Tide,21,26,7,L,2.464
1,South,TBOC,C. sikamea,Tide,21,26,7,W,2.076
1,South,TBOC,C. sikamea,Tide,21,26,8,L,2.817
1,South,TBOC,C. sikamea,Tide,21,26,8,W,2.543
1,South,TBOC,C. sikamea,Tide,21,26,9,L,3.06
1,South,TBOC,C. sikamea,Tide,21,26,9,W,2.255
1,South,TBOC,C. sikamea,Tide,21,26,10,L,2.403
1,South,TBOC,C. sikamea,Tide,21,27,10,W,1.851
1,South,TBOC,C. sikamea,Tide,16,27,1,L,3
1,South,TBOC,C. sikamea,Tide,16,27,1,W,2.015
1,South,TBOC,C. sikamea,Tide,16,27,2,L,3.233
1,South,TBOC,C. sikamea,Tide,16,27,2,W,2.212
1,South,TBOC,C. sikamea,Tide,16,27,3,L,2.692
1,South,TBOC,C. sikamea,Tide,16,27,3,W,2.356
1,South,TBOC,C. sikamea,Tide,16,27,4,L,2.842
1,South,TBOC,C. sikamea,Tide,16,27,4,W,2.008
1,South,TBOC,C. sikamea,Tide,16,27,5,L,2.575
1,South,TBOC,C. sikamea,Tide,16,27,5,W,2.045
1,South,TBOC,C. sikamea,Tide,16,27,6,L,2.434
1,South,TBOC,C. sikamea,Tide,16,27,6,W,2.209
1,South,TBOC,C. sikamea,Tide,16,27,7,L,2.827
1,South,TBOC,C. sikamea,Tide,16,27,7,W,2.03
1,South,TBOC,C. sikamea,Tide,16,27,8,L,2.97
1,South,TBOC,C. sikamea,Tide,16,27,8,W,2.238
1,South,TBOC,C. sikamea,Tide,16,27,9,L,3.352
1,South,TBOC,C. sikamea,Tide,16,27,9,W,2.052
1,South,TBOC,C. sikamea,Tide,16,27,10,L,3.01
1,South,TBOC,C. sikamea,Tide,16,27,10,W,1.948
1,South,TBOC,C. sikamea,Tide,16,28,1,L,3.227
1,South,TBOC,C. sikamea,Tide,16,28,1,W,2.103
1,South,TBOC,C. sikamea,Tide,16,28,2,L,3.11
1,South,TBOC,C. sikamea,Tide,16,28,2,W,2.393
1,South,TBOC,C. sikamea,Tide,16,28,3,L,2.811
1,South,TBOC,C. sikamea,Tide,16,28,3,W,2.13
1,South,TBOC,C. sikamea,Tide,16,28,4,L,3.203
1,South,TBOC,C. sikamea,Tide,16,28,4,W,2.48
1,South,TBOC,C. sikamea,Tide,16,28,5,L,2.828
1,South,TBOC,C. sikamea,Tide,16,28,5,W,2.205
1,South,TBOC,C. sikamea,Tide,16,28,6,L,2.662
1,South,TBOC,C. sikamea,Tide,16,28,6,W,2.06
1,South,TBOC,C. sikamea,Tide,16,28,7,L,2.923
1,South,TBOC,C. sikamea,Tide,16,28,7,W,2.017
1,South,TBOC,C. sikamea,Tide,16,28,8,L,3.029
1,South,TBOC,C. sikamea,Tide,16,28,8,W,2.218
1,South,TBOC,C. sikamea,Tide,16,28,9,L,2.225
1,South,TBOC,C. sikamea,Tide,16,28,9,W,2.131
1,South,TBOC,C. sikamea,Tide,16,28,10,L,2.544
1,South,TBOC,C. sikamea,Tide,16,28,10,W,1.942
1,South,TBOC,C. sikamea,Tide,16,29,1,L,2.943
1,South,TBOC,C. sikamea,Tide,16,29,1,W,2.45
1,South,TBOC,C. sikamea,Tide,16,29,2,L,2.238
1,South,TBOC,C. sikamea,Tide,16,29,2,W,1.885
1,South,TBOC,C. sikamea,Tide,16,29,3,L,2.552
1,South,TBOC,C. sikamea,Tide,16,29,3,W,1.87
1,South,TBOC,C. sikamea,Tide,16,29,4,L,3.079
1,South,TBOC,C. sikamea,Tide,16,29,4,W,2.321
1,South,TBOC,C. sikamea,Tide,16,29,5,L,2.396
1,South,TBOC,C. sikamea,Tide,16,29,5,W,2.134
1,South,TBOC,C. sikamea,Tide,16,29,6,L,2.497
1,South,TBOC,C. sikamea,Tide,16,29,6,W,1.764
1,South,TBOC,C. sikamea,Tide,16,29,7,L,3.42
1,South,TBOC,C. sikamea,Tide,16,29,7,W,2.421
1,South,TBOC,C. sikamea,Tide,16,29,8,L,2.899
1,South,TBOC,C. sikamea,Tide,16,29,8,W,2.203
1,South,TBOC,C. sikamea,Tide,16,29,9,L,2.915
1,South,TBOC,C. sikamea,Tide,16,29,9,W,2.464
1,South,TBOC,C. sikamea,Tide,16,29,10,L,2.768
1,South,TBOC,C. sikamea,Tide,16,29,10,W,2.175
1,South,TBOC,C. sikamea,No Tide,21,30,1,L,2.609
1,South,TBOC,C. sikamea,No Tide,21,30,1,W,2.233
1,South,TBOC,C. sikamea,No Tide,21,30,2,L,2.812
1,South,TBOC,C. sikamea,No Tide,21,30,2,W,2.101
1,South,TBOC,C. sikamea,No Tide,21,30,3,L,2.588
1,South,TBOC,C. sikamea,No Tide,21,30,3,W,1.987
1,South,TBOC,C. sikamea,No Tide,21,30,4,L,2.787
1,South,TBOC,C. sikamea,No Tide,21,30,4,W,2.003
1,South,TBOC,C. sikamea,No Tide,21,30,5,L,2.594
1,South,TBOC,C. sikamea,No Tide,21,30,5,W,1.705
1,South,TBOC,C. sikamea,No Tide,21,30,6,L,2.873
1,South,TBOC,C. sikamea,No Tide,21,30,6,W,1.812
1,South,TBOC,C. sikamea,No Tide,21,30,7,L,2.701
1,South,TBOC,C. sikamea,No Tide,21,30,7,W,2.088
1,South,TBOC,C. sikamea,No Tide,21,30,8,L,2.894
1,South,TBOC,C. sikamea,No Tide,21,30,8,W,1.826
1,South,TBOC,C. sikamea,No Tide,21,30,9,L,2.424
1,South,TBOC,C. sikamea,No Tide,21,30,9,W,1.74
1,South,TBOC,C. sikamea,No Tide,21,30,10,L,2.285
1,South,TBOC,C. sikamea,No Tide,21,30,10,W,2.088
1,South,TBOC,C. sikamea,No Tide,21,31,1,L,2.972
1,South,TBOC,C. sikamea,No Tide,21,31,1,W,2.15
1,South,TBOC,C. sikamea,No Tide,21,31,2,L,2.745
1,South,TBOC,C. sikamea,No Tide,21,31,2,W,2.419
1,South,TBOC,C. sikamea,No Tide,21,31,3,L,2.557
1,South,TBOC,C. sikamea,No Tide,21,31,3,W,2.563
1,South,TBOC,C. sikamea,No Tide,21,31,4,L,3.081
1,South,TBOC,C. sikamea,No Tide,21,31,4,W,2.677
1,South,TBOC,C. sikamea,No Tide,21,31,5,L,2.417
1,South,TBOC,C. sikamea,No Tide,21,31,5,W,1.755
1,South,TBOC,C. sikamea,No Tide,21,31,6,L,2.385
1,South,TBOC,C. sikamea,No Tide,21,31,6,W,1.885
1,South,TBOC,C. sikamea,No Tide,21,31,7,L,3.027
1,South,TBOC,C. sikamea,No Tide,21,31,7,W,2.417
1,South,TBOC,C. sikamea,No Tide,21,31,8,L,2.344
1,South,TBOC,C. sikamea,No Tide,21,31,8,W,1.661
1,South,TBOC,C. sikamea,No Tide,21,31,9,L,2.613
1,South,TBOC,C. sikamea,No Tide,21,31,9,W,2.141
1,South,TBOC,C. sikamea,No Tide,21,31,10,L,2.275
1,South,TBOC,C. sikamea,No Tide,21,31,10,W,2.018
1,South,TBOC,C. sikamea,No Tide,21,32,1,L,2.966
1,South,TBOC,C. sikamea,No Tide,21,32,1,W,2.03
1,South,TBOC,C. sikamea,No Tide,21,32,2,L,2.551
1,South,TBOC,C. sikamea,No Tide,21,32,2,W,2.121
1,South,TBOC,C. sikamea,No Tide,21,32,3,L,2.406
1,South,TBOC,C. sikamea,No Tide,21,32,3,W,1.704
1,South,TBOC,C. sikamea,No Tide,21,32,4,L,2.472
1,South,TBOC,C. sikamea,No Tide,21,32,4,W,2.022
1,South,TBOC,C. sikamea,No Tide,21,32,5,L,2.525
1,South,TBOC,C. sikamea,No Tide,21,32,5,W,2.109
1,South,TBOC,C. sikamea,No Tide,21,32,6,L,2.983
1,South,TBOC,C. sikamea,No Tide,21,32,6,W,1.957
1,South,TBOC,C. sikamea,No Tide,21,32,7,L,3.049
1,South,TBOC,C. sikamea,No Tide,21,32,7,W,2.106
1,South,TBOC,C. sikamea,No Tide,21,32,8,L,2.892
1,South,TBOC,C. sikamea,No Tide,21,32,8,W,2.373
1,South,TBOC,C. sikamea,No Tide,21,32,9,L,2.171
1,South,TBOC,C. sikamea,No Tide,21,32,9,W,1.78
1,South,TBOC,C. sikamea,No Tide,21,32,10,L,2.584
1,South,TBOC,C. sikamea,No Tide,21,32,10,W,2.062
1,South,TBOC,C. sikamea,No Tide,16,33,1,L,2.928
1,South,TBOC,C. sikamea,No Tide,16,33,1,W,2.18
1,South,TBOC,C. sikamea,No Tide,16,33,2,L,2.912
1,South,TBOC,C. sikamea,No Tide,16,33,2,W,1.919
1,South,TBOC,C. sikamea,No Tide,16,33,3,L,2.709
1,South,TBOC,C. sikamea,No Tide,16,33,3,W,2.036
1,South,TBOC,C. sikamea,No Tide,16,33,4,L,2.418
1,South,TBOC,C. sikamea,No Tide,16,33,4,W,1.887
1,South,TBOC,C. sikamea,No Tide,16,33,5,L,2.548
1,South,TBOC,C. sikamea,No Tide,16,33,5,W,2.237
1,South,TBOC,C. sikamea,No Tide,16,33,6,L,2.748
1,South,TBOC,C. sikamea,No Tide,16,33,6,W,2.261
1,South,TBOC,C. sikamea,No Tide,16,33,7,L,2.432
1,South,TBOC,C. sikamea,No Tide,16,33,7,W,2.092
1,South,TBOC,C. sikamea,No Tide,16,33,8,L,3.072
1,South,TBOC,C. sikamea,No Tide,16,33,8,W,2.181
1,South,TBOC,C. sikamea,No Tide,16,33,9,L,3.007
1,South,TBOC,C. sikamea,No Tide,16,33,9,W,2.643
1,South,TBOC,C. sikamea,No Tide,16,33,10,L,3.176
1,South,TBOC,C. sikamea,No Tide,16,33,10,W,2.171
1,South,TBOC,C. sikamea,No Tide,16,34,1,L,3.23
1,South,TBOC,C. sikamea,No Tide,16,34,1,W,2.159
1,South,TBOC,C. sikamea,No Tide,16,34,2,L,3.089
1,South,TBOC,C. sikamea,No Tide,16,34,2,W,2.248
1,South,TBOC,C. sikamea,No Tide,16,34,3,L,2.113
1,South,TBOC,C. sikamea,No Tide,16,34,3,W,1.951
1,South,TBOC,C. sikamea,No Tide,16,34,4,L,2.593
1,South,TBOC,C. sikamea,No Tide,16,34,4,W,2.177
1,South,TBOC,C. sikamea,No Tide,16,34,5,L,2.337
1,South,TBOC,C. sikamea,No Tide,16,34,5,W,2.071
1,South,TBOC,C. sikamea,No Tide,16,34,6,L,2.535
1,South,TBOC,C. sikamea,No Tide,16,34,6,W,2.021
1,South,TBOC,C. sikamea,No Tide,16,34,7,L,2.775
1,South,TBOC,C. sikamea,No Tide,16,34,7,W,1.964
1,South,TBOC,C. sikamea,No Tide,16,34,8,L,3.359
1,South,TBOC,C. sikamea,No Tide,16,34,8,W,2.712
1,South,TBOC,C. sikamea,No Tide,16,34,9,L,2.796
1,South,TBOC,C. sikamea,No Tide,16,34,9,W,2.735
1,South,TBOC,C. sikamea,No Tide,16,34,10,L,2.441
1,South,TBOC,C. sikamea,No Tide,16,34,10,W,1.824
1,South,TBOC,C. sikamea,No Tide,16,35,1,L,2.412
1,South,TBOC,C. sikamea,No Tide,16,35,1,W,1.912
1,South,TBOC,C. sikamea,No Tide,16,35,2,L,2.926
1,South,TBOC,C. sikamea,No Tide,16,35,2,W,2.07
1,South,TBOC,C. sikamea,No Tide,16,35,3,L,2.936
1,South,TBOC,C. sikamea,No Tide,16,35,3,W,2.219
1,South,TBOC,C. sikamea,No Tide,16,35,4,L,2.611
1,South,TBOC,C. sikamea,No Tide,16,35,4,W,2.174
1,South,TBOC,C. sikamea,No Tide,16,35,5,L,2.861
1,South,TBOC,C. sikamea,No Tide,16,35,5,W,2.547
1,South,TBOC,C. sikamea,No Tide,16,35,6,L,3.26
1,South,TBOC,C. sikamea,No Tide,16,35,6,W,2.189
1,South,TBOC,C. sikamea,No Tide,16,35,7,L,3.16
1,South,TBOC,C. sikamea,No Tide,16,35,7,W,1.932
1,South,TBOC,C. sikamea,No Tide,16,35,8,L,2.939
1,South,TBOC,C. sikamea,No Tide,16,35,8,W,2.223
1,South,TBOC,C. sikamea,No Tide,16,35,9,L,2.533
1,South,TBOC,C. sikamea,No Tide,16,35,9,W,2.155
1,South,TBOC,C. sikamea,No Tide,16,35,10,L,2.834
1,South,TBOC,C. sikamea,No Tide,16,35,10,W,2.172
1,South,TBOC,C. sikamea,No Tide,21,36,1,L,3.241
1,South,TBOC,C. sikamea,No Tide,21,36,1,W,2.466
1,South,TBOC,C. sikamea,No Tide,21,36,2,L,2.951
1,South,TBOC,C. sikamea,No Tide,21,36,2,W,2.217
1,South,TBOC,C. sikamea,No Tide,21,36,3,L,2.638
1,South,TBOC,C. sikamea,No Tide,21,36,3,W,2.189
1,South,TBOC,C. sikamea,No Tide,21,36,4,L,3.026
1,South,TBOC,C. sikamea,No Tide,21,36,4,W,2.083
1,South,TBOC,C. sikamea,No Tide,21,36,5,L,2.533
1,South,TBOC,C. sikamea,No Tide,21,36,5,W,1.83
1,South,TBOC,C. sikamea,No Tide,21,36,6,L,3.139
1,South,TBOC,C. sikamea,No Tide,21,36,6,W,1.874
1,South,TBOC,C. sikamea,No Tide,21,36,7,L,2.638
1,South,TBOC,C. sikamea,No Tide,21,36,7,W,1.753
1,South,TBOC,C. sikamea,No Tide,21,36,8,L,2.532
1,South,TBOC,C. sikamea,No Tide,21,36,8,W,1.948
1,South,TBOC,C. sikamea,No Tide,21,36,9,L,2.414
1,South,TBOC,C. sikamea,No Tide,21,36,9,W,1.992
1,South,TBOC,C. sikamea,No Tide,21,36,10,L,2.532
1,South,TBOC,C. sikamea,No Tide,21,36,10,W,1.992
1,South,TBOC,M. gigas,No Tide,21,61,1,L,2.937
1,South,TBOC,M. gigas,No Tide,21,61,1,W,2.084
1,South,TBOC,M. gigas,No Tide,21,61,2,L,2.96
1,South,TBOC,M. gigas,No Tide,21,61,2,W,1.886
1,South,TBOC,M. gigas,No Tide,21,61,3,L,2.82
1,South,TBOC,M. gigas,No Tide,21,61,3,W,1.977
1,South,TBOC,M. gigas,No Tide,21,61,4,L,2.255
1,South,TBOC,M. gigas,No Tide,21,61,4,W,1.506
1,South,TBOC,M. gigas,No Tide,21,61,5,L,2.557
1,South,TBOC,M. gigas,No Tide,21,61,5,W,1.615
1,South,TBOC,M. gigas,No Tide,21,61,6,L,2.929
1,South,TBOC,M. gigas,No Tide,21,61,6,W,2.018
1,South,TBOC,M. gigas,No Tide,21,61,7,L,2.891
1,South,TBOC,M. gigas,No Tide,21,61,7,W,1.988
1,South,TBOC,M. gigas,No Tide,21,61,8,L,3.306
1,South,TBOC,M. gigas,No Tide,21,61,8,W,1.775
1,South,TBOC,M. gigas,No Tide,21,61,9,L,2.192
1,South,TBOC,M. gigas,No Tide,21,61,9,W,1.994
1,South,TBOC,M. gigas,No Tide,21,61,10,L,2.346
1,South,TBOC,M. gigas,No Tide,21,61,10,W,1.798
1,South,TBOC,M. gigas,No Tide,21,62,1,L,2.66
1,South,TBOC,M. gigas,No Tide,21,62,1,W,1.783
1,South,TBOC,M. gigas,No Tide,21,62,2,L,2.518
1,South,TBOC,M. gigas,No Tide,21,62,2,W,2.054
1,South,TBOC,M. gigas,No Tide,21,62,3,L,2.054
1,South,TBOC,M. gigas,No Tide,21,62,3,W,1.827
1,South,TBOC,M. gigas,No Tide,21,62,4,L,2.346
1,South,TBOC,M. gigas,No Tide,21,62,4,W,1.809
1,South,TBOC,M. gigas,No Tide,21,62,5,L,3.007
1,South,TBOC,M. gigas,No Tide,21,62,5,W,1.696
1,South,TBOC,M. gigas,No Tide,21,62,6,L,2.581
1,South,TBOC,M. gigas,No Tide,21,62,6,W,1.84
1,South,TBOC,M. gigas,No Tide,21,62,7,L,2.575
1,South,TBOC,M. gigas,No Tide,21,62,7,W,1.9
1,South,TBOC,M. gigas,No Tide,21,62,8,L,2.146
1,South,TBOC,M. gigas,No Tide,21,62,8,W,1.795
1,South,TBOC,M. gigas,No Tide,21,62,9,L,3.155
1,South,TBOC,M. gigas,No Tide,21,62,9,W,2.124
1,South,TBOC,M. gigas,No Tide,21,62,10,L,2.239
1,South,TBOC,M. gigas,No Tide,21,62,10,W,1.766
1,South,TBOC,M. gigas,No Tide,21,63,1,L,2.26
1,South,TBOC,M. gigas,No Tide,21,63,1,W,1.625
1,South,TBOC,M. gigas,No Tide,21,63,2,L,3.099
1,South,TBOC,M. gigas,No Tide,21,63,2,W,2.131
1,South,TBOC,M. gigas,No Tide,21,63,3,L,2.21
1,South,TBOC,M. gigas,No Tide,21,63,3,W,1.75
1,South,TBOC,M. gigas,No Tide,21,63,4,L,2.611
1,South,TBOC,M. gigas,No Tide,21,63,4,W,1.766
1,South,TBOC,M. gigas,No Tide,21,63,5,L,2.618
1,South,TBOC,M. gigas,No Tide,21,63,5,W,2.144
1,South,TBOC,M. gigas,No Tide,21,63,6,L,2.699
1,South,TBOC,M. gigas,No Tide,21,63,6,W,1.855
1,South,TBOC,M. gigas,No Tide,21,63,7,L,2.761
1,South,TBOC,M. gigas,No Tide,21,63,7,W,2.023
1,South,TBOC,M. gigas,No Tide,21,63,8,L,2.737
1,South,TBOC,M. gigas,No Tide,21,63,8,W,1.857
1,South,TBOC,M. gigas,No Tide,21,63,9,L,3.203
1,South,TBOC,M. gigas,No Tide,21,63,9,W,2.1
1,South,TBOC,M. gigas,No Tide,21,63,10,L,2.544
1,South,TBOC,M. gigas,No Tide,21,63,10,W,1.809
1,South,TBOC,M. gigas,No Tide,16,64,1,L,2.608
1,South,TBOC,M. gigas,No Tide,16,64,1,W,1.652
1,South,TBOC,M. gigas,No Tide,16,64,2,L,2.619
1,South,TBOC,M. gigas,No Tide,16,64,2,W,2.015
1,South,TBOC,M. gigas,No Tide,16,64,3,L,2.746
1,South,TBOC,M. gigas,No Tide,16,64,3,W,2.164
1,South,TBOC,M. gigas,No Tide,16,64,4,L,2.544
1,South,TBOC,M. gigas,No Tide,16,64,4,W,2.429
1,South,TBOC,M. gigas,No Tide,16,64,5,L,2.384
1,South,TBOC,M. gigas,No Tide,16,64,5,W,1.623
1,South,TBOC,M. gigas,No Tide,16,64,6,L,2.101
1,South,TBOC,M. gigas,No Tide,16,64,6,W,1.654
1,South,TBOC,M. gigas,No Tide,16,64,7,L,3.037
1,South,TBOC,M. gigas,No Tide,16,64,7,W,2.047
1,South,TBOC,M. gigas,No Tide,16,64,8,L,2.803
1,South,TBOC,M. gigas,No Tide,16,64,8,W,1.669
1,South,TBOC,M. gigas,No Tide,16,64,9,L,2.598
1,South,TBOC,M. gigas,No Tide,16,64,9,W,1.667
1,South,TBOC,M. gigas,No Tide,16,64,10,L,2.171
1,South,TBOC,M. gigas,No Tide,16,64,10,W,1.689
1,South,TBOC,M. gigas,No Tide,16,65,1,L,2.881
1,South,TBOC,M. gigas,No Tide,16,65,1,W,2.091
1,South,TBOC,M. gigas,No Tide,16,65,2,L,1.989
1,South,TBOC,M. gigas,No Tide,16,65,2,W,1.535
1,South,TBOC,M. gigas,No Tide,16,65,3,L,3.431
1,South,TBOC,M. gigas,No Tide,16,65,3,W,2.123
1,South,TBOC,M. gigas,No Tide,16,65,4,L,2.889
1,South,TBOC,M. gigas,No Tide,16,65,4,W,2.135
1,South,TBOC,M. gigas,No Tide,16,65,5,L,2.971
1,South,TBOC,M. gigas,No Tide,16,65,5,W,1.996
1,South,TBOC,M. gigas,No Tide,16,65,6,L,2.885
1,South,TBOC,M. gigas,No Tide,16,65,6,W,1.808
1,South,TBOC,M. gigas,No Tide,16,65,7,L,3.019
1,South,TBOC,M. gigas,No Tide,16,65,7,W,1.831
1,South,TBOC,M. gigas,No Tide,16,65,8,L,2.725
1,South,TBOC,M. gigas,No Tide,16,65,8,W,1.938
1,South,TBOC,M. gigas,No Tide,16,65,9,L,2.319
1,South,TBOC,M. gigas,No Tide,16,65,9,W,1.628
1,South,TBOC,M. gigas,No Tide,16,65,10,L,2.661
1,South,TBOC,M. gigas,No Tide,16,65,10,W,1.756
1,South,TBOC,M. gigas,No Tide,16,66,1,L,2.59
1,South,TBOC,M. gigas,No Tide,16,66,1,W,1.952
1,South,TBOC,M. gigas,No Tide,16,66,2,L,2.224
1,South,TBOC,M. gigas,No Tide,16,66,2,W,1.594
1,South,TBOC,M. gigas,No Tide,16,66,3,L,2.902
1,South,TBOC,M. gigas,No Tide,16,66,3,W,1.967
1,South,TBOC,M. gigas,No Tide,16,66,4,L,1.934
1,South,TBOC,M. gigas,No Tide,16,66,4,W,1.667
1,South,TBOC,M. gigas,No Tide,16,66,5,L,2.903
1,South,TBOC,M. gigas,No Tide,16,66,5,W,1.755
1,South,TBOC,M. gigas,No Tide,16,66,6,L,2.472
1,South,TBOC,M. gigas,No Tide,16,66,6,W,1.8
1,South,TBOC,M. gigas,No Tide,16,66,7,L,2.108
1,South,TBOC,M. gigas,No Tide,16,66,7,W,1.669
1,South,TBOC,M. gigas,No Tide,16,66,8,L,2.033
1,South,TBOC,M. gigas,No Tide,16,66,8,W,1.551
1,South,TBOC,M. gigas,No Tide,16,66,9,L,2.471
1,South,TBOC,M. gigas,No Tide,16,66,9,W,1.624
1,South,TBOC,M. gigas,No Tide,16,66,10,L,2.88
1,South,TBOC,M. gigas,No Tide,16,66,10,W,1.786
4,South,TBOC,C. sikamea,Tide,21,25,1,L,3.189
4,South,TBOC,C. sikamea,Tide,21,25,1,W,2.281
4,South,TBOC,C. sikamea,Tide,21,25,2,L,3.193
4,South,TBOC,C. sikamea,Tide,21,25,2,W,2.327
4,South,TBOC,C. sikamea,Tide,21,25,3,L,2.844
4,South,TBOC,C. sikamea,Tide,21,25,3,W,2.146
4,South,TBOC,C. sikamea,Tide,21,25,4,L,2.466
4,South,TBOC,C. sikamea,Tide,21,25,4,W,1.979
4,South,TBOC,C. sikamea,Tide,21,25,5,L,3.261
4,South,TBOC,C. sikamea,Tide,21,25,5,W,2.817
4,South,TBOC,C. sikamea,Tide,21,25,6,L,2.702
4,South,TBOC,C. sikamea,Tide,21,25,6,W,2.38
4,South,TBOC,C. sikamea,Tide,21,25,7,L,3.791
4,South,TBOC,C. sikamea,Tide,21,25,7,W,2.36
4,South,TBOC,C. sikamea,Tide,21,25,8,L,3.533
4,South,TBOC,C. sikamea,Tide,21,25,8,W,2.492
4,South,TBOC,C. sikamea,Tide,21,25,9,L,2.86
4,South,TBOC,C. sikamea,Tide,21,25,9,W,1.898
4,South,TBOC,C. sikamea,Tide,21,25,10,L,2.446
4,South,TBOC,C. sikamea,Tide,21,25,10,W,2.454
4,South,TBOC,C. sikamea,Tide,21,26,1,L,2.835
4,South,TBOC,C. sikamea,Tide,21,26,1,W,2.262
4,South,TBOC,C. sikamea,Tide,21,26,2,L,3.129
4,South,TBOC,C. sikamea,Tide,21,26,2,W,2.642
4,South,TBOC,C. sikamea,Tide,21,26,3,L,3.401
4,South,TBOC,C. sikamea,Tide,21,26,3,W,2.248
4,South,TBOC,C. sikamea,Tide,21,26,4,L,3.14
4,South,TBOC,C. sikamea,Tide,21,26,4,W,2.148
4,South,TBOC,C. sikamea,Tide,21,26,5,L,2.72
4,South,TBOC,C. sikamea,Tide,21,26,5,W,2.033
4,South,TBOC,C. sikamea,Tide,21,26,6,L,2.91
4,South,TBOC,C. sikamea,Tide,21,26,6,W,2.123
4,South,TBOC,C. sikamea,Tide,21,26,7,L,2.864
4,South,TBOC,C. sikamea,Tide,21,26,7,W,2.054
4,South,TBOC,C. sikamea,Tide,21,26,8,L,3.068
4,South,TBOC,C. sikamea,Tide,21,26,8,W,2.174
4,South,TBOC,C. sikamea,Tide,21,26,9,L,2.766
4,South,TBOC,C. sikamea,Tide,21,26,9,W,2.379
4,South,TBOC,C. sikamea,Tide,21,26,10,L,2.562
4,South,TBOC,C. sikamea,Tide,21,27,10,W,2.525
4,South,TBOC,C. sikamea,Tide,16,27,1,L,3.011
4,South,TBOC,C. sikamea,Tide,16,27,1,W,1.928
4,South,TBOC,C. sikamea,Tide,16,27,2,L,2.626
4,South,TBOC,C. sikamea,Tide,16,27,2,W,1.833
4,South,TBOC,C. sikamea,Tide,16,27,3,L,3.387
4,South,TBOC,C. sikamea,Tide,16,27,3,W,2.175
4,South,TBOC,C. sikamea,Tide,16,27,4,L,2.764
4,South,TBOC,C. sikamea,Tide,16,27,4,W,2.248
4,South,TBOC,C. sikamea,Tide,16,27,5,L,2.656
4,South,TBOC,C. sikamea,Tide,16,27,5,W,2.393
4,South,TBOC,C. sikamea,Tide,16,27,6,L,3.269
4,South,TBOC,C. sikamea,Tide,16,27,6,W,2.438
4,South,TBOC,C. sikamea,Tide,16,27,7,L,2.875
4,South,TBOC,C. sikamea,Tide,16,27,7,W,2.061
4,South,TBOC,C. sikamea,Tide,16,27,8,L,3.035
4,South,TBOC,C. sikamea,Tide,16,27,8,W,2.276
4,South,TBOC,C. sikamea,Tide,16,27,9,L,3.312
4,South,TBOC,C. sikamea,Tide,16,27,9,W,2.262
4,South,TBOC,C. sikamea,Tide,16,27,10,L,2.723
4,South,TBOC,C. sikamea,Tide,16,27,10,W,2.134
4,South,TBOC,C. sikamea,Tide,16,28,1,L,3.42
4,South,TBOC,C. sikamea,Tide,16,28,1,W,2.526
4,South,TBOC,C. sikamea,Tide,16,28,2,L,3.318
4,South,TBOC,C. sikamea,Tide,16,28,2,W,2.651
4,South,TBOC,C. sikamea,Tide,16,28,3,L,3.179
4,South,TBOC,C. sikamea,Tide,16,28,3,W,2.279
4,South,TBOC,C. sikamea,Tide,16,28,4,L,2.879
4,South,TBOC,C. sikamea,Tide,16,28,4,W,2.763
4,South,TBOC,C. sikamea,Tide,16,28,5,L,3.814
4,South,TBOC,C. sikamea,Tide,16,28,5,W,2.937
4,South,TBOC,C. sikamea,Tide,16,28,6,L,3.507
4,South,TBOC,C. sikamea,Tide,16,28,6,W,2.672
4,South,TBOC,C. sikamea,Tide,16,28,7,L,3.093
4,South,TBOC,C. sikamea,Tide,16,28,7,W,1.987
4,South,TBOC,C. sikamea,Tide,16,28,8,L,2.597
4,South,TBOC,C. sikamea,Tide,16,28,8,W,2.017
4,South,TBOC,C. sikamea,Tide,16,28,9,L,2.794
4,South,TBOC,C. sikamea,Tide,16,28,9,W,1.971
4,South,TBOC,C. sikamea,Tide,16,28,10,L,2.769
4,South,TBOC,C. sikamea,Tide,16,28,10,W,2.302
4,South,TBOC,C. sikamea,Tide,16,29,1,L,3.181
4,South,TBOC,C. sikamea,Tide,16,29,1,W,2.488
4,South,TBOC,C. sikamea,Tide,16,29,2,L,3.199
4,South,TBOC,C. sikamea,Tide,16,29,2,W,2.088
4,South,TBOC,C. sikamea,Tide,16,29,3,L,2.95
4,South,TBOC,C. sikamea,Tide,16,29,3,W,2.167
4,South,TBOC,C. sikamea,Tide,16,29,4,L,2.668
4,South,TBOC,C. sikamea,Tide,16,29,4,W,1.914
4,South,TBOC,C. sikamea,Tide,16,29,5,L,3.691
4,South,TBOC,C. sikamea,Tide,16,29,5,W,2.847
4,South,TBOC,C. sikamea,Tide,16,29,6,L,2.589
4,South,TBOC,C. sikamea,Tide,16,29,6,W,2.229
4,South,TBOC,C. sikamea,Tide,16,29,7,L,2.58
4,South,TBOC,C. sikamea,Tide,16,29,7,W,2.332
4,South,TBOC,C. sikamea,Tide,16,29,8,L,2.999
4,South,TBOC,C. sikamea,Tide,16,29,8,W,2.407
4,South,TBOC,C. sikamea,Tide,16,29,9,L,2.891
4,South,TBOC,C. sikamea,Tide,16,29,9,W,2.201
4,South,TBOC,C. sikamea,Tide,16,29,10,L,3.189
4,South,TBOC,C. sikamea,Tide,16,29,10,W,2.257
4,South,TBOC,C. sikamea,No Tide,21,30,1,L,2.503
4,South,TBOC,C. sikamea,No Tide,21,30,1,W,2.074
4,South,TBOC,C. sikamea,No Tide,21,30,2,L,3.139
4,South,TBOC,C. sikamea,No Tide,21,30,2,W,1.814
4,South,TBOC,C. sikamea,No Tide,21,30,3,L,2.678
4,South,TBOC,C. sikamea,No Tide,21,30,3,W,2.059
4,South,TBOC,C. sikamea,No Tide,21,30,4,L,2.747
4,South,TBOC,C. sikamea,No Tide,21,30,4,W,1.665
4,South,TBOC,C. sikamea,No Tide,21,30,5,L,3.083
4,South,TBOC,C. sikamea,No Tide,21,30,5,W,2.339
4,South,TBOC,C. sikamea,No Tide,21,30,6,L,2.651
4,South,TBOC,C. sikamea,No Tide,21,30,6,W,2.108
4,South,TBOC,C. sikamea,No Tide,21,30,7,L,2.978
4,South,TBOC,C. sikamea,No Tide,21,30,7,W,2.216
4,South,TBOC,C. sikamea,No Tide,21,30,8,L,2.618
4,South,TBOC,C. sikamea,No Tide,21,30,8,W,2.072
4,South,TBOC,C. sikamea,No Tide,21,30,9,L,2.592
4,South,TBOC,C. sikamea,No Tide,21,30,9,W,1.598
4,South,TBOC,C. sikamea,No Tide,21,30,10,L,2.55
4,South,TBOC,C. sikamea,No Tide,21,30,10,W,2.115
4,South,TBOC,C. sikamea,No Tide,21,31,1,L,3.098
4,South,TBOC,C. sikamea,No Tide,21,31,1,W,2.127
4,South,TBOC,C. sikamea,No Tide,21,31,2,L,2.895
4,South,TBOC,C. sikamea,No Tide,21,31,2,W,2.135
4,South,TBOC,C. sikamea,No Tide,21,31,3,L,2.395
4,South,TBOC,C. sikamea,No Tide,21,31,3,W,2.001
4,South,TBOC,C. sikamea,No Tide,21,31,4,L,2.599
4,South,TBOC,C. sikamea,No Tide,21,31,4,W,2.2
4,South,TBOC,C. sikamea,No Tide,21,31,5,L,2.828
4,South,TBOC,C. sikamea,No Tide,21,31,5,W,1.9
4,South,TBOC,C. sikamea,No Tide,21,31,6,L,3.453
4,South,TBOC,C. sikamea,No Tide,21,31,6,W,2.633
4,South,TBOC,C. sikamea,No Tide,21,31,7,L,3.295
4,South,TBOC,C. sikamea,No Tide,21,31,7,W,2.258
4,South,TBOC,C. sikamea,No Tide,21,31,8,L,2.731
4,South,TBOC,C. sikamea,No Tide,21,31,8,W,1.849
4,South,TBOC,C. sikamea,No Tide,21,31,9,L,2.62
4,South,TBOC,C. sikamea,No Tide,21,31,9,W,2.091
4,South,TBOC,C. sikamea,No Tide,21,31,10,L,2.35
4,South,TBOC,C. sikamea,No Tide,21,31,10,W,1.808
4,South,TBOC,C. sikamea,No Tide,21,32,1,L,2.679
4,South,TBOC,C. sikamea,No Tide,21,32,1,W,2.063
4,South,TBOC,C. sikamea,No Tide,21,32,2,L,2.854
4,South,TBOC,C. sikamea,No Tide,21,32,2,W,2.476
4,South,TBOC,C. sikamea,No Tide,21,32,3,L,2.872
4,South,TBOC,C. sikamea,No Tide,21,32,3,W,2.76
4,South,TBOC,C. sikamea,No Tide,21,32,4,L,3.074
4,South,TBOC,C. sikamea,No Tide,21,32,4,W,2.397
4,South,TBOC,C. sikamea,No Tide,21,32,5,L,2.749
4,South,TBOC,C. sikamea,No Tide,21,32,5,W,1.94
4,South,TBOC,C. sikamea,No Tide,21,32,6,L,3.001
4,South,TBOC,C. sikamea,No Tide,21,32,6,W,1.91
4,South,TBOC,C. sikamea,No Tide,21,32,7,L,3.08
4,South,TBOC,C. sikamea,No Tide,21,32,7,W,2.026
4,South,TBOC,C. sikamea,No Tide,21,32,8,L,2.669
4,South,TBOC,C. sikamea,No Tide,21,32,8,W,1.809
4,South,TBOC,C. sikamea,No Tide,21,32,9,L,2.243
4,South,TBOC,C. sikamea,No Tide,21,32,9,W,2.472
4,South,TBOC,C. sikamea,No Tide,21,32,10,L,3.019
4,South,TBOC,C. sikamea,No Tide,21,32,10,W,2.199
4,South,TBOC,C. sikamea,No Tide,16,33,1,L,2.908
4,South,TBOC,C. sikamea,No Tide,16,33,1,W,2.591
4,South,TBOC,C. sikamea,No Tide,16,33,2,L,2.681
4,South,TBOC,C. sikamea,No Tide,16,33,2,W,1.926
4,South,TBOC,C. sikamea,No Tide,16,33,3,L,3.101
4,South,TBOC,C. sikamea,No Tide,16,33,3,W,1.999
4,South,TBOC,C. sikamea,No Tide,16,33,4,L,2.562
4,South,TBOC,C. sikamea,No Tide,16,33,4,W,1.737
4,South,TBOC,C. sikamea,No Tide,16,33,5,L,3.169
4,South,TBOC,C. sikamea,No Tide,16,33,5,W,2.449
4,South,TBOC,C. sikamea,No Tide,16,33,6,L,3.123
4,South,TBOC,C. sikamea,No Tide,16,33,6,W,2.711
4,South,TBOC,C. sikamea,No Tide,16,33,7,L,3.183
4,South,TBOC,C. sikamea,No Tide,16,33,7,W,2.191
4,South,TBOC,C. sikamea,No Tide,16,33,8,L,3.681
4,South,TBOC,C. sikamea,No Tide,16,33,8,W,2.705
4,South,TBOC,C. sikamea,No Tide,16,33,9,L,3.389
4,South,TBOC,C. sikamea,No Tide,16,33,9,W,2.706
4,South,TBOC,C. sikamea,No Tide,16,33,10,L,2.672
4,South,TBOC,C. sikamea,No Tide,16,33,10,W,2.611
4,South,TBOC,C. sikamea,No Tide,16,34,1,L,3.427
4,South,TBOC,C. sikamea,No Tide,16,34,1,W,2.382
4,South,TBOC,C. sikamea,No Tide,16,34,2,L,4.157
4,South,TBOC,C. sikamea,No Tide,16,34,2,W,3.028
4,South,TBOC,C. sikamea,No Tide,16,34,3,L,3.045
4,South,TBOC,C. sikamea,No Tide,16,34,3,W,2.681
4,South,TBOC,C. sikamea,No Tide,16,34,4,L,2.654
4,South,TBOC,C. sikamea,No Tide,16,34,4,W,2.322
4,South,TBOC,C. sikamea,No Tide,16,34,5,L,3.416
4,South,TBOC,C. sikamea,No Tide,16,34,5,W,3.016
4,South,TBOC,C. sikamea,No Tide,16,34,6,L,3.163
4,South,TBOC,C. sikamea,No Tide,16,34,6,W,1.964
4,South,TBOC,C. sikamea,No Tide,16,34,7,L,2.907
4,South,TBOC,C. sikamea,No Tide,16,34,7,W,2.304
4,South,TBOC,C. sikamea,No Tide,16,34,8,L,2.74
4,South,TBOC,C. sikamea,No Tide,16,34,8,W,2.452
4,South,TBOC,C. sikamea,No Tide,16,34,9,L,3.714
4,South,TBOC,C. sikamea,No Tide,16,34,9,W,2.665
4,South,TBOC,C. sikamea,No Tide,16,34,10,L,2.622
4,South,TBOC,C. sikamea,No Tide,16,34,10,W,1.816
4,South,TBOC,C. sikamea,No Tide,16,35,1,L,3.209
4,South,TBOC,C. sikamea,No Tide,16,35,1,W,2.37
4,South,TBOC,C. sikamea,No Tide,16,35,2,L,2.466
4,South,TBOC,C. sikamea,No Tide,16,35,2,W,2.179
4,South,TBOC,C. sikamea,No Tide,16,35,3,L,3.13
4,South,TBOC,C. sikamea,No Tide,16,35,3,W,2.193
4,South,TBOC,C. sikamea,No Tide,16,35,4,L,3.216
4,South,TBOC,C. sikamea,No Tide,16,35,4,W,2.203
4,South,TBOC,C. sikamea,No Tide,16,35,5,L,3.137
4,South,TBOC,C. sikamea,No Tide,16,35,5,W,2.042
4,South,TBOC,C. sikamea,No Tide,16,35,6,L,3.277
4,South,TBOC,C. sikamea,No Tide,16,35,6,W,2.394
4,South,TBOC,C. sikamea,No Tide,16,35,7,L,2.717
4,South,TBOC,C. sikamea,No Tide,16,35,7,W,2.49
4,South,TBOC,C. sikamea,No Tide,16,35,8,L,2.634
4,South,TBOC,C. sikamea,No Tide,16,35,8,W,1.973
4,South,TBOC,C. sikamea,No Tide,16,35,9,L,2.874
4,South,TBOC,C. sikamea,No Tide,16,35,9,W,1.761
4,South,TBOC,C. sikamea,No Tide,16,35,10,L,2.845
4,South,TBOC,C. sikamea,No Tide,16,35,10,W,2.24
4,South,TBOC,C. sikamea,No Tide,21,36,1,L,2.792
4,South,TBOC,C. sikamea,No Tide,21,36,1,W,2.13
4,South,TBOC,C. sikamea,No Tide,21,36,2,L,2.936
4,South,TBOC,C. sikamea,No Tide,21,36,2,W,2.032
4,South,TBOC,C. sikamea,No Tide,21,36,3,L,2.455
4,South,TBOC,C. sikamea,No Tide,21,36,3,W,1.807
4,South,TBOC,C. sikamea,No Tide,21,36,4,L,2.902
4,South,TBOC,C. sikamea,No Tide,21,36,4,W,2.023
4,South,TBOC,C. sikamea,No Tide,21,36,5,L,3.071
4,South,TBOC,C. sikamea,No Tide,21,36,5,W,1.878
4,South,TBOC,C. sikamea,No Tide,21,36,6,L,2.637
4,South,TBOC,C. sikamea,No Tide,21,36,6,W,2.022
4,South,TBOC,C. sikamea,No Tide,21,36,7,L,3.858
4,South,TBOC,C. sikamea,No Tide,21,36,7,W,2.497
4,South,TBOC,C. sikamea,No Tide,21,36,8,L,3.875
4,South,TBOC,C. sikamea,No Tide,21,36,8,W,2.742
4,South,TBOC,C. sikamea,No Tide,21,36,9,L,3.62
4,South,TBOC,C. sikamea,No Tide,21,36,9,W,2.739
4,South,TBOC,C. sikamea,No Tide,21,36,10,L,2.376
4,South,TBOC,C. sikamea,No Tide,21,36,10,W,1.708
4,South,TBOC,M. gigas,No Tide,21,61,1,L,2.872
4,South,TBOC,M. gigas,No Tide,21,61,1,W,2.511
4,South,TBOC,M. gigas,No Tide,21,61,2,L,2.642
4,South,TBOC,M. gigas,No Tide,21,61,2,W,2.127
4,South,TBOC,M. gigas,No Tide,21,61,3,L,2.323
4,South,TBOC,M. gigas,No Tide,21,61,3,W,2.51
4,South,TBOC,M. gigas,No Tide,21,61,4,L,2.631
4,South,TBOC,M. gigas,No Tide,21,61,4,W,2.57
4,South,TBOC,M. gigas,No Tide,21,61,5,L,3.114
4,South,TBOC,M. gigas,No Tide,21,61,5,W,2.096
4,South,TBOC,M. gigas,No Tide,21,61,6,L,3.483
4,South,TBOC,M. gigas,No Tide,21,61,6,W,2.318
4,South,TBOC,M. gigas,No Tide,21,61,7,L,3.167
4,South,TBOC,M. gigas,No Tide,21,61,7,W,2.658
4,South,TBOC,M. gigas,No Tide,21,61,8,L,3.027
4,South,TBOC,M. gigas,No Tide,21,61,8,W,1.966
4,South,TBOC,M. gigas,No Tide,21,61,9,L,3.365
4,South,TBOC,M. gigas,No Tide,21,61,9,W,2.143
4,South,TBOC,M. gigas,No Tide,21,61,10,L,3.106
4,South,TBOC,M. gigas,No Tide,21,61,10,W,2.601
4,South,TBOC,M. gigas,No Tide,21,62,1,L,2.213
4,South,TBOC,M. gigas,No Tide,21,62,1,W,1.96
4,South,TBOC,M. gigas,No Tide,21,62,2,L,2.586
4,South,TBOC,M. gigas,No Tide,21,62,2,W,2.05
4,South,TBOC,M. gigas,No Tide,21,62,3,L,3.252
4,South,TBOC,M. gigas,No Tide,21,62,3,W,2.488
4,South,TBOC,M. gigas,No Tide,21,62,4,L,2.676
4,South,TBOC,M. gigas,No Tide,21,62,4,W,1.996
4,South,TBOC,M. gigas,No Tide,21,62,5,L,2.678
4,South,TBOC,M. gigas,No Tide,21,62,5,W,2.278
4,South,TBOC,M. gigas,No Tide,21,62,6,L,2.571
4,South,TBOC,M. gigas,No Tide,21,62,6,W,2.009
4,South,TBOC,M. gigas,No Tide,21,62,7,L,2.798
4,South,TBOC,M. gigas,No Tide,21,62,7,W,2.225
4,South,TBOC,M. gigas,No Tide,21,62,8,L,3.191
4,South,TBOC,M. gigas,No Tide,21,62,8,W,2.052
4,South,TBOC,M. gigas,No Tide,21,62,9,L,2.495
4,South,TBOC,M. gigas,No Tide,21,62,9,W,1.892
4,South,TBOC,M. gigas,No Tide,21,62,10,L,2.684
4,South,TBOC,M. gigas,No Tide,21,62,10,W,1.818
4,South,TBOC,M. gigas,No Tide,21,63,1,L,3.359
4,South,TBOC,M. gigas,No Tide,21,63,1,W,2.317
4,South,TBOC,M. gigas,No Tide,21,63,2,L,2.976
4,South,TBOC,M. gigas,No Tide,21,63,2,W,1.795
4,South,TBOC,M. gigas,No Tide,21,63,3,L,2.347
4,South,TBOC,M. gigas,No Tide,21,63,3,W,1.757
4,South,TBOC,M. gigas,No Tide,21,63,4,L,2.653
4,South,TBOC,M. gigas,No Tide,21,63,4,W,1.944
4,South,TBOC,M. gigas,No Tide,21,63,5,L,2.776
4,South,TBOC,M. gigas,No Tide,21,63,5,W,2.362
4,South,TBOC,M. gigas,No Tide,21,63,6,L,3.036
4,South,TBOC,M. gigas,No Tide,21,63,6,W,2.019
4,South,TBOC,M. gigas,No Tide,21,63,7,L,3.395
4,South,TBOC,M. gigas,No Tide,21,63,7,W,1.983
4,South,TBOC,M. gigas,No Tide,21,63,8,L,2.385
4,South,TBOC,M. gigas,No Tide,21,63,8,W,1.686
4,South,TBOC,M. gigas,No Tide,21,63,9,L,2.735
4,South,TBOC,M. gigas,No Tide,21,63,9,W,1.776
4,South,TBOC,M. gigas,No Tide,21,63,10,L,2.973
4,South,TBOC,M. gigas,No Tide,21,63,10,W,2.105
4,South,TBOC,M. gigas,No Tide,16,64,1,L,3.122
4,South,TBOC,M. gigas,No Tide,16,64,1,W,2.613
4,South,TBOC,M. gigas,No Tide,16,64,2,L,2.44
4,South,TBOC,M. gigas,No Tide,16,64,2,W,2.442
4,South,TBOC,M. gigas,No Tide,16,64,3,L,3.501
4,South,TBOC,M. gigas,No Tide,16,64,3,W,2.366
4,South,TBOC,M. gigas,No Tide,16,64,4,L,3.206
4,South,TBOC,M. gigas,No Tide,16,64,4,W,2.485
4,South,TBOC,M. gigas,No Tide,16,64,5,L,3.066
4,South,TBOC,M. gigas,No Tide,16,64,5,W,2.295
4,South,TBOC,M. gigas,No Tide,16,64,6,L,3.205
4,South,TBOC,M. gigas,No Tide,16,64,6,W,2.066
4,South,TBOC,M. gigas,No Tide,16,64,7,L,2.705
4,South,TBOC,M. gigas,No Tide,16,64,7,W,2.626
4,South,TBOC,M. gigas,No Tide,16,64,8,L,2.783
4,South,TBOC,M. gigas,No Tide,16,64,8,W,1.837
4,South,TBOC,M. gigas,No Tide,16,64,9,L,2.897
4,South,TBOC,M. gigas,No Tide,16,64,9,W,2.762
4,South,TBOC,M. gigas,No Tide,16,64,10,L,2.781
4,South,TBOC,M. gigas,No Tide,16,64,10,W,1.904
4,South,TBOC,M. gigas,No Tide,16,65,1,L,3.099
4,South,TBOC,M. gigas,No Tide,16,65,1,W,1.696
4,South,TBOC,M. gigas,No Tide,16,65,2,L,3.171
4,South,TBOC,M. gigas,No Tide,16,65,2,W,2.596
4,South,TBOC,M. gigas,No Tide,16,65,3,L,2.686
4,South,TBOC,M. gigas,No Tide,16,65,3,W,1.771
4,South,TBOC,M. gigas,No Tide,16,65,4,L,2.457
4,South,TBOC,M. gigas,No Tide,16,65,4,W,2.236
4,South,TBOC,M. gigas,No Tide,16,65,5,L,2.917
4,South,TBOC,M. gigas,No Tide,16,65,5,W,1.945
4,South,TBOC,M. gigas,No Tide,16,65,6,L,2.263
4,South,TBOC,M. gigas,No Tide,16,65,6,W,1.746
4,South,TBOC,M. gigas,No Tide,16,65,7,L,2.541
4,South,TBOC,M. gigas,No Tide,16,65,7,W,2.135
4,South,TBOC,M. gigas,No Tide,16,65,8,L,2.423
4,South,TBOC,M. gigas,No Tide,16,65,8,W,1.866
4,South,TBOC,M. gigas,No Tide,16,65,9,L,3.903
4,South,TBOC,M. gigas,No Tide,16,65,9,W,2.825
4,South,TBOC,M. gigas,No Tide,16,65,10,L,2.11
4,South,TBOC,M. gigas,No Tide,16,65,10,W,1.837
4,South,TBOC,M. gigas,No Tide,16,66,1,L,2.852
4,South,TBOC,M. gigas,No Tide,16,66,1,W,2.064
4,South,TBOC,M. gigas,No Tide,16,66,2,L,3.027
4,South,TBOC,M. gigas,No Tide,16,66,2,W,2.081
4,South,TBOC,M. gigas,No Tide,16,66,3,L,2.647
4,South,TBOC,M. gigas,No Tide,16,66,3,W,1.69
4,South,TBOC,M. gigas,No Tide,16,66,4,L,3.294
4,South,TBOC,M. gigas,No Tide,16,66,4,W,1.996
4,South,TBOC,M. gigas,No Tide,16,66,5,L,2.562
4,South,TBOC,M. gigas,No Tide,16,66,5,W,2.571
4,South,TBOC,M. gigas,No Tide,16,66,6,L,2.719
4,South,TBOC,M. gigas,No Tide,16,66,6,W,1.734
4,South,TBOC,M. gigas,No Tide,16,66,7,L,2.824
4,South,TBOC,M. gigas,No Tide,16,66,7,W,2.015
4,South,TBOC,M. gigas,No Tide,16,66,8,L,2.933
4,South,TBOC,M. gigas,No Tide,16,66,8,W,1.868
4,South,TBOC,M. gigas,No Tide,16,66,9,L,3.797
4,South,TBOC,M. gigas,No Tide,16,66,9,W,2.495
4,South,TBOC,M. gigas,No Tide,16,66,10,L,2.587
4,South,TBOC,M. gigas,No Tide,16,66,10,W,1.96
